game	difficulty	amplitude	velocity	time	xpos	y_computer	y_human	y_error	trial	x	y	z
juego1	easy	40.0	0.008	36267	700	286	209	-77	0	115.74	115.74	115.74
juego1	easy	40.0	0.008	36268	700	286	209	-77	0	115.74	115.74	115.74
juego1	easy	40.0	0.008	36278	700	286	209	-77	0	115.82	115.82	115.82
juego1	easy	40.0	0.008	36286	700	285	209	-76	0	115.78	115.78	115.78
juego1	easy	40.0	0.008	36295	700	285	209	-76	0	115.74	115.74	115.74
juego1	easy	40.0	0.008	36304	700	284	209	-75	0	115.7	115.7	115.7
juego1	easy	40.0	0.008	36313	700	284	209	-75	0	115.67	115.67	115.67
juego1	easy	40.0	0.008	36322	700	283	209	-74	0	115.7	115.7	115.7
juego1	easy	40.0	0.008	36330	700	283	209	-74	0	115.73	115.73	115.73
juego1	easy	40.0	0.008	36339	700	283	209	-74	0	115.79	115.79	115.79
juego1	easy	40.0	0.008	36348	700	282	209	-73	0	115.83	115.83	115.83
juego1	easy	40.0	0.008	36358	700	282	209	-73	0	115.84	115.84	115.84
juego1	easy	40.0	0.008	36366	700	281	209	-72	0	115.83	115.83	115.83
juego1	easy	40.0	0.008	36375	700	281	209	-72	0	115.79	115.79	115.79
juego1	easy	40.0	0.008	36384	700	280	209	-71	0	115.77	115.77	115.77
juego1	easy	40.0	0.008	36391	700	280	209	-71	0	115.77	115.77	115.77
juego1	easy	40.0	0.008	36399	700	280	209	-71	0	115.8	115.8	115.8
juego1	easy	40.0	0.008	36408	700	279	209	-70	0	115.84	115.84	115.84
juego1	easy	40.0	0.008	36416	700	279	209	-70	0	115.84	115.84	115.84
juego1	easy	40.0	0.008	36425	700	278	209	-69	0	115.82	115.82	115.82
juego1	easy	40.0	0.008	36434	700	278	209	-69	0	115.78	115.78	115.78
juego1	easy	40.0	0.008	36442	700	277	209	-68	0	115.77	115.77	115.77
juego1	easy	40.0	0.008	36451	700	277	209	-68	0	115.76	115.76	115.76
juego1	easy	40.0	0.008	36459	700	277	209	-68	0	115.77	115.77	115.77
juego1	easy	40.0	0.008	36469	700	276	209	-67	0	115.77	115.77	115.77
juego1	easy	40.0	0.008	36478	700	276	209	-67	0	115.75	115.75	115.75
juego1	easy	40.0	0.008	36486	700	275	209	-66	0	115.73	115.73	115.73
juego1	easy	40.0	0.008	36495	700	275	209	-66	0	115.71	115.71	115.71
juego1	easy	40.0	0.008	36504	700	274	209	-65	0	115.73	115.73	115.73
juego1	easy	40.0	0.008	36511	700	274	209	-65	0	115.74	115.74	115.74
juego1	easy	40.0	0.008	36519	700	274	209	-65	0	115.8	115.8	115.8
juego1	easy	40.0	0.008	36528	700	273	209	-64	0	115.87	115.87	115.87
juego1	easy	40.0	0.008	36537	700	273	208	-65	0	115.9	115.9	115.9
juego1	easy	40.0	0.008	36545	700	272	208	-64	0	115.96	115.96	115.96
juego1	easy	40.0	0.008	36554	700	272	208	-64	0	116.05	116.05	116.05
juego1	easy	40.0	0.008	36563	700	271	208	-63	0	116.16	116.16	116.16
juego1	easy	40.0	0.008	36572	700	271	207	-64	0	116.23	116.23	116.23
juego1	easy	40.0	0.008	36581	700	271	207	-64	0	116.37	116.37	116.37
juego1	easy	40.0	0.008	36590	700	270	206	-64	0	116.55	116.55	116.55
juego1	easy	40.0	0.008	36599	700	270	205	-65	0	117.0	117.0	117.0
juego1	easy	40.0	0.008	36607	700	269	204	-65	0	117.36	117.36	117.36
juego1	easy	40.0	0.008	36617	700	269	201	-68	0	118.28	118.28	118.28
juego1	easy	40.0	0.008	36624	700	269	198	-71	0	119.37	119.37	119.37
juego1	easy	40.0	0.008	36633	700	268	195	-73	0	120.44	120.44	120.44
juego1	easy	40.0	0.008	36642	700	268	194	-74	0	120.85	120.85	120.85
juego1	easy	40.0	0.008	36649	700	267	194	-73	0	120.85	120.85	120.85
juego1	easy	40.0	0.008	36658	700	267	193	-74	0	121.12	121.12	121.12
juego1	easy	40.0	0.008	36666	700	267	193	-74	0	121.12	121.12	121.12
juego1	easy	40.0	0.008	36676	700	266	194	-72	0	120.82	120.82	120.82
juego1	easy	40.0	0.008	36684	700	266	193	-73	0	121.2	121.2	121.2
juego1	easy	40.0	0.008	36694	700	265	191	-74	0	121.81	121.81	121.81
juego1	easy	40.0	0.008	36702	700	265	190	-75	0	122.23	122.23	122.23
juego1	easy	40.0	0.008	36710	700	265	187	-78	0	123.13	123.13	123.13
juego1	easy	40.0	0.008	36718	700	264	185	-79	0	123.91	123.91	123.91
juego1	easy	40.0	0.008	36727	700	264	184	-80	0	124.25	124.25	124.25
juego1	easy	40.0	0.008	36736	700	263	181	-82	0	125.09	125.09	125.09
juego1	easy	40.0	0.008	36745	700	263	177	-86	0	126.43	126.43	126.43
juego1	easy	40.0	0.008	36753	700	263	175	-88	0	127.2	127.2	127.2
juego1	easy	40.0	0.008	36761	700	262	170	-92	0	129.02	129.02	129.02
juego1	easy	40.0	0.008	36768	700	262	167	-95	0	129.98	129.98	129.98
juego1	easy	40.0	0.008	36777	700	261	161	-100	0	131.91	131.91	131.91
juego1	easy	40.0	0.008	36785	700	261	158	-103	0	132.77	132.77	132.77
juego1	easy	40.0	0.008	36794	700	261	152	-109	0	134.8	134.8	134.8
juego1	easy	40.0	0.008	36803	700	260	151	-109	0	135.29	135.29	135.29
juego1	easy	40.0	0.008	36813	700	260	149	-111	0	135.94	135.94	135.94
juego1	easy	40.0	0.008	36821	700	259	149	-110	0	136.03	136.03	136.03
juego1	easy	40.0	0.008	36830	700	259	149	-110	0	135.78	135.78	135.78
juego1	easy	40.0	0.008	36839	700	259	151	-108	0	135.36	135.36	135.36
juego1	easy	40.0	0.008	36848	700	258	151	-107	0	135.17	135.17	135.17
juego1	easy	40.0	0.008	36857	700	258	152	-106	0	135.0	135.0	135.0
juego1	easy	40.0	0.008	36866	700	258	151	-107	0	135.19	135.19	135.19
juego1	easy	40.0	0.008	36874	700	257	150	-107	0	135.64	135.64	135.64
juego1	easy	40.0	0.008	36883	700	257	149	-108	0	135.9	135.9	135.9
juego1	easy	40.0	0.008	36892	700	257	148	-109	0	136.37	136.37	136.37
juego1	easy	40.0	0.008	36900	700	256	146	-110	0	136.86	136.86	136.86
juego1	easy	40.0	0.008	36909	700	256	145	-111	0	137.27	137.27	137.27
juego1	easy	40.0	0.008	36917	700	255	145	-110	0	137.38	137.38	137.38
juego1	easy	40.0	0.008	36926	700	255	144	-111	0	137.54	137.54	137.54
juego1	easy	40.0	0.008	36934	700	255	144	-111	0	137.65	137.65	137.65
juego1	easy	40.0	0.008	36942	700	254	144	-110	0	137.71	137.71	137.71
juego1	easy	40.0	0.008	36950	700	254	143	-111	0	137.85	137.85	137.85
juego1	easy	40.0	0.008	36959	700	254	143	-111	0	137.98	137.98	137.98
juego1	easy	40.0	0.008	36967	700	253	143	-110	0	138.02	138.02	138.02
juego1	easy	40.0	0.008	36976	700	253	143	-110	0	138.01	138.01	138.01
juego1	easy	40.0	0.008	36985	700	253	143	-110	0	137.97	137.97	137.97
juego1	easy	40.0	0.008	36994	700	252	143	-109	0	137.94	137.94	137.94
juego1	easy	40.0	0.008	37003	700	252	143	-109	0	137.92	137.92	137.92
juego1	easy	40.0	0.008	37012	700	252	143	-109	0	137.82	137.82	137.82
juego1	easy	40.0	0.008	37021	700	251	144	-107	0	137.61	137.61	137.61
juego1	easy	40.0	0.008	37030	700	251	145	-106	0	137.26	137.26	137.26
juego1	easy	40.0	0.008	37038	700	251	146	-105	0	137.06	137.06	137.06
juego1	easy	40.0	0.008	37047	700	250	147	-103	0	136.58	136.58	136.58
juego1	easy	40.0	0.008	37056	700	250	149	-101	0	136.02	136.02	136.02
juego1	easy	40.0	0.008	37065	700	250	151	-99	0	135.32	135.32	135.32
juego1	easy	40.0	0.008	37074	700	249	154	-95	0	134.41	134.41	134.41
juego1	easy	40.0	0.008	37083	700	249	155	-94	0	133.86	133.86	133.86
juego1	easy	40.0	0.008	37092	700	249	159	-90	0	132.67	132.67	132.67
juego1	easy	40.0	0.008	37100	700	248	163	-85	0	131.35	131.35	131.35
juego1	easy	40.0	0.008	37109	700	248	167	-81	0	129.99	129.99	129.99
juego1	easy	40.0	0.008	37118	700	248	169	-79	0	129.32	129.32	129.32
juego1	easy	40.0	0.008	37127	700	247	173	-74	0	127.99	127.99	127.99
juego1	easy	40.0	0.008	37136	700	247	176	-71	0	126.74	126.74	126.74
juego1	easy	40.0	0.008	37145	700	247	178	-69	0	126.15	126.15	126.15
juego1	easy	40.0	0.008	37154	700	247	182	-65	0	124.98	124.98	124.98
juego1	easy	40.0	0.008	37162	700	246	185	-61	0	123.9	123.9	123.9
juego1	easy	40.0	0.008	37170	700	246	188	-58	0	122.8	122.8	122.8
juego1	easy	40.0	0.008	37179	700	246	191	-55	0	121.76	121.76	121.76
juego1	easy	40.0	0.008	37188	700	245	192	-53	0	121.29	121.29	121.29
juego1	easy	40.0	0.008	37197	700	245	195	-50	0	120.4	120.4	120.4
juego1	easy	40.0	0.008	37204	700	245	197	-48	0	119.61	119.61	119.61
juego1	easy	40.0	0.008	37213	700	245	198	-47	0	119.27	119.27	119.27
juego1	easy	40.0	0.008	37222	700	244	200	-44	0	118.64	118.64	118.64
juego1	easy	40.0	0.008	37229	700	244	202	-42	0	118.06	118.06	118.06
juego1	easy	40.0	0.008	37237	700	244	203	-41	0	117.77	117.77	117.77
juego1	easy	40.0	0.008	37246	700	243	205	-38	0	117.1	117.1	117.1
juego1	easy	40.0	0.008	37254	700	243	207	-36	0	116.36	116.36	116.36
juego1	easy	40.0	0.008	37262	700	243	208	-35	0	115.96	115.96	115.96
juego1	easy	40.0	0.008	37270	700	243	209	-34	0	115.57	115.57	115.57
juego1	easy	40.0	0.008	37279	700	242	212	-30	0	114.8	114.8	114.8
juego1	easy	40.0	0.008	37288	700	242	213	-29	0	114.19	114.19	114.19
juego1	easy	40.0	0.008	37297	700	242	215	-27	0	113.73	113.73	113.73
juego1	easy	40.0	0.008	37305	700	242	216	-26	0	113.28	113.28	113.28
juego1	easy	40.0	0.008	37314	700	241	218	-23	0	112.72	112.72	112.72
juego1	easy	40.0	0.008	37323	700	241	219	-22	0	112.42	112.42	112.42
juego1	easy	40.0	0.008	37332	700	241	221	-20	0	111.8	111.8	111.8
juego1	easy	40.0	0.008	37341	700	241	222	-19	0	111.2	111.2	111.2
juego1	easy	40.0	0.008	37350	700	240	224	-16	0	110.7	110.7	110.7
juego1	easy	40.0	0.008	37359	700	240	224	-16	0	110.49	110.49	110.49
juego1	easy	40.0	0.008	37368	700	240	226	-14	0	110.13	110.13	110.13
juego1	easy	40.0	0.008	37377	700	240	226	-14	0	109.87	109.87	109.87
juego1	easy	40.0	0.008	37386	700	240	227	-13	0	109.62	109.62	109.62
juego1	easy	40.0	0.008	37394	700	239	227	-12	0	109.49	109.49	109.49
juego1	easy	40.0	0.008	37403	700	239	228	-11	0	109.18	109.18	109.18
juego1	easy	40.0	0.008	37412	700	239	229	-10	0	108.94	108.94	108.94
juego1	easy	40.0	0.008	37420	700	239	230	-9	0	108.69	108.69	108.69
juego1	easy	40.0	0.008	37429	700	239	230	-9	0	108.47	108.47	108.47
juego1	easy	40.0	0.008	37438	700	238	232	-6	0	107.86	107.86	107.86
juego1	easy	40.0	0.008	37447	700	238	235	-3	0	106.91	106.91	106.91
juego1	easy	40.0	0.008	37456	700	238	239	1	0	105.73	105.73	105.73
juego1	easy	40.0	0.008	37465	700	238	242	4	0	104.53	104.53	104.53
juego1	easy	40.0	0.008	37474	700	238	244	6	0	103.93	103.93	103.93
juego1	easy	40.0	0.008	37482	700	237	246	9	0	103.34	103.34	103.34
juego1	easy	40.0	0.008	37491	700	237	248	11	0	102.59	102.59	102.59
juego1	easy	40.0	0.008	37499	700	237	249	12	0	102.15	102.15	102.15
juego1	easy	40.0	0.008	37508	700	237	249	12	0	102.1	102.1	102.1
juego1	easy	40.0	0.008	37517	700	237	250	13	0	101.96	101.96	101.96
juego1	easy	40.0	0.008	37526	700	236	252	16	0	101.29	101.29	101.29
juego1	easy	40.0	0.008	37535	700	236	254	18	0	100.36	100.36	100.36
juego1	easy	40.0	0.008	37544	700	236	256	20	0	99.81	99.81	99.81
juego1	easy	40.0	0.008	37552	700	236	259	23	0	98.74	98.74	98.74
juego1	easy	40.0	0.008	37561	700	236	262	26	0	97.89	97.89	97.89
juego1	easy	40.0	0.008	37570	700	236	263	27	0	97.38	97.38	97.38
juego1	easy	40.0	0.008	37578	700	235	264	29	0	97.25	97.25	97.25
juego1	easy	40.0	0.008	37587	700	235	264	29	0	97.04	97.04	97.04
juego1	easy	40.0	0.008	37594	700	235	265	30	0	96.93	96.93	96.93
juego1	easy	40.0	0.008	37603	700	235	265	30	0	96.68	96.68	96.68
juego1	easy	40.0	0.008	37612	700	235	267	32	0	96.25	96.25	96.25
juego1	easy	40.0	0.008	37621	700	235	268	33	0	95.74	95.74	95.74
juego1	easy	40.0	0.008	37630	700	235	269	34	0	95.45	95.45	95.45
juego1	easy	40.0	0.008	37639	700	235	270	35	0	95.26	95.26	95.26
juego1	easy	40.0	0.008	37648	700	234	271	37	0	94.81	94.81	94.81
juego1	easy	40.0	0.008	37656	700	234	272	38	0	94.6	94.6	94.6
juego1	easy	40.0	0.008	37665	700	234	272	38	0	94.34	94.34	94.34
juego1	easy	40.0	0.008	37673	700	234	272	38	0	94.34	94.34	94.34
juego1	easy	40.0	0.008	37681	700	234	274	40	0	93.91	93.91	93.91
juego1	easy	40.0	0.008	37689	700	234	274	40	0	93.73	93.73	93.73
juego1	easy	40.0	0.008	37698	700	234	275	41	0	93.35	93.35	93.35
juego1	easy	40.0	0.008	37707	700	234	276	42	0	93.08	93.08	93.08
juego1	easy	40.0	0.008	37716	700	233	277	44	0	92.86	92.86	92.86
juego1	easy	40.0	0.008	37724	700	233	277	44	0	92.78	92.78	92.78
juego1	easy	40.0	0.008	37733	700	233	277	44	0	92.62	92.62	92.62
juego1	easy	40.0	0.008	37742	700	233	278	45	0	92.49	92.49	92.49
juego1	easy	40.0	0.008	37749	700	233	278	45	0	92.4	92.4	92.4
juego1	easy	40.0	0.008	37758	700	233	278	45	0	92.26	92.26	92.26
juego1	easy	40.0	0.008	37766	700	233	279	46	0	92.21	92.21	92.21
juego1	easy	40.0	0.008	37773	700	233	279	46	0	92.22	92.22	92.22
juego1	easy	40.0	0.008	37781	700	233	278	45	0	92.3	92.3	92.3
juego1	easy	40.0	0.008	37789	700	233	278	45	0	92.34	92.34	92.34
juego1	easy	40.0	0.008	37797	700	233	278	45	0	92.39	92.39	92.39
juego1	easy	40.0	0.008	37806	700	233	278	45	0	92.4	92.4	92.4
juego1	easy	40.0	0.008	37814	700	233	278	45	0	92.39	92.39	92.39
juego1	easy	40.0	0.008	37822	700	233	278	45	0	92.31	92.31	92.31
juego1	easy	40.0	0.008	37831	700	232	279	47	0	92.21	92.21	92.21
juego1	easy	40.0	0.008	37839	700	232	279	47	0	92.17	92.17	92.17
juego1	easy	40.0	0.008	37848	700	232	279	47	0	92.17	92.17	92.17
juego1	easy	40.0	0.008	37857	700	232	279	47	0	92.18	92.18	92.18
juego1	easy	40.0	0.008	37866	700	232	279	47	0	92.14	92.14	92.14
juego1	easy	40.0	0.008	37875	700	232	279	47	0	92.11	92.11	92.11
juego1	easy	40.0	0.008	37884	700	232	279	47	0	92.08	92.08	92.08
juego1	easy	40.0	0.008	37893	700	232	279	47	0	92.13	92.13	92.13
juego1	easy	40.0	0.008	37902	700	232	279	47	0	92.15	92.15	92.15
juego1	easy	40.0	0.008	37909	700	232	279	47	0	92.12	92.12	92.12
juego1	easy	40.0	0.008	37917	700	232	279	47	0	92.0	92.0	92.0
juego1	easy	40.0	0.008	37926	700	232	280	48	0	91.88	91.88	91.88
juego1	easy	40.0	0.008	37935	700	232	280	48	0	91.83	91.83	91.83
juego1	easy	40.0	0.008	37942	700	232	280	48	0	91.8	91.8	91.8
juego1	easy	40.0	0.008	37951	700	232	280	48	0	91.84	91.84	91.84
juego1	easy	40.0	0.008	37960	700	232	280	48	0	91.88	91.88	91.88
juego1	easy	40.0	0.008	37969	700	232	279	47	0	91.96	91.96	91.96
juego1	easy	40.0	0.008	37977	700	232	279	47	0	92.04	92.04	92.04
juego1	easy	40.0	0.008	37986	700	232	279	47	0	92.11	92.11	92.11
juego1	easy	40.0	0.008	37995	700	232	279	47	0	92.14	92.14	92.14
juego1	easy	40.0	0.008	38004	700	232	279	47	0	92.2	92.2	92.2
juego1	easy	40.0	0.008	38013	700	232	279	47	0	92.25	92.25	92.25
juego1	easy	40.0	0.008	38022	700	232	278	46	0	92.29	92.29	92.29
juego1	easy	40.0	0.008	38031	700	232	278	46	0	92.31	92.31	92.31
juego1	easy	40.0	0.008	38039	700	232	278	46	0	92.35	92.35	92.35
juego1	easy	40.0	0.008	38047	700	232	278	46	0	92.41	92.41	92.41
juego1	easy	40.0	0.008	38055	700	232	278	46	0	92.45	92.45	92.45
juego1	easy	40.0	0.008	38063	700	232	278	46	0	92.54	92.54	92.54
juego1	easy	40.0	0.008	38072	700	232	277	45	0	92.64	92.64	92.64
juego1	easy	40.0	0.008	38081	700	232	277	45	0	92.7	92.7	92.7
juego1	easy	40.0	0.008	38089	700	233	277	44	0	92.84	92.84	92.84
juego1	easy	40.0	0.008	38098	700	233	276	43	0	93.02	93.02	93.02
juego1	easy	40.0	0.008	38107	700	233	276	43	0	93.26	93.26	93.26
juego1	easy	40.0	0.008	38116	700	233	275	42	0	93.55	93.55	93.55
juego1	easy	40.0	0.008	38125	700	233	274	41	0	93.71	93.71	93.71
juego1	easy	40.0	0.008	38134	700	233	273	40	0	94.13	94.13	94.13
juego1	easy	40.0	0.008	38142	700	233	271	38	0	94.71	94.71	94.71
juego1	easy	40.0	0.008	38150	700	233	270	37	0	95.06	95.06	95.06
juego1	easy	40.0	0.008	38159	700	233	268	35	0	95.85	95.85	95.85
juego1	easy	40.0	0.008	38167	700	233	265	32	0	96.73	96.73	96.73
juego1	easy	40.0	0.008	38175	700	233	264	31	0	97.21	97.21	97.21
juego1	easy	40.0	0.008	38183	700	233	261	28	0	98.1	98.1	98.1
juego1	easy	40.0	0.008	38193	700	233	259	26	0	98.78	98.78	98.78
juego1	easy	40.0	0.008	38202	700	234	258	24	0	99.22	99.22	99.22
juego1	easy	40.0	0.008	38210	700	234	257	23	0	99.36	99.36	99.36
juego1	easy	40.0	0.008	38218	700	234	257	23	0	99.6	99.6	99.6
juego1	easy	40.0	0.008	38227	700	234	256	22	0	99.85	99.85	99.85
juego1	easy	40.0	0.008	38234	700	234	256	22	0	99.99	99.99	99.99
juego1	easy	40.0	0.008	38243	700	234	255	21	0	100.34	100.34	100.34
juego1	easy	40.0	0.008	38252	700	234	253	19	0	100.79	100.79	100.79
juego1	easy	40.0	0.008	38262	700	234	251	17	0	101.38	101.38	101.38
juego1	easy	40.0	0.008	38270	700	234	250	16	0	101.72	101.72	101.72
juego1	easy	40.0	0.008	38279	700	235	249	14	0	102.35	102.35	102.35
juego1	easy	40.0	0.008	38288	700	235	247	12	0	102.89	102.89	102.89
juego1	easy	40.0	0.008	38297	700	235	246	11	0	103.32	103.32	103.32
juego1	easy	40.0	0.008	38307	700	235	245	10	0	103.7	103.7	103.7
juego1	easy	40.0	0.008	38315	700	235	244	9	0	103.85	103.85	103.85
juego1	easy	40.0	0.008	38323	700	235	244	9	0	104.0	104.0	104.0
juego1	easy	40.0	0.008	38330	700	235	243	8	0	104.13	104.13	104.13
juego1	easy	40.0	0.008	38339	700	236	242	6	0	104.41	104.41	104.41
juego1	easy	40.0	0.008	38346	700	236	242	6	0	104.47	104.47	104.47
juego1	easy	40.0	0.008	38355	700	236	242	6	0	104.52	104.52	104.52
juego1	easy	40.0	0.008	38363	700	236	242	6	0	104.6	104.6	104.6
juego1	easy	40.0	0.008	38371	700	236	242	6	0	104.64	104.64	104.64
juego1	easy	40.0	0.008	38379	700	236	241	5	0	104.74	104.74	104.74
juego1	easy	40.0	0.008	38388	700	237	241	4	0	104.9	104.9	104.9
juego1	easy	40.0	0.008	38396	700	237	241	4	0	104.99	104.99	104.99
juego1	easy	40.0	0.008	38405	700	237	240	3	0	105.17	105.17	105.17
juego1	easy	40.0	0.008	38413	700	237	240	3	0	105.36	105.36	105.36
juego1	easy	40.0	0.008	38421	700	237	239	2	0	105.47	105.47	105.47
juego1	easy	40.0	0.008	38429	700	237	239	2	0	105.7	105.7	105.7
juego1	easy	40.0	0.008	38438	700	238	238	0	0	105.91	105.91	105.91
juego1	easy	40.0	0.008	38447	700	238	238	0	0	106.05	106.05	106.05
juego1	easy	40.0	0.008	38456	700	238	237	-1	0	106.11	106.11	106.11
juego1	easy	40.0	0.008	38464	700	238	237	-1	0	106.18	106.18	106.18
juego1	easy	40.0	0.008	38473	700	238	237	-1	0	106.24	106.24	106.24
juego1	easy	40.0	0.008	38482	700	239	237	-2	0	106.29	106.29	106.29
juego1	easy	40.0	0.008	38491	700	239	237	-2	0	106.37	106.37	106.37
juego1	easy	40.0	0.008	38500	700	239	236	-3	0	106.44	106.44	106.44
juego1	easy	40.0	0.008	38509	700	239	236	-3	0	106.53	106.53	106.53
juego1	easy	40.0	0.008	38518	700	239	236	-3	0	106.62	106.62	106.62
juego1	easy	40.0	0.008	38525	700	240	236	-4	0	106.65	106.65	106.65
juego1	easy	40.0	0.008	38534	700	240	236	-4	0	106.68	106.68	106.68
juego1	easy	40.0	0.008	38541	700	240	236	-4	0	106.67	106.67	106.67
juego1	easy	40.0	0.008	38549	700	240	236	-4	0	106.59	106.59	106.59
juego1	easy	40.0	0.008	38558	700	241	236	-5	0	106.51	106.51	106.51
juego1	easy	40.0	0.008	38567	700	241	236	-5	0	106.44	106.44	106.44
juego1	easy	40.0	0.008	38575	700	241	237	-4	0	106.42	106.42	106.42
juego1	easy	40.0	0.008	38584	700	241	236	-5	0	106.46	106.46	106.46
juego1	easy	40.0	0.008	38592	700	242	236	-6	0	106.5	106.5	106.5
juego1	easy	40.0	0.008	38601	700	242	236	-6	0	106.52	106.52	106.52
juego1	easy	40.0	0.008	38609	700	242	236	-6	0	106.52	106.52	106.52
juego1	easy	40.0	0.008	38618	700	242	236	-6	0	106.48	106.48	106.48
juego1	easy	40.0	0.008	38626	700	243	236	-7	0	106.46	106.46	106.46
juego1	easy	40.0	0.008	38634	700	243	237	-6	0	106.42	106.42	106.42
juego1	easy	40.0	0.008	38643	700	243	237	-6	0	106.37	106.37	106.37
juego1	easy	40.0	0.008	38652	700	243	237	-6	0	106.34	106.34	106.34
juego1	easy	40.0	0.008	38660	700	244	237	-7	0	106.27	106.27	106.27
juego1	easy	40.0	0.008	38668	700	244	237	-7	0	106.23	106.23	106.23
juego1	easy	40.0	0.008	38676	700	244	237	-7	0	106.23	106.23	106.23
juego1	easy	40.0	0.008	38684	700	244	237	-7	0	106.25	106.25	106.25
juego1	easy	40.0	0.008	38692	700	245	237	-8	0	106.27	106.27	106.27
juego1	easy	40.0	0.008	38700	700	245	237	-8	0	106.26	106.26	106.26
juego1	easy	40.0	0.008	38709	700	245	237	-8	0	106.2	106.2	106.2
juego1	easy	40.0	0.008	38717	700	246	237	-9	0	106.16	106.16	106.16
juego1	easy	40.0	0.008	38726	700	246	238	-8	0	106.08	106.08	106.08
juego1	easy	40.0	0.008	38736	700	246	238	-8	0	105.97	105.97	105.97
juego1	easy	40.0	0.008	38744	700	246	238	-8	0	105.86	105.86	105.86
juego1	easy	40.0	0.008	38752	700	247	238	-9	0	105.79	105.79	105.79
juego1	easy	40.0	0.008	38761	700	247	239	-8	0	105.66	105.66	105.66
juego1	easy	40.0	0.008	38770	700	247	239	-8	0	105.54	105.54	105.54
juego1	easy	40.0	0.008	38779	700	248	240	-8	0	105.4	105.4	105.4
juego1	easy	40.0	0.008	38788	700	248	240	-8	0	105.2	105.2	105.2
juego1	easy	40.0	0.008	38797	700	248	241	-7	0	105.07	105.07	105.07
juego1	easy	40.0	0.008	38805	700	248	241	-7	0	104.78	104.78	104.78
juego1	easy	40.0	0.008	38814	700	249	242	-7	0	104.45	104.45	104.45
juego1	easy	40.0	0.008	38823	700	249	243	-6	0	104.29	104.29	104.29
juego1	easy	40.0	0.008	38831	700	249	244	-5	0	103.99	103.99	103.99
juego1	easy	40.0	0.008	38839	700	250	244	-6	0	103.73	103.73	103.73
juego1	easy	40.0	0.008	38848	700	250	245	-5	0	103.62	103.62	103.62
juego1	easy	40.0	0.008	38856	700	250	246	-4	0	103.38	103.38	103.38
juego1	easy	40.0	0.008	38865	700	251	246	-5	0	103.17	103.17	103.17
juego1	easy	40.0	0.008	38874	700	251	247	-4	0	103.0	103.0	103.0
juego1	easy	40.0	0.008	38881	700	251	247	-4	0	102.91	102.91	102.91
juego1	easy	40.0	0.008	38890	700	252	247	-5	0	102.76	102.76	102.76
juego1	easy	40.0	0.008	38899	700	252	248	-4	0	102.58	102.58	102.58
juego1	easy	40.0	0.008	38907	700	252	248	-4	0	102.49	102.49	102.49
juego1	easy	40.0	0.008	38916	700	253	249	-4	0	102.34	102.34	102.34
juego1	easy	40.0	0.008	38925	700	253	249	-4	0	102.16	102.16	102.16
juego1	easy	40.0	0.008	38934	700	253	250	-3	0	101.96	101.96	101.96
juego1	easy	40.0	0.008	38943	700	254	250	-4	0	101.74	101.74	101.74
juego1	easy	40.0	0.008	38951	700	254	251	-3	0	101.64	101.64	101.64
juego1	easy	40.0	0.008	38960	700	254	251	-3	0	101.45	101.45	101.45
juego1	easy	40.0	0.008	38969	700	255	252	-3	0	101.32	101.32	101.32
juego1	easy	40.0	0.008	38977	700	255	252	-3	0	101.28	101.28	101.28
juego1	easy	40.0	0.008	38986	700	256	252	-4	0	101.21	101.21	101.21
juego1	easy	40.0	0.008	38994	700	256	252	-4	0	101.12	101.12	101.12
juego1	easy	40.0	0.008	39003	700	256	252	-4	0	101.05	101.05	101.05
juego1	easy	40.0	0.008	39011	700	257	253	-4	0	100.91	100.91	100.91
juego1	easy	40.0	0.008	39020	700	257	253	-4	0	100.73	100.73	100.73
juego1	easy	40.0	0.008	39028	700	257	254	-3	0	100.63	100.63	100.63
juego1	easy	40.0	0.008	39037	700	258	254	-4	0	100.43	100.43	100.43
juego1	easy	40.0	0.008	39046	700	258	255	-3	0	100.24	100.24	100.24
juego1	easy	40.0	0.008	39055	700	258	255	-3	0	100.05	100.05	100.05
juego1	easy	40.0	0.008	39064	700	259	256	-3	0	99.85	99.85	99.85
juego1	easy	40.0	0.008	39073	700	259	256	-3	0	99.75	99.75	99.75
juego1	easy	40.0	0.008	39082	700	260	257	-3	0	99.58	99.58	99.58
juego1	easy	40.0	0.008	39090	700	260	257	-3	0	99.43	99.43	99.43
juego1	easy	40.0	0.008	39099	700	260	258	-2	0	99.26	99.26	99.26
juego1	easy	40.0	0.008	39108	700	261	258	-3	0	99.05	99.05	99.05
juego1	easy	40.0	0.008	39116	700	261	259	-2	0	98.93	98.93	98.93
juego1	easy	40.0	0.008	39125	700	261	259	-2	0	98.68	98.68	98.68
juego1	easy	40.0	0.008	39134	700	262	260	-2	0	98.43	98.43	98.43
juego1	easy	40.0	0.008	39142	700	262	261	-1	0	98.32	98.32	98.32
juego1	easy	40.0	0.008	39151	700	263	261	-2	0	98.12	98.12	98.12
juego1	easy	40.0	0.008	39160	700	263	262	-1	0	97.93	97.93	97.93
juego1	easy	40.0	0.008	39167	700	263	262	-1	0	97.85	97.85	97.85
juego1	easy	40.0	0.008	39176	700	264	262	-2	0	97.72	97.72	97.72
juego1	easy	40.0	0.008	39185	700	264	263	-1	0	97.52	97.52	97.52
juego1	easy	40.0	0.008	39193	700	265	263	-2	0	97.38	97.38	97.38
juego1	easy	40.0	0.008	39202	700	265	264	-1	0	97.05	97.05	97.05
juego1	easy	40.0	0.008	39211	700	265	265	0	0	96.69	96.69	96.69
juego1	easy	40.0	0.008	39220	700	266	266	0	0	96.36	96.36	96.36
juego1	easy	40.0	0.008	39229	700	266	267	1	0	96.09	96.09	96.09
juego1	easy	40.0	0.008	39237	700	267	267	0	0	95.97	95.97	95.97
juego1	easy	40.0	0.008	39246	700	267	268	1	0	95.75	95.75	95.75
juego1	easy	40.0	0.008	39256	700	267	269	2	0	95.5	95.5	95.5
juego1	easy	40.0	0.008	39263	700	268	269	1	0	95.37	95.37	95.37
juego1	easy	40.0	0.008	39272	700	268	270	2	0	95.09	95.09	95.09
juego1	easy	40.0	0.008	39279	700	269	271	2	0	94.83	94.83	94.83
juego1	easy	40.0	0.008	39288	700	269	271	2	0	94.7	94.7	94.7
juego1	easy	40.0	0.008	39297	700	270	271	1	0	94.7	94.7	94.7
juego1	easy	40.0	0.008	39306	700	270	273	3	0	94.2	94.2	94.2
juego1	easy	40.0	0.008	39313	700	270	273	3	0	94.04	94.04	94.04
juego1	easy	40.0	0.008	39322	700	271	274	3	0	93.86	93.86	93.86
juego1	easy	40.0	0.008	39330	700	271	274	3	0	93.61	93.61	93.61
juego1	easy	40.0	0.008	39340	700	272	275	3	0	93.39	93.39	93.39
juego1	easy	40.0	0.008	39347	700	272	275	3	0	93.29	93.29	93.29
juego1	easy	40.0	0.008	39356	700	272	276	4	0	93.06	93.06	93.06
juego1	easy	40.0	0.008	39365	700	273	277	4	0	92.83	92.83	92.83
juego1	easy	40.0	0.008	39375	700	273	277	4	0	92.63	92.63	92.63
juego1	easy	40.0	0.008	39383	700	274	278	4	0	92.56	92.56	92.56
juego1	easy	40.0	0.008	39392	700	274	278	4	0	92.42	92.42	92.42
juego1	easy	40.0	0.008	39401	700	275	279	4	0	92.21	92.21	92.21
juego1	easy	40.0	0.008	39408	700	275	279	4	0	92.08	92.08	92.08
juego1	easy	40.0	0.008	39417	700	275	280	5	0	91.83	91.83	91.83
juego1	easy	40.0	0.008	39426	700	276	281	5	0	91.55	91.55	91.55
juego1	easy	40.0	0.008	39435	700	276	282	6	0	91.22	91.22	91.22
juego1	easy	40.0	0.008	39443	700	277	282	5	0	91.11	91.11	91.11
juego1	easy	40.0	0.008	39452	700	277	282	5	0	90.94	90.94	90.94
juego1	easy	40.0	0.008	39460	700	278	283	5	0	90.8	90.8	90.8
juego1	easy	40.0	0.008	39469	700	278	283	5	0	90.73	90.73	90.73
juego1	easy	40.0	0.008	39476	700	278	284	6	0	90.56	90.56	90.56
juego1	easy	40.0	0.008	39485	700	279	284	5	0	90.39	90.39	90.39
juego1	easy	40.0	0.008	39493	700	279	284	5	0	90.32	90.32	90.32
juego1	easy	40.0	0.008	39502	700	280	285	5	0	90.2	90.2	90.2
juego1	easy	40.0	0.008	39511	700	280	285	5	0	90.07	90.07	90.07
juego1	easy	40.0	0.008	39520	700	281	286	5	0	89.87	89.87	89.87
juego1	easy	40.0	0.008	39528	700	281	286	5	0	89.74	89.74	89.74
juego1	easy	40.0	0.008	39537	700	281	287	6	0	89.5	89.5	89.5
juego1	easy	40.0	0.008	39546	700	282	287	5	0	89.3	89.3	89.3
juego1	easy	40.0	0.008	39555	700	282	288	6	0	89.15	89.15	89.15
juego1	easy	40.0	0.008	39565	700	283	288	5	0	88.99	88.99	88.99
juego1	easy	40.0	0.008	39573	700	283	288	5	0	88.91	88.91	88.91
juego1	easy	40.0	0.008	39581	700	284	289	5	0	88.75	88.75	88.75
juego1	easy	40.0	0.008	39590	700	284	289	5	0	88.59	88.59	88.59
juego1	easy	40.0	0.008	39597	700	284	290	6	0	88.53	88.53	88.53
juego1	easy	40.0	0.008	39605	700	285	290	5	0	88.42	88.42	88.42
juego1	easy	40.0	0.008	39614	700	285	290	5	0	88.36	88.36	88.36
juego1	easy	40.0	0.008	39622	700	286	291	5	0	88.2	88.2	88.2
juego1	easy	40.0	0.008	39630	700	286	291	5	0	88.02	88.02	88.02
juego1	easy	40.0	0.008	39638	700	287	291	4	0	87.92	87.92	87.92
juego1	easy	40.0	0.008	39646	700	287	292	5	0	87.72	87.72	87.72
juego1	easy	40.0	0.008	39655	700	288	293	5	0	87.51	87.51	87.51
juego1	easy	40.0	0.008	39664	700	288	293	5	0	87.41	87.41	87.41
juego1	easy	40.0	0.008	39673	700	289	293	4	0	87.2	87.2	87.2
juego1	easy	40.0	0.008	39683	700	289	294	5	0	87.01	87.01	87.01
juego1	easy	40.0	0.008	39691	700	290	295	5	0	86.82	86.82	86.82
juego1	easy	40.0	0.008	39700	700	290	295	5	0	86.63	86.63	86.63
juego1	easy	40.0	0.008	39709	700	291	295	4	0	86.53	86.53	86.53
juego1	easy	40.0	0.008	39718	700	291	296	5	0	86.34	86.34	86.34
juego1	easy	40.0	0.008	39727	700	292	297	5	0	86.13	86.13	86.13
juego1	easy	40.0	0.008	39737	700	292	297	5	0	85.94	85.94	85.94
juego1	easy	40.0	0.008	39744	700	293	297	4	0	85.85	85.85	85.85
juego1	easy	40.0	0.008	39753	700	293	298	5	0	85.65	85.65	85.65
juego1	easy	40.0	0.008	39762	700	294	299	5	0	85.42	85.42	85.42
juego1	easy	40.0	0.008	39771	700	295	299	4	0	85.21	85.21	85.21
juego1	easy	40.0	0.008	39780	700	295	300	5	0	85.07	85.07	85.07
juego1	easy	40.0	0.008	39789	700	296	300	4	0	85.02	85.02	85.02
juego1	easy	40.0	0.008	39798	700	296	300	4	0	84.91	84.91	84.91
juego1	easy	40.0	0.008	39806	700	297	300	3	0	84.78	84.78	84.78
juego1	easy	40.0	0.008	39815	700	297	300	3	0	84.7	84.7	84.7
juego1	easy	40.0	0.008	39823	700	298	300	2	0	84.5	84.5	84.5
juego1	easy	40.0	0.008	39832	700	298	301	3	0	84.29	84.29	84.29
juego1	easy	40.0	0.008	39840	700	299	301	2	0	84.19	84.19	84.19
juego1	easy	40.0	0.008	39849	700	299	302	3	0	83.99	83.99	83.99
juego1	easy	40.0	0.008	39857	700	300	303	3	0	83.78	83.78	83.78
juego1	easy	40.0	0.008	39867	700	300	303	3	0	83.56	83.56	83.56
juego1	easy	40.0	0.008	39875	700	300	304	4	0	83.45	83.45	83.45
juego1	easy	40.0	0.008	39884	700	300	304	4	0	83.28	83.28	83.28
juego1	easy	40.0	0.008	39893	700	301	304	3	0	83.16	83.16	83.16
juego1	easy	40.0	0.008	39901	700	301	305	4	0	83.06	83.06	83.06
juego1	easy	40.0	0.008	39909	700	302	305	3	0	83.0	83.0	83.0
juego1	easy	40.0	0.008	39918	700	302	305	3	0	82.86	82.86	82.86
juego1	easy	40.0	0.008	39926	700	303	306	3	0	82.72	82.72	82.72
juego1	easy	40.0	0.008	39935	700	303	306	3	0	82.66	82.66	82.66
juego1	easy	40.0	0.008	39944	700	304	306	2	0	82.5	82.5	82.5
juego1	easy	40.0	0.008	39953	700	304	307	3	0	82.31	82.31	82.31
juego1	easy	40.0	0.008	39962	700	305	307	2	0	82.14	82.14	82.14
juego1	easy	40.0	0.008	39971	700	305	308	3	0	81.95	81.95	81.95
juego1	easy	40.0	0.008	39979	700	306	308	2	0	81.85	81.85	81.85
juego1	easy	40.0	0.008	39987	700	306	309	3	0	81.63	81.63	81.63
juego1	easy	40.0	0.008	39996	700	307	310	3	0	81.4	81.4	81.4
juego1	easy	40.0	0.008	40005	700	307	310	3	0	81.29	81.29	81.29
juego1	easy	40.0	0.008	40013	700	308	311	3	0	81.11	81.11	81.11
juego1	easy	40.0	0.008	40021	700	308	311	3	0	80.93	80.93	80.93
juego1	easy	40.0	0.008	40028	700	309	311	2	0	80.85	80.85	80.85
juego1	easy	40.0	0.008	40036	700	309	312	3	0	80.66	80.66	80.66
juego1	easy	40.0	0.008	40045	700	310	312	2	0	80.54	80.54	80.54
juego1	easy	40.0	0.008	40053	700	310	313	3	0	80.33	80.33	80.33
juego1	easy	40.0	0.008	40062	700	311	313	2	0	80.16	80.16	80.16
juego1	easy	40.0	0.008	40071	700	311	314	3	0	79.99	79.99	79.99
juego1	easy	40.0	0.008	40080	700	312	314	2	0	79.9	79.9	79.9
juego1	easy	40.0	0.008	40089	700	312	315	3	0	79.67	79.67	79.67
juego1	easy	40.0	0.008	40098	700	313	316	3	0	79.43	79.43	79.43
juego1	easy	40.0	0.008	40106	700	313	316	3	0	79.17	79.17	79.17
juego1	easy	40.0	0.008	40115	700	314	317	3	0	79.02	79.02	79.02
juego1	easy	40.0	0.008	40123	700	314	318	4	0	78.75	78.75	78.75
juego1	easy	40.0	0.008	40131	700	315	318	3	0	78.48	78.48	78.48
juego1	easy	40.0	0.008	40139	700	315	319	4	0	78.35	78.35	78.35
juego1	easy	40.0	0.008	40148	700	315	320	5	0	78.08	78.08	78.08
juego1	easy	40.0	0.008	40157	700	316	320	4	0	77.83	77.83	77.83
juego1	easy	40.0	0.008	40165	700	316	321	5	0	77.72	77.72	77.72
juego1	easy	40.0	0.008	40174	700	317	321	4	0	77.48	77.48	77.48
juego1	easy	40.0	0.008	40183	700	317	322	5	0	77.25	77.25	77.25
juego1	easy	40.0	0.008	40191	700	318	322	4	0	77.1	77.1	77.1
juego1	easy	40.0	0.008	40199	700	318	323	5	0	76.77	76.77	76.77
juego1	easy	40.0	0.008	40208	700	319	324	5	0	76.47	76.47	76.47
juego1	easy	40.0	0.008	40215	700	319	325	6	0	76.33	76.33	76.33
juego1	easy	40.0	0.008	40224	700	320	325	5	0	76.07	76.07	76.07
juego1	easy	40.0	0.008	40231	700	320	326	6	0	75.85	75.85	75.85
juego1	easy	40.0	0.008	40239	700	320	326	6	0	75.74	75.74	75.74
juego1	easy	40.0	0.008	40248	700	321	327	6	0	75.52	75.52	75.52
juego1	easy	40.0	0.008	40255	700	321	327	6	0	75.43	75.43	75.43
juego1	easy	40.0	0.008	40263	700	322	328	6	0	75.26	75.26	75.26
juego1	easy	40.0	0.008	40272	700	322	328	6	0	75.13	75.13	75.13
juego1	easy	40.0	0.008	40281	700	323	328	5	0	75.06	75.06	75.06
juego1	easy	40.0	0.008	40289	700	323	329	6	0	74.91	74.91	74.91
juego1	easy	40.0	0.008	40298	700	324	329	5	0	74.73	74.73	74.73
juego1	easy	40.0	0.008	40306	700	324	330	6	0	74.65	74.65	74.65
juego1	easy	40.0	0.008	40314	700	324	330	6	0	74.5	74.5	74.5
juego1	easy	40.0	0.008	40322	700	325	330	5	0	74.42	74.42	74.42
juego1	easy	40.0	0.008	40330	700	325	331	6	0	74.32	74.32	74.32
juego1	easy	40.0	0.008	40338	700	326	331	5	0	74.18	74.18	74.18
juego1	easy	40.0	0.008	40347	700	326	332	6	0	73.95	73.95	73.95
juego1	easy	40.0	0.008	40355	700	326	332	6	0	73.86	73.86	73.86
juego1	easy	40.0	0.008	40364	700	327	333	6	0	73.64	73.64	73.64
juego1	easy	40.0	0.008	40372	700	327	333	6	0	73.43	73.43	73.43
juego1	easy	40.0	0.008	40380	700	328	334	6	0	73.34	73.34	73.34
juego1	easy	40.0	0.008	40389	700	328	334	6	0	73.15	73.15	73.15
juego1	easy	40.0	0.008	40397	700	328	335	7	0	72.93	72.93	72.93
juego1	easy	40.0	0.008	40406	700	329	335	6	0	72.83	72.83	72.83
juego1	easy	40.0	0.008	40415	700	329	336	7	0	72.63	72.63	72.63
juego1	easy	40.0	0.008	40423	700	330	336	6	0	72.46	72.46	72.46
juego1	easy	40.0	0.008	40431	700	330	336	6	0	72.36	72.36	72.36
juego1	easy	40.0	0.008	40440	700	330	337	7	0	72.15	72.15	72.15
juego1	easy	40.0	0.008	40448	700	331	338	7	0	71.94	71.94	71.94
juego1	easy	40.0	0.008	40457	700	331	338	7	0	71.77	71.77	71.77
juego1	easy	40.0	0.008	40466	700	332	338	6	0	71.71	71.71	71.71
juego1	easy	40.0	0.008	40474	700	332	339	7	0	71.6	71.6	71.6
juego1	easy	40.0	0.008	40482	700	332	339	7	0	71.49	71.49	71.49
juego1	easy	40.0	0.008	40492	700	333	339	6	0	71.4	71.4	71.4
juego1	easy	40.0	0.008	40500	700	333	339	6	0	71.36	71.36	71.36
juego1	easy	40.0	0.008	40508	700	333	340	7	0	71.27	71.27	71.27
juego1	easy	40.0	0.008	40515	700	334	340	6	0	71.22	71.22	71.22
juego1	easy	40.0	0.008	40524	700	334	340	6	0	71.13	71.13	71.13
juego1	easy	40.0	0.008	40533	700	334	340	6	0	71.11	71.11	71.11
juego1	easy	40.0	0.008	40542	700	335	340	5	0	71.17	71.17	71.17
juego1	easy	40.0	0.008	40550	700	335	340	5	0	71.2	71.2	71.2
juego1	easy	40.0	0.008	40559	700	335	340	5	0	71.23	71.23	71.23
juego1	easy	40.0	0.008	40568	700	336	340	4	0	71.19	71.19	71.19
juego1	easy	40.0	0.008	40577	700	336	340	4	0	71.08	71.08	71.08
juego1	easy	40.0	0.008	40586	700	336	340	4	0	71.03	71.03	71.03
juego1	easy	40.0	0.008	40594	700	337	341	4	0	70.92	70.92	70.92
juego1	easy	40.0	0.008	40601	700	337	341	4	0	70.9	70.9	70.9
juego1	easy	40.0	0.008	40610	700	337	341	4	0	70.85	70.85	70.85
juego1	easy	40.0	0.008	40619	700	338	341	3	0	70.84	70.84	70.84
juego1	easy	40.0	0.008	40628	700	338	341	3	0	70.82	70.82	70.82
juego1	easy	40.0	0.008	40636	700	338	341	3	0	70.8	70.8	70.8
juego1	easy	40.0	0.008	40645	700	339	341	2	0	70.74	70.74	70.74
juego1	easy	40.0	0.008	40654	700	339	342	3	0	70.65	70.65	70.65
juego1	easy	40.0	0.008	40663	700	339	342	3	0	70.53	70.53	70.53
juego1	easy	40.0	0.008	40672	700	340	342	2	0	70.38	70.38	70.38
juego1	easy	40.0	0.008	40681	700	340	343	3	0	70.3	70.3	70.3
juego1	easy	40.0	0.008	40689	700	340	343	3	0	70.18	70.18	70.18
juego1	easy	40.0	0.008	40698	700	341	343	2	0	70.12	70.12	70.12
juego1	easy	40.0	0.008	40709	700	341	343	2	0	70.05	70.05	70.05
juego1	easy	40.0	0.008	40716	700	341	343	2	0	70.0	70.0	70.0
juego1	easy	40.0	0.008	40725	700	341	344	3	0	69.9	69.9	69.9
juego1	easy	40.0	0.008	40734	700	342	344	2	0	69.79	69.79	69.79
juego1	easy	40.0	0.008	40743	700	342	344	2	0	69.7	69.7	69.7
juego1	easy	40.0	0.008	40750	700	342	345	3	0	69.65	69.65	69.65
juego1	easy	40.0	0.008	40759	700	342	345	3	0	69.51	69.51	69.51
juego1	easy	40.0	0.008	40767	700	343	345	2	0	69.43	69.43	69.43
juego1	easy	40.0	0.008	40775	700	343	346	3	0	69.3	69.3	69.3
juego1	easy	40.0	0.008	40784	700	343	346	3	0	69.2	69.2	69.2
juego1	easy	40.0	0.008	40792	700	343	346	3	0	69.16	69.16	69.16
juego1	easy	40.0	0.008	40800	700	344	346	2	0	69.16	69.16	69.16
juego1	easy	40.0	0.008	40809	700	344	346	2	0	69.02	69.02	69.02
juego1	easy	40.0	0.008	40818	700	344	347	3	0	68.94	68.94	68.94
juego1	easy	40.0	0.008	40825	700	344	347	3	0	68.9	68.9	68.9
juego1	easy	40.0	0.008	40834	700	345	347	2	0	68.84	68.84	68.84
juego1	easy	40.0	0.008	40843	700	345	347	2	0	68.81	68.81	68.81
juego1	easy	40.0	0.008	40851	700	345	347	2	0	68.81	68.81	68.81
juego1	easy	40.0	0.008	40859	700	345	347	2	0	68.81	68.81	68.81
juego1	easy	40.0	0.008	40868	700	345	347	2	0	68.78	68.78	68.78
juego1	easy	40.0	0.008	40875	700	346	347	1	0	68.75	68.75	68.75
juego1	easy	40.0	0.008	40883	700	346	347	1	0	68.69	68.69	68.69
juego1	easy	40.0	0.008	40893	700	346	347	1	0	68.66	68.66	68.66
juego1	easy	40.0	0.008	40901	700	346	347	1	0	68.66	68.66	68.66
juego1	easy	40.0	0.008	40910	700	347	347	0	0	68.66	68.66	68.66
juego1	easy	40.0	0.008	40920	700	347	347	0	0	68.67	68.67	68.67
juego1	easy	40.0	0.008	40928	700	347	347	0	0	68.69	68.69	68.69
juego1	easy	40.0	0.008	40936	700	347	347	0	0	68.69	68.69	68.69
juego1	easy	40.0	0.008	40945	700	347	347	0	0	68.68	68.68	68.68
juego1	easy	40.0	0.008	40953	700	347	348	1	0	68.63	68.63	68.63
juego1	easy	40.0	0.008	40962	700	348	348	0	0	68.6	68.6	68.6
juego1	easy	40.0	0.008	40970	700	348	348	0	0	68.53	68.53	68.53
juego1	easy	40.0	0.008	40977	700	348	348	0	0	68.5	68.5	68.5
juego1	easy	40.0	0.008	40986	700	348	348	0	0	68.47	68.47	68.47
juego1	easy	40.0	0.008	40993	700	348	348	0	0	68.43	68.43	68.43
juego1	easy	40.0	0.008	41002	700	348	348	0	0	68.41	68.41	68.41
juego1	easy	40.0	0.008	41011	700	349	348	-1	0	68.38	68.38	68.38
juego1	easy	40.0	0.008	41020	700	349	348	-1	0	68.35	68.35	68.35
juego1	easy	40.0	0.008	41028	700	349	348	-1	0	68.31	68.31	68.31
juego1	easy	40.0	0.008	41037	700	349	349	0	0	68.29	68.29	68.29
juego1	easy	40.0	0.008	41045	700	349	349	0	0	68.26	68.26	68.26
juego1	easy	40.0	0.008	41053	700	349	349	0	0	68.22	68.22	68.22
juego1	easy	40.0	0.008	41062	700	349	349	0	0	68.2	68.2	68.2
juego1	easy	40.0	0.008	41071	700	349	349	0	0	68.11	68.11	68.11
juego1	easy	40.0	0.008	41080	700	350	349	-1	0	68.04	68.04	68.04
juego1	easy	40.0	0.008	41088	700	350	349	-1	0	67.98	67.98	67.98
juego1	easy	40.0	0.008	41096	700	350	350	0	0	67.95	67.95	67.95
juego1	easy	40.0	0.008	41105	700	350	350	0	0	67.9	67.9	67.9
juego1	easy	40.0	0.008	41115	700	350	350	0	0	67.85	67.85	67.85
juego1	easy	40.0	0.008	41122	700	350	350	0	0	67.82	67.82	67.82
juego1	easy	40.0	0.008	41131	700	350	350	0	0	67.78	67.78	67.78
juego1	easy	40.0	0.008	41140	700	350	350	0	0	67.75	67.75	67.75
juego1	easy	40.0	0.008	41148	700	350	350	0	0	67.74	67.74	67.74
juego1	easy	40.0	0.008	41157	700	350	350	0	0	67.71	67.71	67.71
juego1	easy	40.0	0.008	41165	700	350	350	0	0	67.66	67.66	67.66
juego1	easy	40.0	0.008	41173	700	351	350	-1	0	67.63	67.63	67.63
juego1	easy	40.0	0.008	41181	700	351	351	0	0	67.55	67.55	67.55
juego1	easy	40.0	0.008	41190	700	351	351	0	0	67.47	67.47	67.47
juego1	easy	40.0	0.008	41200	700	351	351	0	0	67.42	67.42	67.42
juego1	easy	40.0	0.008	41206	700	351	351	0	0	67.41	67.41	67.41
juego1	easy	40.0	0.008	41215	700	351	351	0	0	67.41	67.41	67.41
juego1	easy	40.0	0.008	41223	700	351	351	0	0	67.38	67.38	67.38
juego1	easy	40.0	0.008	41231	700	351	351	0	0	67.36	67.36	67.36
juego1	easy	40.0	0.008	41240	700	351	351	0	0	67.33	67.33	67.33
juego1	easy	40.0	0.008	41249	700	351	351	0	0	67.32	67.32	67.32
juego1	easy	40.0	0.008	41258	700	351	351	0	0	67.32	67.32	67.32
juego1	easy	40.0	0.008	41266	700	351	351	0	0	67.32	67.32	67.32
juego1	easy	40.0	0.008	41275	700	351	351	0	0	67.32	67.32	67.32
juego1	easy	40.0	0.008	41284	700	351	351	0	0	67.32	67.32	67.32
juego1	easy	40.0	0.008	41293	700	351	351	0	0	67.31	67.31	67.31
juego1	easy	40.0	0.008	41302	700	351	351	0	0	67.32	67.32	67.32
juego1	easy	40.0	0.008	41310	700	351	351	0	0	67.36	67.36	67.36
juego1	easy	40.0	0.008	41319	700	351	351	0	0	67.41	67.41	67.41
juego1	easy	40.0	0.008	41327	700	351	351	0	0	67.43	67.43	67.43
juego1	easy	40.0	0.008	41336	700	351	351	0	0	67.46	67.46	67.46
juego1	easy	40.0	0.008	41344	700	351	351	0	0	67.47	67.47	67.47
juego1	easy	40.0	0.008	41353	700	351	351	0	0	67.47	67.47	67.47
juego1	easy	40.0	0.008	41362	700	351	351	0	0	67.49	67.49	67.49
juego1	easy	40.0	0.008	41370	700	351	351	0	0	67.54	67.54	67.54
juego1	easy	40.0	0.008	41379	700	351	351	0	0	67.58	67.58	67.58
juego1	easy	40.0	0.008	41388	700	351	351	0	0	67.6	67.6	67.6
juego1	easy	40.0	0.008	41396	700	351	350	-1	0	67.67	67.67	67.67
juego1	easy	40.0	0.008	41405	700	351	350	-1	0	67.74	67.74	67.74
juego1	easy	40.0	0.008	41413	700	351	350	-1	0	67.76	67.76	67.76
juego1	easy	40.0	0.008	41422	700	351	350	-1	0	67.8	67.8	67.8
juego1	easy	40.0	0.008	41431	700	351	350	-1	0	67.83	67.83	67.83
juego1	easy	40.0	0.008	41439	700	351	350	-1	0	67.89	67.89	67.89
juego1	easy	40.0	0.008	41448	700	351	350	-1	0	67.92	67.92	67.92
juego1	easy	40.0	0.008	41457	700	350	349	-1	0	67.98	67.98	67.98
juego1	easy	40.0	0.008	41466	700	350	349	-1	0	68.01	68.01	68.01
juego1	easy	40.0	0.008	41474	700	350	349	-1	0	68.03	68.03	68.03
juego1	easy	40.0	0.008	41482	700	350	349	-1	0	68.04	68.04	68.04
juego1	easy	40.0	0.008	41491	700	350	349	-1	0	68.04	68.04	68.04
juego1	easy	40.0	0.008	41500	700	350	349	-1	0	68.06	68.06	68.06
juego1	easy	40.0	0.008	41509	700	350	349	-1	0	68.09	68.09	68.09
juego1	easy	40.0	0.008	41518	700	350	349	-1	0	68.15	68.15	68.15
juego1	easy	40.0	0.008	41527	700	350	349	-1	0	68.21	68.21	68.21
juego1	easy	40.0	0.008	41536	700	350	349	-1	0	68.27	68.27	68.27
juego1	easy	40.0	0.008	41544	700	350	348	-2	0	68.33	68.33	68.33
juego1	easy	40.0	0.008	41552	700	349	348	-1	0	68.35	68.35	68.35
juego1	easy	40.0	0.008	41561	700	349	348	-1	0	68.33	68.33	68.33
juego1	easy	40.0	0.008	41570	700	349	348	-1	0	68.32	68.32	68.32
juego1	easy	40.0	0.008	41578	700	349	348	-1	0	68.33	68.33	68.33
juego1	easy	40.0	0.008	41587	700	349	348	-1	0	68.37	68.37	68.37
juego1	easy	40.0	0.008	41595	700	349	348	-1	0	68.42	68.42	68.42
juego1	easy	40.0	0.008	41605	700	349	348	-1	0	68.45	68.45	68.45
juego1	easy	40.0	0.008	41613	700	349	348	-1	0	68.47	68.47	68.47
juego1	easy	40.0	0.008	41621	700	348	348	0	0	68.56	68.56	68.56
juego1	easy	40.0	0.008	41630	700	348	347	-1	0	68.66	68.66	68.66
juego1	easy	40.0	0.008	41637	700	348	347	-1	0	68.72	68.72	68.72
juego1	easy	40.0	0.008	41645	700	348	347	-1	0	68.82	68.82	68.82
juego1	easy	40.0	0.008	41655	700	348	347	-1	0	68.91	68.91	68.91
juego1	easy	40.0	0.008	41663	700	348	347	-1	0	68.95	68.95	68.95
juego1	easy	40.0	0.008	41671	700	347	346	-1	0	68.99	68.99	68.99
juego1	easy	40.0	0.008	41679	700	347	346	-1	0	69.01	69.01	69.01
juego1	easy	40.0	0.008	41687	700	347	346	-1	0	69.08	69.08	69.08
juego1	easy	40.0	0.008	41695	700	347	346	-1	0	69.18	69.18	69.18
juego1	easy	40.0	0.008	41704	700	347	346	-1	0	69.23	69.23	69.23
juego1	easy	40.0	0.008	41713	700	347	346	-1	0	69.3	69.3	69.3
juego1	easy	40.0	0.008	41722	700	346	345	-1	0	69.36	69.36	69.36
juego1	easy	40.0	0.008	41731	700	346	345	-1	0	69.43	69.43	69.43
juego1	easy	40.0	0.008	41740	700	346	345	-1	0	69.52	69.52	69.52
juego1	easy	40.0	0.008	41749	700	346	345	-1	0	69.57	69.57	69.57
juego1	easy	40.0	0.008	41758	700	346	344	-2	0	69.68	69.68	69.68
juego1	easy	40.0	0.008	41767	700	345	344	-1	0	69.77	69.77	69.77
juego1	easy	40.0	0.008	41776	700	345	344	-1	0	69.85	69.85	69.85
juego1	easy	40.0	0.008	41785	700	345	344	-1	0	69.92	69.92	69.92
juego1	easy	40.0	0.008	41794	700	345	344	-1	0	69.96	69.96	69.96
juego1	easy	40.0	0.008	41803	700	344	343	-1	0	70.05	70.05	70.05
juego1	easy	40.0	0.008	41812	700	344	343	-1	0	70.14	70.14	70.14
juego1	easy	40.0	0.008	41819	700	344	343	-1	0	70.19	70.19	70.19
juego1	easy	40.0	0.008	41828	700	344	343	-1	0	70.32	70.32	70.32
juego1	easy	40.0	0.008	41837	700	343	342	-1	0	70.46	70.46	70.46
juego1	easy	40.0	0.008	41846	700	343	342	-1	0	70.59	70.59	70.59
juego1	easy	40.0	0.008	41853	700	343	342	-1	0	70.65	70.65	70.65
juego1	easy	40.0	0.008	41862	700	343	341	-2	0	70.75	70.75	70.75
juego1	easy	40.0	0.008	41871	700	342	341	-1	0	70.84	70.84	70.84
juego1	easy	40.0	0.008	41878	700	342	341	-1	0	70.89	70.89	70.89
juego1	easy	40.0	0.008	41887	700	342	341	-1	0	70.99	70.99	70.99
juego1	easy	40.0	0.008	41896	700	342	340	-2	0	71.1	71.1	71.1
juego1	easy	40.0	0.008	41904	700	341	340	-1	0	71.17	71.17	71.17
juego1	easy	40.0	0.008	41913	700	341	340	-1	0	71.3	71.3	71.3
juego1	easy	40.0	0.008	41921	700	341	339	-2	0	71.38	71.38	71.38
juego1	easy	40.0	0.008	41931	700	341	339	-2	0	71.44	71.44	71.44
juego1	easy	40.0	0.008	41938	700	340	339	-1	0	71.47	71.47	71.47
juego1	easy	40.0	0.008	41947	700	340	339	-1	0	71.6	71.6	71.6
juego1	easy	40.0	0.008	41956	700	340	338	-2	0	71.79	71.79	71.79
juego1	easy	40.0	0.008	41965	700	339	338	-1	0	71.95	71.95	71.95
juego1	easy	40.0	0.008	41974	700	339	338	-1	0	72.01	72.01	72.01
juego1	easy	40.0	0.008	41983	700	339	337	-2	0	72.1	72.1	72.1
juego1	easy	40.0	0.008	41992	700	338	337	-1	0	72.18	72.18	72.18
juego1	easy	40.0	0.008	42001	700	338	337	-1	0	72.26	72.26	72.26
juego1	easy	40.0	0.008	42008	700	338	337	-1	0	72.3	72.3	72.3
juego1	easy	40.0	0.008	42017	700	337	336	-1	0	72.42	72.42	72.42
juego1	easy	40.0	0.008	42026	700	337	336	-1	0	72.57	72.57	72.57
juego1	easy	40.0	0.008	42033	700	337	336	-1	0	72.64	72.64	72.64
juego1	easy	40.0	0.008	42042	700	337	335	-2	0	72.81	72.81	72.81
juego1	easy	40.0	0.008	42051	700	336	335	-1	0	72.97	72.97	72.97
juego1	easy	40.0	0.008	42059	700	336	334	-2	0	73.07	73.07	73.07
juego1	easy	40.0	0.008	42067	700	336	334	-2	0	73.26	73.26	73.26
juego1	easy	40.0	0.008	42076	700	335	333	-2	0	73.41	73.41	73.41
juego1	easy	40.0	0.008	42084	700	335	333	-2	0	73.47	73.47	73.47
juego1	easy	40.0	0.008	42092	700	334	333	-1	0	73.59	73.59	73.59
juego1	easy	40.0	0.008	42101	700	334	332	-2	0	73.74	73.74	73.74
juego1	easy	40.0	0.008	42110	700	334	332	-2	0	73.83	73.83	73.83
juego1	easy	40.0	0.008	42118	700	333	332	-1	0	74.0	74.0	74.0
juego1	easy	40.0	0.008	42127	700	333	331	-2	0	74.17	74.17	74.17
juego1	easy	40.0	0.008	42136	700	333	331	-2	0	74.34	74.34	74.34
juego1	easy	40.0	0.008	42145	700	332	330	-2	0	74.42	74.42	74.42
juego1	easy	40.0	0.008	42154	700	332	330	-2	0	74.6	74.6	74.6
juego1	easy	40.0	0.008	42163	700	332	329	-3	0	74.78	74.78	74.78
juego1	easy	40.0	0.008	42171	700	331	329	-2	0	74.92	74.92	74.92
juego1	easy	40.0	0.008	42180	700	331	329	-2	0	74.97	74.97	74.97
juego1	easy	40.0	0.008	42188	700	330	329	-1	0	75.01	75.01	75.01
juego1	easy	40.0	0.008	42196	700	330	328	-2	0	75.07	75.07	75.07
juego1	easy	40.0	0.008	42204	700	330	328	-2	0	75.12	75.12	75.12
juego1	easy	40.0	0.008	42213	700	329	328	-1	0	75.25	75.25	75.25
juego1	easy	40.0	0.008	42221	700	329	328	-1	0	75.37	75.37	75.37
juego1	easy	40.0	0.008	42231	700	329	327	-2	0	75.45	75.45	75.45
juego1	easy	40.0	0.008	42238	700	328	327	-1	0	75.49	75.49	75.49
juego1	easy	40.0	0.008	42247	700	328	327	-1	0	75.58	75.58	75.58
juego1	easy	40.0	0.008	42254	700	327	327	0	0	75.62	75.62	75.62
juego1	easy	40.0	0.008	42263	700	327	327	0	0	75.7	75.7	75.7
juego1	easy	40.0	0.008	42272	700	327	326	-1	0	75.76	75.76	75.76
juego1	easy	40.0	0.008	42281	700	326	326	0	0	75.81	75.81	75.81
juego1	easy	40.0	0.008	42289	700	326	326	0	0	75.92	75.92	75.92
juego1	easy	40.0	0.008	42297	700	325	326	1	0	76.06	76.06	76.06
juego1	easy	40.0	0.008	42306	700	325	325	0	0	76.18	76.18	76.18
juego1	easy	40.0	0.008	42315	700	324	325	1	0	76.23	76.23	76.23
juego1	easy	40.0	0.008	42324	700	324	325	1	0	76.33	76.33	76.33
juego1	easy	40.0	0.008	42332	700	324	324	0	0	76.46	76.46	76.46
juego1	easy	40.0	0.008	42341	700	323	324	1	0	76.62	76.62	76.62
juego1	easy	40.0	0.008	42350	700	323	324	1	0	76.71	76.71	76.71
juego1	easy	40.0	0.008	42359	700	322	323	1	0	76.87	76.87	76.87
juego1	easy	40.0	0.008	42368	700	322	323	1	0	77.03	77.03	77.03
juego1	easy	40.0	0.008	42375	700	321	322	1	0	77.09	77.09	77.09
juego1	easy	40.0	0.008	42384	700	321	322	1	0	77.19	77.19	77.19
juego1	easy	40.0	0.008	42393	700	321	322	1	0	77.23	77.23	77.23
juego1	easy	40.0	0.008	42402	700	320	322	2	0	77.28	77.28	77.28
juego1	easy	40.0	0.008	42411	700	320	322	2	0	77.35	77.35	77.35
juego1	easy	40.0	0.008	42419	700	319	322	3	0	77.4	77.4	77.4
juego1	easy	40.0	0.008	42428	700	319	321	2	0	77.5	77.5	77.5
juego1	easy	40.0	0.008	42437	700	318	321	3	0	77.57	77.57	77.57
juego1	easy	40.0	0.008	42445	700	318	321	3	0	77.62	77.62	77.62
juego1	easy	40.0	0.008	42454	700	317	321	4	0	77.73	77.73	77.73
juego1	easy	40.0	0.008	42463	700	317	320	3	0	77.85	77.85	77.85
juego1	easy	40.0	0.008	42471	700	316	320	4	0	77.98	77.98	77.98
juego1	easy	40.0	0.008	42480	700	316	320	4	0	78.05	78.05	78.05
juego1	easy	40.0	0.008	42489	700	316	319	3	0	78.18	78.18	78.18
juego1	easy	40.0	0.008	42498	700	315	319	4	0	78.3	78.3	78.3
juego1	easy	40.0	0.008	42507	700	315	319	4	0	78.4	78.4	78.4
juego1	easy	40.0	0.008	42515	700	314	318	4	0	78.44	78.44	78.44
juego1	easy	40.0	0.008	42522	700	314	318	4	0	78.58	78.58	78.58
juego1	easy	40.0	0.008	42531	700	313	318	5	0	78.66	78.66	78.66
juego1	easy	40.0	0.008	42540	700	313	317	4	0	78.81	78.81	78.81
juego1	easy	40.0	0.008	42549	700	312	317	5	0	78.93	78.93	78.93
juego1	easy	40.0	0.008	42556	700	312	317	5	0	78.98	78.98	78.98
juego1	easy	40.0	0.008	42564	700	311	317	6	0	79.08	79.08	79.08
juego1	easy	40.0	0.008	42573	700	311	316	5	0	79.22	79.22	79.22
juego1	easy	40.0	0.008	42582	700	310	316	6	0	79.38	79.38	79.38
juego1	easy	40.0	0.008	42589	700	310	315	5	0	79.45	79.45	79.45
juego1	easy	40.0	0.008	42598	700	309	315	6	0	79.59	79.59	79.59
juego1	easy	40.0	0.008	42607	700	309	315	6	0	79.71	79.71	79.71
juego1	easy	40.0	0.008	42615	700	308	315	7	0	79.77	79.77	79.77
juego1	easy	40.0	0.008	42624	700	308	314	6	0	79.93	79.93	79.93
juego1	easy	40.0	0.008	42632	700	307	313	6	0	80.13	80.13	80.13
juego1	easy	40.0	0.008	42641	700	307	313	6	0	80.26	80.26	80.26
juego1	easy	40.0	0.008	42649	700	306	312	6	0	80.49	80.49	80.49
juego1	easy	40.0	0.008	42659	700	306	312	6	0	80.74	80.74	80.74
juego1	easy	40.0	0.008	42667	700	305	311	6	0	80.98	80.98	80.98
juego1	easy	40.0	0.008	42675	700	305	311	6	0	81.1	81.1	81.1
juego1	easy	40.0	0.008	42683	700	304	310	6	0	81.34	81.34	81.34
juego1	easy	40.0	0.008	42692	700	304	309	5	0	81.53	81.53	81.53
juego1	easy	40.0	0.008	42701	700	303	309	6	0	81.63	81.63	81.63
juego1	easy	40.0	0.008	42710	700	303	308	5	0	81.84	81.84	81.84
juego1	easy	40.0	0.008	42718	700	302	308	6	0	82.11	82.11	82.11
juego1	easy	40.0	0.008	42726	700	302	307	5	0	82.26	82.26	82.26
juego1	easy	40.0	0.008	42734	700	301	306	5	0	82.6	82.6	82.6
juego1	easy	40.0	0.008	42743	700	301	305	4	0	82.94	82.94	82.94
juego1	easy	40.0	0.008	42751	700	300	305	5	0	83.1	83.1	83.1
juego1	easy	40.0	0.008	42759	700	300	304	4	0	83.38	83.38	83.38
juego1	easy	40.0	0.008	42768	700	300	303	3	0	83.61	83.61	83.61
juego1	easy	40.0	0.008	42776	700	300	303	3	0	83.72	83.72	83.72
juego1	easy	40.0	0.008	42785	700	299	302	3	0	83.97	83.97	83.97
juego1	easy	40.0	0.008	42794	700	299	301	2	0	84.24	84.24	84.24
juego1	easy	40.0	0.008	42802	700	298	301	3	0	84.49	84.49	84.49
juego1	easy	40.0	0.008	42811	700	298	300	2	0	84.61	84.61	84.61
juego1	easy	40.0	0.008	42820	700	297	300	3	0	84.86	84.86	84.86
juego1	easy	40.0	0.008	42827	700	297	300	3	0	85.12	85.12	85.12
juego1	easy	40.0	0.008	42835	700	296	299	3	0	85.25	85.25	85.25
juego1	easy	40.0	0.008	42844	700	296	298	2	0	85.52	85.52	85.52
juego1	easy	40.0	0.008	42852	700	295	298	3	0	85.63	85.63	85.63
juego1	easy	40.0	0.008	42859	700	295	297	2	0	85.86	85.86	85.86
juego1	easy	40.0	0.008	42868	700	294	297	3	0	86.11	86.11	86.11
juego1	easy	40.0	0.008	42877	700	294	296	2	0	86.37	86.37	86.37
juego1	easy	40.0	0.008	42886	700	293	296	3	0	86.52	86.52	86.52
juego1	easy	40.0	0.008	42896	700	292	295	3	0	86.79	86.79	86.79
juego1	easy	40.0	0.008	42904	700	292	294	2	0	87.06	87.06	87.06
juego1	easy	40.0	0.008	42913	700	291	293	2	0	87.27	87.27	87.27
juego1	easy	40.0	0.008	42922	700	291	293	2	0	87.36	87.36	87.36
juego1	easy	40.0	0.008	42931	700	290	293	3	0	87.52	87.52	87.52
juego1	easy	40.0	0.008	42940	700	290	292	2	0	87.65	87.65	87.65
juego1	easy	40.0	0.008	42949	700	289	292	3	0	87.76	87.76	87.76
juego1	easy	40.0	0.008	42958	700	289	292	3	0	87.87	87.87	87.87
juego1	easy	40.0	0.008	42967	700	288	291	3	0	87.95	87.95	87.95
juego1	easy	40.0	0.008	42976	700	288	291	3	0	88.1	88.1	88.1
juego1	easy	40.0	0.008	42985	700	287	290	3	0	88.26	88.26	88.26
juego1	easy	40.0	0.008	42993	700	287	290	3	1	88.39	88.39	88.39
juego1	easy	40.0	0.008	43002	700	286	290	4	1	88.45	88.45	88.45
juego1	easy	40.0	0.008	43009	700	286	290	4	1	88.53	88.53	88.53
juego1	easy	40.0	0.008	43018	700	286	289	3	1	88.59	88.59	88.59
juego1	easy	40.0	0.008	43028	700	285	289	4	1	88.62	88.62	88.62
juego1	easy	40.0	0.008	43036	700	285	289	4	1	88.64	88.64	88.64
juego1	easy	40.0	0.008	43045	700	284	289	5	1	88.66	88.66	88.66
juego1	easy	40.0	0.008	43053	700	284	289	5	1	88.72	88.72	88.72
juego1	easy	40.0	0.008	43062	700	283	289	6	1	88.76	88.76	88.76
juego1	easy	40.0	0.008	43071	700	283	289	6	1	88.81	88.81	88.81
juego1	easy	40.0	0.008	43080	700	283	289	6	1	88.86	88.86	88.86
juego1	easy	40.0	0.008	43089	700	282	288	6	1	88.91	88.91	88.91
juego1	easy	40.0	0.008	43097	700	282	288	6	1	88.95	88.95	88.95
juego1	easy	40.0	0.008	43106	700	281	288	7	1	89.04	89.04	89.04
juego1	easy	40.0	0.008	43115	700	281	288	7	1	89.15	89.15	89.15
juego1	easy	40.0	0.008	43124	700	280	287	7	1	89.26	89.26	89.26
juego1	easy	40.0	0.008	43133	700	280	287	7	1	89.39	89.39	89.39
juego1	easy	40.0	0.008	43142	700	280	287	7	1	89.45	89.45	89.45
juego1	easy	40.0	0.008	43150	700	279	286	7	1	89.6	89.6	89.6
juego1	easy	40.0	0.008	43159	700	279	286	7	1	89.74	89.74	89.74
juego1	easy	40.0	0.008	43168	700	278	286	8	1	89.86	89.86	89.86
juego1	easy	40.0	0.008	43177	700	278	285	7	1	89.92	89.92	89.92
juego1	easy	40.0	0.008	43186	700	277	285	8	1	90.07	90.07	90.07
juego1	easy	40.0	0.008	43195	700	277	284	7	1	90.29	90.29	90.29
juego1	easy	40.0	0.008	43203	700	277	284	7	1	90.55	90.55	90.55
juego1	easy	40.0	0.008	43211	700	276	283	7	1	90.67	90.67	90.67
juego1	easy	40.0	0.008	43220	700	276	283	7	1	90.86	90.86	90.86
juego1	easy	40.0	0.008	43228	700	275	282	7	1	90.99	90.99	90.99
juego1	easy	40.0	0.008	43236	700	275	282	7	1	91.05	91.05	91.05
juego1	easy	40.0	0.008	43245	700	274	282	8	1	91.23	91.23	91.23
juego1	easy	40.0	0.008	43252	700	274	281	7	1	91.35	91.35	91.35
juego1	easy	40.0	0.008	43261	700	274	281	7	1	91.48	91.48	91.48
juego1	easy	40.0	0.008	43269	700	273	280	7	1	91.86	91.86	91.86
juego1	easy	40.0	0.008	43278	700	273	279	6	1	92.05	92.05	92.05
juego1	easy	40.0	0.008	43285	700	272	279	7	1	92.11	92.11	92.11
juego1	easy	40.0	0.008	43294	700	272	279	7	1	92.2	92.2	92.2
juego1	easy	40.0	0.008	43302	700	271	279	8	1	92.25	92.25	92.25
juego1	easy	40.0	0.008	43311	700	271	278	7	1	92.37	92.37	92.37
juego1	easy	40.0	0.008	43320	700	271	278	7	1	92.52	92.52	92.52
juego1	easy	40.0	0.008	43329	700	270	277	7	1	92.61	92.61	92.61
juego1	easy	40.0	0.008	43337	700	270	277	7	1	92.76	92.76	92.76
juego1	easy	40.0	0.008	43346	700	269	277	8	1	92.89	92.89	92.89
juego1	easy	40.0	0.008	43354	700	269	276	7	1	93.09	93.09	93.09
juego1	easy	40.0	0.008	43363	700	269	275	6	1	93.32	93.32	93.32
juego1	easy	40.0	0.008	43372	700	268	275	7	1	93.42	93.42	93.42
juego1	easy	40.0	0.008	43381	700	268	275	7	1	93.55	93.55	93.55
juego1	easy	40.0	0.008	43389	700	267	274	7	1	93.62	93.62	93.62
juego1	easy	40.0	0.008	43398	700	267	274	7	1	93.66	93.66	93.66
juego1	easy	40.0	0.008	43407	700	267	274	7	1	93.73	93.73	93.73
juego1	easy	40.0	0.008	43416	700	266	274	8	1	93.83	93.83	93.83
juego1	easy	40.0	0.008	43425	700	266	274	8	1	93.94	93.94	93.94
juego1	easy	40.0	0.008	43434	700	265	273	8	1	94.09	94.09	94.09
juego1	easy	40.0	0.008	43443	700	265	272	7	1	94.32	94.32	94.32
juego1	easy	40.0	0.008	43452	700	265	272	7	1	94.45	94.45	94.45
juego1	easy	40.0	0.008	43461	700	264	271	7	1	94.65	94.65	94.65
juego1	easy	40.0	0.008	43470	700	264	271	7	1	94.77	94.77	94.77
juego1	easy	40.0	0.008	43480	700	263	271	8	1	94.86	94.86	94.86
juego1	easy	40.0	0.008	43487	700	263	271	8	1	94.9	94.9	94.9
juego1	easy	40.0	0.008	43495	700	263	270	7	1	94.97	94.97	94.97
juego1	easy	40.0	0.008	43504	700	262	270	8	1	95.04	95.04	95.04
juego1	easy	40.0	0.008	43511	700	262	270	8	1	95.07	95.07	95.07
juego1	easy	40.0	0.008	43520	700	261	270	9	1	95.18	95.18	95.18
juego1	easy	40.0	0.008	43528	700	261	270	9	1	95.28	95.28	95.28
juego1	easy	40.0	0.008	43537	700	261	269	8	1	95.52	95.52	95.52
juego1	easy	40.0	0.008	43546	700	260	268	8	1	95.72	95.72	95.72
juego1	easy	40.0	0.008	43554	700	260	268	8	1	95.84	95.84	95.84
juego1	easy	40.0	0.008	43563	700	259	268	9	1	95.89	95.89	95.89
juego1	easy	40.0	0.008	43571	700	259	267	8	1	96.05	96.05	96.05
juego1	easy	40.0	0.008	43579	700	259	266	7	1	96.34	96.34	96.34
juego1	easy	40.0	0.008	43588	700	258	266	8	1	96.51	96.51	96.51
juego1	easy	40.0	0.008	43597	700	258	265	7	1	96.84	96.84	96.84
juego1	easy	40.0	0.008	43606	700	258	264	6	1	97.1	97.1	97.1
juego1	easy	40.0	0.008	43615	700	257	264	7	1	97.27	97.27	97.27
juego1	easy	40.0	0.008	43624	700	257	263	6	1	97.43	97.43	97.43
juego1	easy	40.0	0.008	43632	700	257	263	6	1	97.51	97.51	97.51
juego1	easy	40.0	0.008	43641	700	256	262	6	1	97.67	97.67	97.67
juego1	easy	40.0	0.008	43650	700	256	262	6	1	97.86	97.86	97.86
juego1	easy	40.0	0.008	43658	700	255	262	7	1	97.99	97.99	97.99
juego1	easy	40.0	0.008	43667	700	255	261	6	1	98.24	98.24	98.24
juego1	easy	40.0	0.008	43676	700	255	260	5	1	98.45	98.45	98.45
juego1	easy	40.0	0.008	43684	700	254	260	6	1	98.64	98.64	98.64
juego1	easy	40.0	0.008	43693	700	254	259	5	1	98.85	98.85	98.85
juego1	easy	40.0	0.008	43701	700	254	258	4	1	99.09	99.09	99.09
juego1	easy	40.0	0.008	43710	700	253	258	5	1	99.34	99.34	99.34
juego1	easy	40.0	0.008	43719	700	253	257	4	1	99.59	99.59	99.59
juego1	easy	40.0	0.008	43728	700	253	256	3	1	99.71	99.71	99.71
juego1	easy	40.0	0.008	43735	700	252	256	4	1	99.9	99.9	99.9
juego1	easy	40.0	0.008	43744	700	252	256	4	1	99.98	99.98	99.98
juego1	easy	40.0	0.008	43751	700	252	255	3	1	100.13	100.13	100.13
juego1	easy	40.0	0.008	43760	700	251	255	4	1	100.28	100.28	100.28
juego1	easy	40.0	0.008	43767	700	251	254	3	1	100.37	100.37	100.37
juego1	easy	40.0	0.008	43775	700	251	254	3	1	100.6	100.6	100.6
juego1	easy	40.0	0.008	43783	700	250	253	3	1	100.74	100.74	100.74
juego1	easy	40.0	0.008	43792	700	250	253	3	1	100.98	100.98	100.98
juego1	easy	40.0	0.008	43800	700	250	252	2	1	101.16	101.16	101.16
juego1	easy	40.0	0.008	43809	700	249	252	3	1	101.28	101.28	101.28
juego1	easy	40.0	0.008	43817	700	249	252	3	1	101.31	101.31	101.31
juego1	easy	40.0	0.008	43825	700	249	251	2	1	101.38	101.38	101.38
juego1	easy	40.0	0.008	43834	700	248	251	3	1	101.46	101.46	101.46
juego1	easy	40.0	0.008	43843	700	248	251	3	1	101.51	101.51	101.51
juego1	easy	40.0	0.008	43850	700	248	251	3	1	101.55	101.55	101.55
juego1	easy	40.0	0.008	43858	700	247	251	4	1	101.57	101.57	101.57
juego1	easy	40.0	0.008	43866	700	247	251	4	1	101.62	101.62	101.62
juego1	easy	40.0	0.008	43875	700	247	250	3	1	101.71	101.71	101.71
juego1	easy	40.0	0.008	43882	700	247	250	3	1	101.76	101.76	101.76
juego1	easy	40.0	0.008	43890	700	246	250	4	1	101.88	101.88	101.88
juego1	easy	40.0	0.008	43898	700	246	250	4	1	101.93	101.93	101.93
juego1	easy	40.0	0.008	43906	700	246	250	4	1	101.99	101.99	101.99
juego1	easy	40.0	0.008	43915	700	245	250	5	1	102.03	102.03	102.03
juego1	easy	40.0	0.008	43923	700	245	249	4	1	102.05	102.05	102.05
juego1	easy	40.0	0.008	43931	700	245	249	4	1	102.1	102.1	102.1
juego1	easy	40.0	0.008	43939	700	245	249	4	1	102.18	102.18	102.18
juego1	easy	40.0	0.008	43947	700	244	249	5	1	102.23	102.23	102.23
juego1	easy	40.0	0.008	43955	700	244	249	5	1	102.29	102.29	102.29
juego1	easy	40.0	0.008	43964	700	244	248	4	1	102.43	102.43	102.43
juego1	easy	40.0	0.008	43973	700	243	248	5	1	102.56	102.56	102.56
juego1	easy	40.0	0.008	43981	700	243	248	5	1	102.68	102.68	102.68
juego1	easy	40.0	0.008	43990	700	243	247	4	1	102.83	102.83	102.83
juego1	easy	40.0	0.008	43998	700	243	247	4	1	102.9	102.9	102.9
juego1	easy	40.0	0.008	44006	700	242	247	5	1	102.97	102.97	102.97
juego1	easy	40.0	0.008	44013	700	242	247	5	1	102.99	102.99	102.99
juego1	easy	40.0	0.008	44021	700	242	247	5	1	103.04	103.04	103.04
juego1	easy	40.0	0.008	44029	700	242	246	4	1	103.08	103.08	103.08
juego1	easy	40.0	0.008	44038	700	241	246	5	1	103.25	103.25	103.25
juego1	easy	40.0	0.008	44047	700	241	245	4	1	103.46	103.46	103.46
juego1	easy	40.0	0.008	44056	700	241	245	4	1	103.66	103.66	103.66
juego1	easy	40.0	0.008	44065	700	241	244	3	1	103.82	103.82	103.82
juego1	easy	40.0	0.008	44074	700	240	244	4	1	103.89	103.89	103.89
juego1	easy	40.0	0.008	44082	700	240	244	4	1	104.06	104.06	104.06
juego1	easy	40.0	0.008	44091	700	240	243	3	1	104.24	104.24	104.24
juego1	easy	40.0	0.008	44100	700	240	243	3	1	104.38	104.38	104.38
juego1	easy	40.0	0.008	44109	700	240	242	2	1	104.43	104.43	104.43
juego1	easy	40.0	0.008	44118	700	239	242	3	1	104.52	104.52	104.52
juego1	easy	40.0	0.008	44127	700	239	242	3	1	104.6	104.6	104.6
juego1	easy	40.0	0.008	44136	700	239	242	3	1	104.7	104.7	104.7
juego1	easy	40.0	0.008	44145	700	239	241	2	1	104.82	104.82	104.82
juego1	easy	40.0	0.008	44153	700	239	241	2	1	104.86	104.86	104.86
juego1	easy	40.0	0.008	44162	700	238	241	3	1	104.92	104.92	104.92
juego1	easy	40.0	0.008	44171	700	238	241	3	1	105.0	105.0	105.0
juego1	easy	40.0	0.008	44180	700	238	240	2	1	105.14	105.14	105.14
juego1	easy	40.0	0.008	44188	700	238	240	2	1	105.24	105.24	105.24
juego1	easy	40.0	0.008	44197	700	238	239	1	1	105.42	105.42	105.42
juego1	easy	40.0	0.008	44205	700	237	239	2	1	105.47	105.47	105.47
juego1	easy	40.0	0.008	44213	700	237	239	2	1	105.51	105.51	105.51
juego1	easy	40.0	0.008	44222	700	237	239	2	1	105.49	105.49	105.49
juego1	easy	40.0	0.008	44230	700	237	239	2	1	105.49	105.49	105.49
juego1	easy	40.0	0.008	44239	700	237	239	2	1	105.54	105.54	105.54
juego1	easy	40.0	0.008	44248	700	236	239	3	1	105.66	105.66	105.66
juego1	easy	40.0	0.008	44257	700	236	238	2	1	105.8	105.8	105.8
juego1	easy	40.0	0.008	44265	700	236	238	2	1	105.84	105.84	105.84
juego1	easy	40.0	0.008	44272	700	236	238	2	1	105.88	105.88	105.88
juego1	easy	40.0	0.008	44281	700	236	238	2	1	105.86	105.86	105.86
juego1	easy	40.0	0.008	44290	700	236	238	2	1	105.83	105.83	105.83
juego1	easy	40.0	0.008	44299	700	235	238	3	1	105.76	105.76	105.76
juego1	easy	40.0	0.008	44308	700	235	239	4	1	105.75	105.75	105.75
juego1	easy	40.0	0.008	44315	700	235	238	3	1	105.79	105.79	105.79
juego1	easy	40.0	0.008	44324	700	235	238	3	1	105.86	105.86	105.86
juego1	easy	40.0	0.008	44333	700	235	238	3	1	105.98	105.98	105.98
juego1	easy	40.0	0.008	44341	700	235	238	3	1	106.08	106.08	106.08
juego1	easy	40.0	0.008	44350	700	235	237	2	1	106.11	106.11	106.11
juego1	easy	40.0	0.008	44359	700	235	237	2	1	106.14	106.14	106.14
juego1	easy	40.0	0.008	44368	700	234	237	3	1	106.15	106.15	106.15
juego1	easy	40.0	0.008	44376	700	234	237	3	1	106.16	106.16	106.16
juego1	easy	40.0	0.008	44384	700	234	237	3	1	106.17	106.17	106.17
juego1	easy	40.0	0.008	44392	700	234	237	3	1	106.15	106.15	106.15
juego1	easy	40.0	0.008	44401	700	234	237	3	1	106.1	106.1	106.1
juego1	easy	40.0	0.008	44409	700	234	237	3	1	106.09	106.09	106.09
juego1	easy	40.0	0.008	44418	700	234	238	4	1	106.07	106.07	106.07
juego1	easy	40.0	0.008	44427	700	234	237	3	1	106.09	106.09	106.09
juego1	easy	40.0	0.008	44436	700	233	237	4	1	106.14	106.14	106.14
juego1	easy	40.0	0.008	44444	700	233	237	4	1	106.18	106.18	106.18
juego1	easy	40.0	0.008	44452	700	233	237	4	1	106.23	106.23	106.23
juego1	easy	40.0	0.008	44461	700	233	237	4	1	106.26	106.26	106.26
juego1	easy	40.0	0.008	44469	700	233	237	4	1	106.26	106.26	106.26
juego1	easy	40.0	0.008	44478	700	233	237	4	1	106.25	106.25	106.25
juego1	easy	40.0	0.008	44486	700	233	237	4	1	106.2	106.2	106.2
juego1	easy	40.0	0.008	44494	700	233	237	4	1	106.19	106.19	106.19
juego1	easy	40.0	0.008	44503	700	233	237	4	1	106.17	106.17	106.17
juego1	easy	40.0	0.008	44511	700	233	237	4	1	106.19	106.19	106.19
juego1	easy	40.0	0.008	44521	700	233	237	4	1	106.21	106.21	106.21
juego1	easy	40.0	0.008	44529	700	233	237	4	1	106.2	106.2	106.2
juego1	easy	40.0	0.008	44538	700	233	237	4	1	106.15	106.15	106.15
juego1	easy	40.0	0.008	44547	700	233	237	4	1	106.1	106.1	106.1
juego1	easy	40.0	0.008	44557	700	232	237	5	1	106.09	106.09	106.09
juego1	easy	40.0	0.008	44565	700	232	237	5	1	106.09	106.09	106.09
juego1	easy	40.0	0.008	44574	700	232	238	6	1	106.08	106.08	106.08
juego1	easy	40.0	0.008	44582	700	232	238	6	1	106.05	106.05	106.05
juego1	easy	40.0	0.008	44591	700	232	238	6	1	106.03	106.03	106.03
juego1	easy	40.0	0.008	44600	700	232	238	6	1	106.03	106.03	106.03
juego1	easy	40.0	0.008	44609	700	232	238	6	1	106.06	106.06	106.06
juego1	easy	40.0	0.008	44617	700	232	237	5	1	106.09	106.09	106.09
juego1	easy	40.0	0.008	44626	700	232	238	6	1	106.08	106.08	106.08
juego1	easy	40.0	0.008	44634	700	232	238	6	1	106.06	106.06	106.06
juego1	easy	40.0	0.008	44643	700	232	238	6	1	106.03	106.03	106.03
juego1	easy	40.0	0.008	44650	700	232	238	6	1	106.0	106.0	106.0
juego1	easy	40.0	0.008	44659	700	232	238	6	1	105.95	105.95	105.95
juego1	easy	40.0	0.008	44667	700	232	238	6	1	105.94	105.94	105.94
juego1	easy	40.0	0.008	44675	700	232	238	6	1	105.96	105.96	105.96
juego1	easy	40.0	0.008	44685	700	232	238	6	1	106.0	106.0	106.0
juego1	easy	40.0	0.008	44692	700	232	238	6	1	106.02	106.02	106.02
juego1	easy	40.0	0.008	44700	700	232	238	6	1	106.03	106.03	106.03
juego1	easy	40.0	0.008	44709	700	232	238	6	1	106.03	106.03	106.03
juego1	easy	40.0	0.008	44717	700	232	238	6	1	106.01	106.01	106.01
juego1	easy	40.0	0.008	44725	700	232	238	6	1	105.99	105.99	105.99
juego1	easy	40.0	0.008	44735	700	232	238	6	1	105.92	105.92	105.92
juego1	easy	40.0	0.008	44743	700	232	238	6	1	105.86	105.86	105.86
juego1	easy	40.0	0.008	44752	700	232	238	6	1	105.84	105.84	105.84
juego1	easy	40.0	0.008	44761	700	232	238	6	1	105.85	105.85	105.85
juego1	easy	40.0	0.008	44768	700	232	238	6	1	105.9	105.9	105.9
juego1	easy	40.0	0.008	44777	700	232	238	6	1	105.92	105.92	105.92
juego1	easy	40.0	0.008	44785	700	232	238	6	1	105.93	105.93	105.93
juego1	easy	40.0	0.008	44794	700	232	238	6	1	105.95	105.95	105.95
juego1	easy	40.0	0.008	44803	700	232	238	6	1	105.97	105.97	105.97
juego1	easy	40.0	0.008	44810	700	233	238	5	1	105.98	105.98	105.98
juego1	easy	40.0	0.008	44818	700	233	238	5	1	106.0	106.0	106.0
juego1	easy	40.0	0.008	44826	700	233	238	5	1	106.03	106.03	106.03
juego1	easy	40.0	0.008	44834	700	233	238	5	1	106.05	106.05	106.05
juego1	easy	40.0	0.008	44842	700	233	238	5	1	106.06	106.06	106.06
juego1	easy	40.0	0.008	44850	700	233	238	5	1	106.06	106.06	106.06
juego1	easy	40.0	0.008	44859	700	233	238	5	1	106.05	106.05	106.05
juego1	easy	40.0	0.008	44868	700	233	238	5	1	106.03	106.03	106.03
juego1	easy	40.0	0.008	44877	700	233	238	5	1	106.03	106.03	106.03
juego1	easy	40.0	0.008	44885	700	233	238	5	1	106.04	106.04	106.04
juego1	easy	40.0	0.008	44895	700	233	238	5	1	106.05	106.05	106.05
juego1	easy	40.0	0.008	44902	700	233	238	5	1	106.03	106.03	106.03
juego1	easy	40.0	0.008	44910	700	233	238	5	1	106.02	106.02	106.02
juego1	easy	40.0	0.008	44918	700	234	238	4	1	105.95	105.95	105.95
juego1	easy	40.0	0.008	44926	700	234	238	4	1	105.92	105.92	105.92
juego1	easy	40.0	0.008	44934	700	234	238	4	1	105.83	105.83	105.83
juego1	easy	40.0	0.008	44942	700	234	238	4	1	105.81	105.81	105.81
juego1	easy	40.0	0.008	44950	700	234	238	4	1	105.81	105.81	105.81
juego1	easy	40.0	0.008	44959	700	234	238	4	1	105.84	105.84	105.84
juego1	easy	40.0	0.008	44967	700	234	238	4	1	105.85	105.85	105.85
juego1	easy	40.0	0.008	44975	700	234	238	4	1	105.85	105.85	105.85
juego1	easy	40.0	0.008	44983	700	234	238	4	1	105.82	105.82	105.82
juego1	easy	40.0	0.008	44991	700	235	238	3	1	105.8	105.8	105.8
juego1	easy	40.0	0.008	45000	700	235	238	3	1	105.78	105.78	105.78
juego1	easy	40.0	0.008	45009	700	235	239	4	1	105.75	105.75	105.75
juego1	easy	40.0	0.008	45018	700	235	239	4	1	105.74	105.74	105.74
juego1	easy	40.0	0.008	45027	700	235	239	4	1	105.73	105.73	105.73
juego1	easy	40.0	0.008	45036	700	235	239	4	1	105.73	105.73	105.73
juego1	easy	40.0	0.008	45045	700	235	239	4	1	105.74	105.74	105.74
juego1	easy	40.0	0.008	45054	700	236	239	3	1	105.73	105.73	105.73
juego1	easy	40.0	0.008	45063	700	236	239	3	1	105.7	105.7	105.7
juego1	easy	40.0	0.008	45071	700	236	239	3	1	105.68	105.68	105.68
juego1	easy	40.0	0.008	45080	700	236	239	3	1	105.65	105.65	105.65
juego1	easy	40.0	0.008	45088	700	236	239	3	1	105.64	105.64	105.64
juego1	easy	40.0	0.008	45095	700	236	239	3	1	105.64	105.64	105.64
juego1	easy	40.0	0.008	45104	700	237	239	2	1	105.62	105.62	105.62
juego1	easy	40.0	0.008	45112	700	237	239	2	1	105.61	105.61	105.61
juego1	easy	40.0	0.008	45120	700	237	239	2	1	105.62	105.62	105.62
juego1	easy	40.0	0.008	45129	700	237	239	2	1	105.64	105.64	105.64
juego1	easy	40.0	0.008	45137	700	237	239	2	1	105.66	105.66	105.66
juego1	easy	40.0	0.008	45146	700	237	239	2	1	105.68	105.68	105.68
juego1	easy	40.0	0.008	45155	700	238	239	1	1	105.66	105.66	105.66
juego1	easy	40.0	0.008	45164	700	238	239	1	1	105.6	105.6	105.6
juego1	easy	40.0	0.008	45172	700	238	239	1	1	105.56	105.56	105.56
juego1	easy	40.0	0.008	45181	700	238	239	1	1	105.5	105.5	105.5
juego1	easy	40.0	0.008	45190	700	238	239	1	1	105.47	105.47	105.47
juego1	easy	40.0	0.008	45199	700	239	239	0	1	105.47	105.47	105.47
juego1	easy	40.0	0.008	45208	700	239	239	0	1	105.49	105.49	105.49
juego1	easy	40.0	0.008	45215	700	239	239	0	1	105.51	105.51	105.51
juego1	easy	40.0	0.008	45224	700	239	239	0	1	105.52	105.52	105.52
juego1	easy	40.0	0.008	45231	700	239	239	0	1	105.51	105.51	105.51
juego1	easy	40.0	0.008	45240	700	240	239	-1	1	105.46	105.46	105.46
juego1	easy	40.0	0.008	45248	700	240	240	0	1	105.33	105.33	105.33
juego1	easy	40.0	0.008	45256	700	240	240	0	1	105.24	105.24	105.24
juego1	easy	40.0	0.008	45264	700	240	241	1	1	105.06	105.06	105.06
juego1	easy	40.0	0.008	45272	700	241	241	0	1	105.02	105.02	105.02
juego1	easy	40.0	0.008	45279	700	241	241	0	1	104.97	104.97	104.97
juego1	easy	40.0	0.008	45287	700	241	241	0	1	104.96	104.96	104.96
juego1	easy	40.0	0.008	45296	700	241	241	0	1	104.89	104.89	104.89
juego1	easy	40.0	0.008	45305	700	242	241	-1	1	104.78	104.78	104.78
juego1	easy	40.0	0.008	45313	700	242	242	0	1	104.66	104.66	104.66
juego1	easy	40.0	0.008	45321	700	242	242	0	1	104.61	104.61	104.61
juego1	easy	40.0	0.008	45330	700	242	242	0	1	104.55	104.55	104.55
juego1	easy	40.0	0.008	45339	700	243	242	-1	1	104.51	104.51	104.51
juego1	easy	40.0	0.008	45348	700	243	242	-1	1	104.48	104.48	104.48
juego1	easy	40.0	0.008	45358	700	243	242	-1	1	104.45	104.45	104.45
juego1	easy	40.0	0.008	45365	700	243	242	-1	1	104.41	104.41	104.41
juego1	easy	40.0	0.008	45374	700	244	243	-1	1	104.4	104.4	104.4
juego1	easy	40.0	0.008	45382	700	244	242	-2	1	104.41	104.41	104.41
juego1	easy	40.0	0.008	45390	700	244	242	-2	1	104.41	104.41	104.41
juego1	easy	40.0	0.008	45398	700	244	243	-1	1	104.39	104.39	104.39
juego1	easy	40.0	0.008	45407	700	245	243	-2	1	104.38	104.38	104.38
juego1	easy	40.0	0.008	45415	700	245	243	-2	1	104.37	104.37	104.37
juego1	easy	40.0	0.008	45423	700	245	243	-2	1	104.37	104.37	104.37
juego1	easy	40.0	0.008	45431	700	246	243	-3	1	104.38	104.38	104.38
juego1	easy	40.0	0.008	45439	700	246	243	-3	1	104.36	104.36	104.36
juego1	easy	40.0	0.008	45448	700	246	243	-3	1	104.31	104.31	104.31
juego1	easy	40.0	0.008	45456	700	246	243	-3	1	104.27	104.27	104.27
juego1	easy	40.0	0.008	45465	700	247	243	-4	1	104.18	104.18	104.18
juego1	easy	40.0	0.008	45473	700	247	243	-4	1	104.14	104.14	104.14
juego1	easy	40.0	0.008	45482	700	247	244	-3	1	104.04	104.04	104.04
juego1	easy	40.0	0.008	45491	700	248	244	-4	1	103.9	103.9	103.9
juego1	easy	40.0	0.008	45500	700	248	244	-4	1	103.74	103.74	103.74
juego1	easy	40.0	0.008	45510	700	248	245	-3	1	103.64	103.64	103.64
juego1	easy	40.0	0.008	45519	700	248	245	-3	1	103.57	103.57	103.57
juego1	easy	40.0	0.008	45527	700	249	245	-4	1	103.51	103.51	103.51
juego1	easy	40.0	0.008	45535	700	249	246	-3	1	103.32	103.32	103.32
juego1	easy	40.0	0.008	45542	700	249	246	-3	1	103.2	103.2	103.2
juego1	easy	40.0	0.008	45550	700	250	247	-3	1	103.01	103.01	103.01
juego1	easy	40.0	0.008	45559	700	250	247	-3	1	102.93	102.93	102.93
juego1	easy	40.0	0.008	45567	700	250	247	-3	1	102.92	102.92	102.92
juego1	easy	40.0	0.008	45576	700	251	247	-4	1	102.86	102.86	102.86
juego1	easy	40.0	0.008	45585	700	251	248	-3	1	102.67	102.67	102.67
juego1	easy	40.0	0.008	45593	700	251	248	-3	1	102.47	102.47	102.47
juego1	easy	40.0	0.008	45602	700	252	248	-4	1	102.41	102.41	102.41
juego1	easy	40.0	0.008	45610	700	252	249	-3	1	102.33	102.33	102.33
juego1	easy	40.0	0.008	45619	700	252	249	-3	1	102.25	102.25	102.25
juego1	easy	40.0	0.008	45627	700	253	249	-4	1	102.18	102.18	102.18
juego1	easy	40.0	0.008	45635	700	253	250	-3	1	102.03	102.03	102.03
juego1	easy	40.0	0.008	45644	700	253	250	-3	1	101.95	101.95	101.95
juego1	easy	40.0	0.008	45652	700	254	250	-4	1	101.82	101.82	101.82
juego1	easy	40.0	0.008	45661	700	254	250	-4	1	101.71	101.71	101.71
juego1	easy	40.0	0.008	45670	700	254	251	-3	1	101.59	101.59	101.59
juego1	easy	40.0	0.008	45678	700	255	251	-4	1	101.54	101.54	101.54
juego1	easy	40.0	0.008	45687	700	255	251	-4	1	101.45	101.45	101.45
juego1	easy	40.0	0.008	45696	700	256	251	-5	1	101.39	101.39	101.39
juego1	easy	40.0	0.008	45705	700	256	252	-4	1	101.31	101.31	101.31
juego1	easy	40.0	0.008	45714	700	256	252	-4	1	101.18	101.18	101.18
juego1	easy	40.0	0.008	45725	700	257	252	-5	1	101.03	101.03	101.03
juego1	easy	40.0	0.008	45732	700	257	253	-4	1	100.96	100.96	100.96
juego1	easy	40.0	0.008	45740	700	257	253	-4	1	100.84	100.84	100.84
juego1	easy	40.0	0.008	45749	700	258	253	-5	1	100.77	100.77	100.77
juego1	easy	40.0	0.008	45757	700	258	254	-4	1	100.66	100.66	100.66
juego1	easy	40.0	0.008	45766	700	258	254	-4	1	100.55	100.55	100.55
juego1	easy	40.0	0.008	45775	700	259	254	-5	1	100.49	100.49	100.49
juego1	easy	40.0	0.008	45783	700	259	255	-4	1	100.35	100.35	100.35
juego1	easy	40.0	0.008	45791	700	260	255	-5	1	100.24	100.24	100.24
juego1	easy	40.0	0.008	45800	700	260	255	-5	1	100.14	100.14	100.14
juego1	easy	40.0	0.008	45809	700	260	256	-4	1	99.96	99.96	99.96
juego1	easy	40.0	0.008	45818	700	261	256	-5	1	99.9	99.9	99.9
juego1	easy	40.0	0.008	45827	700	261	256	-5	1	99.75	99.75	99.75
juego1	easy	40.0	0.008	45836	700	261	257	-4	1	99.62	99.62	99.62
juego1	easy	40.0	0.008	45843	700	262	257	-5	1	99.54	99.54	99.54
juego1	easy	40.0	0.008	45852	700	262	257	-5	1	99.41	99.41	99.41
juego1	easy	40.0	0.008	45861	700	263	258	-5	1	99.27	99.27	99.27
juego1	easy	40.0	0.008	45869	700	263	258	-5	1	99.15	99.15	99.15
juego1	easy	40.0	0.008	45877	700	263	258	-5	1	99.1	99.1	99.1
juego1	easy	40.0	0.008	45886	700	264	259	-5	1	99.0	99.0	99.0
juego1	easy	40.0	0.008	45894	700	264	259	-5	1	98.94	98.94	98.94
juego1	easy	40.0	0.008	45903	700	265	259	-6	1	98.81	98.81	98.81
juego1	easy	40.0	0.008	45912	700	265	260	-5	1	98.64	98.64	98.64
juego1	easy	40.0	0.008	45921	700	265	260	-5	1	98.48	98.48	98.48
juego1	easy	40.0	0.008	45930	700	266	261	-5	1	98.31	98.31	98.31
juego1	easy	40.0	0.008	45938	700	266	261	-5	1	98.23	98.23	98.23
juego1	easy	40.0	0.008	45947	700	267	261	-6	1	98.04	98.04	98.04
juego1	easy	40.0	0.008	45956	700	267	262	-5	1	97.82	97.82	97.82
juego1	easy	40.0	0.008	45964	700	267	262	-5	1	97.72	97.72	97.72
juego1	easy	40.0	0.008	45973	700	268	263	-5	1	97.52	97.52	97.52
juego1	easy	40.0	0.008	45981	700	268	264	-4	1	97.3	97.3	97.3
juego1	easy	40.0	0.008	45990	700	269	264	-5	1	97.07	97.07	97.07
juego1	easy	40.0	0.008	45999	700	269	265	-4	1	96.97	96.97	96.97
juego1	easy	40.0	0.008	46006	700	270	265	-5	1	96.8	96.8	96.8
juego1	easy	40.0	0.008	46015	700	270	266	-4	1	96.64	96.64	96.64
juego1	easy	40.0	0.008	46023	700	270	266	-4	1	96.54	96.54	96.54
juego1	easy	40.0	0.008	46032	700	271	267	-4	1	96.28	96.28	96.28
juego1	easy	40.0	0.008	46040	700	271	267	-4	1	96.02	96.02	96.02
juego1	easy	40.0	0.008	46048	700	272	268	-4	1	95.9	95.9	95.9
juego1	easy	40.0	0.008	46056	700	272	268	-4	1	95.72	95.72	95.72
juego1	easy	40.0	0.008	46065	700	272	269	-3	1	95.54	95.54	95.54
juego1	easy	40.0	0.008	46075	700	273	269	-4	1	95.32	95.32	95.32
juego1	easy	40.0	0.008	46083	700	273	270	-3	1	95.2	95.2	95.2
juego1	easy	40.0	0.008	46091	700	274	270	-4	1	94.97	94.97	94.97
juego1	easy	40.0	0.008	46100	700	274	271	-3	1	94.81	94.81	94.81
juego1	easy	40.0	0.008	46109	700	275	271	-4	1	94.73	94.73	94.73
juego1	easy	40.0	0.008	46117	700	275	272	-3	1	94.53	94.53	94.53
juego1	easy	40.0	0.008	46126	700	275	273	-2	1	94.27	94.27	94.27
juego1	easy	40.0	0.008	46135	700	276	273	-3	1	94.0	94.0	94.0
juego1	easy	40.0	0.008	46144	700	276	274	-2	1	93.88	93.88	93.88
juego1	easy	40.0	0.008	46153	700	277	274	-3	1	93.66	93.66	93.66
juego1	easy	40.0	0.008	46162	700	277	275	-2	1	93.44	93.44	93.44
juego1	easy	40.0	0.008	46170	700	278	275	-3	1	93.32	93.32	93.32
juego1	easy	40.0	0.008	46179	700	278	276	-2	1	93.22	93.22	93.22
juego1	easy	40.0	0.008	46188	700	278	276	-2	1	93.04	93.04	93.04
juego1	easy	40.0	0.008	46197	700	279	277	-2	1	92.83	92.83	92.83
juego1	easy	40.0	0.008	46206	700	279	277	-2	1	92.61	92.61	92.61
juego1	easy	40.0	0.008	46214	700	280	278	-2	1	92.51	92.51	92.51
juego1	easy	40.0	0.008	46223	700	280	278	-2	1	92.33	92.33	92.33
juego1	easy	40.0	0.008	46231	700	281	279	-2	1	92.17	92.17	92.17
juego1	easy	40.0	0.008	46240	700	281	279	-2	1	92.03	92.03	92.03
juego1	easy	40.0	0.008	46249	700	281	279	-2	1	91.96	91.96	91.96
juego1	easy	40.0	0.008	46257	700	282	280	-2	1	91.82	91.82	91.82
juego1	easy	40.0	0.008	46265	700	282	280	-2	1	91.68	91.68	91.68
juego1	easy	40.0	0.008	46274	700	283	280	-3	1	91.61	91.61	91.61
juego1	easy	40.0	0.008	46282	700	283	281	-2	1	91.44	91.44	91.44
juego1	easy	40.0	0.008	46291	700	284	281	-3	1	91.26	91.26	91.26
juego1	easy	40.0	0.008	46299	700	284	282	-2	1	91.18	91.18	91.18
juego1	easy	40.0	0.008	46308	700	284	282	-2	1	91.01	91.01	91.01
juego1	easy	40.0	0.008	46316	700	285	283	-2	1	90.87	90.87	90.87
juego1	easy	40.0	0.008	46324	700	285	283	-2	1	90.81	90.81	90.81
juego1	easy	40.0	0.008	46333	700	286	283	-3	1	90.67	90.67	90.67
juego1	easy	40.0	0.008	46341	700	286	284	-2	1	90.52	90.52	90.52
juego1	easy	40.0	0.008	46350	700	287	284	-3	1	90.39	90.39	90.39
juego1	easy	40.0	0.008	46359	700	287	284	-3	1	90.34	90.34	90.34
juego1	easy	40.0	0.008	46368	700	288	284	-4	1	90.24	90.24	90.24
juego1	easy	40.0	0.008	46376	700	288	285	-3	1	90.14	90.14	90.14
juego1	easy	40.0	0.008	46385	700	289	285	-4	1	90.08	90.08	90.08
juego1	easy	40.0	0.008	46393	700	289	285	-4	1	89.95	89.95	89.95
juego1	easy	40.0	0.008	46401	700	290	286	-4	1	89.76	89.76	89.76
juego1	easy	40.0	0.008	46409	700	290	286	-4	1	89.67	89.67	89.67
juego1	easy	40.0	0.008	46418	700	291	287	-4	1	89.49	89.49	89.49
juego1	easy	40.0	0.008	46427	700	291	287	-4	1	89.4	89.4	89.4
juego1	easy	40.0	0.008	46435	700	292	287	-5	1	89.34	89.34	89.34
juego1	easy	40.0	0.008	46443	700	292	287	-5	1	89.28	89.28	89.28
juego1	easy	40.0	0.008	46452	700	293	288	-5	1	89.12	89.12	89.12
juego1	easy	40.0	0.008	46460	700	293	288	-5	1	89.03	89.03	89.03
juego1	easy	40.0	0.008	46469	700	294	289	-5	1	88.88	88.88	88.88
juego1	easy	40.0	0.008	46477	700	295	289	-6	1	88.75	88.75	88.75
juego1	easy	40.0	0.008	46486	700	295	289	-6	1	88.63	88.63	88.63
juego1	easy	40.0	0.008	46494	700	296	289	-7	1	88.57	88.57	88.57
juego1	easy	40.0	0.008	46503	700	296	290	-6	1	88.41	88.41	88.41
juego1	easy	40.0	0.008	46512	700	297	290	-7	1	88.25	88.25	88.25
juego1	easy	40.0	0.008	46520	700	297	291	-6	1	88.16	88.16	88.16
juego1	easy	40.0	0.008	46529	700	298	291	-7	1	88.0	88.0	88.0
juego1	easy	40.0	0.008	46538	700	298	292	-6	1	87.81	87.81	87.81
juego1	easy	40.0	0.008	46546	700	299	292	-7	1	87.59	87.59	87.59
juego1	easy	40.0	0.008	46554	700	299	293	-6	1	87.46	87.46	87.46
juego1	easy	40.0	0.008	46562	700	300	294	-6	1	87.17	87.17	87.17
juego1	easy	40.0	0.008	46571	700	300	294	-6	1	86.9	86.9	86.9
juego1	easy	40.0	0.008	46580	700	300	295	-5	1	86.77	86.77	86.77
juego1	easy	40.0	0.008	46588	700	300	295	-5	1	86.56	86.56	86.56
juego1	easy	40.0	0.008	46597	700	301	296	-5	1	86.39	86.39	86.39
juego1	easy	40.0	0.008	46606	700	301	296	-5	1	86.31	86.31	86.31
juego1	easy	40.0	0.008	46615	700	302	297	-5	1	86.13	86.13	86.13
juego1	easy	40.0	0.008	46623	700	302	297	-5	1	85.85	85.85	85.85
juego1	easy	40.0	0.008	46632	700	303	298	-5	1	85.55	85.55	85.55
juego1	easy	40.0	0.008	46641	700	303	299	-4	1	85.27	85.27	85.27
juego1	easy	40.0	0.008	46650	700	304	300	-4	1	85.15	85.15	85.15
juego1	easy	40.0	0.008	46659	700	304	300	-4	1	84.93	84.93	84.93
juego1	easy	40.0	0.008	46667	700	305	300	-5	1	84.68	84.68	84.68
juego1	easy	40.0	0.008	46676	700	305	301	-4	1	84.39	84.39	84.39
juego1	easy	40.0	0.008	46685	700	306	301	-5	1	84.24	84.24	84.24
juego1	easy	40.0	0.008	46694	700	306	302	-4	1	84.02	84.02	84.02
juego1	easy	40.0	0.008	46703	700	307	303	-4	1	83.79	83.79	83.79
juego1	easy	40.0	0.008	46711	700	307	303	-4	1	83.5	83.5	83.5
juego1	easy	40.0	0.008	46720	700	308	304	-4	1	83.34	83.34	83.34
juego1	easy	40.0	0.008	46729	700	308	305	-3	1	83.02	83.02	83.02
juego1	easy	40.0	0.008	46738	700	309	306	-3	1	82.71	82.71	82.71
juego1	easy	40.0	0.008	46747	700	309	307	-2	1	82.43	82.43	82.43
juego1	easy	40.0	0.008	46756	700	310	307	-3	1	82.16	82.16	82.16
juego1	easy	40.0	0.008	46765	700	310	308	-2	1	82.02	82.02	82.02
juego1	easy	40.0	0.008	46774	700	311	309	-2	1	81.68	81.68	81.68
juego1	easy	40.0	0.008	46782	700	311	310	-1	1	81.35	81.35	81.35
juego1	easy	40.0	0.008	46791	700	312	311	-1	1	81.04	81.04	81.04
juego1	easy	40.0	0.008	46799	700	312	311	-1	1	80.88	80.88	80.88
juego1	easy	40.0	0.008	46807	700	313	312	-1	1	80.57	80.57	80.57
juego1	easy	40.0	0.008	46815	700	313	313	0	1	80.42	80.42	80.42
juego1	easy	40.0	0.008	46823	700	314	314	0	1	80.1	80.1	80.1
juego1	easy	40.0	0.008	46832	700	314	315	1	1	79.74	79.74	79.74
juego1	easy	40.0	0.008	46841	700	315	315	0	1	79.58	79.58	79.58
juego1	easy	40.0	0.008	46850	700	315	316	1	1	79.27	79.27	79.27
juego1	easy	40.0	0.008	46859	700	315	317	2	1	79.0	79.0	79.0
juego1	easy	40.0	0.008	46869	700	316	317	1	1	78.78	78.78	78.78
juego1	easy	40.0	0.008	46877	700	316	318	2	1	78.64	78.64	78.64
juego1	easy	40.0	0.008	46884	700	317	318	1	1	78.57	78.57	78.57
juego1	easy	40.0	0.008	46892	700	317	319	2	1	78.4	78.4	78.4
juego1	easy	40.0	0.008	46901	700	318	319	1	1	78.31	78.31	78.31
juego1	easy	40.0	0.008	46909	700	318	319	1	1	78.11	78.11	78.11
juego1	easy	40.0	0.008	46918	700	319	320	1	1	77.88	77.88	77.88
juego1	easy	40.0	0.008	46927	700	319	321	2	1	77.6	77.6	77.6
juego1	easy	40.0	0.008	46936	700	320	321	1	1	77.47	77.47	77.47
juego1	easy	40.0	0.008	46945	700	320	322	2	1	77.22	77.22	77.22
juego1	easy	40.0	0.008	46954	700	320	323	3	1	77.02	77.02	77.02
juego1	easy	40.0	0.008	46963	700	321	323	2	1	76.83	76.83	76.83
juego1	easy	40.0	0.008	46971	700	321	324	3	1	76.69	76.69	76.69
juego1	easy	40.0	0.008	46980	700	322	324	2	1	76.47	76.47	76.47
juego1	easy	40.0	0.008	46989	700	322	325	3	1	76.24	76.24	76.24
juego1	easy	40.0	0.008	46997	700	323	326	3	1	76.04	76.04	76.04
juego1	easy	40.0	0.008	47006	700	323	326	3	1	75.95	75.95	75.95
juego1	easy	40.0	0.008	47015	700	324	326	2	1	75.75	75.75	75.75
juego1	easy	40.0	0.008	47024	700	324	327	3	1	75.53	75.53	75.53
juego1	easy	40.0	0.008	47032	700	324	328	4	1	75.34	75.34	75.34
juego1	easy	40.0	0.008	47041	700	325	328	3	1	75.27	75.27	75.27
juego1	easy	40.0	0.008	47049	700	325	328	3	1	75.16	75.16	75.16
juego1	easy	40.0	0.008	47058	700	326	329	3	1	75.04	75.04	75.04
juego1	easy	40.0	0.008	47067	700	326	329	3	1	74.91	74.91	74.91
juego1	easy	40.0	0.008	47076	700	326	329	3	1	74.86	74.86	74.86
juego1	easy	40.0	0.008	47085	700	327	329	2	1	74.81	74.81	74.81
juego1	easy	40.0	0.008	47094	700	327	329	2	1	74.78	74.78	74.78
juego1	easy	40.0	0.008	47103	700	328	330	2	1	74.71	74.71	74.71
juego1	easy	40.0	0.008	47111	700	328	330	2	1	74.66	74.66	74.66
juego1	easy	40.0	0.008	47120	700	328	330	2	1	74.54	74.54	74.54
juego1	easy	40.0	0.008	47129	700	329	330	1	1	74.49	74.49	74.49
juego1	easy	40.0	0.008	47137	700	329	330	1	1	74.5	74.5	74.5
juego1	easy	40.0	0.008	47145	700	330	330	0	1	74.5	74.5	74.5
juego1	easy	40.0	0.008	47154	700	330	330	0	1	74.52	74.52	74.52
juego1	easy	40.0	0.008	47163	700	330	330	0	1	74.51	74.51	74.51
juego1	easy	40.0	0.008	47172	700	331	330	-1	1	74.52	74.52	74.52
juego1	easy	40.0	0.008	47181	700	331	330	-1	1	74.54	74.54	74.54
juego1	easy	40.0	0.008	47189	700	332	330	-2	1	74.52	74.52	74.52
juego1	easy	40.0	0.008	47198	700	332	330	-2	1	74.43	74.43	74.43
juego1	easy	40.0	0.008	47206	700	332	331	-1	1	74.36	74.36	74.36
juego1	easy	40.0	0.008	47214	700	333	331	-2	1	74.19	74.19	74.19
juego1	easy	40.0	0.008	47223	700	333	331	-2	1	74.07	74.07	74.07
juego1	easy	40.0	0.008	47231	700	333	332	-1	1	74.03	74.03	74.03
juego1	easy	40.0	0.008	47240	700	334	332	-2	1	73.95	73.95	73.95
juego1	easy	40.0	0.008	47249	700	334	332	-2	1	73.84	73.84	73.84
juego1	easy	40.0	0.008	47257	700	334	332	-2	1	73.73	73.73	73.73
juego1	easy	40.0	0.008	47266	700	335	333	-2	1	73.69	73.69	73.69
juego1	easy	40.0	0.008	47275	700	335	333	-2	1	73.6	73.6	73.6
juego1	easy	40.0	0.008	47284	700	335	333	-2	1	73.55	73.55	73.55
juego1	easy	40.0	0.008	47293	700	336	333	-3	1	73.54	73.54	73.54
juego1	easy	40.0	0.008	47301	700	336	333	-3	1	73.52	73.52	73.52
juego1	easy	40.0	0.008	47310	700	336	333	-3	1	73.45	73.45	73.45
juego1	easy	40.0	0.008	47319	700	337	334	-3	1	73.31	73.31	73.31
juego1	easy	40.0	0.008	47328	700	337	334	-3	1	73.21	73.21	73.21
juego1	easy	40.0	0.008	47335	700	337	334	-3	1	73.19	73.19	73.19
juego1	easy	40.0	0.008	47344	700	338	334	-4	1	73.17	73.17	73.17
juego1	easy	40.0	0.008	47353	700	338	334	-4	1	73.05	73.05	73.05
juego1	easy	40.0	0.008	47361	700	338	335	-3	1	72.95	72.95	72.95
juego1	easy	40.0	0.008	47369	700	339	335	-4	1	72.7	72.7	72.7
juego1	easy	40.0	0.008	47378	700	339	336	-3	1	72.47	72.47	72.47
juego1	easy	40.0	0.008	47387	700	339	336	-3	1	72.39	72.39	72.39
juego1	easy	40.0	0.008	47396	700	340	337	-3	1	72.29	72.29	72.29
juego1	easy	40.0	0.008	47404	700	340	337	-3	1	72.16	72.16	72.16
juego1	easy	40.0	0.008	47412	700	340	337	-3	1	72.08	72.08	72.08
juego1	easy	40.0	0.008	47421	700	341	338	-3	1	71.94	71.94	71.94
juego1	easy	40.0	0.008	47430	700	341	338	-3	1	71.83	71.83	71.83
juego1	easy	40.0	0.008	47438	700	341	338	-3	1	71.72	71.72	71.72
juego1	easy	40.0	0.008	47448	700	341	339	-2	1	71.53	71.53	71.53
juego1	easy	40.0	0.008	47455	700	342	339	-3	1	71.4	71.4	71.4
juego1	easy	40.0	0.008	47463	700	342	340	-2	1	71.14	71.14	71.14
juego1	easy	40.0	0.008	47471	700	342	340	-2	1	71.02	71.02	71.02
juego1	easy	40.0	0.008	47479	700	342	341	-1	1	70.81	70.81	70.81
juego1	easy	40.0	0.008	47488	700	343	342	-1	1	70.61	70.61	70.61
juego1	easy	40.0	0.008	47495	700	343	342	-1	1	70.51	70.51	70.51
juego1	easy	40.0	0.008	47503	700	343	342	-1	1	70.33	70.33	70.33
juego1	easy	40.0	0.008	47511	700	343	343	0	1	70.24	70.24	70.24
juego1	easy	40.0	0.008	47519	700	344	343	-1	1	70.09	70.09	70.09
juego1	easy	40.0	0.008	47528	700	344	343	-1	1	70.01	70.01	70.01
juego1	easy	40.0	0.008	47537	700	344	344	0	1	69.79	69.79	69.79
juego1	easy	40.0	0.008	47544	700	344	345	1	1	69.57	69.57	69.57
juego1	easy	40.0	0.008	47553	700	345	345	0	1	69.42	69.42	69.42
juego1	easy	40.0	0.008	47561	700	345	345	0	1	69.38	69.38	69.38
juego1	easy	40.0	0.008	47570	700	345	346	1	1	69.31	69.31	69.31
juego1	easy	40.0	0.008	47579	700	345	346	1	1	69.25	69.25	69.25
juego1	easy	40.0	0.008	47588	700	345	346	1	1	69.22	69.22	69.22
juego1	easy	40.0	0.008	47596	700	346	346	0	1	69.13	69.13	69.13
juego1	easy	40.0	0.008	47604	700	346	346	0	1	69.05	69.05	69.05
juego1	easy	40.0	0.008	47613	700	346	347	1	1	68.96	68.96	68.96
juego1	easy	40.0	0.008	47621	700	346	347	1	1	68.89	68.89	68.89
juego1	easy	40.0	0.008	47630	700	347	347	0	1	68.76	68.76	68.76
juego1	easy	40.0	0.008	47638	700	347	348	1	1	68.64	68.64	68.64
juego1	easy	40.0	0.008	47646	700	347	348	1	1	68.58	68.58	68.58
juego1	easy	40.0	0.008	47655	700	347	348	1	1	68.48	68.48	68.48
juego1	easy	40.0	0.008	47663	700	347	348	1	1	68.38	68.38	68.38
juego1	easy	40.0	0.008	47672	700	347	348	1	1	68.32	68.32	68.32
juego1	easy	40.0	0.008	47680	700	348	349	1	1	68.26	68.26	68.26
juego1	easy	40.0	0.008	47689	700	348	349	1	1	68.2	68.2	68.2
juego1	easy	40.0	0.008	47696	700	348	349	1	1	68.17	68.17	68.17
juego1	easy	40.0	0.008	47705	700	348	349	1	1	68.09	68.09	68.09
juego1	easy	40.0	0.008	47713	700	348	349	1	1	68.05	68.05	68.05
juego1	easy	40.0	0.008	47722	700	348	349	1	1	67.97	67.97	67.97
juego1	easy	40.0	0.008	47730	700	349	350	1	1	67.95	67.95	67.95
juego1	easy	40.0	0.008	47739	700	349	350	1	1	67.89	67.89	67.89
juego1	easy	40.0	0.008	47748	700	349	350	1	1	67.79	67.79	67.79
juego1	easy	40.0	0.008	47755	700	349	350	1	1	67.71	67.71	67.71
juego1	easy	40.0	0.008	47764	700	349	350	1	1	67.66	67.66	67.66
juego1	easy	40.0	0.008	47773	700	349	350	1	1	67.64	67.64	67.64
juego1	easy	40.0	0.008	47781	700	349	351	2	1	67.62	67.62	67.62
juego1	easy	40.0	0.008	47790	700	349	351	2	1	67.61	67.61	67.61
juego1	easy	40.0	0.008	47799	700	350	350	0	1	67.65	67.65	67.65
juego1	easy	40.0	0.008	47807	700	350	350	0	1	67.67	67.67	67.67
juego1	easy	40.0	0.008	47816	700	350	350	0	1	67.71	67.71	67.71
juego1	easy	40.0	0.008	47824	700	350	350	0	1	67.72	67.72	67.72
juego1	easy	40.0	0.008	47833	700	350	350	0	1	67.71	67.71	67.71
juego1	easy	40.0	0.008	47841	700	350	350	0	1	67.69	67.69	67.69
juego1	easy	40.0	0.008	47850	700	350	350	0	1	67.66	67.66	67.66
juego1	easy	40.0	0.008	47859	700	350	350	0	1	67.67	67.67	67.67
juego1	easy	40.0	0.008	47868	700	350	350	0	1	67.68	67.68	67.68
juego1	easy	40.0	0.008	47877	700	350	350	0	1	67.67	67.67	67.67
juego1	easy	40.0	0.008	47886	700	350	350	0	1	67.65	67.65	67.65
juego1	easy	40.0	0.008	47895	700	351	350	-1	1	67.66	67.66	67.66
juego1	easy	40.0	0.008	47903	700	351	350	-1	1	67.67	67.67	67.67
juego1	easy	40.0	0.008	47912	700	351	350	-1	1	67.65	67.65	67.65
juego1	easy	40.0	0.008	47920	700	351	350	-1	1	67.63	67.63	67.63
juego1	easy	40.0	0.008	47929	700	351	351	0	1	67.6	67.6	67.6
juego1	easy	40.0	0.008	47937	700	351	351	0	1	67.59	67.59	67.59
juego1	easy	40.0	0.008	47946	700	351	351	0	1	67.56	67.56	67.56
juego1	easy	40.0	0.008	47954	700	351	351	0	1	67.55	67.55	67.55
juego1	easy	40.0	0.008	47963	700	351	351	0	1	67.53	67.53	67.53
juego1	easy	40.0	0.008	47971	700	351	351	0	1	67.53	67.53	67.53
juego1	easy	40.0	0.008	47980	700	351	351	0	1	67.56	67.56	67.56
juego1	easy	40.0	0.008	47988	700	351	351	0	1	67.56	67.56	67.56
juego1	easy	40.0	0.008	47996	700	351	351	0	1	67.54	67.54	67.54
juego1	easy	40.0	0.008	48004	700	351	351	0	1	67.52	67.52	67.52
juego1	easy	40.0	0.008	48013	700	351	351	0	1	67.51	67.51	67.51
juego1	easy	40.0	0.008	48021	700	351	351	0	1	67.51	67.51	67.51
juego1	easy	40.0	0.008	48029	700	351	351	0	1	67.53	67.53	67.53
juego1	easy	40.0	0.008	48038	700	351	351	0	1	67.54	67.54	67.54
juego1	easy	40.0	0.008	48047	700	351	351	0	1	67.58	67.58	67.58
juego1	easy	40.0	0.008	48056	700	351	351	0	1	67.62	67.62	67.62
juego1	easy	40.0	0.008	48064	700	351	350	-1	1	67.67	67.67	67.67
juego1	easy	40.0	0.008	48073	700	351	350	-1	1	67.67	67.67	67.67
juego1	easy	40.0	0.008	48082	700	351	350	-1	1	67.63	67.63	67.63
juego1	easy	40.0	0.008	48091	700	351	351	0	1	67.57	67.57	67.57
juego1	easy	40.0	0.008	48099	700	351	351	0	1	67.53	67.53	67.53
juego1	easy	40.0	0.008	48108	700	351	351	0	1	67.53	67.53	67.53
juego1	easy	40.0	0.008	48116	700	351	351	0	1	67.53	67.53	67.53
juego1	easy	40.0	0.008	48125	700	351	351	0	1	67.55	67.55	67.55
juego1	easy	40.0	0.008	48133	700	351	351	0	1	67.55	67.55	67.55
juego1	easy	40.0	0.008	48142	700	351	351	0	1	67.58	67.58	67.58
juego1	easy	40.0	0.008	48150	700	351	351	0	1	67.62	67.62	67.62
juego1	easy	40.0	0.008	48159	700	351	350	-1	1	67.63	67.63	67.63
juego1	easy	40.0	0.008	48168	700	351	350	-1	1	67.64	67.64	67.64
juego1	easy	40.0	0.008	48176	700	350	351	1	1	67.61	67.61	67.61
juego1	easy	40.0	0.008	48185	700	350	351	1	1	67.6	67.6	67.6
juego1	easy	40.0	0.008	48193	700	350	351	1	1	67.61	67.61	67.61
juego1	easy	40.0	0.008	48202	700	350	350	0	1	67.65	67.65	67.65
juego1	easy	40.0	0.008	48210	700	350	350	0	1	67.69	67.69	67.69
juego1	easy	40.0	0.008	48219	700	350	350	0	1	67.72	67.72	67.72
juego1	easy	40.0	0.008	48227	700	350	350	0	1	67.77	67.77	67.77
juego1	easy	40.0	0.008	48236	700	350	350	0	1	67.82	67.82	67.82
juego1	easy	40.0	0.008	48245	700	350	350	0	1	67.84	67.84	67.84
juego1	easy	40.0	0.008	48253	700	350	350	0	1	67.84	67.84	67.84
juego1	easy	40.0	0.008	48262	700	350	350	0	1	67.86	67.86	67.86
juego1	easy	40.0	0.008	48270	700	349	350	1	1	67.88	67.88	67.88
juego1	easy	40.0	0.008	48279	700	349	350	1	1	67.91	67.91	67.91
juego1	easy	40.0	0.008	48287	700	349	349	0	1	67.99	67.99	67.99
juego1	easy	40.0	0.008	48295	700	349	349	0	1	68.06	68.06	68.06
juego1	easy	40.0	0.008	48304	700	349	349	0	1	68.07	68.07	68.07
juego1	easy	40.0	0.008	48313	700	349	349	0	1	68.11	68.11	68.11
juego1	easy	40.0	0.008	48321	700	349	349	0	1	68.15	68.15	68.15
juego1	easy	40.0	0.008	48330	700	349	349	0	1	68.17	68.17	68.17
juego1	easy	40.0	0.008	48339	700	348	349	1	1	68.16	68.16	68.16
juego1	easy	40.0	0.008	48347	700	348	349	1	1	68.14	68.14	68.14
juego1	easy	40.0	0.008	48356	700	348	349	1	1	68.14	68.14	68.14
juego1	easy	40.0	0.008	48363	700	348	349	1	1	68.15	68.15	68.15
juego1	easy	40.0	0.008	48372	700	348	349	1	1	68.16	68.16	68.16
juego1	easy	40.0	0.008	48381	700	348	349	1	1	68.15	68.15	68.15
juego1	easy	40.0	0.008	48389	700	347	349	2	1	68.14	68.14	68.14
juego1	easy	40.0	0.008	48397	700	347	349	2	1	68.13	68.13	68.13
juego1	easy	40.0	0.008	48406	700	347	349	2	1	68.14	68.14	68.14
juego1	easy	40.0	0.008	48414	700	347	349	2	1	68.15	68.15	68.15
juego1	easy	40.0	0.008	48423	700	347	349	2	1	68.18	68.18	68.18
juego1	easy	40.0	0.008	48432	700	347	349	2	1	68.21	68.21	68.21
juego1	easy	40.0	0.008	48440	700	346	349	3	1	68.24	68.24	68.24
juego1	easy	40.0	0.008	48449	700	346	349	3	1	68.25	68.25	68.25
juego1	easy	40.0	0.008	48457	700	346	349	3	1	68.3	68.3	68.3
juego1	easy	40.0	0.008	48466	700	346	348	2	1	68.35	68.35	68.35
juego1	easy	40.0	0.008	48474	700	346	348	2	1	68.37	68.37	68.37
juego1	easy	40.0	0.008	48482	700	345	348	3	1	68.42	68.42	68.42
juego1	easy	40.0	0.008	48491	700	345	348	3	1	68.49	68.49	68.49
juego1	easy	40.0	0.008	48499	700	345	348	3	1	68.52	68.52	68.52
juego1	easy	40.0	0.008	48507	700	345	348	3	1	68.59	68.59	68.59
juego1	easy	40.0	0.008	48516	700	344	347	3	1	68.66	68.66	68.66
juego1	easy	40.0	0.008	48524	700	344	347	3	1	68.68	68.68	68.68
juego1	easy	40.0	0.008	48533	700	344	347	3	1	68.73	68.73	68.73
juego1	easy	40.0	0.008	48542	700	344	347	3	1	68.8	68.8	68.8
juego1	easy	40.0	0.008	48550	700	343	347	4	1	68.88	68.88	68.88
juego1	easy	40.0	0.008	48559	700	343	347	4	1	68.92	68.92	68.92
juego1	easy	40.0	0.008	48567	700	343	346	3	1	69.02	69.02	69.02
juego1	easy	40.0	0.008	48576	700	343	346	3	1	69.12	69.12	69.12
juego1	easy	40.0	0.008	48584	700	342	346	4	1	69.19	69.19	69.19
juego1	easy	40.0	0.008	48592	700	342	345	3	1	69.35	69.35	69.35
juego1	easy	40.0	0.008	48601	700	342	345	3	1	69.53	69.53	69.53
juego1	easy	40.0	0.008	48609	700	342	345	3	1	69.6	69.6	69.6
juego1	easy	40.0	0.008	48617	700	341	344	3	1	69.72	69.72	69.72
juego1	easy	40.0	0.008	48626	700	341	344	3	1	69.83	69.83	69.83
juego1	easy	40.0	0.008	48635	700	341	344	3	1	69.97	69.97	69.97
juego1	easy	40.0	0.008	48644	700	341	343	2	1	70.06	70.06	70.06
juego1	easy	40.0	0.008	48652	700	340	343	3	1	70.28	70.28	70.28
juego1	easy	40.0	0.008	48661	700	340	342	2	1	70.54	70.54	70.54
juego1	easy	40.0	0.008	48668	700	340	341	1	1	70.67	70.67	70.67
juego1	easy	40.0	0.008	48677	700	339	341	2	1	70.9	70.9	70.9
juego1	easy	40.0	0.008	48684	700	339	341	2	1	71.0	71.0	71.0
juego1	easy	40.0	0.008	48693	700	339	340	1	1	71.17	71.17	71.17
juego1	easy	40.0	0.008	48702	700	338	340	2	1	71.31	71.31	71.31
juego1	easy	40.0	0.008	48710	700	338	339	1	1	71.38	71.38	71.38
juego1	easy	40.0	0.008	48719	700	338	339	1	1	71.56	71.56	71.56
juego1	easy	40.0	0.008	48728	700	337	338	1	1	71.75	71.75	71.75
juego1	easy	40.0	0.008	48736	700	337	338	1	1	71.94	71.94	71.94
juego1	easy	40.0	0.008	48744	700	337	338	1	1	72.01	72.01	72.01
juego1	easy	40.0	0.008	48752	700	337	337	0	1	72.11	72.11	72.11
juego1	easy	40.0	0.008	48761	700	336	337	1	1	72.19	72.19	72.19
juego1	easy	40.0	0.008	48768	700	336	337	1	1	72.23	72.23	72.23
juego1	easy	40.0	0.008	48777	700	336	336	0	1	72.36	72.36	72.36
juego1	easy	40.0	0.008	48785	700	335	336	1	1	72.44	72.44	72.44
juego1	easy	40.0	0.008	48793	700	335	336	1	1	72.67	72.67	72.67
juego1	easy	40.0	0.008	48802	700	334	335	1	1	72.89	72.89	72.89
juego1	easy	40.0	0.008	48811	700	334	334	0	1	73.08	73.08	73.08
juego1	easy	40.0	0.008	48819	700	334	334	0	1	73.16	73.16	73.16
juego1	easy	40.0	0.008	48827	700	333	334	1	1	73.3	73.3	73.3
juego1	easy	40.0	0.008	48836	700	333	333	0	1	73.43	73.43	73.43
juego1	easy	40.0	0.008	48844	700	333	333	0	1	73.48	73.48	73.48
juego1	easy	40.0	0.008	48853	700	332	333	1	1	73.56	73.56	73.56
juego1	easy	40.0	0.008	48862	700	332	333	1	1	73.62	73.62	73.62
juego1	easy	40.0	0.008	48871	700	332	333	1	1	73.69	73.69	73.69
juego1	easy	40.0	0.008	48879	700	331	332	1	1	73.73	73.73	73.73
juego1	easy	40.0	0.008	48887	700	331	332	1	1	73.81	73.81	73.81
juego1	easy	40.0	0.008	48895	700	330	332	2	1	73.85	73.85	73.85
juego1	easy	40.0	0.008	48904	700	330	332	2	1	73.95	73.95	73.95
juego1	easy	40.0	0.008	48912	700	330	331	1	1	74.04	74.04	74.04
juego1	easy	40.0	0.008	48920	700	329	331	2	1	74.08	74.08	74.08
juego1	easy	40.0	0.008	48928	700	329	331	2	1	74.12	74.12	74.12
juego1	easy	40.0	0.008	48937	700	329	331	2	1	74.14	74.14	74.14
juego1	easy	40.0	0.008	48944	700	328	331	3	1	74.17	74.17	74.17
juego1	easy	40.0	0.008	48952	700	328	331	3	1	74.26	74.26	74.26
juego1	easy	40.0	0.008	48961	700	327	330	3	1	74.4	74.4	74.4
juego1	easy	40.0	0.008	48970	700	327	330	3	1	74.46	74.46	74.46
juego1	easy	40.0	0.008	48978	700	327	330	3	1	74.57	74.57	74.57
juego1	easy	40.0	0.008	48987	700	326	330	4	1	74.67	74.67	74.67
juego1	easy	40.0	0.008	48995	700	326	330	4	1	74.7	74.7	74.7
juego1	easy	40.0	0.008	49004	700	325	329	4	1	74.77	74.77	74.77
juego1	easy	40.0	0.008	49012	700	325	329	4	1	74.83	74.83	74.83
juego1	easy	40.0	0.008	49020	700	324	329	5	1	74.88	74.88	74.88
juego1	easy	40.0	0.008	49029	700	324	329	5	1	75.03	75.03	75.03
juego1	easy	40.0	0.008	49038	700	324	328	4	1	75.2	75.2	75.2
juego1	easy	40.0	0.008	49047	700	323	328	5	1	75.38	75.38	75.38
juego1	easy	40.0	0.008	49054	700	323	327	4	1	75.45	75.45	75.45
juego1	easy	40.0	0.008	49063	700	322	327	5	1	75.54	75.54	75.54
juego1	easy	40.0	0.008	49071	700	322	327	5	1	75.68	75.68	75.68
juego1	easy	40.0	0.008	49080	700	321	326	5	1	75.89	75.89	75.89
juego1	easy	40.0	0.008	49088	700	321	325	4	1	76.1	76.1	76.1
juego1	easy	40.0	0.008	49097	700	321	325	4	1	76.3	76.3	76.3
juego1	easy	40.0	0.008	49106	700	320	325	5	1	76.39	76.39	76.39
juego1	easy	40.0	0.008	49114	700	320	324	4	1	76.59	76.59	76.59
juego1	easy	40.0	0.008	49122	700	319	323	4	1	76.84	76.84	76.84
juego1	easy	40.0	0.008	49131	700	319	323	4	1	76.97	76.97	76.97
juego1	easy	40.0	0.008	49139	700	318	322	4	1	77.25	77.25	77.25
juego1	easy	40.0	0.008	49148	700	318	321	3	1	77.52	77.52	77.52
juego1	easy	40.0	0.008	49156	700	317	321	4	1	77.64	77.64	77.64
juego1	easy	40.0	0.008	49164	700	317	320	3	1	77.86	77.86	77.86
juego1	easy	40.0	0.008	49173	700	316	320	4	1	78.06	78.06	78.06
juego1	easy	40.0	0.008	49182	700	316	319	3	1	78.25	78.25	78.25
juego1	easy	40.0	0.008	49189	700	316	319	3	1	78.34	78.34	78.34
juego1	easy	40.0	0.008	49198	700	315	318	3	1	78.5	78.5	78.5
juego1	easy	40.0	0.008	49207	700	315	318	3	1	78.56	78.56	78.56
juego1	easy	40.0	0.008	49214	700	314	318	4	1	78.73	78.73	78.73
juego1	easy	40.0	0.008	49223	700	314	317	3	1	78.91	78.91	78.91
juego1	easy	40.0	0.008	49232	700	313	316	3	1	79.1	79.1	79.1
juego1	easy	40.0	0.008	49240	700	313	316	3	1	79.21	79.21	79.21
juego1	easy	40.0	0.008	49248	700	312	315	3	1	79.45	79.45	79.45
juego1	easy	40.0	0.008	49257	700	312	315	3	1	79.57	79.57	79.57
juego1	easy	40.0	0.008	49264	700	311	314	3	1	79.83	79.83	79.83
juego1	easy	40.0	0.008	49273	700	311	314	3	1	80.01	80.01	80.01
juego1	easy	40.0	0.008	49281	700	310	314	4	1	80.08	80.08	80.08
juego1	easy	40.0	0.008	49289	700	310	313	3	1	80.17	80.17	80.17
juego1	easy	40.0	0.008	49298	700	309	313	4	1	80.3	80.3	80.3
juego1	easy	40.0	0.008	49306	700	309	313	4	1	80.36	80.36	80.36
juego1	easy	40.0	0.008	49314	700	308	312	4	1	80.52	80.52	80.52
juego1	easy	40.0	0.008	49323	700	308	312	4	1	80.67	80.67	80.67
juego1	easy	40.0	0.008	49331	700	307	312	5	1	80.73	80.73	80.73
juego1	easy	40.0	0.008	49339	700	307	311	4	1	80.86	80.86	80.86
juego1	easy	40.0	0.008	49348	700	306	311	5	1	81.02	81.02	81.02
juego1	easy	40.0	0.008	49355	700	306	311	5	1	81.09	81.09	81.09
juego1	easy	40.0	0.008	49364	700	305	310	5	1	81.21	81.21	81.21
juego1	easy	40.0	0.008	49371	700	305	310	5	1	81.27	81.27	81.27
juego1	easy	40.0	0.008	49379	700	304	310	6	1	81.4	81.4	81.4
juego1	easy	40.0	0.008	49388	700	304	309	5	1	81.49	81.49	81.49
juego1	easy	40.0	0.008	49396	700	303	309	6	1	81.54	81.54	81.54
juego1	easy	40.0	0.008	49405	700	303	309	6	1	81.65	81.65	81.65
juego1	easy	40.0	0.008	49414	700	302	309	7	1	81.79	81.79	81.79
juego1	easy	40.0	0.008	49422	700	302	308	6	1	81.93	81.93	81.93
juego1	easy	40.0	0.008	49431	700	301	308	7	1	82.0	82.0	82.0
juego1	easy	40.0	0.008	49440	700	301	308	7	1	82.11	82.11	82.11
juego1	easy	40.0	0.008	49449	700	300	307	7	1	82.24	82.24	82.24
juego1	easy	40.0	0.008	49458	700	300	307	7	1	82.39	82.39	82.39
juego1	easy	40.0	0.008	49466	700	300	306	6	1	82.48	82.48	82.48
juego1	easy	40.0	0.008	49474	700	300	306	6	1	82.62	82.62	82.62
juego1	easy	40.0	0.008	49483	700	299	306	7	1	82.71	82.71	82.71
juego1	easy	40.0	0.008	49491	700	299	306	7	1	82.75	82.75	82.75
juego1	easy	40.0	0.008	49499	700	298	306	8	1	82.81	82.81	82.81
juego1	easy	40.0	0.008	49508	700	298	305	7	1	82.91	82.91	82.91
juego1	easy	40.0	0.008	49516	700	297	305	8	1	82.99	82.99	82.99
juego1	easy	40.0	0.008	49524	700	297	304	7	1	83.19	83.19	83.19
juego1	easy	40.0	0.008	49533	700	296	304	8	1	83.41	83.41	83.41
juego1	easy	40.0	0.008	49541	700	296	303	7	1	83.5	83.5	83.5
juego1	easy	40.0	0.008	49549	700	295	303	8	1	83.63	83.63	83.63
juego1	easy	40.0	0.008	49558	700	295	303	8	1	83.68	83.68	83.68
juego1	easy	40.0	0.008	49567	700	294	303	9	1	83.72	83.72	83.72
juego1	easy	40.0	0.008	49576	700	294	302	8	1	83.87	83.87	83.87
juego1	easy	40.0	0.008	49585	700	293	302	9	1	84.04	84.04	84.04
juego1	easy	40.0	0.008	49594	700	292	301	9	1	84.28	84.28	84.28
juego1	easy	40.0	0.008	49603	700	292	300	8	1	84.53	84.53	84.53
juego1	easy	40.0	0.008	49611	700	291	300	9	1	84.65	84.65	84.65
juego1	easy	40.0	0.008	49620	700	291	300	9	1	84.88	84.88	84.88
juego1	easy	40.0	0.008	49628	700	290	300	10	1	85.1	85.1	85.1
juego1	easy	40.0	0.008	49637	700	290	299	9	1	85.19	85.19	85.19
juego1	easy	40.0	0.008	49646	700	289	299	10	1	85.33	85.33	85.33
juego1	easy	40.0	0.008	49654	700	289	299	10	1	85.47	85.47	85.47
juego1	easy	40.0	0.008	49663	700	288	298	10	1	85.64	85.64	85.64
juego1	easy	40.0	0.008	49672	700	288	298	10	1	85.76	85.76	85.76
juego1	easy	40.0	0.008	49681	700	287	297	10	1	86.01	86.01	86.01
juego1	easy	40.0	0.008	49689	700	287	296	9	2	86.23	86.23	86.23
juego1	easy	50.0	0.009	49698	700	286	296	10	2	86.42	86.42	86.42
juego1	easy	50.0	0.009	49707	700	286	296	10	2	86.52	86.52	86.52
juego1	easy	50.0	0.009	49715	700	285	295	10	2	86.77	86.77	86.77
juego1	easy	50.0	0.009	49724	700	285	294	9	2	87.01	87.01	87.01
juego1	easy	50.0	0.009	49733	700	284	294	10	2	87.19	87.19	87.19
juego1	easy	50.0	0.009	49742	700	283	293	10	2	87.26	87.26	87.26
juego1	easy	50.0	0.009	49750	700	283	293	10	2	87.38	87.38	87.38
juego1	easy	50.0	0.009	49758	700	282	292	10	2	87.57	87.57	87.57
juego1	easy	50.0	0.009	49766	700	282	292	10	2	87.73	87.73	87.73
juego1	easy	50.0	0.009	49775	700	281	291	10	2	88.06	88.06	88.06
juego1	easy	50.0	0.009	49784	700	280	290	10	2	88.32	88.32	88.32
juego1	easy	50.0	0.009	49793	700	280	290	10	2	88.47	88.47	88.47
juego1	easy	50.0	0.009	49801	700	279	290	11	2	88.52	88.52	88.52
juego1	easy	50.0	0.009	49809	700	279	289	10	2	88.65	88.65	88.65
juego1	easy	50.0	0.009	49818	700	278	289	11	2	88.84	88.84	88.84
juego1	easy	50.0	0.009	49827	700	277	288	11	2	88.96	88.96	88.96
juego1	easy	50.0	0.009	49836	700	277	288	11	2	89.21	89.21	89.21
juego1	easy	50.0	0.009	49845	700	276	287	11	2	89.43	89.43	89.43
juego1	easy	50.0	0.009	49854	700	276	286	10	2	89.67	89.67	89.67
juego1	easy	50.0	0.009	49863	700	275	286	11	2	89.81	89.81	89.81
juego1	easy	50.0	0.009	49871	700	274	285	11	2	90.11	90.11	90.11
juego1	easy	50.0	0.009	49880	700	274	284	10	2	90.45	90.45	90.45
juego1	easy	50.0	0.009	49888	700	273	283	10	2	90.84	90.84	90.84
juego1	easy	50.0	0.009	49896	700	273	282	9	2	91.02	91.02	91.02
juego1	easy	50.0	0.009	49904	700	272	282	10	2	91.19	91.19	91.19
juego1	easy	50.0	0.009	49913	700	271	281	10	2	91.43	91.43	91.43
juego1	easy	50.0	0.009	49921	700	271	280	9	2	91.62	91.62	91.62
juego1	easy	50.0	0.009	49930	700	270	280	10	2	91.77	91.77	91.77
juego1	easy	50.0	0.009	49939	700	270	279	9	2	91.97	91.97	91.97
juego1	easy	50.0	0.009	49948	700	269	279	10	2	92.12	92.12	92.12
juego1	easy	50.0	0.009	49957	700	268	278	10	2	92.56	92.56	92.56
juego1	easy	50.0	0.009	49966	700	268	276	8	2	92.98	92.98	92.98
juego1	easy	50.0	0.009	49974	700	267	276	9	2	93.22	93.22	93.22
juego1	easy	50.0	0.009	49983	700	267	275	8	2	93.27	93.27	93.27
juego1	easy	50.0	0.009	49991	700	266	275	9	2	93.35	93.35	93.35
juego1	easy	50.0	0.009	50000	700	265	275	10	2	93.48	93.48	93.48
juego1	easy	50.0	0.009	50009	700	265	274	9	2	93.65	93.65	93.65
juego1	easy	50.0	0.009	50017	700	264	274	10	2	93.77	93.77	93.77
juego1	easy	50.0	0.009	50025	700	264	273	9	2	94.08	94.08	94.08
juego1	easy	50.0	0.009	50034	700	263	272	9	2	94.47	94.47	94.47
juego1	easy	50.0	0.009	50043	700	263	271	8	2	94.66	94.66	94.66
juego1	easy	50.0	0.009	50051	700	262	270	8	2	95.01	95.01	95.01
juego1	easy	50.0	0.009	50060	700	261	269	8	2	95.3	95.3	95.3
juego1	easy	50.0	0.009	50069	700	261	269	8	2	95.55	95.55	95.55
juego1	easy	50.0	0.009	50078	700	260	268	8	2	95.65	95.65	95.65
juego1	easy	50.0	0.009	50087	700	260	268	8	2	95.75	95.75	95.75
juego1	easy	50.0	0.009	50096	700	259	268	9	2	95.85	95.85	95.85
juego1	easy	50.0	0.009	50105	700	259	267	8	2	96.04	96.04	96.04
juego1	easy	50.0	0.009	50114	700	258	266	8	2	96.33	96.33	96.33
juego1	easy	50.0	0.009	50122	700	257	266	9	2	96.49	96.49	96.49
juego1	easy	50.0	0.009	50131	700	257	265	8	2	96.78	96.78	96.78
juego1	easy	50.0	0.009	50139	700	256	265	9	2	96.94	96.94	96.94
juego1	easy	50.0	0.009	50148	700	256	264	8	2	97.01	97.01	97.01
juego1	easy	50.0	0.009	50157	700	255	264	9	2	97.16	97.16	97.16
juego1	easy	50.0	0.009	50165	700	255	263	8	2	97.32	97.32	97.32
juego1	easy	50.0	0.009	50174	700	254	263	9	2	97.42	97.42	97.42
juego1	easy	50.0	0.009	50182	700	254	262	8	2	97.66	97.66	97.66
juego1	easy	50.0	0.009	50191	700	253	262	9	2	97.91	97.91	97.91
juego1	easy	50.0	0.009	50199	700	253	261	8	2	98.1	98.1	98.1
juego1	easy	50.0	0.009	50207	700	252	261	9	2	98.16	98.16	98.16
juego1	easy	50.0	0.009	50215	700	252	261	9	2	98.26	98.26	98.26
juego1	easy	50.0	0.009	50224	700	251	261	10	2	98.32	98.32	98.32
juego1	easy	50.0	0.009	50232	700	250	260	10	2	98.38	98.38	98.38
juego1	easy	50.0	0.009	50240	700	250	260	10	2	98.48	98.48	98.48
juego1	easy	50.0	0.009	50249	700	249	260	11	2	98.53	98.53	98.53
juego1	easy	50.0	0.009	50257	700	249	260	11	2	98.57	98.57	98.57
juego1	easy	50.0	0.009	50266	700	248	259	11	2	98.71	98.71	98.71
juego1	easy	50.0	0.009	50274	700	248	259	11	2	98.88	98.88	98.88
juego1	easy	50.0	0.009	50283	700	247	259	12	2	98.98	98.98	98.98
juego1	easy	50.0	0.009	50291	700	247	258	11	2	99.17	99.17	99.17
juego1	easy	50.0	0.009	50300	700	246	257	11	2	99.39	99.39	99.39
juego1	easy	50.0	0.009	50309	700	246	257	11	2	99.54	99.54	99.54
juego1	easy	50.0	0.009	50318	700	245	256	11	2	99.89	99.89	99.89
juego1	easy	50.0	0.009	50326	700	245	255	10	2	100.22	100.22	100.22
juego1	easy	50.0	0.009	50335	700	244	254	10	2	100.46	100.46	100.46
juego1	easy	50.0	0.009	50344	700	244	254	10	2	100.55	100.55	100.55
juego1	easy	50.0	0.009	50352	700	244	253	9	2	100.77	100.77	100.77
juego1	easy	50.0	0.009	50360	700	243	252	9	2	101.09	101.09	101.09
juego1	easy	50.0	0.009	50369	700	243	252	9	2	101.29	101.29	101.29
juego1	easy	50.0	0.009	50378	700	242	250	8	2	101.72	101.72	101.72
juego1	easy	50.0	0.009	50386	700	242	249	7	2	102.06	102.06	102.06
juego1	easy	50.0	0.009	50395	700	241	249	8	2	102.29	102.29	102.29
juego1	easy	50.0	0.009	50403	700	241	248	7	2	102.4	102.4	102.4
juego1	easy	50.0	0.009	50412	700	240	248	8	2	102.61	102.61	102.61
juego1	easy	50.0	0.009	50421	700	240	247	7	2	102.87	102.87	102.87
juego1	easy	50.0	0.009	50428	700	239	247	8	2	103.04	103.04	103.04
juego1	easy	50.0	0.009	50437	700	239	245	6	2	103.45	103.45	103.45
juego1	easy	50.0	0.009	50446	700	239	244	5	2	103.83	103.83	103.83
juego1	easy	50.0	0.009	50453	700	238	244	6	2	103.96	103.96	103.96
juego1	easy	50.0	0.009	50462	700	238	243	5	2	104.19	104.19	104.19
juego1	easy	50.0	0.009	50470	700	237	242	5	2	104.55	104.55	104.55
juego1	easy	50.0	0.009	50479	700	237	241	4	2	104.77	104.77	104.77
juego1	easy	50.0	0.009	50488	700	236	240	4	2	105.24	105.24	105.24
juego1	easy	50.0	0.009	50497	700	236	239	3	2	105.66	105.66	105.66
juego1	easy	50.0	0.009	50506	700	236	238	2	2	106.0	106.0	106.0
juego1	easy	50.0	0.009	50514	700	235	237	2	2	106.14	106.14	106.14
juego1	easy	50.0	0.009	50523	700	235	236	1	2	106.44	106.44	106.44
juego1	easy	50.0	0.009	50532	700	234	235	1	2	106.84	106.84	106.84
juego1	easy	50.0	0.009	50541	700	234	234	0	2	107.32	107.32	107.32
juego1	easy	50.0	0.009	50548	700	234	233	-1	2	107.57	107.57	107.57
juego1	easy	50.0	0.009	50557	700	233	232	-1	2	108.02	108.02	108.02
juego1	easy	50.0	0.009	50566	700	233	231	-2	2	108.34	108.34	108.34
juego1	easy	50.0	0.009	50575	700	232	230	-2	2	108.51	108.51	108.51
juego1	easy	50.0	0.009	50584	700	232	230	-2	2	108.55	108.55	108.55
juego1	easy	50.0	0.009	50593	700	232	230	-2	2	108.64	108.64	108.64
juego1	easy	50.0	0.009	50601	700	231	229	-2	2	108.83	108.83	108.83
juego1	easy	50.0	0.009	50609	700	231	229	-2	2	108.95	108.95	108.95
juego1	easy	50.0	0.009	50617	700	231	228	-3	2	109.2	109.2	109.2
juego1	easy	50.0	0.009	50626	700	230	228	-2	2	109.38	109.38	109.38
juego1	easy	50.0	0.009	50635	700	230	228	-2	2	109.45	109.45	109.45
juego1	easy	50.0	0.009	50643	700	230	227	-3	2	109.56	109.56	109.56
juego1	easy	50.0	0.009	50651	700	229	227	-2	2	109.65	109.65	109.65
juego1	easy	50.0	0.009	50660	700	229	227	-2	2	109.73	109.73	109.73
juego1	easy	50.0	0.009	50669	700	229	227	-2	2	109.78	109.78	109.78
juego1	easy	50.0	0.009	50677	700	228	226	-2	2	109.93	109.93	109.93
juego1	easy	50.0	0.009	50685	700	228	225	-3	2	110.16	110.16	110.16
juego1	easy	50.0	0.009	50694	700	228	225	-3	2	110.28	110.28	110.28
juego1	easy	50.0	0.009	50703	700	227	224	-3	2	110.54	110.54	110.54
juego1	easy	50.0	0.009	50710	700	227	224	-3	2	110.79	110.79	110.79
juego1	easy	50.0	0.009	50718	700	227	223	-4	2	110.88	110.88	110.88
juego1	easy	50.0	0.009	50727	700	227	223	-4	2	110.97	110.97	110.97
juego1	easy	50.0	0.009	50736	700	226	223	-3	2	110.93	110.93	110.93
juego1	easy	50.0	0.009	50744	700	226	223	-3	2	110.89	110.89	110.89
juego1	easy	50.0	0.009	50753	700	226	224	-2	2	110.75	110.75	110.75
juego1	easy	50.0	0.009	50761	700	225	224	-1	2	110.62	110.62	110.62
juego1	easy	50.0	0.009	50770	700	225	224	-1	2	110.57	110.57	110.57
juego1	easy	50.0	0.009	50779	700	225	224	-1	2	110.48	110.48	110.48
juego1	easy	50.0	0.009	50788	700	225	225	0	2	110.41	110.41	110.41
juego1	easy	50.0	0.009	50795	700	224	225	1	2	110.39	110.39	110.39
juego1	easy	50.0	0.009	50804	700	224	225	1	2	110.43	110.43	110.43
juego1	easy	50.0	0.009	50813	700	224	225	1	2	110.45	110.45	110.45
juego1	easy	50.0	0.009	50822	700	224	225	1	2	110.42	110.42	110.42
juego1	easy	50.0	0.009	50829	700	223	225	2	2	110.39	110.39	110.39
juego1	easy	50.0	0.009	50838	700	223	225	2	2	110.32	110.32	110.32
juego1	easy	50.0	0.009	50847	700	223	225	2	2	110.29	110.29	110.29
juego1	easy	50.0	0.009	50856	700	223	225	2	2	110.31	110.31	110.31
juego1	easy	50.0	0.009	50864	700	223	225	2	2	110.34	110.34	110.34
juego1	easy	50.0	0.009	50873	700	222	225	3	2	110.39	110.39	110.39
juego1	easy	50.0	0.009	50882	700	222	225	3	2	110.42	110.42	110.42
juego1	easy	50.0	0.009	50891	700	222	225	3	2	110.44	110.44	110.44
juego1	easy	50.0	0.009	50898	700	222	225	3	2	110.45	110.45	110.45
juego1	easy	50.0	0.009	50906	700	222	225	3	2	110.47	110.47	110.47
juego1	easy	50.0	0.009	50914	700	221	225	4	2	110.47	110.47	110.47
juego1	easy	50.0	0.009	50923	700	221	225	4	2	110.45	110.45	110.45
juego1	easy	50.0	0.009	50932	700	221	225	4	2	110.4	110.4	110.4
juego1	easy	50.0	0.009	50941	700	221	225	4	2	110.38	110.38	110.38
juego1	easy	50.0	0.009	50948	700	221	225	4	2	110.39	110.39	110.39
juego1	easy	50.0	0.009	50957	700	221	225	4	2	110.42	110.42	110.42
juego1	easy	50.0	0.009	50966	700	220	225	5	2	110.4	110.4	110.4
juego1	easy	50.0	0.009	50974	700	220	225	5	2	110.38	110.38	110.38
juego1	easy	50.0	0.009	50983	700	220	225	5	2	110.37	110.37	110.37
juego1	easy	50.0	0.009	50991	700	220	225	5	2	110.39	110.39	110.39
juego1	easy	50.0	0.009	50999	700	220	225	5	2	110.41	110.41	110.41
juego1	easy	50.0	0.009	51008	700	220	225	5	2	110.45	110.45	110.45
juego1	easy	50.0	0.009	51017	700	220	224	4	2	110.54	110.54	110.54
juego1	easy	50.0	0.009	51026	700	220	224	4	2	110.64	110.64	110.64
juego1	easy	50.0	0.009	51034	700	219	224	5	2	110.69	110.69	110.69
juego1	easy	50.0	0.009	51041	700	219	224	5	2	110.78	110.78	110.78
juego1	easy	50.0	0.009	51049	700	219	224	5	2	110.81	110.81	110.81
juego1	easy	50.0	0.009	51057	700	219	223	4	2	110.89	110.89	110.89
juego1	easy	50.0	0.009	51066	700	219	223	4	2	110.95	110.95	110.95
juego1	easy	50.0	0.009	51075	700	219	223	4	2	111.0	111.0	111.0
juego1	easy	50.0	0.009	51084	700	219	222	3	2	111.17	111.17	111.17
juego1	easy	50.0	0.009	51093	700	219	222	3	2	111.39	111.39	111.39
juego1	easy	50.0	0.009	51102	700	219	221	2	2	111.54	111.54	111.54
juego1	easy	50.0	0.009	51110	700	219	221	2	2	111.57	111.57	111.57
juego1	easy	50.0	0.009	51118	700	219	221	2	2	111.58	111.58	111.58
juego1	easy	50.0	0.009	51127	700	219	221	2	2	111.56	111.56	111.56
juego1	easy	50.0	0.009	51135	700	219	221	2	2	111.55	111.55	111.55
juego1	easy	50.0	0.009	51144	700	219	221	2	2	111.54	111.54	111.54
juego1	easy	50.0	0.009	51153	700	219	221	2	2	111.53	111.53	111.53
juego1	easy	50.0	0.009	51162	700	219	221	2	2	111.49	111.49	111.49
juego1	easy	50.0	0.009	51170	700	219	222	3	2	111.48	111.48	111.48
juego1	easy	50.0	0.009	51178	700	219	222	3	2	111.48	111.48	111.48
juego1	easy	50.0	0.009	51187	700	219	221	2	2	111.55	111.55	111.55
juego1	easy	50.0	0.009	51195	700	219	221	2	2	111.6	111.6	111.6
juego1	easy	50.0	0.009	51204	700	219	221	2	2	111.72	111.72	111.72
juego1	easy	50.0	0.009	51213	700	219	221	2	2	111.82	111.82	111.82
juego1	easy	50.0	0.009	51222	700	219	220	1	2	111.86	111.86	111.86
juego1	easy	50.0	0.009	51229	700	219	220	1	2	111.86	111.86	111.86
juego1	easy	50.0	0.009	51238	700	219	220	1	2	111.83	111.83	111.83
juego1	easy	50.0	0.009	51247	700	219	220	1	2	111.83	111.83	111.83
juego1	easy	50.0	0.009	51254	700	219	221	2	2	111.82	111.82	111.82
juego1	easy	50.0	0.009	51263	700	219	221	2	2	111.8	111.8	111.8
juego1	easy	50.0	0.009	51272	700	219	221	2	2	111.79	111.79	111.79
juego1	easy	50.0	0.009	51279	700	219	221	2	2	111.79	111.79	111.79
juego1	easy	50.0	0.009	51288	700	219	220	1	2	111.83	111.83	111.83
juego1	easy	50.0	0.009	51297	700	219	220	1	2	111.85	111.85	111.85
juego1	easy	50.0	0.009	51304	700	219	220	1	2	111.84	111.84	111.84
juego1	easy	50.0	0.009	51313	700	219	221	2	2	111.81	111.81	111.81
juego1	easy	50.0	0.009	51322	700	219	221	2	2	111.75	111.75	111.75
juego1	easy	50.0	0.009	51329	700	219	221	2	2	111.7	111.7	111.7
juego1	easy	50.0	0.009	51338	700	219	221	2	2	111.62	111.62	111.62
juego1	easy	50.0	0.009	51347	700	219	221	2	2	111.57	111.57	111.57
juego1	easy	50.0	0.009	51354	700	220	221	1	2	111.57	111.57	111.57
juego1	easy	50.0	0.009	51363	700	220	221	1	2	111.56	111.56	111.56
juego1	easy	50.0	0.009	51372	700	220	221	1	2	111.53	111.53	111.53
juego1	easy	50.0	0.009	51380	700	220	221	1	2	111.5	111.5	111.5
juego1	easy	50.0	0.009	51389	700	220	222	2	2	111.43	111.43	111.43
juego1	easy	50.0	0.009	51396	700	220	222	2	2	111.39	111.39	111.39
juego1	easy	50.0	0.009	51404	700	220	222	2	2	111.34	111.34	111.34
juego1	easy	50.0	0.009	51413	700	220	222	2	2	111.32	111.32	111.32
juego1	easy	50.0	0.009	51421	700	221	222	1	2	111.31	111.31	111.31
juego1	easy	50.0	0.009	51429	700	221	222	1	2	111.3	111.3	111.3
juego1	easy	50.0	0.009	51438	700	221	222	1	2	111.26	111.26	111.26
juego1	easy	50.0	0.009	51447	700	221	222	1	2	111.21	111.21	111.21
juego1	easy	50.0	0.009	51454	700	221	222	1	2	111.2	111.2	111.2
juego1	easy	50.0	0.009	51463	700	221	222	1	2	111.18	111.18	111.18
juego1	easy	50.0	0.009	51472	700	222	223	1	2	111.14	111.14	111.14
juego1	easy	50.0	0.009	51481	700	222	223	1	2	111.11	111.11	111.11
juego1	easy	50.0	0.009	51489	700	222	223	1	2	111.06	111.06	111.06
juego1	easy	50.0	0.009	51498	700	222	223	1	2	111.01	111.01	111.01
juego1	easy	50.0	0.009	51507	700	222	223	1	2	110.93	110.93	110.93
juego1	easy	50.0	0.009	51516	700	223	223	0	2	110.86	110.86	110.86
juego1	easy	50.0	0.009	51524	700	223	224	1	2	110.7	110.7	110.7
juego1	easy	50.0	0.009	51533	700	223	224	1	2	110.6	110.6	110.6
juego1	easy	50.0	0.009	51541	700	223	224	1	2	110.59	110.59	110.59
juego1	easy	50.0	0.009	51550	700	223	224	1	2	110.57	110.57	110.57
juego1	easy	50.0	0.009	51559	700	224	224	0	2	110.52	110.52	110.52
juego1	easy	50.0	0.009	51566	700	224	225	1	2	110.47	110.47	110.47
juego1	easy	50.0	0.009	51575	700	224	225	1	2	110.35	110.35	110.35
juego1	easy	50.0	0.009	51583	700	224	225	1	2	110.28	110.28	110.28
juego1	easy	50.0	0.009	51591	700	225	225	0	2	110.25	110.25	110.25
juego1	easy	50.0	0.009	51600	700	225	225	0	2	110.22	110.22	110.22
juego1	easy	50.0	0.009	51609	700	225	225	0	2	110.2	110.2	110.2
juego1	easy	50.0	0.009	51617	700	225	225	0	2	110.19	110.19	110.19
juego1	easy	50.0	0.009	51626	700	226	225	-1	2	110.19	110.19	110.19
juego1	easy	50.0	0.009	51634	700	226	225	-1	2	110.16	110.16	110.16
juego1	easy	50.0	0.009	51643	700	226	226	0	2	110.1	110.1	110.1
juego1	easy	50.0	0.009	51651	700	227	226	-1	2	110.08	110.08	110.08
juego1	easy	50.0	0.009	51659	700	227	226	-1	2	110.02	110.02	110.02
juego1	easy	50.0	0.009	51668	700	227	226	-1	2	109.93	109.93	109.93
juego1	easy	50.0	0.009	51677	700	227	226	-1	2	109.86	109.86	109.86
juego1	easy	50.0	0.009	51684	700	228	227	-1	2	109.68	109.68	109.68
juego1	easy	50.0	0.009	51693	700	228	227	-1	2	109.53	109.53	109.53
juego1	easy	50.0	0.009	51702	700	228	227	-1	2	109.48	109.48	109.48
juego1	easy	50.0	0.009	51710	700	229	228	-1	2	109.42	109.42	109.42
juego1	easy	50.0	0.009	51719	700	229	228	-1	2	109.39	109.39	109.39
juego1	easy	50.0	0.009	51728	700	229	228	-1	2	109.34	109.34	109.34
juego1	easy	50.0	0.009	51736	700	230	228	-2	2	109.3	109.3	109.3
juego1	easy	50.0	0.009	51745	700	230	228	-2	2	109.18	109.18	109.18
juego1	easy	50.0	0.009	51754	700	230	229	-1	2	109.02	109.02	109.02
juego1	easy	50.0	0.009	51762	700	231	229	-2	2	108.88	108.88	108.88
juego1	easy	50.0	0.009	51771	700	231	229	-2	2	108.82	108.82	108.82
juego1	easy	50.0	0.009	51779	700	231	230	-1	2	108.74	108.74	108.74
juego1	easy	50.0	0.009	51788	700	232	230	-2	2	108.63	108.63	108.63
juego1	easy	50.0	0.009	51797	700	232	230	-2	2	108.57	108.57	108.57
juego1	easy	50.0	0.009	51805	700	232	231	-1	2	108.42	108.42	108.42
juego1	easy	50.0	0.009	51814	700	233	231	-2	2	108.27	108.27	108.27
juego1	easy	50.0	0.009	51822	700	233	231	-2	2	108.19	108.19	108.19
juego1	easy	50.0	0.009	51830	700	234	232	-2	2	108.05	108.05	108.05
juego1	easy	50.0	0.009	51839	700	234	232	-2	2	107.94	107.94	107.94
juego1	easy	50.0	0.009	51848	700	234	232	-2	2	107.81	107.81	107.81
juego1	easy	50.0	0.009	51857	700	235	233	-2	2	107.75	107.75	107.75
juego1	easy	50.0	0.009	51866	700	235	233	-2	2	107.63	107.63	107.63
juego1	easy	50.0	0.009	51874	700	236	233	-3	2	107.52	107.52	107.52
juego1	easy	50.0	0.009	51883	700	236	234	-2	2	107.41	107.41	107.41
juego1	easy	50.0	0.009	51891	700	236	234	-2	2	107.35	107.35	107.35
juego1	easy	50.0	0.009	51900	700	237	234	-3	2	107.25	107.25	107.25
juego1	easy	50.0	0.009	51908	700	237	234	-3	2	107.12	107.12	107.12
juego1	easy	50.0	0.009	51917	700	238	235	-3	2	107.05	107.05	107.05
juego1	easy	50.0	0.009	51925	700	238	235	-3	2	106.92	106.92	106.92
juego1	easy	50.0	0.009	51934	700	239	236	-3	2	106.74	106.74	106.74
juego1	easy	50.0	0.009	51942	700	239	236	-3	2	106.63	106.63	106.63
juego1	easy	50.0	0.009	51950	700	239	236	-3	2	106.47	106.47	106.47
juego1	easy	50.0	0.009	51959	700	240	237	-3	2	106.41	106.41	106.41
juego1	easy	50.0	0.009	51967	700	240	237	-3	2	106.39	106.39	106.39
juego1	easy	50.0	0.009	51976	700	241	237	-4	2	106.37	106.37	106.37
juego1	easy	50.0	0.009	51984	700	241	237	-4	2	106.27	106.27	106.27
juego1	easy	50.0	0.009	51993	700	242	238	-4	2	105.93	105.93	105.93
juego1	easy	50.0	0.009	52001	700	242	238	-4	2	105.83	105.83	105.83
juego1	easy	50.0	0.009	52010	700	243	239	-4	2	105.61	105.61	105.61
juego1	easy	50.0	0.009	52018	700	243	240	-3	2	105.41	105.41	105.41
juego1	easy	50.0	0.009	52026	700	243	240	-3	2	105.31	105.31	105.31
juego1	easy	50.0	0.009	52034	700	244	240	-4	2	105.13	105.13	105.13
juego1	easy	50.0	0.009	52043	700	244	241	-3	2	105.04	105.04	105.04
juego1	easy	50.0	0.009	52050	700	245	241	-4	2	104.86	104.86	104.86
juego1	easy	50.0	0.009	52059	700	245	242	-3	2	104.68	104.68	104.68
juego1	easy	50.0	0.009	52067	700	246	242	-4	2	104.57	104.57	104.57
juego1	easy	50.0	0.009	52075	700	246	243	-3	2	104.32	104.32	104.32
juego1	easy	50.0	0.009	52083	700	247	244	-3	2	104.05	104.05	104.05
juego1	easy	50.0	0.009	52091	700	247	244	-3	2	103.91	103.91	103.91
juego1	easy	50.0	0.009	52100	700	248	245	-3	2	103.68	103.68	103.68
juego1	easy	50.0	0.009	52109	700	248	245	-3	2	103.46	103.46	103.46
juego1	easy	50.0	0.009	52117	700	249	246	-3	2	103.36	103.36	103.36
juego1	easy	50.0	0.009	52126	700	249	246	-3	2	103.13	103.13	103.13
juego1	easy	50.0	0.009	52134	700	250	247	-3	2	102.85	102.85	102.85
juego1	easy	50.0	0.009	52142	700	250	247	-3	2	102.72	102.72	102.72
juego1	easy	50.0	0.009	52151	700	251	248	-3	2	102.48	102.48	102.48
juego1	easy	50.0	0.009	52159	700	252	249	-3	2	102.26	102.26	102.26
juego1	easy	50.0	0.009	52167	700	252	249	-3	2	102.15	102.15	102.15
juego1	easy	50.0	0.009	52176	700	253	250	-3	2	101.87	101.87	101.87
juego1	easy	50.0	0.009	52185	700	253	251	-2	2	101.53	101.53	101.53
juego1	easy	50.0	0.009	52194	700	254	252	-2	2	101.17	101.17	101.17
juego1	easy	50.0	0.009	52202	700	254	253	-1	2	100.99	100.99	100.99
juego1	easy	50.0	0.009	52211	700	255	254	-1	2	100.69	100.69	100.69
juego1	easy	50.0	0.009	52219	700	255	254	-1	2	100.36	100.36	100.36
juego1	easy	50.0	0.009	52228	700	256	255	-1	2	100.18	100.18	100.18
juego1	easy	50.0	0.009	52236	700	256	256	0	2	99.84	99.84	99.84
juego1	easy	50.0	0.009	52245	700	257	257	0	2	99.52	99.52	99.52
juego1	easy	50.0	0.009	52254	700	257	258	1	2	99.24	99.24	99.24
juego1	easy	50.0	0.009	52263	700	258	258	0	2	99.1	99.1	99.1
juego1	easy	50.0	0.009	52272	700	259	259	0	2	98.8	98.8	98.8
juego1	easy	50.0	0.009	52281	700	259	260	1	2	98.42	98.42	98.42
juego1	easy	50.0	0.009	52289	700	260	261	1	2	98.21	98.21	98.21
juego1	easy	50.0	0.009	52298	700	260	262	2	2	97.82	97.82	97.82
juego1	easy	50.0	0.009	52307	700	261	263	2	2	97.51	97.51	97.51
juego1	easy	50.0	0.009	52315	700	261	264	3	2	97.26	97.26	97.26
juego1	easy	50.0	0.009	52324	700	262	264	2	2	97.01	97.01	97.01
juego1	easy	50.0	0.009	52333	700	263	265	2	2	96.87	96.87	96.87
juego1	easy	50.0	0.009	52342	700	263	266	3	2	96.61	96.61	96.61
juego1	easy	50.0	0.009	52351	700	264	266	2	2	96.36	96.36	96.36
juego1	easy	50.0	0.009	52360	700	264	267	3	2	96.12	96.12	96.12
juego1	easy	50.0	0.009	52369	700	265	268	3	2	95.86	95.86	95.86
juego1	easy	50.0	0.009	52378	700	265	268	3	2	95.73	95.73	95.73
juego1	easy	50.0	0.009	52386	700	266	269	3	2	95.44	95.44	95.44
juego1	easy	50.0	0.009	52395	700	267	270	3	2	95.16	95.16	95.16
juego1	easy	50.0	0.009	52404	700	267	270	3	2	95.03	95.03	95.03
juego1	easy	50.0	0.009	52411	700	268	271	3	2	94.77	94.77	94.77
juego1	easy	50.0	0.009	52419	700	268	272	4	2	94.55	94.55	94.55
juego1	easy	50.0	0.009	52428	700	269	272	3	2	94.45	94.45	94.45
juego1	easy	50.0	0.009	52437	700	270	273	3	2	94.23	94.23	94.23
juego1	easy	50.0	0.009	52446	700	270	273	3	2	93.98	93.98	93.98
juego1	easy	50.0	0.009	52454	700	271	274	3	2	93.76	93.76	93.76
juego1	easy	50.0	0.009	52462	700	271	274	3	2	93.67	93.67	93.67
juego1	easy	50.0	0.009	52471	700	272	275	3	2	93.53	93.53	93.53
juego1	easy	50.0	0.009	52479	700	272	275	3	2	93.48	93.48	93.48
juego1	easy	50.0	0.009	52487	700	273	275	2	2	93.34	93.34	93.34
juego1	easy	50.0	0.009	52495	700	274	276	2	2	93.17	93.17	93.17
juego1	easy	50.0	0.009	52504	700	274	276	2	2	93.08	93.08	93.08
juego1	easy	50.0	0.009	52513	700	275	276	1	2	92.94	92.94	92.94
juego1	easy	50.0	0.009	52521	700	275	277	2	2	92.84	92.84	92.84
juego1	easy	50.0	0.009	52529	700	276	277	1	2	92.78	92.78	92.78
juego1	easy	50.0	0.009	52538	700	277	277	0	2	92.64	92.64	92.64
juego1	easy	50.0	0.009	52546	700	277	278	1	2	92.49	92.49	92.49
juego1	easy	50.0	0.009	52555	700	278	278	0	2	92.38	92.38	92.38
juego1	easy	50.0	0.009	52563	700	279	278	-1	2	92.34	92.34	92.34
juego1	easy	50.0	0.009	52572	700	279	278	-1	2	92.26	92.26	92.26
juego1	easy	50.0	0.009	52580	700	280	279	-1	2	92.17	92.17	92.17
juego1	easy	50.0	0.009	52589	700	280	279	-1	2	92.13	92.13	92.13
juego1	easy	50.0	0.009	52598	700	281	279	-2	2	92.0	92.0	92.0
juego1	easy	50.0	0.009	52607	700	282	280	-2	2	91.89	91.89	91.89
juego1	easy	50.0	0.009	52616	700	282	280	-2	2	91.78	91.78	91.78
juego1	easy	50.0	0.009	52624	700	283	280	-3	2	91.72	91.72	91.72
juego1	easy	50.0	0.009	52632	700	283	280	-3	2	91.62	91.62	91.62
juego1	easy	50.0	0.009	52641	700	284	281	-3	2	91.5	91.5	91.5
juego1	easy	50.0	0.009	52649	700	285	281	-4	2	91.43	91.43	91.43
juego1	easy	50.0	0.009	52658	700	285	281	-4	2	91.27	91.27	91.27
juego1	easy	50.0	0.009	52666	700	286	282	-4	2	91.08	91.08	91.08
juego1	easy	50.0	0.009	52675	700	286	283	-3	2	90.88	90.88	90.88
juego1	easy	50.0	0.009	52683	700	287	283	-4	2	90.78	90.78	90.78
juego1	easy	50.0	0.009	52692	700	288	283	-5	2	90.58	90.58	90.58
juego1	easy	50.0	0.009	52700	700	289	284	-5	2	90.39	90.39	90.39
juego1	easy	50.0	0.009	52709	700	289	284	-5	2	90.28	90.28	90.28
juego1	easy	50.0	0.009	52717	700	290	285	-5	2	90.0	90.0	90.0
juego1	easy	50.0	0.009	52726	700	291	286	-5	2	89.83	89.83	89.83
juego1	easy	50.0	0.009	52735	700	292	287	-5	2	89.44	89.44	89.44
juego1	easy	50.0	0.009	52743	700	292	288	-4	2	89.15	89.15	89.15
juego1	easy	50.0	0.009	52752	700	293	288	-5	2	88.89	88.89	88.89
juego1	easy	50.0	0.009	52760	700	294	289	-5	2	88.61	88.61	88.61
juego1	easy	50.0	0.009	52769	700	295	290	-5	2	88.46	88.46	88.46
juego1	easy	50.0	0.009	52777	700	295	291	-4	2	88.12	88.12	88.12
juego1	easy	50.0	0.009	52786	700	296	292	-4	2	87.74	87.74	87.74
juego1	easy	50.0	0.009	52795	700	297	292	-5	2	87.55	87.55	87.55
juego1	easy	50.0	0.009	52802	700	297	294	-3	2	87.16	87.16	87.16
juego1	easy	50.0	0.009	52811	700	298	295	-3	2	86.77	86.77	86.77
juego1	easy	50.0	0.009	52820	700	299	296	-3	2	86.4	86.4	86.4
juego1	easy	50.0	0.009	52827	700	300	296	-4	2	86.24	86.24	86.24
juego1	easy	50.0	0.009	52836	700	300	297	-3	2	85.92	85.92	85.92
juego1	easy	50.0	0.009	52843	700	300	298	-2	2	85.75	85.75	85.75
juego1	easy	50.0	0.009	52852	700	301	299	-2	2	85.45	85.45	85.45
juego1	easy	50.0	0.009	52860	700	302	299	-3	2	85.2	85.2	85.2
juego1	easy	50.0	0.009	52869	700	302	300	-2	2	85.1	85.1	85.1
juego1	easy	50.0	0.009	52878	700	303	300	-3	2	84.91	84.91	84.91
juego1	easy	50.0	0.009	52887	700	304	300	-4	2	84.69	84.69	84.69
juego1	easy	50.0	0.009	52895	700	304	301	-3	2	84.48	84.48	84.48
juego1	easy	50.0	0.009	52904	700	305	301	-4	2	84.38	84.38	84.38
juego1	easy	50.0	0.009	52912	700	306	301	-5	2	84.19	84.19	84.19
juego1	easy	50.0	0.009	52921	700	307	302	-5	2	84.01	84.01	84.01
juego1	easy	50.0	0.009	52929	700	307	302	-5	2	83.9	83.9	83.9
juego1	easy	50.0	0.009	52938	700	308	303	-5	2	83.66	83.66	83.66
juego1	easy	50.0	0.009	52946	700	309	304	-5	2	83.4	83.4	83.4
juego1	easy	50.0	0.009	52955	700	309	304	-5	2	83.29	83.29	83.29
juego1	easy	50.0	0.009	52964	700	310	305	-5	2	83.07	83.07	83.07
juego1	easy	50.0	0.009	52972	700	311	305	-6	2	82.88	82.88	82.88
juego1	easy	50.0	0.009	52981	700	312	306	-6	2	82.67	82.67	82.67
juego1	easy	50.0	0.009	52990	700	312	306	-6	2	82.56	82.56	82.56
juego1	easy	50.0	0.009	52998	700	313	307	-6	2	82.36	82.36	82.36
juego1	easy	50.0	0.009	53006	700	314	307	-7	2	82.17	82.17	82.17
juego1	easy	50.0	0.009	53015	700	314	308	-6	2	82.07	82.07	82.07
juego1	easy	50.0	0.009	53022	700	315	308	-7	2	81.91	81.91	81.91
juego1	easy	50.0	0.009	53031	700	316	308	-8	2	81.83	81.83	81.83
juego1	easy	50.0	0.009	53038	700	316	309	-7	2	81.62	81.62	81.62
juego1	easy	50.0	0.009	53047	700	317	310	-7	2	81.45	81.45	81.45
juego1	easy	50.0	0.009	53056	700	318	312	-6	2	80.75	80.75	80.75
juego1	easy	50.0	0.009	53064	700	318	312	-6	2	80.49	80.49	80.49
juego1	easy	50.0	0.009	53073	700	319	314	-5	2	80.04	80.04	80.04
juego1	easy	50.0	0.009	53082	700	320	315	-5	2	79.77	79.77	79.77
juego1	easy	50.0	0.009	53091	700	320	315	-5	2	79.62	79.62	79.62
juego1	easy	50.0	0.009	53099	700	321	315	-6	2	79.54	79.54	79.54
juego1	easy	50.0	0.009	53107	700	322	316	-6	2	79.3	79.3	79.3
juego1	easy	50.0	0.009	53116	700	322	317	-5	2	79.0	79.0	79.0
juego1	easy	50.0	0.009	53123	700	323	317	-6	2	78.83	78.83	78.83
juego1	easy	50.0	0.009	53132	700	324	318	-6	2	78.53	78.53	78.53
juego1	easy	50.0	0.009	53141	700	324	319	-5	2	78.25	78.25	78.25
juego1	easy	50.0	0.009	53148	700	325	319	-6	2	78.11	78.11	78.11
juego1	easy	50.0	0.009	53157	700	326	320	-6	2	77.85	77.85	77.85
juego1	easy	50.0	0.009	53165	700	326	321	-5	2	77.74	77.74	77.74
juego1	easy	50.0	0.009	53173	700	327	321	-6	2	77.58	77.58	77.58
juego1	easy	50.0	0.009	53181	700	328	321	-7	2	77.45	77.45	77.45
juego1	easy	50.0	0.009	53190	700	328	322	-6	2	77.37	77.37	77.37
juego1	easy	50.0	0.009	53198	700	329	322	-7	2	77.2	77.2	77.2
juego1	easy	50.0	0.009	53207	700	330	323	-7	2	77.01	77.01	77.01
juego1	easy	50.0	0.009	53215	700	330	323	-7	2	76.95	76.95	76.95
juego1	easy	50.0	0.009	53223	700	331	323	-8	2	76.84	76.84	76.84
juego1	easy	50.0	0.009	53232	700	331	323	-8	2	76.78	76.78	76.78
juego1	easy	50.0	0.009	53240	700	332	323	-9	2	76.77	76.77	76.77
juego1	easy	50.0	0.009	53248	700	333	323	-10	2	76.75	76.75	76.75
juego1	easy	50.0	0.009	53257	700	333	324	-9	2	76.66	76.66	76.66
juego1	easy	50.0	0.009	53265	700	334	324	-10	2	76.59	76.59	76.59
juego1	easy	50.0	0.009	53274	700	334	325	-9	2	76.39	76.39	76.39
juego1	easy	50.0	0.009	53282	700	335	325	-10	2	76.15	76.15	76.15
juego1	easy	50.0	0.009	53291	700	336	326	-10	2	76.03	76.03	76.03
juego1	easy	50.0	0.009	53298	700	336	326	-10	2	75.75	75.75	75.75
juego1	easy	50.0	0.009	53307	700	337	327	-10	2	75.45	75.45	75.45
juego1	easy	50.0	0.009	53315	700	337	328	-9	2	75.28	75.28	75.28
juego1	easy	50.0	0.009	53323	700	338	329	-9	2	74.97	74.97	74.97
juego1	easy	50.0	0.009	53332	700	338	330	-8	2	74.65	74.65	74.65
juego1	easy	50.0	0.009	53340	700	339	330	-9	2	74.48	74.48	74.48
juego1	easy	50.0	0.009	53348	700	340	331	-9	2	74.13	74.13	74.13
juego1	easy	50.0	0.009	53357	700	340	332	-8	2	73.71	73.71	73.71
juego1	easy	50.0	0.009	53364	700	341	333	-8	2	73.48	73.48	73.48
juego1	easy	50.0	0.009	53373	700	341	334	-7	2	73.25	73.25	73.25
juego1	easy	50.0	0.009	53382	700	342	335	-7	2	72.87	72.87	72.87
juego1	easy	50.0	0.009	53391	700	342	336	-6	2	72.48	72.48	72.48
juego1	easy	50.0	0.009	53399	700	343	337	-6	2	72.16	72.16	72.16
juego1	easy	50.0	0.009	53407	700	343	338	-5	2	71.77	71.77	71.77
juego1	easy	50.0	0.009	53416	700	344	339	-5	2	71.54	71.54	71.54
juego1	easy	50.0	0.009	53424	700	344	340	-4	2	71.07	71.07	71.07
juego1	easy	50.0	0.009	53433	700	345	342	-3	2	70.52	70.52	70.52
juego1	easy	50.0	0.009	53442	700	345	344	-1	2	69.9	69.9	69.9
juego1	easy	50.0	0.009	53449	700	346	345	-1	2	69.6	69.6	69.6
juego1	easy	50.0	0.009	53458	700	346	346	0	2	69.08	69.08	69.08
juego1	easy	50.0	0.009	53466	700	347	347	0	2	68.82	68.82	68.82
juego1	easy	50.0	0.009	53474	700	347	348	1	2	68.32	68.32	68.32
juego1	easy	50.0	0.009	53483	700	348	350	2	2	67.81	67.81	67.81
juego1	easy	50.0	0.009	53492	700	348	351	3	2	67.33	67.33	67.33
juego1	easy	50.0	0.009	53499	700	349	352	3	2	67.13	67.13	67.13
juego1	easy	50.0	0.009	53508	700	349	353	4	2	66.71	66.71	66.71
juego1	easy	50.0	0.009	53517	700	350	355	5	2	66.26	66.26	66.26
juego1	easy	50.0	0.009	53524	700	350	355	5	2	66.04	66.04	66.04
juego1	easy	50.0	0.009	53533	700	351	356	5	2	65.66	65.66	65.66
juego1	easy	50.0	0.009	53542	700	351	357	6	2	65.41	65.41	65.41
juego1	easy	50.0	0.009	53549	700	351	357	6	2	65.31	65.31	65.31
juego1	easy	50.0	0.009	53558	700	352	358	6	2	65.1	65.1	65.1
juego1	easy	50.0	0.009	53567	700	352	358	6	2	64.99	64.99	64.99
juego1	easy	50.0	0.009	53574	700	353	359	6	2	64.76	64.76	64.76
juego1	easy	50.0	0.009	53583	700	353	359	6	2	64.61	64.61	64.61
juego1	easy	50.0	0.009	53592	700	354	360	6	2	64.54	64.54	64.54
juego1	easy	50.0	0.009	53599	700	354	360	6	2	64.47	64.47	64.47
juego1	easy	50.0	0.009	53607	700	354	360	6	2	64.38	64.38	64.38
juego1	easy	50.0	0.009	53615	700	355	360	5	2	64.29	64.29	64.29
juego1	easy	50.0	0.009	53624	700	355	361	6	2	64.19	64.19	64.19
juego1	easy	50.0	0.009	53632	700	356	361	5	2	64.06	64.06	64.06
juego1	easy	50.0	0.009	53641	700	356	361	5	2	63.97	63.97	63.97
juego1	easy	50.0	0.009	53649	700	356	362	6	2	63.69	63.69	63.69
juego1	easy	50.0	0.009	53658	700	357	363	6	2	63.39	63.39	63.39
juego1	easy	50.0	0.009	53667	700	357	363	6	2	63.28	63.28	63.28
juego1	easy	50.0	0.009	53674	700	357	364	7	2	63.15	63.15	63.15
juego1	easy	50.0	0.009	53683	700	358	364	6	2	63.04	63.04	63.04
juego1	easy	50.0	0.009	53692	700	358	364	6	2	62.96	62.96	62.96
juego1	easy	50.0	0.009	53699	700	358	365	7	2	62.78	62.78	62.78
juego1	easy	50.0	0.009	53708	700	359	365	6	2	62.66	62.66	62.66
juego1	easy	50.0	0.009	53718	700	359	365	6	2	62.65	62.65	62.65
juego1	easy	50.0	0.009	53726	700	359	365	6	2	62.66	62.66	62.66
juego1	easy	50.0	0.009	53734	700	360	365	5	2	62.63	62.63	62.63
juego1	easy	50.0	0.009	53743	700	360	365	5	2	62.57	62.57	62.57
juego1	easy	50.0	0.009	53751	700	360	366	6	2	62.54	62.54	62.54
juego1	easy	50.0	0.009	53760	700	361	366	5	2	62.5	62.5	62.5
juego1	easy	50.0	0.009	53768	700	361	366	5	2	62.46	62.46	62.46
juego1	easy	50.0	0.009	53777	700	361	366	5	2	62.43	62.43	62.43
juego1	easy	50.0	0.009	53785	700	362	366	4	2	62.38	62.38	62.38
juego1	easy	50.0	0.009	53794	700	362	366	4	2	62.41	62.41	62.41
juego1	easy	50.0	0.009	53803	700	362	366	4	2	62.5	62.5	62.5
juego1	easy	50.0	0.009	53811	700	362	366	4	2	62.54	62.54	62.54
juego1	easy	50.0	0.009	53820	700	363	365	2	2	62.62	62.62	62.62
juego1	easy	50.0	0.009	53829	700	363	365	2	2	62.62	62.62	62.62
juego1	easy	50.0	0.009	53836	700	363	365	2	2	62.63	62.63	62.63
juego1	easy	50.0	0.009	53844	700	363	365	2	2	62.63	62.63	62.63
juego1	easy	50.0	0.009	53853	700	364	365	1	2	62.63	62.63	62.63
juego1	easy	50.0	0.009	53861	700	364	365	1	2	62.61	62.61	62.61
juego1	easy	50.0	0.009	53870	700	364	365	1	2	62.57	62.57	62.57
juego1	easy	50.0	0.009	53879	700	364	366	2	2	62.5	62.5	62.5
juego1	easy	50.0	0.009	53887	700	364	366	2	2	62.46	62.46	62.46
juego1	easy	50.0	0.009	53895	700	365	366	1	2	62.4	62.4	62.4
juego1	easy	50.0	0.009	53904	700	365	366	1	2	62.36	62.36	62.36
juego1	easy	50.0	0.009	53912	700	365	366	1	2	62.33	62.33	62.33
juego1	easy	50.0	0.009	53921	700	365	366	1	2	62.33	62.33	62.33
juego1	easy	50.0	0.009	53929	700	365	366	1	2	62.33	62.33	62.33
juego1	easy	50.0	0.009	53938	700	365	366	1	2	62.37	62.37	62.37
juego1	easy	50.0	0.009	53947	700	366	366	0	2	62.41	62.41	62.41
juego1	easy	50.0	0.009	53955	700	366	366	0	2	62.47	62.47	62.47
juego1	easy	50.0	0.009	53964	700	366	366	0	2	62.5	62.5	62.5
juego1	easy	50.0	0.009	53972	700	366	366	0	2	62.5	62.5	62.5
juego1	easy	50.0	0.009	53981	700	366	366	0	2	62.46	62.46	62.46
juego1	easy	50.0	0.009	53990	700	366	366	0	2	62.39	62.39	62.39
juego1	easy	50.0	0.009	53998	700	366	366	0	2	62.34	62.34	62.34
juego1	easy	50.0	0.009	54007	700	367	366	-1	2	62.33	62.33	62.33
juego1	easy	50.0	0.009	54015	700	367	366	-1	2	62.32	62.32	62.32
juego1	easy	50.0	0.009	54024	700	367	366	-1	2	62.3	62.3	62.3
juego1	easy	50.0	0.009	54033	700	367	366	-1	2	62.25	62.25	62.25
juego1	easy	50.0	0.009	54041	700	367	367	0	2	62.22	62.22	62.22
juego1	easy	50.0	0.009	54050	700	367	367	0	2	62.13	62.13	62.13
juego1	easy	50.0	0.009	54057	700	367	367	0	2	62.09	62.09	62.09
juego1	easy	50.0	0.009	54066	700	367	367	0	2	62.02	62.02	62.02
juego1	easy	50.0	0.009	54075	700	367	367	0	2	61.98	61.98	61.98
juego1	easy	50.0	0.009	54083	700	367	367	0	2	62.0	62.0	62.0
juego1	easy	50.0	0.009	54092	700	367	367	0	2	62.03	62.03	62.03
juego1	easy	50.0	0.009	54101	700	367	367	0	2	62.14	62.14	62.14
juego1	easy	50.0	0.009	54109	700	367	367	0	2	62.19	62.19	62.19
juego1	easy	50.0	0.009	54118	700	367	367	0	2	62.16	62.16	62.16
juego1	easy	50.0	0.009	54127	700	367	367	0	2	62.13	62.13	62.13
juego1	easy	50.0	0.009	54135	700	367	367	0	2	62.08	62.08	62.08
juego1	easy	50.0	0.009	54144	700	367	367	0	2	62.05	62.05	62.05
juego1	easy	50.0	0.009	54152	700	367	367	0	2	62.05	62.05	62.05
juego1	easy	50.0	0.009	54161	700	367	367	0	2	62.03	62.03	62.03
juego1	easy	50.0	0.009	54170	700	367	367	0	2	62.02	62.02	62.02
juego1	easy	50.0	0.009	54179	700	367	367	0	2	62.06	62.06	62.06
juego1	easy	50.0	0.009	54187	700	367	367	0	2	62.07	62.07	62.07
juego1	easy	50.0	0.009	54196	700	367	367	0	2	62.12	62.12	62.12
juego1	easy	50.0	0.009	54205	700	367	367	0	2	62.13	62.13	62.13
juego1	easy	50.0	0.009	54214	700	367	367	0	2	62.09	62.09	62.09
juego1	easy	50.0	0.009	54222	700	367	367	0	2	62.05	62.05	62.05
juego1	easy	50.0	0.009	54230	700	367	367	0	2	61.93	61.93	61.93
juego1	easy	50.0	0.009	54240	700	367	368	1	2	61.82	61.82	61.82
juego1	easy	50.0	0.009	54248	700	367	368	1	2	61.82	61.82	61.82
juego1	easy	50.0	0.009	54257	700	367	368	1	2	61.86	61.86	61.86
juego1	easy	50.0	0.009	54265	700	367	367	0	2	61.94	61.94	61.94
juego1	easy	50.0	0.009	54274	700	367	367	0	2	62.01	62.01	62.01
juego1	easy	50.0	0.009	54283	700	367	367	0	2	62.03	62.03	62.03
juego1	easy	50.0	0.009	54292	700	367	367	0	2	62.01	62.01	62.01
juego1	easy	50.0	0.009	54300	700	366	367	1	2	61.95	61.95	61.95
juego1	easy	50.0	0.009	54309	700	366	368	2	2	61.88	61.88	61.88
juego1	easy	50.0	0.009	54317	700	366	368	2	2	61.88	61.88	61.88
juego1	easy	50.0	0.009	54326	700	366	367	1	2	61.91	61.91	61.91
juego1	easy	50.0	0.009	54334	700	366	367	1	2	61.99	61.99	61.99
juego1	easy	50.0	0.009	54343	700	366	367	1	2	62.04	62.04	62.04
juego1	easy	50.0	0.009	54352	700	366	367	1	2	62.14	62.14	62.14
juego1	easy	50.0	0.009	54360	700	366	367	1	2	62.19	62.19	62.19
juego1	easy	50.0	0.009	54369	700	365	367	2	2	62.19	62.19	62.19
juego1	easy	50.0	0.009	54378	700	365	367	2	2	62.17	62.17	62.17
juego1	easy	50.0	0.009	54387	700	365	367	2	2	62.15	62.15	62.15
juego1	easy	50.0	0.009	54395	700	365	367	2	2	62.16	62.16	62.16
juego1	easy	50.0	0.009	54404	700	365	367	2	2	62.2	62.2	62.2
juego1	easy	50.0	0.009	54413	700	364	366	2	2	62.24	62.24	62.24
juego1	easy	50.0	0.009	54421	700	364	366	2	2	62.33	62.33	62.33
juego1	easy	50.0	0.009	54430	700	364	366	2	2	62.35	62.35	62.35
juego1	easy	50.0	0.009	54439	700	364	366	2	2	62.33	62.33	62.33
juego1	easy	50.0	0.009	54447	700	364	366	2	2	62.32	62.32	62.32
juego1	easy	50.0	0.009	54456	700	363	366	3	2	62.32	62.32	62.32
juego1	easy	50.0	0.009	54464	700	363	366	3	2	62.35	62.35	62.35
juego1	easy	50.0	0.009	54473	700	363	366	3	2	62.39	62.39	62.39
juego1	easy	50.0	0.009	54481	700	363	366	3	2	62.5	62.5	62.5
juego1	easy	50.0	0.009	54490	700	362	365	3	2	62.59	62.59	62.59
juego1	easy	50.0	0.009	54498	700	362	365	3	2	62.59	62.59	62.59
juego1	easy	50.0	0.009	54507	700	362	366	4	2	62.56	62.56	62.56
juego1	easy	50.0	0.009	54515	700	362	366	4	2	62.54	62.54	62.54
juego1	easy	50.0	0.009	54524	700	361	366	5	2	62.54	62.54	62.54
juego1	easy	50.0	0.009	54532	700	361	366	5	2	62.55	62.55	62.55
juego1	easy	50.0	0.009	54541	700	361	365	4	2	62.58	62.58	62.58
juego1	easy	50.0	0.009	54549	700	360	365	5	2	62.66	62.66	62.66
juego1	easy	50.0	0.009	54558	700	360	365	5	2	62.69	62.69	62.69
juego1	easy	50.0	0.009	54566	700	360	365	5	2	62.74	62.74	62.74
juego1	easy	50.0	0.009	54575	700	360	365	5	2	62.79	62.79	62.79
juego1	easy	50.0	0.009	54583	700	359	365	6	2	62.81	62.81	62.81
juego1	easy	50.0	0.009	54591	700	359	365	6	2	62.89	62.89	62.89
juego1	easy	50.0	0.009	54600	700	359	364	5	2	62.95	62.95	62.95
juego1	easy	50.0	0.009	54608	700	358	364	6	2	62.96	62.96	62.96
juego1	easy	50.0	0.009	54616	700	358	364	6	2	63.01	63.01	63.01
juego1	easy	50.0	0.009	54624	700	358	364	6	2	63.13	63.13	63.13
juego1	easy	50.0	0.009	54633	700	357	364	7	2	63.22	63.22	63.22
juego1	easy	50.0	0.009	54641	700	357	363	6	2	63.4	63.4	63.4
juego1	easy	50.0	0.009	54650	700	356	363	7	2	63.57	63.57	63.57
juego1	easy	50.0	0.009	54658	700	356	362	6	2	63.65	63.65	63.65
juego1	easy	50.0	0.009	54666	700	356	362	6	2	63.87	63.87	63.87
juego1	easy	50.0	0.009	54675	700	355	361	6	2	64.12	64.12	64.12
juego1	easy	50.0	0.009	54683	700	355	361	6	2	64.25	64.25	64.25
juego1	easy	50.0	0.009	54691	700	355	360	5	2	64.48	64.48	64.48
juego1	easy	50.0	0.009	54700	700	354	359	5	2	64.7	64.7	64.7
juego1	easy	50.0	0.009	54708	700	354	359	5	2	64.8	64.8	64.8
juego1	easy	50.0	0.009	54717	700	353	358	5	2	64.97	64.97	64.97
juego1	easy	50.0	0.009	54725	700	353	358	5	2	65.11	65.11	65.11
juego1	easy	50.0	0.009	54734	700	352	358	6	2	65.19	65.19	65.19
juego1	easy	50.0	0.009	54742	700	352	357	5	2	65.39	65.39	65.39
juego1	easy	50.0	0.009	54751	700	352	356	4	2	65.66	65.66	65.66
juego1	easy	50.0	0.009	54760	700	351	355	4	2	66.0	66.0	66.0
juego1	easy	50.0	0.009	54768	700	351	355	4	2	66.18	66.18	66.18
juego1	easy	50.0	0.009	54777	700	350	354	4	2	66.46	66.46	66.46
juego1	easy	50.0	0.009	54785	700	350	353	3	2	66.65	66.65	66.65
juego1	easy	50.0	0.009	54794	700	349	353	4	2	66.72	66.72	66.72
juego1	easy	50.0	0.009	54802	700	349	353	4	2	66.92	66.92	66.92
juego1	easy	50.0	0.009	54810	700	348	352	4	2	67.15	67.15	67.15
juego1	easy	50.0	0.009	54819	700	348	352	4	2	67.26	67.26	67.26
juego1	easy	50.0	0.009	54828	700	347	351	4	2	67.47	67.47	67.47
juego1	easy	50.0	0.009	54836	700	347	350	3	2	67.66	67.66	67.66
juego1	easy	50.0	0.009	54845	700	346	350	4	2	67.9	67.9	67.9
juego1	easy	50.0	0.009	54854	700	346	349	3	2	68.05	68.05	68.05
juego1	easy	50.0	0.009	54862	700	345	348	3	2	68.4	68.4	68.4
juego1	easy	50.0	0.009	54870	700	345	347	2	2	68.81	68.81	68.81
juego1	easy	50.0	0.009	54879	700	344	346	2	2	69.04	69.04	69.04
juego1	easy	50.0	0.009	54887	700	344	345	1	2	69.56	69.56	69.56
juego1	easy	50.0	0.009	54896	700	343	343	0	2	70.07	70.07	70.07
juego1	easy	50.0	0.009	54904	700	343	343	0	2	70.26	70.26	70.26
juego1	easy	50.0	0.009	54912	700	342	342	0	2	70.51	70.51	70.51
juego1	easy	50.0	0.009	54921	700	342	342	0	2	70.61	70.61	70.61
juego1	easy	50.0	0.009	54929	700	341	342	1	2	70.63	70.63	70.63
juego1	easy	50.0	0.009	54937	700	341	341	0	2	70.7	70.7	70.7
juego1	easy	50.0	0.009	54946	700	340	341	1	2	70.83	70.83	70.83
juego1	easy	50.0	0.009	54955	700	340	341	1	2	71.0	71.0	71.0
juego1	easy	50.0	0.009	54963	700	339	340	1	2	71.07	71.07	71.07
juego1	easy	50.0	0.009	54971	700	339	340	1	2	71.21	71.21	71.21
juego1	easy	50.0	0.009	54980	700	338	339	1	2	71.45	71.45	71.45
juego1	easy	50.0	0.009	54987	700	337	339	2	2	71.61	71.61	71.61
juego1	easy	50.0	0.009	54996	700	337	338	1	2	72.0	72.0	72.0
juego1	easy	50.0	0.009	55004	700	336	337	1	2	72.19	72.19	72.19
juego1	easy	50.0	0.009	55012	700	336	337	1	2	72.19	72.19	72.19
juego1	easy	50.0	0.009	55020	700	335	335	0	2	72.69	72.69	72.69
juego1	easy	50.0	0.009	55029	700	334	335	1	2	72.91	72.91	72.91
juego1	easy	50.0	0.009	55037	700	334	334	0	2	73.13	73.13	73.13
juego1	easy	50.0	0.009	55046	700	333	334	1	2	73.31	73.31	73.31
juego1	easy	50.0	0.009	55054	700	333	333	0	2	73.41	73.41	73.41
juego1	easy	50.0	0.009	55062	700	332	333	1	2	73.6	73.6	73.6
juego1	easy	50.0	0.009	55071	700	331	332	1	2	73.81	73.81	73.81
juego1	easy	50.0	0.009	55079	700	331	332	1	2	73.93	73.93	73.93
juego1	easy	50.0	0.009	55088	700	330	331	1	2	74.23	74.23	74.23
juego1	easy	50.0	0.009	55097	700	330	330	0	2	74.56	74.56	74.56
juego1	easy	50.0	0.009	55106	700	329	329	0	2	74.89	74.89	74.89
juego1	easy	50.0	0.009	55114	700	328	329	1	2	75.04	75.04	75.04
juego1	easy	50.0	0.009	55123	700	328	328	0	2	75.33	75.33	75.33
juego1	easy	50.0	0.009	55132	700	327	327	0	2	75.56	75.56	75.56
juego1	easy	50.0	0.009	55141	700	326	327	1	2	75.72	75.72	75.72
juego1	easy	50.0	0.009	55149	700	326	326	0	2	75.78	75.78	75.78
juego1	easy	50.0	0.009	55158	700	325	326	1	2	75.89	75.89	75.89
juego1	easy	50.0	0.009	55166	700	325	325	0	2	76.07	76.07	76.07
juego1	easy	50.0	0.009	55176	700	324	325	1	2	76.34	76.34	76.34
juego1	easy	50.0	0.009	55184	700	323	324	1	2	76.48	76.48	76.48
juego1	easy	50.0	0.009	55192	700	323	323	0	2	76.78	76.78	76.78
juego1	easy	50.0	0.009	55201	700	322	322	0	2	77.09	77.09	77.09
juego1	easy	50.0	0.009	55209	700	321	322	1	2	77.24	77.24	77.24
juego1	easy	50.0	0.009	55218	700	321	321	0	2	77.57	77.57	77.57
juego1	easy	50.0	0.009	55226	700	320	320	0	2	77.88	77.88	77.88
juego1	easy	50.0	0.009	55235	700	319	320	1	2	78.03	78.03	78.03
juego1	easy	50.0	0.009	55244	700	319	319	0	2	78.3	78.3	78.3
juego1	easy	50.0	0.009	55253	700	318	318	0	2	78.54	78.54	78.54
juego1	easy	50.0	0.009	55261	700	317	317	0	2	78.77	78.77	78.77
juego1	easy	50.0	0.009	55270	700	317	317	0	2	78.88	78.88	78.88
juego1	easy	50.0	0.009	55279	700	316	316	0	2	79.11	79.11	79.11
juego1	easy	50.0	0.009	55288	700	315	316	1	2	79.31	79.31	79.31
juego1	easy	50.0	0.009	55296	700	314	315	1	2	79.54	79.54	79.54
juego1	easy	50.0	0.009	55305	700	314	315	1	2	79.66	79.66	79.66
juego1	easy	50.0	0.009	55313	700	313	314	1	2	79.97	79.97	79.97
juego1	easy	50.0	0.009	55322	700	312	313	1	2	80.29	80.29	80.29
juego1	easy	50.0	0.009	55331	700	312	312	0	2	80.47	80.47	80.47
juego1	easy	50.0	0.009	55339	700	311	311	0	2	80.86	80.86	80.86
juego1	easy	50.0	0.009	55347	700	310	311	1	2	81.08	81.08	81.08
juego1	easy	50.0	0.009	55356	700	310	309	-1	2	81.54	81.54	81.54
juego1	easy	50.0	0.009	55365	700	309	308	-1	2	81.94	81.94	81.94
juego1	easy	50.0	0.009	55374	700	308	307	-1	2	82.21	82.21	82.21
juego1	easy	50.0	0.009	55383	700	307	307	0	2	82.37	82.37	82.37
juego1	easy	50.0	0.009	55391	700	307	306	-1	2	82.48	82.48	82.48
juego1	easy	50.0	0.009	55400	700	306	306	0	2	82.53	82.53	82.53
juego1	easy	50.0	0.009	55408	700	305	306	1	2	82.63	82.63	82.63
juego1	easy	50.0	0.009	55417	700	305	306	1	2	82.76	82.76	82.76
juego1	easy	50.0	0.009	55425	700	304	305	1	2	82.82	82.82	82.82
juego1	easy	50.0	0.009	55433	700	303	305	2	2	83.01	83.01	83.01
juego1	easy	50.0	0.009	55442	700	302	304	2	2	83.27	83.27	83.27
juego1	easy	50.0	0.009	55451	700	302	304	2	2	83.43	83.43	83.43
juego1	easy	50.0	0.009	55458	700	301	303	2	2	83.74	83.74	83.74
juego1	easy	50.0	0.009	55467	700	300	302	2	2	84.04	84.04	84.04
juego1	easy	50.0	0.009	55475	700	300	302	2	2	84.15	84.15	84.15
juego1	easy	50.0	0.009	55484	700	300	301	1	2	84.32	84.32	84.32
juego1	easy	50.0	0.009	55493	700	299	301	2	2	84.41	84.41	84.41
juego1	easy	50.0	0.009	55500	700	298	301	3	2	84.44	84.44	84.44
juego1	easy	50.0	0.009	55509	700	298	300	2	2	84.51	84.51	84.51
juego1	easy	50.0	0.009	55517	700	297	300	3	2	84.61	84.61	84.61
juego1	easy	50.0	0.009	55526	700	296	300	4	2	84.68	84.68	84.68
juego1	easy	50.0	0.009	55534	700	295	300	5	2	84.87	84.87	84.87
juego1	easy	50.0	0.009	55542	700	295	300	5	2	85.07	85.07	85.07
juego1	easy	50.0	0.009	55551	700	294	300	6	2	85.17	85.17	85.17
juego1	easy	50.0	0.009	55560	700	293	299	6	2	85.33	85.33	85.33
juego1	easy	50.0	0.009	55569	700	292	299	7	2	85.46	85.46	85.46
juego1	easy	50.0	0.009	55577	700	292	298	6	2	85.59	85.59	85.59
juego1	easy	50.0	0.009	55586	700	291	298	7	2	85.67	85.67	85.67
juego1	easy	50.0	0.009	55594	700	290	297	7	2	85.86	85.86	85.86
juego1	easy	50.0	0.009	55602	700	290	297	7	2	86.1	86.1	86.1
juego1	easy	50.0	0.009	55611	700	289	296	7	2	86.23	86.23	86.23
juego1	easy	50.0	0.009	55618	700	288	296	8	2	86.45	86.45	86.45
juego1	easy	50.0	0.009	55627	700	287	295	8	2	86.64	86.64	86.64
juego1	easy	50.0	0.009	55635	700	287	295	8	3	86.73	86.73	86.73
juego1	easy	30.0	0.007	55644	700	286	294	8	3	86.96	86.96	86.96
juego1	easy	30.0	0.007	55653	700	286	293	7	3	87.2	87.2	87.2
juego1	easy	30.0	0.007	55661	700	286	293	7	3	87.32	87.32	87.32
juego1	easy	30.0	0.007	55670	700	286	292	6	3	87.59	87.59	87.59
juego1	easy	30.0	0.007	55679	700	285	291	6	3	87.89	87.89	87.89
juego1	easy	30.0	0.007	55687	700	285	290	5	3	88.23	88.23	88.23
juego1	easy	30.0	0.007	55696	700	285	290	5	3	88.41	88.41	88.41
juego1	easy	30.0	0.007	55705	700	285	289	4	3	88.75	88.75	88.75
juego1	easy	30.0	0.007	55714	700	284	288	4	3	88.93	88.93	88.93
juego1	easy	30.0	0.007	55723	700	284	287	3	3	89.4	89.4	89.4
juego1	easy	30.0	0.007	55732	700	284	287	3	3	89.51	89.51	89.51
juego1	easy	30.0	0.007	55741	700	283	286	3	3	89.68	89.68	89.68
juego1	easy	30.0	0.007	55749	700	283	286	3	3	89.87	89.87	89.87
juego1	easy	30.0	0.007	55758	700	283	285	2	3	90.19	90.19	90.19
juego1	easy	30.0	0.007	55767	700	283	283	0	3	90.62	90.62	90.62
juego1	easy	30.0	0.007	55774	700	282	283	1	3	90.85	90.85	90.85
juego1	easy	30.0	0.007	55783	700	282	282	0	3	91.21	91.21	91.21
juego1	easy	30.0	0.007	55791	700	282	281	-1	3	91.37	91.37	91.37
juego1	easy	30.0	0.007	55800	700	281	280	-1	3	91.63	91.63	91.63
juego1	easy	30.0	0.007	55808	700	281	279	-2	3	91.92	91.92	91.92
juego1	easy	30.0	0.007	55816	700	281	279	-2	3	92.07	92.07	92.07
juego1	easy	30.0	0.007	55825	700	281	278	-3	3	92.39	92.39	92.39
juego1	easy	30.0	0.007	55834	700	280	277	-3	3	92.72	92.72	92.72
juego1	easy	30.0	0.007	55842	700	280	276	-4	3	93.03	93.03	93.03
juego1	easy	30.0	0.007	55850	700	280	276	-4	3	93.19	93.19	93.19
juego1	easy	30.0	0.007	55859	700	279	275	-4	3	93.49	93.49	93.49
juego1	easy	30.0	0.007	55867	700	279	274	-5	3	93.71	93.71	93.71
juego1	easy	30.0	0.007	55876	700	279	274	-5	3	93.78	93.78	93.78
juego1	easy	30.0	0.007	55885	700	279	274	-5	3	93.93	93.93	93.93
juego1	easy	30.0	0.007	55894	700	278	273	-5	3	94.09	94.09	94.09
juego1	easy	30.0	0.007	55902	700	278	272	-6	3	94.32	94.32	94.32
juego1	easy	30.0	0.007	55910	700	278	272	-6	3	94.46	94.46	94.46
juego1	easy	30.0	0.007	55919	700	277	271	-6	3	94.76	94.76	94.76
juego1	easy	30.0	0.007	55927	700	277	270	-7	3	95.07	95.07	95.07
juego1	easy	30.0	0.007	55936	700	277	270	-7	3	95.21	95.21	95.21
juego1	easy	30.0	0.007	55944	700	277	269	-8	3	95.38	95.38	95.38
juego1	easy	30.0	0.007	55953	700	276	269	-7	3	95.41	95.41	95.41
juego1	easy	30.0	0.007	55961	700	276	269	-7	3	95.42	95.42	95.42
juego1	easy	30.0	0.007	55970	700	276	269	-7	3	95.43	95.43	95.43
juego1	easy	30.0	0.007	55978	700	275	269	-6	3	95.52	95.52	95.52
juego1	easy	30.0	0.007	55987	700	275	269	-6	3	95.58	95.58	95.58
juego1	easy	30.0	0.007	55996	700	275	268	-7	3	95.72	95.72	95.72
juego1	easy	30.0	0.007	56004	700	275	268	-7	3	95.86	95.86	95.86
juego1	easy	30.0	0.007	56013	700	274	268	-6	3	95.94	95.94	95.94
juego1	easy	30.0	0.007	56022	700	274	268	-6	3	95.94	95.94	95.94
juego1	easy	30.0	0.007	56029	700	274	268	-6	3	95.9	95.9	95.9
juego1	easy	30.0	0.007	56038	700	274	268	-6	3	95.81	95.81	95.81
juego1	easy	30.0	0.007	56046	700	273	268	-5	3	95.76	95.76	95.76
juego1	easy	30.0	0.007	56054	700	273	268	-5	3	95.64	95.64	95.64
juego1	easy	30.0	0.007	56062	700	273	269	-4	3	95.57	95.57	95.57
juego1	easy	30.0	0.007	56071	700	273	269	-4	3	95.46	95.46	95.46
juego1	easy	30.0	0.007	56080	700	272	269	-3	3	95.48	95.48	95.48
juego1	easy	30.0	0.007	56089	700	272	269	-3	3	95.56	95.56	95.56
juego1	easy	30.0	0.007	56098	700	272	269	-3	3	95.59	95.59	95.59
juego1	easy	30.0	0.007	56106	700	271	269	-2	3	95.58	95.58	95.58
juego1	easy	30.0	0.007	56114	700	271	269	-2	3	95.56	95.56	95.56
juego1	easy	30.0	0.007	56123	700	271	269	-2	3	95.54	95.54	95.54
juego1	easy	30.0	0.007	56130	700	271	269	-2	3	95.53	95.53	95.53
juego1	easy	30.0	0.007	56139	700	270	269	-1	3	95.49	95.49	95.49
juego1	easy	30.0	0.007	56148	700	270	269	-1	3	95.46	95.46	95.46
juego1	easy	30.0	0.007	56155	700	270	269	-1	3	95.46	95.46	95.46
juego1	easy	30.0	0.007	56163	700	270	269	-1	3	95.49	95.49	95.49
juego1	easy	30.0	0.007	56171	700	269	269	0	3	95.49	95.49	95.49
juego1	easy	30.0	0.007	56180	700	269	269	0	3	95.48	95.48	95.48
juego1	easy	30.0	0.007	56188	700	269	269	0	3	95.44	95.44	95.44
juego1	easy	30.0	0.007	56197	700	269	269	0	3	95.44	95.44	95.44
juego1	easy	30.0	0.007	56206	700	268	269	1	3	95.45	95.45	95.45
juego1	easy	30.0	0.007	56215	700	268	269	1	3	95.45	95.45	95.45
juego1	easy	30.0	0.007	56223	700	268	269	1	3	95.4	95.4	95.4
juego1	easy	30.0	0.007	56232	700	268	269	1	3	95.37	95.37	95.37
juego1	easy	30.0	0.007	56240	700	267	269	2	3	95.32	95.32	95.32
juego1	easy	30.0	0.007	56249	700	267	269	2	3	95.3	95.3	95.3
juego1	easy	30.0	0.007	56257	700	267	269	2	3	95.3	95.3	95.3
juego1	easy	30.0	0.007	56265	700	267	269	2	3	95.3	95.3	95.3
juego1	easy	30.0	0.007	56274	700	266	269	3	3	95.31	95.31	95.31
juego1	easy	30.0	0.007	56282	700	266	269	3	3	95.31	95.31	95.31
juego1	easy	30.0	0.007	56290	700	266	269	3	3	95.32	95.32	95.32
juego1	easy	30.0	0.007	56299	700	266	269	3	3	95.33	95.33	95.33
juego1	easy	30.0	0.007	56308	700	265	269	4	3	95.32	95.32	95.32
juego1	easy	30.0	0.007	56316	700	265	270	5	3	95.28	95.28	95.28
juego1	easy	30.0	0.007	56325	700	265	270	5	3	95.18	95.18	95.18
juego1	easy	30.0	0.007	56332	700	265	270	5	3	95.12	95.12	95.12
juego1	easy	30.0	0.007	56341	700	264	270	6	3	95.06	95.06	95.06
juego1	easy	30.0	0.007	56349	700	264	270	6	3	95.09	95.09	95.09
juego1	easy	30.0	0.007	56357	700	264	270	6	3	95.12	95.12	95.12
juego1	easy	30.0	0.007	56365	700	264	270	6	3	95.17	95.17	95.17
juego1	easy	30.0	0.007	56374	700	263	270	7	3	95.22	95.22	95.22
juego1	easy	30.0	0.007	56383	700	263	270	7	3	95.26	95.26	95.26
juego1	easy	30.0	0.007	56392	700	263	270	7	3	95.25	95.25	95.25
juego1	easy	30.0	0.007	56401	700	263	270	7	3	95.22	95.22	95.22
juego1	easy	30.0	0.007	56410	700	262	270	8	3	95.18	95.18	95.18
juego1	easy	30.0	0.007	56418	700	262	270	8	3	95.17	95.17	95.17
juego1	easy	30.0	0.007	56426	700	262	270	8	3	95.19	95.19	95.19
juego1	easy	30.0	0.007	56435	700	262	270	8	3	95.26	95.26	95.26
juego1	easy	30.0	0.007	56444	700	262	269	7	3	95.33	95.33	95.33
juego1	easy	30.0	0.007	56451	700	261	269	8	3	95.36	95.36	95.36
juego1	easy	30.0	0.007	56460	700	261	269	8	3	95.38	95.38	95.38
juego1	easy	30.0	0.007	56468	700	261	269	8	3	95.38	95.38	95.38
juego1	easy	30.0	0.007	56477	700	261	269	8	3	95.39	95.39	95.39
juego1	easy	30.0	0.007	56485	700	260	269	9	3	95.42	95.42	95.42
juego1	easy	30.0	0.007	56495	700	260	269	9	3	95.47	95.47	95.47
juego1	easy	30.0	0.007	56502	700	260	269	9	3	95.49	95.49	95.49
juego1	easy	30.0	0.007	56510	700	260	269	9	3	95.53	95.53	95.53
juego1	easy	30.0	0.007	56519	700	260	269	9	3	95.55	95.55	95.55
juego1	easy	30.0	0.007	56528	700	259	269	10	3	95.53	95.53	95.53
juego1	easy	30.0	0.007	56536	700	259	269	10	3	95.49	95.49	95.49
juego1	easy	30.0	0.007	56545	700	259	269	10	3	95.47	95.47	95.47
juego1	easy	30.0	0.007	56553	700	259	269	10	3	95.47	95.47	95.47
juego1	easy	30.0	0.007	56561	700	259	269	10	3	95.48	95.48	95.48
juego1	easy	30.0	0.007	56570	700	258	269	11	3	95.52	95.52	95.52
juego1	easy	30.0	0.007	56579	700	258	269	11	3	95.57	95.57	95.57
juego1	easy	30.0	0.007	56587	700	258	269	11	3	95.6	95.6	95.6
juego1	easy	30.0	0.007	56595	700	258	268	10	3	95.66	95.66	95.66
juego1	easy	30.0	0.007	56604	700	257	268	11	3	95.71	95.71	95.71
juego1	easy	30.0	0.007	56613	700	257	268	11	3	95.73	95.73	95.73
juego1	easy	30.0	0.007	56621	700	257	268	11	3	95.74	95.74	95.74
juego1	easy	30.0	0.007	56630	700	257	268	11	3	95.74	95.74	95.74
juego1	easy	30.0	0.007	56637	700	257	268	11	3	95.76	95.76	95.76
juego1	easy	30.0	0.007	56645	700	257	268	11	3	95.8	95.8	95.8
juego1	easy	30.0	0.007	56654	700	256	268	12	3	95.82	95.82	95.82
juego1	easy	30.0	0.007	56662	700	256	268	12	3	95.85	95.85	95.85
juego1	easy	30.0	0.007	56671	700	256	268	12	3	95.9	95.9	95.9
juego1	easy	30.0	0.007	56678	700	256	268	12	3	95.93	95.93	95.93
juego1	easy	30.0	0.007	56686	700	256	267	11	3	96.01	96.01	96.01
juego1	easy	30.0	0.007	56694	700	255	267	12	3	96.04	96.04	96.04
juego1	easy	30.0	0.007	56703	700	255	267	12	3	96.04	96.04	96.04
juego1	easy	30.0	0.007	56712	700	255	267	12	3	96.03	96.03	96.03
juego1	easy	30.0	0.007	56721	700	255	267	12	3	96.02	96.02	96.02
juego1	easy	30.0	0.007	56729	700	255	267	12	3	96.04	96.04	96.04
juego1	easy	30.0	0.007	56738	700	254	267	13	3	96.06	96.06	96.06
juego1	easy	30.0	0.007	56746	700	254	267	13	3	96.1	96.1	96.1
juego1	easy	30.0	0.007	56755	700	254	267	13	3	96.15	96.15	96.15
juego1	easy	30.0	0.007	56764	700	254	267	13	3	96.17	96.17	96.17
juego1	easy	30.0	0.007	56773	700	254	267	13	3	96.26	96.26	96.26
juego1	easy	30.0	0.007	56781	700	254	266	12	3	96.41	96.41	96.41
juego1	easy	30.0	0.007	56790	700	253	266	13	3	96.58	96.58	96.58
juego1	easy	30.0	0.007	56799	700	253	265	12	3	96.67	96.67	96.67
juego1	easy	30.0	0.007	56807	700	253	265	12	3	96.86	96.86	96.86
juego1	easy	30.0	0.007	56816	700	253	264	11	3	97.0	97.0	97.0
juego1	easy	30.0	0.007	56825	700	253	264	11	3	97.11	97.11	97.11
juego1	easy	30.0	0.007	56832	700	253	264	11	3	97.17	97.17	97.17
juego1	easy	30.0	0.007	56841	700	252	264	12	3	97.3	97.3	97.3
juego1	easy	30.0	0.007	56850	700	252	263	11	3	97.45	97.45	97.45
juego1	easy	30.0	0.007	56858	700	252	263	11	3	97.5	97.5	97.5
juego1	easy	30.0	0.007	56867	700	252	263	11	3	97.55	97.55	97.55
juego1	easy	30.0	0.007	56876	700	252	263	11	3	97.56	97.56	97.56
juego1	easy	30.0	0.007	56885	700	252	263	11	3	97.61	97.61	97.61
juego1	easy	30.0	0.007	56893	700	252	262	10	3	97.67	97.67	97.67
juego1	easy	30.0	0.007	56902	700	251	262	11	3	97.81	97.81	97.81
juego1	easy	30.0	0.007	56911	700	251	262	11	3	97.99	97.99	97.99
juego1	easy	30.0	0.007	56920	700	251	261	10	3	98.18	98.18	98.18
juego1	easy	30.0	0.007	56927	700	251	261	10	3	98.27	98.27	98.27
juego1	easy	30.0	0.007	56936	700	251	260	9	3	98.36	98.36	98.36
juego1	easy	30.0	0.007	56944	700	251	260	9	3	98.37	98.37	98.37
juego1	easy	30.0	0.007	56953	700	251	260	9	3	98.38	98.38	98.38
juego1	easy	30.0	0.007	56962	700	250	260	10	3	98.43	98.43	98.43
juego1	easy	30.0	0.007	56970	700	250	260	10	3	98.53	98.53	98.53
juego1	easy	30.0	0.007	56978	700	250	260	10	3	98.57	98.57	98.57
juego1	easy	30.0	0.007	56986	700	250	260	10	3	98.62	98.62	98.62
juego1	easy	30.0	0.007	56995	700	250	259	9	3	98.74	98.74	98.74
juego1	easy	30.0	0.007	57004	700	250	259	9	3	98.97	98.97	98.97
juego1	easy	30.0	0.007	57013	700	250	258	8	3	99.09	99.09	99.09
juego1	easy	30.0	0.007	57021	700	250	258	8	3	99.21	99.21	99.21
juego1	easy	30.0	0.007	57030	700	249	258	9	3	99.18	99.18	99.18
juego1	easy	30.0	0.007	57038	700	249	258	9	3	99.15	99.15	99.15
juego1	easy	30.0	0.007	57046	700	249	258	9	3	99.09	99.09	99.09
juego1	easy	30.0	0.007	57055	700	249	258	9	3	99.07	99.07	99.07
juego1	easy	30.0	0.007	57063	700	249	258	9	3	99.04	99.04	99.04
juego1	easy	30.0	0.007	57071	700	249	258	9	3	99.05	99.05	99.05
juego1	easy	30.0	0.007	57079	700	249	258	9	3	99.07	99.07	99.07
juego1	easy	30.0	0.007	57088	700	249	258	9	3	99.19	99.19	99.19
juego1	easy	30.0	0.007	57096	700	249	257	8	3	99.41	99.41	99.41
juego1	easy	30.0	0.007	57105	700	248	257	9	3	99.53	99.53	99.53
juego1	easy	30.0	0.007	57112	700	248	256	8	3	99.69	99.69	99.69
juego1	easy	30.0	0.007	57120	700	248	256	8	3	99.73	99.73	99.73
juego1	easy	30.0	0.007	57129	700	248	256	8	3	99.71	99.71	99.71
juego1	easy	30.0	0.007	57137	700	248	257	9	3	99.66	99.66	99.66
juego1	easy	30.0	0.007	57146	700	248	256	8	3	99.68	99.68	99.68
juego1	easy	30.0	0.007	57154	700	248	256	8	3	99.73	99.73	99.73
juego1	easy	30.0	0.007	57162	700	248	256	8	3	99.86	99.86	99.86
juego1	easy	30.0	0.007	57171	700	248	255	7	3	100.02	100.02	100.02
juego1	easy	30.0	0.007	57180	700	248	255	7	3	100.21	100.21	100.21
juego1	easy	30.0	0.007	57187	700	247	255	8	3	100.29	100.29	100.29
juego1	easy	30.0	0.007	57196	700	247	254	7	3	100.38	100.38	100.38
juego1	easy	30.0	0.007	57204	700	247	254	7	3	100.38	100.38	100.38
juego1	easy	30.0	0.007	57213	700	247	255	8	3	100.29	100.29	100.29
juego1	easy	30.0	0.007	57222	700	247	255	8	3	100.21	100.21	100.21
juego1	easy	30.0	0.007	57231	700	247	255	8	3	100.2	100.2	100.2
juego1	easy	30.0	0.007	57239	700	247	255	8	3	100.23	100.23	100.23
juego1	easy	30.0	0.007	57247	700	247	255	8	3	100.32	100.32	100.32
juego1	easy	30.0	0.007	57256	700	247	254	7	3	100.42	100.42	100.42
juego1	easy	30.0	0.007	57264	700	247	254	7	3	100.47	100.47	100.47
juego1	easy	30.0	0.007	57273	700	247	254	7	3	100.54	100.54	100.54
juego1	easy	30.0	0.007	57282	700	247	254	7	3	100.6	100.6	100.6
juego1	easy	30.0	0.007	57291	700	247	254	7	3	100.65	100.65	100.65
juego1	easy	30.0	0.007	57300	700	247	254	7	3	100.68	100.68	100.68
juego1	easy	30.0	0.007	57309	700	247	253	6	3	100.72	100.72	100.72
juego1	easy	30.0	0.007	57318	700	246	253	7	3	100.78	100.78	100.78
juego1	easy	30.0	0.007	57326	700	246	253	7	3	100.84	100.84	100.84
juego1	easy	30.0	0.007	57334	700	246	253	7	3	100.87	100.87	100.87
juego1	easy	30.0	0.007	57343	700	246	253	7	3	100.92	100.92	100.92
juego1	easy	30.0	0.007	57352	700	246	253	7	3	100.92	100.92	100.92
juego1	easy	30.0	0.007	57361	700	246	253	7	3	100.89	100.89	100.89
juego1	easy	30.0	0.007	57369	700	246	253	7	3	100.88	100.88	100.88
juego1	easy	30.0	0.007	57378	700	246	253	7	3	100.84	100.84	100.84
juego1	easy	30.0	0.007	57387	700	246	253	7	3	100.83	100.83	100.83
juego1	easy	30.0	0.007	57396	700	246	253	7	3	100.86	100.86	100.86
juego1	easy	30.0	0.007	57404	700	246	253	7	3	100.87	100.87	100.87
juego1	easy	30.0	0.007	57413	700	246	253	7	3	100.88	100.88	100.88
juego1	easy	30.0	0.007	57421	700	246	253	7	3	100.86	100.86	100.86
juego1	easy	30.0	0.007	57430	700	246	253	7	3	100.87	100.87	100.87
juego1	easy	30.0	0.007	57439	700	246	253	7	3	100.9	100.9	100.9
juego1	easy	30.0	0.007	57447	700	246	253	7	3	100.96	100.96	100.96
juego1	easy	30.0	0.007	57456	700	246	253	7	3	101.02	101.02	101.02
juego1	easy	30.0	0.007	57465	700	246	252	6	3	101.03	101.03	101.03
juego1	easy	30.0	0.007	57473	700	246	252	6	3	101.05	101.05	101.05
juego1	easy	30.0	0.007	57482	700	246	252	6	3	101.03	101.03	101.03
juego1	easy	30.0	0.007	57490	700	246	252	6	3	101.03	101.03	101.03
juego1	easy	30.0	0.007	57499	700	246	252	6	3	101.08	101.08	101.08
juego1	easy	30.0	0.007	57508	700	246	252	6	3	101.16	101.16	101.16
juego1	easy	30.0	0.007	57516	700	246	252	6	3	101.19	101.19	101.19
juego1	easy	30.0	0.007	57525	700	246	252	6	3	101.18	101.18	101.18
juego1	easy	30.0	0.007	57534	700	246	252	6	3	101.18	101.18	101.18
juego1	easy	30.0	0.007	57542	700	246	252	6	3	101.22	101.22	101.22
juego1	easy	30.0	0.007	57550	700	246	252	6	3	101.24	101.24	101.24
juego1	easy	30.0	0.007	57558	700	246	252	6	3	101.25	101.25	101.25
juego1	easy	30.0	0.007	57567	700	246	252	6	3	101.21	101.21	101.21
juego1	easy	30.0	0.007	57576	700	246	252	6	3	101.2	101.2	101.2
juego1	easy	30.0	0.007	57584	700	246	252	6	3	101.19	101.19	101.19
juego1	easy	30.0	0.007	57593	700	246	252	6	3	101.26	101.26	101.26
juego1	easy	30.0	0.007	57602	700	246	251	5	3	101.43	101.43	101.43
juego1	easy	30.0	0.007	57610	700	246	251	5	3	101.52	101.52	101.52
juego1	easy	30.0	0.007	57619	700	246	251	5	3	101.66	101.66	101.66
juego1	easy	30.0	0.007	57627	700	246	251	5	3	101.65	101.65	101.65
juego1	easy	30.0	0.007	57636	700	246	251	5	3	101.62	101.62	101.62
juego1	easy	30.0	0.007	57645	700	246	251	5	3	101.58	101.58	101.58
juego1	easy	30.0	0.007	57654	700	246	251	5	3	101.61	101.61	101.61
juego1	easy	30.0	0.007	57662	700	246	250	4	3	101.71	101.71	101.71
juego1	easy	30.0	0.007	57671	700	246	250	4	3	101.78	101.78	101.78
juego1	easy	30.0	0.007	57679	700	246	250	4	3	101.79	101.79	101.79
juego1	easy	30.0	0.007	57688	700	246	250	4	3	101.73	101.73	101.73
juego1	easy	30.0	0.007	57695	700	246	251	5	3	101.69	101.69	101.69
juego1	easy	30.0	0.007	57704	700	246	251	5	3	101.63	101.63	101.63
juego1	easy	30.0	0.007	57711	700	246	251	5	3	101.58	101.58	101.58
juego1	easy	30.0	0.007	57719	700	246	251	5	3	101.55	101.55	101.55
juego1	easy	30.0	0.007	57728	700	246	251	5	3	101.48	101.48	101.48
juego1	easy	30.0	0.007	57736	700	246	251	5	3	101.47	101.47	101.47
juego1	easy	30.0	0.007	57745	700	246	251	5	3	101.48	101.48	101.48
juego1	easy	30.0	0.007	57753	700	246	251	5	3	101.54	101.54	101.54
juego1	easy	30.0	0.007	57762	700	246	251	5	3	101.56	101.56	101.56
juego1	easy	30.0	0.007	57771	700	246	251	5	3	101.55	101.55	101.55
juego1	easy	30.0	0.007	57780	700	246	251	5	3	101.54	101.54	101.54
juego1	easy	30.0	0.007	57788	700	246	251	5	3	101.54	101.54	101.54
juego1	easy	30.0	0.007	57797	700	247	251	4	3	101.58	101.58	101.58
juego1	easy	30.0	0.007	57806	700	247	251	4	3	101.59	101.59	101.59
juego1	easy	30.0	0.007	57813	700	247	251	4	3	101.59	101.59	101.59
juego1	easy	30.0	0.007	57822	700	247	251	4	3	101.59	101.59	101.59
juego1	easy	30.0	0.007	57830	700	247	251	4	3	101.59	101.59	101.59
juego1	easy	30.0	0.007	57839	700	247	251	4	3	101.57	101.57	101.57
juego1	easy	30.0	0.007	57847	700	247	251	4	3	101.55	101.55	101.55
juego1	easy	30.0	0.007	57856	700	247	251	4	3	101.53	101.53	101.53
juego1	easy	30.0	0.007	57864	700	247	251	4	3	101.49	101.49	101.49
juego1	easy	30.0	0.007	57873	700	247	251	4	3	101.46	101.46	101.46
juego1	easy	30.0	0.007	57882	700	247	251	4	3	101.43	101.43	101.43
juego1	easy	30.0	0.007	57889	700	247	251	4	3	101.41	101.41	101.41
juego1	easy	30.0	0.007	57898	700	247	251	4	3	101.38	101.38	101.38
juego1	easy	30.0	0.007	57906	700	247	252	5	3	101.36	101.36	101.36
juego1	easy	30.0	0.007	57914	700	248	252	4	3	101.35	101.35	101.35
juego1	easy	30.0	0.007	57923	700	248	252	4	3	101.34	101.34	101.34
juego1	easy	30.0	0.007	57932	700	248	252	4	3	101.31	101.31	101.31
juego1	easy	30.0	0.007	57939	700	248	252	4	3	101.28	101.28	101.28
juego1	easy	30.0	0.007	57948	700	248	252	4	3	101.23	101.23	101.23
juego1	easy	30.0	0.007	57957	700	248	252	4	3	101.17	101.17	101.17
juego1	easy	30.0	0.007	57966	700	248	252	4	3	101.15	101.15	101.15
juego1	easy	30.0	0.007	57973	700	248	252	4	3	101.17	101.17	101.17
juego1	easy	30.0	0.007	57982	700	248	252	4	3	101.22	101.22	101.22
juego1	easy	30.0	0.007	57991	700	248	252	4	3	101.25	101.25	101.25
juego1	easy	30.0	0.007	57998	700	248	252	4	3	101.27	101.27	101.27
juego1	easy	30.0	0.007	58007	700	249	252	3	3	101.26	101.26	101.26
juego1	easy	30.0	0.007	58016	700	249	252	3	3	101.22	101.22	101.22
juego1	easy	30.0	0.007	58023	700	249	252	3	3	101.17	101.17	101.17
juego1	easy	30.0	0.007	58032	700	249	252	3	3	101.13	101.13	101.13
juego1	easy	30.0	0.007	58041	700	249	252	3	3	101.06	101.06	101.06
juego1	easy	30.0	0.007	58049	700	249	252	3	3	101.03	101.03	101.03
juego1	easy	30.0	0.007	58058	700	249	252	3	3	101.03	101.03	101.03
juego1	easy	30.0	0.007	58066	700	249	252	3	3	101.05	101.05	101.05
juego1	easy	30.0	0.007	58075	700	249	252	3	3	101.08	101.08	101.08
juego1	easy	30.0	0.007	58084	700	250	252	2	3	101.11	101.11	101.11
juego1	easy	30.0	0.007	58092	700	250	252	2	3	101.11	101.11	101.11
juego1	easy	30.0	0.007	58100	700	250	252	2	3	101.08	101.08	101.08
juego1	easy	30.0	0.007	58109	700	250	253	3	3	101.02	101.02	101.02
juego1	easy	30.0	0.007	58117	700	250	253	3	3	100.96	100.96	100.96
juego1	easy	30.0	0.007	58126	700	250	253	3	3	100.95	100.95	100.95
juego1	easy	30.0	0.007	58134	700	250	253	3	3	100.93	100.93	100.93
juego1	easy	30.0	0.007	58143	700	250	253	3	3	100.92	100.92	100.92
juego1	easy	30.0	0.007	58151	700	251	253	2	3	100.92	100.92	100.92
juego1	easy	30.0	0.007	58159	700	251	253	2	3	100.92	100.92	100.92
juego1	easy	30.0	0.007	58168	700	251	253	2	3	100.92	100.92	100.92
juego1	easy	30.0	0.007	58176	700	251	253	2	3	100.9	100.9	100.9
juego1	easy	30.0	0.007	58185	700	251	253	2	3	100.86	100.86	100.86
juego1	easy	30.0	0.007	58193	700	251	253	2	3	100.79	100.79	100.79
juego1	easy	30.0	0.007	58202	700	251	253	2	3	100.77	100.77	100.77
juego1	easy	30.0	0.007	58211	700	252	253	1	3	100.75	100.75	100.75
juego1	easy	30.0	0.007	58219	700	252	253	1	3	100.72	100.72	100.72
juego1	easy	30.0	0.007	58228	700	252	254	2	3	100.67	100.67	100.67
juego1	easy	30.0	0.007	58237	700	252	254	2	3	100.65	100.65	100.65
juego1	easy	30.0	0.007	58245	700	252	254	2	3	100.61	100.61	100.61
juego1	easy	30.0	0.007	58254	700	252	254	2	3	100.6	100.6	100.6
juego1	easy	30.0	0.007	58262	700	252	254	2	3	100.56	100.56	100.56
juego1	easy	30.0	0.007	58271	700	253	254	1	3	100.53	100.53	100.53
juego1	easy	30.0	0.007	58279	700	253	254	1	3	100.46	100.46	100.46
juego1	easy	30.0	0.007	58288	700	253	254	1	3	100.42	100.42	100.42
juego1	easy	30.0	0.007	58296	700	253	255	2	3	100.33	100.33	100.33
juego1	easy	30.0	0.007	58305	700	253	255	2	3	100.27	100.27	100.27
juego1	easy	30.0	0.007	58313	700	253	255	2	3	100.24	100.24	100.24
juego1	easy	30.0	0.007	58322	700	254	255	1	3	100.23	100.23	100.23
juego1	easy	30.0	0.007	58330	700	254	255	1	3	100.24	100.24	100.24
juego1	easy	30.0	0.007	58339	700	254	255	1	3	100.26	100.26	100.26
juego1	easy	30.0	0.007	58348	700	254	255	1	3	100.25	100.25	100.25
juego1	easy	30.0	0.007	58355	700	254	255	1	3	100.22	100.22	100.22
juego1	easy	30.0	0.007	58364	700	254	255	1	3	100.15	100.15	100.15
juego1	easy	30.0	0.007	58373	700	255	255	0	3	100.08	100.08	100.08
juego1	easy	30.0	0.007	58381	700	255	255	0	3	100.04	100.04	100.04
juego1	easy	30.0	0.007	58390	700	255	256	1	3	100.01	100.01	100.01
juego1	easy	30.0	0.007	58398	700	255	255	0	3	100.03	100.03	100.03
juego1	easy	30.0	0.007	58407	700	255	255	0	3	100.04	100.04	100.04
juego1	easy	30.0	0.007	58415	700	256	255	-1	3	100.04	100.04	100.04
juego1	easy	30.0	0.007	58424	700	256	255	-1	3	100.03	100.03	100.03
juego1	easy	30.0	0.007	58432	700	256	255	-1	3	100.02	100.02	100.02
juego1	easy	30.0	0.007	58440	700	256	256	0	3	99.99	99.99	99.99
juego1	easy	30.0	0.007	58449	700	256	256	0	3	99.94	99.94	99.94
juego1	easy	30.0	0.007	58457	700	257	256	-1	3	99.92	99.92	99.92
juego1	easy	30.0	0.007	58465	700	257	256	-1	3	99.89	99.89	99.89
juego1	easy	30.0	0.007	58474	700	257	256	-1	3	99.86	99.86	99.86
juego1	easy	30.0	0.007	58482	700	257	256	-1	3	99.85	99.85	99.85
juego1	easy	30.0	0.007	58490	700	257	256	-1	3	99.81	99.81	99.81
juego1	easy	30.0	0.007	58498	700	258	256	-2	3	99.76	99.76	99.76
juego1	easy	30.0	0.007	58507	700	258	256	-2	3	99.72	99.72	99.72
juego1	easy	30.0	0.007	58515	700	258	257	-1	3	99.63	99.63	99.63
juego1	easy	30.0	0.007	58524	700	258	257	-1	3	99.52	99.52	99.52
juego1	easy	30.0	0.007	58532	700	258	257	-1	3	99.47	99.47	99.47
juego1	easy	30.0	0.007	58540	700	259	257	-2	3	99.37	99.37	99.37
juego1	easy	30.0	0.007	58548	700	259	258	-1	3	99.25	99.25	99.25
juego1	easy	30.0	0.007	58557	700	259	258	-1	3	99.15	99.15	99.15
juego1	easy	30.0	0.007	58566	700	259	259	0	3	98.99	98.99	98.99
juego1	easy	30.0	0.007	58574	700	259	259	0	3	98.87	98.87	98.87
juego1	easy	30.0	0.007	58583	700	260	259	-1	3	98.83	98.83	98.83
juego1	easy	30.0	0.007	58592	700	260	259	-1	3	98.75	98.75	98.75
juego1	easy	30.0	0.007	58600	700	260	260	0	3	98.64	98.64	98.64
juego1	easy	30.0	0.007	58609	700	260	260	0	3	98.49	98.49	98.49
juego1	easy	30.0	0.007	58617	700	260	260	0	3	98.41	98.41	98.41
juego1	easy	30.0	0.007	58626	700	261	261	0	3	98.28	98.28	98.28
juego1	easy	30.0	0.007	58634	700	261	261	0	3	98.14	98.14	98.14
juego1	easy	30.0	0.007	58643	700	261	261	0	3	98.08	98.08	98.08
juego1	easy	30.0	0.007	58652	700	261	262	1	3	97.93	97.93	97.93
juego1	easy	30.0	0.007	58660	700	262	262	0	3	97.75	97.75	97.75
juego1	easy	30.0	0.007	58669	700	262	263	1	3	97.56	97.56	97.56
juego1	easy	30.0	0.007	58677	700	262	263	1	3	97.49	97.49	97.49
juego1	easy	30.0	0.007	58685	700	262	263	1	3	97.38	97.38	97.38
juego1	easy	30.0	0.007	58695	700	263	264	1	3	97.25	97.25	97.25
juego1	easy	30.0	0.007	58703	700	263	264	1	3	97.15	97.15	97.15
juego1	easy	30.0	0.007	58712	700	263	265	2	3	96.93	96.93	96.93
juego1	easy	30.0	0.007	58720	700	263	265	2	3	96.78	96.78	96.78
juego1	easy	30.0	0.007	58729	700	263	266	3	3	96.51	96.51	96.51
juego1	easy	30.0	0.007	58737	700	264	266	2	3	96.31	96.31	96.31
juego1	easy	30.0	0.007	58746	700	264	267	3	3	96.19	96.19	96.19
juego1	easy	30.0	0.007	58754	700	264	267	3	3	96.11	96.11	96.11
juego1	easy	30.0	0.007	58763	700	264	267	3	3	96.06	96.06	96.06
juego1	easy	30.0	0.007	58771	700	265	267	2	3	96.0	96.0	96.0
juego1	easy	30.0	0.007	58780	700	265	267	2	3	95.97	95.97	95.97
juego1	easy	30.0	0.007	58787	700	265	267	2	3	95.97	95.97	95.97
juego1	easy	30.0	0.007	58796	700	265	268	3	3	95.94	95.94	95.94
juego1	easy	30.0	0.007	58804	700	266	268	2	3	95.86	95.86	95.86
juego1	easy	30.0	0.007	58813	700	266	268	2	3	95.82	95.82	95.82
juego1	easy	30.0	0.007	58822	700	266	268	2	3	95.73	95.73	95.73
juego1	easy	30.0	0.007	58830	700	266	268	2	3	95.71	95.71	95.71
juego1	easy	30.0	0.007	58839	700	267	268	1	3	95.75	95.75	95.75
juego1	easy	30.0	0.007	58848	700	267	268	1	3	95.78	95.78	95.78
juego1	easy	30.0	0.007	58857	700	267	268	1	3	95.84	95.84	95.84
juego1	easy	30.0	0.007	58866	700	267	268	1	3	95.83	95.83	95.83
juego1	easy	30.0	0.007	58874	700	268	268	0	3	95.77	95.77	95.77
juego1	easy	30.0	0.007	58883	700	268	268	0	3	95.73	95.73	95.73
juego1	easy	30.0	0.007	58891	700	268	268	0	3	95.66	95.66	95.66
juego1	easy	30.0	0.007	58900	700	268	269	1	3	95.57	95.57	95.57
juego1	easy	30.0	0.007	58908	700	269	269	0	3	95.54	95.54	95.54
juego1	easy	30.0	0.007	58916	700	269	269	0	3	95.5	95.5	95.5
juego1	easy	30.0	0.007	58925	700	269	269	0	3	95.48	95.48	95.48
juego1	easy	30.0	0.007	58933	700	269	269	0	3	95.48	95.48	95.48
juego1	easy	30.0	0.007	58941	700	270	269	-1	3	95.49	95.49	95.49
juego1	easy	30.0	0.007	58950	700	270	269	-1	3	95.48	95.48	95.48
juego1	easy	30.0	0.007	58959	700	270	269	-1	3	95.45	95.45	95.45
juego1	easy	30.0	0.007	58966	700	270	269	-1	3	95.39	95.39	95.39
juego1	easy	30.0	0.007	58975	700	271	269	-2	3	95.31	95.31	95.31
juego1	easy	30.0	0.007	58983	700	271	270	-1	3	95.26	95.26	95.26
juego1	easy	30.0	0.007	58991	700	271	270	-1	3	95.14	95.14	95.14
juego1	easy	30.0	0.007	59001	700	271	270	-1	3	95.01	95.01	95.01
juego1	easy	30.0	0.007	59009	700	272	270	-2	3	94.96	94.96	94.96
juego1	easy	30.0	0.007	59018	700	272	271	-1	3	94.88	94.88	94.88
juego1	easy	30.0	0.007	59026	700	272	271	-1	3	94.83	94.83	94.83
juego1	easy	30.0	0.007	59035	700	273	271	-2	3	94.78	94.78	94.78
juego1	easy	30.0	0.007	59045	700	273	271	-2	3	94.71	94.71	94.71
juego1	easy	30.0	0.007	59053	700	273	271	-2	3	94.66	94.66	94.66
juego1	easy	30.0	0.007	59061	700	273	272	-1	3	94.53	94.53	94.53
juego1	easy	30.0	0.007	59070	700	274	272	-2	3	94.39	94.39	94.39
juego1	easy	30.0	0.007	59079	700	274	272	-2	3	94.31	94.31	94.31
juego1	easy	30.0	0.007	59088	700	274	273	-1	3	94.14	94.14	94.14
juego1	easy	30.0	0.007	59096	700	274	273	-1	3	93.97	93.97	93.97
juego1	easy	30.0	0.007	59105	700	275	274	-1	3	93.8	93.8	93.8
juego1	easy	30.0	0.007	59113	700	275	274	-1	3	93.72	93.72	93.72
juego1	easy	30.0	0.007	59122	700	275	275	0	3	93.57	93.57	93.57
juego1	easy	30.0	0.007	59130	700	276	275	-1	3	93.43	93.43	93.43
juego1	easy	30.0	0.007	59139	700	276	275	-1	3	93.34	93.34	93.34
juego1	easy	30.0	0.007	59147	700	276	276	0	3	93.12	93.12	93.12
juego1	easy	30.0	0.007	59156	700	276	277	1	3	92.82	92.82	92.82
juego1	easy	30.0	0.007	59165	700	277	277	0	3	92.65	92.65	92.65
juego1	easy	30.0	0.007	59172	700	277	278	1	3	92.32	92.32	92.32
juego1	easy	30.0	0.007	59181	700	277	279	2	3	92.01	92.01	92.01
juego1	easy	30.0	0.007	59191	700	277	280	3	3	91.78	91.78	91.78
juego1	easy	30.0	0.007	59197	700	278	280	2	3	91.7	91.7	91.7
juego1	easy	30.0	0.007	59206	700	278	281	3	3	91.56	91.56	91.56
juego1	easy	30.0	0.007	59214	700	278	281	3	3	91.51	91.51	91.51
juego1	easy	30.0	0.007	59223	700	279	281	2	3	91.4	91.4	91.4
juego1	easy	30.0	0.007	59232	700	279	281	2	3	91.25	91.25	91.25
juego1	easy	30.0	0.007	59240	700	279	282	3	3	91.06	91.06	91.06
juego1	easy	30.0	0.007	59249	700	279	282	3	3	90.94	90.94	90.94
juego1	easy	30.0	0.007	59257	700	280	283	3	3	90.7	90.7	90.7
juego1	easy	30.0	0.007	59265	700	280	284	4	3	90.55	90.55	90.55
juego1	easy	30.0	0.007	59274	700	280	284	4	3	90.49	90.49	90.49
juego1	easy	30.0	0.007	59282	700	281	284	3	3	90.41	90.41	90.41
juego1	easy	30.0	0.007	59291	700	281	284	3	3	90.32	90.32	90.32
juego1	easy	30.0	0.007	59299	700	281	284	3	3	90.26	90.26	90.26
juego1	easy	30.0	0.007	59308	700	281	285	4	3	90.12	90.12	90.12
juego1	easy	30.0	0.007	59316	700	282	285	3	3	90.01	90.01	90.01
juego1	easy	30.0	0.007	59324	700	282	285	3	3	89.96	89.96	89.96
juego1	easy	30.0	0.007	59333	700	282	286	4	3	89.88	89.88	89.88
juego1	easy	30.0	0.007	59341	700	283	286	3	3	89.76	89.76	89.76
juego1	easy	30.0	0.007	59350	700	283	286	3	3	89.69	89.69	89.69
juego1	easy	30.0	0.007	59359	700	283	286	3	3	89.56	89.56	89.56
juego1	easy	30.0	0.007	59368	700	283	287	4	3	89.49	89.49	89.49
juego1	easy	30.0	0.007	59376	700	284	287	3	3	89.42	89.42	89.42
juego1	easy	30.0	0.007	59385	700	284	287	3	3	89.3	89.3	89.3
juego1	easy	30.0	0.007	59393	700	284	287	3	3	89.24	89.24	89.24
juego1	easy	30.0	0.007	59401	700	285	288	3	3	89.16	89.16	89.16
juego1	easy	30.0	0.007	59410	700	285	288	3	3	89.12	89.12	89.12
juego1	easy	30.0	0.007	59418	700	285	288	3	3	89.11	89.11	89.11
juego1	easy	30.0	0.007	59427	700	285	288	3	3	89.06	89.06	89.06
juego1	easy	30.0	0.007	59435	700	286	288	2	3	89.03	89.03	89.03
juego1	easy	30.0	0.007	59444	700	286	288	2	3	88.97	88.97	88.97
juego1	easy	30.0	0.007	59453	700	286	288	2	3	88.93	88.93	88.93
juego1	easy	30.0	0.007	59460	700	287	288	1	3	88.9	88.9	88.9
juego1	easy	30.0	0.007	59469	700	287	289	2	3	88.88	88.88	88.88
juego1	easy	30.0	0.007	59477	700	287	289	2	3	88.8	88.8	88.8
juego1	easy	30.0	0.007	59486	700	288	289	1	3	88.7	88.7	88.7
juego1	easy	30.0	0.007	59495	700	288	289	1	3	88.66	88.66	88.66
juego1	easy	30.0	0.007	59504	700	288	289	1	3	88.62	88.62	88.62
juego1	easy	30.0	0.007	59513	700	289	289	0	3	88.58	88.58	88.58
juego1	easy	30.0	0.007	59521	700	289	290	1	3	88.54	88.54	88.54
juego1	easy	30.0	0.007	59530	700	289	290	1	3	88.47	88.47	88.47
juego1	easy	30.0	0.007	59539	700	290	290	0	3	88.44	88.44	88.44
juego1	easy	30.0	0.007	59548	700	290	290	0	3	88.32	88.32	88.32
juego1	easy	30.0	0.007	59557	700	290	290	0	3	88.23	88.23	88.23
juego1	easy	30.0	0.007	59566	700	291	291	0	3	88.17	88.17	88.17
juego1	easy	30.0	0.007	59574	700	291	291	0	3	88.15	88.15	88.15
juego1	easy	30.0	0.007	59583	700	291	291	0	3	88.09	88.09	88.09
juego1	easy	30.0	0.007	59591	700	292	291	-1	3	88.0	88.0	88.0
juego1	easy	30.0	0.007	59600	700	292	291	-1	3	87.96	87.96	87.96
juego1	easy	30.0	0.007	59608	700	292	292	0	3	87.86	87.86	87.86
juego1	easy	30.0	0.007	59617	700	293	292	-1	3	87.74	87.74	87.74
juego1	easy	30.0	0.007	59625	700	293	292	-1	3	87.68	87.68	87.68
juego1	easy	30.0	0.007	59633	700	293	292	-1	3	87.56	87.56	87.56
juego1	easy	30.0	0.007	59642	700	294	293	-1	3	87.43	87.43	87.43
juego1	easy	30.0	0.007	59649	700	294	293	-1	3	87.36	87.36	87.36
juego1	easy	30.0	0.007	59658	700	294	293	-1	3	87.22	87.22	87.22
juego1	easy	30.0	0.007	59667	700	295	294	-1	3	87.08	87.08	87.08
juego1	easy	30.0	0.007	59674	700	295	294	-1	3	87.01	87.01	87.01
juego1	easy	30.0	0.007	59683	700	295	295	0	3	86.84	86.84	86.84
juego1	easy	30.0	0.007	59690	700	296	295	-1	3	86.76	86.76	86.76
juego1	easy	30.0	0.007	59699	700	296	295	-1	3	86.58	86.58	86.58
juego1	easy	30.0	0.007	59708	700	296	296	0	3	86.43	86.43	86.43
juego1	easy	30.0	0.007	59717	700	297	296	-1	3	86.31	86.31	86.31
juego1	easy	30.0	0.007	59726	700	297	296	-1	3	86.23	86.23	86.23
juego1	easy	30.0	0.007	59734	700	297	297	0	3	86.16	86.16	86.16
juego1	easy	30.0	0.007	59743	700	298	297	-1	3	85.99	85.99	85.99
juego1	easy	30.0	0.007	59752	700	298	298	0	3	85.75	85.75	85.75
juego1	easy	30.0	0.007	59759	700	299	298	-1	3	85.65	85.65	85.65
juego1	easy	30.0	0.007	59768	700	299	298	-1	3	85.51	85.51	85.51
juego1	easy	30.0	0.007	59776	700	299	299	0	3	85.4	85.4	85.4
juego1	easy	30.0	0.007	59784	700	300	299	-1	3	85.35	85.35	85.35
juego1	easy	30.0	0.007	59793	700	300	299	-1	3	85.27	85.27	85.27
juego1	easy	30.0	0.007	59800	700	300	299	-1	3	85.21	85.21	85.21
juego1	easy	30.0	0.007	59808	700	300	300	0	3	85.04	85.04	85.04
juego1	easy	30.0	0.007	59817	700	300	300	0	3	84.83	84.83	84.83
juego1	easy	30.0	0.007	59826	700	300	300	0	3	84.72	84.72	84.72
juego1	easy	30.0	0.007	59835	700	300	300	0	3	84.52	84.52	84.52
juego1	easy	30.0	0.007	59843	700	301	301	0	3	84.35	84.35	84.35
juego1	easy	30.0	0.007	59852	700	301	301	0	3	84.23	84.23	84.23
juego1	easy	30.0	0.007	59860	700	301	301	0	3	84.18	84.18	84.18
juego1	easy	30.0	0.007	59869	700	302	302	0	3	84.11	84.11	84.11
juego1	easy	30.0	0.007	59876	700	302	302	0	3	84.01	84.01	84.01
juego1	easy	30.0	0.007	59885	700	302	302	0	3	83.94	83.94	83.94
juego1	easy	30.0	0.007	59894	700	303	303	0	3	83.79	83.79	83.79
juego1	easy	30.0	0.007	59902	700	303	303	0	3	83.67	83.67	83.67
juego1	easy	30.0	0.007	59911	700	303	303	0	3	83.62	83.62	83.62
juego1	easy	30.0	0.007	59920	700	304	303	-1	3	83.51	83.51	83.51
juego1	easy	30.0	0.007	59929	700	304	304	0	3	83.33	83.33	83.33
juego1	easy	30.0	0.007	59937	700	304	304	0	3	83.16	83.16	83.16
juego1	easy	30.0	0.007	59946	700	305	305	0	3	83.1	83.1	83.1
juego1	easy	30.0	0.007	59955	700	305	305	0	3	83.01	83.01	83.01
juego1	easy	30.0	0.007	59964	700	305	305	0	3	82.96	82.96	82.96
juego1	easy	30.0	0.007	59973	700	306	305	-1	3	82.9	82.9	82.9
juego1	easy	30.0	0.007	59981	700	306	305	-1	3	82.87	82.87	82.87
juego1	easy	30.0	0.007	59989	700	306	306	0	3	82.79	82.79	82.79
juego1	easy	30.0	0.007	59998	700	307	306	-1	3	82.66	82.66	82.66
juego1	easy	30.0	0.007	60007	700	307	306	-1	3	82.49	82.49	82.49
juego1	easy	30.0	0.007	60017	700	307	307	0	3	82.33	82.33	82.33
juego1	easy	30.0	0.007	60024	700	307	307	0	3	82.26	82.26	82.26
juego1	easy	30.0	0.007	60033	700	308	307	-1	3	82.18	82.18	82.18
juego1	easy	30.0	0.007	60042	700	308	308	0	3	82.13	82.13	82.13
juego1	easy	30.0	0.007	60051	700	308	308	0	3	82.09	82.09	82.09
juego1	easy	30.0	0.007	60059	700	309	308	-1	3	81.97	81.97	81.97
juego1	easy	30.0	0.007	60068	700	309	308	-1	3	81.81	81.81	81.81
juego1	easy	30.0	0.007	60076	700	309	309	0	3	81.74	81.74	81.74
juego1	easy	30.0	0.007	60084	700	310	309	-1	3	81.65	81.65	81.65
juego1	easy	30.0	0.007	60093	700	310	309	-1	3	81.59	81.59	81.59
juego1	easy	30.0	0.007	60101	700	310	309	-1	3	81.54	81.54	81.54
juego1	easy	30.0	0.007	60109	700	311	310	-1	3	81.42	81.42	81.42
juego1	easy	30.0	0.007	60118	700	311	310	-1	3	81.29	81.29	81.29
juego1	easy	30.0	0.007	60126	700	311	310	-1	3	81.24	81.24	81.24
juego1	easy	30.0	0.007	60134	700	311	310	-1	3	81.17	81.17	81.17
juego1	easy	30.0	0.007	60143	700	312	311	-1	3	81.09	81.09	81.09
juego1	easy	30.0	0.007	60151	700	312	311	-1	3	81.03	81.03	81.03
juego1	easy	30.0	0.007	60159	700	312	311	-1	3	80.88	80.88	80.88
juego1	easy	30.0	0.007	60168	700	313	312	-1	3	80.71	80.71	80.71
juego1	easy	30.0	0.007	60177	700	313	312	-1	3	80.59	80.59	80.59
juego1	easy	30.0	0.007	60185	700	313	312	-1	3	80.56	80.56	80.56
juego1	easy	30.0	0.007	60194	700	313	312	-1	3	80.51	80.51	80.51
juego1	easy	30.0	0.007	60203	700	314	313	-1	3	80.44	80.44	80.44
juego1	easy	30.0	0.007	60212	700	314	313	-1	3	80.3	80.3	80.3
juego1	easy	30.0	0.007	60220	700	314	313	-1	3	80.23	80.23	80.23
juego1	easy	30.0	0.007	60229	700	315	314	-1	3	80.06	80.06	80.06
juego1	easy	30.0	0.007	60238	700	315	314	-1	3	79.92	79.92	79.92
juego1	easy	30.0	0.007	60247	700	315	314	-1	3	79.79	79.79	79.79
juego1	easy	30.0	0.007	60255	700	315	315	0	3	79.7	79.7	79.7
juego1	easy	30.0	0.007	60263	700	316	315	-1	3	79.62	79.62	79.62
juego1	easy	30.0	0.007	60272	700	316	316	0	3	79.39	79.39	79.39
juego1	easy	30.0	0.007	60281	700	316	316	0	3	79.34	79.34	79.34
juego1	easy	30.0	0.007	60290	700	316	316	0	3	79.26	79.26	79.26
juego1	easy	30.0	0.007	60298	700	317	316	-1	3	79.15	79.15	79.15
juego1	easy	30.0	0.007	60306	700	317	317	0	3	79.09	79.09	79.09
juego1	easy	30.0	0.007	60314	700	317	317	0	3	78.94	78.94	78.94
juego1	easy	30.0	0.007	60323	700	318	317	-1	3	78.77	78.77	78.77
juego1	easy	30.0	0.007	60331	700	318	318	0	3	78.69	78.69	78.69
juego1	easy	30.0	0.007	60340	700	318	318	0	3	78.55	78.55	78.55
juego1	easy	30.0	0.007	60348	700	318	319	1	3	78.4	78.4	78.4
juego1	easy	30.0	0.007	60357	700	319	319	0	3	78.32	78.32	78.32
juego1	easy	30.0	0.007	60366	700	319	319	0	3	78.18	78.18	78.18
juego1	easy	30.0	0.007	60375	700	319	320	1	3	78.03	78.03	78.03
juego1	easy	30.0	0.007	60383	700	319	320	1	3	77.85	77.85	77.85
juego1	easy	30.0	0.007	60390	700	320	320	0	3	77.77	77.77	77.77
juego1	easy	30.0	0.007	60398	700	320	321	1	3	77.59	77.59	77.59
juego1	easy	30.0	0.007	60406	700	320	321	1	3	77.5	77.5	77.5
juego1	easy	30.0	0.007	60415	700	320	322	2	3	77.31	77.31	77.31
juego1	easy	30.0	0.007	60424	700	321	322	1	3	77.15	77.15	77.15
juego1	easy	30.0	0.007	60433	700	321	323	2	3	77.01	77.01	77.01
juego1	easy	30.0	0.007	60441	700	321	323	2	3	76.94	76.94	76.94
juego1	easy	30.0	0.007	60450	700	321	323	2	3	76.8	76.8	76.8
juego1	easy	30.0	0.007	60459	700	321	324	3	3	76.66	76.66	76.66
juego1	easy	30.0	0.007	60467	700	322	324	2	3	76.51	76.51	76.51
juego1	easy	30.0	0.007	60476	700	322	324	2	3	76.44	76.44	76.44
juego1	easy	30.0	0.007	60485	700	322	325	3	3	76.29	76.29	76.29
juego1	easy	30.0	0.007	60494	700	322	325	3	3	76.12	76.12	76.12
juego1	easy	30.0	0.007	60503	700	323	326	3	3	75.95	75.95	75.95
juego1	easy	30.0	0.007	60512	700	323	326	3	3	75.87	75.87	75.87
juego1	easy	30.0	0.007	60520	700	323	326	3	3	75.74	75.74	75.74
juego1	easy	30.0	0.007	60529	700	323	327	4	3	75.64	75.64	75.64
juego1	easy	30.0	0.007	60538	700	324	327	3	3	75.54	75.54	75.54
juego1	easy	30.0	0.007	60547	700	324	327	3	3	75.48	75.48	75.48
juego1	easy	30.0	0.007	60556	700	324	328	4	3	75.37	75.37	75.37
juego1	easy	30.0	0.007	60565	700	324	328	4	3	75.28	75.28	75.28
juego1	easy	30.0	0.007	60574	700	324	328	4	3	75.19	75.19	75.19
juego1	easy	30.0	0.007	60582	700	325	328	3	3	75.14	75.14	75.14
juego1	easy	30.0	0.007	60590	700	325	329	4	3	75.02	75.02	75.02
juego1	easy	30.0	0.007	60599	700	325	329	4	3	74.89	74.89	74.89
juego1	easy	30.0	0.007	60608	700	325	329	4	3	74.79	74.79	74.79
juego1	easy	30.0	0.007	60616	700	325	329	4	3	74.77	74.77	74.77
juego1	easy	30.0	0.007	60625	700	326	329	3	3	74.76	74.76	74.76
juego1	easy	30.0	0.007	60634	700	326	329	3	3	74.75	74.75	74.75
juego1	easy	30.0	0.007	60641	700	326	329	3	3	74.75	74.75	74.75
juego1	easy	30.0	0.007	60650	700	326	329	3	3	74.72	74.72	74.72
juego1	easy	30.0	0.007	60658	700	326	330	4	3	74.67	74.67	74.67
juego1	easy	30.0	0.007	60667	700	327	330	3	3	74.65	74.65	74.65
juego1	easy	30.0	0.007	60675	700	327	330	3	3	74.61	74.61	74.61
juego1	easy	30.0	0.007	60684	700	327	330	3	3	74.55	74.55	74.55
juego1	easy	30.0	0.007	60692	700	327	330	3	3	74.52	74.52	74.52
juego1	easy	30.0	0.007	60700	700	327	330	3	3	74.49	74.49	74.49
juego1	easy	30.0	0.007	60709	700	328	330	2	3	74.5	74.5	74.5
juego1	easy	30.0	0.007	60718	700	328	330	2	3	74.51	74.51	74.51
juego1	easy	30.0	0.007	60725	700	328	330	2	3	74.53	74.53	74.53
juego1	easy	30.0	0.007	60734	700	328	330	2	3	74.52	74.52	74.52
juego1	easy	30.0	0.007	60743	700	328	330	2	3	74.51	74.51	74.51
juego1	easy	30.0	0.007	60751	700	328	330	2	3	74.49	74.49	74.49
juego1	easy	30.0	0.007	60759	700	329	330	1	3	74.47	74.47	74.47
juego1	easy	30.0	0.007	60768	700	329	330	1	3	74.45	74.45	74.45
juego1	easy	30.0	0.007	60777	700	329	330	1	3	74.43	74.43	74.43
juego1	easy	30.0	0.007	60785	700	329	330	1	3	74.47	74.47	74.47
juego1	easy	30.0	0.007	60794	700	329	330	1	3	74.55	74.55	74.55
juego1	easy	30.0	0.007	60803	700	329	330	1	3	74.59	74.59	74.59
juego1	easy	30.0	0.007	60812	700	330	330	0	3	74.6	74.6	74.6
juego1	easy	30.0	0.007	60821	700	330	330	0	3	74.56	74.56	74.56
juego1	easy	30.0	0.007	60829	700	330	330	0	3	74.52	74.52	74.52
juego1	easy	30.0	0.007	60838	700	330	330	0	3	74.52	74.52	74.52
juego1	easy	30.0	0.007	60847	700	330	330	0	3	74.53	74.53	74.53
juego1	easy	30.0	0.007	60856	700	330	330	0	3	74.51	74.51	74.51
juego1	easy	30.0	0.007	60864	700	330	330	0	3	74.45	74.45	74.45
juego1	easy	30.0	0.007	60873	700	331	330	-1	3	74.44	74.44	74.44
juego1	easy	30.0	0.007	60882	700	331	330	-1	3	74.46	74.46	74.46
juego1	easy	30.0	0.007	60890	700	331	330	-1	3	74.54	74.54	74.54
juego1	easy	30.0	0.007	60899	700	331	330	-1	3	74.62	74.62	74.62
juego1	easy	30.0	0.007	60908	700	331	330	-1	3	74.64	74.64	74.64
juego1	easy	30.0	0.007	60916	700	331	330	-1	3	74.6	74.6	74.6
juego1	easy	30.0	0.007	60925	700	331	330	-1	3	74.57	74.57	74.57
juego1	easy	30.0	0.007	60934	700	331	330	-1	3	74.49	74.49	74.49
juego1	easy	30.0	0.007	60942	700	332	330	-2	3	74.48	74.48	74.48
juego1	easy	30.0	0.007	60951	700	332	330	-2	3	74.48	74.48	74.48
juego1	easy	30.0	0.007	60960	700	332	330	-2	3	74.51	74.51	74.51
juego1	easy	30.0	0.007	60967	700	332	330	-2	3	74.53	74.53	74.53
juego1	easy	30.0	0.007	60976	700	332	330	-2	3	74.57	74.57	74.57
juego1	easy	30.0	0.007	60984	700	332	330	-2	3	74.6	74.6	74.6
juego1	easy	30.0	0.007	60993	700	332	330	-2	3	74.6	74.6	74.6
juego1	easy	30.0	0.007	61001	700	332	330	-2	3	74.61	74.61	74.61
juego1	easy	30.0	0.007	61010	700	332	330	-2	3	74.59	74.59	74.59
juego1	easy	30.0	0.007	61019	700	333	330	-3	3	74.54	74.54	74.54
juego1	easy	30.0	0.007	61027	700	333	330	-3	3	74.52	74.52	74.52
juego1	easy	30.0	0.007	61036	700	333	330	-3	3	74.47	74.47	74.47
juego1	easy	30.0	0.007	61043	700	333	330	-3	3	74.44	74.44	74.44
juego1	easy	30.0	0.007	61051	700	333	330	-3	3	74.41	74.41	74.41
juego1	easy	30.0	0.007	61060	700	333	330	-3	3	74.4	74.4	74.4
juego1	easy	30.0	0.007	61069	700	333	330	-3	3	74.4	74.4	74.4
juego1	easy	30.0	0.007	61078	700	333	330	-3	3	74.4	74.4	74.4
juego1	easy	30.0	0.007	61087	700	333	330	-3	3	74.4	74.4	74.4
juego1	easy	30.0	0.007	61096	700	333	330	-3	3	74.41	74.41	74.41
juego1	easy	30.0	0.007	61104	700	333	330	-3	3	74.44	74.44	74.44
juego1	easy	30.0	0.007	61113	700	334	330	-4	3	74.45	74.45	74.45
juego1	easy	30.0	0.007	61121	700	334	330	-4	3	74.44	74.44	74.44
juego1	easy	30.0	0.007	61130	700	334	330	-4	3	74.41	74.41	74.41
juego1	easy	30.0	0.007	61138	700	334	330	-4	3	74.39	74.39	74.39
juego1	easy	30.0	0.007	61146	700	334	331	-3	3	74.36	74.36	74.36
juego1	easy	30.0	0.007	61155	700	334	331	-3	3	74.32	74.32	74.32
juego1	easy	30.0	0.007	61164	700	334	331	-3	3	74.31	74.31	74.31
juego1	easy	30.0	0.007	61171	700	334	331	-3	3	74.29	74.29	74.29
juego1	easy	30.0	0.007	61180	700	334	331	-3	3	74.31	74.31	74.31
juego1	easy	30.0	0.007	61189	700	334	331	-3	3	74.32	74.32	74.32
juego1	easy	30.0	0.007	61197	700	334	331	-3	3	74.33	74.33	74.33
juego1	easy	30.0	0.007	61204	700	334	331	-3	3	74.31	74.31	74.31
juego1	easy	30.0	0.007	61213	700	334	331	-3	3	74.29	74.29	74.29
juego1	easy	30.0	0.007	61221	700	334	331	-3	3	74.24	74.24	74.24
juego1	easy	30.0	0.007	61230	700	334	331	-3	3	74.19	74.19	74.19
juego1	easy	30.0	0.007	61238	700	334	331	-3	3	74.16	74.16	74.16
juego1	easy	30.0	0.007	61247	700	334	331	-3	3	74.11	74.11	74.11
juego1	easy	30.0	0.007	61255	700	334	331	-3	3	74.09	74.09	74.09
juego1	easy	30.0	0.007	61263	700	334	331	-3	3	74.08	74.08	74.08
juego1	easy	30.0	0.007	61272	700	335	331	-4	3	74.07	74.07	74.07
juego1	easy	30.0	0.007	61280	700	335	331	-4	3	74.05	74.05	74.05
juego1	easy	30.0	0.007	61289	700	335	331	-4	3	74.04	74.04	74.04
juego1	easy	30.0	0.007	61298	700	335	332	-3	3	74.0	74.0	74.0
juego1	easy	30.0	0.007	61307	700	335	332	-3	3	73.96	73.96	73.96
juego1	easy	30.0	0.007	61315	700	335	332	-3	3	73.93	73.93	73.93
juego1	easy	30.0	0.007	61324	700	335	332	-3	3	73.94	73.94	73.94
juego1	easy	30.0	0.007	61331	700	335	332	-3	3	73.95	73.95	73.95
juego1	easy	30.0	0.007	61340	700	335	332	-3	3	73.96	73.96	73.96
juego1	easy	30.0	0.007	61347	700	335	332	-3	3	73.97	73.97	73.97
juego1	easy	30.0	0.007	61355	700	335	332	-3	3	73.95	73.95	73.95
juego1	easy	30.0	0.007	61364	700	335	332	-3	3	73.94	73.94	73.94
juego1	easy	30.0	0.007	61373	700	335	332	-3	3	73.91	73.91	73.91
juego1	easy	30.0	0.007	61381	700	335	332	-3	3	73.88	73.88	73.88
juego1	easy	30.0	0.007	61389	700	335	332	-3	3	73.86	73.86	73.86
juego1	easy	30.0	0.007	61398	700	335	332	-3	3	73.85	73.85	73.85
juego1	easy	30.0	0.007	61406	700	335	332	-3	3	73.87	73.87	73.87
juego1	easy	30.0	0.007	61416	700	335	332	-3	3	73.91	73.91	73.91
juego1	easy	30.0	0.007	61422	700	335	332	-3	3	73.9	73.9	73.9
juego1	easy	30.0	0.007	61431	700	335	332	-3	3	73.87	73.87	73.87
juego1	easy	30.0	0.007	61440	700	335	332	-3	3	73.82	73.82	73.82
juego1	easy	30.0	0.007	61448	700	335	332	-3	3	73.8	73.8	73.8
juego1	easy	30.0	0.007	61456	700	335	332	-3	3	73.76	73.76	73.76
juego1	easy	30.0	0.007	61465	700	335	332	-3	3	73.74	73.74	73.74
juego1	easy	30.0	0.007	61475	700	335	332	-3	3	73.74	73.74	73.74
juego1	easy	30.0	0.007	61483	700	335	332	-3	3	73.75	73.75	73.75
juego1	easy	30.0	0.007	61492	700	334	332	-2	3	73.78	73.78	73.78
juego1	easy	30.0	0.007	61501	700	334	332	-2	3	73.8	73.8	73.8
juego1	easy	30.0	0.007	61508	700	334	332	-2	3	73.79	73.79	73.79
juego1	easy	30.0	0.007	61517	700	334	332	-2	3	73.76	73.76	73.76
juego1	easy	30.0	0.007	61525	700	334	332	-2	3	73.72	73.72	73.72
juego1	easy	30.0	0.007	61534	700	334	333	-1	3	73.7	73.7	73.7
juego1	easy	30.0	0.007	61542	700	334	333	-1	3	73.68	73.68	73.68
juego1	easy	30.0	0.007	61550	700	334	333	-1	3	73.68	73.68	73.68
juego1	easy	30.0	0.007	61559	700	334	333	-1	3	73.68	73.68	73.68
juego1	easy	30.0	0.007	61567	700	334	333	-1	3	73.67	73.67	73.67
juego1	easy	30.0	0.007	61576	700	334	333	-1	3	73.66	73.66	73.66
juego1	easy	30.0	0.007	61584	700	334	333	-1	3	73.66	73.66	73.66
juego1	easy	30.0	0.007	61592	700	334	333	-1	3	73.67	73.67	73.67
juego1	easy	30.0	0.007	61601	700	334	333	-1	3	73.68	73.68	73.68
juego1	easy	30.0	0.007	61609	700	334	333	-1	3	73.68	73.68	73.68
juego1	easy	30.0	0.007	61618	700	334	333	-1	3	73.67	73.67	73.67
juego1	easy	30.0	0.007	61626	700	334	333	-1	3	73.67	73.67	73.67
juego1	easy	30.0	0.007	61635	700	334	333	-1	3	73.67	73.67	73.67
juego1	easy	30.0	0.007	61644	700	333	332	-1	3	73.71	73.71	73.71
juego1	easy	30.0	0.007	61652	700	333	332	-1	3	73.72	73.72	73.72
juego1	easy	30.0	0.007	61661	700	333	333	0	3	73.7	73.7	73.7
juego1	easy	30.0	0.007	61669	700	333	333	0	3	73.69	73.69	73.69
juego1	easy	30.0	0.007	61678	700	333	332	-1	3	73.71	73.71	73.71
juego1	easy	30.0	0.007	61686	700	333	332	-1	3	73.73	73.73	73.73
juego1	easy	30.0	0.007	61695	700	333	332	-1	3	73.73	73.73	73.73
juego1	easy	30.0	0.007	61704	700	333	332	-1	3	73.73	73.73	73.73
juego1	easy	30.0	0.007	61713	700	333	332	-1	3	73.76	73.76	73.76
juego1	easy	30.0	0.007	61721	700	333	332	-1	3	73.8	73.8	73.8
juego1	easy	30.0	0.007	61730	700	333	332	-1	3	73.84	73.84	73.84
juego1	easy	30.0	0.007	61738	700	333	332	-1	3	73.91	73.91	73.91
juego1	easy	30.0	0.007	61747	700	332	332	0	3	73.94	73.94	73.94
juego1	easy	30.0	0.007	61755	700	332	332	0	3	73.93	73.93	73.93
juego1	easy	30.0	0.007	61764	700	332	332	0	3	73.93	73.93	73.93
juego1	easy	30.0	0.007	61773	700	332	332	0	3	73.94	73.94	73.94
juego1	easy	30.0	0.007	61781	700	332	332	0	3	74.0	74.0	74.0
juego1	easy	30.0	0.007	61790	700	332	332	0	3	74.03	74.03	74.03
juego1	easy	30.0	0.007	61798	700	332	331	-1	3	74.07	74.07	74.07
juego1	easy	30.0	0.007	61807	700	332	331	-1	3	74.1	74.1	74.1
juego1	easy	30.0	0.007	61815	700	332	331	-1	3	74.13	74.13	74.13
juego1	easy	30.0	0.007	61823	700	331	331	0	3	74.23	74.23	74.23
juego1	easy	30.0	0.007	61832	700	331	331	0	3	74.36	74.36	74.36
juego1	easy	30.0	0.007	61841	700	331	330	-1	3	74.47	74.47	74.47
juego1	easy	30.0	0.007	61848	700	331	330	-1	3	74.52	74.52	74.52
juego1	easy	30.0	0.007	61857	700	331	330	-1	3	74.64	74.64	74.64
juego1	easy	30.0	0.007	61864	700	331	330	-1	3	74.71	74.71	74.71
juego1	easy	30.0	0.007	61873	700	331	329	-2	3	74.84	74.84	74.84
juego1	easy	30.0	0.007	61881	700	330	329	-1	3	74.94	74.94	74.94
juego1	easy	30.0	0.007	61890	700	330	329	-1	3	74.98	74.98	74.98
juego1	easy	30.0	0.007	61898	700	330	329	-1	3	75.04	75.04	75.04
juego1	easy	30.0	0.007	61907	700	330	328	-2	3	75.09	75.09	75.09
juego1	easy	30.0	0.007	61915	700	330	328	-2	3	75.11	75.11	75.11
juego1	easy	30.0	0.007	61923	700	330	328	-2	3	75.16	75.16	75.16
juego1	easy	30.0	0.007	61932	700	330	328	-2	3	75.22	75.22	75.22
juego1	easy	30.0	0.007	61940	700	329	328	-1	3	75.25	75.25	75.25
juego1	easy	30.0	0.007	61948	700	329	328	-1	3	75.28	75.28	75.28
juego1	easy	30.0	0.007	61957	700	329	328	-1	3	75.32	75.32	75.32
juego1	easy	30.0	0.007	61965	700	329	328	-1	3	75.34	75.34	75.34
juego1	easy	30.0	0.007	61974	700	329	328	-1	3	75.38	75.38	75.38
juego1	easy	30.0	0.007	61982	700	329	327	-2	3	75.44	75.44	75.44
juego1	easy	30.0	0.007	61991	700	328	327	-1	3	75.48	75.48	75.48
juego1	easy	30.0	0.007	62000	700	328	327	-1	3	75.52	75.52	75.52
juego1	easy	30.0	0.007	62008	700	328	327	-1	3	75.58	75.58	75.58
juego1	easy	30.0	0.007	62017	700	328	327	-1	3	75.68	75.68	75.68
juego1	easy	30.0	0.007	62025	700	328	326	-2	3	75.75	75.75	75.75
juego1	easy	30.0	0.007	62034	700	328	326	-2	3	75.87	75.87	75.87
juego1	easy	30.0	0.007	62042	700	327	326	-1	3	75.99	75.99	75.99
juego1	easy	30.0	0.007	62051	700	327	326	-1	3	76.03	76.03	76.03
juego1	easy	30.0	0.007	62060	700	327	325	-2	3	76.08	76.08	76.08
juego1	easy	30.0	0.007	62068	700	327	325	-2	3	76.16	76.16	76.16
juego1	easy	30.0	0.007	62077	700	327	325	-2	3	76.29	76.29	76.29
juego1	easy	30.0	0.007	62085	700	326	325	-1	3	76.36	76.36	76.36
juego1	easy	30.0	0.007	62094	700	326	324	-2	3	76.49	76.49	76.49
juego1	easy	30.0	0.007	62103	700	326	324	-2	3	76.63	76.63	76.63
juego1	easy	30.0	0.007	62111	700	326	323	-3	3	76.79	76.79	76.79
juego1	easy	30.0	0.007	62120	700	326	323	-3	3	76.88	76.88	76.88
juego1	easy	30.0	0.007	62128	700	325	323	-2	3	77.03	77.03	77.03
juego1	easy	30.0	0.007	62137	700	325	322	-3	3	77.2	77.2	77.2
juego1	easy	30.0	0.007	62146	700	325	322	-3	3	77.3	77.3	77.3
juego1	easy	30.0	0.007	62155	700	325	321	-4	3	77.58	77.58	77.58
juego1	easy	30.0	0.007	62163	700	325	320	-5	3	77.9	77.9	77.9
juego1	easy	30.0	0.007	62172	700	324	319	-5	3	78.14	78.14	78.14
juego1	easy	30.0	0.007	62181	700	324	319	-5	3	78.21	78.21	78.21
juego1	easy	30.0	0.007	62189	700	324	319	-5	3	78.29	78.29	78.29
juego1	easy	30.0	0.007	62198	700	324	319	-5	3	78.37	78.37	78.37
juego1	easy	30.0	0.007	62206	700	324	318	-6	3	78.44	78.44	78.44
juego1	easy	30.0	0.007	62214	700	323	318	-5	3	78.62	78.62	78.62
juego1	easy	30.0	0.007	62223	700	323	317	-6	3	78.8	78.8	78.8
juego1	easy	30.0	0.007	62231	700	323	317	-6	3	78.88	78.88	78.88
juego1	easy	30.0	0.007	62240	700	323	317	-6	3	79.03	79.03	79.03
juego1	easy	30.0	0.007	62249	700	323	316	-7	3	79.2	79.2	79.2
juego1	easy	30.0	0.007	62258	700	322	316	-6	3	79.4	79.4	79.4
juego1	easy	30.0	0.007	62265	700	322	315	-7	3	79.5	79.5	79.5
juego1	easy	30.0	0.007	62274	700	322	315	-7	3	79.68	79.68	79.68
juego1	easy	30.0	0.007	62282	700	322	314	-8	3	79.88	79.88	79.88
juego1	easy	30.0	0.007	62291	700	321	314	-7	3	79.99	79.99	79.99
juego1	easy	30.0	0.007	62299	700	321	313	-8	3	80.21	80.21	80.21
juego1	easy	30.0	0.007	62308	700	321	313	-8	3	80.41	80.41	80.41
juego1	easy	30.0	0.007	62315	700	321	312	-9	3	80.5	80.5	80.5
juego1	easy	30.0	0.007	62324	700	320	312	-8	3	80.65	80.65	80.65
juego1	easy	30.0	0.007	62332	700	320	311	-9	3	80.79	80.79	80.79
juego1	easy	30.0	0.007	62340	700	320	311	-9	3	80.88	80.88	80.88
juego1	easy	30.0	0.007	62349	700	320	311	-9	3	81.05	81.05	81.05
juego1	easy	30.0	0.007	62357	700	319	310	-9	3	81.19	81.19	81.19
juego1	easy	30.0	0.007	62366	700	319	310	-9	3	81.24	81.24	81.24
juego1	easy	30.0	0.007	62374	700	319	310	-9	3	81.32	81.32	81.32
juego1	easy	30.0	0.007	62382	700	319	310	-9	3	81.38	81.38	81.38
juego1	easy	30.0	0.007	62390	700	318	310	-8	3	81.4	81.4	81.4
juego1	easy	30.0	0.007	62399	700	318	310	-8	3	81.43	81.43	81.43
juego1	easy	30.0	0.007	62407	700	318	310	-8	3	81.43	81.43	81.43
juego1	easy	30.0	0.007	62416	700	318	310	-8	3	81.44	81.44	81.44
juego1	easy	30.0	0.007	62425	700	317	309	-8	3	81.48	81.48	81.48
juego1	easy	30.0	0.007	62433	700	317	309	-8	3	81.53	81.53	81.53
juego1	easy	30.0	0.007	62442	700	317	309	-8	3	81.59	81.59	81.59
juego1	easy	30.0	0.007	62450	700	317	309	-8	3	81.6	81.6	81.6
juego1	easy	30.0	0.007	62459	700	316	309	-7	3	81.62	81.62	81.62
juego1	easy	30.0	0.007	62468	700	316	309	-7	3	81.64	81.64	81.64
juego1	easy	30.0	0.007	62475	700	316	309	-7	3	81.66	81.66	81.66
juego1	easy	30.0	0.007	62484	700	315	309	-6	3	81.69	81.69	81.69
juego1	easy	30.0	0.007	62492	700	315	309	-6	3	81.69	81.69	81.69
juego1	easy	30.0	0.007	62501	700	315	309	-6	3	81.69	81.69	81.69
juego1	easy	30.0	0.007	62509	700	315	309	-6	3	81.66	81.66	81.66
juego1	easy	30.0	0.007	62518	700	314	309	-5	3	81.62	81.62	81.62
juego1	easy	30.0	0.007	62526	700	314	309	-5	3	81.61	81.61	81.61
juego1	easy	30.0	0.007	62534	700	314	309	-5	3	81.62	81.62	81.62
juego1	easy	30.0	0.007	62543	700	314	309	-5	3	81.64	81.64	81.64
juego1	easy	30.0	0.007	62551	700	313	309	-4	3	81.65	81.65	81.65
juego1	easy	30.0	0.007	62560	700	313	309	-4	3	81.64	81.64	81.64
juego1	easy	30.0	0.007	62568	700	313	309	-4	3	81.62	81.62	81.62
juego1	easy	30.0	0.007	62577	700	312	309	-3	3	81.61	81.61	81.61
juego1	easy	30.0	0.007	62585	700	312	309	-3	3	81.6	81.6	81.6
juego1	easy	30.0	0.007	62594	700	312	309	-3	3	81.59	81.59	81.59
juego1	easy	30.0	0.007	62602	700	312	309	-3	3	81.56	81.56	81.56
juego1	easy	30.0	0.007	62611	700	311	309	-2	3	81.56	81.56	81.56
juego1	easy	30.0	0.007	62619	700	311	309	-2	3	81.56	81.56	81.56
juego1	easy	30.0	0.007	62628	700	311	309	-2	3	81.6	81.6	81.6
juego1	easy	30.0	0.007	62636	700	310	309	-1	3	81.62	81.62	81.62
juego1	easy	30.0	0.007	62645	700	310	309	-1	3	81.67	81.67	81.67
juego1	easy	30.0	0.007	62653	700	310	309	-1	3	81.71	81.71	81.71
juego1	easy	30.0	0.007	62662	700	309	309	0	3	81.72	81.72	81.72
juego1	easy	30.0	0.007	62670	700	309	309	0	3	81.76	81.76	81.76
juego1	easy	30.0	0.007	62678	700	309	308	-1	3	81.82	81.82	81.82
juego1	easy	30.0	0.007	62687	700	309	308	-1	3	81.85	81.85	81.85
juego1	easy	30.0	0.007	62696	700	308	308	0	3	81.92	81.92	81.92
juego1	easy	30.0	0.007	62704	700	308	308	0	3	81.96	81.96	81.96
juego1	easy	30.0	0.007	62713	700	308	308	0	3	82.0	82.0	82.0
juego1	easy	30.0	0.007	62722	700	307	308	1	3	82.01	82.01	82.01
juego1	easy	30.0	0.007	62730	700	307	308	1	3	82.02	82.02	82.02
juego1	easy	30.0	0.007	62739	700	307	308	1	3	82.04	82.04	82.04
juego1	easy	30.0	0.007	62747	700	306	308	2	3	82.04	82.04	82.04
juego1	easy	30.0	0.007	62756	700	306	308	2	3	82.06	82.06	82.06
juego1	easy	30.0	0.007	62764	700	306	308	2	3	82.11	82.11	82.11
juego1	easy	30.0	0.007	62773	700	305	307	2	3	82.14	82.14	82.14
juego1	easy	30.0	0.007	62782	700	305	307	2	3	82.24	82.24	82.24
juego1	easy	30.0	0.007	62790	700	305	307	2	3	82.36	82.36	82.36
juego1	easy	30.0	0.007	62799	700	304	307	3	3	82.42	82.42	82.42
juego1	easy	30.0	0.007	62807	700	304	307	3	3	82.43	82.43	82.43
juego1	easy	30.0	0.007	62816	700	304	307	3	3	82.42	82.42	82.42
juego1	easy	30.0	0.007	62825	700	304	307	3	3	82.45	82.45	82.45
juego1	easy	30.0	0.007	62833	700	303	306	3	3	82.54	82.54	82.54
juego1	easy	30.0	0.007	62842	700	303	306	3	3	82.6	82.6	82.6
juego1	easy	30.0	0.007	62850	700	303	306	3	3	82.75	82.75	82.75
juego1	easy	30.0	0.007	62859	700	302	305	3	3	82.87	82.87	82.87
juego1	easy	30.0	0.007	62867	700	302	305	3	3	82.93	82.93	82.93
juego1	easy	30.0	0.007	62876	700	302	305	3	3	83.1	83.1	83.1
juego1	easy	30.0	0.007	62884	700	301	304	3	3	83.31	83.31	83.31
juego1	easy	30.0	0.007	62892	700	301	304	3	3	83.4	83.4	83.4
juego1	easy	30.0	0.007	62901	700	301	303	2	3	83.55	83.55	83.55
juego1	easy	30.0	0.007	62909	700	300	303	3	3	83.69	83.69	83.69
juego1	easy	30.0	0.007	62918	700	300	303	3	3	83.75	83.75	83.75
juego1	easy	30.0	0.007	62926	700	300	302	2	3	83.92	83.92	83.92
juego1	easy	30.0	0.007	62935	700	300	302	2	3	84.1	84.1	84.1
juego1	easy	30.0	0.007	62944	700	300	301	1	3	84.29	84.29	84.29
juego1	easy	30.0	0.007	62953	700	300	301	1	3	84.36	84.36	84.36
juego1	easy	30.0	0.007	62961	700	299	301	2	3	84.49	84.49	84.49
juego1	easy	30.0	0.007	62970	700	299	300	1	3	84.62	84.62	84.62
juego1	easy	30.0	0.007	62979	700	299	300	1	3	84.77	84.77	84.77
juego1	easy	30.0	0.007	62987	700	298	300	2	3	84.85	84.85	84.85
juego1	easy	30.0	0.007	62996	700	298	300	2	3	85.01	85.01	85.01
juego1	easy	30.0	0.007	63004	700	298	299	1	3	85.2	85.2	85.2
juego1	easy	30.0	0.007	63013	700	297	299	2	3	85.3	85.3	85.3
juego1	easy	30.0	0.007	63022	700	297	299	2	3	85.5	85.5	85.5
juego1	easy	30.0	0.007	63030	700	297	298	1	3	85.7	85.7	85.7
juego1	easy	30.0	0.007	63039	700	296	297	1	3	85.91	85.91	85.91
juego1	easy	30.0	0.007	63047	700	296	297	1	3	86.01	86.01	86.01
juego1	easy	30.0	0.007	63056	700	296	296	0	3	86.2	86.2	86.2
juego1	easy	30.0	0.007	63064	700	295	296	1	3	86.36	86.36	86.36
juego1	easy	30.0	0.007	63073	700	295	296	1	3	86.43	86.43	86.43
juego1	easy	30.0	0.007	63082	700	295	295	0	3	86.55	86.55	86.55
juego1	easy	30.0	0.007	63090	700	294	295	1	3	86.65	86.65	86.65
juego1	easy	30.0	0.007	63099	700	294	295	1	3	86.76	86.76	86.76
juego1	easy	30.0	0.007	63108	700	294	295	1	3	86.8	86.8	86.8
juego1	easy	30.0	0.007	63116	700	293	294	1	3	86.92	86.92	86.92
juego1	easy	30.0	0.007	63125	700	293	294	1	3	87.05	87.05	87.05
juego1	easy	30.0	0.007	63134	700	293	294	1	3	87.19	87.19	87.19
juego1	easy	30.0	0.007	63142	700	292	293	1	3	87.27	87.27	87.27
juego1	easy	30.0	0.007	63150	700	292	293	1	3	87.42	87.42	87.42
juego1	easy	30.0	0.007	63159	700	292	293	1	3	87.5	87.5	87.5
juego1	easy	30.0	0.007	63166	700	291	292	1	3	87.64	87.64	87.64
juego1	easy	30.0	0.007	63175	700	291	292	1	3	87.76	87.76	87.76
juego1	easy	30.0	0.007	63183	700	290	292	2	3	87.8	87.8	87.8
juego1	easy	30.0	0.007	63192	700	290	292	2	3	87.86	87.86	87.86
juego1	easy	30.0	0.007	63201	700	290	291	1	3	87.92	87.92	87.92
juego1	easy	30.0	0.007	63209	700	289	291	2	3	88.02	88.02	88.02
juego1	easy	30.0	0.007	63218	700	289	291	2	3	88.06	88.06	88.06
juego1	easy	30.0	0.007	63226	700	289	291	2	3	88.15	88.15	88.15
juego1	easy	30.0	0.007	63234	700	288	291	3	3	88.2	88.2	88.2
juego1	easy	30.0	0.007	63243	700	288	290	2	3	88.23	88.23	88.23
juego1	easy	30.0	0.007	63251	700	288	290	2	3	88.23	88.23	88.23
juego1	easy	30.0	0.007	63260	700	287	290	3	3	88.39	88.39	88.39
juego1	easy	30.0	0.007	63269	700	287	290	3	3	88.43	88.43	88.43
juego1	easy	30.0	0.007	63278	700	287	290	3	4	88.49	88.49	88.49
juego1	easy	20.0	0.006	63286	700	286	290	4	4	88.52	88.52	88.52
juego1	easy	20.0	0.006	63295	700	286	289	3	4	88.56	88.56	88.56
juego1	easy	20.0	0.006	63302	700	286	289	3	4	88.57	88.57	88.57
juego1	easy	20.0	0.006	63310	700	286	289	3	4	88.6	88.6	88.6
juego1	easy	20.0	0.006	63318	700	286	289	3	4	88.62	88.62	88.62
juego1	easy	20.0	0.006	63327	700	286	289	3	4	88.67	88.67	88.67
juego1	easy	20.0	0.006	63336	700	286	289	3	4	88.76	88.76	88.76
juego1	easy	20.0	0.006	63345	700	285	289	4	4	88.88	88.88	88.88
juego1	easy	20.0	0.006	63354	700	285	288	3	4	88.93	88.93	88.93
juego1	easy	20.0	0.006	63362	700	285	288	3	4	89.05	89.05	89.05
juego1	easy	20.0	0.006	63371	700	285	288	3	4	89.15	89.15	89.15
juego1	easy	20.0	0.006	63380	700	285	287	2	4	89.26	89.26	89.26
juego1	easy	20.0	0.006	63389	700	285	287	2	4	89.34	89.34	89.34
juego1	easy	20.0	0.006	63398	700	284	287	3	4	89.49	89.49	89.49
juego1	easy	20.0	0.006	63406	700	284	286	2	4	89.63	89.63	89.63
juego1	easy	20.0	0.006	63416	700	284	286	2	4	89.74	89.74	89.74
juego1	easy	20.0	0.006	63423	700	284	286	2	4	89.81	89.81	89.81
juego1	easy	20.0	0.006	63432	700	284	285	1	4	89.98	89.98	89.98
juego1	easy	20.0	0.006	63440	700	284	284	0	4	90.25	90.25	90.25
juego1	easy	20.0	0.006	63448	700	283	284	1	4	90.41	90.41	90.41
juego1	easy	20.0	0.006	63456	700	283	283	0	4	90.74	90.74	90.74
juego1	easy	20.0	0.006	63465	700	283	282	-1	4	91.0	91.0	91.0
juego1	easy	20.0	0.006	63473	700	283	282	-1	4	91.09	91.09	91.09
juego1	easy	20.0	0.006	63481	700	283	282	-1	4	91.22	91.22	91.22
juego1	easy	20.0	0.006	63490	700	283	281	-2	4	91.31	91.31	91.31
juego1	easy	20.0	0.006	63499	700	282	281	-1	4	91.36	91.36	91.36
juego1	easy	20.0	0.006	63508	700	282	281	-1	4	91.49	91.49	91.49
juego1	easy	20.0	0.006	63516	700	282	280	-2	4	91.72	91.72	91.72
juego1	easy	20.0	0.006	63525	700	282	279	-3	4	92.0	92.0	92.0
juego1	easy	20.0	0.006	63534	700	282	279	-3	4	92.14	92.14	92.14
juego1	easy	20.0	0.006	63543	700	282	278	-4	4	92.39	92.39	92.39
juego1	easy	20.0	0.006	63551	700	281	278	-3	4	92.54	92.54	92.54
juego1	easy	20.0	0.006	63560	700	281	277	-4	4	92.61	92.61	92.61
juego1	easy	20.0	0.006	63568	700	281	277	-4	4	92.63	92.63	92.63
juego1	easy	20.0	0.006	63577	700	281	277	-4	4	92.67	92.67	92.67
juego1	easy	20.0	0.006	63586	700	281	277	-4	4	92.71	92.71	92.71
juego1	easy	20.0	0.006	63594	700	281	277	-4	4	92.73	92.73	92.73
juego1	easy	20.0	0.006	63602	700	281	277	-4	4	92.78	92.78	92.78
juego1	easy	20.0	0.006	63611	700	280	277	-3	4	92.86	92.86	92.86
juego1	easy	20.0	0.006	63619	700	280	277	-3	4	92.91	92.91	92.91
juego1	easy	20.0	0.006	63627	700	280	276	-4	4	93.07	93.07	93.07
juego1	easy	20.0	0.006	63636	700	280	276	-4	4	93.24	93.24	93.24
juego1	easy	20.0	0.006	63645	700	280	275	-5	4	93.37	93.37	93.37
juego1	easy	20.0	0.006	63652	700	280	275	-5	4	93.42	93.42	93.42
juego1	easy	20.0	0.006	63661	700	279	275	-4	4	93.5	93.5	93.5
juego1	easy	20.0	0.006	63669	700	279	275	-4	4	93.52	93.52	93.52
juego1	easy	20.0	0.006	63678	700	279	275	-4	4	93.56	93.56	93.56
juego1	easy	20.0	0.006	63686	700	279	275	-4	4	93.57	93.57	93.57
juego1	easy	20.0	0.006	63695	700	279	275	-4	4	93.57	93.57	93.57
juego1	easy	20.0	0.006	63702	700	279	275	-4	4	93.57	93.57	93.57
juego1	easy	20.0	0.006	63711	700	278	275	-3	4	93.58	93.58	93.58
juego1	easy	20.0	0.006	63719	700	278	275	-3	4	93.6	93.6	93.6
juego1	easy	20.0	0.006	63728	700	278	274	-4	4	93.63	93.63	93.63
juego1	easy	20.0	0.006	63736	700	278	274	-4	4	93.65	93.65	93.65
juego1	easy	20.0	0.006	63745	700	278	274	-4	4	93.64	93.64	93.64
juego1	easy	20.0	0.006	63754	700	278	274	-4	4	93.65	93.65	93.65
juego1	easy	20.0	0.006	63762	700	278	274	-4	4	93.68	93.68	93.68
juego1	easy	20.0	0.006	63771	700	277	274	-3	4	93.69	93.69	93.69
juego1	easy	20.0	0.006	63779	700	277	274	-3	4	93.69	93.69	93.69
juego1	easy	20.0	0.006	63788	700	277	274	-3	4	93.65	93.65	93.65
juego1	easy	20.0	0.006	63795	700	277	274	-3	4	93.62	93.62	93.62
juego1	easy	20.0	0.006	63803	700	277	274	-3	4	93.61	93.61	93.61
juego1	easy	20.0	0.006	63812	700	277	274	-3	4	93.63	93.63	93.63
juego1	easy	20.0	0.006	63820	700	276	274	-2	4	93.65	93.65	93.65
juego1	easy	20.0	0.006	63829	700	276	274	-2	4	93.67	93.67	93.67
juego1	easy	20.0	0.006	63838	700	276	274	-2	4	93.72	93.72	93.72
juego1	easy	20.0	0.006	63847	700	276	274	-2	4	93.76	93.76	93.76
juego1	easy	20.0	0.006	63855	700	276	274	-2	4	93.72	93.72	93.72
juego1	easy	20.0	0.006	63864	700	276	274	-2	4	93.68	93.68	93.68
juego1	easy	20.0	0.006	63872	700	276	274	-2	4	93.63	93.63	93.63
juego1	easy	20.0	0.006	63880	700	275	274	-1	4	93.63	93.63	93.63
juego1	easy	20.0	0.006	63889	700	275	274	-1	4	93.64	93.64	93.64
juego1	easy	20.0	0.006	63898	700	275	274	-1	4	93.67	93.67	93.67
juego1	easy	20.0	0.006	63905	700	275	274	-1	4	93.65	93.65	93.65
juego1	easy	20.0	0.006	63913	700	275	274	-1	4	93.63	93.63	93.63
juego1	easy	20.0	0.006	63922	700	275	274	-1	4	93.61	93.61	93.61
juego1	easy	20.0	0.006	63930	700	275	274	-1	4	93.62	93.62	93.62
juego1	easy	20.0	0.006	63938	700	274	274	0	4	93.67	93.67	93.67
juego1	easy	20.0	0.006	63947	700	274	274	0	4	93.68	93.68	93.68
juego1	easy	20.0	0.006	63956	700	274	274	0	4	93.63	93.63	93.63
juego1	easy	20.0	0.006	63963	700	274	275	1	4	93.58	93.58	93.58
juego1	easy	20.0	0.006	63972	700	274	275	1	4	93.51	93.51	93.51
juego1	easy	20.0	0.006	63981	700	274	275	1	4	93.5	93.5	93.5
juego1	easy	20.0	0.006	63990	700	274	275	1	4	93.51	93.51	93.51
juego1	easy	20.0	0.006	63999	700	273	275	2	4	93.56	93.56	93.56
juego1	easy	20.0	0.006	64008	700	273	274	1	4	93.61	93.61	93.61
juego1	easy	20.0	0.006	64017	700	273	274	1	4	93.61	93.61	93.61
juego1	easy	20.0	0.006	64024	700	273	274	1	4	93.61	93.61	93.61
juego1	easy	20.0	0.006	64033	700	273	274	1	4	93.62	93.62	93.62
juego1	easy	20.0	0.006	64041	700	273	274	1	4	93.62	93.62	93.62
juego1	easy	20.0	0.006	64050	700	273	274	1	4	93.62	93.62	93.62
juego1	easy	20.0	0.006	64058	700	272	274	2	4	93.62	93.62	93.62
juego1	easy	20.0	0.006	64067	700	272	274	2	4	93.65	93.65	93.65
juego1	easy	20.0	0.006	64076	700	272	274	2	4	93.7	93.7	93.7
juego1	easy	20.0	0.006	64085	700	272	274	2	4	93.74	93.74	93.74
juego1	easy	20.0	0.006	64094	700	272	274	2	4	93.79	93.79	93.79
juego1	easy	20.0	0.006	64103	700	272	274	2	4	93.79	93.79	93.79
juego1	easy	20.0	0.006	64110	700	272	274	2	4	93.76	93.76	93.76
juego1	easy	20.0	0.006	64119	700	271	274	3	4	93.7	93.7	93.7
juego1	easy	20.0	0.006	64128	700	271	274	3	4	93.65	93.65	93.65
juego1	easy	20.0	0.006	64135	700	271	274	3	4	93.65	93.65	93.65
juego1	easy	20.0	0.006	64144	700	271	274	3	4	93.66	93.66	93.66
juego1	easy	20.0	0.006	64153	700	271	274	3	4	93.7	93.7	93.7
juego1	easy	20.0	0.006	64162	700	271	274	3	4	93.72	93.72	93.72
juego1	easy	20.0	0.006	64170	700	271	274	3	4	93.74	93.74	93.74
juego1	easy	20.0	0.006	64179	700	270	274	4	4	93.8	93.8	93.8
juego1	easy	20.0	0.006	64186	700	270	274	4	4	93.87	93.87	93.87
juego1	easy	20.0	0.006	64195	700	270	274	4	4	93.91	93.91	93.91
juego1	easy	20.0	0.006	64204	700	270	273	3	4	93.97	93.97	93.97
juego1	easy	20.0	0.006	64212	700	270	273	3	4	94.03	94.03	94.03
juego1	easy	20.0	0.006	64221	700	270	273	3	4	94.05	94.05	94.05
juego1	easy	20.0	0.006	64229	700	270	273	3	4	94.07	94.07	94.07
juego1	easy	20.0	0.006	64238	700	270	273	3	4	94.08	94.08	94.08
juego1	easy	20.0	0.006	64246	700	269	273	4	4	94.08	94.08	94.08
juego1	easy	20.0	0.006	64255	700	269	273	4	4	94.1	94.1	94.1
juego1	easy	20.0	0.006	64264	700	269	273	4	4	94.09	94.09	94.09
juego1	easy	20.0	0.006	64272	700	269	273	4	4	94.07	94.07	94.07
juego1	easy	20.0	0.006	64280	700	269	273	4	4	94.05	94.05	94.05
juego1	easy	20.0	0.006	64289	700	269	273	4	4	94.03	94.03	94.03
juego1	easy	20.0	0.006	64297	700	269	273	4	4	94.02	94.02	94.02
juego1	easy	20.0	0.006	64306	700	269	273	4	4	93.99	93.99	93.99
juego1	easy	20.0	0.006	64313	700	268	274	6	4	93.94	93.94	93.94
juego1	easy	20.0	0.006	64322	700	268	274	6	4	93.93	93.93	93.93
juego1	easy	20.0	0.006	64330	700	268	273	5	4	93.95	93.95	93.95
juego1	easy	20.0	0.006	64339	700	268	273	5	4	93.98	93.98	93.98
juego1	easy	20.0	0.006	64347	700	268	273	5	4	94.05	94.05	94.05
juego1	easy	20.0	0.006	64356	700	268	273	5	4	94.1	94.1	94.1
juego1	easy	20.0	0.006	64365	700	268	273	5	4	94.13	94.13	94.13
juego1	easy	20.0	0.006	64374	700	268	273	5	4	94.08	94.08	94.08
juego1	easy	20.0	0.006	64382	700	267	273	6	4	94.01	94.01	94.01
juego1	easy	20.0	0.006	64391	700	267	273	6	4	93.96	93.96	93.96
juego1	easy	20.0	0.006	64400	700	267	273	6	4	93.95	93.95	93.95
juego1	easy	20.0	0.006	64409	700	267	273	6	4	93.95	93.95	93.95
juego1	easy	20.0	0.006	64418	700	267	274	7	4	93.94	93.94	93.94
juego1	easy	20.0	0.006	64426	700	267	274	7	4	93.94	93.94	93.94
juego1	easy	20.0	0.006	64435	700	267	273	6	4	93.95	93.95	93.95
juego1	easy	20.0	0.006	64444	700	267	273	6	4	93.99	93.99	93.99
juego1	easy	20.0	0.006	64453	700	267	273	6	4	94.03	94.03	94.03
juego1	easy	20.0	0.006	64462	700	266	273	7	4	94.05	94.05	94.05
juego1	easy	20.0	0.006	64471	700	266	273	7	4	94.04	94.04	94.04
juego1	easy	20.0	0.006	64479	700	266	273	7	4	94.0	94.0	94.0
juego1	easy	20.0	0.006	64488	700	266	273	7	4	93.98	93.98	93.98
juego1	easy	20.0	0.006	64497	700	266	273	7	4	94.02	94.02	94.02
juego1	easy	20.0	0.006	64506	700	266	273	7	4	94.08	94.08	94.08
juego1	easy	20.0	0.006	64514	700	266	273	7	4	94.25	94.25	94.25
juego1	easy	20.0	0.006	64522	700	266	272	6	4	94.36	94.36	94.36
juego1	easy	20.0	0.006	64530	700	266	272	6	4	94.36	94.36	94.36
juego1	easy	20.0	0.006	64538	700	266	273	7	4	94.25	94.25	94.25
juego1	easy	20.0	0.006	64546	700	265	273	8	4	94.2	94.2	94.2
juego1	easy	20.0	0.006	64555	700	265	273	8	4	94.14	94.14	94.14
juego1	easy	20.0	0.006	64564	700	265	273	8	4	94.19	94.19	94.19
juego1	easy	20.0	0.006	64573	700	265	273	8	4	94.27	94.27	94.27
juego1	easy	20.0	0.006	64581	700	265	272	7	4	94.31	94.31	94.31
juego1	easy	20.0	0.006	64590	700	265	272	7	4	94.37	94.37	94.37
juego1	easy	20.0	0.006	64598	700	265	272	7	4	94.45	94.45	94.45
juego1	easy	20.0	0.006	64605	700	265	272	7	4	94.48	94.48	94.48
juego1	easy	20.0	0.006	64614	700	265	272	7	4	94.53	94.53	94.53
juego1	easy	20.0	0.006	64621	700	265	272	7	4	94.54	94.54	94.54
juego1	easy	20.0	0.006	64630	700	264	272	8	4	94.55	94.55	94.55
juego1	easy	20.0	0.006	64639	700	264	272	8	4	94.6	94.6	94.6
juego1	easy	20.0	0.006	64648	700	264	271	7	4	94.71	94.71	94.71
juego1	easy	20.0	0.006	64657	700	264	271	7	4	94.78	94.78	94.78
juego1	easy	20.0	0.006	64666	700	264	271	7	4	94.91	94.91	94.91
juego1	easy	20.0	0.006	64675	700	264	270	6	4	94.99	94.99	94.99
juego1	easy	20.0	0.006	64684	700	264	270	6	4	95.01	95.01	95.01
juego1	easy	20.0	0.006	64693	700	264	270	6	4	95.02	95.02	95.02
juego1	easy	20.0	0.006	64701	700	264	270	6	4	95.02	95.02	95.02
juego1	easy	20.0	0.006	64710	700	264	270	6	4	95.01	95.01	95.01
juego1	easy	20.0	0.006	64718	700	263	270	7	4	94.99	94.99	94.99
juego1	easy	20.0	0.006	64726	700	263	270	7	4	94.99	94.99	94.99
juego1	easy	20.0	0.006	64734	700	263	270	7	4	95.01	95.01	95.01
juego1	easy	20.0	0.006	64743	700	263	270	7	4	95.05	95.05	95.05
juego1	easy	20.0	0.006	64752	700	263	270	7	4	95.09	95.09	95.09
juego1	easy	20.0	0.006	64760	700	263	270	7	4	95.11	95.11	95.11
juego1	easy	20.0	0.006	64769	700	263	270	7	4	95.14	95.14	95.14
juego1	easy	20.0	0.006	64778	700	263	270	7	4	95.15	95.15	95.15
juego1	easy	20.0	0.006	64786	700	263	270	7	4	95.15	95.15	95.15
juego1	easy	20.0	0.006	64795	700	263	270	7	4	95.15	95.15	95.15
juego1	easy	20.0	0.006	64803	700	263	270	7	4	95.17	95.17	95.17
juego1	easy	20.0	0.006	64811	700	263	270	7	4	95.19	95.19	95.19
juego1	easy	20.0	0.006	64820	700	263	270	7	4	95.23	95.23	95.23
juego1	easy	20.0	0.006	64829	700	262	270	8	4	95.29	95.29	95.29
juego1	easy	20.0	0.006	64837	700	262	269	7	4	95.34	95.34	95.34
juego1	easy	20.0	0.006	64845	700	262	269	7	4	95.42	95.42	95.42
juego1	easy	20.0	0.006	64854	700	262	269	7	4	95.47	95.47	95.47
juego1	easy	20.0	0.006	64862	700	262	269	7	4	95.49	95.49	95.49
juego1	easy	20.0	0.006	64870	700	262	269	7	4	95.55	95.55	95.55
juego1	easy	20.0	0.006	64879	700	262	268	6	4	95.65	95.65	95.65
juego1	easy	20.0	0.006	64888	700	262	268	6	4	95.74	95.74	95.74
juego1	easy	20.0	0.006	64897	700	262	268	6	4	95.76	95.76	95.76
juego1	easy	20.0	0.006	64905	700	262	268	6	4	95.76	95.76	95.76
juego1	easy	20.0	0.006	64914	700	262	268	6	4	95.74	95.74	95.74
juego1	easy	20.0	0.006	64922	700	262	268	6	4	95.74	95.74	95.74
juego1	easy	20.0	0.006	64930	700	262	268	6	4	95.77	95.77	95.77
juego1	easy	20.0	0.006	64939	700	262	268	6	4	95.83	95.83	95.83
juego1	easy	20.0	0.006	64947	700	261	268	7	4	95.86	95.86	95.86
juego1	easy	20.0	0.006	64955	700	261	268	7	4	95.95	95.95	95.95
juego1	easy	20.0	0.006	64964	700	261	267	6	4	96.06	96.06	96.06
juego1	easy	20.0	0.006	64973	700	261	267	6	4	96.17	96.17	96.17
juego1	easy	20.0	0.006	64982	700	261	267	6	4	96.22	96.22	96.22
juego1	easy	20.0	0.006	64990	700	261	267	6	4	96.3	96.3	96.3
juego1	easy	20.0	0.006	64999	700	261	266	5	4	96.38	96.38	96.38
juego1	easy	20.0	0.006	65007	700	261	266	5	4	96.42	96.42	96.42
juego1	easy	20.0	0.006	65016	700	261	266	5	4	96.5	96.5	96.5
juego1	easy	20.0	0.006	65024	700	261	266	5	4	96.57	96.57	96.57
juego1	easy	20.0	0.006	65033	700	261	266	5	4	96.61	96.61	96.61
juego1	easy	20.0	0.006	65042	700	261	265	4	4	96.69	96.69	96.69
juego1	easy	20.0	0.006	65051	700	261	265	4	4	96.77	96.77	96.77
juego1	easy	20.0	0.006	65059	700	261	265	4	4	96.87	96.87	96.87
juego1	easy	20.0	0.006	65068	700	261	265	4	4	96.91	96.91	96.91
juego1	easy	20.0	0.006	65076	700	261	265	4	4	96.93	96.93	96.93
juego1	easy	20.0	0.006	65085	700	261	265	4	4	96.93	96.93	96.93
juego1	easy	20.0	0.006	65094	700	261	265	4	4	96.9	96.9	96.9
juego1	easy	20.0	0.006	65101	700	260	265	5	4	96.89	96.89	96.89
juego1	easy	20.0	0.006	65110	700	260	265	5	4	96.91	96.91	96.91
juego1	easy	20.0	0.006	65119	700	260	265	5	4	96.95	96.95	96.95
juego1	easy	20.0	0.006	65127	700	260	265	5	4	96.97	96.97	96.97
juego1	easy	20.0	0.006	65134	700	260	264	4	4	97.02	97.02	97.02
juego1	easy	20.0	0.006	65143	700	260	264	4	4	97.03	97.03	97.03
juego1	easy	20.0	0.006	65151	700	260	264	4	4	97.07	97.07	97.07
juego1	easy	20.0	0.006	65160	700	260	264	4	4	97.09	97.09	97.09
juego1	easy	20.0	0.006	65169	700	260	264	4	4	97.11	97.11	97.11
juego1	easy	20.0	0.006	65177	700	260	264	4	4	97.1	97.1	97.1
juego1	easy	20.0	0.006	65185	700	260	264	4	4	97.11	97.11	97.11
juego1	easy	20.0	0.006	65194	700	260	264	4	4	97.14	97.14	97.14
juego1	easy	20.0	0.006	65201	700	260	264	4	4	97.24	97.24	97.24
juego1	easy	20.0	0.006	65210	700	260	263	3	4	97.41	97.41	97.41
juego1	easy	20.0	0.006	65219	700	260	263	3	4	97.57	97.57	97.57
juego1	easy	20.0	0.006	65228	700	260	263	3	4	97.65	97.65	97.65
juego1	easy	20.0	0.006	65235	700	260	262	2	4	97.74	97.74	97.74
juego1	easy	20.0	0.006	65244	700	260	262	2	4	97.78	97.78	97.78
juego1	easy	20.0	0.006	65251	700	260	262	2	4	97.78	97.78	97.78
juego1	easy	20.0	0.006	65260	700	260	262	2	4	97.79	97.79	97.79
juego1	easy	20.0	0.006	65269	700	260	262	2	4	97.78	97.78	97.78
juego1	easy	20.0	0.006	65278	700	260	262	2	4	97.79	97.79	97.79
juego1	easy	20.0	0.006	65287	700	260	262	2	4	97.82	97.82	97.82
juego1	easy	20.0	0.006	65295	700	260	262	2	4	97.89	97.89	97.89
juego1	easy	20.0	0.006	65304	700	260	261	1	4	98.03	98.03	98.03
juego1	easy	20.0	0.006	65312	700	260	261	1	4	98.1	98.1	98.1
juego1	easy	20.0	0.006	65321	700	260	261	1	4	98.24	98.24	98.24
juego1	easy	20.0	0.006	65330	700	260	260	0	4	98.33	98.33	98.33
juego1	easy	20.0	0.006	65338	700	260	260	0	4	98.37	98.37	98.37
juego1	easy	20.0	0.006	65347	700	259	260	1	4	98.4	98.4	98.4
juego1	easy	20.0	0.006	65356	700	259	260	1	4	98.38	98.38	98.38
juego1	easy	20.0	0.006	65365	700	259	260	1	4	98.36	98.36	98.36
juego1	easy	20.0	0.006	65373	700	259	260	1	4	98.37	98.37	98.37
juego1	easy	20.0	0.006	65382	700	259	260	1	4	98.45	98.45	98.45
juego1	easy	20.0	0.006	65390	700	259	260	1	4	98.58	98.58	98.58
juego1	easy	20.0	0.006	65399	700	259	259	0	4	98.67	98.67	98.67
juego1	easy	20.0	0.006	65407	700	259	259	0	4	98.7	98.7	98.7
juego1	easy	20.0	0.006	65416	700	259	259	0	4	98.7	98.7	98.7
juego1	easy	20.0	0.006	65424	700	259	259	0	4	98.68	98.68	98.68
juego1	easy	20.0	0.006	65432	700	259	259	0	4	98.67	98.67	98.67
juego1	easy	20.0	0.006	65441	700	259	260	1	4	98.66	98.66	98.66
juego1	easy	20.0	0.006	65449	700	259	259	0	4	98.67	98.67	98.67
juego1	easy	20.0	0.006	65458	700	259	259	0	4	98.69	98.69	98.69
juego1	easy	20.0	0.006	65466	700	259	259	0	4	98.75	98.75	98.75
juego1	easy	20.0	0.006	65475	700	259	259	0	4	98.82	98.82	98.82
juego1	easy	20.0	0.006	65483	700	259	259	0	4	98.86	98.86	98.86
juego1	easy	20.0	0.006	65492	700	259	259	0	4	98.94	98.94	98.94
juego1	easy	20.0	0.006	65501	700	259	259	0	4	98.99	98.99	98.99
juego1	easy	20.0	0.006	65509	700	259	258	-1	4	99.01	99.01	99.01
juego1	easy	20.0	0.006	65518	700	259	258	-1	4	99.02	99.02	99.02
juego1	easy	20.0	0.006	65526	700	259	259	0	4	99.0	99.0	99.0
juego1	easy	20.0	0.006	65536	700	259	259	0	4	98.97	98.97	98.97
juego1	easy	20.0	0.006	65544	700	259	259	0	4	98.96	98.96	98.96
juego1	easy	20.0	0.006	65553	700	259	259	0	4	98.94	98.94	98.94
juego1	easy	20.0	0.006	65561	700	259	259	0	4	98.96	98.96	98.96
juego1	easy	20.0	0.006	65570	700	259	259	0	4	99.0	99.0	99.0
juego1	easy	20.0	0.006	65579	700	259	258	-1	4	99.02	99.02	99.02
juego1	easy	20.0	0.006	65587	700	259	258	-1	4	99.06	99.06	99.06
juego1	easy	20.0	0.006	65595	700	259	258	-1	4	99.07	99.07	99.07
juego1	easy	20.0	0.006	65604	700	259	258	-1	4	99.06	99.06	99.06
juego1	easy	20.0	0.006	65612	700	259	258	-1	4	99.03	99.03	99.03
juego1	easy	20.0	0.006	65621	700	259	259	0	4	99.0	99.0	99.0
juego1	easy	20.0	0.006	65629	700	259	259	0	4	99.0	99.0	99.0
juego1	easy	20.0	0.006	65638	700	259	259	0	4	99.0	99.0	99.0
juego1	easy	20.0	0.006	65646	700	259	259	0	4	99.0	99.0	99.0
juego1	easy	20.0	0.006	65655	700	259	259	0	4	98.99	98.99	98.99
juego1	easy	20.0	0.006	65663	700	259	259	0	4	98.99	98.99	98.99
juego1	easy	20.0	0.006	65671	700	259	259	0	4	98.99	98.99	98.99
juego1	easy	20.0	0.006	65680	700	259	259	0	4	98.99	98.99	98.99
juego1	easy	20.0	0.006	65689	700	259	259	0	4	98.98	98.98	98.98
juego1	easy	20.0	0.006	65696	700	260	259	-1	4	98.95	98.95	98.95
juego1	easy	20.0	0.006	65705	700	260	259	-1	4	98.89	98.89	98.89
juego1	easy	20.0	0.006	65714	700	260	259	-1	4	98.86	98.86	98.86
juego1	easy	20.0	0.006	65722	700	260	259	-1	4	98.83	98.83	98.83
juego1	easy	20.0	0.006	65730	700	260	259	-1	4	98.82	98.82	98.82
juego1	easy	20.0	0.006	65739	700	260	259	-1	4	98.82	98.82	98.82
juego1	easy	20.0	0.006	65748	700	260	259	-1	4	98.8	98.8	98.8
juego1	easy	20.0	0.006	65757	700	260	259	-1	4	98.77	98.77	98.77
juego1	easy	20.0	0.006	65765	700	260	259	-1	4	98.77	98.77	98.77
juego1	easy	20.0	0.006	65774	700	260	259	-1	4	98.79	98.79	98.79
juego1	easy	20.0	0.006	65782	700	260	259	-1	4	98.82	98.82	98.82
juego1	easy	20.0	0.006	65791	700	260	259	-1	4	98.8	98.8	98.8
juego1	easy	20.0	0.006	65798	700	260	259	-1	4	98.78	98.78	98.78
juego1	easy	20.0	0.006	65807	700	260	259	-1	4	98.73	98.73	98.73
juego1	easy	20.0	0.006	65815	700	260	259	-1	4	98.7	98.7	98.7
juego1	easy	20.0	0.006	65824	700	260	259	-1	4	98.68	98.68	98.68
juego1	easy	20.0	0.006	65831	700	260	260	0	4	98.64	98.64	98.64
juego1	easy	20.0	0.006	65841	700	260	260	0	4	98.6	98.6	98.6
juego1	easy	20.0	0.006	65849	700	260	260	0	4	98.58	98.58	98.58
juego1	easy	20.0	0.006	65857	700	260	260	0	4	98.59	98.59	98.59
juego1	easy	20.0	0.006	65866	700	260	260	0	4	98.63	98.63	98.63
juego1	easy	20.0	0.006	65874	700	260	260	0	4	98.64	98.64	98.64
juego1	easy	20.0	0.006	65882	700	260	260	0	4	98.65	98.65	98.65
juego1	easy	20.0	0.006	65891	700	260	260	0	4	98.64	98.64	98.64
juego1	easy	20.0	0.006	65900	700	260	260	0	4	98.63	98.63	98.63
juego1	easy	20.0	0.006	65908	700	260	260	0	4	98.59	98.59	98.59
juego1	easy	20.0	0.006	65916	700	260	260	0	4	98.56	98.56	98.56
juego1	easy	20.0	0.006	65925	700	260	260	0	4	98.55	98.55	98.55
juego1	easy	20.0	0.006	65934	700	260	260	0	4	98.55	98.55	98.55
juego1	easy	20.0	0.006	65942	700	261	260	-1	4	98.56	98.56	98.56
juego1	easy	20.0	0.006	65951	700	261	260	-1	4	98.58	98.58	98.58
juego1	easy	20.0	0.006	65959	700	261	260	-1	4	98.59	98.59	98.59
juego1	easy	20.0	0.006	65968	700	261	260	-1	4	98.58	98.58	98.58
juego1	easy	20.0	0.006	65976	700	261	260	-1	4	98.53	98.53	98.53
juego1	easy	20.0	0.006	65985	700	261	260	-1	4	98.48	98.48	98.48
juego1	easy	20.0	0.006	65994	700	261	260	-1	4	98.38	98.38	98.38
juego1	easy	20.0	0.006	66002	700	261	261	0	4	98.3	98.3	98.3
juego1	easy	20.0	0.006	66011	700	261	261	0	4	98.27	98.27	98.27
juego1	easy	20.0	0.006	66020	700	261	261	0	4	98.27	98.27	98.27
juego1	easy	20.0	0.006	66029	700	261	261	0	4	98.27	98.27	98.27
juego1	easy	20.0	0.006	66037	700	261	261	0	4	98.27	98.27	98.27
juego1	easy	20.0	0.006	66046	700	261	261	0	4	98.29	98.29	98.29
juego1	easy	20.0	0.006	66054	700	261	261	0	4	98.29	98.29	98.29
juego1	easy	20.0	0.006	66063	700	261	261	0	4	98.26	98.26	98.26
juego1	easy	20.0	0.006	66071	700	261	261	0	4	98.19	98.19	98.19
juego1	easy	20.0	0.006	66080	700	261	261	0	4	98.13	98.13	98.13
juego1	easy	20.0	0.006	66089	700	261	261	0	4	98.04	98.04	98.04
juego1	easy	20.0	0.006	66097	700	262	262	0	4	97.99	97.99	97.99
juego1	easy	20.0	0.006	66106	700	262	262	0	4	97.99	97.99	97.99
juego1	easy	20.0	0.006	66115	700	262	262	0	4	97.99	97.99	97.99
juego1	easy	20.0	0.006	66124	700	262	262	0	4	97.99	97.99	97.99
juego1	easy	20.0	0.006	66132	700	262	262	0	4	97.98	97.98	97.98
juego1	easy	20.0	0.006	66141	700	262	262	0	4	97.97	97.97	97.97
juego1	easy	20.0	0.006	66149	700	262	262	0	4	97.96	97.96	97.96
juego1	easy	20.0	0.006	66158	700	262	262	0	4	97.92	97.92	97.92
juego1	easy	20.0	0.006	66167	700	262	262	0	4	97.88	97.88	97.88
juego1	easy	20.0	0.006	66175	700	262	262	0	4	97.85	97.85	97.85
juego1	easy	20.0	0.006	66183	700	262	262	0	4	97.79	97.79	97.79
juego1	easy	20.0	0.006	66192	700	262	262	0	4	97.77	97.77	97.77
juego1	easy	20.0	0.006	66201	700	262	262	0	4	97.77	97.77	97.77
juego1	easy	20.0	0.006	66209	700	262	262	0	4	97.78	97.78	97.78
juego1	easy	20.0	0.006	66218	700	263	262	-1	4	97.77	97.77	97.77
juego1	easy	20.0	0.006	66226	700	263	262	-1	4	97.73	97.73	97.73
juego1	easy	20.0	0.006	66235	700	263	262	-1	4	97.69	97.69	97.69
juego1	easy	20.0	0.006	66243	700	263	263	0	4	97.6	97.6	97.6
juego1	easy	20.0	0.006	66252	700	263	263	0	4	97.53	97.53	97.53
juego1	easy	20.0	0.006	66260	700	263	263	0	4	97.51	97.51	97.51
juego1	easy	20.0	0.006	66269	700	263	263	0	4	97.46	97.46	97.46
juego1	easy	20.0	0.006	66277	700	263	263	0	4	97.41	97.41	97.41
juego1	easy	20.0	0.006	66286	700	263	263	0	4	97.39	97.39	97.39
juego1	easy	20.0	0.006	66293	700	263	263	0	4	97.33	97.33	97.33
juego1	easy	20.0	0.006	66302	700	263	264	1	4	97.25	97.25	97.25
juego1	easy	20.0	0.006	66311	700	263	264	1	4	97.2	97.2	97.2
juego1	easy	20.0	0.006	66318	700	264	264	0	4	97.17	97.17	97.17
juego1	easy	20.0	0.006	66327	700	264	264	0	4	97.14	97.14	97.14
juego1	easy	20.0	0.006	66335	700	264	264	0	4	97.14	97.14	97.14
juego1	easy	20.0	0.006	66343	700	264	264	0	4	97.13	97.13	97.13
juego1	easy	20.0	0.006	66352	700	264	264	0	4	97.08	97.08	97.08
juego1	easy	20.0	0.006	66361	700	264	264	0	4	97.03	97.03	97.03
juego1	easy	20.0	0.006	66369	700	264	265	1	4	96.96	96.96	96.96
juego1	easy	20.0	0.006	66378	700	264	265	1	4	96.91	96.91	96.91
juego1	easy	20.0	0.006	66387	700	264	265	1	4	96.87	96.87	96.87
juego1	easy	20.0	0.006	66395	700	264	265	1	4	96.84	96.84	96.84
juego1	easy	20.0	0.006	66404	700	264	265	1	4	96.82	96.82	96.82
juego1	easy	20.0	0.006	66412	700	265	265	0	4	96.82	96.82	96.82
juego1	easy	20.0	0.006	66421	700	265	265	0	4	96.82	96.82	96.82
juego1	easy	20.0	0.006	66430	700	265	265	0	4	96.8	96.8	96.8
juego1	easy	20.0	0.006	66438	700	265	265	0	4	96.74	96.74	96.74
juego1	easy	20.0	0.006	66447	700	265	266	1	4	96.64	96.64	96.64
juego1	easy	20.0	0.006	66455	700	265	266	1	4	96.59	96.59	96.59
juego1	easy	20.0	0.006	66464	700	265	266	1	4	96.51	96.51	96.51
juego1	easy	20.0	0.006	66472	700	265	266	1	4	96.44	96.44	96.44
juego1	easy	20.0	0.006	66481	700	265	266	1	4	96.42	96.42	96.42
juego1	easy	20.0	0.006	66490	700	265	266	1	4	96.4	96.4	96.4
juego1	easy	20.0	0.006	66498	700	266	266	0	4	96.38	96.38	96.38
juego1	easy	20.0	0.006	66507	700	266	266	0	4	96.36	96.36	96.36
juego1	easy	20.0	0.006	66514	700	266	266	0	4	96.34	96.34	96.34
juego1	easy	20.0	0.006	66523	700	266	266	0	4	96.31	96.31	96.31
juego1	easy	20.0	0.006	66530	700	266	267	1	4	96.29	96.29	96.29
juego1	easy	20.0	0.006	66539	700	266	267	1	4	96.27	96.27	96.27
juego1	easy	20.0	0.006	66546	700	266	267	1	4	96.27	96.27	96.27
juego1	easy	20.0	0.006	66554	700	266	267	1	4	96.25	96.25	96.25
juego1	easy	20.0	0.006	66563	700	266	267	1	4	96.21	96.21	96.21
juego1	easy	20.0	0.006	66572	700	267	267	0	4	96.18	96.18	96.18
juego1	easy	20.0	0.006	66579	700	267	267	0	4	96.16	96.16	96.16
juego1	easy	20.0	0.006	66588	700	267	267	0	4	96.15	96.15	96.15
juego1	easy	20.0	0.006	66596	700	267	267	0	4	96.16	96.16	96.16
juego1	easy	20.0	0.006	66604	700	267	267	0	4	96.14	96.14	96.14
juego1	easy	20.0	0.006	66613	700	267	267	0	4	96.08	96.08	96.08
juego1	easy	20.0	0.006	66621	700	267	267	0	4	96.04	96.04	96.04
juego1	easy	20.0	0.006	66630	700	267	267	0	4	96.03	96.03	96.03
juego1	easy	20.0	0.006	66638	700	267	267	0	4	96.05	96.05	96.05
juego1	easy	20.0	0.006	66646	700	268	267	-1	4	96.05	96.05	96.05
juego1	easy	20.0	0.006	66654	700	268	267	-1	4	96.02	96.02	96.02
juego1	easy	20.0	0.006	66663	700	268	267	-1	4	96.0	96.0	96.0
juego1	easy	20.0	0.006	66672	700	268	267	-1	4	96.0	96.0	96.0
juego1	easy	20.0	0.006	66680	700	268	267	-1	4	95.99	95.99	95.99
juego1	easy	20.0	0.006	66688	700	268	267	-1	4	95.99	95.99	95.99
juego1	easy	20.0	0.006	66697	700	268	267	-1	4	95.99	95.99	95.99
juego1	easy	20.0	0.006	66705	700	268	267	-1	4	95.97	95.97	95.97
juego1	easy	20.0	0.006	66714	700	268	268	0	4	95.94	95.94	95.94
juego1	easy	20.0	0.006	66723	700	269	268	-1	4	95.9	95.9	95.9
juego1	easy	20.0	0.006	66731	700	269	268	-1	4	95.88	95.88	95.88
juego1	easy	20.0	0.006	66739	700	269	268	-1	4	95.85	95.85	95.85
juego1	easy	20.0	0.006	66748	700	269	268	-1	4	95.83	95.83	95.83
juego1	easy	20.0	0.006	66756	700	269	268	-1	4	95.82	95.82	95.82
juego1	easy	20.0	0.006	66764	700	269	268	-1	4	95.81	95.81	95.81
juego1	easy	20.0	0.006	66773	700	269	268	-1	4	95.8	95.8	95.8
juego1	easy	20.0	0.006	66781	700	269	268	-1	4	95.79	95.79	95.79
juego1	easy	20.0	0.006	66789	700	270	268	-2	4	95.75	95.75	95.75
juego1	easy	20.0	0.006	66798	700	270	268	-2	4	95.7	95.7	95.7
juego1	easy	20.0	0.006	66806	700	270	268	-2	4	95.67	95.67	95.67
juego1	easy	20.0	0.006	66814	700	270	269	-1	4	95.62	95.62	95.62
juego1	easy	20.0	0.006	66823	700	270	269	-1	4	95.59	95.59	95.59
juego1	easy	20.0	0.006	66831	700	270	269	-1	4	95.58	95.58	95.58
juego1	easy	20.0	0.006	66839	700	270	269	-1	4	95.54	95.54	95.54
juego1	easy	20.0	0.006	66848	700	271	269	-2	4	95.51	95.51	95.51
juego1	easy	20.0	0.006	66856	700	271	269	-2	4	95.5	95.5	95.5
juego1	easy	20.0	0.006	66865	700	271	269	-2	4	95.51	95.51	95.51
juego1	easy	20.0	0.006	66873	700	271	269	-2	4	95.52	95.52	95.52
juego1	easy	20.0	0.006	66882	700	271	269	-2	4	95.52	95.52	95.52
juego1	easy	20.0	0.006	66890	700	271	269	-2	4	95.49	95.49	95.49
juego1	easy	20.0	0.006	66899	700	271	269	-2	4	95.44	95.44	95.44
juego1	easy	20.0	0.006	66908	700	271	269	-2	4	95.38	95.38	95.38
juego1	easy	20.0	0.006	66915	700	272	269	-3	4	95.36	95.36	95.36
juego1	easy	20.0	0.006	66924	700	272	269	-3	4	95.3	95.3	95.3
juego1	easy	20.0	0.006	66931	700	272	270	-2	4	95.27	95.27	95.27
juego1	easy	20.0	0.006	66939	700	272	270	-2	4	95.22	95.22	95.22
juego1	easy	20.0	0.006	66948	700	272	270	-2	4	95.17	95.17	95.17
juego1	easy	20.0	0.006	66957	700	272	270	-2	4	95.14	95.14	95.14
juego1	easy	20.0	0.006	66965	700	272	270	-2	4	95.1	95.1	95.1
juego1	easy	20.0	0.006	66974	700	273	270	-3	4	95.08	95.08	95.08
juego1	easy	20.0	0.006	66983	700	273	270	-3	4	95.06	95.06	95.06
juego1	easy	20.0	0.006	66990	700	273	270	-3	4	95.04	95.04	95.04
juego1	easy	20.0	0.006	66999	700	273	270	-3	4	95.01	95.01	95.01
juego1	easy	20.0	0.006	67007	700	273	270	-3	4	95.0	95.0	95.0
juego1	easy	20.0	0.006	67015	700	273	270	-3	4	94.96	94.96	94.96
juego1	easy	20.0	0.006	67024	700	273	271	-2	4	94.91	94.91	94.91
juego1	easy	20.0	0.006	67033	700	274	271	-3	4	94.85	94.85	94.85
juego1	easy	20.0	0.006	67040	700	274	271	-3	4	94.81	94.81	94.81
juego1	easy	20.0	0.006	67049	700	274	271	-3	4	94.76	94.76	94.76
juego1	easy	20.0	0.006	67058	700	274	271	-3	4	94.73	94.73	94.73
juego1	easy	20.0	0.006	67066	700	274	271	-3	4	94.66	94.66	94.66
juego1	easy	20.0	0.006	67074	700	274	272	-2	4	94.54	94.54	94.54
juego1	easy	20.0	0.006	67083	700	274	272	-2	4	94.48	94.48	94.48
juego1	easy	20.0	0.006	67091	700	275	272	-3	4	94.37	94.37	94.37
juego1	easy	20.0	0.006	67100	700	275	272	-3	4	94.3	94.3	94.3
juego1	easy	20.0	0.006	67109	700	275	273	-2	4	94.24	94.24	94.24
juego1	easy	20.0	0.006	67117	700	275	273	-2	4	94.2	94.2	94.2
juego1	easy	20.0	0.006	67125	700	275	273	-2	4	94.1	94.1	94.1
juego1	easy	20.0	0.006	67134	700	275	273	-2	4	94.02	94.02	94.02
juego1	easy	20.0	0.006	67143	700	275	273	-2	4	94.0	94.0	94.0
juego1	easy	20.0	0.006	67152	700	276	273	-3	4	93.96	93.96	93.96
juego1	easy	20.0	0.006	67160	700	276	274	-2	4	93.88	93.88	93.88
juego1	easy	20.0	0.006	67169	700	276	274	-2	4	93.76	93.76	93.76
juego1	easy	20.0	0.006	67177	700	276	274	-2	4	93.69	93.69	93.69
juego1	easy	20.0	0.006	67186	700	276	275	-1	4	93.56	93.56	93.56
juego1	easy	20.0	0.006	67194	700	276	275	-1	4	93.44	93.44	93.44
juego1	easy	20.0	0.006	67203	700	277	275	-2	4	93.4	93.4	93.4
juego1	easy	20.0	0.006	67211	700	277	275	-2	4	93.38	93.38	93.38
juego1	easy	20.0	0.006	67220	700	277	275	-2	4	93.38	93.38	93.38
juego1	easy	20.0	0.006	67229	700	277	275	-2	4	93.32	93.32	93.32
juego1	easy	20.0	0.006	67237	700	277	275	-2	4	93.28	93.28	93.28
juego1	easy	20.0	0.006	67245	700	277	276	-1	4	93.17	93.17	93.17
juego1	easy	20.0	0.006	67254	700	277	276	-1	4	93.07	93.07	93.07
juego1	easy	20.0	0.006	67261	700	278	276	-2	4	93.02	93.02	93.02
juego1	easy	20.0	0.006	67270	700	278	276	-2	4	92.96	92.96	92.96
juego1	easy	20.0	0.006	67277	700	278	276	-2	4	92.94	92.94	92.94
juego1	easy	20.0	0.006	67286	700	278	277	-1	4	92.88	92.88	92.88
juego1	easy	20.0	0.006	67293	700	278	277	-1	4	92.85	92.85	92.85
juego1	easy	20.0	0.006	67302	700	278	277	-1	4	92.82	92.82	92.82
juego1	easy	20.0	0.006	67310	700	279	277	-2	4	92.78	92.78	92.78
juego1	easy	20.0	0.006	67319	700	279	277	-2	4	92.74	92.74	92.74
juego1	easy	20.0	0.006	67328	700	279	277	-2	4	92.71	92.71	92.71
juego1	easy	20.0	0.006	67337	700	279	278	-1	4	92.59	92.59	92.59
juego1	easy	20.0	0.006	67346	700	279	278	-1	4	92.44	92.44	92.44
juego1	easy	20.0	0.006	67354	700	279	278	-1	4	92.3	92.3	92.3
juego1	easy	20.0	0.006	67363	700	279	279	0	4	92.24	92.24	92.24
juego1	easy	20.0	0.006	67371	700	280	279	-1	4	92.11	92.11	92.11
juego1	easy	20.0	0.006	67379	700	280	279	-1	4	92.0	92.0	92.0
juego1	easy	20.0	0.006	67388	700	280	279	-1	4	91.94	91.94	91.94
juego1	easy	20.0	0.006	67397	700	280	280	0	4	91.84	91.84	91.84
juego1	easy	20.0	0.006	67405	700	280	280	0	4	91.77	91.77	91.77
juego1	easy	20.0	0.006	67414	700	280	280	0	4	91.71	91.71	91.71
juego1	easy	20.0	0.006	67423	700	281	280	-1	4	91.67	91.67	91.67
juego1	easy	20.0	0.006	67431	700	281	281	0	4	91.58	91.58	91.58
juego1	easy	20.0	0.006	67440	700	281	281	0	4	91.48	91.48	91.48
juego1	easy	20.0	0.006	67448	700	281	281	0	4	91.42	91.42	91.42
juego1	easy	20.0	0.006	67457	700	281	281	0	4	91.31	91.31	91.31
juego1	easy	20.0	0.006	67466	700	281	282	1	4	91.21	91.21	91.21
juego1	easy	20.0	0.006	67473	700	282	282	0	4	91.16	91.16	91.16
juego1	easy	20.0	0.006	67481	700	282	282	0	4	91.08	91.08	91.08
juego1	easy	20.0	0.006	67490	700	282	282	0	4	91.02	91.02	91.02
juego1	easy	20.0	0.006	67498	700	282	282	0	4	90.99	90.99	90.99
juego1	easy	20.0	0.006	67506	700	282	282	0	4	90.97	90.97	90.97
juego1	easy	20.0	0.006	67515	700	282	282	0	4	90.92	90.92	90.92
juego1	easy	20.0	0.006	67524	700	283	283	0	4	90.89	90.89	90.89
juego1	easy	20.0	0.006	67531	700	283	283	0	4	90.82	90.82	90.82
juego1	easy	20.0	0.006	67540	700	283	283	0	4	90.74	90.74	90.74
juego1	easy	20.0	0.006	67548	700	283	283	0	4	90.69	90.69	90.69
juego1	easy	20.0	0.006	67556	700	283	283	0	4	90.6	90.6	90.6
juego1	easy	20.0	0.006	67565	700	283	284	1	4	90.51	90.51	90.51
juego1	easy	20.0	0.006	67574	700	283	284	1	4	90.48	90.48	90.48
juego1	easy	20.0	0.006	67582	700	284	284	0	4	90.45	90.45	90.45
juego1	easy	20.0	0.006	67590	700	284	284	0	4	90.43	90.43	90.43
juego1	easy	20.0	0.006	67599	700	284	284	0	4	90.42	90.42	90.42
juego1	easy	20.0	0.006	67608	700	284	284	0	4	90.39	90.39	90.39
juego1	easy	20.0	0.006	67616	700	284	284	0	4	90.34	90.34	90.34
juego1	easy	20.0	0.006	67624	700	284	284	0	4	90.25	90.25	90.25
juego1	easy	20.0	0.006	67633	700	285	285	0	4	90.21	90.21	90.21
juego1	easy	20.0	0.006	67642	700	285	285	0	4	90.13	90.13	90.13
juego1	easy	20.0	0.006	67650	700	285	285	0	4	90.05	90.05	90.05
juego1	easy	20.0	0.006	67659	700	285	285	0	4	89.98	89.98	89.98
juego1	easy	20.0	0.006	67667	700	285	285	0	4	89.96	89.96	89.96
juego1	easy	20.0	0.006	67676	700	285	285	0	4	89.92	89.92	89.92
juego1	easy	20.0	0.006	67685	700	286	285	-1	4	89.91	89.91	89.91
juego1	easy	20.0	0.006	67692	700	286	285	-1	4	89.91	89.91	89.91
juego1	easy	20.0	0.006	67701	700	286	286	0	4	89.86	89.86	89.86
juego1	easy	20.0	0.006	67709	700	286	286	0	4	89.81	89.81	89.81
juego1	easy	20.0	0.006	67718	700	286	286	0	4	89.69	89.69	89.69
juego1	easy	20.0	0.006	67726	700	286	286	0	4	89.57	89.57	89.57
juego1	easy	20.0	0.006	67736	700	287	287	0	4	89.47	89.47	89.47
juego1	easy	20.0	0.006	67744	700	287	287	0	4	89.43	89.43	89.43
juego1	easy	20.0	0.006	67753	700	287	287	0	4	89.36	89.36	89.36
juego1	easy	20.0	0.006	67761	700	287	287	0	4	89.3	89.3	89.3
juego1	easy	20.0	0.006	67771	700	287	287	0	4	89.23	89.23	89.23
juego1	easy	20.0	0.006	67779	700	288	288	0	4	89.2	89.2	89.2
juego1	easy	20.0	0.006	67788	700	288	288	0	4	89.14	89.14	89.14
juego1	easy	20.0	0.006	67796	700	288	288	0	4	89.07	89.07	89.07
juego1	easy	20.0	0.006	67805	700	288	288	0	4	88.97	88.97	88.97
juego1	easy	20.0	0.006	67814	700	288	288	0	4	88.92	88.92	88.92
juego1	easy	20.0	0.006	67823	700	289	289	0	4	88.83	88.83	88.83
juego1	easy	20.0	0.006	67831	700	289	289	0	4	88.76	88.76	88.76
juego1	easy	20.0	0.006	67840	700	289	289	0	4	88.71	88.71	88.71
juego1	easy	20.0	0.006	67849	700	289	289	0	4	88.69	88.69	88.69
juego1	easy	20.0	0.006	67856	700	289	289	0	4	88.65	88.65	88.65
juego1	easy	20.0	0.006	67865	700	290	289	-1	4	88.61	88.61	88.61
juego1	easy	20.0	0.006	67873	700	290	289	-1	4	88.58	88.58	88.58
juego1	easy	20.0	0.006	67882	700	290	290	0	4	88.53	88.53	88.53
juego1	easy	20.0	0.006	67890	700	290	290	0	4	88.5	88.5	88.5
juego1	easy	20.0	0.006	67899	700	290	290	0	4	88.5	88.5	88.5
juego1	easy	20.0	0.006	67907	700	291	290	-1	4	88.49	88.49	88.49
juego1	easy	20.0	0.006	67916	700	291	290	-1	4	88.46	88.46	88.46
juego1	easy	20.0	0.006	67924	700	291	290	-1	4	88.43	88.43	88.43
juego1	easy	20.0	0.006	67932	700	291	290	-1	4	88.33	88.33	88.33
juego1	easy	20.0	0.006	67941	700	291	290	-1	4	88.23	88.23	88.23
juego1	easy	20.0	0.006	67949	700	291	291	0	4	88.2	88.2	88.2
juego1	easy	20.0	0.006	67958	700	292	291	-1	4	88.15	88.15	88.15
juego1	easy	20.0	0.006	67967	700	292	291	-1	4	88.09	88.09	88.09
juego1	easy	20.0	0.006	67975	700	292	291	-1	4	88.0	88.0	88.0
juego1	easy	20.0	0.006	67984	700	292	291	-1	4	87.95	87.95	87.95
juego1	easy	20.0	0.006	67992	700	292	292	0	4	87.87	87.87	87.87
juego1	easy	20.0	0.006	68001	700	293	292	-1	4	87.81	87.81	87.81
juego1	easy	20.0	0.006	68009	700	293	292	-1	4	87.79	87.79	87.79
juego1	easy	20.0	0.006	68017	700	293	292	-1	4	87.72	87.72	87.72
juego1	easy	20.0	0.006	68026	700	293	292	-1	4	87.66	87.66	87.66
juego1	easy	20.0	0.006	68034	700	293	292	-1	4	87.62	87.62	87.62
juego1	easy	20.0	0.006	68042	700	294	292	-2	4	87.55	87.55	87.55
juego1	easy	20.0	0.006	68051	700	294	293	-1	4	87.46	87.46	87.46
juego1	easy	20.0	0.006	68059	700	294	293	-1	4	87.42	87.42	87.42
juego1	easy	20.0	0.006	68067	700	294	293	-1	4	87.34	87.34	87.34
juego1	easy	20.0	0.006	68077	700	294	293	-1	4	87.27	87.27	87.27
juego1	easy	20.0	0.006	68085	700	295	293	-2	4	87.25	87.25	87.25
juego1	easy	20.0	0.006	68094	700	295	293	-2	4	87.2	87.2	87.2
juego1	easy	20.0	0.006	68102	700	295	294	-1	4	87.09	87.09	87.09
juego1	easy	20.0	0.006	68111	700	295	294	-1	4	86.99	86.99	86.99
juego1	easy	20.0	0.006	68121	700	295	294	-1	4	86.93	86.93	86.93
juego1	easy	20.0	0.006	68129	700	296	294	-2	4	86.91	86.91	86.91
juego1	easy	20.0	0.006	68137	700	296	294	-2	4	86.87	86.87	86.87
juego1	easy	20.0	0.006	68146	700	296	295	-1	4	86.8	86.8	86.8
juego1	easy	20.0	0.006	68155	700	296	295	-1	4	86.73	86.73	86.73
juego1	easy	20.0	0.006	68164	700	296	295	-1	4	86.7	86.7	86.7
juego1	easy	20.0	0.006	68172	700	296	295	-1	4	86.63	86.63	86.63
juego1	easy	20.0	0.006	68181	700	297	295	-2	4	86.55	86.55	86.55
juego1	easy	20.0	0.006	68189	700	297	296	-1	4	86.5	86.5	86.5
juego1	easy	20.0	0.006	68198	700	297	296	-1	4	86.4	86.4	86.4
juego1	easy	20.0	0.006	68206	700	297	296	-1	4	86.3	86.3	86.3
juego1	easy	20.0	0.006	68215	700	297	296	-1	4	86.27	86.27	86.27
juego1	easy	20.0	0.006	68224	700	298	296	-2	4	86.21	86.21	86.21
juego1	easy	20.0	0.006	68233	700	298	297	-1	4	86.18	86.18	86.18
juego1	easy	20.0	0.006	68241	700	298	297	-1	4	86.15	86.15	86.15
juego1	easy	20.0	0.006	68250	700	298	297	-1	4	86.13	86.13	86.13
juego1	easy	20.0	0.006	68258	700	298	297	-1	4	86.07	86.07	86.07
juego1	easy	20.0	0.006	68266	700	298	297	-1	4	86.0	86.0	86.0
juego1	easy	20.0	0.006	68275	700	299	297	-2	4	85.97	85.97	85.97
juego1	easy	20.0	0.006	68282	700	299	297	-2	4	85.92	85.92	85.92
juego1	easy	20.0	0.006	68291	700	299	297	-2	4	85.85	85.85	85.85
juego1	easy	20.0	0.006	68299	700	299	298	-1	4	85.82	85.82	85.82
juego1	easy	20.0	0.006	68308	700	299	298	-1	4	85.73	85.73	85.73
juego1	easy	20.0	0.006	68315	700	300	298	-2	4	85.7	85.7	85.7
juego1	easy	20.0	0.006	68323	700	300	298	-2	4	85.62	85.62	85.62
juego1	easy	20.0	0.006	68332	700	300	298	-2	4	85.57	85.57	85.57
juego1	easy	20.0	0.006	68340	700	300	298	-2	4	85.55	85.55	85.55
juego1	easy	20.0	0.006	68348	700	300	298	-2	4	85.54	85.54	85.54
juego1	easy	20.0	0.006	68357	700	300	299	-1	4	85.47	85.47	85.47
juego1	easy	20.0	0.006	68366	700	300	299	-1	4	85.39	85.39	85.39
juego1	easy	20.0	0.006	68374	700	300	299	-1	4	85.35	85.35	85.35
juego1	easy	20.0	0.006	68383	700	300	299	-1	4	85.31	85.31	85.31
juego1	easy	20.0	0.006	68391	700	300	299	-1	4	85.28	85.28	85.28
juego1	easy	20.0	0.006	68400	700	300	299	-1	4	85.28	85.28	85.28
juego1	easy	20.0	0.006	68408	700	301	299	-2	4	85.25	85.25	85.25
juego1	easy	20.0	0.006	68417	700	301	299	-2	4	85.19	85.19	85.19
juego1	easy	20.0	0.006	68426	700	301	300	-1	4	85.11	85.11	85.11
juego1	easy	20.0	0.006	68434	700	301	300	-1	4	85.05	85.05	85.05
juego1	easy	20.0	0.006	68442	700	301	300	-1	4	84.94	84.94	84.94
juego1	easy	20.0	0.006	68451	700	301	300	-1	4	84.86	84.86	84.86
juego1	easy	20.0	0.006	68460	700	302	300	-2	4	84.85	84.85	84.85
juego1	easy	20.0	0.006	68468	700	302	300	-2	4	84.82	84.82	84.82
juego1	easy	20.0	0.006	68477	700	302	300	-2	4	84.73	84.73	84.73
juego1	easy	20.0	0.006	68485	700	302	300	-2	4	84.7	84.7	84.7
juego1	easy	20.0	0.006	68493	700	302	300	-2	4	84.61	84.61	84.61
juego1	easy	20.0	0.006	68502	700	302	300	-2	4	84.56	84.56	84.56
juego1	easy	20.0	0.006	68511	700	303	300	-3	4	84.55	84.55	84.55
juego1	easy	20.0	0.006	68519	700	303	300	-3	4	84.51	84.51	84.51
juego1	easy	20.0	0.006	68527	700	303	301	-2	4	84.46	84.46	84.46
juego1	easy	20.0	0.006	68536	700	303	301	-2	4	84.42	84.42	84.42
juego1	easy	20.0	0.006	68544	700	303	301	-2	4	84.35	84.35	84.35
juego1	easy	20.0	0.006	68553	700	303	301	-2	4	84.29	84.29	84.29
juego1	easy	20.0	0.006	68561	700	304	301	-3	4	84.27	84.27	84.27
juego1	easy	20.0	0.006	68569	700	304	301	-3	4	84.24	84.24	84.24
juego1	easy	20.0	0.006	68578	700	304	301	-3	4	84.19	84.19	84.19
juego1	easy	20.0	0.006	68586	700	304	302	-2	4	84.1	84.1	84.1
juego1	easy	20.0	0.006	68595	700	304	302	-2	4	84.06	84.06	84.06
juego1	easy	20.0	0.006	68603	700	304	302	-2	4	83.99	83.99	83.99
juego1	easy	20.0	0.006	68612	700	305	302	-3	4	83.96	83.96	83.96
juego1	easy	20.0	0.006	68620	700	305	302	-3	4	83.96	83.96	83.96
juego1	easy	20.0	0.006	68629	700	305	302	-3	4	83.94	83.94	83.94
juego1	easy	20.0	0.006	68638	700	305	302	-3	4	83.89	83.89	83.89
juego1	easy	20.0	0.006	68645	700	305	302	-3	4	83.86	83.86	83.86
juego1	easy	20.0	0.006	68654	700	305	303	-2	4	83.79	83.79	83.79
juego1	easy	20.0	0.006	68661	700	306	303	-3	4	83.75	83.75	83.75
juego1	easy	20.0	0.006	68670	700	306	303	-3	4	83.69	83.69	83.69
juego1	easy	20.0	0.006	68678	700	306	303	-3	4	83.66	83.66	83.66
juego1	easy	20.0	0.006	68687	700	306	303	-3	4	83.63	83.63	83.63
juego1	easy	20.0	0.006	68695	700	306	303	-3	4	83.61	83.61	83.61
juego1	easy	20.0	0.006	68703	700	306	303	-3	4	83.56	83.56	83.56
juego1	easy	20.0	0.006	68712	700	306	303	-3	4	83.52	83.52	83.52
juego1	easy	20.0	0.006	68721	700	307	303	-4	4	83.5	83.5	83.5
juego1	easy	20.0	0.006	68730	700	307	304	-3	4	83.45	83.45	83.45
juego1	easy	20.0	0.006	68738	700	307	304	-3	4	83.37	83.37	83.37
juego1	easy	20.0	0.006	68747	700	307	304	-3	4	83.31	83.31	83.31
juego1	easy	20.0	0.006	68756	700	307	304	-3	4	83.29	83.29	83.29
juego1	easy	20.0	0.006	68764	700	307	304	-3	4	83.25	83.25	83.25
juego1	easy	20.0	0.006	68773	700	307	304	-3	4	83.22	83.22	83.22
juego1	easy	20.0	0.006	68781	700	308	304	-4	4	83.21	83.21	83.21
juego1	easy	20.0	0.006	68789	700	308	304	-4	4	83.2	83.2	83.2
juego1	easy	20.0	0.006	68798	700	308	304	-4	4	83.2	83.2	83.2
juego1	easy	20.0	0.006	68806	700	308	304	-4	4	83.19	83.19	83.19
juego1	easy	20.0	0.006	68815	700	308	305	-3	4	83.13	83.13	83.13
juego1	easy	20.0	0.006	68823	700	308	305	-3	4	83.06	83.06	83.06
juego1	easy	20.0	0.006	68832	700	308	305	-3	4	82.98	82.98	82.98
juego1	easy	20.0	0.006	68840	700	309	305	-4	4	82.95	82.95	82.95
juego1	easy	20.0	0.006	68849	700	309	305	-4	4	82.89	82.89	82.89
juego1	easy	20.0	0.006	68858	700	309	305	-4	4	82.85	82.85	82.85
juego1	easy	20.0	0.006	68866	700	309	305	-4	4	82.83	82.83	82.83
juego1	easy	20.0	0.006	68874	700	309	306	-3	4	82.79	82.79	82.79
juego1	easy	20.0	0.006	68883	700	309	306	-3	4	82.75	82.75	82.75
juego1	easy	20.0	0.006	68891	700	309	306	-3	4	82.72	82.72	82.72
juego1	easy	20.0	0.006	68900	700	310	306	-4	4	82.64	82.64	82.64
juego1	easy	20.0	0.006	68909	700	310	306	-4	4	82.55	82.55	82.55
juego1	easy	20.0	0.006	68917	700	310	306	-4	4	82.51	82.51	82.51
juego1	easy	20.0	0.006	68926	700	310	306	-4	4	82.5	82.5	82.5
juego1	easy	20.0	0.006	68934	700	310	307	-3	4	82.45	82.45	82.45
juego1	easy	20.0	0.006	68943	700	310	307	-3	4	82.37	82.37	82.37
juego1	easy	20.0	0.006	68951	700	310	307	-3	4	82.32	82.32	82.32
juego1	easy	20.0	0.006	68960	700	310	307	-3	4	82.21	82.21	82.21
juego1	easy	20.0	0.006	68968	700	311	307	-4	4	82.14	82.14	82.14
juego1	easy	20.0	0.006	68977	700	311	308	-3	4	82.05	82.05	82.05
juego1	easy	20.0	0.006	68985	700	311	308	-3	4	82.0	82.0	82.0
juego1	easy	20.0	0.006	68994	700	311	308	-3	4	81.87	81.87	81.87
juego1	easy	20.0	0.006	69003	700	311	309	-2	4	81.73	81.73	81.73
juego1	easy	20.0	0.006	69010	700	311	309	-2	4	81.66	81.66	81.66
juego1	easy	20.0	0.006	69019	700	311	309	-2	4	81.52	81.52	81.52
juego1	easy	20.0	0.006	69027	700	311	310	-1	4	81.45	81.45	81.45
juego1	easy	20.0	0.006	69035	700	312	310	-2	4	81.29	81.29	81.29
juego1	easy	20.0	0.006	69044	700	312	310	-2	4	81.17	81.17	81.17
juego1	easy	20.0	0.006	69053	700	312	311	-1	4	81.05	81.05	81.05
juego1	easy	20.0	0.006	69060	700	312	311	-1	4	80.98	80.98	80.98
juego1	easy	20.0	0.006	69068	700	312	311	-1	4	80.85	80.85	80.85
juego1	easy	20.0	0.006	69077	700	312	312	0	4	80.78	80.78	80.78
juego1	easy	20.0	0.006	69085	700	312	312	0	4	80.61	80.61	80.61
juego1	easy	20.0	0.006	69093	700	312	313	1	4	80.33	80.33	80.33
juego1	easy	20.0	0.006	69101	700	313	313	0	4	80.19	80.19	80.19
juego1	easy	20.0	0.006	69110	700	313	314	1	4	79.92	79.92	79.92
juego1	easy	20.0	0.006	69118	700	313	315	2	4	79.68	79.68	79.68
juego1	easy	20.0	0.006	69127	700	313	315	2	4	79.58	79.58	79.58
juego1	easy	20.0	0.006	69135	700	313	316	3	4	79.4	79.4	79.4
juego1	easy	20.0	0.006	69144	700	313	316	3	4	79.31	79.31	79.31
juego1	easy	20.0	0.006	69152	700	313	316	3	4	79.21	79.21	79.21
juego1	easy	20.0	0.006	69161	700	313	317	4	4	78.91	78.91	78.91
juego1	easy	20.0	0.006	69169	700	313	318	5	4	78.66	78.66	78.66
juego1	easy	20.0	0.006	69178	700	313	319	6	4	78.39	78.39	78.39
juego1	easy	20.0	0.006	69186	700	314	319	5	4	78.24	78.24	78.24
juego1	easy	20.0	0.006	69194	700	314	320	6	4	77.96	77.96	77.96
juego1	easy	20.0	0.006	69203	700	314	320	6	4	77.85	77.85	77.85
juego1	easy	20.0	0.006	69212	700	314	321	7	4	77.75	77.75	77.75
juego1	easy	20.0	0.006	69220	700	314	320	6	4	77.79	77.79	77.79
juego1	easy	20.0	0.006	69228	700	314	320	6	4	77.81	77.81	77.81
juego1	easy	20.0	0.006	69237	700	314	320	6	4	77.8	77.8	77.8
juego1	easy	20.0	0.006	69246	700	314	321	7	4	77.69	77.69	77.69
juego1	easy	20.0	0.006	69255	700	314	321	7	4	77.55	77.55	77.55
juego1	easy	20.0	0.006	69263	700	314	321	7	4	77.46	77.46	77.46
juego1	easy	20.0	0.006	69272	700	315	322	7	4	77.41	77.41	77.41
juego1	easy	20.0	0.006	69280	700	315	322	7	4	77.28	77.28	77.28
juego1	easy	20.0	0.006	69289	700	315	322	7	4	77.11	77.11	77.11
juego1	easy	20.0	0.006	69297	700	315	323	8	4	77.06	77.06	77.06
juego1	easy	20.0	0.006	69306	700	315	323	8	4	77.03	77.03	77.03
juego1	easy	20.0	0.006	69315	700	315	323	8	4	77.02	77.02	77.02
juego1	easy	20.0	0.006	69323	700	315	323	8	4	77.01	77.01	77.01
juego1	easy	20.0	0.006	69332	700	315	323	8	4	77.0	77.0	77.0
juego1	easy	20.0	0.006	69340	700	315	323	8	4	76.99	76.99	76.99
juego1	easy	20.0	0.006	69349	700	315	323	8	4	76.99	76.99	76.99
juego1	easy	20.0	0.006	69357	700	315	323	8	4	76.97	76.97	76.97
juego1	easy	20.0	0.006	69366	700	315	323	8	4	76.94	76.94	76.94
juego1	easy	20.0	0.006	69374	700	316	323	7	4	76.91	76.91	76.91
juego1	easy	20.0	0.006	69383	700	316	323	7	4	76.91	76.91	76.91
juego1	easy	20.0	0.006	69391	700	316	323	7	4	76.93	76.93	76.93
juego1	easy	20.0	0.006	69400	700	316	323	7	4	76.97	76.97	76.97
juego1	easy	20.0	0.006	69408	700	316	323	7	4	77.01	77.01	77.01
juego1	easy	20.0	0.006	69417	700	316	323	7	4	77.07	77.07	77.07
juego1	easy	20.0	0.006	69425	700	316	322	6	4	77.14	77.14	77.14
juego1	easy	20.0	0.006	69434	700	316	322	6	4	77.19	77.19	77.19
juego1	easy	20.0	0.006	69442	700	316	322	6	4	77.22	77.22	77.22
juego1	easy	20.0	0.006	69451	700	316	322	6	4	77.24	77.24	77.24
juego1	easy	20.0	0.006	69460	700	316	322	6	4	77.18	77.18	77.18
juego1	easy	20.0	0.006	69469	700	316	322	6	4	77.11	77.11	77.11
juego1	easy	20.0	0.006	69478	700	316	322	6	4	77.08	77.08	77.08
juego1	easy	20.0	0.006	69487	700	317	323	6	4	77.03	77.03	77.03
juego1	easy	20.0	0.006	69495	700	317	323	6	4	77.03	77.03	77.03
juego1	easy	20.0	0.006	69504	700	317	323	6	4	77.05	77.05	77.05
juego1	easy	20.0	0.006	69512	700	317	323	6	4	77.06	77.06	77.06
juego1	easy	20.0	0.006	69521	700	317	323	6	4	77.06	77.06	77.06
juego1	easy	20.0	0.006	69529	700	317	323	6	4	77.06	77.06	77.06
juego1	easy	20.0	0.006	69538	700	317	323	6	4	77.06	77.06	77.06
juego1	easy	20.0	0.006	69547	700	317	323	6	4	77.07	77.07	77.07
juego1	easy	20.0	0.006	69555	700	317	323	6	4	77.04	77.04	77.04
juego1	easy	20.0	0.006	69564	700	317	323	6	4	77.04	77.04	77.04
juego1	easy	20.0	0.006	69572	700	317	323	6	4	77.06	77.06	77.06
juego1	easy	20.0	0.006	69580	700	317	322	5	4	77.13	77.13	77.13
juego1	easy	20.0	0.006	69588	700	317	322	5	4	77.18	77.18	77.18
juego1	easy	20.0	0.006	69596	700	317	322	5	4	77.29	77.29	77.29
juego1	easy	20.0	0.006	69605	700	317	322	5	4	77.38	77.38	77.38
juego1	easy	20.0	0.006	69613	700	317	322	5	4	77.41	77.41	77.41
juego1	easy	20.0	0.006	69621	700	317	322	5	4	77.4	77.4	77.4
juego1	easy	20.0	0.006	69630	700	317	322	5	4	77.37	77.37	77.37
juego1	easy	20.0	0.006	69638	700	317	322	5	4	77.35	77.35	77.35
juego1	easy	20.0	0.006	69647	700	318	322	4	4	77.34	77.34	77.34
juego1	easy	20.0	0.006	69655	700	318	322	4	4	77.32	77.32	77.32
juego1	easy	20.0	0.006	69664	700	318	322	4	4	77.31	77.31	77.31
juego1	easy	20.0	0.006	69673	700	318	322	4	4	77.3	77.3	77.3
juego1	easy	20.0	0.006	69681	700	318	322	4	4	77.3	77.3	77.3
juego1	easy	20.0	0.006	69690	700	318	322	4	4	77.31	77.31	77.31
juego1	easy	20.0	0.006	69698	700	318	322	4	4	77.31	77.31	77.31
juego1	easy	20.0	0.006	69707	700	318	322	4	4	77.32	77.32	77.32
juego1	easy	20.0	0.006	69716	700	318	322	4	4	77.32	77.32	77.32
juego1	easy	20.0	0.006	69724	700	318	322	4	4	77.35	77.35	77.35
juego1	easy	20.0	0.006	69733	700	318	322	4	4	77.37	77.37	77.37
juego1	easy	20.0	0.006	69741	700	318	321	3	4	77.42	77.42	77.42
juego1	easy	20.0	0.006	69750	700	318	321	3	4	77.46	77.46	77.46
juego1	easy	20.0	0.006	69760	700	318	321	3	4	77.48	77.48	77.48
juego1	easy	20.0	0.006	69767	700	318	321	3	4	77.49	77.49	77.49
juego1	easy	20.0	0.006	69775	700	318	321	3	4	77.52	77.52	77.52
juego1	easy	20.0	0.006	69784	700	318	321	3	4	77.54	77.54	77.54
juego1	easy	20.0	0.006	69793	700	318	321	3	4	77.57	77.57	77.57
juego1	easy	20.0	0.006	69801	700	318	321	3	4	77.59	77.59	77.59
juego1	easy	20.0	0.006	69810	700	318	321	3	4	77.6	77.6	77.6
juego1	easy	20.0	0.006	69818	700	318	321	3	4	77.62	77.62	77.62
juego1	easy	20.0	0.006	69826	700	318	321	3	4	77.65	77.65	77.65
juego1	easy	20.0	0.006	69835	700	318	321	3	4	77.66	77.66	77.66
juego1	easy	20.0	0.006	69843	700	318	321	3	4	77.66	77.66	77.66
juego1	easy	20.0	0.006	69852	700	318	321	3	4	77.65	77.65	77.65
juego1	easy	20.0	0.006	69861	700	318	321	3	4	77.66	77.66	77.66
juego1	easy	20.0	0.006	69869	700	318	321	3	4	77.68	77.68	77.68
juego1	easy	20.0	0.006	69878	700	318	321	3	4	77.68	77.68	77.68
juego1	easy	20.0	0.006	69886	700	318	321	3	4	77.69	77.69	77.69
juego1	easy	20.0	0.006	69895	700	318	321	3	4	77.68	77.68	77.68
juego1	easy	20.0	0.006	69903	700	318	321	3	4	77.68	77.68	77.68
juego1	easy	20.0	0.006	69912	700	318	321	3	4	77.69	77.69	77.69
juego1	easy	20.0	0.006	69920	700	318	321	3	4	77.72	77.72	77.72
juego1	easy	20.0	0.006	69929	700	318	321	3	4	77.74	77.74	77.74
juego1	easy	20.0	0.006	69938	700	318	320	2	4	77.76	77.76	77.76
juego1	easy	20.0	0.006	69946	700	318	320	2	4	77.76	77.76	77.76
juego1	easy	20.0	0.006	69956	700	318	320	2	4	77.78	77.78	77.78
juego1	easy	20.0	0.006	69963	700	318	320	2	4	77.8	77.8	77.8
juego1	easy	20.0	0.006	69972	700	318	320	2	4	77.86	77.86	77.86
juego1	easy	20.0	0.006	69981	700	318	320	2	4	77.96	77.96	77.96
juego1	easy	20.0	0.006	69989	700	318	320	2	4	78.02	78.02	78.02
juego1	easy	20.0	0.006	69997	700	318	319	1	4	78.14	78.14	78.14
juego1	easy	20.0	0.006	70006	700	318	319	1	4	78.2	78.2	78.2
juego1	easy	20.0	0.006	70014	700	318	319	1	4	78.2	78.2	78.2
juego1	easy	20.0	0.006	70022	700	318	319	1	4	78.18	78.18	78.18
juego1	easy	20.0	0.006	70031	700	318	319	1	4	78.15	78.15	78.15
juego1	easy	20.0	0.006	70041	700	318	319	1	4	78.1	78.1	78.1
juego1	easy	20.0	0.006	70049	700	318	320	2	4	78.08	78.08	78.08
juego1	easy	20.0	0.006	70057	700	318	319	1	4	78.09	78.09	78.09
juego1	easy	20.0	0.006	70066	700	318	319	1	4	78.14	78.14	78.14
juego1	easy	20.0	0.006	70074	700	318	319	1	4	78.16	78.16	78.16
juego1	easy	20.0	0.006	70083	700	318	319	1	4	78.22	78.22	78.22
juego1	easy	20.0	0.006	70091	700	318	319	1	4	78.28	78.28	78.28
juego1	easy	20.0	0.006	70101	700	318	319	1	4	78.33	78.33	78.33
juego1	easy	20.0	0.006	70109	700	318	319	1	4	78.36	78.36	78.36
juego1	easy	20.0	0.006	70117	700	318	319	1	4	78.38	78.38	78.38
juego1	easy	20.0	0.006	70126	700	318	319	1	4	78.41	78.41	78.41
juego1	easy	20.0	0.006	70134	700	318	318	0	4	78.43	78.43	78.43
juego1	easy	20.0	0.006	70142	700	318	318	0	4	78.5	78.5	78.5
juego1	easy	20.0	0.006	70151	700	318	318	0	4	78.62	78.62	78.62
juego1	easy	20.0	0.006	70159	700	318	318	0	4	78.68	78.68	78.68
juego1	easy	20.0	0.006	70167	700	318	317	-1	4	78.79	78.79	78.79
juego1	easy	20.0	0.006	70176	700	318	317	-1	4	78.92	78.92	78.92
juego1	easy	20.0	0.006	70184	700	318	317	-1	4	78.98	78.98	78.98
juego1	easy	20.0	0.006	70192	700	318	316	-2	4	79.11	79.11	79.11
juego1	easy	20.0	0.006	70201	700	318	316	-2	4	79.2	79.2	79.2
juego1	easy	20.0	0.006	70209	700	318	316	-2	4	79.2	79.2	79.2
juego1	easy	20.0	0.006	70218	700	318	316	-2	4	79.18	79.18	79.18
juego1	easy	20.0	0.006	70227	700	318	316	-2	4	79.14	79.14	79.14
juego1	easy	20.0	0.006	70236	700	318	316	-2	4	79.1	79.1	79.1
juego1	easy	20.0	0.006	70245	700	318	317	-1	4	79.09	79.09	79.09
juego1	easy	20.0	0.006	70254	700	318	316	-2	4	79.12	79.12	79.12
juego1	easy	20.0	0.006	70262	700	318	316	-2	4	79.15	79.15	79.15
juego1	easy	20.0	0.006	70271	700	318	316	-2	4	79.19	79.19	79.19
juego1	easy	20.0	0.006	70279	700	317	316	-1	4	79.21	79.21	79.21
juego1	easy	20.0	0.006	70288	700	317	316	-1	4	79.25	79.25	79.25
juego1	easy	20.0	0.006	70296	700	317	316	-1	4	79.28	79.28	79.28
juego1	easy	20.0	0.006	70305	700	317	316	-1	4	79.3	79.3	79.3
juego1	easy	20.0	0.006	70314	700	317	316	-1	4	79.31	79.31	79.31
juego1	easy	20.0	0.006	70322	700	317	316	-1	4	79.33	79.33	79.33
juego1	easy	20.0	0.006	70331	700	317	316	-1	4	79.35	79.35	79.35
juego1	easy	20.0	0.006	70339	700	317	316	-1	4	79.36	79.36	79.36
juego1	easy	20.0	0.006	70348	700	317	316	-1	4	79.36	79.36	79.36
juego1	easy	20.0	0.006	70356	700	317	316	-1	4	79.37	79.37	79.37
juego1	easy	20.0	0.006	70365	700	317	316	-1	4	79.37	79.37	79.37
juego1	easy	20.0	0.006	70374	700	317	316	-1	4	79.39	79.39	79.39
juego1	easy	20.0	0.006	70383	700	317	316	-1	4	79.42	79.42	79.42
juego1	easy	20.0	0.006	70391	700	317	315	-2	4	79.45	79.45	79.45
juego1	easy	20.0	0.006	70400	700	317	315	-2	4	79.46	79.46	79.46
juego1	easy	20.0	0.006	70409	700	317	315	-2	4	79.51	79.51	79.51
juego1	easy	20.0	0.006	70417	700	317	315	-2	4	79.58	79.58	79.58
juego1	easy	20.0	0.006	70426	700	317	315	-2	4	79.65	79.65	79.65
juego1	easy	20.0	0.006	70435	700	316	315	-1	4	79.68	79.68	79.68
juego1	easy	20.0	0.006	70443	700	316	315	-1	4	79.75	79.75	79.75
juego1	easy	20.0	0.006	70451	700	316	314	-2	4	79.82	79.82	79.82
juego1	easy	20.0	0.006	70460	700	316	314	-2	4	79.86	79.86	79.86
juego1	easy	20.0	0.006	70469	700	316	314	-2	4	79.95	79.95	79.95
juego1	easy	20.0	0.006	70478	700	316	314	-2	4	80.04	80.04	80.04
juego1	easy	20.0	0.006	70486	700	316	313	-3	4	80.13	80.13	80.13
juego1	easy	20.0	0.006	70495	700	316	313	-3	4	80.17	80.17	80.17
juego1	easy	20.0	0.006	70502	700	316	313	-3	4	80.27	80.27	80.27
juego1	easy	20.0	0.006	70511	700	316	313	-3	4	80.33	80.33	80.33
juego1	easy	20.0	0.006	70518	700	316	312	-4	4	80.49	80.49	80.49
juego1	easy	20.0	0.006	70527	700	316	312	-4	4	80.63	80.63	80.63
juego1	easy	20.0	0.006	70535	700	316	312	-4	4	80.7	80.7	80.7
juego1	easy	20.0	0.006	70543	700	316	311	-5	4	80.81	80.81	80.81
juego1	easy	20.0	0.006	70552	700	315	311	-4	4	80.92	80.92	80.92
juego1	easy	20.0	0.006	70560	700	315	311	-4	4	80.96	80.96	80.96
juego1	easy	20.0	0.006	70568	700	315	311	-4	4	81.04	81.04	81.04
juego1	easy	20.0	0.006	70577	700	315	311	-4	4	81.1	81.1	81.1
juego1	easy	20.0	0.006	70585	700	315	310	-5	4	81.13	81.13	81.13
juego1	easy	20.0	0.006	70593	700	315	310	-5	4	81.18	81.18	81.18
juego1	easy	20.0	0.006	70602	700	315	310	-5	4	81.26	81.26	81.26
juego1	easy	20.0	0.006	70610	700	315	310	-5	4	81.31	81.31	81.31
juego1	easy	20.0	0.006	70619	700	315	310	-5	4	81.42	81.42	81.42
juego1	easy	20.0	0.006	70628	700	315	309	-6	4	81.52	81.52	81.52
juego1	easy	20.0	0.006	70636	700	315	309	-6	4	81.6	81.6	81.6
juego1	easy	20.0	0.006	70645	700	315	309	-6	4	81.63	81.63	81.63
juego1	easy	20.0	0.006	70653	700	314	309	-5	4	81.69	81.69	81.69
juego1	easy	20.0	0.006	70662	700	314	309	-5	4	81.74	81.74	81.74
juego1	easy	20.0	0.006	70670	700	314	309	-5	4	81.77	81.77	81.77
juego1	easy	20.0	0.006	70679	700	314	308	-6	4	81.82	81.82	81.82
juego1	easy	20.0	0.006	70687	700	314	308	-6	4	81.88	81.88	81.88
juego1	easy	20.0	0.006	70696	700	314	308	-6	4	81.91	81.91	81.91
juego1	easy	20.0	0.006	70704	700	314	308	-6	4	81.97	81.97	81.97
juego1	easy	20.0	0.006	70713	700	314	308	-6	4	82.03	82.03	82.03
juego1	easy	20.0	0.006	70722	700	314	308	-6	4	82.08	82.08	82.08
juego1	easy	20.0	0.006	70731	700	314	308	-6	4	82.09	82.09	82.09
juego1	easy	20.0	0.006	70740	700	313	308	-5	4	82.11	82.11	82.11
juego1	easy	20.0	0.006	70748	700	313	308	-5	4	82.11	82.11	82.11
juego1	easy	20.0	0.006	70757	700	313	308	-5	4	82.12	82.12	82.12
juego1	easy	20.0	0.006	70767	700	313	307	-6	4	82.15	82.15	82.15
juego1	easy	20.0	0.006	70774	700	313	307	-6	4	82.16	82.16	82.16
juego1	easy	20.0	0.006	70783	700	313	307	-6	4	82.17	82.17	82.17
juego1	easy	20.0	0.006	70790	700	313	307	-6	4	82.17	82.17	82.17
juego1	easy	20.0	0.006	70799	700	313	307	-6	4	82.14	82.14	82.14
juego1	easy	20.0	0.006	70807	700	313	308	-5	4	82.09	82.09	82.09
juego1	easy	20.0	0.006	70816	700	313	308	-5	4	82.08	82.08	82.08
juego1	easy	20.0	0.006	70825	700	312	308	-4	4	82.03	82.03	82.03
juego1	easy	20.0	0.006	70834	700	312	308	-4	4	82.02	82.02	82.02
juego1	easy	20.0	0.006	70842	700	312	308	-4	4	82.02	82.02	82.02
juego1	easy	20.0	0.006	70851	700	312	308	-4	4	82.01	82.01	82.01
juego1	easy	20.0	0.006	70860	700	312	308	-4	4	82.0	82.0	82.0
juego1	easy	20.0	0.006	70869	700	312	308	-4	4	81.98	81.98	81.98
juego1	easy	20.0	0.006	70877	700	312	308	-4	4	81.97	81.97	81.97
juego1	easy	20.0	0.006	70886	700	312	308	-4	4	81.97	81.97	81.97
juego1	easy	20.0	0.006	70895	700	311	308	-3	4	81.98	81.98	81.98
juego1	easy	20.0	0.006	70903	700	311	308	-3	4	81.98	81.98	81.98
juego1	easy	20.0	0.006	70912	700	311	308	-3	4	81.98	81.98	81.98
juego1	easy	20.0	0.006	70920	700	311	308	-3	4	81.97	81.97	81.97
juego1	easy	20.0	0.006	70929	700	311	308	-3	4	81.96	81.96	81.96
juego1	easy	20.0	0.006	70937	700	311	308	-3	4	81.95	81.95	81.95
juego1	easy	20.0	0.006	70946	700	311	308	-3	4	81.95	81.95	81.95
juego1	easy	20.0	0.006	70955	700	311	308	-3	4	81.97	81.97	81.97
juego1	easy	20.0	0.006	70963	700	310	308	-2	4	82.01	82.01	82.01
juego1	easy	20.0	0.006	70972	700	310	308	-2	4	82.07	82.07	82.07
juego1	easy	20.0	0.006	70979	700	310	308	-2	4	82.09	82.09	82.09
juego1	easy	20.0	0.006	70988	700	310	307	-3	4	82.15	82.15	82.15
juego1	easy	20.0	0.006	70996	700	310	307	-3	4	82.16	82.16	82.16
juego1	easy	20.0	0.006	71004	700	310	307	-3	4	82.16	82.16	82.16
juego1	easy	20.0	0.006	71013	700	310	308	-2	4	82.13	82.13	82.13
juego1	easy	20.0	0.006	71021	700	310	308	-2	4	82.12	82.12	82.12
juego1	easy	20.0	0.006	71029	700	309	308	-1	4	82.1	82.1	82.1
juego1	easy	20.0	0.006	71038	700	309	308	-1	4	82.11	82.11	82.11
juego1	easy	20.0	0.006	71047	700	309	308	-1	4	82.13	82.13	82.13
juego1	easy	20.0	0.006	71054	700	309	307	-2	4	82.17	82.17	82.17
juego1	easy	20.0	0.006	71063	700	309	307	-2	4	82.2	82.2	82.2
juego1	easy	20.0	0.006	71071	700	309	307	-2	4	82.23	82.23	82.23
juego1	easy	20.0	0.006	71080	700	309	307	-2	4	82.28	82.28	82.28
juego1	easy	20.0	0.006	71088	700	308	307	-1	4	82.34	82.34	82.34
juego1	easy	20.0	0.006	71097	700	308	307	-1	4	82.37	82.37	82.37
juego1	easy	20.0	0.006	71106	700	308	307	-1	4	82.41	82.41	82.41
juego1	easy	20.0	0.006	71114	700	308	307	-1	4	82.43	82.43	82.43
juego1	easy	20.0	0.006	71123	700	308	307	-1	4	82.45	82.45	82.45
juego1	easy	20.0	0.006	71132	700	308	307	-1	4	82.46	82.46	82.46
juego1	easy	20.0	0.006	71140	700	308	306	-2	4	82.5	82.5	82.5
juego1	easy	20.0	0.006	71149	700	307	306	-1	4	82.56	82.56	82.56
juego1	easy	20.0	0.006	71158	700	307	306	-1	4	82.65	82.65	82.65
juego1	easy	20.0	0.006	71166	700	307	306	-1	4	82.69	82.69	82.69
juego1	easy	20.0	0.006	71174	700	307	306	-1	4	82.78	82.78	82.78
juego1	easy	20.0	0.006	71182	700	307	305	-2	4	82.84	82.84	82.84
juego1	easy	20.0	0.006	71191	700	307	305	-2	4	82.88	82.88	82.88
juego1	easy	20.0	0.006	71199	700	307	305	-2	4	82.95	82.95	82.95
juego1	easy	20.0	0.006	71208	700	306	305	-1	4	83.0	83.0	83.0
juego1	easy	20.0	0.006	71216	700	306	305	-1	4	83.01	83.01	83.01
juego1	easy	20.0	0.006	71224	700	306	305	-1	4	83.05	83.05	83.05
juego1	easy	20.0	0.006	71233	700	306	305	-1	4	83.1	83.1	83.1
juego1	easy	20.0	0.006	71240	700	306	305	-1	4	83.13	83.13	83.13
juego1	easy	20.0	0.006	71249	700	306	304	-2	4	83.18	83.18	83.18
juego1	easy	20.0	0.006	71258	700	305	304	-1	4	83.22	83.22	83.22
juego1	easy	20.0	0.006	71265	700	305	304	-1	4	83.24	83.24	83.24
juego1	easy	20.0	0.006	71274	700	305	304	-1	4	83.29	83.29	83.29
juego1	easy	20.0	0.006	71283	700	305	304	-1	4	83.37	83.37	83.37
juego1	easy	20.0	0.006	71291	700	305	304	-1	4	83.41	83.41	83.41
juego1	easy	20.0	0.006	71299	700	305	304	-1	4	83.48	83.48	83.48
juego1	easy	20.0	0.006	71308	700	305	303	-2	4	83.54	83.54	83.54
juego1	easy	20.0	0.006	71315	700	304	303	-1	4	83.57	83.57	83.57
juego1	easy	20.0	0.006	71323	700	304	303	-1	4	83.63	83.63	83.63
juego1	easy	20.0	0.006	71331	700	304	303	-1	4	83.65	83.65	83.65
juego1	easy	20.0	0.006	71340	700	304	303	-1	4	83.67	83.67	83.67
juego1	easy	20.0	0.006	71349	700	304	303	-1	4	83.68	83.68	83.68
juego1	easy	20.0	0.006	71358	700	304	303	-1	4	83.7	83.7	83.7
juego1	easy	20.0	0.006	71365	700	303	303	0	4	83.72	83.72	83.72
juego1	easy	20.0	0.006	71374	700	303	303	0	4	83.78	83.78	83.78
juego1	easy	20.0	0.006	71382	700	303	303	0	4	83.81	83.81	83.81
juego1	easy	20.0	0.006	71390	700	303	302	-1	4	83.86	83.86	83.86
juego1	easy	20.0	0.006	71399	700	303	302	-1	4	83.87	83.87	83.87
juego1	easy	20.0	0.006	71408	700	303	302	-1	4	83.88	83.88	83.88
juego1	easy	20.0	0.006	71416	700	302	302	0	4	83.89	83.89	83.89
juego1	easy	20.0	0.006	71424	700	302	302	0	4	83.93	83.93	83.93
juego1	easy	20.0	0.006	71432	700	302	302	0	4	83.96	83.96	83.96
juego1	easy	20.0	0.006	71441	700	302	302	0	4	84.03	84.03	84.03
juego1	easy	20.0	0.006	71450	700	302	302	0	4	84.08	84.08	84.08
juego1	easy	20.0	0.006	71458	700	302	302	0	4	84.13	84.13	84.13
juego1	easy	20.0	0.006	71467	700	301	302	1	4	84.15	84.15	84.15
juego1	easy	20.0	0.006	71475	700	301	301	0	4	84.18	84.18	84.18
juego1	easy	20.0	0.006	71484	700	301	301	0	4	84.22	84.22	84.22
juego1	easy	20.0	0.006	71493	700	301	301	0	4	84.25	84.25	84.25
juego1	easy	20.0	0.006	71502	700	301	301	0	4	84.27	84.27	84.27
juego1	easy	20.0	0.006	71510	700	301	301	0	4	84.29	84.29	84.29
juego1	easy	20.0	0.006	71519	700	300	301	1	4	84.33	84.33	84.33
juego1	easy	20.0	0.006	71527	700	300	301	1	4	84.36	84.36	84.36
juego1	easy	20.0	0.006	71536	700	300	301	1	4	84.41	84.41	84.41
juego1	easy	20.0	0.006	71545	700	300	301	1	4	84.46	84.46	84.46
juego1	easy	20.0	0.006	71554	700	300	301	1	4	84.49	84.49	84.49
juego1	easy	20.0	0.006	71562	700	300	301	1	4	84.48	84.48	84.48
juego1	easy	20.0	0.006	71571	700	300	301	1	4	84.47	84.47	84.47
juego1	easy	20.0	0.006	71579	700	300	301	1	4	84.48	84.48	84.48
juego1	easy	20.0	0.006	71588	700	300	301	1	4	84.49	84.49	84.49
juego1	easy	20.0	0.006	71597	700	300	300	0	4	84.54	84.54	84.54
juego1	easy	20.0	0.006	71605	700	300	300	0	4	84.59	84.59	84.59
juego1	easy	20.0	0.006	71614	700	299	300	1	4	84.63	84.63	84.63
juego1	easy	20.0	0.006	71623	700	299	300	1	4	84.62	84.62	84.62
juego1	easy	20.0	0.006	71632	700	299	300	1	4	84.63	84.63	84.63
juego1	easy	20.0	0.006	71639	700	299	300	1	4	84.65	84.65	84.65
juego1	easy	20.0	0.006	71648	700	299	300	1	4	84.66	84.66	84.66
juego1	easy	20.0	0.006	71656	700	298	300	2	4	84.7	84.7	84.7
juego1	easy	20.0	0.006	71665	700	298	300	2	4	84.7	84.7	84.7
juego1	easy	20.0	0.006	71673	700	298	300	2	4	84.72	84.72	84.72
juego1	easy	20.0	0.006	71682	700	298	300	2	4	84.72	84.72	84.72
juego1	easy	20.0	0.006	71691	700	298	300	2	4	84.73	84.73	84.73
juego1	easy	20.0	0.006	71699	700	298	300	2	4	84.74	84.74	84.74
juego1	easy	20.0	0.006	71708	700	297	300	3	4	84.74	84.74	84.74
juego1	easy	20.0	0.006	71716	700	297	300	3	4	84.75	84.75	84.75
juego1	easy	20.0	0.006	71725	700	297	300	3	4	84.76	84.76	84.76
juego1	easy	20.0	0.006	71733	700	297	300	3	4	84.78	84.78	84.78
juego1	easy	20.0	0.006	71742	700	297	300	3	4	84.79	84.79	84.79
juego1	easy	20.0	0.006	71751	700	296	300	4	4	84.81	84.81	84.81
juego1	easy	20.0	0.006	71759	700	296	300	4	4	84.85	84.85	84.85
juego1	easy	20.0	0.006	71768	700	296	300	4	4	84.86	84.86	84.86
juego1	easy	20.0	0.006	71777	700	296	300	4	4	84.9	84.9	84.9
juego1	easy	20.0	0.006	71786	700	296	300	4	4	84.92	84.92	84.92
juego1	easy	20.0	0.006	71794	700	295	300	5	4	84.93	84.93	84.93
juego1	easy	20.0	0.006	71803	700	295	300	5	4	84.92	84.92	84.92
juego1	easy	20.0	0.006	71810	700	295	300	5	4	84.91	84.91	84.91
juego1	easy	20.0	0.006	71819	700	295	300	5	4	84.91	84.91	84.91
juego1	easy	20.0	0.006	71827	700	295	300	5	4	84.92	84.92	84.92
juego1	easy	20.0	0.006	71836	700	295	300	5	4	84.95	84.95	84.95
juego1	easy	20.0	0.006	71845	700	294	300	6	4	84.97	84.97	84.97
juego1	easy	20.0	0.006	71853	700	294	300	6	4	84.99	84.99	84.99
juego1	easy	20.0	0.006	71862	700	294	300	6	4	85.02	85.02	85.02
juego1	easy	20.0	0.006	71871	700	294	300	6	4	85.06	85.06	85.06
juego1	easy	20.0	0.006	71879	700	294	300	6	4	85.1	85.1	85.1
juego1	easy	20.0	0.006	71888	700	293	300	7	4	85.12	85.12	85.12
juego1	easy	20.0	0.006	71896	700	293	300	7	4	85.17	85.17	85.17
juego1	easy	20.0	0.006	71905	700	293	299	6	4	85.22	85.22	85.22
juego1	easy	20.0	0.006	71913	700	293	299	6	4	85.25	85.25	85.25
juego1	easy	20.0	0.006	71921	700	293	299	6	4	85.34	85.34	85.34
juego1	easy	20.0	0.006	71929	700	292	299	7	4	85.39	85.39	85.39
juego1	easy	20.0	0.006	71938	700	292	299	7	4	85.41	85.41	85.41
juego1	easy	20.0	0.006	71947	700	292	299	7	4	85.44	85.44	85.44
juego1	easy	20.0	0.006	71956	700	292	299	7	4	85.49	85.49	85.49
juego1	easy	20.0	0.006	71964	700	292	298	6	4	85.56	85.56	85.56
juego1	easy	20.0	0.006	71973	700	291	298	7	4	85.58	85.58	85.58
juego1	easy	20.0	0.006	71981	700	291	298	7	4	85.63	85.63	85.63
juego1	easy	20.0	0.006	71990	700	291	298	7	4	85.76	85.76	85.76
juego1	easy	20.0	0.006	71999	700	291	298	7	4	85.81	85.81	85.81
juego1	easy	20.0	0.006	72008	700	291	297	6	4	85.85	85.85	85.85
juego1	easy	20.0	0.006	72016	700	290	297	7	4	85.87	85.87	85.87
juego1	easy	20.0	0.006	72025	700	290	297	7	4	85.88	85.88	85.88
juego1	easy	20.0	0.006	72033	700	290	297	7	4	85.9	85.9	85.9
juego1	easy	20.0	0.006	72042	700	290	297	7	4	85.95	85.95	85.95
juego1	easy	20.0	0.006	72050	700	290	297	7	4	85.98	85.98	85.98
juego1	easy	20.0	0.006	72059	700	289	297	8	4	86.0	86.0	86.0
juego1	easy	20.0	0.006	72068	700	289	297	8	4	86.04	86.04	86.04
juego1	easy	20.0	0.006	72076	700	289	297	8	4	86.07	86.07	86.07
juego1	easy	20.0	0.006	72085	700	289	297	8	4	86.11	86.11	86.11
juego1	easy	20.0	0.006	72093	700	289	297	8	4	86.13	86.13	86.13
juego1	easy	20.0	0.006	72102	700	289	296	7	4	86.2	86.2	86.2
juego1	easy	20.0	0.006	72110	700	288	296	8	4	86.27	86.27	86.27
juego1	easy	20.0	0.006	72119	700	288	296	8	4	86.3	86.3	86.3
juego1	easy	20.0	0.006	72128	700	288	296	8	4	86.36	86.36	86.36
juego1	easy	20.0	0.006	72136	700	288	296	8	4	86.41	86.41	86.41
juego1	easy	20.0	0.006	72145	700	288	296	8	4	86.44	86.44	86.44
juego1	easy	20.0	0.006	72153	700	287	296	9	4	86.46	86.46	86.46
juego1	easy	20.0	0.006	72162	700	287	296	9	4	86.48	86.48	86.48
juego1	easy	20.0	0.006	72170	700	287	296	9	4	86.51	86.51	86.51
juego1	easy	20.0	0.006	72179	700	287	295	8	4	86.54	86.54	86.54
juego1	easy	20.0	0.006	72188	700	287	295	8	5	86.6	86.6	86.6
juego1	easy	40.0	0.008	72197	700	286	295	9	5	86.67	86.67	86.67
juego1	easy	40.0	0.008	72206	700	286	295	9	5	86.74	86.74	86.74
juego1	easy	40.0	0.008	72213	700	286	295	9	5	86.77	86.77	86.77
juego1	easy	40.0	0.008	72220	700	285	295	10	5	86.84	86.84	86.84
juego1	easy	40.0	0.008	72229	700	285	294	9	5	86.86	86.86	86.86
juego1	easy	40.0	0.008	72238	700	284	294	10	5	86.92	86.92	86.92
juego1	easy	40.0	0.008	72246	700	284	294	10	5	86.96	86.96	86.96
juego1	easy	40.0	0.008	72255	700	283	294	11	5	87.0	87.0	87.0
juego1	easy	40.0	0.008	72264	700	283	294	11	5	87.02	87.02	87.02
juego1	easy	40.0	0.008	72273	700	283	294	11	5	87.09	87.09	87.09
juego1	easy	40.0	0.008	72282	700	282	294	12	5	87.16	87.16	87.16
juego1	easy	40.0	0.008	72291	700	282	293	11	5	87.25	87.25	87.25
juego1	easy	40.0	0.008	72298	700	281	293	12	5	87.29	87.29	87.29
juego1	easy	40.0	0.008	72307	700	281	293	12	5	87.38	87.38	87.38
juego1	easy	40.0	0.008	72316	700	280	293	13	5	87.5	87.5	87.5
juego1	easy	40.0	0.008	72324	700	280	292	12	5	87.57	87.57	87.57
juego1	easy	40.0	0.008	72333	700	280	292	12	5	87.7	87.7	87.7
juego1	easy	40.0	0.008	72342	700	279	292	13	5	87.79	87.79	87.79
juego1	easy	40.0	0.008	72351	700	279	292	13	5	87.84	87.84	87.84
juego1	easy	40.0	0.008	72359	700	278	292	14	5	87.85	87.85	87.85
juego1	easy	40.0	0.008	72368	700	278	291	13	5	87.93	87.93	87.93
juego1	easy	40.0	0.008	72376	700	277	291	14	5	88.04	88.04	88.04
juego1	easy	40.0	0.008	72385	700	277	291	14	5	88.16	88.16	88.16
juego1	easy	40.0	0.008	72394	700	277	290	13	5	88.22	88.22	88.22
juego1	easy	40.0	0.008	72403	700	276	290	14	5	88.28	88.28	88.28
juego1	easy	40.0	0.008	72410	700	276	290	14	5	88.31	88.31	88.31
juego1	easy	40.0	0.008	72419	700	275	290	15	5	88.33	88.33	88.33
juego1	easy	40.0	0.008	72428	700	275	290	15	5	88.4	88.4	88.4
juego1	easy	40.0	0.008	72437	700	274	290	16	5	88.48	88.48	88.48
juego1	easy	40.0	0.008	72446	700	274	289	15	5	88.56	88.56	88.56
juego1	easy	40.0	0.008	72453	700	274	289	15	5	88.58	88.58	88.58
juego1	easy	40.0	0.008	72462	700	273	289	16	5	88.65	88.65	88.65
juego1	easy	40.0	0.008	72471	700	273	289	16	5	88.74	88.74	88.74
juego1	easy	40.0	0.008	72480	700	272	289	17	5	88.79	88.79	88.79
juego1	easy	40.0	0.008	72488	700	272	288	16	5	88.92	88.92	88.92
juego1	easy	40.0	0.008	72497	700	271	288	17	5	89.03	89.03	89.03
juego1	easy	40.0	0.008	72506	700	271	288	17	5	89.1	89.1	89.1
juego1	easy	40.0	0.008	72513	700	271	288	17	5	89.13	89.13	89.13
juego1	easy	40.0	0.008	72521	700	270	288	18	5	89.18	89.18	89.18
juego1	easy	40.0	0.008	72530	700	270	288	18	5	89.19	89.19	89.19
juego1	easy	40.0	0.008	72539	700	269	288	19	5	89.21	89.21	89.21
juego1	easy	40.0	0.008	72548	700	269	288	19	5	89.2	89.2	89.2
juego1	easy	40.0	0.008	72556	700	269	288	19	5	89.19	89.19	89.19
juego1	easy	40.0	0.008	72565	700	268	288	20	5	89.19	89.19	89.19
juego1	easy	40.0	0.008	72574	700	268	288	20	5	89.19	89.19	89.19
juego1	easy	40.0	0.008	72583	700	267	288	21	5	89.22	89.22	89.22
juego1	easy	40.0	0.008	72591	700	267	287	20	5	89.25	89.25	89.25
juego1	easy	40.0	0.008	72599	700	267	287	20	5	89.27	89.27	89.27
juego1	easy	40.0	0.008	72607	700	266	287	21	5	89.32	89.32	89.32
juego1	easy	40.0	0.008	72615	700	266	287	21	5	89.35	89.35	89.35
juego1	easy	40.0	0.008	72624	700	265	287	22	5	89.39	89.39	89.39
juego1	easy	40.0	0.008	72632	700	265	287	22	5	89.43	89.43	89.43
juego1	easy	40.0	0.008	72641	700	265	287	22	5	89.48	89.48	89.48
juego1	easy	40.0	0.008	72650	700	264	287	23	5	89.51	89.51	89.51
juego1	easy	40.0	0.008	72658	700	264	286	22	5	89.6	89.6	89.6
juego1	easy	40.0	0.008	72667	700	263	286	23	5	89.71	89.71	89.71
juego1	easy	40.0	0.008	72676	700	263	286	23	5	89.77	89.77	89.77
juego1	easy	40.0	0.008	72684	700	263	285	22	5	89.9	89.9	89.9
juego1	easy	40.0	0.008	72693	700	262	285	23	5	90.03	90.03	90.03
juego1	easy	40.0	0.008	72701	700	262	285	23	5	90.19	90.19	90.19
juego1	easy	40.0	0.008	72710	700	261	284	23	5	90.28	90.28	90.28
juego1	easy	40.0	0.008	72718	700	261	284	23	5	90.48	90.48	90.48
juego1	easy	40.0	0.008	72727	700	261	283	22	5	90.65	90.65	90.65
juego1	easy	40.0	0.008	72736	700	260	283	23	5	90.79	90.79	90.79
juego1	easy	40.0	0.008	72745	700	260	283	23	5	90.85	90.85	90.85
juego1	easy	40.0	0.008	72752	700	259	282	23	5	91.0	91.0	91.0
juego1	easy	40.0	0.008	72761	700	259	282	23	5	91.2	91.2	91.2
juego1	easy	40.0	0.008	72770	700	259	281	22	5	91.32	91.32	91.32
juego1	easy	40.0	0.008	72779	700	258	281	23	5	91.57	91.57	91.57
juego1	easy	40.0	0.008	72787	700	258	280	22	5	91.82	91.82	91.82
juego1	easy	40.0	0.008	72795	700	258	279	21	5	91.96	91.96	91.96
juego1	easy	40.0	0.008	72804	700	257	278	21	5	92.26	92.26	92.26
juego1	easy	40.0	0.008	72812	700	257	277	20	5	92.6	92.6	92.6
juego1	easy	40.0	0.008	72821	700	257	276	19	5	92.96	92.96	92.96
juego1	easy	40.0	0.008	72828	700	256	276	20	5	93.14	93.14	93.14
juego1	easy	40.0	0.008	72837	700	256	275	19	5	93.49	93.49	93.49
juego1	easy	40.0	0.008	72846	700	255	274	19	5	93.68	93.68	93.68
juego1	easy	40.0	0.008	72853	700	255	273	18	5	94.1	94.1	94.1
juego1	easy	40.0	0.008	72862	700	255	272	17	5	94.56	94.56	94.56
juego1	easy	40.0	0.008	72871	700	254	271	17	5	94.8	94.8	94.8
juego1	easy	40.0	0.008	72880	700	254	270	16	5	95.25	95.25	95.25
juego1	easy	40.0	0.008	72889	700	254	268	14	5	95.67	95.67	95.67
juego1	easy	40.0	0.008	72898	700	253	267	14	5	96.04	96.04	96.04
juego1	easy	40.0	0.008	72907	700	253	266	13	5	96.41	96.41	96.41
juego1	easy	40.0	0.008	72915	700	253	266	13	5	96.59	96.59	96.59
juego1	easy	40.0	0.008	72924	700	252	265	13	5	96.96	96.96	96.96
juego1	easy	40.0	0.008	72932	700	252	263	11	5	97.33	97.33	97.33
juego1	easy	40.0	0.008	72941	700	252	263	11	5	97.51	97.51	97.51
juego1	easy	40.0	0.008	72950	700	251	262	11	5	97.87	97.87	97.87
juego1	easy	40.0	0.008	72959	700	251	261	10	5	98.22	98.22	98.22
juego1	easy	40.0	0.008	72967	700	251	260	9	5	98.57	98.57	98.57
juego1	easy	40.0	0.008	72976	700	250	259	9	5	98.76	98.76	98.76
juego1	easy	40.0	0.008	72985	700	250	258	8	5	99.2	99.2	99.2
juego1	easy	40.0	0.008	72994	700	250	256	6	5	99.72	99.72	99.72
juego1	easy	40.0	0.008	73002	700	249	255	6	5	100.2	100.2	100.2
juego1	easy	40.0	0.008	73009	700	249	254	5	5	100.4	100.4	100.4
juego1	easy	40.0	0.008	73018	700	249	253	4	5	100.74	100.74	100.74
juego1	easy	40.0	0.008	73026	700	248	253	5	5	100.9	100.9	100.9
juego1	easy	40.0	0.008	73034	700	248	252	4	5	101.26	101.26	101.26
juego1	easy	40.0	0.008	73043	700	248	250	2	5	101.74	101.74	101.74
juego1	easy	40.0	0.008	73051	700	247	250	3	5	102.0	102.0	102.0
juego1	easy	40.0	0.008	73059	700	247	248	1	5	102.55	102.55	102.55
juego1	easy	40.0	0.008	73068	700	247	247	0	5	103.03	103.03	103.03
juego1	easy	40.0	0.008	73077	700	247	245	-2	5	103.45	103.45	103.45
juego1	easy	40.0	0.008	73086	700	246	245	-1	5	103.62	103.62	103.62
juego1	easy	40.0	0.008	73094	700	246	244	-2	5	103.93	103.93	103.93
juego1	easy	40.0	0.008	73103	700	246	243	-3	5	104.22	104.22	104.22
juego1	easy	40.0	0.008	73112	700	245	242	-3	5	104.5	104.5	104.5
juego1	easy	40.0	0.008	73121	700	245	242	-3	5	104.65	104.65	104.65
juego1	easy	40.0	0.008	73129	700	245	241	-4	5	104.96	104.96	104.96
juego1	easy	40.0	0.008	73138	700	245	240	-5	5	105.22	105.22	105.22
juego1	easy	40.0	0.008	73147	700	244	240	-4	5	105.3	105.3	105.3
juego1	easy	40.0	0.008	73156	700	244	240	-4	5	105.39	105.39	105.39
juego1	easy	40.0	0.008	73165	700	244	240	-4	5	105.41	105.41	105.41
juego1	easy	40.0	0.008	73174	700	243	240	-3	5	105.4	105.4	105.4
juego1	easy	40.0	0.008	73183	700	243	240	-3	5	105.38	105.38	105.38
juego1	easy	40.0	0.008	73192	700	243	239	-4	5	105.43	105.43	105.43
juego1	easy	40.0	0.008	73200	700	243	239	-4	5	105.5	105.5	105.5
juego1	easy	40.0	0.008	73209	700	242	239	-3	5	105.71	105.71	105.71
juego1	easy	40.0	0.008	73217	700	242	238	-4	5	105.97	105.97	105.97
juego1	easy	40.0	0.008	73225	700	242	237	-5	5	106.09	106.09	106.09
juego1	easy	40.0	0.008	73234	700	242	237	-5	5	106.2	106.2	106.2
juego1	easy	40.0	0.008	73243	700	241	237	-4	5	106.16	106.16	106.16
juego1	easy	40.0	0.008	73251	700	241	237	-4	5	106.11	106.11	106.11
juego1	easy	40.0	0.008	73260	700	241	238	-3	5	105.94	105.94	105.94
juego1	easy	40.0	0.008	73268	700	241	238	-3	5	105.76	105.76	105.76
juego1	easy	40.0	0.008	73276	700	240	239	-1	5	105.67	105.67	105.67
juego1	easy	40.0	0.008	73285	700	240	239	-1	5	105.48	105.48	105.48
juego1	easy	40.0	0.008	73294	700	240	240	0	5	105.23	105.23	105.23
juego1	easy	40.0	0.008	73303	700	240	241	1	5	104.94	104.94	104.94
juego1	easy	40.0	0.008	73310	700	240	241	1	5	104.81	104.81	104.81
juego1	easy	40.0	0.008	73319	700	239	242	3	5	104.63	104.63	104.63
juego1	easy	40.0	0.008	73328	700	239	242	3	5	104.56	104.56	104.56
juego1	easy	40.0	0.008	73337	700	239	242	3	5	104.53	104.53	104.53
juego1	easy	40.0	0.008	73345	700	239	242	3	5	104.47	104.47	104.47
juego1	easy	40.0	0.008	73354	700	239	243	4	5	104.37	104.37	104.37
juego1	easy	40.0	0.008	73363	700	238	243	5	5	104.22	104.22	104.22
juego1	easy	40.0	0.008	73371	700	238	243	5	5	104.15	104.15	104.15
juego1	easy	40.0	0.008	73380	700	238	244	6	5	104.02	104.02	104.02
juego1	easy	40.0	0.008	73389	700	238	244	6	5	103.92	103.92	103.92
juego1	easy	40.0	0.008	73397	700	238	244	6	5	103.87	103.87	103.87
juego1	easy	40.0	0.008	73406	700	237	244	7	5	103.75	103.75	103.75
juego1	easy	40.0	0.008	73415	700	237	245	8	5	103.57	103.57	103.57
juego1	easy	40.0	0.008	73424	700	237	246	9	5	103.38	103.38	103.38
juego1	easy	40.0	0.008	73433	700	237	246	9	5	103.25	103.25	103.25
juego1	easy	40.0	0.008	73441	700	237	246	9	5	103.21	103.21	103.21
juego1	easy	40.0	0.008	73450	700	236	246	10	5	103.25	103.25	103.25
juego1	easy	40.0	0.008	73459	700	236	246	10	5	103.36	103.36	103.36
juego1	easy	40.0	0.008	73467	700	236	245	9	5	103.4	103.4	103.4
juego1	easy	40.0	0.008	73476	700	236	246	10	5	103.35	103.35	103.35
juego1	easy	40.0	0.008	73485	700	236	246	10	5	103.27	103.27	103.27
juego1	easy	40.0	0.008	73494	700	236	247	11	5	102.85	102.85	102.85
juego1	easy	40.0	0.008	73503	700	235	248	13	5	102.52	102.52	102.52
juego1	easy	40.0	0.008	73511	700	235	248	13	5	102.38	102.38	102.38
juego1	easy	40.0	0.008	73520	700	235	249	14	5	102.16	102.16	102.16
juego1	easy	40.0	0.008	73528	700	235	250	15	5	101.99	101.99	101.99
juego1	easy	40.0	0.008	73537	700	235	250	15	5	101.91	101.91	101.91
juego1	easy	40.0	0.008	73546	700	235	250	15	5	101.77	101.77	101.77
juego1	easy	40.0	0.008	73554	700	235	251	16	5	101.69	101.69	101.69
juego1	easy	40.0	0.008	73562	700	235	251	16	5	101.67	101.67	101.67
juego1	easy	40.0	0.008	73572	700	234	251	17	5	101.66	101.66	101.66
juego1	easy	40.0	0.008	73580	700	234	251	17	5	101.68	101.68	101.68
juego1	easy	40.0	0.008	73589	700	234	250	16	5	101.71	101.71	101.71
juego1	easy	40.0	0.008	73598	700	234	251	17	5	101.7	101.7	101.7
juego1	easy	40.0	0.008	73607	700	234	251	17	5	101.68	101.68	101.68
juego1	easy	40.0	0.008	73616	700	234	251	17	5	101.65	101.65	101.65
juego1	easy	40.0	0.008	73625	700	234	251	17	5	101.62	101.62	101.62
juego1	easy	40.0	0.008	73633	700	234	251	17	5	101.64	101.64	101.64
juego1	easy	40.0	0.008	73642	700	233	251	18	5	101.66	101.66	101.66
juego1	easy	40.0	0.008	73651	700	233	250	17	5	101.74	101.74	101.74
juego1	easy	40.0	0.008	73660	700	233	250	17	5	101.84	101.84	101.84
juego1	easy	40.0	0.008	73667	700	233	250	17	5	101.89	101.89	101.89
juego1	easy	40.0	0.008	73675	700	233	250	17	5	101.95	101.95	101.95
juego1	easy	40.0	0.008	73684	700	233	250	17	5	101.98	101.98	101.98
juego1	easy	40.0	0.008	73693	700	233	250	17	5	101.99	101.99	101.99
juego1	easy	40.0	0.008	73702	700	233	250	17	5	101.99	101.99	101.99
juego1	easy	40.0	0.008	73709	700	233	250	17	5	101.95	101.95	101.95
juego1	easy	40.0	0.008	73718	700	233	250	17	5	101.91	101.91	101.91
juego1	easy	40.0	0.008	73727	700	233	250	17	5	101.9	101.9	101.9
juego1	easy	40.0	0.008	73736	700	233	250	17	5	101.9	101.9	101.9
juego1	easy	40.0	0.008	73745	700	233	250	17	5	101.95	101.95	101.95
juego1	easy	40.0	0.008	73754	700	233	250	17	5	102.03	102.03	102.03
juego1	easy	40.0	0.008	73762	700	232	249	17	5	102.06	102.06	102.06
juego1	easy	40.0	0.008	73771	700	232	249	17	5	102.09	102.09	102.09
juego1	easy	40.0	0.008	73778	700	232	249	17	5	102.07	102.07	102.07
juego1	easy	40.0	0.008	73787	700	232	249	17	5	102.07	102.07	102.07
juego1	easy	40.0	0.008	73795	700	232	249	17	5	102.08	102.08	102.08
juego1	easy	40.0	0.008	73804	700	232	249	17	5	102.12	102.12	102.12
juego1	easy	40.0	0.008	73812	700	232	249	17	5	102.17	102.17	102.17
juego1	easy	40.0	0.008	73821	700	232	249	17	5	102.25	102.25	102.25
juego1	easy	40.0	0.008	73829	700	232	249	17	5	102.31	102.31	102.31
juego1	easy	40.0	0.008	73838	700	232	249	17	5	102.33	102.33	102.33
juego1	easy	40.0	0.008	73847	700	232	249	17	5	102.35	102.35	102.35
juego1	easy	40.0	0.008	73855	700	232	249	17	5	102.33	102.33	102.33
juego1	easy	40.0	0.008	73864	700	232	249	17	5	102.28	102.28	102.28
juego1	easy	40.0	0.008	73871	700	232	249	17	5	102.25	102.25	102.25
juego1	easy	40.0	0.008	73880	700	232	249	17	5	102.17	102.17	102.17
juego1	easy	40.0	0.008	73887	700	232	249	17	5	102.11	102.11	102.11
juego1	easy	40.0	0.008	73895	700	232	250	18	5	102.01	102.01	102.01
juego1	easy	40.0	0.008	73904	700	232	250	18	5	101.91	101.91	101.91
juego1	easy	40.0	0.008	73913	700	232	250	18	5	101.86	101.86	101.86
juego1	easy	40.0	0.008	73921	700	232	250	18	5	101.81	101.81	101.81
juego1	easy	40.0	0.008	73930	700	232	250	18	5	101.82	101.82	101.82
juego1	easy	40.0	0.008	73937	700	232	250	18	5	101.84	101.84	101.84
juego1	easy	40.0	0.008	73946	700	232	250	18	5	101.9	101.9	101.9
juego1	easy	40.0	0.008	74026	700	232	250	18	5	101.97	101.97	101.97
