game	difficulty	amplitude	velocity	time	xpos	y_computer	y_human	y_error	trial	x	y	z
juego1	easy	40.0	0.008	81395	700	267	561	294	0	0.0	0.0	0.0
juego1	easy	40.0	0.008	81397	700	267	424	157	0	43.53	43.53	43.53
juego1	easy	40.0	0.008	81406	700	267	424	157	0	43.52	43.52	43.52
juego1	easy	40.0	0.008	81415	700	266	424	158	0	43.52	43.52	43.52
juego1	easy	40.0	0.008	81422	700	266	424	158	0	43.52	43.52	43.52
juego1	easy	40.0	0.008	81432	700	266	424	158	0	43.52	43.52	43.52
juego1	easy	40.0	0.008	81440	700	265	424	159	0	43.52	43.52	43.52
juego1	easy	40.0	0.008	81449	700	265	424	159	0	43.53	43.53	43.53
juego1	easy	40.0	0.008	81457	700	265	424	159	0	43.52	43.52	43.52
juego1	easy	40.0	0.008	81467	700	264	424	160	0	43.52	43.52	43.52
juego1	easy	40.0	0.008	81475	700	264	424	160	0	43.52	43.52	43.52
juego1	easy	40.0	0.008	81485	700	263	424	161	0	43.52	43.52	43.52
juego1	easy	40.0	0.008	81494	700	263	424	161	0	43.52	43.52	43.52
juego1	easy	40.0	0.008	81503	700	263	424	161	0	43.52	43.52	43.52
juego1	easy	40.0	0.008	81512	700	262	424	162	0	43.52	43.52	43.52
juego1	easy	40.0	0.008	81520	700	262	424	162	0	43.51	43.51	43.51
juego1	easy	40.0	0.008	81529	700	262	424	162	0	43.51	43.51	43.51
juego1	easy	40.0	0.008	81537	700	261	424	163	0	43.51	43.51	43.51
juego1	easy	40.0	0.008	81546	700	261	424	163	0	43.51	43.51	43.51
juego1	easy	40.0	0.008	81555	700	260	424	164	0	43.51	43.51	43.51
juego1	easy	40.0	0.008	81563	700	260	424	164	0	43.51	43.51	43.51
juego1	easy	40.0	0.008	81573	700	260	424	164	0	43.51	43.51	43.51
juego1	easy	40.0	0.008	81581	700	259	424	165	0	43.51	43.51	43.51
juego1	easy	40.0	0.008	81591	700	259	424	165	0	43.5	43.5	43.5
juego1	easy	40.0	0.008	81599	700	259	424	165	0	43.5	43.5	43.5
juego1	easy	40.0	0.008	81608	700	258	424	166	0	43.51	43.51	43.51
juego1	easy	40.0	0.008	81616	700	258	424	166	0	43.51	43.51	43.51
juego1	easy	40.0	0.008	81625	700	257	424	167	0	43.5	43.5	43.5
juego1	easy	40.0	0.008	81634	700	257	424	167	0	43.51	43.51	43.51
juego1	easy	40.0	0.008	81643	700	257	424	167	0	43.5	43.5	43.5
juego1	easy	40.0	0.008	81652	700	256	424	168	0	43.5	43.5	43.5
juego1	easy	40.0	0.008	81661	700	256	424	168	0	43.51	43.51	43.51
juego1	easy	40.0	0.008	81669	700	256	424	168	0	43.51	43.51	43.51
juego1	easy	40.0	0.008	81678	700	255	424	169	0	43.51	43.51	43.51
juego1	easy	40.0	0.008	81688	700	255	424	169	0	43.51	43.51	43.51
juego1	easy	40.0	0.008	81696	700	255	424	169	0	43.51	43.51	43.51
juego1	easy	40.0	0.008	81705	700	254	424	170	0	43.51	43.51	43.51
juego1	easy	40.0	0.008	81714	700	254	424	170	0	43.51	43.51	43.51
juego1	easy	40.0	0.008	81723	700	253	424	171	0	43.51	43.51	43.51
juego1	easy	40.0	0.008	81733	700	253	424	171	0	43.51	43.51	43.51
juego1	easy	40.0	0.008	81741	700	253	424	171	0	43.51	43.51	43.51
juego1	easy	40.0	0.008	81750	700	252	424	172	0	43.51	43.51	43.51
juego1	easy	40.0	0.008	81759	700	252	424	172	0	43.51	43.51	43.51
juego1	easy	40.0	0.008	81767	700	252	424	172	0	43.51	43.51	43.51
juego1	easy	40.0	0.008	81776	700	251	424	173	0	43.51	43.51	43.51
juego1	easy	40.0	0.008	81784	700	251	424	173	0	43.51	43.51	43.51
juego1	easy	40.0	0.008	81793	700	251	424	173	0	43.51	43.51	43.51
juego1	easy	40.0	0.008	81801	700	250	424	174	0	43.51	43.51	43.51
juego1	easy	40.0	0.008	81810	700	250	424	174	0	43.51	43.51	43.51
juego1	easy	40.0	0.008	81820	700	250	424	174	0	43.51	43.51	43.51
juego1	easy	40.0	0.008	81828	700	249	424	175	0	43.51	43.51	43.51
juego1	easy	40.0	0.008	81837	700	249	424	175	0	43.51	43.51	43.51
juego1	easy	40.0	0.008	81846	700	249	424	175	0	43.51	43.51	43.51
juego1	easy	40.0	0.008	81855	700	248	424	176	0	43.51	43.51	43.51
juego1	easy	40.0	0.008	81863	700	248	424	176	0	43.51	43.51	43.51
juego1	easy	40.0	0.008	81870	700	248	424	176	0	43.51	43.51	43.51
juego1	easy	40.0	0.008	81879	700	247	424	177	0	43.51	43.51	43.51
juego1	easy	40.0	0.008	81889	700	247	424	177	0	43.51	43.51	43.51
juego1	easy	40.0	0.008	81898	700	247	424	177	0	43.51	43.51	43.51
juego1	easy	40.0	0.008	81906	700	246	424	178	0	43.51	43.51	43.51
juego1	easy	40.0	0.008	81915	700	246	424	178	0	43.51	43.51	43.51
juego1	easy	40.0	0.008	81923	700	246	424	178	0	43.51	43.51	43.51
juego1	easy	40.0	0.008	81931	700	245	424	179	0	43.51	43.51	43.51
juego1	easy	40.0	0.008	81940	700	245	424	179	0	43.51	43.51	43.51
juego1	easy	40.0	0.008	81949	700	245	424	179	0	43.51	43.51	43.51
juego1	easy	40.0	0.008	81958	700	244	424	180	0	43.51	43.51	43.51
juego1	easy	40.0	0.008	81967	700	244	424	180	0	43.51	43.51	43.51
juego1	easy	40.0	0.008	81975	700	244	424	180	0	43.51	43.51	43.51
juego1	easy	40.0	0.008	81984	700	243	424	181	0	43.51	43.51	43.51
juego1	easy	40.0	0.008	81992	700	243	424	181	0	43.51	43.51	43.51
juego1	easy	40.0	0.008	82001	700	243	424	181	0	43.51	43.51	43.51
juego1	easy	40.0	0.008	82010	700	242	424	182	0	43.51	43.51	43.51
juego1	easy	40.0	0.008	82019	700	242	424	182	0	43.51	43.51	43.51
juego1	easy	40.0	0.008	82027	700	242	424	182	0	43.5	43.5	43.5
juego1	easy	40.0	0.008	82036	700	241	424	183	0	43.5	43.5	43.5
juego1	easy	40.0	0.008	82045	700	241	424	183	0	43.51	43.51	43.51
juego1	easy	40.0	0.008	82054	700	241	424	183	0	43.51	43.51	43.51
juego1	easy	40.0	0.008	82063	700	240	424	184	0	43.51	43.51	43.51
juego1	easy	40.0	0.008	82071	700	240	424	184	0	43.51	43.51	43.51
juego1	easy	40.0	0.008	82078	700	240	424	184	0	43.51	43.51	43.51
juego1	easy	40.0	0.008	82087	700	240	424	184	0	43.51	43.51	43.51
juego1	easy	40.0	0.008	82095	700	239	424	185	0	43.51	43.51	43.51
juego1	easy	40.0	0.008	82104	700	239	424	185	0	43.51	43.51	43.51
juego1	easy	40.0	0.008	82113	700	239	424	185	0	43.51	43.51	43.51
juego1	easy	40.0	0.008	82122	700	238	424	186	0	43.51	43.51	43.51
juego1	easy	40.0	0.008	82130	700	238	424	186	0	43.51	43.51	43.51
juego1	easy	40.0	0.008	82137	700	238	424	186	0	43.51	43.51	43.51
juego1	easy	40.0	0.008	82145	700	237	424	187	0	43.51	43.51	43.51
juego1	easy	40.0	0.008	82154	700	237	424	187	0	43.51	43.51	43.51
juego1	easy	40.0	0.008	82164	700	237	424	187	0	43.51	43.51	43.51
juego1	easy	40.0	0.008	82172	700	237	424	187	0	43.51	43.51	43.51
juego1	easy	40.0	0.008	82181	700	236	424	188	0	43.51	43.51	43.51
juego1	easy	40.0	0.008	82190	700	236	424	188	0	43.51	43.51	43.51
juego1	easy	40.0	0.008	82200	700	236	424	188	0	43.51	43.51	43.51
juego1	easy	40.0	0.008	82207	700	236	424	188	0	43.51	43.51	43.51
juego1	easy	40.0	0.008	82216	700	235	424	189	0	43.51	43.51	43.51
juego1	easy	40.0	0.008	82225	700	235	424	189	0	43.51	43.51	43.51
juego1	easy	40.0	0.008	82235	700	235	424	189	0	43.51	43.51	43.51
juego1	easy	40.0	0.008	82243	700	234	424	190	0	43.51	43.51	43.51
juego1	easy	40.0	0.008	82252	700	234	424	190	0	43.51	43.51	43.51
juego1	easy	40.0	0.008	82261	700	234	424	190	0	43.51	43.51	43.51
juego1	easy	40.0	0.008	82270	700	234	424	190	0	43.51	43.51	43.51
juego1	easy	40.0	0.008	82280	700	233	424	191	0	43.51	43.51	43.51
juego1	easy	40.0	0.008	82287	700	233	424	191	0	43.51	43.51	43.51
juego1	easy	40.0	0.008	82295	700	233	424	191	0	43.51	43.51	43.51
juego1	easy	40.0	0.008	82304	700	233	424	191	0	43.51	43.51	43.51
juego1	easy	40.0	0.008	82312	700	232	424	192	0	43.51	43.51	43.51
juego1	easy	40.0	0.008	82321	700	232	424	192	0	43.51	43.51	43.51
juego1	easy	40.0	0.008	82329	700	232	424	192	0	43.51	43.51	43.51
juego1	easy	40.0	0.008	82338	700	232	424	192	0	43.51	43.51	43.51
juego1	easy	40.0	0.008	82347	700	231	424	193	0	43.51	43.51	43.51
juego1	easy	40.0	0.008	82356	700	231	424	193	0	43.51	43.51	43.51
juego1	easy	40.0	0.008	82363	700	231	424	193	0	43.51	43.51	43.51
juego1	easy	40.0	0.008	82372	700	231	424	193	0	43.51	43.51	43.51
juego1	easy	40.0	0.008	82381	700	230	424	194	0	43.51	43.51	43.51
juego1	easy	40.0	0.008	82388	700	230	424	194	0	43.51	43.51	43.51
juego1	easy	40.0	0.008	82397	700	230	424	194	0	43.51	43.51	43.51
juego1	easy	40.0	0.008	82406	700	230	424	194	0	43.51	43.51	43.51
juego1	easy	40.0	0.008	82415	700	230	424	194	0	43.51	43.51	43.51
juego1	easy	40.0	0.008	82425	700	229	424	195	0	43.51	43.51	43.51
juego1	easy	40.0	0.008	82432	700	229	424	195	0	43.51	43.51	43.51
juego1	easy	40.0	0.008	82440	700	229	424	195	0	43.51	43.51	43.51
juego1	easy	40.0	0.008	82449	700	229	424	195	0	43.51	43.51	43.51
juego1	easy	40.0	0.008	82459	700	229	424	195	0	43.51	43.51	43.51
juego1	easy	40.0	0.008	82467	700	228	424	196	0	43.51	43.51	43.51
juego1	easy	40.0	0.008	82475	700	228	424	196	0	43.51	43.51	43.51
juego1	easy	40.0	0.008	82484	700	228	424	196	0	43.51	43.51	43.51
juego1	easy	40.0	0.008	82493	700	228	424	196	0	43.51	43.51	43.51
juego1	easy	40.0	0.008	82501	700	228	424	196	0	43.51	43.51	43.51
juego1	easy	40.0	0.008	82510	700	227	424	197	0	43.51	43.51	43.51
juego1	easy	40.0	0.008	82518	700	227	424	197	0	43.51	43.51	43.51
juego1	easy	40.0	0.008	82526	700	227	424	197	0	43.51	43.51	43.51
juego1	easy	40.0	0.008	82535	700	227	424	197	0	43.51	43.51	43.51
juego1	easy	40.0	0.008	82544	700	227	424	197	0	43.51	43.51	43.51
juego1	easy	40.0	0.008	82552	700	226	424	198	0	43.5	43.5	43.5
juego1	easy	40.0	0.008	82561	700	226	424	198	0	43.51	43.51	43.51
juego1	easy	40.0	0.008	82568	700	226	424	198	0	43.51	43.51	43.51
juego1	easy	40.0	0.008	82577	700	226	424	198	0	43.51	43.51	43.51
juego1	easy	40.0	0.008	82585	700	226	424	198	0	43.51	43.51	43.51
juego1	easy	40.0	0.008	82594	700	226	424	198	0	43.5	43.5	43.5
juego1	easy	40.0	0.008	82603	700	225	424	199	0	43.51	43.51	43.51
juego1	easy	40.0	0.008	82611	700	225	424	199	0	43.51	43.51	43.51
juego1	easy	40.0	0.008	82620	700	225	424	199	0	43.51	43.51	43.51
juego1	easy	40.0	0.008	82628	700	225	424	199	0	43.51	43.51	43.51
juego1	easy	40.0	0.008	82637	700	225	424	199	0	43.51	43.51	43.51
juego1	easy	40.0	0.008	82646	700	225	424	199	0	43.51	43.51	43.51
juego1	easy	40.0	0.008	82654	700	224	424	200	0	43.51	43.51	43.51
juego1	easy	40.0	0.008	82663	700	224	424	200	0	43.51	43.51	43.51
juego1	easy	40.0	0.008	82672	700	224	424	200	0	43.51	43.51	43.51
juego1	easy	40.0	0.008	82680	700	224	424	200	0	43.5	43.5	43.5
juego1	easy	40.0	0.008	82689	700	224	424	200	0	43.5	43.5	43.5
juego1	easy	40.0	0.008	82698	700	224	424	200	0	43.5	43.5	43.5
juego1	easy	40.0	0.008	82706	700	224	424	200	0	43.51	43.51	43.51
juego1	easy	40.0	0.008	82715	700	223	424	201	0	43.51	43.51	43.51
juego1	easy	40.0	0.008	82724	700	223	424	201	0	43.5	43.5	43.5
juego1	easy	40.0	0.008	82733	700	223	424	201	0	43.5	43.5	43.5
juego1	easy	40.0	0.008	82742	700	223	424	201	0	43.51	43.51	43.51
juego1	easy	40.0	0.008	82750	700	223	424	201	0	43.51	43.51	43.51
juego1	easy	40.0	0.008	82758	700	223	424	201	0	43.51	43.51	43.51
juego1	easy	40.0	0.008	82766	700	223	424	201	0	43.51	43.51	43.51
juego1	easy	40.0	0.008	82774	700	223	424	201	0	43.51	43.51	43.51
juego1	easy	40.0	0.008	82783	700	223	424	201	0	43.51	43.51	43.51
juego1	easy	40.0	0.008	82791	700	222	424	202	0	43.51	43.51	43.51
juego1	easy	40.0	0.008	82799	700	222	424	202	0	43.51	43.51	43.51
juego1	easy	40.0	0.008	82808	700	222	424	202	0	43.51	43.51	43.51
juego1	easy	40.0	0.008	82815	700	222	424	202	0	43.51	43.51	43.51
juego1	easy	40.0	0.008	82824	700	222	424	202	0	43.51	43.51	43.51
juego1	easy	40.0	0.008	82834	700	222	424	202	0	43.51	43.51	43.51
juego1	easy	40.0	0.008	82842	700	222	424	202	0	43.51	43.51	43.51
juego1	easy	40.0	0.008	82851	700	222	424	202	0	43.51	43.51	43.51
juego1	easy	40.0	0.008	82860	700	222	424	202	0	43.51	43.51	43.51
juego1	easy	40.0	0.008	82869	700	222	424	202	0	43.51	43.51	43.51
juego1	easy	40.0	0.008	82878	700	222	424	202	0	43.51	43.51	43.51
juego1	easy	40.0	0.008	82887	700	222	424	202	0	43.51	43.51	43.51
juego1	easy	40.0	0.008	82895	700	221	424	203	0	43.51	43.51	43.51
juego1	easy	40.0	0.008	82903	700	221	424	203	0	43.51	43.51	43.51
juego1	easy	40.0	0.008	82913	700	221	424	203	0	43.51	43.51	43.51
juego1	easy	40.0	0.008	82920	700	221	424	203	0	43.51	43.51	43.51
juego1	easy	40.0	0.008	82929	700	221	424	203	0	43.51	43.51	43.51
juego1	easy	40.0	0.008	82938	700	221	424	203	0	43.52	43.52	43.52
juego1	easy	40.0	0.008	82946	700	221	424	203	0	43.52	43.52	43.52
juego1	easy	40.0	0.008	82954	700	221	424	203	0	43.52	43.52	43.52
juego1	easy	40.0	0.008	82963	700	221	424	203	0	43.52	43.52	43.52
juego1	easy	40.0	0.008	82971	700	221	424	203	0	43.52	43.52	43.52
juego1	easy	40.0	0.008	82979	700	221	424	203	0	43.52	43.52	43.52
juego1	easy	40.0	0.008	82988	700	221	424	203	0	43.51	43.51	43.51
juego1	easy	40.0	0.008	82996	700	221	424	203	0	43.51	43.51	43.51
juego1	easy	40.0	0.008	83004	700	221	424	203	0	43.51	43.51	43.51
juego1	easy	40.0	0.008	83013	700	221	424	203	0	43.51	43.51	43.51
juego1	easy	40.0	0.008	83021	700	221	424	203	0	43.51	43.51	43.51
juego1	easy	40.0	0.008	83029	700	221	424	203	0	43.51	43.51	43.51
juego1	easy	40.0	0.008	83038	700	221	424	203	0	43.51	43.51	43.51
juego1	easy	40.0	0.008	83047	700	221	424	203	0	43.51	43.51	43.51
juego1	easy	40.0	0.008	83056	700	221	424	203	0	43.51	43.51	43.51
juego1	easy	40.0	0.008	83065	700	221	424	203	0	43.51	43.51	43.51
juego1	easy	40.0	0.008	83074	700	221	424	203	0	43.51	43.51	43.51
juego1	easy	40.0	0.008	83083	700	221	424	203	0	43.51	43.51	43.51
juego1	easy	40.0	0.008	83091	700	221	424	203	0	43.51	43.51	43.51
juego1	easy	40.0	0.008	83099	700	221	424	203	0	43.51	43.51	43.51
juego1	easy	40.0	0.008	83108	700	221	425	204	0	43.46	43.46	43.46
juego1	easy	40.0	0.008	83116	700	221	425	204	0	43.33	43.33	43.33
juego1	easy	40.0	0.008	83125	700	221	425	204	0	43.24	43.24	43.24
juego1	easy	40.0	0.008	83134	700	221	426	205	0	43.09	43.09	43.09
juego1	easy	40.0	0.008	83143	700	221	426	205	0	43.02	43.02	43.02
juego1	easy	40.0	0.008	83151	700	221	426	205	0	42.95	42.95	42.95
juego1	easy	40.0	0.008	83161	700	221	427	206	0	42.83	42.83	42.83
juego1	easy	40.0	0.008	83169	700	221	427	206	0	42.81	42.81	42.81
juego1	easy	40.0	0.008	83178	700	221	427	206	0	42.77	42.77	42.77
juego1	easy	40.0	0.008	83186	700	221	427	206	0	42.71	42.71	42.71
juego1	easy	40.0	0.008	83194	700	221	427	206	0	42.58	42.58	42.58
juego1	easy	40.0	0.008	83203	700	221	428	207	0	42.5	42.5	42.5
juego1	easy	40.0	0.008	83212	700	221	428	207	0	42.42	42.42	42.42
juego1	easy	40.0	0.008	83222	700	221	428	207	0	42.33	42.33	42.33
juego1	easy	40.0	0.008	83230	700	221	428	207	0	42.28	42.28	42.28
juego1	easy	40.0	0.008	83239	700	221	429	208	0	42.19	42.19	42.19
juego1	easy	40.0	0.008	83248	700	221	429	208	0	42.12	42.12	42.12
juego1	easy	40.0	0.008	83257	700	221	429	208	0	42.01	42.01	42.01
juego1	easy	40.0	0.008	83266	700	221	430	209	0	41.91	41.91	41.91
juego1	easy	40.0	0.008	83274	700	221	430	209	0	41.9	41.9	41.9
juego1	easy	40.0	0.008	83283	700	221	430	209	0	41.81	41.81	41.81
juego1	easy	40.0	0.008	83291	700	222	430	208	0	41.75	41.75	41.75
juego1	easy	40.0	0.008	83300	700	222	430	208	0	41.69	41.69	41.69
juego1	easy	40.0	0.008	83308	700	222	430	208	0	41.63	41.63	41.63
juego1	easy	40.0	0.008	83317	700	222	431	209	0	41.57	41.57	41.57
juego1	easy	40.0	0.008	83324	700	222	431	209	0	41.54	41.54	41.54
juego1	easy	40.0	0.008	83333	700	222	431	209	0	41.5	41.5	41.5
juego1	easy	40.0	0.008	83342	700	222	431	209	0	41.48	41.48	41.48
juego1	easy	40.0	0.008	83350	700	222	431	209	0	41.47	41.47	41.47
juego1	easy	40.0	0.008	83358	700	222	431	209	0	41.42	41.42	41.42
juego1	easy	40.0	0.008	83367	700	222	431	209	0	41.37	41.37	41.37
juego1	easy	40.0	0.008	83376	700	222	431	209	0	41.39	41.39	41.39
juego1	easy	40.0	0.008	83383	700	222	431	209	0	41.34	41.34	41.34
juego1	easy	40.0	0.008	83391	700	223	431	208	0	41.28	41.28	41.28
juego1	easy	40.0	0.008	83400	700	223	431	208	0	41.29	41.29	41.29
juego1	easy	40.0	0.008	83409	700	223	431	208	0	41.29	41.29	41.29
juego1	easy	40.0	0.008	83417	700	223	432	209	0	41.27	41.27	41.27
juego1	easy	40.0	0.008	83424	700	223	432	209	0	41.27	41.27	41.27
juego1	easy	40.0	0.008	83433	700	223	432	209	0	41.27	41.27	41.27
juego1	easy	40.0	0.008	83442	700	223	432	209	0	41.26	41.26	41.26
juego1	easy	40.0	0.008	83452	700	223	432	209	0	41.27	41.27	41.27
juego1	easy	40.0	0.008	83460	700	224	432	208	0	41.27	41.27	41.27
juego1	easy	40.0	0.008	83469	700	224	432	208	0	41.27	41.27	41.27
juego1	easy	40.0	0.008	83478	700	224	432	208	0	41.26	41.26	41.26
juego1	easy	40.0	0.008	83487	700	224	432	208	0	41.26	41.26	41.26
juego1	easy	40.0	0.008	83497	700	224	432	208	0	41.27	41.27	41.27
juego1	easy	40.0	0.008	83505	700	224	432	208	0	41.26	41.26	41.26
juego1	easy	40.0	0.008	83513	700	224	432	208	0	41.26	41.26	41.26
juego1	easy	40.0	0.008	83522	700	224	432	208	0	41.26	41.26	41.26
juego1	easy	40.0	0.008	83530	700	225	432	207	0	41.26	41.26	41.26
juego1	easy	40.0	0.008	83539	700	225	432	207	0	41.26	41.26	41.26
juego1	easy	40.0	0.008	83548	700	225	432	207	0	41.26	41.26	41.26
juego1	easy	40.0	0.008	83558	700	225	432	207	0	41.26	41.26	41.26
juego1	easy	40.0	0.008	83567	700	225	432	207	0	41.26	41.26	41.26
juego1	easy	40.0	0.008	83575	700	225	432	207	0	41.26	41.26	41.26
juego1	easy	40.0	0.008	83583	700	226	432	206	0	41.26	41.26	41.26
juego1	easy	40.0	0.008	83592	700	226	432	206	0	41.26	41.26	41.26
juego1	easy	40.0	0.008	83601	700	226	432	206	0	41.26	41.26	41.26
juego1	easy	40.0	0.008	83610	700	226	432	206	0	41.26	41.26	41.26
juego1	easy	40.0	0.008	83618	700	226	432	206	0	41.26	41.26	41.26
juego1	easy	40.0	0.008	83626	700	226	432	206	0	41.26	41.26	41.26
juego1	easy	40.0	0.008	83635	700	227	432	205	0	41.26	41.26	41.26
juego1	easy	40.0	0.008	83644	700	227	432	205	0	41.26	41.26	41.26
juego1	easy	40.0	0.008	83652	700	227	432	205	0	41.26	41.26	41.26
juego1	easy	40.0	0.008	83660	700	227	432	205	0	41.26	41.26	41.26
juego1	easy	40.0	0.008	83669	700	227	432	205	0	41.26	41.26	41.26
juego1	easy	40.0	0.008	83678	700	228	432	204	0	41.26	41.26	41.26
juego1	easy	40.0	0.008	83687	700	228	432	204	0	41.26	41.26	41.26
juego1	easy	40.0	0.008	83694	700	228	432	204	0	41.26	41.26	41.26
juego1	easy	40.0	0.008	83703	700	228	432	204	0	41.26	41.26	41.26
juego1	easy	40.0	0.008	83712	700	228	432	204	0	41.26	41.26	41.26
juego1	easy	40.0	0.008	83720	700	229	432	203	0	41.26	41.26	41.26
juego1	easy	40.0	0.008	83728	700	229	432	203	0	41.26	41.26	41.26
juego1	easy	40.0	0.008	83736	700	229	432	203	0	41.26	41.26	41.26
juego1	easy	40.0	0.008	83745	700	229	432	203	0	41.26	41.26	41.26
juego1	easy	40.0	0.008	83754	700	229	432	203	0	41.26	41.26	41.26
juego1	easy	40.0	0.008	83764	700	230	432	202	0	41.26	41.26	41.26
juego1	easy	40.0	0.008	83772	700	230	432	202	0	41.26	41.26	41.26
juego1	easy	40.0	0.008	83780	700	230	432	202	0	41.27	41.27	41.27
juego1	easy	40.0	0.008	83788	700	230	432	202	0	41.26	41.26	41.26
juego1	easy	40.0	0.008	83797	700	231	432	201	0	41.27	41.27	41.27
juego1	easy	40.0	0.008	83805	700	231	432	201	0	41.26	41.26	41.26
juego1	easy	40.0	0.008	83813	700	231	432	201	0	41.26	41.26	41.26
juego1	easy	40.0	0.008	83821	700	231	432	201	0	41.27	41.27	41.27
juego1	easy	40.0	0.008	83830	700	232	432	200	0	41.27	41.27	41.27
juego1	easy	40.0	0.008	83839	700	232	432	200	0	41.27	41.27	41.27
juego1	easy	40.0	0.008	83848	700	232	432	200	0	41.27	41.27	41.27
juego1	easy	40.0	0.008	83858	700	232	432	200	0	41.27	41.27	41.27
juego1	easy	40.0	0.008	83866	700	232	432	200	0	41.27	41.27	41.27
juego1	easy	40.0	0.008	83875	700	233	432	199	0	41.27	41.27	41.27
juego1	easy	40.0	0.008	83884	700	233	432	199	0	41.27	41.27	41.27
juego1	easy	40.0	0.008	83893	700	233	432	199	0	41.27	41.27	41.27
juego1	easy	40.0	0.008	83901	700	233	432	199	0	41.27	41.27	41.27
juego1	easy	40.0	0.008	83910	700	234	432	198	0	41.27	41.27	41.27
juego1	easy	40.0	0.008	83919	700	234	432	198	0	41.27	41.27	41.27
juego1	easy	40.0	0.008	83926	700	234	432	198	0	41.27	41.27	41.27
juego1	easy	40.0	0.008	83935	700	235	432	197	0	41.27	41.27	41.27
juego1	easy	40.0	0.008	83944	700	235	432	197	0	41.27	41.27	41.27
juego1	easy	40.0	0.008	83953	700	235	432	197	0	41.27	41.27	41.27
juego1	easy	40.0	0.008	83963	700	235	432	197	0	41.27	41.27	41.27
juego1	easy	40.0	0.008	83971	700	236	432	196	0	41.27	41.27	41.27
juego1	easy	40.0	0.008	83979	700	236	432	196	0	41.27	41.27	41.27
juego1	easy	40.0	0.008	83988	700	236	432	196	0	41.27	41.27	41.27
juego1	easy	40.0	0.008	83997	700	236	432	196	0	41.27	41.27	41.27
juego1	easy	40.0	0.008	84006	700	237	432	195	0	41.27	41.27	41.27
juego1	easy	40.0	0.008	84015	700	237	432	195	0	41.27	41.27	41.27
juego1	easy	40.0	0.008	84024	700	237	432	195	0	41.27	41.27	41.27
juego1	easy	40.0	0.008	84033	700	238	432	194	0	41.27	41.27	41.27
juego1	easy	40.0	0.008	84040	700	238	432	194	0	41.27	41.27	41.27
juego1	easy	40.0	0.008	84049	700	238	432	194	0	41.27	41.27	41.27
juego1	easy	40.0	0.008	84058	700	238	432	194	0	41.27	41.27	41.27
juego1	easy	40.0	0.008	84067	700	239	432	193	0	41.27	41.27	41.27
juego1	easy	40.0	0.008	84076	700	239	432	193	0	41.27	41.27	41.27
juego1	easy	40.0	0.008	84084	700	239	432	193	0	41.27	41.27	41.27
juego1	easy	40.0	0.008	84091	700	240	432	192	0	41.27	41.27	41.27
juego1	easy	40.0	0.008	84100	700	240	432	192	0	41.27	41.27	41.27
juego1	easy	40.0	0.008	84110	700	240	432	192	0	41.27	41.27	41.27
juego1	easy	40.0	0.008	84118	700	241	432	191	0	41.27	41.27	41.27
juego1	easy	40.0	0.008	84127	700	241	432	191	0	41.27	41.27	41.27
juego1	easy	40.0	0.008	84135	700	241	432	191	0	41.27	41.27	41.27
juego1	easy	40.0	0.008	84143	700	241	432	191	0	41.27	41.27	41.27
juego1	easy	40.0	0.008	84152	700	242	432	190	0	41.27	41.27	41.27
juego1	easy	40.0	0.008	84161	700	242	432	190	0	41.27	41.27	41.27
juego1	easy	40.0	0.008	84170	700	242	432	190	0	41.27	41.27	41.27
juego1	easy	40.0	0.008	84177	700	243	432	189	0	41.27	41.27	41.27
juego1	easy	40.0	0.008	84186	700	243	432	189	0	41.27	41.27	41.27
juego1	easy	40.0	0.008	84195	700	243	432	189	0	41.27	41.27	41.27
juego1	easy	40.0	0.008	84204	700	244	432	188	0	41.27	41.27	41.27
juego1	easy	40.0	0.008	84212	700	244	432	188	0	41.27	41.27	41.27
juego1	easy	40.0	0.008	84221	700	244	432	188	0	41.27	41.27	41.27
juego1	easy	40.0	0.008	84230	700	245	432	187	0	41.27	41.27	41.27
juego1	easy	40.0	0.008	84240	700	245	432	187	0	41.27	41.27	41.27
juego1	easy	40.0	0.008	84247	700	245	432	187	0	41.27	41.27	41.27
juego1	easy	40.0	0.008	84256	700	246	432	186	0	41.27	41.27	41.27
juego1	easy	40.0	0.008	84265	700	246	432	186	0	41.27	41.27	41.27
juego1	easy	40.0	0.008	84273	700	246	432	186	0	41.27	41.27	41.27
juego1	easy	40.0	0.008	84282	700	247	432	185	0	41.27	41.27	41.27
juego1	easy	40.0	0.008	84290	700	247	432	185	0	41.27	41.27	41.27
juego1	easy	40.0	0.008	84298	700	247	432	185	0	41.27	41.27	41.27
juego1	easy	40.0	0.008	84307	700	248	432	184	0	41.27	41.27	41.27
juego1	easy	40.0	0.008	84316	700	248	431	183	0	41.28	41.28	41.28
juego1	easy	40.0	0.008	84324	700	248	432	184	0	41.27	41.27	41.27
juego1	easy	40.0	0.008	84331	700	249	432	183	0	41.27	41.27	41.27
juego1	easy	40.0	0.008	84340	700	249	431	182	0	41.28	41.28	41.28
juego1	easy	40.0	0.008	84348	700	249	431	182	0	41.28	41.28	41.28
juego1	easy	40.0	0.008	84357	700	250	431	181	0	41.28	41.28	41.28
juego1	easy	40.0	0.008	84365	700	250	431	181	0	41.28	41.28	41.28
juego1	easy	40.0	0.008	84374	700	250	431	181	0	41.28	41.28	41.28
juego1	easy	40.0	0.008	84382	700	251	432	181	0	41.27	41.27	41.27
juego1	easy	40.0	0.008	84391	700	251	431	180	0	41.28	41.28	41.28
juego1	easy	40.0	0.008	84400	700	251	431	180	0	41.28	41.28	41.28
juego1	easy	40.0	0.008	84408	700	252	432	180	0	41.27	41.27	41.27
juego1	easy	40.0	0.008	84417	700	252	432	180	0	41.27	41.27	41.27
juego1	easy	40.0	0.008	84425	700	253	432	179	0	41.27	41.27	41.27
juego1	easy	40.0	0.008	84435	700	253	432	179	0	41.27	41.27	41.27
juego1	easy	40.0	0.008	84442	700	253	431	178	0	41.28	41.28	41.28
juego1	easy	40.0	0.008	84451	700	254	432	178	0	41.27	41.27	41.27
juego1	easy	40.0	0.008	84460	700	254	432	178	0	41.27	41.27	41.27
juego1	easy	40.0	0.008	84467	700	254	432	178	0	41.27	41.27	41.27
juego1	easy	40.0	0.008	84475	700	255	432	177	0	41.27	41.27	41.27
juego1	easy	40.0	0.008	84483	700	255	432	177	0	41.27	41.27	41.27
juego1	easy	40.0	0.008	84491	700	255	432	177	0	41.27	41.27	41.27
juego1	easy	40.0	0.008	84500	700	256	432	176	0	41.27	41.27	41.27
juego1	easy	40.0	0.008	84507	700	256	432	176	0	41.27	41.27	41.27
juego1	easy	40.0	0.008	84515	700	256	432	176	0	41.27	41.27	41.27
juego1	easy	40.0	0.008	84522	700	257	432	175	0	41.27	41.27	41.27
juego1	easy	40.0	0.008	84530	700	257	432	175	0	41.27	41.27	41.27
juego1	easy	40.0	0.008	84539	700	258	432	174	0	41.27	41.27	41.27
juego1	easy	40.0	0.008	84547	700	258	431	173	0	41.28	41.28	41.28
juego1	easy	40.0	0.008	84556	700	258	432	174	0	41.27	41.27	41.27
juego1	easy	40.0	0.008	84565	700	259	432	173	0	41.27	41.27	41.27
juego1	easy	40.0	0.008	84573	700	259	432	173	0	41.27	41.27	41.27
juego1	easy	40.0	0.008	84582	700	259	432	173	0	41.27	41.27	41.27
juego1	easy	40.0	0.008	84591	700	260	432	172	0	41.27	41.27	41.27
juego1	easy	40.0	0.008	84599	700	260	432	172	0	41.27	41.27	41.27
juego1	easy	40.0	0.008	84607	700	261	431	170	0	41.28	41.28	41.28
juego1	easy	40.0	0.008	84616	700	261	431	170	0	41.28	41.28	41.28
juego1	easy	40.0	0.008	84625	700	261	431	170	0	41.28	41.28	41.28
juego1	easy	40.0	0.008	84633	700	262	431	169	0	41.28	41.28	41.28
juego1	easy	40.0	0.008	84642	700	262	432	170	0	41.27	41.27	41.27
juego1	easy	40.0	0.008	84651	700	262	432	170	0	41.27	41.27	41.27
juego1	easy	40.0	0.008	84660	700	263	432	169	0	41.27	41.27	41.27
juego1	easy	40.0	0.008	84668	700	263	432	169	0	41.27	41.27	41.27
juego1	easy	40.0	0.008	84677	700	263	432	169	0	41.27	41.27	41.27
juego1	easy	40.0	0.008	84685	700	264	432	168	0	41.27	41.27	41.27
juego1	easy	40.0	0.008	84694	700	264	432	168	0	41.27	41.27	41.27
juego1	easy	40.0	0.008	84703	700	265	432	167	0	41.27	41.27	41.27
juego1	easy	40.0	0.008	84711	700	265	432	167	0	41.27	41.27	41.27
juego1	easy	40.0	0.008	84720	700	265	431	166	0	41.28	41.28	41.28
juego1	easy	40.0	0.008	84728	700	266	432	166	0	41.27	41.27	41.27
juego1	easy	40.0	0.008	84737	700	266	432	166	0	41.27	41.27	41.27
juego1	easy	40.0	0.008	84746	700	266	432	166	0	41.27	41.27	41.27
juego1	easy	40.0	0.008	84755	700	267	432	165	0	41.27	41.27	41.27
juego1	easy	40.0	0.008	84763	700	267	432	165	0	41.27	41.27	41.27
juego1	easy	40.0	0.008	84771	700	268	432	164	0	41.27	41.27	41.27
juego1	easy	40.0	0.008	84780	700	268	431	163	0	41.28	41.28	41.28
juego1	easy	40.0	0.008	84789	700	269	432	163	0	41.27	41.27	41.27
juego1	easy	40.0	0.008	84798	700	269	432	163	0	41.27	41.27	41.27
juego1	easy	40.0	0.008	84805	700	270	432	162	0	41.27	41.27	41.27
juego1	easy	40.0	0.008	84813	700	271	432	161	0	41.27	41.27	41.27
juego1	easy	40.0	0.008	84822	700	271	432	161	0	41.27	41.27	41.27
juego1	easy	40.0	0.008	84831	700	272	431	159	0	41.28	41.28	41.28
juego1	easy	40.0	0.008	84839	700	272	432	160	0	41.27	41.27	41.27
juego1	easy	40.0	0.008	84846	700	273	432	159	0	41.27	41.27	41.27
juego1	easy	40.0	0.008	84855	700	274	432	158	0	41.27	41.27	41.27
juego1	easy	40.0	0.008	84864	700	274	432	158	0	41.27	41.27	41.27
juego1	easy	40.0	0.008	84873	700	275	432	157	0	41.27	41.27	41.27
juego1	easy	40.0	0.008	84881	700	275	431	156	0	41.28	41.28	41.28
juego1	easy	40.0	0.008	84890	700	276	431	155	0	41.28	41.28	41.28
juego1	easy	40.0	0.008	84898	700	276	432	156	0	41.27	41.27	41.27
juego1	easy	40.0	0.008	84907	700	277	432	155	0	41.27	41.27	41.27
juego1	easy	40.0	0.008	84915	700	278	431	153	0	41.28	41.28	41.28
juego1	easy	40.0	0.008	84923	700	278	431	153	0	41.28	41.28	41.28
juego1	easy	40.0	0.008	84931	700	279	431	152	0	41.28	41.28	41.28
juego1	easy	40.0	0.008	84940	700	279	431	152	0	41.28	41.28	41.28
juego1	easy	40.0	0.008	84948	700	280	431	151	0	41.28	41.28	41.28
juego1	easy	40.0	0.008	84957	700	280	432	152	0	41.27	41.27	41.27
juego1	easy	40.0	0.008	84966	700	281	432	151	0	41.27	41.27	41.27
juego1	easy	40.0	0.008	84975	700	282	432	150	0	41.27	41.27	41.27
juego1	easy	40.0	0.008	84982	700	282	432	150	0	41.27	41.27	41.27
juego1	easy	40.0	0.008	84991	700	283	432	149	0	41.27	41.27	41.27
juego1	easy	40.0	0.008	84999	700	283	432	149	0	41.27	41.27	41.27
juego1	easy	40.0	0.008	85006	700	284	432	148	0	41.27	41.27	41.27
juego1	easy	40.0	0.008	85014	700	285	432	147	0	41.27	41.27	41.27
juego1	easy	40.0	0.008	85023	700	285	432	147	0	41.27	41.27	41.27
juego1	easy	40.0	0.008	85032	700	286	432	146	0	41.27	41.27	41.27
juego1	easy	40.0	0.008	85041	700	286	432	146	0	41.27	41.27	41.27
juego1	easy	40.0	0.008	85050	700	287	432	145	0	41.27	41.27	41.27
juego1	easy	40.0	0.008	85059	700	287	432	145	0	41.27	41.27	41.27
juego1	easy	40.0	0.008	85067	700	288	432	144	0	41.27	41.27	41.27
juego1	easy	40.0	0.008	85076	700	288	432	144	0	41.27	41.27	41.27
juego1	easy	40.0	0.008	85084	700	289	432	143	0	41.27	41.27	41.27
juego1	easy	40.0	0.008	85092	700	290	432	142	0	41.27	41.27	41.27
juego1	easy	40.0	0.008	85101	700	290	432	142	0	41.27	41.27	41.27
juego1	easy	40.0	0.008	85109	700	291	432	141	0	41.27	41.27	41.27
juego1	easy	40.0	0.008	85118	700	291	432	141	0	41.27	41.27	41.27
juego1	easy	40.0	0.008	85127	700	292	432	140	0	41.26	41.26	41.26
juego1	easy	40.0	0.008	85136	700	292	432	140	0	41.27	41.27	41.27
juego1	easy	40.0	0.008	85144	700	293	432	139	0	41.26	41.26	41.26
juego1	easy	40.0	0.008	85152	700	293	432	139	0	41.26	41.26	41.26
juego1	easy	40.0	0.008	85161	700	294	432	138	0	41.26	41.26	41.26
juego1	easy	40.0	0.008	85171	700	295	432	137	0	41.26	41.26	41.26
juego1	easy	40.0	0.008	85179	700	295	432	137	0	41.26	41.26	41.26
juego1	easy	40.0	0.008	85188	700	296	432	136	0	41.26	41.26	41.26
juego1	easy	40.0	0.008	85196	700	296	432	136	0	41.26	41.26	41.26
juego1	easy	40.0	0.008	85206	700	297	432	135	0	41.26	41.26	41.26
juego1	easy	40.0	0.008	85214	700	297	432	135	0	41.26	41.26	41.26
juego1	easy	40.0	0.008	85223	700	298	432	134	0	41.26	41.26	41.26
juego1	easy	40.0	0.008	85232	700	298	432	134	0	41.26	41.26	41.26
juego1	easy	40.0	0.008	85241	700	299	432	133	0	41.26	41.26	41.26
juego1	easy	40.0	0.008	85248	700	299	432	133	0	41.26	41.26	41.26
juego1	easy	40.0	0.008	85257	700	300	432	132	0	41.26	41.26	41.26
juego1	easy	40.0	0.008	85266	700	300	432	132	0	41.26	41.26	41.26
juego1	easy	40.0	0.008	85274	700	300	432	132	0	41.26	41.26	41.26
juego1	easy	40.0	0.008	85282	700	300	432	132	0	41.26	41.26	41.26
juego1	easy	40.0	0.008	85290	700	301	432	131	0	41.26	41.26	41.26
juego1	easy	40.0	0.008	85299	700	301	432	131	0	41.27	41.27	41.27
juego1	easy	40.0	0.008	85308	700	302	432	130	0	41.26	41.26	41.26
juego1	easy	40.0	0.008	85317	700	303	432	129	0	41.26	41.26	41.26
juego1	easy	40.0	0.008	85325	700	303	432	129	0	41.27	41.27	41.27
juego1	easy	40.0	0.008	85334	700	304	432	128	0	41.27	41.27	41.27
juego1	easy	40.0	0.008	85343	700	304	432	128	0	41.26	41.26	41.26
juego1	easy	40.0	0.008	85352	700	305	432	127	0	41.26	41.26	41.26
juego1	easy	40.0	0.008	85360	700	305	432	127	0	41.27	41.27	41.27
juego1	easy	40.0	0.008	85369	700	306	432	126	0	41.26	41.26	41.26
juego1	easy	40.0	0.008	85378	700	306	432	126	0	41.27	41.27	41.27
juego1	easy	40.0	0.008	85386	700	307	432	125	0	41.27	41.27	41.27
juego1	easy	40.0	0.008	85395	700	307	432	125	0	41.27	41.27	41.27
juego1	easy	40.0	0.008	85403	700	307	432	125	0	41.27	41.27	41.27
juego1	easy	40.0	0.008	85412	700	308	432	124	0	41.26	41.26	41.26
juego1	easy	40.0	0.008	85420	700	308	432	124	0	41.26	41.26	41.26
juego1	easy	40.0	0.008	85429	700	309	432	123	0	41.26	41.26	41.26
juego1	easy	40.0	0.008	85438	700	309	432	123	0	41.26	41.26	41.26
juego1	easy	40.0	0.008	85447	700	310	432	122	0	41.26	41.26	41.26
juego1	easy	40.0	0.008	85455	700	310	432	122	0	41.26	41.26	41.26
juego1	easy	40.0	0.008	85462	700	311	432	121	0	41.26	41.26	41.26
juego1	easy	40.0	0.008	85471	700	311	432	121	0	41.26	41.26	41.26
juego1	easy	40.0	0.008	85478	700	312	432	120	0	41.26	41.26	41.26
juego1	easy	40.0	0.008	85487	700	312	432	120	0	41.27	41.27	41.27
juego1	easy	40.0	0.008	85495	700	313	432	119	0	41.26	41.26	41.26
juego1	easy	40.0	0.008	85504	700	313	432	119	0	41.26	41.26	41.26
juego1	easy	40.0	0.008	85512	700	314	432	118	0	41.27	41.27	41.27
juego1	easy	40.0	0.008	85521	700	314	432	118	0	41.26	41.26	41.26
juego1	easy	40.0	0.008	85529	700	314	432	118	0	41.26	41.26	41.26
juego1	easy	40.0	0.008	85538	700	315	432	117	0	41.26	41.26	41.26
juego1	easy	40.0	0.008	85547	700	315	432	117	0	41.27	41.27	41.27
juego1	easy	40.0	0.008	85555	700	316	432	116	0	41.27	41.27	41.27
juego1	easy	40.0	0.008	85564	700	316	432	116	0	41.26	41.26	41.26
juego1	easy	40.0	0.008	85573	700	317	432	115	0	41.26	41.26	41.26
juego1	easy	40.0	0.008	85582	700	317	432	115	0	41.26	41.26	41.26
juego1	easy	40.0	0.008	85590	700	317	432	115	0	41.26	41.26	41.26
juego1	easy	40.0	0.008	85598	700	318	432	114	0	41.27	41.27	41.27
juego1	easy	40.0	0.008	85606	700	318	432	114	0	41.27	41.27	41.27
juego1	easy	40.0	0.008	85614	700	319	432	113	0	41.27	41.27	41.27
juego1	easy	40.0	0.008	85623	700	319	432	113	0	41.26	41.26	41.26
juego1	easy	40.0	0.008	85632	700	320	432	112	0	41.26	41.26	41.26
juego1	easy	40.0	0.008	85641	700	320	432	112	0	41.27	41.27	41.27
juego1	easy	40.0	0.008	85649	700	320	432	112	0	41.27	41.27	41.27
juego1	easy	40.0	0.008	85658	700	321	432	111	0	41.27	41.27	41.27
juego1	easy	40.0	0.008	85667	700	321	432	111	0	41.27	41.27	41.27
juego1	easy	40.0	0.008	85676	700	322	432	110	0	41.27	41.27	41.27
juego1	easy	40.0	0.008	85685	700	322	432	110	0	41.27	41.27	41.27
juego1	easy	40.0	0.008	85693	700	322	432	110	0	41.27	41.27	41.27
juego1	easy	40.0	0.008	85701	700	323	432	109	0	41.27	41.27	41.27
juego1	easy	40.0	0.008	85710	700	323	432	109	0	41.27	41.27	41.27
juego1	easy	40.0	0.008	85717	700	323	432	109	0	41.27	41.27	41.27
juego1	easy	40.0	0.008	85726	700	324	432	108	0	41.27	41.27	41.27
juego1	easy	40.0	0.008	85735	700	324	432	108	0	41.27	41.27	41.27
juego1	easy	40.0	0.008	85743	700	324	432	108	0	41.27	41.27	41.27
juego1	easy	40.0	0.008	85751	700	325	432	107	0	41.27	41.27	41.27
juego1	easy	40.0	0.008	85760	700	325	432	107	0	41.27	41.27	41.27
juego1	easy	40.0	0.008	85769	700	326	432	106	0	41.27	41.27	41.27
juego1	easy	40.0	0.008	85776	700	326	432	106	0	41.27	41.27	41.27
juego1	easy	40.0	0.008	85785	700	326	432	106	0	41.27	41.27	41.27
juego1	easy	40.0	0.008	85793	700	327	432	105	0	41.27	41.27	41.27
juego1	easy	40.0	0.008	85802	700	327	432	105	0	41.27	41.27	41.27
juego1	easy	40.0	0.008	85810	700	327	432	105	0	41.27	41.27	41.27
juego1	easy	40.0	0.008	85819	700	328	432	104	0	41.27	41.27	41.27
juego1	easy	40.0	0.008	85828	700	328	432	104	0	41.27	41.27	41.27
juego1	easy	40.0	0.008	85837	700	328	432	104	0	41.27	41.27	41.27
juego1	easy	40.0	0.008	85846	700	329	432	103	0	41.27	41.27	41.27
juego1	easy	40.0	0.008	85855	700	329	432	103	0	41.27	41.27	41.27
juego1	easy	40.0	0.008	85863	700	329	432	103	0	41.27	41.27	41.27
juego1	easy	40.0	0.008	85871	700	329	432	103	0	41.27	41.27	41.27
juego1	easy	40.0	0.008	85880	700	330	432	102	0	41.27	41.27	41.27
juego1	easy	40.0	0.008	85889	700	330	432	102	0	41.27	41.27	41.27
juego1	easy	40.0	0.008	85898	700	330	432	102	0	41.27	41.27	41.27
juego1	easy	40.0	0.008	85907	700	331	432	101	0	41.27	41.27	41.27
juego1	easy	40.0	0.008	85915	700	331	432	101	0	41.27	41.27	41.27
juego1	easy	40.0	0.008	85924	700	331	432	101	0	41.27	41.27	41.27
juego1	easy	40.0	0.008	85931	700	331	432	101	0	41.27	41.27	41.27
juego1	easy	40.0	0.008	85940	700	332	432	100	0	41.27	41.27	41.27
juego1	easy	40.0	0.008	85949	700	332	432	100	0	41.27	41.27	41.27
juego1	easy	40.0	0.008	85956	700	332	432	100	0	41.27	41.27	41.27
juego1	easy	40.0	0.008	85965	700	332	432	100	0	41.27	41.27	41.27
juego1	easy	40.0	0.008	85974	700	333	432	99	0	41.27	41.27	41.27
juego1	easy	40.0	0.008	85983	700	333	432	99	0	41.27	41.27	41.27
juego1	easy	40.0	0.008	85992	700	333	432	99	0	41.27	41.27	41.27
juego1	easy	40.0	0.008	86000	700	333	432	99	0	41.27	41.27	41.27
juego1	easy	40.0	0.008	86009	700	334	432	98	0	41.27	41.27	41.27
juego1	easy	40.0	0.008	86018	700	334	432	98	0	41.27	41.27	41.27
juego1	easy	40.0	0.008	86027	700	334	432	98	0	41.27	41.27	41.27
juego1	easy	40.0	0.008	86036	700	334	432	98	0	41.27	41.27	41.27
juego1	easy	40.0	0.008	86045	700	335	432	97	0	41.27	41.27	41.27
juego1	easy	40.0	0.008	86054	700	335	432	97	0	41.27	41.27	41.27
juego1	easy	40.0	0.008	86062	700	335	432	97	0	41.27	41.27	41.27
juego1	easy	40.0	0.008	86071	700	335	432	97	0	41.27	41.27	41.27
juego1	easy	40.0	0.008	86080	700	335	432	97	0	41.27	41.27	41.27
juego1	easy	40.0	0.008	86088	700	336	432	96	0	41.27	41.27	41.27
juego1	easy	40.0	0.008	86096	700	336	432	96	0	41.27	41.27	41.27
juego1	easy	40.0	0.008	86105	700	336	432	96	0	41.27	41.27	41.27
juego1	easy	40.0	0.008	86114	700	336	432	96	0	41.27	41.27	41.27
juego1	easy	40.0	0.008	86121	700	336	432	96	0	41.27	41.27	41.27
juego1	easy	40.0	0.008	86130	700	337	432	95	0	41.27	41.27	41.27
juego1	easy	40.0	0.008	86138	700	337	432	95	0	41.27	41.27	41.27
juego1	easy	40.0	0.008	86146	700	337	432	95	0	41.27	41.27	41.27
juego1	easy	40.0	0.008	86155	700	337	432	95	0	41.27	41.27	41.27
juego1	easy	40.0	0.008	86164	700	337	432	95	0	41.27	41.27	41.27
juego1	easy	40.0	0.008	86174	700	337	432	95	0	41.27	41.27	41.27
juego1	easy	40.0	0.008	86182	700	337	432	95	0	41.27	41.27	41.27
juego1	easy	40.0	0.008	86191	700	338	432	94	0	41.27	41.27	41.27
juego1	easy	40.0	0.008	86200	700	338	432	94	0	41.27	41.27	41.27
juego1	easy	40.0	0.008	86209	700	338	432	94	0	41.27	41.27	41.27
juego1	easy	40.0	0.008	86216	700	338	432	94	0	41.27	41.27	41.27
juego1	easy	40.0	0.008	86225	700	338	431	93	0	41.28	41.28	41.28
juego1	easy	40.0	0.008	86233	700	338	431	93	0	41.28	41.28	41.28
juego1	easy	40.0	0.008	86242	700	338	432	94	0	41.27	41.27	41.27
juego1	easy	40.0	0.008	86251	700	338	432	94	0	41.27	41.27	41.27
juego1	easy	40.0	0.008	86260	700	339	431	92	0	41.28	41.28	41.28
juego1	easy	40.0	0.008	86269	700	339	431	92	0	41.28	41.28	41.28
juego1	easy	40.0	0.008	86277	700	339	432	93	0	41.27	41.27	41.27
juego1	easy	40.0	0.008	86285	700	339	432	93	0	41.27	41.27	41.27
juego1	easy	40.0	0.008	86293	700	339	432	93	0	41.27	41.27	41.27
juego1	easy	40.0	0.008	86302	700	339	432	93	0	41.27	41.27	41.27
juego1	easy	40.0	0.008	86310	700	339	431	92	0	41.28	41.28	41.28
juego1	easy	40.0	0.008	86318	700	339	431	92	0	41.28	41.28	41.28
juego1	easy	40.0	0.008	86327	700	339	431	92	0	41.28	41.28	41.28
juego1	easy	40.0	0.008	86335	700	339	431	92	0	41.28	41.28	41.28
juego1	easy	40.0	0.008	86344	700	339	431	92	0	41.28	41.28	41.28
juego1	easy	40.0	0.008	86352	700	339	431	92	0	41.28	41.28	41.28
juego1	easy	40.0	0.008	86361	700	339	431	92	0	41.28	41.28	41.28
juego1	easy	40.0	0.008	86370	700	340	431	91	0	41.28	41.28	41.28
juego1	easy	40.0	0.008	86378	700	340	431	91	0	41.28	41.28	41.28
juego1	easy	40.0	0.008	86387	700	340	431	91	0	41.28	41.28	41.28
juego1	easy	40.0	0.008	86395	700	340	431	91	0	41.28	41.28	41.28
juego1	easy	40.0	0.008	86403	700	340	431	91	0	41.28	41.28	41.28
juego1	easy	40.0	0.008	86412	700	340	431	91	0	41.28	41.28	41.28
juego1	easy	40.0	0.008	86420	700	340	431	91	0	41.28	41.28	41.28
juego1	easy	40.0	0.008	86429	700	340	431	91	0	41.28	41.28	41.28
juego1	easy	40.0	0.008	86437	700	340	431	91	0	41.28	41.28	41.28
juego1	easy	40.0	0.008	86446	700	340	431	91	0	41.28	41.28	41.28
juego1	easy	40.0	0.008	86454	700	340	431	91	0	41.28	41.28	41.28
juego1	easy	40.0	0.008	86463	700	340	431	91	0	41.28	41.28	41.28
juego1	easy	40.0	0.008	86471	700	340	431	91	0	41.28	41.28	41.28
juego1	easy	40.0	0.008	86479	700	340	431	91	0	41.28	41.28	41.28
juego1	easy	40.0	0.008	86488	700	340	431	91	0	41.28	41.28	41.28
juego1	easy	40.0	0.008	86496	700	340	431	91	0	41.28	41.28	41.28
juego1	easy	40.0	0.008	86504	700	340	431	91	0	41.28	41.28	41.28
juego1	easy	40.0	0.008	86512	700	340	431	91	0	41.28	41.28	41.28
juego1	easy	40.0	0.008	86520	700	340	431	91	0	41.28	41.28	41.28
juego1	easy	40.0	0.008	86529	700	339	431	92	0	41.28	41.28	41.28
juego1	easy	40.0	0.008	86539	700	339	431	92	0	41.28	41.28	41.28
juego1	easy	40.0	0.008	86547	700	339	431	92	0	41.28	41.28	41.28
juego1	easy	40.0	0.008	86556	700	339	431	92	0	41.28	41.28	41.28
juego1	easy	40.0	0.008	86565	700	339	431	92	0	41.28	41.28	41.28
juego1	easy	40.0	0.008	86573	700	339	431	92	0	41.28	41.28	41.28
juego1	easy	40.0	0.008	86581	700	339	431	92	0	41.28	41.28	41.28
juego1	easy	40.0	0.008	86590	700	339	431	92	0	41.28	41.28	41.28
juego1	easy	40.0	0.008	86599	700	339	431	92	0	41.28	41.28	41.28
juego1	easy	40.0	0.008	86609	700	339	431	92	0	41.28	41.28	41.28
juego1	easy	40.0	0.008	86616	700	339	431	92	0	41.28	41.28	41.28
juego1	easy	40.0	0.008	86625	700	339	431	92	0	41.28	41.28	41.28
juego1	easy	40.0	0.008	86634	700	339	431	92	0	41.28	41.28	41.28
juego1	easy	40.0	0.008	86643	700	338	431	93	0	41.28	41.28	41.28
juego1	easy	40.0	0.008	86652	700	338	431	93	0	41.28	41.28	41.28
juego1	easy	40.0	0.008	86660	700	338	431	93	0	41.28	41.28	41.28
juego1	easy	40.0	0.008	86668	700	338	431	93	0	41.28	41.28	41.28
juego1	easy	40.0	0.008	86677	700	338	431	93	0	41.28	41.28	41.28
juego1	easy	40.0	0.008	86685	700	338	431	93	0	41.28	41.28	41.28
juego1	easy	40.0	0.008	86693	700	338	431	93	0	41.28	41.28	41.28
juego1	easy	40.0	0.008	86702	700	338	431	93	0	41.28	41.28	41.28
juego1	easy	40.0	0.008	86711	700	337	431	94	0	41.28	41.28	41.28
juego1	easy	40.0	0.008	86720	700	337	431	94	0	41.28	41.28	41.28
juego1	easy	40.0	0.008	86729	700	337	431	94	0	41.28	41.28	41.28
juego1	easy	40.0	0.008	86738	700	337	431	94	0	41.28	41.28	41.28
juego1	easy	40.0	0.008	86747	700	337	431	94	0	41.28	41.28	41.28
juego1	easy	40.0	0.008	86755	700	337	431	94	0	41.28	41.28	41.28
juego1	easy	40.0	0.008	86763	700	337	431	94	0	41.28	41.28	41.28
juego1	easy	40.0	0.008	86772	700	336	431	95	0	41.28	41.28	41.28
juego1	easy	40.0	0.008	86779	700	336	431	95	0	41.28	41.28	41.28
juego1	easy	40.0	0.008	86788	700	336	431	95	0	41.28	41.28	41.28
juego1	easy	40.0	0.008	86797	700	336	431	95	0	41.28	41.28	41.28
juego1	easy	40.0	0.008	86805	700	336	431	95	0	41.28	41.28	41.28
juego1	easy	40.0	0.008	86812	700	335	431	96	0	41.28	41.28	41.28
juego1	easy	40.0	0.008	86821	700	335	431	96	0	41.28	41.28	41.28
juego1	easy	40.0	0.008	86830	700	335	431	96	0	41.28	41.28	41.28
juego1	easy	40.0	0.008	86839	700	335	431	96	0	41.28	41.28	41.28
juego1	easy	40.0	0.008	86846	700	335	431	96	0	41.28	41.28	41.28
juego1	easy	40.0	0.008	86855	700	334	431	97	0	41.28	41.28	41.28
juego1	easy	40.0	0.008	86863	700	334	431	97	0	41.28	41.28	41.28
juego1	easy	40.0	0.008	86872	700	334	431	97	0	41.28	41.28	41.28
juego1	easy	40.0	0.008	86881	700	334	431	97	0	41.28	41.28	41.28
juego1	easy	40.0	0.008	86890	700	333	431	98	0	41.28	41.28	41.28
juego1	easy	40.0	0.008	86899	700	333	431	98	0	41.28	41.28	41.28
juego1	easy	40.0	0.008	86908	700	333	431	98	0	41.28	41.28	41.28
juego1	easy	40.0	0.008	86917	700	333	431	98	0	41.28	41.28	41.28
juego1	easy	40.0	0.008	86926	700	332	431	99	0	41.28	41.28	41.28
juego1	easy	40.0	0.008	86936	700	332	431	99	0	41.28	41.28	41.28
juego1	easy	40.0	0.008	86943	700	332	431	99	0	41.28	41.28	41.28
juego1	easy	40.0	0.008	86952	700	332	431	99	0	41.28	41.28	41.28
juego1	easy	40.0	0.008	86960	700	331	431	100	0	41.28	41.28	41.28
juego1	easy	40.0	0.008	86969	700	331	431	100	0	41.28	41.28	41.28
juego1	easy	40.0	0.008	86977	700	331	431	100	0	41.28	41.28	41.28
juego1	easy	40.0	0.008	86986	700	331	431	100	0	41.28	41.28	41.28
juego1	easy	40.0	0.008	86994	700	330	431	101	0	41.28	41.28	41.28
juego1	easy	40.0	0.008	87004	700	330	431	101	0	41.28	41.28	41.28
juego1	easy	40.0	0.008	87011	700	330	431	101	0	41.28	41.28	41.28
juego1	easy	40.0	0.008	87020	700	329	431	102	0	41.28	41.28	41.28
juego1	easy	40.0	0.008	87029	700	329	431	102	0	41.28	41.28	41.28
juego1	easy	40.0	0.008	87038	700	329	431	102	0	41.28	41.28	41.28
juego1	easy	40.0	0.008	87047	700	329	431	102	0	41.28	41.28	41.28
juego1	easy	40.0	0.008	87056	700	328	431	103	0	41.28	41.28	41.28
juego1	easy	40.0	0.008	87065	700	328	431	103	0	41.28	41.28	41.28
juego1	easy	40.0	0.008	87074	700	328	431	103	0	41.28	41.28	41.28
juego1	easy	40.0	0.008	87083	700	327	431	104	0	41.28	41.28	41.28
juego1	easy	40.0	0.008	87091	700	327	431	104	0	41.28	41.28	41.28
juego1	easy	40.0	0.008	87100	700	327	431	104	0	41.28	41.28	41.28
juego1	easy	40.0	0.008	87108	700	326	431	105	0	41.28	41.28	41.28
juego1	easy	40.0	0.008	87117	700	326	431	105	0	41.28	41.28	41.28
juego1	easy	40.0	0.008	87125	700	326	431	105	0	41.28	41.28	41.28
juego1	easy	40.0	0.008	87133	700	325	431	106	0	41.28	41.28	41.28
juego1	easy	40.0	0.008	87141	700	325	431	106	0	41.28	41.28	41.28
juego1	easy	40.0	0.008	87149	700	325	431	106	0	41.28	41.28	41.28
juego1	easy	40.0	0.008	87158	700	324	431	107	0	41.28	41.28	41.28
juego1	easy	40.0	0.008	87167	700	324	431	107	0	41.28	41.28	41.28
juego1	easy	40.0	0.008	87176	700	323	431	108	0	41.28	41.28	41.28
juego1	easy	40.0	0.008	87184	700	323	431	108	0	41.28	41.28	41.28
juego1	easy	40.0	0.008	87193	700	323	431	108	0	41.28	41.28	41.28
juego1	easy	40.0	0.008	87202	700	322	431	109	0	41.28	41.28	41.28
juego1	easy	40.0	0.008	87211	700	322	431	109	0	41.28	41.28	41.28
juego1	easy	40.0	0.008	87219	700	322	431	109	0	41.28	41.28	41.28
juego1	easy	40.0	0.008	87228	700	321	431	110	0	41.28	41.28	41.28
juego1	easy	40.0	0.008	87236	700	321	431	110	0	41.28	41.28	41.28
juego1	easy	40.0	0.008	87243	700	320	431	111	0	41.28	41.28	41.28
juego1	easy	40.0	0.008	87251	700	320	431	111	0	41.28	41.28	41.28
juego1	easy	40.0	0.008	87261	700	320	431	111	0	41.28	41.28	41.28
juego1	easy	40.0	0.008	87268	700	319	431	112	0	41.28	41.28	41.28
juego1	easy	40.0	0.008	87277	700	319	431	112	0	41.28	41.28	41.28
juego1	easy	40.0	0.008	87284	700	318	431	113	0	41.28	41.28	41.28
juego1	easy	40.0	0.008	87292	700	318	431	113	0	41.28	41.28	41.28
juego1	easy	40.0	0.008	87300	700	318	431	113	0	41.28	41.28	41.28
juego1	easy	40.0	0.008	87309	700	317	431	114	0	41.28	41.28	41.28
juego1	easy	40.0	0.008	87318	700	317	431	114	0	41.28	41.28	41.28
juego1	easy	40.0	0.008	87327	700	316	431	115	0	41.28	41.28	41.28
juego1	easy	40.0	0.008	87336	700	316	431	115	0	41.28	41.28	41.28
juego1	easy	40.0	0.008	87345	700	315	431	116	0	41.28	41.28	41.28
juego1	easy	40.0	0.008	87353	700	315	431	116	0	41.28	41.28	41.28
juego1	easy	40.0	0.008	87361	700	315	431	116	0	41.28	41.28	41.28
juego1	easy	40.0	0.008	87370	700	314	431	117	0	41.28	41.28	41.28
juego1	easy	40.0	0.008	87379	700	314	431	117	0	41.28	41.28	41.28
juego1	easy	40.0	0.008	87387	700	313	431	118	0	41.28	41.28	41.28
juego1	easy	40.0	0.008	87396	700	313	431	118	0	41.28	41.28	41.28
juego1	easy	40.0	0.008	87405	700	312	431	119	0	41.28	41.28	41.28
juego1	easy	40.0	0.008	87413	700	312	431	119	0	41.28	41.28	41.28
juego1	easy	40.0	0.008	87422	700	311	431	120	0	41.28	41.28	41.28
juego1	easy	40.0	0.008	87430	700	311	431	120	0	41.28	41.28	41.28
juego1	easy	40.0	0.008	87438	700	310	431	121	0	41.28	41.28	41.28
juego1	easy	40.0	0.008	87446	700	310	431	121	0	41.28	41.28	41.28
juego1	easy	40.0	0.008	87454	700	309	431	122	0	41.28	41.28	41.28
juego1	easy	40.0	0.008	87463	700	309	431	122	0	41.28	41.28	41.28
juego1	easy	40.0	0.008	87472	700	309	431	122	0	41.28	41.28	41.28
juego1	easy	40.0	0.008	87481	700	308	431	123	0	41.28	41.28	41.28
juego1	easy	40.0	0.008	87490	700	308	431	123	0	41.28	41.28	41.28
juego1	easy	40.0	0.008	87499	700	307	431	124	0	41.28	41.28	41.28
juego1	easy	40.0	0.008	87506	700	307	431	124	0	41.28	41.28	41.28
juego1	easy	40.0	0.008	87515	700	306	431	125	0	41.28	41.28	41.28
juego1	easy	40.0	0.008	87523	700	306	431	125	0	41.28	41.28	41.28
juego1	easy	40.0	0.008	87532	700	305	431	126	0	41.28	41.28	41.28
juego1	easy	40.0	0.008	87539	700	305	431	126	0	41.28	41.28	41.28
juego1	easy	40.0	0.008	87548	700	304	431	127	0	41.28	41.28	41.28
juego1	easy	40.0	0.008	87557	700	304	431	127	0	41.28	41.28	41.28
juego1	easy	40.0	0.008	87566	700	303	431	128	0	41.28	41.28	41.28
juego1	easy	40.0	0.008	87575	700	303	431	128	0	41.28	41.28	41.28
juego1	easy	40.0	0.008	87584	700	302	431	129	0	41.28	41.28	41.28
juego1	easy	40.0	0.008	87593	700	302	431	129	0	41.28	41.28	41.28
juego1	easy	40.0	0.008	87600	700	301	431	130	0	41.28	41.28	41.28
juego1	easy	40.0	0.008	87609	700	301	431	130	0	41.28	41.28	41.28
juego1	easy	40.0	0.008	87618	700	300	431	131	0	41.28	41.28	41.28
juego1	easy	40.0	0.008	87626	700	300	431	131	0	41.28	41.28	41.28
juego1	easy	40.0	0.008	87634	700	300	431	131	0	41.28	41.28	41.28
juego1	easy	40.0	0.008	87643	700	299	431	132	0	41.28	41.28	41.28
juego1	easy	40.0	0.008	87652	700	299	431	132	0	41.28	41.28	41.28
juego1	easy	40.0	0.008	87660	700	298	431	133	0	41.28	41.28	41.28
juego1	easy	40.0	0.008	87669	700	298	431	133	0	41.28	41.28	41.28
juego1	easy	40.0	0.008	87677	700	297	431	134	0	41.28	41.28	41.28
juego1	easy	40.0	0.008	87684	700	297	431	134	0	41.28	41.28	41.28
juego1	easy	40.0	0.008	87693	700	296	431	135	0	41.28	41.28	41.28
juego1	easy	40.0	0.008	87701	700	296	431	135	0	41.28	41.28	41.28
juego1	easy	40.0	0.008	87710	700	295	431	136	0	41.28	41.28	41.28
juego1	easy	40.0	0.008	87719	700	295	431	136	0	41.28	41.28	41.28
juego1	easy	40.0	0.008	87728	700	294	431	137	0	41.28	41.28	41.28
juego1	easy	40.0	0.008	87737	700	294	431	137	0	41.28	41.28	41.28
juego1	easy	40.0	0.008	87744	700	293	431	138	0	41.28	41.28	41.28
juego1	easy	40.0	0.008	87752	700	292	431	139	0	41.28	41.28	41.28
juego1	easy	40.0	0.008	87760	700	292	431	139	0	41.28	41.28	41.28
juego1	easy	40.0	0.008	87768	700	291	431	140	0	41.28	41.28	41.28
juego1	easy	40.0	0.008	87776	700	291	431	140	0	41.28	41.28	41.28
juego1	easy	40.0	0.008	87785	700	290	431	141	0	41.28	41.28	41.28
juego1	easy	40.0	0.008	87793	700	290	431	141	0	41.28	41.28	41.28
juego1	easy	40.0	0.008	87802	700	289	431	142	0	41.28	41.28	41.28
juego1	easy	40.0	0.008	87811	700	289	431	142	0	41.28	41.28	41.28
juego1	easy	40.0	0.008	87820	700	288	431	143	0	41.28	41.28	41.28
juego1	easy	40.0	0.008	87828	700	287	431	144	0	41.28	41.28	41.28
juego1	easy	40.0	0.008	87837	700	287	431	144	0	41.28	41.28	41.28
juego1	easy	40.0	0.008	87846	700	286	431	145	0	41.28	41.28	41.28
juego1	easy	40.0	0.008	87854	700	286	431	145	0	41.28	41.28	41.28
juego1	easy	40.0	0.008	87863	700	285	431	146	0	41.28	41.28	41.28
juego1	easy	40.0	0.008	87871	700	285	431	146	0	41.28	41.28	41.28
juego1	easy	40.0	0.008	87879	700	284	431	147	0	41.28	41.28	41.28
juego1	easy	40.0	0.008	87888	700	283	431	148	0	41.28	41.28	41.28
juego1	easy	40.0	0.008	87897	700	283	431	148	0	41.28	41.28	41.28
juego1	easy	40.0	0.008	87905	700	282	431	149	0	41.28	41.28	41.28
juego1	easy	40.0	0.008	87913	700	282	431	149	0	41.28	41.28	41.28
juego1	easy	40.0	0.008	87922	700	281	431	150	0	41.28	41.28	41.28
juego1	easy	40.0	0.008	87931	700	281	431	150	0	41.28	41.28	41.28
juego1	easy	40.0	0.008	87940	700	280	431	151	0	41.28	41.28	41.28
juego1	easy	40.0	0.008	87949	700	279	431	152	0	41.28	41.28	41.28
juego1	easy	40.0	0.008	87957	700	279	431	152	0	41.28	41.28	41.28
juego1	easy	40.0	0.008	87966	700	278	431	153	0	41.28	41.28	41.28
juego1	easy	40.0	0.008	87975	700	278	431	153	0	41.28	41.28	41.28
juego1	easy	40.0	0.008	87983	700	277	431	154	0	41.28	41.28	41.28
juego1	easy	40.0	0.008	87991	700	276	431	155	0	41.28	41.28	41.28
juego1	easy	40.0	0.008	87999	700	276	431	155	0	41.28	41.28	41.28
juego1	easy	40.0	0.008	88007	700	275	431	156	0	41.28	41.28	41.28
juego1	easy	40.0	0.008	88015	700	275	431	156	0	41.28	41.28	41.28
juego1	easy	40.0	0.008	88022	700	274	431	157	0	41.28	41.28	41.28
juego1	easy	40.0	0.008	88031	700	274	431	157	0	41.28	41.28	41.28
juego1	easy	40.0	0.008	88038	700	273	431	158	0	41.28	41.28	41.28
juego1	easy	40.0	0.008	88047	700	272	431	159	0	41.28	41.28	41.28
juego1	easy	40.0	0.008	88056	700	272	431	159	0	41.28	41.28	41.28
juego1	easy	40.0	0.008	88065	700	271	431	160	0	41.28	41.28	41.28
juego1	easy	40.0	0.008	88072	700	271	431	160	0	41.28	41.28	41.28
juego1	easy	40.0	0.008	88080	700	270	431	161	0	41.28	41.28	41.28
juego1	easy	40.0	0.008	88089	700	269	431	162	0	41.28	41.28	41.28
juego1	easy	40.0	0.008	88097	700	269	431	162	0	41.28	41.28	41.28
juego1	easy	40.0	0.008	88106	700	268	431	163	0	41.28	41.28	41.28
juego1	easy	40.0	0.008	88115	700	268	431	163	1	41.28	41.28	41.28
juego1	easy	40.0	0.008	88123	700	267	431	164	1	41.28	41.28	41.28
juego1	easy	40.0	0.008	88132	700	267	431	164	1	41.28	41.28	41.28
juego1	easy	40.0	0.008	88141	700	267	431	164	1	41.28	41.28	41.28
juego1	easy	40.0	0.008	88149	700	266	431	165	1	41.28	41.28	41.28
juego1	easy	40.0	0.008	88158	700	266	431	165	1	41.28	41.28	41.28
juego1	easy	40.0	0.008	88166	700	266	431	165	1	41.28	41.28	41.28
juego1	easy	40.0	0.008	88175	700	265	431	166	1	41.28	41.28	41.28
juego1	easy	40.0	0.008	88184	700	265	431	166	1	41.28	41.28	41.28
juego1	easy	40.0	0.008	88193	700	265	431	166	1	41.28	41.28	41.28
juego1	easy	40.0	0.008	88201	700	264	431	167	1	41.28	41.28	41.28
juego1	easy	40.0	0.008	88209	700	264	431	167	1	41.28	41.28	41.28
juego1	easy	40.0	0.008	88218	700	263	431	168	1	41.28	41.28	41.28
juego1	easy	40.0	0.008	88225	700	263	431	168	1	41.28	41.28	41.28
juego1	easy	40.0	0.008	88234	700	263	431	168	1	41.28	41.28	41.28
juego1	easy	40.0	0.008	88242	700	262	431	169	1	41.28	41.28	41.28
juego1	easy	40.0	0.008	88251	700	262	431	169	1	41.28	41.28	41.28
juego1	easy	40.0	0.008	88258	700	262	431	169	1	41.28	41.28	41.28
juego1	easy	40.0	0.008	88266	700	261	431	170	1	41.28	41.28	41.28
juego1	easy	40.0	0.008	88275	700	261	431	170	1	41.28	41.28	41.28
juego1	easy	40.0	0.008	88284	700	260	431	171	1	41.28	41.28	41.28
juego1	easy	40.0	0.008	88293	700	260	431	171	1	41.28	41.28	41.28
juego1	easy	40.0	0.008	88300	700	260	431	171	1	41.28	41.28	41.28
juego1	easy	40.0	0.008	88310	700	259	431	172	1	41.28	41.28	41.28
juego1	easy	40.0	0.008	88318	700	259	431	172	1	41.28	41.28	41.28
juego1	easy	40.0	0.008	88326	700	259	431	172	1	41.28	41.28	41.28
juego1	easy	40.0	0.008	88335	700	258	431	173	1	41.28	41.28	41.28
juego1	easy	40.0	0.008	88343	700	258	431	173	1	41.28	41.28	41.28
juego1	easy	40.0	0.008	88353	700	257	431	174	1	41.28	41.28	41.28
juego1	easy	40.0	0.008	88360	700	257	431	174	1	41.28	41.28	41.28
juego1	easy	40.0	0.008	88369	700	257	431	174	1	41.28	41.28	41.28
juego1	easy	40.0	0.008	88377	700	256	431	175	1	41.28	41.28	41.28
juego1	easy	40.0	0.008	88386	700	256	431	175	1	41.28	41.28	41.28
juego1	easy	40.0	0.008	88394	700	256	431	175	1	41.28	41.28	41.28
juego1	easy	40.0	0.008	88403	700	255	431	176	1	41.28	41.28	41.28
juego1	easy	40.0	0.008	88412	700	255	431	176	1	41.28	41.28	41.28
juego1	easy	40.0	0.008	88421	700	255	431	176	1	41.28	41.28	41.28
juego1	easy	40.0	0.008	88430	700	254	431	177	1	41.28	41.28	41.28
juego1	easy	40.0	0.008	88439	700	254	431	177	1	41.28	41.28	41.28
juego1	easy	40.0	0.008	88448	700	253	431	178	1	41.28	41.28	41.28
juego1	easy	40.0	0.008	88456	700	253	431	178	1	41.28	41.28	41.28
juego1	easy	40.0	0.008	88465	700	253	431	178	1	41.28	41.28	41.28
juego1	easy	40.0	0.008	88474	700	252	431	179	1	41.28	41.28	41.28
juego1	easy	40.0	0.008	88483	700	252	431	179	1	41.28	41.28	41.28
juego1	easy	40.0	0.008	88492	700	252	431	179	1	41.28	41.28	41.28
juego1	easy	40.0	0.008	88500	700	251	431	180	1	41.28	41.28	41.28
juego1	easy	40.0	0.008	88509	700	251	431	180	1	41.28	41.28	41.28
juego1	easy	40.0	0.008	88517	700	251	431	180	1	41.28	41.28	41.28
juego1	easy	40.0	0.008	88524	700	250	431	181	1	41.28	41.28	41.28
juego1	easy	40.0	0.008	88534	700	250	431	181	1	41.28	41.28	41.28
juego1	easy	40.0	0.008	88542	700	250	431	181	1	41.28	41.28	41.28
juego1	easy	40.0	0.008	88550	700	249	431	182	1	41.28	41.28	41.28
juego1	easy	40.0	0.008	88558	700	249	431	182	1	41.28	41.28	41.28
juego1	easy	40.0	0.008	88566	700	249	431	182	1	41.28	41.28	41.28
juego1	easy	40.0	0.008	88575	700	248	431	183	1	41.28	41.28	41.28
juego1	easy	40.0	0.008	88583	700	248	431	183	1	41.28	41.28	41.28
juego1	easy	40.0	0.008	88592	700	248	431	183	1	41.28	41.28	41.28
juego1	easy	40.0	0.008	88599	700	247	431	184	1	41.28	41.28	41.28
juego1	easy	40.0	0.008	88607	700	247	431	184	1	41.28	41.28	41.28
juego1	easy	40.0	0.008	88616	700	247	431	184	1	41.28	41.28	41.28
juego1	easy	40.0	0.008	88625	700	246	431	185	1	41.28	41.28	41.28
juego1	easy	40.0	0.008	88634	700	246	431	185	1	41.28	41.28	41.28
juego1	easy	40.0	0.008	88642	700	246	431	185	1	41.28	41.28	41.28
juego1	easy	40.0	0.008	88651	700	245	431	186	1	41.28	41.28	41.28
juego1	easy	40.0	0.008	88660	700	245	431	186	1	41.28	41.28	41.28
juego1	easy	40.0	0.008	88669	700	245	431	186	1	41.28	41.28	41.28
juego1	easy	40.0	0.008	88677	700	244	431	187	1	41.28	41.28	41.28
juego1	easy	40.0	0.008	88684	700	244	431	187	1	41.28	41.28	41.28
juego1	easy	40.0	0.008	88692	700	244	431	187	1	41.28	41.28	41.28
juego1	easy	40.0	0.008	88700	700	243	431	188	1	41.28	41.28	41.28
juego1	easy	40.0	0.008	88710	700	243	431	188	1	41.28	41.28	41.28
juego1	easy	40.0	0.008	88716	700	243	431	188	1	41.28	41.28	41.28
juego1	easy	40.0	0.008	88725	700	242	431	189	1	41.28	41.28	41.28
juego1	easy	40.0	0.008	88735	700	242	431	189	1	41.28	41.28	41.28
juego1	easy	40.0	0.008	88743	700	242	431	189	1	41.28	41.28	41.28
juego1	easy	40.0	0.008	88752	700	241	431	190	1	41.28	41.28	41.28
juego1	easy	40.0	0.008	88761	700	241	431	190	1	41.28	41.28	41.28
juego1	easy	40.0	0.008	88770	700	241	431	190	1	41.28	41.28	41.28
juego1	easy	40.0	0.008	88779	700	240	431	191	1	41.28	41.28	41.28
juego1	easy	40.0	0.008	88788	700	240	431	191	1	41.28	41.28	41.28
juego1	easy	40.0	0.008	88796	700	240	431	191	1	41.28	41.28	41.28
juego1	easy	40.0	0.008	88804	700	240	431	191	1	41.28	41.28	41.28
juego1	easy	40.0	0.008	88812	700	239	431	192	1	41.28	41.28	41.28
juego1	easy	40.0	0.008	88822	700	239	431	192	1	41.28	41.28	41.28
juego1	easy	40.0	0.008	88830	700	239	431	192	1	41.28	41.28	41.28
juego1	easy	40.0	0.008	88839	700	238	431	193	1	41.28	41.28	41.28
juego1	easy	40.0	0.008	88848	700	238	431	193	1	41.28	41.28	41.28
juego1	easy	40.0	0.008	88855	700	238	431	193	1	41.28	41.28	41.28
juego1	easy	40.0	0.008	88864	700	237	431	194	1	41.28	41.28	41.28
juego1	easy	40.0	0.008	88872	700	237	431	194	1	41.28	41.28	41.28
juego1	easy	40.0	0.008	88881	700	237	431	194	1	41.28	41.28	41.28
juego1	easy	40.0	0.008	88889	700	237	431	194	1	41.28	41.28	41.28
juego1	easy	40.0	0.008	88898	700	236	431	195	1	41.28	41.28	41.28
juego1	easy	40.0	0.008	88907	700	236	431	195	1	41.28	41.28	41.28
juego1	easy	40.0	0.008	88916	700	236	431	195	1	41.28	41.28	41.28
juego1	easy	40.0	0.008	88925	700	236	431	195	1	41.28	41.28	41.28
juego1	easy	40.0	0.008	88934	700	235	431	196	1	41.28	41.28	41.28
juego1	easy	40.0	0.008	88942	700	235	431	196	1	41.28	41.28	41.28
juego1	easy	40.0	0.008	88950	700	235	431	196	1	41.28	41.28	41.28
juego1	easy	40.0	0.008	88958	700	234	431	197	1	41.28	41.28	41.28
juego1	easy	40.0	0.008	88966	700	234	431	197	1	41.28	41.28	41.28
juego1	easy	40.0	0.008	88975	700	234	431	197	1	41.28	41.28	41.28
juego1	easy	40.0	0.008	88983	700	234	431	197	1	41.28	41.28	41.28
juego1	easy	40.0	0.008	88992	700	233	431	198	1	41.28	41.28	41.28
juego1	easy	40.0	0.008	89001	700	233	431	198	1	41.28	41.28	41.28
juego1	easy	40.0	0.008	89010	700	233	431	198	1	41.28	41.28	41.28
juego1	easy	40.0	0.008	89018	700	233	431	198	1	41.28	41.28	41.28
juego1	easy	40.0	0.008	89026	700	232	431	199	1	41.28	41.28	41.28
juego1	easy	40.0	0.008	89035	700	232	431	199	1	41.28	41.28	41.28
juego1	easy	40.0	0.008	89044	700	232	431	199	1	41.28	41.28	41.28
juego1	easy	40.0	0.008	89052	700	232	431	199	1	41.28	41.28	41.28
juego1	easy	40.0	0.008	89061	700	231	431	200	1	41.28	41.28	41.28
juego1	easy	40.0	0.008	89069	700	231	431	200	1	41.28	41.28	41.28
juego1	easy	40.0	0.008	89077	700	231	431	200	1	41.28	41.28	41.28
juego1	easy	40.0	0.008	89086	700	231	431	200	1	41.28	41.28	41.28
juego1	easy	40.0	0.008	89096	700	230	431	201	1	41.28	41.28	41.28
juego1	easy	40.0	0.008	89102	700	230	431	201	1	41.28	41.28	41.28
juego1	easy	40.0	0.008	89111	700	230	431	201	1	41.28	41.28	41.28
juego1	easy	40.0	0.008	89119	700	230	431	201	1	41.28	41.28	41.28
juego1	easy	40.0	0.008	89127	700	230	431	201	1	41.28	41.28	41.28
juego1	easy	40.0	0.008	89136	700	229	431	202	1	41.28	41.28	41.28
juego1	easy	40.0	0.008	89144	700	229	431	202	1	41.28	41.28	41.28
juego1	easy	40.0	0.008	89152	700	229	431	202	1	41.28	41.28	41.28
juego1	easy	40.0	0.008	89161	700	229	431	202	1	41.28	41.28	41.28
juego1	easy	40.0	0.008	89170	700	229	431	202	1	41.28	41.28	41.28
juego1	easy	40.0	0.008	89178	700	228	431	203	1	41.28	41.28	41.28
juego1	easy	40.0	0.008	89186	700	228	431	203	1	41.28	41.28	41.28
juego1	easy	40.0	0.008	89195	700	228	431	203	1	41.28	41.28	41.28
juego1	easy	40.0	0.008	89204	700	228	431	203	1	41.28	41.28	41.28
juego1	easy	40.0	0.008	89212	700	228	431	203	1	41.28	41.28	41.28
juego1	easy	40.0	0.008	89221	700	227	431	204	1	41.28	41.28	41.28
juego1	easy	40.0	0.008	89229	700	227	431	204	1	41.28	41.28	41.28
juego1	easy	40.0	0.008	89237	700	227	431	204	1	41.28	41.28	41.28
juego1	easy	40.0	0.008	89246	700	227	431	204	1	41.28	41.28	41.28
juego1	easy	40.0	0.008	89255	700	227	431	204	1	41.28	41.28	41.28
juego1	easy	40.0	0.008	89263	700	226	431	205	1	41.28	41.28	41.28
juego1	easy	40.0	0.008	89272	700	226	431	205	1	41.28	41.28	41.28
juego1	easy	40.0	0.008	89279	700	226	431	205	1	41.28	41.28	41.28
juego1	easy	40.0	0.008	89288	700	226	431	205	1	41.28	41.28	41.28
juego1	easy	40.0	0.008	89297	700	226	431	205	1	41.28	41.28	41.28
juego1	easy	40.0	0.008	89306	700	226	431	205	1	41.28	41.28	41.28
juego1	easy	40.0	0.008	89314	700	225	431	206	1	41.28	41.28	41.28
juego1	easy	40.0	0.008	89323	700	225	431	206	1	41.28	41.28	41.28
juego1	easy	40.0	0.008	89332	700	225	431	206	1	41.28	41.28	41.28
juego1	easy	40.0	0.008	89341	700	225	431	206	1	41.28	41.28	41.28
juego1	easy	40.0	0.008	89350	700	225	431	206	1	41.28	41.28	41.28
juego1	easy	40.0	0.008	89359	700	225	431	206	1	41.28	41.28	41.28
juego1	easy	40.0	0.008	89367	700	224	431	207	1	41.28	41.28	41.28
juego1	easy	40.0	0.008	89375	700	224	431	207	1	41.28	41.28	41.28
juego1	easy	40.0	0.008	89383	700	224	431	207	1	41.28	41.28	41.28
juego1	easy	40.0	0.008	89392	700	224	431	207	1	41.28	41.28	41.28
juego1	easy	40.0	0.008	89400	700	224	431	207	1	41.28	41.28	41.28
juego1	easy	40.0	0.008	89409	700	224	431	207	1	41.28	41.28	41.28
juego1	easy	40.0	0.008	89418	700	224	431	207	1	41.28	41.28	41.28
juego1	easy	40.0	0.008	89427	700	223	431	208	1	41.29	41.29	41.29
juego1	easy	40.0	0.008	89435	700	223	431	208	1	41.29	41.29	41.29
juego1	easy	40.0	0.008	89442	700	223	431	208	1	41.29	41.29	41.29
juego1	easy	40.0	0.008	89451	700	223	431	208	1	41.29	41.29	41.29
juego1	easy	40.0	0.008	89460	700	223	431	208	1	41.29	41.29	41.29
juego1	easy	40.0	0.008	89467	700	223	431	208	1	41.29	41.29	41.29
juego1	easy	40.0	0.008	89476	700	223	431	208	1	41.29	41.29	41.29
juego1	easy	40.0	0.008	89484	700	223	431	208	1	41.29	41.29	41.29
juego1	easy	40.0	0.008	89493	700	223	431	208	1	41.29	41.29	41.29
juego1	easy	40.0	0.008	89501	700	222	431	209	1	41.29	41.29	41.29
juego1	easy	40.0	0.008	89511	700	222	431	209	1	41.29	41.29	41.29
juego1	easy	40.0	0.008	89519	700	222	431	209	1	41.29	41.29	41.29
juego1	easy	40.0	0.008	89528	700	222	431	209	1	41.29	41.29	41.29
juego1	easy	40.0	0.008	89536	700	222	431	209	1	41.29	41.29	41.29
juego1	easy	40.0	0.008	89544	700	222	431	209	1	41.29	41.29	41.29
juego1	easy	40.0	0.008	89551	700	222	431	209	1	41.29	41.29	41.29
juego1	easy	40.0	0.008	89559	700	222	431	209	1	41.29	41.29	41.29
juego1	easy	40.0	0.008	89567	700	222	431	209	1	41.29	41.29	41.29
juego1	easy	40.0	0.008	89576	700	222	431	209	1	41.29	41.29	41.29
juego1	easy	40.0	0.008	89585	700	222	431	209	1	41.29	41.29	41.29
juego1	easy	40.0	0.008	89594	700	222	431	209	1	41.29	41.29	41.29
juego1	easy	40.0	0.008	89602	700	221	431	210	1	41.29	41.29	41.29
juego1	easy	40.0	0.008	89611	700	221	431	210	1	41.28	41.28	41.28
juego1	easy	40.0	0.008	89620	700	221	431	210	1	41.28	41.28	41.28
juego1	easy	40.0	0.008	89628	700	221	431	210	1	41.28	41.28	41.28
juego1	easy	40.0	0.008	89636	700	221	431	210	1	41.28	41.28	41.28
juego1	easy	40.0	0.008	89644	700	221	431	210	1	41.28	41.28	41.28
juego1	easy	40.0	0.008	89653	700	221	431	210	1	41.29	41.29	41.29
juego1	easy	40.0	0.008	89662	700	221	431	210	1	41.54	41.54	41.54
juego1	easy	40.0	0.008	89670	700	221	431	210	1	41.57	41.57	41.57
juego1	easy	40.0	0.008	89679	700	221	430	209	1	41.61	41.61	41.61
juego1	easy	40.0	0.008	89689	700	221	431	210	1	41.44	41.44	41.44
juego1	easy	40.0	0.008	89696	700	221	432	211	1	41.05	41.05	41.05
juego1	easy	40.0	0.008	89704	700	221	433	212	1	40.82	40.82	40.82
juego1	easy	40.0	0.008	89712	700	221	435	214	1	40.32	40.32	40.32
juego1	easy	40.0	0.008	89720	700	221	435	214	1	40.04	40.04	40.04
juego1	easy	40.0	0.008	89729	700	221	438	217	1	39.11	39.11	39.11
juego1	easy	40.0	0.008	89738	700	221	442	221	1	38.08	38.08	38.08
juego1	easy	40.0	0.008	89747	700	221	442	221	1	37.96	37.96	37.96
juego1	easy	40.0	0.008	89756	700	221	442	221	1	38.07	38.07	38.07
juego1	easy	40.0	0.008	89765	700	221	440	219	1	38.54	38.54	38.54
juego1	easy	40.0	0.008	89774	700	221	437	216	1	39.46	39.46	39.46
juego1	easy	40.0	0.008	89783	700	221	434	213	1	40.63	40.63	40.63
juego1	easy	40.0	0.008	89792	700	221	431	210	1	41.39	41.39	41.39
juego1	easy	40.0	0.008	89801	700	221	430	209	1	41.6	41.6	41.6
juego1	easy	40.0	0.008	89810	700	221	430	209	1	41.74	41.74	41.74
juego1	easy	40.0	0.008	89819	700	221	429	208	1	41.92	41.92	41.92
juego1	easy	40.0	0.008	89829	700	221	429	208	1	42.09	42.09	42.09
juego1	easy	40.0	0.008	89837	700	221	428	207	1	42.32	42.32	42.32
juego1	easy	40.0	0.008	89846	700	221	428	207	1	42.45	42.45	42.45
juego1	easy	40.0	0.008	89855	700	221	427	206	1	42.8	42.8	42.8
juego1	easy	40.0	0.008	89864	700	221	425	204	1	43.26	43.26	43.26
juego1	easy	40.0	0.008	89873	700	221	424	203	1	43.77	43.77	43.77
juego1	easy	40.0	0.008	89882	700	221	422	201	1	44.35	44.35	44.35
juego1	easy	40.0	0.008	89890	700	221	421	200	1	44.72	44.72	44.72
juego1	easy	40.0	0.008	89898	700	221	418	197	1	45.43	45.43	45.43
juego1	easy	40.0	0.008	89907	700	221	416	195	1	46.28	46.28	46.28
juego1	easy	40.0	0.008	89915	700	221	414	193	1	46.68	46.68	46.68
juego1	easy	40.0	0.008	89923	700	221	413	192	1	47.28	47.28	47.28
juego1	easy	40.0	0.008	89932	700	221	412	191	1	47.56	47.56	47.56
juego1	easy	40.0	0.008	89939	700	221	412	191	1	47.62	47.62	47.62
juego1	easy	40.0	0.008	89948	700	221	411	190	1	47.63	47.63	47.63
juego1	easy	40.0	0.008	89955	700	221	412	191	1	47.61	47.61	47.61
juego1	easy	40.0	0.008	89964	700	221	411	190	1	47.65	47.65	47.65
juego1	easy	40.0	0.008	89972	700	221	411	190	1	47.76	47.76	47.76
juego1	easy	40.0	0.008	89980	700	221	409	188	1	48.28	48.28	48.28
juego1	easy	40.0	0.008	89989	700	221	408	187	1	48.71	48.71	48.71
juego1	easy	40.0	0.008	89998	700	222	405	183	1	49.73	49.73	49.73
juego1	easy	40.0	0.008	90007	700	222	398	176	1	51.88	51.88	51.88
juego1	easy	40.0	0.008	90015	700	222	396	174	1	52.52	52.52	52.52
juego1	easy	40.0	0.008	90024	700	222	392	170	1	53.7	53.7	53.7
juego1	easy	40.0	0.008	90033	700	222	389	167	1	54.72	54.72	54.72
juego1	easy	40.0	0.008	90041	700	222	387	165	1	55.25	55.25	55.25
juego1	easy	40.0	0.008	90050	700	222	384	162	1	56.38	56.38	56.38
juego1	easy	40.0	0.008	90059	700	222	380	158	1	57.64	57.64	57.64
juego1	easy	40.0	0.008	90068	700	222	376	154	1	58.93	58.93	58.93
juego1	easy	40.0	0.008	90076	700	222	374	152	1	59.53	59.53	59.53
juego1	easy	40.0	0.008	90084	700	222	370	148	1	60.68	60.68	60.68
juego1	easy	40.0	0.008	90094	700	222	367	145	1	61.75	61.75	61.75
juego1	easy	40.0	0.008	90101	700	223	365	142	1	62.26	62.26	62.26
juego1	easy	40.0	0.008	90110	700	223	362	139	1	63.3	63.3	63.3
juego1	easy	40.0	0.008	90118	700	223	359	136	1	64.29	64.29	64.29
juego1	easy	40.0	0.008	90126	700	223	358	135	1	64.77	64.77	64.77
juego1	easy	40.0	0.008	90135	700	223	355	132	1	65.71	65.71	65.71
juego1	easy	40.0	0.008	90144	700	223	353	130	1	66.16	66.16	66.16
juego1	easy	40.0	0.008	90153	700	223	350	127	1	67.05	67.05	67.05
juego1	easy	40.0	0.008	90161	700	223	348	125	1	67.78	67.78	67.78
juego1	easy	40.0	0.008	90170	700	224	345	121	1	68.85	68.85	68.85
juego1	easy	40.0	0.008	90178	700	224	342	118	1	69.74	69.74	69.74
juego1	easy	40.0	0.008	90187	700	224	341	117	1	70.17	70.17	70.17
juego1	easy	40.0	0.008	90196	700	224	338	114	1	70.93	70.93	70.93
juego1	easy	40.0	0.008	90205	700	224	336	112	1	71.65	71.65	71.65
juego1	easy	40.0	0.008	90213	700	224	334	110	1	72.36	72.36	72.36
juego1	easy	40.0	0.008	90221	700	224	333	109	1	72.7	72.7	72.7
juego1	easy	40.0	0.008	90230	700	224	330	106	1	73.42	73.42	73.42
juego1	easy	40.0	0.008	90238	700	225	328	103	1	74.22	74.22	74.22
juego1	easy	40.0	0.008	90247	700	225	326	101	1	74.64	74.64	74.64
juego1	easy	40.0	0.008	90256	700	225	324	99	1	75.45	75.45	75.45
juego1	easy	40.0	0.008	90265	700	225	320	95	1	76.56	76.56	76.56
juego1	easy	40.0	0.008	90274	700	225	317	92	1	77.56	77.56	77.56
juego1	easy	40.0	0.008	90282	700	225	316	91	1	78.06	78.06	78.06
juego1	easy	40.0	0.008	90291	700	226	313	87	1	78.91	78.91	78.91
juego1	easy	40.0	0.008	90299	700	226	311	85	1	79.58	79.58	79.58
juego1	easy	40.0	0.008	90308	700	226	309	83	1	80.2	80.2	80.2
juego1	easy	40.0	0.008	90316	700	226	308	82	1	80.53	80.53	80.53
juego1	easy	40.0	0.008	90325	700	226	307	81	1	80.89	80.89	80.89
juego1	easy	40.0	0.008	90334	700	226	304	78	1	81.75	81.75	81.75
juego1	easy	40.0	0.008	90343	700	227	301	74	1	82.57	82.57	82.57
juego1	easy	40.0	0.008	90352	700	227	299	72	1	83.61	83.61	83.61
juego1	easy	40.0	0.008	90361	700	227	296	69	1	84.7	84.7	84.7
juego1	easy	40.0	0.008	90370	700	227	292	65	1	85.78	85.78	85.78
juego1	easy	40.0	0.008	90379	700	227	289	62	1	86.9	86.9	86.9
juego1	easy	40.0	0.008	90386	700	228	287	59	1	87.47	87.47	87.47
juego1	easy	40.0	0.008	90394	700	228	283	55	1	88.62	88.62	88.62
juego1	easy	40.0	0.008	90402	700	228	282	54	1	89.18	89.18	89.18
juego1	easy	40.0	0.008	90411	700	228	279	51	1	90.15	90.15	90.15
juego1	easy	40.0	0.008	90419	700	228	276	48	1	91.03	91.03	91.03
juego1	easy	40.0	0.008	90427	700	229	275	46	1	91.44	91.44	91.44
juego1	easy	40.0	0.008	90436	700	229	272	43	1	92.24	92.24	92.24
juego1	easy	40.0	0.008	90444	700	229	271	42	1	92.62	92.62	92.62
juego1	easy	40.0	0.008	90453	700	229	269	40	1	93.32	93.32	93.32
juego1	easy	40.0	0.008	90461	700	229	266	37	1	94.07	94.07	94.07
juego1	easy	40.0	0.008	90470	700	230	264	34	1	94.93	94.93	94.93
juego1	easy	40.0	0.008	90479	700	230	261	31	1	95.83	95.83	95.83
juego1	easy	40.0	0.008	90488	700	230	258	28	1	96.69	96.69	96.69
juego1	easy	40.0	0.008	90497	700	230	257	27	1	97.12	97.12	97.12
juego1	easy	40.0	0.008	90506	700	231	254	23	1	97.98	97.98	97.98
juego1	easy	40.0	0.008	90514	700	231	251	20	1	98.91	98.91	98.91
juego1	easy	40.0	0.008	90522	700	231	250	19	1	99.36	99.36	99.36
juego1	easy	40.0	0.008	90531	700	231	247	16	1	100.25	100.25	100.25
juego1	easy	40.0	0.008	90539	700	232	244	12	1	101.02	101.02	101.02
juego1	easy	40.0	0.008	90547	700	232	243	11	1	101.33	101.33	101.33
juego1	easy	40.0	0.008	90556	700	232	242	10	1	101.9	101.9	101.9
juego1	easy	40.0	0.008	90563	700	232	242	10	1	101.9	101.9	101.9
juego1	easy	40.0	0.008	90572	700	232	239	7	1	102.66	102.66	102.66
juego1	easy	40.0	0.008	90581	700	233	238	5	1	103.15	103.15	103.15
juego1	easy	40.0	0.008	90590	700	233	236	3	1	103.62	103.62	103.62
juego1	easy	40.0	0.008	90599	700	233	235	2	1	104.07	104.07	104.07
juego1	easy	40.0	0.008	90607	700	233	234	1	1	104.3	104.3	104.3
juego1	easy	40.0	0.008	90616	700	234	233	-1	1	104.72	104.72	104.72
juego1	easy	40.0	0.008	90626	700	234	232	-2	1	105.08	105.08	105.08
juego1	easy	40.0	0.008	90634	700	234	231	-3	1	105.34	105.34	105.34
juego1	easy	40.0	0.008	90643	700	235	230	-5	1	105.44	105.44	105.44
juego1	easy	40.0	0.008	90651	700	235	230	-5	1	105.64	105.64	105.64
juego1	easy	40.0	0.008	90660	700	235	229	-6	1	105.82	105.82	105.82
juego1	easy	40.0	0.008	90668	700	235	229	-6	1	105.9	105.9	105.9
juego1	easy	40.0	0.008	90677	700	236	229	-7	1	106.03	106.03	106.03
juego1	easy	40.0	0.008	90686	700	236	228	-8	1	106.1	106.1	106.1
juego1	easy	40.0	0.008	90694	700	236	228	-8	1	106.06	106.06	106.06
juego1	easy	40.0	0.008	90702	700	236	229	-7	1	106.0	106.0	106.0
juego1	easy	40.0	0.008	90710	700	237	229	-8	1	105.79	105.79	105.79
juego1	easy	40.0	0.008	90718	700	237	230	-7	1	105.57	105.57	105.57
juego1	easy	40.0	0.008	90727	700	237	230	-7	1	105.46	105.46	105.46
juego1	easy	40.0	0.008	90735	700	238	231	-7	1	105.29	105.29	105.29
juego1	easy	40.0	0.008	90744	700	238	231	-7	1	105.21	105.21	105.21
juego1	easy	40.0	0.008	90753	700	238	231	-7	1	105.2	105.2	105.2
juego1	easy	40.0	0.008	90762	700	238	231	-7	1	105.16	105.16	105.16
juego1	easy	40.0	0.008	90771	700	239	232	-7	1	105.05	105.05	105.05
juego1	easy	40.0	0.008	90780	700	239	232	-7	1	104.86	104.86	104.86
juego1	easy	40.0	0.008	90788	700	239	233	-6	1	104.74	104.74	104.74
juego1	easy	40.0	0.008	90797	700	240	234	-6	1	104.42	104.42	104.42
juego1	easy	40.0	0.008	90806	700	240	235	-5	1	104.03	104.03	104.03
juego1	easy	40.0	0.008	90816	700	240	236	-4	1	103.64	103.64	103.64
juego1	easy	40.0	0.008	90824	700	241	237	-4	1	103.43	103.43	103.43
juego1	easy	40.0	0.008	90833	700	241	238	-3	1	103.08	103.08	103.08
juego1	easy	40.0	0.008	90841	700	241	239	-2	1	102.87	102.87	102.87
juego1	easy	40.0	0.008	90849	700	241	239	-2	1	102.66	102.66	102.66
juego1	easy	40.0	0.008	90858	700	242	240	-2	1	102.33	102.33	102.33
juego1	easy	40.0	0.008	90867	700	242	241	-1	1	102.0	102.0	102.0
juego1	easy	40.0	0.008	90876	700	242	242	0	1	101.69	101.69	101.69
juego1	easy	40.0	0.008	90885	700	243	243	0	1	101.37	101.37	101.37
juego1	easy	40.0	0.008	90893	700	243	244	1	1	101.22	101.22	101.22
juego1	easy	40.0	0.008	90902	700	243	245	2	1	100.92	100.92	100.92
juego1	easy	40.0	0.008	90910	700	244	245	1	1	100.66	100.66	100.66
juego1	easy	40.0	0.008	90918	700	244	246	2	1	100.54	100.54	100.54
juego1	easy	40.0	0.008	90927	700	244	247	3	1	100.32	100.32	100.32
juego1	easy	40.0	0.008	90935	700	245	247	2	1	100.1	100.1	100.1
juego1	easy	40.0	0.008	90943	700	245	248	3	1	99.99	99.99	99.99
juego1	easy	40.0	0.008	90952	700	245	248	3	1	99.76	99.76	99.76
juego1	easy	40.0	0.008	90961	700	246	249	3	1	99.51	99.51	99.51
juego1	easy	40.0	0.008	90969	700	246	250	4	1	99.22	99.22	99.22
juego1	easy	40.0	0.008	90978	700	246	251	5	1	99.05	99.05	99.05
juego1	easy	40.0	0.008	90987	700	247	252	5	1	98.7	98.7	98.7
juego1	easy	40.0	0.008	90995	700	247	253	6	1	98.34	98.34	98.34
juego1	easy	40.0	0.008	91004	700	247	254	7	1	98.03	98.03	98.03
juego1	easy	40.0	0.008	91013	700	248	254	6	1	97.9	97.9	97.9
juego1	easy	40.0	0.008	91021	700	248	255	7	1	97.67	97.67	97.67
juego1	easy	40.0	0.008	91030	700	248	256	8	1	97.47	97.47	97.47
juego1	easy	40.0	0.008	91040	700	249	256	7	1	97.23	97.23	97.23
juego1	easy	40.0	0.008	91048	700	249	257	8	1	97.08	97.08	97.08
juego1	easy	40.0	0.008	91057	700	249	258	9	1	96.76	96.76	96.76
juego1	easy	40.0	0.008	91066	700	250	259	9	1	96.4	96.4	96.4
juego1	easy	40.0	0.008	91074	700	250	260	10	1	96.2	96.2	96.2
juego1	easy	40.0	0.008	91081	700	250	261	11	1	95.8	95.8	95.8
juego1	easy	40.0	0.008	91089	700	251	262	11	1	95.4	95.4	95.4
juego1	easy	40.0	0.008	91097	700	251	263	12	1	95.21	95.21	95.21
juego1	easy	40.0	0.008	91106	700	251	264	13	1	94.88	94.88	94.88
juego1	easy	40.0	0.008	91115	700	252	265	13	1	94.6	94.6	94.6
juego1	easy	40.0	0.008	91123	700	252	265	13	1	94.48	94.48	94.48
juego1	easy	40.0	0.008	91131	700	253	266	13	1	94.28	94.28	94.28
juego1	easy	40.0	0.008	91139	700	253	266	13	1	94.17	94.17	94.17
juego1	easy	40.0	0.008	91148	700	253	267	14	1	93.93	93.93	93.93
juego1	easy	40.0	0.008	91157	700	254	267	13	1	93.67	93.67	93.67
juego1	easy	40.0	0.008	91165	700	254	269	15	1	93.34	93.34	93.34
juego1	easy	40.0	0.008	91174	700	254	269	15	1	93.16	93.16	93.16
juego1	easy	40.0	0.008	91182	700	255	270	15	1	92.77	92.77	92.77
juego1	easy	40.0	0.008	91189	700	255	271	16	1	92.57	92.57	92.57
juego1	easy	40.0	0.008	91198	700	255	272	17	1	92.15	92.15	92.15
juego1	easy	40.0	0.008	91207	700	256	274	18	1	91.65	91.65	91.65
juego1	easy	40.0	0.008	91216	700	256	276	20	1	91.05	91.05	91.05
juego1	easy	40.0	0.008	91224	700	256	277	21	1	90.74	90.74	90.74
juego1	easy	40.0	0.008	91233	700	257	278	21	1	90.22	90.22	90.22
juego1	easy	40.0	0.008	91242	700	257	280	23	1	89.84	89.84	89.84
juego1	easy	40.0	0.008	91250	700	258	280	22	1	89.58	89.58	89.58
juego1	easy	40.0	0.008	91258	700	258	281	23	1	89.47	89.47	89.47
juego1	easy	40.0	0.008	91267	700	258	281	23	1	89.25	89.25	89.25
juego1	easy	40.0	0.008	91275	700	259	282	23	1	88.98	88.98	88.98
juego1	easy	40.0	0.008	91284	700	259	283	24	1	88.82	88.82	88.82
juego1	easy	40.0	0.008	91293	700	259	284	25	1	88.4	88.4	88.4
juego1	easy	40.0	0.008	91301	700	260	286	26	1	87.89	87.89	87.89
juego1	easy	40.0	0.008	91310	700	260	287	27	1	87.63	87.63	87.63
juego1	easy	40.0	0.008	91319	700	261	288	27	1	87.11	87.11	87.11
juego1	easy	40.0	0.008	91328	700	261	290	29	1	86.67	86.67	86.67
juego1	easy	40.0	0.008	91336	700	261	291	30	1	86.3	86.3	86.3
juego1	easy	40.0	0.008	91344	700	262	291	29	1	86.13	86.13	86.13
juego1	easy	40.0	0.008	91353	700	262	292	30	1	85.82	85.82	85.82
juego1	easy	40.0	0.008	91361	700	262	293	31	1	85.51	85.51	85.51
juego1	easy	40.0	0.008	91370	700	263	294	31	1	85.32	85.32	85.32
juego1	easy	40.0	0.008	91378	700	263	295	32	1	84.87	84.87	84.87
juego1	easy	40.0	0.008	91386	700	263	296	33	1	84.6	84.6	84.6
juego1	easy	40.0	0.008	91395	700	264	298	34	1	84.0	84.0	84.0
juego1	easy	40.0	0.008	91403	700	264	299	35	1	83.69	83.69	83.69
juego1	easy	40.0	0.008	91412	700	265	300	35	1	82.95	82.95	82.95
juego1	easy	40.0	0.008	91420	700	265	301	36	1	82.82	82.82	82.82
juego1	easy	40.0	0.008	91428	700	265	301	36	1	82.66	82.66	82.66
juego1	easy	40.0	0.008	91437	700	266	302	36	1	82.5	82.5	82.5
juego1	easy	40.0	0.008	91445	700	266	302	36	1	82.34	82.34	82.34
juego1	easy	40.0	0.008	91454	700	266	303	37	1	82.23	82.23	82.23
juego1	easy	40.0	0.008	91463	700	267	303	36	1	81.95	81.95	81.95
juego1	easy	40.0	0.008	91471	700	267	305	38	1	81.56	81.56	81.56
juego1	easy	40.0	0.008	91479	700	268	305	37	1	81.33	81.33	81.33
juego1	easy	40.0	0.008	91487	700	268	307	39	1	80.82	80.82	80.82
juego1	easy	40.0	0.008	91495	700	269	308	39	1	80.36	80.36	80.36
juego1	easy	40.0	0.008	91503	700	269	309	40	1	80.13	80.13	80.13
juego1	easy	40.0	0.008	91512	700	270	310	40	1	79.71	79.71	79.71
juego1	easy	40.0	0.008	91521	700	271	312	41	1	79.31	79.31	79.31
juego1	easy	40.0	0.008	91530	700	271	312	41	1	79.12	79.12	79.12
juego1	easy	40.0	0.008	91539	700	272	314	42	1	78.74	78.74	78.74
juego1	easy	40.0	0.008	91548	700	272	315	43	1	78.33	78.33	78.33
juego1	easy	40.0	0.008	91557	700	273	316	43	1	77.85	77.85	77.85
juego1	easy	40.0	0.008	91566	700	274	318	44	1	77.28	77.28	77.28
juego1	easy	40.0	0.008	91573	700	274	319	45	1	76.98	76.98	76.98
juego1	easy	40.0	0.008	91582	700	275	321	46	1	76.39	76.39	76.39
juego1	easy	40.0	0.008	91590	700	275	322	47	1	76.13	76.13	76.13
juego1	easy	40.0	0.008	91598	700	276	323	47	1	75.63	75.63	75.63
juego1	easy	40.0	0.008	91607	700	276	325	49	1	75.18	75.18	75.18
juego1	easy	40.0	0.008	91616	700	277	326	49	1	74.74	74.74	74.74
juego1	easy	40.0	0.008	91625	700	278	327	49	1	74.51	74.51	74.51
juego1	easy	40.0	0.008	91634	700	278	328	50	1	74.05	74.05	74.05
juego1	easy	40.0	0.008	91642	700	279	329	50	1	73.8	73.8	73.8
juego1	easy	40.0	0.008	91650	700	279	331	52	1	73.27	73.27	73.27
juego1	easy	40.0	0.008	91659	700	280	333	53	1	72.67	72.67	72.67
juego1	easy	40.0	0.008	91668	700	280	335	55	1	72.01	72.01	72.01
juego1	easy	40.0	0.008	91677	700	281	337	56	1	71.31	71.31	71.31
juego1	easy	40.0	0.008	91685	700	282	338	56	1	70.99	70.99	70.99
juego1	easy	40.0	0.008	91694	700	282	340	58	1	70.36	70.36	70.36
juego1	easy	40.0	0.008	91703	700	283	342	59	1	69.74	69.74	69.74
juego1	easy	40.0	0.008	91712	700	283	344	61	1	69.19	69.19	69.19
juego1	easy	40.0	0.008	91721	700	284	345	61	1	68.69	68.69	68.69
juego1	easy	40.0	0.008	91730	700	285	346	61	1	68.44	68.44	68.44
juego1	easy	40.0	0.008	91739	700	285	347	62	1	67.99	67.99	67.99
juego1	easy	40.0	0.008	91748	700	286	348	62	1	67.65	67.65	67.65
juego1	easy	40.0	0.008	91756	700	286	349	63	1	67.4	67.4	67.4
juego1	easy	40.0	0.008	91764	700	287	350	63	1	67.28	67.28	67.28
juego1	easy	40.0	0.008	91772	700	287	350	63	1	67.03	67.03	67.03
juego1	easy	40.0	0.008	91780	700	288	351	63	1	66.94	66.94	66.94
juego1	easy	40.0	0.008	91789	700	288	351	63	1	66.89	66.89	66.89
juego1	easy	40.0	0.008	91797	700	289	351	62	1	66.95	66.95	66.95
juego1	easy	40.0	0.008	91806	700	290	350	60	1	67.01	67.01	67.01
juego1	easy	40.0	0.008	91814	700	290	350	60	1	67.13	67.13	67.13
juego1	easy	40.0	0.008	91823	700	291	349	58	1	67.4	67.4	67.4
juego1	easy	40.0	0.008	91832	700	291	348	57	1	67.94	67.94	67.94
juego1	easy	40.0	0.008	91841	700	292	345	53	1	68.7	68.7	68.7
juego1	easy	40.0	0.008	91850	700	292	344	52	1	69.15	69.15	69.15
juego1	easy	40.0	0.008	91859	700	293	341	48	1	70.13	70.13	70.13
juego1	easy	40.0	0.008	91867	700	293	337	44	1	71.22	71.22	71.22
juego1	easy	40.0	0.008	91875	700	294	336	42	1	71.75	71.75	71.75
juego1	easy	40.0	0.008	91884	700	295	332	37	1	72.73	72.73	72.73
juego1	easy	40.0	0.008	91892	700	295	330	35	1	73.63	73.63	73.63
juego1	easy	40.0	0.008	91900	700	296	328	32	1	74.04	74.04	74.04
juego1	easy	40.0	0.008	91909	700	296	328	32	1	74.04	74.04	74.04
juego1	easy	40.0	0.008	91916	700	297	325	28	1	75.1	75.1	75.1
juego1	easy	40.0	0.008	91924	700	297	323	26	1	75.59	75.59	75.59
juego1	easy	40.0	0.008	91933	700	298	320	22	1	76.69	76.69	76.69
juego1	easy	40.0	0.008	91942	700	298	317	19	1	77.52	77.52	77.52
juego1	easy	40.0	0.008	91950	700	299	316	17	1	77.92	77.92	77.92
juego1	easy	40.0	0.008	91958	700	299	314	15	1	78.64	78.64	78.64
juego1	easy	40.0	0.008	91967	700	300	313	13	1	78.98	78.98	78.98
juego1	easy	40.0	0.008	91974	700	300	311	11	1	79.6	79.6	79.6
juego1	easy	40.0	0.008	91983	700	300	309	9	1	80.11	80.11	80.11
juego1	easy	40.0	0.008	91992	700	300	308	8	1	80.52	80.52	80.52
juego1	easy	40.0	0.008	91999	700	301	307	6	1	80.68	80.68	80.68
juego1	easy	40.0	0.008	92007	700	301	306	5	1	81.03	81.03	81.03
juego1	easy	40.0	0.008	92016	700	302	306	4	1	81.2	81.2	81.2
juego1	easy	40.0	0.008	92024	700	303	305	2	1	81.55	81.55	81.55
juego1	easy	40.0	0.008	92033	700	303	303	0	1	81.93	81.93	81.93
juego1	easy	40.0	0.008	92042	700	304	302	-2	1	82.31	82.31	82.31
juego1	easy	40.0	0.008	92051	700	304	302	-2	1	82.47	82.47	82.47
juego1	easy	40.0	0.008	92060	700	305	301	-4	1	82.72	82.72	82.72
juego1	easy	40.0	0.008	92069	700	305	300	-5	1	82.9	82.9	82.9
juego1	easy	40.0	0.008	92077	700	306	300	-6	1	83.1	83.1	83.1
juego1	easy	40.0	0.008	92085	700	306	300	-6	1	83.16	83.16	83.16
juego1	easy	40.0	0.008	92094	700	307	300	-7	1	83.15	83.15	83.15
juego1	easy	40.0	0.008	92102	700	307	300	-7	1	83.1	83.1	83.1
juego1	easy	40.0	0.008	92110	700	307	300	-7	1	83.08	83.08	83.08
juego1	easy	40.0	0.008	92118	700	308	300	-8	1	83.08	83.08	83.08
juego1	easy	40.0	0.008	92127	700	308	300	-8	1	83.08	83.08	83.08
juego1	easy	40.0	0.008	92136	700	309	300	-9	1	83.02	83.02	83.02
juego1	easy	40.0	0.008	92144	700	309	300	-9	1	82.88	82.88	82.88
juego1	easy	40.0	0.008	92152	700	310	301	-9	1	82.64	82.64	82.64
juego1	easy	40.0	0.008	92161	700	310	302	-8	1	82.49	82.49	82.49
juego1	easy	40.0	0.008	92169	700	311	303	-8	1	82.15	82.15	82.15
juego1	easy	40.0	0.008	92178	700	311	304	-7	1	81.71	81.71	81.71
juego1	easy	40.0	0.008	92187	700	312	306	-6	1	81.16	81.16	81.16
juego1	easy	40.0	0.008	92195	700	312	307	-5	1	80.84	80.84	80.84
juego1	easy	40.0	0.008	92204	700	313	309	-4	1	80.19	80.19	80.19
juego1	easy	40.0	0.008	92211	700	313	310	-3	1	79.91	79.91	79.91
juego1	easy	40.0	0.008	92220	700	314	312	-2	1	79.3	79.3	79.3
juego1	easy	40.0	0.008	92229	700	314	314	0	1	78.57	78.57	78.57
juego1	easy	40.0	0.008	92238	700	314	317	3	1	77.74	77.74	77.74
juego1	easy	40.0	0.008	92246	700	315	318	3	1	77.33	77.33	77.33
juego1	easy	40.0	0.008	92254	700	315	320	5	1	76.74	76.74	76.74
juego1	easy	40.0	0.008	92263	700	316	321	5	1	76.33	76.33	76.33
juego1	easy	40.0	0.008	92271	700	316	322	6	1	76.15	76.15	76.15
juego1	easy	40.0	0.008	92279	700	317	322	5	1	75.97	75.97	75.97
juego1	easy	40.0	0.008	92288	700	317	323	6	1	75.65	75.65	75.65
juego1	easy	40.0	0.008	92297	700	317	325	8	1	75.21	75.21	75.21
juego1	easy	40.0	0.008	92306	700	318	325	7	1	75.12	75.12	75.12
juego1	easy	40.0	0.008	92315	700	318	325	7	1	74.97	74.97	74.97
juego1	easy	40.0	0.008	92324	700	319	326	7	1	74.79	74.79	74.79
juego1	easy	40.0	0.008	92333	700	319	326	7	1	74.64	74.64	74.64
juego1	easy	40.0	0.008	92340	700	320	327	7	1	74.58	74.58	74.58
juego1	easy	40.0	0.008	92349	700	320	327	7	1	74.49	74.49	74.49
juego1	easy	40.0	0.008	92357	700	320	327	7	1	74.45	74.45	74.45
juego1	easy	40.0	0.008	92366	700	321	327	6	1	74.36	74.36	74.36
juego1	easy	40.0	0.008	92375	700	321	328	7	1	74.27	74.27	74.27
juego1	easy	40.0	0.008	92383	700	322	328	6	1	74.19	74.19	74.19
juego1	easy	40.0	0.008	92392	700	322	328	6	1	74.14	74.14	74.14
juego1	easy	40.0	0.008	92400	700	322	328	6	1	74.04	74.04	74.04
juego1	easy	40.0	0.008	92409	700	323	329	6	1	73.94	73.94	73.94
juego1	easy	40.0	0.008	92418	700	323	329	6	1	73.8	73.8	73.8
juego1	easy	40.0	0.008	92427	700	323	329	6	1	73.77	73.77	73.77
juego1	easy	40.0	0.008	92436	700	324	329	5	1	73.75	73.75	73.75
juego1	easy	40.0	0.008	92444	700	324	329	5	1	73.71	73.71	73.71
juego1	easy	40.0	0.008	92452	700	324	329	5	1	73.67	73.67	73.67
juego1	easy	40.0	0.008	92460	700	325	330	5	1	73.58	73.58	73.58
juego1	easy	40.0	0.008	92469	700	325	330	5	1	73.54	73.54	73.54
juego1	easy	40.0	0.008	92477	700	326	330	4	1	73.54	73.54	73.54
juego1	easy	40.0	0.008	92486	700	326	330	4	1	73.53	73.53	73.53
juego1	easy	40.0	0.008	92495	700	326	330	4	1	73.48	73.48	73.48
juego1	easy	40.0	0.008	92503	700	327	330	3	1	73.42	73.42	73.42
juego1	easy	40.0	0.008	92511	700	327	330	3	1	73.37	73.37	73.37
juego1	easy	40.0	0.008	92520	700	327	331	4	1	73.3	73.3	73.3
juego1	easy	40.0	0.008	92529	700	328	331	3	1	73.2	73.2	73.2
juego1	easy	40.0	0.008	92538	700	328	331	3	1	73.14	73.14	73.14
juego1	easy	40.0	0.008	92546	700	328	332	4	1	73.0	73.0	73.0
juego1	easy	40.0	0.008	92555	700	329	332	3	1	72.86	72.86	72.86
juego1	easy	40.0	0.008	92564	700	329	332	3	1	72.79	72.79	72.79
juego1	easy	40.0	0.008	92572	700	329	333	4	1	72.62	72.62	72.62
juego1	easy	40.0	0.008	92581	700	329	333	4	1	72.42	72.42	72.42
juego1	easy	40.0	0.008	92589	700	330	334	4	1	72.22	72.22	72.22
juego1	easy	40.0	0.008	92597	700	330	334	4	1	72.11	72.11	72.11
juego1	easy	40.0	0.008	92606	700	330	335	5	1	71.92	71.92	71.92
juego1	easy	40.0	0.008	92614	700	331	336	5	1	71.69	71.69	71.69
juego1	easy	40.0	0.008	92623	700	331	337	6	1	71.41	71.41	71.41
juego1	easy	40.0	0.008	92632	700	331	337	6	1	71.26	71.26	71.26
juego1	easy	40.0	0.008	92641	700	331	338	7	1	70.94	70.94	70.94
juego1	easy	40.0	0.008	92650	700	332	339	7	1	70.63	70.63	70.63
juego1	easy	40.0	0.008	92659	700	332	340	8	1	70.27	70.27	70.27
juego1	easy	40.0	0.008	92669	700	332	341	9	1	69.91	69.91	69.91
juego1	easy	40.0	0.008	92677	700	332	342	10	1	69.8	69.8	69.8
juego1	easy	40.0	0.008	92686	700	333	342	9	1	69.67	69.67	69.67
juego1	easy	40.0	0.008	92695	700	333	342	9	1	69.54	69.54	69.54
juego1	easy	40.0	0.008	92703	700	333	343	10	1	69.26	69.26	69.26
juego1	easy	40.0	0.008	92712	700	333	344	11	1	69.1	69.1	69.1
juego1	easy	40.0	0.008	92720	700	334	345	11	1	68.89	68.89	68.89
juego1	easy	40.0	0.008	92729	700	334	345	11	1	68.72	68.72	68.72
juego1	easy	40.0	0.008	92737	700	334	345	11	1	68.64	68.64	68.64
juego1	easy	40.0	0.008	92746	700	334	346	12	1	68.34	68.34	68.34
juego1	easy	40.0	0.008	92755	700	335	347	12	1	67.98	67.98	67.98
juego1	easy	40.0	0.008	92764	700	335	348	13	1	67.84	67.84	67.84
juego1	easy	40.0	0.008	92773	700	335	348	13	1	67.81	67.81	67.81
juego1	easy	40.0	0.008	92780	700	335	348	13	1	67.74	67.74	67.74
juego1	easy	40.0	0.008	92789	700	335	349	14	1	67.63	67.63	67.63
juego1	easy	40.0	0.008	92797	700	336	349	13	1	67.63	67.63	67.63
juego1	easy	40.0	0.008	92806	700	336	349	13	1	67.43	67.43	67.43
juego1	easy	40.0	0.008	92815	700	336	350	14	1	67.18	67.18	67.18
juego1	easy	40.0	0.008	92824	700	336	350	14	1	67.11	67.11	67.11
juego1	easy	40.0	0.008	92834	700	336	351	15	1	66.98	66.98	66.98
juego1	easy	40.0	0.008	92842	700	337	351	14	1	66.89	66.89	66.89
juego1	easy	40.0	0.008	92851	700	337	351	14	1	66.72	66.72	66.72
juego1	easy	40.0	0.008	92860	700	337	352	15	1	66.58	66.58	66.58
juego1	easy	40.0	0.008	92869	700	337	352	15	1	66.41	66.41	66.41
juego1	easy	40.0	0.008	92878	700	337	353	16	1	66.29	66.29	66.29
juego1	easy	40.0	0.008	92886	700	337	353	16	1	66.22	66.22	66.22
juego1	easy	40.0	0.008	92895	700	337	353	16	1	66.2	66.2	66.2
juego1	easy	40.0	0.008	92904	700	338	353	15	1	66.11	66.11	66.11
juego1	easy	40.0	0.008	92913	700	338	354	16	1	66.04	66.04	66.04
juego1	easy	40.0	0.008	92922	700	338	354	16	1	65.93	65.93	65.93
juego1	easy	40.0	0.008	92931	700	338	354	16	1	65.87	65.87	65.87
juego1	easy	40.0	0.008	92940	700	338	354	16	1	65.81	65.81	65.81
juego1	easy	40.0	0.008	92949	700	338	355	17	1	65.7	65.7	65.7
juego1	easy	40.0	0.008	92958	700	338	355	17	1	65.63	65.63	65.63
juego1	easy	40.0	0.008	92966	700	338	355	17	1	65.56	65.56	65.56
juego1	easy	40.0	0.008	92975	700	339	355	16	1	65.48	65.48	65.48
juego1	easy	40.0	0.008	92984	700	339	356	17	1	65.34	65.34	65.34
juego1	easy	40.0	0.008	92993	700	339	356	17	1	65.31	65.31	65.31
juego1	easy	40.0	0.008	93002	700	339	356	17	1	65.29	65.29	65.29
juego1	easy	40.0	0.008	93011	700	339	356	17	1	65.22	65.22	65.22
juego1	easy	40.0	0.008	93019	700	339	356	17	1	65.16	65.16	65.16
juego1	easy	40.0	0.008	93028	700	339	357	18	1	64.96	64.96	64.96
juego1	easy	40.0	0.008	93036	700	339	358	19	1	64.77	64.77	64.77
juego1	easy	40.0	0.008	93044	700	339	358	19	1	64.71	64.71	64.71
juego1	easy	40.0	0.008	93053	700	339	358	19	1	64.69	64.69	64.69
juego1	easy	40.0	0.008	93061	700	339	358	19	1	64.6	64.6	64.6
juego1	easy	40.0	0.008	93070	700	339	358	19	1	64.48	64.48	64.48
juego1	easy	40.0	0.008	93078	700	339	359	20	1	64.42	64.42	64.42
juego1	easy	40.0	0.008	93086	700	340	359	19	1	64.27	64.27	64.27
juego1	easy	40.0	0.008	93095	700	340	360	20	1	64.09	64.09	64.09
juego1	easy	40.0	0.008	93104	700	340	360	20	1	64.0	64.0	64.0
juego1	easy	40.0	0.008	93113	700	340	361	21	1	63.82	63.82	63.82
juego1	easy	40.0	0.008	93122	700	340	361	21	1	63.65	63.65	63.65
juego1	easy	40.0	0.008	93130	700	340	361	21	1	63.55	63.55	63.55
juego1	easy	40.0	0.008	93139	700	340	362	22	1	63.5	63.5	63.5
juego1	easy	40.0	0.008	93147	700	340	362	22	1	63.38	63.38	63.38
juego1	easy	40.0	0.008	93155	700	340	362	22	1	63.22	63.22	63.22
juego1	easy	40.0	0.008	93164	700	340	363	23	1	63.15	63.15	63.15
juego1	easy	40.0	0.008	93173	700	340	363	23	1	63.05	63.05	63.05
juego1	easy	40.0	0.008	93182	700	340	363	23	1	62.98	62.98	62.98
juego1	easy	40.0	0.008	93191	700	340	363	23	1	62.89	62.89	62.89
juego1	easy	40.0	0.008	93199	700	340	364	24	1	62.84	62.84	62.84
juego1	easy	40.0	0.008	93207	700	340	364	24	1	62.72	62.72	62.72
juego1	easy	40.0	0.008	93216	700	340	364	24	1	62.57	62.57	62.57
juego1	easy	40.0	0.008	93224	700	340	364	24	1	62.58	62.58	62.58
juego1	easy	40.0	0.008	93233	700	340	364	24	1	62.61	62.61	62.61
juego1	easy	40.0	0.008	93242	700	340	364	24	1	62.62	62.62	62.62
juego1	easy	40.0	0.008	93251	700	339	364	25	1	62.6	62.6	62.6
juego1	easy	40.0	0.008	93258	700	339	364	25	1	62.6	62.6	62.6
juego1	easy	40.0	0.008	93266	700	339	364	25	1	62.64	62.64	62.64
juego1	easy	40.0	0.008	93274	700	339	364	25	1	62.67	62.67	62.67
juego1	easy	40.0	0.008	93283	700	339	364	25	1	62.76	62.76	62.76
juego1	easy	40.0	0.008	93291	700	339	364	25	1	62.83	62.83	62.83
juego1	easy	40.0	0.008	93299	700	339	363	24	1	62.87	62.87	62.87
juego1	easy	40.0	0.008	93308	700	339	363	24	1	62.98	62.98	62.98
juego1	easy	40.0	0.008	93316	700	339	363	24	1	63.12	63.12	63.12
juego1	easy	40.0	0.008	93325	700	339	363	24	1	63.17	63.17	63.17
juego1	easy	40.0	0.008	93333	700	339	362	23	1	63.26	63.26	63.26
juego1	easy	40.0	0.008	93342	700	339	362	23	1	63.34	63.34	63.34
juego1	easy	40.0	0.008	93351	700	339	361	22	1	63.52	63.52	63.52
juego1	easy	40.0	0.008	93359	700	338	361	23	1	63.65	63.65	63.65
juego1	easy	40.0	0.008	93368	700	338	360	22	1	63.93	63.93	63.93
juego1	easy	40.0	0.008	93376	700	338	359	21	1	64.21	64.21	64.21
juego1	easy	40.0	0.008	93385	700	338	359	21	1	64.45	64.45	64.45
juego1	easy	40.0	0.008	93393	700	338	358	20	1	64.56	64.56	64.56
juego1	easy	40.0	0.008	93401	700	338	357	19	1	64.78	64.78	64.78
juego1	easy	40.0	0.008	93410	700	338	357	19	1	64.88	64.88	64.88
juego1	easy	40.0	0.008	93418	700	338	357	19	1	65.08	65.08	65.08
juego1	easy	40.0	0.008	93427	700	337	356	19	1	65.26	65.26	65.26
juego1	easy	40.0	0.008	93435	700	337	355	18	1	65.45	65.45	65.45
juego1	easy	40.0	0.008	93444	700	337	355	18	1	65.55	65.55	65.55
juego1	easy	40.0	0.008	93452	700	337	354	17	1	65.75	65.75	65.75
juego1	easy	40.0	0.008	93461	700	337	354	17	1	65.96	65.96	65.96
juego1	easy	40.0	0.008	93469	700	337	353	16	1	66.06	66.06	66.06
juego1	easy	40.0	0.008	93477	700	337	353	16	1	66.27	66.27	66.27
juego1	easy	40.0	0.008	93486	700	336	352	16	1	66.44	66.44	66.44
juego1	easy	40.0	0.008	93494	700	336	352	16	1	66.52	66.52	66.52
juego1	easy	40.0	0.008	93503	700	336	352	16	1	66.67	66.67	66.67
juego1	easy	40.0	0.008	93512	700	336	351	15	1	66.83	66.83	66.83
juego1	easy	40.0	0.008	93521	700	336	350	14	1	67.04	67.04	67.04
juego1	easy	40.0	0.008	93529	700	335	350	15	1	67.14	67.14	67.14
juego1	easy	40.0	0.008	93538	700	335	349	14	1	67.35	67.35	67.35
juego1	easy	40.0	0.008	93546	700	335	349	14	1	67.57	67.57	67.57
juego1	easy	40.0	0.008	93555	700	335	348	13	1	67.68	67.68	67.68
juego1	easy	40.0	0.008	93563	700	335	348	13	1	67.82	67.82	67.82
juego1	easy	40.0	0.008	93571	700	334	347	13	1	67.99	67.99	67.99
juego1	easy	40.0	0.008	93580	700	334	347	13	1	68.19	68.19	68.19
juego1	easy	40.0	0.008	93589	700	334	346	12	1	68.35	68.35	68.35
juego1	easy	40.0	0.008	93598	700	334	346	12	1	68.56	68.56	68.56
juego1	easy	40.0	0.008	93606	700	333	345	12	1	68.89	68.89	68.89
juego1	easy	40.0	0.008	93615	700	333	344	11	1	69.05	69.05	69.05
juego1	easy	40.0	0.008	93624	700	333	343	10	1	69.32	69.32	69.32
juego1	easy	40.0	0.008	93631	700	333	342	9	1	69.59	69.59	69.59
juego1	easy	40.0	0.008	93640	700	332	342	10	1	69.75	69.75	69.75
juego1	easy	40.0	0.008	93649	700	332	341	9	1	70.09	70.09	70.09
juego1	easy	40.0	0.008	93657	700	332	340	8	1	70.39	70.39	70.39
juego1	easy	40.0	0.008	93666	700	332	339	7	1	70.66	70.66	70.66
juego1	easy	40.0	0.008	93675	700	331	338	7	1	70.82	70.82	70.82
juego1	easy	40.0	0.008	93683	700	331	338	7	1	71.12	71.12	71.12
juego1	easy	40.0	0.008	93692	700	331	337	6	1	71.44	71.44	71.44
juego1	easy	40.0	0.008	93701	700	331	335	4	1	71.78	71.78	71.78
juego1	easy	40.0	0.008	93708	700	330	335	5	1	71.93	71.93	71.93
juego1	easy	40.0	0.008	93717	700	330	334	4	1	72.13	72.13	72.13
juego1	easy	40.0	0.008	93726	700	330	334	4	1	72.33	72.33	72.33
juego1	easy	40.0	0.008	93733	700	329	333	4	1	72.42	72.42	72.42
juego1	easy	40.0	0.008	93742	700	329	333	4	1	72.57	72.57	72.57
juego1	easy	40.0	0.008	93750	700	329	333	4	1	72.66	72.66	72.66
juego1	easy	40.0	0.008	93759	700	329	332	3	1	72.86	72.86	72.86
juego1	easy	40.0	0.008	93768	700	328	331	3	1	73.1	73.1	73.1
juego1	easy	40.0	0.008	93776	700	328	331	3	1	73.27	73.27	73.27
juego1	easy	40.0	0.008	93785	700	328	331	3	1	73.29	73.29	73.29
juego1	easy	40.0	0.008	93794	700	327	331	4	1	73.3	73.3	73.3
juego1	easy	40.0	0.008	93803	700	327	331	4	1	73.32	73.32	73.32
juego1	easy	40.0	0.008	93811	700	327	330	3	1	73.36	73.36	73.36
juego1	easy	40.0	0.008	93820	700	326	330	4	1	73.39	73.39	73.39
juego1	easy	40.0	0.008	93829	700	326	330	4	1	73.44	73.44	73.44
juego1	easy	40.0	0.008	93838	700	326	330	4	1	73.53	73.53	73.53
juego1	easy	40.0	0.008	93846	700	325	330	5	1	73.63	73.63	73.63
juego1	easy	40.0	0.008	93855	700	325	329	4	1	73.67	73.67	73.67
juego1	easy	40.0	0.008	93864	700	325	329	4	1	73.74	73.74	73.74
juego1	easy	40.0	0.008	93873	700	324	329	5	1	73.78	73.78	73.78
juego1	easy	40.0	0.008	93881	700	324	329	5	1	73.84	73.84	73.84
juego1	easy	40.0	0.008	93890	700	323	329	6	1	73.87	73.87	73.87
juego1	easy	40.0	0.008	93898	700	323	328	5	1	73.99	73.99	73.99
juego1	easy	40.0	0.008	93907	700	323	328	5	1	74.07	74.07	74.07
juego1	easy	40.0	0.008	93915	700	322	328	6	1	74.09	74.09	74.09
juego1	easy	40.0	0.008	93924	700	322	328	6	1	74.2	74.2	74.2
juego1	easy	40.0	0.008	93933	700	322	327	5	1	74.36	74.36	74.36
juego1	easy	40.0	0.008	93942	700	321	327	6	1	74.47	74.47	74.47
juego1	easy	40.0	0.008	93950	700	321	327	6	1	74.51	74.51	74.51
juego1	easy	40.0	0.008	93957	700	320	326	6	1	74.62	74.62	74.62
juego1	easy	40.0	0.008	93966	700	320	326	6	1	74.69	74.69	74.69
juego1	easy	40.0	0.008	93974	700	320	326	6	1	74.89	74.89	74.89
juego1	easy	40.0	0.008	93982	700	319	325	6	1	75.06	75.06	75.06
juego1	easy	40.0	0.008	93991	700	319	325	6	1	75.15	75.15	75.15
juego1	easy	40.0	0.008	94000	700	318	324	6	1	75.36	75.36	75.36
juego1	easy	40.0	0.008	94009	700	318	323	5	1	75.63	75.63	75.63
juego1	easy	40.0	0.008	94017	700	318	323	5	1	75.86	75.86	75.86
juego1	easy	40.0	0.008	94026	700	317	322	5	1	75.97	75.97	75.97
juego1	easy	40.0	0.008	94035	700	317	322	5	1	76.19	76.19	76.19
juego1	easy	40.0	0.008	94043	700	316	321	5	1	76.4	76.4	76.4
juego1	easy	40.0	0.008	94052	700	316	320	4	1	76.54	76.54	76.54
juego1	easy	40.0	0.008	94061	700	315	320	5	1	76.61	76.61	76.61
juego1	easy	40.0	0.008	94069	700	315	320	5	1	76.8	76.8	76.8
juego1	easy	40.0	0.008	94077	700	315	319	4	1	77.04	77.04	77.04
juego1	easy	40.0	0.008	94086	700	314	318	4	1	77.19	77.19	77.19
juego1	easy	40.0	0.008	94095	700	314	317	3	1	77.52	77.52	77.52
juego1	easy	40.0	0.008	94104	700	313	316	3	1	77.81	77.81	77.81
juego1	easy	40.0	0.008	94113	700	313	316	3	1	78.07	78.07	78.07
juego1	easy	40.0	0.008	94121	700	312	315	3	1	78.21	78.21	78.21
juego1	easy	40.0	0.008	94129	700	312	315	3	1	78.33	78.33	78.33
juego1	easy	40.0	0.008	94138	700	311	313	2	1	78.75	78.75	78.75
juego1	easy	40.0	0.008	94146	700	311	313	2	1	78.9	78.9	78.9
juego1	easy	40.0	0.008	94155	700	310	312	2	1	79.2	79.2	79.2
juego1	easy	40.0	0.008	94164	700	310	311	1	1	79.46	79.46	79.46
juego1	easy	40.0	0.008	94172	700	309	310	1	1	79.7	79.7	79.7
juego1	easy	40.0	0.008	94181	700	309	310	1	1	79.85	79.85	79.85
juego1	easy	40.0	0.008	94190	700	309	309	0	1	80.24	80.24	80.24
juego1	easy	40.0	0.008	94198	700	308	307	-1	1	80.69	80.69	80.69
juego1	easy	40.0	0.008	94206	700	308	307	-1	1	80.9	80.9	80.9
juego1	easy	40.0	0.008	94215	700	307	305	-2	1	81.35	81.35	81.35
juego1	easy	40.0	0.008	94223	700	307	304	-3	1	81.82	81.82	81.82
juego1	easy	40.0	0.008	94232	700	306	302	-4	1	82.28	82.28	82.28
juego1	easy	40.0	0.008	94241	700	306	302	-4	1	82.49	82.49	82.49
juego1	easy	40.0	0.008	94248	700	305	301	-4	1	82.82	82.82	82.82
juego1	easy	40.0	0.008	94257	700	305	300	-5	1	83.08	83.08	83.08
juego1	easy	40.0	0.008	94265	700	304	300	-4	1	83.2	83.2	83.2
juego1	easy	40.0	0.008	94274	700	304	300	-4	1	83.37	83.37	83.37
juego1	easy	40.0	0.008	94283	700	303	299	-4	1	83.56	83.56	83.56
juego1	easy	40.0	0.008	94290	700	303	299	-4	1	83.69	83.69	83.69
juego1	easy	40.0	0.008	94299	700	302	298	-4	1	83.98	83.98	83.98
juego1	easy	40.0	0.008	94308	700	302	297	-5	1	84.27	84.27	84.27
juego1	easy	40.0	0.008	94315	700	301	297	-4	1	84.39	84.39	84.39
juego1	easy	40.0	0.008	94324	700	301	296	-5	1	84.6	84.6	84.6
juego1	easy	40.0	0.008	94333	700	300	296	-4	1	84.77	84.77	84.77
juego1	easy	40.0	0.008	94341	700	300	295	-5	1	84.85	84.85	84.85
juego1	easy	40.0	0.008	94350	700	300	295	-5	1	85.04	85.04	85.04
juego1	easy	40.0	0.008	94359	700	299	294	-5	1	85.24	85.24	85.24
juego1	easy	40.0	0.008	94367	700	299	294	-5	1	85.36	85.36	85.36
juego1	easy	40.0	0.008	94376	700	298	293	-5	1	85.57	85.57	85.57
juego1	easy	40.0	0.008	94385	700	298	292	-6	1	85.75	85.75	85.75
juego1	easy	40.0	0.008	94393	700	297	292	-5	1	85.9	85.9	85.9
juego1	easy	40.0	0.008	94402	700	297	292	-5	1	85.98	85.98	85.98
juego1	easy	40.0	0.008	94411	700	296	291	-5	1	86.11	86.11	86.11
juego1	easy	40.0	0.008	94419	700	296	291	-5	1	86.25	86.25	86.25
juego1	easy	40.0	0.008	94428	700	295	290	-5	1	86.42	86.42	86.42
juego1	easy	40.0	0.008	94436	700	295	290	-5	1	86.51	86.51	86.51
juego1	easy	40.0	0.008	94445	700	294	290	-4	1	86.68	86.68	86.68
juego1	easy	40.0	0.008	94454	700	294	289	-5	1	86.82	86.82	86.82
juego1	easy	40.0	0.008	94461	700	293	289	-4	1	86.87	86.87	86.87
juego1	easy	40.0	0.008	94470	700	292	289	-3	1	86.97	86.97	86.97
juego1	easy	40.0	0.008	94478	700	292	288	-4	1	87.04	87.04	87.04
juego1	easy	40.0	0.008	94486	700	291	288	-3	1	87.06	87.06	87.06
juego1	easy	40.0	0.008	94495	700	291	288	-3	1	87.12	87.12	87.12
juego1	easy	40.0	0.008	94504	700	290	288	-2	1	87.18	87.18	87.18
juego1	easy	40.0	0.008	94512	700	290	288	-2	1	87.23	87.23	87.23
juego1	easy	40.0	0.008	94521	700	289	287	-2	1	87.34	87.34	87.34
juego1	easy	40.0	0.008	94529	700	289	287	-2	1	87.46	87.46	87.46
juego1	easy	40.0	0.008	94538	700	288	287	-1	1	87.57	87.57	87.57
juego1	easy	40.0	0.008	94546	700	287	287	0	1	87.62	87.62	87.62
juego1	easy	40.0	0.008	94555	700	287	286	-1	1	87.71	87.71	87.71
juego1	easy	40.0	0.008	94563	700	286	286	0	1	87.78	87.78	87.78
juego1	easy	40.0	0.008	94572	700	286	286	0	1	87.82	87.82	87.82
juego1	easy	40.0	0.008	94581	700	285	286	1	1	87.89	87.89	87.89
juego1	easy	40.0	0.008	94589	700	285	286	1	1	87.92	87.92	87.92
juego1	easy	40.0	0.008	94598	700	284	285	1	1	87.97	87.97	87.97
juego1	easy	40.0	0.008	94606	700	283	285	2	1	88.05	88.05	88.05
juego1	easy	40.0	0.008	94615	700	283	285	2	1	88.16	88.16	88.16
juego1	easy	40.0	0.008	94623	700	282	284	2	1	88.28	88.28	88.28
juego1	easy	40.0	0.008	94632	700	282	284	2	1	88.34	88.34	88.34
juego1	easy	40.0	0.008	94640	700	281	284	3	1	88.45	88.45	88.45
juego1	easy	40.0	0.008	94649	700	281	284	3	1	88.55	88.55	88.55
juego1	easy	40.0	0.008	94657	700	280	283	3	1	88.6	88.6	88.6
juego1	easy	40.0	0.008	94666	700	279	283	4	1	88.71	88.71	88.71
juego1	easy	40.0	0.008	94675	700	279	283	4	1	88.85	88.85	88.85
juego1	easy	40.0	0.008	94683	700	278	282	4	1	89.03	89.03	89.03
juego1	easy	40.0	0.008	94692	700	278	282	4	1	89.12	89.12	89.12
juego1	easy	40.0	0.008	94700	700	277	281	4	1	89.31	89.31	89.31
juego1	easy	40.0	0.008	94709	700	276	281	5	1	89.5	89.5	89.5
juego1	easy	40.0	0.008	94717	700	276	280	4	1	89.58	89.58	89.58
juego1	easy	40.0	0.008	94725	700	275	280	5	1	89.74	89.74	89.74
juego1	easy	40.0	0.008	94734	700	275	279	4	1	89.9	89.9	89.9
juego1	easy	40.0	0.008	94742	700	274	279	5	1	89.99	89.99	89.99
juego1	easy	40.0	0.008	94750	700	274	279	5	1	90.16	90.16	90.16
juego1	easy	40.0	0.008	94759	700	273	278	5	1	90.34	90.34	90.34
juego1	easy	40.0	0.008	94767	700	272	278	6	1	90.43	90.43	90.43
juego1	easy	40.0	0.008	94775	700	272	277	5	1	90.6	90.6	90.6
juego1	easy	40.0	0.008	94784	700	271	277	6	1	90.79	90.79	90.79
juego1	easy	40.0	0.008	94792	700	271	276	5	1	90.89	90.89	90.89
juego1	easy	40.0	0.008	94801	700	270	276	6	1	91.1	91.1	91.1
juego1	easy	40.0	0.008	94809	700	269	275	6	1	91.33	91.33	91.33
juego1	easy	40.0	0.008	94818	700	269	274	5	1	91.55	91.55	91.55
juego1	easy	40.0	0.008	94826	700	268	274	6	1	91.66	91.66	91.66
juego1	easy	40.0	0.008	94835	700	268	273	5	2	91.91	91.91	91.91
juego1	easy	50.0	0.009	94844	700	267	272	5	2	92.17	92.17	92.17
juego1	easy	50.0	0.009	94853	700	267	272	5	2	92.31	92.31	92.31
juego1	easy	50.0	0.009	94862	700	266	271	5	2	92.61	92.61	92.61
juego1	easy	50.0	0.009	94870	700	266	270	4	2	92.87	92.87	92.87
juego1	easy	50.0	0.009	94879	700	265	270	5	2	92.98	92.98	92.98
juego1	easy	50.0	0.009	94887	700	265	269	4	2	93.18	93.18	93.18
juego1	easy	50.0	0.009	94896	700	264	268	4	2	93.38	93.38	93.38
juego1	easy	50.0	0.009	94904	700	264	268	4	2	93.64	93.64	93.64
juego1	easy	50.0	0.009	94913	700	263	267	4	2	93.78	93.78	93.78
juego1	easy	50.0	0.009	94922	700	263	266	3	2	94.05	94.05	94.05
juego1	easy	50.0	0.009	94931	700	262	265	3	2	94.35	94.35	94.35
juego1	easy	50.0	0.009	94939	700	262	264	2	2	94.71	94.71	94.71
juego1	easy	50.0	0.009	94947	700	261	264	3	2	94.91	94.91	94.91
juego1	easy	50.0	0.009	94955	700	261	262	1	2	95.35	95.35	95.35
juego1	easy	50.0	0.009	94964	700	260	261	1	2	95.77	95.77	95.77
juego1	easy	50.0	0.009	94973	700	260	260	0	2	95.95	95.95	95.95
juego1	easy	50.0	0.009	94981	700	259	259	0	2	96.26	96.26	96.26
juego1	easy	50.0	0.009	94989	700	259	258	-1	2	96.54	96.54	96.54
juego1	easy	50.0	0.009	94998	700	258	258	0	2	96.7	96.7	96.7
juego1	easy	50.0	0.009	95006	700	258	257	-1	2	97.02	97.02	97.02
juego1	easy	50.0	0.009	95015	700	257	256	-1	2	97.35	97.35	97.35
juego1	easy	50.0	0.009	95024	700	257	255	-2	2	97.66	97.66	97.66
juego1	easy	50.0	0.009	95033	700	256	254	-2	2	97.82	97.82	97.82
juego1	easy	50.0	0.009	95041	700	255	253	-2	2	98.13	98.13	98.13
juego1	easy	50.0	0.009	95050	700	255	253	-2	2	98.31	98.31	98.31
juego1	easy	50.0	0.009	95058	700	254	252	-2	2	98.59	98.59	98.59
juego1	easy	50.0	0.009	95067	700	254	251	-3	2	98.98	98.98	98.98
juego1	easy	50.0	0.009	95075	700	253	250	-3	2	99.3	99.3	99.3
juego1	easy	50.0	0.009	95084	700	253	249	-4	2	99.58	99.58	99.58
juego1	easy	50.0	0.009	95092	700	252	249	-3	2	99.69	99.69	99.69
juego1	easy	50.0	0.009	95101	700	252	248	-4	2	99.86	99.86	99.86
juego1	easy	50.0	0.009	95109	700	251	248	-3	2	99.98	99.98	99.98
juego1	easy	50.0	0.009	95118	700	251	247	-4	2	100.04	100.04	100.04
juego1	easy	50.0	0.009	95126	700	250	247	-3	2	100.18	100.18	100.18
juego1	easy	50.0	0.009	95135	700	250	247	-3	2	100.32	100.32	100.32
juego1	easy	50.0	0.009	95143	700	249	246	-3	2	100.4	100.4	100.4
juego1	easy	50.0	0.009	95151	700	249	246	-3	2	100.53	100.53	100.53
juego1	easy	50.0	0.009	95160	700	248	245	-3	2	100.66	100.66	100.66
juego1	easy	50.0	0.009	95169	700	248	245	-3	2	100.71	100.71	100.71
juego1	easy	50.0	0.009	95177	700	247	245	-2	2	100.81	100.81	100.81
juego1	easy	50.0	0.009	95184	700	247	245	-2	2	100.88	100.88	100.88
juego1	easy	50.0	0.009	95193	700	246	245	-1	2	100.9	100.9	100.9
juego1	easy	50.0	0.009	95201	700	246	245	-1	2	100.89	100.89	100.89
juego1	easy	50.0	0.009	95210	700	245	245	0	2	100.86	100.86	100.86
juego1	easy	50.0	0.009	95218	700	245	245	0	2	100.84	100.84	100.84
juego1	easy	50.0	0.009	95227	700	244	245	1	2	100.83	100.83	100.83
juego1	easy	50.0	0.009	95235	700	244	245	1	2	100.81	100.81	100.81
juego1	easy	50.0	0.009	95244	700	243	245	2	2	100.81	100.81	100.81
juego1	easy	50.0	0.009	95252	700	243	245	2	2	100.8	100.8	100.8
juego1	easy	50.0	0.009	95260	700	243	245	2	2	100.82	100.82	100.82
juego1	easy	50.0	0.009	95269	700	242	245	3	2	100.84	100.84	100.84
juego1	easy	50.0	0.009	95276	700	242	245	3	2	100.87	100.87	100.87
juego1	easy	50.0	0.009	95285	700	241	245	4	2	100.89	100.89	100.89
juego1	easy	50.0	0.009	95293	700	241	245	4	2	100.9	100.9	100.9
juego1	easy	50.0	0.009	95301	700	240	245	5	2	100.95	100.95	100.95
juego1	easy	50.0	0.009	95310	700	240	244	4	2	101.01	101.01	101.01
juego1	easy	50.0	0.009	95318	700	239	244	5	2	101.05	101.05	101.05
juego1	easy	50.0	0.009	95327	700	239	244	5	2	101.13	101.13	101.13
juego1	easy	50.0	0.009	95334	700	238	244	6	2	101.17	101.17	101.17
juego1	easy	50.0	0.009	95342	700	238	244	6	2	101.27	101.27	101.27
juego1	easy	50.0	0.009	95351	700	237	243	6	2	101.37	101.37	101.37
juego1	easy	50.0	0.009	95360	700	237	243	6	2	101.45	101.45	101.45
juego1	easy	50.0	0.009	95368	700	237	243	6	2	101.51	101.51	101.51
juego1	easy	50.0	0.009	95377	700	236	242	6	2	101.62	101.62	101.62
juego1	easy	50.0	0.009	95385	700	236	242	6	2	101.76	101.76	101.76
juego1	easy	50.0	0.009	95394	700	235	242	7	2	101.84	101.84	101.84
juego1	easy	50.0	0.009	95402	700	235	241	6	2	101.99	101.99	101.99
juego1	easy	50.0	0.009	95411	700	234	241	7	2	102.17	102.17	102.17
juego1	easy	50.0	0.009	95419	700	234	240	6	2	102.27	102.27	102.27
juego1	easy	50.0	0.009	95427	700	233	240	7	2	102.47	102.47	102.47
juego1	easy	50.0	0.009	95436	700	233	239	6	2	102.66	102.66	102.66
juego1	easy	50.0	0.009	95444	700	233	239	6	2	102.74	102.74	102.74
juego1	easy	50.0	0.009	95452	700	232	238	6	2	102.91	102.91	102.91
juego1	easy	50.0	0.009	95461	700	232	238	6	2	103.1	103.1	103.1
juego1	easy	50.0	0.009	95469	700	231	237	6	2	103.2	103.2	103.2
juego1	easy	50.0	0.009	95477	700	231	237	6	2	103.41	103.41	103.41
juego1	easy	50.0	0.009	95486	700	231	236	5	2	103.61	103.61	103.61
juego1	easy	50.0	0.009	95494	700	230	236	6	2	103.71	103.71	103.71
juego1	easy	50.0	0.009	95502	700	230	235	5	2	103.89	103.89	103.89
juego1	easy	50.0	0.009	95511	700	229	235	6	2	104.06	104.06	104.06
juego1	easy	50.0	0.009	95519	700	229	235	6	2	104.14	104.14	104.14
juego1	easy	50.0	0.009	95527	700	229	234	5	2	104.28	104.28	104.28
juego1	easy	50.0	0.009	95535	700	228	234	6	2	104.44	104.44	104.44
juego1	easy	50.0	0.009	95544	700	228	233	5	2	104.52	104.52	104.52
juego1	easy	50.0	0.009	95552	700	227	233	6	2	104.67	104.67	104.67
juego1	easy	50.0	0.009	95561	700	227	232	5	2	104.8	104.8	104.8
juego1	easy	50.0	0.009	95569	700	227	232	5	2	104.87	104.87	104.87
juego1	easy	50.0	0.009	95577	700	226	232	6	2	104.97	104.97	104.97
juego1	easy	50.0	0.009	95586	700	226	232	6	2	105.06	105.06	105.06
juego1	easy	50.0	0.009	95595	700	225	231	6	2	105.11	105.11	105.11
juego1	easy	50.0	0.009	95604	700	225	231	6	2	105.23	105.23	105.23
juego1	easy	50.0	0.009	95612	700	225	231	6	2	105.39	105.39	105.39
juego1	easy	50.0	0.009	95621	700	224	230	6	2	105.47	105.47	105.47
juego1	easy	50.0	0.009	95629	700	224	230	6	2	105.61	105.61	105.61
juego1	easy	50.0	0.009	95638	700	224	229	5	2	105.75	105.75	105.75
juego1	easy	50.0	0.009	95647	700	223	229	6	2	105.89	105.89	105.89
juego1	easy	50.0	0.009	95655	700	223	229	6	2	105.96	105.96	105.96
juego1	easy	50.0	0.009	95664	700	223	228	5	2	106.11	106.11	106.11
juego1	easy	50.0	0.009	95673	700	222	228	6	2	106.27	106.27	106.27
juego1	easy	50.0	0.009	95681	700	222	227	5	2	106.44	106.44	106.44
juego1	easy	50.0	0.009	95689	700	222	227	5	2	106.53	106.53	106.53
juego1	easy	50.0	0.009	95698	700	221	226	5	2	106.74	106.74	106.74
juego1	easy	50.0	0.009	95706	700	221	226	5	2	106.96	106.96	106.96
juego1	easy	50.0	0.009	95715	700	221	225	4	2	107.08	107.08	107.08
juego1	easy	50.0	0.009	95724	700	220	224	4	2	107.35	107.35	107.35
juego1	easy	50.0	0.009	95732	700	220	223	3	2	107.65	107.65	107.65
juego1	easy	50.0	0.009	95741	700	220	223	3	2	107.95	107.95	107.95
juego1	easy	50.0	0.009	95749	700	219	222	3	2	108.09	108.09	108.09
juego1	easy	50.0	0.009	95758	700	219	221	2	2	108.36	108.36	108.36
juego1	easy	50.0	0.009	95767	700	219	220	1	2	108.62	108.62	108.62
juego1	easy	50.0	0.009	95776	700	219	220	1	2	108.88	108.88	108.88
juego1	easy	50.0	0.009	95784	700	218	219	1	2	109.0	109.0	109.0
juego1	easy	50.0	0.009	95793	700	218	218	0	2	109.28	109.28	109.28
juego1	easy	50.0	0.009	95801	700	218	218	0	2	109.42	109.42	109.42
juego1	easy	50.0	0.009	95808	700	217	217	0	2	109.71	109.71	109.71
juego1	easy	50.0	0.009	95817	700	217	216	-1	2	110.01	110.01	110.01
juego1	easy	50.0	0.009	95825	700	217	216	-1	2	110.15	110.15	110.15
juego1	easy	50.0	0.009	95833	700	217	215	-2	2	110.42	110.42	110.42
juego1	easy	50.0	0.009	95842	700	216	214	-2	2	110.61	110.61	110.61
juego1	easy	50.0	0.009	95850	700	216	214	-2	2	110.72	110.72	110.72
juego1	easy	50.0	0.009	95858	700	216	213	-3	2	110.91	110.91	110.91
juego1	easy	50.0	0.009	95867	700	216	213	-3	2	111.13	111.13	111.13
juego1	easy	50.0	0.009	95876	700	215	212	-3	2	111.33	111.33	111.33
juego1	easy	50.0	0.009	95885	700	215	212	-3	2	111.39	111.39	111.39
juego1	easy	50.0	0.009	95893	700	215	211	-4	2	111.52	111.52	111.52
juego1	easy	50.0	0.009	95902	700	215	211	-4	2	111.7	111.7	111.7
juego1	easy	50.0	0.009	95910	700	214	210	-4	2	111.81	111.81	111.81
juego1	easy	50.0	0.009	95918	700	214	210	-4	2	112.03	112.03	112.03
juego1	easy	50.0	0.009	95927	700	214	209	-5	2	112.25	112.25	112.25
juego1	easy	50.0	0.009	95936	700	214	208	-6	2	112.44	112.44	112.44
juego1	easy	50.0	0.009	95945	700	214	208	-6	2	112.49	112.49	112.49
juego1	easy	50.0	0.009	95953	700	213	208	-5	2	112.59	112.59	112.59
juego1	easy	50.0	0.009	95962	700	213	208	-5	2	112.64	112.64	112.64
juego1	easy	50.0	0.009	95970	700	213	208	-5	2	112.71	112.71	112.71
juego1	easy	50.0	0.009	95979	700	213	207	-6	2	112.75	112.75	112.75
juego1	easy	50.0	0.009	95987	700	213	207	-6	2	112.79	112.79	112.79
juego1	easy	50.0	0.009	95996	700	212	207	-5	2	112.82	112.82	112.82
juego1	easy	50.0	0.009	96003	700	212	207	-5	2	112.85	112.85	112.85
juego1	easy	50.0	0.009	96013	700	212	207	-5	2	112.84	112.84	112.84
juego1	easy	50.0	0.009	96020	700	212	207	-5	2	112.86	112.86	112.86
juego1	easy	50.0	0.009	96029	700	212	207	-5	2	112.89	112.89	112.89
juego1	easy	50.0	0.009	96037	700	212	207	-5	2	112.88	112.88	112.88
juego1	easy	50.0	0.009	96046	700	211	207	-4	2	112.86	112.86	112.86
juego1	easy	50.0	0.009	96055	700	211	207	-4	2	112.83	112.83	112.83
juego1	easy	50.0	0.009	96063	700	211	207	-4	2	112.82	112.82	112.82
juego1	easy	50.0	0.009	96072	700	211	207	-4	2	112.81	112.81	112.81
juego1	easy	50.0	0.009	96080	700	211	207	-4	2	112.8	112.8	112.8
juego1	easy	50.0	0.009	96089	700	211	207	-4	2	112.76	112.76	112.76
juego1	easy	50.0	0.009	96097	700	211	207	-4	2	112.76	112.76	112.76
juego1	easy	50.0	0.009	96105	700	211	207	-4	2	112.77	112.77	112.77
juego1	easy	50.0	0.009	96114	700	210	207	-3	2	112.77	112.77	112.77
juego1	easy	50.0	0.009	96122	700	210	207	-3	2	112.74	112.74	112.74
juego1	easy	50.0	0.009	96131	700	210	208	-2	2	112.72	112.72	112.72
juego1	easy	50.0	0.009	96140	700	210	208	-2	2	112.69	112.69	112.69
juego1	easy	50.0	0.009	96149	700	210	208	-2	2	112.68	112.68	112.68
juego1	easy	50.0	0.009	96157	700	210	208	-2	2	112.67	112.67	112.67
juego1	easy	50.0	0.009	96166	700	210	208	-2	2	112.65	112.65	112.65
juego1	easy	50.0	0.009	96174	700	210	208	-2	2	112.6	112.6	112.6
juego1	easy	50.0	0.009	96183	700	210	208	-2	2	112.55	112.55	112.55
juego1	easy	50.0	0.009	96192	700	210	208	-2	2	112.47	112.47	112.47
juego1	easy	50.0	0.009	96201	700	209	208	-1	2	112.43	112.43	112.43
juego1	easy	50.0	0.009	96210	700	209	209	0	2	112.4	112.4	112.4
juego1	easy	50.0	0.009	96218	700	209	209	0	2	112.36	112.36	112.36
juego1	easy	50.0	0.009	96227	700	209	209	0	2	112.3	112.3	112.3
juego1	easy	50.0	0.009	96235	700	209	209	0	2	112.25	112.25	112.25
juego1	easy	50.0	0.009	96244	700	209	209	0	2	112.12	112.12	112.12
juego1	easy	50.0	0.009	96253	700	209	210	1	2	111.96	111.96	111.96
juego1	easy	50.0	0.009	96262	700	209	210	1	2	111.79	111.79	111.79
juego1	easy	50.0	0.009	96270	700	209	211	2	2	111.69	111.69	111.69
juego1	easy	50.0	0.009	96279	700	209	212	3	2	111.44	111.44	111.44
juego1	easy	50.0	0.009	96288	700	209	213	4	2	111.09	111.09	111.09
juego1	easy	50.0	0.009	96296	700	209	213	4	2	110.88	110.88	110.88
juego1	easy	50.0	0.009	96304	700	209	215	6	2	110.33	110.33	110.33
juego1	easy	50.0	0.009	96313	700	209	217	8	2	109.66	109.66	109.66
juego1	easy	50.0	0.009	96321	700	209	218	9	2	109.33	109.33	109.33
juego1	easy	50.0	0.009	96329	700	209	220	11	2	108.83	108.83	108.83
juego1	easy	50.0	0.009	96338	700	209	221	12	2	108.54	108.54	108.54
juego1	easy	50.0	0.009	96346	700	209	221	12	2	108.44	108.44	108.44
juego1	easy	50.0	0.009	96354	700	209	222	13	2	108.22	108.22	108.22
juego1	easy	50.0	0.009	96363	700	209	222	13	2	107.96	107.96	107.96
juego1	easy	50.0	0.009	96371	700	209	223	14	2	107.82	107.82	107.82
juego1	easy	50.0	0.009	96379	700	209	224	15	2	107.54	107.54	107.54
juego1	easy	50.0	0.009	96388	700	209	225	16	2	107.2	107.2	107.2
juego1	easy	50.0	0.009	96396	700	209	226	17	2	106.99	106.99	106.99
juego1	easy	50.0	0.009	96404	700	209	227	18	2	106.51	106.51	106.51
juego1	easy	50.0	0.009	96413	700	209	229	20	2	106.0	106.0	106.0
juego1	easy	50.0	0.009	96422	700	209	229	20	2	105.76	105.76	105.76
juego1	easy	50.0	0.009	96430	700	209	231	22	2	105.28	105.28	105.28
juego1	easy	50.0	0.009	96438	700	209	232	23	2	104.8	104.8	104.8
juego1	easy	50.0	0.009	96447	700	209	233	24	2	104.57	104.57	104.57
juego1	easy	50.0	0.009	96455	700	210	235	25	2	104.11	104.11	104.11
juego1	easy	50.0	0.009	96463	700	210	235	25	2	103.89	103.89	103.89
juego1	easy	50.0	0.009	96473	700	210	237	27	2	103.24	103.24	103.24
juego1	easy	50.0	0.009	96480	700	210	238	28	2	103.02	103.02	103.02
juego1	easy	50.0	0.009	96489	700	210	239	29	2	102.58	102.58	102.58
juego1	easy	50.0	0.009	96498	700	210	241	31	2	102.13	102.13	102.13
juego1	easy	50.0	0.009	96506	700	210	242	32	2	101.9	101.9	101.9
juego1	easy	50.0	0.009	96514	700	210	243	33	2	101.44	101.44	101.44
juego1	easy	50.0	0.009	96522	700	210	244	34	2	101.03	101.03	101.03
juego1	easy	50.0	0.009	96530	700	210	245	35	2	100.84	100.84	100.84
juego1	easy	50.0	0.009	96539	700	211	246	35	2	100.54	100.54	100.54
juego1	easy	50.0	0.009	96548	700	211	246	35	2	100.34	100.34	100.34
juego1	easy	50.0	0.009	96556	700	211	247	36	2	100.26	100.26	100.26
juego1	easy	50.0	0.009	96565	700	211	247	36	2	100.11	100.11	100.11
juego1	easy	50.0	0.009	96574	700	211	248	37	2	99.98	99.98	99.98
juego1	easy	50.0	0.009	96583	700	211	248	37	2	99.83	99.83	99.83
juego1	easy	50.0	0.009	96591	700	211	248	37	2	99.75	99.75	99.75
juego1	easy	50.0	0.009	96599	700	211	249	38	2	99.56	99.56	99.56
juego1	easy	50.0	0.009	96608	700	212	250	38	2	99.34	99.34	99.34
juego1	easy	50.0	0.009	96617	700	212	250	38	2	99.23	99.23	99.23
juego1	easy	50.0	0.009	96626	700	212	250	38	2	99.08	99.08	99.08
juego1	easy	50.0	0.009	96635	700	212	251	39	2	98.98	98.98	98.98
juego1	easy	50.0	0.009	96643	700	212	251	39	2	98.89	98.89	98.89
juego1	easy	50.0	0.009	96652	700	212	251	39	2	98.87	98.87	98.87
juego1	easy	50.0	0.009	96660	700	213	251	38	2	98.81	98.81	98.81
juego1	easy	50.0	0.009	96669	700	213	251	38	2	98.75	98.75	98.75
juego1	easy	50.0	0.009	96678	700	213	252	39	2	98.68	98.68	98.68
juego1	easy	50.0	0.009	96687	700	213	252	39	2	98.63	98.63	98.63
juego1	easy	50.0	0.009	96696	700	213	252	39	2	98.52	98.52	98.52
juego1	easy	50.0	0.009	96705	700	214	253	39	2	98.42	98.42	98.42
juego1	easy	50.0	0.009	96712	700	214	253	39	2	98.38	98.38	98.38
juego1	easy	50.0	0.009	96721	700	214	253	39	2	98.35	98.35	98.35
juego1	easy	50.0	0.009	96729	700	214	253	39	2	98.35	98.35	98.35
juego1	easy	50.0	0.009	96737	700	214	253	39	2	98.35	98.35	98.35
juego1	easy	50.0	0.009	96745	700	215	253	38	2	98.33	98.33	98.33
juego1	easy	50.0	0.009	96754	700	215	253	38	2	98.28	98.28	98.28
juego1	easy	50.0	0.009	96763	700	215	253	38	2	98.21	98.21	98.21
juego1	easy	50.0	0.009	96772	700	215	253	38	2	98.17	98.17	98.17
juego1	easy	50.0	0.009	96781	700	216	254	38	2	98.09	98.09	98.09
juego1	easy	50.0	0.009	96790	700	216	254	38	2	97.99	97.99	97.99
juego1	easy	50.0	0.009	96798	700	216	254	38	2	97.95	97.95	97.95
juego1	easy	50.0	0.009	96807	700	216	254	38	2	97.9	97.9	97.9
juego1	easy	50.0	0.009	96816	700	217	254	37	2	97.88	97.88	97.88
juego1	easy	50.0	0.009	96825	700	217	254	37	2	97.86	97.86	97.86
juego1	easy	50.0	0.009	96833	700	217	254	37	2	97.82	97.82	97.82
juego1	easy	50.0	0.009	96842	700	217	254	37	2	97.8	97.8	97.8
juego1	easy	50.0	0.009	96850	700	218	255	37	2	97.74	97.74	97.74
juego1	easy	50.0	0.009	96859	700	218	255	37	2	97.68	97.68	97.68
juego1	easy	50.0	0.009	96867	700	218	255	37	2	97.63	97.63	97.63
juego1	easy	50.0	0.009	96876	700	219	255	36	2	97.57	97.57	97.57
juego1	easy	50.0	0.009	96884	700	219	255	36	2	97.51	97.51	97.51
juego1	easy	50.0	0.009	96893	700	219	255	36	2	97.5	97.5	97.5
juego1	easy	50.0	0.009	96901	700	219	255	36	2	97.48	97.48	97.48
juego1	easy	50.0	0.009	96910	700	220	256	36	2	97.45	97.45	97.45
juego1	easy	50.0	0.009	96919	700	220	256	36	2	97.36	97.36	97.36
juego1	easy	50.0	0.009	96926	700	220	256	36	2	97.3	97.3	97.3
juego1	easy	50.0	0.009	96935	700	221	257	36	2	97.16	97.16	97.16
juego1	easy	50.0	0.009	96943	700	221	257	36	2	97.07	97.07	97.07
juego1	easy	50.0	0.009	96951	700	221	257	36	2	96.88	96.88	96.88
juego1	easy	50.0	0.009	96959	700	222	258	36	2	96.59	96.59	96.59
juego1	easy	50.0	0.009	96968	700	222	259	37	2	96.44	96.44	96.44
juego1	easy	50.0	0.009	96977	700	222	259	37	2	96.22	96.22	96.22
juego1	easy	50.0	0.009	96986	700	223	260	37	2	95.93	95.93	95.93
juego1	easy	50.0	0.009	96994	700	223	262	39	2	95.49	95.49	95.49
juego1	easy	50.0	0.009	97002	700	223	263	40	2	95.17	95.17	95.17
juego1	easy	50.0	0.009	97011	700	224	265	41	2	94.47	94.47	94.47
juego1	easy	50.0	0.009	97020	700	224	267	43	2	93.76	93.76	93.76
juego1	easy	50.0	0.009	97028	700	224	268	44	2	93.42	93.42	93.42
juego1	easy	50.0	0.009	97037	700	225	270	45	2	92.8	92.8	92.8
juego1	easy	50.0	0.009	97045	700	225	272	47	2	92.28	92.28	92.28
juego1	easy	50.0	0.009	97053	700	225	273	48	2	92.04	92.04	92.04
juego1	easy	50.0	0.009	97061	700	226	274	48	2	91.49	91.49	91.49
juego1	easy	50.0	0.009	97070	700	226	276	50	2	90.89	90.89	90.89
juego1	easy	50.0	0.009	97078	700	227	277	50	2	90.59	90.59	90.59
juego1	easy	50.0	0.009	97086	700	227	279	52	2	90.06	90.06	90.06
juego1	easy	50.0	0.009	97095	700	227	280	53	2	89.55	89.55	89.55
juego1	easy	50.0	0.009	97104	700	228	282	54	2	89.01	89.01	89.01
juego1	easy	50.0	0.009	97112	700	228	283	55	2	88.7	88.7	88.7
juego1	easy	50.0	0.009	97121	700	229	285	56	2	88.04	88.04	88.04
juego1	easy	50.0	0.009	97129	700	229	287	58	2	87.35	87.35	87.35
juego1	easy	50.0	0.009	97138	700	229	289	60	2	86.98	86.98	86.98
juego1	easy	50.0	0.009	97146	700	230	291	61	2	86.27	86.27	86.27
juego1	easy	50.0	0.009	97155	700	230	293	63	2	85.51	85.51	85.51
juego1	easy	50.0	0.009	97164	700	231	294	63	2	85.13	85.13	85.13
juego1	easy	50.0	0.009	97172	700	231	297	66	2	84.39	84.39	84.39
juego1	easy	50.0	0.009	97181	700	231	299	68	2	83.66	83.66	83.66
juego1	easy	50.0	0.009	97189	700	232	300	68	2	83.02	83.02	83.02
juego1	easy	50.0	0.009	97198	700	232	301	69	2	82.75	82.75	82.75
juego1	easy	50.0	0.009	97207	700	233	303	70	2	82.19	82.19	82.19
juego1	easy	50.0	0.009	97215	700	233	305	72	2	81.59	81.59	81.59
juego1	easy	50.0	0.009	97224	700	233	307	74	2	80.95	80.95	80.95
juego1	easy	50.0	0.009	97233	700	234	308	74	2	80.59	80.59	80.59
juego1	easy	50.0	0.009	97242	700	234	310	76	2	79.87	79.87	79.87
juego1	easy	50.0	0.009	97250	700	235	312	77	2	79.11	79.11	79.11
juego1	easy	50.0	0.009	97259	700	235	314	79	2	78.71	78.71	78.71
juego1	easy	50.0	0.009	97268	700	236	316	80	2	77.96	77.96	77.96
juego1	easy	50.0	0.009	97276	700	236	318	82	2	77.22	77.22	77.22
juego1	easy	50.0	0.009	97285	700	236	320	84	2	76.53	76.53	76.53
juego1	easy	50.0	0.009	97294	700	237	321	84	2	76.22	76.22	76.22
juego1	easy	50.0	0.009	97301	700	237	323	86	2	75.61	75.61	75.61
juego1	easy	50.0	0.009	97310	700	238	325	87	2	75.04	75.04	75.04
juego1	easy	50.0	0.009	97319	700	238	326	88	2	74.75	74.75	74.75
juego1	easy	50.0	0.009	97327	700	239	328	89	2	74.14	74.14	74.14
juego1	easy	50.0	0.009	97336	700	239	330	91	2	73.51	73.51	73.51
juego1	easy	50.0	0.009	97344	700	240	331	91	2	73.23	73.23	73.23
juego1	easy	50.0	0.009	97353	700	240	333	93	2	72.64	72.64	72.64
juego1	easy	50.0	0.009	97360	700	241	334	93	2	72.11	72.11	72.11
juego1	easy	50.0	0.009	97368	700	241	334	93	2	72.11	72.11	72.11
juego1	easy	50.0	0.009	97376	700	242	336	94	2	71.74	71.74	71.74
juego1	easy	50.0	0.009	97385	700	242	337	95	2	71.23	71.23	71.23
juego1	easy	50.0	0.009	97394	700	242	338	96	2	71.12	71.12	71.12
juego1	easy	50.0	0.009	97403	700	243	338	95	2	70.9	70.9	70.9
juego1	easy	50.0	0.009	97411	700	243	339	96	2	70.69	70.69	70.69
juego1	easy	50.0	0.009	97420	700	244	339	95	2	70.51	70.51	70.51
juego1	easy	50.0	0.009	97429	700	244	340	96	2	70.4	70.4	70.4
juego1	easy	50.0	0.009	97436	700	245	340	95	2	70.19	70.19	70.19
juego1	easy	50.0	0.009	97445	700	245	341	96	2	69.93	69.93	69.93
juego1	easy	50.0	0.009	97454	700	246	342	96	2	69.8	69.8	69.8
juego1	easy	50.0	0.009	97463	700	246	342	96	2	69.57	69.57	69.57
juego1	easy	50.0	0.009	97471	700	247	343	96	2	69.39	69.39	69.39
juego1	easy	50.0	0.009	97480	700	247	343	96	2	69.26	69.26	69.26
juego1	easy	50.0	0.009	97488	700	248	344	96	2	69.2	69.2	69.2
juego1	easy	50.0	0.009	97497	700	248	344	96	2	69.06	69.06	69.06
juego1	easy	50.0	0.009	97505	700	249	345	96	2	68.87	68.87	68.87
juego1	easy	50.0	0.009	97514	700	249	345	96	2	68.76	68.76	68.76
juego1	easy	50.0	0.009	97522	700	250	346	96	2	68.51	68.51	68.51
juego1	easy	50.0	0.009	97531	700	250	347	97	2	68.22	68.22	68.22
juego1	easy	50.0	0.009	97539	700	251	347	96	2	68.1	68.1	68.1
juego1	easy	50.0	0.009	97547	700	251	348	97	2	67.87	67.87	67.87
juego1	easy	50.0	0.009	97556	700	252	348	96	2	67.67	67.67	67.67
juego1	easy	50.0	0.009	97564	700	252	349	97	2	67.57	67.57	67.57
juego1	easy	50.0	0.009	97572	700	253	349	96	2	67.33	67.33	67.33
juego1	easy	50.0	0.009	97581	700	253	350	97	2	67.08	67.08	67.08
juego1	easy	50.0	0.009	97589	700	254	351	97	2	66.92	66.92	66.92
juego1	easy	50.0	0.009	97598	700	254	352	98	2	66.55	66.55	66.55
juego1	easy	50.0	0.009	97607	700	255	353	98	2	66.17	66.17	66.17
juego1	easy	50.0	0.009	97616	700	255	354	99	2	65.78	65.78	65.78
juego1	easy	50.0	0.009	97624	700	256	355	99	2	65.57	65.57	65.57
juego1	easy	50.0	0.009	97633	700	256	356	100	2	65.1	65.1	65.1
juego1	easy	50.0	0.009	97641	700	257	358	101	2	64.46	64.46	64.46
juego1	easy	50.0	0.009	97650	700	258	360	102	2	63.84	63.84	63.84
juego1	easy	50.0	0.009	97659	700	258	361	103	2	63.59	63.59	63.59
juego1	easy	50.0	0.009	97668	700	259	362	103	2	63.21	63.21	63.21
juego1	easy	50.0	0.009	97677	700	259	363	104	2	63.02	63.02	63.02
juego1	easy	50.0	0.009	97684	700	260	364	104	2	62.58	62.58	62.58
juego1	easy	50.0	0.009	97692	700	260	366	106	2	62.03	62.03	62.03
juego1	easy	50.0	0.009	97701	700	261	368	107	2	61.36	61.36	61.36
juego1	easy	50.0	0.009	97710	700	261	369	108	2	60.97	60.97	60.97
juego1	easy	50.0	0.009	97719	700	262	372	110	2	60.09	60.09	60.09
juego1	easy	50.0	0.009	97727	700	262	375	113	2	59.2	59.2	59.2
juego1	easy	50.0	0.009	97736	700	263	378	115	2	58.39	58.39	58.39
juego1	easy	50.0	0.009	97744	700	263	379	116	2	58.05	58.05	58.05
juego1	easy	50.0	0.009	97752	700	264	380	116	2	57.67	57.67	57.67
juego1	easy	50.0	0.009	97761	700	264	380	116	2	57.49	57.49	57.49
juego1	easy	50.0	0.009	97769	700	265	381	116	2	57.4	57.4	57.4
juego1	easy	50.0	0.009	97777	700	265	382	117	2	57.12	57.12	57.12
juego1	easy	50.0	0.009	97786	700	266	382	116	2	56.85	56.85	56.85
juego1	easy	50.0	0.009	97795	700	266	383	117	2	56.77	56.77	56.77
juego1	easy	50.0	0.009	97804	700	267	383	116	2	56.68	56.68	56.68
juego1	easy	50.0	0.009	97812	700	267	384	117	2	56.5	56.5	56.5
juego1	easy	50.0	0.009	97821	700	268	384	116	2	56.25	56.25	56.25
juego1	easy	50.0	0.009	97829	700	269	385	116	2	56.18	56.18	56.18
juego1	easy	50.0	0.009	97838	700	270	385	115	2	56.14	56.14	56.14
juego1	easy	50.0	0.009	97846	700	271	385	114	2	56.08	56.08	56.08
juego1	easy	50.0	0.009	97855	700	272	385	113	2	56.03	56.03	56.03
juego1	easy	50.0	0.009	97864	700	272	385	113	2	55.97	55.97	55.97
juego1	easy	50.0	0.009	97872	700	273	385	112	2	55.95	55.95	55.95
juego1	easy	50.0	0.009	97881	700	274	385	111	2	55.91	55.91	55.91
juego1	easy	50.0	0.009	97890	700	275	386	111	2	55.88	55.88	55.88
juego1	easy	50.0	0.009	97897	700	276	386	110	2	55.8	55.8	55.8
juego1	easy	50.0	0.009	97906	700	276	386	110	2	55.77	55.77	55.77
juego1	easy	50.0	0.009	97914	700	277	386	109	2	55.78	55.78	55.78
juego1	easy	50.0	0.009	97923	700	278	386	108	2	55.82	55.82	55.82
juego1	easy	50.0	0.009	97931	700	279	386	107	2	55.85	55.85	55.85
juego1	easy	50.0	0.009	97940	700	280	386	106	2	55.86	55.86	55.86
juego1	easy	50.0	0.009	97948	700	281	385	104	2	55.9	55.9	55.9
juego1	easy	50.0	0.009	97957	700	281	385	104	2	55.94	55.94	55.94
juego1	easy	50.0	0.009	97965	700	282	385	103	2	55.97	55.97	55.97
juego1	easy	50.0	0.009	97973	700	283	385	102	2	56.05	56.05	56.05
juego1	easy	50.0	0.009	97982	700	284	385	101	2	56.19	56.19	56.19
juego1	easy	50.0	0.009	97990	700	285	384	99	2	56.3	56.3	56.3
juego1	easy	50.0	0.009	97998	700	285	383	98	2	56.6	56.6	56.6
juego1	easy	50.0	0.009	98007	700	286	382	96	2	57.04	57.04	57.04
juego1	easy	50.0	0.009	98016	700	287	381	94	2	57.31	57.31	57.31
juego1	easy	50.0	0.009	98025	700	288	379	91	2	57.82	57.82	57.82
juego1	easy	50.0	0.009	98033	700	289	377	88	2	58.47	58.47	58.47
juego1	easy	50.0	0.009	98042	700	289	375	86	2	59.23	59.23	59.23
juego1	easy	50.0	0.009	98049	700	290	374	84	2	59.62	59.62	59.62
juego1	easy	50.0	0.009	98058	700	291	371	80	2	60.48	60.48	60.48
juego1	easy	50.0	0.009	98066	700	292	370	78	2	60.96	60.96	60.96
juego1	easy	50.0	0.009	98074	700	293	366	73	2	61.99	61.99	61.99
juego1	easy	50.0	0.009	98083	700	293	363	70	2	63.08	63.08	63.08
juego1	easy	50.0	0.009	98091	700	294	359	65	2	64.23	64.23	64.23
juego1	easy	50.0	0.009	98100	700	295	357	62	2	64.82	64.82	64.82
juego1	easy	50.0	0.009	98108	700	296	357	61	2	64.82	64.82	64.82
juego1	easy	50.0	0.009	98117	700	297	351	54	2	66.74	66.74	66.74
juego1	easy	50.0	0.009	98125	700	297	347	50	2	67.98	67.98	67.98
juego1	easy	50.0	0.009	98133	700	298	344	46	2	69.06	69.06	69.06
juego1	easy	50.0	0.009	98142	700	299	341	42	2	69.97	69.97	69.97
juego1	easy	50.0	0.009	98151	700	300	340	40	2	70.41	70.41	70.41
juego1	easy	50.0	0.009	98159	700	300	337	37	2	71.21	71.21	71.21
juego1	easy	50.0	0.009	98168	700	300	335	35	2	71.98	71.98	71.98
juego1	easy	50.0	0.009	98177	700	301	333	32	2	72.67	72.67	72.67
juego1	easy	50.0	0.009	98186	700	302	332	30	2	72.95	72.95	72.95
juego1	easy	50.0	0.009	98194	700	303	330	27	2	73.49	73.49	73.49
juego1	easy	50.0	0.009	98203	700	303	329	26	2	73.97	73.97	73.97
juego1	easy	50.0	0.009	98210	700	304	328	24	2	74.23	74.23	74.23
juego1	easy	50.0	0.009	98219	700	305	326	21	2	74.86	74.86	74.86
juego1	easy	50.0	0.009	98227	700	306	325	19	2	75.16	75.16	75.16
juego1	easy	50.0	0.009	98236	700	306	324	18	2	75.44	75.44	75.44
juego1	easy	50.0	0.009	98245	700	307	324	17	2	75.52	75.52	75.52
juego1	easy	50.0	0.009	98253	700	308	323	15	2	75.67	75.67	75.67
juego1	easy	50.0	0.009	98262	700	308	323	15	2	75.87	75.87	75.87
juego1	easy	50.0	0.009	98270	700	309	322	13	2	75.95	75.95	75.95
juego1	easy	50.0	0.009	98279	700	310	322	12	2	76.06	76.06	76.06
juego1	easy	50.0	0.009	98288	700	311	322	11	2	76.13	76.13	76.13
juego1	easy	50.0	0.009	98296	700	311	321	10	2	76.21	76.21	76.21
juego1	easy	50.0	0.009	98305	700	312	321	9	2	76.27	76.27	76.27
juego1	easy	50.0	0.009	98313	700	313	321	8	2	76.36	76.36	76.36
juego1	easy	50.0	0.009	98322	700	313	321	8	2	76.38	76.38	76.38
juego1	easy	50.0	0.009	98330	700	314	321	7	2	76.37	76.37	76.37
juego1	easy	50.0	0.009	98339	700	315	321	6	2	76.38	76.38	76.38
juego1	easy	50.0	0.009	98347	700	316	321	5	2	76.42	76.42	76.42
juego1	easy	50.0	0.009	98356	700	316	321	5	2	76.44	76.44	76.44
juego1	easy	50.0	0.009	98364	700	317	321	4	2	76.46	76.46	76.46
juego1	easy	50.0	0.009	98373	700	318	321	3	2	76.49	76.49	76.49
juego1	easy	50.0	0.009	98381	700	318	321	3	2	76.5	76.5	76.5
juego1	easy	50.0	0.009	98389	700	319	321	2	2	76.52	76.52	76.52
juego1	easy	50.0	0.009	98398	700	320	320	0	2	76.53	76.53	76.53
juego1	easy	50.0	0.009	98406	700	320	321	1	2	76.52	76.52	76.52
juego1	easy	50.0	0.009	98415	700	321	321	0	2	76.47	76.47	76.47
juego1	easy	50.0	0.009	98423	700	322	321	-1	2	76.4	76.4	76.4
juego1	easy	50.0	0.009	98432	700	322	321	-1	2	76.35	76.35	76.35
juego1	easy	50.0	0.009	98440	700	323	321	-2	2	76.33	76.33	76.33
juego1	easy	50.0	0.009	98449	700	324	321	-3	2	76.33	76.33	76.33
juego1	easy	50.0	0.009	98457	700	324	321	-3	2	76.32	76.32	76.32
juego1	easy	50.0	0.009	98466	700	325	321	-4	2	76.31	76.31	76.31
juego1	easy	50.0	0.009	98474	700	326	321	-5	2	76.29	76.29	76.29
juego1	easy	50.0	0.009	98483	700	326	321	-5	2	76.26	76.26	76.26
juego1	easy	50.0	0.009	98492	700	327	321	-6	2	76.23	76.23	76.23
juego1	easy	50.0	0.009	98499	700	327	322	-5	2	76.17	76.17	76.17
juego1	easy	50.0	0.009	98508	700	328	322	-6	2	76.13	76.13	76.13
juego1	easy	50.0	0.009	98517	700	329	322	-7	2	76.11	76.11	76.11
juego1	easy	50.0	0.009	98524	700	329	322	-7	2	76.09	76.09	76.09
juego1	easy	50.0	0.009	98533	700	330	322	-8	2	76.08	76.08	76.08
juego1	easy	50.0	0.009	98541	700	330	322	-8	2	76.08	76.08	76.08
juego1	easy	50.0	0.009	98550	700	331	322	-9	2	76.06	76.06	76.06
juego1	easy	50.0	0.009	98558	700	332	322	-10	2	76.03	76.03	76.03
juego1	easy	50.0	0.009	98567	700	332	322	-10	2	76.01	76.01	76.01
juego1	easy	50.0	0.009	98576	700	333	322	-11	2	75.95	75.95	75.95
juego1	easy	50.0	0.009	98585	700	333	322	-11	2	75.89	75.89	75.89
juego1	easy	50.0	0.009	98594	700	334	323	-11	2	75.85	75.85	75.85
juego1	easy	50.0	0.009	98602	700	334	323	-11	2	75.83	75.83	75.83
juego1	easy	50.0	0.009	98611	700	335	323	-12	2	75.81	75.81	75.81
juego1	easy	50.0	0.009	98620	700	336	323	-13	2	75.77	75.77	75.77
juego1	easy	50.0	0.009	98628	700	336	323	-13	2	75.72	75.72	75.72
juego1	easy	50.0	0.009	98637	700	337	323	-14	2	75.69	75.69	75.69
juego1	easy	50.0	0.009	98646	700	337	323	-14	2	75.64	75.64	75.64
juego1	easy	50.0	0.009	98655	700	338	323	-15	2	75.61	75.61	75.61
juego1	easy	50.0	0.009	98664	700	338	324	-14	2	75.56	75.56	75.56
juego1	easy	50.0	0.009	98672	700	339	324	-15	2	75.53	75.53	75.53
juego1	easy	50.0	0.009	98681	700	339	324	-15	2	75.5	75.5	75.5
juego1	easy	50.0	0.009	98690	700	340	324	-16	2	75.49	75.49	75.49
juego1	easy	50.0	0.009	98699	700	340	324	-16	2	75.44	75.44	75.44
juego1	easy	50.0	0.009	98707	700	341	324	-17	2	75.43	75.43	75.43
juego1	easy	50.0	0.009	98715	700	341	324	-17	2	75.37	75.37	75.37
juego1	easy	50.0	0.009	98724	700	342	324	-18	2	75.29	75.29	75.29
juego1	easy	50.0	0.009	98733	700	342	325	-17	2	75.22	75.22	75.22
juego1	easy	50.0	0.009	98740	700	343	325	-18	2	75.18	75.18	75.18
juego1	easy	50.0	0.009	98749	700	343	325	-18	2	75.11	75.11	75.11
juego1	easy	50.0	0.009	98757	700	343	325	-18	2	75.08	75.08	75.08
juego1	easy	50.0	0.009	98766	700	344	325	-19	2	75.01	75.01	75.01
juego1	easy	50.0	0.009	98774	700	344	326	-18	2	74.93	74.93	74.93
juego1	easy	50.0	0.009	98783	700	345	326	-19	2	74.84	74.84	74.84
juego1	easy	50.0	0.009	98792	700	345	326	-19	2	74.77	74.77	74.77
juego1	easy	50.0	0.009	98800	700	346	326	-20	2	74.63	74.63	74.63
juego1	easy	50.0	0.009	98809	700	346	327	-19	2	74.53	74.53	74.53
juego1	easy	50.0	0.009	98817	700	346	327	-19	2	74.49	74.49	74.49
juego1	easy	50.0	0.009	98825	700	347	327	-20	2	74.41	74.41	74.41
juego1	easy	50.0	0.009	98834	700	347	327	-20	2	74.32	74.32	74.32
juego1	easy	50.0	0.009	98842	700	348	328	-20	2	74.27	74.27	74.27
juego1	easy	50.0	0.009	98850	700	348	328	-20	2	74.19	74.19	74.19
juego1	easy	50.0	0.009	98859	700	348	328	-20	2	74.1	74.1	74.1
juego1	easy	50.0	0.009	98868	700	349	328	-21	2	74.06	74.06	74.06
juego1	easy	50.0	0.009	98876	700	349	328	-21	2	73.99	73.99	73.99
juego1	easy	50.0	0.009	98883	700	349	329	-20	2	73.96	73.96	73.96
juego1	easy	50.0	0.009	98891	700	350	329	-21	2	73.94	73.94	73.94
juego1	easy	50.0	0.009	98900	700	350	329	-21	2	73.96	73.96	73.96
juego1	easy	50.0	0.009	98908	700	350	329	-21	2	73.98	73.98	73.98
juego1	easy	50.0	0.009	98917	700	351	328	-23	2	74.03	74.03	74.03
juego1	easy	50.0	0.009	98926	700	351	328	-23	2	74.06	74.06	74.06
juego1	easy	50.0	0.009	98935	700	351	328	-23	2	74.07	74.07	74.07
juego1	easy	50.0	0.009	98943	700	352	328	-24	2	74.09	74.09	74.09
juego1	easy	50.0	0.009	98952	700	352	328	-24	2	74.1	74.1	74.1
juego1	easy	50.0	0.009	98960	700	352	328	-24	2	74.1	74.1	74.1
juego1	easy	50.0	0.009	98969	700	353	328	-25	2	74.07	74.07	74.07
juego1	easy	50.0	0.009	98977	700	353	328	-25	2	74.06	74.06	74.06
juego1	easy	50.0	0.009	98985	700	353	328	-25	2	74.11	74.11	74.11
juego1	easy	50.0	0.009	98994	700	353	328	-25	2	74.2	74.2	74.2
juego1	easy	50.0	0.009	99002	700	354	328	-26	2	74.26	74.26	74.26
juego1	easy	50.0	0.009	99011	700	354	327	-27	2	74.37	74.37	74.37
juego1	easy	50.0	0.009	99020	700	354	327	-27	2	74.46	74.46	74.46
juego1	easy	50.0	0.009	99028	700	354	327	-27	2	74.51	74.51	74.51
juego1	easy	50.0	0.009	99037	700	355	326	-29	2	74.66	74.66	74.66
juego1	easy	50.0	0.009	99046	700	355	326	-29	2	74.82	74.82	74.82
juego1	easy	50.0	0.009	99055	700	355	325	-30	2	74.99	74.99	74.99
juego1	easy	50.0	0.009	99063	700	355	325	-30	2	75.1	75.1	75.1
juego1	easy	50.0	0.009	99071	700	355	324	-31	2	75.35	75.35	75.35
juego1	easy	50.0	0.009	99080	700	356	323	-33	2	75.63	75.63	75.63
juego1	easy	50.0	0.009	99089	700	356	322	-34	2	75.91	75.91	75.91
juego1	easy	50.0	0.009	99096	700	356	322	-34	2	76.08	76.08	76.08
juego1	easy	50.0	0.009	99105	700	356	321	-35	2	76.47	76.47	76.47
juego1	easy	50.0	0.009	99114	700	356	319	-37	2	76.93	76.93	76.93
juego1	easy	50.0	0.009	99123	700	356	319	-37	2	77.14	77.14	77.14
juego1	easy	50.0	0.009	99132	700	357	317	-40	2	77.53	77.53	77.53
juego1	easy	50.0	0.009	99141	700	357	316	-41	2	77.9	77.9	77.9
juego1	easy	50.0	0.009	99149	700	357	314	-43	2	78.59	78.59	78.59
juego1	easy	50.0	0.009	99158	700	357	313	-44	2	79.01	79.01	79.01
juego1	easy	50.0	0.009	99166	700	357	311	-46	2	79.58	79.58	79.58
juego1	easy	50.0	0.009	99175	700	357	310	-47	2	79.77	79.77	79.77
juego1	easy	50.0	0.009	99183	700	357	310	-47	2	79.78	79.78	79.78
juego1	easy	50.0	0.009	99191	700	357	310	-47	2	79.79	79.79	79.79
juego1	easy	50.0	0.009	99200	700	358	310	-48	2	79.92	79.92	79.92
juego1	easy	50.0	0.009	99209	700	358	309	-49	2	80.04	80.04	80.04
juego1	easy	50.0	0.009	99216	700	358	309	-49	2	80.08	80.08	80.08
juego1	easy	50.0	0.009	99225	700	358	309	-49	2	80.13	80.13	80.13
juego1	easy	50.0	0.009	99234	700	358	309	-49	2	80.29	80.29	80.29
juego1	easy	50.0	0.009	99243	700	358	308	-50	2	80.57	80.57	80.57
juego1	easy	50.0	0.009	99251	700	358	307	-51	2	80.92	80.92	80.92
juego1	easy	50.0	0.009	99260	700	358	306	-52	2	81.23	81.23	81.23
juego1	easy	50.0	0.009	99268	700	358	305	-53	2	81.35	81.35	81.35
juego1	easy	50.0	0.009	99277	700	358	305	-53	2	81.55	81.55	81.55
juego1	easy	50.0	0.009	99285	700	358	304	-54	2	81.72	81.72	81.72
juego1	easy	50.0	0.009	99294	700	358	304	-54	2	81.9	81.9	81.9
juego1	easy	50.0	0.009	99303	700	358	303	-55	2	81.99	81.99	81.99
juego1	easy	50.0	0.009	99311	700	358	303	-55	2	82.17	82.17	82.17
juego1	easy	50.0	0.009	99320	700	358	302	-56	2	82.36	82.36	82.36
juego1	easy	50.0	0.009	99328	700	358	302	-56	2	82.48	82.48	82.48
juego1	easy	50.0	0.009	99337	700	358	301	-57	2	82.79	82.79	82.79
juego1	easy	50.0	0.009	99345	700	358	300	-58	2	83.16	83.16	83.16
juego1	easy	50.0	0.009	99354	700	358	299	-59	2	83.55	83.55	83.55
juego1	easy	50.0	0.009	99363	700	358	299	-59	2	83.73	83.73	83.73
juego1	easy	50.0	0.009	99372	700	358	298	-60	2	84.07	84.07	84.07
juego1	easy	50.0	0.009	99380	700	358	297	-61	2	84.38	84.38	84.38
juego1	easy	50.0	0.009	99389	700	358	296	-62	2	84.53	84.53	84.53
juego1	easy	50.0	0.009	99398	700	358	295	-63	2	84.81	84.81	84.81
juego1	easy	50.0	0.009	99406	700	357	295	-62	2	85.08	85.08	85.08
juego1	easy	50.0	0.009	99415	700	357	294	-63	2	85.35	85.35	85.35
juego1	easy	50.0	0.009	99424	700	357	293	-64	2	85.48	85.48	85.48
juego1	easy	50.0	0.009	99431	700	357	292	-65	2	85.74	85.74	85.74
juego1	easy	50.0	0.009	99440	700	357	292	-65	2	86.0	86.0	86.0
juego1	easy	50.0	0.009	99449	700	357	291	-66	2	86.14	86.14	86.14
juego1	easy	50.0	0.009	99457	700	357	290	-67	2	86.43	86.43	86.43
juego1	easy	50.0	0.009	99466	700	357	289	-68	2	86.72	86.72	86.72
juego1	easy	50.0	0.009	99475	700	356	289	-67	2	87.0	87.0	87.0
juego1	easy	50.0	0.009	99483	700	356	288	-68	2	87.13	87.13	87.13
juego1	easy	50.0	0.009	99490	700	356	287	-69	2	87.34	87.34	87.34
juego1	easy	50.0	0.009	99499	700	356	287	-69	2	87.43	87.43	87.43
juego1	easy	50.0	0.009	99507	700	356	287	-69	2	87.57	87.57	87.57
juego1	easy	50.0	0.009	99516	700	356	286	-70	2	87.67	87.67	87.67
juego1	easy	50.0	0.009	99525	700	355	286	-69	2	87.8	87.8	87.8
juego1	easy	50.0	0.009	99533	700	355	286	-69	2	87.9	87.9	87.9
juego1	easy	50.0	0.009	99541	700	355	285	-70	2	88.09	88.09	88.09
juego1	easy	50.0	0.009	99550	700	355	285	-70	2	88.24	88.24	88.24
juego1	easy	50.0	0.009	99558	700	355	284	-71	2	88.29	88.29	88.29
juego1	easy	50.0	0.009	99567	700	354	284	-70	2	88.4	88.4	88.4
juego1	easy	50.0	0.009	99575	700	354	284	-70	2	88.46	88.46	88.46
juego1	easy	50.0	0.009	99584	700	354	284	-70	2	88.46	88.46	88.46
juego1	easy	50.0	0.009	99592	700	354	284	-70	2	88.43	88.43	88.43
juego1	easy	50.0	0.009	99601	700	353	284	-69	2	88.41	88.41	88.41
juego1	easy	50.0	0.009	99610	700	353	284	-69	2	88.43	88.43	88.43
juego1	easy	50.0	0.009	99618	700	353	284	-69	2	88.45	88.45	88.45
juego1	easy	50.0	0.009	99627	700	353	284	-69	2	88.47	88.47	88.47
juego1	easy	50.0	0.009	99635	700	352	284	-68	2	88.43	88.43	88.43
juego1	easy	50.0	0.009	99644	700	352	284	-68	2	88.39	88.39	88.39
juego1	easy	50.0	0.009	99653	700	352	284	-68	2	88.3	88.3	88.3
juego1	easy	50.0	0.009	99661	700	351	285	-66	2	88.19	88.19	88.19
juego1	easy	50.0	0.009	99670	700	351	285	-66	2	88.04	88.04	88.04
juego1	easy	50.0	0.009	99678	700	351	285	-66	2	87.97	87.97	87.97
juego1	easy	50.0	0.009	99687	700	350	286	-64	2	87.82	87.82	87.82
juego1	easy	50.0	0.009	99696	700	350	286	-64	2	87.76	87.76	87.76
juego1	easy	50.0	0.009	99705	700	350	286	-64	2	87.69	87.69	87.69
juego1	easy	50.0	0.009	99714	700	349	286	-63	2	87.64	87.64	87.64
juego1	easy	50.0	0.009	99723	700	349	287	-62	2	87.52	87.52	87.52
juego1	easy	50.0	0.009	99732	700	349	287	-62	2	87.4	87.4	87.4
juego1	easy	50.0	0.009	99741	700	348	288	-60	2	87.27	87.27	87.27
juego1	easy	50.0	0.009	99750	700	348	288	-60	2	87.18	87.18	87.18
juego1	easy	50.0	0.009	99759	700	348	288	-60	2	87.14	87.14	87.14
juego1	easy	50.0	0.009	99767	700	347	288	-59	2	87.14	87.14	87.14
juego1	easy	50.0	0.009	99776	700	347	288	-59	2	87.13	87.13	87.13
juego1	easy	50.0	0.009	99784	700	346	288	-58	2	87.11	87.11	87.11
juego1	easy	50.0	0.009	99792	700	346	288	-58	2	87.03	87.03	87.03
juego1	easy	50.0	0.009	99801	700	346	289	-57	2	86.91	86.91	86.91
juego1	easy	50.0	0.009	99810	700	345	289	-56	2	86.83	86.83	86.83
juego1	easy	50.0	0.009	99817	700	345	289	-56	2	86.7	86.7	86.7
juego1	easy	50.0	0.009	99826	700	344	290	-54	2	86.64	86.64	86.64
juego1	easy	50.0	0.009	99835	700	344	290	-54	2	86.63	86.63	86.63
juego1	easy	50.0	0.009	99844	700	344	290	-54	2	86.62	86.62	86.62
juego1	easy	50.0	0.009	99852	700	343	290	-53	2	86.62	86.62	86.62
juego1	easy	50.0	0.009	99861	700	343	290	-53	2	86.57	86.57	86.57
juego1	easy	50.0	0.009	99870	700	342	290	-52	2	86.53	86.53	86.53
juego1	easy	50.0	0.009	99879	700	342	290	-52	2	86.4	86.4	86.4
juego1	easy	50.0	0.009	99887	700	341	291	-50	2	86.24	86.24	86.24
juego1	easy	50.0	0.009	99896	700	341	291	-50	2	86.13	86.13	86.13
juego1	easy	50.0	0.009	99905	700	340	291	-49	2	86.11	86.11	86.11
juego1	easy	50.0	0.009	99914	700	340	291	-49	2	86.09	86.09	86.09
juego1	easy	50.0	0.009	99922	700	339	291	-48	2	86.09	86.09	86.09
juego1	easy	50.0	0.009	99931	700	339	291	-48	2	86.06	86.06	86.06
juego1	easy	50.0	0.009	99939	700	338	292	-46	2	86.02	86.02	86.02
juego1	easy	50.0	0.009	99948	700	338	292	-46	2	85.9	85.9	85.9
juego1	easy	50.0	0.009	99956	700	337	292	-45	2	85.74	85.74	85.74
juego1	easy	50.0	0.009	99965	700	337	293	-44	2	85.65	85.65	85.65
juego1	easy	50.0	0.009	99973	700	336	293	-43	2	85.47	85.47	85.47
juego1	easy	50.0	0.009	99982	700	336	294	-42	2	85.27	85.27	85.27
juego1	easy	50.0	0.009	99991	700	335	294	-41	2	85.12	85.12	85.12
juego1	easy	50.0	0.009	99998	700	335	295	-40	2	85.04	85.04	85.04
juego1	easy	50.0	0.009	100007	700	334	295	-39	2	84.87	84.87	84.87
juego1	easy	50.0	0.009	100015	700	333	296	-37	2	84.77	84.77	84.77
juego1	easy	50.0	0.009	100024	700	333	296	-37	2	84.56	84.56	84.56
juego1	easy	50.0	0.009	100032	700	332	297	-35	2	84.37	84.37	84.37
juego1	easy	50.0	0.009	100041	700	332	297	-35	2	84.25	84.25	84.25
juego1	easy	50.0	0.009	100049	700	331	297	-34	2	84.27	84.27	84.27
juego1	easy	50.0	0.009	100058	700	331	297	-34	2	84.17	84.17	84.17
juego1	easy	50.0	0.009	100066	700	330	298	-32	2	83.97	83.97	83.97
juego1	easy	50.0	0.009	100074	700	329	298	-31	2	83.84	83.84	83.84
juego1	easy	50.0	0.009	100083	700	329	299	-30	2	83.54	83.54	83.54
juego1	easy	50.0	0.009	100090	700	328	300	-28	2	83.38	83.38	83.38
juego1	easy	50.0	0.009	100099	700	328	300	-28	2	83.04	83.04	83.04
juego1	easy	50.0	0.009	100107	700	327	301	-26	2	82.7	82.7	82.7
juego1	easy	50.0	0.009	100116	700	326	302	-24	2	82.37	82.37	82.37
juego1	easy	50.0	0.009	100124	700	326	303	-23	2	82.21	82.21	82.21
juego1	easy	50.0	0.009	100133	700	325	303	-22	2	81.92	81.92	81.92
juego1	easy	50.0	0.009	100143	700	324	304	-20	2	81.69	81.69	81.69
juego1	easy	50.0	0.009	100149	700	324	305	-19	2	81.59	81.59	81.59
juego1	easy	50.0	0.009	100157	700	323	305	-18	2	81.41	81.41	81.41
juego1	easy	50.0	0.009	100166	700	322	305	-17	2	81.35	81.35	81.35
juego1	easy	50.0	0.009	100175	700	322	304	-18	2	81.64	81.64	81.64
juego1	easy	50.0	0.009	100183	700	321	302	-19	2	82.44	82.44	82.44
juego1	easy	50.0	0.009	100192	700	320	300	-20	2	83.26	83.26	83.26
juego1	easy	50.0	0.009	100201	700	320	300	-20	2	83.35	83.35	83.35
juego1	easy	50.0	0.009	100210	700	319	300	-19	2	83.15	83.15	83.15
juego1	easy	50.0	0.009	100218	700	318	300	-18	2	82.93	82.93	82.93
juego1	easy	50.0	0.009	100227	700	318	300	-18	2	83.01	83.01	83.01
juego1	easy	50.0	0.009	100236	700	317	300	-17	2	83.24	83.24	83.24
juego1	easy	50.0	0.009	100244	700	316	300	-16	2	83.35	83.35	83.35
juego1	easy	50.0	0.009	100253	700	316	300	-16	2	83.33	83.33	83.33
juego1	easy	50.0	0.009	100261	700	315	300	-15	2	83.2	83.2	83.2
juego1	easy	50.0	0.009	100270	700	314	300	-14	2	83.14	83.14	83.14
juego1	easy	50.0	0.009	100278	700	314	300	-14	2	83.11	83.11	83.11
juego1	easy	50.0	0.009	100287	700	313	300	-13	2	83.22	83.22	83.22
juego1	easy	50.0	0.009	100295	700	312	300	-12	2	83.3	83.3	83.3
juego1	easy	50.0	0.009	100304	700	312	300	-12	2	83.41	83.41	83.41
juego1	easy	50.0	0.009	100312	700	311	300	-11	2	83.49	83.49	83.49
juego1	easy	50.0	0.009	100321	700	310	300	-10	2	83.5	83.5	83.5
juego1	easy	50.0	0.009	100330	700	309	300	-9	2	83.49	83.49	83.49
juego1	easy	50.0	0.009	100338	700	309	300	-9	2	83.38	83.38	83.38
juego1	easy	50.0	0.009	100347	700	308	300	-8	2	83.24	83.24	83.24
juego1	easy	50.0	0.009	100356	700	307	300	-7	2	83.22	83.22	83.22
juego1	easy	50.0	0.009	100364	700	306	300	-6	2	83.26	83.26	83.26
juego1	easy	50.0	0.009	100373	700	306	300	-6	2	83.38	83.38	83.38
juego1	easy	50.0	0.009	100382	700	305	300	-5	2	83.5	83.5	83.5
juego1	easy	50.0	0.009	100390	700	304	299	-5	2	83.52	83.52	83.52
juego1	easy	50.0	0.009	100399	700	303	299	-4	2	83.67	83.67	83.67
juego1	easy	50.0	0.009	100407	700	303	299	-4	2	83.76	83.76	83.76
juego1	easy	50.0	0.009	100415	700	302	299	-3	2	83.73	83.73	83.73
juego1	easy	50.0	0.009	100424	700	301	298	-3	2	83.89	83.89	83.89
juego1	easy	50.0	0.009	100432	700	300	298	-2	2	83.96	83.96	83.96
juego1	easy	50.0	0.009	100441	700	300	298	-2	2	83.98	83.98	83.98
juego1	easy	50.0	0.009	100450	700	300	298	-2	2	84.0	84.0	84.0
juego1	easy	50.0	0.009	100459	700	299	298	-1	2	84.02	84.02	84.02
juego1	easy	50.0	0.009	100466	700	298	298	0	2	84.04	84.04	84.04
juego1	easy	50.0	0.009	100474	700	298	298	0	2	84.1	84.1	84.1
juego1	easy	50.0	0.009	100483	700	297	297	0	2	84.15	84.15	84.15
juego1	easy	50.0	0.009	100491	700	296	297	1	2	84.17	84.17	84.17
juego1	easy	50.0	0.009	100499	700	295	297	2	2	84.21	84.21	84.21
juego1	easy	50.0	0.009	100508	700	294	297	3	2	84.22	84.22	84.22
juego1	easy	50.0	0.009	100517	700	294	297	3	2	84.22	84.22	84.22
juego1	easy	50.0	0.009	100524	700	293	297	4	2	84.2	84.2	84.2
juego1	easy	50.0	0.009	100533	700	292	297	5	2	84.19	84.19	84.19
juego1	easy	50.0	0.009	100542	700	291	297	6	2	84.17	84.17	84.17
juego1	easy	50.0	0.009	100549	700	290	297	7	2	84.17	84.17	84.17
juego1	easy	50.0	0.009	100558	700	290	297	7	2	84.19	84.19	84.19
juego1	easy	50.0	0.009	100566	700	289	297	8	2	84.21	84.21	84.21
juego1	easy	50.0	0.009	100575	700	288	297	9	2	84.31	84.31	84.31
juego1	easy	50.0	0.009	100584	700	287	297	10	2	84.43	84.43	84.43
juego1	easy	50.0	0.009	100592	700	286	296	10	2	84.58	84.58	84.58
juego1	easy	50.0	0.009	100601	700	286	296	10	2	84.64	84.64	84.64
juego1	easy	50.0	0.009	100610	700	285	296	11	2	84.77	84.77	84.77
juego1	easy	50.0	0.009	100618	700	284	295	11	2	84.93	84.93	84.93
juego1	easy	50.0	0.009	100627	700	283	295	12	2	85.0	85.0	85.0
juego1	easy	50.0	0.009	100636	700	282	294	12	2	85.16	85.16	85.16
juego1	easy	50.0	0.009	100644	700	282	294	12	2	85.38	85.38	85.38
juego1	easy	50.0	0.009	100653	700	281	293	12	2	85.65	85.65	85.65
juego1	easy	50.0	0.009	100662	700	280	292	12	2	85.82	85.82	85.82
juego1	easy	50.0	0.009	100671	700	279	291	12	2	86.14	86.14	86.14
juego1	easy	50.0	0.009	100680	700	278	291	13	2	86.36	86.36	86.36
juego1	easy	50.0	0.009	100688	700	277	290	13	2	86.53	86.53	86.53
juego1	easy	50.0	0.009	100697	700	277	290	13	2	86.6	86.6	86.6
juego1	easy	50.0	0.009	100706	700	276	290	14	2	86.59	86.59	86.59
juego1	easy	50.0	0.009	100714	700	275	293	18	2	85.46	85.46	85.46
juego1	easy	50.0	0.009	100723	700	274	293	19	2	85.6	85.6	85.6
juego1	easy	50.0	0.009	100731	700	273	292	19	2	85.87	85.87	85.87
juego1	easy	50.0	0.009	100740	700	273	291	18	2	86.11	86.11	86.11
juego1	easy	50.0	0.009	100749	700	272	291	19	2	86.34	86.34	86.34
juego1	easy	50.0	0.009	100757	700	271	290	19	2	86.45	86.45	86.45
juego1	easy	50.0	0.009	100766	700	270	290	20	2	86.6	86.6	86.6
juego1	easy	50.0	0.009	100775	700	269	290	21	2	86.62	86.62	86.62
juego1	easy	50.0	0.009	100783	700	268	290	22	2	86.63	86.63	86.63
juego1	easy	50.0	0.009	100792	700	268	290	22	3	86.63	86.63	86.63
juego1	easy	30.0	0.007	100800	700	267	290	23	3	86.63	86.63	86.63
juego1	easy	30.0	0.007	100809	700	267	290	23	3	86.6	86.6	86.6
juego1	easy	30.0	0.007	100817	700	267	290	23	3	86.58	86.58	86.58
juego1	easy	30.0	0.007	100826	700	267	290	23	3	86.54	86.54	86.54
juego1	easy	30.0	0.007	100835	700	267	290	23	3	86.43	86.43	86.43
juego1	easy	30.0	0.007	100843	700	266	291	25	3	86.3	86.3	86.3
juego1	easy	30.0	0.007	100852	700	266	291	25	3	86.24	86.24	86.24
juego1	easy	30.0	0.007	100861	700	266	291	25	3	86.08	86.08	86.08
juego1	easy	30.0	0.007	100870	700	266	292	26	3	85.93	85.93	85.93
juego1	easy	30.0	0.007	100879	700	265	292	27	3	85.76	85.76	85.76
juego1	easy	30.0	0.007	100888	700	265	293	28	3	85.5	85.5	85.5
juego1	easy	30.0	0.007	100897	700	265	294	29	3	85.33	85.33	85.33
juego1	easy	30.0	0.007	100905	700	265	295	30	3	84.84	84.84	84.84
juego1	easy	30.0	0.007	100913	700	264	298	34	3	84.03	84.03	84.03
juego1	easy	30.0	0.007	100922	700	264	300	36	3	83.44	83.44	83.44
juego1	easy	30.0	0.007	100930	700	264	302	38	3	82.51	82.51	82.51
juego1	easy	30.0	0.007	100939	700	264	303	39	3	81.98	81.98	81.98
juego1	easy	30.0	0.007	100948	700	263	305	42	3	81.34	81.34	81.34
juego1	easy	30.0	0.007	100957	700	263	306	43	3	81.13	81.13	81.13
juego1	easy	30.0	0.007	100964	700	263	307	44	3	80.89	80.89	80.89
juego1	easy	30.0	0.007	100973	700	263	307	44	3	80.72	80.72	80.72
juego1	easy	30.0	0.007	100982	700	262	308	46	3	80.62	80.62	80.62
juego1	easy	30.0	0.007	100990	700	262	308	46	3	80.45	80.45	80.45
juego1	easy	30.0	0.007	100999	700	262	307	45	3	80.7	80.7	80.7
juego1	easy	30.0	0.007	101008	700	262	306	44	3	81.02	81.02	81.02
juego1	easy	30.0	0.007	101017	700	261	304	43	3	81.85	81.85	81.85
juego1	easy	30.0	0.007	101026	700	261	302	41	3	82.53	82.53	82.53
juego1	easy	30.0	0.007	101034	700	261	302	41	3	82.44	82.44	82.44
juego1	easy	30.0	0.007	101043	700	261	303	42	3	82.12	82.12	82.12
juego1	easy	30.0	0.007	101052	700	260	304	44	3	81.76	81.76	81.76
juego1	easy	30.0	0.007	101060	700	260	304	44	3	81.87	81.87	81.87
juego1	easy	30.0	0.007	101069	700	260	303	43	3	82.04	82.04	82.04
juego1	easy	30.0	0.007	101078	700	260	303	43	3	82.19	82.19	82.19
juego1	easy	30.0	0.007	101086	700	259	302	43	3	82.39	82.39	82.39
juego1	easy	30.0	0.007	101095	700	259	303	44	3	82.23	82.23	82.23
juego1	easy	30.0	0.007	101104	700	259	303	44	3	82.11	82.11	82.11
juego1	easy	30.0	0.007	101112	700	259	303	44	3	82.04	82.04	82.04
juego1	easy	30.0	0.007	101120	700	259	303	44	3	81.93	81.93	81.93
juego1	easy	30.0	0.007	101128	700	258	303	45	3	81.98	81.98	81.98
juego1	easy	30.0	0.007	101136	700	258	303	45	3	82.03	82.03	82.03
juego1	easy	30.0	0.007	101145	700	258	303	45	3	82.17	82.17	82.17
juego1	easy	30.0	0.007	101154	700	258	302	44	3	82.38	82.38	82.38
juego1	easy	30.0	0.007	101162	700	257	302	45	3	82.41	82.41	82.41
juego1	easy	30.0	0.007	101169	700	257	302	45	3	82.42	82.42	82.42
juego1	easy	30.0	0.007	101178	700	257	302	45	3	82.38	82.38	82.38
juego1	easy	30.0	0.007	101186	700	257	303	46	3	82.22	82.22	82.22
juego1	easy	30.0	0.007	101195	700	256	303	47	3	82.02	82.02	82.02
juego1	easy	30.0	0.007	101204	700	256	304	48	3	81.83	81.83	81.83
juego1	easy	30.0	0.007	101211	700	256	304	48	3	81.72	81.72	81.72
juego1	easy	30.0	0.007	101220	700	256	305	49	3	81.43	81.43	81.43
juego1	easy	30.0	0.007	101229	700	255	306	51	3	81.27	81.27	81.27
juego1	easy	30.0	0.007	101237	700	255	307	52	3	80.92	80.92	80.92
juego1	easy	30.0	0.007	101245	700	255	308	53	3	80.58	80.58	80.58
juego1	easy	30.0	0.007	101252	700	255	308	53	3	80.41	80.41	80.41
juego1	easy	30.0	0.007	101261	700	255	309	54	3	80.1	80.1	80.1
juego1	easy	30.0	0.007	101270	700	254	310	56	3	79.82	79.82	79.82
juego1	easy	30.0	0.007	101279	700	254	311	57	3	79.61	79.61	79.61
juego1	easy	30.0	0.007	101286	700	254	311	57	3	79.54	79.54	79.54
juego1	easy	30.0	0.007	101295	700	254	311	57	3	79.43	79.43	79.43
juego1	easy	30.0	0.007	101304	700	253	312	59	3	79.2	79.2	79.2
juego1	easy	30.0	0.007	101312	700	253	312	59	3	79.1	79.1	79.1
juego1	easy	30.0	0.007	101321	700	253	313	60	3	78.91	78.91	78.91
juego1	easy	30.0	0.007	101328	700	253	313	60	3	78.81	78.81	78.81
juego1	easy	30.0	0.007	101337	700	253	314	61	3	78.64	78.64	78.64
juego1	easy	30.0	0.007	101346	700	252	314	62	3	78.44	78.44	78.44
juego1	easy	30.0	0.007	101355	700	252	315	63	3	78.33	78.33	78.33
juego1	easy	30.0	0.007	101363	700	252	316	64	3	78.1	78.1	78.1
juego1	easy	30.0	0.007	101372	700	252	316	64	3	77.88	77.88	77.88
juego1	easy	30.0	0.007	101381	700	251	317	66	3	77.65	77.65	77.65
juego1	easy	30.0	0.007	101390	700	251	318	67	3	77.42	77.42	77.42
juego1	easy	30.0	0.007	101398	700	251	318	67	3	77.3	77.3	77.3
juego1	easy	30.0	0.007	101407	700	251	319	68	3	77.1	77.1	77.1
juego1	easy	30.0	0.007	101414	700	251	319	68	3	76.92	76.92	76.92
juego1	easy	30.0	0.007	101423	700	250	319	69	3	76.84	76.84	76.84
juego1	easy	30.0	0.007	101431	700	250	320	70	3	76.71	76.71	76.71
juego1	easy	30.0	0.007	101440	700	250	320	70	3	76.63	76.63	76.63
juego1	easy	30.0	0.007	101449	700	250	320	70	3	76.6	76.6	76.6
juego1	easy	30.0	0.007	101458	700	249	320	71	3	76.58	76.58	76.58
juego1	easy	30.0	0.007	101466	700	249	320	71	3	76.6	76.6	76.6
juego1	easy	30.0	0.007	101475	700	249	320	71	3	76.65	76.65	76.65
juego1	easy	30.0	0.007	101483	700	249	320	71	3	76.69	76.69	76.69
juego1	easy	30.0	0.007	101491	700	249	320	71	3	76.77	76.77	76.77
juego1	easy	30.0	0.007	101500	700	248	319	71	3	76.87	76.87	76.87
juego1	easy	30.0	0.007	101508	700	248	319	71	3	76.93	76.93	76.93
juego1	easy	30.0	0.007	101517	700	248	319	71	3	77.06	77.06	77.06
juego1	easy	30.0	0.007	101525	700	248	318	70	3	77.2	77.2	77.2
juego1	easy	30.0	0.007	101534	700	248	318	70	3	77.28	77.28	77.28
juego1	easy	30.0	0.007	101543	700	247	318	71	3	77.44	77.44	77.44
juego1	easy	30.0	0.007	101552	700	247	317	70	3	77.61	77.61	77.61
juego1	easy	30.0	0.007	101560	700	247	317	70	3	77.79	77.79	77.79
juego1	easy	30.0	0.007	101569	700	247	316	69	3	77.87	77.87	77.87
juego1	easy	30.0	0.007	101576	700	247	316	69	3	78.04	78.04	78.04
juego1	easy	30.0	0.007	101585	700	246	315	69	3	78.2	78.2	78.2
juego1	easy	30.0	0.007	101592	700	246	315	69	3	78.27	78.27	78.27
juego1	easy	30.0	0.007	101601	700	246	315	69	3	78.4	78.4	78.4
juego1	easy	30.0	0.007	101609	700	246	314	68	3	78.45	78.45	78.45
juego1	easy	30.0	0.007	101617	700	246	314	68	3	78.53	78.53	78.53
juego1	easy	30.0	0.007	101626	700	245	314	69	3	78.61	78.61	78.61
juego1	easy	30.0	0.007	101635	700	245	314	69	3	78.71	78.71	78.71
juego1	easy	30.0	0.007	101642	700	245	313	68	3	78.77	78.77	78.77
juego1	easy	30.0	0.007	101651	700	245	313	68	3	78.9	78.9	78.9
juego1	easy	30.0	0.007	101660	700	245	313	68	3	79.04	79.04	79.04
juego1	easy	30.0	0.007	101667	700	245	312	67	3	79.11	79.11	79.11
juego1	easy	30.0	0.007	101676	700	244	312	68	3	79.26	79.26	79.26
juego1	easy	30.0	0.007	101685	700	244	312	68	3	79.33	79.33	79.33
juego1	easy	30.0	0.007	101693	700	244	311	67	3	79.48	79.48	79.48
juego1	easy	30.0	0.007	101700	700	244	311	67	3	79.66	79.66	79.66
juego1	easy	30.0	0.007	101709	700	244	310	66	3	79.76	79.76	79.76
juego1	easy	30.0	0.007	101717	700	243	310	67	3	79.97	79.97	79.97
juego1	easy	30.0	0.007	101726	700	243	309	66	3	80.18	80.18	80.18
juego1	easy	30.0	0.007	101735	700	243	309	66	3	80.28	80.28	80.28
juego1	easy	30.0	0.007	101744	700	243	308	65	3	80.42	80.42	80.42
juego1	easy	30.0	0.007	101752	700	243	308	65	3	80.63	80.63	80.63
juego1	easy	30.0	0.007	101759	700	243	307	64	3	80.74	80.74	80.74
juego1	easy	30.0	0.007	101768	700	242	307	65	3	80.92	80.92	80.92
juego1	easy	30.0	0.007	101776	700	242	306	64	3	81.12	81.12	81.12
juego1	easy	30.0	0.007	101785	700	242	306	64	3	81.21	81.21	81.21
juego1	easy	30.0	0.007	101794	700	242	305	63	3	81.4	81.4	81.4
juego1	easy	30.0	0.007	101801	700	242	305	63	3	81.56	81.56	81.56
juego1	easy	30.0	0.007	101809	700	242	304	62	3	81.63	81.63	81.63
juego1	easy	30.0	0.007	101817	700	241	304	63	3	81.75	81.75	81.75
juego1	easy	30.0	0.007	101826	700	241	304	63	3	81.86	81.86	81.86
juego1	easy	30.0	0.007	101835	700	241	303	62	3	81.92	81.92	81.92
juego1	easy	30.0	0.007	101843	700	241	303	62	3	82.03	82.03	82.03
juego1	easy	30.0	0.007	101852	700	241	303	62	3	82.11	82.11	82.11
juego1	easy	30.0	0.007	101860	700	241	303	62	3	82.22	82.22	82.22
juego1	easy	30.0	0.007	101869	700	240	302	62	3	82.28	82.28	82.28
juego1	easy	30.0	0.007	101877	700	240	302	62	3	82.4	82.4	82.4
juego1	easy	30.0	0.007	101886	700	240	302	62	3	82.52	82.52	82.52
juego1	easy	30.0	0.007	101895	700	240	301	61	3	82.58	82.58	82.58
juego1	easy	30.0	0.007	101904	700	240	301	61	3	82.68	82.68	82.68
juego1	easy	30.0	0.007	101913	700	240	301	61	3	82.75	82.75	82.75
juego1	easy	30.0	0.007	101922	700	239	301	62	3	82.81	82.81	82.81
juego1	easy	30.0	0.007	101931	700	239	301	62	3	82.82	82.82	82.82
juego1	easy	30.0	0.007	101939	700	239	301	62	3	82.79	82.79	82.79
juego1	easy	30.0	0.007	101947	700	239	301	62	3	82.71	82.71	82.71
juego1	easy	30.0	0.007	101956	700	239	301	62	3	82.56	82.56	82.56
juego1	easy	30.0	0.007	101965	700	239	302	63	3	82.32	82.32	82.32
juego1	easy	30.0	0.007	101974	700	239	303	64	3	82.17	82.17	82.17
juego1	easy	30.0	0.007	101982	700	238	304	66	3	81.83	81.83	81.83
juego1	easy	30.0	0.007	101991	700	238	305	67	3	81.48	81.48	81.48
juego1	easy	30.0	0.007	102000	700	238	305	67	3	81.31	81.31	81.31
juego1	easy	30.0	0.007	102009	700	238	307	69	3	80.96	80.96	80.96
juego1	easy	30.0	0.007	102018	700	238	308	70	3	80.59	80.59	80.59
juego1	easy	30.0	0.007	102027	700	238	309	71	3	80.23	80.23	80.23
juego1	easy	30.0	0.007	102036	700	238	310	72	3	79.91	79.91	79.91
juego1	easy	30.0	0.007	102044	700	238	310	72	3	79.77	79.77	79.77
juego1	easy	30.0	0.007	102053	700	237	311	74	3	79.49	79.49	79.49
juego1	easy	30.0	0.007	102062	700	237	312	75	3	79.23	79.23	79.23
juego1	easy	30.0	0.007	102070	700	237	312	75	3	79.08	79.08	79.08
juego1	easy	30.0	0.007	102079	700	237	313	76	3	78.84	78.84	78.84
juego1	easy	30.0	0.007	102088	700	237	314	77	3	78.65	78.65	78.65
juego1	easy	30.0	0.007	102096	700	237	314	77	3	78.48	78.48	78.48
juego1	easy	30.0	0.007	102104	700	237	315	78	3	78.42	78.42	78.42
juego1	easy	30.0	0.007	102113	700	237	315	78	3	78.34	78.34	78.34
juego1	easy	30.0	0.007	102121	700	236	315	79	3	78.21	78.21	78.21
juego1	easy	30.0	0.007	102130	700	236	315	79	3	78.16	78.16	78.16
juego1	easy	30.0	0.007	102139	700	236	316	80	3	78.04	78.04	78.04
juego1	easy	30.0	0.007	102148	700	236	316	80	3	77.92	77.92	77.92
juego1	easy	30.0	0.007	102157	700	236	316	80	3	77.8	77.8	77.8
juego1	easy	30.0	0.007	102165	700	236	317	81	3	77.76	77.76	77.76
juego1	easy	30.0	0.007	102173	700	236	317	81	3	77.7	77.7	77.7
juego1	easy	30.0	0.007	102182	700	236	317	81	3	77.64	77.64	77.64
juego1	easy	30.0	0.007	102190	700	236	317	81	3	77.62	77.62	77.62
juego1	easy	30.0	0.007	102199	700	235	317	82	3	77.6	77.6	77.6
juego1	easy	30.0	0.007	102207	700	235	317	82	3	77.59	77.59	77.59
juego1	easy	30.0	0.007	102216	700	235	317	82	3	77.61	77.61	77.61
juego1	easy	30.0	0.007	102225	700	235	317	82	3	77.63	77.63	77.63
juego1	easy	30.0	0.007	102234	700	235	318	83	3	77.38	77.38	77.38
juego1	easy	30.0	0.007	102242	700	235	319	84	3	77.09	77.09	77.09
juego1	easy	30.0	0.007	102251	700	235	319	84	3	76.87	76.87	76.87
juego1	easy	30.0	0.007	102259	700	235	320	85	3	76.75	76.75	76.75
juego1	easy	30.0	0.007	102268	700	235	320	85	3	76.55	76.55	76.55
juego1	easy	30.0	0.007	102277	700	235	321	86	3	76.34	76.34	76.34
juego1	easy	30.0	0.007	102285	700	235	321	86	3	76.23	76.23	76.23
juego1	easy	30.0	0.007	102294	700	234	322	88	3	76.0	76.0	76.0
juego1	easy	30.0	0.007	102302	700	234	323	89	3	75.75	75.75	75.75
juego1	easy	30.0	0.007	102311	700	234	323	89	3	75.65	75.65	75.65
juego1	easy	30.0	0.007	102320	700	234	324	90	3	75.44	75.44	75.44
juego1	easy	30.0	0.007	102329	700	234	324	90	3	75.27	75.27	75.27
juego1	easy	30.0	0.007	102337	700	234	325	91	3	75.14	75.14	75.14
juego1	easy	30.0	0.007	102346	700	234	325	91	3	75.08	75.08	75.08
juego1	easy	30.0	0.007	102354	700	234	325	91	3	74.94	74.94	74.94
juego1	easy	30.0	0.007	102363	700	234	326	92	3	74.82	74.82	74.82
juego1	easy	30.0	0.007	102371	700	234	326	92	3	74.76	74.76	74.76
juego1	easy	30.0	0.007	102380	700	234	326	92	3	74.62	74.62	74.62
juego1	easy	30.0	0.007	102388	700	234	327	93	3	74.47	74.47	74.47
juego1	easy	30.0	0.007	102397	700	234	328	94	3	74.29	74.29	74.29
juego1	easy	30.0	0.007	102406	700	234	328	94	3	74.19	74.19	74.19
juego1	easy	30.0	0.007	102414	700	233	328	95	3	74.11	74.11	74.11
juego1	easy	30.0	0.007	102423	700	233	327	94	3	74.44	74.44	74.44
juego1	easy	30.0	0.007	102431	700	233	326	93	3	74.68	74.68	74.68
juego1	easy	30.0	0.007	102439	700	233	324	91	3	75.26	75.26	75.26
juego1	easy	30.0	0.007	102448	700	233	323	90	3	75.76	75.76	75.76
juego1	easy	30.0	0.007	102456	700	233	322	89	3	75.99	75.99	75.99
juego1	easy	30.0	0.007	102465	700	233	322	89	3	76.06	76.06	76.06
juego1	easy	30.0	0.007	102473	700	233	322	89	3	76.18	76.18	76.18
juego1	easy	30.0	0.007	102482	700	233	321	88	3	76.33	76.33	76.33
juego1	easy	30.0	0.007	102490	700	233	321	88	3	76.4	76.4	76.4
juego1	easy	30.0	0.007	102499	700	233	321	88	3	76.48	76.48	76.48
juego1	easy	30.0	0.007	102507	700	233	321	88	3	76.41	76.41	76.41
juego1	easy	30.0	0.007	102516	700	233	321	88	3	76.31	76.31	76.31
juego1	easy	30.0	0.007	102525	700	233	322	89	3	76.18	76.18	76.18
juego1	easy	30.0	0.007	102533	700	233	321	88	3	76.25	76.25	76.25
juego1	easy	30.0	0.007	102542	700	233	321	88	3	76.26	76.26	76.26
juego1	easy	30.0	0.007	102551	700	233	323	90	3	75.73	75.73	75.73
juego1	easy	30.0	0.007	102560	700	233	323	90	3	75.76	75.76	75.76
juego1	easy	30.0	0.007	102568	700	233	322	89	3	76.0	76.0	76.0
juego1	easy	30.0	0.007	102577	700	233	322	89	3	75.94	75.94	75.94
juego1	easy	30.0	0.007	102585	700	233	323	90	3	75.8	75.8	75.8
juego1	easy	30.0	0.007	102594	700	233	323	90	3	75.61	75.61	75.61
juego1	easy	30.0	0.007	102602	700	233	323	90	3	75.68	75.68	75.68
juego1	easy	30.0	0.007	102611	700	233	323	90	3	75.7	75.7	75.7
juego1	easy	30.0	0.007	102619	700	233	324	91	3	75.55	75.55	75.55
juego1	easy	30.0	0.007	102628	700	232	324	92	3	75.34	75.34	75.34
juego1	easy	30.0	0.007	102636	700	232	325	93	3	75.24	75.24	75.24
juego1	easy	30.0	0.007	102645	700	232	325	93	3	75.0	75.0	75.0
juego1	easy	30.0	0.007	102653	700	232	326	94	3	74.91	74.91	74.91
juego1	easy	30.0	0.007	102661	700	232	326	94	3	74.79	74.79	74.79
juego1	easy	30.0	0.007	102670	700	232	326	94	3	74.74	74.74	74.74
juego1	easy	30.0	0.007	102679	700	232	327	95	3	74.53	74.53	74.53
juego1	easy	30.0	0.007	102688	700	232	328	96	3	74.28	74.28	74.28
juego1	easy	30.0	0.007	102696	700	232	328	96	3	74.2	74.2	74.2
juego1	easy	30.0	0.007	102705	700	232	328	96	3	74.15	74.15	74.15
juego1	easy	30.0	0.007	102713	700	232	328	96	3	74.22	74.22	74.22
juego1	easy	30.0	0.007	102722	700	232	328	96	3	74.29	74.29	74.29
juego1	easy	30.0	0.007	102730	700	232	328	96	3	74.29	74.29	74.29
juego1	easy	30.0	0.007	102739	700	232	328	96	3	74.24	74.24	74.24
juego1	easy	30.0	0.007	102748	700	232	328	96	3	74.25	74.25	74.25
juego1	easy	30.0	0.007	102756	700	232	328	96	3	74.27	74.27	74.27
juego1	easy	30.0	0.007	102764	700	232	327	95	3	74.36	74.36	74.36
juego1	easy	30.0	0.007	102774	700	232	327	95	3	74.42	74.42	74.42
juego1	easy	30.0	0.007	102782	700	232	327	95	3	74.44	74.44	74.44
juego1	easy	30.0	0.007	102791	700	232	327	95	3	74.5	74.5	74.5
juego1	easy	30.0	0.007	102799	700	232	326	94	3	74.66	74.66	74.66
juego1	easy	30.0	0.007	102808	700	232	326	94	3	74.88	74.88	74.88
juego1	easy	30.0	0.007	102816	700	233	325	92	3	74.97	74.97	74.97
juego1	easy	30.0	0.007	102825	700	233	325	92	3	75.1	75.1	75.1
juego1	easy	30.0	0.007	102833	700	233	325	92	3	75.21	75.21	75.21
juego1	easy	30.0	0.007	102842	700	233	324	91	3	75.28	75.28	75.28
juego1	easy	30.0	0.007	102851	700	233	324	91	3	75.42	75.42	75.42
juego1	easy	30.0	0.007	102859	700	233	324	91	3	75.54	75.54	75.54
juego1	easy	30.0	0.007	102868	700	233	323	90	3	75.65	75.65	75.65
juego1	easy	30.0	0.007	102876	700	233	323	90	3	75.71	75.71	75.71
juego1	easy	30.0	0.007	102885	700	233	323	90	3	75.84	75.84	75.84
juego1	easy	30.0	0.007	102893	700	233	322	89	3	75.97	75.97	75.97
juego1	easy	30.0	0.007	102902	700	233	322	89	3	76.03	76.03	76.03
juego1	easy	30.0	0.007	102911	700	233	322	89	3	76.14	76.14	76.14
juego1	easy	30.0	0.007	102919	700	233	321	88	3	76.43	76.43	76.43
juego1	easy	30.0	0.007	102928	700	233	320	87	3	76.68	76.68	76.68
juego1	easy	30.0	0.007	102936	700	233	319	86	3	77.07	77.07	77.07
juego1	easy	30.0	0.007	102945	700	233	318	85	3	77.34	77.34	77.34
juego1	easy	30.0	0.007	102954	700	233	318	85	3	77.46	77.46	77.46
juego1	easy	30.0	0.007	102963	700	233	317	84	3	77.48	77.48	77.48
juego1	easy	30.0	0.007	102970	700	233	318	85	3	77.47	77.47	77.47
juego1	easy	30.0	0.007	102978	700	233	318	85	3	77.45	77.45	77.45
juego1	easy	30.0	0.007	102987	700	233	318	85	3	77.43	77.43	77.43
juego1	easy	30.0	0.007	102996	700	233	318	85	3	77.38	77.38	77.38
juego1	easy	30.0	0.007	103005	700	233	318	85	3	77.34	77.34	77.34
juego1	easy	30.0	0.007	103013	700	233	318	85	3	77.3	77.3	77.3
juego1	easy	30.0	0.007	103022	700	233	318	85	3	77.29	77.29	77.29
juego1	easy	30.0	0.007	103031	700	234	318	84	3	77.3	77.3	77.3
juego1	easy	30.0	0.007	103040	700	234	318	84	3	77.32	77.32	77.32
juego1	easy	30.0	0.007	103048	700	234	318	84	3	77.39	77.39	77.39
juego1	easy	30.0	0.007	103057	700	234	318	84	3	77.44	77.44	77.44
juego1	easy	30.0	0.007	103065	700	234	317	83	3	77.61	77.61	77.61
juego1	easy	30.0	0.007	103074	700	234	317	83	3	77.78	77.78	77.78
juego1	easy	30.0	0.007	103082	700	234	316	82	3	77.85	77.85	77.85
juego1	easy	30.0	0.007	103091	700	234	316	82	3	78.03	78.03	78.03
juego1	easy	30.0	0.007	103099	700	234	315	81	3	78.27	78.27	78.27
juego1	easy	30.0	0.007	103108	700	234	314	80	3	78.43	78.43	78.43
juego1	easy	30.0	0.007	103117	700	234	313	79	3	78.79	78.79	78.79
juego1	easy	30.0	0.007	103125	700	234	312	78	3	79.21	79.21	79.21
juego1	easy	30.0	0.007	103134	700	234	311	77	3	79.65	79.65	79.65
juego1	easy	30.0	0.007	103142	700	234	310	76	3	79.89	79.89	79.89
juego1	easy	30.0	0.007	103151	700	235	308	73	3	80.48	80.48	80.48
juego1	easy	30.0	0.007	103159	700	235	306	71	3	81.18	81.18	81.18
juego1	easy	30.0	0.007	103168	700	235	305	70	3	81.49	81.49	81.49
juego1	easy	30.0	0.007	103177	700	235	303	68	3	82.19	82.19	82.19
juego1	easy	30.0	0.007	103185	700	235	301	66	3	82.85	82.85	82.85
juego1	easy	30.0	0.007	103194	700	235	299	64	3	83.51	83.51	83.51
juego1	easy	30.0	0.007	103202	700	235	299	64	3	83.69	83.69	83.69
juego1	easy	30.0	0.007	103211	700	235	298	63	3	83.83	83.83	83.83
juego1	easy	30.0	0.007	103219	700	235	298	63	3	83.87	83.87	83.87
juego1	easy	30.0	0.007	103228	700	235	298	63	3	83.88	83.88	83.88
juego1	easy	30.0	0.007	103237	700	236	298	62	3	83.89	83.89	83.89
juego1	easy	30.0	0.007	103246	700	236	298	62	3	83.89	83.89	83.89
juego1	easy	30.0	0.007	103254	700	236	298	62	3	83.9	83.9	83.9
juego1	easy	30.0	0.007	103263	700	236	298	62	3	83.9	83.9	83.9
juego1	easy	30.0	0.007	103272	700	236	298	62	3	83.91	83.91	83.91
juego1	easy	30.0	0.007	103281	700	236	298	62	3	83.91	83.91	83.91
juego1	easy	30.0	0.007	103289	700	236	298	62	3	83.92	83.92	83.92
juego1	easy	30.0	0.007	103298	700	236	298	62	3	83.92	83.92	83.92
juego1	easy	30.0	0.007	103307	700	236	298	62	3	83.93	83.93	83.93
juego1	easy	30.0	0.007	103316	700	236	298	62	3	83.94	83.94	83.94
juego1	easy	30.0	0.007	103325	700	237	298	61	3	83.94	83.94	83.94
juego1	easy	30.0	0.007	103333	700	237	298	61	3	83.95	83.95	83.95
juego1	easy	30.0	0.007	103341	700	237	298	61	3	83.96	83.96	83.96
juego1	easy	30.0	0.007	103350	700	237	298	61	3	83.96	83.96	83.96
juego1	easy	30.0	0.007	103359	700	237	298	61	3	83.97	83.97	83.97
juego1	easy	30.0	0.007	103366	700	237	298	61	3	83.98	83.98	83.98
juego1	easy	30.0	0.007	103375	700	237	298	61	3	84.01	84.01	84.01
juego1	easy	30.0	0.007	103382	700	237	298	61	3	84.02	84.02	84.02
juego1	easy	30.0	0.007	103391	700	238	298	60	3	84.03	84.03	84.03
juego1	easy	30.0	0.007	103399	700	238	298	60	3	84.04	84.04	84.04
juego1	easy	30.0	0.007	103407	700	238	298	60	3	84.05	84.05	84.05
juego1	easy	30.0	0.007	103416	700	238	298	60	3	84.05	84.05	84.05
juego1	easy	30.0	0.007	103425	700	238	298	60	3	84.06	84.06	84.06
juego1	easy	30.0	0.007	103433	700	238	298	60	3	84.06	84.06	84.06
juego1	easy	30.0	0.007	103441	700	238	298	60	3	84.06	84.06	84.06
juego1	easy	30.0	0.007	103450	700	239	298	59	3	84.05	84.05	84.05
juego1	easy	30.0	0.007	103459	700	239	298	59	3	84.04	84.04	84.04
juego1	easy	30.0	0.007	103466	700	239	298	59	3	84.04	84.04	84.04
juego1	easy	30.0	0.007	103475	700	239	298	59	3	84.04	84.04	84.04
juego1	easy	30.0	0.007	103483	700	239	298	59	3	84.04	84.04	84.04
juego1	easy	30.0	0.007	103492	700	239	298	59	3	84.04	84.04	84.04
juego1	easy	30.0	0.007	103500	700	239	298	59	3	84.04	84.04	84.04
juego1	easy	30.0	0.007	103509	700	240	298	58	3	84.04	84.04	84.04
juego1	easy	30.0	0.007	103518	700	240	298	58	3	84.04	84.04	84.04
juego1	easy	30.0	0.007	103527	700	240	298	58	3	84.04	84.04	84.04
juego1	easy	30.0	0.007	103535	700	240	298	58	3	84.04	84.04	84.04
juego1	easy	30.0	0.007	103544	700	240	298	58	3	84.03	84.03	84.03
juego1	easy	30.0	0.007	103553	700	240	298	58	3	84.01	84.01	84.01
juego1	easy	30.0	0.007	103561	700	240	298	58	3	84.01	84.01	84.01
juego1	easy	30.0	0.007	103570	700	241	298	57	3	83.99	83.99	83.99
juego1	easy	30.0	0.007	103578	700	241	298	57	3	83.97	83.97	83.97
juego1	easy	30.0	0.007	103586	700	241	298	57	3	83.96	83.96	83.96
juego1	easy	30.0	0.007	103595	700	241	298	57	3	83.96	83.96	83.96
juego1	easy	30.0	0.007	103602	700	241	298	57	3	83.98	83.98	83.98
juego1	easy	30.0	0.007	103611	700	241	298	57	3	84.01	84.01	84.01
juego1	easy	30.0	0.007	103620	700	242	298	56	3	84.04	84.04	84.04
juego1	easy	30.0	0.007	103629	700	242	298	56	3	84.05	84.05	84.05
juego1	easy	30.0	0.007	103637	700	242	298	56	3	84.05	84.05	84.05
juego1	easy	30.0	0.007	103646	700	242	298	56	3	84.06	84.06	84.06
juego1	easy	30.0	0.007	103654	700	242	298	56	3	84.06	84.06	84.06
juego1	easy	30.0	0.007	103662	700	242	298	56	3	84.06	84.06	84.06
juego1	easy	30.0	0.007	103671	700	243	298	55	3	84.06	84.06	84.06
juego1	easy	30.0	0.007	103679	700	243	298	55	3	84.05	84.05	84.05
juego1	easy	30.0	0.007	103687	700	243	298	55	3	84.05	84.05	84.05
juego1	easy	30.0	0.007	103696	700	243	298	55	3	84.05	84.05	84.05
juego1	easy	30.0	0.007	103705	700	243	298	55	3	84.06	84.06	84.06
juego1	easy	30.0	0.007	103714	700	243	298	55	3	84.06	84.06	84.06
juego1	easy	30.0	0.007	103722	700	244	298	54	3	84.07	84.07	84.07
juego1	easy	30.0	0.007	103731	700	244	298	54	3	84.08	84.08	84.08
juego1	easy	30.0	0.007	103740	700	244	298	54	3	84.08	84.08	84.08
juego1	easy	30.0	0.007	103749	700	244	298	54	3	84.08	84.08	84.08
juego1	easy	30.0	0.007	103757	700	244	298	54	3	84.08	84.08	84.08
juego1	easy	30.0	0.007	103766	700	245	298	53	3	84.08	84.08	84.08
juego1	easy	30.0	0.007	103774	700	245	298	53	3	84.07	84.07	84.07
juego1	easy	30.0	0.007	103782	700	245	298	53	3	84.07	84.07	84.07
juego1	easy	30.0	0.007	103791	700	245	298	53	3	84.07	84.07	84.07
juego1	easy	30.0	0.007	103799	700	245	298	53	3	84.07	84.07	84.07
juego1	easy	30.0	0.007	103807	700	245	298	53	3	84.07	84.07	84.07
juego1	easy	30.0	0.007	103816	700	246	298	52	3	84.08	84.08	84.08
juego1	easy	30.0	0.007	103824	700	246	298	52	3	84.08	84.08	84.08
juego1	easy	30.0	0.007	103833	700	246	298	52	3	84.08	84.08	84.08
juego1	easy	30.0	0.007	103842	700	246	298	52	3	84.09	84.09	84.09
juego1	easy	30.0	0.007	103850	700	246	298	52	3	84.1	84.1	84.1
juego1	easy	30.0	0.007	103859	700	247	298	51	3	84.11	84.11	84.11
juego1	easy	30.0	0.007	103867	700	247	298	51	3	84.14	84.14	84.14
juego1	easy	30.0	0.007	103875	700	247	298	51	3	84.14	84.14	84.14
juego1	easy	30.0	0.007	103884	700	247	298	51	3	84.14	84.14	84.14
juego1	easy	30.0	0.007	103892	700	247	297	50	3	84.15	84.15	84.15
juego1	easy	30.0	0.007	103901	700	248	297	49	3	84.16	84.16	84.16
juego1	easy	30.0	0.007	103909	700	248	297	49	3	84.18	84.18	84.18
juego1	easy	30.0	0.007	103917	700	248	297	49	3	84.24	84.24	84.24
juego1	easy	30.0	0.007	103926	700	248	297	49	3	84.26	84.26	84.26
juego1	easy	30.0	0.007	103934	700	248	297	49	3	84.28	84.28	84.28
juego1	easy	30.0	0.007	103942	700	249	297	48	3	84.31	84.31	84.31
juego1	easy	30.0	0.007	103951	700	249	297	48	3	84.33	84.33	84.33
juego1	easy	30.0	0.007	103959	700	249	297	48	3	84.33	84.33	84.33
juego1	easy	30.0	0.007	103968	700	249	297	48	3	84.34	84.34	84.34
juego1	easy	30.0	0.007	103977	700	250	297	47	3	84.38	84.38	84.38
juego1	easy	30.0	0.007	103985	700	250	297	47	3	84.4	84.4	84.4
juego1	easy	30.0	0.007	103994	700	250	297	47	3	84.41	84.41	84.41
juego1	easy	30.0	0.007	104003	700	250	297	47	3	84.42	84.42	84.42
juego1	easy	30.0	0.007	104012	700	250	297	47	3	84.42	84.42	84.42
juego1	easy	30.0	0.007	104021	700	251	297	46	3	84.42	84.42	84.42
juego1	easy	30.0	0.007	104028	700	251	297	46	3	84.42	84.42	84.42
juego1	easy	30.0	0.007	104037	700	251	297	46	3	84.42	84.42	84.42
juego1	easy	30.0	0.007	104046	700	251	297	46	3	84.43	84.43	84.43
juego1	easy	30.0	0.007	104053	700	251	297	46	3	84.43	84.43	84.43
juego1	easy	30.0	0.007	104062	700	252	297	45	3	84.44	84.44	84.44
juego1	easy	30.0	0.007	104070	700	252	297	45	3	84.45	84.45	84.45
juego1	easy	30.0	0.007	104079	700	252	297	45	3	84.45	84.45	84.45
juego1	easy	30.0	0.007	104087	700	252	296	44	3	84.48	84.48	84.48
juego1	easy	30.0	0.007	104096	700	253	296	43	3	84.5	84.5	84.5
juego1	easy	30.0	0.007	104105	700	253	296	43	3	84.55	84.55	84.55
juego1	easy	30.0	0.007	104113	700	253	296	43	3	84.57	84.57	84.57
juego1	easy	30.0	0.007	104122	700	253	296	43	3	84.61	84.61	84.61
juego1	easy	30.0	0.007	104130	700	253	296	43	3	84.62	84.62	84.62
juego1	easy	30.0	0.007	104138	700	254	296	42	3	84.64	84.64	84.64
juego1	easy	30.0	0.007	104147	700	254	296	42	3	84.7	84.7	84.7
juego1	easy	30.0	0.007	104156	700	254	296	42	3	84.75	84.75	84.75
juego1	easy	30.0	0.007	104164	700	254	296	42	3	84.75	84.75	84.75
juego1	easy	30.0	0.007	104173	700	255	296	41	3	84.75	84.75	84.75
juego1	easy	30.0	0.007	104181	700	255	295	40	3	84.81	84.81	84.81
juego1	easy	30.0	0.007	104190	700	255	295	40	3	84.85	84.85	84.85
juego1	easy	30.0	0.007	104198	700	255	295	40	3	84.85	84.85	84.85
juego1	easy	30.0	0.007	104206	700	256	295	39	3	84.88	84.88	84.88
juego1	easy	30.0	0.007	104215	700	256	295	39	3	84.91	84.91	84.91
juego1	easy	30.0	0.007	104223	700	256	295	39	3	84.95	84.95	84.95
juego1	easy	30.0	0.007	104232	700	256	295	39	3	84.97	84.97	84.97
juego1	easy	30.0	0.007	104239	700	256	295	39	3	84.98	84.98	84.98
juego1	easy	30.0	0.007	104248	700	257	295	38	3	84.99	84.99	84.99
juego1	easy	30.0	0.007	104256	700	257	295	38	3	84.99	84.99	84.99
juego1	easy	30.0	0.007	104264	700	257	295	38	3	84.98	84.98	84.98
juego1	easy	30.0	0.007	104273	700	257	295	38	3	84.94	84.94	84.94
juego1	easy	30.0	0.007	104282	700	258	295	37	3	84.87	84.87	84.87
juego1	easy	30.0	0.007	104289	700	258	295	37	3	84.82	84.82	84.82
juego1	easy	30.0	0.007	104298	700	258	296	38	3	84.73	84.73	84.73
juego1	easy	30.0	0.007	104306	700	258	296	38	3	84.65	84.65	84.65
juego1	easy	30.0	0.007	104315	700	259	296	37	3	84.62	84.62	84.62
juego1	easy	30.0	0.007	104323	700	259	296	37	3	84.55	84.55	84.55
juego1	easy	30.0	0.007	104331	700	259	296	37	3	84.52	84.52	84.52
juego1	easy	30.0	0.007	104340	700	259	296	37	3	84.52	84.52	84.52
juego1	easy	30.0	0.007	104349	700	260	296	36	3	84.53	84.53	84.53
juego1	easy	30.0	0.007	104357	700	260	296	36	3	84.54	84.54	84.54
juego1	easy	30.0	0.007	104366	700	260	296	36	3	84.52	84.52	84.52
juego1	easy	30.0	0.007	104374	700	260	296	36	3	84.52	84.52	84.52
juego1	easy	30.0	0.007	104383	700	260	296	36	3	84.51	84.51	84.51
juego1	easy	30.0	0.007	104391	700	261	296	35	3	84.52	84.52	84.52
juego1	easy	30.0	0.007	104400	700	261	296	35	3	84.52	84.52	84.52
juego1	easy	30.0	0.007	104409	700	261	296	35	3	84.52	84.52	84.52
juego1	easy	30.0	0.007	104417	700	261	296	35	3	84.53	84.53	84.53
juego1	easy	30.0	0.007	104426	700	262	296	34	3	84.52	84.52	84.52
juego1	easy	30.0	0.007	104434	700	262	296	34	3	84.53	84.53	84.53
juego1	easy	30.0	0.007	104443	700	262	296	34	3	84.58	84.58	84.58
juego1	easy	30.0	0.007	104452	700	262	296	34	3	84.71	84.71	84.71
juego1	easy	30.0	0.007	104461	700	263	296	33	3	84.77	84.77	84.77
juego1	easy	30.0	0.007	104469	700	263	295	32	3	84.85	84.85	84.85
juego1	easy	30.0	0.007	104477	700	263	295	32	3	84.93	84.93	84.93
juego1	easy	30.0	0.007	104486	700	263	295	32	3	85.01	85.01	85.01
juego1	easy	30.0	0.007	104495	700	264	295	31	3	85.05	85.05	85.05
juego1	easy	30.0	0.007	104503	700	264	294	30	3	85.12	85.12	85.12
juego1	easy	30.0	0.007	104512	700	264	294	30	3	85.21	85.21	85.21
juego1	easy	30.0	0.007	104521	700	264	294	30	3	85.26	85.26	85.26
juego1	easy	30.0	0.007	104528	700	265	294	29	3	85.3	85.3	85.3
juego1	easy	30.0	0.007	104537	700	265	294	29	3	85.3	85.3	85.3
juego1	easy	30.0	0.007	104546	700	265	294	29	3	85.32	85.32	85.32
juego1	easy	30.0	0.007	104555	700	265	294	29	3	85.34	85.34	85.34
juego1	easy	30.0	0.007	104563	700	266	294	28	3	85.38	85.38	85.38
juego1	easy	30.0	0.007	104572	700	266	294	28	3	85.41	85.41	85.41
juego1	easy	30.0	0.007	104581	700	266	293	27	3	85.42	85.42	85.42
juego1	easy	30.0	0.007	104589	700	266	293	27	3	85.45	85.45	85.45
juego1	easy	30.0	0.007	104597	700	267	293	26	3	85.49	85.49	85.49
juego1	easy	30.0	0.007	104606	700	267	293	26	3	85.51	85.51	85.51
juego1	easy	30.0	0.007	104614	700	267	293	26	3	85.57	85.57	85.57
juego1	easy	30.0	0.007	104623	700	267	293	26	3	85.62	85.62	85.62
juego1	easy	30.0	0.007	104631	700	268	293	25	3	85.65	85.65	85.65
juego1	easy	30.0	0.007	104640	700	268	293	25	3	85.69	85.69	85.69
juego1	easy	30.0	0.007	104648	700	268	293	25	3	85.7	85.7	85.7
juego1	easy	30.0	0.007	104657	700	269	293	24	3	85.69	85.69	85.69
juego1	easy	30.0	0.007	104666	700	269	293	24	3	85.69	85.69	85.69
juego1	easy	30.0	0.007	104674	700	269	293	24	3	85.69	85.69	85.69
juego1	easy	30.0	0.007	104683	700	270	293	23	3	85.68	85.68	85.68
juego1	easy	30.0	0.007	104692	700	270	293	23	3	85.7	85.7	85.7
juego1	easy	30.0	0.007	104699	700	271	293	22	3	85.71	85.71	85.71
juego1	easy	30.0	0.007	104708	700	271	293	22	3	85.73	85.73	85.73
juego1	easy	30.0	0.007	104716	700	271	292	21	3	85.74	85.74	85.74
juego1	easy	30.0	0.007	104724	700	272	292	20	3	85.76	85.76	85.76
juego1	easy	30.0	0.007	104733	700	272	292	20	3	85.76	85.76	85.76
juego1	easy	30.0	0.007	104742	700	273	292	19	3	85.76	85.76	85.76
juego1	easy	30.0	0.007	104751	700	273	292	19	3	85.75	85.75	85.75
juego1	easy	30.0	0.007	104760	700	273	292	19	3	85.74	85.74	85.74
juego1	easy	30.0	0.007	104769	700	274	293	19	3	85.73	85.73	85.73
juego1	easy	30.0	0.007	104778	700	274	292	18	3	85.74	85.74	85.74
juego1	easy	30.0	0.007	104787	700	274	292	18	3	85.75	85.75	85.75
juego1	easy	30.0	0.007	104795	700	275	292	17	3	85.75	85.75	85.75
juego1	easy	30.0	0.007	104804	700	275	292	17	3	85.75	85.75	85.75
juego1	easy	30.0	0.007	104812	700	276	292	16	3	85.75	85.75	85.75
juego1	easy	30.0	0.007	104821	700	276	292	16	3	85.75	85.75	85.75
juego1	easy	30.0	0.007	104829	700	276	293	17	3	85.73	85.73	85.73
juego1	easy	30.0	0.007	104838	700	277	293	16	3	85.71	85.71	85.71
juego1	easy	30.0	0.007	104846	700	277	293	16	3	85.7	85.7	85.7
juego1	easy	30.0	0.007	104855	700	278	293	15	3	85.71	85.71	85.71
juego1	easy	30.0	0.007	104863	700	278	293	15	3	85.73	85.73	85.73
juego1	easy	30.0	0.007	104872	700	278	292	14	3	85.74	85.74	85.74
juego1	easy	30.0	0.007	104881	700	279	292	13	3	85.75	85.75	85.75
juego1	easy	30.0	0.007	104890	700	279	292	13	3	85.77	85.77	85.77
juego1	easy	30.0	0.007	104899	700	279	292	13	3	85.78	85.78	85.78
juego1	easy	30.0	0.007	104907	700	280	292	12	3	85.8	85.8	85.8
juego1	easy	30.0	0.007	104916	700	280	292	12	3	85.92	85.92	85.92
juego1	easy	30.0	0.007	104925	700	281	291	10	3	86.15	86.15	86.15
juego1	easy	30.0	0.007	104934	700	281	290	9	3	86.43	86.43	86.43
juego1	easy	30.0	0.007	104942	700	281	290	9	3	86.55	86.55	86.55
juego1	easy	30.0	0.007	104950	700	282	289	7	3	86.74	86.74	86.74
juego1	easy	30.0	0.007	104959	700	282	289	7	3	86.88	86.88	86.88
juego1	easy	30.0	0.007	104969	700	282	288	6	3	87.03	87.03	87.03
juego1	easy	30.0	0.007	104977	700	283	288	5	3	87.08	87.08	87.08
juego1	easy	30.0	0.007	104986	700	283	288	5	3	87.05	87.05	87.05
juego1	easy	30.0	0.007	104995	700	283	288	5	3	87.03	87.03	87.03
juego1	easy	30.0	0.007	105004	700	284	289	5	3	86.99	86.99	86.99
juego1	easy	30.0	0.007	105012	700	284	289	5	3	86.99	86.99	86.99
juego1	easy	30.0	0.007	105019	700	285	289	4	3	86.99	86.99	86.99
juego1	easy	30.0	0.007	105028	700	285	289	4	3	86.99	86.99	86.99
juego1	easy	30.0	0.007	105036	700	285	289	4	3	86.94	86.94	86.94
juego1	easy	30.0	0.007	105045	700	286	289	3	3	86.92	86.92	86.92
juego1	easy	30.0	0.007	105053	700	286	289	3	3	86.88	86.88	86.88
juego1	easy	30.0	0.007	105061	700	286	289	3	3	86.86	86.86	86.86
juego1	easy	30.0	0.007	105069	700	287	289	2	3	86.83	86.83	86.83
juego1	easy	30.0	0.007	105077	700	287	289	2	3	86.82	86.82	86.82
juego1	easy	30.0	0.007	105086	700	287	289	2	3	86.81	86.81	86.81
juego1	easy	30.0	0.007	105095	700	288	289	1	3	86.8	86.8	86.8
juego1	easy	30.0	0.007	105104	700	288	289	1	3	86.78	86.78	86.78
juego1	easy	30.0	0.007	105113	700	289	289	0	3	86.74	86.74	86.74
juego1	easy	30.0	0.007	105122	700	289	289	0	3	86.73	86.73	86.73
juego1	easy	30.0	0.007	105131	700	289	289	0	3	86.72	86.72	86.72
juego1	easy	30.0	0.007	105140	700	290	289	-1	3	86.69	86.69	86.69
juego1	easy	30.0	0.007	105148	700	290	290	0	3	86.68	86.68	86.68
juego1	easy	30.0	0.007	105157	700	290	290	0	3	86.67	86.67	86.67
juego1	easy	30.0	0.007	105165	700	291	290	-1	3	86.67	86.67	86.67
juego1	easy	30.0	0.007	105174	700	291	290	-1	3	86.65	86.65	86.65
juego1	easy	30.0	0.007	105182	700	291	290	-1	3	86.64	86.64	86.64
juego1	easy	30.0	0.007	105191	700	292	290	-2	3	86.61	86.61	86.61
juego1	easy	30.0	0.007	105199	700	292	290	-2	3	86.57	86.57	86.57
juego1	easy	30.0	0.007	105208	700	292	290	-2	3	86.55	86.55	86.55
juego1	easy	30.0	0.007	105216	700	293	290	-3	3	86.54	86.54	86.54
juego1	easy	30.0	0.007	105225	700	293	290	-3	3	86.51	86.51	86.51
juego1	easy	30.0	0.007	105234	700	293	290	-3	3	86.47	86.47	86.47
juego1	easy	30.0	0.007	105243	700	294	290	-4	3	86.44	86.44	86.44
juego1	easy	30.0	0.007	105252	700	294	290	-4	3	86.42	86.42	86.42
juego1	easy	30.0	0.007	105260	700	294	290	-4	3	86.4	86.4	86.4
juego1	easy	30.0	0.007	105269	700	295	290	-5	3	86.37	86.37	86.37
juego1	easy	30.0	0.007	105278	700	295	291	-4	3	86.36	86.36	86.36
juego1	easy	30.0	0.007	105287	700	295	291	-4	3	86.32	86.32	86.32
juego1	easy	30.0	0.007	105296	700	296	291	-5	3	86.28	86.28	86.28
juego1	easy	30.0	0.007	105305	700	296	291	-5	3	86.24	86.24	86.24
juego1	easy	30.0	0.007	105314	700	296	291	-5	3	86.2	86.2	86.2
juego1	easy	30.0	0.007	105322	700	297	291	-6	3	86.18	86.18	86.18
juego1	easy	30.0	0.007	105331	700	297	291	-6	3	86.15	86.15	86.15
juego1	easy	30.0	0.007	105340	700	297	291	-6	3	86.11	86.11	86.11
juego1	easy	30.0	0.007	105349	700	298	291	-7	3	86.09	86.09	86.09
juego1	easy	30.0	0.007	105357	700	298	291	-7	3	86.07	86.07	86.07
juego1	easy	30.0	0.007	105364	700	298	292	-6	3	86.04	86.04	86.04
juego1	easy	30.0	0.007	105373	700	299	292	-7	3	86.02	86.02	86.02
juego1	easy	30.0	0.007	105382	700	299	292	-7	3	85.98	85.98	85.98
juego1	easy	30.0	0.007	105391	700	299	292	-7	3	85.95	85.95	85.95
juego1	easy	30.0	0.007	105399	700	300	292	-8	3	85.9	85.9	85.9
juego1	easy	30.0	0.007	105408	700	300	292	-8	3	85.84	85.84	85.84
juego1	easy	30.0	0.007	105417	700	300	292	-8	3	85.75	85.75	85.75
juego1	easy	30.0	0.007	105426	700	300	293	-7	3	85.69	85.69	85.69
juego1	easy	30.0	0.007	105434	700	300	293	-7	3	85.65	85.65	85.65
juego1	easy	30.0	0.007	105443	700	300	293	-7	3	85.66	85.66	85.66
juego1	easy	30.0	0.007	105451	700	300	293	-7	3	85.67	85.67	85.67
juego1	easy	30.0	0.007	105460	700	301	293	-8	3	85.69	85.69	85.69
juego1	easy	30.0	0.007	105469	700	301	293	-8	3	85.69	85.69	85.69
juego1	easy	30.0	0.007	105478	700	301	293	-8	3	85.69	85.69	85.69
juego1	easy	30.0	0.007	105485	700	302	293	-9	3	85.68	85.68	85.68
juego1	easy	30.0	0.007	105494	700	302	293	-9	3	85.68	85.68	85.68
juego1	easy	30.0	0.007	105503	700	302	293	-9	3	85.69	85.69	85.69
juego1	easy	30.0	0.007	105511	700	303	293	-10	3	85.68	85.68	85.68
juego1	easy	30.0	0.007	105520	700	303	293	-10	3	85.66	85.66	85.66
juego1	easy	30.0	0.007	105528	700	303	293	-10	3	85.65	85.65	85.65
juego1	easy	30.0	0.007	105537	700	303	293	-10	3	85.62	85.62	85.62
juego1	easy	30.0	0.007	105546	700	304	293	-11	3	85.57	85.57	85.57
juego1	easy	30.0	0.007	105554	700	304	293	-11	3	85.52	85.52	85.52
juego1	easy	30.0	0.007	105563	700	304	293	-11	3	85.5	85.5	85.5
juego1	easy	30.0	0.007	105571	700	304	294	-10	3	85.41	85.41	85.41
juego1	easy	30.0	0.007	105580	700	305	294	-11	3	85.29	85.29	85.29
juego1	easy	30.0	0.007	105588	700	305	294	-11	3	85.21	85.21	85.21
juego1	easy	30.0	0.007	105597	700	305	295	-10	3	85.01	85.01	85.01
juego1	easy	30.0	0.007	105606	700	306	295	-11	3	84.78	84.78	84.78
juego1	easy	30.0	0.007	105615	700	306	296	-10	3	84.52	84.52	84.52
juego1	easy	30.0	0.007	105623	700	306	297	-9	3	84.37	84.37	84.37
juego1	easy	30.0	0.007	105631	700	306	298	-8	3	84.08	84.08	84.08
juego1	easy	30.0	0.007	105640	700	307	299	-8	3	83.75	83.75	83.75
juego1	easy	30.0	0.007	105648	700	307	299	-8	3	83.58	83.58	83.58
juego1	easy	30.0	0.007	105657	700	307	300	-7	3	83.19	83.19	83.19
juego1	easy	30.0	0.007	105666	700	307	301	-6	3	82.85	82.85	82.85
juego1	easy	30.0	0.007	105674	700	308	302	-6	3	82.55	82.55	82.55
juego1	easy	30.0	0.007	105683	700	308	302	-6	3	82.43	82.43	82.43
juego1	easy	30.0	0.007	105692	700	308	303	-5	3	82.23	82.23	82.23
juego1	easy	30.0	0.007	105700	700	308	303	-5	3	82.05	82.05	82.05
juego1	easy	30.0	0.007	105709	700	309	303	-6	3	81.92	81.92	81.92
juego1	easy	30.0	0.007	105718	700	309	304	-5	3	81.67	81.67	81.67
juego1	easy	30.0	0.007	105726	700	309	305	-4	3	81.39	81.39	81.39
juego1	easy	30.0	0.007	105735	700	309	306	-3	3	81.07	81.07	81.07
juego1	easy	30.0	0.007	105744	700	310	307	-3	3	80.9	80.9	80.9
juego1	easy	30.0	0.007	105752	700	310	308	-2	3	80.53	80.53	80.53
juego1	easy	30.0	0.007	105761	700	310	308	-2	3	80.37	80.37	80.37
juego1	easy	30.0	0.007	105770	700	310	309	-1	3	80.07	80.07	80.07
juego1	easy	30.0	0.007	105779	700	311	310	-1	3	79.78	79.78	79.78
juego1	easy	30.0	0.007	105787	700	311	311	0	3	79.51	79.51	79.51
juego1	easy	30.0	0.007	105796	700	311	312	1	3	79.24	79.24	79.24
juego1	easy	30.0	0.007	105804	700	311	312	1	3	79.11	79.11	79.11
juego1	easy	30.0	0.007	105812	700	311	313	2	3	78.87	78.87	78.87
juego1	easy	30.0	0.007	105821	700	312	314	2	3	78.66	78.66	78.66
juego1	easy	30.0	0.007	105830	700	312	314	2	3	78.43	78.43	78.43
juego1	easy	30.0	0.007	105838	700	312	315	3	3	78.31	78.31	78.31
juego1	easy	30.0	0.007	105847	700	312	315	3	3	78.11	78.11	78.11
juego1	easy	30.0	0.007	105856	700	313	316	3	3	77.89	77.89	77.89
juego1	easy	30.0	0.007	105864	700	313	316	3	3	77.8	77.8	77.8
juego1	easy	30.0	0.007	105872	700	313	317	4	3	77.63	77.63	77.63
juego1	easy	30.0	0.007	105881	700	313	318	5	3	77.46	77.46	77.46
juego1	easy	30.0	0.007	105890	700	313	318	5	3	77.31	77.31	77.31
juego1	easy	30.0	0.007	105898	700	314	318	4	3	77.24	77.24	77.24
juego1	easy	30.0	0.007	105907	700	314	319	5	3	77.06	77.06	77.06
juego1	easy	30.0	0.007	105915	700	314	319	5	3	76.9	76.9	76.9
juego1	easy	30.0	0.007	105924	700	314	319	5	3	76.84	76.84	76.84
juego1	easy	30.0	0.007	105932	700	314	320	6	3	76.74	76.74	76.74
juego1	easy	30.0	0.007	105941	700	315	320	5	3	76.64	76.64	76.64
juego1	easy	30.0	0.007	105949	700	315	320	5	3	76.59	76.59	76.59
juego1	easy	30.0	0.007	105958	700	315	321	6	3	76.52	76.52	76.52
juego1	easy	30.0	0.007	105967	700	315	321	6	3	76.45	76.45	76.45
juego1	easy	30.0	0.007	105975	700	315	321	6	3	76.36	76.36	76.36
juego1	easy	30.0	0.007	105983	700	315	321	6	3	76.33	76.33	76.33
juego1	easy	30.0	0.007	105992	700	316	321	5	3	76.31	76.31	76.31
juego1	easy	30.0	0.007	106000	700	316	321	5	3	76.3	76.3	76.3
juego1	easy	30.0	0.007	106009	700	316	321	5	3	76.31	76.31	76.31
juego1	easy	30.0	0.007	106017	700	316	320	4	3	76.55	76.55	76.55
juego1	easy	30.0	0.007	106026	700	316	320	4	3	76.82	76.82	76.82
juego1	easy	30.0	0.007	106035	700	316	319	3	3	76.91	76.91	76.91
juego1	easy	30.0	0.007	106043	700	317	319	2	3	77.08	77.08	77.08
juego1	easy	30.0	0.007	106051	700	317	318	1	3	77.18	77.18	77.18
juego1	easy	30.0	0.007	106060	700	317	318	1	3	77.19	77.19	77.19
juego1	easy	30.0	0.007	106068	700	317	318	1	3	77.21	77.21	77.21
juego1	easy	30.0	0.007	106077	700	317	318	1	3	77.28	77.28	77.28
juego1	easy	30.0	0.007	106086	700	317	318	1	3	77.21	77.21	77.21
juego1	easy	30.0	0.007	106094	700	317	318	1	3	77.16	77.16	77.16
juego1	easy	30.0	0.007	106103	700	318	319	1	3	76.99	76.99	76.99
juego1	easy	30.0	0.007	106110	700	318	319	1	3	76.9	76.9	76.9
juego1	easy	30.0	0.007	106118	700	318	320	2	3	76.76	76.76	76.76
juego1	easy	30.0	0.007	106127	700	318	320	2	3	76.66	76.66	76.66
juego1	easy	30.0	0.007	106136	700	318	320	2	3	76.57	76.57	76.57
juego1	easy	30.0	0.007	106144	700	318	320	2	3	76.53	76.53	76.53
juego1	easy	30.0	0.007	106153	700	318	320	2	3	76.53	76.53	76.53
juego1	easy	30.0	0.007	106162	700	319	321	2	3	76.5	76.5	76.5
juego1	easy	30.0	0.007	106169	700	319	321	2	3	76.47	76.47	76.47
juego1	easy	30.0	0.007	106177	700	319	321	2	3	76.4	76.4	76.4
juego1	easy	30.0	0.007	106186	700	319	321	2	3	76.31	76.31	76.31
juego1	easy	30.0	0.007	106194	700	319	321	2	3	76.25	76.25	76.25
juego1	easy	30.0	0.007	106203	700	319	322	3	3	76.15	76.15	76.15
juego1	easy	30.0	0.007	106212	700	319	322	3	3	76.08	76.08	76.08
juego1	easy	30.0	0.007	106220	700	319	322	3	3	76.06	76.06	76.06
juego1	easy	30.0	0.007	106228	700	319	322	3	3	75.99	75.99	75.99
juego1	easy	30.0	0.007	106237	700	320	322	2	3	75.92	75.92	75.92
juego1	easy	30.0	0.007	106245	700	320	322	2	3	75.9	75.9	75.9
juego1	easy	30.0	0.007	106253	700	320	323	3	3	75.87	75.87	75.87
juego1	easy	30.0	0.007	106262	700	320	323	3	3	75.86	75.86	75.86
juego1	easy	30.0	0.007	106271	700	320	323	3	3	75.86	75.86	75.86
juego1	easy	30.0	0.007	106280	700	320	323	3	3	75.87	75.87	75.87
juego1	easy	30.0	0.007	106288	700	320	323	3	3	75.87	75.87	75.87
juego1	easy	30.0	0.007	106297	700	320	323	3	3	75.86	75.86	75.86
juego1	easy	30.0	0.007	106305	700	320	323	3	3	75.87	75.87	75.87
juego1	easy	30.0	0.007	106313	700	320	323	3	3	75.86	75.86	75.86
juego1	easy	30.0	0.007	106322	700	320	323	3	3	75.81	75.81	75.81
juego1	easy	30.0	0.007	106331	700	320	323	3	3	75.8	75.8	75.8
juego1	easy	30.0	0.007	106339	700	321	323	2	3	75.8	75.8	75.8
juego1	easy	30.0	0.007	106347	700	321	323	2	3	75.75	75.75	75.75
juego1	easy	30.0	0.007	106356	700	321	323	2	3	75.73	75.73	75.73
juego1	easy	30.0	0.007	106365	700	321	323	2	3	75.64	75.64	75.64
juego1	easy	30.0	0.007	106373	700	321	324	3	3	75.49	75.49	75.49
juego1	easy	30.0	0.007	106381	700	321	324	3	3	75.3	75.3	75.3
juego1	easy	30.0	0.007	106390	700	321	325	4	3	75.09	75.09	75.09
juego1	easy	30.0	0.007	106399	700	321	327	6	3	74.5	74.5	74.5
juego1	easy	30.0	0.007	106407	700	321	327	6	3	74.34	74.34	74.34
juego1	easy	30.0	0.007	106416	700	321	328	7	3	74.23	74.23	74.23
juego1	easy	30.0	0.007	106423	700	321	330	9	3	73.55	73.55	73.55
juego1	easy	30.0	0.007	106431	700	321	335	14	3	72.06	72.06	72.06
juego1	easy	30.0	0.007	106440	700	321	335	14	3	71.79	71.79	71.79
juego1	easy	30.0	0.007	106448	700	321	338	17	3	71.02	71.02	71.02
juego1	easy	30.0	0.007	106457	700	321	340	19	3	70.2	70.2	70.2
juego1	easy	30.0	0.007	106465	700	321	342	21	3	69.84	69.84	69.84
juego1	easy	30.0	0.007	106473	700	321	344	23	3	69.02	69.02	69.02
juego1	easy	30.0	0.007	106482	700	321	346	25	3	68.42	68.42	68.42
juego1	easy	30.0	0.007	106490	700	321	348	27	3	67.85	67.85	67.85
juego1	easy	30.0	0.007	106498	700	321	348	27	3	67.85	67.85	67.85
juego1	easy	30.0	0.007	106507	700	321	354	33	3	65.96	65.96	65.96
juego1	easy	30.0	0.007	106515	700	321	354	33	3	65.95	65.95	65.95
juego1	easy	30.0	0.007	106523	700	321	351	30	3	66.79	66.79	66.79
juego1	easy	30.0	0.007	106532	700	321	348	27	3	67.76	67.76	67.76
juego1	easy	30.0	0.007	106539	700	321	346	25	3	68.34	68.34	68.34
juego1	easy	30.0	0.007	106548	700	321	343	22	3	69.3	69.3	69.3
juego1	easy	30.0	0.007	106556	700	321	342	21	3	69.7	69.7	69.7
juego1	easy	30.0	0.007	106565	700	321	341	20	3	69.91	69.91	69.91
juego1	easy	30.0	0.007	106573	700	321	340	19	3	70.26	70.26	70.26
juego1	easy	30.0	0.007	106582	700	321	339	18	3	70.68	70.68	70.68
juego1	easy	30.0	0.007	106589	700	321	338	17	3	70.98	70.98	70.98
juego1	easy	30.0	0.007	106598	700	321	336	15	3	71.45	71.45	71.45
juego1	easy	30.0	0.007	106606	700	321	336	15	3	71.58	71.58	71.58
juego1	easy	30.0	0.007	106615	700	321	336	15	3	71.61	71.61	71.61
juego1	easy	30.0	0.007	106624	700	321	337	16	3	71.29	71.29	71.29
juego1	easy	30.0	0.007	106632	700	321	338	17	3	70.85	70.85	70.85
juego1	easy	30.0	0.007	106641	700	321	339	18	3	70.49	70.49	70.49
juego1	easy	30.0	0.007	106650	700	321	341	20	3	70.09	70.09	70.09
juego1	easy	30.0	0.007	106659	700	321	342	21	3	69.54	69.54	69.54
juego1	easy	30.0	0.007	106667	700	321	344	23	3	69.13	69.13	69.13
juego1	easy	30.0	0.007	106676	700	321	345	24	3	68.7	68.7	68.7
juego1	easy	30.0	0.007	106685	700	321	347	26	3	67.95	67.95	67.95
juego1	easy	30.0	0.007	106693	700	321	351	30	3	66.95	66.95	66.95
juego1	easy	30.0	0.007	106702	700	321	354	33	3	65.85	65.85	65.85
juego1	easy	30.0	0.007	106710	700	321	356	35	3	65.22	65.22	65.22
juego1	easy	30.0	0.007	106719	700	321	359	38	3	64.28	64.28	64.28
juego1	easy	30.0	0.007	106726	700	321	361	40	3	63.6	63.6	63.6
juego1	easy	30.0	0.007	106734	700	321	365	44	3	62.45	62.45	62.45
juego1	easy	30.0	0.007	106743	700	321	369	48	3	61.2	61.2	61.2
juego1	easy	30.0	0.007	106752	700	321	373	52	3	59.94	59.94	59.94
juego1	easy	30.0	0.007	106760	700	321	375	54	3	59.31	59.31	59.31
juego1	easy	30.0	0.007	106768	700	321	377	56	3	58.67	58.67	58.67
juego1	easy	30.0	0.007	106777	700	320	380	60	3	57.53	57.53	57.53
juego1	easy	30.0	0.007	106786	700	320	384	64	3	56.34	56.34	56.34
juego1	easy	30.0	0.007	106793	700	320	387	67	3	55.34	55.34	55.34
juego1	easy	30.0	0.007	106802	700	320	389	69	3	54.85	54.85	54.85
juego1	easy	30.0	0.007	106810	700	320	392	72	3	53.93	53.93	53.93
juego1	easy	30.0	0.007	106818	700	320	394	74	3	53.04	53.04	53.04
juego1	easy	30.0	0.007	106827	700	320	397	77	3	52.1	52.1	52.1
juego1	easy	30.0	0.007	106835	700	320	399	79	3	51.65	51.65	51.65
juego1	easy	30.0	0.007	106844	700	320	401	81	3	50.85	50.85	50.85
juego1	easy	30.0	0.007	106853	700	320	404	84	3	50.1	50.1	50.1
juego1	easy	30.0	0.007	106861	700	320	405	85	3	49.76	49.76	49.76
juego1	easy	30.0	0.007	106870	700	319	407	88	3	49.1	49.1	49.1
juego1	easy	30.0	0.007	106877	700	319	409	90	3	48.5	48.5	48.5
juego1	easy	30.0	0.007	106886	700	319	410	91	3	48.22	48.22	48.22
juego1	easy	30.0	0.007	106894	700	319	411	92	3	47.66	47.66	47.66
juego1	easy	30.0	0.007	106903	700	319	412	93	3	47.36	47.36	47.36
juego1	easy	30.0	0.007	106911	700	319	414	95	3	46.84	46.84	46.84
juego1	easy	30.0	0.007	106920	700	319	415	96	3	46.43	46.43	46.43
juego1	easy	30.0	0.007	106929	700	319	416	97	3	46.15	46.15	46.15
juego1	easy	30.0	0.007	106937	700	319	418	99	3	45.57	45.57	45.57
juego1	easy	30.0	0.007	106945	700	318	418	100	3	45.42	45.42	45.42
juego1	easy	30.0	0.007	106954	700	318	419	101	3	45.31	45.31	45.31
juego1	easy	30.0	0.007	106963	700	318	420	102	3	45.05	45.05	45.05
juego1	easy	30.0	0.007	106970	700	318	420	102	3	44.99	44.99	44.99
juego1	easy	30.0	0.007	106979	700	318	420	102	3	44.84	44.84	44.84
juego1	easy	30.0	0.007	106987	700	318	420	102	3	44.78	44.78	44.78
juego1	easy	30.0	0.007	106996	700	318	421	103	3	44.76	44.76	44.76
juego1	easy	30.0	0.007	107005	700	318	421	103	3	44.74	44.74	44.74
juego1	easy	30.0	0.007	107014	700	317	421	104	3	44.7	44.7	44.7
juego1	easy	30.0	0.007	107022	700	317	421	104	3	44.71	44.71	44.71
juego1	easy	30.0	0.007	107031	700	317	421	104	3	44.73	44.73	44.73
juego1	easy	30.0	0.007	107040	700	317	421	104	3	44.7	44.7	44.7
juego1	easy	30.0	0.007	107049	700	317	421	104	3	44.71	44.71	44.71
juego1	easy	30.0	0.007	107057	700	317	421	104	3	44.7	44.7	44.7
juego1	easy	30.0	0.007	107066	700	317	421	104	3	44.69	44.69	44.69
juego1	easy	30.0	0.007	107075	700	316	421	105	3	44.69	44.69	44.69
juego1	easy	30.0	0.007	107082	700	316	421	105	3	44.68	44.68	44.68
juego1	easy	30.0	0.007	107091	700	316	421	105	3	44.68	44.68	44.68
juego1	easy	30.0	0.007	107099	700	316	421	105	3	44.68	44.68	44.68
juego1	easy	30.0	0.007	107109	700	316	421	105	3	44.68	44.68	44.68
juego1	easy	30.0	0.007	107116	700	316	421	105	3	44.67	44.67	44.67
juego1	easy	30.0	0.007	107125	700	315	421	106	3	44.67	44.67	44.67
juego1	easy	30.0	0.007	107134	700	315	421	106	3	44.67	44.67	44.67
juego1	easy	30.0	0.007	107142	700	315	421	106	3	44.67	44.67	44.67
juego1	easy	30.0	0.007	107150	700	315	421	106	3	44.66	44.66	44.66
juego1	easy	30.0	0.007	107159	700	315	421	106	3	44.66	44.66	44.66
juego1	easy	30.0	0.007	107168	700	314	421	107	3	44.66	44.66	44.66
juego1	easy	30.0	0.007	107175	700	314	421	107	3	44.66	44.66	44.66
juego1	easy	30.0	0.007	107184	700	314	421	107	3	44.65	44.65	44.65
juego1	easy	30.0	0.007	107192	700	314	421	107	3	44.65	44.65	44.65
juego1	easy	30.0	0.007	107201	700	314	421	107	3	44.65	44.65	44.65
juego1	easy	30.0	0.007	107210	700	313	421	108	3	44.65	44.65	44.65
juego1	easy	30.0	0.007	107217	700	313	421	108	3	44.65	44.65	44.65
juego1	easy	30.0	0.007	107226	700	313	421	108	3	44.65	44.65	44.65
juego1	easy	30.0	0.007	107235	700	313	421	108	3	44.64	44.64	44.64
juego1	easy	30.0	0.007	107243	700	313	421	108	3	44.64	44.64	44.64
juego1	easy	30.0	0.007	107252	700	312	421	109	3	44.63	44.63	44.63
juego1	easy	30.0	0.007	107260	700	312	421	109	3	44.63	44.63	44.63
juego1	easy	30.0	0.007	107269	700	312	421	109	3	44.63	44.63	44.63
juego1	easy	30.0	0.007	107278	700	312	421	109	3	44.62	44.62	44.62
juego1	easy	30.0	0.007	107286	700	312	421	109	3	44.62	44.62	44.62
juego1	easy	30.0	0.007	107295	700	311	421	110	3	44.62	44.62	44.62
juego1	easy	30.0	0.007	107302	700	311	421	110	3	44.63	44.63	44.63
juego1	easy	30.0	0.007	107310	700	311	421	110	3	44.62	44.62	44.62
juego1	easy	30.0	0.007	107319	700	311	421	110	3	44.62	44.62	44.62
juego1	easy	30.0	0.007	107328	700	310	421	111	3	44.62	44.62	44.62
juego1	easy	30.0	0.007	107336	700	310	421	111	3	44.61	44.61	44.61
juego1	easy	30.0	0.007	107344	700	310	421	111	3	44.61	44.61	44.61
juego1	easy	30.0	0.007	107353	700	310	421	111	3	44.61	44.61	44.61
juego1	easy	30.0	0.007	107361	700	310	421	111	3	44.61	44.61	44.61
juego1	easy	30.0	0.007	107370	700	309	421	112	3	44.6	44.6	44.6
juego1	easy	30.0	0.007	107379	700	309	421	112	3	44.6	44.6	44.6
juego1	easy	30.0	0.007	107386	700	309	421	112	3	44.6	44.6	44.6
juego1	easy	30.0	0.007	107395	700	309	421	112	3	44.6	44.6	44.6
juego1	easy	30.0	0.007	107404	700	308	421	113	3	44.6	44.6	44.6
juego1	easy	30.0	0.007	107412	700	308	421	113	3	44.6	44.6	44.6
juego1	easy	30.0	0.007	107420	700	308	421	113	3	44.59	44.59	44.59
juego1	easy	30.0	0.007	107429	700	308	421	113	3	44.59	44.59	44.59
juego1	easy	30.0	0.007	107437	700	307	421	114	3	44.58	44.58	44.58
juego1	easy	30.0	0.007	107446	700	307	421	114	3	44.58	44.58	44.58
juego1	easy	30.0	0.007	107455	700	307	421	114	3	44.58	44.58	44.58
juego1	easy	30.0	0.007	107463	700	306	421	115	3	44.58	44.58	44.58
juego1	easy	30.0	0.007	107471	700	306	421	115	3	44.58	44.58	44.58
juego1	easy	30.0	0.007	107480	700	306	421	115	3	44.58	44.58	44.58
juego1	easy	30.0	0.007	107489	700	306	421	115	3	44.57	44.57	44.57
juego1	easy	30.0	0.007	107497	700	305	421	116	3	44.57	44.57	44.57
juego1	easy	30.0	0.007	107505	700	305	421	116	3	44.57	44.57	44.57
juego1	easy	30.0	0.007	107514	700	305	421	116	3	44.57	44.57	44.57
juego1	easy	30.0	0.007	107523	700	305	421	116	3	44.57	44.57	44.57
juego1	easy	30.0	0.007	107532	700	304	421	117	3	44.56	44.56	44.56
juego1	easy	30.0	0.007	107541	700	304	421	117	3	44.56	44.56	44.56
juego1	easy	30.0	0.007	107549	700	304	421	117	3	44.56	44.56	44.56
juego1	easy	30.0	0.007	107558	700	303	421	118	3	44.56	44.56	44.56
juego1	easy	30.0	0.007	107567	700	303	421	118	3	44.56	44.56	44.56
juego1	easy	30.0	0.007	107576	700	303	421	118	3	44.55	44.55	44.55
juego1	easy	30.0	0.007	107584	700	303	421	118	3	44.55	44.55	44.55
juego1	easy	30.0	0.007	107593	700	302	421	119	3	44.55	44.55	44.55
juego1	easy	30.0	0.007	107601	700	302	421	119	3	44.55	44.55	44.55
juego1	easy	30.0	0.007	107610	700	302	421	119	3	44.55	44.55	44.55
juego1	easy	30.0	0.007	107619	700	301	421	120	3	44.55	44.55	44.55
juego1	easy	30.0	0.007	107628	700	301	421	120	3	44.55	44.55	44.55
juego1	easy	30.0	0.007	107636	700	301	421	120	3	44.55	44.55	44.55
juego1	easy	30.0	0.007	107645	700	301	421	120	3	44.55	44.55	44.55
juego1	easy	30.0	0.007	107653	700	300	421	121	3	44.55	44.55	44.55
juego1	easy	30.0	0.007	107662	700	300	421	121	3	44.55	44.55	44.55
juego1	easy	30.0	0.007	107670	700	300	421	121	3	44.54	44.54	44.54
juego1	easy	30.0	0.007	107679	700	300	421	121	3	44.54	44.54	44.54
juego1	easy	30.0	0.007	107687	700	300	421	121	3	44.54	44.54	44.54
juego1	easy	30.0	0.007	107696	700	300	421	121	3	44.54	44.54	44.54
juego1	easy	30.0	0.007	107705	700	299	421	122	3	44.54	44.54	44.54
juego1	easy	30.0	0.007	107713	700	299	421	122	3	44.54	44.54	44.54
juego1	easy	30.0	0.007	107721	700	299	421	122	3	44.54	44.54	44.54
juego1	easy	30.0	0.007	107730	700	298	421	123	3	44.54	44.54	44.54
juego1	easy	30.0	0.007	107739	700	298	421	123	3	44.54	44.54	44.54
juego1	easy	30.0	0.007	107748	700	298	421	123	3	44.53	44.53	44.53
juego1	easy	30.0	0.007	107756	700	298	421	123	3	44.53	44.53	44.53
juego1	easy	30.0	0.007	107765	700	297	421	124	3	44.53	44.53	44.53
juego1	easy	30.0	0.007	107773	700	297	421	124	3	44.53	44.53	44.53
juego1	easy	30.0	0.007	107781	700	297	421	124	3	44.53	44.53	44.53
juego1	easy	30.0	0.007	107790	700	296	421	125	3	44.53	44.53	44.53
juego1	easy	30.0	0.007	107798	700	296	421	125	3	44.53	44.53	44.53
juego1	easy	30.0	0.007	107807	700	296	421	125	3	44.52	44.52	44.52
juego1	easy	30.0	0.007	107816	700	295	421	126	3	44.53	44.53	44.53
juego1	easy	30.0	0.007	107825	700	295	421	126	3	44.53	44.53	44.53
juego1	easy	30.0	0.007	107834	700	295	421	126	3	44.52	44.52	44.52
juego1	easy	30.0	0.007	107843	700	294	421	127	3	44.52	44.52	44.52
juego1	easy	30.0	0.007	107852	700	294	421	127	3	44.52	44.52	44.52
juego1	easy	30.0	0.007	107860	700	294	421	127	3	44.52	44.52	44.52
juego1	easy	30.0	0.007	107868	700	293	421	128	3	44.52	44.52	44.52
juego1	easy	30.0	0.007	107877	700	293	421	128	3	44.51	44.51	44.51
juego1	easy	30.0	0.007	107885	700	293	421	128	3	44.51	44.51	44.51
juego1	easy	30.0	0.007	107894	700	292	421	129	3	44.51	44.51	44.51
juego1	easy	30.0	0.007	107902	700	292	421	129	3	44.51	44.51	44.51
juego1	easy	30.0	0.007	107911	700	291	421	130	3	44.51	44.51	44.51
juego1	easy	30.0	0.007	107919	700	291	421	130	3	44.51	44.51	44.51
juego1	easy	30.0	0.007	107928	700	291	421	130	3	44.5	44.5	44.5
juego1	easy	30.0	0.007	107937	700	290	421	131	3	44.5	44.5	44.5
juego1	easy	30.0	0.007	107945	700	290	421	131	3	44.5	44.5	44.5
juego1	easy	30.0	0.007	107954	700	290	421	131	3	44.5	44.5	44.5
juego1	easy	30.0	0.007	107962	700	289	421	132	3	44.5	44.5	44.5
juego1	easy	30.0	0.007	107971	700	289	421	132	3	44.5	44.5	44.5
juego1	easy	30.0	0.007	107979	700	289	421	132	3	44.5	44.5	44.5
juego1	easy	30.0	0.007	107987	700	288	421	133	3	44.5	44.5	44.5
juego1	easy	30.0	0.007	107996	700	288	421	133	3	44.5	44.5	44.5
juego1	easy	30.0	0.007	108003	700	288	421	133	3	44.5	44.5	44.5
juego1	easy	30.0	0.007	108012	700	287	421	134	3	44.5	44.5	44.5
juego1	easy	30.0	0.007	108021	700	287	421	134	3	44.49	44.49	44.49
juego1	easy	30.0	0.007	108030	700	287	421	134	3	44.49	44.49	44.49
juego1	easy	30.0	0.007	108039	700	286	421	135	3	44.49	44.49	44.49
juego1	easy	30.0	0.007	108046	700	286	421	135	3	44.49	44.49	44.49
juego1	easy	30.0	0.007	108055	700	285	421	136	3	44.48	44.48	44.48
juego1	easy	30.0	0.007	108063	700	285	421	136	3	44.49	44.49	44.49
juego1	easy	30.0	0.007	108070	700	285	421	136	3	44.48	44.48	44.48
juego1	easy	30.0	0.007	108079	700	284	421	137	3	44.48	44.48	44.48
juego1	easy	30.0	0.007	108087	700	284	421	137	3	44.48	44.48	44.48
juego1	easy	30.0	0.007	108096	700	284	421	137	3	44.48	44.48	44.48
juego1	easy	30.0	0.007	108104	700	283	421	138	3	44.48	44.48	44.48
juego1	easy	30.0	0.007	108113	700	283	421	138	3	44.48	44.48	44.48
juego1	easy	30.0	0.007	108122	700	283	421	138	3	44.48	44.48	44.48
juego1	easy	30.0	0.007	108130	700	282	421	139	3	44.48	44.48	44.48
juego1	easy	30.0	0.007	108139	700	282	421	139	3	44.47	44.47	44.47
juego1	easy	30.0	0.007	108148	700	281	421	140	3	44.47	44.47	44.47
juego1	easy	30.0	0.007	108156	700	281	421	140	3	44.47	44.47	44.47
juego1	easy	30.0	0.007	108165	700	281	421	140	3	44.47	44.47	44.47
juego1	easy	30.0	0.007	108174	700	280	421	141	3	44.47	44.47	44.47
juego1	easy	30.0	0.007	108183	700	280	421	141	3	44.47	44.47	44.47
juego1	easy	30.0	0.007	108191	700	280	421	141	3	44.47	44.47	44.47
juego1	easy	30.0	0.007	108200	700	279	421	142	3	44.47	44.47	44.47
juego1	easy	30.0	0.007	108208	700	279	421	142	3	44.46	44.46	44.46
juego1	easy	30.0	0.007	108217	700	278	421	143	3	44.46	44.46	44.46
juego1	easy	30.0	0.007	108226	700	278	421	143	3	44.46	44.46	44.46
juego1	easy	30.0	0.007	108233	700	278	421	143	3	44.46	44.46	44.46
juego1	easy	30.0	0.007	108242	700	277	421	144	3	44.46	44.46	44.46
juego1	easy	30.0	0.007	108250	700	277	421	144	3	44.46	44.46	44.46
juego1	easy	30.0	0.007	108258	700	277	422	145	3	44.45	44.45	44.45
juego1	easy	30.0	0.007	108267	700	276	422	146	3	44.45	44.45	44.45
juego1	easy	30.0	0.007	108276	700	276	422	146	3	44.45	44.45	44.45
juego1	easy	30.0	0.007	108284	700	275	422	147	3	44.45	44.45	44.45
juego1	easy	30.0	0.007	108292	700	275	422	147	3	44.45	44.45	44.45
juego1	easy	30.0	0.007	108301	700	275	422	147	3	44.45	44.45	44.45
juego1	easy	30.0	0.007	108309	700	274	422	148	3	44.45	44.45	44.45
juego1	easy	30.0	0.007	108318	700	274	422	148	3	44.45	44.45	44.45
juego1	easy	30.0	0.007	108325	700	273	422	149	3	44.45	44.45	44.45
juego1	easy	30.0	0.007	108333	700	273	422	149	3	44.45	44.45	44.45
juego1	easy	30.0	0.007	108342	700	273	421	148	3	44.46	44.46	44.46
juego1	easy	30.0	0.007	108351	700	272	421	149	3	44.46	44.46	44.46
juego1	easy	30.0	0.007	108359	700	272	421	149	3	44.46	44.46	44.46
juego1	easy	30.0	0.007	108368	700	272	422	150	3	44.45	44.45	44.45
juego1	easy	30.0	0.007	108376	700	271	422	151	3	44.45	44.45	44.45
juego1	easy	30.0	0.007	108384	700	271	422	151	3	44.45	44.45	44.45
juego1	easy	30.0	0.007	108393	700	270	422	152	3	44.45	44.45	44.45
juego1	easy	30.0	0.007	108401	700	270	422	152	3	44.45	44.45	44.45
juego1	easy	30.0	0.007	108410	700	270	422	152	3	44.45	44.45	44.45
juego1	easy	30.0	0.007	108418	700	269	422	153	3	44.45	44.45	44.45
juego1	easy	30.0	0.007	108427	700	269	422	153	3	44.45	44.45	44.45
juego1	easy	30.0	0.007	108436	700	268	422	154	3	44.45	44.45	44.45
juego1	easy	30.0	0.007	108444	700	268	422	154	3	44.45	44.45	44.45
juego1	easy	30.0	0.007	108453	700	268	422	154	4	44.45	44.45	44.45
juego1	easy	20.0	0.006	108462	700	267	422	155	4	44.44	44.44	44.44
juego1	easy	20.0	0.006	108469	700	267	422	155	4	44.44	44.44	44.44
juego1	easy	20.0	0.006	108478	700	267	422	155	4	44.44	44.44	44.44
juego1	easy	20.0	0.006	108487	700	267	422	155	4	44.44	44.44	44.44
juego1	easy	20.0	0.006	108500	700	267	422	155	4	44.44	44.44	44.44
juego1	easy	20.0	0.006	108508	700	267	422	155	4	44.43	44.43	44.43
juego1	easy	20.0	0.006	108516	700	267	422	155	4	44.43	44.43	44.43
juego1	easy	20.0	0.006	108525	700	267	422	155	4	44.43	44.43	44.43
juego1	easy	20.0	0.006	108533	700	266	422	156	4	44.43	44.43	44.43
juego1	easy	20.0	0.006	108542	700	266	422	156	4	44.43	44.43	44.43
juego1	easy	20.0	0.006	108550	700	266	422	156	4	44.43	44.43	44.43
juego1	easy	20.0	0.006	108559	700	266	422	156	4	44.42	44.42	44.42
juego1	easy	20.0	0.006	108567	700	266	422	156	4	44.42	44.42	44.42
juego1	easy	20.0	0.006	108576	700	266	422	156	4	44.42	44.42	44.42
juego1	easy	20.0	0.006	108583	700	266	422	156	4	44.43	44.43	44.43
juego1	easy	20.0	0.006	108592	700	265	422	157	4	44.43	44.43	44.43
juego1	easy	20.0	0.006	108601	700	265	422	157	4	44.43	44.43	44.43
juego1	easy	20.0	0.006	108610	700	265	422	157	4	44.43	44.43	44.43
juego1	easy	20.0	0.006	108618	700	265	422	157	4	44.43	44.43	44.43
juego1	easy	20.0	0.006	108627	700	265	422	157	4	44.42	44.42	44.42
juego1	easy	20.0	0.006	108636	700	265	422	157	4	44.42	44.42	44.42
juego1	easy	20.0	0.006	108643	700	265	422	157	4	44.42	44.42	44.42
juego1	easy	20.0	0.006	108652	700	264	422	158	4	44.42	44.42	44.42
juego1	easy	20.0	0.006	108660	700	264	422	158	4	44.42	44.42	44.42
juego1	easy	20.0	0.006	108669	700	264	422	158	4	44.42	44.42	44.42
juego1	easy	20.0	0.006	108677	700	264	422	158	4	44.42	44.42	44.42
juego1	easy	20.0	0.006	108686	700	264	422	158	4	44.42	44.42	44.42
juego1	easy	20.0	0.006	108694	700	264	422	158	4	44.42	44.42	44.42
juego1	easy	20.0	0.006	108703	700	264	422	158	4	44.42	44.42	44.42
juego1	easy	20.0	0.006	108712	700	263	422	159	4	44.42	44.42	44.42
juego1	easy	20.0	0.006	108720	700	263	422	159	4	44.41	44.41	44.41
juego1	easy	20.0	0.006	108728	700	263	422	159	4	44.41	44.41	44.41
juego1	easy	20.0	0.006	108737	700	263	422	159	4	44.41	44.41	44.41
juego1	easy	20.0	0.006	108746	700	263	422	159	4	44.41	44.41	44.41
juego1	easy	20.0	0.006	108754	700	263	422	159	4	44.41	44.41	44.41
juego1	easy	20.0	0.006	108763	700	263	422	159	4	44.41	44.41	44.41
juego1	easy	20.0	0.006	108772	700	262	422	160	4	44.41	44.41	44.41
juego1	easy	20.0	0.006	108780	700	262	422	160	4	44.41	44.41	44.41
juego1	easy	20.0	0.006	108788	700	262	422	160	4	44.4	44.4	44.4
juego1	easy	20.0	0.006	108797	700	262	422	160	4	44.4	44.4	44.4
juego1	easy	20.0	0.006	108805	700	262	422	160	4	44.4	44.4	44.4
juego1	easy	20.0	0.006	108814	700	262	422	160	4	44.4	44.4	44.4
juego1	easy	20.0	0.006	108822	700	262	422	160	4	44.4	44.4	44.4
juego1	easy	20.0	0.006	108831	700	262	422	160	4	44.4	44.4	44.4
juego1	easy	20.0	0.006	108838	700	261	422	161	4	44.4	44.4	44.4
juego1	easy	20.0	0.006	108847	700	261	422	161	4	44.4	44.4	44.4
juego1	easy	20.0	0.006	108856	700	261	422	161	4	44.4	44.4	44.4
juego1	easy	20.0	0.006	108864	700	261	422	161	4	44.4	44.4	44.4
juego1	easy	20.0	0.006	108873	700	261	422	161	4	44.4	44.4	44.4
juego1	easy	20.0	0.006	108881	700	261	422	161	4	44.4	44.4	44.4
juego1	easy	20.0	0.006	108890	700	261	422	161	4	44.4	44.4	44.4
juego1	easy	20.0	0.006	108898	700	260	422	162	4	44.4	44.4	44.4
juego1	easy	20.0	0.006	108907	700	260	422	162	4	44.4	44.4	44.4
juego1	easy	20.0	0.006	108915	700	260	422	162	4	44.4	44.4	44.4
juego1	easy	20.0	0.006	108923	700	260	422	162	4	44.4	44.4	44.4
juego1	easy	20.0	0.006	108932	700	260	422	162	4	44.4	44.4	44.4
juego1	easy	20.0	0.006	108939	700	260	422	162	4	44.4	44.4	44.4
juego1	easy	20.0	0.006	108948	700	260	422	162	4	44.39	44.39	44.39
juego1	easy	20.0	0.006	108956	700	260	422	162	4	44.39	44.39	44.39
juego1	easy	20.0	0.006	108964	700	259	422	163	4	44.39	44.39	44.39
juego1	easy	20.0	0.006	108973	700	259	422	163	4	44.39	44.39	44.39
juego1	easy	20.0	0.006	108982	700	259	422	163	4	44.4	44.4	44.4
juego1	easy	20.0	0.006	108990	700	259	422	163	4	44.39	44.39	44.39
juego1	easy	20.0	0.006	108998	700	259	422	163	4	44.39	44.39	44.39
juego1	easy	20.0	0.006	109007	700	259	422	163	4	44.39	44.39	44.39
juego1	easy	20.0	0.006	109016	700	259	422	163	4	44.39	44.39	44.39
juego1	easy	20.0	0.006	109024	700	258	422	164	4	44.39	44.39	44.39
juego1	easy	20.0	0.006	109034	700	258	422	164	4	44.38	44.38	44.38
juego1	easy	20.0	0.006	109042	700	258	422	164	4	44.38	44.38	44.38
juego1	easy	20.0	0.006	109051	700	258	422	164	4	44.38	44.38	44.38
juego1	easy	20.0	0.006	109059	700	258	422	164	4	44.38	44.38	44.38
juego1	easy	20.0	0.006	109069	700	258	422	164	4	44.38	44.38	44.38
juego1	easy	20.0	0.006	109076	700	258	422	164	4	44.38	44.38	44.38
juego1	easy	20.0	0.006	109084	700	258	422	164	4	44.38	44.38	44.38
juego1	easy	20.0	0.006	109093	700	257	422	165	4	44.35	44.35	44.35
juego1	easy	20.0	0.006	109101	700	257	422	165	4	44.34	44.34	44.34
juego1	easy	20.0	0.006	109110	700	257	422	165	4	44.34	44.34	44.34
juego1	easy	20.0	0.006	109119	700	257	422	165	4	44.37	44.37	44.37
juego1	easy	20.0	0.006	109126	700	257	422	165	4	44.36	44.36	44.36
juego1	easy	20.0	0.006	109135	700	257	422	165	4	44.34	44.34	44.34
juego1	easy	20.0	0.006	109144	700	257	422	165	4	44.34	44.34	44.34
juego1	easy	20.0	0.006	109152	700	257	422	165	4	44.34	44.34	44.34
juego1	easy	20.0	0.006	109160	700	256	422	166	4	44.34	44.34	44.34
juego1	easy	20.0	0.006	109169	700	256	422	166	4	44.35	44.35	44.35
juego1	easy	20.0	0.006	109179	700	256	422	166	4	44.34	44.34	44.34
juego1	easy	20.0	0.006	109186	700	256	422	166	4	44.34	44.34	44.34
juego1	easy	20.0	0.006	109195	700	256	422	166	4	44.34	44.34	44.34
juego1	easy	20.0	0.006	109203	700	256	422	166	4	44.34	44.34	44.34
juego1	easy	20.0	0.006	109212	700	256	422	166	4	44.34	44.34	44.34
juego1	easy	20.0	0.006	109221	700	256	422	166	4	44.34	44.34	44.34
juego1	easy	20.0	0.006	109229	700	255	422	167	4	44.34	44.34	44.34
juego1	easy	20.0	0.006	109239	700	255	422	167	4	44.34	44.34	44.34
juego1	easy	20.0	0.006	109247	700	255	422	167	4	44.35	44.35	44.35
juego1	easy	20.0	0.006	109255	700	255	422	167	4	44.34	44.34	44.34
juego1	easy	20.0	0.006	109264	700	255	422	167	4	44.34	44.34	44.34
juego1	easy	20.0	0.006	109273	700	255	422	167	4	44.34	44.34	44.34
juego1	easy	20.0	0.006	109281	700	255	422	167	4	44.34	44.34	44.34
juego1	easy	20.0	0.006	109290	700	255	422	167	4	44.34	44.34	44.34
juego1	easy	20.0	0.006	109297	700	255	422	167	4	44.34	44.34	44.34
juego1	easy	20.0	0.006	109306	700	254	422	168	4	44.34	44.34	44.34
juego1	easy	20.0	0.006	109314	700	254	422	168	4	44.34	44.34	44.34
juego1	easy	20.0	0.006	109323	700	254	422	168	4	44.34	44.34	44.34
juego1	easy	20.0	0.006	109331	700	254	422	168	4	44.34	44.34	44.34
juego1	easy	20.0	0.006	109339	700	254	422	168	4	44.34	44.34	44.34
juego1	easy	20.0	0.006	109348	700	254	422	168	4	44.34	44.34	44.34
juego1	easy	20.0	0.006	109355	700	254	422	168	4	44.34	44.34	44.34
juego1	easy	20.0	0.006	109364	700	254	422	168	4	44.34	44.34	44.34
juego1	easy	20.0	0.006	109372	700	253	422	169	4	44.34	44.34	44.34
juego1	easy	20.0	0.006	109380	700	253	422	169	4	44.34	44.34	44.34
juego1	easy	20.0	0.006	109389	700	253	422	169	4	44.34	44.34	44.34
juego1	easy	20.0	0.006	109397	700	253	422	169	4	44.34	44.34	44.34
juego1	easy	20.0	0.006	109405	700	253	422	169	4	44.34	44.34	44.34
juego1	easy	20.0	0.006	109414	700	253	422	169	4	44.34	44.34	44.34
juego1	easy	20.0	0.006	109422	700	253	422	169	4	44.34	44.34	44.34
juego1	easy	20.0	0.006	109431	700	253	422	169	4	44.34	44.34	44.34
juego1	easy	20.0	0.006	109439	700	253	422	169	4	44.33	44.33	44.33
juego1	easy	20.0	0.006	109447	700	252	422	170	4	44.33	44.33	44.33
juego1	easy	20.0	0.006	109455	700	252	422	170	4	44.33	44.33	44.33
juego1	easy	20.0	0.006	109464	700	252	422	170	4	44.33	44.33	44.33
juego1	easy	20.0	0.006	109472	700	252	422	170	4	44.33	44.33	44.33
juego1	easy	20.0	0.006	109480	700	252	422	170	4	44.33	44.33	44.33
juego1	easy	20.0	0.006	109488	700	252	422	170	4	44.33	44.33	44.33
juego1	easy	20.0	0.006	109497	700	252	422	170	4	44.33	44.33	44.33
juego1	easy	20.0	0.006	109506	700	252	422	170	4	44.32	44.32	44.32
juego1	easy	20.0	0.006	109515	700	252	422	170	4	44.32	44.32	44.32
juego1	easy	20.0	0.006	109524	700	252	422	170	4	44.32	44.32	44.32
juego1	easy	20.0	0.006	109533	700	251	422	171	4	44.32	44.32	44.32
juego1	easy	20.0	0.006	109542	700	251	422	171	4	44.32	44.32	44.32
juego1	easy	20.0	0.006	109551	700	251	422	171	4	44.32	44.32	44.32
juego1	easy	20.0	0.006	109559	700	251	422	171	4	44.32	44.32	44.32
juego1	easy	20.0	0.006	109567	700	251	422	171	4	44.32	44.32	44.32
juego1	easy	20.0	0.006	109575	700	251	422	171	4	44.32	44.32	44.32
juego1	easy	20.0	0.006	109583	700	251	422	171	4	44.32	44.32	44.32
juego1	easy	20.0	0.006	109592	700	251	422	171	4	44.32	44.32	44.32
juego1	easy	20.0	0.006	109601	700	251	422	171	4	44.32	44.32	44.32
juego1	easy	20.0	0.006	109609	700	251	422	171	4	44.32	44.32	44.32
juego1	easy	20.0	0.006	109617	700	250	422	172	4	44.32	44.32	44.32
juego1	easy	20.0	0.006	109626	700	250	422	172	4	44.32	44.32	44.32
juego1	easy	20.0	0.006	109635	700	250	422	172	4	44.32	44.32	44.32
juego1	easy	20.0	0.006	109644	700	250	422	172	4	44.32	44.32	44.32
juego1	easy	20.0	0.006	109652	700	250	422	172	4	44.32	44.32	44.32
juego1	easy	20.0	0.006	109661	700	250	422	172	4	44.32	44.32	44.32
juego1	easy	20.0	0.006	109670	700	250	422	172	4	44.32	44.32	44.32
juego1	easy	20.0	0.006	109679	700	250	422	172	4	44.32	44.32	44.32
juego1	easy	20.0	0.006	109687	700	250	422	172	4	44.32	44.32	44.32
juego1	easy	20.0	0.006	109696	700	250	422	172	4	44.31	44.31	44.31
juego1	easy	20.0	0.006	109705	700	250	422	172	4	44.32	44.32	44.32
juego1	easy	20.0	0.006	109714	700	249	422	173	4	44.32	44.32	44.32
juego1	easy	20.0	0.006	109724	700	249	422	173	4	44.32	44.32	44.32
juego1	easy	20.0	0.006	109732	700	249	422	173	4	44.31	44.31	44.31
juego1	easy	20.0	0.006	109741	700	249	422	173	4	44.31	44.31	44.31
juego1	easy	20.0	0.006	109750	700	249	422	173	4	44.31	44.31	44.31
juego1	easy	20.0	0.006	109758	700	249	422	173	4	44.31	44.31	44.31
juego1	easy	20.0	0.006	109767	700	249	422	173	4	44.31	44.31	44.31
juego1	easy	20.0	0.006	109775	700	249	422	173	4	44.31	44.31	44.31
juego1	easy	20.0	0.006	109783	700	249	422	173	4	44.31	44.31	44.31
juego1	easy	20.0	0.006	109791	700	249	422	173	4	44.31	44.31	44.31
juego1	easy	20.0	0.006	109800	700	249	422	173	4	44.31	44.31	44.31
juego1	easy	20.0	0.006	109808	700	248	422	174	4	44.31	44.31	44.31
juego1	easy	20.0	0.006	109817	700	248	422	174	4	44.31	44.31	44.31
juego1	easy	20.0	0.006	109825	700	248	422	174	4	44.31	44.31	44.31
juego1	easy	20.0	0.006	109833	700	248	422	174	4	44.31	44.31	44.31
juego1	easy	20.0	0.006	109841	700	248	422	174	4	44.31	44.31	44.31
juego1	easy	20.0	0.006	109850	700	248	422	174	4	44.31	44.31	44.31
juego1	easy	20.0	0.006	109858	700	248	422	174	4	44.31	44.31	44.31
juego1	easy	20.0	0.006	109866	700	248	422	174	4	44.31	44.31	44.31
juego1	easy	20.0	0.006	109875	700	248	422	174	4	44.31	44.31	44.31
juego1	easy	20.0	0.006	109883	700	248	422	174	4	44.31	44.31	44.31
juego1	easy	20.0	0.006	109892	700	248	422	174	4	44.3	44.3	44.3
juego1	easy	20.0	0.006	109900	700	248	422	174	4	44.3	44.3	44.3
juego1	easy	20.0	0.006	109909	700	248	422	174	4	44.3	44.3	44.3
juego1	easy	20.0	0.006	109917	700	247	422	175	4	44.3	44.3	44.3
juego1	easy	20.0	0.006	109926	700	247	422	175	4	44.3	44.3	44.3
juego1	easy	20.0	0.006	109935	700	247	422	175	4	44.3	44.3	44.3
juego1	easy	20.0	0.006	109943	700	247	422	175	4	44.3	44.3	44.3
juego1	easy	20.0	0.006	109952	700	247	422	175	4	44.3	44.3	44.3
juego1	easy	20.0	0.006	109960	700	247	422	175	4	44.3	44.3	44.3
juego1	easy	20.0	0.006	109968	700	247	422	175	4	44.3	44.3	44.3
juego1	easy	20.0	0.006	109977	700	247	422	175	4	44.28	44.28	44.28
juego1	easy	20.0	0.006	109986	700	247	422	175	4	44.33	44.33	44.33
juego1	easy	20.0	0.006	109994	700	247	422	175	4	44.31	44.31	44.31
juego1	easy	20.0	0.006	110003	700	247	422	175	4	44.25	44.25	44.25
juego1	easy	20.0	0.006	110012	700	247	422	175	4	44.23	44.23	44.23
juego1	easy	20.0	0.006	110021	700	247	422	175	4	44.3	44.3	44.3
juego1	easy	20.0	0.006	110029	700	247	422	175	4	44.32	44.32	44.32
juego1	easy	20.0	0.006	110037	700	247	422	175	4	44.3	44.3	44.3
juego1	easy	20.0	0.006	110046	700	246	422	176	4	44.26	44.26	44.26
juego1	easy	20.0	0.006	110055	700	246	422	176	4	44.28	44.28	44.28
juego1	easy	20.0	0.006	110062	700	246	422	176	4	44.29	44.29	44.29
juego1	easy	20.0	0.006	110071	700	246	422	176	4	44.28	44.28	44.28
juego1	easy	20.0	0.006	110079	700	246	422	176	4	44.26	44.26	44.26
juego1	easy	20.0	0.006	110088	700	246	422	176	4	44.27	44.27	44.27
juego1	easy	20.0	0.006	110097	700	246	422	176	4	44.28	44.28	44.28
juego1	easy	20.0	0.006	110105	700	246	422	176	4	44.28	44.28	44.28
juego1	easy	20.0	0.006	110113	700	246	422	176	4	44.26	44.26	44.26
juego1	easy	20.0	0.006	110122	700	246	422	176	4	44.26	44.26	44.26
juego1	easy	20.0	0.006	110131	700	246	422	176	4	44.28	44.28	44.28
juego1	easy	20.0	0.006	110138	700	246	422	176	4	44.29	44.29	44.29
juego1	easy	20.0	0.006	110147	700	246	422	176	4	44.27	44.27	44.27
juego1	easy	20.0	0.006	110155	700	246	422	176	4	44.26	44.26	44.26
juego1	easy	20.0	0.006	110164	700	246	422	176	4	44.26	44.26	44.26
juego1	easy	20.0	0.006	110171	700	246	422	176	4	44.28	44.28	44.28
juego1	easy	20.0	0.006	110180	700	246	422	176	4	44.26	44.26	44.26
juego1	easy	20.0	0.006	110188	700	246	422	176	4	44.26	44.26	44.26
juego1	easy	20.0	0.006	110197	700	245	422	177	4	44.26	44.26	44.26
juego1	easy	20.0	0.006	110205	700	245	422	177	4	44.28	44.28	44.28
juego1	easy	20.0	0.006	110214	700	245	422	177	4	44.28	44.28	44.28
juego1	easy	20.0	0.006	110222	700	245	422	177	4	44.26	44.26	44.26
juego1	easy	20.0	0.006	110230	700	245	422	177	4	44.26	44.26	44.26
juego1	easy	20.0	0.006	110239	700	245	422	177	4	44.27	44.27	44.27
juego1	easy	20.0	0.006	110248	700	245	422	177	4	44.27	44.27	44.27
juego1	easy	20.0	0.006	110256	700	245	422	177	4	44.26	44.26	44.26
juego1	easy	20.0	0.006	110265	700	245	422	177	4	44.26	44.26	44.26
juego1	easy	20.0	0.006	110274	700	245	422	177	4	44.26	44.26	44.26
juego1	easy	20.0	0.006	110282	700	245	422	177	4	44.27	44.27	44.27
juego1	easy	20.0	0.006	110291	700	245	422	177	4	44.26	44.26	44.26
juego1	easy	20.0	0.006	110299	700	245	422	177	4	44.26	44.26	44.26
juego1	easy	20.0	0.006	110308	700	245	422	177	4	44.26	44.26	44.26
juego1	easy	20.0	0.006	110317	700	245	422	177	4	44.27	44.27	44.27
juego1	easy	20.0	0.006	110326	700	245	422	177	4	44.26	44.26	44.26
juego1	easy	20.0	0.006	110334	700	245	422	177	4	44.26	44.26	44.26
juego1	easy	20.0	0.006	110342	700	245	422	177	4	44.26	44.26	44.26
juego1	easy	20.0	0.006	110351	700	245	422	177	4	44.26	44.26	44.26
juego1	easy	20.0	0.006	110358	700	245	422	177	4	44.26	44.26	44.26
juego1	easy	20.0	0.006	110367	700	245	422	177	4	44.26	44.26	44.26
juego1	easy	20.0	0.006	110376	700	245	422	177	4	44.26	44.26	44.26
juego1	easy	20.0	0.006	110383	700	245	422	177	4	44.26	44.26	44.26
juego1	easy	20.0	0.006	110393	700	245	422	177	4	44.26	44.26	44.26
juego1	easy	20.0	0.006	110401	700	245	422	177	4	44.25	44.25	44.25
juego1	easy	20.0	0.006	110410	700	245	422	177	4	44.25	44.25	44.25
juego1	easy	20.0	0.006	110419	700	245	422	177	4	44.26	44.26	44.26
juego1	easy	20.0	0.006	110428	700	244	422	178	4	44.24	44.24	44.24
juego1	easy	20.0	0.006	110436	700	244	422	178	4	44.24	44.24	44.24
juego1	easy	20.0	0.006	110444	700	244	422	178	4	44.24	44.24	44.24
juego1	easy	20.0	0.006	110453	700	244	422	178	4	44.23	44.23	44.23
juego1	easy	20.0	0.006	110462	700	244	422	178	4	44.24	44.24	44.24
juego1	easy	20.0	0.006	110471	700	244	422	178	4	44.23	44.23	44.23
juego1	easy	20.0	0.006	110480	700	244	422	178	4	44.23	44.23	44.23
juego1	easy	20.0	0.006	110488	700	244	422	178	4	44.23	44.23	44.23
juego1	easy	20.0	0.006	110496	700	244	422	178	4	44.22	44.22	44.22
juego1	easy	20.0	0.006	110505	700	244	422	178	4	44.22	44.22	44.22
juego1	easy	20.0	0.006	110515	700	244	422	178	4	44.23	44.23	44.23
juego1	easy	20.0	0.006	110525	700	244	422	178	4	44.23	44.23	44.23
juego1	easy	20.0	0.006	110532	700	244	422	178	4	44.23	44.23	44.23
juego1	easy	20.0	0.006	110541	700	244	422	178	4	44.23	44.23	44.23
juego1	easy	20.0	0.006	110549	700	244	422	178	4	44.23	44.23	44.23
juego1	easy	20.0	0.006	110558	700	244	422	178	4	44.24	44.24	44.24
juego1	easy	20.0	0.006	110567	700	244	422	178	4	44.23	44.23	44.23
juego1	easy	20.0	0.006	110575	700	244	422	178	4	44.23	44.23	44.23
juego1	easy	20.0	0.006	110583	700	244	422	178	4	44.22	44.22	44.22
juego1	easy	20.0	0.006	110592	700	244	422	178	4	44.23	44.23	44.23
juego1	easy	20.0	0.006	110601	700	244	422	178	4	44.23	44.23	44.23
juego1	easy	20.0	0.006	110608	700	244	422	178	4	44.23	44.23	44.23
juego1	easy	20.0	0.006	110617	700	244	422	178	4	44.22	44.22	44.22
juego1	easy	20.0	0.006	110626	700	244	422	178	4	44.22	44.22	44.22
juego1	easy	20.0	0.006	110635	700	244	422	178	4	44.22	44.22	44.22
juego1	easy	20.0	0.006	110643	700	244	422	178	4	44.22	44.22	44.22
juego1	easy	20.0	0.006	110651	700	244	422	178	4	44.22	44.22	44.22
juego1	easy	20.0	0.006	110659	700	244	422	178	4	44.22	44.22	44.22
juego1	easy	20.0	0.006	110668	700	244	422	178	4	44.22	44.22	44.22
juego1	easy	20.0	0.006	110677	700	244	422	178	4	44.22	44.22	44.22
juego1	easy	20.0	0.006	110685	700	244	422	178	4	44.22	44.22	44.22
juego1	easy	20.0	0.006	110693	700	244	422	178	4	44.22	44.22	44.22
juego1	easy	20.0	0.006	110702	700	244	422	178	4	44.22	44.22	44.22
juego1	easy	20.0	0.006	110709	700	244	422	178	4	44.23	44.23	44.23
juego1	easy	20.0	0.006	110718	700	244	422	178	4	44.23	44.23	44.23
juego1	easy	20.0	0.006	110727	700	244	422	178	4	44.22	44.22	44.22
juego1	easy	20.0	0.006	110735	700	244	422	178	4	44.22	44.22	44.22
juego1	easy	20.0	0.006	110744	700	244	422	178	4	44.23	44.23	44.23
juego1	easy	20.0	0.006	110752	700	244	422	178	4	44.22	44.22	44.22
juego1	easy	20.0	0.006	110760	700	244	422	178	4	44.22	44.22	44.22
juego1	easy	20.0	0.006	110769	700	244	422	178	4	44.22	44.22	44.22
juego1	easy	20.0	0.006	110778	700	244	422	178	4	44.21	44.21	44.21
juego1	easy	20.0	0.006	110787	700	244	422	178	4	44.22	44.22	44.22
juego1	easy	20.0	0.006	110805	700	244	422	178	4	44.22	44.22	44.22
juego1	easy	20.0	0.006	110806	700	244	422	178	4	44.21	44.21	44.21
juego1	easy	20.0	0.006	110815	700	244	422	178	4	44.21	44.21	44.21
juego1	easy	20.0	0.006	110823	700	244	422	178	4	44.22	44.22	44.22
juego1	easy	20.0	0.006	110832	700	244	422	178	4	44.21	44.21	44.21
juego1	easy	20.0	0.006	110839	700	244	422	178	4	44.21	44.21	44.21
juego1	easy	20.0	0.006	110848	700	244	422	178	4	44.21	44.21	44.21
juego1	easy	20.0	0.006	110857	700	244	422	178	4	44.21	44.21	44.21
juego1	easy	20.0	0.006	110865	700	244	422	178	4	44.21	44.21	44.21
juego1	easy	20.0	0.006	110873	700	244	422	178	4	44.21	44.21	44.21
juego1	easy	20.0	0.006	110882	700	244	422	178	4	44.21	44.21	44.21
juego1	easy	20.0	0.006	110891	700	244	422	178	4	44.21	44.21	44.21
juego1	easy	20.0	0.006	110907	700	244	422	178	4	44.22	44.22	44.22
juego1	easy	20.0	0.006	110909	700	244	422	178	4	44.21	44.21	44.21
juego1	easy	20.0	0.006	110918	700	244	422	178	4	44.21	44.21	44.21
juego1	easy	20.0	0.006	110927	700	244	422	178	4	44.21	44.21	44.21
juego1	easy	20.0	0.006	110935	700	244	422	178	4	44.21	44.21	44.21
juego1	easy	20.0	0.006	110944	700	244	422	178	4	44.21	44.21	44.21
juego1	easy	20.0	0.006	110953	700	244	422	178	4	44.21	44.21	44.21
juego1	easy	20.0	0.006	110961	700	245	422	177	4	44.21	44.21	44.21
juego1	easy	20.0	0.006	110969	700	245	422	177	4	44.21	44.21	44.21
juego1	easy	20.0	0.006	110977	700	245	422	177	4	44.21	44.21	44.21
juego1	easy	20.0	0.006	110986	700	245	422	177	4	44.2	44.2	44.2
juego1	easy	20.0	0.006	110994	700	245	422	177	4	44.2	44.2	44.2
juego1	easy	20.0	0.006	111002	700	245	422	177	4	44.21	44.21	44.21
juego1	easy	20.0	0.006	111011	700	245	422	177	4	44.21	44.21	44.21
juego1	easy	20.0	0.006	111019	700	245	422	177	4	44.21	44.21	44.21
juego1	easy	20.0	0.006	111028	700	245	422	177	4	44.21	44.21	44.21
juego1	easy	20.0	0.006	111037	700	245	422	177	4	44.21	44.21	44.21
juego1	easy	20.0	0.006	111044	700	245	422	177	4	44.21	44.21	44.21
juego1	easy	20.0	0.006	111053	700	245	422	177	4	44.21	44.21	44.21
juego1	easy	20.0	0.006	111061	700	245	422	177	4	44.2	44.2	44.2
juego1	easy	20.0	0.006	111069	700	245	422	177	4	44.21	44.21	44.21
juego1	easy	20.0	0.006	111078	700	245	422	177	4	44.21	44.21	44.21
juego1	easy	20.0	0.006	111085	700	245	422	177	4	44.2	44.2	44.2
juego1	easy	20.0	0.006	111094	700	245	422	177	4	44.19	44.19	44.19
juego1	easy	20.0	0.006	111103	700	245	422	177	4	44.2	44.2	44.2
juego1	easy	20.0	0.006	111112	700	245	422	177	4	44.2	44.2	44.2
juego1	easy	20.0	0.006	111120	700	245	422	177	4	44.19	44.19	44.19
juego1	easy	20.0	0.006	111129	700	245	422	177	4	44.2	44.2	44.2
juego1	easy	20.0	0.006	111137	700	245	422	177	4	44.2	44.2	44.2
juego1	easy	20.0	0.006	111146	700	245	422	177	4	44.2	44.2	44.2
juego1	easy	20.0	0.006	111155	700	245	422	177	4	44.2	44.2	44.2
juego1	easy	20.0	0.006	111164	700	245	422	177	4	44.19	44.19	44.19
juego1	easy	20.0	0.006	111171	700	245	422	177	4	44.2	44.2	44.2
juego1	easy	20.0	0.006	111179	700	245	422	177	4	44.2	44.2	44.2
juego1	easy	20.0	0.006	111189	700	246	422	176	4	44.19	44.19	44.19
juego1	easy	20.0	0.006	111197	700	246	422	176	4	44.19	44.19	44.19
juego1	easy	20.0	0.006	111205	700	246	422	176	4	44.19	44.19	44.19
juego1	easy	20.0	0.006	111213	700	246	422	176	4	44.2	44.2	44.2
juego1	easy	20.0	0.006	111221	700	246	422	176	4	44.2	44.2	44.2
juego1	easy	20.0	0.006	111230	700	246	422	176	4	44.2	44.2	44.2
juego1	easy	20.0	0.006	111239	700	246	422	176	4	44.2	44.2	44.2
juego1	easy	20.0	0.006	111249	700	246	422	176	4	44.2	44.2	44.2
juego1	easy	20.0	0.006	111256	700	246	422	176	4	44.2	44.2	44.2
juego1	easy	20.0	0.006	111264	700	246	422	176	4	44.19	44.19	44.19
juego1	easy	20.0	0.006	111273	700	246	422	176	4	44.19	44.19	44.19
juego1	easy	20.0	0.006	111282	700	246	422	176	4	44.19	44.19	44.19
juego1	easy	20.0	0.006	111291	700	246	422	176	4	44.19	44.19	44.19
juego1	easy	20.0	0.006	111299	700	246	422	176	4	44.19	44.19	44.19
juego1	easy	20.0	0.006	111308	700	246	422	176	4	44.19	44.19	44.19
juego1	easy	20.0	0.006	111316	700	246	422	176	4	44.19	44.19	44.19
juego1	easy	20.0	0.006	111325	700	246	422	176	4	44.2	44.2	44.2
juego1	easy	20.0	0.006	111333	700	246	422	176	4	44.19	44.19	44.19
juego1	easy	20.0	0.006	111342	700	247	422	175	4	44.2	44.2	44.2
juego1	easy	20.0	0.006	111350	700	247	422	175	4	44.19	44.19	44.19
juego1	easy	20.0	0.006	111359	700	247	422	175	4	44.2	44.2	44.2
juego1	easy	20.0	0.006	111368	700	247	422	175	4	44.2	44.2	44.2
juego1	easy	20.0	0.006	111376	700	247	422	175	4	44.19	44.19	44.19
juego1	easy	20.0	0.006	111384	700	247	422	175	4	44.19	44.19	44.19
juego1	easy	20.0	0.006	111392	700	247	422	175	4	44.19	44.19	44.19
juego1	easy	20.0	0.006	111400	700	247	422	175	4	44.2	44.2	44.2
juego1	easy	20.0	0.006	111409	700	247	422	175	4	44.19	44.19	44.19
juego1	easy	20.0	0.006	111417	700	247	422	175	4	44.2	44.2	44.2
juego1	easy	20.0	0.006	111426	700	247	422	175	4	44.19	44.19	44.19
juego1	easy	20.0	0.006	111435	700	247	422	175	4	44.2	44.2	44.2
juego1	easy	20.0	0.006	111443	700	247	422	175	4	44.2	44.2	44.2
juego1	easy	20.0	0.006	111451	700	247	422	175	4	44.2	44.2	44.2
juego1	easy	20.0	0.006	111460	700	247	422	175	4	44.2	44.2	44.2
juego1	easy	20.0	0.006	111470	700	248	422	174	4	44.2	44.2	44.2
juego1	easy	20.0	0.006	111478	700	248	422	174	4	44.2	44.2	44.2
juego1	easy	20.0	0.006	111486	700	248	422	174	4	44.19	44.19	44.19
juego1	easy	20.0	0.006	111495	700	248	422	174	4	44.2	44.2	44.2
juego1	easy	20.0	0.006	111504	700	248	422	174	4	44.2	44.2	44.2
juego1	easy	20.0	0.006	111514	700	248	422	174	4	44.2	44.2	44.2
juego1	easy	20.0	0.006	111522	700	248	422	174	4	44.19	44.19	44.19
juego1	easy	20.0	0.006	111531	700	248	422	174	4	44.19	44.19	44.19
juego1	easy	20.0	0.006	111540	700	248	422	174	4	44.19	44.19	44.19
juego1	easy	20.0	0.006	111549	700	248	422	174	4	44.19	44.19	44.19
juego1	easy	20.0	0.006	111558	700	248	422	174	4	44.19	44.19	44.19
juego1	easy	20.0	0.006	111567	700	248	422	174	4	44.19	44.19	44.19
juego1	easy	20.0	0.006	111576	700	248	422	174	4	44.19	44.19	44.19
juego1	easy	20.0	0.006	111585	700	249	422	173	4	44.19	44.19	44.19
juego1	easy	20.0	0.006	111595	700	249	422	173	4	44.19	44.19	44.19
juego1	easy	20.0	0.006	111602	700	249	422	173	4	44.19	44.19	44.19
juego1	easy	20.0	0.006	111610	700	249	422	173	4	44.19	44.19	44.19
juego1	easy	20.0	0.006	111618	700	249	422	173	4	44.19	44.19	44.19
juego1	easy	20.0	0.006	111626	700	249	422	173	4	44.19	44.19	44.19
juego1	easy	20.0	0.006	111634	700	249	422	173	4	44.19	44.19	44.19
juego1	easy	20.0	0.006	111643	700	249	422	173	4	44.19	44.19	44.19
juego1	easy	20.0	0.006	111651	700	249	422	173	4	44.19	44.19	44.19
juego1	easy	20.0	0.006	111659	700	249	422	173	4	44.19	44.19	44.19
juego1	easy	20.0	0.006	111667	700	249	422	173	4	44.19	44.19	44.19
juego1	easy	20.0	0.006	111676	700	249	422	173	4	44.19	44.19	44.19
juego1	easy	20.0	0.006	111685	700	250	422	172	4	44.19	44.19	44.19
juego1	easy	20.0	0.006	111693	700	250	422	172	4	44.19	44.19	44.19
juego1	easy	20.0	0.006	111702	700	250	422	172	4	44.19	44.19	44.19
juego1	easy	20.0	0.006	111710	700	250	422	172	4	44.19	44.19	44.19
juego1	easy	20.0	0.006	111720	700	250	422	172	4	44.19	44.19	44.19
juego1	easy	20.0	0.006	111728	700	250	422	172	4	44.19	44.19	44.19
juego1	easy	20.0	0.006	111737	700	250	422	172	4	44.19	44.19	44.19
juego1	easy	20.0	0.006	111745	700	250	422	172	4	44.19	44.19	44.19
juego1	easy	20.0	0.006	111754	700	250	422	172	4	44.19	44.19	44.19
juego1	easy	20.0	0.006	111762	700	250	422	172	4	44.19	44.19	44.19
juego1	easy	20.0	0.006	111771	700	250	422	172	4	44.19	44.19	44.19
juego1	easy	20.0	0.006	111779	700	251	422	171	4	44.19	44.19	44.19
juego1	easy	20.0	0.006	111787	700	251	422	171	4	44.19	44.19	44.19
juego1	easy	20.0	0.006	111795	700	251	422	171	4	44.19	44.19	44.19
juego1	easy	20.0	0.006	111803	700	251	422	171	4	44.19	44.19	44.19
juego1	easy	20.0	0.006	111812	700	251	422	171	4	44.19	44.19	44.19
juego1	easy	20.0	0.006	111821	700	251	422	171	4	44.18	44.18	44.18
juego1	easy	20.0	0.006	111831	700	251	422	171	4	44.18	44.18	44.18
juego1	easy	20.0	0.006	111838	700	251	422	171	4	44.18	44.18	44.18
juego1	easy	20.0	0.006	111849	700	251	422	171	4	44.18	44.18	44.18
juego1	easy	20.0	0.006	111855	700	251	422	171	4	44.18	44.18	44.18
juego1	easy	20.0	0.006	111864	700	252	422	170	4	44.18	44.18	44.18
juego1	easy	20.0	0.006	111873	700	252	422	170	4	44.18	44.18	44.18
juego1	easy	20.0	0.006	111882	700	252	422	170	4	44.18	44.18	44.18
juego1	easy	20.0	0.006	111889	700	252	422	170	4	44.18	44.18	44.18
juego1	easy	20.0	0.006	111898	700	252	422	170	4	44.18	44.18	44.18
juego1	easy	20.0	0.006	111907	700	252	422	170	4	44.18	44.18	44.18
juego1	easy	20.0	0.006	111916	700	252	422	170	4	44.18	44.18	44.18
juego1	easy	20.0	0.006	111925	700	252	422	170	4	44.19	44.19	44.19
juego1	easy	20.0	0.006	111932	700	252	422	170	4	44.19	44.19	44.19
juego1	easy	20.0	0.006	111941	700	253	422	169	4	44.18	44.18	44.18
juego1	easy	20.0	0.006	111949	700	253	422	169	4	44.18	44.18	44.18
juego1	easy	20.0	0.006	111957	700	253	422	169	4	44.18	44.18	44.18
juego1	easy	20.0	0.006	111965	700	253	422	169	4	44.19	44.19	44.19
juego1	easy	20.0	0.006	111974	700	253	422	169	4	44.19	44.19	44.19
juego1	easy	20.0	0.006	111981	700	253	422	169	4	44.18	44.18	44.18
juego1	easy	20.0	0.006	111990	700	253	422	169	4	44.18	44.18	44.18
juego1	easy	20.0	0.006	111998	700	253	422	169	4	44.18	44.18	44.18
juego1	easy	20.0	0.006	112007	700	253	422	169	4	44.18	44.18	44.18
juego1	easy	20.0	0.006	112015	700	254	422	168	4	44.18	44.18	44.18
juego1	easy	20.0	0.006	112024	700	254	422	168	4	44.18	44.18	44.18
juego1	easy	20.0	0.006	112033	700	254	422	168	4	44.18	44.18	44.18
juego1	easy	20.0	0.006	112042	700	254	422	168	4	44.18	44.18	44.18
juego1	easy	20.0	0.006	112051	700	254	422	168	4	44.18	44.18	44.18
juego1	easy	20.0	0.006	112059	700	254	422	168	4	44.18	44.18	44.18
juego1	easy	20.0	0.006	112068	700	254	422	168	4	44.18	44.18	44.18
juego1	easy	20.0	0.006	112077	700	254	422	168	4	44.18	44.18	44.18
juego1	easy	20.0	0.006	112084	700	254	422	168	4	44.17	44.17	44.17
juego1	easy	20.0	0.006	112093	700	255	422	167	4	44.17	44.17	44.17
juego1	easy	20.0	0.006	112102	700	255	422	167	4	44.17	44.17	44.17
juego1	easy	20.0	0.006	112111	700	255	422	167	4	44.17	44.17	44.17
juego1	easy	20.0	0.006	112120	700	255	422	167	4	44.18	44.18	44.18
juego1	easy	20.0	0.006	112128	700	255	422	167	4	44.17	44.17	44.17
juego1	easy	20.0	0.006	112137	700	255	422	167	4	44.17	44.17	44.17
juego1	easy	20.0	0.006	112146	700	255	422	167	4	44.17	44.17	44.17
juego1	easy	20.0	0.006	112154	700	255	422	167	4	44.17	44.17	44.17
juego1	easy	20.0	0.006	112162	700	256	422	166	4	44.17	44.17	44.17
juego1	easy	20.0	0.006	112170	700	256	422	166	4	44.16	44.16	44.16
juego1	easy	20.0	0.006	112179	700	256	422	166	4	44.17	44.17	44.17
juego1	easy	20.0	0.006	112187	700	256	422	166	4	44.17	44.17	44.17
juego1	easy	20.0	0.006	112195	700	256	422	166	4	44.17	44.17	44.17
juego1	easy	20.0	0.006	112203	700	256	422	166	4	44.17	44.17	44.17
juego1	easy	20.0	0.006	112211	700	256	422	166	4	44.17	44.17	44.17
juego1	easy	20.0	0.006	112219	700	256	422	166	4	44.17	44.17	44.17
juego1	easy	20.0	0.006	112227	700	256	422	166	4	44.17	44.17	44.17
juego1	easy	20.0	0.006	112236	700	257	422	165	4	44.17	44.17	44.17
juego1	easy	20.0	0.006	112244	700	257	422	165	4	44.17	44.17	44.17
juego1	easy	20.0	0.006	112253	700	257	422	165	4	44.17	44.17	44.17
juego1	easy	20.0	0.006	112262	700	257	422	165	4	44.17	44.17	44.17
juego1	easy	20.0	0.006	112270	700	257	422	165	4	44.17	44.17	44.17
juego1	easy	20.0	0.006	112278	700	257	422	165	4	44.17	44.17	44.17
juego1	easy	20.0	0.006	112303	700	257	422	165	4	44.17	44.17	44.17
juego1	easy	20.0	0.006	112312	700	257	422	165	4	44.17	44.17	44.17
juego1	easy	20.0	0.006	112321	700	258	422	164	4	44.17	44.17	44.17
juego1	easy	20.0	0.006	112329	700	258	422	164	4	44.17	44.17	44.17
juego1	easy	20.0	0.006	112338	700	258	422	164	4	44.17	44.17	44.17
juego1	easy	20.0	0.006	112347	700	258	422	164	4	44.17	44.17	44.17
juego1	easy	20.0	0.006	112354	700	258	422	164	4	44.17	44.17	44.17
juego1	easy	20.0	0.006	112363	700	258	422	164	4	44.17	44.17	44.17
juego1	easy	20.0	0.006	112372	700	258	422	164	4	44.17	44.17	44.17
juego1	easy	20.0	0.006	112381	700	259	422	163	4	44.17	44.17	44.17
juego1	easy	20.0	0.006	112388	700	259	422	163	4	44.17	44.17	44.17
juego1	easy	20.0	0.006	112396	700	259	422	163	4	44.17	44.17	44.17
juego1	easy	20.0	0.006	112405	700	259	422	163	4	44.17	44.17	44.17
juego1	easy	20.0	0.006	112414	700	259	422	163	4	44.17	44.17	44.17
juego1	easy	20.0	0.006	112423	700	259	422	163	4	44.17	44.17	44.17
juego1	easy	20.0	0.006	112432	700	259	422	163	4	44.18	44.18	44.18
juego1	easy	20.0	0.006	112441	700	259	422	163	4	44.18	44.18	44.18
juego1	easy	20.0	0.006	112449	700	260	422	162	4	44.18	44.18	44.18
juego1	easy	20.0	0.006	112458	700	260	422	162	4	44.18	44.18	44.18
juego1	easy	20.0	0.006	112467	700	260	422	162	4	44.18	44.18	44.18
juego1	easy	20.0	0.006	112476	700	260	422	162	4	44.17	44.17	44.17
juego1	easy	20.0	0.006	112485	700	260	422	162	4	44.17	44.17	44.17
juego1	easy	20.0	0.006	112493	700	260	422	162	4	44.17	44.17	44.17
juego1	easy	20.0	0.006	112502	700	260	422	162	4	44.17	44.17	44.17
juego1	easy	20.0	0.006	112509	700	261	422	161	4	44.17	44.17	44.17
juego1	easy	20.0	0.006	112518	700	261	422	161	4	44.17	44.17	44.17
juego1	easy	20.0	0.006	112526	700	261	422	161	4	44.17	44.17	44.17
juego1	easy	20.0	0.006	112535	700	261	422	161	4	44.17	44.17	44.17
juego1	easy	20.0	0.006	112543	700	261	422	161	4	44.17	44.17	44.17
juego1	easy	20.0	0.006	112552	700	261	422	161	4	44.17	44.17	44.17
juego1	easy	20.0	0.006	112561	700	261	422	161	4	44.17	44.17	44.17
juego1	easy	20.0	0.006	112570	700	261	422	161	4	44.17	44.17	44.17
juego1	easy	20.0	0.006	112578	700	262	422	160	4	44.17	44.17	44.17
juego1	easy	20.0	0.006	112587	700	262	422	160	4	44.17	44.17	44.17
juego1	easy	20.0	0.006	112596	700	262	422	160	4	44.17	44.17	44.17
juego1	easy	20.0	0.006	112605	700	262	422	160	4	44.18	44.18	44.18
juego1	easy	20.0	0.006	112613	700	262	422	160	4	44.18	44.18	44.18
juego1	easy	20.0	0.006	112621	700	262	422	160	4	44.17	44.17	44.17
juego1	easy	20.0	0.006	112629	700	262	422	160	4	44.17	44.17	44.17
juego1	easy	20.0	0.006	112638	700	263	422	159	4	44.17	44.17	44.17
juego1	easy	20.0	0.006	112646	700	263	422	159	4	44.17	44.17	44.17
juego1	easy	20.0	0.006	112655	700	263	422	159	4	44.17	44.17	44.17
juego1	easy	20.0	0.006	112662	700	263	422	159	4	44.17	44.17	44.17
juego1	easy	20.0	0.006	112671	700	263	422	159	4	44.17	44.17	44.17
juego1	easy	20.0	0.006	112679	700	263	422	159	4	44.17	44.17	44.17
juego1	easy	20.0	0.006	112688	700	263	422	159	4	44.17	44.17	44.17
juego1	easy	20.0	0.006	112697	700	264	422	158	4	44.17	44.17	44.17
juego1	easy	20.0	0.006	112705	700	264	422	158	4	44.17	44.17	44.17
juego1	easy	20.0	0.006	112714	700	264	422	158	4	44.17	44.17	44.17
juego1	easy	20.0	0.006	112723	700	264	422	158	4	44.17	44.17	44.17
juego1	easy	20.0	0.006	112732	700	264	422	158	4	44.16	44.16	44.16
juego1	easy	20.0	0.006	112739	700	264	422	158	4	44.16	44.16	44.16
juego1	easy	20.0	0.006	112748	700	264	422	158	4	44.16	44.16	44.16
juego1	easy	20.0	0.006	112756	700	264	422	158	4	44.17	44.17	44.17
juego1	easy	20.0	0.006	112765	700	265	422	157	4	44.17	44.17	44.17
juego1	easy	20.0	0.006	112773	700	265	422	157	4	44.16	44.16	44.16
juego1	easy	20.0	0.006	112782	700	265	422	157	4	44.16	44.16	44.16
juego1	easy	20.0	0.006	112791	700	265	422	157	4	44.16	44.16	44.16
juego1	easy	20.0	0.006	112800	700	265	422	157	4	44.16	44.16	44.16
juego1	easy	20.0	0.006	112809	700	265	422	157	4	44.16	44.16	44.16
juego1	easy	20.0	0.006	112819	700	265	422	157	4	44.16	44.16	44.16
juego1	easy	20.0	0.006	112827	700	266	422	156	4	44.16	44.16	44.16
juego1	easy	20.0	0.006	112836	700	266	422	156	4	44.16	44.16	44.16
juego1	easy	20.0	0.006	112844	700	266	422	156	4	44.16	44.16	44.16
juego1	easy	20.0	0.006	112853	700	266	422	156	4	44.16	44.16	44.16
juego1	easy	20.0	0.006	112861	700	266	422	156	4	44.16	44.16	44.16
juego1	easy	20.0	0.006	112870	700	266	422	156	4	44.16	44.16	44.16
juego1	easy	20.0	0.006	112879	700	266	422	156	4	44.16	44.16	44.16
juego1	easy	20.0	0.006	112888	700	267	422	155	4	44.15	44.15	44.15
juego1	easy	20.0	0.006	112896	700	267	422	155	4	44.16	44.16	44.16
juego1	easy	20.0	0.006	112905	700	267	422	155	4	44.16	44.16	44.16
juego1	easy	20.0	0.006	112913	700	267	422	155	4	44.15	44.15	44.15
juego1	easy	20.0	0.006	112922	700	267	422	155	4	44.16	44.16	44.16
juego1	easy	20.0	0.006	112930	700	267	422	155	4	44.16	44.16	44.16
juego1	easy	20.0	0.006	112938	700	267	422	155	4	44.16	44.16	44.16
juego1	easy	20.0	0.006	112947	700	268	422	154	4	44.16	44.16	44.16
juego1	easy	20.0	0.006	112956	700	268	422	154	4	44.16	44.16	44.16
juego1	easy	20.0	0.006	112964	700	268	422	154	4	44.16	44.16	44.16
juego1	easy	20.0	0.006	112973	700	268	422	154	4	44.16	44.16	44.16
juego1	easy	20.0	0.006	112982	700	268	422	154	4	44.16	44.16	44.16
juego1	easy	20.0	0.006	112990	700	269	422	153	4	44.16	44.16	44.16
juego1	easy	20.0	0.006	112999	700	269	422	153	4	44.15	44.15	44.15
juego1	easy	20.0	0.006	113008	700	269	422	153	4	44.16	44.16	44.16
juego1	easy	20.0	0.006	113017	700	269	422	153	4	44.16	44.16	44.16
juego1	easy	20.0	0.006	113025	700	270	422	152	4	44.16	44.16	44.16
juego1	easy	20.0	0.006	113034	700	270	422	152	4	44.15	44.15	44.15
juego1	easy	20.0	0.006	113042	700	270	422	152	4	44.15	44.15	44.15
juego1	easy	20.0	0.006	113051	700	270	422	152	4	44.15	44.15	44.15
juego1	easy	20.0	0.006	113059	700	270	422	152	4	44.15	44.15	44.15
juego1	easy	20.0	0.006	113067	700	271	422	151	4	44.15	44.15	44.15
juego1	easy	20.0	0.006	113076	700	271	422	151	4	44.15	44.15	44.15
juego1	easy	20.0	0.006	113087	700	271	422	151	4	44.15	44.15	44.15
juego1	easy	20.0	0.006	113092	700	271	422	151	4	44.15	44.15	44.15
juego1	easy	20.0	0.006	113101	700	272	422	150	4	44.15	44.15	44.15
juego1	easy	20.0	0.006	113110	700	272	422	150	4	44.15	44.15	44.15
juego1	easy	20.0	0.006	113119	700	272	422	150	4	44.15	44.15	44.15
juego1	easy	20.0	0.006	113128	700	272	422	150	4	44.15	44.15	44.15
juego1	easy	20.0	0.006	113138	700	272	422	150	4	44.15	44.15	44.15
juego1	easy	20.0	0.006	113145	700	273	422	149	4	44.15	44.15	44.15
juego1	easy	20.0	0.006	113153	700	273	422	149	4	44.15	44.15	44.15
juego1	easy	20.0	0.006	113161	700	273	422	149	4	44.15	44.15	44.15
juego1	easy	20.0	0.006	113170	700	273	422	149	4	44.15	44.15	44.15
juego1	easy	20.0	0.006	113178	700	273	422	149	4	44.15	44.15	44.15
juego1	easy	20.0	0.006	113186	700	274	422	148	4	44.15	44.15	44.15
juego1	easy	20.0	0.006	113195	700	274	422	148	4	44.15	44.15	44.15
juego1	easy	20.0	0.006	113204	700	274	422	148	4	44.15	44.15	44.15
juego1	easy	20.0	0.006	113212	700	274	422	148	4	44.15	44.15	44.15
juego1	easy	20.0	0.006	113221	700	275	422	147	4	44.15	44.15	44.15
juego1	easy	20.0	0.006	113229	700	275	422	147	4	44.15	44.15	44.15
juego1	easy	20.0	0.006	113237	700	275	422	147	4	44.15	44.15	44.15
juego1	easy	20.0	0.006	113245	700	275	422	147	4	44.15	44.15	44.15
juego1	easy	20.0	0.006	113254	700	275	422	147	4	44.15	44.15	44.15
juego1	easy	20.0	0.006	113263	700	276	422	146	4	44.15	44.15	44.15
juego1	easy	20.0	0.006	113271	700	276	422	146	4	44.15	44.15	44.15
juego1	easy	20.0	0.006	113279	700	276	422	146	4	44.14	44.14	44.14
juego1	easy	20.0	0.006	113287	700	276	422	146	4	44.14	44.14	44.14
juego1	easy	20.0	0.006	113295	700	276	422	146	4	44.14	44.14	44.14
juego1	easy	20.0	0.006	113304	700	277	422	145	4	44.14	44.14	44.14
juego1	easy	20.0	0.006	113312	700	277	422	145	4	44.14	44.14	44.14
juego1	easy	20.0	0.006	113320	700	277	422	145	4	44.14	44.14	44.14
juego1	easy	20.0	0.006	113329	700	277	422	145	4	44.14	44.14	44.14
juego1	easy	20.0	0.006	113339	700	278	422	144	4	44.14	44.14	44.14
juego1	easy	20.0	0.006	113346	700	278	422	144	4	44.14	44.14	44.14
juego1	easy	20.0	0.006	113355	700	278	422	144	4	44.14	44.14	44.14
juego1	easy	20.0	0.006	113364	700	278	422	144	4	44.14	44.14	44.14
juego1	easy	20.0	0.006	113372	700	278	422	144	4	44.14	44.14	44.14
juego1	easy	20.0	0.006	113381	700	279	422	143	4	44.14	44.14	44.14
juego1	easy	20.0	0.006	113389	700	279	422	143	4	44.14	44.14	44.14
juego1	easy	20.0	0.006	113397	700	279	422	143	4	44.14	44.14	44.14
juego1	easy	20.0	0.006	113406	700	279	422	143	4	44.14	44.14	44.14
juego1	easy	20.0	0.006	113415	700	279	422	143	4	44.14	44.14	44.14
juego1	easy	20.0	0.006	113423	700	280	422	142	4	44.14	44.14	44.14
juego1	easy	20.0	0.006	113431	700	280	422	142	4	44.14	44.14	44.14
juego1	easy	20.0	0.006	113439	700	280	423	143	4	44.13	44.13	44.13
juego1	easy	20.0	0.006	113448	700	280	423	143	4	44.13	44.13	44.13
juego1	easy	20.0	0.006	113455	700	280	423	143	4	44.13	44.13	44.13
juego1	easy	20.0	0.006	113464	700	281	423	142	4	44.13	44.13	44.13
juego1	easy	20.0	0.006	113473	700	281	423	142	4	44.13	44.13	44.13
juego1	easy	20.0	0.006	113481	700	281	423	142	4	44.13	44.13	44.13
juego1	easy	20.0	0.006	113489	700	281	423	142	4	44.13	44.13	44.13
juego1	easy	20.0	0.006	113498	700	281	423	142	4	44.13	44.13	44.13
juego1	easy	20.0	0.006	113506	700	282	423	141	4	44.13	44.13	44.13
juego1	easy	20.0	0.006	113515	700	282	423	141	4	44.13	44.13	44.13
juego1	easy	20.0	0.006	113524	700	282	423	141	4	44.13	44.13	44.13
juego1	easy	20.0	0.006	113532	700	282	423	141	4	44.13	44.13	44.13
juego1	easy	20.0	0.006	113540	700	283	423	140	4	44.13	44.13	44.13
juego1	easy	20.0	0.006	113549	700	283	423	140	4	44.13	44.13	44.13
juego1	easy	20.0	0.006	113557	700	283	423	140	4	44.13	44.13	44.13
juego1	easy	20.0	0.006	113566	700	283	423	140	4	44.13	44.13	44.13
juego1	easy	20.0	0.006	113573	700	283	422	139	4	44.14	44.14	44.14
juego1	easy	20.0	0.006	113582	700	283	422	139	4	44.14	44.14	44.14
juego1	easy	20.0	0.006	113591	700	284	422	138	4	44.14	44.14	44.14
juego1	easy	20.0	0.006	113599	700	284	422	138	4	44.14	44.14	44.14
juego1	easy	20.0	0.006	113608	700	284	422	138	4	44.14	44.14	44.14
juego1	easy	20.0	0.006	113616	700	284	422	138	4	44.15	44.15	44.15
juego1	easy	20.0	0.006	113624	700	284	422	138	4	44.14	44.14	44.14
juego1	easy	20.0	0.006	113633	700	285	422	137	4	44.14	44.14	44.14
juego1	easy	20.0	0.006	113641	700	285	422	137	4	44.14	44.14	44.14
juego1	easy	20.0	0.006	113649	700	285	422	137	4	44.14	44.14	44.14
juego1	easy	20.0	0.006	113658	700	285	422	137	4	44.14	44.14	44.14
juego1	easy	20.0	0.006	113667	700	285	422	137	4	44.14	44.14	44.14
juego1	easy	20.0	0.006	113676	700	286	422	136	4	44.14	44.14	44.14
juego1	easy	20.0	0.006	113685	700	286	422	136	4	44.15	44.15	44.15
juego1	easy	20.0	0.006	113695	700	286	422	136	4	44.15	44.15	44.15
juego1	easy	20.0	0.006	113703	700	286	422	136	4	44.14	44.14	44.14
juego1	easy	20.0	0.006	113710	700	286	422	136	4	44.14	44.14	44.14
juego1	easy	20.0	0.006	113720	700	287	422	135	4	44.14	44.14	44.14
juego1	easy	20.0	0.006	113727	700	287	422	135	4	44.14	44.14	44.14
juego1	easy	20.0	0.006	113735	700	287	422	135	4	44.14	44.14	44.14
juego1	easy	20.0	0.006	113745	700	287	423	136	4	44.13	44.13	44.13
juego1	easy	20.0	0.006	113753	700	287	422	135	4	44.14	44.14	44.14
juego1	easy	20.0	0.006	113761	700	288	422	134	4	44.14	44.14	44.14
juego1	easy	20.0	0.006	113769	700	288	422	134	4	44.14	44.14	44.14
juego1	easy	20.0	0.006	113777	700	288	423	135	4	44.13	44.13	44.13
juego1	easy	20.0	0.006	113786	700	288	422	134	4	44.14	44.14	44.14
juego1	easy	20.0	0.006	113794	700	288	422	134	4	44.14	44.14	44.14
juego1	easy	20.0	0.006	113803	700	288	422	134	4	44.14	44.14	44.14
juego1	easy	20.0	0.006	113811	700	289	423	134	4	44.13	44.13	44.13
juego1	easy	20.0	0.006	113820	700	289	423	134	4	44.13	44.13	44.13
juego1	easy	20.0	0.006	113830	700	289	423	134	4	44.13	44.13	44.13
juego1	easy	20.0	0.006	113838	700	289	423	134	4	44.13	44.13	44.13
juego1	easy	20.0	0.006	113847	700	289	423	134	4	44.13	44.13	44.13
juego1	easy	20.0	0.006	113855	700	289	423	134	4	44.12	44.12	44.12
juego1	easy	20.0	0.006	113865	700	290	423	133	4	44.13	44.13	44.13
juego1	easy	20.0	0.006	113871	700	290	423	133	4	44.13	44.13	44.13
juego1	easy	20.0	0.006	113880	700	290	423	133	4	44.12	44.12	44.12
juego1	easy	20.0	0.006	113888	700	290	423	133	4	44.12	44.12	44.12
juego1	easy	20.0	0.006	113897	700	290	423	133	4	44.12	44.12	44.12
juego1	easy	20.0	0.006	113906	700	291	423	132	4	44.13	44.13	44.13
juego1	easy	20.0	0.006	113914	700	291	423	132	4	44.13	44.13	44.13
juego1	easy	20.0	0.006	113923	700	291	423	132	4	44.12	44.12	44.12
juego1	easy	20.0	0.006	113932	700	291	423	132	4	44.12	44.12	44.12
juego1	easy	20.0	0.006	113941	700	291	423	132	4	44.12	44.12	44.12
juego1	easy	20.0	0.006	113949	700	291	423	132	4	44.12	44.12	44.12
juego1	easy	20.0	0.006	113958	700	292	423	131	4	44.12	44.12	44.12
juego1	easy	20.0	0.006	113966	700	292	423	131	4	44.12	44.12	44.12
juego1	easy	20.0	0.006	113974	700	292	423	131	4	44.12	44.12	44.12
juego1	easy	20.0	0.006	113983	700	292	423	131	4	44.12	44.12	44.12
juego1	easy	20.0	0.006	113992	700	292	423	131	4	44.12	44.12	44.12
juego1	easy	20.0	0.006	114000	700	292	423	131	4	44.12	44.12	44.12
juego1	easy	20.0	0.006	114008	700	293	423	130	4	44.12	44.12	44.12
juego1	easy	20.0	0.006	114017	700	293	423	130	4	44.12	44.12	44.12
juego1	easy	20.0	0.006	114025	700	293	423	130	4	44.12	44.12	44.12
juego1	easy	20.0	0.006	114033	700	293	423	130	4	44.12	44.12	44.12
juego1	easy	20.0	0.006	114041	700	293	423	130	4	44.12	44.12	44.12
juego1	easy	20.0	0.006	114049	700	293	423	130	4	44.12	44.12	44.12
juego1	easy	20.0	0.006	114058	700	293	423	130	4	44.12	44.12	44.12
juego1	easy	20.0	0.006	114067	700	294	423	129	4	44.12	44.12	44.12
juego1	easy	20.0	0.006	114075	700	294	423	129	4	44.12	44.12	44.12
juego1	easy	20.0	0.006	114084	700	294	423	129	4	44.12	44.12	44.12
juego1	easy	20.0	0.006	114093	700	294	423	129	4	44.12	44.12	44.12
juego1	easy	20.0	0.006	114102	700	294	423	129	4	44.12	44.12	44.12
juego1	easy	20.0	0.006	114110	700	294	423	129	4	44.12	44.12	44.12
juego1	easy	20.0	0.006	114119	700	295	423	128	4	44.12	44.12	44.12
juego1	easy	20.0	0.006	114127	700	295	423	128	4	44.12	44.12	44.12
juego1	easy	20.0	0.006	114135	700	295	423	128	4	44.12	44.12	44.12
juego1	easy	20.0	0.006	114143	700	295	423	128	4	44.12	44.12	44.12
juego1	easy	20.0	0.006	114152	700	295	423	128	4	44.12	44.12	44.12
juego1	easy	20.0	0.006	114160	700	295	423	128	4	44.12	44.12	44.12
juego1	easy	20.0	0.006	114169	700	295	423	128	4	44.12	44.12	44.12
juego1	easy	20.0	0.006	114177	700	296	423	127	4	44.12	44.12	44.12
juego1	easy	20.0	0.006	114185	700	296	423	127	4	44.12	44.12	44.12
juego1	easy	20.0	0.006	114194	700	296	423	127	4	44.12	44.12	44.12
juego1	easy	20.0	0.006	114201	700	296	423	127	4	44.12	44.12	44.12
juego1	easy	20.0	0.006	114210	700	296	423	127	4	44.12	44.12	44.12
juego1	easy	20.0	0.006	114218	700	296	423	127	4	44.12	44.12	44.12
juego1	easy	20.0	0.006	114227	700	296	423	127	4	44.12	44.12	44.12
juego1	easy	20.0	0.006	114236	700	296	423	127	4	44.12	44.12	44.12
juego1	easy	20.0	0.006	114249	700	297	423	126	4	44.12	44.12	44.12
juego1	easy	20.0	0.006	114252	700	297	423	126	4	44.12	44.12	44.12
juego1	easy	20.0	0.006	114261	700	297	423	126	4	44.12	44.12	44.12
juego1	easy	20.0	0.006	114270	700	297	423	126	4	44.12	44.12	44.12
juego1	easy	20.0	0.006	114278	700	297	423	126	4	44.12	44.12	44.12
juego1	easy	20.0	0.006	114286	700	297	423	126	4	44.12	44.12	44.12
juego1	easy	20.0	0.006	114295	700	297	423	126	4	44.12	44.12	44.12
juego1	easy	20.0	0.006	114303	700	298	423	125	4	44.12	44.12	44.12
juego1	easy	20.0	0.006	114311	700	298	423	125	4	44.12	44.12	44.12
juego1	easy	20.0	0.006	114320	700	298	423	125	4	44.12	44.12	44.12
juego1	easy	20.0	0.006	114328	700	298	423	125	4	44.12	44.12	44.12
juego1	easy	20.0	0.006	114337	700	298	423	125	4	44.12	44.12	44.12
juego1	easy	20.0	0.006	114345	700	298	423	125	4	44.12	44.12	44.12
juego1	easy	20.0	0.006	114353	700	298	423	125	4	44.12	44.12	44.12
juego1	easy	20.0	0.006	114362	700	298	423	125	4	44.12	44.12	44.12
juego1	easy	20.0	0.006	114370	700	299	423	124	4	44.12	44.12	44.12
juego1	easy	20.0	0.006	114378	700	299	423	124	4	44.12	44.12	44.12
juego1	easy	20.0	0.006	114386	700	299	423	124	4	44.12	44.12	44.12
juego1	easy	20.0	0.006	114394	700	299	423	124	4	44.12	44.12	44.12
juego1	easy	20.0	0.006	114402	700	299	423	124	4	44.12	44.12	44.12
juego1	easy	20.0	0.006	114411	700	299	423	124	4	44.13	44.13	44.13
juego1	easy	20.0	0.006	114419	700	299	423	124	4	44.13	44.13	44.13
juego1	easy	20.0	0.006	114428	700	299	423	124	4	44.12	44.12	44.12
juego1	easy	20.0	0.006	114436	700	299	423	124	4	44.13	44.13	44.13
juego1	easy	20.0	0.006	114445	700	300	423	123	4	44.13	44.13	44.13
juego1	easy	20.0	0.006	114454	700	300	423	123	4	44.13	44.13	44.13
juego1	easy	20.0	0.006	114463	700	300	423	123	4	44.12	44.12	44.12
juego1	easy	20.0	0.006	114471	700	300	422	122	4	44.14	44.14	44.14
juego1	easy	20.0	0.006	114480	700	300	423	123	4	44.13	44.13	44.13
juego1	easy	20.0	0.006	114489	700	300	423	123	4	44.13	44.13	44.13
juego1	easy	20.0	0.006	114497	700	300	423	123	4	44.13	44.13	44.13
juego1	easy	20.0	0.006	114506	700	300	423	123	4	44.13	44.13	44.13
juego1	easy	20.0	0.006	114520	700	300	423	123	4	44.13	44.13	44.13
juego1	easy	20.0	0.006	114522	700	300	423	123	4	44.13	44.13	44.13
juego1	easy	20.0	0.006	114531	700	300	423	123	4	44.12	44.12	44.12
juego1	easy	20.0	0.006	114539	700	300	423	123	4	44.13	44.13	44.13
juego1	easy	20.0	0.006	114548	700	300	423	123	4	44.13	44.13	44.13
juego1	easy	20.0	0.006	114557	700	300	423	123	4	44.13	44.13	44.13
juego1	easy	20.0	0.006	114566	700	300	423	123	4	44.12	44.12	44.12
juego1	easy	20.0	0.006	114576	700	300	423	123	4	44.13	44.13	44.13
juego1	easy	20.0	0.006	114584	700	300	423	123	4	44.13	44.13	44.13
juego1	easy	20.0	0.006	114592	700	300	423	123	4	44.13	44.13	44.13
juego1	easy	20.0	0.006	114601	700	300	423	123	4	44.13	44.13	44.13
juego1	easy	20.0	0.006	114610	700	300	423	123	4	44.13	44.13	44.13
juego1	easy	20.0	0.006	114621	700	300	423	123	4	44.13	44.13	44.13
juego1	easy	20.0	0.006	114628	700	300	423	123	4	44.13	44.13	44.13
juego1	easy	20.0	0.006	114637	700	301	423	122	4	44.13	44.13	44.13
juego1	easy	20.0	0.006	114646	700	301	423	122	4	44.13	44.13	44.13
juego1	easy	20.0	0.006	114655	700	301	423	122	4	44.13	44.13	44.13
juego1	easy	20.0	0.006	114664	700	301	423	122	4	44.13	44.13	44.13
juego1	easy	20.0	0.006	114673	700	301	423	122	4	44.13	44.13	44.13
juego1	easy	20.0	0.006	114682	700	301	423	122	4	44.13	44.13	44.13
juego1	easy	20.0	0.006	114689	700	301	423	122	4	44.13	44.13	44.13
juego1	easy	20.0	0.006	114698	700	301	423	122	4	44.13	44.13	44.13
juego1	easy	20.0	0.006	114707	700	301	423	122	4	44.12	44.12	44.12
juego1	easy	20.0	0.006	114716	700	301	423	122	4	44.12	44.12	44.12
juego1	easy	20.0	0.006	114725	700	301	423	122	4	44.12	44.12	44.12
juego1	easy	20.0	0.006	114734	700	301	423	122	4	44.12	44.12	44.12
juego1	easy	20.0	0.006	114743	700	301	423	122	4	44.12	44.12	44.12
juego1	easy	20.0	0.006	114751	700	302	423	121	4	44.12	44.12	44.12
juego1	easy	20.0	0.006	114760	700	302	423	121	4	44.12	44.12	44.12
juego1	easy	20.0	0.006	114769	700	302	423	121	4	44.12	44.12	44.12
juego1	easy	20.0	0.006	114777	700	302	423	121	4	44.12	44.12	44.12
juego1	easy	20.0	0.006	114785	700	302	423	121	4	44.12	44.12	44.12
juego1	easy	20.0	0.006	114794	700	302	423	121	4	44.13	44.13	44.13
juego1	easy	20.0	0.006	114803	700	302	423	121	4	44.13	44.13	44.13
juego1	easy	20.0	0.006	114812	700	302	423	121	4	44.13	44.13	44.13
juego1	easy	20.0	0.006	114820	700	302	423	121	4	44.13	44.13	44.13
juego1	easy	20.0	0.006	114828	700	302	423	121	4	44.13	44.13	44.13
juego1	easy	20.0	0.006	114837	700	302	423	121	4	44.13	44.13	44.13
juego1	easy	20.0	0.006	114845	700	302	423	121	4	44.13	44.13	44.13
juego1	easy	20.0	0.006	114854	700	302	423	121	4	44.13	44.13	44.13
juego1	easy	20.0	0.006	114862	700	302	423	121	4	44.13	44.13	44.13
juego1	easy	20.0	0.006	114869	700	302	423	121	4	44.13	44.13	44.13
juego1	easy	20.0	0.006	114877	700	302	423	121	4	44.13	44.13	44.13
juego1	easy	20.0	0.006	114886	700	302	423	121	4	44.13	44.13	44.13
juego1	easy	20.0	0.006	114895	700	302	423	121	4	44.13	44.13	44.13
juego1	easy	20.0	0.006	114904	700	302	423	121	4	44.13	44.13	44.13
juego1	easy	20.0	0.006	114911	700	302	422	120	4	44.14	44.14	44.14
juego1	easy	20.0	0.006	114920	700	303	422	119	4	44.14	44.14	44.14
juego1	easy	20.0	0.006	114928	700	303	423	120	4	44.13	44.13	44.13
juego1	easy	20.0	0.006	114937	700	303	423	120	4	44.13	44.13	44.13
juego1	easy	20.0	0.006	114946	700	303	423	120	4	44.13	44.13	44.13
juego1	easy	20.0	0.006	114954	700	303	423	120	4	44.13	44.13	44.13
juego1	easy	20.0	0.006	114963	700	303	423	120	4	44.13	44.13	44.13
juego1	easy	20.0	0.006	114971	700	303	423	120	4	44.13	44.13	44.13
juego1	easy	20.0	0.006	114980	700	303	423	120	4	44.12	44.12	44.12
juego1	easy	20.0	0.006	114989	700	303	423	120	4	44.13	44.13	44.13
juego1	easy	20.0	0.006	114998	700	303	423	120	4	44.13	44.13	44.13
juego1	easy	20.0	0.006	115007	700	303	423	120	4	44.13	44.13	44.13
juego1	easy	20.0	0.006	115015	700	303	423	120	4	44.13	44.13	44.13
juego1	easy	20.0	0.006	115024	700	303	423	120	4	44.13	44.13	44.13
juego1	easy	20.0	0.006	115031	700	303	423	120	4	44.13	44.13	44.13
juego1	easy	20.0	0.006	115040	700	303	423	120	4	44.12	44.12	44.12
juego1	easy	20.0	0.006	115049	700	303	423	120	4	44.13	44.13	44.13
juego1	easy	20.0	0.006	115057	700	303	423	120	4	44.13	44.13	44.13
juego1	easy	20.0	0.006	115064	700	303	423	120	4	44.12	44.12	44.12
juego1	easy	20.0	0.006	115073	700	303	423	120	4	44.12	44.12	44.12
juego1	easy	20.0	0.006	115082	700	303	423	120	4	44.12	44.12	44.12
juego1	easy	20.0	0.006	115091	700	303	423	120	4	44.12	44.12	44.12
juego1	easy	20.0	0.006	115098	700	303	423	120	4	44.13	44.13	44.13
juego1	easy	20.0	0.006	115107	700	303	423	120	4	44.12	44.12	44.12
juego1	easy	20.0	0.006	115117	700	303	423	120	4	44.12	44.12	44.12
juego1	easy	20.0	0.006	115124	700	303	423	120	4	44.12	44.12	44.12
juego1	easy	20.0	0.006	115133	700	303	423	120	4	44.13	44.13	44.13
juego1	easy	20.0	0.006	115142	700	303	423	120	4	44.13	44.13	44.13
juego1	easy	20.0	0.006	115151	700	303	423	120	4	44.13	44.13	44.13
juego1	easy	20.0	0.006	115160	700	303	423	120	4	44.13	44.13	44.13
juego1	easy	20.0	0.006	115169	700	303	423	120	4	44.13	44.13	44.13
juego1	easy	20.0	0.006	115177	700	303	423	120	4	44.13	44.13	44.13
juego1	easy	20.0	0.006	115185	700	303	423	120	4	44.12	44.12	44.12
juego1	easy	20.0	0.006	115194	700	303	423	120	4	44.13	44.13	44.13
juego1	easy	20.0	0.006	115203	700	303	423	120	4	44.13	44.13	44.13
juego1	easy	20.0	0.006	115211	700	303	423	120	4	44.13	44.13	44.13
juego1	easy	20.0	0.006	115219	700	303	423	120	4	44.13	44.13	44.13
juego1	easy	20.0	0.006	115228	700	303	423	120	4	44.13	44.13	44.13
juego1	easy	20.0	0.006	115236	700	303	423	120	4	44.13	44.13	44.13
juego1	easy	20.0	0.006	115244	700	303	423	120	4	44.12	44.12	44.12
juego1	easy	20.0	0.006	115253	700	303	423	120	4	44.12	44.12	44.12
juego1	easy	20.0	0.006	115261	700	303	423	120	4	44.12	44.12	44.12
juego1	easy	20.0	0.006	115269	700	303	423	120	4	44.12	44.12	44.12
juego1	easy	20.0	0.006	115278	700	303	423	120	4	44.13	44.13	44.13
juego1	easy	20.0	0.006	115287	700	303	423	120	4	44.12	44.12	44.12
juego1	easy	20.0	0.006	115296	700	303	423	120	4	44.12	44.12	44.12
juego1	easy	20.0	0.006	115303	700	303	423	120	4	44.12	44.12	44.12
juego1	easy	20.0	0.006	115312	700	303	423	120	4	44.12	44.12	44.12
juego1	easy	20.0	0.006	115320	700	303	423	120	4	44.12	44.12	44.12
juego1	easy	20.0	0.006	115328	700	303	423	120	4	44.13	44.13	44.13
juego1	easy	20.0	0.006	115337	700	303	423	120	4	44.13	44.13	44.13
juego1	easy	20.0	0.006	115346	700	303	423	120	4	44.12	44.12	44.12
juego1	easy	20.0	0.006	115355	700	303	423	120	4	44.12	44.12	44.12
juego1	easy	20.0	0.006	115363	700	303	423	120	4	44.12	44.12	44.12
juego1	easy	20.0	0.006	115372	700	303	423	120	4	44.12	44.12	44.12
juego1	easy	20.0	0.006	115380	700	303	423	120	4	44.12	44.12	44.12
juego1	easy	20.0	0.006	115389	700	303	423	120	4	44.12	44.12	44.12
juego1	easy	20.0	0.006	115398	700	303	423	120	4	44.12	44.12	44.12
juego1	easy	20.0	0.006	115407	700	303	423	120	4	44.12	44.12	44.12
juego1	easy	20.0	0.006	115416	700	303	423	120	4	44.12	44.12	44.12
juego1	easy	20.0	0.006	115424	700	303	423	120	4	44.12	44.12	44.12
juego1	easy	20.0	0.006	115433	700	302	423	121	4	44.12	44.12	44.12
juego1	easy	20.0	0.006	115442	700	302	423	121	4	44.12	44.12	44.12
juego1	easy	20.0	0.006	115451	700	302	423	121	4	44.12	44.12	44.12
juego1	easy	20.0	0.006	115459	700	302	423	121	4	44.12	44.12	44.12
juego1	easy	20.0	0.006	115468	700	302	423	121	4	44.12	44.12	44.12
juego1	easy	20.0	0.006	115476	700	302	423	121	4	44.12	44.12	44.12
juego1	easy	20.0	0.006	115484	700	302	423	121	4	44.12	44.12	44.12
juego1	easy	20.0	0.006	115493	700	302	423	121	4	44.12	44.12	44.12
juego1	easy	20.0	0.006	115502	700	302	423	121	4	44.12	44.12	44.12
juego1	easy	20.0	0.006	115510	700	302	423	121	4	44.12	44.12	44.12
juego1	easy	20.0	0.006	115519	700	302	423	121	4	44.12	44.12	44.12
juego1	easy	20.0	0.006	115527	700	302	423	121	4	44.12	44.12	44.12
juego1	easy	20.0	0.006	115535	700	302	423	121	4	44.12	44.12	44.12
juego1	easy	20.0	0.006	115544	700	302	423	121	4	44.12	44.12	44.12
juego1	easy	20.0	0.006	115553	700	302	423	121	4	44.12	44.12	44.12
juego1	easy	20.0	0.006	115560	700	302	423	121	4	44.12	44.12	44.12
juego1	easy	20.0	0.006	115569	700	302	423	121	4	44.11	44.11	44.11
juego1	easy	20.0	0.006	115578	700	302	423	121	4	44.11	44.11	44.11
juego1	easy	20.0	0.006	115586	700	302	423	121	4	44.11	44.11	44.11
juego1	easy	20.0	0.006	115595	700	301	423	122	4	44.11	44.11	44.11
juego1	easy	20.0	0.006	115602	700	301	423	122	4	44.11	44.11	44.11
juego1	easy	20.0	0.006	115611	700	301	423	122	4	44.11	44.11	44.11
juego1	easy	20.0	0.006	115618	700	301	423	122	4	44.12	44.12	44.12
juego1	easy	20.0	0.006	115627	700	301	423	122	4	44.12	44.12	44.12
juego1	easy	20.0	0.006	115636	700	301	423	122	4	44.12	44.12	44.12
juego1	easy	20.0	0.006	115643	700	301	423	122	4	44.11	44.11	44.11
juego1	easy	20.0	0.006	115652	700	301	423	122	4	44.11	44.11	44.11
juego1	easy	20.0	0.006	115660	700	301	423	122	4	44.11	44.11	44.11
juego1	easy	20.0	0.006	115669	700	301	423	122	4	44.11	44.11	44.11
juego1	easy	20.0	0.006	115677	700	301	423	122	4	44.11	44.11	44.11
juego1	easy	20.0	0.006	115686	700	301	423	122	4	44.11	44.11	44.11
juego1	easy	20.0	0.006	115694	700	301	423	122	4	44.11	44.11	44.11
juego1	easy	20.0	0.006	115703	700	301	423	122	4	44.11	44.11	44.11
juego1	easy	20.0	0.006	115712	700	300	423	123	4	44.11	44.11	44.11
juego1	easy	20.0	0.006	115719	700	300	423	123	4	44.12	44.12	44.12
juego1	easy	20.0	0.006	115728	700	300	423	123	4	44.11	44.11	44.11
juego1	easy	20.0	0.006	115737	700	300	423	123	4	44.11	44.11	44.11
juego1	easy	20.0	0.006	115744	700	300	423	123	4	44.12	44.12	44.12
juego1	easy	20.0	0.006	115753	700	300	423	123	4	44.12	44.12	44.12
juego1	easy	20.0	0.006	115761	700	300	423	123	4	44.12	44.12	44.12
juego1	easy	20.0	0.006	115770	700	300	423	123	4	44.12	44.12	44.12
juego1	easy	20.0	0.006	115777	700	300	423	123	4	44.12	44.12	44.12
juego1	easy	20.0	0.006	115785	700	300	423	123	4	44.11	44.11	44.11
juego1	easy	20.0	0.006	115794	700	300	423	123	4	44.11	44.11	44.11
juego1	easy	20.0	0.006	115803	700	300	423	123	4	44.12	44.12	44.12
juego1	easy	20.0	0.006	115811	700	300	423	123	4	44.11	44.11	44.11
juego1	easy	20.0	0.006	115820	700	300	423	123	4	44.11	44.11	44.11
juego1	easy	20.0	0.006	115830	700	300	423	123	4	44.11	44.11	44.11
juego1	easy	20.0	0.006	115836	700	300	423	123	4	44.11	44.11	44.11
juego1	easy	20.0	0.006	115845	700	300	423	123	4	44.11	44.11	44.11
juego1	easy	20.0	0.006	115855	700	300	423	123	4	44.11	44.11	44.11
juego1	easy	20.0	0.006	115861	700	300	423	123	4	44.11	44.11	44.11
juego1	easy	20.0	0.006	115870	700	300	423	123	4	44.11	44.11	44.11
juego1	easy	20.0	0.006	115880	700	300	423	123	4	44.11	44.11	44.11
juego1	easy	20.0	0.006	115887	700	299	423	124	4	44.11	44.11	44.11
juego1	easy	20.0	0.006	115896	700	299	423	124	4	44.11	44.11	44.11
juego1	easy	20.0	0.006	115905	700	299	423	124	4	44.11	44.11	44.11
juego1	easy	20.0	0.006	115915	700	299	423	124	4	44.11	44.11	44.11
juego1	easy	20.0	0.006	115923	700	299	423	124	4	44.11	44.11	44.11
juego1	easy	20.0	0.006	115932	700	299	423	124	4	44.11	44.11	44.11
juego1	easy	20.0	0.006	115940	700	299	423	124	4	44.11	44.11	44.11
juego1	easy	20.0	0.006	115949	700	299	423	124	4	44.11	44.11	44.11
juego1	easy	20.0	0.006	115960	700	299	423	124	4	44.11	44.11	44.11
juego1	easy	20.0	0.006	115967	700	298	423	125	4	44.11	44.11	44.11
juego1	easy	20.0	0.006	115975	700	298	423	125	4	44.11	44.11	44.11
juego1	easy	20.0	0.006	115984	700	298	423	125	4	44.11	44.11	44.11
juego1	easy	20.0	0.006	115993	700	298	423	125	4	44.11	44.11	44.11
juego1	easy	20.0	0.006	116001	700	298	423	125	4	44.1	44.1	44.1
juego1	easy	20.0	0.006	116010	700	298	423	125	4	44.1	44.1	44.1
juego1	easy	20.0	0.006	116017	700	298	423	125	4	44.1	44.1	44.1
juego1	easy	20.0	0.006	116026	700	298	423	125	4	44.1	44.1	44.1
juego1	easy	20.0	0.006	116033	700	298	423	125	4	44.1	44.1	44.1
juego1	easy	20.0	0.006	116041	700	297	423	126	4	44.1	44.1	44.1
juego1	easy	20.0	0.006	116050	700	297	423	126	4	44.1	44.1	44.1
juego1	easy	20.0	0.006	116058	700	297	423	126	4	44.11	44.11	44.11
juego1	easy	20.0	0.006	116067	700	297	423	126	4	44.11	44.11	44.11
juego1	easy	20.0	0.006	116075	700	297	423	126	4	44.11	44.11	44.11
juego1	easy	20.0	0.006	116084	700	297	423	126	4	44.11	44.11	44.11
juego1	easy	20.0	0.006	116093	700	297	423	126	4	44.11	44.11	44.11
juego1	easy	20.0	0.006	116101	700	296	423	127	4	44.11	44.11	44.11
juego1	easy	20.0	0.006	116110	700	296	423	127	4	44.11	44.11	44.11
juego1	easy	20.0	0.006	116118	700	296	423	127	4	44.11	44.11	44.11
juego1	easy	20.0	0.006	116127	700	296	423	127	4	44.11	44.11	44.11
juego1	easy	20.0	0.006	116136	700	296	423	127	4	44.11	44.11	44.11
juego1	easy	20.0	0.006	116144	700	296	423	127	4	44.11	44.11	44.11
juego1	easy	20.0	0.006	116153	700	296	423	127	4	44.11	44.11	44.11
juego1	easy	20.0	0.006	116162	700	296	423	127	4	44.11	44.11	44.11
juego1	easy	20.0	0.006	116171	700	295	423	128	4	44.11	44.11	44.11
juego1	easy	20.0	0.006	116178	700	295	423	128	4	44.11	44.11	44.11
juego1	easy	20.0	0.006	116187	700	295	423	128	4	44.11	44.11	44.11
juego1	easy	20.0	0.006	116195	700	295	423	128	4	44.11	44.11	44.11
juego1	easy	20.0	0.006	116203	700	295	423	128	4	44.11	44.11	44.11
juego1	easy	20.0	0.006	116212	700	295	423	128	4	44.1	44.1	44.1
juego1	easy	20.0	0.006	116219	700	294	423	129	4	44.1	44.1	44.1
juego1	easy	20.0	0.006	116228	700	294	423	129	4	44.1	44.1	44.1
juego1	easy	20.0	0.006	116236	700	294	423	129	4	44.1	44.1	44.1
juego1	easy	20.0	0.006	116243	700	294	423	129	4	44.1	44.1	44.1
juego1	easy	20.0	0.006	116251	700	294	423	129	4	44.11	44.11	44.11
juego1	easy	20.0	0.006	116259	700	294	423	129	4	44.1	44.1	44.1
juego1	easy	20.0	0.006	116268	700	294	423	129	4	44.11	44.11	44.11
juego1	easy	20.0	0.006	116277	700	293	423	130	4	44.1	44.1	44.1
juego1	easy	20.0	0.006	116286	700	293	423	130	4	44.1	44.1	44.1
juego1	easy	20.0	0.006	116295	700	293	423	130	4	44.1	44.1	44.1
juego1	easy	20.0	0.006	116303	700	293	423	130	4	44.1	44.1	44.1
juego1	easy	20.0	0.006	116312	700	293	423	130	4	44.1	44.1	44.1
juego1	easy	20.0	0.006	116321	700	293	423	130	4	44.1	44.1	44.1
juego1	easy	20.0	0.006	116329	700	292	423	131	4	44.1	44.1	44.1
juego1	easy	20.0	0.006	116338	700	292	423	131	4	44.1	44.1	44.1
juego1	easy	20.0	0.006	116347	700	292	423	131	4	44.1	44.1	44.1
juego1	easy	20.0	0.006	116355	700	292	423	131	4	44.1	44.1	44.1
juego1	easy	20.0	0.006	116363	700	292	423	131	4	44.1	44.1	44.1
juego1	easy	20.0	0.006	116372	700	292	423	131	4	44.1	44.1	44.1
juego1	easy	20.0	0.006	116379	700	292	423	131	4	44.1	44.1	44.1
juego1	easy	20.0	0.006	116387	700	291	423	132	4	44.1	44.1	44.1
juego1	easy	20.0	0.006	116396	700	291	423	132	4	44.1	44.1	44.1
juego1	easy	20.0	0.006	116405	700	291	423	132	4	44.1	44.1	44.1
juego1	easy	20.0	0.006	116414	700	291	423	132	4	44.1	44.1	44.1
juego1	easy	20.0	0.006	116422	700	291	423	132	4	44.1	44.1	44.1
juego1	easy	20.0	0.006	116431	700	290	423	133	4	44.11	44.11	44.11
juego1	easy	20.0	0.006	116440	700	290	423	133	4	44.1	44.1	44.1
juego1	easy	20.0	0.006	116447	700	290	423	133	4	44.1	44.1	44.1
juego1	easy	20.0	0.006	116456	700	290	423	133	4	44.1	44.1	44.1
juego1	easy	20.0	0.006	116463	700	290	423	133	4	44.1	44.1	44.1
juego1	easy	20.0	0.006	116472	700	290	423	133	4	44.11	44.11	44.11
juego1	easy	20.0	0.006	116481	700	289	423	134	4	44.1	44.1	44.1
juego1	easy	20.0	0.006	116489	700	289	423	134	4	44.1	44.1	44.1
juego1	easy	20.0	0.006	116497	700	289	423	134	4	44.11	44.11	44.11
juego1	easy	20.0	0.006	116506	700	289	423	134	4	44.1	44.1	44.1
juego1	easy	20.0	0.006	116515	700	289	423	134	4	44.11	44.11	44.11
juego1	easy	20.0	0.006	116524	700	289	423	134	4	44.11	44.11	44.11
juego1	easy	20.0	0.006	116532	700	288	423	135	4	44.1	44.1	44.1
juego1	easy	20.0	0.006	116541	700	288	423	135	4	44.1	44.1	44.1
juego1	easy	20.0	0.006	116549	700	288	423	135	4	44.1	44.1	44.1
juego1	easy	20.0	0.006	116558	700	288	423	135	4	44.1	44.1	44.1
juego1	easy	20.0	0.006	116567	700	288	423	135	4	44.11	44.11	44.11
juego1	easy	20.0	0.006	116576	700	287	423	136	4	44.11	44.11	44.11
juego1	easy	20.0	0.006	116585	700	287	423	136	4	44.11	44.11	44.11
juego1	easy	20.0	0.006	116593	700	287	423	136	4	44.11	44.11	44.11
juego1	easy	20.0	0.006	116601	700	287	423	136	4	44.11	44.11	44.11
juego1	easy	20.0	0.006	116611	700	287	423	136	4	44.1	44.1	44.1
juego1	easy	20.0	0.006	116618	700	287	423	136	4	44.1	44.1	44.1
juego1	easy	20.0	0.006	116627	700	286	423	137	4	44.1	44.1	44.1
juego1	easy	20.0	0.006	116636	700	286	423	137	4	44.1	44.1	44.1
juego1	easy	20.0	0.006	116644	700	286	423	137	4	44.1	44.1	44.1
juego1	easy	20.0	0.006	116652	700	286	423	137	4	44.1	44.1	44.1
juego1	easy	20.0	0.006	116661	700	286	423	137	4	44.1	44.1	44.1
juego1	easy	20.0	0.006	116670	700	285	423	138	4	44.1	44.1	44.1
juego1	easy	20.0	0.006	116677	700	285	423	138	4	44.11	44.11	44.11
juego1	easy	20.0	0.006	116686	700	285	423	138	4	44.1	44.1	44.1
juego1	easy	20.0	0.006	116693	700	285	423	138	4	44.11	44.11	44.11
juego1	easy	20.0	0.006	116702	700	285	423	138	4	44.1	44.1	44.1
juego1	easy	20.0	0.006	116711	700	284	423	139	4	44.1	44.1	44.1
juego1	easy	20.0	0.006	116718	700	284	423	139	4	44.1	44.1	44.1
juego1	easy	20.0	0.006	116726	700	284	423	139	4	44.11	44.11	44.11
juego1	easy	20.0	0.006	116735	700	284	423	139	4	44.1	44.1	44.1
juego1	easy	20.0	0.006	116744	700	284	423	139	4	44.1	44.1	44.1
juego1	easy	20.0	0.006	116753	700	283	423	140	4	44.1	44.1	44.1
juego1	easy	20.0	0.006	116762	700	283	423	140	4	44.1	44.1	44.1
juego1	easy	20.0	0.006	116771	700	283	423	140	4	44.1	44.1	44.1
juego1	easy	20.0	0.006	116779	700	283	423	140	4	44.1	44.1	44.1
juego1	easy	20.0	0.006	116788	700	283	423	140	4	44.1	44.1	44.1
juego1	easy	20.0	0.006	116797	700	282	423	141	4	44.1	44.1	44.1
juego1	easy	20.0	0.006	116806	700	282	423	141	4	44.1	44.1	44.1
juego1	easy	20.0	0.006	116814	700	282	423	141	4	44.1	44.1	44.1
juego1	easy	20.0	0.006	116823	700	282	423	141	4	44.1	44.1	44.1
juego1	easy	20.0	0.006	116832	700	282	423	141	4	44.1	44.1	44.1
juego1	easy	20.0	0.006	116841	700	281	423	142	4	44.1	44.1	44.1
juego1	easy	20.0	0.006	116850	700	281	423	142	4	44.1	44.1	44.1
juego1	easy	20.0	0.006	116859	700	281	423	142	4	44.1	44.1	44.1
juego1	easy	20.0	0.006	116867	700	281	423	142	4	44.1	44.1	44.1
juego1	easy	20.0	0.006	116876	700	281	423	142	4	44.1	44.1	44.1
juego1	easy	20.0	0.006	116884	700	280	423	143	4	44.1	44.1	44.1
juego1	easy	20.0	0.006	116892	700	280	423	143	4	44.1	44.1	44.1
juego1	easy	20.0	0.006	116900	700	280	423	143	4	44.1	44.1	44.1
juego1	easy	20.0	0.006	116909	700	280	423	143	4	44.1	44.1	44.1
juego1	easy	20.0	0.006	116918	700	280	423	143	4	44.1	44.1	44.1
juego1	easy	20.0	0.006	116927	700	279	423	144	4	44.1	44.1	44.1
juego1	easy	20.0	0.006	116936	700	279	423	144	4	44.09	44.09	44.09
juego1	easy	20.0	0.006	116945	700	279	423	144	4	44.1	44.1	44.1
juego1	easy	20.0	0.006	116953	700	279	423	144	4	44.1	44.1	44.1
juego1	easy	20.0	0.006	116962	700	279	423	144	4	44.09	44.09	44.09
juego1	easy	20.0	0.006	116971	700	278	423	145	4	44.1	44.1	44.1
juego1	easy	20.0	0.006	116980	700	278	423	145	4	44.1	44.1	44.1
juego1	easy	20.0	0.006	116989	700	278	423	145	4	44.1	44.1	44.1
juego1	easy	20.0	0.006	116998	700	278	423	145	4	44.1	44.1	44.1
juego1	easy	20.0	0.006	117006	700	278	423	145	4	44.1	44.1	44.1
juego1	easy	20.0	0.006	117013	700	277	423	146	4	44.1	44.1	44.1
juego1	easy	20.0	0.006	117022	700	277	423	146	4	44.1	44.1	44.1
juego1	easy	20.0	0.006	117032	700	277	423	146	4	44.1	44.1	44.1
juego1	easy	20.0	0.006	117039	700	277	423	146	4	44.1	44.1	44.1
juego1	easy	20.0	0.006	117048	700	276	423	147	4	44.09	44.09	44.09
juego1	easy	20.0	0.006	117057	700	276	423	147	4	44.1	44.1	44.1
juego1	easy	20.0	0.006	117065	700	276	423	147	4	44.1	44.1	44.1
juego1	easy	20.0	0.006	117074	700	276	423	147	4	44.09	44.09	44.09
juego1	easy	20.0	0.006	117083	700	276	423	147	4	44.09	44.09	44.09
juego1	easy	20.0	0.006	117090	700	275	423	148	4	44.09	44.09	44.09
juego1	easy	20.0	0.006	117098	700	275	423	148	4	44.09	44.09	44.09
juego1	easy	20.0	0.006	117107	700	275	423	148	4	44.09	44.09	44.09
juego1	easy	20.0	0.006	117115	700	275	423	148	4	44.09	44.09	44.09
juego1	easy	20.0	0.006	117123	700	275	423	148	4	44.09	44.09	44.09
juego1	easy	20.0	0.006	117132	700	274	423	149	4	44.09	44.09	44.09
juego1	easy	20.0	0.006	117141	700	274	423	149	4	44.09	44.09	44.09
juego1	easy	20.0	0.006	117150	700	274	423	149	4	44.09	44.09	44.09
juego1	easy	20.0	0.006	117158	700	274	423	149	4	44.1	44.1	44.1
juego1	easy	20.0	0.006	117167	700	273	423	150	4	44.1	44.1	44.1
juego1	easy	20.0	0.006	117175	700	273	423	150	4	44.1	44.1	44.1
juego1	easy	20.0	0.006	117183	700	273	423	150	4	44.09	44.09	44.09
juego1	easy	20.0	0.006	117190	700	273	423	150	4	44.1	44.1	44.1
juego1	easy	20.0	0.006	117199	700	273	423	150	4	44.1	44.1	44.1
juego1	easy	20.0	0.006	117208	700	272	423	151	4	44.1	44.1	44.1
juego1	easy	20.0	0.006	117217	700	272	423	151	4	44.09	44.09	44.09
juego1	easy	20.0	0.006	117226	700	272	423	151	4	44.09	44.09	44.09
juego1	easy	20.0	0.006	117234	700	272	423	151	4	44.09	44.09	44.09
juego1	easy	20.0	0.006	117243	700	271	423	152	4	44.09	44.09	44.09
juego1	easy	20.0	0.006	117251	700	271	423	152	4	44.09	44.09	44.09
juego1	easy	20.0	0.006	117260	700	271	423	152	4	44.09	44.09	44.09
juego1	easy	20.0	0.006	117269	700	271	423	152	4	44.09	44.09	44.09
juego1	easy	20.0	0.006	117278	700	271	423	152	4	44.09	44.09	44.09
juego1	easy	20.0	0.006	117287	700	270	423	153	4	44.1	44.1	44.1
juego1	easy	20.0	0.006	117295	700	270	423	153	4	44.09	44.09	44.09
juego1	easy	20.0	0.006	117302	700	270	423	153	4	44.09	44.09	44.09
juego1	easy	20.0	0.006	117310	700	270	423	153	4	44.09	44.09	44.09
juego1	easy	20.0	0.006	117319	700	270	423	153	4	44.09	44.09	44.09
juego1	easy	20.0	0.006	117328	700	269	423	154	4	44.09	44.09	44.09
juego1	easy	20.0	0.006	117336	700	269	423	154	4	44.09	44.09	44.09
juego1	easy	20.0	0.006	117345	700	269	423	154	4	44.09	44.09	44.09
juego1	easy	20.0	0.006	117354	700	269	423	154	4	44.09	44.09	44.09
juego1	easy	20.0	0.006	117363	700	268	423	155	4	44.09	44.09	44.09
juego1	easy	20.0	0.006	117371	700	268	423	155	4	44.09	44.09	44.09
juego1	easy	20.0	0.006	117380	700	268	423	155	4	44.09	44.09	44.09
juego1	easy	20.0	0.006	117389	700	268	423	155	4	44.09	44.09	44.09
juego1	easy	20.0	0.006	117396	700	268	423	155	5	44.09	44.09	44.09
juego1	easy	40.0	0.008	117405	700	267	423	156	5	44.09	44.09	44.09
juego1	easy	40.0	0.008	117414	700	267	423	156	5	44.09	44.09	44.09
juego1	easy	40.0	0.008	117422	700	267	423	156	5	44.09	44.09	44.09
juego1	easy	40.0	0.008	117431	700	266	423	157	5	44.09	44.09	44.09
juego1	easy	40.0	0.008	117439	700	266	423	157	5	44.09	44.09	44.09
juego1	easy	40.0	0.008	117448	700	266	423	157	5	44.09	44.09	44.09
juego1	easy	40.0	0.008	117455	700	265	423	158	5	44.09	44.09	44.09
juego1	easy	40.0	0.008	117464	700	265	423	158	5	44.09	44.09	44.09
juego1	easy	40.0	0.008	117473	700	265	423	158	5	44.09	44.09	44.09
juego1	easy	40.0	0.008	117480	700	264	423	159	5	44.09	44.09	44.09
juego1	easy	40.0	0.008	117489	700	264	423	159	5	44.09	44.09	44.09
juego1	easy	40.0	0.008	117498	700	263	423	160	5	44.08	44.08	44.08
juego1	easy	40.0	0.008	117506	700	263	423	160	5	44.08	44.08	44.08
juego1	easy	40.0	0.008	117514	700	263	423	160	5	44.09	44.09	44.09
juego1	easy	40.0	0.008	117522	700	262	423	161	5	44.09	44.09	44.09
juego1	easy	40.0	0.008	117531	700	262	423	161	5	44.09	44.09	44.09
juego1	easy	40.0	0.008	117539	700	262	423	161	5	44.08	44.08	44.08
juego1	easy	40.0	0.008	117548	700	261	423	162	5	44.09	44.09	44.09
juego1	easy	40.0	0.008	117557	700	261	423	162	5	44.09	44.09	44.09
juego1	easy	40.0	0.008	117566	700	260	423	163	5	44.09	44.09	44.09
juego1	easy	40.0	0.008	117574	700	260	423	163	5	44.08	44.08	44.08
juego1	easy	40.0	0.008	117583	700	260	423	163	5	44.09	44.09	44.09
juego1	easy	40.0	0.008	117591	700	259	423	164	5	44.09	44.09	44.09
juego1	easy	40.0	0.008	117600	700	259	423	164	5	44.09	44.09	44.09
juego1	easy	40.0	0.008	117608	700	259	423	164	5	44.09	44.09	44.09
juego1	easy	40.0	0.008	117616	700	258	423	165	5	44.09	44.09	44.09
juego1	easy	40.0	0.008	117624	700	258	423	165	5	44.09	44.09	44.09
juego1	easy	40.0	0.008	117632	700	257	423	166	5	44.09	44.09	44.09
juego1	easy	40.0	0.008	117641	700	257	423	166	5	44.09	44.09	44.09
juego1	easy	40.0	0.008	117650	700	257	423	166	5	44.09	44.09	44.09
juego1	easy	40.0	0.008	117658	700	256	423	167	5	44.09	44.09	44.09
juego1	easy	40.0	0.008	117667	700	256	423	167	5	44.09	44.09	44.09
juego1	easy	40.0	0.008	117676	700	256	423	167	5	44.09	44.09	44.09
juego1	easy	40.0	0.008	117685	700	255	423	168	5	44.09	44.09	44.09
juego1	easy	40.0	0.008	117694	700	255	423	168	5	44.09	44.09	44.09
juego1	easy	40.0	0.008	117701	700	255	423	168	5	44.09	44.09	44.09
juego1	easy	40.0	0.008	117709	700	254	423	169	5	44.09	44.09	44.09
juego1	easy	40.0	0.008	117718	700	254	423	169	5	44.09	44.09	44.09
juego1	easy	40.0	0.008	117727	700	253	423	170	5	44.09	44.09	44.09
juego1	easy	40.0	0.008	117734	700	253	423	170	5	44.09	44.09	44.09
juego1	easy	40.0	0.008	117743	700	253	423	170	5	44.09	44.09	44.09
juego1	easy	40.0	0.008	117750	700	252	423	171	5	44.09	44.09	44.09
juego1	easy	40.0	0.008	117759	700	252	423	171	5	44.09	44.09	44.09
juego1	easy	40.0	0.008	117767	700	252	423	171	5	44.09	44.09	44.09
juego1	easy	40.0	0.008	117776	700	251	423	172	5	44.09	44.09	44.09
juego1	easy	40.0	0.008	117783	700	251	423	172	5	44.09	44.09	44.09
juego1	easy	40.0	0.008	117792	700	251	423	172	5	44.09	44.09	44.09
juego1	easy	40.0	0.008	117800	700	250	423	173	5	44.09	44.09	44.09
juego1	easy	40.0	0.008	117809	700	250	423	173	5	44.08	44.08	44.08
juego1	easy	40.0	0.008	117818	700	250	423	173	5	44.1	44.1	44.1
juego1	easy	40.0	0.008	117826	700	249	423	174	5	44.1	44.1	44.1
juego1	easy	40.0	0.008	117835	700	249	423	174	5	44.09	44.09	44.09
juego1	easy	40.0	0.008	117844	700	249	423	174	5	44.09	44.09	44.09
juego1	easy	40.0	0.008	117853	700	248	423	175	5	44.09	44.09	44.09
juego1	easy	40.0	0.008	117860	700	248	423	175	5	44.09	44.09	44.09
juego1	easy	40.0	0.008	117869	700	248	423	175	5	44.09	44.09	44.09
juego1	easy	40.0	0.008	117878	700	247	423	176	5	44.09	44.09	44.09
juego1	easy	40.0	0.008	117886	700	247	423	176	5	44.09	44.09	44.09
juego1	easy	40.0	0.008	117894	700	247	423	176	5	44.09	44.09	44.09
juego1	easy	40.0	0.008	117904	700	246	423	177	5	44.09	44.09	44.09
juego1	easy	40.0	0.008	117912	700	246	423	177	5	44.08	44.08	44.08
juego1	easy	40.0	0.008	117921	700	246	423	177	5	44.09	44.09	44.09
juego1	easy	40.0	0.008	117929	700	245	423	178	5	44.09	44.09	44.09
juego1	easy	40.0	0.008	117938	700	245	423	178	5	44.09	44.09	44.09
juego1	easy	40.0	0.008	117946	700	245	423	178	5	44.09	44.09	44.09
juego1	easy	40.0	0.008	117954	700	244	423	179	5	44.09	44.09	44.09
juego1	easy	40.0	0.008	117963	700	244	423	179	5	44.09	44.09	44.09
juego1	easy	40.0	0.008	117972	700	244	423	179	5	44.09	44.09	44.09
juego1	easy	40.0	0.008	117981	700	243	423	180	5	44.08	44.08	44.08
juego1	easy	40.0	0.008	117989	700	243	423	180	5	44.09	44.09	44.09
juego1	easy	40.0	0.008	117998	700	243	423	180	5	44.09	44.09	44.09
juego1	easy	40.0	0.008	118007	700	242	423	181	5	44.09	44.09	44.09
juego1	easy	40.0	0.008	118016	700	242	423	181	5	44.08	44.08	44.08
juego1	easy	40.0	0.008	118023	700	242	423	181	5	44.08	44.08	44.08
juego1	easy	40.0	0.008	118032	700	241	423	182	5	44.08	44.08	44.08
juego1	easy	40.0	0.008	118041	700	241	423	182	5	44.09	44.09	44.09
juego1	easy	40.0	0.008	118050	700	241	423	182	5	44.09	44.09	44.09
juego1	easy	40.0	0.008	118059	700	240	423	183	5	44.09	44.09	44.09
juego1	easy	40.0	0.008	118068	700	240	423	183	5	44.09	44.09	44.09
juego1	easy	40.0	0.008	118077	700	240	423	183	5	44.09	44.09	44.09
juego1	easy	40.0	0.008	118085	700	240	423	183	5	44.08	44.08	44.08
juego1	easy	40.0	0.008	118092	700	239	423	184	5	44.08	44.08	44.08
juego1	easy	40.0	0.008	118101	700	239	423	184	5	44.08	44.08	44.08
juego1	easy	40.0	0.008	118110	700	239	423	184	5	44.08	44.08	44.08
juego1	easy	40.0	0.008	118119	700	238	423	185	5	44.08	44.08	44.08
juego1	easy	40.0	0.008	118127	700	238	423	185	5	44.08	44.08	44.08
juego1	easy	40.0	0.008	118136	700	238	423	185	5	44.08	44.08	44.08
juego1	easy	40.0	0.008	118145	700	237	423	186	5	44.08	44.08	44.08
juego1	easy	40.0	0.008	118153	700	237	423	186	5	44.08	44.08	44.08
juego1	easy	40.0	0.008	118162	700	237	423	186	5	44.08	44.08	44.08
juego1	easy	40.0	0.008	118171	700	237	423	186	5	44.08	44.08	44.08
juego1	easy	40.0	0.008	118180	700	236	423	187	5	44.08	44.08	44.08
juego1	easy	40.0	0.008	118187	700	236	423	187	5	44.09	44.09	44.09
juego1	easy	40.0	0.008	118196	700	236	423	187	5	44.08	44.08	44.08
juego1	easy	40.0	0.008	118205	700	236	423	187	5	44.08	44.08	44.08
juego1	easy	40.0	0.008	118214	700	235	423	188	5	44.09	44.09	44.09
juego1	easy	40.0	0.008	118223	700	235	423	188	5	44.08	44.08	44.08
juego1	easy	40.0	0.008	118232	700	235	423	188	5	44.08	44.08	44.08
juego1	easy	40.0	0.008	118241	700	234	423	189	5	44.08	44.08	44.08
juego1	easy	40.0	0.008	118248	700	234	423	189	5	44.08	44.08	44.08
juego1	easy	40.0	0.008	118256	700	234	423	189	5	44.08	44.08	44.08
juego1	easy	40.0	0.008	118266	700	234	423	189	5	44.09	44.09	44.09
juego1	easy	40.0	0.008	118273	700	233	423	190	5	44.08	44.08	44.08
juego1	easy	40.0	0.008	118282	700	233	423	190	5	44.08	44.08	44.08
juego1	easy	40.0	0.008	118289	700	233	423	190	5	44.08	44.08	44.08
juego1	easy	40.0	0.008	118297	700	233	423	190	5	44.08	44.08	44.08
juego1	easy	40.0	0.008	118306	700	232	423	191	5	44.08	44.08	44.08
juego1	easy	40.0	0.008	118316	700	232	423	191	5	44.08	44.08	44.08
juego1	easy	40.0	0.008	118323	700	232	423	191	5	44.08	44.08	44.08
juego1	easy	40.0	0.008	118332	700	232	423	191	5	44.08	44.08	44.08
juego1	easy	40.0	0.008	118341	700	231	423	192	5	44.08	44.08	44.08
juego1	easy	40.0	0.008	118351	700	231	423	192	5	44.08	44.08	44.08
juego1	easy	40.0	0.008	118357	700	231	423	192	5	44.08	44.08	44.08
juego1	easy	40.0	0.008	118366	700	231	423	192	5	44.08	44.08	44.08
juego1	easy	40.0	0.008	118376	700	230	423	193	5	44.08	44.08	44.08
juego1	easy	40.0	0.008	118383	700	230	423	193	5	44.09	44.09	44.09
juego1	easy	40.0	0.008	118390	700	230	423	193	5	44.08	44.08	44.08
juego1	easy	40.0	0.008	118399	700	230	423	193	5	44.08	44.08	44.08
juego1	easy	40.0	0.008	118407	700	230	423	193	5	44.08	44.08	44.08
juego1	easy	40.0	0.008	118416	700	229	423	194	5	44.08	44.08	44.08
juego1	easy	40.0	0.008	118424	700	229	423	194	5	44.08	44.08	44.08
juego1	easy	40.0	0.008	118433	700	229	423	194	5	44.08	44.08	44.08
juego1	easy	40.0	0.008	118441	700	229	423	194	5	44.08	44.08	44.08
juego1	easy	40.0	0.008	118449	700	229	423	194	5	44.08	44.08	44.08
juego1	easy	40.0	0.008	118457	700	228	423	195	5	44.08	44.08	44.08
juego1	easy	40.0	0.008	118466	700	228	423	195	5	44.09	44.09	44.09
juego1	easy	40.0	0.008	118476	700	228	423	195	5	44.08	44.08	44.08
juego1	easy	40.0	0.008	118483	700	228	423	195	5	44.09	44.09	44.09
juego1	easy	40.0	0.008	118492	700	228	423	195	5	44.08	44.08	44.08
juego1	easy	40.0	0.008	118501	700	227	423	196	5	44.08	44.08	44.08
juego1	easy	40.0	0.008	118509	700	227	423	196	5	44.08	44.08	44.08
juego1	easy	40.0	0.008	118517	700	227	423	196	5	44.08	44.08	44.08
juego1	easy	40.0	0.008	118526	700	227	423	196	5	44.08	44.08	44.08
juego1	easy	40.0	0.008	118535	700	227	423	196	5	44.08	44.08	44.08
juego1	easy	40.0	0.008	118544	700	226	423	197	5	44.08	44.08	44.08
juego1	easy	40.0	0.008	118552	700	226	423	197	5	44.07	44.07	44.07
juego1	easy	40.0	0.008	118561	700	226	423	197	5	44.07	44.07	44.07
juego1	easy	40.0	0.008	118570	700	226	423	197	5	44.08	44.08	44.08
juego1	easy	40.0	0.008	118579	700	226	423	197	5	44.08	44.08	44.08
juego1	easy	40.0	0.008	118588	700	226	423	197	5	44.08	44.08	44.08
juego1	easy	40.0	0.008	118597	700	225	423	198	5	44.08	44.08	44.08
juego1	easy	40.0	0.008	118606	700	225	423	198	5	44.08	44.08	44.08
juego1	easy	40.0	0.008	118614	700	225	423	198	5	44.08	44.08	44.08
juego1	easy	40.0	0.008	118623	700	225	423	198	5	44.08	44.08	44.08
juego1	easy	40.0	0.008	118632	700	225	423	198	5	44.08	44.08	44.08
juego1	easy	40.0	0.008	118641	700	225	423	198	5	44.07	44.07	44.07
juego1	easy	40.0	0.008	118649	700	224	423	199	5	44.07	44.07	44.07
juego1	easy	40.0	0.008	118658	700	224	423	199	5	44.07	44.07	44.07
juego1	easy	40.0	0.008	118666	700	224	423	199	5	44.07	44.07	44.07
juego1	easy	40.0	0.008	118674	700	224	423	199	5	44.07	44.07	44.07
juego1	easy	40.0	0.008	118682	700	224	423	199	5	44.07	44.07	44.07
juego1	easy	40.0	0.008	118691	700	224	423	199	5	44.07	44.07	44.07
juego1	easy	40.0	0.008	118700	700	224	423	199	5	44.07	44.07	44.07
juego1	easy	40.0	0.008	118709	700	223	423	200	5	44.07	44.07	44.07
juego1	easy	40.0	0.008	118717	700	223	423	200	5	44.08	44.08	44.08
juego1	easy	40.0	0.008	118726	700	223	423	200	5	44.08	44.08	44.08
juego1	easy	40.0	0.008	118735	700	223	423	200	5	44.07	44.07	44.07
juego1	easy	40.0	0.008	118744	700	223	423	200	5	44.07	44.07	44.07
juego1	easy	40.0	0.008	118753	700	223	423	200	5	44.07	44.07	44.07
juego1	easy	40.0	0.008	118762	700	223	423	200	5	44.07	44.07	44.07
juego1	easy	40.0	0.008	118771	700	223	423	200	5	44.07	44.07	44.07
juego1	easy	40.0	0.008	118780	700	223	423	200	5	44.07	44.07	44.07
juego1	easy	40.0	0.008	118789	700	222	423	201	5	44.07	44.07	44.07
juego1	easy	40.0	0.008	118798	700	222	423	201	5	44.08	44.08	44.08
juego1	easy	40.0	0.008	118806	700	222	423	201	5	44.08	44.08	44.08
juego1	easy	40.0	0.008	118815	700	222	423	201	5	44.08	44.08	44.08
juego1	easy	40.0	0.008	118824	700	222	423	201	5	44.07	44.07	44.07
juego1	easy	40.0	0.008	118833	700	222	423	201	5	44.08	44.08	44.08
juego1	easy	40.0	0.008	118841	700	222	423	201	5	44.07	44.07	44.07
juego1	easy	40.0	0.008	118850	700	222	423	201	5	44.07	44.07	44.07
juego1	easy	40.0	0.008	118859	700	222	423	201	5	44.07	44.07	44.07
juego1	easy	40.0	0.008	118868	700	222	423	201	5	44.07	44.07	44.07
juego1	easy	40.0	0.008	118876	700	222	423	201	5	44.07	44.07	44.07
juego1	easy	40.0	0.008	118885	700	222	423	201	5	44.07	44.07	44.07
juego1	easy	40.0	0.008	118894	700	221	423	202	5	44.07	44.07	44.07
juego1	easy	40.0	0.008	118901	700	221	423	202	5	44.07	44.07	44.07
juego1	easy	40.0	0.008	118911	700	221	423	202	5	44.07	44.07	44.07
juego1	easy	40.0	0.008	118918	700	221	423	202	5	44.07	44.07	44.07
juego1	easy	40.0	0.008	118927	700	221	423	202	5	44.07	44.07	44.07
juego1	easy	40.0	0.008	118936	700	221	423	202	5	44.06	44.06	44.06
juego1	easy	40.0	0.008	118943	700	221	423	202	5	44.07	44.07	44.07
juego1	easy	40.0	0.008	118952	700	221	423	202	5	44.07	44.07	44.07
juego1	easy	40.0	0.008	118961	700	221	423	202	5	44.07	44.07	44.07
juego1	easy	40.0	0.008	118969	700	221	423	202	5	44.07	44.07	44.07
juego1	easy	40.0	0.008	118978	700	221	423	202	5	44.07	44.07	44.07
juego1	easy	40.0	0.008	118987	700	221	423	202	5	44.07	44.07	44.07
juego1	easy	40.0	0.008	118996	700	221	423	202	5	44.07	44.07	44.07
juego1	easy	40.0	0.008	119004	700	221	423	202	5	44.08	44.08	44.08
juego1	easy	40.0	0.008	119012	700	221	423	202	5	44.07	44.07	44.07
juego1	easy	40.0	0.008	119021	700	221	423	202	5	44.07	44.07	44.07
juego1	easy	40.0	0.008	119030	700	221	423	202	5	44.08	44.08	44.08
juego1	easy	40.0	0.008	119038	700	221	423	202	5	44.07	44.07	44.07
juego1	easy	40.0	0.008	119048	700	221	423	202	5	44.07	44.07	44.07
juego1	easy	40.0	0.008	119056	700	221	423	202	5	44.07	44.07	44.07
juego1	easy	40.0	0.008	119064	700	221	423	202	5	44.07	44.07	44.07
juego1	easy	40.0	0.008	119073	700	221	423	202	5	44.08	44.08	44.08
juego1	easy	40.0	0.008	119082	700	221	423	202	5	44.07	44.07	44.07
juego1	easy	40.0	0.008	119091	700	221	423	202	5	44.07	44.07	44.07
juego1	easy	40.0	0.008	119099	700	221	423	202	5	44.07	44.07	44.07
juego1	easy	40.0	0.008	119106	700	221	423	202	5	44.08	44.08	44.08
juego1	easy	40.0	0.008	119115	700	221	423	202	5	44.07	44.07	44.07
juego1	easy	40.0	0.008	119124	700	221	423	202	5	44.07	44.07	44.07
juego1	easy	40.0	0.008	119133	700	221	423	202	5	44.07	44.07	44.07
juego1	easy	40.0	0.008	119141	700	221	423	202	5	44.08	44.08	44.08
juego1	easy	40.0	0.008	119150	700	221	423	202	5	44.08	44.08	44.08
juego1	easy	40.0	0.008	119158	700	221	423	202	5	44.07	44.07	44.07
juego1	easy	40.0	0.008	119167	700	221	423	202	5	44.07	44.07	44.07
juego1	easy	40.0	0.008	119176	700	221	423	202	5	44.08	44.08	44.08
juego1	easy	40.0	0.008	119186	700	221	423	202	5	44.08	44.08	44.08
juego1	easy	40.0	0.008	119193	700	221	423	202	5	44.07	44.07	44.07
juego1	easy	40.0	0.008	119202	700	221	423	202	5	44.08	44.08	44.08
juego1	easy	40.0	0.008	119211	700	221	423	202	5	44.08	44.08	44.08
juego1	easy	40.0	0.008	119218	700	221	423	202	5	44.08	44.08	44.08
juego1	easy	40.0	0.008	119227	700	221	423	202	5	44.08	44.08	44.08
juego1	easy	40.0	0.008	119236	700	221	423	202	5	44.07	44.07	44.07
juego1	easy	40.0	0.008	119243	700	221	423	202	5	44.08	44.08	44.08
juego1	easy	40.0	0.008	119252	700	221	423	202	5	44.08	44.08	44.08
juego1	easy	40.0	0.008	119261	700	221	423	202	5	44.08	44.08	44.08
juego1	easy	40.0	0.008	119270	700	221	423	202	5	44.07	44.07	44.07
juego1	easy	40.0	0.008	119279	700	221	423	202	5	44.08	44.08	44.08
juego1	easy	40.0	0.008	119288	700	222	423	201	5	44.09	44.09	44.09
juego1	easy	40.0	0.008	119297	700	222	423	201	5	44.08	44.08	44.08
juego1	easy	40.0	0.008	119305	700	222	423	201	5	44.08	44.08	44.08
juego1	easy	40.0	0.008	119314	700	222	423	201	5	44.08	44.08	44.08
juego1	easy	40.0	0.008	119322	700	222	423	201	5	44.08	44.08	44.08
juego1	easy	40.0	0.008	119331	700	222	423	201	5	44.08	44.08	44.08
juego1	easy	40.0	0.008	119339	700	222	423	201	5	44.08	44.08	44.08
juego1	easy	40.0	0.008	119348	700	222	423	201	5	44.08	44.08	44.08
juego1	easy	40.0	0.008	119357	700	222	423	201	5	44.08	44.08	44.08
juego1	easy	40.0	0.008	119366	700	222	423	201	5	44.08	44.08	44.08
juego1	easy	40.0	0.008	119374	700	222	423	201	5	44.08	44.08	44.08
juego1	easy	40.0	0.008	119383	700	222	423	201	5	44.08	44.08	44.08
juego1	easy	40.0	0.008	119392	700	223	423	200	5	44.08	44.08	44.08
juego1	easy	40.0	0.008	119400	700	223	423	200	5	44.08	44.08	44.08
juego1	easy	40.0	0.008	119407	700	223	423	200	5	44.07	44.07	44.07
juego1	easy	40.0	0.008	119416	700	223	423	200	5	44.07	44.07	44.07
juego1	easy	40.0	0.008	119425	700	223	423	200	5	44.07	44.07	44.07
juego1	easy	40.0	0.008	119432	700	223	423	200	5	44.08	44.08	44.08
juego1	easy	40.0	0.008	119440	700	223	423	200	5	44.07	44.07	44.07
juego1	easy	40.0	0.008	119450	700	223	423	200	5	44.07	44.07	44.07
juego1	easy	40.0	0.008	119458	700	224	423	199	5	44.07	44.07	44.07
juego1	easy	40.0	0.008	119467	700	224	423	199	5	44.07	44.07	44.07
juego1	easy	40.0	0.008	119475	700	224	423	199	5	44.07	44.07	44.07
juego1	easy	40.0	0.008	119485	700	224	423	199	5	44.07	44.07	44.07
juego1	easy	40.0	0.008	119493	700	224	423	199	5	44.07	44.07	44.07
juego1	easy	40.0	0.008	119501	700	224	423	199	5	44.07	44.07	44.07
juego1	easy	40.0	0.008	119510	700	224	423	199	5	44.07	44.07	44.07
juego1	easy	40.0	0.008	119519	700	224	423	199	5	44.07	44.07	44.07
juego1	easy	40.0	0.008	119528	700	225	423	198	5	44.07	44.07	44.07
juego1	easy	40.0	0.008	119536	700	225	423	198	5	44.07	44.07	44.07
juego1	easy	40.0	0.008	119545	700	225	423	198	5	44.07	44.07	44.07
juego1	easy	40.0	0.008	119554	700	225	423	198	5	44.07	44.07	44.07
juego1	easy	40.0	0.008	119562	700	225	423	198	5	44.07	44.07	44.07
juego1	easy	40.0	0.008	119571	700	225	423	198	5	44.07	44.07	44.07
juego1	easy	40.0	0.008	119580	700	226	423	197	5	44.07	44.07	44.07
juego1	easy	40.0	0.008	119588	700	226	423	197	5	44.07	44.07	44.07
juego1	easy	40.0	0.008	119596	700	226	423	197	5	44.07	44.07	44.07
juego1	easy	40.0	0.008	119605	700	226	423	197	5	44.07	44.07	44.07
juego1	easy	40.0	0.008	119614	700	226	423	197	5	44.07	44.07	44.07
juego1	easy	40.0	0.008	119623	700	226	423	197	5	44.07	44.07	44.07
juego1	easy	40.0	0.008	119631	700	227	423	196	5	44.07	44.07	44.07
juego1	easy	40.0	0.008	119640	700	227	423	196	5	44.07	44.07	44.07
juego1	easy	40.0	0.008	119649	700	227	423	196	5	44.07	44.07	44.07
juego1	easy	40.0	0.008	119658	700	227	423	196	5	44.07	44.07	44.07
juego1	easy	40.0	0.008	119668	700	227	423	196	5	44.07	44.07	44.07
juego1	easy	40.0	0.008	119676	700	228	423	195	5	44.07	44.07	44.07
juego1	easy	40.0	0.008	119685	700	228	423	195	5	44.08	44.08	44.08
juego1	easy	40.0	0.008	119693	700	228	423	195	5	44.07	44.07	44.07
juego1	easy	40.0	0.008	119702	700	228	423	195	5	44.07	44.07	44.07
juego1	easy	40.0	0.008	119711	700	228	423	195	5	44.08	44.08	44.08
juego1	easy	40.0	0.008	119720	700	229	423	194	5	44.08	44.08	44.08
juego1	easy	40.0	0.008	119728	700	229	423	194	5	44.07	44.07	44.07
juego1	easy	40.0	0.008	119737	700	229	423	194	5	44.08	44.08	44.08
juego1	easy	40.0	0.008	119745	700	229	423	194	5	44.08	44.08	44.08
juego1	easy	40.0	0.008	119753	700	229	423	194	5	44.08	44.08	44.08
juego1	easy	40.0	0.008	119763	700	230	423	193	5	44.08	44.08	44.08
juego1	easy	40.0	0.008	119771	700	230	423	193	5	44.08	44.08	44.08
juego1	easy	40.0	0.008	119780	700	230	423	193	5	44.08	44.08	44.08
juego1	easy	40.0	0.008	119789	700	230	423	193	5	44.08	44.08	44.08
juego1	easy	40.0	0.008	119796	700	231	423	192	5	44.08	44.08	44.08
juego1	easy	40.0	0.008	119805	700	231	423	192	5	44.08	44.08	44.08
juego1	easy	40.0	0.008	119812	700	231	423	192	5	44.08	44.08	44.08
juego1	easy	40.0	0.008	119821	700	231	423	192	5	44.08	44.08	44.08
juego1	easy	40.0	0.008	119830	700	232	423	191	5	44.07	44.07	44.07
juego1	easy	40.0	0.008	119839	700	232	423	191	5	44.08	44.08	44.08
juego1	easy	40.0	0.008	119848	700	232	423	191	5	44.08	44.08	44.08
juego1	easy	40.0	0.008	119857	700	232	423	191	5	44.08	44.08	44.08
juego1	easy	40.0	0.008	119865	700	232	423	191	5	44.07	44.07	44.07
juego1	easy	40.0	0.008	119874	700	233	423	190	5	44.07	44.07	44.07
juego1	easy	40.0	0.008	119883	700	233	423	190	5	44.07	44.07	44.07
juego1	easy	40.0	0.008	119890	700	233	423	190	5	44.07	44.07	44.07
juego1	easy	40.0	0.008	119899	700	233	423	190	5	44.07	44.07	44.07
juego1	easy	40.0	0.008	119907	700	234	423	189	5	44.07	44.07	44.07
juego1	easy	40.0	0.008	119916	700	234	423	189	5	44.07	44.07	44.07
juego1	easy	40.0	0.008	119924	700	234	423	189	5	44.07	44.07	44.07
juego1	easy	40.0	0.008	119933	700	235	423	188	5	44.07	44.07	44.07
juego1	easy	40.0	0.008	119942	700	235	423	188	5	44.07	44.07	44.07
juego1	easy	40.0	0.008	119950	700	235	423	188	5	44.07	44.07	44.07
juego1	easy	40.0	0.008	119959	700	235	423	188	5	44.07	44.07	44.07
juego1	easy	40.0	0.008	119966	700	236	423	187	5	44.07	44.07	44.07
juego1	easy	40.0	0.008	119975	700	236	423	187	5	44.07	44.07	44.07
juego1	easy	40.0	0.008	119983	700	236	423	187	5	44.07	44.07	44.07
juego1	easy	40.0	0.008	119992	700	236	423	187	5	44.07	44.07	44.07
juego1	easy	40.0	0.008	120000	700	237	423	186	5	44.07	44.07	44.07
juego1	easy	40.0	0.008	120009	700	237	423	186	5	44.07	44.07	44.07
juego1	easy	40.0	0.008	120017	700	237	423	186	5	44.07	44.07	44.07
juego1	easy	40.0	0.008	120026	700	238	423	185	5	44.07	44.07	44.07
juego1	easy	40.0	0.008	120035	700	238	423	185	5	44.07	44.07	44.07
juego1	easy	40.0	0.008	120045	700	238	423	185	5	44.07	44.07	44.07
juego1	easy	40.0	0.008	120052	700	238	423	185	5	44.07	44.07	44.07
juego1	easy	40.0	0.008	120060	700	239	423	184	5	44.07	44.07	44.07
juego1	easy	40.0	0.008	120069	700	239	423	184	5	44.07	44.07	44.07
juego1	easy	40.0	0.008	120078	700	239	423	184	5	44.07	44.07	44.07
juego1	easy	40.0	0.008	120087	700	240	423	183	5	44.07	44.07	44.07
juego1	easy	40.0	0.008	120095	700	240	423	183	5	44.07	44.07	44.07
juego1	easy	40.0	0.008	120104	700	240	423	183	5	44.07	44.07	44.07
juego1	easy	40.0	0.008	120112	700	241	423	182	5	44.07	44.07	44.07
juego1	easy	40.0	0.008	120121	700	241	423	182	5	44.07	44.07	44.07
juego1	easy	40.0	0.008	120129	700	241	423	182	5	44.07	44.07	44.07
juego1	easy	40.0	0.008	120136	700	241	423	182	5	44.07	44.07	44.07
juego1	easy	40.0	0.008	120145	700	242	423	181	5	44.07	44.07	44.07
juego1	easy	40.0	0.008	120154	700	242	423	181	5	44.07	44.07	44.07
juego1	easy	40.0	0.008	120163	700	242	423	181	5	44.07	44.07	44.07
juego1	easy	40.0	0.008	120172	700	243	423	180	5	44.07	44.07	44.07
juego1	easy	40.0	0.008	120181	700	243	423	180	5	44.07	44.07	44.07
juego1	easy	40.0	0.008	120190	700	243	423	180	5	44.07	44.07	44.07
juego1	easy	40.0	0.008	120198	700	244	423	179	5	44.07	44.07	44.07
juego1	easy	40.0	0.008	120207	700	244	423	179	5	44.07	44.07	44.07
juego1	easy	40.0	0.008	120214	700	244	423	179	5	44.07	44.07	44.07
juego1	easy	40.0	0.008	120223	700	245	423	178	5	44.07	44.07	44.07
juego1	easy	40.0	0.008	120232	700	245	423	178	5	44.06	44.06	44.06
juego1	easy	40.0	0.008	120240	700	245	423	178	5	44.06	44.06	44.06
juego1	easy	40.0	0.008	120249	700	246	423	177	5	44.07	44.07	44.07
juego1	easy	40.0	0.008	120258	700	246	423	177	5	44.07	44.07	44.07
juego1	easy	40.0	0.008	120265	700	246	423	177	5	44.06	44.06	44.06
juego1	easy	40.0	0.008	120274	700	247	423	176	5	44.06	44.06	44.06
juego1	easy	40.0	0.008	120283	700	247	423	176	5	44.07	44.07	44.07
juego1	easy	40.0	0.008	120292	700	247	423	176	5	44.07	44.07	44.07
juego1	easy	40.0	0.008	120301	700	248	423	175	5	44.07	44.07	44.07
juego1	easy	40.0	0.008	120309	700	248	423	175	5	44.07	44.07	44.07
juego1	easy	40.0	0.008	120317	700	248	423	175	5	44.07	44.07	44.07
juego1	easy	40.0	0.008	120325	700	249	423	174	5	44.07	44.07	44.07
juego1	easy	40.0	0.008	120334	700	249	423	174	5	44.07	44.07	44.07
juego1	easy	40.0	0.008	120343	700	249	423	174	5	44.07	44.07	44.07
juego1	easy	40.0	0.008	120351	700	250	423	173	5	44.07	44.07	44.07
juego1	easy	40.0	0.008	120360	700	250	423	173	5	44.07	44.07	44.07
juego1	easy	40.0	0.008	120371	700	250	423	173	5	44.07	44.07	44.07
juego1	easy	40.0	0.008	120377	700	251	423	172	5	44.07	44.07	44.07
juego1	easy	40.0	0.008	120386	700	251	423	172	5	44.07	44.07	44.07
juego1	easy	40.0	0.008	120396	700	251	423	172	5	44.07	44.07	44.07
juego1	easy	40.0	0.008	120404	700	252	423	171	5	44.07	44.07	44.07
juego1	easy	40.0	0.008	120412	700	252	423	171	5	44.07	44.07	44.07
juego1	easy	40.0	0.008	120421	700	253	423	170	5	44.07	44.07	44.07
juego1	easy	40.0	0.008	120429	700	253	423	170	5	44.07	44.07	44.07
juego1	easy	40.0	0.008	120437	700	253	423	170	5	44.07	44.07	44.07
juego1	easy	40.0	0.008	120446	700	254	423	169	5	44.07	44.07	44.07
juego1	easy	40.0	0.008	120456	700	254	423	169	5	44.06	44.06	44.06
juego1	easy	40.0	0.008	120462	700	254	423	169	5	44.06	44.06	44.06
juego1	easy	40.0	0.008	120471	700	255	423	168	5	44.06	44.06	44.06
juego1	easy	40.0	0.008	120479	700	255	423	168	5	44.07	44.07	44.07
juego1	easy	40.0	0.008	120488	700	255	423	168	5	44.07	44.07	44.07
juego1	easy	40.0	0.008	120497	700	256	423	167	5	44.07	44.07	44.07
juego1	easy	40.0	0.008	120506	700	256	423	167	5	44.07	44.07	44.07
juego1	easy	40.0	0.008	120516	700	256	423	167	5	44.07	44.07	44.07
juego1	easy	40.0	0.008	120523	700	257	423	166	5	44.07	44.07	44.07
juego1	easy	40.0	0.008	120532	700	257	423	166	5	44.07	44.07	44.07
juego1	easy	40.0	0.008	120540	700	258	423	165	5	44.07	44.07	44.07
juego1	easy	40.0	0.008	120549	700	258	423	165	5	44.07	44.07	44.07
juego1	easy	40.0	0.008	120558	700	258	423	165	5	44.07	44.07	44.07
juego1	easy	40.0	0.008	120567	700	259	423	164	5	44.07	44.07	44.07
juego1	easy	40.0	0.008	120575	700	259	423	164	5	44.07	44.07	44.07
juego1	easy	40.0	0.008	120584	700	259	423	164	5	44.07	44.07	44.07
juego1	easy	40.0	0.008	120591	700	260	423	163	5	44.07	44.07	44.07
juego1	easy	40.0	0.008	120600	700	260	423	163	5	44.07	44.07	44.07
juego1	easy	40.0	0.008	120609	700	261	423	162	5	44.07	44.07	44.07
juego1	easy	40.0	0.008	120618	700	261	423	162	5	44.07	44.07	44.07
juego1	easy	40.0	0.008	120627	700	261	423	162	5	44.07	44.07	44.07
juego1	easy	40.0	0.008	120635	700	262	423	161	5	44.07	44.07	44.07
juego1	easy	40.0	0.008	120643	700	262	423	161	5	44.07	44.07	44.07
juego1	easy	40.0	0.008	120652	700	262	423	161	5	44.07	44.07	44.07
juego1	easy	40.0	0.008	120659	700	263	423	160	5	44.07	44.07	44.07
juego1	easy	40.0	0.008	120668	700	263	423	160	5	44.07	44.07	44.07
juego1	easy	40.0	0.008	120677	700	263	423	160	5	44.07	44.07	44.07
juego1	easy	40.0	0.008	120686	700	264	423	159	5	44.07	44.07	44.07
juego1	easy	40.0	0.008	120695	700	264	423	159	5	44.07	44.07	44.07
juego1	easy	40.0	0.008	120704	700	265	423	158	5	44.08	44.08	44.08
juego1	easy	40.0	0.008	120711	700	265	423	158	5	44.07	44.07	44.07
juego1	easy	40.0	0.008	120720	700	265	423	158	5	44.08	44.08	44.08
juego1	easy	40.0	0.008	120729	700	266	423	157	5	44.08	44.08	44.08
juego1	easy	40.0	0.008	120738	700	266	423	157	5	44.08	44.08	44.08
juego1	easy	40.0	0.008	120747	700	266	423	157	5	44.08	44.08	44.08
juego1	easy	40.0	0.008	120756	700	267	423	156	5	44.08	44.08	44.08
juego1	easy	40.0	0.008	120763	700	267	423	156	5	44.08	44.08	44.08
juego1	easy	40.0	0.008	120771	700	268	423	155	5	44.08	44.08	44.08
juego1	easy	40.0	0.008	120780	700	268	423	155	5	44.08	44.08	44.08
juego1	easy	40.0	0.008	120788	700	269	423	154	5	44.08	44.08	44.08
juego1	easy	40.0	0.008	120797	700	269	423	154	5	44.08	44.08	44.08
juego1	easy	40.0	0.008	120807	700	270	423	153	5	44.08	44.08	44.08
juego1	easy	40.0	0.008	120813	700	271	423	152	5	44.08	44.08	44.08
juego1	easy	40.0	0.008	120822	700	271	423	152	5	44.08	44.08	44.08
juego1	easy	40.0	0.008	120832	700	272	423	151	5	44.08	44.08	44.08
juego1	easy	40.0	0.008	120839	700	272	423	151	5	44.08	44.08	44.08
juego1	easy	40.0	0.008	120848	700	273	423	150	5	44.08	44.08	44.08
juego1	easy	40.0	0.008	120857	700	274	423	149	5	44.08	44.08	44.08
juego1	easy	40.0	0.008	120864	700	274	423	149	5	44.08	44.08	44.08
juego1	easy	40.0	0.008	120873	700	275	423	148	5	44.08	44.08	44.08
juego1	easy	40.0	0.008	120882	700	275	423	148	5	44.08	44.08	44.08
juego1	easy	40.0	0.008	120891	700	276	423	147	5	44.08	44.08	44.08
juego1	easy	40.0	0.008	120900	700	276	423	147	5	44.08	44.08	44.08
juego1	easy	40.0	0.008	120909	700	277	423	146	5	44.08	44.08	44.08
juego1	easy	40.0	0.008	120918	700	278	423	145	5	44.08	44.08	44.08
juego1	easy	40.0	0.008	120927	700	278	423	145	5	44.08	44.08	44.08
juego1	easy	40.0	0.008	120936	700	279	423	144	5	44.08	44.08	44.08
juego1	easy	40.0	0.008	120945	700	279	423	144	5	44.08	44.08	44.08
juego1	easy	40.0	0.008	120954	700	280	423	143	5	44.08	44.08	44.08
juego1	easy	40.0	0.008	120962	700	280	423	143	5	44.08	44.08	44.08
juego1	easy	40.0	0.008	120970	700	281	423	142	5	44.08	44.08	44.08
juego1	easy	40.0	0.008	120979	700	282	423	141	5	44.08	44.08	44.08
juego1	easy	40.0	0.008	120987	700	282	423	141	5	44.08	44.08	44.08
juego1	easy	40.0	0.008	120996	700	283	423	140	5	44.08	44.08	44.08
juego1	easy	40.0	0.008	121004	700	283	423	140	5	44.08	44.08	44.08
juego1	easy	40.0	0.008	121012	700	284	423	139	5	44.08	44.08	44.08
juego1	easy	40.0	0.008	121021	700	285	423	138	5	44.08	44.08	44.08
juego1	easy	40.0	0.008	121030	700	285	423	138	5	44.08	44.08	44.08
juego1	easy	40.0	0.008	121039	700	286	423	137	5	44.08	44.08	44.08
juego1	easy	40.0	0.008	121048	700	286	423	137	5	44.08	44.08	44.08
juego1	easy	40.0	0.008	121057	700	287	423	136	5	44.08	44.08	44.08
juego1	easy	40.0	0.008	121066	700	287	423	136	5	44.08	44.08	44.08
juego1	easy	40.0	0.008	121074	700	288	423	135	5	44.08	44.08	44.08
juego1	easy	40.0	0.008	121082	700	288	423	135	5	44.08	44.08	44.08
juego1	easy	40.0	0.008	121089	700	289	423	134	5	44.08	44.08	44.08
juego1	easy	40.0	0.008	121097	700	290	423	133	5	44.08	44.08	44.08
juego1	easy	40.0	0.008	121105	700	290	423	133	5	44.08	44.08	44.08
juego1	easy	40.0	0.008	121113	700	291	423	132	5	44.08	44.08	44.08
juego1	easy	40.0	0.008	121122	700	291	423	132	5	44.08	44.08	44.08
juego1	easy	40.0	0.008	121130	700	292	423	131	5	44.08	44.08	44.08
juego1	easy	40.0	0.008	121138	700	292	423	131	5	44.08	44.08	44.08
juego1	easy	40.0	0.008	121147	700	293	423	130	5	44.08	44.08	44.08
juego1	easy	40.0	0.008	121156	700	293	423	130	5	44.08	44.08	44.08
juego1	easy	40.0	0.008	121165	700	294	423	129	5	44.08	44.08	44.08
juego1	easy	40.0	0.008	121174	700	295	423	128	5	44.08	44.08	44.08
juego1	easy	40.0	0.008	121183	700	295	423	128	5	44.08	44.08	44.08
juego1	easy	40.0	0.008	121191	700	296	423	127	5	44.08	44.08	44.08
juego1	easy	40.0	0.008	121199	700	296	423	127	5	44.08	44.08	44.08
juego1	easy	40.0	0.008	121208	700	297	423	126	5	44.08	44.08	44.08
juego1	easy	40.0	0.008	121216	700	297	423	126	5	44.08	44.08	44.08
juego1	easy	40.0	0.008	121225	700	298	423	125	5	44.08	44.08	44.08
juego1	easy	40.0	0.008	121232	700	298	423	125	5	44.08	44.08	44.08
juego1	easy	40.0	0.008	121241	700	299	423	124	5	44.08	44.08	44.08
juego1	easy	40.0	0.008	121249	700	299	423	124	5	44.08	44.08	44.08
juego1	easy	40.0	0.008	121257	700	300	423	123	5	44.08	44.08	44.08
juego1	easy	40.0	0.008	121265	700	300	423	123	5	44.08	44.08	44.08
juego1	easy	40.0	0.008	121274	700	300	423	123	5	44.07	44.07	44.07
juego1	easy	40.0	0.008	121282	700	300	423	123	5	44.07	44.07	44.07
juego1	easy	40.0	0.008	121290	700	301	423	122	5	44.07	44.07	44.07
juego1	easy	40.0	0.008	121299	700	301	423	122	5	44.08	44.08	44.08
juego1	easy	40.0	0.008	121307	700	302	423	121	5	44.08	44.08	44.08
juego1	easy	40.0	0.008	121315	700	303	423	120	5	44.07	44.07	44.07
juego1	easy	40.0	0.008	121324	700	303	423	120	5	44.07	44.07	44.07
juego1	easy	40.0	0.008	121333	700	304	423	119	5	44.07	44.07	44.07
juego1	easy	40.0	0.008	121342	700	304	423	119	5	44.07	44.07	44.07
juego1	easy	40.0	0.008	121351	700	305	423	118	5	44.07	44.07	44.07
juego1	easy	40.0	0.008	121360	700	305	423	118	5	44.07	44.07	44.07
juego1	easy	40.0	0.008	121369	700	306	423	117	5	44.08	44.08	44.08
juego1	easy	40.0	0.008	121378	700	306	423	117	5	44.08	44.08	44.08
juego1	easy	40.0	0.008	121387	700	307	423	116	5	44.08	44.08	44.08
juego1	easy	40.0	0.008	121396	700	307	423	116	5	44.08	44.08	44.08
juego1	easy	40.0	0.008	121405	700	307	423	116	5	44.07	44.07	44.07
juego1	easy	40.0	0.008	121413	700	308	423	115	5	44.08	44.08	44.08
juego1	easy	40.0	0.008	121422	700	308	423	115	5	44.08	44.08	44.08
juego1	easy	40.0	0.008	121431	700	309	423	114	5	44.08	44.08	44.08
juego1	easy	40.0	0.008	121440	700	309	423	114	5	44.08	44.08	44.08
juego1	easy	40.0	0.008	121449	700	310	423	113	5	44.08	44.08	44.08
juego1	easy	40.0	0.008	121456	700	310	423	113	5	44.08	44.08	44.08
juego1	easy	40.0	0.008	121465	700	311	423	112	5	44.08	44.08	44.08
juego1	easy	40.0	0.008	121474	700	311	423	112	5	44.08	44.08	44.08
juego1	easy	40.0	0.008	121482	700	312	423	111	5	44.08	44.08	44.08
juego1	easy	40.0	0.008	121489	700	312	423	111	5	44.08	44.08	44.08
juego1	easy	40.0	0.008	121498	700	313	423	110	5	44.08	44.08	44.08
juego1	easy	40.0	0.008	121507	700	313	423	110	5	44.08	44.08	44.08
juego1	easy	40.0	0.008	121515	700	314	423	109	5	44.08	44.08	44.08
juego1	easy	40.0	0.008	121524	700	314	423	109	5	44.07	44.07	44.07
juego1	easy	40.0	0.008	121533	700	314	423	109	5	44.07	44.07	44.07
juego1	easy	40.0	0.008	121542	700	315	423	108	5	44.07	44.07	44.07
juego1	easy	40.0	0.008	121551	700	315	423	108	5	44.07	44.07	44.07
juego1	easy	40.0	0.008	121558	700	316	423	107	5	44.08	44.08	44.08
juego1	easy	40.0	0.008	121566	700	316	423	107	5	44.08	44.08	44.08
juego1	easy	40.0	0.008	121575	700	317	423	106	5	44.08	44.08	44.08
juego1	easy	40.0	0.008	121583	700	317	423	106	5	44.08	44.08	44.08
juego1	easy	40.0	0.008	121592	700	317	423	106	5	44.08	44.08	44.08
juego1	easy	40.0	0.008	121600	700	318	423	105	5	44.08	44.08	44.08
juego1	easy	40.0	0.008	121609	700	318	423	105	5	44.08	44.08	44.08
juego1	easy	40.0	0.008	121618	700	319	423	104	5	44.08	44.08	44.08
juego1	easy	40.0	0.008	121627	700	319	423	104	5	44.08	44.08	44.08
juego1	easy	40.0	0.008	121634	700	320	423	103	5	44.08	44.08	44.08
juego1	easy	40.0	0.008	121643	700	320	423	103	5	44.08	44.08	44.08
juego1	easy	40.0	0.008	121651	700	320	423	103	5	44.07	44.07	44.07
juego1	easy	40.0	0.008	121659	700	321	423	102	5	44.07	44.07	44.07
juego1	easy	40.0	0.008	121666	700	321	423	102	5	44.07	44.07	44.07
juego1	easy	40.0	0.008	121675	700	322	423	101	5	44.07	44.07	44.07
juego1	easy	40.0	0.008	121683	700	322	423	101	5	44.07	44.07	44.07
juego1	easy	40.0	0.008	121692	700	322	423	101	5	44.07	44.07	44.07
juego1	easy	40.0	0.008	121701	700	323	423	100	5	44.07	44.07	44.07
juego1	easy	40.0	0.008	121710	700	323	423	100	5	44.08	44.08	44.08
juego1	easy	40.0	0.008	121719	700	323	423	100	5	44.08	44.08	44.08
juego1	easy	40.0	0.008	121728	700	324	423	99	5	44.07	44.07	44.07
juego1	easy	40.0	0.008	121735	700	324	423	99	5	44.07	44.07	44.07
juego1	easy	40.0	0.008	121744	700	324	423	99	5	44.07	44.07	44.07
juego1	easy	40.0	0.008	121751	700	325	423	98	5	44.07	44.07	44.07
juego1	easy	40.0	0.008	121760	700	325	423	98	5	44.07	44.07	44.07
juego1	easy	40.0	0.008	121769	700	326	423	97	5	44.07	44.07	44.07
juego1	easy	40.0	0.008	121778	700	326	423	97	5	44.07	44.07	44.07
juego1	easy	40.0	0.008	121787	700	326	423	97	5	44.07	44.07	44.07
juego1	easy	40.0	0.008	121795	700	327	423	96	5	44.07	44.07	44.07
juego1	easy	40.0	0.008	121804	700	327	423	96	5	44.07	44.07	44.07
juego1	easy	40.0	0.008	121812	700	327	423	96	5	44.07	44.07	44.07
juego1	easy	40.0	0.008	121820	700	328	423	95	5	44.07	44.07	44.07
juego1	easy	40.0	0.008	121828	700	328	423	95	5	44.07	44.07	44.07
juego1	easy	40.0	0.008	121837	700	328	423	95	5	44.07	44.07	44.07
juego1	easy	40.0	0.008	121846	700	329	423	94	5	44.07	44.07	44.07
juego1	easy	40.0	0.008	121854	700	329	423	94	5	44.07	44.07	44.07
juego1	easy	40.0	0.008	121863	700	329	423	94	5	44.07	44.07	44.07
juego1	easy	40.0	0.008	121872	700	329	423	94	5	44.07	44.07	44.07
juego1	easy	40.0	0.008	121879	700	330	423	93	5	44.08	44.08	44.08
juego1	easy	40.0	0.008	121888	700	330	423	93	5	44.08	44.08	44.08
juego1	easy	40.0	0.008	121897	700	330	423	93	5	44.08	44.08	44.08
juego1	easy	40.0	0.008	121906	700	331	423	92	5	44.08	44.08	44.08
juego1	easy	40.0	0.008	121914	700	331	423	92	5	44.07	44.07	44.07
juego1	easy	40.0	0.008	121923	700	331	423	92	5	44.07	44.07	44.07
juego1	easy	40.0	0.008	121932	700	331	423	92	5	44.08	44.08	44.08
juego1	easy	40.0	0.008	121941	700	332	423	91	5	44.07	44.07	44.07
juego1	easy	40.0	0.008	121950	700	332	423	91	5	44.06	44.06	44.06
juego1	easy	40.0	0.008	121959	700	332	423	91	5	44.08	44.08	44.08
juego1	easy	40.0	0.008	121966	700	332	423	91	5	44.08	44.08	44.08
juego1	easy	40.0	0.008	121975	700	333	423	90	5	44.08	44.08	44.08
juego1	easy	40.0	0.008	121984	700	333	423	90	5	44.09	44.09	44.09
juego1	easy	40.0	0.008	121993	700	333	423	90	5	44.08	44.08	44.08
juego1	easy	40.0	0.008	122001	700	333	423	90	5	44.08	44.08	44.08
juego1	easy	40.0	0.008	122009	700	334	423	89	5	44.08	44.08	44.08
juego1	easy	40.0	0.008	122018	700	334	423	89	5	44.08	44.08	44.08
juego1	easy	40.0	0.008	122027	700	334	423	89	5	44.08	44.08	44.08
juego1	easy	40.0	0.008	122036	700	334	423	89	5	44.08	44.08	44.08
juego1	easy	40.0	0.008	122045	700	335	423	88	5	44.08	44.08	44.08
juego1	easy	40.0	0.008	122054	700	335	423	88	5	44.08	44.08	44.08
juego1	easy	40.0	0.008	122063	700	335	423	88	5	44.08	44.08	44.08
juego1	easy	40.0	0.008	122070	700	335	423	88	5	44.08	44.08	44.08
juego1	easy	40.0	0.008	122079	700	335	423	88	5	44.08	44.08	44.08
juego1	easy	40.0	0.008	122087	700	336	423	87	5	44.08	44.08	44.08
juego1	easy	40.0	0.008	122095	700	336	423	87	5	44.08	44.08	44.08
juego1	easy	40.0	0.008	122103	700	336	423	87	5	44.08	44.08	44.08
juego1	easy	40.0	0.008	122112	700	336	423	87	5	44.08	44.08	44.08
juego1	easy	40.0	0.008	122121	700	336	423	87	5	44.08	44.08	44.08
juego1	easy	40.0	0.008	122130	700	337	423	86	5	44.08	44.08	44.08
juego1	easy	40.0	0.008	122139	700	337	423	86	5	44.08	44.08	44.08
juego1	easy	40.0	0.008	122146	700	337	423	86	5	44.08	44.08	44.08
juego1	easy	40.0	0.008	122155	700	337	423	86	5	44.08	44.08	44.08
juego1	easy	40.0	0.008	122164	700	337	423	86	5	44.08	44.08	44.08
juego1	easy	40.0	0.008	122172	700	337	423	86	5	44.08	44.08	44.08
juego1	easy	40.0	0.008	122180	700	337	423	86	5	44.08	44.08	44.08
juego1	easy	40.0	0.008	122189	700	338	423	85	5	44.08	44.08	44.08
juego1	easy	40.0	0.008	122197	700	338	423	85	5	44.08	44.08	44.08
juego1	easy	40.0	0.008	122206	700	338	423	85	5	44.08	44.08	44.08
juego1	easy	40.0	0.008	122215	700	338	423	85	5	44.08	44.08	44.08
juego1	easy	40.0	0.008	122223	700	338	423	85	5	44.08	44.08	44.08
juego1	easy	40.0	0.008	122230	700	338	423	85	5	44.08	44.08	44.08
juego1	easy	40.0	0.008	122238	700	338	423	85	5	44.08	44.08	44.08
juego1	easy	40.0	0.008	122247	700	338	423	85	5	44.08	44.08	44.08
juego1	easy	40.0	0.008	122256	700	339	423	84	5	44.08	44.08	44.08
juego1	easy	40.0	0.008	122264	700	339	423	84	5	44.08	44.08	44.08
juego1	easy	40.0	0.008	122272	700	339	423	84	5	44.08	44.08	44.08
juego1	easy	40.0	0.008	122281	700	339	423	84	5	44.08	44.08	44.08
juego1	easy	40.0	0.008	122289	700	339	423	84	5	44.08	44.08	44.08
juego1	easy	40.0	0.008	122297	700	339	423	84	5	44.08	44.08	44.08
juego1	easy	40.0	0.008	122306	700	339	423	84	5	44.08	44.08	44.08
juego1	easy	40.0	0.008	122314	700	339	423	84	5	44.09	44.09	44.09
juego1	easy	40.0	0.008	122322	700	339	423	84	5	44.09	44.09	44.09
juego1	easy	40.0	0.008	122331	700	339	423	84	5	44.08	44.08	44.08
juego1	easy	40.0	0.008	122339	700	339	423	84	5	44.09	44.09	44.09
juego1	easy	40.0	0.008	122347	700	339	423	84	5	44.09	44.09	44.09
juego1	easy	40.0	0.008	122356	700	339	423	84	5	44.09	44.09	44.09
juego1	easy	40.0	0.008	122364	700	340	423	83	5	44.08	44.08	44.08
juego1	easy	40.0	0.008	122372	700	340	423	83	5	44.08	44.08	44.08
juego1	easy	40.0	0.008	122380	700	340	423	83	5	44.08	44.08	44.08
juego1	easy	40.0	0.008	122388	700	340	423	83	5	44.09	44.09	44.09
juego1	easy	40.0	0.008	122397	700	340	423	83	5	44.09	44.09	44.09
juego1	easy	40.0	0.008	122405	700	340	423	83	5	44.09	44.09	44.09
juego1	easy	40.0	0.008	122413	700	340	423	83	5	44.09	44.09	44.09
juego1	easy	40.0	0.008	122421	700	340	423	83	5	44.09	44.09	44.09
juego1	easy	40.0	0.008	122430	700	340	423	83	5	44.09	44.09	44.09
juego1	easy	40.0	0.008	122438	700	340	423	83	5	44.09	44.09	44.09
juego1	easy	40.0	0.008	122447	700	340	423	83	5	44.09	44.09	44.09
juego1	easy	40.0	0.008	122455	700	340	423	83	5	44.09	44.09	44.09
juego1	easy	40.0	0.008	122463	700	340	423	83	5	44.09	44.09	44.09
juego1	easy	40.0	0.008	122472	700	340	423	83	5	44.09	44.09	44.09
juego1	easy	40.0	0.008	122480	700	340	423	83	5	44.09	44.09	44.09
juego1	easy	40.0	0.008	122488	700	340	423	83	5	44.09	44.09	44.09
juego1	easy	40.0	0.008	122497	700	340	423	83	5	44.09	44.09	44.09
juego1	easy	40.0	0.008	122505	700	340	423	83	5	44.09	44.09	44.09
juego1	easy	40.0	0.008	122514	700	340	423	83	5	44.09	44.09	44.09
juego1	easy	40.0	0.008	122523	700	339	423	84	5	44.09	44.09	44.09
juego1	easy	40.0	0.008	122532	700	339	423	84	5	44.09	44.09	44.09
juego1	easy	40.0	0.008	122540	700	339	423	84	5	44.09	44.09	44.09
juego1	easy	40.0	0.008	122549	700	339	423	84	5	44.09	44.09	44.09
juego1	easy	40.0	0.008	122558	700	339	423	84	5	44.09	44.09	44.09
juego1	easy	40.0	0.008	122567	700	339	423	84	5	44.09	44.09	44.09
juego1	easy	40.0	0.008	122576	700	339	423	84	5	44.09	44.09	44.09
juego1	easy	40.0	0.008	122586	700	339	423	84	5	44.09	44.09	44.09
juego1	easy	40.0	0.008	122594	700	339	423	84	5	44.09	44.09	44.09
juego1	easy	40.0	0.008	122603	700	339	423	84	5	44.09	44.09	44.09
juego1	easy	40.0	0.008	122612	700	339	423	84	5	44.09	44.09	44.09
juego1	easy	40.0	0.008	122621	700	339	423	84	5	44.09	44.09	44.09
juego1	easy	40.0	0.008	122629	700	339	423	84	5	44.09	44.09	44.09
juego1	easy	40.0	0.008	122638	700	338	423	85	5	44.09	44.09	44.09
juego1	easy	40.0	0.008	122646	700	338	423	85	5	44.1	44.1	44.1
juego1	easy	40.0	0.008	122655	700	338	423	85	5	44.09	44.09	44.09
juego1	easy	40.0	0.008	122663	700	338	423	85	5	44.09	44.09	44.09
juego1	easy	40.0	0.008	122672	700	338	423	85	5	44.09	44.09	44.09
juego1	easy	40.0	0.008	122681	700	338	423	85	5	44.09	44.09	44.09
juego1	easy	40.0	0.008	122689	700	338	423	85	5	44.09	44.09	44.09
juego1	easy	40.0	0.008	122698	700	338	423	85	5	44.08	44.08	44.08
juego1	easy	40.0	0.008	122707	700	337	423	86	5	44.08	44.08	44.08
juego1	easy	40.0	0.008	122715	700	337	423	86	5	44.08	44.08	44.08
juego1	easy	40.0	0.008	122724	700	337	423	86	5	44.08	44.08	44.08
juego1	easy	40.0	0.008	122733	700	337	423	86	5	44.08	44.08	44.08
juego1	easy	40.0	0.008	122742	700	337	423	86	5	44.08	44.08	44.08
juego1	easy	40.0	0.008	122751	700	337	423	86	5	44.09	44.09	44.09
juego1	easy	40.0	0.008	122759	700	337	423	86	5	44.09	44.09	44.09
juego1	easy	40.0	0.008	122768	700	336	423	87	5	44.08	44.08	44.08
juego1	easy	40.0	0.008	122777	700	336	423	87	5	44.09	44.09	44.09
juego1	easy	40.0	0.008	122784	700	336	423	87	5	44.09	44.09	44.09
juego1	easy	40.0	0.008	122792	700	336	423	87	5	44.08	44.08	44.08
juego1	easy	40.0	0.008	122801	700	336	423	87	5	44.09	44.09	44.09
juego1	easy	40.0	0.008	122809	700	335	423	88	5	44.09	44.09	44.09
juego1	easy	40.0	0.008	122818	700	335	423	88	5	44.09	44.09	44.09
juego1	easy	40.0	0.008	122827	700	335	423	88	5	44.08	44.08	44.08
juego1	easy	40.0	0.008	122835	700	335	423	88	5	44.08	44.08	44.08
juego1	easy	40.0	0.008	122844	700	335	423	88	5	44.08	44.08	44.08
juego1	easy	40.0	0.008	122852	700	334	423	89	5	44.08	44.08	44.08
juego1	easy	40.0	0.008	122861	700	334	423	89	5	44.07	44.07	44.07
juego1	easy	40.0	0.008	122869	700	334	423	89	5	44.07	44.07	44.07
juego1	easy	40.0	0.008	122877	700	334	423	89	5	44.07	44.07	44.07
juego1	easy	40.0	0.008	122886	700	333	423	90	5	44.07	44.07	44.07
juego1	easy	40.0	0.008	122894	700	333	423	90	5	44.07	44.07	44.07
juego1	easy	40.0	0.008	122903	700	333	423	90	5	44.07	44.07	44.07
juego1	easy	40.0	0.008	122912	700	333	423	90	5	44.07	44.07	44.07
juego1	easy	40.0	0.008	122919	700	332	423	91	5	44.08	44.08	44.08
juego1	easy	40.0	0.008	122928	700	332	423	91	5	44.07	44.07	44.07
juego1	easy	40.0	0.008	122935	700	332	423	91	5	44.07	44.07	44.07
juego1	easy	40.0	0.008	122944	700	332	423	91	5	44.07	44.07	44.07
juego1	easy	40.0	0.008	122952	700	331	423	92	5	44.08	44.08	44.08
juego1	easy	40.0	0.008	122962	700	331	423	92	5	44.07	44.07	44.07
juego1	easy	40.0	0.008	122970	700	331	423	92	5	44.07	44.07	44.07
juego1	easy	40.0	0.008	122979	700	331	423	92	5	44.07	44.07	44.07
juego1	easy	40.0	0.008	122988	700	330	423	93	5	44.08	44.08	44.08
juego1	easy	40.0	0.008	122996	700	330	423	93	5	44.08	44.08	44.08
juego1	easy	40.0	0.008	123005	700	330	423	93	5	44.08	44.08	44.08
juego1	easy	40.0	0.008	123014	700	329	423	94	5	44.07	44.07	44.07
juego1	easy	40.0	0.008	123023	700	329	423	94	5	44.07	44.07	44.07
juego1	easy	40.0	0.008	123031	700	329	423	94	5	44.07	44.07	44.07
juego1	easy	40.0	0.008	123040	700	329	423	94	5	44.07	44.07	44.07
juego1	easy	40.0	0.008	123049	700	328	423	95	5	44.07	44.07	44.07
juego1	easy	40.0	0.008	123057	700	328	423	95	5	44.07	44.07	44.07
juego1	easy	40.0	0.008	123066	700	328	423	95	5	44.07	44.07	44.07
juego1	easy	40.0	0.008	123074	700	327	423	96	5	44.07	44.07	44.07
juego1	easy	40.0	0.008	123082	700	327	423	96	5	44.07	44.07	44.07
juego1	easy	40.0	0.008	123091	700	327	423	96	5	44.07	44.07	44.07
juego1	easy	40.0	0.008	123099	700	326	423	97	5	44.07	44.07	44.07
juego1	easy	40.0	0.008	123108	700	326	423	97	5	44.07	44.07	44.07
juego1	easy	40.0	0.008	123117	700	326	423	97	5	44.08	44.08	44.08
juego1	easy	40.0	0.008	123125	700	325	423	98	5	44.08	44.08	44.08
juego1	easy	40.0	0.008	123133	700	325	423	98	5	44.08	44.08	44.08
juego1	easy	40.0	0.008	123142	700	325	423	98	5	44.08	44.08	44.08
juego1	easy	40.0	0.008	123151	700	324	423	99	5	44.08	44.08	44.08
juego1	easy	40.0	0.008	123158	700	324	423	99	5	44.08	44.08	44.08
juego1	easy	40.0	0.008	123167	700	323	423	100	5	44.08	44.08	44.08
juego1	easy	40.0	0.008	123175	700	323	423	100	5	44.08	44.08	44.08
juego1	easy	40.0	0.008	123183	700	323	423	100	5	44.08	44.08	44.08
juego1	easy	40.0	0.008	123192	700	322	423	101	5	44.08	44.08	44.08
juego1	easy	40.0	0.008	123200	700	322	423	101	5	44.08	44.08	44.08
juego1	easy	40.0	0.008	123209	700	322	423	101	5	44.08	44.08	44.08
juego1	easy	40.0	0.008	123216	700	321	423	102	5	44.08	44.08	44.08
juego1	easy	40.0	0.008	123225	700	321	423	102	5	44.07	44.07	44.07
juego1	easy	40.0	0.008	123232	700	320	423	103	5	44.08	44.08	44.08
juego1	easy	40.0	0.008	123240	700	320	423	103	5	44.08	44.08	44.08
juego1	easy	40.0	0.008	123249	700	320	423	103	5	44.07	44.07	44.07
juego1	easy	40.0	0.008	123257	700	319	423	104	5	44.08	44.08	44.08
juego1	easy	40.0	0.008	123266	700	319	423	104	5	44.08	44.08	44.08
juego1	easy	40.0	0.008	123274	700	318	423	105	5	44.08	44.08	44.08
juego1	easy	40.0	0.008	123281	700	318	423	105	5	44.07	44.07	44.07
juego1	easy	40.0	0.008	123290	700	318	423	105	5	44.08	44.08	44.08
juego1	easy	40.0	0.008	123299	700	317	423	106	5	44.08	44.08	44.08
juego1	easy	40.0	0.008	123307	700	317	423	106	5	44.08	44.08	44.08
juego1	easy	40.0	0.008	123315	700	316	423	107	5	44.08	44.08	44.08
juego1	easy	40.0	0.008	123322	700	316	423	107	5	44.08	44.08	44.08
juego1	easy	40.0	0.008	123332	700	315	423	108	5	44.08	44.08	44.08
juego1	easy	40.0	0.008	123339	700	315	423	108	5	44.08	44.08	44.08
juego1	easy	40.0	0.008	123347	700	315	423	108	5	44.08	44.08	44.08
juego1	easy	40.0	0.008	123356	700	314	423	109	5	44.08	44.08	44.08
juego1	easy	40.0	0.008	123364	700	314	423	109	5	44.08	44.08	44.08
juego1	easy	40.0	0.008	123373	700	313	423	110	5	44.08	44.08	44.08
juego1	easy	40.0	0.008	123382	700	313	423	110	5	44.07	44.07	44.07
juego1	easy	40.0	0.008	123389	700	312	423	111	5	44.07	44.07	44.07
juego1	easy	40.0	0.008	123398	700	312	423	111	5	44.07	44.07	44.07
juego1	easy	40.0	0.008	123405	700	311	423	112	5	44.07	44.07	44.07
juego1	easy	40.0	0.008	123414	700	311	423	112	5	44.07	44.07	44.07
juego1	easy	40.0	0.008	123422	700	310	423	113	5	44.07	44.07	44.07
juego1	easy	40.0	0.008	123431	700	310	423	113	5	44.07	44.07	44.07
juego1	easy	40.0	0.008	123440	700	309	423	114	5	44.07	44.07	44.07
juego1	easy	40.0	0.008	123449	700	309	423	114	5	44.07	44.07	44.07
juego1	easy	40.0	0.008	123457	700	309	423	114	5	44.07	44.07	44.07
juego1	easy	40.0	0.008	123466	700	308	423	115	5	44.07	44.07	44.07
juego1	easy	40.0	0.008	123474	700	308	423	115	5	44.08	44.08	44.08
juego1	easy	40.0	0.008	123483	700	307	423	116	5	44.08	44.08	44.08
juego1	easy	40.0	0.008	123492	700	307	423	116	5	44.08	44.08	44.08
juego1	easy	40.0	0.008	123500	700	306	423	117	5	44.07	44.07	44.07
juego1	easy	40.0	0.008	123509	700	306	423	117	5	44.07	44.07	44.07
juego1	easy	40.0	0.008	123518	700	305	423	118	5	44.07	44.07	44.07
juego1	easy	40.0	0.008	123526	700	305	423	118	5	44.07	44.07	44.07
juego1	easy	40.0	0.008	123535	700	304	423	119	5	44.07	44.07	44.07
juego1	easy	40.0	0.008	123544	700	304	423	119	5	44.07	44.07	44.07
juego1	easy	40.0	0.008	123552	700	303	423	120	5	44.07	44.07	44.07
juego1	easy	40.0	0.008	123561	700	303	423	120	5	44.07	44.07	44.07
juego1	easy	40.0	0.008	123569	700	302	423	121	5	44.07	44.07	44.07
juego1	easy	40.0	0.008	123577	700	302	423	121	5	44.07	44.07	44.07
juego1	easy	40.0	0.008	123586	700	301	423	122	5	44.07	44.07	44.07
juego1	easy	40.0	0.008	123594	700	301	423	122	5	44.07	44.07	44.07
juego1	easy	40.0	0.008	123603	700	300	423	123	5	44.07	44.07	44.07
juego1	easy	40.0	0.008	123610	700	300	423	123	5	44.07	44.07	44.07
juego1	easy	40.0	0.008	123619	700	300	423	123	5	44.07	44.07	44.07
juego1	easy	40.0	0.008	123626	700	299	423	124	5	44.08	44.08	44.08
juego1	easy	40.0	0.008	123634	700	299	423	124	5	44.08	44.08	44.08
juego1	easy	40.0	0.008	123643	700	298	423	125	5	44.07	44.07	44.07
juego1	easy	40.0	0.008	123652	700	298	423	125	5	44.08	44.08	44.08
juego1	easy	40.0	0.008	123659	700	297	423	126	5	44.08	44.08	44.08
juego1	easy	40.0	0.008	123668	700	297	423	126	5	44.08	44.08	44.08
juego1	easy	40.0	0.008	123676	700	296	423	127	5	44.08	44.08	44.08
juego1	easy	40.0	0.008	123685	700	296	423	127	5	44.08	44.08	44.08
juego1	easy	40.0	0.008	123692	700	295	423	128	5	44.08	44.08	44.08
juego1	easy	40.0	0.008	123701	700	295	423	128	5	44.08	44.08	44.08
juego1	easy	40.0	0.008	123710	700	294	423	129	5	44.07	44.07	44.07
juego1	easy	40.0	0.008	123718	700	294	423	129	5	44.07	44.07	44.07
juego1	easy	40.0	0.008	123727	700	293	423	130	5	44.06	44.06	44.06
juego1	easy	40.0	0.008	123736	700	292	423	131	5	44.07	44.07	44.07
juego1	easy	40.0	0.008	123744	700	292	423	131	5	44.07	44.07	44.07
juego1	easy	40.0	0.008	123753	700	291	423	132	5	44.07	44.07	44.07
juego1	easy	40.0	0.008	123761	700	291	423	132	5	44.07	44.07	44.07
juego1	easy	40.0	0.008	123769	700	290	423	133	5	44.07	44.07	44.07
juego1	easy	40.0	0.008	123778	700	290	423	133	5	44.07	44.07	44.07
juego1	easy	40.0	0.008	123785	700	289	423	134	5	44.07	44.07	44.07
juego1	easy	40.0	0.008	123794	700	289	423	134	5	44.07	44.07	44.07
juego1	easy	40.0	0.008	123803	700	288	423	135	5	44.07	44.07	44.07
juego1	easy	40.0	0.008	123810	700	287	423	136	5	44.07	44.07	44.07
juego1	easy	40.0	0.008	123819	700	287	423	136	5	44.07	44.07	44.07
juego1	easy	40.0	0.008	123828	700	286	423	137	5	44.07	44.07	44.07
juego1	easy	40.0	0.008	123835	700	286	423	137	5	44.06	44.06	44.06
juego1	easy	40.0	0.008	123844	700	285	423	138	5	44.07	44.07	44.07
juego1	easy	40.0	0.008	123852	700	285	423	138	5	44.06	44.06	44.06
juego1	easy	40.0	0.008	123860	700	284	423	139	5	44.07	44.07	44.07
juego1	easy	40.0	0.008	123869	700	283	423	140	5	44.07	44.07	44.07
juego1	easy	40.0	0.008	123877	700	283	423	140	5	44.07	44.07	44.07
juego1	easy	40.0	0.008	123885	700	282	423	141	5	44.07	44.07	44.07
juego1	easy	40.0	0.008	123894	700	282	423	141	5	44.07	44.07	44.07
juego1	easy	40.0	0.008	123903	700	281	423	142	5	44.07	44.07	44.07
juego1	easy	40.0	0.008	123910	700	281	423	142	5	44.06	44.06	44.06
juego1	easy	40.0	0.008	123919	700	280	423	143	5	44.06	44.06	44.06
juego1	easy	40.0	0.008	123927	700	279	423	144	5	44.07	44.07	44.07
juego1	easy	40.0	0.008	123935	700	279	423	144	5	44.06	44.06	44.06
juego1	easy	40.0	0.008	123944	700	278	423	145	5	44.07	44.07	44.07
juego1	easy	40.0	0.008	123952	700	278	423	145	5	44.07	44.07	44.07
juego1	easy	40.0	0.008	123960	700	277	423	146	5	44.07	44.07	44.07
juego1	easy	40.0	0.008	123969	700	276	423	147	5	44.07	44.07	44.07
juego1	easy	40.0	0.008	123977	700	276	423	147	5	44.07	44.07	44.07
juego1	easy	40.0	0.008	123986	700	275	423	148	5	44.07	44.07	44.07
juego1	easy	40.0	0.008	123994	700	275	423	148	5	44.07	44.07	44.07
juego1	easy	40.0	0.008	124003	700	274	423	149	5	44.07	44.07	44.07
juego1	easy	40.0	0.008	124012	700	274	423	149	5	44.06	44.06	44.06
juego1	easy	40.0	0.008	124020	700	273	423	150	5	44.06	44.06	44.06
juego1	easy	40.0	0.008	124029	700	272	423	151	5	44.07	44.07	44.07
juego1	easy	40.0	0.008	124037	700	272	423	151	5	44.07	44.07	44.07
juego1	easy	40.0	0.008	124046	700	271	423	152	5	44.06	44.06	44.06
juego1	easy	40.0	0.008	124054	700	271	423	152	5	44.07	44.07	44.07
juego1	easy	40.0	0.008	124063	700	270	423	153	5	44.07	44.07	44.07
juego1	easy	40.0	0.008	124071	700	269	423	154	5	44.07	44.07	44.07
juego1	easy	40.0	0.008	124080	700	269	423	154	5	44.07	44.07	44.07
juego1	easy	40.0	0.008	124088	700	268	423	155	5	44.07	44.07	44.07
juego1	easy	40.0	0.008	124096	700	268	423	155	6	44.07	44.07	44.07
juego1	easy	40.0	0.008	124105	700	267	423	156	6	44.07	44.07	44.07
juego1	easy	40.0	0.008	124114	700	267	423	156	6	44.07	44.07	44.07
juego1	easy	40.0	0.008	124122	700	267	423	156	6	44.07	44.07	44.07
juego1	easy	40.0	0.008	124131	700	266	423	157	6	44.07	44.07	44.07
juego1	easy	40.0	0.008	124139	700	266	423	157	6	44.08	44.08	44.08
juego1	easy	40.0	0.008	124147	700	266	423	157	6	44.08	44.08	44.08
juego1	easy	40.0	0.008	124155	700	265	423	158	6	44.08	44.08	44.08
juego1	easy	40.0	0.008	124164	700	265	423	158	6	44.07	44.07	44.07
juego1	easy	40.0	0.008	124173	700	265	423	158	6	44.07	44.07	44.07
juego1	easy	40.0	0.008	124180	700	264	423	159	6	44.07	44.07	44.07
juego1	easy	40.0	0.008	124189	700	264	423	159	6	44.07	44.07	44.07
juego1	easy	40.0	0.008	124198	700	263	423	160	6	44.07	44.07	44.07
juego1	easy	40.0	0.008	124206	700	263	423	160	6	44.07	44.07	44.07
juego1	easy	40.0	0.008	124215	700	263	423	160	6	44.07	44.07	44.07
juego1	easy	40.0	0.008	124224	700	262	423	161	6	44.07	44.07	44.07
juego1	easy	40.0	0.008	124233	700	262	423	161	6	44.07	44.07	44.07
juego1	easy	40.0	0.008	124241	700	262	423	161	6	44.07	44.07	44.07
juego1	easy	40.0	0.008	124250	700	261	423	162	6	44.07	44.07	44.07
juego1	easy	40.0	0.008	124259	700	261	423	162	6	44.07	44.07	44.07
juego1	easy	40.0	0.008	124268	700	260	423	163	6	44.07	44.07	44.07
juego1	easy	40.0	0.008	124277	700	260	423	163	6	44.07	44.07	44.07
juego1	easy	40.0	0.008	124286	700	260	423	163	6	44.07	44.07	44.07
juego1	easy	40.0	0.008	124295	700	259	423	164	6	44.07	44.07	44.07
juego1	easy	40.0	0.008	124302	700	259	423	164	6	44.07	44.07	44.07
juego1	easy	40.0	0.008	124310	700	259	423	164	6	44.07	44.07	44.07
juego1	easy	40.0	0.008	124319	700	258	423	165	6	44.07	44.07	44.07
juego1	easy	40.0	0.008	124328	700	258	423	165	6	44.07	44.07	44.07
juego1	easy	40.0	0.008	124336	700	257	423	166	6	44.07	44.07	44.07
juego1	easy	40.0	0.008	124345	700	257	423	166	6	44.07	44.07	44.07
juego1	easy	40.0	0.008	124353	700	257	423	166	6	44.07	44.07	44.07
juego1	easy	40.0	0.008	124362	700	256	423	167	6	44.07	44.07	44.07
juego1	easy	40.0	0.008	124370	700	256	423	167	6	44.07	44.07	44.07
juego1	easy	40.0	0.008	124379	700	256	423	167	6	44.07	44.07	44.07
juego1	easy	40.0	0.008	124388	700	255	423	168	6	44.07	44.07	44.07
juego1	easy	40.0	0.008	124395	700	255	423	168	6	44.07	44.07	44.07
juego1	easy	40.0	0.008	124404	700	255	423	168	6	44.07	44.07	44.07
juego1	easy	40.0	0.008	124413	700	254	423	169	6	44.06	44.06	44.06
juego1	easy	40.0	0.008	124421	700	254	423	169	6	44.06	44.06	44.06
juego1	easy	40.0	0.008	124430	700	253	423	170	6	44.07	44.07	44.07
juego1	easy	40.0	0.008	124438	700	253	423	170	6	44.07	44.07	44.07
juego1	easy	40.0	0.008	124447	700	253	423	170	6	44.07	44.07	44.07
juego1	easy	40.0	0.008	124455	700	252	423	171	6	44.07	44.07	44.07
juego1	easy	40.0	0.008	124464	700	252	423	171	6	44.07	44.07	44.07
juego1	easy	40.0	0.008	124473	700	252	423	171	6	44.07	44.07	44.07
juego1	easy	40.0	0.008	124482	700	251	423	172	6	44.07	44.07	44.07
juego1	easy	40.0	0.008	124491	700	251	423	172	6	44.07	44.07	44.07
juego1	easy	40.0	0.008	124500	700	251	423	172	6	44.07	44.07	44.07
juego1	easy	40.0	0.008	124508	700	250	423	173	6	44.07	44.07	44.07
juego1	easy	40.0	0.008	124516	700	250	423	173	6	44.06	44.06	44.06
juego1	easy	40.0	0.008	124525	700	250	423	173	6	44.07	44.07	44.07
juego1	easy	40.0	0.008	124533	700	249	423	174	6	44.07	44.07	44.07
juego1	easy	40.0	0.008	124541	700	249	423	174	6	44.07	44.07	44.07
juego1	easy	40.0	0.008	124550	700	249	423	174	6	44.07	44.07	44.07
juego1	easy	40.0	0.008	124557	700	248	423	175	6	44.06	44.06	44.06
juego1	easy	40.0	0.008	124566	700	248	423	175	6	44.07	44.07	44.07
juego1	easy	40.0	0.008	124573	700	248	423	175	6	44.07	44.07	44.07
juego1	easy	40.0	0.008	124582	700	247	423	176	6	44.07	44.07	44.07
juego1	easy	40.0	0.008	124591	700	247	423	176	6	44.07	44.07	44.07
juego1	easy	40.0	0.008	124599	700	247	423	176	6	44.07	44.07	44.07
juego1	easy	40.0	0.008	124608	700	246	423	177	6	44.07	44.07	44.07
juego1	easy	40.0	0.008	124616	700	246	423	177	6	44.06	44.06	44.06
juego1	easy	40.0	0.008	124625	700	246	423	177	6	44.07	44.07	44.07
juego1	easy	40.0	0.008	124634	700	245	423	178	6	44.06	44.06	44.06
juego1	easy	40.0	0.008	124643	700	245	423	178	6	44.07	44.07	44.07
juego1	easy	40.0	0.008	124666	700	245	423	178	6	44.07	44.07	44.07
juego1	easy	40.0	0.008	124668	700	244	423	179	6	44.07	44.07	44.07
juego1	easy	40.0	0.008	124675	700	244	423	179	6	44.07	44.07	44.07
juego1	easy	40.0	0.008	124683	700	244	423	179	6	44.07	44.07	44.07
juego1	easy	40.0	0.008	124692	700	243	423	180	6	44.07	44.07	44.07
juego1	easy	40.0	0.008	124700	700	243	423	180	6	44.07	44.07	44.07
juego1	easy	40.0	0.008	124709	700	243	423	180	6	44.07	44.07	44.07
juego1	easy	40.0	0.008	124719	700	242	423	181	6	44.07	44.07	44.07
juego1	easy	40.0	0.008	124726	700	242	423	181	6	44.07	44.07	44.07
juego1	easy	40.0	0.008	124736	700	242	423	181	6	44.07	44.07	44.07
juego1	easy	40.0	0.008	124744	700	241	423	182	6	44.07	44.07	44.07
juego1	easy	40.0	0.008	124753	700	241	423	182	6	44.07	44.07	44.07
juego1	easy	40.0	0.008	124762	700	241	423	182	6	44.07	44.07	44.07
juego1	easy	40.0	0.008	124771	700	240	423	183	6	44.07	44.07	44.07
juego1	easy	40.0	0.008	124780	700	240	423	183	6	44.07	44.07	44.07
juego1	easy	40.0	0.008	124789	700	240	423	183	6	44.07	44.07	44.07
juego1	easy	40.0	0.008	124797	700	240	423	183	6	44.07	44.07	44.07
juego1	easy	40.0	0.008	124805	700	239	423	184	6	44.07	44.07	44.07
juego1	easy	40.0	0.008	124814	700	239	423	184	6	44.07	44.07	44.07
juego1	easy	40.0	0.008	124822	700	239	423	184	6	44.07	44.07	44.07
juego1	easy	40.0	0.008	124831	700	238	423	185	6	44.07	44.07	44.07
juego1	easy	40.0	0.008	124838	700	238	423	185	6	44.07	44.07	44.07
juego1	easy	40.0	0.008	124847	700	238	423	185	6	44.06	44.06	44.06
juego1	easy	40.0	0.008	124856	700	237	423	186	6	44.07	44.07	44.07
juego1	easy	40.0	0.008	124865	700	237	423	186	6	44.07	44.07	44.07
juego1	easy	40.0	0.008	124873	700	237	423	186	6	44.07	44.07	44.07
juego1	easy	40.0	0.008	124881	700	237	423	186	6	44.08	44.08	44.08
juego1	easy	40.0	0.008	124890	700	236	423	187	6	44.07	44.07	44.07
juego1	easy	40.0	0.008	124899	700	236	423	187	6	44.07	44.07	44.07
juego1	easy	40.0	0.008	124907	700	236	423	187	6	44.07	44.07	44.07
juego1	easy	40.0	0.008	124915	700	236	423	187	6	44.06	44.06	44.06
juego1	easy	40.0	0.008	124922	700	235	423	188	6	44.06	44.06	44.06
juego1	easy	40.0	0.008	124931	700	235	423	188	6	44.07	44.07	44.07
juego1	easy	40.0	0.008	124938	700	235	423	188	6	44.06	44.06	44.06
juego1	easy	40.0	0.008	124947	700	234	423	189	6	44.06	44.06	44.06
juego1	easy	40.0	0.008	124955	700	234	423	189	6	44.06	44.06	44.06
juego1	easy	40.0	0.008	124963	700	234	423	189	6	44.07	44.07	44.07
juego1	easy	40.0	0.008	124970	700	234	423	189	6	44.07	44.07	44.07
juego1	easy	40.0	0.008	124979	700	233	423	190	6	44.07	44.07	44.07
juego1	easy	40.0	0.008	124988	700	233	423	190	6	44.07	44.07	44.07
juego1	easy	40.0	0.008	124997	700	233	423	190	6	44.06	44.06	44.06
juego1	easy	40.0	0.008	125006	700	233	423	190	6	44.06	44.06	44.06
juego1	easy	40.0	0.008	125015	700	232	423	191	6	44.06	44.06	44.06
juego1	easy	40.0	0.008	125024	700	232	423	191	6	44.06	44.06	44.06
juego1	easy	40.0	0.008	125033	700	232	423	191	6	44.07	44.07	44.07
juego1	easy	40.0	0.008	125042	700	232	423	191	6	44.07	44.07	44.07
juego1	easy	40.0	0.008	125049	700	231	423	192	6	44.07	44.07	44.07
juego1	easy	40.0	0.008	125058	700	231	423	192	6	44.07	44.07	44.07
juego1	easy	40.0	0.008	125067	700	231	423	192	6	44.07	44.07	44.07
juego1	easy	40.0	0.008	125077	700	231	423	192	6	44.07	44.07	44.07
juego1	easy	40.0	0.008	125085	700	230	423	193	6	44.06	44.06	44.06
juego1	easy	40.0	0.008	125093	700	230	423	193	6	44.06	44.06	44.06
juego1	easy	40.0	0.008	125102	700	230	423	193	6	44.07	44.07	44.07
juego1	easy	40.0	0.008	125109	700	230	423	193	6	44.07	44.07	44.07
juego1	easy	40.0	0.008	125117	700	230	423	193	6	44.06	44.06	44.06
juego1	easy	40.0	0.008	125125	700	229	423	194	6	44.06	44.06	44.06
juego1	easy	40.0	0.008	125132	700	229	423	194	6	44.06	44.06	44.06
juego1	easy	40.0	0.008	125142	700	229	423	194	6	44.07	44.07	44.07
juego1	easy	40.0	0.008	125148	700	229	423	194	6	44.07	44.07	44.07
juego1	easy	40.0	0.008	125156	700	229	423	194	6	44.07	44.07	44.07
juego1	easy	40.0	0.008	125165	700	228	423	195	6	44.07	44.07	44.07
juego1	easy	40.0	0.008	125174	700	228	423	195	6	44.07	44.07	44.07
juego1	easy	40.0	0.008	125183	700	228	423	195	6	44.07	44.07	44.07
juego1	easy	40.0	0.008	125192	700	228	423	195	6	44.07	44.07	44.07
juego1	easy	40.0	0.008	125201	700	228	423	195	6	44.08	44.08	44.08
juego1	easy	40.0	0.008	125210	700	227	423	196	6	44.07	44.07	44.07
juego1	easy	40.0	0.008	125228	700	227	423	196	6	44.07	44.07	44.07
juego1	easy	40.0	0.008	125229	700	227	423	196	6	44.08	44.08	44.08
juego1	easy	40.0	0.008	125238	700	227	423	196	6	44.08	44.08	44.08
juego1	easy	40.0	0.008	125247	700	227	423	196	6	44.07	44.07	44.07
juego1	easy	40.0	0.008	125256	700	226	423	197	6	44.08	44.08	44.08
juego1	easy	40.0	0.008	125264	700	226	423	197	6	44.07	44.07	44.07
juego1	easy	40.0	0.008	125273	700	226	423	197	6	44.07	44.07	44.07
juego1	easy	40.0	0.008	125280	700	226	423	197	6	44.08	44.08	44.08
juego1	easy	40.0	0.008	125289	700	226	423	197	6	44.07	44.07	44.07
juego1	easy	40.0	0.008	125297	700	226	423	197	6	44.07	44.07	44.07
juego1	easy	40.0	0.008	125306	700	225	423	198	6	44.08	44.08	44.08
juego1	easy	40.0	0.008	125315	700	225	423	198	6	44.07	44.07	44.07
juego1	easy	40.0	0.008	125324	700	225	423	198	6	44.07	44.07	44.07
juego1	easy	40.0	0.008	125333	700	225	423	198	6	44.08	44.08	44.08
juego1	easy	40.0	0.008	125342	700	225	423	198	6	44.08	44.08	44.08
juego1	easy	40.0	0.008	125351	700	225	423	198	6	44.08	44.08	44.08
juego1	easy	40.0	0.008	125359	700	224	423	199	6	44.07	44.07	44.07
juego1	easy	40.0	0.008	125367	700	224	423	199	6	44.07	44.07	44.07
juego1	easy	40.0	0.008	125376	700	224	423	199	6	44.08	44.08	44.08
juego1	easy	40.0	0.008	125384	700	224	423	199	6	44.08	44.08	44.08
juego1	easy	40.0	0.008	125392	700	224	423	199	6	44.08	44.08	44.08
juego1	easy	40.0	0.008	125401	700	224	423	199	6	44.08	44.08	44.08
juego1	easy	40.0	0.008	125408	700	224	423	199	6	44.08	44.08	44.08
juego1	easy	40.0	0.008	125417	700	223	423	200	6	44.08	44.08	44.08
juego1	easy	40.0	0.008	125425	700	223	423	200	6	44.07	44.07	44.07
juego1	easy	40.0	0.008	125435	700	223	423	200	6	44.07	44.07	44.07
juego1	easy	40.0	0.008	125443	700	223	423	200	6	44.07	44.07	44.07
juego1	easy	40.0	0.008	125452	700	223	423	200	6	44.07	44.07	44.07
juego1	easy	40.0	0.008	125459	700	223	423	200	6	44.07	44.07	44.07
juego1	easy	40.0	0.008	125468	700	223	423	200	6	44.07	44.07	44.07
juego1	easy	40.0	0.008	125476	700	223	423	200	6	44.06	44.06	44.06
juego1	easy	40.0	0.008	125484	700	223	423	200	6	44.07	44.07	44.07
juego1	easy	40.0	0.008	125493	700	222	423	201	6	44.07	44.07	44.07
juego1	easy	40.0	0.008	125502	700	222	423	201	6	44.07	44.07	44.07
juego1	easy	40.0	0.008	125512	700	222	423	201	6	44.07	44.07	44.07
juego1	easy	40.0	0.008	125519	700	222	423	201	6	44.07	44.07	44.07
juego1	easy	40.0	0.008	125528	700	222	423	201	6	44.07	44.07	44.07
juego1	easy	40.0	0.008	125537	700	222	423	201	6	44.07	44.07	44.07
juego1	easy	40.0	0.008	125546	700	222	423	201	6	44.07	44.07	44.07
juego1	easy	40.0	0.008	125555	700	222	423	201	6	44.08	44.08	44.08
juego1	easy	40.0	0.008	125565	700	222	423	201	6	44.07	44.07	44.07
juego1	easy	40.0	0.008	125573	700	222	423	201	6	44.07	44.07	44.07
juego1	easy	40.0	0.008	125581	700	222	423	201	6	44.07	44.07	44.07
juego1	easy	40.0	0.008	125590	700	222	423	201	6	44.07	44.07	44.07
juego1	easy	40.0	0.008	125598	700	221	423	202	6	44.07	44.07	44.07
juego1	easy	40.0	0.008	125607	700	221	423	202	6	44.07	44.07	44.07
juego1	easy	40.0	0.008	125616	700	221	423	202	6	44.07	44.07	44.07
juego1	easy	40.0	0.008	125624	700	221	423	202	6	44.07	44.07	44.07
juego1	easy	40.0	0.008	125633	700	221	423	202	6	44.07	44.07	44.07
juego1	easy	40.0	0.008	125641	700	221	423	202	6	44.07	44.07	44.07
juego1	easy	40.0	0.008	125651	700	221	423	202	6	44.07	44.07	44.07
juego1	easy	40.0	0.008	125659	700	221	423	202	6	44.07	44.07	44.07
juego1	easy	40.0	0.008	125668	700	221	423	202	6	44.07	44.07	44.07
juego1	easy	40.0	0.008	125677	700	221	423	202	6	44.07	44.07	44.07
juego1	easy	40.0	0.008	125686	700	221	423	202	6	44.07	44.07	44.07
juego1	easy	40.0	0.008	125695	700	221	423	202	6	44.07	44.07	44.07
juego1	easy	40.0	0.008	125703	700	221	423	202	6	44.07	44.07	44.07
juego1	easy	40.0	0.008	125712	700	221	423	202	6	44.07	44.07	44.07
juego1	easy	40.0	0.008	125720	700	221	423	202	6	44.07	44.07	44.07
juego1	easy	40.0	0.008	125727	700	221	423	202	6	44.07	44.07	44.07
juego1	easy	40.0	0.008	125737	700	221	423	202	6	44.07	44.07	44.07
juego1	easy	40.0	0.008	125744	700	221	423	202	6	44.07	44.07	44.07
juego1	easy	40.0	0.008	125754	700	221	423	202	6	44.08	44.08	44.08
juego1	easy	40.0	0.008	125761	700	221	423	202	6	44.07	44.07	44.07
juego1	easy	40.0	0.008	125770	700	221	423	202	6	44.07	44.07	44.07
juego1	easy	40.0	0.008	125778	700	221	423	202	6	44.07	44.07	44.07
juego1	easy	40.0	0.008	125786	700	221	423	202	6	44.07	44.07	44.07
juego1	easy	40.0	0.008	125795	700	221	423	202	6	44.07	44.07	44.07
juego1	easy	40.0	0.008	125804	700	221	423	202	6	44.07	44.07	44.07
juego1	easy	40.0	0.008	125812	700	221	423	202	6	44.07	44.07	44.07
juego1	easy	40.0	0.008	125821	700	221	423	202	6	44.07	44.07	44.07
juego1	easy	40.0	0.008	125830	700	221	423	202	6	44.08	44.08	44.08
juego1	easy	40.0	0.008	125838	700	221	423	202	6	44.08	44.08	44.08
juego1	easy	40.0	0.008	125846	700	221	423	202	6	44.08	44.08	44.08
juego1	easy	40.0	0.008	125854	700	221	423	202	6	44.08	44.08	44.08
juego1	easy	40.0	0.008	125863	700	221	423	202	6	44.08	44.08	44.08
juego1	easy	40.0	0.008	125873	700	221	423	202	6	44.08	44.08	44.08
juego1	easy	40.0	0.008	125882	700	221	423	202	6	44.07	44.07	44.07
juego1	easy	40.0	0.008	125890	700	221	423	202	6	44.07	44.07	44.07
juego1	easy	40.0	0.008	125898	700	221	423	202	6	44.07	44.07	44.07
juego1	easy	40.0	0.008	125906	700	221	423	202	6	44.07	44.07	44.07
juego1	easy	40.0	0.008	125916	700	221	423	202	6	44.07	44.07	44.07
juego1	easy	40.0	0.008	125923	700	221	423	202	6	44.07	44.07	44.07
juego1	easy	40.0	0.008	125932	700	221	423	202	6	44.07	44.07	44.07
juego1	easy	40.0	0.008	125940	700	221	423	202	6	44.07	44.07	44.07
juego1	easy	40.0	0.008	125949	700	221	423	202	6	44.07	44.07	44.07
juego1	easy	40.0	0.008	125958	700	221	423	202	6	44.07	44.07	44.07
juego1	easy	40.0	0.008	125966	700	221	423	202	6	44.07	44.07	44.07
juego1	easy	40.0	0.008	125974	700	221	423	202	6	44.07	44.07	44.07
juego1	easy	40.0	0.008	125983	700	221	423	202	6	44.07	44.07	44.07
juego1	easy	40.0	0.008	125990	700	222	423	201	6	44.06	44.06	44.06
juego1	easy	40.0	0.008	126000	700	222	423	201	6	44.07	44.07	44.07
juego1	easy	40.0	0.008	126008	700	222	423	201	6	44.07	44.07	44.07
juego1	easy	40.0	0.008	126016	700	222	423	201	6	44.07	44.07	44.07
juego1	easy	40.0	0.008	126025	700	222	423	201	6	44.07	44.07	44.07
juego1	easy	40.0	0.008	126034	700	222	423	201	6	44.07	44.07	44.07
juego1	easy	40.0	0.008	126043	700	222	423	201	6	44.07	44.07	44.07
juego1	easy	40.0	0.008	126051	700	222	423	201	6	44.07	44.07	44.07
juego1	easy	40.0	0.008	126059	700	222	423	201	6	44.06	44.06	44.06
juego1	easy	40.0	0.008	126068	700	222	423	201	6	44.06	44.06	44.06
juego1	easy	40.0	0.008	126078	700	222	423	201	6	44.06	44.06	44.06
juego1	easy	40.0	0.008	126085	700	222	423	201	6	44.06	44.06	44.06
juego1	easy	40.0	0.008	126094	700	223	423	200	6	44.06	44.06	44.06
juego1	easy	40.0	0.008	126104	700	223	423	200	6	44.06	44.06	44.06
juego1	easy	40.0	0.008	126112	700	223	423	200	6	44.07	44.07	44.07
juego1	easy	40.0	0.008	126121	700	223	423	200	6	44.07	44.07	44.07
juego1	easy	40.0	0.008	126129	700	223	423	200	6	44.07	44.07	44.07
juego1	easy	40.0	0.008	126136	700	223	423	200	6	44.06	44.06	44.06
juego1	easy	40.0	0.008	126145	700	223	423	200	6	44.07	44.07	44.07
juego1	easy	40.0	0.008	126154	700	223	423	200	6	44.07	44.07	44.07
juego1	easy	40.0	0.008	126163	700	224	423	199	6	44.07	44.07	44.07
juego1	easy	40.0	0.008	126171	700	224	423	199	6	44.07	44.07	44.07
juego1	easy	40.0	0.008	126179	700	224	423	199	6	44.07	44.07	44.07
juego1	easy	40.0	0.008	126188	700	224	423	199	6	44.07	44.07	44.07
juego1	easy	40.0	0.008	126197	700	224	423	199	6	44.07	44.07	44.07
juego1	easy	40.0	0.008	126206	700	224	423	199	6	44.07	44.07	44.07
juego1	easy	40.0	0.008	126214	700	224	423	199	6	44.07	44.07	44.07
juego1	easy	40.0	0.008	126223	700	224	423	199	6	44.07	44.07	44.07
juego1	easy	40.0	0.008	126231	700	225	423	198	6	44.07	44.07	44.07
juego1	easy	40.0	0.008	126239	700	225	423	198	6	44.06	44.06	44.06
juego1	easy	40.0	0.008	126248	700	225	423	198	6	44.06	44.06	44.06
juego1	easy	40.0	0.008	126256	700	225	423	198	6	44.07	44.07	44.07
juego1	easy	40.0	0.008	126266	700	225	423	198	6	44.07	44.07	44.07
juego1	easy	40.0	0.008	126274	700	225	423	198	6	44.07	44.07	44.07
juego1	easy	40.0	0.008	126282	700	226	423	197	6	44.07	44.07	44.07
juego1	easy	40.0	0.008	126290	700	226	423	197	6	44.07	44.07	44.07
juego1	easy	40.0	0.008	126299	700	226	423	197	6	44.07	44.07	44.07
juego1	easy	40.0	0.008	126308	700	226	423	197	6	44.07	44.07	44.07
juego1	easy	40.0	0.008	126316	700	226	423	197	6	44.07	44.07	44.07
juego1	easy	40.0	0.008	126325	700	226	423	197	6	44.07	44.07	44.07
juego1	easy	40.0	0.008	126334	700	227	423	196	6	44.07	44.07	44.07
juego1	easy	40.0	0.008	126342	700	227	423	196	6	44.07	44.07	44.07
juego1	easy	40.0	0.008	126351	700	227	423	196	6	44.07	44.07	44.07
juego1	easy	40.0	0.008	126360	700	227	423	196	6	44.07	44.07	44.07
juego1	easy	40.0	0.008	126369	700	227	423	196	6	44.07	44.07	44.07
juego1	easy	40.0	0.008	126380	700	228	423	195	6	44.07	44.07	44.07
juego1	easy	40.0	0.008	126388	700	228	423	195	6	44.07	44.07	44.07
juego1	easy	40.0	0.008	126397	700	228	423	195	6	44.07	44.07	44.07
juego1	easy	40.0	0.008	126405	700	228	423	195	6	44.07	44.07	44.07
juego1	easy	40.0	0.008	126413	700	228	423	195	6	44.07	44.07	44.07
juego1	easy	40.0	0.008	126422	700	229	423	194	6	44.07	44.07	44.07
juego1	easy	40.0	0.008	126432	700	229	423	194	6	44.07	44.07	44.07
juego1	easy	40.0	0.008	126440	700	229	423	194	6	44.07	44.07	44.07
juego1	easy	40.0	0.008	126448	700	229	423	194	6	44.07	44.07	44.07
juego1	easy	40.0	0.008	126457	700	229	423	194	6	44.07	44.07	44.07
juego1	easy	40.0	0.008	126467	700	230	423	193	6	44.07	44.07	44.07
juego1	easy	40.0	0.008	126474	700	230	423	193	6	44.07	44.07	44.07
juego1	easy	40.0	0.008	126483	700	230	423	193	6	44.07	44.07	44.07
juego1	easy	40.0	0.008	126490	700	230	423	193	6	44.07	44.07	44.07
juego1	easy	40.0	0.008	126499	700	231	423	192	6	44.07	44.07	44.07
juego1	easy	40.0	0.008	126508	700	231	423	192	6	44.07	44.07	44.07
juego1	easy	40.0	0.008	126517	700	231	423	192	6	44.07	44.07	44.07
juego1	easy	40.0	0.008	126526	700	231	423	192	6	44.07	44.07	44.07
juego1	easy	40.0	0.008	126534	700	232	423	191	6	44.07	44.07	44.07
juego1	easy	40.0	0.008	126543	700	232	423	191	6	44.07	44.07	44.07
juego1	easy	40.0	0.008	126552	700	232	423	191	6	44.07	44.07	44.07
juego1	easy	40.0	0.008	126561	700	232	423	191	6	44.08	44.08	44.08
juego1	easy	40.0	0.008	126570	700	232	423	191	6	44.08	44.08	44.08
juego1	easy	40.0	0.008	126578	700	233	423	190	6	44.08	44.08	44.08
juego1	easy	40.0	0.008	126587	700	233	423	190	6	44.08	44.08	44.08
juego1	easy	40.0	0.008	126594	700	233	423	190	6	44.08	44.08	44.08
juego1	easy	40.0	0.008	126602	700	233	423	190	6	44.08	44.08	44.08
juego1	easy	40.0	0.008	126611	700	234	423	189	6	44.07	44.07	44.07
juego1	easy	40.0	0.008	126620	700	234	423	189	6	44.08	44.08	44.08
juego1	easy	40.0	0.008	126629	700	234	423	189	6	44.07	44.07	44.07
juego1	easy	40.0	0.008	126638	700	235	423	188	6	44.07	44.07	44.07
juego1	easy	40.0	0.008	126646	700	235	423	188	6	44.08	44.08	44.08
juego1	easy	40.0	0.008	126653	700	235	423	188	6	44.07	44.07	44.07
juego1	easy	40.0	0.008	126662	700	235	423	188	6	44.07	44.07	44.07
juego1	easy	40.0	0.008	126671	700	236	423	187	6	44.08	44.08	44.08
juego1	easy	40.0	0.008	126682	700	236	423	187	6	44.07	44.07	44.07
juego1	easy	40.0	0.008	126689	700	236	423	187	6	44.07	44.07	44.07
juego1	easy	40.0	0.008	126696	700	236	423	187	6	44.08	44.08	44.08
juego1	easy	40.0	0.008	126705	700	237	423	186	6	44.07	44.07	44.07
juego1	easy	40.0	0.008	126714	700	237	423	186	6	44.08	44.08	44.08
juego1	easy	40.0	0.008	126723	700	237	423	186	6	44.08	44.08	44.08
juego1	easy	40.0	0.008	126731	700	238	423	185	6	44.07	44.07	44.07
juego1	easy	40.0	0.008	126739	700	238	423	185	6	44.07	44.07	44.07
juego1	easy	40.0	0.008	126747	700	238	423	185	6	44.07	44.07	44.07
juego1	easy	40.0	0.008	126755	700	238	423	185	6	44.06	44.06	44.06
juego1	easy	40.0	0.008	126763	700	239	423	184	6	44.06	44.06	44.06
juego1	easy	40.0	0.008	126772	700	239	423	184	6	44.06	44.06	44.06
juego1	easy	40.0	0.008	126780	700	239	423	184	6	44.07	44.07	44.07
juego1	easy	40.0	0.008	126789	700	240	423	183	6	44.07	44.07	44.07
juego1	easy	40.0	0.008	126798	700	240	423	183	6	44.07	44.07	44.07
juego1	easy	40.0	0.008	126807	700	240	423	183	6	44.07	44.07	44.07
juego1	easy	40.0	0.008	126816	700	241	423	182	6	44.07	44.07	44.07
juego1	easy	40.0	0.008	126825	700	241	423	182	6	44.07	44.07	44.07
juego1	easy	40.0	0.008	126832	700	241	423	182	6	44.06	44.06	44.06
juego1	easy	40.0	0.008	126841	700	241	423	182	6	44.06	44.06	44.06
juego1	easy	40.0	0.008	126850	700	242	423	181	6	44.07	44.07	44.07
juego1	easy	40.0	0.008	126859	700	242	423	181	6	44.07	44.07	44.07
juego1	easy	40.0	0.008	126868	700	242	423	181	6	44.07	44.07	44.07
juego1	easy	40.0	0.008	126878	700	243	423	180	6	44.07	44.07	44.07
juego1	easy	40.0	0.008	126886	700	243	423	180	6	44.07	44.07	44.07
juego1	easy	40.0	0.008	126895	700	243	423	180	6	44.07	44.07	44.07
juego1	easy	40.0	0.008	126903	700	244	423	179	6	44.07	44.07	44.07
juego1	easy	40.0	0.008	126911	700	244	423	179	6	44.06	44.06	44.06
juego1	easy	40.0	0.008	126921	700	244	423	179	6	44.07	44.07	44.07
juego1	easy	40.0	0.008	126930	700	245	423	178	6	44.06	44.06	44.06
juego1	easy	40.0	0.008	126938	700	245	423	178	6	44.05	44.05	44.05
juego1	easy	40.0	0.008	126947	700	245	423	178	6	44.06	44.06	44.06
juego1	easy	40.0	0.008	126955	700	246	423	177	6	44.06	44.06	44.06
juego1	easy	40.0	0.008	126963	700	246	423	177	6	44.06	44.06	44.06
juego1	easy	40.0	0.008	126974	700	246	423	177	6	44.06	44.06	44.06
juego1	easy	40.0	0.008	126981	700	247	423	176	6	44.06	44.06	44.06
juego1	easy	40.0	0.008	126988	700	247	423	176	6	44.06	44.06	44.06
juego1	easy	40.0	0.008	126997	700	247	423	176	6	44.07	44.07	44.07
juego1	easy	40.0	0.008	127006	700	248	423	175	6	44.06	44.06	44.06
juego1	easy	40.0	0.008	127015	700	248	423	175	6	44.06	44.06	44.06
juego1	easy	40.0	0.008	127023	700	248	423	175	6	44.06	44.06	44.06
juego1	easy	40.0	0.008	127031	700	249	423	174	6	44.06	44.06	44.06
juego1	easy	40.0	0.008	127039	700	249	423	174	6	44.07	44.07	44.07
juego1	easy	40.0	0.008	127047	700	249	423	174	6	44.07	44.07	44.07
juego1	easy	40.0	0.008	127055	700	250	423	173	6	44.06	44.06	44.06
juego1	easy	40.0	0.008	127063	700	250	423	173	6	44.06	44.06	44.06
juego1	easy	40.0	0.008	127071	700	250	423	173	6	44.06	44.06	44.06
juego1	easy	40.0	0.008	127080	700	251	423	172	6	44.06	44.06	44.06
juego1	easy	40.0	0.008	127089	700	251	423	172	6	44.06	44.06	44.06
juego1	easy	40.0	0.008	127098	700	251	423	172	6	44.06	44.06	44.06
juego1	easy	40.0	0.008	127107	700	252	423	171	6	44.06	44.06	44.06
juego1	easy	40.0	0.008	127116	700	252	423	171	6	44.06	44.06	44.06
juego1	easy	40.0	0.008	127126	700	253	423	170	6	44.06	44.06	44.06
juego1	easy	40.0	0.008	127134	700	253	423	170	6	44.06	44.06	44.06
juego1	easy	40.0	0.008	127143	700	253	423	170	6	44.06	44.06	44.06
juego1	easy	40.0	0.008	127152	700	254	423	169	6	44.06	44.06	44.06
juego1	easy	40.0	0.008	127162	700	254	423	169	6	44.06	44.06	44.06
juego1	easy	40.0	0.008	127170	700	254	423	169	6	44.06	44.06	44.06
juego1	easy	40.0	0.008	127178	700	255	423	168	6	44.06	44.06	44.06
juego1	easy	40.0	0.008	127190	700	255	423	168	6	44.06	44.06	44.06
juego1	easy	40.0	0.008	127197	700	255	423	168	6	44.06	44.06	44.06
juego1	easy	40.0	0.008	127204	700	256	423	167	6	44.06	44.06	44.06
juego1	easy	40.0	0.008	127214	700	256	423	167	6	44.06	44.06	44.06
juego1	easy	40.0	0.008	127222	700	256	423	167	6	44.06	44.06	44.06
juego1	easy	40.0	0.008	127230	700	257	423	166	6	44.06	44.06	44.06
juego1	easy	40.0	0.008	127240	700	257	423	166	6	44.06	44.06	44.06
juego1	easy	40.0	0.008	127248	700	258	423	165	6	44.07	44.07	44.07
juego1	easy	40.0	0.008	127258	700	258	423	165	6	44.06	44.06	44.06
juego1	easy	40.0	0.008	127265	700	258	423	165	6	44.06	44.06	44.06
juego1	easy	40.0	0.008	127274	700	259	423	164	6	44.06	44.06	44.06
juego1	easy	40.0	0.008	127283	700	259	423	164	6	44.06	44.06	44.06
juego1	easy	40.0	0.008	127292	700	259	423	164	6	44.06	44.06	44.06
juego1	easy	40.0	0.008	127302	700	260	423	163	6	44.06	44.06	44.06
juego1	easy	40.0	0.008	127310	700	260	423	163	6	44.06	44.06	44.06
juego1	easy	40.0	0.008	127319	700	261	423	162	6	44.06	44.06	44.06
juego1	easy	40.0	0.008	127326	700	261	423	162	6	44.06	44.06	44.06
juego1	easy	40.0	0.008	127335	700	261	423	162	6	44.06	44.06	44.06
juego1	easy	40.0	0.008	127343	700	262	423	161	6	44.06	44.06	44.06
juego1	easy	40.0	0.008	127352	700	262	423	161	6	44.06	44.06	44.06
juego1	easy	40.0	0.008	127361	700	262	423	161	6	44.06	44.06	44.06
juego1	easy	40.0	0.008	127370	700	263	423	160	6	44.06	44.06	44.06
juego1	easy	40.0	0.008	127378	700	263	423	160	6	44.07	44.07	44.07
juego1	easy	40.0	0.008	127387	700	263	423	160	6	44.06	44.06	44.06
juego1	easy	40.0	0.008	127395	700	264	423	159	6	44.06	44.06	44.06
juego1	easy	40.0	0.008	127403	700	264	423	159	6	44.04	44.04	44.04
juego1	easy	40.0	0.008	127415	700	265	423	158	6	44.05	44.05	44.05
juego1	easy	40.0	0.008	127419	700	265	423	158	6	44.06	44.06	44.06
juego1	easy	40.0	0.008	127427	700	265	423	158	6	44.06	44.06	44.06
juego1	easy	40.0	0.008	127436	700	266	423	157	6	44.07	44.07	44.07
juego1	easy	40.0	0.008	127445	700	266	423	157	6	44.06	44.06	44.06
juego1	easy	40.0	0.008	127453	700	266	423	157	6	44.06	44.06	44.06
juego1	easy	40.0	0.008	127462	700	267	423	156	6	44.06	44.06	44.06
juego1	easy	40.0	0.008	127471	700	267	423	156	6	44.05	44.05	44.05
juego1	easy	40.0	0.008	127480	700	268	423	155	6	44.05	44.05	44.05
juego1	easy	40.0	0.008	127488	700	268	423	155	6	44.05	44.05	44.05
juego1	easy	40.0	0.008	127497	700	269	423	154	6	44.05	44.05	44.05
juego1	easy	40.0	0.008	127506	700	269	423	154	6	44.04	44.04	44.04
juego1	easy	40.0	0.008	127514	700	270	423	153	6	44.05	44.05	44.05
juego1	easy	40.0	0.008	127523	700	271	423	152	6	44.05	44.05	44.05
juego1	easy	40.0	0.008	127532	700	271	423	152	6	44.06	44.06	44.06
juego1	easy	40.0	0.008	127541	700	272	423	151	6	44.05	44.05	44.05
juego1	easy	40.0	0.008	127550	700	272	423	151	6	44.05	44.05	44.05
juego1	easy	40.0	0.008	127558	700	273	423	150	6	44.06	44.06	44.06
juego1	easy	40.0	0.008	127567	700	274	423	149	6	44.05	44.05	44.05
juego1	easy	40.0	0.008	127576	700	274	423	149	6	44.05	44.05	44.05
juego1	easy	40.0	0.008	127584	700	275	423	148	6	44.05	44.05	44.05
juego1	easy	40.0	0.008	127593	700	275	423	148	6	44.05	44.05	44.05
juego1	easy	40.0	0.008	127602	700	276	423	147	6	44.06	44.06	44.06
juego1	easy	40.0	0.008	127610	700	276	423	147	6	44.05	44.05	44.05
juego1	easy	40.0	0.008	127618	700	277	423	146	6	44.05	44.05	44.05
juego1	easy	40.0	0.008	127627	700	278	423	145	6	44.06	44.06	44.06
juego1	easy	40.0	0.008	127636	700	278	423	145	6	44.06	44.06	44.06
juego1	easy	40.0	0.008	127643	700	279	423	144	6	44.05	44.05	44.05
juego1	easy	40.0	0.008	127652	700	279	423	144	6	44.05	44.05	44.05
juego1	easy	40.0	0.008	127660	700	280	423	143	6	44.05	44.05	44.05
juego1	easy	40.0	0.008	127669	700	280	423	143	6	44.05	44.05	44.05
juego1	easy	40.0	0.008	127678	700	281	423	142	6	44.05	44.05	44.05
juego1	easy	40.0	0.008	127686	700	282	423	141	6	44.05	44.05	44.05
juego1	easy	40.0	0.008	127695	700	282	423	141	6	44.05	44.05	44.05
juego1	easy	40.0	0.008	127703	700	283	423	140	6	44.06	44.06	44.06
juego1	easy	40.0	0.008	127711	700	283	423	140	6	44.06	44.06	44.06
juego1	easy	40.0	0.008	127720	700	284	423	139	6	44.06	44.06	44.06
juego1	easy	40.0	0.008	127728	700	285	423	138	6	44.06	44.06	44.06
juego1	easy	40.0	0.008	127737	700	285	423	138	6	44.06	44.06	44.06
juego1	easy	40.0	0.008	127745	700	286	423	137	6	44.06	44.06	44.06
juego1	easy	40.0	0.008	127754	700	286	423	137	6	44.05	44.05	44.05
juego1	easy	40.0	0.008	127761	700	287	423	136	6	44.05	44.05	44.05
juego1	easy	40.0	0.008	127770	700	287	423	136	6	44.06	44.06	44.06
juego1	easy	40.0	0.008	127777	700	288	423	135	6	44.05	44.05	44.05
juego1	easy	40.0	0.008	127785	700	288	423	135	6	44.05	44.05	44.05
juego1	easy	40.0	0.008	127794	700	289	423	134	6	44.06	44.06	44.06
juego1	easy	40.0	0.008	127802	700	290	423	133	6	44.05	44.05	44.05
juego1	easy	40.0	0.008	127811	700	290	423	133	6	44.06	44.06	44.06
juego1	easy	40.0	0.008	127818	700	291	423	132	6	44.06	44.06	44.06
juego1	easy	40.0	0.008	127826	700	291	423	132	6	44.05	44.05	44.05
juego1	easy	40.0	0.008	127835	700	292	423	131	6	44.05	44.05	44.05
juego1	easy	40.0	0.008	127843	700	292	423	131	6	44.05	44.05	44.05
juego1	easy	40.0	0.008	127850	700	293	423	130	6	44.06	44.06	44.06
juego1	easy	40.0	0.008	127858	700	293	423	130	6	44.05	44.05	44.05
juego1	easy	40.0	0.008	127867	700	294	423	129	6	44.05	44.05	44.05
juego1	easy	40.0	0.008	127876	700	295	423	128	6	44.06	44.06	44.06
juego1	easy	40.0	0.008	127885	700	295	423	128	6	44.06	44.06	44.06
juego1	easy	40.0	0.008	127894	700	296	423	127	6	44.05	44.05	44.05
juego1	easy	40.0	0.008	127903	700	296	423	127	6	44.05	44.05	44.05
juego1	easy	40.0	0.008	127912	700	297	423	126	6	44.06	44.06	44.06
juego1	easy	40.0	0.008	127921	700	297	423	126	6	44.06	44.06	44.06
juego1	easy	40.0	0.008	127930	700	298	423	125	6	44.05	44.05	44.05
juego1	easy	40.0	0.008	127939	700	298	423	125	6	44.06	44.06	44.06
juego1	easy	40.0	0.008	127946	700	299	423	124	6	44.06	44.06	44.06
juego1	easy	40.0	0.008	127954	700	299	423	124	6	44.06	44.06	44.06
juego1	easy	40.0	0.008	127963	700	300	423	123	6	44.06	44.06	44.06
juego1	easy	40.0	0.008	127973	700	300	423	123	6	44.06	44.06	44.06
juego1	easy	40.0	0.008	127981	700	300	423	123	6	44.06	44.06	44.06
juego1	easy	40.0	0.008	127989	700	300	423	123	6	44.06	44.06	44.06
juego1	easy	40.0	0.008	127997	700	301	423	122	6	44.06	44.06	44.06
juego1	easy	40.0	0.008	128004	700	301	423	122	6	44.05	44.05	44.05
juego1	easy	40.0	0.008	128013	700	302	423	121	6	44.06	44.06	44.06
juego1	easy	40.0	0.008	128021	700	303	423	120	6	44.06	44.06	44.06
juego1	easy	40.0	0.008	128030	700	303	423	120	6	44.05	44.05	44.05
juego1	easy	40.0	0.008	128038	700	304	423	119	6	44.06	44.06	44.06
juego1	easy	40.0	0.008	128047	700	304	423	119	6	44.06	44.06	44.06
juego1	easy	40.0	0.008	128055	700	305	423	118	6	44.06	44.06	44.06
juego1	easy	40.0	0.008	128063	700	305	423	118	6	44.06	44.06	44.06
juego1	easy	40.0	0.008	128072	700	306	423	117	6	44.06	44.06	44.06
juego1	easy	40.0	0.008	128080	700	306	423	117	6	44.06	44.06	44.06
juego1	easy	40.0	0.008	128088	700	307	423	116	6	44.06	44.06	44.06
juego1	easy	40.0	0.008	128096	700	307	423	116	6	44.05	44.05	44.05
juego1	easy	40.0	0.008	128104	700	307	423	116	6	44.05	44.05	44.05
juego1	easy	40.0	0.008	128113	700	308	423	115	6	44.05	44.05	44.05
juego1	easy	40.0	0.008	128123	700	308	423	115	6	44.05	44.05	44.05
juego1	easy	40.0	0.008	128131	700	309	423	114	6	44.05	44.05	44.05
juego1	easy	40.0	0.008	128140	700	309	423	114	6	44.05	44.05	44.05
juego1	easy	40.0	0.008	128149	700	310	423	113	6	44.06	44.06	44.06
juego1	easy	40.0	0.008	128158	700	310	423	113	6	44.05	44.05	44.05
juego1	easy	40.0	0.008	128167	700	311	423	112	6	44.06	44.06	44.06
juego1	easy	40.0	0.008	128176	700	311	423	112	6	44.05	44.05	44.05
juego1	easy	40.0	0.008	128185	700	312	423	111	6	44.05	44.05	44.05
juego1	easy	40.0	0.008	128193	700	312	423	111	6	44.05	44.05	44.05
juego1	easy	40.0	0.008	128202	700	313	423	110	6	44.05	44.05	44.05
juego1	easy	40.0	0.008	128210	700	313	423	110	6	44.06	44.06	44.06
juego1	easy	40.0	0.008	128219	700	314	423	109	6	44.05	44.05	44.05
juego1	easy	40.0	0.008	128228	700	314	423	109	6	44.06	44.06	44.06
juego1	easy	40.0	0.008	128235	700	314	423	109	6	44.06	44.06	44.06
juego1	easy	40.0	0.008	128243	700	315	423	108	6	44.06	44.06	44.06
juego1	easy	40.0	0.008	128252	700	315	423	108	6	44.06	44.06	44.06
juego1	easy	40.0	0.008	128259	700	316	423	107	6	44.06	44.06	44.06
juego1	easy	40.0	0.008	128268	700	316	423	107	6	44.05	44.05	44.05
juego1	easy	40.0	0.008	128276	700	317	423	106	6	44.05	44.05	44.05
juego1	easy	40.0	0.008	128285	700	317	423	106	6	44.06	44.06	44.06
juego1	easy	40.0	0.008	128294	700	317	423	106	6	44.06	44.06	44.06
juego1	easy	40.0	0.008	128303	700	318	423	105	6	44.05	44.05	44.05
juego1	easy	40.0	0.008	128310	700	318	423	105	6	44.05	44.05	44.05
juego1	easy	40.0	0.008	128319	700	319	423	104	6	44.06	44.06	44.06
juego1	easy	40.0	0.008	128328	700	319	423	104	6	44.06	44.06	44.06
juego1	easy	40.0	0.008	128337	700	320	423	103	6	44.06	44.06	44.06
juego1	easy	40.0	0.008	128344	700	320	423	103	6	44.05	44.05	44.05
juego1	easy	40.0	0.008	128353	700	320	423	103	6	44.06	44.06	44.06
juego1	easy	40.0	0.008	128361	700	321	423	102	6	44.06	44.06	44.06
juego1	easy	40.0	0.008	128369	700	321	423	102	6	44.06	44.06	44.06
juego1	easy	40.0	0.008	128378	700	322	423	101	6	44.0	44.0	44.0
juego1	easy	40.0	0.008	128387	700	322	423	101	6	43.88	43.88	43.88
juego1	easy	40.0	0.008	128394	700	322	423	101	6	43.83	43.83	43.83
juego1	easy	40.0	0.008	128403	700	323	424	101	6	43.79	43.79	43.79
juego1	easy	40.0	0.008	128410	700	323	424	101	6	43.76	43.76	43.76
juego1	easy	40.0	0.008	128419	700	323	424	101	6	43.73	43.73	43.73
juego1	easy	40.0	0.008	128428	700	324	424	100	6	43.7	43.7	43.7
juego1	easy	40.0	0.008	128436	700	324	424	100	6	43.65	43.65	43.65
juego1	easy	40.0	0.008	128445	700	324	424	100	6	43.67	43.67	43.67
juego1	easy	40.0	0.008	128466	700	325	424	99	6	43.69	43.69	43.69
juego1	easy	40.0	0.008	128467	700	325	424	99	6	43.69	43.69	43.69
juego1	easy	40.0	0.008	128476	700	326	424	98	6	43.69	43.69	43.69
juego1	easy	40.0	0.008	128485	700	326	424	98	6	43.68	43.68	43.68
juego1	easy	40.0	0.008	128494	700	326	424	98	6	43.67	43.67	43.67
juego1	easy	40.0	0.008	128502	700	327	424	97	6	43.66	43.66	43.66
juego1	easy	40.0	0.008	128512	700	327	424	97	6	43.69	43.69	43.69
juego1	easy	40.0	0.008	128518	700	327	424	97	6	43.69	43.69	43.69
juego1	easy	40.0	0.008	128529	700	328	424	96	6	43.68	43.68	43.68
juego1	easy	40.0	0.008	128536	700	328	424	96	6	43.68	43.68	43.68
juego1	easy	40.0	0.008	128545	700	328	424	96	6	43.67	43.67	43.67
juego1	easy	40.0	0.008	128554	700	329	424	95	6	43.68	43.68	43.68
juego1	easy	40.0	0.008	128563	700	329	424	95	6	43.69	43.69	43.69
juego1	easy	40.0	0.008	128572	700	329	424	95	6	43.69	43.69	43.69
juego1	easy	40.0	0.008	128581	700	329	424	95	6	43.68	43.68	43.68
juego1	easy	40.0	0.008	128588	700	330	424	94	6	43.68	43.68	43.68
juego1	easy	40.0	0.008	128597	700	330	424	94	6	43.67	43.67	43.67
juego1	easy	40.0	0.008	128605	700	330	424	94	6	43.67	43.67	43.67
juego1	easy	40.0	0.008	128614	700	331	424	93	6	43.67	43.67	43.67
juego1	easy	40.0	0.008	128622	700	331	424	93	6	43.67	43.67	43.67
juego1	easy	40.0	0.008	128630	700	331	424	93	6	43.67	43.67	43.67
juego1	easy	40.0	0.008	128639	700	331	424	93	6	43.67	43.67	43.67
juego1	easy	40.0	0.008	128648	700	332	424	92	6	43.67	43.67	43.67
juego1	easy	40.0	0.008	128657	700	332	424	92	6	43.68	43.68	43.68
juego1	easy	40.0	0.008	128666	700	332	424	92	6	43.68	43.68	43.68
juego1	easy	40.0	0.008	128674	700	332	424	92	6	43.67	43.67	43.67
juego1	easy	40.0	0.008	128683	700	333	424	91	6	43.67	43.67	43.67
juego1	easy	40.0	0.008	128692	700	333	424	91	6	43.67	43.67	43.67
juego1	easy	40.0	0.008	128701	700	333	424	91	6	43.67	43.67	43.67
juego1	easy	40.0	0.008	128709	700	333	424	91	6	43.67	43.67	43.67
juego1	easy	40.0	0.008	128717	700	334	424	90	6	43.67	43.67	43.67
juego1	easy	40.0	0.008	128726	700	334	424	90	6	43.67	43.67	43.67
juego1	easy	40.0	0.008	128735	700	334	424	90	6	43.67	43.67	43.67
juego1	easy	40.0	0.008	128744	700	334	424	90	6	43.67	43.67	43.67
juego1	easy	40.0	0.008	128752	700	335	424	89	6	43.67	43.67	43.67
juego1	easy	40.0	0.008	128760	700	335	424	89	6	43.67	43.67	43.67
juego1	easy	40.0	0.008	128770	700	335	424	89	6	43.67	43.67	43.67
juego1	easy	40.0	0.008	128778	700	335	424	89	6	43.67	43.67	43.67
juego1	easy	40.0	0.008	128787	700	335	424	89	6	43.67	43.67	43.67
juego1	easy	40.0	0.008	128796	700	336	424	88	6	43.66	43.66	43.66
juego1	easy	40.0	0.008	128805	700	336	424	88	6	43.67	43.67	43.67
juego1	easy	40.0	0.008	128812	700	336	424	88	6	43.67	43.67	43.67
juego1	easy	40.0	0.008	128821	700	336	424	88	6	43.66	43.66	43.66
juego1	easy	40.0	0.008	128828	700	336	424	88	6	43.66	43.66	43.66
juego1	easy	40.0	0.008	128837	700	337	424	87	6	43.67	43.67	43.67
juego1	easy	40.0	0.008	128846	700	337	424	87	6	43.67	43.67	43.67
juego1	easy	40.0	0.008	128855	700	337	424	87	6	43.67	43.67	43.67
juego1	easy	40.0	0.008	128864	700	337	424	87	6	43.66	43.66	43.66
juego1	easy	40.0	0.008	128873	700	337	424	87	6	43.66	43.66	43.66
juego1	easy	40.0	0.008	128882	700	337	424	87	6	43.66	43.66	43.66
juego1	easy	40.0	0.008	128891	700	337	424	87	6	43.66	43.66	43.66
juego1	easy	40.0	0.008	128900	700	338	424	86	6	43.66	43.66	43.66
juego1	easy	40.0	0.008	128908	700	338	424	86	6	43.66	43.66	43.66
juego1	easy	40.0	0.008	128917	700	338	424	86	6	43.66	43.66	43.66
juego1	easy	40.0	0.008	128926	700	338	424	86	6	43.66	43.66	43.66
juego1	easy	40.0	0.008	128935	700	338	424	86	6	43.66	43.66	43.66
juego1	easy	40.0	0.008	128942	700	338	424	86	6	43.65	43.65	43.65
juego1	easy	40.0	0.008	128951	700	338	424	86	6	43.65	43.65	43.65
juego1	easy	40.0	0.008	128959	700	338	424	86	6	43.65	43.65	43.65
juego1	easy	40.0	0.008	128968	700	339	424	85	6	43.65	43.65	43.65
juego1	easy	40.0	0.008	128977	700	339	424	85	6	43.65	43.65	43.65
juego1	easy	40.0	0.008	128986	700	339	424	85	6	43.65	43.65	43.65
juego1	easy	40.0	0.008	128994	700	339	424	85	6	43.65	43.65	43.65
juego1	easy	40.0	0.008	129003	700	339	424	85	6	43.65	43.65	43.65
juego1	easy	40.0	0.008	129012	700	339	424	85	6	43.65	43.65	43.65
juego1	easy	40.0	0.008	129021	700	339	424	85	6	43.65	43.65	43.65
juego1	easy	40.0	0.008	129030	700	339	424	85	6	43.65	43.65	43.65
juego1	easy	40.0	0.008	129038	700	339	424	85	6	43.65	43.65	43.65
juego1	easy	40.0	0.008	129047	700	339	424	85	6	43.65	43.65	43.65
juego1	easy	40.0	0.008	129055	700	339	424	85	6	43.65	43.65	43.65
juego1	easy	40.0	0.008	129064	700	339	424	85	6	43.65	43.65	43.65
juego1	easy	40.0	0.008	129072	700	339	424	85	6	43.65	43.65	43.65
juego1	easy	40.0	0.008	129081	700	340	424	84	6	43.65	43.65	43.65
juego1	easy	40.0	0.008	129090	700	340	424	84	6	43.66	43.66	43.66
juego1	easy	40.0	0.008	129098	700	340	424	84	6	43.66	43.66	43.66
juego1	easy	40.0	0.008	129106	700	340	424	84	6	43.66	43.66	43.66
juego1	easy	40.0	0.008	129115	700	340	424	84	6	43.66	43.66	43.66
juego1	easy	40.0	0.008	129123	700	340	424	84	6	43.66	43.66	43.66
juego1	easy	40.0	0.008	129131	700	340	424	84	6	43.66	43.66	43.66
juego1	easy	40.0	0.008	129140	700	340	424	84	6	43.66	43.66	43.66
juego1	easy	40.0	0.008	129148	700	340	424	84	6	43.65	43.65	43.65
juego1	easy	40.0	0.008	129157	700	340	424	84	6	43.65	43.65	43.65
juego1	easy	40.0	0.008	129165	700	340	424	84	6	43.65	43.65	43.65
juego1	easy	40.0	0.008	129174	700	340	424	84	6	43.65	43.65	43.65
juego1	easy	40.0	0.008	129182	700	340	424	84	6	43.65	43.65	43.65
juego1	easy	40.0	0.008	129190	700	340	424	84	6	43.65	43.65	43.65
juego1	easy	40.0	0.008	129198	700	340	424	84	6	43.65	43.65	43.65
juego1	easy	40.0	0.008	129207	700	340	424	84	6	43.65	43.65	43.65
juego1	easy	40.0	0.008	129214	700	340	424	84	6	43.65	43.65	43.65
juego1	easy	40.0	0.008	129223	700	340	424	84	6	43.65	43.65	43.65
juego1	easy	40.0	0.008	129232	700	340	424	84	6	43.65	43.65	43.65
juego1	easy	40.0	0.008	129241	700	339	424	85	6	43.65	43.65	43.65
juego1	easy	40.0	0.008	129249	700	339	424	85	6	43.65	43.65	43.65
juego1	easy	40.0	0.008	129257	700	339	424	85	6	43.65	43.65	43.65
juego1	easy	40.0	0.008	129266	700	339	424	85	6	43.65	43.65	43.65
juego1	easy	40.0	0.008	129273	700	339	424	85	6	43.65	43.65	43.65
juego1	easy	40.0	0.008	129281	700	339	424	85	6	43.65	43.65	43.65
juego1	easy	40.0	0.008	129289	700	339	424	85	6	43.65	43.65	43.65
juego1	easy	40.0	0.008	129297	700	339	424	85	6	43.65	43.65	43.65
juego1	easy	40.0	0.008	129307	700	339	424	85	6	43.65	43.65	43.65
juego1	easy	40.0	0.008	129314	700	339	424	85	6	43.65	43.65	43.65
juego1	easy	40.0	0.008	129322	700	339	424	85	6	43.65	43.65	43.65
juego1	easy	40.0	0.008	129331	700	339	424	85	6	43.65	43.65	43.65
juego1	easy	40.0	0.008	129340	700	339	424	85	6	43.65	43.65	43.65
juego1	easy	40.0	0.008	129348	700	338	424	86	6	43.66	43.66	43.66
juego1	easy	40.0	0.008	129357	700	338	424	86	6	43.66	43.66	43.66
juego1	easy	40.0	0.008	129366	700	338	424	86	6	43.65	43.65	43.65
juego1	easy	40.0	0.008	129375	700	338	424	86	6	43.66	43.66	43.66
juego1	easy	40.0	0.008	129383	700	338	424	86	6	43.65	43.65	43.65
juego1	easy	40.0	0.008	129392	700	338	424	86	6	43.65	43.65	43.65
juego1	easy	40.0	0.008	129401	700	338	424	86	6	43.65	43.65	43.65
juego1	easy	40.0	0.008	129410	700	338	424	86	6	43.65	43.65	43.65
juego1	easy	40.0	0.008	129417	700	337	424	87	6	43.65	43.65	43.65
juego1	easy	40.0	0.008	129426	700	337	424	87	6	43.65	43.65	43.65
juego1	easy	40.0	0.008	129435	700	337	424	87	6	43.65	43.65	43.65
juego1	easy	40.0	0.008	129443	700	337	424	87	6	43.65	43.65	43.65
juego1	easy	40.0	0.008	129452	700	337	424	87	6	43.65	43.65	43.65
juego1	easy	40.0	0.008	129460	700	337	424	87	6	43.65	43.65	43.65
juego1	easy	40.0	0.008	129468	700	337	424	87	6	43.65	43.65	43.65
juego1	easy	40.0	0.008	129476	700	336	424	88	6	43.65	43.65	43.65
juego1	easy	40.0	0.008	129485	700	336	424	88	6	43.65	43.65	43.65
juego1	easy	40.0	0.008	129493	700	336	424	88	6	43.65	43.65	43.65
juego1	easy	40.0	0.008	129502	700	336	424	88	6	43.65	43.65	43.65
juego1	easy	40.0	0.008	129511	700	336	424	88	6	43.64	43.64	43.64
juego1	easy	40.0	0.008	129519	700	335	424	89	6	43.65	43.65	43.65
juego1	easy	40.0	0.008	129528	700	335	424	89	6	43.65	43.65	43.65
juego1	easy	40.0	0.008	129537	700	335	424	89	6	43.65	43.65	43.65
juego1	easy	40.0	0.008	129545	700	335	424	89	6	43.64	43.64	43.64
juego1	easy	40.0	0.008	129553	700	335	424	89	6	43.64	43.64	43.64
juego1	easy	40.0	0.008	129562	700	334	424	90	6	43.64	43.64	43.64
juego1	easy	40.0	0.008	129570	700	334	424	90	6	43.64	43.64	43.64
juego1	easy	40.0	0.008	129579	700	334	424	90	6	43.64	43.64	43.64
juego1	easy	40.0	0.008	129587	700	334	424	90	6	43.64	43.64	43.64
juego1	easy	40.0	0.008	129595	700	333	424	91	6	43.65	43.65	43.65
juego1	easy	40.0	0.008	129603	700	333	424	91	6	43.65	43.65	43.65
juego1	easy	40.0	0.008	129612	700	333	424	91	6	43.65	43.65	43.65
juego1	easy	40.0	0.008	129620	700	333	424	91	6	43.65	43.65	43.65
juego1	easy	40.0	0.008	129629	700	332	424	92	6	43.65	43.65	43.65
juego1	easy	40.0	0.008	129638	700	332	424	92	6	43.65	43.65	43.65
juego1	easy	40.0	0.008	129648	700	332	424	92	6	43.65	43.65	43.65
juego1	easy	40.0	0.008	129656	700	332	424	92	6	43.65	43.65	43.65
juego1	easy	40.0	0.008	129665	700	331	424	93	6	43.65	43.65	43.65
juego1	easy	40.0	0.008	129674	700	331	424	93	6	43.65	43.65	43.65
juego1	easy	40.0	0.008	129683	700	331	424	93	6	43.65	43.65	43.65
juego1	easy	40.0	0.008	129692	700	331	424	93	6	43.65	43.65	43.65
juego1	easy	40.0	0.008	129700	700	330	424	94	6	43.65	43.65	43.65
juego1	easy	40.0	0.008	129709	700	330	424	94	6	43.65	43.65	43.65
juego1	easy	40.0	0.008	129718	700	330	424	94	6	43.64	43.64	43.64
juego1	easy	40.0	0.008	129728	700	329	424	95	6	43.64	43.64	43.64
juego1	easy	40.0	0.008	129734	700	329	424	95	6	43.64	43.64	43.64
juego1	easy	40.0	0.008	129743	700	329	424	95	6	43.65	43.65	43.65
juego1	easy	40.0	0.008	129751	700	329	424	95	6	43.65	43.65	43.65
juego1	easy	40.0	0.008	129759	700	328	424	96	6	43.65	43.65	43.65
juego1	easy	40.0	0.008	129768	700	328	424	96	6	43.65	43.65	43.65
juego1	easy	40.0	0.008	129776	700	328	424	96	6	43.65	43.65	43.65
juego1	easy	40.0	0.008	129784	700	327	424	97	6	43.65	43.65	43.65
juego1	easy	40.0	0.008	129793	700	327	424	97	6	43.64	43.64	43.64
juego1	easy	40.0	0.008	129801	700	327	424	97	6	43.64	43.64	43.64
juego1	easy	40.0	0.008	129810	700	326	424	98	6	43.64	43.64	43.64
juego1	easy	40.0	0.008	129819	700	326	424	98	6	43.64	43.64	43.64
juego1	easy	40.0	0.008	129828	700	326	424	98	6	43.64	43.64	43.64
juego1	easy	40.0	0.008	129836	700	325	424	99	6	43.64	43.64	43.64
juego1	easy	40.0	0.008	129845	700	325	424	99	6	43.64	43.64	43.64
juego1	easy	40.0	0.008	129854	700	325	424	99	6	43.64	43.64	43.64
juego1	easy	40.0	0.008	129863	700	324	424	100	6	43.65	43.65	43.65
juego1	easy	40.0	0.008	129872	700	324	424	100	6	43.64	43.64	43.64
juego1	easy	40.0	0.008	129881	700	323	424	101	6	43.64	43.64	43.64
juego1	easy	40.0	0.008	129889	700	323	424	101	6	43.64	43.64	43.64
juego1	easy	40.0	0.008	129898	700	323	424	101	6	43.64	43.64	43.64
juego1	easy	40.0	0.008	129906	700	322	424	102	6	43.64	43.64	43.64
juego1	easy	40.0	0.008	129915	700	322	424	102	6	43.64	43.64	43.64
juego1	easy	40.0	0.008	129924	700	322	424	102	6	43.64	43.64	43.64
juego1	easy	40.0	0.008	129932	700	321	424	103	6	43.65	43.65	43.65
juego1	easy	40.0	0.008	129941	700	321	424	103	6	43.64	43.64	43.64
juego1	easy	40.0	0.008	129949	700	320	424	104	6	43.64	43.64	43.64
juego1	easy	40.0	0.008	129958	700	320	424	104	6	43.64	43.64	43.64
juego1	easy	40.0	0.008	129967	700	320	424	104	6	43.64	43.64	43.64
juego1	easy	40.0	0.008	129975	700	319	424	105	6	43.64	43.64	43.64
juego1	easy	40.0	0.008	129983	700	319	424	105	6	43.64	43.64	43.64
juego1	easy	40.0	0.008	129992	700	318	424	106	6	43.64	43.64	43.64
juego1	easy	40.0	0.008	130001	700	318	424	106	6	43.64	43.64	43.64
juego1	easy	40.0	0.008	130010	700	318	424	106	6	43.65	43.65	43.65
juego1	easy	40.0	0.008	130019	700	317	424	107	6	43.64	43.64	43.64
juego1	easy	40.0	0.008	130027	700	317	424	107	6	43.64	43.64	43.64
juego1	easy	40.0	0.008	130036	700	316	424	108	6	43.64	43.64	43.64
juego1	easy	40.0	0.008	130044	700	316	424	108	6	43.64	43.64	43.64
juego1	easy	40.0	0.008	130053	700	315	424	109	6	43.64	43.64	43.64
juego1	easy	40.0	0.008	130061	700	315	424	109	6	43.65	43.65	43.65
juego1	easy	40.0	0.008	130070	700	315	424	109	6	43.64	43.64	43.64
juego1	easy	40.0	0.008	130078	700	314	424	110	6	43.64	43.64	43.64
juego1	easy	40.0	0.008	130087	700	314	424	110	6	43.64	43.64	43.64
juego1	easy	40.0	0.008	130096	700	313	424	111	6	43.64	43.64	43.64
juego1	easy	40.0	0.008	130105	700	313	424	111	6	43.65	43.65	43.65
juego1	easy	40.0	0.008	130113	700	312	424	112	6	43.65	43.65	43.65
juego1	easy	40.0	0.008	130122	700	312	424	112	6	43.65	43.65	43.65
juego1	easy	40.0	0.008	130131	700	311	424	113	6	43.65	43.65	43.65
juego1	easy	40.0	0.008	130139	700	311	424	113	6	43.65	43.65	43.65
juego1	easy	40.0	0.008	130148	700	310	424	114	6	43.64	43.64	43.64
juego1	easy	40.0	0.008	130155	700	310	424	114	6	43.65	43.65	43.65
juego1	easy	40.0	0.008	130164	700	309	424	115	6	43.65	43.65	43.65
juego1	easy	40.0	0.008	130171	700	309	424	115	6	43.65	43.65	43.65
juego1	easy	40.0	0.008	130180	700	309	424	115	6	43.65	43.65	43.65
juego1	easy	40.0	0.008	130188	700	308	424	116	6	43.65	43.65	43.65
juego1	easy	40.0	0.008	130195	700	308	424	116	6	43.65	43.65	43.65
juego1	easy	40.0	0.008	130204	700	307	424	117	6	43.65	43.65	43.65
juego1	easy	40.0	0.008	130211	700	307	424	117	6	43.64	43.64	43.64
juego1	easy	40.0	0.008	130220	700	306	424	118	6	43.64	43.64	43.64
juego1	easy	40.0	0.008	130229	700	306	424	118	6	43.64	43.64	43.64
juego1	easy	40.0	0.008	130237	700	305	424	119	6	43.65	43.65	43.65
juego1	easy	40.0	0.008	130244	700	305	424	119	6	43.65	43.65	43.65
juego1	easy	40.0	0.008	130253	700	304	424	120	6	43.65	43.65	43.65
juego1	easy	40.0	0.008	130262	700	304	424	120	6	43.65	43.65	43.65
juego1	easy	40.0	0.008	130271	700	303	424	121	6	43.65	43.65	43.65
juego1	easy	40.0	0.008	130280	700	303	424	121	6	43.65	43.65	43.65
juego1	easy	40.0	0.008	130287	700	302	424	122	6	43.65	43.65	43.65
juego1	easy	40.0	0.008	130296	700	302	424	122	6	43.65	43.65	43.65
juego1	easy	40.0	0.008	130304	700	301	424	123	6	43.65	43.65	43.65
juego1	easy	40.0	0.008	130313	700	301	424	123	6	43.65	43.65	43.65
juego1	easy	40.0	0.008	130322	700	300	424	124	6	43.65	43.65	43.65
juego1	easy	40.0	0.008	130331	700	300	424	124	6	43.65	43.65	43.65
juego1	easy	40.0	0.008	130339	700	300	424	124	6	43.65	43.65	43.65
juego1	easy	40.0	0.008	130348	700	299	424	125	6	43.65	43.65	43.65
juego1	easy	40.0	0.008	130356	700	299	424	125	6	43.65	43.65	43.65
juego1	easy	40.0	0.008	130365	700	298	424	126	6	43.65	43.65	43.65
juego1	easy	40.0	0.008	130374	700	298	424	126	6	43.65	43.65	43.65
juego1	easy	40.0	0.008	130383	700	297	424	127	6	43.65	43.65	43.65
juego1	easy	40.0	0.008	130391	700	297	424	127	6	43.65	43.65	43.65
juego1	easy	40.0	0.008	130399	700	296	424	128	6	43.65	43.65	43.65
juego1	easy	40.0	0.008	130407	700	296	424	128	6	43.65	43.65	43.65
juego1	easy	40.0	0.008	130416	700	295	424	129	6	43.65	43.65	43.65
juego1	easy	40.0	0.008	130424	700	295	424	129	6	43.66	43.66	43.66
juego1	easy	40.0	0.008	130433	700	294	424	130	6	43.65	43.65	43.65
juego1	easy	40.0	0.008	130441	700	294	424	130	6	43.66	43.66	43.66
juego1	easy	40.0	0.008	130450	700	293	424	131	6	43.66	43.66	43.66
juego1	easy	40.0	0.008	130458	700	292	424	132	6	43.66	43.66	43.66
juego1	easy	40.0	0.008	130466	700	292	424	132	6	43.66	43.66	43.66
juego1	easy	40.0	0.008	130475	700	291	424	133	6	43.65	43.65	43.65
juego1	easy	40.0	0.008	130483	700	291	424	133	6	43.65	43.65	43.65
juego1	easy	40.0	0.008	130492	700	290	424	134	6	43.66	43.66	43.66
juego1	easy	40.0	0.008	130500	700	290	424	134	6	43.65	43.65	43.65
juego1	easy	40.0	0.008	130509	700	289	424	135	6	43.65	43.65	43.65
juego1	easy	40.0	0.008	130518	700	289	424	135	6	43.66	43.66	43.66
juego1	easy	40.0	0.008	130525	700	288	424	136	6	43.65	43.65	43.65
juego1	easy	40.0	0.008	130533	700	287	424	137	6	43.65	43.65	43.65
juego1	easy	40.0	0.008	130541	700	287	424	137	6	43.65	43.65	43.65
juego1	easy	40.0	0.008	130550	700	286	424	138	6	43.66	43.66	43.66
juego1	easy	40.0	0.008	130558	700	286	424	138	6	43.65	43.65	43.65
juego1	easy	40.0	0.008	130567	700	285	424	139	6	43.65	43.65	43.65
juego1	easy	40.0	0.008	130575	700	285	424	139	6	43.65	43.65	43.65
juego1	easy	40.0	0.008	130583	700	284	424	140	6	43.65	43.65	43.65
juego1	easy	40.0	0.008	130592	700	283	424	141	6	43.65	43.65	43.65
juego1	easy	40.0	0.008	130600	700	283	424	141	6	43.65	43.65	43.65
juego1	easy	40.0	0.008	130609	700	282	424	142	6	43.65	43.65	43.65
juego1	easy	40.0	0.008	130616	700	282	424	142	6	43.65	43.65	43.65
juego1	easy	40.0	0.008	130625	700	281	424	143	6	43.65	43.65	43.65
juego1	easy	40.0	0.008	130634	700	281	424	143	6	43.65	43.65	43.65
juego1	easy	40.0	0.008	130641	700	280	424	144	6	43.65	43.65	43.65
juego1	easy	40.0	0.008	130650	700	279	424	145	6	43.65	43.65	43.65
juego1	easy	40.0	0.008	130659	700	279	424	145	6	43.65	43.65	43.65
juego1	easy	40.0	0.008	130667	700	278	424	146	6	43.65	43.65	43.65
juego1	easy	40.0	0.008	130674	700	278	424	146	6	43.65	43.65	43.65
juego1	easy	40.0	0.008	130683	700	277	424	147	6	43.65	43.65	43.65
juego1	easy	40.0	0.008	130691	700	276	424	148	6	43.65	43.65	43.65
juego1	easy	40.0	0.008	130700	700	276	424	148	6	43.65	43.65	43.65
juego1	easy	40.0	0.008	130708	700	275	424	149	6	43.65	43.65	43.65
juego1	easy	40.0	0.008	130717	700	275	424	149	6	43.65	43.65	43.65
juego1	easy	40.0	0.008	130726	700	274	424	150	6	43.65	43.65	43.65
juego1	easy	40.0	0.008	130734	700	274	424	150	6	43.65	43.65	43.65
juego1	easy	40.0	0.008	130743	700	273	424	151	6	43.65	43.65	43.65
juego1	easy	40.0	0.008	130752	700	272	424	152	6	43.65	43.65	43.65
juego1	easy	40.0	0.008	130761	700	272	424	152	6	43.65	43.65	43.65
juego1	easy	40.0	0.008	130770	700	271	424	153	6	43.65	43.65	43.65
juego1	easy	40.0	0.008	130778	700	271	424	153	6	43.65	43.65	43.65
juego1	easy	40.0	0.008	130787	700	270	424	154	6	43.65	43.65	43.65
juego1	easy	40.0	0.008	130795	700	269	424	155	6	43.65	43.65	43.65
juego1	easy	40.0	0.008	130804	700	269	424	155	6	43.65	43.65	43.65
juego1	easy	40.0	0.008	130813	700	268	424	156	6	43.65	43.65	43.65
juego1	easy	40.0	0.008	130821	700	268	424	156	7	43.65	43.65	43.65
juego1	easy	50.0	0.009	130830	700	267	424	157	7	43.65	43.65	43.65
juego1	easy	50.0	0.009	130839	700	267	424	157	7	43.65	43.65	43.65
juego1	easy	50.0	0.009	130847	700	266	424	158	7	43.65	43.65	43.65
juego1	easy	50.0	0.009	130856	700	266	424	158	7	43.65	43.65	43.65
juego1	easy	50.0	0.009	130865	700	265	424	159	7	43.65	43.65	43.65
juego1	easy	50.0	0.009	130872	700	265	424	159	7	43.65	43.65	43.65
juego1	easy	50.0	0.009	130881	700	264	424	160	7	43.65	43.65	43.65
juego1	easy	50.0	0.009	130890	700	264	424	160	7	43.65	43.65	43.65
juego1	easy	50.0	0.009	130898	700	263	424	161	7	43.65	43.65	43.65
juego1	easy	50.0	0.009	130907	700	263	424	161	7	43.65	43.65	43.65
juego1	easy	50.0	0.009	130916	700	262	424	162	7	43.65	43.65	43.65
juego1	easy	50.0	0.009	130923	700	262	424	162	7	43.65	43.65	43.65
juego1	easy	50.0	0.009	130932	700	261	424	163	7	43.65	43.65	43.65
juego1	easy	50.0	0.009	130940	700	261	424	163	7	43.65	43.65	43.65
juego1	easy	50.0	0.009	130949	700	260	424	164	7	43.65	43.65	43.65
juego1	easy	50.0	0.009	130958	700	260	424	164	7	43.65	43.65	43.65
juego1	easy	50.0	0.009	130966	700	259	424	165	7	43.65	43.65	43.65
juego1	easy	50.0	0.009	130974	700	259	424	165	7	43.65	43.65	43.65
juego1	easy	50.0	0.009	130982	700	258	424	166	7	43.65	43.65	43.65
juego1	easy	50.0	0.009	130991	700	258	424	166	7	43.65	43.65	43.65
juego1	easy	50.0	0.009	131000	700	257	424	167	7	43.65	43.65	43.65
juego1	easy	50.0	0.009	131008	700	257	424	167	7	43.65	43.65	43.65
juego1	easy	50.0	0.009	131016	700	256	424	168	7	43.66	43.66	43.66
juego1	easy	50.0	0.009	131025	700	255	424	169	7	43.65	43.65	43.65
juego1	easy	50.0	0.009	131033	700	255	424	169	7	43.65	43.65	43.65
juego1	easy	50.0	0.009	131041	700	254	424	170	7	43.65	43.65	43.65
juego1	easy	50.0	0.009	131050	700	254	424	170	7	43.65	43.65	43.65
juego1	easy	50.0	0.009	131059	700	253	424	171	7	43.65	43.65	43.65
juego1	easy	50.0	0.009	131068	700	253	424	171	7	43.65	43.65	43.65
juego1	easy	50.0	0.009	131077	700	252	424	172	7	43.65	43.65	43.65
juego1	easy	50.0	0.009	131085	700	252	424	172	7	43.65	43.65	43.65
juego1	easy	50.0	0.009	131093	700	251	424	173	7	43.65	43.65	43.65
juego1	easy	50.0	0.009	131102	700	251	424	173	7	43.66	43.66	43.66
juego1	easy	50.0	0.009	131111	700	250	424	174	7	43.66	43.66	43.66
juego1	easy	50.0	0.009	131118	700	250	424	174	7	43.66	43.66	43.66
juego1	easy	50.0	0.009	131127	700	249	424	175	7	43.66	43.66	43.66
juego1	easy	50.0	0.009	131136	700	249	424	175	7	43.66	43.66	43.66
juego1	easy	50.0	0.009	131144	700	248	424	176	7	43.66	43.66	43.66
juego1	easy	50.0	0.009	131153	700	248	424	176	7	43.66	43.66	43.66
juego1	easy	50.0	0.009	131162	700	247	424	177	7	43.66	43.66	43.66
juego1	easy	50.0	0.009	131171	700	247	424	177	7	43.67	43.67	43.67
juego1	easy	50.0	0.009	131180	700	246	424	178	7	43.67	43.67	43.67
juego1	easy	50.0	0.009	131189	700	246	424	178	7	43.67	43.67	43.67
juego1	easy	50.0	0.009	131198	700	245	424	179	7	43.67	43.67	43.67
juego1	easy	50.0	0.009	131205	700	245	424	179	7	43.67	43.67	43.67
juego1	easy	50.0	0.009	131214	700	244	424	180	7	43.67	43.67	43.67
juego1	easy	50.0	0.009	131222	700	244	424	180	7	43.66	43.66	43.66
juego1	easy	50.0	0.009	131231	700	243	424	181	7	43.66	43.66	43.66
juego1	easy	50.0	0.009	131239	700	243	424	181	7	43.66	43.66	43.66
juego1	easy	50.0	0.009	131247	700	243	424	181	7	43.66	43.66	43.66
juego1	easy	50.0	0.009	131256	700	242	424	182	7	43.66	43.66	43.66
juego1	easy	50.0	0.009	131264	700	242	424	182	7	43.67	43.67	43.67
juego1	easy	50.0	0.009	131271	700	241	424	183	7	43.66	43.66	43.66
juego1	easy	50.0	0.009	131280	700	241	424	183	7	43.67	43.67	43.67
juego1	easy	50.0	0.009	131289	700	240	424	184	7	43.67	43.67	43.67
juego1	easy	50.0	0.009	131298	700	240	424	184	7	43.67	43.67	43.67
juego1	easy	50.0	0.009	131307	700	239	424	185	7	43.67	43.67	43.67
juego1	easy	50.0	0.009	131316	700	239	424	185	7	43.67	43.67	43.67
juego1	easy	50.0	0.009	131325	700	238	424	186	7	43.67	43.67	43.67
juego1	easy	50.0	0.009	131334	700	238	424	186	7	43.67	43.67	43.67
juego1	easy	50.0	0.009	131342	700	237	424	187	7	43.66	43.66	43.66
juego1	easy	50.0	0.009	131351	700	237	424	187	7	43.67	43.67	43.67
juego1	easy	50.0	0.009	131360	700	237	424	187	7	43.66	43.66	43.66
juego1	easy	50.0	0.009	131368	700	236	424	188	7	43.66	43.66	43.66
juego1	easy	50.0	0.009	131377	700	236	424	188	7	43.67	43.67	43.67
juego1	easy	50.0	0.009	131386	700	235	424	189	7	43.66	43.66	43.66
juego1	easy	50.0	0.009	131395	700	235	424	189	7	43.66	43.66	43.66
juego1	easy	50.0	0.009	131403	700	234	424	190	7	43.66	43.66	43.66
juego1	easy	50.0	0.009	131413	700	234	424	190	7	43.66	43.66	43.66
juego1	easy	50.0	0.009	131421	700	233	424	191	7	43.66	43.66	43.66
juego1	easy	50.0	0.009	131430	700	233	424	191	7	43.66	43.66	43.66
juego1	easy	50.0	0.009	131438	700	233	424	191	7	43.66	43.66	43.66
juego1	easy	50.0	0.009	131446	700	232	424	192	7	43.66	43.66	43.66
juego1	easy	50.0	0.009	131455	700	232	424	192	7	43.66	43.66	43.66
juego1	easy	50.0	0.009	131464	700	231	424	193	7	43.66	43.66	43.66
juego1	easy	50.0	0.009	131473	700	231	424	193	7	43.66	43.66	43.66
juego1	easy	50.0	0.009	131482	700	231	424	193	7	43.66	43.66	43.66
juego1	easy	50.0	0.009	131491	700	230	424	194	7	43.66	43.66	43.66
juego1	easy	50.0	0.009	131499	700	230	424	194	7	43.66	43.66	43.66
juego1	easy	50.0	0.009	131508	700	229	424	195	7	43.66	43.66	43.66
juego1	easy	50.0	0.009	131517	700	229	424	195	7	43.66	43.66	43.66
juego1	easy	50.0	0.009	131526	700	229	424	195	7	43.66	43.66	43.66
juego1	easy	50.0	0.009	131535	700	228	424	196	7	43.67	43.67	43.67
juego1	easy	50.0	0.009	131543	700	228	424	196	7	43.66	43.66	43.66
juego1	easy	50.0	0.009	131551	700	227	424	197	7	43.67	43.67	43.67
juego1	easy	50.0	0.009	131559	700	227	424	197	7	43.67	43.67	43.67
juego1	easy	50.0	0.009	131568	700	227	424	197	7	43.66	43.66	43.66
juego1	easy	50.0	0.009	131577	700	226	424	198	7	43.67	43.67	43.67
juego1	easy	50.0	0.009	131586	700	226	424	198	7	43.67	43.67	43.67
juego1	easy	50.0	0.009	131595	700	225	424	199	7	43.67	43.67	43.67
juego1	easy	50.0	0.009	131604	700	225	424	199	7	43.67	43.67	43.67
juego1	easy	50.0	0.009	131611	700	225	424	199	7	43.67	43.67	43.67
juego1	easy	50.0	0.009	131620	700	224	424	200	7	43.67	43.67	43.67
juego1	easy	50.0	0.009	131629	700	224	424	200	7	43.67	43.67	43.67
juego1	easy	50.0	0.009	131637	700	224	424	200	7	43.67	43.67	43.67
juego1	easy	50.0	0.009	131646	700	223	424	201	7	43.67	43.67	43.67
juego1	easy	50.0	0.009	131655	700	223	424	201	7	43.67	43.67	43.67
juego1	easy	50.0	0.009	131664	700	223	424	201	7	43.67	43.67	43.67
juego1	easy	50.0	0.009	131672	700	222	424	202	7	43.67	43.67	43.67
juego1	easy	50.0	0.009	131681	700	222	424	202	7	43.66	43.66	43.66
juego1	easy	50.0	0.009	131690	700	222	424	202	7	43.66	43.66	43.66
juego1	easy	50.0	0.009	131698	700	221	424	203	7	43.66	43.66	43.66
juego1	easy	50.0	0.009	131708	700	221	424	203	7	43.67	43.67	43.67
juego1	easy	50.0	0.009	131714	700	221	424	203	7	43.67	43.67	43.67
juego1	easy	50.0	0.009	131723	700	220	424	204	7	43.67	43.67	43.67
juego1	easy	50.0	0.009	131730	700	220	424	204	7	43.67	43.67	43.67
juego1	easy	50.0	0.009	131739	700	220	424	204	7	43.66	43.66	43.66
juego1	easy	50.0	0.009	131748	700	219	424	205	7	43.66	43.66	43.66
juego1	easy	50.0	0.009	131757	700	219	424	205	7	43.66	43.66	43.66
juego1	easy	50.0	0.009	131766	700	219	424	205	7	43.66	43.66	43.66
juego1	easy	50.0	0.009	131774	700	219	424	205	7	43.66	43.66	43.66
juego1	easy	50.0	0.009	131783	700	218	424	206	7	43.66	43.66	43.66
juego1	easy	50.0	0.009	131793	700	218	424	206	7	43.66	43.66	43.66
juego1	easy	50.0	0.009	131799	700	218	424	206	7	43.66	43.66	43.66
juego1	easy	50.0	0.009	131808	700	217	424	207	7	43.66	43.66	43.66
juego1	easy	50.0	0.009	131818	700	217	424	207	7	43.66	43.66	43.66
juego1	easy	50.0	0.009	131824	700	217	424	207	7	43.66	43.66	43.66
juego1	easy	50.0	0.009	131833	700	217	424	207	7	43.67	43.67	43.67
juego1	easy	50.0	0.009	131842	700	216	424	208	7	43.66	43.66	43.66
juego1	easy	50.0	0.009	131851	700	216	424	208	7	43.66	43.66	43.66
juego1	easy	50.0	0.009	131860	700	216	424	208	7	43.67	43.67	43.67
juego1	easy	50.0	0.009	131869	700	216	424	208	7	43.66	43.66	43.66
juego1	easy	50.0	0.009	131878	700	215	424	209	7	43.67	43.67	43.67
juego1	easy	50.0	0.009	131886	700	215	424	209	7	43.67	43.67	43.67
juego1	easy	50.0	0.009	131895	700	215	424	209	7	43.66	43.66	43.66
juego1	easy	50.0	0.009	131904	700	215	424	209	7	43.67	43.67	43.67
juego1	easy	50.0	0.009	131913	700	214	424	210	7	43.67	43.67	43.67
juego1	easy	50.0	0.009	131922	700	214	424	210	7	43.66	43.66	43.66
juego1	easy	50.0	0.009	131931	700	214	424	210	7	43.66	43.66	43.66
juego1	easy	50.0	0.009	131940	700	214	424	210	7	43.67	43.67	43.67
juego1	easy	50.0	0.009	131949	700	214	424	210	7	43.67	43.67	43.67
juego1	easy	50.0	0.009	131958	700	213	424	211	7	43.67	43.67	43.67
juego1	easy	50.0	0.009	131967	700	213	424	211	7	43.67	43.67	43.67
juego1	easy	50.0	0.009	131976	700	213	424	211	7	43.67	43.67	43.67
juego1	easy	50.0	0.009	131984	700	213	424	211	7	43.67	43.67	43.67
juego1	easy	50.0	0.009	131992	700	213	424	211	7	43.67	43.67	43.67
juego1	easy	50.0	0.009	132001	700	212	424	212	7	43.67	43.67	43.67
juego1	easy	50.0	0.009	132010	700	212	424	212	7	43.67	43.67	43.67
juego1	easy	50.0	0.009	132019	700	212	424	212	7	43.67	43.67	43.67
juego1	easy	50.0	0.009	132027	700	212	424	212	7	43.67	43.67	43.67
juego1	easy	50.0	0.009	132035	700	212	424	212	7	43.67	43.67	43.67
juego1	easy	50.0	0.009	132044	700	212	424	212	7	43.67	43.67	43.67
juego1	easy	50.0	0.009	132053	700	211	424	213	7	43.67	43.67	43.67
juego1	easy	50.0	0.009	132062	700	211	424	213	7	43.67	43.67	43.67
juego1	easy	50.0	0.009	132070	700	211	424	213	7	43.67	43.67	43.67
juego1	easy	50.0	0.009	132079	700	211	424	213	7	43.67	43.67	43.67
juego1	easy	50.0	0.009	132088	700	211	424	213	7	43.67	43.67	43.67
juego1	easy	50.0	0.009	132097	700	211	424	213	7	43.67	43.67	43.67
juego1	easy	50.0	0.009	132106	700	211	424	213	7	43.67	43.67	43.67
juego1	easy	50.0	0.009	132115	700	211	424	213	7	43.67	43.67	43.67
juego1	easy	50.0	0.009	132124	700	210	424	214	7	43.67	43.67	43.67
juego1	easy	50.0	0.009	132133	700	210	424	214	7	43.67	43.67	43.67
juego1	easy	50.0	0.009	132141	700	210	424	214	7	43.67	43.67	43.67
juego1	easy	50.0	0.009	132150	700	210	424	214	7	43.67	43.67	43.67
juego1	easy	50.0	0.009	132159	700	210	424	214	7	43.67	43.67	43.67
juego1	easy	50.0	0.009	132167	700	210	424	214	7	43.67	43.67	43.67
juego1	easy	50.0	0.009	132176	700	210	424	214	7	43.67	43.67	43.67
juego1	easy	50.0	0.009	132185	700	210	424	214	7	43.67	43.67	43.67
juego1	easy	50.0	0.009	132194	700	210	424	214	7	43.67	43.67	43.67
juego1	easy	50.0	0.009	132202	700	210	424	214	7	43.67	43.67	43.67
juego1	easy	50.0	0.009	132211	700	209	424	215	7	43.67	43.67	43.67
juego1	easy	50.0	0.009	132219	700	209	424	215	7	43.67	43.67	43.67
juego1	easy	50.0	0.009	132228	700	209	424	215	7	43.66	43.66	43.66
juego1	easy	50.0	0.009	132237	700	209	424	215	7	43.67	43.67	43.67
juego1	easy	50.0	0.009	132245	700	209	424	215	7	43.67	43.67	43.67
juego1	easy	50.0	0.009	132254	700	209	424	215	7	43.67	43.67	43.67
juego1	easy	50.0	0.009	132262	700	209	424	215	7	43.66	43.66	43.66
juego1	easy	50.0	0.009	132270	700	209	424	215	7	43.66	43.66	43.66
juego1	easy	50.0	0.009	132279	700	209	424	215	7	43.66	43.66	43.66
juego1	easy	50.0	0.009	132287	700	209	424	215	7	43.66	43.66	43.66
juego1	easy	50.0	0.009	132296	700	209	424	215	7	43.66	43.66	43.66
juego1	easy	50.0	0.009	132304	700	209	424	215	7	43.66	43.66	43.66
juego1	easy	50.0	0.009	132313	700	209	424	215	7	43.66	43.66	43.66
juego1	easy	50.0	0.009	132322	700	209	424	215	7	43.66	43.66	43.66
juego1	easy	50.0	0.009	132330	700	209	424	215	7	43.66	43.66	43.66
juego1	easy	50.0	0.009	132339	700	209	424	215	7	43.66	43.66	43.66
juego1	easy	50.0	0.009	132348	700	209	424	215	7	43.66	43.66	43.66
juego1	easy	50.0	0.009	132356	700	209	424	215	7	43.66	43.66	43.66
juego1	easy	50.0	0.009	132365	700	209	424	215	7	43.66	43.66	43.66
juego1	easy	50.0	0.009	132373	700	209	424	215	7	43.66	43.66	43.66
juego1	easy	50.0	0.009	132382	700	209	424	215	7	43.66	43.66	43.66
juego1	easy	50.0	0.009	132390	700	209	424	215	7	43.66	43.66	43.66
juego1	easy	50.0	0.009	132397	700	209	424	215	7	43.66	43.66	43.66
juego1	easy	50.0	0.009	132406	700	209	424	215	7	43.66	43.66	43.66
juego1	easy	50.0	0.009	132414	700	209	424	215	7	43.66	43.66	43.66
juego1	easy	50.0	0.009	132423	700	209	424	215	7	43.66	43.66	43.66
juego1	easy	50.0	0.009	132430	700	209	424	215	7	43.66	43.66	43.66
juego1	easy	50.0	0.009	132438	700	209	424	215	7	43.66	43.66	43.66
juego1	easy	50.0	0.009	132446	700	209	424	215	7	43.66	43.66	43.66
juego1	easy	50.0	0.009	132455	700	209	424	215	7	43.66	43.66	43.66
juego1	easy	50.0	0.009	132463	700	210	424	214	7	43.66	43.66	43.66
juego1	easy	50.0	0.009	132472	700	210	424	214	7	43.66	43.66	43.66
juego1	easy	50.0	0.009	132481	700	210	424	214	7	43.66	43.66	43.66
juego1	easy	50.0	0.009	132489	700	210	424	214	7	43.66	43.66	43.66
juego1	easy	50.0	0.009	132497	700	210	424	214	7	43.65	43.65	43.65
juego1	easy	50.0	0.009	132506	700	210	424	214	7	43.65	43.65	43.65
juego1	easy	50.0	0.009	132514	700	210	424	214	7	43.65	43.65	43.65
juego1	easy	50.0	0.009	132522	700	210	424	214	7	43.65	43.65	43.65
juego1	easy	50.0	0.009	132530	700	210	424	214	7	43.65	43.65	43.65
juego1	easy	50.0	0.009	132539	700	210	424	214	7	43.65	43.65	43.65
juego1	easy	50.0	0.009	132548	700	211	424	213	7	43.65	43.65	43.65
juego1	easy	50.0	0.009	132555	700	211	424	213	7	43.65	43.65	43.65
juego1	easy	50.0	0.009	132564	700	211	424	213	7	43.65	43.65	43.65
juego1	easy	50.0	0.009	132572	700	211	424	213	7	43.65	43.65	43.65
juego1	easy	50.0	0.009	132580	700	211	424	213	7	43.65	43.65	43.65
juego1	easy	50.0	0.009	132589	700	211	424	213	7	43.65	43.65	43.65
juego1	easy	50.0	0.009	132597	700	211	424	213	7	43.65	43.65	43.65
juego1	easy	50.0	0.009	132606	700	211	424	213	7	43.65	43.65	43.65
juego1	easy	50.0	0.009	132614	700	212	424	212	7	43.65	43.65	43.65
juego1	easy	50.0	0.009	132623	700	212	424	212	7	43.65	43.65	43.65
juego1	easy	50.0	0.009	132630	700	212	424	212	7	43.65	43.65	43.65
juego1	easy	50.0	0.009	132639	700	212	424	212	7	43.65	43.65	43.65
juego1	easy	50.0	0.009	132648	700	212	424	212	7	43.65	43.65	43.65
juego1	easy	50.0	0.009	132656	700	212	424	212	7	43.65	43.65	43.65
juego1	easy	50.0	0.009	132665	700	213	424	211	7	43.65	43.65	43.65
juego1	easy	50.0	0.009	132674	700	213	424	211	7	43.66	43.66	43.66
juego1	easy	50.0	0.009	132683	700	213	424	211	7	43.66	43.66	43.66
juego1	easy	50.0	0.009	132691	700	213	424	211	7	43.66	43.66	43.66
juego1	easy	50.0	0.009	132700	700	213	424	211	7	43.65	43.65	43.65
juego1	easy	50.0	0.009	132709	700	214	424	210	7	43.65	43.65	43.65
juego1	easy	50.0	0.009	132718	700	214	424	210	7	43.65	43.65	43.65
juego1	easy	50.0	0.009	132727	700	214	424	210	7	43.66	43.66	43.66
juego1	easy	50.0	0.009	132735	700	214	424	210	7	43.66	43.66	43.66
juego1	easy	50.0	0.009	132744	700	214	424	210	7	43.66	43.66	43.66
juego1	easy	50.0	0.009	132753	700	215	424	209	7	43.66	43.66	43.66
juego1	easy	50.0	0.009	132762	700	215	424	209	7	43.66	43.66	43.66
juego1	easy	50.0	0.009	132771	700	215	424	209	7	43.65	43.65	43.65
juego1	easy	50.0	0.009	132780	700	215	424	209	7	43.65	43.65	43.65
juego1	easy	50.0	0.009	132789	700	216	424	208	7	43.65	43.65	43.65
juego1	easy	50.0	0.009	132798	700	216	424	208	7	43.65	43.65	43.65
juego1	easy	50.0	0.009	132807	700	216	424	208	7	43.65	43.65	43.65
juego1	easy	50.0	0.009	132816	700	216	424	208	7	43.65	43.65	43.65
juego1	easy	50.0	0.009	132824	700	217	424	207	7	43.65	43.65	43.65
juego1	easy	50.0	0.009	132833	700	217	424	207	7	43.65	43.65	43.65
juego1	easy	50.0	0.009	132841	700	217	424	207	7	43.65	43.65	43.65
juego1	easy	50.0	0.009	132849	700	217	424	207	7	43.66	43.66	43.66
juego1	easy	50.0	0.009	132858	700	218	424	206	7	43.65	43.65	43.65
juego1	easy	50.0	0.009	132867	700	218	424	206	7	43.66	43.66	43.66
juego1	easy	50.0	0.009	132874	700	218	424	206	7	43.66	43.66	43.66
juego1	easy	50.0	0.009	132883	700	219	424	205	7	43.65	43.65	43.65
juego1	easy	50.0	0.009	132892	700	219	424	205	7	43.65	43.65	43.65
juego1	easy	50.0	0.009	132902	700	219	424	205	7	43.65	43.65	43.65
juego1	easy	50.0	0.009	132909	700	219	424	205	7	43.65	43.65	43.65
juego1	easy	50.0	0.009	132918	700	220	424	204	7	43.65	43.65	43.65
juego1	easy	50.0	0.009	132927	700	220	424	204	7	43.65	43.65	43.65
juego1	easy	50.0	0.009	132935	700	220	424	204	7	43.65	43.65	43.65
juego1	easy	50.0	0.009	132945	700	221	424	203	7	43.65	43.65	43.65
juego1	easy	50.0	0.009	132953	700	221	424	203	7	43.66	43.66	43.66
juego1	easy	50.0	0.009	132960	700	221	424	203	7	43.65	43.65	43.65
juego1	easy	50.0	0.009	132969	700	222	424	202	7	43.65	43.65	43.65
juego1	easy	50.0	0.009	132978	700	222	424	202	7	43.65	43.65	43.65
juego1	easy	50.0	0.009	132985	700	222	424	202	7	43.65	43.65	43.65
juego1	easy	50.0	0.009	132994	700	223	424	201	7	43.65	43.65	43.65
juego1	easy	50.0	0.009	133003	700	223	424	201	7	43.65	43.65	43.65
juego1	easy	50.0	0.009	133010	700	223	424	201	7	43.65	43.65	43.65
juego1	easy	50.0	0.009	133019	700	224	424	200	7	43.65	43.65	43.65
juego1	easy	50.0	0.009	133028	700	224	424	200	7	43.65	43.65	43.65
juego1	easy	50.0	0.009	133036	700	224	424	200	7	43.65	43.65	43.65
juego1	easy	50.0	0.009	133045	700	225	424	199	7	43.65	43.65	43.65
juego1	easy	50.0	0.009	133055	700	225	424	199	7	43.65	43.65	43.65
juego1	easy	50.0	0.009	133063	700	225	424	199	7	43.65	43.65	43.65
juego1	easy	50.0	0.009	133072	700	226	424	198	7	43.65	43.65	43.65
juego1	easy	50.0	0.009	133081	700	226	424	198	7	43.65	43.65	43.65
juego1	easy	50.0	0.009	133090	700	227	424	197	7	43.65	43.65	43.65
juego1	easy	50.0	0.009	133098	700	227	424	197	7	43.65	43.65	43.65
juego1	easy	50.0	0.009	133107	700	227	424	197	7	43.65	43.65	43.65
juego1	easy	50.0	0.009	133115	700	228	424	196	7	43.65	43.65	43.65
juego1	easy	50.0	0.009	133123	700	228	424	196	7	43.65	43.65	43.65
juego1	easy	50.0	0.009	133133	700	229	424	195	7	43.65	43.65	43.65
juego1	easy	50.0	0.009	133140	700	229	424	195	7	43.65	43.65	43.65
juego1	easy	50.0	0.009	133149	700	229	424	195	7	43.65	43.65	43.65
juego1	easy	50.0	0.009	133156	700	230	424	194	7	43.65	43.65	43.65
juego1	easy	50.0	0.009	133165	700	230	424	194	7	43.65	43.65	43.65
juego1	easy	50.0	0.009	133173	700	231	424	193	7	43.65	43.65	43.65
juego1	easy	50.0	0.009	133182	700	231	424	193	7	43.65	43.65	43.65
juego1	easy	50.0	0.009	133190	700	231	424	193	7	43.65	43.65	43.65
juego1	easy	50.0	0.009	133198	700	232	424	192	7	43.65	43.65	43.65
juego1	easy	50.0	0.009	133207	700	232	424	192	7	43.65	43.65	43.65
juego1	easy	50.0	0.009	133216	700	233	424	191	7	43.65	43.65	43.65
juego1	easy	50.0	0.009	133224	700	233	424	191	7	43.65	43.65	43.65
juego1	easy	50.0	0.009	133233	700	233	424	191	7	43.65	43.65	43.65
juego1	easy	50.0	0.009	133242	700	234	424	190	7	43.65	43.65	43.65
juego1	easy	50.0	0.009	133251	700	234	424	190	7	43.65	43.65	43.65
juego1	easy	50.0	0.009	133260	700	235	424	189	7	43.65	43.65	43.65
juego1	easy	50.0	0.009	133268	700	235	424	189	7	43.66	43.66	43.66
juego1	easy	50.0	0.009	133277	700	236	424	188	7	43.65	43.65	43.65
juego1	easy	50.0	0.009	133286	700	236	424	188	7	43.65	43.65	43.65
juego1	easy	50.0	0.009	133295	700	236	424	188	7	43.66	43.66	43.66
juego1	easy	50.0	0.009	133303	700	237	424	187	7	43.66	43.66	43.66
juego1	easy	50.0	0.009	133312	700	237	424	187	7	43.66	43.66	43.66
juego1	easy	50.0	0.009	133320	700	238	424	186	7	43.66	43.66	43.66
juego1	easy	50.0	0.009	133329	700	238	424	186	7	43.66	43.66	43.66
juego1	easy	50.0	0.009	133336	700	239	424	185	7	43.65	43.65	43.65
juego1	easy	50.0	0.009	133345	700	239	424	185	7	43.65	43.65	43.65
juego1	easy	50.0	0.009	133354	700	240	424	184	7	43.65	43.65	43.65
juego1	easy	50.0	0.009	133362	700	240	424	184	7	43.65	43.65	43.65
juego1	easy	50.0	0.009	133371	700	241	424	183	7	43.65	43.65	43.65
juego1	easy	50.0	0.009	133380	700	241	424	183	7	43.65	43.65	43.65
juego1	easy	50.0	0.009	133389	700	242	424	182	7	43.65	43.65	43.65
juego1	easy	50.0	0.009	133398	700	242	424	182	7	43.65	43.65	43.65
juego1	easy	50.0	0.009	133407	700	242	424	182	7	43.65	43.65	43.65
juego1	easy	50.0	0.009	133416	700	243	424	181	7	43.65	43.65	43.65
juego1	easy	50.0	0.009	133424	700	243	424	181	7	43.65	43.65	43.65
juego1	easy	50.0	0.009	133433	700	244	424	180	7	43.64	43.64	43.64
juego1	easy	50.0	0.009	133442	700	244	424	180	7	43.65	43.65	43.65
juego1	easy	50.0	0.009	133451	700	245	424	179	7	43.65	43.65	43.65
juego1	easy	50.0	0.009	133458	700	245	424	179	7	43.65	43.65	43.65
juego1	easy	50.0	0.009	133467	700	246	424	178	7	43.65	43.65	43.65
juego1	easy	50.0	0.009	133474	700	246	424	178	7	43.65	43.65	43.65
juego1	easy	50.0	0.009	133483	700	247	424	177	7	43.65	43.65	43.65
juego1	easy	50.0	0.009	133492	700	247	424	177	7	43.64	43.64	43.64
juego1	easy	50.0	0.009	133501	700	248	424	176	7	43.64	43.64	43.64
juego1	easy	50.0	0.009	133510	700	248	424	176	7	43.65	43.65	43.65
juego1	easy	50.0	0.009	133517	700	249	424	175	7	43.65	43.65	43.65
juego1	easy	50.0	0.009	133525	700	249	424	175	7	43.65	43.65	43.65
juego1	easy	50.0	0.009	133534	700	250	424	174	7	43.64	43.64	43.64
juego1	easy	50.0	0.009	133542	700	250	424	174	7	43.64	43.64	43.64
juego1	easy	50.0	0.009	133551	700	251	424	173	7	43.65	43.65	43.65
juego1	easy	50.0	0.009	133558	700	251	424	173	7	43.65	43.65	43.65
juego1	easy	50.0	0.009	133566	700	252	424	172	7	43.64	43.64	43.64
juego1	easy	50.0	0.009	133575	700	252	424	172	7	43.64	43.64	43.64
juego1	easy	50.0	0.009	133584	700	253	424	171	7	43.64	43.64	43.64
juego1	easy	50.0	0.009	133592	700	253	424	171	7	43.64	43.64	43.64
juego1	easy	50.0	0.009	133599	700	254	424	170	7	43.64	43.64	43.64
juego1	easy	50.0	0.009	133608	700	254	424	170	7	43.64	43.64	43.64
juego1	easy	50.0	0.009	133617	700	255	424	169	7	43.64	43.64	43.64
juego1	easy	50.0	0.009	133625	700	255	424	169	7	43.64	43.64	43.64
juego1	easy	50.0	0.009	133634	700	256	424	168	7	43.64	43.64	43.64
juego1	easy	50.0	0.009	133643	700	256	424	168	7	43.64	43.64	43.64
juego1	easy	50.0	0.009	133652	700	257	424	167	7	43.64	43.64	43.64
juego1	easy	50.0	0.009	133660	700	258	424	166	7	43.64	43.64	43.64
juego1	easy	50.0	0.009	133668	700	258	424	166	7	43.64	43.64	43.64
juego1	easy	50.0	0.009	133676	700	259	424	165	7	43.64	43.64	43.64
juego1	easy	50.0	0.009	133685	700	259	424	165	7	43.65	43.65	43.65
juego1	easy	50.0	0.009	133695	700	260	424	164	7	43.64	43.64	43.64
juego1	easy	50.0	0.009	133703	700	260	424	164	7	43.64	43.64	43.64
juego1	easy	50.0	0.009	133710	700	261	424	163	7	43.64	43.64	43.64
juego1	easy	50.0	0.009	133719	700	261	424	163	7	43.64	43.64	43.64
juego1	easy	50.0	0.009	133728	700	262	424	162	7	43.64	43.64	43.64
juego1	easy	50.0	0.009	133735	700	262	424	162	7	43.64	43.64	43.64
juego1	easy	50.0	0.009	133743	700	263	424	161	7	43.64	43.64	43.64
juego1	easy	50.0	0.009	133752	700	263	424	161	7	43.64	43.64	43.64
juego1	easy	50.0	0.009	133760	700	264	424	160	7	43.64	43.64	43.64
juego1	easy	50.0	0.009	133769	700	264	424	160	7	43.64	43.64	43.64
juego1	easy	50.0	0.009	133777	700	265	424	159	7	43.64	43.64	43.64
juego1	easy	50.0	0.009	133786	700	265	424	159	7	43.64	43.64	43.64
juego1	easy	50.0	0.009	133794	700	266	424	158	7	43.64	43.64	43.64
juego1	easy	50.0	0.009	133802	700	266	424	158	7	43.64	43.64	43.64
juego1	easy	50.0	0.009	133811	700	267	424	157	7	43.64	43.64	43.64
juego1	easy	50.0	0.009	133820	700	267	424	157	7	43.64	43.64	43.64
juego1	easy	50.0	0.009	133828	700	268	424	156	7	43.64	43.64	43.64
juego1	easy	50.0	0.009	133836	700	269	424	155	7	43.64	43.64	43.64
juego1	easy	50.0	0.009	133844	700	270	424	154	7	43.64	43.64	43.64
juego1	easy	50.0	0.009	133852	700	271	424	153	7	43.64	43.64	43.64
juego1	easy	50.0	0.009	133861	700	272	424	152	7	43.64	43.64	43.64
juego1	easy	50.0	0.009	133869	700	272	424	152	7	43.64	43.64	43.64
juego1	easy	50.0	0.009	133878	700	273	424	151	7	43.64	43.64	43.64
juego1	easy	50.0	0.009	133885	700	274	424	150	7	43.64	43.64	43.64
juego1	easy	50.0	0.009	133894	700	275	424	149	7	43.64	43.64	43.64
juego1	easy	50.0	0.009	133903	700	276	424	148	7	43.64	43.64	43.64
juego1	easy	50.0	0.009	133911	700	276	424	148	7	43.63	43.63	43.63
juego1	easy	50.0	0.009	133920	700	277	424	147	7	43.64	43.64	43.64
juego1	easy	50.0	0.009	133928	700	278	424	146	7	43.64	43.64	43.64
juego1	easy	50.0	0.009	133938	700	279	424	145	7	43.64	43.64	43.64
juego1	easy	50.0	0.009	133946	700	280	424	144	7	43.64	43.64	43.64
juego1	easy	50.0	0.009	133955	700	281	424	143	7	43.64	43.64	43.64
juego1	easy	50.0	0.009	133963	700	281	424	143	7	43.64	43.64	43.64
juego1	easy	50.0	0.009	133973	700	282	424	142	7	43.64	43.64	43.64
juego1	easy	50.0	0.009	133981	700	283	424	141	7	43.64	43.64	43.64
juego1	easy	50.0	0.009	133989	700	284	424	140	7	43.64	43.64	43.64
juego1	easy	50.0	0.009	133998	700	285	424	139	7	43.64	43.64	43.64
juego1	easy	50.0	0.009	134007	700	285	424	139	7	43.64	43.64	43.64
juego1	easy	50.0	0.009	134016	700	286	424	138	7	43.64	43.64	43.64
juego1	easy	50.0	0.009	134024	700	287	424	137	7	43.64	43.64	43.64
juego1	easy	50.0	0.009	134032	700	288	424	136	7	43.64	43.64	43.64
juego1	easy	50.0	0.009	134041	700	289	424	135	7	43.64	43.64	43.64
juego1	easy	50.0	0.009	134049	700	289	424	135	7	43.64	43.64	43.64
juego1	easy	50.0	0.009	134058	700	290	424	134	7	43.64	43.64	43.64
juego1	easy	50.0	0.009	134068	700	291	424	133	7	43.64	43.64	43.64
juego1	easy	50.0	0.009	134075	700	292	424	132	7	43.64	43.64	43.64
juego1	easy	50.0	0.009	134084	700	293	424	131	7	43.64	43.64	43.64
juego1	easy	50.0	0.009	134093	700	293	424	131	7	43.64	43.64	43.64
juego1	easy	50.0	0.009	134101	700	294	424	130	7	43.64	43.64	43.64
juego1	easy	50.0	0.009	134110	700	295	424	129	7	43.64	43.64	43.64
juego1	easy	50.0	0.009	134118	700	296	424	128	7	43.64	43.64	43.64
juego1	easy	50.0	0.009	134127	700	297	424	127	7	43.64	43.64	43.64
juego1	easy	50.0	0.009	134135	700	297	424	127	7	43.64	43.64	43.64
juego1	easy	50.0	0.009	134144	700	298	424	126	7	43.64	43.64	43.64
juego1	easy	50.0	0.009	134153	700	299	424	125	7	43.64	43.64	43.64
juego1	easy	50.0	0.009	134161	700	300	424	124	7	43.64	43.64	43.64
juego1	easy	50.0	0.009	134169	700	300	424	124	7	43.64	43.64	43.64
juego1	easy	50.0	0.009	134177	700	300	424	124	7	43.64	43.64	43.64
juego1	easy	50.0	0.009	134186	700	301	424	123	7	43.64	43.64	43.64
juego1	easy	50.0	0.009	134194	700	302	424	122	7	43.64	43.64	43.64
juego1	easy	50.0	0.009	134202	700	303	424	121	7	43.64	43.64	43.64
juego1	easy	50.0	0.009	134210	700	303	424	121	7	43.64	43.64	43.64
juego1	easy	50.0	0.009	134219	700	304	424	120	7	43.64	43.64	43.64
juego1	easy	50.0	0.009	134228	700	305	424	119	7	43.64	43.64	43.64
juego1	easy	50.0	0.009	134236	700	306	424	118	7	43.64	43.64	43.64
juego1	easy	50.0	0.009	134245	700	306	424	118	7	43.64	43.64	43.64
juego1	easy	50.0	0.009	134253	700	307	424	117	7	43.64	43.64	43.64
juego1	easy	50.0	0.009	134261	700	308	424	116	7	43.64	43.64	43.64
juego1	easy	50.0	0.009	134269	700	308	424	116	7	43.64	43.64	43.64
juego1	easy	50.0	0.009	134278	700	309	424	115	7	43.64	43.64	43.64
juego1	easy	50.0	0.009	134286	700	310	424	114	7	43.64	43.64	43.64
juego1	easy	50.0	0.009	134294	700	311	424	113	7	43.64	43.64	43.64
juego1	easy	50.0	0.009	134303	700	311	424	113	7	43.64	43.64	43.64
juego1	easy	50.0	0.009	134312	700	312	424	112	7	43.64	43.64	43.64
juego1	easy	50.0	0.009	134321	700	313	424	111	7	43.64	43.64	43.64
juego1	easy	50.0	0.009	134329	700	313	424	111	7	43.64	43.64	43.64
juego1	easy	50.0	0.009	134338	700	314	424	110	7	43.64	43.64	43.64
juego1	easy	50.0	0.009	134347	700	315	424	109	7	43.64	43.64	43.64
juego1	easy	50.0	0.009	134356	700	316	424	108	7	43.64	43.64	43.64
juego1	easy	50.0	0.009	134364	700	316	424	108	7	43.64	43.64	43.64
juego1	easy	50.0	0.009	134373	700	317	424	107	7	43.64	43.64	43.64
juego1	easy	50.0	0.009	134383	700	318	424	106	7	43.64	43.64	43.64
juego1	easy	50.0	0.009	134390	700	318	424	106	7	43.64	43.64	43.64
juego1	easy	50.0	0.009	134399	700	319	424	105	7	43.64	43.64	43.64
juego1	easy	50.0	0.009	134408	700	320	424	104	7	43.64	43.64	43.64
juego1	easy	50.0	0.009	134417	700	320	424	104	7	43.64	43.64	43.64
juego1	easy	50.0	0.009	134425	700	321	424	103	7	43.64	43.64	43.64
juego1	easy	50.0	0.009	134434	700	322	424	102	7	43.64	43.64	43.64
juego1	easy	50.0	0.009	134443	700	322	424	102	7	43.64	43.64	43.64
juego1	easy	50.0	0.009	134452	700	323	424	101	7	43.64	43.64	43.64
juego1	easy	50.0	0.009	134461	700	324	424	100	7	43.64	43.64	43.64
juego1	easy	50.0	0.009	134469	700	324	424	100	7	43.64	43.64	43.64
juego1	easy	50.0	0.009	134478	700	325	424	99	7	43.64	43.64	43.64
juego1	easy	50.0	0.009	134487	700	326	424	98	7	43.64	43.64	43.64
juego1	easy	50.0	0.009	134495	700	326	424	98	7	43.64	43.64	43.64
juego1	easy	50.0	0.009	134503	700	327	424	97	7	43.64	43.64	43.64
juego1	easy	50.0	0.009	134512	700	327	424	97	7	43.64	43.64	43.64
juego1	easy	50.0	0.009	134520	700	328	424	96	7	43.64	43.64	43.64
juego1	easy	50.0	0.009	134529	700	329	424	95	7	43.64	43.64	43.64
juego1	easy	50.0	0.009	134538	700	329	424	95	7	43.64	43.64	43.64
juego1	easy	50.0	0.009	134546	700	330	424	94	7	43.64	43.64	43.64
juego1	easy	50.0	0.009	134555	700	330	424	94	7	43.64	43.64	43.64
juego1	easy	50.0	0.009	134564	700	331	424	93	7	43.64	43.64	43.64
juego1	easy	50.0	0.009	134573	700	332	424	92	7	43.64	43.64	43.64
juego1	easy	50.0	0.009	134580	700	332	424	92	7	43.64	43.64	43.64
juego1	easy	50.0	0.009	134589	700	333	424	91	7	43.64	43.64	43.64
juego1	easy	50.0	0.009	134598	700	333	424	91	7	43.64	43.64	43.64
juego1	easy	50.0	0.009	134607	700	334	424	90	7	43.64	43.64	43.64
juego1	easy	50.0	0.009	134616	700	334	424	90	7	43.64	43.64	43.64
juego1	easy	50.0	0.009	134625	700	335	424	89	7	43.64	43.64	43.64
juego1	easy	50.0	0.009	134634	700	336	424	88	7	43.64	43.64	43.64
juego1	easy	50.0	0.009	134641	700	336	424	88	7	43.64	43.64	43.64
juego1	easy	50.0	0.009	134649	700	337	424	87	7	43.64	43.64	43.64
juego1	easy	50.0	0.009	134658	700	337	424	87	7	43.64	43.64	43.64
juego1	easy	50.0	0.009	134667	700	338	424	86	7	43.64	43.64	43.64
juego1	easy	50.0	0.009	134676	700	338	424	86	7	43.64	43.64	43.64
juego1	easy	50.0	0.009	134685	700	339	424	85	7	43.64	43.64	43.64
juego1	easy	50.0	0.009	134694	700	339	424	85	7	43.64	43.64	43.64
juego1	easy	50.0	0.009	134702	700	340	424	84	7	43.64	43.64	43.64
juego1	easy	50.0	0.009	134711	700	340	424	84	7	43.64	43.64	43.64
juego1	easy	50.0	0.009	134720	700	341	424	83	7	43.64	43.64	43.64
juego1	easy	50.0	0.009	134728	700	341	424	83	7	43.64	43.64	43.64
juego1	easy	50.0	0.009	134736	700	342	424	82	7	43.64	43.64	43.64
juego1	easy	50.0	0.009	134745	700	342	424	82	7	43.64	43.64	43.64
juego1	easy	50.0	0.009	134754	700	343	424	81	7	43.64	43.64	43.64
juego1	easy	50.0	0.009	134763	700	343	424	81	7	43.64	43.64	43.64
juego1	easy	50.0	0.009	134772	700	343	424	81	7	43.64	43.64	43.64
juego1	easy	50.0	0.009	134780	700	344	424	80	7	43.64	43.64	43.64
juego1	easy	50.0	0.009	134788	700	344	424	80	7	43.64	43.64	43.64
juego1	easy	50.0	0.009	134797	700	345	424	79	7	43.64	43.64	43.64
juego1	easy	50.0	0.009	134805	700	345	424	79	7	43.64	43.64	43.64
juego1	easy	50.0	0.009	134814	700	346	424	78	7	43.64	43.64	43.64
juego1	easy	50.0	0.009	134822	700	346	424	78	7	43.64	43.64	43.64
juego1	easy	50.0	0.009	134831	700	346	424	78	7	43.64	43.64	43.64
juego1	easy	50.0	0.009	134839	700	347	424	77	7	43.64	43.64	43.64
juego1	easy	50.0	0.009	134848	700	347	424	77	7	43.64	43.64	43.64
juego1	easy	50.0	0.009	134857	700	348	424	76	7	43.64	43.64	43.64
juego1	easy	50.0	0.009	134866	700	348	424	76	7	43.64	43.64	43.64
juego1	easy	50.0	0.009	134875	700	348	424	76	7	43.64	43.64	43.64
juego1	easy	50.0	0.009	134883	700	349	424	75	7	43.64	43.64	43.64
juego1	easy	50.0	0.009	134891	700	349	424	75	7	43.64	43.64	43.64
juego1	easy	50.0	0.009	134899	700	349	424	75	7	43.64	43.64	43.64
juego1	easy	50.0	0.009	134907	700	350	424	74	7	43.64	43.64	43.64
juego1	easy	50.0	0.009	134914	700	350	424	74	7	43.64	43.64	43.64
juego1	easy	50.0	0.009	134922	700	350	424	74	7	43.64	43.64	43.64
juego1	easy	50.0	0.009	134931	700	351	424	73	7	43.64	43.64	43.64
juego1	easy	50.0	0.009	134938	700	351	424	73	7	43.64	43.64	43.64
juego1	easy	50.0	0.009	134947	700	351	424	73	7	43.64	43.64	43.64
juego1	easy	50.0	0.009	134954	700	352	424	72	7	43.64	43.64	43.64
juego1	easy	50.0	0.009	134962	700	352	424	72	7	43.64	43.64	43.64
juego1	easy	50.0	0.009	134970	700	352	424	72	7	43.64	43.64	43.64
juego1	easy	50.0	0.009	134979	700	353	424	71	7	43.64	43.64	43.64
juego1	easy	50.0	0.009	134988	700	353	424	71	7	43.64	43.64	43.64
juego1	easy	50.0	0.009	134996	700	353	424	71	7	43.64	43.64	43.64
juego1	easy	50.0	0.009	135004	700	353	424	71	7	43.64	43.64	43.64
juego1	easy	50.0	0.009	135013	700	354	424	70	7	43.64	43.64	43.64
juego1	easy	50.0	0.009	135022	700	354	424	70	7	43.64	43.64	43.64
juego1	easy	50.0	0.009	135031	700	354	424	70	7	43.64	43.64	43.64
juego1	easy	50.0	0.009	135039	700	354	424	70	7	43.64	43.64	43.64
juego1	easy	50.0	0.009	135048	700	355	424	69	7	43.64	43.64	43.64
juego1	easy	50.0	0.009	135057	700	355	424	69	7	43.64	43.64	43.64
juego1	easy	50.0	0.009	135066	700	355	424	69	7	43.64	43.64	43.64
juego1	easy	50.0	0.009	135075	700	355	424	69	7	43.64	43.64	43.64
juego1	easy	50.0	0.009	135083	700	355	424	69	7	43.64	43.64	43.64
juego1	easy	50.0	0.009	135092	700	356	424	68	7	43.64	43.64	43.64
juego1	easy	50.0	0.009	135100	700	356	424	68	7	43.64	43.64	43.64
juego1	easy	50.0	0.009	135108	700	356	424	68	7	43.64	43.64	43.64
juego1	easy	50.0	0.009	135117	700	356	424	68	7	43.64	43.64	43.64
juego1	easy	50.0	0.009	135125	700	356	424	68	7	43.64	43.64	43.64
juego1	easy	50.0	0.009	135134	700	356	424	68	7	43.64	43.64	43.64
juego1	easy	50.0	0.009	135143	700	357	424	67	7	43.64	43.64	43.64
juego1	easy	50.0	0.009	135151	700	357	424	67	7	43.64	43.64	43.64
juego1	easy	50.0	0.009	135158	700	357	424	67	7	43.64	43.64	43.64
juego1	easy	50.0	0.009	135166	700	357	424	67	7	43.64	43.64	43.64
juego1	easy	50.0	0.009	135175	700	357	424	67	7	43.64	43.64	43.64
juego1	easy	50.0	0.009	135184	700	357	424	67	7	43.64	43.64	43.64
juego1	easy	50.0	0.009	135193	700	357	424	67	7	43.64	43.64	43.64
juego1	easy	50.0	0.009	135202	700	357	424	67	7	43.64	43.64	43.64
juego1	easy	50.0	0.009	135210	700	358	424	66	7	43.64	43.64	43.64
juego1	easy	50.0	0.009	135219	700	358	424	66	7	43.64	43.64	43.64
juego1	easy	50.0	0.009	135228	700	358	424	66	7	43.64	43.64	43.64
juego1	easy	50.0	0.009	135235	700	358	424	66	7	43.64	43.64	43.64
juego1	easy	50.0	0.009	135244	700	358	424	66	7	43.64	43.64	43.64
juego1	easy	50.0	0.009	135252	700	358	424	66	7	43.64	43.64	43.64
juego1	easy	50.0	0.009	135261	700	358	424	66	7	43.64	43.64	43.64
juego1	easy	50.0	0.009	135269	700	358	424	66	7	43.64	43.64	43.64
juego1	easy	50.0	0.009	135278	700	358	424	66	7	43.64	43.64	43.64
juego1	easy	50.0	0.009	135286	700	358	424	66	7	43.64	43.64	43.64
juego1	easy	50.0	0.009	135295	700	358	424	66	7	43.64	43.64	43.64
juego1	easy	50.0	0.009	135304	700	358	424	66	7	43.64	43.64	43.64
juego1	easy	50.0	0.009	135312	700	358	424	66	7	43.64	43.64	43.64
juego1	easy	50.0	0.009	135321	700	358	424	66	7	43.64	43.64	43.64
juego1	easy	50.0	0.009	135329	700	358	424	66	7	43.64	43.64	43.64
juego1	easy	50.0	0.009	135338	700	358	424	66	7	43.64	43.64	43.64
juego1	easy	50.0	0.009	135347	700	358	424	66	7	43.64	43.64	43.64
juego1	easy	50.0	0.009	135355	700	358	424	66	7	43.64	43.64	43.64
juego1	easy	50.0	0.009	135364	700	358	424	66	7	43.64	43.64	43.64
juego1	easy	50.0	0.009	135372	700	358	424	66	7	43.64	43.64	43.64
juego1	easy	50.0	0.009	135381	700	358	424	66	7	43.64	43.64	43.64
juego1	easy	50.0	0.009	135390	700	358	424	66	7	43.64	43.64	43.64
juego1	easy	50.0	0.009	135398	700	358	424	66	7	43.64	43.64	43.64
juego1	easy	50.0	0.009	135406	700	358	424	66	7	43.64	43.64	43.64
juego1	easy	50.0	0.009	135415	700	357	424	67	7	43.64	43.64	43.64
juego1	easy	50.0	0.009	135423	700	357	424	67	7	43.64	43.64	43.64
juego1	easy	50.0	0.009	135432	700	357	424	67	7	43.64	43.64	43.64
juego1	easy	50.0	0.009	135440	700	357	424	67	7	43.64	43.64	43.64
juego1	easy	50.0	0.009	135449	700	357	424	67	7	43.64	43.64	43.64
juego1	easy	50.0	0.009	135458	700	357	424	67	7	43.64	43.64	43.64
juego1	easy	50.0	0.009	135465	700	357	424	67	7	43.64	43.64	43.64
juego1	easy	50.0	0.009	135474	700	357	424	67	7	43.64	43.64	43.64
juego1	easy	50.0	0.009	135482	700	356	424	68	7	43.64	43.64	43.64
juego1	easy	50.0	0.009	135491	700	356	424	68	7	43.64	43.64	43.64
juego1	easy	50.0	0.009	135500	700	356	424	68	7	43.64	43.64	43.64
juego1	easy	50.0	0.009	135507	700	356	424	68	7	43.64	43.64	43.64
juego1	easy	50.0	0.009	135516	700	356	424	68	7	43.64	43.64	43.64
juego1	easy	50.0	0.009	135525	700	356	424	68	7	43.64	43.64	43.64
juego1	easy	50.0	0.009	135534	700	355	424	69	7	43.64	43.64	43.64
juego1	easy	50.0	0.009	135543	700	355	424	69	7	43.64	43.64	43.64
juego1	easy	50.0	0.009	135552	700	355	424	69	7	43.64	43.64	43.64
juego1	easy	50.0	0.009	135561	700	355	424	69	7	43.64	43.64	43.64
juego1	easy	50.0	0.009	135570	700	355	424	69	7	43.64	43.64	43.64
juego1	easy	50.0	0.009	135578	700	354	424	70	7	43.64	43.64	43.64
juego1	easy	50.0	0.009	135587	700	354	424	70	7	43.64	43.64	43.64
juego1	easy	50.0	0.009	135596	700	354	424	70	7	43.64	43.64	43.64
juego1	easy	50.0	0.009	135605	700	354	424	70	7	43.64	43.64	43.64
juego1	easy	50.0	0.009	135614	700	353	424	71	7	43.64	43.64	43.64
juego1	easy	50.0	0.009	135622	700	353	424	71	7	43.64	43.64	43.64
juego1	easy	50.0	0.009	135630	700	353	424	71	7	43.64	43.64	43.64
juego1	easy	50.0	0.009	135639	700	353	424	71	7	43.64	43.64	43.64
juego1	easy	50.0	0.009	135647	700	352	424	72	7	43.64	43.64	43.64
juego1	easy	50.0	0.009	135655	700	352	424	72	7	43.64	43.64	43.64
juego1	easy	50.0	0.009	135664	700	352	424	72	7	43.64	43.64	43.64
juego1	easy	50.0	0.009	135672	700	351	424	73	7	43.64	43.64	43.64
juego1	easy	50.0	0.009	135681	700	351	424	73	7	43.64	43.64	43.64
juego1	easy	50.0	0.009	135689	700	351	424	73	7	43.64	43.64	43.64
juego1	easy	50.0	0.009	135698	700	350	424	74	7	43.64	43.64	43.64
juego1	easy	50.0	0.009	135706	700	350	424	74	7	43.64	43.64	43.64
juego1	easy	50.0	0.009	135715	700	350	424	74	7	43.64	43.64	43.64
juego1	easy	50.0	0.009	135724	700	349	424	75	7	43.64	43.64	43.64
juego1	easy	50.0	0.009	135732	700	349	424	75	7	43.64	43.64	43.64
juego1	easy	50.0	0.009	135741	700	349	424	75	7	43.64	43.64	43.64
juego1	easy	50.0	0.009	135750	700	348	424	76	7	43.64	43.64	43.64
juego1	easy	50.0	0.009	135758	700	348	424	76	7	43.64	43.64	43.64
juego1	easy	50.0	0.009	135767	700	348	424	76	7	43.64	43.64	43.64
juego1	easy	50.0	0.009	135776	700	347	424	77	7	43.64	43.64	43.64
juego1	easy	50.0	0.009	135784	700	347	424	77	7	43.64	43.64	43.64
juego1	easy	50.0	0.009	135793	700	346	424	78	7	43.64	43.64	43.64
juego1	easy	50.0	0.009	135801	700	346	424	78	7	43.64	43.64	43.64
juego1	easy	50.0	0.009	135810	700	346	424	78	7	43.64	43.64	43.64
juego1	easy	50.0	0.009	135818	700	345	424	79	7	43.64	43.64	43.64
juego1	easy	50.0	0.009	135827	700	345	424	79	7	43.64	43.64	43.64
juego1	easy	50.0	0.009	135836	700	344	424	80	7	43.64	43.64	43.64
juego1	easy	50.0	0.009	135844	700	344	424	80	7	43.64	43.64	43.64
juego1	easy	50.0	0.009	135853	700	344	424	80	7	43.64	43.64	43.64
juego1	easy	50.0	0.009	135862	700	343	424	81	7	43.64	43.64	43.64
juego1	easy	50.0	0.009	135870	700	343	424	81	7	43.64	43.64	43.64
juego1	easy	50.0	0.009	135879	700	342	424	82	7	43.64	43.64	43.64
juego1	easy	50.0	0.009	135887	700	342	424	82	7	43.64	43.64	43.64
juego1	easy	50.0	0.009	135895	700	341	424	83	7	43.64	43.64	43.64
juego1	easy	50.0	0.009	135904	700	341	424	83	7	43.64	43.64	43.64
juego1	easy	50.0	0.009	135912	700	340	424	84	7	43.64	43.64	43.64
juego1	easy	50.0	0.009	135921	700	340	424	84	7	43.64	43.64	43.64
juego1	easy	50.0	0.009	135928	700	339	424	85	7	43.64	43.64	43.64
juego1	easy	50.0	0.009	135937	700	339	424	85	7	43.64	43.64	43.64
juego1	easy	50.0	0.009	135946	700	338	424	86	7	43.64	43.64	43.64
juego1	easy	50.0	0.009	135955	700	338	424	86	7	43.64	43.64	43.64
juego1	easy	50.0	0.009	135964	700	337	424	87	7	43.64	43.64	43.64
juego1	easy	50.0	0.009	135973	700	337	424	87	7	43.64	43.64	43.64
juego1	easy	50.0	0.009	135981	700	336	424	88	7	43.64	43.64	43.64
juego1	easy	50.0	0.009	135990	700	336	424	88	7	43.64	43.64	43.64
juego1	easy	50.0	0.009	135998	700	335	424	89	7	43.64	43.64	43.64
juego1	easy	50.0	0.009	136007	700	335	424	89	7	43.64	43.64	43.64
juego1	easy	50.0	0.009	136015	700	334	424	90	7	43.64	43.64	43.64
juego1	easy	50.0	0.009	136024	700	333	424	91	7	43.64	43.64	43.64
juego1	easy	50.0	0.009	136032	700	333	424	91	7	43.64	43.64	43.64
juego1	easy	50.0	0.009	136041	700	332	424	92	7	43.64	43.64	43.64
juego1	easy	50.0	0.009	136050	700	332	424	92	7	43.64	43.64	43.64
juego1	easy	50.0	0.009	136059	700	331	424	93	7	43.64	43.64	43.64
juego1	easy	50.0	0.009	136067	700	331	424	93	7	43.64	43.64	43.64
juego1	easy	50.0	0.009	136076	700	330	424	94	7	43.64	43.64	43.64
juego1	easy	50.0	0.009	136085	700	329	424	95	7	43.64	43.64	43.64
juego1	easy	50.0	0.009	136093	700	329	424	95	7	43.64	43.64	43.64
juego1	easy	50.0	0.009	136103	700	328	424	96	7	43.64	43.64	43.64
juego1	easy	50.0	0.009	136110	700	328	424	96	7	43.64	43.64	43.64
juego1	easy	50.0	0.009	136119	700	327	424	97	7	43.64	43.64	43.64
juego1	easy	50.0	0.009	136127	700	326	424	98	7	43.64	43.64	43.64
juego1	easy	50.0	0.009	136135	700	326	424	98	7	43.64	43.64	43.64
juego1	easy	50.0	0.009	136143	700	325	424	99	7	43.64	43.64	43.64
juego1	easy	50.0	0.009	136151	700	324	424	100	7	43.64	43.64	43.64
juego1	easy	50.0	0.009	136159	700	324	424	100	7	43.64	43.64	43.64
juego1	easy	50.0	0.009	136168	700	323	424	101	7	43.64	43.64	43.64
juego1	easy	50.0	0.009	136176	700	322	424	102	7	43.64	43.64	43.64
juego1	easy	50.0	0.009	136185	700	322	424	102	7	43.64	43.64	43.64
juego1	easy	50.0	0.009	136194	700	321	424	103	7	43.64	43.64	43.64
juego1	easy	50.0	0.009	136202	700	320	424	104	7	43.64	43.64	43.64
juego1	easy	50.0	0.009	136211	700	320	424	104	7	43.64	43.64	43.64
juego1	easy	50.0	0.009	136219	700	319	424	105	7	43.64	43.64	43.64
juego1	easy	50.0	0.009	136228	700	318	424	106	7	43.64	43.64	43.64
juego1	easy	50.0	0.009	136236	700	318	424	106	7	43.64	43.64	43.64
juego1	easy	50.0	0.009	136245	700	317	424	107	7	43.64	43.64	43.64
juego1	easy	50.0	0.009	136253	700	316	424	108	7	43.64	43.64	43.64
juego1	easy	50.0	0.009	136262	700	316	424	108	7	43.64	43.64	43.64
juego1	easy	50.0	0.009	136269	700	315	424	109	7	43.64	43.64	43.64
juego1	easy	50.0	0.009	136278	700	314	424	110	7	43.64	43.64	43.64
juego1	easy	50.0	0.009	136287	700	314	424	110	7	43.64	43.64	43.64
juego1	easy	50.0	0.009	136295	700	313	424	111	7	43.64	43.64	43.64
juego1	easy	50.0	0.009	136304	700	312	424	112	7	43.64	43.64	43.64
juego1	easy	50.0	0.009	136313	700	312	424	112	7	43.64	43.64	43.64
juego1	easy	50.0	0.009	136321	700	311	424	113	7	43.64	43.64	43.64
juego1	easy	50.0	0.009	136329	700	310	424	114	7	43.64	43.64	43.64
juego1	easy	50.0	0.009	136338	700	309	424	115	7	43.64	43.64	43.64
juego1	easy	50.0	0.009	136346	700	309	424	115	7	43.64	43.64	43.64
juego1	easy	50.0	0.009	136354	700	308	424	116	7	43.64	43.64	43.64
juego1	easy	50.0	0.009	136363	700	307	424	117	7	43.64	43.64	43.64
juego1	easy	50.0	0.009	136371	700	306	424	118	7	43.64	43.64	43.64
juego1	easy	50.0	0.009	136380	700	306	424	118	7	43.64	43.64	43.64
juego1	easy	50.0	0.009	136388	700	305	424	119	7	43.64	43.64	43.64
juego1	easy	50.0	0.009	136397	700	304	424	120	7	43.64	43.64	43.64
juego1	easy	50.0	0.009	136406	700	303	424	121	7	43.64	43.64	43.64
juego1	easy	50.0	0.009	136414	700	303	424	121	7	43.64	43.64	43.64
juego1	easy	50.0	0.009	136424	700	302	424	122	7	43.64	43.64	43.64
juego1	easy	50.0	0.009	136431	700	301	424	123	7	43.64	43.64	43.64
juego1	easy	50.0	0.009	136439	700	300	424	124	7	43.64	43.64	43.64
juego1	easy	50.0	0.009	136449	700	300	424	124	7	43.64	43.64	43.64
juego1	easy	50.0	0.009	136457	700	300	424	124	7	43.64	43.64	43.64
juego1	easy	50.0	0.009	136466	700	299	424	125	7	43.64	43.64	43.64
juego1	easy	50.0	0.009	136474	700	298	424	126	7	43.64	43.64	43.64
juego1	easy	50.0	0.009	136484	700	298	424	126	7	43.64	43.64	43.64
juego1	easy	50.0	0.009	136492	700	297	424	127	7	43.64	43.64	43.64
juego1	easy	50.0	0.009	136500	700	296	424	128	7	43.64	43.64	43.64
juego1	easy	50.0	0.009	136509	700	295	424	129	7	43.64	43.64	43.64
juego1	easy	50.0	0.009	136517	700	294	424	130	7	43.64	43.64	43.64
juego1	easy	50.0	0.009	136526	700	294	424	130	7	43.64	43.64	43.64
juego1	easy	50.0	0.009	136534	700	293	424	131	7	43.64	43.64	43.64
juego1	easy	50.0	0.009	136543	700	292	424	132	7	43.64	43.64	43.64
juego1	easy	50.0	0.009	136551	700	291	424	133	7	43.64	43.64	43.64
juego1	easy	50.0	0.009	136560	700	290	424	134	7	43.64	43.64	43.64
juego1	easy	50.0	0.009	136568	700	290	424	134	7	43.64	43.64	43.64
juego1	easy	50.0	0.009	136577	700	289	424	135	7	43.64	43.64	43.64
juego1	easy	50.0	0.009	136586	700	288	424	136	7	43.64	43.64	43.64
juego1	easy	50.0	0.009	136595	700	287	424	137	7	43.64	43.64	43.64
juego1	easy	50.0	0.009	136603	700	286	424	138	7	43.64	43.64	43.64
juego1	easy	50.0	0.009	136611	700	286	424	138	7	43.64	43.64	43.64
juego1	easy	50.0	0.009	136620	700	285	424	139	7	43.64	43.64	43.64
juego1	easy	50.0	0.009	136628	700	284	424	140	7	43.64	43.64	43.64
juego1	easy	50.0	0.009	136637	700	283	424	141	7	43.64	43.64	43.64
juego1	easy	50.0	0.009	136645	700	282	424	142	7	43.64	43.64	43.64
juego1	easy	50.0	0.009	136654	700	282	424	142	7	43.64	43.64	43.64
juego1	easy	50.0	0.009	136663	700	281	424	143	7	43.64	43.64	43.64
juego1	easy	50.0	0.009	136671	700	280	424	144	7	43.64	43.64	43.64
juego1	easy	50.0	0.009	136678	700	279	424	145	7	43.64	43.64	43.64
juego1	easy	50.0	0.009	136687	700	278	424	146	7	43.64	43.64	43.64
juego1	easy	50.0	0.009	136696	700	277	424	147	7	43.64	43.64	43.64
juego1	easy	50.0	0.009	136705	700	277	424	147	7	43.64	43.64	43.64
juego1	easy	50.0	0.009	136714	700	276	424	148	7	43.64	43.64	43.64
juego1	easy	50.0	0.009	136723	700	275	424	149	7	43.64	43.64	43.64
juego1	easy	50.0	0.009	136732	700	274	424	150	7	43.64	43.64	43.64
juego1	easy	50.0	0.009	136740	700	273	424	151	7	43.64	43.64	43.64
juego1	easy	50.0	0.009	136749	700	273	424	151	7	43.64	43.64	43.64
juego1	easy	50.0	0.009	136757	700	272	424	152	7	43.64	43.64	43.64
juego1	easy	50.0	0.009	136766	700	271	424	153	7	43.64	43.64	43.64
juego1	easy	50.0	0.009	136774	700	270	424	154	7	43.64	43.64	43.64
juego1	easy	50.0	0.009	136782	700	269	424	155	7	43.64	43.64	43.64
juego1	easy	50.0	0.009	136791	700	268	424	156	7	43.64	43.64	43.64
juego1	easy	50.0	0.009	136799	700	268	424	156	8	43.64	43.64	43.64
juego1	easy	30.0	0.007	136808	700	267	424	157	8	43.64	43.64	43.64
juego1	easy	30.0	0.007	136817	700	267	424	157	8	43.64	43.64	43.64
juego1	easy	30.0	0.007	136826	700	267	424	157	8	43.64	43.64	43.64
juego1	easy	30.0	0.007	136835	700	267	424	157	8	43.64	43.64	43.64
juego1	easy	30.0	0.007	136847	700	267	424	157	8	43.64	43.64	43.64
juego1	easy	30.0	0.007	136856	700	266	424	158	8	43.64	43.64	43.64
juego1	easy	30.0	0.007	136864	700	266	424	158	8	43.64	43.64	43.64
juego1	easy	30.0	0.007	136873	700	266	424	158	8	43.64	43.64	43.64
juego1	easy	30.0	0.007	136881	700	266	424	158	8	43.64	43.64	43.64
juego1	easy	30.0	0.007	136890	700	265	424	159	8	43.64	43.64	43.64
juego1	easy	30.0	0.007	136899	700	265	424	159	8	43.64	43.64	43.64
juego1	easy	30.0	0.007	136907	700	265	424	159	8	43.64	43.64	43.64
juego1	easy	30.0	0.007	136915	700	265	424	159	8	43.64	43.64	43.64
juego1	easy	30.0	0.007	136924	700	264	424	160	8	43.64	43.64	43.64
juego1	easy	30.0	0.007	136932	700	264	424	160	8	43.64	43.64	43.64
juego1	easy	30.0	0.007	136941	700	264	424	160	8	43.64	43.64	43.64
juego1	easy	30.0	0.007	136950	700	264	424	160	8	43.64	43.64	43.64
juego1	easy	30.0	0.007	136959	700	263	424	161	8	43.64	43.64	43.64
juego1	easy	30.0	0.007	136967	700	263	424	161	8	43.64	43.64	43.64
juego1	easy	30.0	0.007	136976	700	263	424	161	8	43.64	43.64	43.64
juego1	easy	30.0	0.007	136984	700	263	424	161	8	43.64	43.64	43.64
juego1	easy	30.0	0.007	136992	700	262	424	162	8	43.64	43.64	43.64
juego1	easy	30.0	0.007	137000	700	262	424	162	8	43.64	43.64	43.64
juego1	easy	30.0	0.007	137007	700	262	424	162	8	43.64	43.64	43.64
juego1	easy	30.0	0.007	137016	700	262	424	162	8	43.64	43.64	43.64
juego1	easy	30.0	0.007	137025	700	261	424	163	8	43.64	43.64	43.64
juego1	easy	30.0	0.007	137034	700	261	424	163	8	43.64	43.64	43.64
juego1	easy	30.0	0.007	137041	700	261	424	163	8	43.64	43.64	43.64
juego1	easy	30.0	0.007	137050	700	261	424	163	8	43.64	43.64	43.64
juego1	easy	30.0	0.007	137059	700	260	424	164	8	43.64	43.64	43.64
juego1	easy	30.0	0.007	137068	700	260	424	164	8	43.64	43.64	43.64
juego1	easy	30.0	0.007	137077	700	260	424	164	8	43.64	43.64	43.64
juego1	easy	30.0	0.007	137086	700	260	424	164	8	43.64	43.64	43.64
juego1	easy	30.0	0.007	137094	700	259	424	165	8	43.64	43.64	43.64
juego1	easy	30.0	0.007	137103	700	259	424	165	8	43.64	43.64	43.64
juego1	easy	30.0	0.007	137111	700	259	424	165	8	43.64	43.64	43.64
juego1	easy	30.0	0.007	137119	700	259	424	165	8	43.64	43.64	43.64
juego1	easy	30.0	0.007	137127	700	259	424	165	8	43.64	43.64	43.64
juego1	easy	30.0	0.007	137136	700	258	424	166	8	43.64	43.64	43.64
juego1	easy	30.0	0.007	137145	700	258	424	166	8	43.64	43.64	43.64
juego1	easy	30.0	0.007	137153	700	258	424	166	8	43.64	43.64	43.64
juego1	easy	30.0	0.007	137162	700	258	424	166	8	43.64	43.64	43.64
juego1	easy	30.0	0.007	137170	700	257	424	167	8	43.64	43.64	43.64
juego1	easy	30.0	0.007	137179	700	257	424	167	8	43.64	43.64	43.64
juego1	easy	30.0	0.007	137188	700	257	424	167	8	43.64	43.64	43.64
juego1	easy	30.0	0.007	137197	700	257	424	167	8	43.64	43.64	43.64
juego1	easy	30.0	0.007	137205	700	256	424	168	8	43.64	43.64	43.64
juego1	easy	30.0	0.007	137213	700	256	424	168	8	43.64	43.64	43.64
juego1	easy	30.0	0.007	137222	700	256	424	168	8	43.64	43.64	43.64
juego1	easy	30.0	0.007	137231	700	256	424	168	8	43.64	43.64	43.64
juego1	easy	30.0	0.007	137240	700	255	424	169	8	43.64	43.64	43.64
juego1	easy	30.0	0.007	137249	700	255	424	169	8	43.64	43.64	43.64
juego1	easy	30.0	0.007	137258	700	255	424	169	8	43.64	43.64	43.64
juego1	easy	30.0	0.007	137266	700	255	424	169	8	43.64	43.64	43.64
juego1	easy	30.0	0.007	137275	700	255	424	169	8	43.64	43.64	43.64
juego1	easy	30.0	0.007	137284	700	254	424	170	8	43.64	43.64	43.64
juego1	easy	30.0	0.007	137293	700	254	424	170	8	43.64	43.64	43.64
juego1	easy	30.0	0.007	137301	700	254	424	170	8	43.64	43.64	43.64
juego1	easy	30.0	0.007	137310	700	254	424	170	8	43.64	43.64	43.64
juego1	easy	30.0	0.007	137319	700	253	424	171	8	43.64	43.64	43.64
juego1	easy	30.0	0.007	137328	700	253	424	171	8	43.64	43.64	43.64
juego1	easy	30.0	0.007	137336	700	253	424	171	8	43.64	43.64	43.64
juego1	easy	30.0	0.007	137345	700	253	424	171	8	43.64	43.64	43.64
juego1	easy	30.0	0.007	137354	700	253	424	171	8	43.64	43.64	43.64
juego1	easy	30.0	0.007	137363	700	252	424	172	8	43.64	43.64	43.64
juego1	easy	30.0	0.007	137372	700	252	424	172	8	43.64	43.64	43.64
juego1	easy	30.0	0.007	137379	700	252	424	172	8	43.64	43.64	43.64
juego1	easy	30.0	0.007	137388	700	252	424	172	8	43.64	43.64	43.64
juego1	easy	30.0	0.007	137397	700	251	424	173	8	43.64	43.64	43.64
juego1	easy	30.0	0.007	137405	700	251	424	173	8	43.64	43.64	43.64
juego1	easy	30.0	0.007	137413	700	251	424	173	8	43.64	43.64	43.64
juego1	easy	30.0	0.007	137421	700	251	424	173	8	43.64	43.64	43.64
juego1	easy	30.0	0.007	137430	700	251	424	173	8	43.64	43.64	43.64
juego1	easy	30.0	0.007	137439	700	250	424	174	8	43.64	43.64	43.64
juego1	easy	30.0	0.007	137447	700	250	424	174	8	43.64	43.64	43.64
juego1	easy	30.0	0.007	137456	700	250	424	174	8	43.64	43.64	43.64
juego1	easy	30.0	0.007	137465	700	250	424	174	8	43.64	43.64	43.64
juego1	easy	30.0	0.007	137472	700	249	424	175	8	43.64	43.64	43.64
juego1	easy	30.0	0.007	137481	700	249	424	175	8	43.64	43.64	43.64
juego1	easy	30.0	0.007	137490	700	249	424	175	8	43.64	43.64	43.64
juego1	easy	30.0	0.007	137498	700	249	424	175	8	43.64	43.64	43.64
juego1	easy	30.0	0.007	137506	700	249	424	175	8	43.64	43.64	43.64
juego1	easy	30.0	0.007	137515	700	248	424	176	8	43.64	43.64	43.64
juego1	easy	30.0	0.007	137524	700	248	424	176	8	43.64	43.64	43.64
juego1	easy	30.0	0.007	137533	700	248	424	176	8	43.64	43.64	43.64
juego1	easy	30.0	0.007	137542	700	248	424	176	8	43.64	43.64	43.64
juego1	easy	30.0	0.007	137550	700	248	424	176	8	43.64	43.64	43.64
juego1	easy	30.0	0.007	137560	700	247	424	177	8	43.64	43.64	43.64
juego1	easy	30.0	0.007	137568	700	247	424	177	8	43.64	43.64	43.64
juego1	easy	30.0	0.007	137576	700	247	424	177	8	43.64	43.64	43.64
juego1	easy	30.0	0.007	137585	700	247	424	177	8	43.64	43.64	43.64
juego1	easy	30.0	0.007	137593	700	247	424	177	8	43.64	43.64	43.64
juego1	easy	30.0	0.007	137602	700	246	424	178	8	43.64	43.64	43.64
juego1	easy	30.0	0.007	137611	700	246	424	178	8	43.64	43.64	43.64
juego1	easy	30.0	0.007	137620	700	246	424	178	8	43.64	43.64	43.64
juego1	easy	30.0	0.007	137627	700	246	424	178	8	43.64	43.64	43.64
juego1	easy	30.0	0.007	137635	700	246	424	178	8	43.64	43.64	43.64
juego1	easy	30.0	0.007	137644	700	245	424	179	8	43.64	43.64	43.64
juego1	easy	30.0	0.007	137653	700	245	424	179	8	43.64	43.64	43.64
juego1	easy	30.0	0.007	137662	700	245	424	179	8	43.64	43.64	43.64
juego1	easy	30.0	0.007	137671	700	245	424	179	8	43.64	43.64	43.64
juego1	easy	30.0	0.007	137680	700	245	424	179	8	43.64	43.64	43.64
juego1	easy	30.0	0.007	137687	700	245	424	179	8	43.64	43.64	43.64
juego1	easy	30.0	0.007	137696	700	244	424	180	8	43.64	43.64	43.64
juego1	easy	30.0	0.007	137703	700	244	424	180	8	43.64	43.64	43.64
juego1	easy	30.0	0.007	137712	700	244	424	180	8	43.64	43.64	43.64
juego1	easy	30.0	0.007	137721	700	244	424	180	8	43.64	43.64	43.64
juego1	easy	30.0	0.007	137729	700	244	424	180	8	43.64	43.64	43.64
juego1	easy	30.0	0.007	137738	700	243	424	181	8	43.64	43.64	43.64
juego1	easy	30.0	0.007	137747	700	243	424	181	8	43.64	43.64	43.64
juego1	easy	30.0	0.007	137755	700	243	424	181	8	43.64	43.64	43.64
juego1	easy	30.0	0.007	137764	700	243	424	181	8	43.64	43.64	43.64
juego1	easy	30.0	0.007	137773	700	243	424	181	8	43.64	43.64	43.64
juego1	easy	30.0	0.007	137781	700	243	424	181	8	43.64	43.64	43.64
juego1	easy	30.0	0.007	137790	700	242	424	182	8	43.64	43.64	43.64
juego1	easy	30.0	0.007	137797	700	242	424	182	8	43.64	43.64	43.64
juego1	easy	30.0	0.007	137805	700	242	424	182	8	43.64	43.64	43.64
juego1	easy	30.0	0.007	137814	700	242	424	182	8	43.64	43.64	43.64
juego1	easy	30.0	0.007	137822	700	242	424	182	8	43.64	43.64	43.64
juego1	easy	30.0	0.007	137831	700	242	424	182	8	43.64	43.64	43.64
juego1	easy	30.0	0.007	137840	700	241	424	183	8	43.64	43.64	43.64
juego1	easy	30.0	0.007	137849	700	241	424	183	8	43.64	43.64	43.64
juego1	easy	30.0	0.007	137858	700	241	424	183	8	43.64	43.64	43.64
juego1	easy	30.0	0.007	137867	700	241	424	183	8	43.64	43.64	43.64
juego1	easy	30.0	0.007	137875	700	241	424	183	8	43.64	43.64	43.64
juego1	easy	30.0	0.007	137884	700	241	424	183	8	43.64	43.64	43.64
juego1	easy	30.0	0.007	137893	700	240	424	184	8	43.64	43.64	43.64
juego1	easy	30.0	0.007	137902	700	240	424	184	8	43.64	43.64	43.64
juego1	easy	30.0	0.007	137911	700	240	424	184	8	43.64	43.64	43.64
juego1	easy	30.0	0.007	137920	700	240	424	184	8	43.64	43.64	43.64
juego1	easy	30.0	0.007	137929	700	240	424	184	8	43.64	43.64	43.64
juego1	easy	30.0	0.007	137938	700	240	424	184	8	43.64	43.64	43.64
juego1	easy	30.0	0.007	137947	700	239	424	185	8	43.64	43.64	43.64
juego1	easy	30.0	0.007	137957	700	239	424	185	8	43.64	43.64	43.64
juego1	easy	30.0	0.007	137964	700	239	424	185	8	43.64	43.64	43.64
juego1	easy	30.0	0.007	137973	700	239	424	185	8	43.64	43.64	43.64
juego1	easy	30.0	0.007	137982	700	239	424	185	8	43.64	43.64	43.64
juego1	easy	30.0	0.007	137990	700	239	424	185	8	43.64	43.64	43.64
juego1	easy	30.0	0.007	137999	700	239	424	185	8	43.64	43.64	43.64
juego1	easy	30.0	0.007	138008	700	238	424	186	8	43.64	43.64	43.64
juego1	easy	30.0	0.007	138017	700	238	424	186	8	43.64	43.64	43.64
juego1	easy	30.0	0.007	138025	700	238	424	186	8	43.64	43.64	43.64
juego1	easy	30.0	0.007	138033	700	238	424	186	8	43.64	43.64	43.64
juego1	easy	30.0	0.007	138042	700	238	424	186	8	43.64	43.64	43.64
juego1	easy	30.0	0.007	138051	700	238	424	186	8	43.64	43.64	43.64
juego1	easy	30.0	0.007	138060	700	238	424	186	8	43.64	43.64	43.64
juego1	easy	30.0	0.007	138068	700	238	424	186	8	43.64	43.64	43.64
juego1	easy	30.0	0.007	138077	700	237	424	187	8	43.64	43.64	43.64
juego1	easy	30.0	0.007	138086	700	237	424	187	8	43.64	43.64	43.64
juego1	easy	30.0	0.007	138094	700	237	424	187	8	43.64	43.64	43.64
juego1	easy	30.0	0.007	138103	700	237	424	187	8	43.64	43.64	43.64
juego1	easy	30.0	0.007	138112	700	237	424	187	8	43.64	43.64	43.64
juego1	easy	30.0	0.007	138121	700	237	424	187	8	43.64	43.64	43.64
juego1	easy	30.0	0.007	138130	700	237	424	187	8	43.64	43.64	43.64
juego1	easy	30.0	0.007	138138	700	237	424	187	8	43.64	43.64	43.64
juego1	easy	30.0	0.007	138146	700	236	424	188	8	43.64	43.64	43.64
juego1	easy	30.0	0.007	138154	700	236	424	188	8	43.64	43.64	43.64
juego1	easy	30.0	0.007	138163	700	236	424	188	8	43.64	43.64	43.64
juego1	easy	30.0	0.007	138171	700	236	424	188	8	43.64	43.64	43.64
juego1	easy	30.0	0.007	138180	700	236	424	188	8	43.64	43.64	43.64
juego1	easy	30.0	0.007	138189	700	236	424	188	8	43.64	43.64	43.64
juego1	easy	30.0	0.007	138198	700	236	424	188	8	43.64	43.64	43.64
juego1	easy	30.0	0.007	138207	700	236	424	188	8	43.64	43.64	43.64
juego1	easy	30.0	0.007	138216	700	236	424	188	8	43.64	43.64	43.64
juego1	easy	30.0	0.007	138223	700	235	424	189	8	43.64	43.64	43.64
juego1	easy	30.0	0.007	138232	700	235	424	189	8	43.64	43.64	43.64
juego1	easy	30.0	0.007	138240	700	235	424	189	8	43.64	43.64	43.64
juego1	easy	30.0	0.007	138249	700	235	424	189	8	43.64	43.64	43.64
juego1	easy	30.0	0.007	138258	700	235	424	189	8	43.64	43.64	43.64
juego1	easy	30.0	0.007	138266	700	235	424	189	8	43.64	43.64	43.64
juego1	easy	30.0	0.007	138275	700	235	424	189	8	43.64	43.64	43.64
juego1	easy	30.0	0.007	138284	700	235	424	189	8	43.64	43.64	43.64
juego1	easy	30.0	0.007	138294	700	235	424	189	8	43.64	43.64	43.64
juego1	easy	30.0	0.007	138302	700	235	424	189	8	43.64	43.64	43.64
juego1	easy	30.0	0.007	138311	700	235	424	189	8	43.64	43.64	43.64
juego1	easy	30.0	0.007	138319	700	234	424	190	8	43.64	43.64	43.64
juego1	easy	30.0	0.007	138326	700	234	424	190	8	43.64	43.64	43.64
juego1	easy	30.0	0.007	138334	700	234	424	190	8	43.64	43.64	43.64
juego1	easy	30.0	0.007	138343	700	234	424	190	8	43.64	43.64	43.64
juego1	easy	30.0	0.007	138352	700	234	424	190	8	43.64	43.64	43.64
juego1	easy	30.0	0.007	138360	700	234	424	190	8	43.64	43.64	43.64
juego1	easy	30.0	0.007	138369	700	234	424	190	8	43.64	43.64	43.64
juego1	easy	30.0	0.007	138378	700	234	424	190	8	43.64	43.64	43.64
juego1	easy	30.0	0.007	138386	700	234	424	190	8	43.64	43.64	43.64
juego1	easy	30.0	0.007	138395	700	234	424	190	8	43.64	43.64	43.64
juego1	easy	30.0	0.007	138404	700	234	424	190	8	43.64	43.64	43.64
juego1	easy	30.0	0.007	138414	700	234	424	190	8	43.64	43.64	43.64
juego1	easy	30.0	0.007	138420	700	234	424	190	8	43.64	43.64	43.64
juego1	easy	30.0	0.007	138429	700	234	424	190	8	43.64	43.64	43.64
juego1	easy	30.0	0.007	138438	700	233	424	191	8	43.64	43.64	43.64
juego1	easy	30.0	0.007	138446	700	233	424	191	8	43.64	43.64	43.64
juego1	easy	30.0	0.007	138454	700	233	424	191	8	43.64	43.64	43.64
juego1	easy	30.0	0.007	138463	700	233	424	191	8	43.64	43.64	43.64
juego1	easy	30.0	0.007	138472	700	233	424	191	8	43.64	43.64	43.64
juego1	easy	30.0	0.007	138480	700	233	424	191	8	43.64	43.64	43.64
juego1	easy	30.0	0.007	138489	700	233	424	191	8	43.64	43.64	43.64
juego1	easy	30.0	0.007	138498	700	233	424	191	8	43.64	43.64	43.64
juego1	easy	30.0	0.007	138507	700	233	424	191	8	43.64	43.64	43.64
juego1	easy	30.0	0.007	138516	700	233	424	191	8	43.64	43.64	43.64
juego1	easy	30.0	0.007	138525	700	233	424	191	8	43.64	43.64	43.64
juego1	easy	30.0	0.007	138534	700	233	424	191	8	43.64	43.64	43.64
juego1	easy	30.0	0.007	138542	700	233	424	191	8	43.64	43.64	43.64
juego1	easy	30.0	0.007	138550	700	233	424	191	8	43.64	43.64	43.64
juego1	easy	30.0	0.007	138559	700	233	424	191	8	43.64	43.64	43.64
juego1	easy	30.0	0.007	138567	700	233	424	191	8	43.64	43.64	43.64
juego1	easy	30.0	0.007	138576	700	233	424	191	8	43.64	43.64	43.64
juego1	easy	30.0	0.007	138585	700	233	424	191	8	43.64	43.64	43.64
juego1	easy	30.0	0.007	138594	700	233	424	191	8	43.64	43.64	43.64
juego1	easy	30.0	0.007	138602	700	233	424	191	8	43.64	43.64	43.64
juego1	easy	30.0	0.007	138611	700	233	424	191	8	43.64	43.64	43.64
juego1	easy	30.0	0.007	138620	700	233	424	191	8	43.64	43.64	43.64
juego1	easy	30.0	0.007	138629	700	233	424	191	8	43.64	43.64	43.64
juego1	easy	30.0	0.007	138637	700	233	424	191	8	43.64	43.64	43.64
juego1	easy	30.0	0.007	138646	700	233	424	191	8	43.64	43.64	43.64
juego1	easy	30.0	0.007	138655	700	232	424	192	8	43.64	43.64	43.64
juego1	easy	30.0	0.007	138664	700	232	424	192	8	43.64	43.64	43.64
juego1	easy	30.0	0.007	138672	700	232	424	192	8	43.64	43.64	43.64
juego1	easy	30.0	0.007	138681	700	232	424	192	8	43.64	43.64	43.64
juego1	easy	30.0	0.007	138690	700	232	424	192	8	43.64	43.64	43.64
juego1	easy	30.0	0.007	138698	700	232	424	192	8	43.64	43.64	43.64
juego1	easy	30.0	0.007	138707	700	232	424	192	8	43.64	43.64	43.64
juego1	easy	30.0	0.007	138716	700	232	424	192	8	43.64	43.64	43.64
juego1	easy	30.0	0.007	138725	700	232	424	192	8	43.64	43.64	43.64
juego1	easy	30.0	0.007	138733	700	232	424	192	8	43.64	43.64	43.64
juego1	easy	30.0	0.007	138742	700	232	424	192	8	43.64	43.64	43.64
juego1	easy	30.0	0.007	138751	700	232	424	192	8	43.64	43.64	43.64
juego1	easy	30.0	0.007	138760	700	232	424	192	8	43.64	43.64	43.64
juego1	easy	30.0	0.007	138767	700	232	424	192	8	43.64	43.64	43.64
juego1	easy	30.0	0.007	138776	700	232	424	192	8	43.64	43.64	43.64
juego1	easy	30.0	0.007	138785	700	232	424	192	8	43.64	43.64	43.64
juego1	easy	30.0	0.007	138792	700	232	424	192	8	43.64	43.64	43.64
juego1	easy	30.0	0.007	138800	700	232	424	192	8	43.64	43.64	43.64
juego1	easy	30.0	0.007	138809	700	232	424	192	8	43.64	43.64	43.64
juego1	easy	30.0	0.007	138818	700	232	424	192	8	43.64	43.64	43.64
juego1	easy	30.0	0.007	138827	700	232	424	192	8	43.64	43.64	43.64
juego1	easy	30.0	0.007	138836	700	232	424	192	8	43.64	43.64	43.64
juego1	easy	30.0	0.007	138843	700	233	424	191	8	43.64	43.64	43.64
juego1	easy	30.0	0.007	138852	700	233	424	191	8	43.64	43.64	43.64
juego1	easy	30.0	0.007	138860	700	233	424	191	8	43.64	43.64	43.64
juego1	easy	30.0	0.007	138869	700	233	424	191	8	43.64	43.64	43.64
juego1	easy	30.0	0.007	138878	700	233	424	191	8	43.64	43.64	43.64
juego1	easy	30.0	0.007	138887	700	233	424	191	8	43.64	43.64	43.64
juego1	easy	30.0	0.007	138896	700	233	424	191	8	43.64	43.64	43.64
juego1	easy	30.0	0.007	138905	700	233	424	191	8	43.64	43.64	43.64
juego1	easy	30.0	0.007	138912	700	233	424	191	8	43.64	43.64	43.64
juego1	easy	30.0	0.007	138921	700	233	424	191	8	43.64	43.64	43.64
juego1	easy	30.0	0.007	138930	700	233	424	191	8	43.64	43.64	43.64
juego1	easy	30.0	0.007	138939	700	233	424	191	8	43.64	43.64	43.64
juego1	easy	30.0	0.007	138946	700	233	424	191	8	43.64	43.64	43.64
juego1	easy	30.0	0.007	138955	700	233	424	191	8	43.64	43.64	43.64
juego1	easy	30.0	0.007	138964	700	233	424	191	8	43.64	43.64	43.64
juego1	easy	30.0	0.007	138971	700	233	424	191	8	43.64	43.64	43.64
juego1	easy	30.0	0.007	138980	700	233	424	191	8	43.64	43.64	43.64
juego1	easy	30.0	0.007	138989	700	233	424	191	8	43.64	43.64	43.64
juego1	easy	30.0	0.007	138998	700	233	424	191	8	43.64	43.64	43.64
juego1	easy	30.0	0.007	139007	700	233	424	191	8	43.64	43.64	43.64
juego1	easy	30.0	0.007	139016	700	233	424	191	8	43.64	43.64	43.64
juego1	easy	30.0	0.007	139025	700	233	424	191	8	43.64	43.64	43.64
juego1	easy	30.0	0.007	139033	700	233	424	191	8	43.64	43.64	43.64
juego1	easy	30.0	0.007	139042	700	233	424	191	8	43.64	43.64	43.64
juego1	easy	30.0	0.007	139051	700	233	424	191	8	43.64	43.64	43.64
juego1	easy	30.0	0.007	139059	700	234	424	190	8	43.64	43.64	43.64
juego1	easy	30.0	0.007	139067	700	234	424	190	8	43.64	43.64	43.64
juego1	easy	30.0	0.007	139076	700	234	424	190	8	43.64	43.64	43.64
juego1	easy	30.0	0.007	139085	700	234	424	190	8	43.64	43.64	43.64
juego1	easy	30.0	0.007	139094	700	234	424	190	8	43.64	43.64	43.64
juego1	easy	30.0	0.007	139102	700	234	424	190	8	43.64	43.64	43.64
juego1	easy	30.0	0.007	139109	700	234	424	190	8	43.64	43.64	43.64
juego1	easy	30.0	0.007	139118	700	234	424	190	8	43.64	43.64	43.64
juego1	easy	30.0	0.007	139127	700	234	424	190	8	43.64	43.64	43.64
juego1	easy	30.0	0.007	139136	700	234	424	190	8	43.64	43.64	43.64
juego1	easy	30.0	0.007	139145	700	234	424	190	8	43.64	43.64	43.64
juego1	easy	30.0	0.007	139154	700	234	424	190	8	43.64	43.64	43.64
juego1	easy	30.0	0.007	139163	700	234	424	190	8	43.64	43.64	43.64
juego1	easy	30.0	0.007	139171	700	234	424	190	8	43.64	43.64	43.64
juego1	easy	30.0	0.007	139179	700	235	424	189	8	43.64	43.64	43.64
juego1	easy	30.0	0.007	139188	700	235	424	189	8	43.64	43.64	43.64
juego1	easy	30.0	0.007	139197	700	235	424	189	8	43.64	43.64	43.64
juego1	easy	30.0	0.007	139206	700	235	424	189	8	43.64	43.64	43.64
juego1	easy	30.0	0.007	139214	700	235	424	189	8	43.64	43.64	43.64
juego1	easy	30.0	0.007	139221	700	235	424	189	8	43.64	43.64	43.64
juego1	easy	30.0	0.007	139230	700	235	424	189	8	43.64	43.64	43.64
juego1	easy	30.0	0.007	139237	700	235	424	189	8	43.64	43.64	43.64
juego1	easy	30.0	0.007	139246	700	235	424	189	8	43.64	43.64	43.64
juego1	easy	30.0	0.007	139254	700	235	424	189	8	43.64	43.64	43.64
juego1	easy	30.0	0.007	139263	700	236	424	188	8	43.64	43.64	43.64
juego1	easy	30.0	0.007	139272	700	236	424	188	8	43.64	43.64	43.64
juego1	easy	30.0	0.007	139281	700	236	424	188	8	43.64	43.64	43.64
juego1	easy	30.0	0.007	139289	700	236	424	188	8	43.64	43.64	43.64
juego1	easy	30.0	0.007	139298	700	236	424	188	8	43.64	43.64	43.64
juego1	easy	30.0	0.007	139306	700	236	424	188	8	43.64	43.64	43.64
juego1	easy	30.0	0.007	139315	700	236	424	188	8	43.64	43.64	43.64
juego1	easy	30.0	0.007	139324	700	236	424	188	8	43.64	43.64	43.64
juego1	easy	30.0	0.007	139333	700	236	424	188	8	43.64	43.64	43.64
juego1	easy	30.0	0.007	139342	700	236	424	188	8	43.64	43.64	43.64
juego1	easy	30.0	0.007	139350	700	237	424	187	8	43.64	43.64	43.64
juego1	easy	30.0	0.007	139359	700	237	424	187	8	43.64	43.64	43.64
juego1	easy	30.0	0.007	139367	700	237	424	187	8	43.64	43.64	43.64
juego1	easy	30.0	0.007	139376	700	237	424	187	8	43.64	43.64	43.64
juego1	easy	30.0	0.007	139384	700	237	424	187	8	43.64	43.64	43.64
juego1	easy	30.0	0.007	139391	700	237	424	187	8	43.64	43.64	43.64
juego1	easy	30.0	0.007	139399	700	237	424	187	8	43.64	43.64	43.64
juego1	easy	30.0	0.007	139408	700	237	424	187	8	43.64	43.64	43.64
juego1	easy	30.0	0.007	139416	700	238	424	186	8	43.64	43.64	43.64
juego1	easy	30.0	0.007	139425	700	238	424	186	8	43.64	43.64	43.64
juego1	easy	30.0	0.007	139433	700	238	424	186	8	43.64	43.64	43.64
juego1	easy	30.0	0.007	139441	700	238	424	186	8	43.64	43.64	43.64
juego1	easy	30.0	0.007	139450	700	238	424	186	8	43.64	43.64	43.64
juego1	easy	30.0	0.007	139458	700	238	424	186	8	43.64	43.64	43.64
juego1	easy	30.0	0.007	139466	700	238	424	186	8	43.64	43.64	43.64
juego1	easy	30.0	0.007	139475	700	239	424	185	8	43.64	43.64	43.64
juego1	easy	30.0	0.007	139483	700	239	424	185	8	43.64	43.64	43.64
juego1	easy	30.0	0.007	139492	700	239	424	185	8	43.64	43.64	43.64
juego1	easy	30.0	0.007	139500	700	239	424	185	8	43.64	43.64	43.64
juego1	easy	30.0	0.007	139508	700	239	424	185	8	43.64	43.64	43.64
juego1	easy	30.0	0.007	139517	700	239	424	185	8	43.64	43.64	43.64
juego1	easy	30.0	0.007	139526	700	239	424	185	8	43.64	43.64	43.64
juego1	easy	30.0	0.007	139533	700	240	424	184	8	43.64	43.64	43.64
juego1	easy	30.0	0.007	139542	700	240	424	184	8	43.64	43.64	43.64
juego1	easy	30.0	0.007	139550	700	240	424	184	8	43.64	43.64	43.64
juego1	easy	30.0	0.007	139558	700	240	424	184	8	43.64	43.64	43.64
juego1	easy	30.0	0.007	139565	700	240	424	184	8	43.64	43.64	43.64
juego1	easy	30.0	0.007	139574	700	240	424	184	8	43.64	43.64	43.64
juego1	easy	30.0	0.007	139582	700	240	424	184	8	43.64	43.64	43.64
juego1	easy	30.0	0.007	139590	700	241	424	183	8	43.64	43.64	43.64
juego1	easy	30.0	0.007	139599	700	241	424	183	8	43.64	43.64	43.64
juego1	easy	30.0	0.007	139608	700	241	424	183	8	43.64	43.64	43.64
juego1	easy	30.0	0.007	139615	700	241	424	183	8	43.64	43.64	43.64
juego1	easy	30.0	0.007	139624	700	241	424	183	8	43.64	43.64	43.64
juego1	easy	30.0	0.007	139633	700	241	424	183	8	43.64	43.64	43.64
juego1	easy	30.0	0.007	139642	700	242	424	182	8	43.64	43.64	43.64
juego1	easy	30.0	0.007	139650	700	242	424	182	8	43.64	43.64	43.64
juego1	easy	30.0	0.007	139659	700	242	424	182	8	43.64	43.64	43.64
juego1	easy	30.0	0.007	139667	700	242	424	182	8	43.64	43.64	43.64
juego1	easy	30.0	0.007	139676	700	242	424	182	8	43.64	43.64	43.64
juego1	easy	30.0	0.007	139685	700	242	424	182	8	43.64	43.64	43.64
juego1	easy	30.0	0.007	139694	700	243	424	181	8	43.64	43.64	43.64
juego1	easy	30.0	0.007	139703	700	243	424	181	8	43.64	43.64	43.64
juego1	easy	30.0	0.007	139712	700	243	424	181	8	43.64	43.64	43.64
juego1	easy	30.0	0.007	139721	700	243	424	181	8	43.64	43.64	43.64
juego1	easy	30.0	0.007	139730	700	243	424	181	8	43.64	43.64	43.64
juego1	easy	30.0	0.007	139738	700	243	424	181	8	43.64	43.64	43.64
juego1	easy	30.0	0.007	139746	700	244	424	180	8	43.64	43.64	43.64
juego1	easy	30.0	0.007	139754	700	244	424	180	8	43.64	43.64	43.64
juego1	easy	30.0	0.007	139763	700	244	424	180	8	43.64	43.64	43.64
juego1	easy	30.0	0.007	139772	700	244	424	180	8	43.64	43.64	43.64
juego1	easy	30.0	0.007	139779	700	244	424	180	8	43.64	43.64	43.64
juego1	easy	30.0	0.007	139788	700	245	424	179	8	43.64	43.64	43.64
juego1	easy	30.0	0.007	139797	700	245	424	179	8	43.64	43.64	43.64
juego1	easy	30.0	0.007	139804	700	245	424	179	8	43.64	43.64	43.64
juego1	easy	30.0	0.007	139812	700	245	424	179	8	43.64	43.64	43.64
juego1	easy	30.0	0.007	139821	700	245	424	179	8	43.64	43.64	43.64
juego1	easy	30.0	0.007	139829	700	245	424	179	8	43.64	43.64	43.64
juego1	easy	30.0	0.007	139837	700	246	424	178	8	43.64	43.64	43.64
juego1	easy	30.0	0.007	139846	700	246	424	178	8	43.64	43.64	43.64
juego1	easy	30.0	0.007	139855	700	246	424	178	8	43.64	43.64	43.64
juego1	easy	30.0	0.007	139864	700	246	424	178	8	43.64	43.64	43.64
juego1	easy	30.0	0.007	139873	700	246	424	178	8	43.64	43.64	43.64
juego1	easy	30.0	0.007	139882	700	247	424	177	8	43.64	43.64	43.64
juego1	easy	30.0	0.007	139889	700	247	424	177	8	43.64	43.64	43.64
juego1	easy	30.0	0.007	139898	700	247	424	177	8	43.64	43.64	43.64
juego1	easy	30.0	0.007	139907	700	247	424	177	8	43.64	43.64	43.64
juego1	easy	30.0	0.007	139916	700	247	424	177	8	43.64	43.64	43.64
juego1	easy	30.0	0.007	139925	700	248	424	176	8	43.64	43.64	43.64
juego1	easy	30.0	0.007	139933	700	248	424	176	8	43.64	43.64	43.64
juego1	easy	30.0	0.007	139941	700	248	424	176	8	43.64	43.64	43.64
juego1	easy	30.0	0.007	139950	700	248	424	176	8	43.64	43.64	43.64
juego1	easy	30.0	0.007	139958	700	248	424	176	8	43.64	43.64	43.64
juego1	easy	30.0	0.007	139967	700	249	424	175	8	43.64	43.64	43.64
juego1	easy	30.0	0.007	139976	700	249	424	175	8	43.64	43.64	43.64
juego1	easy	30.0	0.007	139985	700	249	424	175	8	43.64	43.64	43.64
juego1	easy	30.0	0.007	139994	700	249	424	175	8	43.64	43.64	43.64
juego1	easy	30.0	0.007	140003	700	250	424	174	8	43.64	43.64	43.64
juego1	easy	30.0	0.007	140012	700	250	424	174	8	43.64	43.64	43.64
juego1	easy	30.0	0.007	140021	700	250	424	174	8	43.64	43.64	43.64
juego1	easy	30.0	0.007	140030	700	250	424	174	8	43.64	43.64	43.64
juego1	easy	30.0	0.007	140038	700	250	424	174	8	43.64	43.64	43.64
juego1	easy	30.0	0.007	140047	700	251	424	173	8	43.64	43.64	43.64
juego1	easy	30.0	0.007	140055	700	251	424	173	8	43.64	43.64	43.64
juego1	easy	30.0	0.007	140064	700	251	424	173	8	43.64	43.64	43.64
juego1	easy	30.0	0.007	140073	700	251	424	173	8	43.64	43.64	43.64
juego1	easy	30.0	0.007	140080	700	251	424	173	8	43.64	43.64	43.64
juego1	easy	30.0	0.007	140089	700	252	424	172	8	43.64	43.64	43.64
juego1	easy	30.0	0.007	140097	700	252	424	172	8	43.64	43.64	43.64
juego1	easy	30.0	0.007	140107	700	252	424	172	8	43.64	43.64	43.64
juego1	easy	30.0	0.007	140115	700	252	424	172	8	43.64	43.64	43.64
juego1	easy	30.0	0.007	140124	700	253	424	171	8	43.64	43.64	43.64
juego1	easy	30.0	0.007	140133	700	253	424	171	8	43.64	43.64	43.64
juego1	easy	30.0	0.007	140142	700	253	424	171	8	43.64	43.64	43.64
juego1	easy	30.0	0.007	140151	700	253	424	171	8	43.64	43.64	43.64
juego1	easy	30.0	0.007	140159	700	253	424	171	8	43.64	43.64	43.64
juego1	easy	30.0	0.007	140167	700	254	424	170	8	43.64	43.64	43.64
juego1	easy	30.0	0.007	140176	700	254	424	170	8	43.64	43.64	43.64
juego1	easy	30.0	0.007	140185	700	254	424	170	8	43.64	43.64	43.64
juego1	easy	30.0	0.007	140193	700	254	424	170	8	43.64	43.64	43.64
juego1	easy	30.0	0.007	140202	700	255	424	169	8	43.64	43.64	43.64
juego1	easy	30.0	0.007	140210	700	255	424	169	8	43.64	43.64	43.64
juego1	easy	30.0	0.007	140219	700	255	424	169	8	43.64	43.64	43.64
juego1	easy	30.0	0.007	140227	700	255	424	169	8	43.64	43.64	43.64
juego1	easy	30.0	0.007	140235	700	256	424	168	8	43.64	43.64	43.64
juego1	easy	30.0	0.007	140244	700	256	424	168	8	43.64	43.64	43.64
juego1	easy	30.0	0.007	140253	700	256	424	168	8	43.64	43.64	43.64
juego1	easy	30.0	0.007	140261	700	256	424	168	8	43.64	43.64	43.64
juego1	easy	30.0	0.007	140270	700	256	424	168	8	43.64	43.64	43.64
juego1	easy	30.0	0.007	140278	700	257	424	167	8	43.64	43.64	43.64
juego1	easy	30.0	0.007	140287	700	257	424	167	8	43.64	43.64	43.64
juego1	easy	30.0	0.007	140296	700	257	424	167	8	43.64	43.64	43.64
juego1	easy	30.0	0.007	140305	700	257	424	167	8	43.64	43.64	43.64
juego1	easy	30.0	0.007	140314	700	258	424	166	8	43.64	43.64	43.64
juego1	easy	30.0	0.007	140321	700	258	424	166	8	43.64	43.64	43.64
juego1	easy	30.0	0.007	140330	700	258	424	166	8	43.64	43.64	43.64
juego1	easy	30.0	0.007	140339	700	258	424	166	8	43.64	43.64	43.64
juego1	easy	30.0	0.007	140347	700	259	424	165	8	43.64	43.64	43.64
juego1	easy	30.0	0.007	140355	700	259	424	165	8	43.64	43.64	43.64
juego1	easy	30.0	0.007	140364	700	259	424	165	8	43.64	43.64	43.64
juego1	easy	30.0	0.007	140373	700	259	424	165	8	43.64	43.64	43.64
juego1	easy	30.0	0.007	140380	700	260	424	164	8	43.64	43.64	43.64
juego1	easy	30.0	0.007	140389	700	260	424	164	8	43.64	43.64	43.64
juego1	easy	30.0	0.007	140398	700	260	424	164	8	43.64	43.64	43.64
juego1	easy	30.0	0.007	140407	700	260	424	164	8	43.64	43.64	43.64
juego1	easy	30.0	0.007	140414	700	260	424	164	8	43.64	43.64	43.64
juego1	easy	30.0	0.007	140423	700	261	424	163	8	43.64	43.64	43.64
juego1	easy	30.0	0.007	140432	700	261	424	163	8	43.64	43.64	43.64
juego1	easy	30.0	0.007	140440	700	261	424	163	8	43.64	43.64	43.64
juego1	easy	30.0	0.007	140447	700	261	424	163	8	43.64	43.64	43.64
juego1	easy	30.0	0.007	140456	700	262	424	162	8	43.64	43.64	43.64
juego1	easy	30.0	0.007	140464	700	262	424	162	8	43.64	43.64	43.64
juego1	easy	30.0	0.007	140473	700	262	424	162	8	43.64	43.64	43.64
juego1	easy	30.0	0.007	140482	700	262	424	162	8	43.64	43.64	43.64
juego1	easy	30.0	0.007	140491	700	263	424	161	8	43.64	43.64	43.64
juego1	easy	30.0	0.007	140500	700	263	424	161	8	43.64	43.64	43.64
juego1	easy	30.0	0.007	140509	700	263	424	161	8	43.64	43.64	43.64
juego1	easy	30.0	0.007	140518	700	263	424	161	8	43.64	43.64	43.64
juego1	easy	30.0	0.007	140526	700	264	424	160	8	43.64	43.64	43.64
juego1	easy	30.0	0.007	140534	700	264	424	160	8	43.64	43.64	43.64
juego1	easy	30.0	0.007	140543	700	264	424	160	8	43.64	43.64	43.64
juego1	easy	30.0	0.007	140552	700	264	424	160	8	43.64	43.64	43.64
juego1	easy	30.0	0.007	140561	700	265	424	159	8	43.64	43.64	43.64
juego1	easy	30.0	0.007	140570	700	265	424	159	8	43.64	43.64	43.64
juego1	easy	30.0	0.007	140579	700	265	424	159	8	43.64	43.64	43.64
juego1	easy	30.0	0.007	140586	700	265	424	159	8	43.64	43.64	43.64
juego1	easy	30.0	0.007	140595	700	266	424	158	8	43.64	43.64	43.64
juego1	easy	30.0	0.007	140603	700	266	424	158	8	43.64	43.64	43.64
juego1	easy	30.0	0.007	140612	700	266	424	158	8	43.64	43.64	43.64
juego1	easy	30.0	0.007	140621	700	266	424	158	8	43.64	43.64	43.64
juego1	easy	30.0	0.007	140630	700	267	424	157	8	43.64	43.64	43.64
juego1	easy	30.0	0.007	140639	700	267	424	157	8	43.64	43.64	43.64
juego1	easy	30.0	0.007	140649	700	267	424	157	8	43.64	43.64	43.64
juego1	easy	30.0	0.007	140656	700	267	424	157	8	43.64	43.64	43.64
juego1	easy	30.0	0.007	140664	700	268	424	156	8	43.64	43.64	43.64
juego1	easy	30.0	0.007	140674	700	268	424	156	8	43.64	43.64	43.64
juego1	easy	30.0	0.007	140680	700	268	424	156	8	43.64	43.64	43.64
juego1	easy	30.0	0.007	140689	700	269	424	155	8	43.64	43.64	43.64
juego1	easy	30.0	0.007	140697	700	269	424	155	8	43.64	43.64	43.64
juego1	easy	30.0	0.007	140706	700	269	424	155	8	43.64	43.64	43.64
juego1	easy	30.0	0.007	140715	700	270	424	154	8	43.64	43.64	43.64
juego1	easy	30.0	0.007	140723	700	270	424	154	8	43.64	43.64	43.64
juego1	easy	30.0	0.007	140732	700	271	424	153	8	43.64	43.64	43.64
juego1	easy	30.0	0.007	140740	700	271	424	153	8	43.64	43.64	43.64
juego1	easy	30.0	0.007	140749	700	271	424	153	8	43.64	43.64	43.64
juego1	easy	30.0	0.007	140756	700	272	424	152	8	43.64	43.64	43.64
juego1	easy	30.0	0.007	140765	700	272	424	152	8	43.64	43.64	43.64
juego1	easy	30.0	0.007	140774	700	273	424	151	8	43.64	43.64	43.64
juego1	easy	30.0	0.007	140783	700	273	424	151	8	43.64	43.64	43.64
juego1	easy	30.0	0.007	140792	700	273	424	151	8	43.64	43.64	43.64
juego1	easy	30.0	0.007	140801	700	274	424	150	8	43.64	43.64	43.64
juego1	easy	30.0	0.007	140809	700	274	424	150	8	43.64	43.64	43.64
juego1	easy	30.0	0.007	140816	700	274	424	150	8	43.64	43.64	43.64
juego1	easy	30.0	0.007	140825	700	275	424	149	8	43.64	43.64	43.64
juego1	easy	30.0	0.007	140834	700	275	424	149	8	43.64	43.64	43.64
juego1	easy	30.0	0.007	140842	700	276	424	148	8	43.64	43.64	43.64
juego1	easy	30.0	0.007	140851	700	276	424	148	8	43.64	43.64	43.64
juego1	easy	30.0	0.007	140860	700	276	424	148	8	43.64	43.64	43.64
juego1	easy	30.0	0.007	140869	700	277	424	147	8	43.64	43.64	43.64
juego1	easy	30.0	0.007	140877	700	277	424	147	8	43.64	43.64	43.64
juego1	easy	30.0	0.007	140886	700	278	424	146	8	43.64	43.64	43.64
juego1	easy	30.0	0.007	140895	700	278	424	146	8	43.64	43.64	43.64
juego1	easy	30.0	0.007	140904	700	278	424	146	8	43.64	43.64	43.64
juego1	easy	30.0	0.007	140913	700	279	424	145	8	43.64	43.64	43.64
juego1	easy	30.0	0.007	140921	700	279	424	145	8	43.64	43.64	43.64
juego1	easy	30.0	0.007	140930	700	279	424	145	8	43.64	43.64	43.64
juego1	easy	30.0	0.007	140939	700	280	424	144	8	43.64	43.64	43.64
juego1	easy	30.0	0.007	140948	700	280	424	144	8	43.64	43.64	43.64
juego1	easy	30.0	0.007	140955	700	281	424	143	8	43.64	43.64	43.64
juego1	easy	30.0	0.007	140964	700	281	424	143	8	43.64	43.64	43.64
juego1	easy	30.0	0.007	140972	700	281	424	143	8	43.64	43.64	43.64
juego1	easy	30.0	0.007	140980	700	282	424	142	8	43.64	43.64	43.64
juego1	easy	30.0	0.007	140989	700	282	424	142	8	43.64	43.64	43.64
juego1	easy	30.0	0.007	140998	700	282	424	142	8	43.64	43.64	43.64
juego1	easy	30.0	0.007	141006	700	283	424	141	8	43.64	43.64	43.64
juego1	easy	30.0	0.007	141015	700	283	424	141	8	43.64	43.64	43.64
juego1	easy	30.0	0.007	141024	700	283	424	141	8	43.64	43.64	43.64
juego1	easy	30.0	0.007	141032	700	284	424	140	8	43.64	43.64	43.64
juego1	easy	30.0	0.007	141039	700	284	424	140	8	43.64	43.64	43.64
juego1	easy	30.0	0.007	141048	700	285	424	139	8	43.64	43.64	43.64
juego1	easy	30.0	0.007	141057	700	285	424	139	8	43.64	43.64	43.64
juego1	easy	30.0	0.007	141066	700	285	424	139	8	43.64	43.64	43.64
juego1	easy	30.0	0.007	141075	700	286	424	138	8	43.64	43.64	43.64
juego1	easy	30.0	0.007	141084	700	286	424	138	8	43.64	43.64	43.64
juego1	easy	30.0	0.007	141091	700	286	424	138	8	43.64	43.64	43.64
juego1	easy	30.0	0.007	141101	700	287	424	137	8	43.64	43.64	43.64
juego1	easy	30.0	0.007	141109	700	287	424	137	8	43.64	43.64	43.64
juego1	easy	30.0	0.007	141117	700	287	424	137	8	43.64	43.64	43.64
juego1	easy	30.0	0.007	141126	700	288	424	136	8	43.64	43.64	43.64
juego1	easy	30.0	0.007	141135	700	288	424	136	8	43.64	43.64	43.64
juego1	easy	30.0	0.007	141143	700	289	424	135	8	43.64	43.64	43.64
juego1	easy	30.0	0.007	141151	700	289	424	135	8	43.64	43.64	43.64
juego1	easy	30.0	0.007	141160	700	289	424	135	8	43.64	43.64	43.64
juego1	easy	30.0	0.007	141169	700	290	424	134	8	43.64	43.64	43.64
juego1	easy	30.0	0.007	141178	700	290	424	134	8	43.64	43.64	43.64
juego1	easy	30.0	0.007	141187	700	290	424	134	8	43.64	43.64	43.64
juego1	easy	30.0	0.007	141195	700	291	424	133	8	43.64	43.64	43.64
juego1	easy	30.0	0.007	141203	700	291	424	133	8	43.64	43.64	43.64
juego1	easy	30.0	0.007	141212	700	291	424	133	8	43.64	43.64	43.64
juego1	easy	30.0	0.007	141221	700	292	424	132	8	43.64	43.64	43.64
juego1	easy	30.0	0.007	141230	700	292	424	132	8	43.64	43.64	43.64
juego1	easy	30.0	0.007	141238	700	292	424	132	8	43.64	43.64	43.64
juego1	easy	30.0	0.007	141247	700	293	424	131	8	43.64	43.64	43.64
juego1	easy	30.0	0.007	141255	700	293	424	131	8	43.64	43.64	43.64
juego1	easy	30.0	0.007	141262	700	293	424	131	8	43.64	43.64	43.64
juego1	easy	30.0	0.007	141271	700	294	424	130	8	43.64	43.64	43.64
juego1	easy	30.0	0.007	141280	700	294	424	130	8	43.64	43.64	43.64
juego1	easy	30.0	0.007	141287	700	294	424	130	8	43.64	43.64	43.64
juego1	easy	30.0	0.007	141296	700	295	424	129	8	43.64	43.64	43.64
juego1	easy	30.0	0.007	141304	700	295	424	129	8	43.64	43.64	43.64
juego1	easy	30.0	0.007	141313	700	295	424	129	8	43.64	43.64	43.64
juego1	easy	30.0	0.007	141320	700	296	424	128	8	43.64	43.64	43.64
juego1	easy	30.0	0.007	141329	700	296	424	128	8	43.64	43.64	43.64
juego1	easy	30.0	0.007	141337	700	296	424	128	8	43.64	43.64	43.64
juego1	easy	30.0	0.007	141346	700	297	424	127	8	43.64	43.64	43.64
juego1	easy	30.0	0.007	141355	700	297	424	127	8	43.64	43.64	43.64
juego1	easy	30.0	0.007	141364	700	297	424	127	8	43.64	43.64	43.64
juego1	easy	30.0	0.007	141373	700	298	424	126	8	43.64	43.64	43.64
juego1	easy	30.0	0.007	141381	700	298	424	126	8	43.64	43.64	43.64
juego1	easy	30.0	0.007	141388	700	298	424	126	8	43.64	43.64	43.64
juego1	easy	30.0	0.007	141397	700	299	424	125	8	43.64	43.64	43.64
juego1	easy	30.0	0.007	141406	700	299	424	125	8	43.64	43.64	43.64
juego1	easy	30.0	0.007	141414	700	299	424	125	8	43.64	43.64	43.64
juego1	easy	30.0	0.007	141423	700	300	424	124	8	43.64	43.64	43.64
juego1	easy	30.0	0.007	141432	700	300	424	124	8	43.64	43.64	43.64
juego1	easy	30.0	0.007	141440	700	300	424	124	8	43.64	43.64	43.64
juego1	easy	30.0	0.007	141449	700	300	424	124	8	43.64	43.64	43.64
juego1	easy	30.0	0.007	141457	700	300	424	124	8	43.64	43.64	43.64
juego1	easy	30.0	0.007	141465	700	300	424	124	8	43.64	43.64	43.64
juego1	easy	30.0	0.007	141474	700	300	424	124	8	43.64	43.64	43.64
juego1	easy	30.0	0.007	141484	700	301	424	123	8	43.64	43.64	43.64
juego1	easy	30.0	0.007	141492	700	301	424	123	8	43.64	43.64	43.64
juego1	easy	30.0	0.007	141500	700	301	424	123	8	43.64	43.64	43.64
juego1	easy	30.0	0.007	141510	700	302	424	122	8	43.64	43.64	43.64
juego1	easy	30.0	0.007	141518	700	302	424	122	8	43.64	43.64	43.64
juego1	easy	30.0	0.007	141527	700	302	424	122	8	43.64	43.64	43.64
juego1	easy	30.0	0.007	141534	700	303	424	121	8	43.64	43.64	43.64
juego1	easy	30.0	0.007	141542	700	303	424	121	8	43.64	43.64	43.64
juego1	easy	30.0	0.007	141551	700	303	424	121	8	43.64	43.64	43.64
juego1	easy	30.0	0.007	141560	700	303	424	121	8	43.64	43.64	43.64
juego1	easy	30.0	0.007	141569	700	304	424	120	8	43.64	43.64	43.64
juego1	easy	30.0	0.007	141577	700	304	424	120	8	43.64	43.64	43.64
juego1	easy	30.0	0.007	141586	700	304	424	120	8	43.64	43.64	43.64
juego1	easy	30.0	0.007	141595	700	304	424	120	8	43.64	43.64	43.64
juego1	easy	30.0	0.007	141604	700	305	424	119	8	43.64	43.64	43.64
juego1	easy	30.0	0.007	141613	700	305	424	119	8	43.64	43.64	43.64
juego1	easy	30.0	0.007	141622	700	305	424	119	8	43.64	43.64	43.64
juego1	easy	30.0	0.007	141631	700	306	424	118	8	43.64	43.64	43.64
juego1	easy	30.0	0.007	141640	700	306	424	118	8	43.64	43.64	43.64
juego1	easy	30.0	0.007	141649	700	306	424	118	8	43.64	43.64	43.64
juego1	easy	30.0	0.007	141657	700	306	424	118	8	43.64	43.64	43.64
juego1	easy	30.0	0.007	141666	700	307	424	117	8	43.64	43.64	43.64
juego1	easy	30.0	0.007	141674	700	307	424	117	8	43.64	43.64	43.64
juego1	easy	30.0	0.007	141683	700	307	424	117	8	43.64	43.64	43.64
juego1	easy	30.0	0.007	141692	700	307	424	117	8	43.64	43.64	43.64
juego1	easy	30.0	0.007	141700	700	308	424	116	8	43.64	43.64	43.64
juego1	easy	30.0	0.007	141709	700	308	424	116	8	43.64	43.64	43.64
juego1	easy	30.0	0.007	141718	700	308	424	116	8	43.64	43.64	43.64
juego1	easy	30.0	0.007	141726	700	308	424	116	8	43.64	43.64	43.64
juego1	easy	30.0	0.007	141735	700	309	424	115	8	43.64	43.64	43.64
juego1	easy	30.0	0.007	141743	700	309	424	115	8	43.64	43.64	43.64
juego1	easy	30.0	0.007	141751	700	309	424	115	8	43.64	43.64	43.64
juego1	easy	30.0	0.007	141760	700	309	424	115	8	43.64	43.64	43.64
juego1	easy	30.0	0.007	141769	700	310	424	114	8	43.64	43.64	43.64
juego1	easy	30.0	0.007	141777	700	310	424	114	8	43.64	43.64	43.64
juego1	easy	30.0	0.007	141786	700	310	424	114	8	43.64	43.64	43.64
juego1	easy	30.0	0.007	141795	700	310	424	114	8	43.64	43.64	43.64
juego1	easy	30.0	0.007	141802	700	311	424	113	8	43.64	43.64	43.64
juego1	easy	30.0	0.007	141811	700	311	424	113	8	43.64	43.64	43.64
juego1	easy	30.0	0.007	141819	700	311	424	113	8	43.64	43.64	43.64
juego1	easy	30.0	0.007	141828	700	311	424	113	8	43.64	43.64	43.64
juego1	easy	30.0	0.007	141837	700	311	424	113	8	43.64	43.64	43.64
juego1	easy	30.0	0.007	141846	700	312	424	112	8	43.64	43.64	43.64
juego1	easy	30.0	0.007	141854	700	312	424	112	8	43.64	43.64	43.64
juego1	easy	30.0	0.007	141862	700	312	424	112	8	43.64	43.64	43.64
juego1	easy	30.0	0.007	141871	700	312	424	112	8	43.64	43.64	43.64
juego1	easy	30.0	0.007	141880	700	313	424	111	8	43.64	43.64	43.64
juego1	easy	30.0	0.007	141888	700	313	424	111	8	43.64	43.64	43.64
juego1	easy	30.0	0.007	141897	700	313	424	111	8	43.64	43.64	43.64
juego1	easy	30.0	0.007	141905	700	313	424	111	8	43.64	43.64	43.64
juego1	easy	30.0	0.007	141914	700	313	424	111	8	43.64	43.64	43.64
juego1	easy	30.0	0.007	141923	700	314	424	110	8	43.64	43.64	43.64
juego1	easy	30.0	0.007	141930	700	314	424	110	8	43.64	43.64	43.64
juego1	easy	30.0	0.007	141938	700	314	424	110	8	43.64	43.64	43.64
juego1	easy	30.0	0.007	141947	700	314	424	110	8	43.64	43.64	43.64
juego1	easy	30.0	0.007	141956	700	314	424	110	8	43.64	43.64	43.64
juego1	easy	30.0	0.007	141964	700	315	424	109	8	43.64	43.64	43.64
juego1	easy	30.0	0.007	141973	700	315	424	109	8	43.64	43.64	43.64
juego1	easy	30.0	0.007	141980	700	315	424	109	8	43.64	43.64	43.64
juego1	easy	30.0	0.007	141989	700	315	424	109	8	43.64	43.64	43.64
juego1	easy	30.0	0.007	141998	700	315	424	109	8	43.64	43.64	43.64
juego1	easy	30.0	0.007	142007	700	315	424	109	8	43.64	43.64	43.64
juego1	easy	30.0	0.007	142014	700	316	424	108	8	43.64	43.64	43.64
juego1	easy	30.0	0.007	142022	700	316	424	108	8	43.64	43.64	43.64
juego1	easy	30.0	0.007	142031	700	316	424	108	8	43.64	43.64	43.64
juego1	easy	30.0	0.007	142038	700	316	424	108	8	43.64	43.64	43.64
juego1	easy	30.0	0.007	142046	700	316	424	108	8	43.64	43.64	43.64
juego1	easy	30.0	0.007	142055	700	316	424	108	8	43.64	43.64	43.64
juego1	easy	30.0	0.007	142064	700	317	424	107	8	43.64	43.64	43.64
juego1	easy	30.0	0.007	142073	700	317	424	107	8	43.64	43.64	43.64
juego1	easy	30.0	0.007	142082	700	317	424	107	8	43.64	43.64	43.64
juego1	easy	30.0	0.007	142090	700	317	424	107	8	43.64	43.64	43.64
juego1	easy	30.0	0.007	142099	700	317	424	107	8	43.64	43.64	43.64
juego1	easy	30.0	0.007	142107	700	317	424	107	8	43.64	43.64	43.64
juego1	easy	30.0	0.007	142116	700	317	424	107	8	43.64	43.64	43.64
juego1	easy	30.0	0.007	142125	700	318	424	106	8	43.64	43.64	43.64
juego1	easy	30.0	0.007	142133	700	318	424	106	8	43.64	43.64	43.64
juego1	easy	30.0	0.007	142142	700	318	424	106	8	43.64	43.64	43.64
juego1	easy	30.0	0.007	142151	700	318	424	106	8	43.64	43.64	43.64
juego1	easy	30.0	0.007	142159	700	318	424	106	8	43.64	43.64	43.64
juego1	easy	30.0	0.007	142168	700	318	424	106	8	43.64	43.64	43.64
juego1	easy	30.0	0.007	142176	700	318	424	106	8	43.64	43.64	43.64
juego1	easy	30.0	0.007	142184	700	319	424	105	8	43.64	43.64	43.64
juego1	easy	30.0	0.007	142193	700	319	424	105	8	43.64	43.64	43.64
juego1	easy	30.0	0.007	142201	700	319	424	105	8	43.64	43.64	43.64
juego1	easy	30.0	0.007	142210	700	319	424	105	8	43.64	43.64	43.64
juego1	easy	30.0	0.007	142219	700	319	424	105	8	43.64	43.64	43.64
juego1	easy	30.0	0.007	142228	700	319	424	105	8	43.64	43.64	43.64
juego1	easy	30.0	0.007	142235	700	319	424	105	8	43.64	43.64	43.64
juego1	easy	30.0	0.007	142244	700	319	424	105	8	43.64	43.64	43.64
juego1	easy	30.0	0.007	142253	700	319	424	105	8	43.64	43.64	43.64
juego1	easy	30.0	0.007	142262	700	320	424	104	8	43.64	43.64	43.64
juego1	easy	30.0	0.007	142269	700	320	424	104	8	43.64	43.64	43.64
juego1	easy	30.0	0.007	142278	700	320	424	104	8	43.64	43.64	43.64
juego1	easy	30.0	0.007	142287	700	320	424	104	8	43.64	43.64	43.64
juego1	easy	30.0	0.007	142296	700	320	424	104	8	43.64	43.64	43.64
juego1	easy	30.0	0.007	142303	700	320	424	104	8	43.64	43.64	43.64
juego1	easy	30.0	0.007	142312	700	320	424	104	8	43.64	43.64	43.64
juego1	easy	30.0	0.007	142321	700	320	424	104	8	43.64	43.64	43.64
juego1	easy	30.0	0.007	142329	700	320	424	104	8	43.64	43.64	43.64
juego1	easy	30.0	0.007	142338	700	320	424	104	8	43.64	43.64	43.64
juego1	easy	30.0	0.007	142347	700	320	424	104	8	43.64	43.64	43.64
juego1	easy	30.0	0.007	142355	700	320	424	104	8	43.64	43.64	43.64
juego1	easy	30.0	0.007	142364	700	321	424	103	8	43.64	43.64	43.64
juego1	easy	30.0	0.007	142373	700	321	424	103	8	43.64	43.64	43.64
juego1	easy	30.0	0.007	142380	700	321	424	103	8	43.64	43.64	43.64
juego1	easy	30.0	0.007	142389	700	321	424	103	8	43.64	43.64	43.64
juego1	easy	30.0	0.007	142398	700	321	424	103	8	43.64	43.64	43.64
juego1	easy	30.0	0.007	142407	700	321	424	103	8	43.64	43.64	43.64
juego1	easy	30.0	0.007	142416	700	321	424	103	8	43.64	43.64	43.64
juego1	easy	30.0	0.007	142425	700	321	424	103	8	43.64	43.64	43.64
juego1	easy	30.0	0.007	142434	700	321	424	103	8	43.64	43.64	43.64
juego1	easy	30.0	0.007	142443	700	321	424	103	8	43.64	43.64	43.64
juego1	easy	30.0	0.007	142450	700	321	424	103	8	43.64	43.64	43.64
juego1	easy	30.0	0.007	142459	700	321	424	103	8	43.64	43.64	43.64
juego1	easy	30.0	0.007	142468	700	321	424	103	8	43.64	43.64	43.64
juego1	easy	30.0	0.007	142476	700	321	424	103	8	43.64	43.64	43.64
juego1	easy	30.0	0.007	142485	700	321	424	103	8	43.64	43.64	43.64
juego1	easy	30.0	0.007	142494	700	321	424	103	8	43.64	43.64	43.64
juego1	easy	30.0	0.007	142503	700	321	424	103	8	43.64	43.64	43.64
juego1	easy	30.0	0.007	142511	700	321	424	103	8	43.64	43.64	43.64
juego1	easy	30.0	0.007	142519	700	321	424	103	8	43.64	43.64	43.64
juego1	easy	30.0	0.007	142528	700	321	424	103	8	43.64	43.64	43.64
juego1	easy	30.0	0.007	142537	700	321	424	103	8	43.64	43.64	43.64
juego1	easy	30.0	0.007	142546	700	321	424	103	8	43.64	43.64	43.64
juego1	easy	30.0	0.007	142555	700	321	424	103	8	43.64	43.64	43.64
juego1	easy	30.0	0.007	142563	700	321	424	103	8	43.64	43.64	43.64
juego1	easy	30.0	0.007	142572	700	321	424	103	8	43.64	43.64	43.64
juego1	easy	30.0	0.007	142580	700	321	424	103	8	43.64	43.64	43.64
juego1	easy	30.0	0.007	142589	700	321	424	103	8	43.64	43.64	43.64
juego1	easy	30.0	0.007	142597	700	321	424	103	8	43.64	43.64	43.64
juego1	easy	30.0	0.007	142606	700	321	424	103	8	43.64	43.64	43.64
juego1	easy	30.0	0.007	142615	700	321	424	103	8	43.64	43.64	43.64
juego1	easy	30.0	0.007	142624	700	321	424	103	8	43.64	43.64	43.64
juego1	easy	30.0	0.007	142633	700	321	424	103	8	43.64	43.64	43.64
juego1	easy	30.0	0.007	142641	700	321	424	103	8	43.64	43.64	43.64
juego1	easy	30.0	0.007	142650	700	321	424	103	8	43.64	43.64	43.64
juego1	easy	30.0	0.007	142657	700	321	424	103	8	43.64	43.64	43.64
juego1	easy	30.0	0.007	142666	700	321	424	103	8	43.65	43.65	43.65
juego1	easy	30.0	0.007	142674	700	321	424	103	8	43.65	43.65	43.65
juego1	easy	30.0	0.007	142684	700	321	424	103	8	43.64	43.64	43.64
juego1	easy	30.0	0.007	142691	700	321	424	103	8	43.65	43.65	43.65
juego1	easy	30.0	0.007	142700	700	321	424	103	8	43.65	43.65	43.65
juego1	easy	30.0	0.007	142709	700	321	424	103	8	43.65	43.65	43.65
juego1	easy	30.0	0.007	142716	700	321	424	103	8	43.65	43.65	43.65
juego1	easy	30.0	0.007	142725	700	321	424	103	8	43.65	43.65	43.65
juego1	easy	30.0	0.007	142734	700	321	424	103	8	43.65	43.65	43.65
juego1	easy	30.0	0.007	142741	700	321	424	103	8	43.65	43.65	43.65
juego1	easy	30.0	0.007	142750	700	321	424	103	8	43.65	43.65	43.65
juego1	easy	30.0	0.007	142759	700	321	424	103	8	43.65	43.65	43.65
juego1	easy	30.0	0.007	142766	700	321	424	103	8	43.65	43.65	43.65
juego1	easy	30.0	0.007	142775	700	321	424	103	8	43.65	43.65	43.65
juego1	easy	30.0	0.007	142783	700	321	424	103	8	43.65	43.65	43.65
juego1	easy	30.0	0.007	142792	700	321	424	103	8	43.65	43.65	43.65
juego1	easy	30.0	0.007	142801	700	321	424	103	8	43.65	43.65	43.65
juego1	easy	30.0	0.007	142810	700	320	424	104	8	43.65	43.65	43.65
juego1	easy	30.0	0.007	142819	700	320	424	104	8	43.65	43.65	43.65
juego1	easy	30.0	0.007	142827	700	320	424	104	8	43.65	43.65	43.65
juego1	easy	30.0	0.007	142835	700	320	424	104	8	43.65	43.65	43.65
juego1	easy	30.0	0.007	142844	700	320	424	104	8	43.65	43.65	43.65
juego1	easy	30.0	0.007	142852	700	320	424	104	8	43.65	43.65	43.65
juego1	easy	30.0	0.007	142860	700	320	424	104	8	43.65	43.65	43.65
juego1	easy	30.0	0.007	142869	700	320	424	104	8	43.65	43.65	43.65
juego1	easy	30.0	0.007	142878	700	320	424	104	8	43.65	43.65	43.65
juego1	easy	30.0	0.007	142886	700	320	424	104	8	43.65	43.65	43.65
juego1	easy	30.0	0.007	142895	700	320	424	104	8	43.65	43.65	43.65
juego1	easy	30.0	0.007	142903	700	319	424	105	8	43.65	43.65	43.65
juego1	easy	30.0	0.007	142912	700	319	424	105	8	43.65	43.65	43.65
juego1	easy	30.0	0.007	142920	700	319	424	105	8	43.65	43.65	43.65
juego1	easy	30.0	0.007	142929	700	319	424	105	8	43.65	43.65	43.65
juego1	easy	30.0	0.007	142937	700	319	424	105	8	43.65	43.65	43.65
juego1	easy	30.0	0.007	142945	700	319	424	105	8	43.65	43.65	43.65
juego1	easy	30.0	0.007	142954	700	319	424	105	8	43.65	43.65	43.65
juego1	easy	30.0	0.007	142963	700	319	424	105	8	43.65	43.65	43.65
juego1	easy	30.0	0.007	142971	700	319	424	105	8	43.65	43.65	43.65
juego1	easy	30.0	0.007	142979	700	318	424	106	8	43.65	43.65	43.65
juego1	easy	30.0	0.007	142988	700	318	424	106	8	43.65	43.65	43.65
juego1	easy	30.0	0.007	142997	700	318	424	106	8	43.65	43.65	43.65
juego1	easy	30.0	0.007	143006	700	318	424	106	8	43.65	43.65	43.65
juego1	easy	30.0	0.007	143014	700	318	424	106	8	43.65	43.65	43.65
juego1	easy	30.0	0.007	143023	700	318	424	106	8	43.65	43.65	43.65
juego1	easy	30.0	0.007	143031	700	318	424	106	8	43.65	43.65	43.65
juego1	easy	30.0	0.007	143040	700	318	424	106	8	43.65	43.65	43.65
juego1	easy	30.0	0.007	143048	700	317	424	107	8	43.65	43.65	43.65
juego1	easy	30.0	0.007	143057	700	317	424	107	8	43.65	43.65	43.65
juego1	easy	30.0	0.007	143066	700	317	424	107	8	43.65	43.65	43.65
juego1	easy	30.0	0.007	143075	700	317	424	107	8	43.65	43.65	43.65
juego1	easy	30.0	0.007	143083	700	317	424	107	8	43.65	43.65	43.65
juego1	easy	30.0	0.007	143092	700	317	424	107	8	43.65	43.65	43.65
juego1	easy	30.0	0.007	143100	700	317	424	107	8	43.65	43.65	43.65
juego1	easy	30.0	0.007	143109	700	316	424	108	8	43.65	43.65	43.65
juego1	easy	30.0	0.007	143118	700	316	424	108	8	43.65	43.65	43.65
juego1	easy	30.0	0.007	143126	700	316	424	108	8	43.65	43.65	43.65
juego1	easy	30.0	0.007	143135	700	316	424	108	8	43.65	43.65	43.65
juego1	easy	30.0	0.007	143142	700	316	424	108	8	43.65	43.65	43.65
juego1	easy	30.0	0.007	143151	700	316	424	108	8	43.65	43.65	43.65
juego1	easy	30.0	0.007	143160	700	315	424	109	8	43.65	43.65	43.65
juego1	easy	30.0	0.007	143167	700	315	424	109	8	43.65	43.65	43.65
juego1	easy	30.0	0.007	143176	700	315	424	109	8	43.65	43.65	43.65
juego1	easy	30.0	0.007	143184	700	315	424	109	8	43.65	43.65	43.65
juego1	easy	30.0	0.007	143193	700	315	424	109	8	43.65	43.65	43.65
juego1	easy	30.0	0.007	143202	700	314	424	110	8	43.65	43.65	43.65
juego1	easy	30.0	0.007	143211	700	314	424	110	8	43.65	43.65	43.65
juego1	easy	30.0	0.007	143220	700	314	424	110	8	43.65	43.65	43.65
juego1	easy	30.0	0.007	143227	700	314	424	110	8	43.65	43.65	43.65
juego1	easy	30.0	0.007	143236	700	314	424	110	8	43.65	43.65	43.65
juego1	easy	30.0	0.007	143243	700	313	424	111	8	43.65	43.65	43.65
juego1	easy	30.0	0.007	143251	700	313	424	111	8	43.65	43.65	43.65
juego1	easy	30.0	0.007	143260	700	313	424	111	8	43.65	43.65	43.65
juego1	easy	30.0	0.007	143268	700	313	424	111	8	43.65	43.65	43.65
juego1	easy	30.0	0.007	143276	700	313	424	111	8	43.65	43.65	43.65
juego1	easy	30.0	0.007	143285	700	312	424	112	8	43.65	43.65	43.65
juego1	easy	30.0	0.007	143293	700	312	424	112	8	43.65	43.65	43.65
juego1	easy	30.0	0.007	143301	700	312	424	112	8	43.65	43.65	43.65
juego1	easy	30.0	0.007	143310	700	312	424	112	8	43.65	43.65	43.65
juego1	easy	30.0	0.007	143319	700	312	424	112	8	43.65	43.65	43.65
juego1	easy	30.0	0.007	143327	700	311	424	113	8	43.65	43.65	43.65
juego1	easy	30.0	0.007	143334	700	311	424	113	8	43.65	43.65	43.65
juego1	easy	30.0	0.007	143343	700	311	424	113	8	43.65	43.65	43.65
juego1	easy	30.0	0.007	143351	700	311	424	113	8	43.65	43.65	43.65
juego1	easy	30.0	0.007	143360	700	310	424	114	8	43.65	43.65	43.65
juego1	easy	30.0	0.007	143369	700	310	424	114	8	43.65	43.65	43.65
juego1	easy	30.0	0.007	143376	700	310	424	114	8	43.65	43.65	43.65
juego1	easy	30.0	0.007	143385	700	310	424	114	8	43.65	43.65	43.65
juego1	easy	30.0	0.007	143394	700	310	424	114	8	43.65	43.65	43.65
juego1	easy	30.0	0.007	143401	700	309	424	115	8	43.65	43.65	43.65
juego1	easy	30.0	0.007	143410	700	309	424	115	8	43.65	43.65	43.65
juego1	easy	30.0	0.007	143418	700	309	424	115	8	43.65	43.65	43.65
juego1	easy	30.0	0.007	143426	700	309	424	115	8	43.65	43.65	43.65
juego1	easy	30.0	0.007	143435	700	308	424	116	8	43.65	43.65	43.65
juego1	easy	30.0	0.007	143443	700	308	424	116	8	43.65	43.65	43.65
juego1	easy	30.0	0.007	143452	700	308	424	116	8	43.65	43.65	43.65
juego1	easy	30.0	0.007	143459	700	308	424	116	8	43.65	43.65	43.65
juego1	easy	30.0	0.007	143468	700	307	424	117	8	43.65	43.65	43.65
juego1	easy	30.0	0.007	143476	700	307	424	117	8	43.65	43.65	43.65
juego1	easy	30.0	0.007	143485	700	307	424	117	8	43.65	43.65	43.65
juego1	easy	30.0	0.007	143494	700	306	424	118	8	43.65	43.65	43.65
juego1	easy	30.0	0.007	143502	700	306	424	118	8	43.65	43.65	43.65
juego1	easy	30.0	0.007	143511	700	306	424	118	8	43.65	43.65	43.65
juego1	easy	30.0	0.007	143519	700	306	424	118	8	43.65	43.65	43.65
juego1	easy	30.0	0.007	143528	700	305	424	119	8	43.65	43.65	43.65
juego1	easy	30.0	0.007	143537	700	305	424	119	8	43.65	43.65	43.65
juego1	easy	30.0	0.007	143545	700	305	424	119	8	43.65	43.65	43.65
juego1	easy	30.0	0.007	143554	700	305	424	119	8	43.65	43.65	43.65
juego1	easy	30.0	0.007	143563	700	304	424	120	8	43.65	43.65	43.65
juego1	easy	30.0	0.007	143571	700	304	424	120	8	43.65	43.65	43.65
juego1	easy	30.0	0.007	143580	700	304	424	120	8	43.65	43.65	43.65
juego1	easy	30.0	0.007	143588	700	303	424	121	8	43.65	43.65	43.65
juego1	easy	30.0	0.007	143596	700	303	424	121	8	43.65	43.65	43.65
juego1	easy	30.0	0.007	143605	700	303	424	121	8	43.65	43.65	43.65
juego1	easy	30.0	0.007	143613	700	303	424	121	8	43.65	43.65	43.65
juego1	easy	30.0	0.007	143621	700	302	424	122	8	43.65	43.65	43.65
juego1	easy	30.0	0.007	143630	700	302	424	122	8	43.65	43.65	43.65
juego1	easy	30.0	0.007	143637	700	302	424	122	8	43.65	43.65	43.65
juego1	easy	30.0	0.007	143646	700	301	424	123	8	43.65	43.65	43.65
juego1	easy	30.0	0.007	143654	700	301	424	123	8	43.65	43.65	43.65
juego1	easy	30.0	0.007	143662	700	301	424	123	8	43.65	43.65	43.65
juego1	easy	30.0	0.007	143671	700	301	424	123	8	43.65	43.65	43.65
juego1	easy	30.0	0.007	143680	700	300	424	124	8	43.65	43.65	43.65
juego1	easy	30.0	0.007	143689	700	300	424	124	8	43.65	43.65	43.65
juego1	easy	30.0	0.007	143697	700	300	424	124	8	43.65	43.65	43.65
juego1	easy	30.0	0.007	143706	700	300	424	124	8	43.65	43.65	43.65
juego1	easy	30.0	0.007	143714	700	300	424	124	8	43.65	43.65	43.65
juego1	easy	30.0	0.007	143723	700	300	424	124	8	43.65	43.65	43.65
juego1	easy	30.0	0.007	143732	700	299	424	125	8	43.65	43.65	43.65
juego1	easy	30.0	0.007	143739	700	299	424	125	8	43.65	43.65	43.65
juego1	easy	30.0	0.007	143748	700	299	424	125	8	43.65	43.65	43.65
juego1	easy	30.0	0.007	143755	700	298	424	126	8	43.65	43.65	43.65
juego1	easy	30.0	0.007	143764	700	298	424	126	8	43.65	43.65	43.65
juego1	easy	30.0	0.007	143772	700	298	424	126	8	43.65	43.65	43.65
juego1	easy	30.0	0.007	143781	700	298	424	126	8	43.65	43.65	43.65
juego1	easy	30.0	0.007	143789	700	297	424	127	8	43.65	43.65	43.65
juego1	easy	30.0	0.007	143798	700	297	424	127	8	43.65	43.65	43.65
juego1	easy	30.0	0.007	143806	700	297	424	127	8	43.65	43.65	43.65
juego1	easy	30.0	0.007	143815	700	296	424	128	8	43.65	43.65	43.65
juego1	easy	30.0	0.007	143824	700	296	424	128	8	43.65	43.65	43.65
juego1	easy	30.0	0.007	143832	700	296	424	128	8	43.65	43.65	43.65
juego1	easy	30.0	0.007	143841	700	295	424	129	8	43.65	43.65	43.65
juego1	easy	30.0	0.007	143849	700	295	424	129	8	43.65	43.65	43.65
juego1	easy	30.0	0.007	143858	700	295	424	129	8	43.65	43.65	43.65
juego1	easy	30.0	0.007	143866	700	294	424	130	8	43.65	43.65	43.65
juego1	easy	30.0	0.007	143875	700	294	424	130	8	43.65	43.65	43.65
juego1	easy	30.0	0.007	143884	700	294	424	130	8	43.65	43.65	43.65
juego1	easy	30.0	0.007	143892	700	293	424	131	8	43.65	43.65	43.65
juego1	easy	30.0	0.007	143901	700	293	424	131	8	43.65	43.65	43.65
juego1	easy	30.0	0.007	143909	700	293	424	131	8	43.65	43.65	43.65
juego1	easy	30.0	0.007	143918	700	292	424	132	8	43.65	43.65	43.65
juego1	easy	30.0	0.007	143927	700	292	424	132	8	43.65	43.65	43.65
juego1	easy	30.0	0.007	143935	700	291	424	133	8	43.65	43.65	43.65
juego1	easy	30.0	0.007	143944	700	291	424	133	8	43.65	43.65	43.65
juego1	easy	30.0	0.007	143952	700	291	424	133	8	43.65	43.65	43.65
juego1	easy	30.0	0.007	143961	700	290	424	134	8	43.65	43.65	43.65
juego1	easy	30.0	0.007	143969	700	290	424	134	8	43.65	43.65	43.65
juego1	easy	30.0	0.007	143977	700	290	424	134	8	43.65	43.65	43.65
juego1	easy	30.0	0.007	143986	700	289	424	135	8	43.65	43.65	43.65
juego1	easy	30.0	0.007	143994	700	289	424	135	8	43.65	43.65	43.65
juego1	easy	30.0	0.007	144002	700	289	424	135	8	43.65	43.65	43.65
juego1	easy	30.0	0.007	144011	700	288	424	136	8	43.65	43.65	43.65
juego1	easy	30.0	0.007	144019	700	288	424	136	8	43.65	43.65	43.65
juego1	easy	30.0	0.007	144027	700	288	424	136	8	43.65	43.65	43.65
juego1	easy	30.0	0.007	144036	700	287	424	137	8	43.65	43.65	43.65
juego1	easy	30.0	0.007	144044	700	287	424	137	8	43.65	43.65	43.65
juego1	easy	30.0	0.007	144052	700	287	424	137	8	43.65	43.65	43.65
juego1	easy	30.0	0.007	144061	700	286	424	138	8	43.65	43.65	43.65
juego1	easy	30.0	0.007	144069	700	286	424	138	8	43.65	43.65	43.65
juego1	easy	30.0	0.007	144078	700	285	424	139	8	43.65	43.65	43.65
juego1	easy	30.0	0.007	144087	700	285	424	139	8	43.65	43.65	43.65
juego1	easy	30.0	0.007	144095	700	285	424	139	8	43.65	43.65	43.65
juego1	easy	30.0	0.007	144103	700	284	424	140	8	43.65	43.65	43.65
juego1	easy	30.0	0.007	144112	700	284	424	140	8	43.65	43.65	43.65
juego1	easy	30.0	0.007	144121	700	284	424	140	8	43.65	43.65	43.65
juego1	easy	30.0	0.007	144128	700	283	424	141	8	43.65	43.65	43.65
juego1	easy	30.0	0.007	144137	700	283	424	141	8	43.65	43.65	43.65
juego1	easy	30.0	0.007	144146	700	283	424	141	8	43.65	43.65	43.65
juego1	easy	30.0	0.007	144155	700	282	424	142	8	43.65	43.65	43.65
juego1	easy	30.0	0.007	144163	700	282	424	142	8	43.65	43.65	43.65
juego1	easy	30.0	0.007	144172	700	281	424	143	8	43.65	43.65	43.65
juego1	easy	30.0	0.007	144180	700	281	424	143	8	43.65	43.65	43.65
juego1	easy	30.0	0.007	144189	700	281	424	143	8	43.65	43.65	43.65
juego1	easy	30.0	0.007	144198	700	280	424	144	8	43.65	43.65	43.65
juego1	easy	30.0	0.007	144206	700	280	424	144	8	43.65	43.65	43.65
juego1	easy	30.0	0.007	144214	700	280	424	144	8	43.65	43.65	43.65
juego1	easy	30.0	0.007	144223	700	279	424	145	8	43.65	43.65	43.65
juego1	easy	30.0	0.007	144231	700	279	424	145	8	43.65	43.65	43.65
juego1	easy	30.0	0.007	144240	700	278	424	146	8	43.65	43.65	43.65
juego1	easy	30.0	0.007	144248	700	278	424	146	8	43.65	43.65	43.65
juego1	easy	30.0	0.007	144257	700	278	424	146	8	43.65	43.65	43.65
juego1	easy	30.0	0.007	144265	700	277	424	147	8	43.65	43.65	43.65
juego1	easy	30.0	0.007	144274	700	277	424	147	8	43.65	43.65	43.65
juego1	easy	30.0	0.007	144283	700	277	424	147	8	43.65	43.65	43.65
juego1	easy	30.0	0.007	144292	700	276	424	148	8	43.65	43.65	43.65
juego1	easy	30.0	0.007	144300	700	276	424	148	8	43.65	43.65	43.65
juego1	easy	30.0	0.007	144309	700	275	424	149	8	43.65	43.65	43.65
juego1	easy	30.0	0.007	144317	700	275	424	149	8	43.65	43.65	43.65
juego1	easy	30.0	0.007	144326	700	275	424	149	8	43.65	43.65	43.65
juego1	easy	30.0	0.007	144335	700	274	424	150	8	43.65	43.65	43.65
juego1	easy	30.0	0.007	144343	700	274	424	150	8	43.65	43.65	43.65
juego1	easy	30.0	0.007	144352	700	273	424	151	8	43.65	43.65	43.65
juego1	easy	30.0	0.007	144361	700	273	424	151	8	43.65	43.65	43.65
juego1	easy	30.0	0.007	144369	700	273	424	151	8	43.65	43.65	43.65
juego1	easy	30.0	0.007	144378	700	272	424	152	8	43.65	43.65	43.65
juego1	easy	30.0	0.007	144387	700	272	424	152	8	43.65	43.65	43.65
juego1	easy	30.0	0.007	144395	700	272	424	152	8	43.65	43.65	43.65
juego1	easy	30.0	0.007	144404	700	271	424	153	8	43.65	43.65	43.65
juego1	easy	30.0	0.007	144413	700	271	424	153	8	43.65	43.65	43.65
juego1	easy	30.0	0.007	144422	700	270	424	154	8	43.65	43.65	43.65
juego1	easy	30.0	0.007	144431	700	270	424	154	8	43.65	43.65	43.65
juego1	easy	30.0	0.007	144438	700	270	424	154	8	43.65	43.65	43.65
juego1	easy	30.0	0.007	144447	700	269	424	155	8	43.65	43.65	43.65
juego1	easy	30.0	0.007	144456	700	269	424	155	8	43.65	43.65	43.65
juego1	easy	30.0	0.007	144465	700	268	424	156	8	43.65	43.65	43.65
juego1	easy	30.0	0.007	144473	700	268	424	156	8	43.65	43.65	43.65
juego1	easy	30.0	0.007	144482	700	268	424	156	9	43.65	43.65	43.65
juego1	easy	20.0	0.006	144491	700	267	424	157	9	43.65	43.65	43.65
juego1	easy	20.0	0.006	144500	700	267	424	157	9	43.65	43.65	43.65
juego1	easy	20.0	0.006	144509	700	267	424	157	9	43.65	43.65	43.65
juego1	easy	20.0	0.006	144517	700	267	424	157	9	43.65	43.65	43.65
juego1	easy	20.0	0.006	144526	700	267	424	157	9	43.65	43.65	43.65
juego1	easy	20.0	0.006	144534	700	267	424	157	9	43.65	43.65	43.65
juego1	easy	20.0	0.006	144543	700	267	424	157	9	43.65	43.65	43.65
juego1	easy	20.0	0.006	144551	700	267	424	157	9	43.65	43.65	43.65
juego1	easy	20.0	0.006	144560	700	266	424	158	9	43.65	43.65	43.65
juego1	easy	20.0	0.006	144568	700	266	424	158	9	43.65	43.65	43.65
juego1	easy	20.0	0.006	144577	700	266	424	158	9	43.65	43.65	43.65
juego1	easy	20.0	0.006	144586	700	266	424	158	9	43.65	43.65	43.65
juego1	easy	20.0	0.006	144594	700	266	424	158	9	43.65	43.65	43.65
juego1	easy	20.0	0.006	144602	700	266	424	158	9	43.65	43.65	43.65
juego1	easy	20.0	0.006	144611	700	266	424	158	9	43.65	43.65	43.65
juego1	easy	20.0	0.006	144620	700	265	424	159	9	43.65	43.65	43.65
juego1	easy	20.0	0.006	144629	700	265	424	159	9	43.65	43.65	43.65
juego1	easy	20.0	0.006	144638	700	265	424	159	9	43.65	43.65	43.65
juego1	easy	20.0	0.006	144645	700	265	424	159	9	43.65	43.65	43.65
juego1	easy	20.0	0.006	144654	700	265	424	159	9	43.65	43.65	43.65
juego1	easy	20.0	0.006	144662	700	265	424	159	9	43.65	43.65	43.65
juego1	easy	20.0	0.006	144671	700	265	424	159	9	43.65	43.65	43.65
juego1	easy	20.0	0.006	144680	700	264	424	160	9	43.65	43.65	43.65
juego1	easy	20.0	0.006	144688	700	264	424	160	9	43.65	43.65	43.65
juego1	easy	20.0	0.006	144697	700	264	424	160	9	43.65	43.65	43.65
juego1	easy	20.0	0.006	144706	700	264	424	160	9	43.65	43.65	43.65
juego1	easy	20.0	0.006	144715	700	264	424	160	9	43.65	43.65	43.65
juego1	easy	20.0	0.006	144724	700	264	424	160	9	43.65	43.65	43.65
juego1	easy	20.0	0.006	144733	700	264	424	160	9	43.65	43.65	43.65
juego1	easy	20.0	0.006	144742	700	263	424	161	9	43.65	43.65	43.65
juego1	easy	20.0	0.006	144751	700	263	424	161	9	43.65	43.65	43.65
juego1	easy	20.0	0.006	144760	700	263	424	161	9	43.65	43.65	43.65
juego1	easy	20.0	0.006	144769	700	263	424	161	9	43.65	43.65	43.65
juego1	easy	20.0	0.006	144777	700	263	424	161	9	43.65	43.65	43.65
juego1	easy	20.0	0.006	144784	700	263	424	161	9	43.65	43.65	43.65
juego1	easy	20.0	0.006	144794	700	263	424	161	9	43.65	43.65	43.65
juego1	easy	20.0	0.006	144802	700	262	424	162	9	43.65	43.65	43.65
juego1	easy	20.0	0.006	144810	700	262	424	162	9	43.65	43.65	43.65
juego1	easy	20.0	0.006	144819	700	262	424	162	9	43.65	43.65	43.65
juego1	easy	20.0	0.006	144828	700	262	424	162	9	43.65	43.65	43.65
juego1	easy	20.0	0.006	144837	700	262	424	162	9	43.65	43.65	43.65
juego1	easy	20.0	0.006	144845	700	262	424	162	9	43.65	43.65	43.65
juego1	easy	20.0	0.006	144854	700	262	424	162	9	43.65	43.65	43.65
juego1	easy	20.0	0.006	144863	700	262	424	162	9	43.65	43.65	43.65
juego1	easy	20.0	0.006	144871	700	261	424	163	9	43.65	43.65	43.65
juego1	easy	20.0	0.006	144878	700	261	424	163	9	43.65	43.65	43.65
juego1	easy	20.0	0.006	144887	700	261	424	163	9	43.65	43.65	43.65
juego1	easy	20.0	0.006	144896	700	261	424	163	9	43.65	43.65	43.65
juego1	easy	20.0	0.006	144905	700	261	424	163	9	43.65	43.65	43.65
juego1	easy	20.0	0.006	144914	700	261	424	163	9	43.65	43.65	43.65
juego1	easy	20.0	0.006	144921	700	261	424	163	9	43.65	43.65	43.65
juego1	easy	20.0	0.006	144930	700	260	424	164	9	43.65	43.65	43.65
juego1	easy	20.0	0.006	144939	700	260	424	164	9	43.65	43.65	43.65
juego1	easy	20.0	0.006	144949	700	260	424	164	9	43.65	43.65	43.65
juego1	easy	20.0	0.006	144955	700	260	424	164	9	43.65	43.65	43.65
juego1	easy	20.0	0.006	144963	700	260	424	164	9	43.65	43.65	43.65
juego1	easy	20.0	0.006	144972	700	260	424	164	9	43.65	43.65	43.65
juego1	easy	20.0	0.006	144981	700	260	424	164	9	43.65	43.65	43.65
juego1	easy	20.0	0.006	144989	700	260	424	164	9	43.65	43.65	43.65
juego1	easy	20.0	0.006	144999	700	259	424	165	9	43.65	43.65	43.65
juego1	easy	20.0	0.006	145006	700	259	424	165	9	43.65	43.65	43.65
juego1	easy	20.0	0.006	145015	700	259	424	165	9	43.65	43.65	43.65
juego1	easy	20.0	0.006	145024	700	259	424	165	9	43.65	43.65	43.65
juego1	easy	20.0	0.006	145033	700	259	424	165	9	43.65	43.65	43.65
juego1	easy	20.0	0.006	145041	700	259	424	165	9	43.65	43.65	43.65
juego1	easy	20.0	0.006	145049	700	259	424	165	9	43.65	43.65	43.65
juego1	easy	20.0	0.006	145058	700	258	424	166	9	43.65	43.65	43.65
juego1	easy	20.0	0.006	145067	700	258	424	166	9	43.65	43.65	43.65
juego1	easy	20.0	0.006	145076	700	258	424	166	9	43.65	43.65	43.65
juego1	easy	20.0	0.006	145085	700	258	424	166	9	43.65	43.65	43.65
juego1	easy	20.0	0.006	145094	700	258	424	166	9	43.65	43.65	43.65
juego1	easy	20.0	0.006	145102	700	258	424	166	9	43.65	43.65	43.65
juego1	easy	20.0	0.006	145110	700	258	424	166	9	43.65	43.65	43.65
juego1	easy	20.0	0.006	145119	700	258	424	166	9	43.65	43.65	43.65
juego1	easy	20.0	0.006	145128	700	257	424	167	9	43.65	43.65	43.65
juego1	easy	20.0	0.006	145136	700	257	424	167	9	43.65	43.65	43.65
juego1	easy	20.0	0.006	145143	700	257	424	167	9	43.65	43.65	43.65
juego1	easy	20.0	0.006	145152	700	257	424	167	9	43.65	43.65	43.65
juego1	easy	20.0	0.006	145161	700	257	424	167	9	43.65	43.65	43.65
juego1	easy	20.0	0.006	145168	700	257	424	167	9	43.65	43.65	43.65
juego1	easy	20.0	0.006	145177	700	257	424	167	9	43.65	43.65	43.65
juego1	easy	20.0	0.006	145186	700	257	424	167	9	43.65	43.65	43.65
juego1	easy	20.0	0.006	145193	700	256	424	168	9	43.65	43.65	43.65
juego1	easy	20.0	0.006	145202	700	256	424	168	9	43.65	43.65	43.65
juego1	easy	20.0	0.006	145211	700	256	424	168	9	43.65	43.65	43.65
juego1	easy	20.0	0.006	145220	700	256	424	168	9	43.65	43.65	43.65
juego1	easy	20.0	0.006	145230	700	256	424	168	9	43.65	43.65	43.65
juego1	easy	20.0	0.006	145237	700	256	424	168	9	43.65	43.65	43.65
juego1	easy	20.0	0.006	145246	700	256	424	168	9	43.65	43.65	43.65
juego1	easy	20.0	0.006	145255	700	256	424	168	9	43.65	43.65	43.65
juego1	easy	20.0	0.006	145265	700	255	424	169	9	43.65	43.65	43.65
juego1	easy	20.0	0.006	145273	700	255	424	169	9	43.65	43.65	43.65
juego1	easy	20.0	0.006	145282	700	255	424	169	9	43.65	43.65	43.65
juego1	easy	20.0	0.006	145291	700	255	424	169	9	43.65	43.65	43.65
juego1	easy	20.0	0.006	145298	700	255	424	169	9	43.65	43.65	43.65
juego1	easy	20.0	0.006	145307	700	255	424	169	9	43.65	43.65	43.65
juego1	easy	20.0	0.006	145316	700	255	424	169	9	43.65	43.65	43.65
juego1	easy	20.0	0.006	145325	700	255	424	169	9	43.65	43.65	43.65
juego1	easy	20.0	0.006	145331	700	255	424	169	9	43.65	43.65	43.65
juego1	easy	20.0	0.006	145341	700	254	424	170	9	43.65	43.65	43.65
juego1	easy	20.0	0.006	145348	700	254	424	170	9	43.65	43.65	43.65
juego1	easy	20.0	0.006	145357	700	254	424	170	9	43.65	43.65	43.65
juego1	easy	20.0	0.006	145365	700	254	424	170	9	43.65	43.65	43.65
juego1	easy	20.0	0.006	145374	700	254	424	170	9	43.65	43.65	43.65
juego1	easy	20.0	0.006	145383	700	254	424	170	9	43.65	43.65	43.65
juego1	easy	20.0	0.006	145392	700	254	424	170	9	43.65	43.65	43.65
juego1	easy	20.0	0.006	145401	700	254	424	170	9	43.65	43.65	43.65
juego1	easy	20.0	0.006	145410	700	253	424	171	9	43.65	43.65	43.65
juego1	easy	20.0	0.006	145419	700	253	424	171	9	43.65	43.65	43.65
juego1	easy	20.0	0.006	145428	700	253	424	171	9	43.65	43.65	43.65
juego1	easy	20.0	0.006	145435	700	253	424	171	9	43.65	43.65	43.65
juego1	easy	20.0	0.006	145444	700	253	424	171	9	43.65	43.65	43.65
juego1	easy	20.0	0.006	145453	700	253	424	171	9	43.65	43.65	43.65
juego1	easy	20.0	0.006	145462	700	253	424	171	9	43.65	43.65	43.65
juego1	easy	20.0	0.006	145471	700	253	424	171	9	43.65	43.65	43.65
juego1	easy	20.0	0.006	145479	700	253	424	171	9	43.65	43.65	43.65
juego1	easy	20.0	0.006	145488	700	252	424	172	9	43.65	43.65	43.65
juego1	easy	20.0	0.006	145497	700	252	424	172	9	43.65	43.65	43.65
juego1	easy	20.0	0.006	145505	700	252	424	172	9	43.65	43.65	43.65
juego1	easy	20.0	0.006	145514	700	252	424	172	9	43.65	43.65	43.65
juego1	easy	20.0	0.006	145523	700	252	424	172	9	43.65	43.65	43.65
juego1	easy	20.0	0.006	145531	700	252	424	172	9	43.65	43.65	43.65
juego1	easy	20.0	0.006	145539	700	252	424	172	9	43.65	43.65	43.65
juego1	easy	20.0	0.006	145548	700	252	424	172	9	43.65	43.65	43.65
juego1	easy	20.0	0.006	145557	700	252	424	172	9	43.65	43.65	43.65
juego1	easy	20.0	0.006	145566	700	252	424	172	9	43.65	43.65	43.65
juego1	easy	20.0	0.006	145575	700	251	424	173	9	43.65	43.65	43.65
juego1	easy	20.0	0.006	145584	700	251	424	173	9	43.65	43.65	43.65
juego1	easy	20.0	0.006	145593	700	251	424	173	9	43.65	43.65	43.65
juego1	easy	20.0	0.006	145602	700	251	424	173	9	43.65	43.65	43.65
juego1	easy	20.0	0.006	145611	700	251	424	173	9	43.65	43.65	43.65
juego1	easy	20.0	0.006	145620	700	251	424	173	9	43.65	43.65	43.65
juego1	easy	20.0	0.006	145629	700	251	424	173	9	43.65	43.65	43.65
juego1	easy	20.0	0.006	145637	700	251	424	173	9	43.65	43.65	43.65
juego1	easy	20.0	0.006	145646	700	251	424	173	9	43.65	43.65	43.65
juego1	easy	20.0	0.006	145655	700	251	424	173	9	43.65	43.65	43.65
juego1	easy	20.0	0.006	145664	700	250	424	174	9	43.65	43.65	43.65
juego1	easy	20.0	0.006	145673	700	250	424	174	9	43.65	43.65	43.65
juego1	easy	20.0	0.006	145681	700	250	424	174	9	43.65	43.65	43.65
juego1	easy	20.0	0.006	145690	700	250	424	174	9	43.65	43.65	43.65
juego1	easy	20.0	0.006	145698	700	250	424	174	9	43.65	43.65	43.65
juego1	easy	20.0	0.006	145707	700	250	424	174	9	43.65	43.65	43.65
juego1	easy	20.0	0.006	145715	700	250	424	174	9	43.65	43.65	43.65
juego1	easy	20.0	0.006	145724	700	250	424	174	9	43.65	43.65	43.65
juego1	easy	20.0	0.006	145733	700	250	424	174	9	43.65	43.65	43.65
juego1	easy	20.0	0.006	145742	700	250	424	174	9	43.65	43.65	43.65
juego1	easy	20.0	0.006	145751	700	250	424	174	9	43.65	43.65	43.65
juego1	easy	20.0	0.006	145758	700	249	424	175	9	43.65	43.65	43.65
juego1	easy	20.0	0.006	145767	700	249	424	175	9	43.65	43.65	43.65
juego1	easy	20.0	0.006	145776	700	249	424	175	9	43.65	43.65	43.65
juego1	easy	20.0	0.006	145784	700	249	424	175	9	43.65	43.65	43.65
juego1	easy	20.0	0.006	145793	700	249	424	175	9	43.65	43.65	43.65
juego1	easy	20.0	0.006	145801	700	249	424	175	9	43.65	43.65	43.65
juego1	easy	20.0	0.006	145810	700	249	424	175	9	43.65	43.65	43.65
juego1	easy	20.0	0.006	145819	700	249	424	175	9	43.65	43.65	43.65
juego1	easy	20.0	0.006	145828	700	249	424	175	9	43.65	43.65	43.65
juego1	easy	20.0	0.006	145836	700	249	424	175	9	43.65	43.65	43.65
juego1	easy	20.0	0.006	145844	700	249	424	175	9	43.65	43.65	43.65
juego1	easy	20.0	0.006	145853	700	248	424	176	9	43.65	43.65	43.65
juego1	easy	20.0	0.006	145863	700	248	424	176	9	43.65	43.65	43.65
juego1	easy	20.0	0.006	145870	700	248	424	176	9	43.65	43.65	43.65
juego1	easy	20.0	0.006	145879	700	248	424	176	9	43.65	43.65	43.65
juego1	easy	20.0	0.006	145888	700	248	424	176	9	43.65	43.65	43.65
juego1	easy	20.0	0.006	145896	700	248	424	176	9	43.65	43.65	43.65
juego1	easy	20.0	0.006	145904	700	248	424	176	9	43.65	43.65	43.65
juego1	easy	20.0	0.006	145912	700	248	424	176	9	43.65	43.65	43.65
juego1	easy	20.0	0.006	145921	700	248	424	176	9	43.65	43.65	43.65
juego1	easy	20.0	0.006	145930	700	248	424	176	9	43.65	43.65	43.65
juego1	easy	20.0	0.006	145938	700	248	424	176	9	43.65	43.65	43.65
juego1	easy	20.0	0.006	145947	700	248	424	176	9	43.65	43.65	43.65
juego1	easy	20.0	0.006	145956	700	248	424	176	9	43.65	43.65	43.65
juego1	easy	20.0	0.006	145964	700	247	424	177	9	43.65	43.65	43.65
juego1	easy	20.0	0.006	145973	700	247	424	177	9	43.65	43.65	43.65
juego1	easy	20.0	0.006	145981	700	247	424	177	9	43.65	43.65	43.65
juego1	easy	20.0	0.006	145990	700	247	424	177	9	43.65	43.65	43.65
juego1	easy	20.0	0.006	145998	700	247	424	177	9	43.65	43.65	43.65
juego1	easy	20.0	0.006	146006	700	247	424	177	9	43.65	43.65	43.65
juego1	easy	20.0	0.006	146015	700	247	424	177	9	43.65	43.65	43.65
juego1	easy	20.0	0.006	146022	700	247	424	177	9	43.65	43.65	43.65
juego1	easy	20.0	0.006	146031	700	247	424	177	9	43.65	43.65	43.65
juego1	easy	20.0	0.006	146039	700	247	424	177	9	43.65	43.65	43.65
juego1	easy	20.0	0.006	146048	700	247	424	177	9	43.65	43.65	43.65
juego1	easy	20.0	0.006	146056	700	247	424	177	9	43.65	43.65	43.65
juego1	easy	20.0	0.006	146064	700	247	424	177	9	43.65	43.65	43.65
juego1	easy	20.0	0.006	146073	700	247	424	177	9	43.65	43.65	43.65
juego1	easy	20.0	0.006	146082	700	247	424	177	9	43.65	43.65	43.65
juego1	easy	20.0	0.006	146090	700	246	424	178	9	43.65	43.65	43.65
juego1	easy	20.0	0.006	146099	700	246	424	178	9	43.65	43.65	43.65
juego1	easy	20.0	0.006	146107	700	246	424	178	9	43.65	43.65	43.65
juego1	easy	20.0	0.006	146116	700	246	424	178	9	43.65	43.65	43.65
juego1	easy	20.0	0.006	146124	700	246	424	178	9	43.65	43.65	43.65
juego1	easy	20.0	0.006	146133	700	246	424	178	9	43.65	43.65	43.65
juego1	easy	20.0	0.006	146141	700	246	424	178	9	43.65	43.65	43.65
juego1	easy	20.0	0.006	146149	700	246	424	178	9	43.65	43.65	43.65
juego1	easy	20.0	0.006	146157	700	246	424	178	9	43.65	43.65	43.65
juego1	easy	20.0	0.006	146164	700	246	424	178	9	43.65	43.65	43.65
juego1	easy	20.0	0.006	146173	700	246	424	178	9	43.65	43.65	43.65
juego1	easy	20.0	0.006	146181	700	246	424	178	9	43.65	43.65	43.65
juego1	easy	20.0	0.006	146191	700	246	424	178	9	43.65	43.65	43.65
juego1	easy	20.0	0.006	146198	700	246	424	178	9	43.65	43.65	43.65
juego1	easy	20.0	0.006	146207	700	246	424	178	9	43.65	43.65	43.65
juego1	easy	20.0	0.006	146216	700	246	424	178	9	43.65	43.65	43.65
juego1	easy	20.0	0.006	146225	700	246	424	178	9	43.65	43.65	43.65
juego1	easy	20.0	0.006	146233	700	246	424	178	9	43.65	43.65	43.65
juego1	easy	20.0	0.006	146242	700	245	424	179	9	43.65	43.65	43.65
juego1	easy	20.0	0.006	146251	700	245	424	179	9	43.65	43.65	43.65
juego1	easy	20.0	0.006	146258	700	245	424	179	9	43.65	43.65	43.65
juego1	easy	20.0	0.006	146267	700	245	424	179	9	43.65	43.65	43.65
juego1	easy	20.0	0.006	146275	700	245	424	179	9	43.65	43.65	43.65
juego1	easy	20.0	0.006	146284	700	245	424	179	9	43.65	43.65	43.65
juego1	easy	20.0	0.006	146293	700	245	424	179	9	43.65	43.65	43.65
juego1	easy	20.0	0.006	146302	700	245	424	179	9	43.65	43.65	43.65
juego1	easy	20.0	0.006	146311	700	245	424	179	9	43.65	43.65	43.65
juego1	easy	20.0	0.006	146319	700	245	424	179	9	43.65	43.65	43.65
juego1	easy	20.0	0.006	146328	700	245	424	179	9	43.65	43.65	43.65
juego1	easy	20.0	0.006	146336	700	245	424	179	9	43.65	43.65	43.65
juego1	easy	20.0	0.006	146345	700	245	424	179	9	43.65	43.65	43.65
juego1	easy	20.0	0.006	146353	700	245	424	179	9	43.65	43.65	43.65
juego1	easy	20.0	0.006	146360	700	245	424	179	9	43.65	43.65	43.65
juego1	easy	20.0	0.006	146369	700	245	424	179	9	43.65	43.65	43.65
juego1	easy	20.0	0.006	146378	700	245	424	179	9	43.65	43.65	43.65
juego1	easy	20.0	0.006	146387	700	245	424	179	9	43.65	43.65	43.65
juego1	easy	20.0	0.006	146396	700	245	424	179	9	43.65	43.65	43.65
juego1	easy	20.0	0.006	146406	700	245	424	179	9	43.65	43.65	43.65
juego1	easy	20.0	0.006	146414	700	245	424	179	9	43.65	43.65	43.65
juego1	easy	20.0	0.006	146422	700	245	424	179	9	43.65	43.65	43.65
juego1	easy	20.0	0.006	146429	700	245	424	179	9	43.65	43.65	43.65
juego1	easy	20.0	0.006	146438	700	245	424	179	9	43.65	43.65	43.65
juego1	easy	20.0	0.006	146447	700	245	424	179	9	43.65	43.65	43.65
juego1	easy	20.0	0.006	146455	700	245	424	179	9	43.65	43.65	43.65
juego1	easy	20.0	0.006	146464	700	245	424	179	9	43.65	43.65	43.65
juego1	easy	20.0	0.006	146473	700	244	424	180	9	43.65	43.65	43.65
juego1	easy	20.0	0.006	146482	700	244	424	180	9	43.65	43.65	43.65
juego1	easy	20.0	0.006	146491	700	244	424	180	9	43.65	43.65	43.65
juego1	easy	20.0	0.006	146499	700	244	424	180	9	43.65	43.65	43.65
juego1	easy	20.0	0.006	146508	700	244	424	180	9	43.65	43.65	43.65
juego1	easy	20.0	0.006	146517	700	244	424	180	9	43.65	43.65	43.65
juego1	easy	20.0	0.006	146525	700	244	424	180	9	43.65	43.65	43.65
juego1	easy	20.0	0.006	146534	700	244	424	180	9	43.65	43.65	43.65
juego1	easy	20.0	0.006	146543	700	244	424	180	9	43.65	43.65	43.65
juego1	easy	20.0	0.006	146551	700	244	424	180	9	43.65	43.65	43.65
juego1	easy	20.0	0.006	146559	700	244	424	180	9	43.65	43.65	43.65
juego1	easy	20.0	0.006	146568	700	244	424	180	9	43.65	43.65	43.65
juego1	easy	20.0	0.006	146577	700	244	424	180	9	43.65	43.65	43.65
juego1	easy	20.0	0.006	146585	700	244	424	180	9	43.65	43.65	43.65
juego1	easy	20.0	0.006	146593	700	244	424	180	9	43.65	43.65	43.65
juego1	easy	20.0	0.006	146602	700	244	424	180	9	43.65	43.65	43.65
juego1	easy	20.0	0.006	146610	700	244	424	180	9	43.65	43.65	43.65
juego1	easy	20.0	0.006	146619	700	244	424	180	9	43.65	43.65	43.65
juego1	easy	20.0	0.006	146628	700	244	424	180	9	43.65	43.65	43.65
juego1	easy	20.0	0.006	146637	700	244	424	180	9	43.65	43.65	43.65
juego1	easy	20.0	0.006	146646	700	244	424	180	9	43.65	43.65	43.65
juego1	easy	20.0	0.006	146655	700	244	424	180	9	43.65	43.65	43.65
juego1	easy	20.0	0.006	146664	700	244	424	180	9	43.65	43.65	43.65
juego1	easy	20.0	0.006	146673	700	244	424	180	9	43.65	43.65	43.65
juego1	easy	20.0	0.006	146682	700	244	424	180	9	43.65	43.65	43.65
juego1	easy	20.0	0.006	146691	700	244	424	180	9	43.65	43.65	43.65
juego1	easy	20.0	0.006	146700	700	244	424	180	9	43.65	43.65	43.65
juego1	easy	20.0	0.006	146709	700	244	424	180	9	43.65	43.65	43.65
juego1	easy	20.0	0.006	146717	700	244	424	180	9	43.65	43.65	43.65
juego1	easy	20.0	0.006	146726	700	244	424	180	9	43.65	43.65	43.65
juego1	easy	20.0	0.006	146735	700	244	424	180	9	43.65	43.65	43.65
juego1	easy	20.0	0.006	146742	700	244	424	180	9	43.65	43.65	43.65
juego1	easy	20.0	0.006	146751	700	244	424	180	9	43.65	43.65	43.65
juego1	easy	20.0	0.006	146759	700	244	424	180	9	43.65	43.65	43.65
juego1	easy	20.0	0.006	146768	700	244	424	180	9	43.65	43.65	43.65
juego1	easy	20.0	0.006	146777	700	244	424	180	9	43.65	43.65	43.65
juego1	easy	20.0	0.006	146786	700	244	424	180	9	43.65	43.65	43.65
juego1	easy	20.0	0.006	146796	700	244	424	180	9	43.65	43.65	43.65
juego1	easy	20.0	0.006	146804	700	244	424	180	9	43.65	43.65	43.65
juego1	easy	20.0	0.006	146813	700	244	424	180	9	43.65	43.65	43.65
juego1	easy	20.0	0.006	146821	700	244	424	180	9	43.65	43.65	43.65
juego1	easy	20.0	0.006	146830	700	244	424	180	9	43.65	43.65	43.65
juego1	easy	20.0	0.006	146838	700	244	424	180	9	43.65	43.65	43.65
juego1	easy	20.0	0.006	146847	700	244	424	180	9	43.65	43.65	43.65
juego1	easy	20.0	0.006	146856	700	244	424	180	9	43.65	43.65	43.65
juego1	easy	20.0	0.006	146865	700	244	424	180	9	43.65	43.65	43.65
juego1	easy	20.0	0.006	146873	700	244	424	180	9	43.65	43.65	43.65
juego1	easy	20.0	0.006	146882	700	244	424	180	9	43.65	43.65	43.65
juego1	easy	20.0	0.006	146891	700	244	424	180	9	43.65	43.65	43.65
juego1	easy	20.0	0.006	146900	700	244	424	180	9	43.65	43.65	43.65
juego1	easy	20.0	0.006	146908	700	244	424	180	9	43.65	43.65	43.65
juego1	easy	20.0	0.006	146916	700	244	424	180	9	43.65	43.65	43.65
juego1	easy	20.0	0.006	146925	700	244	424	180	9	43.65	43.65	43.65
juego1	easy	20.0	0.006	146934	700	244	424	180	9	43.65	43.65	43.65
juego1	easy	20.0	0.006	146941	700	244	424	180	9	43.65	43.65	43.65
juego1	easy	20.0	0.006	146950	700	244	424	180	9	43.65	43.65	43.65
juego1	easy	20.0	0.006	146959	700	244	424	180	9	43.65	43.65	43.65
juego1	easy	20.0	0.006	146967	700	244	424	180	9	43.65	43.65	43.65
juego1	easy	20.0	0.006	146976	700	244	424	180	9	43.65	43.65	43.65
juego1	easy	20.0	0.006	146985	700	244	424	180	9	43.65	43.65	43.65
juego1	easy	20.0	0.006	146994	700	244	424	180	9	43.65	43.65	43.65
juego1	easy	20.0	0.006	147003	700	244	424	180	9	43.65	43.65	43.65
juego1	easy	20.0	0.006	147012	700	245	424	179	9	43.65	43.65	43.65
juego1	easy	20.0	0.006	147020	700	245	424	179	9	43.65	43.65	43.65
juego1	easy	20.0	0.006	147029	700	245	424	179	9	43.65	43.65	43.65
juego1	easy	20.0	0.006	147038	700	245	424	179	9	43.65	43.65	43.65
juego1	easy	20.0	0.006	147047	700	245	424	179	9	43.65	43.65	43.65
juego1	easy	20.0	0.006	147056	700	245	424	179	9	43.65	43.65	43.65
juego1	easy	20.0	0.006	147065	700	245	424	179	9	43.65	43.65	43.65
juego1	easy	20.0	0.006	147074	700	245	424	179	9	43.65	43.65	43.65
juego1	easy	20.0	0.006	147081	700	245	424	179	9	43.65	43.65	43.65
juego1	easy	20.0	0.006	147090	700	245	424	179	9	43.65	43.65	43.65
juego1	easy	20.0	0.006	147099	700	245	424	179	9	43.65	43.65	43.65
juego1	easy	20.0	0.006	147108	700	245	424	179	9	43.65	43.65	43.65
juego1	easy	20.0	0.006	147116	700	245	424	179	9	43.65	43.65	43.65
juego1	easy	20.0	0.006	147125	700	245	424	179	9	43.65	43.65	43.65
juego1	easy	20.0	0.006	147134	700	245	424	179	9	43.65	43.65	43.65
juego1	easy	20.0	0.006	147143	700	245	424	179	9	43.65	43.65	43.65
juego1	easy	20.0	0.006	147152	700	245	424	179	9	43.65	43.65	43.65
juego1	easy	20.0	0.006	147160	700	245	424	179	9	43.65	43.65	43.65
juego1	easy	20.0	0.006	147169	700	245	424	179	9	43.65	43.65	43.65
juego1	easy	20.0	0.006	147176	700	245	424	179	9	43.65	43.65	43.65
juego1	easy	20.0	0.006	147185	700	245	424	179	9	43.65	43.65	43.65
juego1	easy	20.0	0.006	147193	700	245	424	179	9	43.65	43.65	43.65
juego1	easy	20.0	0.006	147202	700	245	424	179	9	43.65	43.65	43.65
juego1	easy	20.0	0.006	147211	700	245	424	179	9	43.65	43.65	43.65
juego1	easy	20.0	0.006	147220	700	245	424	179	9	43.65	43.65	43.65
juego1	easy	20.0	0.006	147228	700	245	424	179	9	43.65	43.65	43.65
juego1	easy	20.0	0.006	147237	700	245	424	179	9	43.65	43.65	43.65
juego1	easy	20.0	0.006	147244	700	246	424	178	9	43.65	43.65	43.65
juego1	easy	20.0	0.006	147253	700	246	424	178	9	43.65	43.65	43.65
juego1	easy	20.0	0.006	147260	700	246	424	178	9	43.65	43.65	43.65
juego1	easy	20.0	0.006	147270	700	246	424	178	9	43.65	43.65	43.65
juego1	easy	20.0	0.006	147277	700	246	424	178	9	43.65	43.65	43.65
juego1	easy	20.0	0.006	147285	700	246	424	178	9	43.65	43.65	43.65
juego1	easy	20.0	0.006	147294	700	246	424	178	9	43.65	43.65	43.65
juego1	easy	20.0	0.006	147302	700	246	424	178	9	43.65	43.65	43.65
juego1	easy	20.0	0.006	147311	700	246	424	178	9	43.65	43.65	43.65
juego1	easy	20.0	0.006	147320	700	246	424	178	9	43.65	43.65	43.65
juego1	easy	20.0	0.006	147330	700	246	424	178	9	43.65	43.65	43.65
juego1	easy	20.0	0.006	147337	700	246	424	178	9	43.65	43.65	43.65
juego1	easy	20.0	0.006	147346	700	246	424	178	9	43.65	43.65	43.65
juego1	easy	20.0	0.006	147355	700	246	424	178	9	43.65	43.65	43.65
juego1	easy	20.0	0.006	147363	700	246	424	178	9	43.65	43.65	43.65
juego1	easy	20.0	0.006	147372	700	246	424	178	9	43.65	43.65	43.65
juego1	easy	20.0	0.006	147381	700	246	424	178	9	43.65	43.65	43.65
juego1	easy	20.0	0.006	147390	700	246	424	178	9	43.65	43.65	43.65
juego1	easy	20.0	0.006	147398	700	247	424	177	9	43.65	43.65	43.65
juego1	easy	20.0	0.006	147406	700	247	424	177	9	43.65	43.65	43.65
juego1	easy	20.0	0.006	147415	700	247	424	177	9	43.65	43.65	43.65
juego1	easy	20.0	0.006	147422	700	247	424	177	9	43.65	43.65	43.65
juego1	easy	20.0	0.006	147431	700	247	424	177	9	43.65	43.65	43.65
juego1	easy	20.0	0.006	147440	700	247	424	177	9	43.65	43.65	43.65
juego1	easy	20.0	0.006	147450	700	247	424	177	9	43.65	43.65	43.65
juego1	easy	20.0	0.006	147457	700	247	424	177	9	43.65	43.65	43.65
juego1	easy	20.0	0.006	147466	700	247	424	177	9	43.65	43.65	43.65
juego1	easy	20.0	0.006	147475	700	247	424	177	9	43.65	43.65	43.65
juego1	easy	20.0	0.006	147483	700	247	424	177	9	43.65	43.65	43.65
juego1	easy	20.0	0.006	147491	700	247	424	177	9	43.65	43.65	43.65
juego1	easy	20.0	0.006	147500	700	247	424	177	9	43.65	43.65	43.65
juego1	easy	20.0	0.006	147507	700	247	424	177	9	43.65	43.65	43.65
juego1	easy	20.0	0.006	147516	700	247	424	177	9	43.65	43.65	43.65
juego1	easy	20.0	0.006	147524	700	248	424	176	9	43.65	43.65	43.65
juego1	easy	20.0	0.006	147533	700	248	424	176	9	43.65	43.65	43.65
juego1	easy	20.0	0.006	147541	700	248	424	176	9	43.65	43.65	43.65
juego1	easy	20.0	0.006	147549	700	248	424	176	9	43.65	43.65	43.65
juego1	easy	20.0	0.006	147558	700	248	424	176	9	43.65	43.65	43.65
juego1	easy	20.0	0.006	147567	700	248	424	176	9	43.65	43.65	43.65
juego1	easy	20.0	0.006	147575	700	248	424	176	9	43.65	43.65	43.65
juego1	easy	20.0	0.006	147583	700	248	424	176	9	43.65	43.65	43.65
juego1	easy	20.0	0.006	147592	700	248	424	176	9	43.65	43.65	43.65
juego1	easy	20.0	0.006	147601	700	248	424	176	9	43.65	43.65	43.65
juego1	easy	20.0	0.006	147609	700	248	424	176	9	43.65	43.65	43.65
juego1	easy	20.0	0.006	147618	700	248	424	176	9	43.65	43.65	43.65
juego1	easy	20.0	0.006	147626	700	248	424	176	9	43.65	43.65	43.65
juego1	easy	20.0	0.006	147634	700	249	424	175	9	43.65	43.65	43.65
juego1	easy	20.0	0.006	147643	700	249	424	175	9	43.65	43.65	43.65
juego1	easy	20.0	0.006	147652	700	249	424	175	9	43.65	43.65	43.65
juego1	easy	20.0	0.006	147660	700	249	424	175	9	43.65	43.65	43.65
juego1	easy	20.0	0.006	147669	700	249	424	175	9	43.65	43.65	43.65
juego1	easy	20.0	0.006	147678	700	249	424	175	9	43.65	43.65	43.65
juego1	easy	20.0	0.006	147687	700	249	424	175	9	43.65	43.65	43.65
juego1	easy	20.0	0.006	147695	700	249	424	175	9	43.65	43.65	43.65
juego1	easy	20.0	0.006	147703	700	249	424	175	9	43.65	43.65	43.65
juego1	easy	20.0	0.006	147712	700	249	424	175	9	43.65	43.65	43.65
juego1	easy	20.0	0.006	147721	700	249	424	175	9	43.65	43.65	43.65
juego1	easy	20.0	0.006	147730	700	249	424	175	9	43.65	43.65	43.65
juego1	easy	20.0	0.006	147738	700	250	424	174	9	43.65	43.65	43.65
juego1	easy	20.0	0.006	147747	700	250	424	174	9	43.65	43.65	43.65
juego1	easy	20.0	0.006	147756	700	250	424	174	9	43.65	43.65	43.65
juego1	easy	20.0	0.006	147765	700	250	424	174	9	43.65	43.65	43.65
juego1	easy	20.0	0.006	147773	700	250	424	174	9	43.65	43.65	43.65
juego1	easy	20.0	0.006	147782	700	250	424	174	9	43.65	43.65	43.65
juego1	easy	20.0	0.006	147791	700	250	424	174	9	43.65	43.65	43.65
juego1	easy	20.0	0.006	147798	700	250	424	174	9	43.65	43.65	43.65
juego1	easy	20.0	0.006	147807	700	250	424	174	9	43.65	43.65	43.65
juego1	easy	20.0	0.006	147816	700	250	424	174	9	43.65	43.65	43.65
juego1	easy	20.0	0.006	147825	700	250	424	174	9	43.65	43.65	43.65
juego1	easy	20.0	0.006	147833	700	251	424	173	9	43.65	43.65	43.65
juego1	easy	20.0	0.006	147841	700	251	424	173	9	43.65	43.65	43.65
juego1	easy	20.0	0.006	147848	700	251	424	173	9	43.65	43.65	43.65
juego1	easy	20.0	0.006	147857	700	251	424	173	9	43.65	43.65	43.65
juego1	easy	20.0	0.006	147866	700	251	424	173	9	43.65	43.65	43.65
juego1	easy	20.0	0.006	147873	700	251	424	173	9	43.65	43.65	43.65
juego1	easy	20.0	0.006	147882	700	251	424	173	9	43.65	43.65	43.65
juego1	easy	20.0	0.006	147890	700	251	424	173	9	43.65	43.65	43.65
juego1	easy	20.0	0.006	147898	700	251	424	173	9	43.65	43.65	43.65
juego1	easy	20.0	0.006	147907	700	251	424	173	9	43.65	43.65	43.65
juego1	easy	20.0	0.006	147915	700	252	424	172	9	43.65	43.65	43.65
juego1	easy	20.0	0.006	147924	700	252	424	172	9	43.65	43.65	43.65
juego1	easy	20.0	0.006	147933	700	252	424	172	9	43.65	43.65	43.65
juego1	easy	20.0	0.006	147941	700	252	424	172	9	43.65	43.65	43.65
juego1	easy	20.0	0.006	147950	700	252	424	172	9	43.65	43.65	43.65
juego1	easy	20.0	0.006	147958	700	252	424	172	9	43.65	43.65	43.65
juego1	easy	20.0	0.006	147967	700	252	424	172	9	43.65	43.65	43.65
juego1	easy	20.0	0.006	147975	700	252	424	172	9	43.65	43.65	43.65
juego1	easy	20.0	0.006	147984	700	252	424	172	9	43.65	43.65	43.65
juego1	easy	20.0	0.006	147993	700	253	424	171	9	43.65	43.65	43.65
juego1	easy	20.0	0.006	148002	700	253	424	171	9	43.65	43.65	43.65
juego1	easy	20.0	0.006	148011	700	253	424	171	9	43.65	43.65	43.65
juego1	easy	20.0	0.006	148019	700	253	424	171	9	43.65	43.65	43.65
juego1	easy	20.0	0.006	148027	700	253	424	171	9	43.65	43.65	43.65
juego1	easy	20.0	0.006	148036	700	253	424	171	9	43.65	43.65	43.65
juego1	easy	20.0	0.006	148045	700	253	424	171	9	43.65	43.65	43.65
juego1	easy	20.0	0.006	148054	700	253	424	171	9	43.65	43.65	43.65
juego1	easy	20.0	0.006	148061	700	253	424	171	9	43.65	43.65	43.65
juego1	easy	20.0	0.006	148070	700	254	424	170	9	43.65	43.65	43.65
juego1	easy	20.0	0.006	148079	700	254	424	170	9	43.65	43.65	43.65
juego1	easy	20.0	0.006	148087	700	254	424	170	9	43.65	43.65	43.65
juego1	easy	20.0	0.006	148096	700	254	424	170	9	43.65	43.65	43.65
juego1	easy	20.0	0.006	148105	700	254	424	170	9	43.65	43.65	43.65
juego1	easy	20.0	0.006	148113	700	254	424	170	9	43.65	43.65	43.65
juego1	easy	20.0	0.006	148123	700	254	424	170	9	43.65	43.65	43.65
juego1	easy	20.0	0.006	148131	700	254	424	170	9	43.65	43.65	43.65
juego1	easy	20.0	0.006	148138	700	254	424	170	9	43.65	43.65	43.65
juego1	easy	20.0	0.006	148147	700	255	424	169	9	43.65	43.65	43.65
juego1	easy	20.0	0.006	148156	700	255	424	169	9	43.65	43.65	43.65
juego1	easy	20.0	0.006	148166	700	255	424	169	9	43.65	43.65	43.65
juego1	easy	20.0	0.006	148173	700	255	424	169	9	43.65	43.65	43.65
juego1	easy	20.0	0.006	148182	700	255	424	169	9	43.65	43.65	43.65
juego1	easy	20.0	0.006	148191	700	255	424	169	9	43.65	43.65	43.65
juego1	easy	20.0	0.006	148198	700	255	424	169	9	43.65	43.65	43.65
juego1	easy	20.0	0.006	148207	700	255	424	169	9	43.65	43.65	43.65
juego1	easy	20.0	0.006	148214	700	256	424	168	9	43.65	43.65	43.65
juego1	easy	20.0	0.006	148223	700	256	424	168	9	43.65	43.65	43.65
juego1	easy	20.0	0.006	148231	700	256	424	168	9	43.65	43.65	43.65
juego1	easy	20.0	0.006	148239	700	256	424	168	9	43.65	43.65	43.65
juego1	easy	20.0	0.006	148247	700	256	424	168	9	43.65	43.65	43.65
juego1	easy	20.0	0.006	148256	700	256	424	168	9	43.65	43.65	43.65
juego1	easy	20.0	0.006	148265	700	256	424	168	9	43.65	43.65	43.65
juego1	easy	20.0	0.006	148274	700	256	424	168	9	43.65	43.65	43.65
juego1	easy	20.0	0.006	148283	700	256	424	168	9	43.65	43.65	43.65
juego1	easy	20.0	0.006	148291	700	257	424	167	9	43.65	43.65	43.65
juego1	easy	20.0	0.006	148300	700	257	424	167	9	43.65	43.65	43.65
juego1	easy	20.0	0.006	148308	700	257	424	167	9	43.65	43.65	43.65
juego1	easy	20.0	0.006	148317	700	257	424	167	9	43.65	43.65	43.65
juego1	easy	20.0	0.006	148326	700	257	424	167	9	43.65	43.65	43.65
juego1	easy	20.0	0.006	148334	700	257	424	167	9	43.65	43.65	43.65
juego1	easy	20.0	0.006	148343	700	257	424	167	9	43.65	43.65	43.65
juego1	easy	20.0	0.006	148350	700	257	424	167	9	43.65	43.65	43.65
juego1	easy	20.0	0.006	148359	700	258	424	166	9	43.65	43.65	43.65
juego1	easy	20.0	0.006	148367	700	258	424	166	9	43.65	43.65	43.65
juego1	easy	20.0	0.006	148375	700	258	424	166	9	43.65	43.65	43.65
juego1	easy	20.0	0.006	148384	700	258	424	166	9	43.65	43.65	43.65
juego1	easy	20.0	0.006	148393	700	258	424	166	9	43.65	43.65	43.65
juego1	easy	20.0	0.006	148400	700	258	424	166	9	43.65	43.65	43.65
juego1	easy	20.0	0.006	148409	700	258	424	166	9	43.65	43.65	43.65
juego1	easy	20.0	0.006	148418	700	259	424	165	9	43.65	43.65	43.65
juego1	easy	20.0	0.006	148426	700	259	424	165	9	43.65	43.65	43.65
juego1	easy	20.0	0.006	148434	700	259	424	165	9	43.65	43.65	43.65
juego1	easy	20.0	0.006	148443	700	259	424	165	9	43.65	43.65	43.65
juego1	easy	20.0	0.006	148452	700	259	424	165	9	43.65	43.65	43.65
juego1	easy	20.0	0.006	148461	700	259	424	165	9	43.65	43.65	43.65
juego1	easy	20.0	0.006	148469	700	259	424	165	9	43.65	43.65	43.65
juego1	easy	20.0	0.006	148478	700	259	424	165	9	43.65	43.65	43.65
juego1	easy	20.0	0.006	148487	700	260	424	164	9	43.65	43.65	43.65
juego1	easy	20.0	0.006	148494	700	260	424	164	9	43.65	43.65	43.65
juego1	easy	20.0	0.006	148502	700	260	424	164	9	43.65	43.65	43.65
juego1	easy	20.0	0.006	148511	700	260	424	164	9	43.65	43.65	43.65
juego1	easy	20.0	0.006	148520	700	260	424	164	9	43.65	43.65	43.65
juego1	easy	20.0	0.006	148527	700	260	424	164	9	43.65	43.65	43.65
juego1	easy	20.0	0.006	148536	700	260	424	164	9	43.65	43.65	43.65
juego1	easy	20.0	0.006	148544	700	261	424	163	9	43.65	43.65	43.65
juego1	easy	20.0	0.006	148553	700	261	424	163	9	43.65	43.65	43.65
juego1	easy	20.0	0.006	148562	700	261	424	163	9	43.65	43.65	43.65
juego1	easy	20.0	0.006	148569	700	261	424	163	9	43.65	43.65	43.65
juego1	easy	20.0	0.006	148578	700	261	424	163	9	43.65	43.65	43.65
juego1	easy	20.0	0.006	148587	700	261	424	163	9	43.65	43.65	43.65
juego1	easy	20.0	0.006	148594	700	261	424	163	9	43.65	43.65	43.65
juego1	easy	20.0	0.006	148603	700	261	424	163	9	43.65	43.65	43.65
juego1	easy	20.0	0.006	148612	700	262	424	162	9	43.65	43.65	43.65
juego1	easy	20.0	0.006	148620	700	262	424	162	9	43.65	43.65	43.65
juego1	easy	20.0	0.006	148629	700	262	424	162	9	43.65	43.65	43.65
juego1	easy	20.0	0.006	148638	700	262	424	162	9	43.65	43.65	43.65
juego1	easy	20.0	0.006	148647	700	262	424	162	9	43.65	43.65	43.65
juego1	easy	20.0	0.006	148655	700	262	424	162	9	43.65	43.65	43.65
juego1	easy	20.0	0.006	148664	700	262	424	162	9	43.65	43.65	43.65
juego1	easy	20.0	0.006	148673	700	263	424	161	9	43.65	43.65	43.65
juego1	easy	20.0	0.006	148680	700	263	424	161	9	43.65	43.65	43.65
juego1	easy	20.0	0.006	148689	700	263	424	161	9	43.65	43.65	43.65
juego1	easy	20.0	0.006	148697	700	263	424	161	9	43.65	43.65	43.65
juego1	easy	20.0	0.006	148705	700	263	424	161	9	43.65	43.65	43.65
juego1	easy	20.0	0.006	148714	700	263	424	161	9	43.65	43.65	43.65
juego1	easy	20.0	0.006	148721	700	263	424	161	9	43.65	43.65	43.65
juego1	easy	20.0	0.006	148730	700	264	424	160	9	43.65	43.65	43.65
juego1	easy	20.0	0.006	148739	700	264	424	160	9	43.65	43.65	43.65
juego1	easy	20.0	0.006	148746	700	264	424	160	9	43.65	43.65	43.65
juego1	easy	20.0	0.006	148755	700	264	424	160	9	43.65	43.65	43.65
juego1	easy	20.0	0.006	148763	700	264	424	160	9	43.65	43.65	43.65
juego1	easy	20.0	0.006	148772	700	264	424	160	9	43.65	43.65	43.65
juego1	easy	20.0	0.006	148781	700	264	424	160	9	43.65	43.65	43.65
juego1	easy	20.0	0.006	148790	700	264	424	160	9	43.65	43.65	43.65
juego1	easy	20.0	0.006	148799	700	265	424	159	9	43.65	43.65	43.65
juego1	easy	20.0	0.006	148806	700	265	424	159	9	43.65	43.65	43.65
juego1	easy	20.0	0.006	148814	700	265	424	159	9	43.65	43.65	43.65
juego1	easy	20.0	0.006	148822	700	265	424	159	9	43.65	43.65	43.65
juego1	easy	20.0	0.006	148832	700	265	424	159	9	43.65	43.65	43.65
juego1	easy	20.0	0.006	148840	700	265	424	159	9	43.65	43.65	43.65
juego1	easy	20.0	0.006	148848	700	265	424	159	9	43.65	43.65	43.65
juego1	easy	20.0	0.006	148857	700	266	424	158	9	43.65	43.65	43.65
juego1	easy	20.0	0.006	148866	700	266	424	158	9	43.65	43.65	43.65
juego1	easy	20.0	0.006	148875	700	266	424	158	9	43.65	43.65	43.65
juego1	easy	20.0	0.006	148882	700	266	424	158	9	43.65	43.65	43.65
juego1	easy	20.0	0.006	148891	700	266	424	158	9	43.65	43.65	43.65
juego1	easy	20.0	0.006	148900	700	266	424	158	9	43.65	43.65	43.65
juego1	easy	20.0	0.006	148908	700	266	424	158	9	43.65	43.65	43.65
juego1	easy	20.0	0.006	148916	700	267	424	157	9	43.65	43.65	43.65
juego1	easy	20.0	0.006	148925	700	267	424	157	9	43.65	43.65	43.65
juego1	easy	20.0	0.006	148933	700	267	424	157	9	43.65	43.65	43.65
juego1	easy	20.0	0.006	148942	700	267	424	157	9	43.65	43.65	43.65
juego1	easy	20.0	0.006	148951	700	267	424	157	9	43.65	43.65	43.65
juego1	easy	20.0	0.006	148959	700	267	424	157	9	43.65	43.65	43.65
juego1	easy	20.0	0.006	148967	700	267	424	157	9	43.65	43.65	43.65
juego1	easy	20.0	0.006	148976	700	268	424	156	9	43.65	43.65	43.65
juego1	easy	20.0	0.006	148985	700	268	424	156	9	43.65	43.65	43.65
juego1	easy	20.0	0.006	148993	700	268	424	156	9	43.65	43.65	43.65
juego1	easy	20.0	0.006	149002	700	268	424	156	9	43.65	43.65	43.65
juego1	easy	20.0	0.006	149010	700	268	424	156	9	43.65	43.65	43.65
juego1	easy	20.0	0.006	149019	700	269	424	155	9	43.65	43.65	43.65
juego1	easy	20.0	0.006	149028	700	269	424	155	9	43.65	43.65	43.65
juego1	easy	20.0	0.006	149036	700	269	424	155	9	43.65	43.65	43.65
juego1	easy	20.0	0.006	149044	700	269	424	155	9	43.65	43.65	43.65
juego1	easy	20.0	0.006	149053	700	270	424	154	9	43.65	43.65	43.65
juego1	easy	20.0	0.006	149061	700	270	424	154	9	43.65	43.65	43.65
juego1	easy	20.0	0.006	149069	700	270	424	154	9	43.65	43.65	43.65
juego1	easy	20.0	0.006	149078	700	270	424	154	9	43.65	43.65	43.65
juego1	easy	20.0	0.006	149086	700	270	424	154	9	43.65	43.65	43.65
juego1	easy	20.0	0.006	149095	700	271	424	153	9	43.65	43.65	43.65
juego1	easy	20.0	0.006	149103	700	271	424	153	9	43.65	43.65	43.65
juego1	easy	20.0	0.006	149113	700	271	424	153	9	43.65	43.65	43.65
juego1	easy	20.0	0.006	149121	700	271	424	153	9	43.65	43.65	43.65
juego1	easy	20.0	0.006	149129	700	272	424	152	9	43.65	43.65	43.65
juego1	easy	20.0	0.006	149138	700	272	424	152	9	43.65	43.65	43.65
juego1	easy	20.0	0.006	149146	700	272	424	152	9	43.65	43.65	43.65
juego1	easy	20.0	0.006	149155	700	272	424	152	9	43.65	43.65	43.65
juego1	easy	20.0	0.006	149162	700	272	424	152	9	43.65	43.65	43.65
juego1	easy	20.0	0.006	149171	700	273	424	151	9	43.65	43.65	43.65
juego1	easy	20.0	0.006	149180	700	273	424	151	9	43.65	43.65	43.65
juego1	easy	20.0	0.006	149188	700	273	424	151	9	43.65	43.65	43.65
juego1	easy	20.0	0.006	149197	700	273	424	151	9	43.65	43.65	43.65
juego1	easy	20.0	0.006	149206	700	273	424	151	9	43.65	43.65	43.65
juego1	easy	20.0	0.006	149215	700	274	424	150	9	43.65	43.65	43.65
juego1	easy	20.0	0.006	149223	700	274	424	150	9	43.65	43.65	43.65
juego1	easy	20.0	0.006	149232	700	274	424	150	9	43.65	43.65	43.65
juego1	easy	20.0	0.006	149241	700	274	424	150	9	43.65	43.65	43.65
juego1	easy	20.0	0.006	149250	700	275	424	149	9	43.65	43.65	43.65
juego1	easy	20.0	0.006	149259	700	275	424	149	9	43.65	43.65	43.65
juego1	easy	20.0	0.006	149267	700	275	424	149	9	43.65	43.65	43.65
juego1	easy	20.0	0.006	149276	700	275	424	149	9	43.65	43.65	43.65
juego1	easy	20.0	0.006	149284	700	275	424	149	9	43.65	43.65	43.65
juego1	easy	20.0	0.006	149293	700	276	424	148	9	43.65	43.65	43.65
juego1	easy	20.0	0.006	149302	700	276	424	148	9	43.65	43.65	43.65
juego1	easy	20.0	0.006	149311	700	276	424	148	9	43.65	43.65	43.65
juego1	easy	20.0	0.006	149320	700	276	424	148	9	43.65	43.65	43.65
juego1	easy	20.0	0.006	149328	700	276	424	148	9	43.65	43.65	43.65
juego1	easy	20.0	0.006	149337	700	277	424	147	9	43.65	43.65	43.65
juego1	easy	20.0	0.006	149346	700	277	424	147	9	43.65	43.65	43.65
juego1	easy	20.0	0.006	149355	700	277	424	147	9	43.65	43.65	43.65
juego1	easy	20.0	0.006	149363	700	277	424	147	9	43.65	43.65	43.65
juego1	easy	20.0	0.006	149372	700	278	424	146	9	43.65	43.65	43.65
juego1	easy	20.0	0.006	149381	700	278	424	146	9	43.65	43.65	43.65
juego1	easy	20.0	0.006	149390	700	278	424	146	9	43.65	43.65	43.65
juego1	easy	20.0	0.006	149400	700	278	424	146	9	43.65	43.65	43.65
juego1	easy	20.0	0.006	149407	700	278	424	146	9	43.65	43.65	43.65
juego1	easy	20.0	0.006	149416	700	279	424	145	9	43.65	43.65	43.65
juego1	easy	20.0	0.006	149424	700	279	424	145	9	43.65	43.65	43.65
juego1	easy	20.0	0.006	149432	700	279	424	145	9	43.65	43.65	43.65
juego1	easy	20.0	0.006	149440	700	279	424	145	9	43.65	43.65	43.65
juego1	easy	20.0	0.006	149449	700	279	424	145	9	43.65	43.65	43.65
juego1	easy	20.0	0.006	149458	700	280	424	144	9	43.65	43.65	43.65
juego1	easy	20.0	0.006	149466	700	280	424	144	9	43.65	43.65	43.65
juego1	easy	20.0	0.006	149475	700	280	424	144	9	43.65	43.65	43.65
juego1	easy	20.0	0.006	149485	700	280	424	144	9	43.65	43.65	43.65
juego1	easy	20.0	0.006	149492	700	280	424	144	9	43.65	43.65	43.65
juego1	easy	20.0	0.006	149501	700	281	424	143	9	43.65	43.65	43.65
juego1	easy	20.0	0.006	149510	700	281	424	143	9	43.65	43.65	43.65
juego1	easy	20.0	0.006	149517	700	281	424	143	9	43.65	43.65	43.65
juego1	easy	20.0	0.006	149526	700	281	424	143	9	43.65	43.65	43.65
juego1	easy	20.0	0.006	149535	700	281	424	143	9	43.65	43.65	43.65
juego1	easy	20.0	0.006	149544	700	282	424	142	9	43.65	43.65	43.65
juego1	easy	20.0	0.006	149552	700	282	424	142	9	43.65	43.65	43.65
juego1	easy	20.0	0.006	149561	700	282	424	142	9	43.65	43.65	43.65
juego1	easy	20.0	0.006	149570	700	282	424	142	9	43.65	43.65	43.65
juego1	easy	20.0	0.006	149577	700	283	424	141	9	43.65	43.65	43.65
juego1	easy	20.0	0.006	149586	700	283	424	141	9	43.65	43.65	43.65
juego1	easy	20.0	0.006	149595	700	283	424	141	9	43.65	43.65	43.65
juego1	easy	20.0	0.006	149604	700	283	424	141	9	43.65	43.65	43.65
juego1	easy	20.0	0.006	149613	700	283	424	141	9	43.65	43.65	43.65
juego1	easy	20.0	0.006	149623	700	283	424	141	9	43.65	43.65	43.65
juego1	easy	20.0	0.006	149630	700	284	424	140	9	43.65	43.65	43.65
juego1	easy	20.0	0.006	149639	700	284	424	140	9	43.65	43.65	43.65
juego1	easy	20.0	0.006	149648	700	284	424	140	9	43.65	43.65	43.65
juego1	easy	20.0	0.006	149658	700	284	424	140	9	43.65	43.65	43.65
juego1	easy	20.0	0.006	149666	700	284	424	140	9	43.65	43.65	43.65
juego1	easy	20.0	0.006	149674	700	285	424	139	9	43.65	43.65	43.65
juego1	easy	20.0	0.006	149681	700	285	424	139	9	43.65	43.65	43.65
juego1	easy	20.0	0.006	149690	700	285	424	139	9	43.65	43.65	43.65
juego1	easy	20.0	0.006	149699	700	285	424	139	9	43.65	43.65	43.65
juego1	easy	20.0	0.006	149708	700	285	424	139	9	43.65	43.65	43.65
juego1	easy	20.0	0.006	149717	700	286	424	138	9	43.65	43.65	43.65
juego1	easy	20.0	0.006	149725	700	286	424	138	9	43.65	43.65	43.65
juego1	easy	20.0	0.006	149732	700	286	424	138	9	43.65	43.65	43.65
juego1	easy	20.0	0.006	149740	700	286	424	138	9	43.65	43.65	43.65
juego1	easy	20.0	0.006	149749	700	286	424	138	9	43.65	43.65	43.65
juego1	easy	20.0	0.006	149758	700	287	424	137	9	43.65	43.65	43.65
juego1	easy	20.0	0.006	149767	700	287	424	137	9	43.65	43.65	43.65
juego1	easy	20.0	0.006	149776	700	287	424	137	9	43.65	43.65	43.65
juego1	easy	20.0	0.006	149783	700	287	424	137	9	43.65	43.65	43.65
juego1	easy	20.0	0.006	149792	700	287	424	137	9	43.65	43.65	43.65
juego1	easy	20.0	0.006	149800	700	288	424	136	9	43.65	43.65	43.65
juego1	easy	20.0	0.006	149809	700	288	424	136	9	43.65	43.65	43.65
juego1	easy	20.0	0.006	149818	700	288	424	136	9	43.65	43.65	43.65
juego1	easy	20.0	0.006	149827	700	288	424	136	9	43.65	43.65	43.65
juego1	easy	20.0	0.006	149836	700	288	424	136	9	43.65	43.65	43.65
juego1	easy	20.0	0.006	149846	700	288	424	136	9	43.65	43.65	43.65
juego1	easy	20.0	0.006	149852	700	289	424	135	9	43.65	43.65	43.65
juego1	easy	20.0	0.006	149861	700	289	424	135	9	43.65	43.65	43.65
juego1	easy	20.0	0.006	149871	700	289	424	135	9	43.65	43.65	43.65
juego1	easy	20.0	0.006	149877	700	289	424	135	9	43.65	43.65	43.65
juego1	easy	20.0	0.006	149886	700	289	424	135	9	43.65	43.65	43.65
juego1	easy	20.0	0.006	149896	700	289	424	135	9	43.65	43.65	43.65
juego1	easy	20.0	0.006	149902	700	290	424	134	9	43.65	43.65	43.65
juego1	easy	20.0	0.006	149911	700	290	424	134	9	43.65	43.65	43.65
juego1	easy	20.0	0.006	149921	700	290	424	134	9	43.65	43.65	43.65
juego1	easy	20.0	0.006	149929	700	290	424	134	9	43.65	43.65	43.65
juego1	easy	20.0	0.006	149937	700	290	424	134	9	43.65	43.65	43.65
juego1	easy	20.0	0.006	149946	700	291	424	133	9	43.65	43.65	43.65
juego1	easy	20.0	0.006	149955	700	291	424	133	9	43.65	43.65	43.65
juego1	easy	20.0	0.006	149962	700	291	424	133	9	43.65	43.65	43.65
juego1	easy	20.0	0.006	149971	700	291	424	133	9	43.65	43.65	43.65
juego1	easy	20.0	0.006	149978	700	291	424	133	9	43.65	43.65	43.65
juego1	easy	20.0	0.006	149987	700	291	424	133	9	43.65	43.65	43.65
juego1	easy	20.0	0.006	149996	700	292	424	132	9	43.65	43.65	43.65
juego1	easy	20.0	0.006	150005	700	292	424	132	9	43.65	43.65	43.65
juego1	easy	20.0	0.006	150013	700	292	424	132	9	43.65	43.65	43.65
juego1	easy	20.0	0.006	150021	700	292	424	132	9	43.65	43.65	43.65
juego1	easy	20.0	0.006	150030	700	292	424	132	9	43.65	43.65	43.65
juego1	easy	20.0	0.006	150038	700	292	424	132	9	43.65	43.65	43.65
juego1	easy	20.0	0.006	150047	700	293	424	131	9	43.65	43.65	43.65
juego1	easy	20.0	0.006	150056	700	293	424	131	9	43.65	43.65	43.65
juego1	easy	20.0	0.006	150063	700	293	424	131	9	43.65	43.65	43.65
juego1	easy	20.0	0.006	150072	700	293	424	131	9	43.65	43.65	43.65
juego1	easy	20.0	0.006	150079	700	293	424	131	9	43.65	43.65	43.65
juego1	easy	20.0	0.006	150088	700	293	424	131	9	43.65	43.65	43.65
juego1	easy	20.0	0.006	150097	700	293	424	131	9	43.65	43.65	43.65
juego1	easy	20.0	0.006	150106	700	294	424	130	9	43.65	43.65	43.65
juego1	easy	20.0	0.006	150114	700	294	424	130	9	43.65	43.65	43.65
juego1	easy	20.0	0.006	150123	700	294	424	130	9	43.65	43.65	43.65
juego1	easy	20.0	0.006	150132	700	294	424	130	9	43.65	43.65	43.65
juego1	easy	20.0	0.006	150141	700	294	424	130	9	43.65	43.65	43.65
juego1	easy	20.0	0.006	150148	700	294	424	130	9	43.65	43.65	43.65
juego1	easy	20.0	0.006	150157	700	295	424	129	9	43.65	43.65	43.65
juego1	easy	20.0	0.006	150166	700	295	424	129	9	43.65	43.65	43.65
juego1	easy	20.0	0.006	150174	700	295	424	129	9	43.65	43.65	43.65
juego1	easy	20.0	0.006	150181	700	295	424	129	9	43.65	43.65	43.65
juego1	easy	20.0	0.006	150190	700	295	424	129	9	43.65	43.65	43.65
juego1	easy	20.0	0.006	150198	700	295	424	129	9	43.65	43.65	43.65
juego1	easy	20.0	0.006	150207	700	295	424	129	9	43.65	43.65	43.65
juego1	easy	20.0	0.006	150216	700	296	424	128	9	43.65	43.65	43.65
juego1	easy	20.0	0.006	150225	700	296	424	128	9	43.65	43.65	43.65
juego1	easy	20.0	0.006	150233	700	296	424	128	9	43.65	43.65	43.65
juego1	easy	20.0	0.006	150241	700	296	424	128	9	43.65	43.65	43.65
juego1	easy	20.0	0.006	150251	700	296	424	128	9	43.65	43.65	43.65
juego1	easy	20.0	0.006	150259	700	296	424	128	9	43.65	43.65	43.65
juego1	easy	20.0	0.006	150268	700	296	424	128	9	43.65	43.65	43.65
juego1	easy	20.0	0.006	150277	700	296	424	128	9	43.65	43.65	43.65
juego1	easy	20.0	0.006	150286	700	297	424	127	9	43.65	43.65	43.65
juego1	easy	20.0	0.006	150293	700	297	424	127	9	43.65	43.65	43.65
juego1	easy	20.0	0.006	150302	700	297	424	127	9	43.65	43.65	43.65
juego1	easy	20.0	0.006	150311	700	297	424	127	9	43.65	43.65	43.65
juego1	easy	20.0	0.006	150320	700	297	424	127	9	43.65	43.65	43.65
juego1	easy	20.0	0.006	150329	700	297	424	127	9	43.65	43.65	43.65
juego1	easy	20.0	0.006	150338	700	297	424	127	9	43.65	43.65	43.65
juego1	easy	20.0	0.006	150347	700	298	424	126	9	43.65	43.65	43.65
juego1	easy	20.0	0.006	150354	700	298	424	126	9	43.65	43.65	43.65
juego1	easy	20.0	0.006	150363	700	298	424	126	9	43.65	43.65	43.65
juego1	easy	20.0	0.006	150372	700	298	424	126	9	43.65	43.65	43.65
juego1	easy	20.0	0.006	150380	700	298	424	126	9	43.65	43.65	43.65
juego1	easy	20.0	0.006	150388	700	298	424	126	9	43.65	43.65	43.65
juego1	easy	20.0	0.006	150397	700	298	424	126	9	43.65	43.65	43.65
juego1	easy	20.0	0.006	150405	700	298	424	126	9	43.65	43.65	43.65
juego1	easy	20.0	0.006	150415	700	299	424	125	9	43.65	43.65	43.65
juego1	easy	20.0	0.006	150423	700	299	424	125	9	43.65	43.65	43.65
juego1	easy	20.0	0.006	150431	700	299	424	125	9	43.65	43.65	43.65
juego1	easy	20.0	0.006	150439	700	299	424	125	9	43.65	43.65	43.65
juego1	easy	20.0	0.006	150447	700	299	424	125	9	43.65	43.65	43.65
juego1	easy	20.0	0.006	150455	700	299	424	125	9	43.65	43.65	43.65
juego1	easy	20.0	0.006	150464	700	299	424	125	9	43.65	43.65	43.65
juego1	easy	20.0	0.006	150473	700	299	424	125	9	43.65	43.65	43.65
juego1	easy	20.0	0.006	150482	700	299	424	125	9	43.65	43.65	43.65
juego1	easy	20.0	0.006	150490	700	300	424	124	9	43.65	43.65	43.65
juego1	easy	20.0	0.006	150499	700	300	424	124	9	43.65	43.65	43.65
juego1	easy	20.0	0.006	150508	700	300	424	124	9	43.65	43.65	43.65
juego1	easy	20.0	0.006	150516	700	300	424	124	9	43.65	43.65	43.65
juego1	easy	20.0	0.006	150525	700	300	424	124	9	43.65	43.65	43.65
juego1	easy	20.0	0.006	150534	700	300	424	124	9	43.65	43.65	43.65
juego1	easy	20.0	0.006	150541	700	300	424	124	9	43.65	43.65	43.65
juego1	easy	20.0	0.006	150550	700	300	424	124	9	43.65	43.65	43.65
juego1	easy	20.0	0.006	150559	700	300	424	124	9	43.65	43.65	43.65
juego1	easy	20.0	0.006	150568	700	300	424	124	9	43.65	43.65	43.65
juego1	easy	20.0	0.006	150575	700	300	424	124	9	43.65	43.65	43.65
juego1	easy	20.0	0.006	150584	700	300	424	124	9	43.65	43.65	43.65
juego1	easy	20.0	0.006	150593	700	300	424	124	9	43.65	43.65	43.65
juego1	easy	20.0	0.006	150600	700	300	424	124	9	43.65	43.65	43.65
juego1	easy	20.0	0.006	150609	700	300	424	124	9	43.65	43.65	43.65
juego1	easy	20.0	0.006	150618	700	300	424	124	9	43.65	43.65	43.65
juego1	easy	20.0	0.006	150625	700	300	424	124	9	43.65	43.65	43.65
juego1	easy	20.0	0.006	150634	700	300	424	124	9	43.65	43.65	43.65
juego1	easy	20.0	0.006	150643	700	300	424	124	9	43.65	43.65	43.65
juego1	easy	20.0	0.006	150652	700	300	424	124	9	43.65	43.65	43.65
juego1	easy	20.0	0.006	150661	700	300	424	124	9	43.65	43.65	43.65
juego1	easy	20.0	0.006	150670	700	300	424	124	9	43.65	43.65	43.65
juego1	easy	20.0	0.006	150679	700	301	424	123	9	43.65	43.65	43.65
juego1	easy	20.0	0.006	150686	700	301	424	123	9	43.65	43.65	43.65
juego1	easy	20.0	0.006	150695	700	301	424	123	9	43.65	43.65	43.65
juego1	easy	20.0	0.006	150704	700	301	424	123	9	43.65	43.65	43.65
juego1	easy	20.0	0.006	150712	700	301	424	123	9	43.65	43.65	43.65
juego1	easy	20.0	0.006	150720	700	301	424	123	9	43.65	43.65	43.65
juego1	easy	20.0	0.006	150727	700	301	424	123	9	43.65	43.65	43.65
juego1	easy	20.0	0.006	150736	700	301	424	123	9	43.65	43.65	43.65
juego1	easy	20.0	0.006	150745	700	301	424	123	9	43.65	43.65	43.65
juego1	easy	20.0	0.006	150753	700	301	424	123	9	43.65	43.65	43.65
juego1	easy	20.0	0.006	150762	700	301	424	123	9	43.65	43.65	43.65
juego1	easy	20.0	0.006	150771	700	301	424	123	9	43.65	43.65	43.65
juego1	easy	20.0	0.006	150779	700	301	424	123	9	43.65	43.65	43.65
juego1	easy	20.0	0.006	150788	700	302	424	122	9	43.65	43.65	43.65
juego1	easy	20.0	0.006	150797	700	302	424	122	9	43.65	43.65	43.65
juego1	easy	20.0	0.006	150805	700	302	424	122	9	43.65	43.65	43.65
juego1	easy	20.0	0.006	150814	700	302	424	122	9	43.65	43.65	43.65
juego1	easy	20.0	0.006	150823	700	302	424	122	9	43.65	43.65	43.65
juego1	easy	20.0	0.006	150832	700	302	424	122	9	43.65	43.65	43.65
juego1	easy	20.0	0.006	150841	700	302	424	122	9	43.65	43.65	43.65
juego1	easy	20.0	0.006	150850	700	302	424	122	9	43.65	43.65	43.65
juego1	easy	20.0	0.006	150859	700	302	424	122	9	43.65	43.65	43.65
juego1	easy	20.0	0.006	150868	700	302	424	122	9	43.65	43.65	43.65
juego1	easy	20.0	0.006	150876	700	302	424	122	9	43.65	43.65	43.65
juego1	easy	20.0	0.006	150885	700	302	424	122	9	43.65	43.65	43.65
juego1	easy	20.0	0.006	150894	700	302	424	122	9	43.65	43.65	43.65
juego1	easy	20.0	0.006	150902	700	302	424	122	9	43.65	43.65	43.65
juego1	easy	20.0	0.006	150911	700	302	424	122	9	43.65	43.65	43.65
juego1	easy	20.0	0.006	150919	700	302	424	122	9	43.65	43.65	43.65
juego1	easy	20.0	0.006	150928	700	302	424	122	9	43.65	43.65	43.65
juego1	easy	20.0	0.006	150937	700	302	424	122	9	43.65	43.65	43.65
juego1	easy	20.0	0.006	150944	700	302	424	122	9	43.65	43.65	43.65
juego1	easy	20.0	0.006	150953	700	302	424	122	9	43.65	43.65	43.65
juego1	easy	20.0	0.006	150962	700	303	424	121	9	43.65	43.65	43.65
juego1	easy	20.0	0.006	150969	700	303	424	121	9	43.65	43.65	43.65
juego1	easy	20.0	0.006	150979	700	303	424	121	9	43.65	43.65	43.65
juego1	easy	20.0	0.006	150987	700	303	424	121	9	43.65	43.65	43.65
juego1	easy	20.0	0.006	150996	700	303	424	121	9	43.65	43.65	43.65
juego1	easy	20.0	0.006	151004	700	303	424	121	9	43.65	43.65	43.65
juego1	easy	20.0	0.006	151013	700	303	424	121	9	43.65	43.65	43.65
juego1	easy	20.0	0.006	151022	700	303	424	121	9	43.65	43.65	43.65
juego1	easy	20.0	0.006	151030	700	303	424	121	9	43.65	43.65	43.65
juego1	easy	20.0	0.006	151039	700	303	424	121	9	43.65	43.65	43.65
juego1	easy	20.0	0.006	151048	700	303	424	121	9	43.65	43.65	43.65
juego1	easy	20.0	0.006	151057	700	303	424	121	9	43.65	43.65	43.65
juego1	easy	20.0	0.006	151066	700	303	424	121	9	43.65	43.65	43.65
juego1	easy	20.0	0.006	151075	700	303	424	121	9	43.65	43.65	43.65
juego1	easy	20.0	0.006	151084	700	303	424	121	9	43.65	43.65	43.65
juego1	easy	20.0	0.006	151093	700	303	424	121	9	43.65	43.65	43.65
juego1	easy	20.0	0.006	151102	700	303	424	121	9	43.65	43.65	43.65
juego1	easy	20.0	0.006	151109	700	303	424	121	9	43.65	43.65	43.65
juego1	easy	20.0	0.006	151118	700	303	424	121	9	43.65	43.65	43.65
juego1	easy	20.0	0.006	151126	700	303	424	121	9	43.65	43.65	43.65
juego1	easy	20.0	0.006	151135	700	303	424	121	9	43.65	43.65	43.65
juego1	easy	20.0	0.006	151143	700	303	424	121	9	43.65	43.65	43.65
juego1	easy	20.0	0.006	151152	700	303	424	121	9	43.65	43.65	43.65
juego1	easy	20.0	0.006	151161	700	303	424	121	9	43.65	43.65	43.65
juego1	easy	20.0	0.006	151169	700	303	424	121	9	43.65	43.65	43.65
juego1	easy	20.0	0.006	151178	700	303	424	121	9	43.65	43.65	43.65
juego1	easy	20.0	0.006	151187	700	303	424	121	9	43.65	43.65	43.65
juego1	easy	20.0	0.006	151195	700	303	424	121	9	43.65	43.65	43.65
juego1	easy	20.0	0.006	151204	700	303	424	121	9	43.65	43.65	43.65
juego1	easy	20.0	0.006	151213	700	303	424	121	9	43.65	43.65	43.65
juego1	easy	20.0	0.006	151222	700	303	424	121	9	43.65	43.65	43.65
juego1	easy	20.0	0.006	151231	700	303	424	121	9	43.65	43.65	43.65
juego1	easy	20.0	0.006	151240	700	303	424	121	9	43.65	43.65	43.65
juego1	easy	20.0	0.006	151248	700	303	424	121	9	43.65	43.65	43.65
juego1	easy	20.0	0.006	151257	700	303	424	121	9	43.65	43.65	43.65
juego1	easy	20.0	0.006	151266	700	303	424	121	9	43.65	43.65	43.65
juego1	easy	20.0	0.006	151274	700	303	424	121	9	43.65	43.65	43.65
juego1	easy	20.0	0.006	151283	700	303	424	121	9	43.65	43.65	43.65
juego1	easy	20.0	0.006	151291	700	303	424	121	9	43.65	43.65	43.65
juego1	easy	20.0	0.006	151300	700	303	424	121	9	43.65	43.65	43.65
juego1	easy	20.0	0.006	151309	700	303	424	121	9	43.65	43.65	43.65
juego1	easy	20.0	0.006	151317	700	303	424	121	9	43.65	43.65	43.65
juego1	easy	20.0	0.006	151326	700	303	424	121	9	43.65	43.65	43.65
juego1	easy	20.0	0.006	151335	700	303	424	121	9	43.65	43.65	43.65
juego1	easy	20.0	0.006	151344	700	303	424	121	9	43.65	43.65	43.65
juego1	easy	20.0	0.006	151352	700	303	424	121	9	43.65	43.65	43.65
juego1	easy	20.0	0.006	151361	700	303	424	121	9	43.65	43.65	43.65
juego1	easy	20.0	0.006	151369	700	303	424	121	9	43.65	43.65	43.65
juego1	easy	20.0	0.006	151378	700	303	424	121	9	43.65	43.65	43.65
juego1	easy	20.0	0.006	151387	700	303	424	121	9	43.65	43.65	43.65
juego1	easy	20.0	0.006	151395	700	303	424	121	9	43.65	43.65	43.65
juego1	easy	20.0	0.006	151404	700	303	424	121	9	43.65	43.65	43.65
juego1	easy	20.0	0.006	151413	700	303	424	121	9	43.65	43.65	43.65
juego1	easy	20.0	0.006	151420	700	303	424	121	9	43.65	43.65	43.65
juego1	easy	20.0	0.006	151429	700	303	424	121	9	43.65	43.65	43.65
juego1	easy	20.0	0.006	151438	700	303	424	121	9	43.65	43.65	43.65
juego1	easy	20.0	0.006	151446	700	303	424	121	9	43.65	43.65	43.65
juego1	easy	20.0	0.006	151454	700	303	424	121	9	43.65	43.65	43.65
juego1	easy	20.0	0.006	151463	700	303	424	121	9	43.65	43.65	43.65
juego1	easy	20.0	0.006	151472	700	303	424	121	9	43.65	43.65	43.65
juego1	easy	20.0	0.006	151480	700	302	424	122	9	43.65	43.65	43.65
juego1	easy	20.0	0.006	151489	700	302	424	122	9	43.65	43.65	43.65
juego1	easy	20.0	0.006	151497	700	302	424	122	9	43.65	43.65	43.65
juego1	easy	20.0	0.006	151506	700	302	424	122	9	43.65	43.65	43.65
juego1	easy	20.0	0.006	151515	700	302	424	122	9	43.65	43.65	43.65
juego1	easy	20.0	0.006	151524	700	302	424	122	9	43.65	43.65	43.65
juego1	easy	20.0	0.006	151533	700	302	424	122	9	43.65	43.65	43.65
juego1	easy	20.0	0.006	151542	700	302	424	122	9	43.65	43.65	43.65
juego1	easy	20.0	0.006	151550	700	302	424	122	9	43.65	43.65	43.65
juego1	easy	20.0	0.006	151559	700	302	424	122	9	43.65	43.65	43.65
juego1	easy	20.0	0.006	151568	700	302	424	122	9	43.65	43.65	43.65
juego1	easy	20.0	0.006	151576	700	302	424	122	9	43.65	43.65	43.65
juego1	easy	20.0	0.006	151585	700	302	424	122	9	43.65	43.65	43.65
juego1	easy	20.0	0.006	151594	700	302	424	122	9	43.65	43.65	43.65
juego1	easy	20.0	0.006	151602	700	302	424	122	9	43.65	43.65	43.65
juego1	easy	20.0	0.006	151610	700	302	424	122	9	43.65	43.65	43.65
juego1	easy	20.0	0.006	151619	700	302	424	122	9	43.65	43.65	43.65
juego1	easy	20.0	0.006	151628	700	302	424	122	9	43.65	43.65	43.65
juego1	easy	20.0	0.006	151637	700	302	424	122	9	43.65	43.65	43.65
juego1	easy	20.0	0.006	151646	700	301	424	123	9	43.65	43.65	43.65
juego1	easy	20.0	0.006	151654	700	301	424	123	9	43.65	43.65	43.65
juego1	easy	20.0	0.006	151663	700	301	424	123	9	43.65	43.65	43.65
juego1	easy	20.0	0.006	151672	700	301	424	123	9	43.65	43.65	43.65
juego1	easy	20.0	0.006	151681	700	301	424	123	9	43.65	43.65	43.65
juego1	easy	20.0	0.006	151690	700	301	424	123	9	43.65	43.65	43.65
juego1	easy	20.0	0.006	151698	700	301	424	123	9	43.65	43.65	43.65
juego1	easy	20.0	0.006	151707	700	301	424	123	9	43.65	43.65	43.65
juego1	easy	20.0	0.006	151714	700	301	424	123	9	43.65	43.65	43.65
juego1	easy	20.0	0.006	151723	700	301	424	123	9	43.65	43.65	43.65
juego1	easy	20.0	0.006	151732	700	301	424	123	9	43.65	43.65	43.65
juego1	easy	20.0	0.006	151741	700	301	424	123	9	43.65	43.65	43.65
juego1	easy	20.0	0.006	151750	700	301	424	123	9	43.65	43.65	43.65
juego1	easy	20.0	0.006	151758	700	301	424	123	9	43.65	43.65	43.65
juego1	easy	20.0	0.006	151766	700	300	424	124	9	43.65	43.65	43.65
juego1	easy	20.0	0.006	151775	700	300	424	124	9	43.65	43.65	43.65
juego1	easy	20.0	0.006	151783	700	300	424	124	9	43.65	43.65	43.65
juego1	easy	20.0	0.006	151791	700	300	424	124	9	43.65	43.65	43.65
juego1	easy	20.0	0.006	151800	700	300	424	124	9	43.65	43.65	43.65
juego1	easy	20.0	0.006	151808	700	300	424	124	9	43.65	43.65	43.65
juego1	easy	20.0	0.006	151817	700	300	424	124	9	43.65	43.65	43.65
juego1	easy	20.0	0.006	151826	700	300	424	124	9	43.65	43.65	43.65
juego1	easy	20.0	0.006	151833	700	300	424	124	9	43.65	43.65	43.65
juego1	easy	20.0	0.006	151842	700	300	424	124	9	43.65	43.65	43.65
juego1	easy	20.0	0.006	151850	700	300	424	124	9	43.65	43.65	43.65
juego1	easy	20.0	0.006	151859	700	300	424	124	9	43.65	43.65	43.65
juego1	easy	20.0	0.006	151868	700	300	424	124	9	43.65	43.65	43.65
juego1	easy	20.0	0.006	151877	700	300	424	124	9	43.65	43.65	43.65
juego1	easy	20.0	0.006	151884	700	300	424	124	9	43.65	43.65	43.65
juego1	easy	20.0	0.006	151893	700	300	424	124	9	43.65	43.65	43.65
juego1	easy	20.0	0.006	151902	700	300	424	124	9	43.65	43.65	43.65
juego1	easy	20.0	0.006	151910	700	300	424	124	9	43.65	43.65	43.65
juego1	easy	20.0	0.006	151919	700	300	424	124	9	43.65	43.65	43.65
juego1	easy	20.0	0.006	151928	700	300	424	124	9	43.65	43.65	43.65
juego1	easy	20.0	0.006	151937	700	300	424	124	9	43.65	43.65	43.65
juego1	easy	20.0	0.006	151946	700	299	424	125	9	43.65	43.65	43.65
juego1	easy	20.0	0.006	151953	700	299	424	125	9	43.65	43.65	43.65
juego1	easy	20.0	0.006	151962	700	299	424	125	9	43.65	43.65	43.65
juego1	easy	20.0	0.006	151971	700	299	424	125	9	43.65	43.65	43.65
juego1	easy	20.0	0.006	151978	700	299	424	125	9	43.65	43.65	43.65
juego1	easy	20.0	0.006	151987	700	299	424	125	9	43.65	43.65	43.65
juego1	easy	20.0	0.006	151996	700	299	424	125	9	43.65	43.65	43.65
juego1	easy	20.0	0.006	152003	700	299	424	125	9	43.65	43.65	43.65
juego1	easy	20.0	0.006	152012	700	299	424	125	9	43.65	43.65	43.65
juego1	easy	20.0	0.006	152021	700	298	424	126	9	43.65	43.65	43.65
juego1	easy	20.0	0.006	152028	700	298	424	126	9	43.65	43.65	43.65
juego1	easy	20.0	0.006	152037	700	298	424	126	9	43.65	43.65	43.65
juego1	easy	20.0	0.006	152046	700	298	424	126	9	43.65	43.65	43.65
juego1	easy	20.0	0.006	152053	700	298	424	126	9	43.65	43.65	43.65
juego1	easy	20.0	0.006	152062	700	298	424	126	9	43.65	43.65	43.65
juego1	easy	20.0	0.006	152069	700	298	424	126	9	43.65	43.65	43.65
juego1	easy	20.0	0.006	152078	700	298	424	126	9	43.65	43.65	43.65
juego1	easy	20.0	0.006	152086	700	298	424	126	9	43.65	43.65	43.65
juego1	easy	20.0	0.006	152095	700	297	424	127	9	43.65	43.65	43.65
juego1	easy	20.0	0.006	152102	700	297	424	127	9	43.65	43.65	43.65
juego1	easy	20.0	0.006	152111	700	297	424	127	9	43.65	43.65	43.65
juego1	easy	20.0	0.006	152120	700	297	424	127	9	43.65	43.65	43.65
juego1	easy	20.0	0.006	152127	700	297	424	127	9	43.65	43.65	43.65
juego1	easy	20.0	0.006	152136	700	297	424	127	9	43.65	43.65	43.65
juego1	easy	20.0	0.006	152144	700	297	424	127	9	43.65	43.65	43.65
juego1	easy	20.0	0.006	152152	700	296	424	128	9	43.65	43.65	43.65
juego1	easy	20.0	0.006	152161	700	296	424	128	9	43.65	43.65	43.65
juego1	easy	20.0	0.006	152169	700	296	424	128	9	43.65	43.65	43.65
juego1	easy	20.0	0.006	152178	700	296	424	128	9	43.65	43.65	43.65
juego1	easy	20.0	0.006	152186	700	296	424	128	9	43.65	43.65	43.65
juego1	easy	20.0	0.006	152195	700	296	424	128	9	43.65	43.65	43.65
juego1	easy	20.0	0.006	152204	700	296	424	128	9	43.65	43.65	43.65
juego1	easy	20.0	0.006	152212	700	296	424	128	9	43.65	43.65	43.65
juego1	easy	20.0	0.006	152221	700	295	424	129	9	43.65	43.65	43.65
juego1	easy	20.0	0.006	152229	700	295	424	129	9	43.65	43.65	43.65
juego1	easy	20.0	0.006	152238	700	295	424	129	9	43.65	43.65	43.65
juego1	easy	20.0	0.006	152246	700	295	424	129	9	43.65	43.65	43.65
juego1	easy	20.0	0.006	152255	700	295	424	129	9	43.65	43.65	43.65
juego1	easy	20.0	0.006	152264	700	295	424	129	9	43.65	43.65	43.65
juego1	easy	20.0	0.006	152272	700	294	424	130	9	43.65	43.65	43.65
juego1	easy	20.0	0.006	152281	700	294	424	130	9	43.65	43.65	43.65
juego1	easy	20.0	0.006	152290	700	294	424	130	9	43.65	43.65	43.65
juego1	easy	20.0	0.006	152299	700	294	424	130	9	43.65	43.65	43.65
juego1	easy	20.0	0.006	152308	700	294	424	130	9	43.65	43.65	43.65
juego1	easy	20.0	0.006	152316	700	294	424	130	9	43.65	43.65	43.65
juego1	easy	20.0	0.006	152325	700	294	424	130	9	43.65	43.65	43.65
juego1	easy	20.0	0.006	152334	700	293	424	131	9	43.65	43.65	43.65
juego1	easy	20.0	0.006	152343	700	293	424	131	9	43.65	43.65	43.65
juego1	easy	20.0	0.006	152351	700	293	424	131	9	43.65	43.65	43.65
juego1	easy	20.0	0.006	152360	700	293	424	131	9	43.65	43.65	43.65
juego1	easy	20.0	0.006	152369	700	293	424	131	9	43.65	43.65	43.65
juego1	easy	20.0	0.006	152378	700	293	424	131	9	43.65	43.65	43.65
juego1	easy	20.0	0.006	152387	700	292	424	132	9	43.65	43.65	43.65
juego1	easy	20.0	0.006	152395	700	292	424	132	9	43.65	43.65	43.65
juego1	easy	20.0	0.006	152403	700	292	424	132	9	43.65	43.65	43.65
juego1	easy	20.0	0.006	152411	700	292	424	132	9	43.65	43.65	43.65
juego1	easy	20.0	0.006	152419	700	292	424	132	9	43.65	43.65	43.65
juego1	easy	20.0	0.006	152428	700	292	424	132	9	43.65	43.65	43.65
juego1	easy	20.0	0.006	152437	700	292	424	132	9	43.65	43.65	43.65
juego1	easy	20.0	0.006	152445	700	291	424	133	9	43.65	43.65	43.65
juego1	easy	20.0	0.006	152454	700	291	424	133	9	43.65	43.65	43.65
juego1	easy	20.0	0.006	152463	700	291	424	133	9	43.65	43.65	43.65
juego1	easy	20.0	0.006	152471	700	291	424	133	9	43.65	43.65	43.65
juego1	easy	20.0	0.006	152480	700	291	424	133	9	43.65	43.65	43.65
juego1	easy	20.0	0.006	152488	700	290	424	134	9	43.65	43.65	43.65
juego1	easy	20.0	0.006	152497	700	290	424	134	9	43.65	43.65	43.65
juego1	easy	20.0	0.006	152505	700	290	424	134	9	43.65	43.65	43.65
juego1	easy	20.0	0.006	152514	700	290	424	134	9	43.65	43.65	43.65
juego1	easy	20.0	0.006	152522	700	290	424	134	9	43.65	43.65	43.65
juego1	easy	20.0	0.006	152531	700	290	424	134	9	43.65	43.65	43.65
juego1	easy	20.0	0.006	152540	700	289	424	135	9	43.65	43.65	43.65
juego1	easy	20.0	0.006	152548	700	289	424	135	9	43.65	43.65	43.65
juego1	easy	20.0	0.006	152557	700	289	424	135	9	43.65	43.65	43.65
juego1	easy	20.0	0.006	152564	700	289	424	135	9	43.65	43.65	43.65
juego1	easy	20.0	0.006	152573	700	289	424	135	9	43.65	43.65	43.65
juego1	easy	20.0	0.006	152581	700	289	424	135	9	43.65	43.65	43.65
juego1	easy	20.0	0.006	152590	700	288	424	136	9	43.65	43.65	43.65
juego1	easy	20.0	0.006	152598	700	288	424	136	9	43.65	43.65	43.65
juego1	easy	20.0	0.006	152607	700	288	424	136	9	43.65	43.65	43.65
juego1	easy	20.0	0.006	152615	700	288	424	136	9	43.65	43.65	43.65
juego1	easy	20.0	0.006	152623	700	288	424	136	9	43.65	43.65	43.65
juego1	easy	20.0	0.006	152632	700	287	424	137	9	43.65	43.65	43.65
juego1	easy	20.0	0.006	152641	700	287	424	137	9	43.65	43.65	43.65
juego1	easy	20.0	0.006	152649	700	287	424	137	9	43.65	43.65	43.65
juego1	easy	20.0	0.006	152657	700	287	424	137	9	43.65	43.65	43.65
juego1	easy	20.0	0.006	152666	700	287	424	137	9	43.65	43.65	43.65
juego1	easy	20.0	0.006	152674	700	287	424	137	9	43.65	43.65	43.65
juego1	easy	20.0	0.006	152682	700	286	424	138	9	43.65	43.65	43.65
juego1	easy	20.0	0.006	152691	700	286	424	138	9	43.65	43.65	43.65
juego1	easy	20.0	0.006	152700	700	286	424	138	9	43.65	43.65	43.65
juego1	easy	20.0	0.006	152709	700	286	424	138	9	43.65	43.65	43.65
juego1	easy	20.0	0.006	152717	700	286	424	138	9	43.65	43.65	43.65
juego1	easy	20.0	0.006	152726	700	285	424	139	9	43.65	43.65	43.65
juego1	easy	20.0	0.006	152733	700	285	424	139	9	43.65	43.65	43.65
juego1	easy	20.0	0.006	152742	700	285	424	139	9	43.65	43.65	43.65
juego1	easy	20.0	0.006	152751	700	285	424	139	9	43.65	43.65	43.65
juego1	easy	20.0	0.006	152759	700	285	424	139	9	43.65	43.65	43.65
juego1	easy	20.0	0.006	152767	700	284	424	140	9	43.65	43.65	43.65
juego1	easy	20.0	0.006	152776	700	284	424	140	9	43.65	43.65	43.65
juego1	easy	20.0	0.006	152785	700	284	424	140	9	43.65	43.65	43.65
juego1	easy	20.0	0.006	152794	700	284	424	140	9	43.65	43.65	43.65
juego1	easy	20.0	0.006	152802	700	284	424	140	9	43.65	43.65	43.65
juego1	easy	20.0	0.006	152811	700	283	424	141	9	43.65	43.65	43.65
juego1	easy	20.0	0.006	152820	700	283	424	141	9	43.65	43.65	43.65
juego1	easy	20.0	0.006	152828	700	283	424	141	9	43.65	43.65	43.65
juego1	easy	20.0	0.006	152837	700	283	424	141	9	43.65	43.65	43.65
juego1	easy	20.0	0.006	152844	700	283	424	141	9	43.65	43.65	43.65
juego1	easy	20.0	0.006	152853	700	282	424	142	9	43.65	43.65	43.65
juego1	easy	20.0	0.006	152862	700	282	424	142	9	43.65	43.65	43.65
juego1	easy	20.0	0.006	152870	700	282	424	142	9	43.65	43.65	43.65
juego1	easy	20.0	0.006	152877	700	282	424	142	9	43.65	43.65	43.65
juego1	easy	20.0	0.006	152886	700	282	424	142	9	43.65	43.65	43.65
juego1	easy	20.0	0.006	152895	700	281	424	143	9	43.65	43.65	43.65
juego1	easy	20.0	0.006	152903	700	281	424	143	9	43.65	43.65	43.65
juego1	easy	20.0	0.006	152912	700	281	424	143	9	43.65	43.65	43.65
juego1	easy	20.0	0.006	152921	700	281	424	143	9	43.65	43.65	43.65
juego1	easy	20.0	0.006	152928	700	281	424	143	9	43.65	43.65	43.65
juego1	easy	20.0	0.006	152937	700	280	424	144	9	43.65	43.65	43.65
juego1	easy	20.0	0.006	152946	700	280	424	144	9	43.65	43.65	43.65
juego1	easy	20.0	0.006	152955	700	280	424	144	9	43.65	43.65	43.65
juego1	easy	20.0	0.006	152963	700	280	424	144	9	43.65	43.65	43.65
juego1	easy	20.0	0.006	152971	700	280	424	144	9	43.65	43.65	43.65
juego1	easy	20.0	0.006	152980	700	279	424	145	9	43.65	43.65	43.65
juego1	easy	20.0	0.006	152988	700	279	424	145	9	43.65	43.65	43.65
juego1	easy	20.0	0.006	152997	700	279	424	145	9	43.65	43.65	43.65
juego1	easy	20.0	0.006	153006	700	279	424	145	9	43.65	43.65	43.65
juego1	easy	20.0	0.006	153014	700	279	424	145	9	43.65	43.65	43.65
juego1	easy	20.0	0.006	153023	700	278	424	146	9	43.65	43.65	43.65
juego1	easy	20.0	0.006	153030	700	278	424	146	9	43.65	43.65	43.65
juego1	easy	20.0	0.006	153039	700	278	424	146	9	43.65	43.65	43.65
juego1	easy	20.0	0.006	153047	700	278	424	146	9	43.65	43.65	43.65
juego1	easy	20.0	0.006	153056	700	278	424	146	9	43.65	43.65	43.65
juego1	easy	20.0	0.006	153065	700	277	424	147	9	43.65	43.65	43.65
juego1	easy	20.0	0.006	153074	700	277	424	147	9	43.65	43.65	43.65
juego1	easy	20.0	0.006	153081	700	277	424	147	9	43.65	43.65	43.65
juego1	easy	20.0	0.006	153090	700	277	424	147	9	43.65	43.65	43.65
juego1	easy	20.0	0.006	153098	700	276	424	148	9	43.65	43.65	43.65
juego1	easy	20.0	0.006	153107	700	276	424	148	9	43.65	43.65	43.65
juego1	easy	20.0	0.006	153115	700	276	424	148	9	43.65	43.65	43.65
juego1	easy	20.0	0.006	153124	700	276	424	148	9	43.65	43.65	43.65
juego1	easy	20.0	0.006	153133	700	276	424	148	9	43.65	43.65	43.65
juego1	easy	20.0	0.006	153141	700	275	424	149	9	43.65	43.65	43.65
juego1	easy	20.0	0.006	153149	700	275	424	149	9	43.65	43.65	43.65
juego1	easy	20.0	0.006	153157	700	275	424	149	9	43.65	43.65	43.65
juego1	easy	20.0	0.006	153166	700	275	424	149	9	43.65	43.65	43.65
juego1	easy	20.0	0.006	153174	700	275	424	149	9	43.65	43.65	43.65
juego1	easy	20.0	0.006	153183	700	274	424	150	9	43.65	43.65	43.65
juego1	easy	20.0	0.006	153191	700	274	424	150	9	43.65	43.65	43.65
juego1	easy	20.0	0.006	153200	700	274	424	150	9	43.65	43.65	43.65
juego1	easy	20.0	0.006	153208	700	274	424	150	9	43.65	43.65	43.65
juego1	easy	20.0	0.006	153217	700	273	424	151	9	43.65	43.65	43.65
juego1	easy	20.0	0.006	153225	700	273	424	151	9	43.65	43.65	43.65
juego1	easy	20.0	0.006	153234	700	273	424	151	9	43.65	43.65	43.65
juego1	easy	20.0	0.006	153243	700	273	424	151	9	43.65	43.65	43.65
juego1	easy	20.0	0.006	153252	700	273	424	151	9	43.65	43.65	43.65
juego1	easy	20.0	0.006	153261	700	272	424	152	9	43.65	43.65	43.65
juego1	easy	20.0	0.006	153269	700	272	424	152	9	43.65	43.65	43.65
juego1	easy	20.0	0.006	153278	700	272	424	152	9	43.65	43.65	43.65
juego1	easy	20.0	0.006	153287	700	272	424	152	9	43.65	43.65	43.65
juego1	easy	20.0	0.006	153296	700	271	424	153	9	43.65	43.65	43.65
juego1	easy	20.0	0.006	153304	700	271	424	153	9	43.65	43.65	43.65
juego1	easy	20.0	0.006	153313	700	271	424	153	9	43.65	43.65	43.65
juego1	easy	20.0	0.006	153322	700	271	424	153	9	43.65	43.65	43.65
juego1	easy	20.0	0.006	153330	700	271	424	153	9	43.65	43.65	43.65
juego1	easy	20.0	0.006	153339	700	270	424	154	9	43.65	43.65	43.65
juego1	easy	20.0	0.006	153347	700	270	424	154	9	43.65	43.65	43.65
juego1	easy	20.0	0.006	153356	700	270	424	154	9	43.65	43.65	43.65
juego1	easy	20.0	0.006	153365	700	270	424	154	9	43.65	43.65	43.65
juego1	easy	20.0	0.006	153374	700	270	424	154	9	43.65	43.65	43.65
juego1	easy	20.0	0.006	153382	700	269	424	155	9	43.65	43.65	43.65
juego1	easy	20.0	0.006	153391	700	269	424	155	9	43.65	43.65	43.65
juego1	easy	20.0	0.006	153399	700	269	424	155	9	43.65	43.65	43.65
juego1	easy	20.0	0.006	153408	700	269	424	155	9	43.65	43.65	43.65
juego1	easy	20.0	0.006	153417	700	268	424	156	9	43.65	43.65	43.65
juego1	easy	20.0	0.006	153425	700	268	424	156	9	43.65	43.65	43.65
juego1	easy	20.0	0.006	153434	700	268	424	156	9	43.65	43.65	43.65
juego1	easy	20.0	0.006	153442	700	268	424	156	9	43.65	43.65	43.65
Pausa_juego1	easy	20.0	0.006	153450	700	268	424	156	-1	43.65	43.65	43.65
juego1	easy	20.0	0.006	153450	700	268	424	156	10	43.65	43.65	43.65
juego1	easy	40.0	0.008	183467	700	267	424	157	10	43.64	43.64	43.64
juego1	easy	40.0	0.008	183476	700	267	424	157	10	43.64	43.64	43.64
juego1	easy	40.0	0.008	183483	700	267	424	157	10	43.64	43.64	43.64
juego1	easy	40.0	0.008	183491	700	266	424	158	10	43.64	43.64	43.64
juego1	easy	40.0	0.008	183500	700	266	424	158	10	43.64	43.64	43.64
juego1	easy	40.0	0.008	183508	700	266	424	158	10	43.64	43.64	43.64
juego1	easy	40.0	0.008	183517	700	265	424	159	10	43.64	43.64	43.64
juego1	easy	40.0	0.008	183526	700	265	424	159	10	43.64	43.64	43.64
juego1	easy	40.0	0.008	183534	700	265	424	159	10	43.64	43.64	43.64
juego1	easy	40.0	0.008	183542	700	264	424	160	10	43.64	43.64	43.64
juego1	easy	40.0	0.008	183551	700	264	424	160	10	43.64	43.64	43.64
juego1	easy	40.0	0.008	183559	700	263	424	161	10	43.64	43.64	43.64
juego1	easy	40.0	0.008	183567	700	263	424	161	10	43.64	43.64	43.64
juego1	easy	40.0	0.008	183576	700	263	424	161	10	43.64	43.64	43.64
juego1	easy	40.0	0.008	183584	700	262	424	162	10	43.64	43.64	43.64
juego1	easy	40.0	0.008	183592	700	262	424	162	10	43.64	43.64	43.64
juego1	easy	40.0	0.008	183601	700	262	424	162	10	43.64	43.64	43.64
juego1	easy	40.0	0.008	183609	700	261	424	163	10	43.64	43.64	43.64
juego1	easy	40.0	0.008	183618	700	261	424	163	10	43.64	43.64	43.64
juego1	easy	40.0	0.008	183626	700	260	424	164	10	43.64	43.64	43.64
juego1	easy	40.0	0.008	183634	700	260	424	164	10	43.64	43.64	43.64
juego1	easy	40.0	0.008	183642	700	260	424	164	10	43.64	43.64	43.64
juego1	easy	40.0	0.008	183651	700	259	424	165	10	43.64	43.64	43.64
juego1	easy	40.0	0.008	183660	700	259	424	165	10	43.64	43.64	43.64
juego1	easy	40.0	0.008	183667	700	259	424	165	10	43.64	43.64	43.64
juego1	easy	40.0	0.008	183676	700	258	424	166	10	43.64	43.64	43.64
juego1	easy	40.0	0.008	183684	700	258	424	166	10	43.64	43.64	43.64
juego1	easy	40.0	0.008	183692	700	257	424	167	10	43.64	43.64	43.64
juego1	easy	40.0	0.008	183700	700	257	424	167	10	43.64	43.64	43.64
juego1	easy	40.0	0.008	183708	700	257	424	167	10	43.64	43.64	43.64
juego1	easy	40.0	0.008	183717	700	256	424	168	10	43.64	43.64	43.64
juego1	easy	40.0	0.008	183725	700	256	424	168	10	43.64	43.64	43.64
juego1	easy	40.0	0.008	183733	700	256	424	168	10	43.64	43.64	43.64
juego1	easy	40.0	0.008	183742	700	255	424	169	10	43.64	43.64	43.64
juego1	easy	40.0	0.008	183751	700	255	424	169	10	43.64	43.64	43.64
juego1	easy	40.0	0.008	183759	700	255	424	169	10	43.64	43.64	43.64
juego1	easy	40.0	0.008	183767	700	254	424	170	10	43.64	43.64	43.64
juego1	easy	40.0	0.008	183776	700	254	424	170	10	43.64	43.64	43.64
juego1	easy	40.0	0.008	183784	700	253	424	171	10	43.64	43.64	43.64
juego1	easy	40.0	0.008	183793	700	253	424	171	10	43.64	43.64	43.64
juego1	easy	40.0	0.008	183802	700	253	424	171	10	43.64	43.64	43.64
juego1	easy	40.0	0.008	183811	700	252	424	172	10	43.64	43.64	43.64
juego1	easy	40.0	0.008	183819	700	252	424	172	10	43.64	43.64	43.64
juego1	easy	40.0	0.008	183828	700	252	424	172	10	43.64	43.64	43.64
juego1	easy	40.0	0.008	183836	700	251	424	173	10	43.64	43.64	43.64
juego1	easy	40.0	0.008	183845	700	251	424	173	10	43.64	43.64	43.64
juego1	easy	40.0	0.008	183853	700	251	424	173	10	43.64	43.64	43.64
juego1	easy	40.0	0.008	183862	700	250	424	174	10	43.64	43.64	43.64
juego1	easy	40.0	0.008	183870	700	250	424	174	10	43.64	43.64	43.64
juego1	easy	40.0	0.008	183878	700	250	424	174	10	43.64	43.64	43.64
juego1	easy	40.0	0.008	183887	700	249	424	175	10	43.64	43.64	43.64
juego1	easy	40.0	0.008	183895	700	249	424	175	10	43.64	43.64	43.64
juego1	easy	40.0	0.008	183904	700	249	424	175	10	43.64	43.64	43.64
juego1	easy	40.0	0.008	183912	700	248	424	176	10	43.64	43.64	43.64
juego1	easy	40.0	0.008	183921	700	248	424	176	10	43.64	43.64	43.64
juego1	easy	40.0	0.008	183930	700	248	424	176	10	43.64	43.64	43.64
juego1	easy	40.0	0.008	183938	700	247	424	177	10	43.64	43.64	43.64
juego1	easy	40.0	0.008	183946	700	247	424	177	10	43.64	43.64	43.64
juego1	easy	40.0	0.008	183955	700	247	424	177	10	43.64	43.64	43.64
juego1	easy	40.0	0.008	183963	700	246	424	178	10	43.64	43.64	43.64
juego1	easy	40.0	0.008	183972	700	246	424	178	10	43.64	43.64	43.64
juego1	easy	40.0	0.008	183980	700	246	424	178	10	43.64	43.64	43.64
juego1	easy	40.0	0.008	183989	700	245	424	179	10	43.64	43.64	43.64
juego1	easy	40.0	0.008	183998	700	245	424	179	10	43.64	43.64	43.64
juego1	easy	40.0	0.008	184007	700	245	424	179	10	43.64	43.64	43.64
juego1	easy	40.0	0.008	184015	700	244	424	180	10	43.64	43.64	43.64
juego1	easy	40.0	0.008	184024	700	244	424	180	10	43.64	43.64	43.64
juego1	easy	40.0	0.008	184033	700	244	424	180	10	43.64	43.64	43.64
juego1	easy	40.0	0.008	184042	700	243	424	181	10	43.64	43.64	43.64
juego1	easy	40.0	0.008	184050	700	243	424	181	10	43.64	43.64	43.64
juego1	easy	40.0	0.008	184059	700	243	424	181	10	43.64	43.64	43.64
juego1	easy	40.0	0.008	184067	700	242	424	182	10	43.64	43.64	43.64
juego1	easy	40.0	0.008	184076	700	242	424	182	10	43.64	43.64	43.64
juego1	easy	40.0	0.008	184084	700	242	424	182	10	43.64	43.64	43.64
juego1	easy	40.0	0.008	184093	700	241	424	183	10	43.64	43.64	43.64
juego1	easy	40.0	0.008	184101	700	241	424	183	10	43.64	43.64	43.64
juego1	easy	40.0	0.008	184110	700	241	424	183	10	43.64	43.64	43.64
juego1	easy	40.0	0.008	184118	700	240	424	184	10	43.64	43.64	43.64
juego1	easy	40.0	0.008	184127	700	240	424	184	10	43.64	43.64	43.64
juego1	easy	40.0	0.008	184135	700	240	424	184	10	43.64	43.64	43.64
juego1	easy	40.0	0.008	184144	700	240	424	184	10	43.64	43.64	43.64
juego1	easy	40.0	0.008	184152	700	239	424	185	10	43.64	43.64	43.64
juego1	easy	40.0	0.008	184161	700	239	424	185	10	43.64	43.64	43.64
juego1	easy	40.0	0.008	184169	700	239	424	185	10	43.64	43.64	43.64
juego1	easy	40.0	0.008	184178	700	238	424	186	10	43.64	43.64	43.64
juego1	easy	40.0	0.008	184187	700	238	424	186	10	43.64	43.64	43.64
juego1	easy	40.0	0.008	184195	700	238	424	186	10	43.64	43.64	43.64
juego1	easy	40.0	0.008	184203	700	237	424	187	10	43.64	43.64	43.64
juego1	easy	40.0	0.008	184212	700	237	424	187	10	43.64	43.64	43.64
juego1	easy	40.0	0.008	184220	700	237	424	187	10	43.64	43.64	43.64
juego1	easy	40.0	0.008	184229	700	237	424	187	10	43.64	43.64	43.64
juego1	easy	40.0	0.008	184237	700	236	424	188	10	43.64	43.64	43.64
juego1	easy	40.0	0.008	184246	700	236	424	188	10	43.64	43.64	43.64
juego1	easy	40.0	0.008	184254	700	236	424	188	10	43.64	43.64	43.64
juego1	easy	40.0	0.008	184263	700	236	424	188	10	43.64	43.64	43.64
juego1	easy	40.0	0.008	184271	700	235	424	189	10	43.64	43.64	43.64
juego1	easy	40.0	0.008	184280	700	235	424	189	10	43.64	43.64	43.64
juego1	easy	40.0	0.008	184288	700	235	424	189	10	43.64	43.64	43.64
juego1	easy	40.0	0.008	184297	700	234	424	190	10	43.64	43.64	43.64
juego1	easy	40.0	0.008	184305	700	234	424	190	10	43.64	43.64	43.64
juego1	easy	40.0	0.008	184313	700	234	424	190	10	43.64	43.64	43.64
juego1	easy	40.0	0.008	184322	700	234	424	190	10	43.64	43.64	43.64
juego1	easy	40.0	0.008	184330	700	233	424	191	10	43.64	43.64	43.64
juego1	easy	40.0	0.008	184338	700	233	424	191	10	43.64	43.64	43.64
juego1	easy	40.0	0.008	184347	700	233	424	191	10	43.64	43.64	43.64
juego1	easy	40.0	0.008	184356	700	233	424	191	10	43.64	43.64	43.64
juego1	easy	40.0	0.008	184365	700	232	424	192	10	43.64	43.64	43.64
juego1	easy	40.0	0.008	184374	700	232	424	192	10	43.64	43.64	43.64
juego1	easy	40.0	0.008	184382	700	232	424	192	10	43.64	43.64	43.64
juego1	easy	40.0	0.008	184391	700	232	424	192	10	43.64	43.64	43.64
juego1	easy	40.0	0.008	184399	700	231	424	193	10	43.64	43.64	43.64
juego1	easy	40.0	0.008	184408	700	231	424	193	10	43.64	43.64	43.64
juego1	easy	40.0	0.008	184416	700	231	424	193	10	43.64	43.64	43.64
juego1	easy	40.0	0.008	184424	700	231	424	193	10	43.64	43.64	43.64
juego1	easy	40.0	0.008	184433	700	230	424	194	10	43.64	43.64	43.64
juego1	easy	40.0	0.008	184441	700	230	424	194	10	43.64	43.64	43.64
juego1	easy	40.0	0.008	184450	700	230	424	194	10	43.64	43.64	43.64
juego1	easy	40.0	0.008	184458	700	230	424	194	10	43.64	43.64	43.64
juego1	easy	40.0	0.008	184467	700	230	424	194	10	43.64	43.64	43.64
juego1	easy	40.0	0.008	184475	700	229	424	195	10	43.64	43.64	43.64
juego1	easy	40.0	0.008	184484	700	229	424	195	10	43.64	43.64	43.64
juego1	easy	40.0	0.008	184492	700	229	424	195	10	43.64	43.64	43.64
juego1	easy	40.0	0.008	184501	700	229	424	195	10	43.64	43.64	43.64
juego1	easy	40.0	0.008	184509	700	229	424	195	10	43.64	43.64	43.64
juego1	easy	40.0	0.008	184518	700	228	424	196	10	43.64	43.64	43.64
juego1	easy	40.0	0.008	184526	700	228	424	196	10	43.64	43.64	43.64
juego1	easy	40.0	0.008	184535	700	228	424	196	10	43.64	43.64	43.64
juego1	easy	40.0	0.008	184543	700	228	424	196	10	43.64	43.64	43.64
juego1	easy	40.0	0.008	184552	700	228	424	196	10	43.64	43.64	43.64
juego1	easy	40.0	0.008	184561	700	227	424	197	10	43.64	43.64	43.64
juego1	easy	40.0	0.008	184569	700	227	424	197	10	43.64	43.64	43.64
juego1	easy	40.0	0.008	184578	700	227	424	197	10	43.64	43.64	43.64
juego1	easy	40.0	0.008	184586	700	227	424	197	10	43.64	43.64	43.64
juego1	easy	40.0	0.008	184595	700	227	424	197	10	43.64	43.64	43.64
juego1	easy	40.0	0.008	184604	700	226	424	198	10	43.64	43.64	43.64
juego1	easy	40.0	0.008	184611	700	226	424	198	10	43.64	43.64	43.64
juego1	easy	40.0	0.008	184620	700	226	424	198	10	43.64	43.64	43.64
juego1	easy	40.0	0.008	184628	700	226	424	198	10	43.64	43.64	43.64
juego1	easy	40.0	0.008	184637	700	226	424	198	10	43.64	43.64	43.64
juego1	easy	40.0	0.008	184646	700	226	424	198	10	43.64	43.64	43.64
juego1	easy	40.0	0.008	184654	700	225	424	199	10	43.64	43.64	43.64
juego1	easy	40.0	0.008	184663	700	225	424	199	10	43.64	43.64	43.64
juego1	easy	40.0	0.008	184672	700	225	424	199	10	43.64	43.64	43.64
juego1	easy	40.0	0.008	184681	700	225	424	199	10	43.64	43.64	43.64
juego1	easy	40.0	0.008	184689	700	225	424	199	10	43.64	43.64	43.64
juego1	easy	40.0	0.008	184698	700	225	424	199	10	43.64	43.64	43.64
juego1	easy	40.0	0.008	184707	700	224	424	200	10	43.64	43.64	43.64
juego1	easy	40.0	0.008	184716	700	224	424	200	10	43.64	43.64	43.64
juego1	easy	40.0	0.008	184724	700	224	424	200	10	43.64	43.64	43.64
juego1	easy	40.0	0.008	184733	700	224	424	200	10	43.64	43.64	43.64
juego1	easy	40.0	0.008	184741	700	224	424	200	10	43.64	43.64	43.64
juego1	easy	40.0	0.008	184750	700	224	424	200	10	43.64	43.64	43.64
juego1	easy	40.0	0.008	184758	700	224	424	200	10	43.64	43.64	43.64
juego1	easy	40.0	0.008	184767	700	223	424	201	10	43.64	43.64	43.64
juego1	easy	40.0	0.008	184776	700	223	424	201	10	43.64	43.64	43.64
juego1	easy	40.0	0.008	184784	700	223	424	201	10	43.64	43.64	43.64
juego1	easy	40.0	0.008	184793	700	223	424	201	10	43.64	43.64	43.64
juego1	easy	40.0	0.008	184800	700	223	424	201	10	43.64	43.64	43.64
juego1	easy	40.0	0.008	184809	700	223	424	201	10	43.64	43.64	43.64
juego1	easy	40.0	0.008	184817	700	223	424	201	10	43.64	43.64	43.64
juego1	easy	40.0	0.008	184825	700	223	424	201	10	43.64	43.64	43.64
juego1	easy	40.0	0.008	184833	700	223	424	201	10	43.64	43.64	43.64
juego1	easy	40.0	0.008	184841	700	222	424	202	10	43.64	43.64	43.64
juego1	easy	40.0	0.008	184849	700	222	424	202	10	43.64	43.64	43.64
juego1	easy	40.0	0.008	184857	700	222	424	202	10	43.64	43.64	43.64
juego1	easy	40.0	0.008	184866	700	222	424	202	10	43.64	43.64	43.64
juego1	easy	40.0	0.008	184874	700	222	424	202	10	43.64	43.64	43.64
juego1	easy	40.0	0.008	184883	700	222	424	202	10	43.64	43.64	43.64
juego1	easy	40.0	0.008	184890	700	222	424	202	10	43.64	43.64	43.64
juego1	easy	40.0	0.008	184899	700	222	424	202	10	43.64	43.64	43.64
juego1	easy	40.0	0.008	184907	700	222	424	202	10	43.64	43.64	43.64
juego1	easy	40.0	0.008	184915	700	222	424	202	10	43.64	43.64	43.64
juego1	easy	40.0	0.008	184924	700	222	424	202	10	43.64	43.64	43.64
juego1	easy	40.0	0.008	184932	700	222	424	202	10	43.64	43.64	43.64
juego1	easy	40.0	0.008	184940	700	221	424	203	10	43.64	43.64	43.64
juego1	easy	40.0	0.008	184949	700	221	424	203	10	43.64	43.64	43.64
juego1	easy	40.0	0.008	184957	700	221	424	203	10	43.64	43.64	43.64
juego1	easy	40.0	0.008	184965	700	221	424	203	10	43.64	43.64	43.64
juego1	easy	40.0	0.008	184973	700	221	424	203	10	43.64	43.64	43.64
juego1	easy	40.0	0.008	184981	700	221	424	203	10	43.64	43.64	43.64
juego1	easy	40.0	0.008	184990	700	221	424	203	10	43.64	43.64	43.64
juego1	easy	40.0	0.008	184998	700	221	424	203	10	43.64	43.64	43.64
juego1	easy	40.0	0.008	185007	700	221	424	203	10	43.64	43.64	43.64
juego1	easy	40.0	0.008	185015	700	221	424	203	10	43.64	43.64	43.64
juego1	easy	40.0	0.008	185024	700	221	424	203	10	43.64	43.64	43.64
juego1	easy	40.0	0.008	185033	700	221	424	203	10	43.64	43.64	43.64
juego1	easy	40.0	0.008	185042	700	221	424	203	10	43.64	43.64	43.64
juego1	easy	40.0	0.008	185051	700	221	424	203	10	43.64	43.64	43.64
juego1	easy	40.0	0.008	185060	700	221	424	203	10	43.64	43.64	43.64
juego1	easy	40.0	0.008	185067	700	221	424	203	10	43.64	43.64	43.64
juego1	easy	40.0	0.008	185076	700	221	424	203	10	43.64	43.64	43.64
juego1	easy	40.0	0.008	185085	700	221	424	203	10	43.64	43.64	43.64
juego1	easy	40.0	0.008	185092	700	221	424	203	10	43.64	43.64	43.64
juego1	easy	40.0	0.008	185101	700	221	424	203	10	43.64	43.64	43.64
juego1	easy	40.0	0.008	185109	700	221	424	203	10	43.64	43.64	43.64
juego1	easy	40.0	0.008	185118	700	221	424	203	10	43.64	43.64	43.64
juego1	easy	40.0	0.008	185127	700	221	424	203	10	43.64	43.64	43.64
juego1	easy	40.0	0.008	185136	700	221	424	203	10	43.64	43.64	43.64
juego1	easy	40.0	0.008	185143	700	221	424	203	10	43.64	43.64	43.64
juego1	easy	40.0	0.008	185151	700	221	424	203	10	43.64	43.64	43.64
juego1	easy	40.0	0.008	185160	700	221	424	203	10	43.64	43.64	43.64
juego1	easy	40.0	0.008	185167	700	221	424	203	10	43.64	43.64	43.64
juego1	easy	40.0	0.008	185176	700	221	424	203	10	43.64	43.64	43.64
juego1	easy	40.0	0.008	185185	700	221	424	203	10	43.64	43.64	43.64
juego1	easy	40.0	0.008	185194	700	221	424	203	10	43.64	43.64	43.64
juego1	easy	40.0	0.008	185202	700	221	424	203	10	43.64	43.64	43.64
juego1	easy	40.0	0.008	185211	700	221	424	203	10	43.64	43.64	43.64
juego1	easy	40.0	0.008	185220	700	221	424	203	10	43.64	43.64	43.64
juego1	easy	40.0	0.008	185228	700	221	424	203	10	43.64	43.64	43.64
juego1	easy	40.0	0.008	185237	700	221	424	203	10	43.64	43.64	43.64
juego1	easy	40.0	0.008	185245	700	221	424	203	10	43.64	43.64	43.64
juego1	easy	40.0	0.008	185254	700	221	424	203	10	43.64	43.64	43.64
juego1	easy	40.0	0.008	185262	700	221	424	203	10	43.64	43.64	43.64
juego1	easy	40.0	0.008	185271	700	221	424	203	10	43.64	43.64	43.64
juego1	easy	40.0	0.008	185280	700	221	424	203	10	43.64	43.64	43.64
juego1	easy	40.0	0.008	185288	700	221	424	203	10	43.64	43.64	43.64
juego1	easy	40.0	0.008	185297	700	221	424	203	10	43.64	43.64	43.64
juego1	easy	40.0	0.008	185305	700	221	424	203	10	43.64	43.64	43.64
juego1	easy	40.0	0.008	185314	700	221	424	203	10	43.64	43.64	43.64
juego1	easy	40.0	0.008	185323	700	221	424	203	10	43.64	43.64	43.64
juego1	easy	40.0	0.008	185331	700	222	424	202	10	43.64	43.64	43.64
juego1	easy	40.0	0.008	185340	700	222	424	202	10	43.64	43.64	43.64
juego1	easy	40.0	0.008	185348	700	222	424	202	10	43.64	43.64	43.64
juego1	easy	40.0	0.008	185357	700	222	424	202	10	43.64	43.64	43.64
juego1	easy	40.0	0.008	185365	700	222	424	202	10	43.64	43.64	43.64
juego1	easy	40.0	0.008	185374	700	222	424	202	10	43.64	43.64	43.64
juego1	easy	40.0	0.008	185383	700	222	424	202	10	43.64	43.64	43.64
juego1	easy	40.0	0.008	185392	700	222	424	202	10	43.64	43.64	43.64
juego1	easy	40.0	0.008	185400	700	222	424	202	10	43.64	43.64	43.64
juego1	easy	40.0	0.008	185408	700	222	424	202	10	43.64	43.64	43.64
juego1	easy	40.0	0.008	185417	700	222	424	202	10	43.64	43.64	43.64
juego1	easy	40.0	0.008	185426	700	222	424	202	10	43.64	43.64	43.64
juego1	easy	40.0	0.008	185434	700	223	424	201	10	43.64	43.64	43.64
juego1	easy	40.0	0.008	185443	700	223	424	201	10	43.64	43.64	43.64
juego1	easy	40.0	0.008	185452	700	223	424	201	10	43.64	43.64	43.64
juego1	easy	40.0	0.008	185461	700	223	424	201	10	43.64	43.64	43.64
juego1	easy	40.0	0.008	185468	700	223	424	201	10	43.64	43.64	43.64
juego1	easy	40.0	0.008	185476	700	223	424	201	10	43.64	43.64	43.64
juego1	easy	40.0	0.008	185486	700	223	424	201	10	43.64	43.64	43.64
juego1	easy	40.0	0.008	185493	700	223	424	201	10	43.64	43.64	43.64
juego1	easy	40.0	0.008	185502	700	224	424	200	10	43.64	43.64	43.64
juego1	easy	40.0	0.008	185511	700	224	424	200	10	43.64	43.64	43.64
juego1	easy	40.0	0.008	185519	700	224	424	200	10	43.64	43.64	43.64
juego1	easy	40.0	0.008	185528	700	224	424	200	10	43.64	43.64	43.64
juego1	easy	40.0	0.008	185537	700	224	424	200	10	43.64	43.64	43.64
juego1	easy	40.0	0.008	185546	700	224	424	200	10	43.64	43.64	43.64
juego1	easy	40.0	0.008	185555	700	224	424	200	10	43.64	43.64	43.64
juego1	easy	40.0	0.008	185563	700	224	424	200	10	43.64	43.64	43.64
juego1	easy	40.0	0.008	185572	700	225	424	199	10	43.64	43.64	43.64
juego1	easy	40.0	0.008	185581	700	225	424	199	10	43.64	43.64	43.64
juego1	easy	40.0	0.008	185588	700	225	424	199	10	43.64	43.64	43.64
juego1	easy	40.0	0.008	185597	700	225	424	199	10	43.64	43.64	43.64
juego1	easy	40.0	0.008	185605	700	225	424	199	10	43.64	43.64	43.64
juego1	easy	40.0	0.008	185614	700	225	424	199	10	43.64	43.64	43.64
juego1	easy	40.0	0.008	185622	700	226	424	198	10	43.64	43.64	43.64
juego1	easy	40.0	0.008	185631	700	226	424	198	10	43.64	43.64	43.64
juego1	easy	40.0	0.008	185639	700	226	424	198	10	43.64	43.64	43.64
juego1	easy	40.0	0.008	185648	700	226	424	198	10	43.64	43.64	43.64
juego1	easy	40.0	0.008	185656	700	226	424	198	10	43.64	43.64	43.64
juego1	easy	40.0	0.008	185665	700	226	424	198	10	43.64	43.64	43.64
juego1	easy	40.0	0.008	185673	700	227	424	197	10	43.64	43.64	43.64
juego1	easy	40.0	0.008	185682	700	227	424	197	10	43.64	43.64	43.64
juego1	easy	40.0	0.008	185691	700	227	424	197	10	43.64	43.64	43.64
juego1	easy	40.0	0.008	185699	700	227	424	197	10	43.64	43.64	43.64
juego1	easy	40.0	0.008	185708	700	227	424	197	10	43.64	43.64	43.64
juego1	easy	40.0	0.008	185716	700	228	424	196	10	43.64	43.64	43.64
juego1	easy	40.0	0.008	185725	700	228	424	196	10	43.64	43.64	43.64
juego1	easy	40.0	0.008	185734	700	228	424	196	10	43.64	43.64	43.64
juego1	easy	40.0	0.008	185743	700	228	424	196	10	43.64	43.64	43.64
juego1	easy	40.0	0.008	185752	700	228	424	196	10	43.64	43.64	43.64
juego1	easy	40.0	0.008	185761	700	229	424	195	10	43.64	43.64	43.64
juego1	easy	40.0	0.008	185769	700	229	424	195	10	43.64	43.64	43.64
juego1	easy	40.0	0.008	185778	700	229	424	195	10	43.64	43.64	43.64
juego1	easy	40.0	0.008	185786	700	229	424	195	10	43.64	43.64	43.64
juego1	easy	40.0	0.008	185795	700	229	424	195	10	43.64	43.64	43.64
juego1	easy	40.0	0.008	185804	700	230	424	194	10	43.64	43.64	43.64
juego1	easy	40.0	0.008	185812	700	230	424	194	10	43.64	43.64	43.64
juego1	easy	40.0	0.008	185821	700	230	424	194	10	43.64	43.64	43.64
juego1	easy	40.0	0.008	185830	700	230	424	194	10	43.64	43.64	43.64
juego1	easy	40.0	0.008	185838	700	231	424	193	10	43.64	43.64	43.64
juego1	easy	40.0	0.008	185847	700	231	424	193	10	43.64	43.64	43.64
juego1	easy	40.0	0.008	185855	700	231	424	193	10	43.64	43.64	43.64
juego1	easy	40.0	0.008	185863	700	231	424	193	10	43.64	43.64	43.64
juego1	easy	40.0	0.008	185872	700	232	424	192	10	43.64	43.64	43.64
juego1	easy	40.0	0.008	185881	700	232	424	192	10	43.64	43.64	43.64
juego1	easy	40.0	0.008	185888	700	232	424	192	10	43.64	43.64	43.64
juego1	easy	40.0	0.008	185897	700	232	424	192	10	43.64	43.64	43.64
juego1	easy	40.0	0.008	185905	700	232	424	192	10	43.64	43.64	43.64
juego1	easy	40.0	0.008	185913	700	233	424	191	10	43.64	43.64	43.64
juego1	easy	40.0	0.008	185922	700	233	424	191	10	43.64	43.64	43.64
juego1	easy	40.0	0.008	185930	700	233	424	191	10	43.64	43.64	43.64
juego1	easy	40.0	0.008	185939	700	233	424	191	10	43.64	43.64	43.64
juego1	easy	40.0	0.008	185948	700	234	424	190	10	43.64	43.64	43.64
juego1	easy	40.0	0.008	185955	700	234	424	190	10	43.64	43.64	43.64
juego1	easy	40.0	0.008	185963	700	234	424	190	10	43.64	43.64	43.64
juego1	easy	40.0	0.008	185972	700	235	424	189	10	43.64	43.64	43.64
juego1	easy	40.0	0.008	185981	700	235	424	189	10	43.64	43.64	43.64
juego1	easy	40.0	0.008	185988	700	235	424	189	10	43.64	43.64	43.64
juego1	easy	40.0	0.008	185997	700	235	424	189	10	43.64	43.64	43.64
juego1	easy	40.0	0.008	186006	700	236	424	188	10	43.64	43.64	43.64
juego1	easy	40.0	0.008	186015	700	236	424	188	10	43.64	43.64	43.64
juego1	easy	40.0	0.008	186023	700	236	424	188	10	43.64	43.64	43.64
juego1	easy	40.0	0.008	186032	700	236	424	188	10	43.64	43.64	43.64
juego1	easy	40.0	0.008	186040	700	237	424	187	10	43.64	43.64	43.64
juego1	easy	40.0	0.008	186049	700	237	424	187	10	43.64	43.64	43.64
juego1	easy	40.0	0.008	186057	700	237	424	187	10	43.64	43.64	43.64
juego1	easy	40.0	0.008	186066	700	238	424	186	10	43.64	43.64	43.64
juego1	easy	40.0	0.008	186075	700	238	424	186	10	43.64	43.64	43.64
juego1	easy	40.0	0.008	186083	700	238	424	186	10	43.64	43.64	43.64
juego1	easy	40.0	0.008	186092	700	238	424	186	10	43.64	43.64	43.64
juego1	easy	40.0	0.008	186100	700	239	424	185	10	43.64	43.64	43.64
juego1	easy	40.0	0.008	186108	700	239	424	185	10	43.64	43.64	43.64
juego1	easy	40.0	0.008	186117	700	239	424	185	10	43.64	43.64	43.64
juego1	easy	40.0	0.008	186125	700	240	424	184	10	43.64	43.64	43.64
juego1	easy	40.0	0.008	186133	700	240	424	184	10	43.64	43.64	43.64
juego1	easy	40.0	0.008	186142	700	240	424	184	10	43.64	43.64	43.64
juego1	easy	40.0	0.008	186150	700	241	424	183	10	43.64	43.64	43.64
juego1	easy	40.0	0.008	186159	700	241	424	183	10	43.64	43.64	43.64
juego1	easy	40.0	0.008	186168	700	241	424	183	10	43.64	43.64	43.64
juego1	easy	40.0	0.008	186176	700	241	424	183	10	43.64	43.64	43.64
juego1	easy	40.0	0.008	186185	700	242	424	182	10	43.64	43.64	43.64
juego1	easy	40.0	0.008	186194	700	242	424	182	10	43.64	43.64	43.64
juego1	easy	40.0	0.008	186202	700	242	424	182	10	43.64	43.64	43.64
juego1	easy	40.0	0.008	186212	700	243	424	181	10	43.64	43.64	43.64
juego1	easy	40.0	0.008	186220	700	243	424	181	10	43.64	43.64	43.64
juego1	easy	40.0	0.008	186229	700	243	424	181	10	43.64	43.64	43.64
juego1	easy	40.0	0.008	186237	700	244	424	180	10	43.64	43.64	43.64
juego1	easy	40.0	0.008	186246	700	244	424	180	10	43.64	43.64	43.64
juego1	easy	40.0	0.008	186254	700	244	424	180	10	43.64	43.64	43.64
juego1	easy	40.0	0.008	186263	700	245	424	179	10	43.64	43.64	43.64
juego1	easy	40.0	0.008	186272	700	245	424	179	10	43.64	43.64	43.64
juego1	easy	40.0	0.008	186281	700	245	424	179	10	43.64	43.64	43.64
juego1	easy	40.0	0.008	186290	700	246	424	178	10	43.64	43.64	43.64
juego1	easy	40.0	0.008	186299	700	246	424	178	10	43.64	43.64	43.64
juego1	easy	40.0	0.008	186308	700	246	424	178	10	43.64	43.64	43.64
juego1	easy	40.0	0.008	186317	700	247	424	177	10	43.64	43.64	43.64
juego1	easy	40.0	0.008	186326	700	247	424	177	10	43.64	43.64	43.64
juego1	easy	40.0	0.008	186334	700	247	424	177	10	43.64	43.64	43.64
juego1	easy	40.0	0.008	186343	700	248	424	176	10	43.64	43.64	43.64
juego1	easy	40.0	0.008	186351	700	248	424	176	10	43.64	43.64	43.64
juego1	easy	40.0	0.008	186359	700	248	424	176	10	43.64	43.64	43.64
juego1	easy	40.0	0.008	186368	700	249	424	175	10	43.64	43.64	43.64
juego1	easy	40.0	0.008	186376	700	249	424	175	10	43.64	43.64	43.64
juego1	easy	40.0	0.008	186384	700	249	424	175	10	43.64	43.64	43.64
juego1	easy	40.0	0.008	186393	700	250	424	174	10	43.64	43.64	43.64
juego1	easy	40.0	0.008	186401	700	250	424	174	10	43.64	43.64	43.64
juego1	easy	40.0	0.008	186409	700	250	424	174	10	43.64	43.64	43.64
juego1	easy	40.0	0.008	186418	700	251	424	173	10	43.64	43.64	43.64
juego1	easy	40.0	0.008	186427	700	251	424	173	10	43.64	43.64	43.64
juego1	easy	40.0	0.008	186436	700	251	424	173	10	43.64	43.64	43.64
juego1	easy	40.0	0.008	186445	700	252	424	172	10	43.64	43.64	43.64
juego1	easy	40.0	0.008	186453	700	252	424	172	10	43.64	43.64	43.64
juego1	easy	40.0	0.008	186461	700	253	424	171	10	43.64	43.64	43.64
juego1	easy	40.0	0.008	186470	700	253	424	171	10	43.64	43.64	43.64
juego1	easy	40.0	0.008	186478	700	253	424	171	10	43.64	43.64	43.64
juego1	easy	40.0	0.008	186486	700	254	424	170	10	43.64	43.64	43.64
juego1	easy	40.0	0.008	186494	700	254	424	170	10	43.64	43.64	43.64
juego1	easy	40.0	0.008	186503	700	254	424	170	10	43.64	43.64	43.64
juego1	easy	40.0	0.008	186511	700	255	424	169	10	43.64	43.64	43.64
juego1	easy	40.0	0.008	186520	700	255	424	169	10	43.64	43.64	43.64
juego1	easy	40.0	0.008	186528	700	255	424	169	10	43.64	43.64	43.64
juego1	easy	40.0	0.008	186537	700	256	424	168	10	43.64	43.64	43.64
juego1	easy	40.0	0.008	186546	700	256	424	168	10	43.64	43.64	43.64
juego1	easy	40.0	0.008	186554	700	256	424	168	10	43.64	43.64	43.64
juego1	easy	40.0	0.008	186563	700	257	424	167	10	43.64	43.64	43.64
juego1	easy	40.0	0.008	186571	700	257	424	167	10	43.64	43.64	43.64
juego1	easy	40.0	0.008	186580	700	258	424	166	10	43.64	43.64	43.64
juego1	easy	40.0	0.008	186588	700	258	424	166	10	43.64	43.64	43.64
juego1	easy	40.0	0.008	186595	700	258	424	166	10	43.64	43.64	43.64
juego1	easy	40.0	0.008	186604	700	259	424	165	10	43.64	43.64	43.64
juego1	easy	40.0	0.008	186611	700	259	424	165	10	43.64	43.64	43.64
juego1	easy	40.0	0.008	186620	700	259	424	165	10	43.64	43.64	43.64
juego1	easy	40.0	0.008	186627	700	260	424	164	10	43.64	43.64	43.64
juego1	easy	40.0	0.008	186636	700	260	424	164	10	43.64	43.64	43.64
juego1	easy	40.0	0.008	186644	700	261	424	163	10	43.64	43.64	43.64
juego1	easy	40.0	0.008	186653	700	261	424	163	10	43.64	43.64	43.64
juego1	easy	40.0	0.008	186661	700	261	424	163	10	43.64	43.64	43.64
juego1	easy	40.0	0.008	186670	700	262	424	162	10	43.64	43.64	43.64
juego1	easy	40.0	0.008	186678	700	262	424	162	10	43.64	43.64	43.64
juego1	easy	40.0	0.008	186687	700	262	424	162	10	43.64	43.64	43.64
juego1	easy	40.0	0.008	186696	700	263	424	161	10	43.64	43.64	43.64
juego1	easy	40.0	0.008	186704	700	263	424	161	10	43.64	43.64	43.64
juego1	easy	40.0	0.008	186713	700	263	424	161	10	43.64	43.64	43.64
juego1	easy	40.0	0.008	186721	700	264	424	160	10	43.64	43.64	43.64
juego1	easy	40.0	0.008	186730	700	264	424	160	10	43.64	43.64	43.64
juego1	easy	40.0	0.008	186738	700	265	424	159	10	43.64	43.64	43.64
juego1	easy	40.0	0.008	186747	700	265	424	159	10	43.64	43.64	43.64
juego1	easy	40.0	0.008	186756	700	265	424	159	10	43.64	43.64	43.64
juego1	easy	40.0	0.008	186764	700	266	424	158	10	43.64	43.64	43.64
juego1	easy	40.0	0.008	186773	700	266	424	158	10	43.64	43.64	43.64
juego1	easy	40.0	0.008	186782	700	266	424	158	10	43.64	43.64	43.64
juego1	easy	40.0	0.008	186791	700	267	424	157	10	43.64	43.64	43.64
juego1	easy	40.0	0.008	186800	700	267	424	157	10	43.64	43.64	43.64
juego1	easy	40.0	0.008	186808	700	268	424	156	10	43.64	43.64	43.64
juego1	easy	40.0	0.008	186817	700	268	424	156	10	43.64	43.64	43.64
juego1	easy	40.0	0.008	186825	700	269	424	155	10	43.64	43.64	43.64
juego1	easy	40.0	0.008	186834	700	269	424	155	10	43.64	43.64	43.64
juego1	easy	40.0	0.008	186843	700	270	424	154	10	43.64	43.64	43.64
juego1	easy	40.0	0.008	186851	700	271	424	153	10	43.64	43.64	43.64
juego1	easy	40.0	0.008	186859	700	271	424	153	10	43.64	43.64	43.64
juego1	easy	40.0	0.008	186868	700	272	424	152	10	43.64	43.64	43.64
juego1	easy	40.0	0.008	186877	700	272	424	152	10	43.64	43.64	43.64
juego1	easy	40.0	0.008	186885	700	273	424	151	10	43.64	43.64	43.64
juego1	easy	40.0	0.008	186894	700	274	424	150	10	43.64	43.64	43.64
juego1	easy	40.0	0.008	186903	700	274	424	150	10	43.64	43.64	43.64
juego1	easy	40.0	0.008	186910	700	275	424	149	10	43.64	43.64	43.64
juego1	easy	40.0	0.008	186919	700	275	424	149	10	43.64	43.64	43.64
juego1	easy	40.0	0.008	186928	700	276	424	148	10	43.64	43.64	43.64
juego1	easy	40.0	0.008	186937	700	276	424	148	10	43.64	43.64	43.64
juego1	easy	40.0	0.008	186944	700	277	424	147	10	43.64	43.64	43.64
juego1	easy	40.0	0.008	186953	700	278	424	146	10	43.64	43.64	43.64
juego1	easy	40.0	0.008	186961	700	278	424	146	10	43.64	43.64	43.64
juego1	easy	40.0	0.008	186970	700	279	424	145	10	43.64	43.64	43.64
juego1	easy	40.0	0.008	186978	700	279	424	145	10	43.64	43.64	43.64
juego1	easy	40.0	0.008	186987	700	280	424	144	10	43.64	43.64	43.64
juego1	easy	40.0	0.008	186995	700	280	424	144	10	43.64	43.64	43.64
juego1	easy	40.0	0.008	187004	700	281	424	143	10	43.64	43.64	43.64
juego1	easy	40.0	0.008	187012	700	282	424	142	10	43.64	43.64	43.64
juego1	easy	40.0	0.008	187021	700	282	424	142	10	43.64	43.64	43.64
juego1	easy	40.0	0.008	187029	700	283	424	141	10	43.64	43.64	43.64
juego1	easy	40.0	0.008	187039	700	283	424	141	10	43.64	43.64	43.64
juego1	easy	40.0	0.008	187047	700	284	424	140	10	43.64	43.64	43.64
juego1	easy	40.0	0.008	187056	700	285	424	139	10	43.64	43.64	43.64
juego1	easy	40.0	0.008	187064	700	285	424	139	10	43.64	43.64	43.64
juego1	easy	40.0	0.008	187073	700	286	424	138	10	43.64	43.64	43.64
juego1	easy	40.0	0.008	187080	700	286	424	138	10	43.64	43.64	43.64
juego1	easy	40.0	0.008	187090	700	287	424	137	10	43.64	43.64	43.64
juego1	easy	40.0	0.008	187098	700	287	424	137	10	43.64	43.64	43.64
juego1	easy	40.0	0.008	187106	700	288	424	136	10	43.64	43.64	43.64
juego1	easy	40.0	0.008	187115	700	288	424	136	10	43.64	43.64	43.64
juego1	easy	40.0	0.008	187124	700	289	424	135	10	43.64	43.64	43.64
juego1	easy	40.0	0.008	187132	700	290	424	134	10	43.64	43.64	43.64
juego1	easy	40.0	0.008	187140	700	290	424	134	10	43.64	43.64	43.64
juego1	easy	40.0	0.008	187150	700	291	424	133	10	43.64	43.64	43.64
juego1	easy	40.0	0.008	187158	700	291	424	133	10	43.64	43.64	43.64
juego1	easy	40.0	0.008	187167	700	292	424	132	10	43.64	43.64	43.64
juego1	easy	40.0	0.008	187176	700	292	424	132	10	43.64	43.64	43.64
juego1	easy	40.0	0.008	187185	700	293	424	131	10	43.64	43.64	43.64
juego1	easy	40.0	0.008	187192	700	293	424	131	10	43.64	43.64	43.64
juego1	easy	40.0	0.008	187200	700	294	424	130	10	43.64	43.64	43.64
juego1	easy	40.0	0.008	187210	700	295	424	129	10	43.64	43.64	43.64
juego1	easy	40.0	0.008	187218	700	295	424	129	10	43.64	43.64	43.64
juego1	easy	40.0	0.008	187227	700	296	424	128	10	43.64	43.64	43.64
juego1	easy	40.0	0.008	187235	700	296	424	128	10	43.64	43.64	43.64
juego1	easy	40.0	0.008	187243	700	297	424	127	10	43.64	43.64	43.64
juego1	easy	40.0	0.008	187252	700	297	424	127	10	43.64	43.64	43.64
juego1	easy	40.0	0.008	187260	700	298	424	126	10	43.64	43.64	43.64
juego1	easy	40.0	0.008	187270	700	298	424	126	10	43.64	43.64	43.64
juego1	easy	40.0	0.008	187277	700	299	424	125	10	43.64	43.64	43.64
juego1	easy	40.0	0.008	187286	700	299	424	125	10	43.64	43.64	43.64
juego1	easy	40.0	0.008	187294	700	300	424	124	10	43.64	43.64	43.64
juego1	easy	40.0	0.008	187303	700	300	424	124	10	43.64	43.64	43.64
juego1	easy	40.0	0.008	187311	700	300	424	124	10	43.64	43.64	43.64
juego1	easy	40.0	0.008	187320	700	300	424	124	10	43.64	43.64	43.64
juego1	easy	40.0	0.008	187328	700	301	424	123	10	43.64	43.64	43.64
juego1	easy	40.0	0.008	187337	700	301	424	123	10	43.64	43.64	43.64
juego1	easy	40.0	0.008	187345	700	302	424	122	10	43.64	43.64	43.64
juego1	easy	40.0	0.008	187353	700	303	424	121	10	43.64	43.64	43.64
juego1	easy	40.0	0.008	187361	700	303	424	121	10	43.64	43.64	43.64
juego1	easy	40.0	0.008	187370	700	304	424	120	10	43.64	43.64	43.64
juego1	easy	40.0	0.008	187378	700	304	424	120	10	43.64	43.64	43.64
juego1	easy	40.0	0.008	187387	700	305	424	119	10	43.64	43.64	43.64
juego1	easy	40.0	0.008	187396	700	305	424	119	10	43.64	43.64	43.64
juego1	easy	40.0	0.008	187405	700	306	424	118	10	43.64	43.64	43.64
juego1	easy	40.0	0.008	187413	700	306	424	118	10	43.64	43.64	43.64
juego1	easy	40.0	0.008	187422	700	307	424	117	10	43.64	43.64	43.64
juego1	easy	40.0	0.008	187430	700	307	424	117	10	43.64	43.64	43.64
juego1	easy	40.0	0.008	187438	700	307	424	117	10	43.64	43.64	43.64
juego1	easy	40.0	0.008	187447	700	308	424	116	10	43.64	43.64	43.64
juego1	easy	40.0	0.008	187455	700	308	424	116	10	43.64	43.64	43.64
juego1	easy	40.0	0.008	187464	700	309	424	115	10	43.64	43.64	43.64
juego1	easy	40.0	0.008	187472	700	309	424	115	10	43.64	43.64	43.64
juego1	easy	40.0	0.008	187480	700	310	424	114	10	43.64	43.64	43.64
juego1	easy	40.0	0.008	187489	700	310	424	114	10	43.64	43.64	43.64
juego1	easy	40.0	0.008	187498	700	311	424	113	10	43.64	43.64	43.64
juego1	easy	40.0	0.008	187507	700	311	424	113	10	43.64	43.64	43.64
juego1	easy	40.0	0.008	187515	700	312	424	112	10	43.64	43.64	43.64
juego1	easy	40.0	0.008	187524	700	312	424	112	10	43.64	43.64	43.64
juego1	easy	40.0	0.008	187533	700	313	424	111	10	43.64	43.64	43.64
juego1	easy	40.0	0.008	187541	700	313	424	111	10	43.64	43.64	43.64
juego1	easy	40.0	0.008	187550	700	314	424	110	10	43.64	43.64	43.64
juego1	easy	40.0	0.008	187559	700	314	424	110	10	43.64	43.64	43.64
juego1	easy	40.0	0.008	187567	700	314	424	110	10	43.64	43.64	43.64
juego1	easy	40.0	0.008	187576	700	315	424	109	10	43.64	43.64	43.64
juego1	easy	40.0	0.008	187584	700	315	424	109	10	43.64	43.64	43.64
juego1	easy	40.0	0.008	187592	700	316	424	108	10	43.64	43.64	43.64
juego1	easy	40.0	0.008	187601	700	316	424	108	10	43.64	43.64	43.64
juego1	easy	40.0	0.008	187608	700	317	424	107	10	43.64	43.64	43.64
juego1	easy	40.0	0.008	187617	700	317	424	107	10	43.64	43.64	43.64
juego1	easy	40.0	0.008	187626	700	317	424	107	10	43.64	43.64	43.64
juego1	easy	40.0	0.008	187635	700	318	424	106	10	43.64	43.64	43.64
juego1	easy	40.0	0.008	187644	700	318	424	106	10	43.64	43.64	43.64
juego1	easy	40.0	0.008	187653	700	319	424	105	10	43.64	43.64	43.64
juego1	easy	40.0	0.008	187662	700	319	424	105	10	43.64	43.64	43.64
juego1	easy	40.0	0.008	187670	700	320	424	104	10	43.64	43.64	43.64
juego1	easy	40.0	0.008	187678	700	320	424	104	10	43.64	43.64	43.64
juego1	easy	40.0	0.008	187687	700	320	424	104	10	43.64	43.64	43.64
juego1	easy	40.0	0.008	187694	700	321	424	103	10	43.64	43.64	43.64
juego1	easy	40.0	0.008	187703	700	321	424	103	10	43.64	43.64	43.64
juego1	easy	40.0	0.008	187711	700	322	424	102	10	43.64	43.64	43.64
juego1	easy	40.0	0.008	187719	700	322	424	102	10	43.64	43.64	43.64
juego1	easy	40.0	0.008	187728	700	322	424	102	10	43.64	43.64	43.64
juego1	easy	40.0	0.008	187737	700	323	424	101	10	43.64	43.64	43.64
juego1	easy	40.0	0.008	187746	700	323	424	101	10	43.64	43.64	43.64
juego1	easy	40.0	0.008	187754	700	323	424	101	10	43.64	43.64	43.64
juego1	easy	40.0	0.008	187762	700	324	424	100	10	43.64	43.64	43.64
juego1	easy	40.0	0.008	187771	700	324	424	100	10	43.64	43.64	43.64
juego1	easy	40.0	0.008	187779	700	324	424	100	10	43.64	43.64	43.64
juego1	easy	40.0	0.008	187788	700	325	424	99	10	43.64	43.64	43.64
juego1	easy	40.0	0.008	187797	700	325	424	99	10	43.64	43.64	43.64
juego1	easy	40.0	0.008	187806	700	326	424	98	10	43.64	43.64	43.64
juego1	easy	40.0	0.008	187815	700	326	424	98	10	43.64	43.64	43.64
juego1	easy	40.0	0.008	187824	700	326	424	98	10	43.64	43.64	43.64
juego1	easy	40.0	0.008	187832	700	327	424	97	10	43.64	43.64	43.64
juego1	easy	40.0	0.008	187841	700	327	424	97	10	43.64	43.64	43.64
juego1	easy	40.0	0.008	187849	700	327	424	97	10	43.64	43.64	43.64
juego1	easy	40.0	0.008	187857	700	328	424	96	10	43.64	43.64	43.64
juego1	easy	40.0	0.008	187866	700	328	424	96	10	43.64	43.64	43.64
juego1	easy	40.0	0.008	187874	700	328	424	96	10	43.64	43.64	43.64
juego1	easy	40.0	0.008	187883	700	329	424	95	10	43.64	43.64	43.64
juego1	easy	40.0	0.008	187891	700	329	424	95	10	43.64	43.64	43.64
juego1	easy	40.0	0.008	187900	700	329	424	95	10	43.64	43.64	43.64
juego1	easy	40.0	0.008	187908	700	329	424	95	10	43.64	43.64	43.64
juego1	easy	40.0	0.008	187917	700	330	424	94	10	43.64	43.64	43.64
juego1	easy	40.0	0.008	187926	700	330	424	94	10	43.64	43.64	43.64
juego1	easy	40.0	0.008	187935	700	330	424	94	10	43.64	43.64	43.64
juego1	easy	40.0	0.008	187944	700	331	424	93	10	43.64	43.64	43.64
juego1	easy	40.0	0.008	187953	700	331	424	93	10	43.64	43.64	43.64
juego1	easy	40.0	0.008	187960	700	331	424	93	10	43.64	43.64	43.64
juego1	easy	40.0	0.008	187968	700	331	424	93	10	43.64	43.64	43.64
juego1	easy	40.0	0.008	187977	700	332	424	92	10	43.64	43.64	43.64
juego1	easy	40.0	0.008	187985	700	332	424	92	10	43.64	43.64	43.64
juego1	easy	40.0	0.008	187993	700	332	424	92	10	43.64	43.64	43.64
juego1	easy	40.0	0.008	188002	700	332	424	92	10	43.64	43.64	43.64
juego1	easy	40.0	0.008	188010	700	333	424	91	10	43.64	43.64	43.64
juego1	easy	40.0	0.008	188019	700	333	424	91	10	43.64	43.64	43.64
juego1	easy	40.0	0.008	188028	700	333	424	91	10	43.64	43.64	43.64
juego1	easy	40.0	0.008	188036	700	333	424	91	10	43.64	43.64	43.64
juego1	easy	40.0	0.008	188045	700	334	424	90	10	43.64	43.64	43.64
juego1	easy	40.0	0.008	188053	700	334	424	90	10	43.64	43.64	43.64
juego1	easy	40.0	0.008	188062	700	334	424	90	10	43.64	43.64	43.64
juego1	easy	40.0	0.008	188070	700	334	424	90	10	43.64	43.64	43.64
juego1	easy	40.0	0.008	188079	700	335	424	89	10	43.64	43.64	43.64
juego1	easy	40.0	0.008	188088	700	335	424	89	10	43.64	43.64	43.64
juego1	easy	40.0	0.008	188097	700	335	424	89	10	43.64	43.64	43.64
juego1	easy	40.0	0.008	188105	700	335	424	89	10	43.64	43.64	43.64
juego1	easy	40.0	0.008	188113	700	335	424	89	10	43.64	43.64	43.64
juego1	easy	40.0	0.008	188121	700	336	424	88	10	43.64	43.64	43.64
juego1	easy	40.0	0.008	188130	700	336	424	88	10	43.64	43.64	43.64
juego1	easy	40.0	0.008	188138	700	336	424	88	10	43.64	43.64	43.64
juego1	easy	40.0	0.008	188147	700	336	424	88	10	43.64	43.64	43.64
juego1	easy	40.0	0.008	188155	700	336	424	88	10	43.64	43.64	43.64
juego1	easy	40.0	0.008	188164	700	337	424	87	10	43.64	43.64	43.64
juego1	easy	40.0	0.008	188172	700	337	424	87	10	43.64	43.64	43.64
juego1	easy	40.0	0.008	188181	700	337	424	87	10	43.64	43.64	43.64
juego1	easy	40.0	0.008	188189	700	337	424	87	10	43.64	43.64	43.64
juego1	easy	40.0	0.008	188198	700	337	424	87	10	43.64	43.64	43.64
juego1	easy	40.0	0.008	188207	700	337	424	87	10	43.64	43.64	43.64
juego1	easy	40.0	0.008	188215	700	337	424	87	10	43.64	43.64	43.64
juego1	easy	40.0	0.008	188224	700	338	424	86	10	43.64	43.64	43.64
juego1	easy	40.0	0.008	188232	700	338	424	86	10	43.64	43.64	43.64
juego1	easy	40.0	0.008	188241	700	338	424	86	10	43.64	43.64	43.64
juego1	easy	40.0	0.008	188250	700	338	424	86	10	43.64	43.64	43.64
juego1	easy	40.0	0.008	188258	700	338	424	86	10	43.64	43.64	43.64
juego1	easy	40.0	0.008	188267	700	338	424	86	10	43.64	43.64	43.64
juego1	easy	40.0	0.008	188275	700	338	424	86	10	43.64	43.64	43.64
juego1	easy	40.0	0.008	188284	700	338	424	86	10	43.64	43.64	43.64
juego1	easy	40.0	0.008	188293	700	339	424	85	10	43.64	43.64	43.64
juego1	easy	40.0	0.008	188301	700	339	424	85	10	43.64	43.64	43.64
juego1	easy	40.0	0.008	188310	700	339	424	85	10	43.64	43.64	43.64
juego1	easy	40.0	0.008	188318	700	339	424	85	10	43.64	43.64	43.64
juego1	easy	40.0	0.008	188327	700	339	424	85	10	43.64	43.64	43.64
juego1	easy	40.0	0.008	188335	700	339	424	85	10	43.64	43.64	43.64
juego1	easy	40.0	0.008	188344	700	339	424	85	10	43.64	43.64	43.64
juego1	easy	40.0	0.008	188352	700	339	424	85	10	43.64	43.64	43.64
juego1	easy	40.0	0.008	188361	700	339	424	85	10	43.64	43.64	43.64
juego1	easy	40.0	0.008	188369	700	339	424	85	10	43.64	43.64	43.64
juego1	easy	40.0	0.008	188378	700	339	424	85	10	43.64	43.64	43.64
juego1	easy	40.0	0.008	188385	700	339	424	85	10	43.64	43.64	43.64
juego1	easy	40.0	0.008	188394	700	339	424	85	10	43.64	43.64	43.64
juego1	easy	40.0	0.008	188401	700	340	424	84	10	43.64	43.64	43.64
juego1	easy	40.0	0.008	188411	700	340	424	84	10	43.64	43.64	43.64
juego1	easy	40.0	0.008	188417	700	340	424	84	10	43.64	43.64	43.64
juego1	easy	40.0	0.008	188425	700	340	424	84	10	43.64	43.64	43.64
juego1	easy	40.0	0.008	188433	700	340	424	84	10	43.64	43.64	43.64
juego1	easy	40.0	0.008	188442	700	340	424	84	10	43.64	43.64	43.64
juego1	easy	40.0	0.008	188449	700	340	424	84	10	43.64	43.64	43.64
juego1	easy	40.0	0.008	188457	700	340	424	84	10	43.64	43.64	43.64
juego1	easy	40.0	0.008	188466	700	340	424	84	10	43.64	43.64	43.64
juego1	easy	40.0	0.008	188474	700	340	424	84	10	43.64	43.64	43.64
juego1	easy	40.0	0.008	188483	700	340	424	84	10	43.64	43.64	43.64
juego1	easy	40.0	0.008	188492	700	340	424	84	10	43.64	43.64	43.64
juego1	easy	40.0	0.008	188499	700	340	424	84	10	43.64	43.64	43.64
juego1	easy	40.0	0.008	188508	700	340	424	84	10	43.64	43.64	43.64
juego1	easy	40.0	0.008	188515	700	340	424	84	10	43.64	43.64	43.64
juego1	easy	40.0	0.008	188524	700	340	424	84	10	43.64	43.64	43.64
juego1	easy	40.0	0.008	188532	700	340	424	84	10	43.64	43.64	43.64
juego1	easy	40.0	0.008	188540	700	340	424	84	10	43.64	43.64	43.64
juego1	easy	40.0	0.008	188549	700	340	424	84	10	43.64	43.64	43.64
juego1	easy	40.0	0.008	188558	700	339	424	85	10	43.64	43.64	43.64
juego1	easy	40.0	0.008	188566	700	339	424	85	10	43.64	43.64	43.64
juego1	easy	40.0	0.008	188574	700	339	424	85	10	43.64	43.64	43.64
juego1	easy	40.0	0.008	188583	700	339	424	85	10	43.64	43.64	43.64
juego1	easy	40.0	0.008	188591	700	339	424	85	10	43.64	43.64	43.64
juego1	easy	40.0	0.008	188599	700	339	424	85	10	43.64	43.64	43.64
juego1	easy	40.0	0.008	188608	700	339	424	85	10	43.64	43.64	43.64
juego1	easy	40.0	0.008	188616	700	339	424	85	10	43.64	43.64	43.64
juego1	easy	40.0	0.008	188625	700	339	424	85	10	43.64	43.64	43.64
juego1	easy	40.0	0.008	188633	700	339	424	85	10	43.64	43.64	43.64
juego1	easy	40.0	0.008	188642	700	339	424	85	10	43.64	43.64	43.64
juego1	easy	40.0	0.008	188651	700	339	424	85	10	43.64	43.64	43.64
juego1	easy	40.0	0.008	188660	700	339	424	85	10	43.64	43.64	43.64
juego1	easy	40.0	0.008	188668	700	338	424	86	10	43.64	43.64	43.64
juego1	easy	40.0	0.008	188677	700	338	424	86	10	43.64	43.64	43.64
juego1	easy	40.0	0.008	188686	700	338	424	86	10	43.64	43.64	43.64
juego1	easy	40.0	0.008	188695	700	338	424	86	10	43.64	43.64	43.64
juego1	easy	40.0	0.008	188703	700	338	424	86	10	43.64	43.64	43.64
juego1	easy	40.0	0.008	188712	700	338	424	86	10	43.64	43.64	43.64
juego1	easy	40.0	0.008	188720	700	338	424	86	10	43.64	43.64	43.64
juego1	easy	40.0	0.008	188728	700	338	424	86	10	43.64	43.64	43.64
juego1	easy	40.0	0.008	188737	700	337	424	87	10	43.64	43.64	43.64
juego1	easy	40.0	0.008	188746	700	337	424	87	10	43.64	43.64	43.64
juego1	easy	40.0	0.008	188755	700	337	424	87	10	43.64	43.64	43.64
juego1	easy	40.0	0.008	188762	700	337	424	87	10	43.64	43.64	43.64
juego1	easy	40.0	0.008	188771	700	337	424	87	10	43.64	43.64	43.64
juego1	easy	40.0	0.008	188780	700	337	424	87	10	43.64	43.64	43.64
juego1	easy	40.0	0.008	188788	700	337	424	87	10	43.64	43.64	43.64
juego1	easy	40.0	0.008	188797	700	336	424	88	10	43.64	43.64	43.64
juego1	easy	40.0	0.008	188805	700	336	424	88	10	43.64	43.64	43.64
juego1	easy	40.0	0.008	188814	700	336	424	88	10	43.64	43.64	43.64
juego1	easy	40.0	0.008	188823	700	336	424	88	10	43.64	43.64	43.64
juego1	easy	40.0	0.008	188831	700	336	424	88	10	43.64	43.64	43.64
juego1	easy	40.0	0.008	188839	700	335	424	89	10	43.64	43.64	43.64
juego1	easy	40.0	0.008	188848	700	335	424	89	10	43.64	43.64	43.64
juego1	easy	40.0	0.008	188857	700	335	424	89	10	43.64	43.64	43.64
juego1	easy	40.0	0.008	188866	700	335	424	89	10	43.64	43.64	43.64
juego1	easy	40.0	0.008	188874	700	335	424	89	10	43.64	43.64	43.64
juego1	easy	40.0	0.008	188883	700	334	424	90	10	43.64	43.64	43.64
juego1	easy	40.0	0.008	188892	700	334	424	90	10	43.64	43.64	43.64
juego1	easy	40.0	0.008	188901	700	334	424	90	10	43.64	43.64	43.64
juego1	easy	40.0	0.008	188909	700	334	424	90	10	43.64	43.64	43.64
juego1	easy	40.0	0.008	188918	700	333	424	91	10	43.64	43.64	43.64
juego1	easy	40.0	0.008	188927	700	333	424	91	10	43.64	43.64	43.64
juego1	easy	40.0	0.008	188936	700	333	424	91	10	43.64	43.64	43.64
juego1	easy	40.0	0.008	188944	700	333	424	91	10	43.64	43.64	43.64
juego1	easy	40.0	0.008	188953	700	332	424	92	10	43.64	43.64	43.64
juego1	easy	40.0	0.008	188962	700	332	424	92	10	43.64	43.64	43.64
juego1	easy	40.0	0.008	188970	700	332	424	92	10	43.64	43.64	43.64
juego1	easy	40.0	0.008	188978	700	332	424	92	10	43.64	43.64	43.64
juego1	easy	40.0	0.008	188987	700	331	424	93	10	43.64	43.64	43.64
juego1	easy	40.0	0.008	188995	700	331	424	93	10	43.64	43.64	43.64
juego1	easy	40.0	0.008	189004	700	331	424	93	10	43.64	43.64	43.64
juego1	easy	40.0	0.008	189012	700	331	424	93	10	43.64	43.64	43.64
juego1	easy	40.0	0.008	189020	700	330	424	94	10	43.64	43.64	43.64
juego1	easy	40.0	0.008	189029	700	330	424	94	10	43.64	43.64	43.64
juego1	easy	40.0	0.008	189037	700	330	424	94	10	43.64	43.64	43.64
juego1	easy	40.0	0.008	189046	700	329	424	95	10	43.64	43.64	43.64
juego1	easy	40.0	0.008	189054	700	329	424	95	10	43.64	43.64	43.64
juego1	easy	40.0	0.008	189063	700	329	424	95	10	43.64	43.64	43.64
juego1	easy	40.0	0.008	189072	700	329	424	95	10	43.64	43.64	43.64
juego1	easy	40.0	0.008	189080	700	328	424	96	10	43.64	43.64	43.64
juego1	easy	40.0	0.008	189089	700	328	424	96	10	43.64	43.64	43.64
juego1	easy	40.0	0.008	189097	700	328	424	96	10	43.64	43.64	43.64
juego1	easy	40.0	0.008	189105	700	327	424	97	10	43.64	43.64	43.64
juego1	easy	40.0	0.008	189114	700	327	424	97	10	43.64	43.64	43.64
juego1	easy	40.0	0.008	189123	700	327	424	97	10	43.64	43.64	43.64
juego1	easy	40.0	0.008	189132	700	326	424	98	10	43.64	43.64	43.64
juego1	easy	40.0	0.008	189140	700	326	424	98	10	43.64	43.64	43.64
juego1	easy	40.0	0.008	189149	700	326	424	98	10	43.64	43.64	43.64
juego1	easy	40.0	0.008	189157	700	325	424	99	10	43.64	43.64	43.64
juego1	easy	40.0	0.008	189166	700	325	424	99	10	43.64	43.64	43.64
juego1	easy	40.0	0.008	189174	700	325	424	99	10	43.64	43.64	43.64
juego1	easy	40.0	0.008	189183	700	324	424	100	10	43.64	43.64	43.64
juego1	easy	40.0	0.008	189192	700	324	424	100	10	43.64	43.64	43.64
juego1	easy	40.0	0.008	189201	700	323	424	101	10	43.64	43.64	43.64
juego1	easy	40.0	0.008	189210	700	323	424	101	10	43.64	43.64	43.64
juego1	easy	40.0	0.008	189220	700	323	424	101	10	43.64	43.64	43.64
juego1	easy	40.0	0.008	189228	700	322	424	102	10	43.64	43.64	43.64
juego1	easy	40.0	0.008	189237	700	322	424	102	10	43.64	43.64	43.64
juego1	easy	40.0	0.008	189246	700	322	424	102	10	43.64	43.64	43.64
juego1	easy	40.0	0.008	189253	700	321	424	103	10	43.64	43.64	43.64
juego1	easy	40.0	0.008	189262	700	321	424	103	10	43.64	43.64	43.64
juego1	easy	40.0	0.008	189271	700	320	424	104	10	43.64	43.64	43.64
juego1	easy	40.0	0.008	189280	700	320	424	104	10	43.64	43.64	43.64
juego1	easy	40.0	0.008	189290	700	320	424	104	10	43.64	43.64	43.64
juego1	easy	40.0	0.008	189296	700	319	424	105	10	43.64	43.64	43.64
juego1	easy	40.0	0.008	189305	700	319	424	105	10	43.64	43.64	43.64
juego1	easy	40.0	0.008	189315	700	318	424	106	10	43.64	43.64	43.64
juego1	easy	40.0	0.008	189323	700	318	424	106	10	43.64	43.64	43.64
juego1	easy	40.0	0.008	189330	700	318	424	106	10	43.64	43.64	43.64
juego1	easy	40.0	0.008	189338	700	317	424	107	10	43.64	43.64	43.64
juego1	easy	40.0	0.008	189346	700	317	424	107	10	43.64	43.64	43.64
juego1	easy	40.0	0.008	189355	700	316	424	108	10	43.64	43.64	43.64
juego1	easy	40.0	0.008	189364	700	316	424	108	10	43.64	43.64	43.64
juego1	easy	40.0	0.008	189372	700	315	424	109	10	43.64	43.64	43.64
juego1	easy	40.0	0.008	189380	700	315	424	109	10	43.64	43.64	43.64
juego1	easy	40.0	0.008	189390	700	315	424	109	10	43.64	43.64	43.64
juego1	easy	40.0	0.008	189398	700	314	424	110	10	43.64	43.64	43.64
juego1	easy	40.0	0.008	189407	700	314	424	110	10	43.64	43.64	43.64
juego1	easy	40.0	0.008	189415	700	313	424	111	10	43.64	43.64	43.64
juego1	easy	40.0	0.008	189424	700	313	424	111	10	43.64	43.64	43.64
juego1	easy	40.0	0.008	189433	700	312	424	112	10	43.64	43.64	43.64
juego1	easy	40.0	0.008	189442	700	312	424	112	10	43.64	43.64	43.64
juego1	easy	40.0	0.008	189451	700	311	424	113	10	43.64	43.64	43.64
juego1	easy	40.0	0.008	189460	700	311	424	113	10	43.64	43.64	43.64
juego1	easy	40.0	0.008	189468	700	310	424	114	10	43.64	43.64	43.64
juego1	easy	40.0	0.008	189476	700	310	424	114	10	43.64	43.64	43.64
juego1	easy	40.0	0.008	189485	700	309	424	115	10	43.64	43.64	43.64
juego1	easy	40.0	0.008	189493	700	309	424	115	10	43.64	43.64	43.64
juego1	easy	40.0	0.008	189502	700	309	424	115	10	43.64	43.64	43.64
juego1	easy	40.0	0.008	189510	700	308	424	116	10	43.64	43.64	43.64
juego1	easy	40.0	0.008	189519	700	308	424	116	10	43.64	43.64	43.64
juego1	easy	40.0	0.008	189528	700	307	424	117	10	43.64	43.64	43.64
juego1	easy	40.0	0.008	189537	700	307	424	117	10	43.64	43.64	43.64
juego1	easy	40.0	0.008	189545	700	306	424	118	10	43.64	43.64	43.64
juego1	easy	40.0	0.008	189554	700	306	424	118	10	43.64	43.64	43.64
juego1	easy	40.0	0.008	189562	700	305	424	119	10	43.64	43.64	43.64
juego1	easy	40.0	0.008	189571	700	305	424	119	10	43.64	43.64	43.64
juego1	easy	40.0	0.008	189579	700	304	424	120	10	43.64	43.64	43.64
juego1	easy	40.0	0.008	189588	700	304	424	120	10	43.64	43.64	43.64
juego1	easy	40.0	0.008	189596	700	303	424	121	10	43.64	43.64	43.64
juego1	easy	40.0	0.008	189606	700	303	424	121	10	43.64	43.64	43.64
juego1	easy	40.0	0.008	189613	700	302	424	122	10	43.64	43.64	43.64
juego1	easy	40.0	0.008	189622	700	302	424	122	10	43.64	43.64	43.64
juego1	easy	40.0	0.008	189630	700	301	424	123	10	43.64	43.64	43.64
juego1	easy	40.0	0.008	189639	700	301	424	123	10	43.64	43.64	43.64
juego1	easy	40.0	0.008	189648	700	300	424	124	10	43.64	43.64	43.64
juego1	easy	40.0	0.008	189657	700	300	424	124	10	43.64	43.64	43.64
juego1	easy	40.0	0.008	189665	700	300	424	124	10	43.64	43.64	43.64
juego1	easy	40.0	0.008	189674	700	299	424	125	10	43.64	43.64	43.64
juego1	easy	40.0	0.008	189682	700	299	424	125	10	43.64	43.64	43.64
juego1	easy	40.0	0.008	189691	700	298	424	126	10	43.64	43.64	43.64
juego1	easy	40.0	0.008	189701	700	298	424	126	10	43.64	43.64	43.64
juego1	easy	40.0	0.008	189709	700	297	424	127	10	43.64	43.64	43.64
juego1	easy	40.0	0.008	189717	700	297	424	127	10	43.64	43.64	43.64
juego1	easy	40.0	0.008	189726	700	296	424	128	10	43.64	43.64	43.64
juego1	easy	40.0	0.008	189734	700	296	424	128	10	43.64	43.64	43.64
juego1	easy	40.0	0.008	189742	700	295	424	129	10	43.64	43.64	43.64
juego1	easy	40.0	0.008	189751	700	295	424	129	10	43.64	43.64	43.64
juego1	easy	40.0	0.008	189758	700	294	424	130	10	43.64	43.64	43.64
juego1	easy	40.0	0.008	189767	700	294	424	130	10	43.64	43.64	43.64
juego1	easy	40.0	0.008	189775	700	293	424	131	10	43.64	43.64	43.64
juego1	easy	40.0	0.008	189784	700	292	424	132	10	43.64	43.64	43.64
juego1	easy	40.0	0.008	189792	700	292	424	132	10	43.64	43.64	43.64
juego1	easy	40.0	0.008	189801	700	291	424	133	10	43.64	43.64	43.64
juego1	easy	40.0	0.008	189808	700	291	424	133	10	43.64	43.64	43.64
juego1	easy	40.0	0.008	189817	700	290	424	134	10	43.64	43.64	43.64
juego1	easy	40.0	0.008	189825	700	290	424	134	10	43.64	43.64	43.64
juego1	easy	40.0	0.008	189834	700	289	424	135	10	43.64	43.64	43.64
juego1	easy	40.0	0.008	189842	700	289	424	135	10	43.64	43.64	43.64
juego1	easy	40.0	0.008	189851	700	288	424	136	10	43.64	43.64	43.64
juego1	easy	40.0	0.008	189859	700	287	424	137	10	43.64	43.64	43.64
juego1	easy	40.0	0.008	189868	700	287	424	137	10	43.64	43.64	43.64
juego1	easy	40.0	0.008	189876	700	286	424	138	10	43.64	43.64	43.64
juego1	easy	40.0	0.008	189885	700	286	424	138	10	43.64	43.64	43.64
juego1	easy	40.0	0.008	189893	700	285	424	139	10	43.64	43.64	43.64
juego1	easy	40.0	0.008	189902	700	285	424	139	10	43.64	43.64	43.64
juego1	easy	40.0	0.008	189911	700	284	424	140	10	43.64	43.64	43.64
juego1	easy	40.0	0.008	189918	700	283	424	141	10	43.64	43.64	43.64
juego1	easy	40.0	0.008	189927	700	283	424	141	10	43.64	43.64	43.64
juego1	easy	40.0	0.008	189936	700	282	424	142	10	43.64	43.64	43.64
juego1	easy	40.0	0.008	189945	700	282	424	142	10	43.64	43.64	43.64
juego1	easy	40.0	0.008	189954	700	281	424	143	10	43.64	43.64	43.64
juego1	easy	40.0	0.008	189963	700	281	424	143	10	43.64	43.64	43.64
juego1	easy	40.0	0.008	189970	700	280	424	144	10	43.64	43.64	43.64
juego1	easy	40.0	0.008	189979	700	279	424	145	10	43.64	43.64	43.64
juego1	easy	40.0	0.008	189988	700	279	424	145	10	43.64	43.64	43.64
juego1	easy	40.0	0.008	189997	700	278	424	146	10	43.64	43.64	43.64
juego1	easy	40.0	0.008	190006	700	278	424	146	10	43.64	43.64	43.64
juego1	easy	40.0	0.008	190015	700	277	424	147	10	43.64	43.64	43.64
juego1	easy	40.0	0.008	190024	700	276	424	148	10	43.64	43.64	43.64
juego1	easy	40.0	0.008	190032	700	276	424	148	10	43.64	43.64	43.64
juego1	easy	40.0	0.008	190041	700	275	424	149	10	43.64	43.64	43.64
juego1	easy	40.0	0.008	190049	700	275	424	149	10	43.64	43.64	43.64
juego1	easy	40.0	0.008	190058	700	274	424	150	10	43.64	43.64	43.64
juego1	easy	40.0	0.008	190067	700	274	424	150	10	43.64	43.64	43.64
juego1	easy	40.0	0.008	190076	700	273	424	151	10	43.64	43.64	43.64
juego1	easy	40.0	0.008	190084	700	272	424	152	10	43.64	43.64	43.64
juego1	easy	40.0	0.008	190093	700	272	424	152	10	43.64	43.64	43.64
juego1	easy	40.0	0.008	190101	700	271	424	153	10	43.64	43.64	43.64
juego1	easy	40.0	0.008	190110	700	271	424	153	10	43.64	43.64	43.64
juego1	easy	40.0	0.008	190118	700	270	424	154	10	43.64	43.64	43.64
juego1	easy	40.0	0.008	190127	700	269	424	155	10	43.64	43.64	43.64
juego1	easy	40.0	0.008	190135	700	269	424	155	10	43.64	43.64	43.64
juego1	easy	40.0	0.008	190143	700	268	424	156	10	43.64	43.64	43.64
juego1	easy	40.0	0.008	190152	700	268	424	156	11	43.64	43.64	43.64
juego1	easy	40.0	0.008	190160	700	267	424	157	11	43.64	43.64	43.64
juego1	easy	40.0	0.008	190168	700	267	424	157	11	43.64	43.64	43.64
juego1	easy	40.0	0.008	190176	700	267	424	157	11	43.64	43.64	43.64
juego1	easy	40.0	0.008	190185	700	266	424	158	11	43.64	43.64	43.64
juego1	easy	40.0	0.008	190194	700	266	424	158	11	43.64	43.64	43.64
juego1	easy	40.0	0.008	190202	700	266	424	158	11	43.64	43.64	43.64
juego1	easy	40.0	0.008	190211	700	265	424	159	11	43.64	43.64	43.64
juego1	easy	40.0	0.008	190219	700	265	424	159	11	43.64	43.64	43.64
juego1	easy	40.0	0.008	190228	700	265	424	159	11	43.64	43.64	43.64
juego1	easy	40.0	0.008	190237	700	264	424	160	11	43.64	43.64	43.64
juego1	easy	40.0	0.008	190245	700	264	424	160	11	43.64	43.64	43.64
juego1	easy	40.0	0.008	190253	700	263	424	161	11	43.64	43.64	43.64
juego1	easy	40.0	0.008	190262	700	263	424	161	11	43.64	43.64	43.64
juego1	easy	40.0	0.008	190269	700	263	424	161	11	43.64	43.64	43.64
juego1	easy	40.0	0.008	190277	700	262	424	162	11	43.64	43.64	43.64
juego1	easy	40.0	0.008	190286	700	262	424	162	11	43.64	43.64	43.64
juego1	easy	40.0	0.008	190294	700	262	424	162	11	43.64	43.64	43.64
juego1	easy	40.0	0.008	190303	700	261	424	163	11	43.64	43.64	43.64
juego1	easy	40.0	0.008	190311	700	261	424	163	11	43.64	43.64	43.64
juego1	easy	40.0	0.008	190319	700	260	424	164	11	43.64	43.64	43.64
juego1	easy	40.0	0.008	190327	700	260	424	164	11	43.64	43.64	43.64
juego1	easy	40.0	0.008	190336	700	260	424	164	11	43.64	43.64	43.64
juego1	easy	40.0	0.008	190345	700	259	424	165	11	43.64	43.64	43.64
juego1	easy	40.0	0.008	190353	700	259	424	165	11	43.64	43.64	43.64
juego1	easy	40.0	0.008	190362	700	259	424	165	11	43.64	43.64	43.64
juego1	easy	40.0	0.008	190370	700	258	424	166	11	43.64	43.64	43.64
juego1	easy	40.0	0.008	190379	700	258	424	166	11	43.64	43.64	43.64
juego1	easy	40.0	0.008	190387	700	257	424	167	11	43.64	43.64	43.64
juego1	easy	40.0	0.008	190396	700	257	424	167	11	43.64	43.64	43.64
juego1	easy	40.0	0.008	190405	700	257	424	167	11	43.64	43.64	43.64
juego1	easy	40.0	0.008	190414	700	256	424	168	11	43.64	43.64	43.64
juego1	easy	40.0	0.008	190422	700	256	424	168	11	43.64	43.64	43.64
juego1	easy	40.0	0.008	190430	700	256	424	168	11	43.64	43.64	43.64
juego1	easy	40.0	0.008	190439	700	255	424	169	11	43.64	43.64	43.64
juego1	easy	40.0	0.008	190447	700	255	424	169	11	43.64	43.64	43.64
juego1	easy	40.0	0.008	190456	700	255	424	169	11	43.64	43.64	43.64
juego1	easy	40.0	0.008	190464	700	254	424	170	11	43.64	43.64	43.64
juego1	easy	40.0	0.008	190473	700	254	424	170	11	43.64	43.64	43.64
juego1	easy	40.0	0.008	190482	700	253	424	171	11	43.64	43.64	43.64
juego1	easy	40.0	0.008	190489	700	253	424	171	11	43.64	43.64	43.64
juego1	easy	40.0	0.008	190498	700	253	424	171	11	43.64	43.64	43.64
juego1	easy	40.0	0.008	190507	700	252	424	172	11	43.64	43.64	43.64
juego1	easy	40.0	0.008	190514	700	252	424	172	11	43.64	43.64	43.64
juego1	easy	40.0	0.008	190523	700	252	424	172	11	43.64	43.64	43.64
juego1	easy	40.0	0.008	190530	700	251	424	173	11	43.64	43.64	43.64
juego1	easy	40.0	0.008	190539	700	251	424	173	11	43.64	43.64	43.64
juego1	easy	40.0	0.008	190546	700	251	424	173	11	43.64	43.64	43.64
juego1	easy	40.0	0.008	190554	700	250	424	174	11	43.64	43.64	43.64
juego1	easy	40.0	0.008	190563	700	250	424	174	11	43.64	43.64	43.64
juego1	easy	40.0	0.008	190572	700	250	424	174	11	43.64	43.64	43.64
juego1	easy	40.0	0.008	190579	700	249	424	175	11	43.64	43.64	43.64
juego1	easy	40.0	0.008	190588	700	249	424	175	11	43.64	43.64	43.64
juego1	easy	40.0	0.008	190596	700	249	424	175	11	43.64	43.64	43.64
juego1	easy	40.0	0.008	190605	700	248	424	176	11	43.64	43.64	43.64
juego1	easy	40.0	0.008	190614	700	248	424	176	11	43.64	43.64	43.64
juego1	easy	40.0	0.008	190621	700	248	424	176	11	43.64	43.64	43.64
juego1	easy	40.0	0.008	190630	700	247	424	177	11	43.64	43.64	43.64
juego1	easy	40.0	0.008	190638	700	247	424	177	11	43.64	43.64	43.64
juego1	easy	40.0	0.008	190647	700	247	424	177	11	43.64	43.64	43.64
juego1	easy	40.0	0.008	190656	700	246	424	178	11	43.64	43.64	43.64
juego1	easy	40.0	0.008	190663	700	246	424	178	11	43.64	43.64	43.64
juego1	easy	40.0	0.008	190672	700	246	424	178	11	43.64	43.64	43.64
juego1	easy	40.0	0.008	190681	700	245	424	179	11	43.64	43.64	43.64
juego1	easy	40.0	0.008	190689	700	245	424	179	11	43.64	43.64	43.64
juego1	easy	40.0	0.008	190698	700	245	424	179	11	43.64	43.64	43.64
juego1	easy	40.0	0.008	190706	700	244	424	180	11	43.64	43.64	43.64
juego1	easy	40.0	0.008	190715	700	244	424	180	11	43.64	43.64	43.64
juego1	easy	40.0	0.008	190723	700	244	424	180	11	43.64	43.64	43.64
juego1	easy	40.0	0.008	190732	700	243	424	181	11	43.64	43.64	43.64
juego1	easy	40.0	0.008	190741	700	243	424	181	11	43.64	43.64	43.64
juego1	easy	40.0	0.008	190749	700	243	424	181	11	43.64	43.64	43.64
juego1	easy	40.0	0.008	190758	700	242	424	182	11	43.64	43.64	43.64
juego1	easy	40.0	0.008	190766	700	242	424	182	11	43.64	43.64	43.64
juego1	easy	40.0	0.008	190775	700	242	424	182	11	43.64	43.64	43.64
juego1	easy	40.0	0.008	190783	700	241	424	183	11	43.64	43.64	43.64
juego1	easy	40.0	0.008	190792	700	241	424	183	11	43.64	43.64	43.64
juego1	easy	40.0	0.008	190801	700	241	424	183	11	43.64	43.64	43.64
juego1	easy	40.0	0.008	190809	700	240	424	184	11	43.64	43.64	43.64
juego1	easy	40.0	0.008	190818	700	240	424	184	11	43.64	43.64	43.64
juego1	easy	40.0	0.008	190826	700	240	424	184	11	43.64	43.64	43.64
juego1	easy	40.0	0.008	190835	700	240	424	184	11	43.64	43.64	43.64
juego1	easy	40.0	0.008	190843	700	239	424	185	11	43.64	43.64	43.64
juego1	easy	40.0	0.008	190852	700	239	424	185	11	43.64	43.64	43.64
juego1	easy	40.0	0.008	190861	700	239	424	185	11	43.64	43.64	43.64
juego1	easy	40.0	0.008	190869	700	238	424	186	11	43.64	43.64	43.64
juego1	easy	40.0	0.008	190878	700	238	424	186	11	43.64	43.64	43.64
juego1	easy	40.0	0.008	190886	700	238	424	186	11	43.64	43.64	43.64
juego1	easy	40.0	0.008	190895	700	237	424	187	11	43.64	43.64	43.64
juego1	easy	40.0	0.008	190903	700	237	424	187	11	43.64	43.64	43.64
juego1	easy	40.0	0.008	190912	700	237	424	187	11	43.64	43.64	43.64
juego1	easy	40.0	0.008	190920	700	237	424	187	11	43.64	43.64	43.64
juego1	easy	40.0	0.008	190929	700	236	424	188	11	43.64	43.64	43.64
juego1	easy	40.0	0.008	190937	700	236	424	188	11	43.64	43.64	43.64
juego1	easy	40.0	0.008	190946	700	236	424	188	11	43.64	43.64	43.64
juego1	easy	40.0	0.008	190954	700	236	424	188	11	43.64	43.64	43.64
juego1	easy	40.0	0.008	190963	700	235	424	189	11	43.64	43.64	43.64
juego1	easy	40.0	0.008	190972	700	235	424	189	11	43.64	43.64	43.64
juego1	easy	40.0	0.008	190980	700	235	424	189	11	43.64	43.64	43.64
juego1	easy	40.0	0.008	190989	700	234	424	190	11	43.64	43.64	43.64
juego1	easy	40.0	0.008	190998	700	234	424	190	11	43.64	43.64	43.64
juego1	easy	40.0	0.008	191006	700	234	424	190	11	43.64	43.64	43.64
juego1	easy	40.0	0.008	191014	700	234	424	190	11	43.63	43.63	43.63
juego1	easy	40.0	0.008	191023	700	233	424	191	11	43.63	43.63	43.63
juego1	easy	40.0	0.008	191032	700	233	424	191	11	43.64	43.64	43.64
juego1	easy	40.0	0.008	191041	700	233	424	191	11	43.64	43.64	43.64
juego1	easy	40.0	0.008	191049	700	233	424	191	11	43.64	43.64	43.64
juego1	easy	40.0	0.008	191058	700	232	424	192	11	43.64	43.64	43.64
juego1	easy	40.0	0.008	191067	700	232	424	192	11	43.64	43.64	43.64
juego1	easy	40.0	0.008	191075	700	232	424	192	11	43.63	43.63	43.63
juego1	easy	40.0	0.008	191084	700	232	424	192	11	43.63	43.63	43.63
juego1	easy	40.0	0.008	191092	700	231	424	193	11	43.63	43.63	43.63
juego1	easy	40.0	0.008	191100	700	231	424	193	11	43.63	43.63	43.63
juego1	easy	40.0	0.008	191109	700	231	424	193	11	43.63	43.63	43.63
juego1	easy	40.0	0.008	191117	700	231	424	193	11	43.63	43.63	43.63
juego1	easy	40.0	0.008	191125	700	230	424	194	11	43.63	43.63	43.63
juego1	easy	40.0	0.008	191134	700	230	424	194	11	43.63	43.63	43.63
juego1	easy	40.0	0.008	191142	700	230	424	194	11	43.63	43.63	43.63
juego1	easy	40.0	0.008	191151	700	230	424	194	11	43.63	43.63	43.63
juego1	easy	40.0	0.008	191159	700	230	424	194	11	43.63	43.63	43.63
juego1	easy	40.0	0.008	191168	700	229	424	195	11	43.63	43.63	43.63
juego1	easy	40.0	0.008	191177	700	229	424	195	11	43.63	43.63	43.63
juego1	easy	40.0	0.008	191185	700	229	424	195	11	43.63	43.63	43.63
juego1	easy	40.0	0.008	191194	700	229	424	195	11	43.63	43.63	43.63
juego1	easy	40.0	0.008	191202	700	229	424	195	11	43.63	43.63	43.63
juego1	easy	40.0	0.008	191211	700	228	424	196	11	43.63	43.63	43.63
juego1	easy	40.0	0.008	191219	700	228	424	196	11	43.63	43.63	43.63
juego1	easy	40.0	0.008	191227	700	228	424	196	11	43.64	43.64	43.64
juego1	easy	40.0	0.008	191236	700	228	424	196	11	43.64	43.64	43.64
juego1	easy	40.0	0.008	191245	700	228	424	196	11	43.64	43.64	43.64
juego1	easy	40.0	0.008	191253	700	227	424	197	11	43.64	43.64	43.64
juego1	easy	40.0	0.008	191262	700	227	424	197	11	43.63	43.63	43.63
juego1	easy	40.0	0.008	191271	700	227	424	197	11	43.63	43.63	43.63
juego1	easy	40.0	0.008	191280	700	227	424	197	11	43.63	43.63	43.63
juego1	easy	40.0	0.008	191289	700	227	424	197	11	43.63	43.63	43.63
juego1	easy	40.0	0.008	191297	700	226	424	198	11	43.64	43.64	43.64
juego1	easy	40.0	0.008	191306	700	226	424	198	11	43.63	43.63	43.63
juego1	easy	40.0	0.008	191314	700	226	424	198	11	43.63	43.63	43.63
juego1	easy	40.0	0.008	191323	700	226	424	198	11	43.63	43.63	43.63
juego1	easy	40.0	0.008	191332	700	226	424	198	11	43.63	43.63	43.63
juego1	easy	40.0	0.008	191341	700	226	424	198	11	43.63	43.63	43.63
juego1	easy	40.0	0.008	191350	700	225	424	199	11	43.63	43.63	43.63
juego1	easy	40.0	0.008	191359	700	225	424	199	11	43.63	43.63	43.63
juego1	easy	40.0	0.008	191368	700	225	424	199	11	43.63	43.63	43.63
juego1	easy	40.0	0.008	191377	700	225	424	199	11	43.63	43.63	43.63
juego1	easy	40.0	0.008	191386	700	225	424	199	11	43.63	43.63	43.63
juego1	easy	40.0	0.008	191394	700	225	424	199	11	43.63	43.63	43.63
juego1	easy	40.0	0.008	191402	700	224	424	200	11	43.63	43.63	43.63
juego1	easy	40.0	0.008	191411	700	224	424	200	11	43.63	43.63	43.63
juego1	easy	40.0	0.008	191420	700	224	424	200	11	43.63	43.63	43.63
juego1	easy	40.0	0.008	191428	700	224	424	200	11	43.63	43.63	43.63
juego1	easy	40.0	0.008	191436	700	224	424	200	11	43.63	43.63	43.63
juego1	easy	40.0	0.008	191444	700	224	424	200	11	43.63	43.63	43.63
juego1	easy	40.0	0.008	191452	700	224	424	200	11	43.63	43.63	43.63
juego1	easy	40.0	0.008	191460	700	223	424	201	11	43.64	43.64	43.64
juego1	easy	40.0	0.008	191470	700	223	424	201	11	43.64	43.64	43.64
juego1	easy	40.0	0.008	191477	700	223	424	201	11	43.64	43.64	43.64
juego1	easy	40.0	0.008	191486	700	223	424	201	11	43.64	43.64	43.64
juego1	easy	40.0	0.008	191495	700	223	424	201	11	43.64	43.64	43.64
juego1	easy	40.0	0.008	191503	700	223	424	201	11	43.64	43.64	43.64
juego1	easy	40.0	0.008	191511	700	223	424	201	11	43.64	43.64	43.64
juego1	easy	40.0	0.008	191520	700	223	424	201	11	43.64	43.64	43.64
juego1	easy	40.0	0.008	191529	700	223	424	201	11	43.64	43.64	43.64
juego1	easy	40.0	0.008	191538	700	222	424	202	11	43.64	43.64	43.64
juego1	easy	40.0	0.008	191546	700	222	424	202	11	43.64	43.64	43.64
juego1	easy	40.0	0.008	191555	700	222	424	202	11	43.64	43.64	43.64
juego1	easy	40.0	0.008	191563	700	222	424	202	11	43.64	43.64	43.64
juego1	easy	40.0	0.008	191572	700	222	424	202	11	43.64	43.64	43.64
juego1	easy	40.0	0.008	191580	700	222	424	202	11	43.64	43.64	43.64
juego1	easy	40.0	0.008	191590	700	222	424	202	11	43.64	43.64	43.64
juego1	easy	40.0	0.008	191598	700	222	424	202	11	43.64	43.64	43.64
juego1	easy	40.0	0.008	191607	700	222	424	202	11	43.64	43.64	43.64
juego1	easy	40.0	0.008	191615	700	222	424	202	11	43.64	43.64	43.64
juego1	easy	40.0	0.008	191624	700	222	424	202	11	43.63	43.63	43.63
juego1	easy	40.0	0.008	191633	700	222	424	202	11	43.63	43.63	43.63
juego1	easy	40.0	0.008	191642	700	221	424	203	11	43.63	43.63	43.63
juego1	easy	40.0	0.008	191649	700	221	424	203	11	43.63	43.63	43.63
juego1	easy	40.0	0.008	191658	700	221	424	203	11	43.63	43.63	43.63
juego1	easy	40.0	0.008	191666	700	221	424	203	11	43.63	43.63	43.63
juego1	easy	40.0	0.008	191676	700	221	424	203	11	43.63	43.63	43.63
juego1	easy	40.0	0.008	191683	700	221	424	203	11	43.63	43.63	43.63
juego1	easy	40.0	0.008	191692	700	221	424	203	11	43.63	43.63	43.63
juego1	easy	40.0	0.008	191699	700	221	424	203	11	43.63	43.63	43.63
juego1	easy	40.0	0.008	191708	700	221	424	203	11	43.63	43.63	43.63
juego1	easy	40.0	0.008	191717	700	221	424	203	11	43.63	43.63	43.63
juego1	easy	40.0	0.008	191726	700	221	424	203	11	43.63	43.63	43.63
juego1	easy	40.0	0.008	191736	700	221	424	203	11	43.63	43.63	43.63
juego1	easy	40.0	0.008	191743	700	221	424	203	11	43.63	43.63	43.63
juego1	easy	40.0	0.008	191752	700	221	424	203	11	43.63	43.63	43.63
juego1	easy	40.0	0.008	191760	700	221	424	203	11	43.63	43.63	43.63
juego1	easy	40.0	0.008	191769	700	221	424	203	11	43.63	43.63	43.63
juego1	easy	40.0	0.008	191778	700	221	424	203	11	43.63	43.63	43.63
juego1	easy	40.0	0.008	191786	700	221	424	203	11	43.62	43.62	43.62
juego1	easy	40.0	0.008	191796	700	221	424	203	11	43.63	43.63	43.63
juego1	easy	40.0	0.008	191803	700	221	424	203	11	43.63	43.63	43.63
juego1	easy	40.0	0.008	191812	700	221	424	203	11	43.63	43.63	43.63
juego1	easy	40.0	0.008	191821	700	221	424	203	11	43.63	43.63	43.63
juego1	easy	40.0	0.008	191828	700	221	424	203	11	43.63	43.63	43.63
juego1	easy	40.0	0.008	191837	700	221	424	203	11	43.63	43.63	43.63
juego1	easy	40.0	0.008	191845	700	221	424	203	11	43.63	43.63	43.63
juego1	easy	40.0	0.008	191854	700	221	424	203	11	43.63	43.63	43.63
juego1	easy	40.0	0.008	191862	700	221	424	203	11	43.63	43.63	43.63
juego1	easy	40.0	0.008	191871	700	221	424	203	11	43.63	43.63	43.63
juego1	easy	40.0	0.008	191879	700	221	424	203	11	43.63	43.63	43.63
juego1	easy	40.0	0.008	191887	700	221	424	203	11	43.63	43.63	43.63
juego1	easy	40.0	0.008	191896	700	221	424	203	11	43.63	43.63	43.63
juego1	easy	40.0	0.008	191904	700	221	424	203	11	43.63	43.63	43.63
juego1	easy	40.0	0.008	191913	700	221	424	203	11	43.63	43.63	43.63
juego1	easy	40.0	0.008	191921	700	221	424	203	11	43.62	43.62	43.62
juego1	easy	40.0	0.008	191930	700	221	424	203	11	43.62	43.62	43.62
juego1	easy	40.0	0.008	191939	700	221	424	203	11	43.62	43.62	43.62
juego1	easy	40.0	0.008	191947	700	221	424	203	11	43.62	43.62	43.62
juego1	easy	40.0	0.008	191956	700	221	424	203	11	43.62	43.62	43.62
juego1	easy	40.0	0.008	191963	700	221	424	203	11	43.62	43.62	43.62
juego1	easy	40.0	0.008	191972	700	221	424	203	11	43.62	43.62	43.62
juego1	easy	40.0	0.008	191979	700	221	424	203	11	43.62	43.62	43.62
juego1	easy	40.0	0.008	191988	700	221	424	203	11	43.62	43.62	43.62
juego1	easy	40.0	0.008	191995	700	221	424	203	11	43.62	43.62	43.62
juego1	easy	40.0	0.008	192004	700	221	424	203	11	43.62	43.62	43.62
juego1	easy	40.0	0.008	192013	700	221	424	203	11	43.62	43.62	43.62
juego1	easy	40.0	0.008	192021	700	221	424	203	11	43.63	43.63	43.63
juego1	easy	40.0	0.008	192030	700	222	424	202	11	43.62	43.62	43.62
juego1	easy	40.0	0.008	192039	700	222	424	202	11	43.63	43.63	43.63
juego1	easy	40.0	0.008	192047	700	222	424	202	11	43.62	43.62	43.62
juego1	easy	40.0	0.008	192056	700	222	424	202	11	43.63	43.63	43.63
juego1	easy	40.0	0.008	192064	700	222	424	202	11	43.63	43.63	43.63
juego1	easy	40.0	0.008	192072	700	222	424	202	11	43.63	43.63	43.63
juego1	easy	40.0	0.008	192081	700	222	424	202	11	43.63	43.63	43.63
juego1	easy	40.0	0.008	192090	700	222	424	202	11	43.63	43.63	43.63
juego1	easy	40.0	0.008	192097	700	222	424	202	11	43.63	43.63	43.63
juego1	easy	40.0	0.008	192106	700	222	424	202	11	43.63	43.63	43.63
juego1	easy	40.0	0.008	192113	700	222	424	202	11	43.63	43.63	43.63
juego1	easy	40.0	0.008	192122	700	222	424	202	11	43.63	43.63	43.63
juego1	easy	40.0	0.008	192130	700	223	424	201	11	43.63	43.63	43.63
juego1	easy	40.0	0.008	192139	700	223	424	201	11	43.62	43.62	43.62
juego1	easy	40.0	0.008	192148	700	223	424	201	11	43.62	43.62	43.62
juego1	easy	40.0	0.008	192156	700	223	424	201	11	43.62	43.62	43.62
juego1	easy	40.0	0.008	192164	700	223	424	201	11	43.62	43.62	43.62
juego1	easy	40.0	0.008	192173	700	223	424	201	11	43.62	43.62	43.62
juego1	easy	40.0	0.008	192182	700	223	424	201	11	43.62	43.62	43.62
juego1	easy	40.0	0.008	192189	700	223	424	201	11	43.62	43.62	43.62
juego1	easy	40.0	0.008	192198	700	224	424	200	11	43.62	43.62	43.62
juego1	easy	40.0	0.008	192207	700	224	424	200	11	43.62	43.62	43.62
juego1	easy	40.0	0.008	192214	700	224	424	200	11	43.62	43.62	43.62
juego1	easy	40.0	0.008	192223	700	224	424	200	11	43.62	43.62	43.62
juego1	easy	40.0	0.008	192232	700	224	424	200	11	43.62	43.62	43.62
juego1	easy	40.0	0.008	192239	700	224	424	200	11	43.62	43.62	43.62
juego1	easy	40.0	0.008	192248	700	224	424	200	11	43.62	43.62	43.62
juego1	easy	40.0	0.008	192257	700	224	424	200	11	43.62	43.62	43.62
juego1	easy	40.0	0.008	192264	700	225	424	199	11	43.62	43.62	43.62
juego1	easy	40.0	0.008	192273	700	225	424	199	11	43.62	43.62	43.62
juego1	easy	40.0	0.008	192280	700	225	424	199	11	43.62	43.62	43.62
juego1	easy	40.0	0.008	192289	700	225	424	199	11	43.62	43.62	43.62
juego1	easy	40.0	0.008	192297	700	225	424	199	11	43.62	43.62	43.62
juego1	easy	40.0	0.008	192306	700	225	424	199	11	43.62	43.62	43.62
juego1	easy	40.0	0.008	192314	700	226	424	198	11	43.62	43.62	43.62
juego1	easy	40.0	0.008	192322	700	226	424	198	11	43.62	43.62	43.62
juego1	easy	40.0	0.008	192331	700	226	424	198	11	43.62	43.62	43.62
juego1	easy	40.0	0.008	192339	700	226	424	198	11	43.62	43.62	43.62
juego1	easy	40.0	0.008	192348	700	226	424	198	11	43.62	43.62	43.62
juego1	easy	40.0	0.008	192357	700	226	424	198	11	43.62	43.62	43.62
juego1	easy	40.0	0.008	192365	700	227	424	197	11	43.62	43.62	43.62
juego1	easy	40.0	0.008	192374	700	227	424	197	11	43.62	43.62	43.62
juego1	easy	40.0	0.008	192382	700	227	424	197	11	43.62	43.62	43.62
juego1	easy	40.0	0.008	192391	700	227	424	197	11	43.62	43.62	43.62
juego1	easy	40.0	0.008	192399	700	227	424	197	11	43.62	43.62	43.62
juego1	easy	40.0	0.008	192408	700	228	424	196	11	43.62	43.62	43.62
juego1	easy	40.0	0.008	192417	700	228	424	196	11	43.62	43.62	43.62
juego1	easy	40.0	0.008	192425	700	228	424	196	11	43.62	43.62	43.62
juego1	easy	40.0	0.008	192434	700	228	424	196	11	43.62	43.62	43.62
juego1	easy	40.0	0.008	192442	700	228	424	196	11	43.62	43.62	43.62
juego1	easy	40.0	0.008	192451	700	229	424	195	11	43.62	43.62	43.62
juego1	easy	40.0	0.008	192459	700	229	424	195	11	43.62	43.62	43.62
juego1	easy	40.0	0.008	192467	700	229	424	195	11	43.62	43.62	43.62
juego1	easy	40.0	0.008	192476	700	229	424	195	11	43.62	43.62	43.62
juego1	easy	40.0	0.008	192485	700	229	424	195	11	43.62	43.62	43.62
juego1	easy	40.0	0.008	192493	700	230	424	194	11	43.62	43.62	43.62
juego1	easy	40.0	0.008	192502	700	230	424	194	11	43.62	43.62	43.62
juego1	easy	40.0	0.008	192510	700	230	424	194	11	43.62	43.62	43.62
juego1	easy	40.0	0.008	192519	700	230	424	194	11	43.62	43.62	43.62
juego1	easy	40.0	0.008	192527	700	231	424	193	11	43.62	43.62	43.62
juego1	easy	40.0	0.008	192536	700	231	424	193	11	43.62	43.62	43.62
juego1	easy	40.0	0.008	192545	700	231	424	193	11	43.62	43.62	43.62
juego1	easy	40.0	0.008	192554	700	231	424	193	11	43.62	43.62	43.62
juego1	easy	40.0	0.008	192562	700	232	424	192	11	43.62	43.62	43.62
juego1	easy	40.0	0.008	192571	700	232	424	192	11	43.62	43.62	43.62
juego1	easy	40.0	0.008	192580	700	232	424	192	11	43.62	43.62	43.62
juego1	easy	40.0	0.008	192589	700	232	424	192	11	43.62	43.62	43.62
juego1	easy	40.0	0.008	192597	700	232	424	192	11	43.62	43.62	43.62
juego1	easy	40.0	0.008	192606	700	233	424	191	11	43.62	43.62	43.62
juego1	easy	40.0	0.008	192614	700	233	424	191	11	43.62	43.62	43.62
juego1	easy	40.0	0.008	192623	700	233	424	191	11	43.62	43.62	43.62
juego1	easy	40.0	0.008	192632	700	233	424	191	11	43.62	43.62	43.62
juego1	easy	40.0	0.008	192639	700	234	424	190	11	43.62	43.62	43.62
juego1	easy	40.0	0.008	192648	700	234	424	190	11	43.62	43.62	43.62
juego1	easy	40.0	0.008	192656	700	234	424	190	11	43.62	43.62	43.62
juego1	easy	40.0	0.008	192664	700	235	424	189	11	43.62	43.62	43.62
juego1	easy	40.0	0.008	192673	700	235	424	189	11	43.62	43.62	43.62
juego1	easy	40.0	0.008	192681	700	235	424	189	11	43.62	43.62	43.62
juego1	easy	40.0	0.008	192689	700	235	424	189	11	43.62	43.62	43.62
juego1	easy	40.0	0.008	192698	700	236	424	188	11	43.62	43.62	43.62
juego1	easy	40.0	0.008	192706	700	236	424	188	11	43.62	43.62	43.62
juego1	easy	40.0	0.008	192715	700	236	424	188	11	43.62	43.62	43.62
juego1	easy	40.0	0.008	192723	700	236	424	188	11	43.62	43.62	43.62
juego1	easy	40.0	0.008	192732	700	237	424	187	11	43.62	43.62	43.62
juego1	easy	40.0	0.008	192740	700	237	424	187	11	43.62	43.62	43.62
juego1	easy	40.0	0.008	192749	700	237	424	187	11	43.62	43.62	43.62
juego1	easy	40.0	0.008	192758	700	238	424	186	11	43.62	43.62	43.62
juego1	easy	40.0	0.008	192765	700	238	424	186	11	43.62	43.62	43.62
juego1	easy	40.0	0.008	192774	700	238	424	186	11	43.62	43.62	43.62
juego1	easy	40.0	0.008	192782	700	238	424	186	11	43.62	43.62	43.62
juego1	easy	40.0	0.008	192790	700	239	424	185	11	43.62	43.62	43.62
juego1	easy	40.0	0.008	192799	700	239	424	185	11	43.62	43.62	43.62
juego1	easy	40.0	0.008	192808	700	239	424	185	11	43.62	43.62	43.62
juego1	easy	40.0	0.008	192815	700	240	424	184	11	43.62	43.62	43.62
juego1	easy	40.0	0.008	192824	700	240	424	184	11	43.62	43.62	43.62
juego1	easy	40.0	0.008	192831	700	240	424	184	11	43.62	43.62	43.62
juego1	easy	40.0	0.008	192840	700	241	424	183	11	43.62	43.62	43.62
juego1	easy	40.0	0.008	192848	700	241	424	183	11	43.62	43.62	43.62
juego1	easy	40.0	0.008	192855	700	241	424	183	11	43.62	43.62	43.62
juego1	easy	40.0	0.008	192864	700	241	424	183	11	43.62	43.62	43.62
juego1	easy	40.0	0.008	192873	700	242	424	182	11	43.62	43.62	43.62
juego1	easy	40.0	0.008	192880	700	242	424	182	11	43.62	43.62	43.62
juego1	easy	40.0	0.008	192889	700	242	424	182	11	43.62	43.62	43.62
juego1	easy	40.0	0.008	192897	700	243	424	181	11	43.62	43.62	43.62
juego1	easy	40.0	0.008	192906	700	243	424	181	11	43.62	43.62	43.62
juego1	easy	40.0	0.008	192914	700	243	424	181	11	43.62	43.62	43.62
juego1	easy	40.0	0.008	192923	700	244	424	180	11	43.62	43.62	43.62
juego1	easy	40.0	0.008	192931	700	244	424	180	11	43.62	43.62	43.62
juego1	easy	40.0	0.008	192940	700	244	424	180	11	43.62	43.62	43.62
juego1	easy	40.0	0.008	192948	700	245	424	179	11	43.62	43.62	43.62
juego1	easy	40.0	0.008	192957	700	245	424	179	11	43.62	43.62	43.62
juego1	easy	40.0	0.008	192966	700	245	424	179	11	43.62	43.62	43.62
juego1	easy	40.0	0.008	192974	700	246	424	178	11	43.62	43.62	43.62
juego1	easy	40.0	0.008	192983	700	246	424	178	11	43.62	43.62	43.62
juego1	easy	40.0	0.008	192991	700	246	424	178	11	43.62	43.62	43.62
juego1	easy	40.0	0.008	193000	700	247	424	177	11	43.62	43.62	43.62
juego1	easy	40.0	0.008	193008	700	247	424	177	11	43.62	43.62	43.62
juego1	easy	40.0	0.008	193017	700	247	424	177	11	43.62	43.62	43.62
juego1	easy	40.0	0.008	193026	700	248	424	176	11	43.62	43.62	43.62
juego1	easy	40.0	0.008	193034	700	248	424	176	11	43.62	43.62	43.62
juego1	easy	40.0	0.008	193043	700	248	424	176	11	43.62	43.62	43.62
juego1	easy	40.0	0.008	193051	700	249	424	175	11	43.62	43.62	43.62
juego1	easy	40.0	0.008	193060	700	249	424	175	11	43.62	43.62	43.62
juego1	easy	40.0	0.008	193068	700	249	424	175	11	43.62	43.62	43.62
juego1	easy	40.0	0.008	193077	700	250	424	174	11	43.62	43.62	43.62
juego1	easy	40.0	0.008	193086	700	250	424	174	11	43.62	43.62	43.62
juego1	easy	40.0	0.008	193094	700	250	424	174	11	43.62	43.62	43.62
juego1	easy	40.0	0.008	193103	700	251	424	173	11	43.62	43.62	43.62
juego1	easy	40.0	0.008	193112	700	251	424	173	11	43.62	43.62	43.62
juego1	easy	40.0	0.008	193121	700	251	424	173	11	43.62	43.62	43.62
juego1	easy	40.0	0.008	193129	700	252	424	172	11	43.62	43.62	43.62
juego1	easy	40.0	0.008	193138	700	252	424	172	11	43.62	43.62	43.62
juego1	easy	40.0	0.008	193145	700	253	424	171	11	43.62	43.62	43.62
juego1	easy	40.0	0.008	193154	700	253	424	171	11	43.62	43.62	43.62
juego1	easy	40.0	0.008	193162	700	253	424	171	11	43.62	43.62	43.62
juego1	easy	40.0	0.008	193171	700	254	424	170	11	43.62	43.62	43.62
juego1	easy	40.0	0.008	193179	700	254	424	170	11	43.62	43.62	43.62
juego1	easy	40.0	0.008	193188	700	254	424	170	11	43.62	43.62	43.62
juego1	easy	40.0	0.008	193196	700	255	424	169	11	43.63	43.63	43.63
juego1	easy	40.0	0.008	193205	700	255	424	169	11	43.63	43.63	43.63
juego1	easy	40.0	0.008	193214	700	255	424	169	11	43.62	43.62	43.62
juego1	easy	40.0	0.008	193223	700	256	424	168	11	43.62	43.62	43.62
juego1	easy	40.0	0.008	193231	700	256	424	168	11	43.62	43.62	43.62
juego1	easy	40.0	0.008	193240	700	256	424	168	11	43.62	43.62	43.62
juego1	easy	40.0	0.008	193249	700	257	424	167	11	43.62	43.62	43.62
juego1	easy	40.0	0.008	193257	700	257	424	167	11	43.62	43.62	43.62
juego1	easy	40.0	0.008	193265	700	258	424	166	11	43.62	43.62	43.62
juego1	easy	40.0	0.008	193274	700	258	424	166	11	43.62	43.62	43.62
juego1	easy	40.0	0.008	193283	700	258	424	166	11	43.63	43.63	43.63
juego1	easy	40.0	0.008	193290	700	259	424	165	11	43.63	43.63	43.63
juego1	easy	40.0	0.008	193299	700	259	424	165	11	43.63	43.63	43.63
juego1	easy	40.0	0.008	193307	700	259	424	165	11	43.63	43.63	43.63
juego1	easy	40.0	0.008	193316	700	260	424	164	11	43.63	43.63	43.63
juego1	easy	40.0	0.008	193325	700	260	424	164	11	43.63	43.63	43.63
juego1	easy	40.0	0.008	193333	700	261	424	163	11	43.63	43.63	43.63
juego1	easy	40.0	0.008	193342	700	261	424	163	11	43.63	43.63	43.63
juego1	easy	40.0	0.008	193350	700	261	424	163	11	43.63	43.63	43.63
juego1	easy	40.0	0.008	193359	700	262	424	162	11	43.63	43.63	43.63
juego1	easy	40.0	0.008	193367	700	262	424	162	11	43.63	43.63	43.63
juego1	easy	40.0	0.008	193376	700	262	424	162	11	43.63	43.63	43.63
juego1	easy	40.0	0.008	193385	700	263	424	161	11	43.63	43.63	43.63
juego1	easy	40.0	0.008	193392	700	263	424	161	11	43.63	43.63	43.63
juego1	easy	40.0	0.008	193401	700	263	424	161	11	43.63	43.63	43.63
juego1	easy	40.0	0.008	193408	700	264	424	160	11	43.63	43.63	43.63
juego1	easy	40.0	0.008	193417	700	264	424	160	11	43.63	43.63	43.63
juego1	easy	40.0	0.008	193425	700	265	424	159	11	43.63	43.63	43.63
juego1	easy	40.0	0.008	193434	700	265	424	159	11	43.63	43.63	43.63
juego1	easy	40.0	0.008	193443	700	265	424	159	11	43.63	43.63	43.63
juego1	easy	40.0	0.008	193452	700	266	424	158	11	43.62	43.62	43.62
juego1	easy	40.0	0.008	193460	700	266	424	158	11	43.62	43.62	43.62
juego1	easy	40.0	0.008	193469	700	266	424	158	11	43.62	43.62	43.62
juego1	easy	40.0	0.008	193478	700	267	424	157	11	43.62	43.62	43.62
juego1	easy	40.0	0.008	193487	700	267	424	157	11	43.62	43.62	43.62
juego1	easy	40.0	0.008	193496	700	268	424	156	11	43.62	43.62	43.62
juego1	easy	40.0	0.008	193503	700	268	424	156	11	43.62	43.62	43.62
juego1	easy	40.0	0.008	193512	700	269	424	155	11	43.62	43.62	43.62
juego1	easy	40.0	0.008	193520	700	269	424	155	11	43.62	43.62	43.62
juego1	easy	40.0	0.008	193529	700	270	424	154	11	43.62	43.62	43.62
juego1	easy	40.0	0.008	193538	700	271	424	153	11	43.62	43.62	43.62
juego1	easy	40.0	0.008	193547	700	271	424	153	11	43.62	43.62	43.62
juego1	easy	40.0	0.008	193555	700	272	424	152	11	43.62	43.62	43.62
juego1	easy	40.0	0.008	193564	700	272	424	152	11	43.62	43.62	43.62
juego1	easy	40.0	0.008	193573	700	273	424	151	11	43.62	43.62	43.62
juego1	easy	40.0	0.008	193581	700	274	424	150	11	43.62	43.62	43.62
juego1	easy	40.0	0.008	193590	700	274	424	150	11	43.62	43.62	43.62
juego1	easy	40.0	0.008	193599	700	275	424	149	11	43.62	43.62	43.62
juego1	easy	40.0	0.008	193606	700	275	424	149	11	43.62	43.62	43.62
juego1	easy	40.0	0.008	193615	700	276	424	148	11	43.62	43.62	43.62
juego1	easy	40.0	0.008	193623	700	276	424	148	11	43.62	43.62	43.62
juego1	easy	40.0	0.008	193631	700	277	424	147	11	43.61	43.61	43.61
juego1	easy	40.0	0.008	193640	700	278	424	146	11	43.61	43.61	43.61
juego1	easy	40.0	0.008	193648	700	278	424	146	11	43.62	43.62	43.62
juego1	easy	40.0	0.008	193657	700	279	424	145	11	43.62	43.62	43.62
juego1	easy	40.0	0.008	193665	700	279	424	145	11	43.61	43.61	43.61
juego1	easy	40.0	0.008	193674	700	280	424	144	11	43.61	43.61	43.61
juego1	easy	40.0	0.008	193682	700	280	424	144	11	43.61	43.61	43.61
juego1	easy	40.0	0.008	193691	700	281	424	143	11	43.61	43.61	43.61
juego1	easy	40.0	0.008	193700	700	282	424	142	11	43.61	43.61	43.61
juego1	easy	40.0	0.008	193708	700	282	424	142	11	43.61	43.61	43.61
juego1	easy	40.0	0.008	193718	700	283	424	141	11	43.61	43.61	43.61
