game	difficulty	amplitude	velocity	time	xpos	y_computer	y_human	y_error	trial	kp	x	y	z
juego3	easy	0.0	0.008	4	400	282	258	-24	0	1	60.89	60.89	60.89
juego3	easy	0.0	0.008	7	400	282	258	-24	0	1	60.89	60.89	60.89
juego3	easy	0.0	0.008	16	400	282	258	-24	0	1	60.9	60.9	60.9
juego3	easy	0.0	0.008	25	400	282	258	-24	0	1	60.9	60.9	60.9
juego3	easy	0.0	0.008	35	400	282	259	-23	0	1	60.88	60.88	60.88
juego3	easy	0.0	0.008	43	400	282	259	-23	0	1	60.88	60.88	60.88
juego3	easy	0.0	0.008	52	400	282	258	-24	0	1	60.9	60.9	60.9
juego3	easy	0.0	0.008	61	400	282	258	-24	0	1	60.9	60.9	60.9
juego3	easy	0.0	0.008	70	400	282	259	-23	0	1	60.88	60.88	60.88
juego3	easy	0.0	0.008	79	400	282	258	-24	0	1	60.89	60.89	60.89
juego3	easy	0.0	0.008	88	400	282	258	-24	0	1	60.9	60.9	60.9
juego3	easy	0.0	0.008	96	400	282	258	-24	0	1	60.9	60.9	60.9
juego3	easy	0.0	0.008	103	400	282	258	-24	0	1	60.89	60.89	60.89
juego3	easy	0.0	0.008	112	400	282	259	-23	0	1	60.88	60.88	60.88
juego3	easy	0.0	0.008	121	400	282	258	-24	0	1	60.89	60.89	60.89
juego3	easy	0.0	0.008	129	400	282	258	-24	0	1	60.9	60.9	60.9
juego3	easy	0.0	0.008	138	400	282	258	-24	0	1	60.89	60.89	60.89
juego3	easy	0.0	0.008	148	400	282	259	-23	0	1	60.88	60.88	60.88
juego3	easy	0.0	0.008	155	400	282	259	-23	0	1	60.88	60.88	60.88
juego3	easy	0.0	0.008	165	400	282	258	-24	0	1	60.9	60.9	60.9
juego3	easy	0.0	0.008	173	400	282	259	-23	0	1	60.88	60.88	60.88
juego3	easy	0.0	0.008	182	400	282	259	-23	0	1	60.88	60.88	60.88
juego3	easy	0.0	0.008	191	400	282	258	-24	0	1	60.89	60.89	60.89
juego3	easy	0.0	0.008	200	400	282	258	-24	0	1	60.91	60.91	60.91
juego3	easy	0.0	0.008	208	400	282	258	-24	0	1	60.9	60.9	60.9
juego3	easy	0.0	0.008	217	400	282	259	-23	0	1	60.88	60.88	60.88
juego3	easy	0.0	0.008	225	400	282	259	-23	0	1	60.88	60.88	60.88
juego3	easy	0.0	0.008	234	400	282	258	-24	0	1	60.89	60.89	60.89
juego3	easy	0.0	0.008	242	400	282	258	-24	0	1	60.9	60.9	60.9
juego3	easy	0.0	0.008	251	400	282	259	-23	0	1	60.88	60.88	60.88
juego3	easy	0.0	0.008	259	400	282	259	-23	0	1	60.88	60.88	60.88
juego3	easy	0.0	0.008	268	400	282	259	-23	0	1	60.88	60.88	60.88
juego3	easy	0.0	0.008	277	400	282	258	-24	0	1	60.89	60.89	60.89
juego3	easy	0.0	0.008	286	400	282	259	-23	0	1	60.88	60.88	60.88
juego3	easy	0.0	0.008	295	400	282	259	-23	0	1	60.88	60.88	60.88
juego3	easy	0.0	0.008	303	400	282	259	-23	0	1	60.88	60.88	60.88
juego3	easy	0.0	0.008	312	400	282	258	-24	0	1	60.89	60.89	60.89
juego3	easy	0.0	0.008	322	400	282	259	-23	0	1	60.88	60.88	60.88
juego3	easy	0.0	0.008	330	400	282	259	-23	0	1	60.88	60.88	60.88
juego3	easy	0.0	0.008	337	400	282	259	-23	0	1	60.88	60.88	60.88
juego3	easy	0.0	0.008	346	400	282	259	-23	0	1	60.88	60.88	60.88
juego3	easy	0.0	0.008	355	400	282	259	-23	0	1	60.88	60.88	60.88
juego3	easy	0.0	0.008	363	400	282	259	-23	0	1	60.88	60.88	60.88
juego3	easy	0.0	0.008	371	400	282	258	-24	0	1	60.89	60.89	60.89
juego3	easy	0.0	0.008	380	400	282	258	-24	0	1	60.89	60.89	60.89
juego3	easy	0.0	0.008	390	400	282	259	-23	0	1	60.88	60.88	60.88
juego3	easy	0.0	0.008	398	400	282	259	-23	0	1	60.88	60.88	60.88
juego3	easy	0.0	0.008	406	400	282	259	-23	0	1	60.88	60.88	60.88
juego3	easy	0.0	0.008	415	400	282	258	-24	0	1	60.89	60.89	60.89
juego3	easy	0.0	0.008	422	400	282	258	-24	0	1	60.89	60.89	60.89
juego3	easy	0.0	0.008	431	400	282	259	-23	0	1	60.88	60.88	60.88
juego3	easy	0.0	0.008	440	400	282	259	-23	0	1	60.88	60.88	60.88
juego3	easy	0.0	0.008	449	400	282	259	-23	0	1	60.88	60.88	60.88
juego3	easy	0.0	0.008	459	400	282	259	-23	0	1	60.88	60.88	60.88
juego3	easy	0.0	0.008	467	400	282	259	-23	0	1	60.88	60.88	60.88
juego3	easy	0.0	0.008	475	400	282	259	-23	0	1	60.88	60.88	60.88
juego3	easy	0.0	0.008	483	400	282	259	-23	0	1	60.88	60.88	60.88
juego3	easy	0.0	0.008	492	400	282	259	-23	0	1	60.88	60.88	60.88
juego3	easy	0.0	0.008	501	400	282	259	-23	0	1	60.88	60.88	60.88
juego3	easy	0.0	0.008	511	400	282	258	-24	0	1	60.89	60.89	60.89
juego3	easy	0.0	0.008	519	400	282	259	-23	0	1	60.88	60.88	60.88
juego3	easy	0.0	0.008	528	400	282	258	-24	0	1	60.89	60.89	60.89
juego3	easy	0.0	0.008	536	400	282	258	-24	0	1	60.89	60.89	60.89
juego3	easy	0.0	0.008	546	400	282	258	-24	0	1	60.89	60.89	60.89
juego3	easy	0.0	0.008	555	400	282	259	-23	0	1	60.88	60.88	60.88
juego3	easy	0.0	0.008	564	400	282	259	-23	0	1	60.88	60.88	60.88
juego3	easy	0.0	0.008	572	400	282	259	-23	0	1	60.88	60.88	60.88
juego3	easy	0.0	0.008	581	400	282	259	-23	0	1	60.88	60.88	60.88
juego3	easy	0.0	0.008	590	400	282	259	-23	0	1	60.88	60.88	60.88
juego3	easy	0.0	0.008	598	400	282	259	-23	0	1	60.88	60.88	60.88
juego3	easy	0.0	0.008	607	400	282	259	-23	0	1	60.88	60.88	60.88
juego3	easy	0.0	0.008	616	400	282	259	-23	0	1	60.88	60.88	60.88
juego3	easy	0.0	0.008	625	400	282	259	-23	0	1	60.88	60.88	60.88
juego3	easy	0.0	0.008	634	400	282	259	-23	0	1	60.88	60.88	60.88
juego3	easy	0.0	0.008	643	400	282	259	-23	0	1	60.88	60.88	60.88
juego3	easy	0.0	0.008	652	400	282	259	-23	0	1	60.88	60.88	60.88
juego3	easy	0.0	0.008	660	400	282	259	-23	0	1	60.88	60.88	60.88
juego3	easy	0.0	0.008	669	400	282	259	-23	0	1	60.88	60.88	60.88
juego3	easy	0.0	0.008	678	400	282	259	-23	0	1	60.88	60.88	60.88
juego3	easy	0.0	0.008	686	400	282	259	-23	0	1	60.88	60.88	60.88
juego3	easy	0.0	0.008	695	400	282	259	-23	0	1	60.88	60.88	60.88
juego3	easy	0.0	0.008	704	400	282	259	-23	0	1	60.88	60.88	60.88
juego3	easy	0.0	0.008	713	400	282	259	-23	0	1	60.88	60.88	60.88
juego3	easy	0.0	0.008	722	400	282	259	-23	0	1	60.88	60.88	60.88
juego3	easy	0.0	0.008	731	400	282	259	-23	0	1	60.88	60.88	60.88
juego3	easy	0.0	0.008	738	400	282	259	-23	0	1	60.88	60.88	60.88
juego3	easy	0.0	0.008	748	400	282	259	-23	0	1	60.88	60.88	60.88
juego3	easy	0.0	0.008	756	400	282	258	-24	0	1	60.89	60.89	60.89
juego3	easy	0.0	0.008	766	400	282	258	-24	0	1	60.89	60.89	60.89
juego3	easy	0.0	0.008	775	400	282	258	-24	0	1	60.89	60.89	60.89
juego3	easy	0.0	0.008	783	400	282	258	-24	0	1	60.89	60.89	60.89
juego3	easy	0.0	0.008	792	400	282	259	-23	0	1	60.88	60.88	60.88
juego3	easy	0.0	0.008	802	400	282	259	-23	0	1	60.88	60.88	60.88
juego3	easy	0.0	0.008	810	400	282	259	-23	0	1	60.88	60.88	60.88
juego3	easy	0.0	0.008	818	400	282	259	-23	0	1	60.88	60.88	60.88
juego3	easy	0.0	0.008	827	400	282	259	-23	0	1	60.88	60.88	60.88
juego3	easy	0.0	0.008	834	400	282	259	-23	0	1	60.88	60.88	60.88
juego3	easy	0.0	0.008	843	400	282	258	-24	0	1	60.89	60.89	60.89
juego3	easy	0.0	0.008	851	400	282	258	-24	0	1	60.89	60.89	60.89
juego3	easy	0.0	0.008	860	400	282	258	-24	0	1	60.89	60.89	60.89
juego3	easy	0.0	0.008	869	400	282	259	-23	0	1	60.88	60.88	60.88
juego3	easy	0.0	0.008	878	400	282	259	-23	0	1	60.88	60.88	60.88
juego3	easy	0.0	0.008	886	400	282	258	-24	0	1	60.89	60.89	60.89
juego3	easy	0.0	0.008	895	400	282	258	-24	0	1	60.89	60.89	60.89
juego3	easy	0.0	0.008	904	400	282	258	-24	0	1	60.89	60.89	60.89
juego3	easy	0.0	0.008	914	400	282	258	-24	0	1	60.89	60.89	60.89
juego3	easy	0.0	0.008	922	400	282	258	-24	0	1	60.89	60.89	60.89
juego3	easy	0.0	0.008	931	400	282	258	-24	0	1	60.89	60.89	60.89
juego3	easy	0.0	0.008	939	400	282	258	-24	0	1	60.89	60.89	60.89
juego3	easy	0.0	0.008	948	400	282	258	-24	0	1	60.89	60.89	60.89
juego3	easy	0.0	0.008	956	400	282	258	-24	0	1	60.89	60.89	60.89
juego3	easy	0.0	0.008	965	400	282	258	-24	0	1	60.89	60.89	60.89
juego3	easy	0.0	0.008	975	400	282	258	-24	0	1	60.9	60.9	60.9
juego3	easy	0.0	0.008	983	400	282	258	-24	0	1	60.9	60.9	60.9
juego3	easy	0.0	0.008	992	400	282	258	-24	0	1	60.89	60.89	60.89
juego3	easy	0.0	0.008	1001	400	282	258	-24	0	1	60.89	60.89	60.89
juego3	easy	0.0	0.008	1010	400	282	258	-24	0	1	60.89	60.89	60.89
juego3	easy	0.0	0.008	1019	400	282	258	-24	0	1	60.89	60.89	60.89
juego3	easy	0.0	0.008	1028	400	282	258	-24	0	1	60.9	60.9	60.9
juego3	easy	0.0	0.008	1037	400	282	258	-24	0	1	60.9	60.9	60.9
juego3	easy	0.0	0.008	1045	400	282	258	-24	0	1	60.9	60.9	60.9
juego3	easy	0.0	0.008	1054	400	282	258	-24	0	1	60.89	60.89	60.89
juego3	easy	0.0	0.008	1063	400	282	258	-24	0	1	60.9	60.9	60.9
juego3	easy	0.0	0.008	1072	400	282	258	-24	0	1	60.9	60.9	60.9
juego3	easy	0.0	0.008	1081	400	282	258	-24	0	1	60.9	60.9	60.9
juego3	easy	0.0	0.008	1090	400	282	258	-24	0	1	60.9	60.9	60.9
juego3	easy	0.0	0.008	1100	400	282	258	-24	0	1	60.9	60.9	60.9
juego3	easy	0.0	0.008	1108	400	282	258	-24	0	1	60.9	60.9	60.9
juego3	easy	0.0	0.008	1117	400	282	258	-24	0	1	60.9	60.9	60.9
juego3	easy	0.0	0.008	1126	400	282	258	-24	0	1	60.9	60.9	60.9
juego3	easy	0.0	0.008	1135	400	282	258	-24	0	1	60.9	60.9	60.9
juego3	easy	0.0	0.008	1144	400	282	258	-24	0	1	60.9	60.9	60.9
juego3	easy	0.0	0.008	1153	400	282	258	-24	0	1	60.9	60.9	60.9
juego3	easy	0.0	0.008	1162	400	282	258	-24	0	1	60.9	60.9	60.9
juego3	easy	0.0	0.008	1171	400	282	258	-24	0	1	60.9	60.9	60.9
juego3	easy	0.0	0.008	1179	400	282	258	-24	0	1	60.9	60.9	60.9
juego3	easy	0.0	0.008	1188	400	282	258	-24	0	1	60.9	60.9	60.9
juego3	easy	0.0	0.008	1198	400	282	258	-24	0	1	60.9	60.9	60.9
juego3	easy	0.0	0.008	1205	400	282	258	-24	0	1	60.9	60.9	60.9
juego3	easy	0.0	0.008	1214	400	282	258	-24	0	1	60.9	60.9	60.9
juego3	easy	0.0	0.008	1222	400	282	258	-24	0	1	60.9	60.9	60.9
juego3	easy	0.0	0.008	1231	400	282	258	-24	0	1	60.9	60.9	60.9
juego3	easy	0.0	0.008	1239	400	282	258	-24	0	1	60.9	60.9	60.9
juego3	easy	0.0	0.008	1248	400	282	258	-24	0	1	60.9	60.9	60.9
juego3	easy	0.0	0.008	1258	400	282	258	-24	0	1	60.9	60.9	60.9
juego3	easy	0.0	0.008	1266	400	282	258	-24	0	1	60.9	60.9	60.9
juego3	easy	0.0	0.008	1276	400	282	258	-24	0	1	60.9	60.9	60.9
juego3	easy	0.0	0.008	1284	400	282	258	-24	0	1	60.9	60.9	60.9
juego3	easy	0.0	0.008	1293	400	282	258	-24	0	1	60.9	60.9	60.9
juego3	easy	0.0	0.008	1302	400	282	258	-24	0	1	60.9	60.9	60.9
juego3	easy	0.0	0.008	1311	400	282	258	-24	0	1	60.9	60.9	60.9
juego3	easy	0.0	0.008	1320	400	282	258	-24	0	1	60.9	60.9	60.9
juego3	easy	0.0	0.008	1328	400	282	258	-24	0	1	60.9	60.9	60.9
juego3	easy	0.0	0.008	1337	400	282	258	-24	0	1	60.9	60.9	60.9
juego3	easy	0.0	0.008	1345	400	282	258	-24	0	1	60.9	60.9	60.9
juego3	easy	0.0	0.008	1354	400	282	258	-24	0	1	60.9	60.9	60.9
juego3	easy	0.0	0.008	1364	400	282	258	-24	0	1	60.89	60.89	60.89
juego3	easy	0.0	0.008	1372	400	282	258	-24	0	1	60.9	60.9	60.9
juego3	easy	0.0	0.008	1381	400	282	258	-24	0	1	60.9	60.9	60.9
juego3	easy	0.0	0.008	1390	400	282	258	-24	0	1	60.9	60.9	60.9
juego3	easy	0.0	0.008	1399	400	282	258	-24	0	1	60.9	60.9	60.9
juego3	easy	0.0	0.008	1408	400	282	258	-24	0	1	60.89	60.89	60.89
juego3	easy	0.0	0.008	1416	400	282	258	-24	0	1	60.89	60.89	60.89
juego3	easy	0.0	0.008	1425	400	282	258	-24	0	1	60.9	60.9	60.9
juego3	easy	0.0	0.008	1434	400	282	258	-24	0	1	60.9	60.9	60.9
juego3	easy	0.0	0.008	1443	400	282	258	-24	0	1	60.9	60.9	60.9
juego3	easy	0.0	0.008	1452	400	282	258	-24	0	1	60.9	60.9	60.9
juego3	easy	0.0	0.008	1460	400	282	258	-24	0	1	60.89	60.89	60.89
juego3	easy	0.0	0.008	1469	400	282	258	-24	0	1	60.89	60.89	60.89
juego3	easy	0.0	0.008	1478	400	282	258	-24	0	1	60.89	60.89	60.89
juego3	easy	0.0	0.008	1486	400	282	258	-24	0	1	60.89	60.89	60.89
juego3	easy	0.0	0.008	1495	400	282	258	-24	0	1	60.89	60.89	60.89
juego3	easy	0.0	0.008	1504	400	282	258	-24	0	1	60.89	60.89	60.89
juego3	easy	0.0	0.008	1512	400	282	258	-24	0	1	60.89	60.89	60.89
juego3	easy	0.0	0.008	1520	400	282	258	-24	0	1	60.89	60.89	60.89
juego3	easy	0.0	0.008	1528	400	282	258	-24	0	1	60.89	60.89	60.89
juego3	easy	0.0	0.008	1538	400	282	258	-24	0	1	60.89	60.89	60.89
juego3	easy	0.0	0.008	1547	400	282	258	-24	0	1	60.89	60.89	60.89
juego3	easy	0.0	0.008	1555	400	282	258	-24	0	1	60.89	60.89	60.89
juego3	easy	0.0	0.008	1563	400	282	258	-24	0	1	60.89	60.89	60.89
juego3	easy	0.0	0.008	1572	400	282	258	-24	0	1	60.89	60.89	60.89
juego3	easy	0.0	0.008	1580	400	282	258	-24	0	1	60.89	60.89	60.89
juego3	easy	0.0	0.008	1588	400	282	258	-24	0	1	60.89	60.89	60.89
juego3	easy	0.0	0.008	1596	400	282	258	-24	0	1	60.89	60.89	60.89
juego3	easy	0.0	0.008	1605	400	282	258	-24	0	1	60.89	60.89	60.89
juego3	easy	0.0	0.008	1615	400	282	258	-24	0	1	60.89	60.89	60.89
juego3	easy	0.0	0.008	1623	400	282	258	-24	0	1	60.89	60.89	60.89
juego3	easy	0.0	0.008	1632	400	282	258	-24	0	1	60.89	60.89	60.89
juego3	easy	0.0	0.008	1641	400	282	258	-24	0	1	60.89	60.89	60.89
juego3	easy	0.0	0.008	1649	400	282	258	-24	0	1	60.89	60.89	60.89
juego3	easy	0.0	0.008	1658	400	282	258	-24	0	1	60.89	60.89	60.89
juego3	easy	0.0	0.008	1668	400	282	258	-24	0	1	60.89	60.89	60.89
juego3	easy	0.0	0.008	1676	400	282	258	-24	0	1	60.89	60.89	60.89
juego3	easy	0.0	0.008	1685	400	282	258	-24	0	1	60.89	60.89	60.89
juego3	easy	0.0	0.008	1693	400	282	258	-24	0	1	60.89	60.89	60.89
juego3	easy	0.0	0.008	1701	400	282	258	-24	0	1	60.89	60.89	60.89
juego3	easy	0.0	0.008	1710	400	282	259	-23	0	1	60.88	60.88	60.88
juego3	easy	0.0	0.008	1719	400	282	259	-23	0	1	60.88	60.88	60.88
juego3	easy	0.0	0.008	1728	400	282	258	-24	0	1	61.01	61.01	61.01
juego3	easy	0.0	0.008	1737	400	282	258	-24	0	1	61.08	61.08	61.08
juego3	easy	0.0	0.008	1746	400	282	258	-24	0	1	61.03	61.03	61.03
juego3	easy	0.0	0.008	1754	400	282	258	-24	0	1	60.99	60.99	60.99
juego3	easy	0.0	0.008	1762	400	282	258	-24	0	1	61.0	61.0	61.0
juego3	easy	0.0	0.008	1770	400	282	258	-24	0	1	61.02	61.02	61.02
juego3	easy	0.0	0.008	1780	400	282	258	-24	0	1	61.01	61.01	61.01
juego3	easy	0.0	0.008	1787	400	282	258	-24	0	1	61.02	61.02	61.02
juego3	easy	0.0	0.008	1797	400	282	258	-24	0	1	61.09	61.09	61.09
juego3	easy	0.0	0.008	1805	400	282	258	-24	0	1	61.22	61.22	61.22
juego3	easy	0.0	0.008	1813	400	282	258	-24	0	1	61.21	61.21	61.21
juego3	easy	0.0	0.008	1821	400	282	258	-24	0	1	61.08	61.08	61.08
juego3	easy	0.0	0.008	1831	400	282	258	-24	0	1	61.04	61.04	61.04
juego3	easy	0.0	0.008	1840	400	282	258	-24	0	1	61.1	61.1	61.1
juego3	easy	0.0	0.008	1849	400	282	258	-24	0	1	61.2	61.2	61.2
juego3	easy	0.0	0.008	1857	400	282	258	-24	0	1	61.21	61.21	61.21
juego3	easy	0.0	0.008	1866	400	282	258	-24	0	1	61.23	61.23	61.23
juego3	easy	0.0	0.008	1873	400	282	258	-24	0	1	61.21	61.21	61.21
juego3	easy	0.0	0.008	1882	400	282	258	-24	0	1	61.19	61.19	61.19
juego3	easy	0.0	0.008	1892	400	282	258	-24	0	1	61.14	61.14	61.14
juego3	easy	0.0	0.008	1900	400	282	258	-24	0	1	61.13	61.13	61.13
juego3	easy	0.0	0.008	1909	400	282	258	-24	0	1	61.06	61.06	61.06
juego3	easy	0.0	0.008	1919	400	282	258	-24	0	1	60.95	60.95	60.95
juego3	easy	0.0	0.008	1927	400	282	258	-24	0	1	60.95	60.95	60.95
juego3	easy	0.0	0.008	1936	400	282	258	-24	0	1	61.06	61.06	61.06
juego3	easy	0.0	0.008	1944	400	282	257	-25	0	1	61.52	61.52	61.52
juego3	easy	0.0	0.008	1952	400	282	256	-26	0	1	62.01	62.01	62.01
juego3	easy	0.0	0.008	1961	400	282	253	-29	0	1	62.91	62.91	62.91
juego3	easy	0.0	0.008	1969	400	282	252	-30	0	1	63.4	63.4	63.4
juego3	easy	0.0	0.008	1979	400	282	252	-30	0	1	63.28	63.28	63.28
juego3	easy	0.0	0.008	1986	400	282	253	-29	0	1	62.85	62.85	62.85
juego3	easy	0.0	0.008	1994	400	282	255	-27	0	1	62.14	62.14	62.14
juego3	easy	0.0	0.008	0	400	282	255	-27	1	1	62.32	62.32	62.32
juego3	easy	80.0	0.008	8	400	177	254	77	1	1	62.7	62.7	62.7
juego3	easy	80.0	0.008	16	400	177	251	74	1	1	63.72	63.72	63.72
juego3	easy	80.0	0.008	26	400	177	250	73	1	1	64.15	64.15	64.15
juego3	easy	80.0	0.008	34	400	177	250	73	1	1	63.97	63.97	63.97
juego3	easy	80.0	0.008	42	400	177	253	76	1	1	63.11	63.11	63.11
juego3	easy	80.0	0.008	50	400	177	256	79	1	1	61.98	61.98	61.98
juego3	easy	80.0	0.008	60	400	177	258	81	1	1	60.94	60.94	60.94
juego3	easy	80.0	0.008	67	400	177	259	82	1	1	60.58	60.58	60.58
juego3	easy	80.0	0.008	76	400	177	260	83	1	1	60.23	60.23	60.23
juego3	easy	80.0	0.008	84	400	177	260	83	1	1	60.18	60.18	60.18
juego3	easy	80.0	0.008	91	400	177	260	83	1	1	60.17	60.17	60.17
juego3	easy	80.0	0.008	100	400	177	260	83	1	1	60.25	60.25	60.25
juego3	easy	80.0	0.008	109	400	177	260	83	1	1	60.41	60.41	60.41
juego3	easy	80.0	0.008	117	400	177	259	82	1	1	60.57	60.57	60.57
juego3	easy	80.0	0.008	125	400	177	259	82	1	1	60.62	60.62	60.62
juego3	easy	80.0	0.008	132	400	177	259	82	1	1	60.63	60.63	60.63
juego3	easy	80.0	0.008	141	400	177	259	82	1	1	60.62	60.62	60.62
juego3	easy	80.0	0.008	150	400	177	259	82	1	1	60.56	60.56	60.56
juego3	easy	80.0	0.008	159	400	177	259	82	1	1	60.52	60.52	60.52
juego3	easy	80.0	0.008	167	400	177	260	83	1	1	60.45	60.45	60.45
juego3	easy	80.0	0.008	177	400	177	260	83	1	1	60.49	60.49	60.49
juego3	easy	80.0	0.008	185	400	177	259	82	1	1	60.57	60.57	60.57
juego3	easy	80.0	0.008	194	400	177	259	82	1	1	60.58	60.58	60.58
juego3	easy	80.0	0.008	202	400	177	259	82	1	1	60.56	60.56	60.56
juego3	easy	80.0	0.008	211	400	177	259	82	1	1	60.52	60.52	60.52
juego3	easy	80.0	0.008	219	400	177	259	82	1	1	60.52	60.52	60.52
juego3	easy	80.0	0.008	228	400	177	259	82	1	1	60.53	60.53	60.53
juego3	easy	80.0	0.008	236	400	177	259	82	1	1	60.53	60.53	60.53
juego3	easy	80.0	0.008	243	400	177	259	82	1	1	60.52	60.52	60.52
juego3	easy	80.0	0.008	252	400	177	259	82	1	1	60.52	60.52	60.52
juego3	easy	80.0	0.008	262	400	177	259	82	1	1	60.52	60.52	60.52
juego3	easy	80.0	0.008	270	400	177	259	82	1	1	60.54	60.54	60.54
juego3	easy	80.0	0.008	279	400	177	259	82	1	1	60.53	60.53	60.53
juego3	easy	80.0	0.008	287	400	177	260	83	1	1	60.49	60.49	60.49
juego3	easy	80.0	0.008	296	400	177	260	83	1	1	60.38	60.38	60.38
juego3	easy	80.0	0.008	306	400	177	260	83	1	1	60.3	60.3	60.3
juego3	easy	80.0	0.008	314	400	177	260	83	1	1	60.28	60.28	60.28
juego3	easy	80.0	0.008	323	400	177	260	83	1	1	60.32	60.32	60.32
juego3	easy	80.0	0.008	332	400	177	260	83	1	1	60.42	60.42	60.42
juego3	easy	80.0	0.008	341	400	177	259	82	1	1	60.55	60.55	60.55
juego3	easy	80.0	0.008	349	400	177	259	82	1	1	60.61	60.61	60.61
juego3	easy	80.0	0.008	358	400	177	259	82	1	1	60.71	60.71	60.71
juego3	easy	80.0	0.008	366	400	177	258	81	1	1	60.91	60.91	60.91
juego3	easy	80.0	0.008	374	400	177	258	81	1	1	61.07	61.07	61.07
juego3	easy	80.0	0.008	383	400	177	256	79	1	1	61.67	61.67	61.67
juego3	easy	80.0	0.008	392	400	177	255	78	1	1	62.31	62.31	62.31
juego3	easy	80.0	0.008	402	400	177	253	76	1	1	62.86	62.86	62.86
juego3	easy	80.0	0.008	410	400	177	252	75	1	1	63.31	63.31	63.31
juego3	easy	80.0	0.008	419	400	177	251	74	1	1	63.6	63.6	63.6
juego3	easy	80.0	0.008	428	400	177	250	73	1	1	64.32	64.32	64.32
juego3	easy	80.0	0.008	437	400	177	248	71	1	1	64.85	64.85	64.85
juego3	easy	80.0	0.008	447	400	177	248	71	1	1	64.78	64.78	64.78
juego3	easy	80.0	0.008	455	400	177	249	72	1	1	64.55	64.55	64.55
juego3	easy	80.0	0.008	464	400	177	251	74	1	1	63.73	63.73	63.73
juego3	easy	80.0	0.008	473	400	177	253	76	1	1	62.85	62.85	62.85
juego3	easy	80.0	0.008	483	400	177	254	77	1	1	62.44	62.44	62.44
juego3	easy	80.0	0.008	490	400	177	255	78	1	1	62.35	62.35	62.35
juego3	easy	80.0	0.008	499	400	177	254	77	1	1	62.45	62.45	62.45
juego3	easy	80.0	0.008	508	400	177	255	78	1	1	62.32	62.32	62.32
juego3	easy	80.0	0.008	517	400	177	256	79	1	1	62.0	62.0	62.0
juego3	easy	80.0	0.008	527	400	177	257	80	1	1	61.61	61.61	61.61
juego3	easy	80.0	0.008	535	400	177	257	80	1	1	61.39	61.39	61.39
juego3	easy	80.0	0.008	544	400	177	258	81	1	1	61.11	61.11	61.11
juego3	easy	80.0	0.008	553	400	177	258	81	1	1	61.08	61.08	61.08
juego3	easy	80.0	0.008	562	400	177	258	81	1	1	61.26	61.26	61.26
juego3	easy	80.0	0.008	571	400	177	257	80	1	1	61.37	61.37	61.37
juego3	easy	80.0	0.008	579	400	177	257	80	1	1	61.37	61.37	61.37
juego3	easy	80.0	0.008	589	400	177	257	80	1	1	61.28	61.28	61.28
juego3	easy	80.0	0.008	597	400	177	258	81	1	1	61.18	61.18	61.18
juego3	easy	80.0	0.008	607	400	177	258	81	1	1	61.18	61.18	61.18
juego3	easy	80.0	0.008	615	400	177	258	81	1	1	61.21	61.21	61.21
juego3	easy	80.0	0.008	624	400	177	258	81	1	1	61.26	61.26	61.26
juego3	easy	80.0	0.008	632	400	177	258	81	1	1	61.25	61.25	61.25
juego3	easy	80.0	0.008	641	400	177	258	81	1	1	61.21	61.21	61.21
juego3	easy	80.0	0.008	650	400	177	258	81	1	1	61.19	61.19	61.19
juego3	easy	80.0	0.008	659	400	177	258	81	1	1	61.2	61.2	61.2
juego3	easy	80.0	0.008	667	400	177	258	81	1	1	61.22	61.22	61.22
juego3	easy	80.0	0.008	677	400	177	257	80	1	1	61.31	61.31	61.31
juego3	easy	80.0	0.008	685	400	177	257	80	1	1	61.43	61.43	61.43
juego3	easy	80.0	0.008	694	400	177	256	79	1	1	61.77	61.77	61.77
juego3	easy	80.0	0.008	703	400	177	255	78	1	1	62.11	62.11	62.11
juego3	easy	80.0	0.008	711	400	177	255	78	1	1	62.41	62.41	62.41
juego3	easy	80.0	0.008	720	400	177	254	77	1	1	62.6	62.6	62.6
juego3	easy	80.0	0.008	728	400	177	253	76	1	1	63.11	63.11	63.11
juego3	easy	80.0	0.008	737	400	177	251	74	1	1	63.71	63.71	63.71
juego3	easy	80.0	0.008	746	400	177	249	72	1	1	64.37	64.37	64.37
juego3	easy	80.0	0.008	754	400	177	248	71	1	1	64.76	64.76	64.76
juego3	easy	80.0	0.008	763	400	177	246	69	1	1	65.74	65.74	65.74
juego3	easy	80.0	0.008	772	400	177	242	65	1	1	67.02	67.02	67.02
juego3	easy	80.0	0.008	781	400	177	241	64	1	1	67.66	67.66	67.66
juego3	easy	80.0	0.008	789	400	177	238	61	1	1	68.75	68.75	68.75
juego3	easy	80.0	0.008	798	400	177	237	60	1	1	69.13	69.13	69.13
juego3	easy	80.0	0.008	806	400	177	236	59	1	1	69.51	69.51	69.51
juego3	easy	80.0	0.008	815	400	177	235	58	1	1	69.81	69.81	69.81
juego3	easy	80.0	0.008	824	400	177	235	58	1	1	69.95	69.95	69.95
juego3	easy	80.0	0.008	832	400	177	235	58	1	1	70.02	70.02	70.02
juego3	easy	80.0	0.008	841	400	177	234	57	1	1	70.28	70.28	70.28
juego3	easy	80.0	0.008	850	400	177	233	56	1	1	70.64	70.64	70.64
juego3	easy	80.0	0.008	859	400	177	232	55	1	1	70.88	70.88	70.88
juego3	easy	80.0	0.008	868	400	177	232	55	1	1	71.11	71.11	71.11
juego3	easy	80.0	0.008	877	400	177	230	53	1	1	71.66	71.66	71.66
juego3	easy	80.0	0.008	886	400	177	229	52	1	1	72.15	72.15	72.15
juego3	easy	80.0	0.008	895	400	177	229	52	1	1	72.33	72.33	72.33
juego3	easy	80.0	0.008	904	400	177	228	51	1	1	72.41	72.41	72.41
juego3	easy	80.0	0.008	913	400	177	228	51	1	1	72.48	72.48	72.48
juego3	easy	80.0	0.008	923	400	177	227	50	1	1	72.87	72.87	72.87
juego3	easy	80.0	0.008	931	400	177	226	49	1	1	73.21	73.21	73.21
juego3	easy	80.0	0.008	940	400	177	224	47	1	1	74.11	74.11	74.11
juego3	easy	80.0	0.008	949	400	177	221	44	1	1	75.11	75.11	75.11
juego3	easy	80.0	0.008	958	400	177	219	42	1	1	75.98	75.98	75.98
juego3	easy	80.0	0.008	966	400	177	218	41	1	1	76.38	76.38	76.38
juego3	easy	80.0	0.008	975	400	177	216	39	1	1	77.09	77.09	77.09
juego3	easy	80.0	0.008	984	400	177	215	38	1	1	77.71	77.71	77.71
juego3	easy	80.0	0.008	992	400	177	214	37	1	1	77.99	77.99	77.99
juego3	easy	80.0	0.008	1000	400	177	213	36	1	1	78.25	78.25	78.25
juego3	easy	80.0	0.008	1010	400	177	211	34	1	1	78.95	78.95	78.95
juego3	easy	80.0	0.008	1019	400	177	210	33	1	1	79.59	79.59	79.59
juego3	easy	80.0	0.008	1027	400	177	208	31	1	1	80.31	80.31	80.31
juego3	easy	80.0	0.008	1036	400	177	207	30	1	1	80.67	80.67	80.67
juego3	easy	80.0	0.008	1045	400	177	205	28	1	1	81.33	81.33	81.33
juego3	easy	80.0	0.008	1053	400	177	204	27	1	1	81.84	81.84	81.84
juego3	easy	80.0	0.008	1060	400	177	203	26	1	1	82.06	82.06	82.06
juego3	easy	80.0	0.008	1069	400	177	202	25	1	1	82.43	82.43	82.43
juego3	easy	80.0	0.008	1078	400	177	201	24	1	1	82.79	82.79	82.79
juego3	easy	80.0	0.008	1087	400	177	200	23	1	1	83.39	83.39	83.39
juego3	easy	80.0	0.008	1095	400	177	199	22	1	1	83.78	83.78	83.78
juego3	easy	80.0	0.008	1103	400	177	197	20	1	1	84.63	84.63	84.63
juego3	easy	80.0	0.008	1112	400	177	194	17	1	1	85.53	85.53	85.53
juego3	easy	80.0	0.008	1121	400	177	193	16	1	1	85.95	85.95	85.95
juego3	easy	80.0	0.008	1129	400	177	191	14	1	1	86.91	86.91	86.91
juego3	easy	80.0	0.008	1139	400	177	188	11	1	1	87.84	87.84	87.84
juego3	easy	80.0	0.008	1147	400	177	187	10	1	1	88.31	88.31	88.31
juego3	easy	80.0	0.008	1157	400	177	186	9	1	1	88.82	88.82	88.82
juego3	easy	80.0	0.008	1165	400	177	182	5	1	1	90.26	90.26	90.26
juego3	easy	80.0	0.008	1174	400	177	180	3	1	1	90.87	90.87	90.87
juego3	easy	80.0	0.008	1184	400	177	180	3	1	1	90.83	90.83	90.83
juego3	easy	80.0	0.008	1192	400	177	181	4	1	1	90.63	90.63	90.63
juego3	easy	80.0	0.008	1201	400	177	182	5	1	1	90.2	90.2	90.2
juego3	easy	80.0	0.008	1210	400	177	183	6	1	1	89.78	89.78	89.78
juego3	easy	80.0	0.008	1218	400	177	183	6	1	1	89.77	89.77	89.77
juego3	easy	80.0	0.008	1227	400	177	183	6	1	1	89.89	89.89	89.89
juego3	easy	80.0	0.008	1235	400	177	182	5	1	1	90.29	90.29	90.29
juego3	easy	80.0	0.008	1244	400	177	180	3	1	1	90.86	90.86	90.86
juego3	easy	80.0	0.008	1254	400	177	179	2	1	1	91.47	91.47	91.47
juego3	easy	80.0	0.008	1262	400	177	177	0	1	1	92.04	92.04	92.04
juego3	easy	80.0	0.008	1271	400	177	177	0	1	1	92.27	92.27	92.27
juego3	easy	80.0	0.008	1280	400	177	176	-1	1	1	92.63	92.63	92.63
juego3	easy	80.0	0.008	1288	400	177	175	-2	1	1	92.8	92.8	92.8
juego3	easy	80.0	0.008	1298	400	177	175	-2	1	1	92.75	92.75	92.75
juego3	easy	80.0	0.008	1306	400	177	176	-1	1	1	92.69	92.69	92.69
juego3	easy	80.0	0.008	1315	400	177	176	-1	1	1	92.57	92.57	92.57
juego3	easy	80.0	0.008	1322	400	177	176	-1	1	1	92.49	92.49	92.49
juego3	easy	80.0	0.008	1331	400	177	176	-1	1	1	92.5	92.5	92.5
juego3	easy	80.0	0.008	1340	400	177	176	-1	1	1	92.56	92.56	92.56
juego3	easy	80.0	0.008	1348	400	177	176	-1	1	1	92.67	92.67	92.67
juego3	easy	80.0	0.008	1358	400	177	175	-2	1	1	92.76	92.76	92.76
juego3	easy	80.0	0.008	1366	400	177	175	-2	1	1	92.79	92.79	92.79
juego3	easy	80.0	0.008	1375	400	177	175	-2	1	1	92.8	92.8	92.8
juego3	easy	80.0	0.008	1384	400	177	175	-2	1	1	92.76	92.76	92.76
juego3	easy	80.0	0.008	1393	400	177	176	-1	1	1	92.69	92.69	92.69
juego3	easy	80.0	0.008	1400	400	177	176	-1	1	1	92.64	92.64	92.64
juego3	easy	80.0	0.008	1410	400	177	176	-1	1	1	92.54	92.54	92.54
juego3	easy	80.0	0.008	1418	400	177	176	-1	1	1	92.43	92.43	92.43
juego3	easy	80.0	0.008	1427	400	177	176	-1	1	1	92.38	92.38	92.38
juego3	easy	80.0	0.008	1436	400	177	177	0	1	1	92.25	92.25	92.25
juego3	easy	80.0	0.008	1444	400	177	177	0	1	1	92.12	92.12	92.12
juego3	easy	80.0	0.008	1452	400	177	177	0	1	1	92.06	92.06	92.06
juego3	easy	80.0	0.008	1461	400	177	177	0	1	1	91.98	91.98	91.98
juego3	easy	80.0	0.008	1469	400	177	178	1	1	1	91.92	91.92	91.92
juego3	easy	80.0	0.008	1478	400	177	178	1	1	1	91.9	91.9	91.9
juego3	easy	80.0	0.008	1487	400	177	178	1	1	1	91.9	91.9	91.9
juego3	easy	80.0	0.008	1496	400	177	178	1	1	1	91.89	91.89	91.89
juego3	easy	80.0	0.008	1504	400	177	178	1	1	1	91.87	91.87	91.87
juego3	easy	80.0	0.008	1512	400	177	178	1	1	1	91.85	91.85	91.85
juego3	easy	80.0	0.008	1521	400	177	178	1	1	1	91.79	91.79	91.79
juego3	easy	80.0	0.008	1529	400	177	178	1	1	1	91.72	91.72	91.72
juego3	easy	80.0	0.008	1539	400	177	178	1	1	1	91.69	91.69	91.69
juego3	easy	80.0	0.008	1547	400	177	178	1	1	1	91.67	91.67	91.67
juego3	easy	80.0	0.008	1555	400	177	178	1	1	1	91.64	91.64	91.64
juego3	easy	80.0	0.008	1564	400	177	178	1	1	1	91.58	91.58	91.58
juego3	easy	80.0	0.008	1573	400	177	179	2	1	1	91.51	91.51	91.51
juego3	easy	80.0	0.008	1581	400	177	179	2	1	1	91.48	91.48	91.48
juego3	easy	80.0	0.008	1590	400	177	179	2	1	1	91.43	91.43	91.43
juego3	easy	80.0	0.008	1598	400	177	179	2	1	1	91.4	91.4	91.4
juego3	easy	80.0	0.008	1606	400	177	179	2	1	1	91.39	91.39	91.39
juego3	easy	80.0	0.008	1615	400	177	179	2	1	1	91.36	91.36	91.36
juego3	easy	80.0	0.008	1623	400	177	179	2	1	1	91.3	91.3	91.3
juego3	easy	80.0	0.008	1632	400	177	179	2	1	1	91.26	91.26	91.26
juego3	easy	80.0	0.008	1641	400	177	180	3	1	1	91.15	91.15	91.15
juego3	easy	80.0	0.008	1650	400	177	180	3	1	1	91.03	91.03	91.03
juego3	easy	80.0	0.008	1659	400	177	180	3	1	1	90.96	90.96	90.96
juego3	easy	80.0	0.008	1667	400	177	180	3	1	1	90.94	90.94	90.94
juego3	easy	80.0	0.008	1676	400	177	180	3	1	1	90.92	90.92	90.92
juego3	easy	80.0	0.008	1685	400	177	180	3	1	1	90.89	90.89	90.89
juego3	easy	80.0	0.008	1694	400	177	180	3	1	1	90.85	90.85	90.85
juego3	easy	80.0	0.008	1704	400	177	180	3	1	1	90.79	90.79	90.79
juego3	easy	80.0	0.008	1712	400	177	181	4	1	1	90.78	90.78	90.78
juego3	easy	80.0	0.008	1720	400	177	180	3	1	1	90.83	90.83	90.83
juego3	easy	80.0	0.008	1728	400	177	180	3	1	1	90.86	90.86	90.86
juego3	easy	80.0	0.008	1736	400	177	180	3	1	1	90.9	90.9	90.9
juego3	easy	80.0	0.008	1746	400	177	180	3	1	1	90.87	90.87	90.87
juego3	easy	80.0	0.008	1754	400	177	180	3	1	1	90.83	90.83	90.83
juego3	easy	80.0	0.008	1763	400	177	180	3	1	1	90.81	90.81	90.81
juego3	easy	80.0	0.008	1772	400	177	180	3	1	1	90.8	90.8	90.8
juego3	easy	80.0	0.008	1781	400	177	180	3	1	1	90.81	90.81	90.81
juego3	easy	80.0	0.008	1790	400	177	181	4	1	1	90.77	90.77	90.77
juego3	easy	80.0	0.008	1799	400	177	181	4	1	1	90.68	90.68	90.68
juego3	easy	80.0	0.008	1808	400	177	181	4	1	1	90.65	90.65	90.65
juego3	easy	80.0	0.008	1817	400	177	181	4	1	1	90.64	90.64	90.64
juego3	easy	80.0	0.008	1826	400	177	181	4	1	1	90.71	90.71	90.71
juego3	easy	80.0	0.008	1835	400	177	181	4	1	1	90.77	90.77	90.77
juego3	easy	80.0	0.008	1844	400	177	180	3	1	1	90.82	90.82	90.82
juego3	easy	80.0	0.008	1853	400	177	180	3	1	1	90.85	90.85	90.85
juego3	easy	80.0	0.008	1861	400	177	180	3	1	1	90.89	90.89	90.89
juego3	easy	80.0	0.008	1869	400	177	180	3	1	1	90.95	90.95	90.95
juego3	easy	80.0	0.008	1878	400	177	180	3	1	1	90.96	90.96	90.96
juego3	easy	80.0	0.008	1887	400	177	180	3	1	1	90.97	90.97	90.97
juego3	easy	80.0	0.008	1895	400	177	180	3	1	1	90.95	90.95	90.95
juego3	easy	80.0	0.008	1904	400	177	180	3	1	1	90.9	90.9	90.9
juego3	easy	80.0	0.008	1912	400	177	180	3	1	1	90.87	90.87	90.87
juego3	easy	80.0	0.008	1921	400	177	180	3	1	1	90.82	90.82	90.82
juego3	easy	80.0	0.008	1931	400	177	181	4	1	1	90.76	90.76	90.76
juego3	easy	80.0	0.008	1940	400	177	181	4	1	1	90.73	90.73	90.73
juego3	easy	80.0	0.008	1948	400	177	181	4	1	1	90.72	90.72	90.72
juego3	easy	80.0	0.008	1957	400	177	181	4	1	1	90.73	90.73	90.73
juego3	easy	80.0	0.008	1966	400	177	181	4	1	1	90.73	90.73	90.73
juego3	easy	80.0	0.008	1975	400	177	181	4	1	1	90.69	90.69	90.69
juego3	easy	80.0	0.008	1983	400	177	181	4	1	1	90.68	90.68	90.68
juego3	easy	80.0	0.008	1993	400	177	181	4	1	1	90.62	90.62	90.62
juego3	easy	80.0	0.008	0	400	177	181	4	2	1	90.53	90.53	90.53
juego3	easy	0.0	0.008	9	400	282	181	-101	2	1	90.44	90.44	90.44
juego3	easy	0.0	0.008	18	400	282	182	-100	2	1	90.37	90.37	90.37
juego3	easy	0.0	0.008	25	400	282	182	-100	2	1	90.36	90.36	90.36
juego3	easy	0.0	0.008	34	400	282	182	-100	2	1	90.37	90.37	90.37
juego3	easy	0.0	0.008	43	400	282	181	-101	2	1	90.4	90.4	90.4
juego3	easy	0.0	0.008	53	400	282	181	-101	2	1	90.42	90.42	90.42
juego3	easy	0.0	0.008	61	400	282	181	-101	2	1	90.44	90.44	90.44
juego3	easy	0.0	0.008	70	400	282	181	-101	2	1	90.46	90.46	90.46
juego3	easy	0.0	0.008	79	400	282	181	-101	2	1	90.47	90.47	90.47
juego3	easy	0.0	0.008	89	400	282	181	-101	2	1	90.5	90.5	90.5
juego3	easy	0.0	0.008	97	400	282	181	-101	2	1	90.51	90.51	90.51
juego3	easy	0.0	0.008	105	400	282	181	-101	2	1	90.51	90.51	90.51
juego3	easy	0.0	0.008	114	400	282	181	-101	2	1	90.46	90.46	90.46
juego3	easy	0.0	0.008	123	400	282	182	-100	2	1	90.38	90.38	90.38
juego3	easy	0.0	0.008	131	400	282	182	-100	2	1	90.34	90.34	90.34
juego3	easy	0.0	0.008	141	400	282	182	-100	2	1	90.28	90.28	90.28
juego3	easy	0.0	0.008	149	400	282	182	-100	2	1	90.24	90.24	90.24
juego3	easy	0.0	0.008	157	400	282	182	-100	2	1	90.22	90.22	90.22
juego3	easy	0.0	0.008	167	400	282	182	-100	2	1	90.16	90.16	90.16
juego3	easy	0.0	0.008	174	400	282	182	-100	2	1	90.07	90.07	90.07
juego3	easy	0.0	0.008	183	400	282	183	-99	2	1	89.94	89.94	89.94
juego3	easy	0.0	0.008	193	400	282	183	-99	2	1	89.79	89.79	89.79
juego3	easy	0.0	0.008	201	400	282	183	-99	2	1	89.7	89.7	89.7
juego3	easy	0.0	0.008	210	400	282	184	-98	2	1	89.49	89.49	89.49
juego3	easy	0.0	0.008	219	400	282	185	-97	2	1	89.22	89.22	89.22
juego3	easy	0.0	0.008	227	400	282	185	-97	2	1	89.05	89.05	89.05
juego3	easy	0.0	0.008	235	400	282	186	-96	2	1	88.57	88.57	88.57
juego3	easy	0.0	0.008	243	400	282	188	-94	2	1	87.9	87.9	87.9
juego3	easy	0.0	0.008	252	400	282	191	-91	2	1	86.89	86.89	86.89
juego3	easy	0.0	0.008	261	400	282	192	-90	2	1	86.24	86.24	86.24
juego3	easy	0.0	0.008	271	400	282	197	-85	2	1	84.59	84.59	84.59
juego3	easy	0.0	0.008	279	400	282	202	-80	2	1	82.54	82.54	82.54
juego3	easy	0.0	0.008	288	400	282	208	-74	2	1	80.18	80.18	80.18
juego3	easy	0.0	0.008	296	400	282	211	-71	2	1	78.9	78.9	78.9
juego3	easy	0.0	0.008	305	400	282	218	-64	2	1	76.54	76.54	76.54
juego3	easy	0.0	0.008	315	400	282	223	-59	2	1	74.52	74.52	74.52
juego3	easy	0.0	0.008	323	400	282	225	-57	2	1	73.73	73.73	73.73
juego3	easy	0.0	0.008	332	400	282	228	-54	2	1	72.76	72.76	72.76
juego3	easy	0.0	0.008	341	400	282	228	-54	2	1	72.52	72.52	72.52
juego3	easy	0.0	0.008	350	400	282	228	-54	2	1	72.4	72.4	72.4
juego3	easy	0.0	0.008	358	400	282	228	-54	2	1	72.47	72.47	72.47
juego3	easy	0.0	0.008	367	400	282	228	-54	2	1	72.55	72.55	72.55
juego3	easy	0.0	0.008	375	400	282	228	-54	2	1	72.71	72.71	72.71
juego3	easy	0.0	0.008	383	400	282	228	-54	2	1	72.76	72.76	72.76
juego3	easy	0.0	0.008	392	400	282	228	-54	2	1	72.71	72.71	72.71
juego3	easy	0.0	0.008	401	400	282	228	-54	2	1	72.4	72.4	72.4
juego3	easy	0.0	0.008	409	400	282	230	-52	2	1	71.91	71.91	71.91
juego3	easy	0.0	0.008	418	400	282	231	-51	2	1	71.27	71.27	71.27
juego3	easy	0.0	0.008	427	400	282	232	-50	2	1	70.93	70.93	70.93
juego3	easy	0.0	0.008	436	400	282	234	-48	2	1	70.27	70.27	70.27
juego3	easy	0.0	0.008	445	400	282	236	-46	2	1	69.65	69.65	69.65
juego3	easy	0.0	0.008	454	400	282	237	-45	2	1	69.06	69.06	69.06
juego3	easy	0.0	0.008	462	400	282	238	-44	2	1	68.8	68.8	68.8
juego3	easy	0.0	0.008	471	400	282	239	-43	2	1	68.3	68.3	68.3
juego3	easy	0.0	0.008	481	400	282	240	-42	2	1	67.91	67.91	67.91
juego3	easy	0.0	0.008	489	400	282	241	-41	2	1	67.56	67.56	67.56
juego3	easy	0.0	0.008	498	400	282	241	-41	2	1	67.4	67.4	67.4
juego3	easy	0.0	0.008	506	400	282	242	-40	2	1	67.13	67.13	67.13
juego3	easy	0.0	0.008	515	400	282	243	-39	2	1	66.89	66.89	66.89
juego3	easy	0.0	0.008	524	400	282	244	-38	2	1	66.63	66.63	66.63
juego3	easy	0.0	0.008	534	400	282	244	-38	2	1	66.27	66.27	66.27
juego3	easy	0.0	0.008	542	400	282	245	-37	2	1	66.05	66.05	66.05
juego3	easy	0.0	0.008	550	400	282	247	-35	2	1	65.44	65.44	65.44
juego3	easy	0.0	0.008	558	400	282	247	-35	2	1	65.11	65.11	65.11
juego3	easy	0.0	0.008	566	400	282	249	-33	2	1	64.43	64.43	64.43
juego3	easy	0.0	0.008	575	400	282	251	-31	2	1	63.83	63.83	63.83
juego3	easy	0.0	0.008	584	400	282	252	-30	2	1	63.22	63.22	63.22
juego3	easy	0.0	0.008	592	400	282	253	-29	2	1	62.91	62.91	62.91
juego3	easy	0.0	0.008	600	400	282	255	-27	2	1	62.31	62.31	62.31
juego3	easy	0.0	0.008	609	400	282	256	-26	2	1	61.98	61.98	61.98
juego3	easy	0.0	0.008	619	400	282	258	-24	2	1	60.96	60.96	60.96
juego3	easy	0.0	0.008	627	400	282	259	-23	2	1	60.6	60.6	60.6
juego3	easy	0.0	0.008	635	400	282	261	-21	2	1	59.85	59.85	59.85
juego3	easy	0.0	0.008	642	400	282	262	-20	2	1	59.48	59.48	59.48
juego3	easy	0.0	0.008	652	400	282	264	-18	2	1	58.74	58.74	58.74
juego3	easy	0.0	0.008	661	400	282	266	-16	2	1	58.0	58.0	58.0
juego3	easy	0.0	0.008	670	400	282	268	-14	2	1	57.31	57.31	57.31
juego3	easy	0.0	0.008	678	400	282	269	-13	2	1	57.0	57.0	57.0
juego3	easy	0.0	0.008	687	400	282	270	-12	2	1	56.43	56.43	56.43
juego3	easy	0.0	0.008	695	400	282	271	-11	2	1	56.02	56.02	56.02
juego3	easy	0.0	0.008	705	400	282	272	-10	2	1	55.83	55.83	55.83
juego3	easy	0.0	0.008	713	400	282	272	-10	2	1	55.52	55.52	55.52
juego3	easy	0.0	0.008	721	400	282	274	-8	2	1	55.12	55.12	55.12
juego3	easy	0.0	0.008	728	400	282	274	-8	2	1	54.89	54.89	54.89
juego3	easy	0.0	0.008	738	400	282	275	-7	2	1	54.47	54.47	54.47
juego3	easy	0.0	0.008	746	400	282	276	-6	2	1	54.01	54.01	54.01
juego3	easy	0.0	0.008	754	400	282	278	-4	2	1	53.56	53.56	53.56
juego3	easy	0.0	0.008	762	400	282	278	-4	2	1	53.31	53.31	53.31
juego3	easy	0.0	0.008	770	400	282	280	-2	2	1	52.8	52.8	52.8
juego3	easy	0.0	0.008	780	400	282	281	-1	2	1	52.32	52.32	52.32
juego3	easy	0.0	0.008	788	400	282	281	-1	2	1	52.1	52.1	52.1
juego3	easy	0.0	0.008	797	400	282	282	0	2	1	51.73	51.73	51.73
juego3	easy	0.0	0.008	806	400	282	283	1	2	1	51.4	51.4	51.4
juego3	easy	0.0	0.008	815	400	282	284	2	2	1	51.16	51.16	51.16
juego3	easy	0.0	0.008	824	400	282	284	2	2	1	51.06	51.06	51.06
juego3	easy	0.0	0.008	833	400	282	284	2	2	1	50.98	50.98	50.98
juego3	easy	0.0	0.008	842	400	282	284	2	2	1	50.97	50.97	50.97
juego3	easy	0.0	0.008	850	400	282	284	2	2	1	51.03	51.03	51.03
juego3	easy	0.0	0.008	859	400	282	284	2	2	1	51.13	51.13	51.13
juego3	easy	0.0	0.008	868	400	282	284	2	2	1	51.18	51.18	51.18
juego3	easy	0.0	0.008	876	400	282	284	2	2	1	51.23	51.23	51.23
juego3	easy	0.0	0.008	885	400	282	284	2	2	1	51.22	51.22	51.22
juego3	easy	0.0	0.008	893	400	282	284	2	2	1	51.19	51.19	51.19
juego3	easy	0.0	0.008	902	400	282	284	2	2	1	51.1	51.1	51.1
juego3	easy	0.0	0.008	910	400	282	284	2	2	1	50.95	50.95	50.95
juego3	easy	0.0	0.008	919	400	282	285	3	2	1	50.86	50.86	50.86
juego3	easy	0.0	0.008	929	400	282	285	3	2	1	50.66	50.66	50.66
juego3	easy	0.0	0.008	936	400	282	286	4	2	1	50.46	50.46	50.46
juego3	easy	0.0	0.008	945	400	282	286	4	2	1	50.28	50.28	50.28
juego3	easy	0.0	0.008	953	400	282	286	4	2	1	50.2	50.2	50.2
juego3	easy	0.0	0.008	963	400	282	287	5	2	1	50.13	50.13	50.13
juego3	easy	0.0	0.008	971	400	282	286	4	2	1	50.16	50.16	50.16
juego3	easy	0.0	0.008	980	400	282	287	5	2	1	50.02	50.02	50.02
juego3	easy	0.0	0.008	990	400	282	288	6	2	1	49.74	49.74	49.74
juego3	easy	0.0	0.008	998	400	282	288	6	2	1	49.7	49.7	49.7
juego3	easy	0.0	0.008	1007	400	282	288	6	2	1	49.71	49.71	49.71
juego3	easy	0.0	0.008	1015	400	282	288	6	2	1	49.54	49.54	49.54
juego3	easy	0.0	0.008	1023	400	282	288	6	2	1	49.45	49.45	49.45
juego3	easy	0.0	0.008	1032	400	282	289	7	2	1	49.24	49.24	49.24
juego3	easy	0.0	0.008	1041	400	282	289	7	2	1	49.06	49.06	49.06
juego3	easy	0.0	0.008	1051	400	282	289	7	2	1	49.03	49.03	49.03
juego3	easy	0.0	0.008	1060	400	282	289	7	2	1	49.02	49.02	49.02
juego3	easy	0.0	0.008	1068	400	282	290	8	2	1	48.93	48.93	48.93
juego3	easy	0.0	0.008	1077	400	282	290	8	2	1	48.91	48.91	48.91
juego3	easy	0.0	0.008	1085	400	282	290	8	2	1	48.89	48.89	48.89
juego3	easy	0.0	0.008	1092	400	282	290	8	2	1	48.82	48.82	48.82
juego3	easy	0.0	0.008	1101	400	282	290	8	2	1	48.71	48.71	48.71
juego3	easy	0.0	0.008	1109	400	282	290	8	2	1	48.73	48.73	48.73
juego3	easy	0.0	0.008	1118	400	282	290	8	2	1	48.74	48.74	48.74
juego3	easy	0.0	0.008	1127	400	282	290	8	2	1	48.72	48.72	48.72
juego3	easy	0.0	0.008	1136	400	282	291	9	2	1	48.61	48.61	48.61
juego3	easy	0.0	0.008	1144	400	282	291	9	2	1	48.5	48.5	48.5
juego3	easy	0.0	0.008	1153	400	282	291	9	2	1	48.28	48.28	48.28
juego3	easy	0.0	0.008	1162	400	282	292	10	2	1	47.96	47.96	47.96
juego3	easy	0.0	0.008	1170	400	282	293	11	2	1	47.73	47.73	47.73
juego3	easy	0.0	0.008	1179	400	282	293	11	2	1	47.66	47.66	47.66
juego3	easy	0.0	0.008	1189	400	282	293	11	2	1	47.56	47.56	47.56
juego3	easy	0.0	0.008	1197	400	282	293	11	2	1	47.52	47.52	47.52
juego3	easy	0.0	0.008	1205	400	282	294	12	2	1	47.43	47.43	47.43
juego3	easy	0.0	0.008	1214	400	282	294	12	2	1	47.29	47.29	47.29
juego3	easy	0.0	0.008	1224	400	282	294	12	2	1	47.21	47.21	47.21
juego3	easy	0.0	0.008	1233	400	282	294	12	2	1	47.11	47.11	47.11
juego3	easy	0.0	0.008	1241	400	282	295	13	2	1	46.98	46.98	46.98
juego3	easy	0.0	0.008	1249	400	282	295	13	2	1	46.93	46.93	46.93
juego3	easy	0.0	0.008	1258	400	282	295	13	2	1	46.81	46.81	46.81
juego3	easy	0.0	0.008	1266	400	282	296	14	2	1	46.65	46.65	46.65
juego3	easy	0.0	0.008	1275	400	282	296	14	2	1	46.47	46.47	46.47
juego3	easy	0.0	0.008	1284	400	282	296	14	2	1	46.4	46.4	46.4
juego3	easy	0.0	0.008	1293	400	282	297	15	2	1	46.28	46.28	46.28
juego3	easy	0.0	0.008	1302	400	282	297	15	2	1	46.18	46.18	46.18
juego3	easy	0.0	0.008	1311	400	282	297	15	2	1	46.07	46.07	46.07
juego3	easy	0.0	0.008	1319	400	282	297	15	2	1	46.04	46.04	46.04
juego3	easy	0.0	0.008	1328	400	282	297	15	2	1	46.05	46.05	46.05
juego3	easy	0.0	0.008	1337	400	282	297	15	2	1	46.06	46.06	46.06
juego3	easy	0.0	0.008	1346	400	282	297	15	2	1	46.02	46.02	46.02
juego3	easy	0.0	0.008	1353	400	282	297	15	2	1	45.96	45.96	45.96
juego3	easy	0.0	0.008	1362	400	282	298	16	2	1	45.84	45.84	45.84
juego3	easy	0.0	0.008	1371	400	282	298	16	2	1	45.76	45.76	45.76
juego3	easy	0.0	0.008	1379	400	282	298	16	2	1	45.71	45.71	45.71
juego3	easy	0.0	0.008	1388	400	282	299	17	2	1	45.52	45.52	45.52
juego3	easy	0.0	0.008	1396	400	282	299	17	2	1	45.34	45.34	45.34
juego3	easy	0.0	0.008	1405	400	282	299	17	2	1	45.28	45.28	45.28
juego3	easy	0.0	0.008	1414	400	282	300	18	2	1	45.15	45.15	45.15
juego3	easy	0.0	0.008	1423	400	282	300	18	2	1	44.98	44.98	44.98
juego3	easy	0.0	0.008	1432	400	282	300	18	2	1	44.82	44.82	44.82
juego3	easy	0.0	0.008	1441	400	282	300	18	2	1	44.74	44.74	44.74
juego3	easy	0.0	0.008	1449	400	282	300	18	2	1	44.65	44.65	44.65
juego3	easy	0.0	0.008	1458	400	282	300	18	2	1	44.57	44.57	44.57
juego3	easy	0.0	0.008	1467	400	282	300	18	2	1	44.45	44.45	44.45
juego3	easy	0.0	0.008	1476	400	282	301	19	2	1	44.34	44.34	44.34
juego3	easy	0.0	0.008	1486	400	282	301	19	2	1	44.25	44.25	44.25
juego3	easy	0.0	0.008	1494	400	282	301	19	2	1	44.21	44.21	44.21
juego3	easy	0.0	0.008	1503	400	282	301	19	2	1	44.1	44.1	44.1
juego3	easy	0.0	0.008	1512	400	282	302	20	2	1	43.96	43.96	43.96
juego3	easy	0.0	0.008	1520	400	282	302	20	2	1	43.85	43.85	43.85
juego3	easy	0.0	0.008	1528	400	282	302	20	2	1	43.75	43.75	43.75
juego3	easy	0.0	0.008	1538	400	282	303	21	2	1	43.48	43.48	43.48
juego3	easy	0.0	0.008	1547	400	282	303	21	2	1	43.41	43.41	43.41
juego3	easy	0.0	0.008	1556	400	282	303	21	2	1	43.29	43.29	43.29
juego3	easy	0.0	0.008	1564	400	282	304	22	2	1	43.19	43.19	43.19
juego3	easy	0.0	0.008	1574	400	282	304	22	2	1	42.97	42.97	42.97
juego3	easy	0.0	0.008	1582	400	282	305	23	2	1	42.56	42.56	42.56
juego3	easy	0.0	0.008	1591	400	282	306	24	2	1	42.18	42.18	42.18
juego3	easy	0.0	0.008	1599	400	282	306	24	2	1	42.22	42.22	42.22
juego3	easy	0.0	0.008	1608	400	282	306	24	2	1	42.47	42.47	42.47
juego3	easy	0.0	0.008	1616	400	282	304	22	2	1	42.97	42.97	42.97
juego3	easy	0.0	0.008	1625	400	282	304	22	2	1	43.22	43.22	43.22
juego3	easy	0.0	0.008	1633	400	282	303	21	2	1	43.29	43.29	43.29
juego3	easy	0.0	0.008	1642	400	282	304	22	2	1	43.23	43.23	43.23
juego3	easy	0.0	0.008	1652	400	282	304	22	2	1	42.87	42.87	42.87
juego3	easy	0.0	0.008	1660	400	282	305	23	2	1	42.69	42.69	42.69
juego3	easy	0.0	0.008	1669	400	282	306	24	2	1	42.17	42.17	42.17
juego3	easy	0.0	0.008	1678	400	282	308	26	2	1	41.48	41.48	41.48
juego3	easy	0.0	0.008	1685	400	282	309	27	2	1	41.28	41.28	41.28
juego3	easy	0.0	0.008	1694	400	282	310	28	2	1	40.67	40.67	40.67
juego3	easy	0.0	0.008	1703	400	282	312	30	2	1	40.04	40.04	40.04
juego3	easy	0.0	0.008	1711	400	282	313	31	2	1	39.68	39.68	39.68
juego3	easy	0.0	0.008	1720	400	282	315	33	2	1	38.91	38.91	38.91
juego3	easy	0.0	0.008	1729	400	282	316	34	2	1	38.6	38.6	38.6
juego3	easy	0.0	0.008	1738	400	282	318	36	2	1	37.56	37.56	37.56
juego3	easy	0.0	0.008	1747	400	282	320	38	2	1	36.9	36.9	36.9
juego3	easy	0.0	0.008	1755	400	282	321	39	2	1	36.65	36.65	36.65
juego3	easy	0.0	0.008	1764	400	282	322	40	2	1	36.31	36.31	36.31
juego3	easy	0.0	0.008	1774	400	282	323	41	2	1	35.94	35.94	35.94
juego3	easy	0.0	0.008	1782	400	282	325	43	2	1	35.19	35.19	35.19
juego3	easy	0.0	0.008	1790	400	282	326	44	2	1	34.57	34.57	34.57
juego3	easy	0.0	0.008	1798	400	282	327	45	2	1	34.38	34.38	34.38
juego3	easy	0.0	0.008	1807	400	282	328	46	2	1	33.87	33.87	33.87
juego3	easy	0.0	0.008	1816	400	282	329	47	2	1	33.33	33.33	33.33
juego3	easy	0.0	0.008	1825	400	282	330	48	2	1	33.12	33.12	33.12
juego3	easy	0.0	0.008	1834	400	282	330	48	2	1	32.99	32.99	32.99
juego3	easy	0.0	0.008	1843	400	282	330	48	2	1	33.02	33.02	33.02
juego3	easy	0.0	0.008	1852	400	282	330	48	2	1	33.05	33.05	33.05
juego3	easy	0.0	0.008	1861	400	282	330	48	2	1	32.95	32.95	32.95
juego3	easy	0.0	0.008	1870	400	282	331	49	2	1	32.54	32.54	32.54
juego3	easy	0.0	0.008	1879	400	282	332	50	2	1	32.24	32.24	32.24
juego3	easy	0.0	0.008	1887	400	282	332	50	2	1	32.19	32.19	32.19
juego3	easy	0.0	0.008	1897	400	282	332	50	2	1	32.24	32.24	32.24
juego3	easy	0.0	0.008	1905	400	282	332	50	2	1	32.28	32.28	32.28
juego3	easy	0.0	0.008	1914	400	282	332	50	2	1	32.26	32.26	32.26
juego3	easy	0.0	0.008	1923	400	282	332	50	2	1	32.17	32.17	32.17
juego3	easy	0.0	0.008	1931	400	282	332	50	2	1	32.14	32.14	32.14
juego3	easy	0.0	0.008	1940	400	282	332	50	2	1	32.15	32.15	32.15
juego3	easy	0.0	0.008	1948	400	282	332	50	2	1	32.22	32.22	32.22
juego3	easy	0.0	0.008	1958	400	282	332	50	2	1	32.27	32.27	32.27
juego3	easy	0.0	0.008	1966	400	282	332	50	2	1	32.26	32.26	32.26
juego3	easy	0.0	0.008	1974	400	282	332	50	2	1	32.21	32.21	32.21
juego3	easy	0.0	0.008	1983	400	282	332	50	2	1	32.17	32.17	32.17
juego3	easy	0.0	0.008	1991	400	282	332	50	2	1	32.17	32.17	32.17
juego3	easy	0.0	0.008	0	400	282	332	50	3	0	32.22	32.22	32.22
juego3	easy	80.0	0.008	8	400	177	332	155	3	0	32.25	32.25	32.25
juego3	easy	80.0	0.008	17	400	177	332	155	3	0	32.24	32.24	32.24
juego3	easy	80.0	0.008	26	400	177	332	155	3	0	32.21	32.21	32.21
juego3	easy	80.0	0.008	35	400	177	332	155	3	0	32.2	32.2	32.2
juego3	easy	80.0	0.008	44	400	177	332	155	3	0	32.2	32.2	32.2
juego3	easy	80.0	0.008	53	400	177	332	155	3	0	32.23	32.23	32.23
juego3	easy	80.0	0.008	61	400	177	332	155	3	0	32.25	32.25	32.25
juego3	easy	80.0	0.008	70	400	177	332	155	3	0	32.24	32.24	32.24
juego3	easy	80.0	0.008	79	400	177	332	155	3	0	32.22	32.22	32.22
juego3	easy	80.0	0.008	89	400	177	332	155	3	0	32.2	32.2	32.2
juego3	easy	80.0	0.008	97	400	177	332	155	3	0	32.21	32.21	32.21
juego3	easy	80.0	0.008	106	400	177	332	155	3	0	32.21	32.21	32.21
juego3	easy	80.0	0.008	114	400	177	332	155	3	0	32.24	32.24	32.24
juego3	easy	80.0	0.008	124	400	177	332	155	3	0	32.24	32.24	32.24
juego3	easy	80.0	0.008	132	400	177	332	155	3	0	32.21	32.21	32.21
juego3	easy	80.0	0.008	141	400	177	332	155	3	0	32.21	32.21	32.21
juego3	easy	80.0	0.008	151	400	177	332	155	3	0	32.21	32.21	32.21
juego3	easy	80.0	0.008	160	400	177	332	155	3	0	32.23	32.23	32.23
juego3	easy	80.0	0.008	169	400	177	332	155	3	0	32.24	32.24	32.24
juego3	easy	80.0	0.008	177	400	177	332	155	3	0	32.23	32.23	32.23
juego3	easy	80.0	0.008	186	400	177	332	155	3	0	32.22	32.22	32.22
juego3	easy	80.0	0.008	195	400	177	332	155	3	0	32.22	32.22	32.22
juego3	easy	80.0	0.008	203	400	177	332	155	3	0	32.23	32.23	32.23
juego3	easy	80.0	0.008	212	400	177	332	155	3	0	32.24	32.24	32.24
juego3	easy	80.0	0.008	222	400	177	332	155	3	0	32.25	32.25	32.25
juego3	easy	80.0	0.008	230	400	177	332	155	3	0	32.25	32.25	32.25
juego3	easy	80.0	0.008	239	400	177	332	155	3	0	32.24	32.24	32.24
juego3	easy	80.0	0.008	248	400	177	332	155	3	0	32.23	32.23	32.23
juego3	easy	80.0	0.008	256	400	177	332	155	3	0	32.24	32.24	32.24
juego3	easy	80.0	0.008	265	400	177	332	155	3	0	32.24	32.24	32.24
juego3	easy	80.0	0.008	275	400	177	332	155	3	0	32.26	32.26	32.26
juego3	easy	80.0	0.008	283	400	177	332	155	3	0	32.25	32.25	32.25
juego3	easy	80.0	0.008	292	400	177	332	155	3	0	32.25	32.25	32.25
juego3	easy	80.0	0.008	301	400	177	332	155	3	0	32.25	32.25	32.25
juego3	easy	80.0	0.008	310	400	177	332	155	3	0	32.25	32.25	32.25
juego3	easy	80.0	0.008	320	400	177	332	155	3	0	32.26	32.26	32.26
juego3	easy	80.0	0.008	327	400	177	332	155	3	0	32.26	32.26	32.26
juego3	easy	80.0	0.008	337	400	177	332	155	3	0	32.26	32.26	32.26
juego3	easy	80.0	0.008	345	400	177	332	155	3	0	32.25	32.25	32.25
juego3	easy	80.0	0.008	353	400	177	332	155	3	0	32.25	32.25	32.25
juego3	easy	80.0	0.008	362	400	177	332	155	3	0	32.26	32.26	32.26
juego3	easy	80.0	0.008	371	400	177	332	155	3	0	32.26	32.26	32.26
juego3	easy	80.0	0.008	380	400	177	332	155	3	0	32.26	32.26	32.26
juego3	easy	80.0	0.008	388	400	177	332	155	3	0	32.26	32.26	32.26
juego3	easy	80.0	0.008	397	400	177	332	155	3	0	32.26	32.26	32.26
juego3	easy	80.0	0.008	405	400	177	332	155	3	0	32.26	32.26	32.26
juego3	easy	80.0	0.008	415	400	177	332	155	3	0	32.26	32.26	32.26
juego3	easy	80.0	0.008	424	400	177	332	155	3	0	32.26	32.26	32.26
juego3	easy	80.0	0.008	432	400	177	332	155	3	0	32.26	32.26	32.26
juego3	easy	80.0	0.008	442	400	177	332	155	3	0	32.26	32.26	32.26
juego3	easy	80.0	0.008	450	400	177	332	155	3	0	32.26	32.26	32.26
juego3	easy	80.0	0.008	460	400	177	332	155	3	0	32.26	32.26	32.26
juego3	easy	80.0	0.008	469	400	177	332	155	3	0	32.26	32.26	32.26
juego3	easy	80.0	0.008	477	400	177	332	155	3	0	32.26	32.26	32.26
juego3	easy	80.0	0.008	485	400	177	332	155	3	0	32.26	32.26	32.26
juego3	easy	80.0	0.008	493	400	177	332	155	3	0	32.26	32.26	32.26
juego3	easy	80.0	0.008	502	400	177	332	155	3	0	32.27	32.27	32.27
juego3	easy	80.0	0.008	511	400	177	332	155	3	0	32.27	32.27	32.27
juego3	easy	80.0	0.008	520	400	177	332	155	3	0	32.26	32.26	32.26
juego3	easy	80.0	0.008	529	400	177	332	155	3	0	32.27	32.27	32.27
juego3	easy	80.0	0.008	538	400	177	332	155	3	0	32.28	32.28	32.28
juego3	easy	80.0	0.008	547	400	177	332	155	3	0	32.28	32.28	32.28
juego3	easy	80.0	0.008	557	400	177	332	155	3	0	32.28	32.28	32.28
juego3	easy	80.0	0.008	564	400	177	332	155	3	0	32.27	32.27	32.27
juego3	easy	80.0	0.008	573	400	177	332	155	3	0	32.27	32.27	32.27
juego3	easy	80.0	0.008	582	400	177	332	155	3	0	32.27	32.27	32.27
juego3	easy	80.0	0.008	591	400	177	332	155	3	0	32.27	32.27	32.27
juego3	easy	80.0	0.008	600	400	177	332	155	3	0	32.28	32.28	32.28
juego3	easy	80.0	0.008	609	400	177	332	155	3	0	32.28	32.28	32.28
juego3	easy	80.0	0.008	620	400	177	332	155	3	0	32.28	32.28	32.28
juego3	easy	80.0	0.008	626	400	177	332	155	3	0	32.28	32.28	32.28
juego3	easy	80.0	0.008	635	400	177	332	155	3	0	32.28	32.28	32.28
juego3	easy	80.0	0.008	644	400	177	332	155	3	0	32.28	32.28	32.28
juego3	easy	80.0	0.008	653	400	177	332	155	3	0	32.29	32.29	32.29
juego3	easy	80.0	0.008	661	400	177	332	155	3	0	32.29	32.29	32.29
juego3	easy	80.0	0.008	670	400	177	332	155	3	0	32.29	32.29	32.29
juego3	easy	80.0	0.008	679	400	177	332	155	3	0	32.29	32.29	32.29
juego3	easy	80.0	0.008	688	400	177	332	155	3	0	32.29	32.29	32.29
juego3	easy	80.0	0.008	698	400	177	332	155	3	0	32.29	32.29	32.29
juego3	easy	80.0	0.008	706	400	177	332	155	3	0	32.29	32.29	32.29
juego3	easy	80.0	0.008	716	400	177	332	155	3	0	32.29	32.29	32.29
juego3	easy	80.0	0.008	724	400	177	332	155	3	0	32.29	32.29	32.29
juego3	easy	80.0	0.008	731	400	177	332	155	3	0	32.29	32.29	32.29
juego3	easy	80.0	0.008	741	400	177	332	155	3	0	32.29	32.29	32.29
juego3	easy	80.0	0.008	750	400	177	332	155	3	0	32.28	32.28	32.28
juego3	easy	80.0	0.008	756	400	177	332	155	3	0	32.29	32.29	32.29
juego3	easy	80.0	0.008	765	400	177	332	155	3	0	32.28	32.28	32.28
juego3	easy	80.0	0.008	774	400	177	332	155	3	0	32.28	32.28	32.28
juego3	easy	80.0	0.008	784	400	177	332	155	3	0	32.29	32.29	32.29
juego3	easy	80.0	0.008	793	400	177	332	155	3	0	32.29	32.29	32.29
juego3	easy	80.0	0.008	802	400	177	332	155	3	0	32.29	32.29	32.29
juego3	easy	80.0	0.008	811	400	177	332	155	3	0	32.29	32.29	32.29
juego3	easy	80.0	0.008	820	400	177	332	155	3	0	32.29	32.29	32.29
juego3	easy	80.0	0.008	828	400	177	332	155	3	0	32.29	32.29	32.29
juego3	easy	80.0	0.008	838	400	177	332	155	3	0	32.29	32.29	32.29
juego3	easy	80.0	0.008	844	400	177	332	155	3	0	32.29	32.29	32.29
juego3	easy	80.0	0.008	855	400	177	332	155	3	0	32.29	32.29	32.29
juego3	easy	80.0	0.008	862	400	177	332	155	3	0	32.29	32.29	32.29
juego3	easy	80.0	0.008	870	400	177	332	155	3	0	32.29	32.29	32.29
juego3	easy	80.0	0.008	879	400	177	332	155	3	0	32.29	32.29	32.29
juego3	easy	80.0	0.008	887	400	177	332	155	3	0	32.29	32.29	32.29
juego3	easy	80.0	0.008	897	400	177	332	155	3	0	32.3	32.3	32.3
juego3	easy	80.0	0.008	903	400	177	332	155	3	0	32.3	32.3	32.3
juego3	easy	80.0	0.008	912	400	177	332	155	3	0	32.3	32.3	32.3
juego3	easy	80.0	0.008	920	400	177	332	155	3	0	32.3	32.3	32.3
juego3	easy	80.0	0.008	929	400	177	332	155	3	0	32.3	32.3	32.3
juego3	easy	80.0	0.008	937	400	177	332	155	3	0	32.3	32.3	32.3
juego3	easy	80.0	0.008	946	400	177	332	155	3	0	32.31	32.31	32.31
juego3	easy	80.0	0.008	955	400	177	332	155	3	0	32.31	32.31	32.31
juego3	easy	80.0	0.008	964	400	177	332	155	3	0	32.31	32.31	32.31
juego3	easy	80.0	0.008	974	400	177	332	155	3	0	32.31	32.31	32.31
juego3	easy	80.0	0.008	982	400	177	332	155	3	0	32.31	32.31	32.31
juego3	easy	80.0	0.008	991	400	177	332	155	3	0	32.31	32.31	32.31
juego3	easy	80.0	0.008	999	400	177	332	155	3	0	32.31	32.31	32.31
juego3	easy	80.0	0.008	1008	400	177	332	155	3	0	32.31	32.31	32.31
juego3	easy	80.0	0.008	1016	400	177	332	155	3	0	32.31	32.31	32.31
juego3	easy	80.0	0.008	1025	400	177	332	155	3	0	32.31	32.31	32.31
juego3	easy	80.0	0.008	1034	400	177	332	155	3	0	32.31	32.31	32.31
juego3	easy	80.0	0.008	1041	400	177	332	155	3	0	32.31	32.31	32.31
juego3	easy	80.0	0.008	1050	400	177	332	155	3	0	32.31	32.31	32.31
juego3	easy	80.0	0.008	1058	400	177	332	155	3	0	32.31	32.31	32.31
juego3	easy	80.0	0.008	1066	400	177	332	155	3	0	32.31	32.31	32.31
juego3	easy	80.0	0.008	1075	400	177	332	155	3	0	32.31	32.31	32.31
juego3	easy	80.0	0.008	1083	400	177	332	155	3	0	32.31	32.31	32.31
juego3	easy	80.0	0.008	1092	400	177	332	155	3	0	32.31	32.31	32.31
juego3	easy	80.0	0.008	1101	400	177	332	155	3	0	32.31	32.31	32.31
juego3	easy	80.0	0.008	1109	400	177	332	155	3	0	32.31	32.31	32.31
juego3	easy	80.0	0.008	1117	400	177	332	155	3	0	32.31	32.31	32.31
juego3	easy	80.0	0.008	1132	400	177	332	155	3	0	32.3	32.3	32.3
juego3	easy	80.0	0.008	1134	400	177	332	155	3	0	32.31	32.31	32.31
juego3	easy	80.0	0.008	1147	400	177	332	155	3	0	32.31	32.31	32.31
juego3	easy	80.0	0.008	0	400	177	332	155	4	1	32.31	32.31	32.31
juego3	easy	0.0	0.008	13	400	282	332	50	4	1	32.31	32.31	32.31
juego3	easy	0.0	0.008	16	400	282	332	50	4	1	32.32	32.32	32.32
juego3	easy	0.0	0.008	25	400	282	332	50	4	1	32.31	32.31	32.31
juego3	easy	0.0	0.008	34	400	282	332	50	4	1	32.36	32.36	32.36
juego3	easy	0.0	0.008	42	400	282	332	50	4	1	32.34	32.34	32.34
juego3	easy	0.0	0.008	50	400	282	332	50	4	1	32.37	32.37	32.37
juego3	easy	0.0	0.008	59	400	282	332	50	4	1	32.34	32.34	32.34
juego3	easy	0.0	0.008	68	400	282	332	50	4	1	32.36	32.36	32.36
juego3	easy	0.0	0.008	77	400	282	332	50	4	1	32.35	32.35	32.35
juego3	easy	0.0	0.008	86	400	282	332	50	4	1	32.37	32.37	32.37
juego3	easy	0.0	0.008	94	400	282	332	50	4	1	32.36	32.36	32.36
juego3	easy	0.0	0.008	104	400	282	332	50	4	1	32.37	32.37	32.37
juego3	easy	0.0	0.008	112	400	282	332	50	4	1	32.36	32.36	32.36
juego3	easy	0.0	0.008	120	400	282	332	50	4	1	32.37	32.37	32.37
juego3	easy	0.0	0.008	129	400	282	332	50	4	1	32.37	32.37	32.37
juego3	easy	0.0	0.008	138	400	282	332	50	4	1	32.37	32.37	32.37
juego3	easy	0.0	0.008	147	400	282	332	50	4	1	32.37	32.37	32.37
juego3	easy	0.0	0.008	156	400	282	332	50	4	1	32.37	32.37	32.37
juego3	easy	0.0	0.008	164	400	282	332	50	4	1	32.37	32.37	32.37
juego3	easy	0.0	0.008	172	400	282	332	50	4	1	32.37	32.37	32.37
juego3	easy	0.0	0.008	181	400	282	332	50	4	1	32.4	32.4	32.4
juego3	easy	0.0	0.008	189	400	282	332	50	4	1	32.4	32.4	32.4
juego3	easy	0.0	0.008	197	400	282	332	50	4	1	32.39	32.39	32.39
juego3	easy	0.0	0.008	206	400	282	332	50	4	1	32.39	32.39	32.39
juego3	easy	0.0	0.008	215	400	282	332	50	4	1	32.38	32.38	32.38
juego3	easy	0.0	0.008	223	400	282	332	50	4	1	32.4	32.4	32.4
juego3	easy	0.0	0.008	232	400	282	332	50	4	1	32.37	32.37	32.37
juego3	easy	0.0	0.008	241	400	282	332	50	4	1	32.38	32.38	32.38
juego3	easy	0.0	0.008	250	400	282	332	50	4	1	32.37	32.37	32.37
juego3	easy	0.0	0.008	259	400	282	332	50	4	1	32.38	32.38	32.38
juego3	easy	0.0	0.008	268	400	282	332	50	4	1	32.37	32.37	32.37
juego3	easy	0.0	0.008	278	400	282	332	50	4	1	32.38	32.38	32.38
juego3	easy	0.0	0.008	286	400	282	332	50	4	1	32.38	32.38	32.38
juego3	easy	0.0	0.008	295	400	282	332	50	4	1	32.38	32.38	32.38
juego3	easy	0.0	0.008	303	400	282	332	50	4	1	32.37	32.37	32.37
juego3	easy	0.0	0.008	312	400	282	332	50	4	1	32.38	32.38	32.38
juego3	easy	0.0	0.008	321	400	282	332	50	4	1	32.38	32.38	32.38
juego3	easy	0.0	0.008	330	400	282	332	50	4	1	32.38	32.38	32.38
juego3	easy	0.0	0.008	338	400	282	332	50	4	1	32.39	32.39	32.39
juego3	easy	0.0	0.008	347	400	282	332	50	4	1	32.39	32.39	32.39
juego3	easy	0.0	0.008	357	400	282	332	50	4	1	32.39	32.39	32.39
juego3	easy	0.0	0.008	365	400	282	332	50	4	1	32.39	32.39	32.39
juego3	easy	0.0	0.008	374	400	282	332	50	4	1	32.39	32.39	32.39
juego3	easy	0.0	0.008	383	400	282	332	50	4	1	32.39	32.39	32.39
juego3	easy	0.0	0.008	392	400	282	332	50	4	1	32.39	32.39	32.39
juego3	easy	0.0	0.008	400	400	282	332	50	4	1	32.39	32.39	32.39
juego3	easy	0.0	0.008	409	400	282	332	50	4	1	32.39	32.39	32.39
juego3	easy	0.0	0.008	419	400	282	332	50	4	1	32.39	32.39	32.39
juego3	easy	0.0	0.008	427	400	282	332	50	4	1	32.39	32.39	32.39
juego3	easy	0.0	0.008	436	400	282	332	50	4	1	32.39	32.39	32.39
juego3	easy	0.0	0.008	445	400	282	332	50	4	1	32.39	32.39	32.39
juego3	easy	0.0	0.008	454	400	282	332	50	4	1	32.39	32.39	32.39
juego3	easy	0.0	0.008	463	400	282	332	50	4	1	32.39	32.39	32.39
juego3	easy	0.0	0.008	471	400	282	332	50	4	1	32.39	32.39	32.39
juego3	easy	0.0	0.008	480	400	282	332	50	4	1	32.39	32.39	32.39
juego3	easy	0.0	0.008	488	400	282	332	50	4	1	32.4	32.4	32.4
juego3	easy	0.0	0.008	497	400	282	332	50	4	1	32.4	32.4	32.4
juego3	easy	0.0	0.008	506	400	282	332	50	4	1	32.39	32.39	32.39
juego3	easy	0.0	0.008	514	400	282	332	50	4	1	32.4	32.4	32.4
juego3	easy	0.0	0.008	523	400	282	332	50	4	1	32.4	32.4	32.4
juego3	easy	0.0	0.008	533	400	282	332	50	4	1	32.4	32.4	32.4
juego3	easy	0.0	0.008	540	400	282	332	50	4	1	32.4	32.4	32.4
juego3	easy	0.0	0.008	549	400	282	332	50	4	1	32.4	32.4	32.4
juego3	easy	0.0	0.008	558	400	282	332	50	4	1	32.41	32.41	32.41
juego3	easy	0.0	0.008	566	400	282	332	50	4	1	32.41	32.41	32.41
juego3	easy	0.0	0.008	575	400	282	332	50	4	1	32.41	32.41	32.41
juego3	easy	0.0	0.008	584	400	282	332	50	4	1	32.4	32.4	32.4
juego3	easy	0.0	0.008	593	400	282	332	50	4	1	32.4	32.4	32.4
juego3	easy	0.0	0.008	602	400	282	332	50	4	1	32.4	32.4	32.4
juego3	easy	0.0	0.008	610	400	282	332	50	4	1	32.41	32.41	32.41
juego3	easy	0.0	0.008	619	400	282	332	50	4	1	32.41	32.41	32.41
juego3	easy	0.0	0.008	629	400	282	332	50	4	1	32.41	32.41	32.41
juego3	easy	0.0	0.008	639	400	282	332	50	4	1	32.4	32.4	32.4
juego3	easy	0.0	0.008	648	400	282	332	50	4	1	32.4	32.4	32.4
juego3	easy	0.0	0.008	655	400	282	332	50	4	1	32.4	32.4	32.4
juego3	easy	0.0	0.008	664	400	282	332	50	4	1	32.4	32.4	32.4
juego3	easy	0.0	0.008	673	400	282	332	50	4	1	32.41	32.41	32.41
juego3	easy	0.0	0.008	680	400	282	332	50	4	1	32.41	32.41	32.41
juego3	easy	0.0	0.008	689	400	282	332	50	4	1	32.41	32.41	32.41
juego3	easy	0.0	0.008	698	400	282	332	50	4	1	32.41	32.41	32.41
juego3	easy	0.0	0.008	707	400	282	332	50	4	1	32.41	32.41	32.41
juego3	easy	0.0	0.008	716	400	282	332	50	4	1	32.41	32.41	32.41
juego3	easy	0.0	0.008	724	400	282	332	50	4	1	32.41	32.41	32.41
juego3	easy	0.0	0.008	733	400	282	332	50	4	1	32.41	32.41	32.41
juego3	easy	0.0	0.008	742	400	282	332	50	4	1	32.41	32.41	32.41
juego3	easy	0.0	0.008	751	400	282	332	50	4	1	32.41	32.41	32.41
juego3	easy	0.0	0.008	759	400	282	332	50	4	1	32.41	32.41	32.41
juego3	easy	0.0	0.008	768	400	282	332	50	4	1	32.41	32.41	32.41
juego3	easy	0.0	0.008	777	400	282	332	50	4	1	32.42	32.42	32.42
juego3	easy	0.0	0.008	786	400	282	332	50	4	1	32.42	32.42	32.42
juego3	easy	0.0	0.008	795	400	282	332	50	4	1	32.42	32.42	32.42
juego3	easy	0.0	0.008	804	400	282	332	50	4	1	32.41	32.41	32.41
juego3	easy	0.0	0.008	814	400	282	332	50	4	1	32.41	32.41	32.41
juego3	easy	0.0	0.008	822	400	282	332	50	4	1	32.41	32.41	32.41
juego3	easy	0.0	0.008	830	400	282	332	50	4	1	32.42	32.42	32.42
juego3	easy	0.0	0.008	839	400	282	332	50	4	1	32.42	32.42	32.42
juego3	easy	0.0	0.008	848	400	282	332	50	4	1	32.42	32.42	32.42
juego3	easy	0.0	0.008	858	400	282	332	50	4	1	32.41	32.41	32.41
juego3	easy	0.0	0.008	866	400	282	332	50	4	1	32.41	32.41	32.41
juego3	easy	0.0	0.008	874	400	282	332	50	4	1	32.42	32.42	32.42
juego3	easy	0.0	0.008	884	400	282	332	50	4	1	32.42	32.42	32.42
juego3	easy	0.0	0.008	893	400	282	332	50	4	1	32.42	32.42	32.42
juego3	easy	0.0	0.008	901	400	282	332	50	4	1	32.41	32.41	32.41
juego3	easy	0.0	0.008	910	400	282	332	50	4	1	32.42	32.42	32.42
juego3	easy	0.0	0.008	919	400	282	332	50	4	1	32.42	32.42	32.42
juego3	easy	0.0	0.008	927	400	282	332	50	4	1	32.42	32.42	32.42
juego3	easy	0.0	0.008	936	400	282	332	50	4	1	32.41	32.41	32.41
juego3	easy	0.0	0.008	946	400	282	332	50	4	1	32.42	32.42	32.42
juego3	easy	0.0	0.008	954	400	282	332	50	4	1	32.42	32.42	32.42
juego3	easy	0.0	0.008	962	400	282	332	50	4	1	32.42	32.42	32.42
juego3	easy	0.0	0.008	972	400	282	332	50	4	1	32.42	32.42	32.42
juego3	easy	0.0	0.008	980	400	282	332	50	4	1	32.42	32.42	32.42
juego3	easy	0.0	0.008	989	400	282	332	50	4	1	32.42	32.42	32.42
juego3	easy	0.0	0.008	997	400	282	332	50	4	1	32.42	32.42	32.42
juego3	easy	0.0	0.008	1006	400	282	332	50	4	1	32.42	32.42	32.42
juego3	easy	0.0	0.008	1014	400	282	332	50	4	1	32.42	32.42	32.42
juego3	easy	0.0	0.008	1022	400	282	332	50	4	1	32.42	32.42	32.42
juego3	easy	0.0	0.008	1031	400	282	332	50	4	1	32.42	32.42	32.42
juego3	easy	0.0	0.008	1040	400	282	332	50	4	1	32.42	32.42	32.42
juego3	easy	0.0	0.008	0	400	282	332	50	5	1	32.42	32.42	32.42
juego3	easy	-80.0	0.008	10	400	416	332	-84	5	1	32.42	32.42	32.42
juego3	easy	-80.0	0.008	18	400	416	332	-84	5	1	32.42	32.42	32.42
juego3	easy	-80.0	0.008	27	400	416	332	-84	5	1	32.42	32.42	32.42
juego3	easy	-80.0	0.008	36	400	416	332	-84	5	1	32.42	32.42	32.42
juego3	easy	-80.0	0.008	45	400	416	332	-84	5	1	32.42	32.42	32.42
juego3	easy	-80.0	0.008	54	400	416	332	-84	5	1	32.42	32.42	32.42
juego3	easy	-80.0	0.008	62	400	416	332	-84	5	1	32.42	32.42	32.42
juego3	easy	-80.0	0.008	71	400	416	332	-84	5	1	32.42	32.42	32.42
juego3	easy	-80.0	0.008	80	400	416	332	-84	5	1	32.42	32.42	32.42
juego3	easy	-80.0	0.008	89	400	416	332	-84	5	1	32.43	32.43	32.43
juego3	easy	-80.0	0.008	97	400	416	332	-84	5	1	32.43	32.43	32.43
juego3	easy	-80.0	0.008	106	400	416	332	-84	5	1	32.43	32.43	32.43
juego3	easy	-80.0	0.008	115	400	416	332	-84	5	1	32.43	32.43	32.43
juego3	easy	-80.0	0.008	123	400	416	332	-84	5	1	32.44	32.44	32.44
juego3	easy	-80.0	0.008	132	400	416	332	-84	5	1	32.43	32.43	32.43
juego3	easy	-80.0	0.008	141	400	416	332	-84	5	1	32.43	32.43	32.43
juego3	easy	-80.0	0.008	150	400	416	332	-84	5	1	32.42	32.42	32.42
juego3	easy	-80.0	0.008	159	400	416	332	-84	5	1	32.43	32.43	32.43
juego3	easy	-80.0	0.008	168	400	416	332	-84	5	1	32.42	32.42	32.42
juego3	easy	-80.0	0.008	178	400	416	332	-84	5	1	32.44	32.44	32.44
juego3	easy	-80.0	0.008	186	400	416	332	-84	5	1	32.43	32.43	32.43
juego3	easy	-80.0	0.008	195	400	416	332	-84	5	1	32.44	32.44	32.44
juego3	easy	-80.0	0.008	203	400	416	332	-84	5	1	32.44	32.44	32.44
juego3	easy	-80.0	0.008	212	400	416	332	-84	5	1	32.44	32.44	32.44
juego3	easy	-80.0	0.008	220	400	416	332	-84	5	1	32.43	32.43	32.43
juego3	easy	-80.0	0.008	228	400	416	332	-84	5	1	32.43	32.43	32.43
juego3	easy	-80.0	0.008	237	400	416	332	-84	5	1	32.44	32.44	32.44
juego3	easy	-80.0	0.008	245	400	416	332	-84	5	1	32.44	32.44	32.44
juego3	easy	-80.0	0.008	254	400	416	332	-84	5	1	32.44	32.44	32.44
juego3	easy	-80.0	0.008	262	400	416	332	-84	5	1	32.43	32.43	32.43
juego3	easy	-80.0	0.008	271	400	416	332	-84	5	1	32.44	32.44	32.44
juego3	easy	-80.0	0.008	280	400	416	332	-84	5	1	32.44	32.44	32.44
juego3	easy	-80.0	0.008	289	400	416	332	-84	5	1	32.44	32.44	32.44
juego3	easy	-80.0	0.008	297	400	416	332	-84	5	1	32.45	32.45	32.45
juego3	easy	-80.0	0.008	306	400	416	332	-84	5	1	32.44	32.44	32.44
juego3	easy	-80.0	0.008	315	400	416	332	-84	5	1	32.44	32.44	32.44
juego3	easy	-80.0	0.008	324	400	416	332	-84	5	1	32.44	32.44	32.44
juego3	easy	-80.0	0.008	333	400	416	332	-84	5	1	32.44	32.44	32.44
juego3	easy	-80.0	0.008	342	400	416	332	-84	5	1	32.44	32.44	32.44
juego3	easy	-80.0	0.008	350	400	416	332	-84	5	1	32.44	32.44	32.44
juego3	easy	-80.0	0.008	360	400	416	332	-84	5	1	32.44	32.44	32.44
juego3	easy	-80.0	0.008	369	400	416	332	-84	5	1	32.44	32.44	32.44
juego3	easy	-80.0	0.008	378	400	416	332	-84	5	1	32.43	32.43	32.43
juego3	easy	-80.0	0.008	387	400	416	332	-84	5	1	32.43	32.43	32.43
juego3	easy	-80.0	0.008	395	400	416	332	-84	5	1	32.43	32.43	32.43
juego3	easy	-80.0	0.008	405	400	416	332	-84	5	1	32.44	32.44	32.44
juego3	easy	-80.0	0.008	413	400	416	332	-84	5	1	32.43	32.43	32.43
juego3	easy	-80.0	0.008	422	400	416	332	-84	5	1	32.44	32.44	32.44
juego3	easy	-80.0	0.008	430	400	416	332	-84	5	1	32.44	32.44	32.44
juego3	easy	-80.0	0.008	439	400	416	332	-84	5	1	32.44	32.44	32.44
juego3	easy	-80.0	0.008	448	400	416	332	-84	5	1	32.43	32.43	32.43
juego3	easy	-80.0	0.008	456	400	416	332	-84	5	1	32.43	32.43	32.43
juego3	easy	-80.0	0.008	466	400	416	332	-84	5	1	32.44	32.44	32.44
juego3	easy	-80.0	0.008	474	400	416	332	-84	5	1	32.43	32.43	32.43
juego3	easy	-80.0	0.008	482	400	416	332	-84	5	1	32.43	32.43	32.43
juego3	easy	-80.0	0.008	490	400	416	332	-84	5	1	32.43	32.43	32.43
juego3	easy	-80.0	0.008	500	400	416	332	-84	5	1	32.44	32.44	32.44
juego3	easy	-80.0	0.008	508	400	416	332	-84	5	1	32.43	32.43	32.43
juego3	easy	-80.0	0.008	516	400	416	332	-84	5	1	32.43	32.43	32.43
juego3	easy	-80.0	0.008	524	400	416	332	-84	5	1	32.44	32.44	32.44
juego3	easy	-80.0	0.008	533	400	416	332	-84	5	1	32.44	32.44	32.44
juego3	easy	-80.0	0.008	542	400	416	332	-84	5	1	32.44	32.44	32.44
juego3	easy	-80.0	0.008	550	400	416	332	-84	5	1	32.44	32.44	32.44
juego3	easy	-80.0	0.008	559	400	416	332	-84	5	1	32.43	32.43	32.43
juego3	easy	-80.0	0.008	568	400	416	332	-84	5	1	32.44	32.44	32.44
juego3	easy	-80.0	0.008	576	400	416	332	-84	5	1	32.44	32.44	32.44
juego3	easy	-80.0	0.008	585	400	416	332	-84	5	1	32.44	32.44	32.44
juego3	easy	-80.0	0.008	595	400	416	332	-84	5	1	32.44	32.44	32.44
juego3	easy	-80.0	0.008	603	400	416	332	-84	5	1	32.44	32.44	32.44
juego3	easy	-80.0	0.008	612	400	416	332	-84	5	1	32.43	32.43	32.43
juego3	easy	-80.0	0.008	620	400	416	332	-84	5	1	32.43	32.43	32.43
juego3	easy	-80.0	0.008	630	400	416	332	-84	5	1	32.43	32.43	32.43
juego3	easy	-80.0	0.008	638	400	416	332	-84	5	1	32.44	32.44	32.44
juego3	easy	-80.0	0.008	646	400	416	332	-84	5	1	32.44	32.44	32.44
juego3	easy	-80.0	0.008	655	400	416	332	-84	5	1	32.44	32.44	32.44
juego3	easy	-80.0	0.008	664	400	416	332	-84	5	1	32.44	32.44	32.44
juego3	easy	-80.0	0.008	673	400	416	332	-84	5	1	32.44	32.44	32.44
juego3	easy	-80.0	0.008	681	400	416	332	-84	5	1	32.44	32.44	32.44
juego3	easy	-80.0	0.008	690	400	416	332	-84	5	1	32.43	32.43	32.43
juego3	easy	-80.0	0.008	700	400	416	332	-84	5	1	32.43	32.43	32.43
juego3	easy	-80.0	0.008	707	400	416	332	-84	5	1	32.43	32.43	32.43
juego3	easy	-80.0	0.008	716	400	416	332	-84	5	1	32.43	32.43	32.43
juego3	easy	-80.0	0.008	724	400	416	332	-84	5	1	32.43	32.43	32.43
juego3	easy	-80.0	0.008	734	400	416	332	-84	5	1	32.43	32.43	32.43
juego3	easy	-80.0	0.008	742	400	416	332	-84	5	1	32.44	32.44	32.44
juego3	easy	-80.0	0.008	751	400	416	332	-84	5	1	32.43	32.43	32.43
juego3	easy	-80.0	0.008	760	400	416	332	-84	5	1	32.44	32.44	32.44
juego3	easy	-80.0	0.008	769	400	416	332	-84	5	1	32.44	32.44	32.44
juego3	easy	-80.0	0.008	777	400	416	332	-84	5	1	32.43	32.43	32.43
juego3	easy	-80.0	0.008	786	400	416	332	-84	5	1	32.43	32.43	32.43
juego3	easy	-80.0	0.008	795	400	416	332	-84	5	1	32.43	32.43	32.43
juego3	easy	-80.0	0.008	804	400	416	332	-84	5	1	32.43	32.43	32.43
juego3	easy	-80.0	0.008	813	400	416	332	-84	5	1	32.43	32.43	32.43
juego3	easy	-80.0	0.008	822	400	416	332	-84	5	1	32.43	32.43	32.43
juego3	easy	-80.0	0.008	831	400	416	332	-84	5	1	32.43	32.43	32.43
juego3	easy	-80.0	0.008	840	400	416	332	-84	5	1	32.43	32.43	32.43
juego3	easy	-80.0	0.008	849	400	416	332	-84	5	1	32.43	32.43	32.43
juego3	easy	-80.0	0.008	858	400	416	332	-84	5	1	32.43	32.43	32.43
juego3	easy	-80.0	0.008	867	400	416	332	-84	5	1	32.43	32.43	32.43
juego3	easy	-80.0	0.008	876	400	416	332	-84	5	1	32.43	32.43	32.43
juego3	easy	-80.0	0.008	886	400	416	332	-84	5	1	32.43	32.43	32.43
juego3	easy	-80.0	0.008	894	400	416	332	-84	5	1	32.43	32.43	32.43
juego3	easy	-80.0	0.008	903	400	416	332	-84	5	1	32.43	32.43	32.43
juego3	easy	-80.0	0.008	911	400	416	332	-84	5	1	32.43	32.43	32.43
juego3	easy	-80.0	0.008	920	400	416	332	-84	5	1	32.43	32.43	32.43
juego3	easy	-80.0	0.008	929	400	416	332	-84	5	1	32.43	32.43	32.43
juego3	easy	-80.0	0.008	938	400	416	332	-84	5	1	32.43	32.43	32.43
juego3	easy	-80.0	0.008	946	400	416	332	-84	5	1	32.43	32.43	32.43
juego3	easy	-80.0	0.008	955	400	416	332	-84	5	1	32.43	32.43	32.43
juego3	easy	-80.0	0.008	963	400	416	332	-84	5	1	32.43	32.43	32.43
juego3	easy	-80.0	0.008	972	400	416	332	-84	5	1	32.43	32.43	32.43
juego3	easy	-80.0	0.008	981	400	416	332	-84	5	1	32.43	32.43	32.43
juego3	easy	-80.0	0.008	990	400	416	332	-84	5	1	32.43	32.43	32.43
juego3	easy	-80.0	0.008	999	400	416	332	-84	5	1	32.43	32.43	32.43
juego3	easy	-80.0	0.008	1008	400	416	332	-84	5	1	32.43	32.43	32.43
juego3	easy	-80.0	0.008	1017	400	416	332	-84	5	1	32.43	32.43	32.43
juego3	easy	-80.0	0.008	1027	400	416	332	-84	5	1	32.43	32.43	32.43
juego3	easy	-80.0	0.008	1035	400	416	332	-84	5	1	32.43	32.43	32.43
juego3	easy	-80.0	0.008	0	400	416	332	-84	6	1	32.43	32.43	32.43
juego3	easy	0.0	0.008	8	400	282	332	50	6	1	32.43	32.43	32.43
juego3	easy	0.0	0.008	17	400	282	332	50	6	1	32.43	32.43	32.43
juego3	easy	0.0	0.008	26	400	282	332	50	6	1	32.43	32.43	32.43
juego3	easy	0.0	0.008	35	400	282	332	50	6	1	32.42	32.42	32.42
juego3	easy	0.0	0.008	43	400	282	332	50	6	1	32.42	32.42	32.42
juego3	easy	0.0	0.008	52	400	282	332	50	6	1	32.42	32.42	32.42
juego3	easy	0.0	0.008	61	400	282	332	50	6	1	32.42	32.42	32.42
juego3	easy	0.0	0.008	70	400	282	332	50	6	1	32.42	32.42	32.42
juego3	easy	0.0	0.008	80	400	282	332	50	6	1	32.41	32.41	32.41
juego3	easy	0.0	0.008	88	400	282	332	50	6	1	32.42	32.42	32.42
juego3	easy	0.0	0.008	98	400	282	332	50	6	1	32.42	32.42	32.42
juego3	easy	0.0	0.008	106	400	282	332	50	6	1	32.42	32.42	32.42
juego3	easy	0.0	0.008	115	400	282	332	50	6	1	32.42	32.42	32.42
juego3	easy	0.0	0.008	123	400	282	332	50	6	1	32.42	32.42	32.42
juego3	easy	0.0	0.008	132	400	282	332	50	6	1	32.42	32.42	32.42
juego3	easy	0.0	0.008	142	400	282	332	50	6	1	32.42	32.42	32.42
juego3	easy	0.0	0.008	152	400	282	332	50	6	1	32.42	32.42	32.42
juego3	easy	0.0	0.008	160	400	282	332	50	6	1	32.42	32.42	32.42
juego3	easy	0.0	0.008	169	400	282	332	50	6	1	32.43	32.43	32.43
juego3	easy	0.0	0.008	178	400	282	332	50	6	1	32.42	32.42	32.42
juego3	easy	0.0	0.008	187	400	282	332	50	6	1	32.42	32.42	32.42
juego3	easy	0.0	0.008	196	400	282	332	50	6	1	32.42	32.42	32.42
juego3	easy	0.0	0.008	205	400	282	332	50	6	1	32.42	32.42	32.42
juego3	easy	0.0	0.008	215	400	282	332	50	6	1	32.42	32.42	32.42
juego3	easy	0.0	0.008	222	400	282	332	50	6	1	32.42	32.42	32.42
juego3	easy	0.0	0.008	231	400	282	332	50	6	1	32.42	32.42	32.42
juego3	easy	0.0	0.008	239	400	282	332	50	6	1	32.42	32.42	32.42
juego3	easy	0.0	0.008	247	400	282	332	50	6	1	32.42	32.42	32.42
juego3	easy	0.0	0.008	255	400	282	332	50	6	1	32.42	32.42	32.42
juego3	easy	0.0	0.008	264	400	282	332	50	6	1	32.42	32.42	32.42
juego3	easy	0.0	0.008	274	400	282	332	50	6	1	32.42	32.42	32.42
juego3	easy	0.0	0.008	281	400	282	332	50	6	1	32.41	32.41	32.41
juego3	easy	0.0	0.008	290	400	282	332	50	6	1	32.41	32.41	32.41
juego3	easy	0.0	0.008	299	400	282	332	50	6	1	32.42	32.42	32.42
juego3	easy	0.0	0.008	308	400	282	332	50	6	1	32.42	32.42	32.42
juego3	easy	0.0	0.008	317	400	282	332	50	6	1	32.42	32.42	32.42
juego3	easy	0.0	0.008	326	400	282	332	50	6	1	32.42	32.42	32.42
juego3	easy	0.0	0.008	335	400	282	332	50	6	1	32.42	32.42	32.42
juego3	easy	0.0	0.008	344	400	282	332	50	6	1	32.42	32.42	32.42
juego3	easy	0.0	0.008	353	400	282	332	50	6	1	32.42	32.42	32.42
juego3	easy	0.0	0.008	361	400	282	332	50	6	1	32.43	32.43	32.43
juego3	easy	0.0	0.008	371	400	282	332	50	6	1	32.42	32.42	32.42
juego3	easy	0.0	0.008	379	400	282	332	50	6	1	32.42	32.42	32.42
juego3	easy	0.0	0.008	388	400	282	332	50	6	1	32.42	32.42	32.42
juego3	easy	0.0	0.008	396	400	282	332	50	6	1	32.42	32.42	32.42
juego3	easy	0.0	0.008	405	400	282	332	50	6	1	32.42	32.42	32.42
juego3	easy	0.0	0.008	414	400	282	332	50	6	1	32.43	32.43	32.43
juego3	easy	0.0	0.008	423	400	282	332	50	6	1	32.43	32.43	32.43
juego3	easy	0.0	0.008	431	400	282	332	50	6	1	32.43	32.43	32.43
juego3	easy	0.0	0.008	440	400	282	332	50	6	1	32.43	32.43	32.43
juego3	easy	0.0	0.008	449	400	282	332	50	6	1	32.43	32.43	32.43
juego3	easy	0.0	0.008	459	400	282	332	50	6	1	32.42	32.42	32.42
juego3	easy	0.0	0.008	467	400	282	332	50	6	1	32.43	32.43	32.43
juego3	easy	0.0	0.008	475	400	282	332	50	6	1	32.43	32.43	32.43
juego3	easy	0.0	0.008	484	400	282	332	50	6	1	32.43	32.43	32.43
juego3	easy	0.0	0.008	494	400	282	332	50	6	1	32.43	32.43	32.43
juego3	easy	0.0	0.008	502	400	282	332	50	6	1	32.42	32.42	32.42
juego3	easy	0.0	0.008	512	400	282	332	50	6	1	32.42	32.42	32.42
juego3	easy	0.0	0.008	519	400	282	332	50	6	1	32.43	32.43	32.43
juego3	easy	0.0	0.008	528	400	282	332	50	6	1	32.43	32.43	32.43
juego3	easy	0.0	0.008	538	400	282	332	50	6	1	32.43	32.43	32.43
juego3	easy	0.0	0.008	546	400	282	332	50	6	1	32.43	32.43	32.43
juego3	easy	0.0	0.008	555	400	282	332	50	6	1	32.43	32.43	32.43
juego3	easy	0.0	0.008	564	400	282	332	50	6	1	32.43	32.43	32.43
juego3	easy	0.0	0.008	573	400	282	332	50	6	1	32.43	32.43	32.43
juego3	easy	0.0	0.008	582	400	282	332	50	6	1	32.43	32.43	32.43
juego3	easy	0.0	0.008	592	400	282	332	50	6	1	32.43	32.43	32.43
juego3	easy	0.0	0.008	600	400	282	332	50	6	1	32.43	32.43	32.43
juego3	easy	0.0	0.008	609	400	282	332	50	6	1	32.43	32.43	32.43
juego3	easy	0.0	0.008	619	400	282	332	50	6	1	32.42	32.42	32.42
juego3	easy	0.0	0.008	629	400	282	332	50	6	1	32.42	32.42	32.42
juego3	easy	0.0	0.008	637	400	282	332	50	6	1	32.42	32.42	32.42
juego3	easy	0.0	0.008	646	400	282	332	50	6	1	32.42	32.42	32.42
juego3	easy	0.0	0.008	656	400	282	332	50	6	1	32.42	32.42	32.42
juego3	easy	0.0	0.008	664	400	282	332	50	6	1	32.43	32.43	32.43
juego3	easy	0.0	0.008	673	400	282	332	50	6	1	32.43	32.43	32.43
juego3	easy	0.0	0.008	682	400	282	332	50	6	1	32.43	32.43	32.43
juego3	easy	0.0	0.008	691	400	282	332	50	6	1	32.43	32.43	32.43
juego3	easy	0.0	0.008	699	400	282	332	50	6	1	32.42	32.42	32.42
juego3	easy	0.0	0.008	708	400	282	332	50	6	1	32.43	32.43	32.43
juego3	easy	0.0	0.008	717	400	282	332	50	6	1	32.43	32.43	32.43
juego3	easy	0.0	0.008	726	400	282	332	50	6	1	32.43	32.43	32.43
juego3	easy	0.0	0.008	735	400	282	332	50	6	1	32.43	32.43	32.43
juego3	easy	0.0	0.008	744	400	282	332	50	6	1	32.43	32.43	32.43
juego3	easy	0.0	0.008	752	400	282	332	50	6	1	32.43	32.43	32.43
juego3	easy	0.0	0.008	761	400	282	332	50	6	1	32.43	32.43	32.43
juego3	easy	0.0	0.008	769	400	282	332	50	6	1	32.43	32.43	32.43
juego3	easy	0.0	0.008	778	400	282	332	50	6	1	32.43	32.43	32.43
juego3	easy	0.0	0.008	786	400	282	332	50	6	1	32.43	32.43	32.43
juego3	easy	0.0	0.008	795	400	282	332	50	6	1	32.43	32.43	32.43
juego3	easy	0.0	0.008	804	400	282	332	50	6	1	32.42	32.42	32.42
juego3	easy	0.0	0.008	812	400	282	332	50	6	1	32.43	32.43	32.43
juego3	easy	0.0	0.008	821	400	282	332	50	6	1	32.42	32.42	32.42
juego3	easy	0.0	0.008	829	400	282	332	50	6	1	32.43	32.43	32.43
juego3	easy	0.0	0.008	838	400	282	332	50	6	1	32.43	32.43	32.43
juego3	easy	0.0	0.008	847	400	282	332	50	6	1	32.42	32.42	32.42
juego3	easy	0.0	0.008	857	400	282	332	50	6	1	32.42	32.42	32.42
juego3	easy	0.0	0.008	865	400	282	332	50	6	1	32.43	32.43	32.43
juego3	easy	0.0	0.008	874	400	282	332	50	6	1	32.43	32.43	32.43
juego3	easy	0.0	0.008	883	400	282	332	50	6	1	32.43	32.43	32.43
juego3	easy	0.0	0.008	891	400	282	332	50	6	1	32.42	32.42	32.42
juego3	easy	0.0	0.008	900	400	282	332	50	6	1	32.43	32.43	32.43
juego3	easy	0.0	0.008	909	400	282	332	50	6	1	32.42	32.42	32.42
juego3	easy	0.0	0.008	917	400	282	332	50	6	1	32.43	32.43	32.43
juego3	easy	0.0	0.008	926	400	282	332	50	6	1	32.43	32.43	32.43
juego3	easy	0.0	0.008	935	400	282	332	50	6	1	32.43	32.43	32.43
juego3	easy	0.0	0.008	944	400	282	332	50	6	1	32.43	32.43	32.43
juego3	easy	0.0	0.008	953	400	282	332	50	6	1	32.43	32.43	32.43
juego3	easy	0.0	0.008	962	400	282	332	50	6	1	32.43	32.43	32.43
juego3	easy	0.0	0.008	971	400	282	332	50	6	1	32.43	32.43	32.43
juego3	easy	0.0	0.008	980	400	282	332	50	6	1	32.43	32.43	32.43
juego3	easy	0.0	0.008	990	400	282	332	50	6	1	32.42	32.42	32.42
juego3	easy	0.0	0.008	998	400	282	332	50	6	1	32.42	32.42	32.42
juego3	easy	0.0	0.008	1007	400	282	332	50	6	1	32.43	32.43	32.43
juego3	easy	0.0	0.008	1017	400	282	332	50	6	1	32.43	32.43	32.43
juego3	easy	0.0	0.008	1025	400	282	332	50	6	1	32.43	32.43	32.43
juego3	easy	0.0	0.008	1033	400	282	332	50	6	1	32.43	32.43	32.43
juego3	easy	0.0	0.008	1042	400	282	332	50	6	1	32.43	32.43	32.43
juego3	easy	0.0	0.008	0	400	282	332	50	7	0	32.43	32.43	32.43
juego3	easy	-80.0	0.008	8	400	416	332	-84	7	0	32.42	32.42	32.42
juego3	easy	-80.0	0.008	17	400	416	332	-84	7	0	32.42	32.42	32.42
juego3	easy	-80.0	0.008	27	400	416	332	-84	7	0	32.42	32.42	32.42
juego3	easy	-80.0	0.008	36	400	416	332	-84	7	0	32.43	32.43	32.43
juego3	easy	-80.0	0.008	44	400	416	332	-84	7	0	32.42	32.42	32.42
juego3	easy	-80.0	0.008	53	400	416	332	-84	7	0	32.43	32.43	32.43
juego3	easy	-80.0	0.008	62	400	416	332	-84	7	0	32.43	32.43	32.43
juego3	easy	-80.0	0.008	70	400	416	332	-84	7	0	32.43	32.43	32.43
juego3	easy	-80.0	0.008	79	400	416	332	-84	7	0	32.44	32.44	32.44
juego3	easy	-80.0	0.008	87	400	416	332	-84	7	0	32.43	32.43	32.43
juego3	easy	-80.0	0.008	96	400	416	332	-84	7	0	32.44	32.44	32.44
juego3	easy	-80.0	0.008	105	400	416	332	-84	7	0	32.43	32.43	32.43
juego3	easy	-80.0	0.008	115	400	416	332	-84	7	0	32.43	32.43	32.43
juego3	easy	-80.0	0.008	123	400	416	332	-84	7	0	32.43	32.43	32.43
juego3	easy	-80.0	0.008	132	400	416	332	-84	7	0	32.43	32.43	32.43
juego3	easy	-80.0	0.008	142	400	416	332	-84	7	0	32.43	32.43	32.43
juego3	easy	-80.0	0.008	151	400	416	332	-84	7	0	32.43	32.43	32.43
juego3	easy	-80.0	0.008	159	400	416	332	-84	7	0	32.44	32.44	32.44
juego3	easy	-80.0	0.008	167	400	416	332	-84	7	0	32.44	32.44	32.44
juego3	easy	-80.0	0.008	175	400	416	332	-84	7	0	32.44	32.44	32.44
juego3	easy	-80.0	0.008	183	400	416	332	-84	7	0	32.45	32.45	32.45
juego3	easy	-80.0	0.008	192	400	416	332	-84	7	0	32.45	32.45	32.45
juego3	easy	-80.0	0.008	201	400	416	332	-84	7	0	32.45	32.45	32.45
juego3	easy	-80.0	0.008	210	400	416	332	-84	7	0	32.41	32.41	32.41
juego3	easy	-80.0	0.008	219	400	416	332	-84	7	0	32.41	32.41	32.41
juego3	easy	-80.0	0.008	228	400	416	332	-84	7	0	32.41	32.41	32.41
juego3	easy	-80.0	0.008	237	400	416	332	-84	7	0	32.41	32.41	32.41
juego3	easy	-80.0	0.008	246	400	416	332	-84	7	0	32.42	32.42	32.42
juego3	easy	-80.0	0.008	254	400	416	332	-84	7	0	32.41	32.41	32.41
juego3	easy	-80.0	0.008	264	400	416	332	-84	7	0	32.41	32.41	32.41
juego3	easy	-80.0	0.008	272	400	416	332	-84	7	0	32.41	32.41	32.41
juego3	easy	-80.0	0.008	280	400	416	332	-84	7	0	32.41	32.41	32.41
juego3	easy	-80.0	0.008	289	400	416	332	-84	7	0	32.41	32.41	32.41
juego3	easy	-80.0	0.008	298	400	416	332	-84	7	0	32.41	32.41	32.41
juego3	easy	-80.0	0.008	307	400	416	332	-84	7	0	32.4	32.4	32.4
juego3	easy	-80.0	0.008	315	400	416	332	-84	7	0	32.4	32.4	32.4
juego3	easy	-80.0	0.008	325	400	416	332	-84	7	0	32.4	32.4	32.4
juego3	easy	-80.0	0.008	334	400	416	332	-84	7	0	32.41	32.41	32.41
juego3	easy	-80.0	0.008	343	400	416	332	-84	7	0	32.41	32.41	32.41
juego3	easy	-80.0	0.008	352	400	416	332	-84	7	0	32.41	32.41	32.41
juego3	easy	-80.0	0.008	361	400	416	332	-84	7	0	32.42	32.42	32.42
juego3	easy	-80.0	0.008	369	400	416	332	-84	7	0	32.4	32.4	32.4
juego3	easy	-80.0	0.008	379	400	416	332	-84	7	0	32.41	32.41	32.41
juego3	easy	-80.0	0.008	387	400	416	332	-84	7	0	32.41	32.41	32.41
juego3	easy	-80.0	0.008	396	400	416	332	-84	7	0	32.41	32.41	32.41
juego3	easy	-80.0	0.008	404	400	416	332	-84	7	0	32.41	32.41	32.41
juego3	easy	-80.0	0.008	413	400	416	332	-84	7	0	32.41	32.41	32.41
juego3	easy	-80.0	0.008	422	400	416	332	-84	7	0	32.41	32.41	32.41
juego3	easy	-80.0	0.008	430	400	416	332	-84	7	0	32.41	32.41	32.41
juego3	easy	-80.0	0.008	438	400	416	332	-84	7	0	32.4	32.4	32.4
juego3	easy	-80.0	0.008	447	400	416	332	-84	7	0	32.41	32.41	32.41
juego3	easy	-80.0	0.008	456	400	416	332	-84	7	0	32.42	32.42	32.42
juego3	easy	-80.0	0.008	465	400	416	332	-84	7	0	32.42	32.42	32.42
juego3	easy	-80.0	0.008	473	400	416	332	-84	7	0	32.41	32.41	32.41
juego3	easy	-80.0	0.008	483	400	416	332	-84	7	0	32.41	32.41	32.41
juego3	easy	-80.0	0.008	491	400	416	332	-84	7	0	32.4	32.4	32.4
juego3	easy	-80.0	0.008	500	400	416	332	-84	7	0	32.41	32.41	32.41
juego3	easy	-80.0	0.008	509	400	416	332	-84	7	0	32.42	32.42	32.42
juego3	easy	-80.0	0.008	517	400	416	332	-84	7	0	32.4	32.4	32.4
juego3	easy	-80.0	0.008	526	400	416	332	-84	7	0	32.41	32.41	32.41
juego3	easy	-80.0	0.008	535	400	416	332	-84	7	0	32.4	32.4	32.4
juego3	easy	-80.0	0.008	544	400	416	332	-84	7	0	32.4	32.4	32.4
juego3	easy	-80.0	0.008	552	400	416	332	-84	7	0	32.4	32.4	32.4
juego3	easy	-80.0	0.008	561	400	416	332	-84	7	0	32.41	32.41	32.41
juego3	easy	-80.0	0.008	569	400	416	332	-84	7	0	32.41	32.41	32.41
juego3	easy	-80.0	0.008	578	400	416	332	-84	7	0	32.4	32.4	32.4
juego3	easy	-80.0	0.008	587	400	416	332	-84	7	0	32.4	32.4	32.4
juego3	easy	-80.0	0.008	596	400	416	332	-84	7	0	32.4	32.4	32.4
juego3	easy	-80.0	0.008	605	400	416	332	-84	7	0	32.4	32.4	32.4
juego3	easy	-80.0	0.008	613	400	416	332	-84	7	0	32.4	32.4	32.4
juego3	easy	-80.0	0.008	622	400	416	332	-84	7	0	32.4	32.4	32.4
juego3	easy	-80.0	0.008	631	400	416	332	-84	7	0	32.4	32.4	32.4
juego3	easy	-80.0	0.008	641	400	416	332	-84	7	0	32.4	32.4	32.4
juego3	easy	-80.0	0.008	649	400	416	332	-84	7	0	32.4	32.4	32.4
juego3	easy	-80.0	0.008	658	400	416	332	-84	7	0	32.4	32.4	32.4
juego3	easy	-80.0	0.008	667	400	416	332	-84	7	0	32.4	32.4	32.4
juego3	easy	-80.0	0.008	676	400	416	332	-84	7	0	32.4	32.4	32.4
juego3	easy	-80.0	0.008	685	400	416	332	-84	7	0	32.4	32.4	32.4
juego3	easy	-80.0	0.008	694	400	416	332	-84	7	0	32.4	32.4	32.4
juego3	easy	-80.0	0.008	704	400	416	332	-84	7	0	32.4	32.4	32.4
juego3	easy	-80.0	0.008	712	400	416	332	-84	7	0	32.4	32.4	32.4
juego3	easy	-80.0	0.008	721	400	416	332	-84	7	0	32.4	32.4	32.4
juego3	easy	-80.0	0.008	729	400	416	332	-84	7	0	32.4	32.4	32.4
juego3	easy	-80.0	0.008	739	400	416	332	-84	7	0	32.4	32.4	32.4
juego3	easy	-80.0	0.008	747	400	416	332	-84	7	0	32.4	32.4	32.4
juego3	easy	-80.0	0.008	755	400	416	332	-84	7	0	32.4	32.4	32.4
juego3	easy	-80.0	0.008	764	400	416	332	-84	7	0	32.4	32.4	32.4
juego3	easy	-80.0	0.008	773	400	416	332	-84	7	0	32.4	32.4	32.4
juego3	easy	-80.0	0.008	780	400	416	332	-84	7	0	32.4	32.4	32.4
juego3	easy	-80.0	0.008	789	400	416	332	-84	7	0	32.4	32.4	32.4
juego3	easy	-80.0	0.008	798	400	416	332	-84	7	0	32.4	32.4	32.4
juego3	easy	-80.0	0.008	807	400	416	332	-84	7	0	32.4	32.4	32.4
juego3	easy	-80.0	0.008	816	400	416	332	-84	7	0	32.4	32.4	32.4
juego3	easy	-80.0	0.008	825	400	416	332	-84	7	0	32.4	32.4	32.4
juego3	easy	-80.0	0.008	833	400	416	332	-84	7	0	32.4	32.4	32.4
juego3	easy	-80.0	0.008	843	400	416	332	-84	7	0	32.4	32.4	32.4
juego3	easy	-80.0	0.008	851	400	416	332	-84	7	0	32.4	32.4	32.4
juego3	easy	-80.0	0.008	860	400	416	332	-84	7	0	32.4	32.4	32.4
juego3	easy	-80.0	0.008	869	400	416	332	-84	7	0	32.4	32.4	32.4
juego3	easy	-80.0	0.008	879	400	416	332	-84	7	0	32.4	32.4	32.4
juego3	easy	-80.0	0.008	887	400	416	332	-84	7	0	32.4	32.4	32.4
juego3	easy	-80.0	0.008	895	400	416	332	-84	7	0	32.4	32.4	32.4
juego3	easy	-80.0	0.008	904	400	416	332	-84	7	0	32.4	32.4	32.4
juego3	easy	-80.0	0.008	913	400	416	332	-84	7	0	32.4	32.4	32.4
juego3	easy	-80.0	0.008	922	400	416	332	-84	7	0	32.4	32.4	32.4
juego3	easy	-80.0	0.008	931	400	416	332	-84	7	0	32.4	32.4	32.4
juego3	easy	-80.0	0.008	940	400	416	332	-84	7	0	32.4	32.4	32.4
juego3	easy	-80.0	0.008	950	400	416	332	-84	7	0	32.4	32.4	32.4
juego3	easy	-80.0	0.008	958	400	416	332	-84	7	0	32.4	32.4	32.4
juego3	easy	-80.0	0.008	967	400	416	332	-84	7	0	32.4	32.4	32.4
juego3	easy	-80.0	0.008	976	400	416	332	-84	7	0	32.4	32.4	32.4
juego3	easy	-80.0	0.008	984	400	416	332	-84	7	0	32.4	32.4	32.4
juego3	easy	-80.0	0.008	994	400	416	332	-84	7	0	32.4	32.4	32.4
juego3	easy	-80.0	0.008	1002	400	416	332	-84	7	0	32.4	32.4	32.4
juego3	easy	-80.0	0.008	1010	400	416	332	-84	7	0	32.4	32.4	32.4
juego3	easy	-80.0	0.008	1019	400	416	332	-84	7	0	32.4	32.4	32.4
juego3	easy	-80.0	0.008	1028	400	416	332	-84	7	0	32.4	32.4	32.4
juego3	easy	-80.0	0.008	1037	400	416	332	-84	7	0	32.4	32.4	32.4
juego3	easy	-80.0	0.008	1045	400	416	332	-84	7	0	32.4	32.4	32.4
juego3	easy	-80.0	0.008	0	400	416	332	-84	8	1	32.4	32.4	32.4
juego3	easy	0.0	0.008	8	400	282	332	50	8	1	32.4	32.4	32.4
juego3	easy	0.0	0.008	16	400	282	332	50	8	1	32.4	32.4	32.4
juego3	easy	0.0	0.008	24	400	282	332	50	8	1	32.4	32.4	32.4
juego3	easy	0.0	0.008	33	400	282	332	50	8	1	32.4	32.4	32.4
juego3	easy	0.0	0.008	42	400	282	332	50	8	1	32.4	32.4	32.4
juego3	easy	0.0	0.008	51	400	282	332	50	8	1	32.4	32.4	32.4
juego3	easy	0.0	0.008	59	400	282	332	50	8	1	32.4	32.4	32.4
juego3	easy	0.0	0.008	68	400	282	332	50	8	1	32.4	32.4	32.4
juego3	easy	0.0	0.008	77	400	282	332	50	8	1	32.4	32.4	32.4
juego3	easy	0.0	0.008	85	400	282	332	50	8	1	32.4	32.4	32.4
juego3	easy	0.0	0.008	95	400	282	332	50	8	1	32.4	32.4	32.4
juego3	easy	0.0	0.008	103	400	282	332	50	8	1	32.4	32.4	32.4
juego3	easy	0.0	0.008	113	400	282	332	50	8	1	32.4	32.4	32.4
juego3	easy	0.0	0.008	121	400	282	332	50	8	1	32.4	32.4	32.4
juego3	easy	0.0	0.008	129	400	282	332	50	8	1	32.4	32.4	32.4
juego3	easy	0.0	0.008	138	400	282	332	50	8	1	32.4	32.4	32.4
juego3	easy	0.0	0.008	148	400	282	332	50	8	1	32.4	32.4	32.4
juego3	easy	0.0	0.008	156	400	282	332	50	8	1	32.4	32.4	32.4
juego3	easy	0.0	0.008	164	400	282	332	50	8	1	32.31	32.31	32.31
juego3	easy	0.0	0.008	172	400	282	332	50	8	1	32.32	32.32	32.32
juego3	easy	0.0	0.008	182	400	282	332	50	8	1	32.31	32.31	32.31
juego3	easy	0.0	0.008	190	400	282	332	50	8	1	32.32	32.32	32.32
juego3	easy	0.0	0.008	200	400	282	332	50	8	1	32.31	32.31	32.31
juego3	easy	0.0	0.008	209	400	282	332	50	8	1	32.31	32.31	32.31
juego3	easy	0.0	0.008	218	400	282	332	50	8	1	32.31	32.31	32.31
juego3	easy	0.0	0.008	226	400	282	332	50	8	1	32.31	32.31	32.31
juego3	easy	0.0	0.008	236	400	282	332	50	8	1	32.32	32.32	32.32
juego3	easy	0.0	0.008	245	400	282	332	50	8	1	32.32	32.32	32.32
juego3	easy	0.0	0.008	253	400	282	332	50	8	1	32.32	32.32	32.32
juego3	easy	0.0	0.008	263	400	282	332	50	8	1	32.32	32.32	32.32
juego3	easy	0.0	0.008	271	400	282	332	50	8	1	32.32	32.32	32.32
juego3	easy	0.0	0.008	279	400	282	332	50	8	1	32.31	32.31	32.31
juego3	easy	0.0	0.008	288	400	282	332	50	8	1	32.32	32.32	32.32
juego3	easy	0.0	0.008	298	400	282	332	50	8	1	32.31	32.31	32.31
juego3	easy	0.0	0.008	306	400	282	332	50	8	1	32.31	32.31	32.31
juego3	easy	0.0	0.008	315	400	282	332	50	8	1	32.31	32.31	32.31
juego3	easy	0.0	0.008	324	400	282	332	50	8	1	32.31	32.31	32.31
juego3	easy	0.0	0.008	333	400	282	332	50	8	1	32.32	32.32	32.32
juego3	easy	0.0	0.008	342	400	282	332	50	8	1	32.32	32.32	32.32
juego3	easy	0.0	0.008	350	400	282	332	50	8	1	32.32	32.32	32.32
juego3	easy	0.0	0.008	359	400	282	332	50	8	1	32.32	32.32	32.32
juego3	easy	0.0	0.008	368	400	282	332	50	8	1	32.31	32.31	32.31
juego3	easy	0.0	0.008	377	400	282	332	50	8	1	32.32	32.32	32.32
juego3	easy	0.0	0.008	386	400	282	332	50	8	1	32.32	32.32	32.32
juego3	easy	0.0	0.008	395	400	282	332	50	8	1	32.31	32.31	32.31
juego3	easy	0.0	0.008	404	400	282	332	50	8	1	32.31	32.31	32.31
juego3	easy	0.0	0.008	413	400	282	332	50	8	1	32.32	32.32	32.32
juego3	easy	0.0	0.008	422	400	282	332	50	8	1	32.31	32.31	32.31
juego3	easy	0.0	0.008	432	400	282	332	50	8	1	32.31	32.31	32.31
juego3	easy	0.0	0.008	440	400	282	332	50	8	1	32.32	32.32	32.32
juego3	easy	0.0	0.008	449	400	282	332	50	8	1	32.31	32.31	32.31
juego3	easy	0.0	0.008	459	400	282	332	50	8	1	32.32	32.32	32.32
juego3	easy	0.0	0.008	468	400	282	332	50	8	1	32.32	32.32	32.32
juego3	easy	0.0	0.008	477	400	282	332	50	8	1	32.32	32.32	32.32
juego3	easy	0.0	0.008	485	400	282	332	50	8	1	32.32	32.32	32.32
juego3	easy	0.0	0.008	494	400	282	332	50	8	1	32.32	32.32	32.32
juego3	easy	0.0	0.008	503	400	282	332	50	8	1	32.32	32.32	32.32
juego3	easy	0.0	0.008	512	400	282	332	50	8	1	32.32	32.32	32.32
juego3	easy	0.0	0.008	521	400	282	332	50	8	1	32.32	32.32	32.32
juego3	easy	0.0	0.008	530	400	282	332	50	8	1	32.32	32.32	32.32
juego3	easy	0.0	0.008	539	400	282	332	50	8	1	32.32	32.32	32.32
juego3	easy	0.0	0.008	547	400	282	332	50	8	1	32.32	32.32	32.32
juego3	easy	0.0	0.008	557	400	282	332	50	8	1	32.32	32.32	32.32
juego3	easy	0.0	0.008	565	400	282	332	50	8	1	32.32	32.32	32.32
juego3	easy	0.0	0.008	574	400	282	332	50	8	1	32.32	32.32	32.32
juego3	easy	0.0	0.008	583	400	282	332	50	8	1	32.32	32.32	32.32
juego3	easy	0.0	0.008	592	400	282	332	50	8	1	32.32	32.32	32.32
juego3	easy	0.0	0.008	600	400	282	332	50	8	1	32.32	32.32	32.32
juego3	easy	0.0	0.008	609	400	282	332	50	8	1	32.32	32.32	32.32
juego3	easy	0.0	0.008	617	400	282	332	50	8	1	32.32	32.32	32.32
juego3	easy	0.0	0.008	626	400	282	332	50	8	1	32.32	32.32	32.32
juego3	easy	0.0	0.008	635	400	282	332	50	8	1	32.32	32.32	32.32
juego3	easy	0.0	0.008	643	400	282	332	50	8	1	32.32	32.32	32.32
juego3	easy	0.0	0.008	652	400	282	332	50	8	1	32.32	32.32	32.32
juego3	easy	0.0	0.008	660	400	282	332	50	8	1	32.31	32.31	32.31
juego3	easy	0.0	0.008	669	400	282	332	50	8	1	32.31	32.31	32.31
juego3	easy	0.0	0.008	678	400	282	332	50	8	1	32.31	32.31	32.31
juego3	easy	0.0	0.008	686	400	282	332	50	8	1	32.31	32.31	32.31
juego3	easy	0.0	0.008	695	400	282	332	50	8	1	32.32	32.32	32.32
juego3	easy	0.0	0.008	705	400	282	332	50	8	1	32.31	32.31	32.31
juego3	easy	0.0	0.008	714	400	282	332	50	8	1	32.31	32.31	32.31
juego3	easy	0.0	0.008	722	400	282	332	50	8	1	32.31	32.31	32.31
juego3	easy	0.0	0.008	730	400	282	332	50	8	1	32.31	32.31	32.31
juego3	easy	0.0	0.008	739	400	282	332	50	8	1	32.31	32.31	32.31
juego3	easy	0.0	0.008	748	400	282	332	50	8	1	32.31	32.31	32.31
juego3	easy	0.0	0.008	757	400	282	332	50	8	1	32.31	32.31	32.31
juego3	easy	0.0	0.008	766	400	282	332	50	8	1	32.31	32.31	32.31
juego3	easy	0.0	0.008	775	400	282	332	50	8	1	32.31	32.31	32.31
juego3	easy	0.0	0.008	785	400	282	332	50	8	1	32.31	32.31	32.31
juego3	easy	0.0	0.008	793	400	282	332	50	8	1	32.31	32.31	32.31
juego3	easy	0.0	0.008	802	400	282	332	50	8	1	32.31	32.31	32.31
juego3	easy	0.0	0.008	810	400	282	332	50	8	1	32.3	32.3	32.3
juego3	easy	0.0	0.008	820	400	282	332	50	8	1	32.3	32.3	32.3
juego3	easy	0.0	0.008	827	400	282	332	50	8	1	32.31	32.31	32.31
juego3	easy	0.0	0.008	836	400	282	332	50	8	1	32.31	32.31	32.31
juego3	easy	0.0	0.008	845	400	282	332	50	8	1	32.31	32.31	32.31
juego3	easy	0.0	0.008	854	400	282	332	50	8	1	32.31	32.31	32.31
juego3	easy	0.0	0.008	864	400	282	332	50	8	1	32.3	32.3	32.3
juego3	easy	0.0	0.008	873	400	282	332	50	8	1	32.3	32.3	32.3
juego3	easy	0.0	0.008	881	400	282	332	50	8	1	32.31	32.31	32.31
juego3	easy	0.0	0.008	890	400	282	332	50	8	1	32.31	32.31	32.31
juego3	easy	0.0	0.008	900	400	282	332	50	8	1	32.3	32.3	32.3
juego3	easy	0.0	0.008	908	400	282	332	50	8	1	32.3	32.3	32.3
juego3	easy	0.0	0.008	916	400	282	332	50	8	1	32.3	32.3	32.3
juego3	easy	0.0	0.008	925	400	282	332	50	8	1	32.3	32.3	32.3
juego3	easy	0.0	0.008	934	400	282	332	50	8	1	32.3	32.3	32.3
juego3	easy	0.0	0.008	943	400	282	332	50	8	1	32.3	32.3	32.3
juego3	easy	0.0	0.008	952	400	282	332	50	8	1	32.3	32.3	32.3
juego3	easy	0.0	0.008	960	400	282	332	50	8	1	32.3	32.3	32.3
juego3	easy	0.0	0.008	968	400	282	332	50	8	1	32.3	32.3	32.3
juego3	easy	0.0	0.008	977	400	282	332	50	8	1	32.3	32.3	32.3
juego3	easy	0.0	0.008	985	400	282	332	50	8	1	32.3	32.3	32.3
juego3	easy	0.0	0.008	994	400	282	332	50	8	1	32.31	32.31	32.31
juego3	easy	0.0	0.008	1003	400	282	332	50	8	1	32.31	32.31	32.31
juego3	easy	0.0	0.008	1012	400	282	332	50	8	1	32.31	32.31	32.31
juego3	easy	0.0	0.008	1020	400	282	332	50	8	1	32.31	32.31	32.31
juego3	easy	0.0	0.008	1030	400	282	332	50	8	1	32.31	32.31	32.31
juego3	easy	0.0	0.008	1038	400	282	332	50	8	1	32.31	32.31	32.31
juego3	easy	0.0	0.008	1047	400	282	332	50	8	1	32.31	32.31	32.31
juego3	easy	0.0	0.008	0	400	282	332	50	9	1	32.31	32.31	32.31
juego3	easy	90.0	0.008	8	400	164	332	168	9	1	32.3	32.3	32.3
juego3	easy	90.0	0.008	16	400	164	332	168	9	1	32.31	32.31	32.31
juego3	easy	90.0	0.008	25	400	164	332	168	9	1	32.31	32.31	32.31
juego3	easy	90.0	0.008	1025	400	164	332	168	9	1	32.32	32.32	32.32
juego3	easy	90.0	0.008	1034	400	164	332	168	9	1	32.3	32.3	32.3
juego3	easy	90.0	0.008	1042	400	164	332	168	9	1	32.31	32.31	32.31
juego3	easy	90.0	0.008	1050	400	164	332	168	9	1	32.31	32.31	32.31
juego3	easy	90.0	0.008	0	400	164	332	168	10	1	32.31	32.31	32.31
juego3	easy	0.0	0.008	8	400	282	332	50	10	1	32.31	32.31	32.31
juego3	easy	0.0	0.008	17	400	282	332	50	10	1	32.3	32.3	32.3
juego3	easy	0.0	0.008	24	400	282	332	50	10	1	32.31	32.31	32.31
juego3	easy	0.0	0.008	32	400	282	332	50	10	1	32.31	32.31	32.31
juego3	easy	0.0	0.008	41	400	282	332	50	10	1	32.31	32.31	32.31
juego3	easy	0.0	0.008	50	400	282	332	50	10	1	32.31	32.31	32.31
juego3	easy	0.0	0.008	59	400	282	332	50	10	1	32.31	32.31	32.31
juego3	easy	0.0	0.008	67	400	282	332	50	10	1	32.31	32.31	32.31
juego3	easy	0.0	0.008	76	400	282	332	50	10	1	32.31	32.31	32.31
juego3	easy	0.0	0.008	85	400	282	332	50	10	1	32.31	32.31	32.31
juego3	easy	0.0	0.008	93	400	282	332	50	10	1	32.31	32.31	32.31
juego3	easy	0.0	0.008	102	400	282	332	50	10	1	32.31	32.31	32.31
juego3	easy	0.0	0.008	111	400	282	332	50	10	1	32.31	32.31	32.31
juego3	easy	0.0	0.008	121	400	282	332	50	10	1	32.31	32.31	32.31
juego3	easy	0.0	0.008	129	400	282	332	50	10	1	32.31	32.31	32.31
juego3	easy	0.0	0.008	138	400	282	332	50	10	1	32.31	32.31	32.31
juego3	easy	0.0	0.008	147	400	282	332	50	10	1	32.31	32.31	32.31
juego3	easy	0.0	0.008	156	400	282	332	50	10	1	32.31	32.31	32.31
juego3	easy	0.0	0.008	165	400	282	332	50	10	1	32.31	32.31	32.31
juego3	easy	0.0	0.008	174	400	282	332	50	10	1	32.31	32.31	32.31
juego3	easy	0.0	0.008	184	400	282	332	50	10	1	32.31	32.31	32.31
juego3	easy	0.0	0.008	192	400	282	332	50	10	1	32.31	32.31	32.31
juego3	easy	0.0	0.008	201	400	282	332	50	10	1	32.31	32.31	32.31
juego3	easy	0.0	0.008	210	400	282	332	50	10	1	32.31	32.31	32.31
juego3	easy	0.0	0.008	219	400	282	332	50	10	1	32.31	32.31	32.31
juego3	easy	0.0	0.008	228	400	282	332	50	10	1	32.31	32.31	32.31
juego3	easy	0.0	0.008	238	400	282	332	50	10	1	32.31	32.31	32.31
juego3	easy	0.0	0.008	246	400	282	332	50	10	1	32.31	32.31	32.31
juego3	easy	0.0	0.008	255	400	282	332	50	10	1	32.31	32.31	32.31
juego3	easy	0.0	0.008	264	400	282	332	50	10	1	32.31	32.31	32.31
juego3	easy	0.0	0.008	273	400	282	332	50	10	1	32.31	32.31	32.31
juego3	easy	0.0	0.008	282	400	282	332	50	10	1	32.31	32.31	32.31
juego3	easy	0.0	0.008	290	400	282	332	50	10	1	32.31	32.31	32.31
juego3	easy	0.0	0.008	298	400	282	332	50	10	1	32.31	32.31	32.31
juego3	easy	0.0	0.008	307	400	282	332	50	10	1	32.31	32.31	32.31
juego3	easy	0.0	0.008	317	400	282	332	50	10	1	32.31	32.31	32.31
juego3	easy	0.0	0.008	325	400	282	332	50	10	1	32.31	32.31	32.31
juego3	easy	0.0	0.008	334	400	282	332	50	10	1	32.31	32.31	32.31
juego3	easy	0.0	0.008	343	400	282	332	50	10	1	32.31	32.31	32.31
juego3	easy	0.0	0.008	351	400	282	332	50	10	1	32.31	32.31	32.31
juego3	easy	0.0	0.008	360	400	282	332	50	10	1	32.31	32.31	32.31
juego3	easy	0.0	0.008	368	400	282	332	50	10	1	32.31	32.31	32.31
juego3	easy	0.0	0.008	377	400	282	332	50	10	1	32.31	32.31	32.31
juego3	easy	0.0	0.008	386	400	282	332	50	10	1	32.31	32.31	32.31
juego3	easy	0.0	0.008	395	400	282	332	50	10	1	32.31	32.31	32.31
juego3	easy	0.0	0.008	403	400	282	332	50	10	1	32.31	32.31	32.31
juego3	easy	0.0	0.008	412	400	282	332	50	10	1	32.31	32.31	32.31
juego3	easy	0.0	0.008	421	400	282	332	50	10	1	32.31	32.31	32.31
juego3	easy	0.0	0.008	429	400	282	332	50	10	1	32.31	32.31	32.31
juego3	easy	0.0	0.008	438	400	282	332	50	10	1	32.31	32.31	32.31
juego3	easy	0.0	0.008	447	400	282	332	50	10	1	32.31	32.31	32.31
juego3	easy	0.0	0.008	456	400	282	332	50	10	1	32.31	32.31	32.31
juego3	easy	0.0	0.008	464	400	282	332	50	10	1	32.31	32.31	32.31
juego3	easy	0.0	0.008	473	400	282	332	50	10	1	32.31	32.31	32.31
juego3	easy	0.0	0.008	482	400	282	332	50	10	1	32.31	32.31	32.31
juego3	easy	0.0	0.008	491	400	282	332	50	10	1	32.31	32.31	32.31
juego3	easy	0.0	0.008	500	400	282	332	50	10	1	32.31	32.31	32.31
juego3	easy	0.0	0.008	510	400	282	332	50	10	1	32.31	32.31	32.31
juego3	easy	0.0	0.008	518	400	282	332	50	10	1	32.31	32.31	32.31
juego3	easy	0.0	0.008	527	400	282	332	50	10	1	32.31	32.31	32.31
juego3	easy	0.0	0.008	537	400	282	332	50	10	1	32.31	32.31	32.31
juego3	easy	0.0	0.008	545	400	282	332	50	10	1	32.31	32.31	32.31
juego3	easy	0.0	0.008	554	400	282	332	50	10	1	32.31	32.31	32.31
juego3	easy	0.0	0.008	564	400	282	332	50	10	1	32.31	32.31	32.31
juego3	easy	0.0	0.008	572	400	282	332	50	10	1	32.31	32.31	32.31
juego3	easy	0.0	0.008	581	400	282	332	50	10	1	32.31	32.31	32.31
juego3	easy	0.0	0.008	590	400	282	332	50	10	1	32.31	32.31	32.31
juego3	easy	0.0	0.008	600	400	282	332	50	10	1	32.31	32.31	32.31
juego3	easy	0.0	0.008	608	400	282	332	50	10	1	32.31	32.31	32.31
juego3	easy	0.0	0.008	617	400	282	332	50	10	1	32.31	32.31	32.31
juego3	easy	0.0	0.008	626	400	282	332	50	10	1	32.31	32.31	32.31
juego3	easy	0.0	0.008	636	400	282	332	50	10	1	32.31	32.31	32.31
juego3	easy	0.0	0.008	644	400	282	332	50	10	1	32.31	32.31	32.31
juego3	easy	0.0	0.008	653	400	282	332	50	10	1	32.31	32.31	32.31
juego3	easy	0.0	0.008	662	400	282	332	50	10	1	32.31	32.31	32.31
juego3	easy	0.0	0.008	672	400	282	332	50	10	1	32.31	32.31	32.31
juego3	easy	0.0	0.008	680	400	282	332	50	10	1	32.31	32.31	32.31
juego3	easy	0.0	0.008	689	400	282	332	50	10	1	32.31	32.31	32.31
juego3	easy	0.0	0.008	698	400	282	332	50	10	1	32.31	32.31	32.31
juego3	easy	0.0	0.008	707	400	282	332	50	10	1	32.31	32.31	32.31
juego3	easy	0.0	0.008	717	400	282	332	50	10	1	32.31	32.31	32.31
juego3	easy	0.0	0.008	725	400	282	332	50	10	1	32.31	32.31	32.31
juego3	easy	0.0	0.008	733	400	282	332	50	10	1	32.31	32.31	32.31
juego3	easy	0.0	0.008	743	400	282	332	50	10	1	32.31	32.31	32.31
juego3	easy	0.0	0.008	751	400	282	332	50	10	1	32.31	32.31	32.31
juego3	easy	0.0	0.008	760	400	282	332	50	10	1	32.31	32.31	32.31
juego3	easy	0.0	0.008	768	400	282	332	50	10	1	32.31	32.31	32.31
juego3	easy	0.0	0.008	777	400	282	332	50	10	1	32.31	32.31	32.31
juego3	easy	0.0	0.008	785	400	282	332	50	10	1	32.31	32.31	32.31
juego3	easy	0.0	0.008	794	400	282	332	50	10	1	32.31	32.31	32.31
juego3	easy	0.0	0.008	804	400	282	332	50	10	1	32.31	32.31	32.31
juego3	easy	0.0	0.008	812	400	282	332	50	10	1	32.31	32.31	32.31
juego3	easy	0.0	0.008	822	400	282	332	50	10	1	32.31	32.31	32.31
juego3	easy	0.0	0.008	830	400	282	332	50	10	1	32.31	32.31	32.31
juego3	easy	0.0	0.008	839	400	282	332	50	10	1	32.31	32.31	32.31
juego3	easy	0.0	0.008	849	400	282	332	50	10	1	32.31	32.31	32.31
juego3	easy	0.0	0.008	858	400	282	332	50	10	1	32.31	32.31	32.31
juego3	easy	0.0	0.008	866	400	282	332	50	10	1	32.31	32.31	32.31
juego3	easy	0.0	0.008	875	400	282	332	50	10	1	32.31	32.31	32.31
juego3	easy	0.0	0.008	884	400	282	332	50	10	1	32.31	32.31	32.31
juego3	easy	0.0	0.008	893	400	282	332	50	10	1	32.32	32.32	32.32
juego3	easy	0.0	0.008	901	400	282	332	50	10	1	32.31	32.31	32.31
juego3	easy	0.0	0.008	910	400	282	332	50	10	1	32.31	32.31	32.31
juego3	easy	0.0	0.008	919	400	282	332	50	10	1	32.31	32.31	32.31
juego3	easy	0.0	0.008	928	400	282	332	50	10	1	32.31	32.31	32.31
juego3	easy	0.0	0.008	937	400	282	332	50	10	1	32.31	32.31	32.31
juego3	easy	0.0	0.008	946	400	282	332	50	10	1	32.31	32.31	32.31
juego3	easy	0.0	0.008	954	400	282	332	50	10	1	32.31	32.31	32.31
juego3	easy	0.0	0.008	962	400	282	332	50	10	1	32.31	32.31	32.31
juego3	easy	0.0	0.008	971	400	282	332	50	10	1	32.3	32.3	32.3
juego3	easy	0.0	0.008	980	400	282	332	50	10	1	32.31	32.31	32.31
juego3	easy	0.0	0.008	989	400	282	332	50	10	1	32.31	32.31	32.31
juego3	easy	0.0	0.008	998	400	282	332	50	10	1	32.31	32.31	32.31
juego3	easy	0.0	0.008	1006	400	282	332	50	10	1	32.31	32.31	32.31
juego3	easy	0.0	0.008	1015	400	282	332	50	10	1	32.31	32.31	32.31
juego3	easy	0.0	0.008	1025	400	282	332	50	10	1	32.31	32.31	32.31
juego3	easy	0.0	0.008	1033	400	282	332	50	10	1	32.31	32.31	32.31
juego3	easy	0.0	0.008	1041	400	282	332	50	10	1	32.31	32.31	32.31
juego3	easy	0.0	0.008	1050	400	282	332	50	10	1	32.31	32.31	32.31
juego3	easy	0.0	0.008	1058	400	282	332	50	10	1	32.31	32.31	32.31
juego3	easy	0.0	0.008	1068	400	282	332	50	10	1	32.32	32.32	32.32
juego3	easy	0.0	0.008	1076	400	282	332	50	10	1	32.32	32.32	32.32
juego3	easy	0.0	0.008	1085	400	282	332	50	10	1	32.32	32.32	32.32
juego3	easy	0.0	0.008	1095	400	282	332	50	10	1	32.32	32.32	32.32
juego3	easy	0.0	0.008	1103	400	282	332	50	10	1	32.32	32.32	32.32
juego3	easy	0.0	0.008	1111	400	282	332	50	10	1	32.32	32.32	32.32
juego3	easy	0.0	0.008	1120	400	282	332	50	10	1	32.32	32.32	32.32
juego3	easy	0.0	0.008	1128	400	282	332	50	10	1	32.33	32.33	32.33
juego3	easy	0.0	0.008	1137	400	282	332	50	10	1	32.33	32.33	32.33
juego3	easy	0.0	0.008	1145	400	282	332	50	10	1	32.33	32.33	32.33
juego3	easy	0.0	0.008	1154	400	282	332	50	10	1	32.33	32.33	32.33
juego3	easy	0.0	0.008	1162	400	282	332	50	10	1	32.33	32.33	32.33
juego3	easy	0.0	0.008	1170	400	282	332	50	10	1	32.33	32.33	32.33
juego3	easy	0.0	0.008	1179	400	282	332	50	10	1	32.33	32.33	32.33
juego3	easy	0.0	0.008	1188	400	282	332	50	10	1	32.32	32.32	32.32
juego3	easy	0.0	0.008	1196	400	282	332	50	10	1	32.32	32.32	32.32
juego3	easy	0.0	0.008	1205	400	282	332	50	10	1	32.33	32.33	32.33
juego3	easy	0.0	0.008	1214	400	282	332	50	10	1	32.32	32.32	32.32
juego3	easy	0.0	0.008	1224	400	282	332	50	10	1	32.32	32.32	32.32
juego3	easy	0.0	0.008	1232	400	282	332	50	10	1	32.32	32.32	32.32
juego3	easy	0.0	0.008	0	400	282	332	50	11	0	32.32	32.32	32.32
juego3	easy	90.0	0.008	7	400	164	332	168	11	0	32.32	32.32	32.32
juego3	easy	90.0	0.008	16	400	164	332	168	11	0	32.32	32.32	32.32
juego3	easy	90.0	0.008	24	400	164	332	168	11	0	32.32	32.32	32.32
juego3	easy	90.0	0.008	33	400	164	332	168	11	0	32.32	32.32	32.32
juego3	easy	90.0	0.008	42	400	164	332	168	11	0	32.32	32.32	32.32
juego3	easy	90.0	0.008	51	400	164	332	168	11	0	32.32	32.32	32.32
juego3	easy	90.0	0.008	59	400	164	332	168	11	0	32.32	32.32	32.32
juego3	easy	90.0	0.008	68	400	164	332	168	11	0	32.32	32.32	32.32
juego3	easy	90.0	0.008	76	400	164	332	168	11	0	32.32	32.32	32.32
juego3	easy	90.0	0.008	85	400	164	332	168	11	0	32.32	32.32	32.32
juego3	easy	90.0	0.008	95	400	164	332	168	11	0	32.32	32.32	32.32
juego3	easy	90.0	0.008	104	400	164	332	168	11	0	32.32	32.32	32.32
juego3	easy	90.0	0.008	112	400	164	332	168	11	0	32.32	32.32	32.32
juego3	easy	90.0	0.008	121	400	164	332	168	11	0	32.32	32.32	32.32
juego3	easy	90.0	0.008	129	400	164	332	168	11	0	32.32	32.32	32.32
juego3	easy	90.0	0.008	138	400	164	332	168	11	0	32.32	32.32	32.32
juego3	easy	90.0	0.008	147	400	164	332	168	11	0	32.32	32.32	32.32
juego3	easy	90.0	0.008	156	400	164	332	168	11	0	32.32	32.32	32.32
juego3	easy	90.0	0.008	165	400	164	332	168	11	0	32.32	32.32	32.32
juego3	easy	90.0	0.008	174	400	164	332	168	11	0	32.32	32.32	32.32
juego3	easy	90.0	0.008	183	400	164	332	168	11	0	32.32	32.32	32.32
juego3	easy	90.0	0.008	193	400	164	332	168	11	0	32.32	32.32	32.32
juego3	easy	90.0	0.008	201	400	164	332	168	11	0	32.32	32.32	32.32
juego3	easy	90.0	0.008	211	400	164	332	168	11	0	32.32	32.32	32.32
juego3	easy	90.0	0.008	219	400	164	332	168	11	0	32.32	32.32	32.32
juego3	easy	90.0	0.008	228	400	164	332	168	11	0	32.32	32.32	32.32
juego3	easy	90.0	0.008	237	400	164	332	168	11	0	32.32	32.32	32.32
juego3	easy	90.0	0.008	245	400	164	332	168	11	0	32.32	32.32	32.32
juego3	easy	90.0	0.008	254	400	164	332	168	11	0	32.32	32.32	32.32
juego3	easy	90.0	0.008	263	400	164	332	168	11	0	32.32	32.32	32.32
juego3	easy	90.0	0.008	272	400	164	332	168	11	0	32.32	32.32	32.32
juego3	easy	90.0	0.008	281	400	164	332	168	11	0	32.32	32.32	32.32
juego3	easy	90.0	0.008	289	400	164	332	168	11	0	32.32	32.32	32.32
juego3	easy	90.0	0.008	298	400	164	332	168	11	0	32.32	32.32	32.32
juego3	easy	90.0	0.008	307	400	164	332	168	11	0	32.32	32.32	32.32
juego3	easy	90.0	0.008	316	400	164	332	168	11	0	32.32	32.32	32.32
juego3	easy	90.0	0.008	325	400	164	332	168	11	0	32.32	32.32	32.32
juego3	easy	90.0	0.008	333	400	164	332	168	11	0	32.32	32.32	32.32
juego3	easy	90.0	0.008	342	400	164	332	168	11	0	32.32	32.32	32.32
juego3	easy	90.0	0.008	351	400	164	332	168	11	0	32.32	32.32	32.32
juego3	easy	90.0	0.008	359	400	164	332	168	11	0	32.32	32.32	32.32
juego3	easy	90.0	0.008	368	400	164	332	168	11	0	32.32	32.32	32.32
juego3	easy	90.0	0.008	376	400	164	332	168	11	0	32.32	32.32	32.32
juego3	easy	90.0	0.008	385	400	164	332	168	11	0	32.32	32.32	32.32
juego3	easy	90.0	0.008	394	400	164	332	168	11	0	32.32	32.32	32.32
juego3	easy	90.0	0.008	403	400	164	332	168	11	0	32.32	32.32	32.32
juego3	easy	90.0	0.008	412	400	164	332	168	11	0	32.32	32.32	32.32
juego3	easy	90.0	0.008	421	400	164	332	168	11	0	32.32	32.32	32.32
juego3	easy	90.0	0.008	430	400	164	332	168	11	0	32.32	32.32	32.32
juego3	easy	90.0	0.008	439	400	164	332	168	11	0	32.32	32.32	32.32
juego3	easy	90.0	0.008	448	400	164	332	168	11	0	32.32	32.32	32.32
juego3	easy	90.0	0.008	457	400	164	332	168	11	0	32.32	32.32	32.32
juego3	easy	90.0	0.008	465	400	164	332	168	11	0	32.32	32.32	32.32
juego3	easy	90.0	0.008	473	400	164	332	168	11	0	32.32	32.32	32.32
juego3	easy	90.0	0.008	482	400	164	332	168	11	0	32.32	32.32	32.32
juego3	easy	90.0	0.008	490	400	164	332	168	11	0	32.32	32.32	32.32
juego3	easy	90.0	0.008	499	400	164	332	168	11	0	32.32	32.32	32.32
juego3	easy	90.0	0.008	507	400	164	332	168	11	0	32.32	32.32	32.32
juego3	easy	90.0	0.008	516	400	164	332	168	11	0	32.32	32.32	32.32
juego3	easy	90.0	0.008	524	400	164	332	168	11	0	32.32	32.32	32.32
juego3	easy	90.0	0.008	533	400	164	332	168	11	0	32.32	32.32	32.32
juego3	easy	90.0	0.008	543	400	164	332	168	11	0	32.32	32.32	32.32
juego3	easy	90.0	0.008	551	400	164	332	168	11	0	32.32	32.32	32.32
juego3	easy	90.0	0.008	560	400	164	332	168	11	0	32.32	32.32	32.32
juego3	easy	90.0	0.008	570	400	164	332	168	11	0	32.32	32.32	32.32
juego3	easy	90.0	0.008	578	400	164	332	168	11	0	32.32	32.32	32.32
juego3	easy	90.0	0.008	588	400	164	332	168	11	0	32.32	32.32	32.32
juego3	easy	90.0	0.008	597	400	164	332	168	11	0	32.32	32.32	32.32
juego3	easy	90.0	0.008	606	400	164	332	168	11	0	32.32	32.32	32.32
juego3	easy	90.0	0.008	614	400	164	332	168	11	0	32.32	32.32	32.32
juego3	easy	90.0	0.008	622	400	164	332	168	11	0	32.32	32.32	32.32
juego3	easy	90.0	0.008	631	400	164	332	168	11	0	32.32	32.32	32.32
juego3	easy	90.0	0.008	639	400	164	332	168	11	0	32.32	32.32	32.32
juego3	easy	90.0	0.008	648	400	164	332	168	11	0	32.32	32.32	32.32
juego3	easy	90.0	0.008	657	400	164	332	168	11	0	32.32	32.32	32.32
juego3	easy	90.0	0.008	666	400	164	332	168	11	0	32.32	32.32	32.32
juego3	easy	90.0	0.008	675	400	164	332	168	11	0	32.32	32.32	32.32
juego3	easy	90.0	0.008	684	400	164	332	168	11	0	32.32	32.32	32.32
juego3	easy	90.0	0.008	692	400	164	332	168	11	0	32.32	32.32	32.32
juego3	easy	90.0	0.008	701	400	164	332	168	11	0	32.32	32.32	32.32
juego3	easy	90.0	0.008	710	400	164	332	168	11	0	32.32	32.32	32.32
juego3	easy	90.0	0.008	719	400	164	332	168	11	0	32.32	32.32	32.32
juego3	easy	90.0	0.008	728	400	164	332	168	11	0	32.32	32.32	32.32
juego3	easy	90.0	0.008	737	400	164	332	168	11	0	32.32	32.32	32.32
juego3	easy	90.0	0.008	746	400	164	332	168	11	0	32.32	32.32	32.32
juego3	easy	90.0	0.008	754	400	164	332	168	11	0	32.32	32.32	32.32
juego3	easy	90.0	0.008	763	400	164	332	168	11	0	32.32	32.32	32.32
juego3	easy	90.0	0.008	772	400	164	332	168	11	0	32.32	32.32	32.32
juego3	easy	90.0	0.008	780	400	164	332	168	11	0	32.32	32.32	32.32
juego3	easy	90.0	0.008	789	400	164	332	168	11	0	32.32	32.32	32.32
juego3	easy	90.0	0.008	798	400	164	332	168	11	0	32.32	32.32	32.32
juego3	easy	90.0	0.008	807	400	164	332	168	11	0	32.32	32.32	32.32
juego3	easy	90.0	0.008	815	400	164	332	168	11	0	32.32	32.32	32.32
juego3	easy	90.0	0.008	824	400	164	332	168	11	0	32.32	32.32	32.32
juego3	easy	90.0	0.008	833	400	164	332	168	11	0	32.32	32.32	32.32
juego3	easy	90.0	0.008	843	400	164	332	168	11	0	32.32	32.32	32.32
juego3	easy	90.0	0.008	852	400	164	332	168	11	0	32.32	32.32	32.32
juego3	easy	90.0	0.008	860	400	164	332	168	11	0	32.32	32.32	32.32
juego3	easy	90.0	0.008	867	400	164	332	168	11	0	32.32	32.32	32.32
juego3	easy	90.0	0.008	877	400	164	332	168	11	0	32.32	32.32	32.32
juego3	easy	90.0	0.008	885	400	164	332	168	11	0	32.32	32.32	32.32
juego3	easy	90.0	0.008	894	400	164	332	168	11	0	32.32	32.32	32.32
juego3	easy	90.0	0.008	903	400	164	332	168	11	0	32.32	32.32	32.32
juego3	easy	90.0	0.008	912	400	164	332	168	11	0	32.32	32.32	32.32
juego3	easy	90.0	0.008	921	400	164	332	168	11	0	32.32	32.32	32.32
juego3	easy	90.0	0.008	929	400	164	332	168	11	0	32.32	32.32	32.32
juego3	easy	90.0	0.008	938	400	164	332	168	11	0	32.32	32.32	32.32
juego3	easy	90.0	0.008	947	400	164	332	168	11	0	32.32	32.32	32.32
juego3	easy	90.0	0.008	956	400	164	332	168	11	0	32.32	32.32	32.32
juego3	easy	90.0	0.008	965	400	164	332	168	11	0	32.32	32.32	32.32
juego3	easy	90.0	0.008	974	400	164	332	168	11	0	32.32	32.32	32.32
juego3	easy	90.0	0.008	982	400	164	332	168	11	0	32.32	32.32	32.32
juego3	easy	90.0	0.008	991	400	164	332	168	11	0	32.32	32.32	32.32
juego3	easy	90.0	0.008	1000	400	164	332	168	11	0	32.32	32.32	32.32
juego3	easy	90.0	0.008	1008	400	164	332	168	11	0	32.32	32.32	32.32
juego3	easy	90.0	0.008	1018	400	164	332	168	11	0	32.32	32.32	32.32
juego3	easy	90.0	0.008	1026	400	164	332	168	11	0	32.32	32.32	32.32
juego3	easy	90.0	0.008	1034	400	164	332	168	11	0	32.32	32.32	32.32
juego3	easy	90.0	0.008	1042	400	164	332	168	11	0	32.32	32.32	32.32
juego3	easy	90.0	0.008	0	400	164	332	168	12	1	32.32	32.32	32.32
juego3	easy	0.0	0.008	8	400	282	332	50	12	1	32.32	32.32	32.32
juego3	easy	0.0	0.008	16	400	282	332	50	12	1	32.32	32.32	32.32
juego3	easy	0.0	0.008	24	400	282	332	50	12	1	32.32	32.32	32.32
juego3	easy	0.0	0.008	33	400	282	332	50	12	1	32.32	32.32	32.32
juego3	easy	0.0	0.008	1033	400	282	332	50	12	1	32.32	32.32	32.32
juego3	easy	0.0	0.008	1041	400	282	332	50	12	1	32.32	32.32	32.32
juego3	easy	0.0	0.008	1049	400	282	332	50	12	1	32.32	32.32	32.32
juego3	easy	0.0	0.008	1057	400	282	332	50	12	1	32.32	32.32	32.32
juego3	easy	0.0	0.008	0	400	282	332	50	13	1	32.32	32.32	32.32
juego3	easy	-90.0	0.008	8	400	433	332	-101	13	1	32.32	32.32	32.32
juego3	easy	-90.0	0.008	18	400	433	332	-101	13	1	32.32	32.32	32.32
juego3	easy	-90.0	0.008	27	400	433	332	-101	13	1	32.32	32.32	32.32
juego3	easy	-90.0	0.008	36	400	433	332	-101	13	1	32.32	32.32	32.32
juego3	easy	-90.0	0.008	44	400	433	332	-101	13	1	32.32	32.32	32.32
juego3	easy	-90.0	0.008	52	400	433	332	-101	13	1	32.32	32.32	32.32
juego3	easy	-90.0	0.008	61	400	433	332	-101	13	1	32.32	32.32	32.32
juego3	easy	-90.0	0.008	69	400	433	332	-101	13	1	32.32	32.32	32.32
juego3	easy	-90.0	0.008	78	400	433	332	-101	13	1	32.32	32.32	32.32
juego3	easy	-90.0	0.008	86	400	433	332	-101	13	1	32.32	32.32	32.32
juego3	easy	-90.0	0.008	95	400	433	332	-101	13	1	32.32	32.32	32.32
juego3	easy	-90.0	0.008	104	400	433	332	-101	13	1	32.32	32.32	32.32
juego3	easy	-90.0	0.008	114	400	433	332	-101	13	1	32.32	32.32	32.32
juego3	easy	-90.0	0.008	122	400	433	332	-101	13	1	32.32	32.32	32.32
juego3	easy	-90.0	0.008	130	400	433	332	-101	13	1	32.32	32.32	32.32
juego3	easy	-90.0	0.008	138	400	433	332	-101	13	1	32.32	32.32	32.32
juego3	easy	-90.0	0.008	147	400	433	332	-101	13	1	32.32	32.32	32.32
juego3	easy	-90.0	0.008	156	400	433	332	-101	13	1	32.32	32.32	32.32
juego3	easy	-90.0	0.008	165	400	433	332	-101	13	1	32.32	32.32	32.32
juego3	easy	-90.0	0.008	174	400	433	332	-101	13	1	32.32	32.32	32.32
juego3	easy	-90.0	0.008	183	400	433	332	-101	13	1	32.32	32.32	32.32
juego3	easy	-90.0	0.008	192	400	433	332	-101	13	1	32.32	32.32	32.32
juego3	easy	-90.0	0.008	200	400	433	332	-101	13	1	32.32	32.32	32.32
juego3	easy	-90.0	0.008	209	400	433	332	-101	13	1	32.32	32.32	32.32
juego3	easy	-90.0	0.008	218	400	433	332	-101	13	1	32.32	32.32	32.32
juego3	easy	-90.0	0.008	227	400	433	332	-101	13	1	32.32	32.32	32.32
juego3	easy	-90.0	0.008	235	400	433	332	-101	13	1	32.32	32.32	32.32
juego3	easy	-90.0	0.008	244	400	433	332	-101	13	1	32.32	32.32	32.32
juego3	easy	-90.0	0.008	254	400	433	332	-101	13	1	32.32	32.32	32.32
juego3	easy	-90.0	0.008	262	400	433	332	-101	13	1	32.32	32.32	32.32
juego3	easy	-90.0	0.008	271	400	433	332	-101	13	1	32.32	32.32	32.32
juego3	easy	-90.0	0.008	280	400	433	332	-101	13	1	32.32	32.32	32.32
juego3	easy	-90.0	0.008	289	400	433	332	-101	13	1	32.32	32.32	32.32
juego3	easy	-90.0	0.008	299	400	433	332	-101	13	1	32.32	32.32	32.32
juego3	easy	-90.0	0.008	307	400	433	332	-101	13	1	32.32	32.32	32.32
juego3	easy	-90.0	0.008	317	400	433	332	-101	13	1	32.31	32.31	32.31
juego3	easy	-90.0	0.008	325	400	433	332	-101	13	1	32.32	32.32	32.32
juego3	easy	-90.0	0.008	334	400	433	332	-101	13	1	32.32	32.32	32.32
juego3	easy	-90.0	0.008	342	400	433	332	-101	13	1	32.32	32.32	32.32
juego3	easy	-90.0	0.008	351	400	433	332	-101	13	1	32.33	32.33	32.33
juego3	easy	-90.0	0.008	360	400	433	332	-101	13	1	32.32	32.32	32.32
juego3	easy	-90.0	0.008	368	400	433	332	-101	13	1	32.33	32.33	32.33
juego3	easy	-90.0	0.008	377	400	433	332	-101	13	1	32.33	32.33	32.33
juego3	easy	-90.0	0.008	385	400	433	332	-101	13	1	32.33	32.33	32.33
juego3	easy	-90.0	0.008	394	400	433	332	-101	13	1	32.32	32.32	32.32
juego3	easy	-90.0	0.008	403	400	433	332	-101	13	1	32.32	32.32	32.32
juego3	easy	-90.0	0.008	411	400	433	332	-101	13	1	32.32	32.32	32.32
juego3	easy	-90.0	0.008	420	400	433	332	-101	13	1	32.32	32.32	32.32
juego3	easy	-90.0	0.008	428	400	433	332	-101	13	1	32.32	32.32	32.32
juego3	easy	-90.0	0.008	437	400	433	332	-101	13	1	32.33	32.33	32.33
juego3	easy	-90.0	0.008	445	400	433	332	-101	13	1	32.32	32.32	32.32
juego3	easy	-90.0	0.008	454	400	433	332	-101	13	1	32.33	32.33	32.33
juego3	easy	-90.0	0.008	463	400	433	332	-101	13	1	32.32	32.32	32.32
juego3	easy	-90.0	0.008	471	400	433	332	-101	13	1	32.32	32.32	32.32
juego3	easy	-90.0	0.008	480	400	433	332	-101	13	1	32.32	32.32	32.32
juego3	easy	-90.0	0.008	489	400	433	332	-101	13	1	32.33	32.33	32.33
juego3	easy	-90.0	0.008	496	400	433	332	-101	13	1	32.32	32.32	32.32
juego3	easy	-90.0	0.008	505	400	433	332	-101	13	1	32.33	32.33	32.33
juego3	easy	-90.0	0.008	514	400	433	332	-101	13	1	32.32	32.32	32.32
juego3	easy	-90.0	0.008	522	400	433	332	-101	13	1	32.32	32.32	32.32
juego3	easy	-90.0	0.008	530	400	433	332	-101	13	1	32.32	32.32	32.32
juego3	easy	-90.0	0.008	539	400	433	332	-101	13	1	32.33	32.33	32.33
juego3	easy	-90.0	0.008	547	400	433	332	-101	13	1	32.33	32.33	32.33
juego3	easy	-90.0	0.008	556	400	433	332	-101	13	1	32.32	32.32	32.32
juego3	easy	-90.0	0.008	565	400	433	332	-101	13	1	32.33	32.33	32.33
juego3	easy	-90.0	0.008	574	400	433	332	-101	13	1	32.33	32.33	32.33
juego3	easy	-90.0	0.008	582	400	433	332	-101	13	1	32.32	32.32	32.32
juego3	easy	-90.0	0.008	590	400	433	332	-101	13	1	32.32	32.32	32.32
juego3	easy	-90.0	0.008	598	400	433	332	-101	13	1	32.32	32.32	32.32
juego3	easy	-90.0	0.008	606	400	433	332	-101	13	1	32.32	32.32	32.32
juego3	easy	-90.0	0.008	614	400	433	332	-101	13	1	32.32	32.32	32.32
juego3	easy	-90.0	0.008	623	400	433	332	-101	13	1	32.31	32.31	32.31
juego3	easy	-90.0	0.008	632	400	433	332	-101	13	1	32.32	32.32	32.32
juego3	easy	-90.0	0.008	641	400	433	332	-101	13	1	32.32	32.32	32.32
juego3	easy	-90.0	0.008	649	400	433	332	-101	13	1	32.31	32.31	32.31
juego3	easy	-90.0	0.008	658	400	433	332	-101	13	1	32.31	32.31	32.31
juego3	easy	-90.0	0.008	667	400	433	332	-101	13	1	32.32	32.32	32.32
juego3	easy	-90.0	0.008	675	400	433	332	-101	13	1	32.32	32.32	32.32
juego3	easy	-90.0	0.008	683	400	433	332	-101	13	1	32.32	32.32	32.32
juego3	easy	-90.0	0.008	692	400	433	332	-101	13	1	32.31	32.31	32.31
juego3	easy	-90.0	0.008	701	400	433	332	-101	13	1	32.31	32.31	32.31
juego3	easy	-90.0	0.008	710	400	433	332	-101	13	1	32.31	32.31	32.31
juego3	easy	-90.0	0.008	719	400	433	332	-101	13	1	32.31	32.31	32.31
juego3	easy	-90.0	0.008	728	400	433	332	-101	13	1	32.31	32.31	32.31
juego3	easy	-90.0	0.008	737	400	433	332	-101	13	1	32.31	32.31	32.31
juego3	easy	-90.0	0.008	746	400	433	332	-101	13	1	32.31	32.31	32.31
juego3	easy	-90.0	0.008	755	400	433	332	-101	13	1	32.31	32.31	32.31
juego3	easy	-90.0	0.008	764	400	433	332	-101	13	1	32.3	32.3	32.3
juego3	easy	-90.0	0.008	774	400	433	332	-101	13	1	32.3	32.3	32.3
juego3	easy	-90.0	0.008	783	400	433	332	-101	13	1	32.3	32.3	32.3
juego3	easy	-90.0	0.008	792	400	433	332	-101	13	1	32.3	32.3	32.3
juego3	easy	-90.0	0.008	800	400	433	332	-101	13	1	32.31	32.31	32.31
juego3	easy	-90.0	0.008	809	400	433	332	-101	13	1	32.31	32.31	32.31
juego3	easy	-90.0	0.008	817	400	433	332	-101	13	1	32.31	32.31	32.31
juego3	easy	-90.0	0.008	827	400	433	332	-101	13	1	32.3	32.3	32.3
juego3	easy	-90.0	0.008	835	400	433	332	-101	13	1	32.3	32.3	32.3
juego3	easy	-90.0	0.008	843	400	433	332	-101	13	1	32.3	32.3	32.3
juego3	easy	-90.0	0.008	852	400	433	332	-101	13	1	32.3	32.3	32.3
juego3	easy	-90.0	0.008	861	400	433	332	-101	13	1	32.3	32.3	32.3
juego3	easy	-90.0	0.008	869	400	433	332	-101	13	1	32.3	32.3	32.3
juego3	easy	-90.0	0.008	877	400	433	332	-101	13	1	32.3	32.3	32.3
juego3	easy	-90.0	0.008	887	400	433	332	-101	13	1	32.29	32.29	32.29
juego3	easy	-90.0	0.008	896	400	433	332	-101	13	1	32.3	32.3	32.3
juego3	easy	-90.0	0.008	904	400	433	332	-101	13	1	32.29	32.29	32.29
juego3	easy	-90.0	0.008	913	400	433	332	-101	13	1	32.29	32.29	32.29
juego3	easy	-90.0	0.008	922	400	433	332	-101	13	1	32.29	32.29	32.29
juego3	easy	-90.0	0.008	932	400	433	332	-101	13	1	32.29	32.29	32.29
juego3	easy	-90.0	0.008	940	400	433	332	-101	13	1	32.29	32.29	32.29
juego3	easy	-90.0	0.008	948	400	433	332	-101	13	1	32.29	32.29	32.29
juego3	easy	-90.0	0.008	957	400	433	332	-101	13	1	32.29	32.29	32.29
juego3	easy	-90.0	0.008	966	400	433	332	-101	13	1	32.29	32.29	32.29
juego3	easy	-90.0	0.008	974	400	433	332	-101	13	1	32.29	32.29	32.29
juego3	easy	-90.0	0.008	982	400	433	332	-101	13	1	32.3	32.3	32.3
juego3	easy	-90.0	0.008	991	400	433	332	-101	13	1	32.3	32.3	32.3
juego3	easy	-90.0	0.008	1000	400	433	332	-101	13	1	32.3	32.3	32.3
juego3	easy	-90.0	0.008	1010	400	433	332	-101	13	1	32.3	32.3	32.3
juego3	easy	-90.0	0.008	1018	400	433	332	-101	13	1	32.3	32.3	32.3
juego3	easy	-90.0	0.008	1027	400	433	332	-101	13	1	32.29	32.29	32.29
juego3	easy	-90.0	0.008	1037	400	433	332	-101	13	1	32.29	32.29	32.29
juego3	easy	-90.0	0.008	0	400	433	332	-101	14	1	32.29	32.29	32.29
juego3	easy	0.0	0.008	9	400	282	332	50	14	1	32.29	32.29	32.29
juego3	easy	0.0	0.008	17	400	282	332	50	14	1	32.29	32.29	32.29
juego3	easy	0.0	0.008	25	400	282	332	50	14	1	32.29	32.29	32.29
juego3	easy	0.0	0.008	33	400	282	332	50	14	1	32.29	32.29	32.29
juego3	easy	0.0	0.008	41	400	282	332	50	14	1	32.29	32.29	32.29
juego3	easy	0.0	0.008	50	400	282	332	50	14	1	32.29	32.29	32.29
juego3	easy	0.0	0.008	58	400	282	332	50	14	1	32.29	32.29	32.29
juego3	easy	0.0	0.008	67	400	282	332	50	14	1	32.29	32.29	32.29
juego3	easy	0.0	0.008	77	400	282	332	50	14	1	32.29	32.29	32.29
juego3	easy	0.0	0.008	85	400	282	332	50	14	1	32.29	32.29	32.29
juego3	easy	0.0	0.008	95	400	282	332	50	14	1	32.29	32.29	32.29
juego3	easy	0.0	0.008	103	400	282	332	50	14	1	32.29	32.29	32.29
juego3	easy	0.0	0.008	113	400	282	332	50	14	1	32.29	32.29	32.29
juego3	easy	0.0	0.008	121	400	282	332	50	14	1	32.29	32.29	32.29
juego3	easy	0.0	0.008	130	400	282	332	50	14	1	32.29	32.29	32.29
juego3	easy	0.0	0.008	139	400	282	332	50	14	1	32.29	32.29	32.29
juego3	easy	0.0	0.008	148	400	282	332	50	14	1	32.29	32.29	32.29
juego3	easy	0.0	0.008	156	400	282	332	50	14	1	32.29	32.29	32.29
juego3	easy	0.0	0.008	164	400	282	332	50	14	1	32.29	32.29	32.29
juego3	easy	0.0	0.008	173	400	282	332	50	14	1	32.29	32.29	32.29
juego3	easy	0.0	0.008	181	400	282	332	50	14	1	32.29	32.29	32.29
juego3	easy	0.0	0.008	190	400	282	332	50	14	1	32.29	32.29	32.29
juego3	easy	0.0	0.008	199	400	282	332	50	14	1	32.29	32.29	32.29
juego3	easy	0.0	0.008	209	400	282	332	50	14	1	32.29	32.29	32.29
juego3	easy	0.0	0.008	217	400	282	332	50	14	1	32.29	32.29	32.29
juego3	easy	0.0	0.008	225	400	282	332	50	14	1	32.29	32.29	32.29
juego3	easy	0.0	0.008	233	400	282	332	50	14	1	32.29	32.29	32.29
juego3	easy	0.0	0.008	242	400	282	332	50	14	1	32.29	32.29	32.29
juego3	easy	0.0	0.008	252	400	282	332	50	14	1	32.29	32.29	32.29
juego3	easy	0.0	0.008	260	400	282	332	50	14	1	32.29	32.29	32.29
juego3	easy	0.0	0.008	269	400	282	332	50	14	1	32.29	32.29	32.29
juego3	easy	0.0	0.008	277	400	282	332	50	14	1	32.29	32.29	32.29
juego3	easy	0.0	0.008	285	400	282	332	50	14	1	32.29	32.29	32.29
juego3	easy	0.0	0.008	293	400	282	332	50	14	1	32.29	32.29	32.29
juego3	easy	0.0	0.008	301	400	282	332	50	14	1	32.29	32.29	32.29
juego3	easy	0.0	0.008	309	400	282	332	50	14	1	32.29	32.29	32.29
juego3	easy	0.0	0.008	319	400	282	332	50	14	1	32.29	32.29	32.29
juego3	easy	0.0	0.008	328	400	282	332	50	14	1	32.29	32.29	32.29
juego3	easy	0.0	0.008	336	400	282	332	50	14	1	32.29	32.29	32.29
juego3	easy	0.0	0.008	345	400	282	332	50	14	1	32.29	32.29	32.29
juego3	easy	0.0	0.008	354	400	282	332	50	14	1	32.29	32.29	32.29
juego3	easy	0.0	0.008	361	400	282	332	50	14	1	32.29	32.29	32.29
juego3	easy	0.0	0.008	369	400	282	332	50	14	1	32.29	32.29	32.29
juego3	easy	0.0	0.008	378	400	282	332	50	14	1	32.29	32.29	32.29
juego3	easy	0.0	0.008	387	400	282	332	50	14	1	32.29	32.29	32.29
juego3	easy	0.0	0.008	396	400	282	332	50	14	1	32.29	32.29	32.29
juego3	easy	0.0	0.008	405	400	282	332	50	14	1	32.29	32.29	32.29
juego3	easy	0.0	0.008	414	400	282	332	50	14	1	32.29	32.29	32.29
juego3	easy	0.0	0.008	422	400	282	332	50	14	1	32.29	32.29	32.29
juego3	easy	0.0	0.008	431	400	282	332	50	14	1	32.29	32.29	32.29
juego3	easy	0.0	0.008	440	400	282	332	50	14	1	32.29	32.29	32.29
juego3	easy	0.0	0.008	450	400	282	332	50	14	1	32.29	32.29	32.29
juego3	easy	0.0	0.008	458	400	282	332	50	14	1	32.29	32.29	32.29
juego3	easy	0.0	0.008	467	400	282	332	50	14	1	32.29	32.29	32.29
juego3	easy	0.0	0.008	475	400	282	332	50	14	1	32.29	32.29	32.29
juego3	easy	0.0	0.008	484	400	282	332	50	14	1	32.29	32.29	32.29
juego3	easy	0.0	0.008	493	400	282	332	50	14	1	32.29	32.29	32.29
juego3	easy	0.0	0.008	501	400	282	332	50	14	1	32.29	32.29	32.29
juego3	easy	0.0	0.008	510	400	282	332	50	14	1	32.29	32.29	32.29
juego3	easy	0.0	0.008	519	400	282	332	50	14	1	32.29	32.29	32.29
juego3	easy	0.0	0.008	527	400	282	332	50	14	1	32.29	32.29	32.29
juego3	easy	0.0	0.008	535	400	282	332	50	14	1	32.29	32.29	32.29
juego3	easy	0.0	0.008	544	400	282	332	50	14	1	32.29	32.29	32.29
juego3	easy	0.0	0.008	552	400	282	332	50	14	1	32.29	32.29	32.29
juego3	easy	0.0	0.008	561	400	282	332	50	14	1	32.29	32.29	32.29
juego3	easy	0.0	0.008	570	400	282	332	50	14	1	32.29	32.29	32.29
juego3	easy	0.0	0.008	578	400	282	332	50	14	1	32.29	32.29	32.29
juego3	easy	0.0	0.008	586	400	282	332	50	14	1	32.29	32.29	32.29
juego3	easy	0.0	0.008	595	400	282	332	50	14	1	32.29	32.29	32.29
juego3	easy	0.0	0.008	604	400	282	332	50	14	1	32.29	32.29	32.29
juego3	easy	0.0	0.008	612	400	282	332	50	14	1	32.29	32.29	32.29
juego3	easy	0.0	0.008	621	400	282	332	50	14	1	32.29	32.29	32.29
juego3	easy	0.0	0.008	629	400	282	332	50	14	1	32.29	32.29	32.29
juego3	easy	0.0	0.008	637	400	282	332	50	14	1	32.29	32.29	32.29
juego3	easy	0.0	0.008	646	400	282	332	50	14	1	32.29	32.29	32.29
juego3	easy	0.0	0.008	655	400	282	332	50	14	1	32.29	32.29	32.29
juego3	easy	0.0	0.008	663	400	282	332	50	14	1	32.29	32.29	32.29
juego3	easy	0.0	0.008	672	400	282	332	50	14	1	32.29	32.29	32.29
juego3	easy	0.0	0.008	681	400	282	332	50	14	1	32.29	32.29	32.29
juego3	easy	0.0	0.008	690	400	282	332	50	14	1	32.29	32.29	32.29
juego3	easy	0.0	0.008	699	400	282	332	50	14	1	32.29	32.29	32.29
juego3	easy	0.0	0.008	708	400	282	332	50	14	1	32.29	32.29	32.29
juego3	easy	0.0	0.008	717	400	282	332	50	14	1	32.29	32.29	32.29
juego3	easy	0.0	0.008	727	400	282	332	50	14	1	32.29	32.29	32.29
juego3	easy	0.0	0.008	736	400	282	332	50	14	1	32.29	32.29	32.29
juego3	easy	0.0	0.008	744	400	282	332	50	14	1	32.29	32.29	32.29
juego3	easy	0.0	0.008	752	400	282	332	50	14	1	32.29	32.29	32.29
juego3	easy	0.0	0.008	760	400	282	332	50	14	1	32.29	32.29	32.29
juego3	easy	0.0	0.008	768	400	282	332	50	14	1	32.29	32.29	32.29
juego3	easy	0.0	0.008	777	400	282	332	50	14	1	32.29	32.29	32.29
juego3	easy	0.0	0.008	787	400	282	332	50	14	1	32.29	32.29	32.29
juego3	easy	0.0	0.008	796	400	282	332	50	14	1	32.29	32.29	32.29
juego3	easy	0.0	0.008	805	400	282	332	50	14	1	32.29	32.29	32.29
juego3	easy	0.0	0.008	813	400	282	332	50	14	1	32.29	32.29	32.29
juego3	easy	0.0	0.008	822	400	282	332	50	14	1	32.29	32.29	32.29
juego3	easy	0.0	0.008	831	400	282	332	50	14	1	32.29	32.29	32.29
juego3	easy	0.0	0.008	839	400	282	332	50	14	1	32.29	32.29	32.29
juego3	easy	0.0	0.008	849	400	282	332	50	14	1	32.29	32.29	32.29
juego3	easy	0.0	0.008	858	400	282	332	50	14	1	32.29	32.29	32.29
juego3	easy	0.0	0.008	866	400	282	332	50	14	1	32.29	32.29	32.29
juego3	easy	0.0	0.008	876	400	282	332	50	14	1	32.29	32.29	32.29
juego3	easy	0.0	0.008	884	400	282	332	50	14	1	32.29	32.29	32.29
juego3	easy	0.0	0.008	892	400	282	332	50	14	1	32.29	32.29	32.29
juego3	easy	0.0	0.008	900	400	282	332	50	14	1	32.29	32.29	32.29
juego3	easy	0.0	0.008	909	400	282	332	50	14	1	32.29	32.29	32.29
juego3	easy	0.0	0.008	918	400	282	332	50	14	1	32.29	32.29	32.29
juego3	easy	0.0	0.008	927	400	282	332	50	14	1	32.29	32.29	32.29
juego3	easy	0.0	0.008	936	400	282	332	50	14	1	32.29	32.29	32.29
juego3	easy	0.0	0.008	944	400	282	332	50	14	1	32.29	32.29	32.29
juego3	easy	0.0	0.008	953	400	282	332	50	14	1	32.29	32.29	32.29
juego3	easy	0.0	0.008	962	400	282	332	50	14	1	32.29	32.29	32.29
juego3	easy	0.0	0.008	970	400	282	332	50	14	1	32.29	32.29	32.29
juego3	easy	0.0	0.008	979	400	282	332	50	14	1	32.29	32.29	32.29
juego3	easy	0.0	0.008	987	400	282	332	50	14	1	32.29	32.29	32.29
juego3	easy	0.0	0.008	996	400	282	332	50	14	1	32.29	32.29	32.29
juego3	easy	0.0	0.008	1005	400	282	332	50	14	1	32.29	32.29	32.29
juego3	easy	0.0	0.008	1014	400	282	332	50	14	1	32.29	32.29	32.29
juego3	easy	0.0	0.008	1024	400	282	332	50	14	1	32.29	32.29	32.29
juego3	easy	0.0	0.008	1031	400	282	332	50	14	1	32.29	32.29	32.29
juego3	easy	0.0	0.008	1040	400	282	332	50	14	1	32.29	32.29	32.29
juego3	easy	0.0	0.008	0	400	282	332	50	15	0	32.29	32.29	32.29
juego3	easy	-90.0	0.008	9	400	433	332	-101	15	0	32.29	32.29	32.29
juego3	easy	-90.0	0.008	17	400	433	332	-101	15	0	32.29	32.29	32.29
juego3	easy	-90.0	0.008	25	400	433	332	-101	15	0	32.29	32.29	32.29
juego3	easy	-90.0	0.008	35	400	433	332	-101	15	0	32.29	32.29	32.29
juego3	easy	-90.0	0.008	43	400	433	332	-101	15	0	32.29	32.29	32.29
juego3	easy	-90.0	0.008	52	400	433	332	-101	15	0	32.29	32.29	32.29
juego3	easy	-90.0	0.008	61	400	433	332	-101	15	0	32.29	32.29	32.29
juego3	easy	-90.0	0.008	70	400	433	332	-101	15	0	32.29	32.29	32.29
juego3	easy	-90.0	0.008	78	400	433	332	-101	15	0	32.29	32.29	32.29
juego3	easy	-90.0	0.008	87	400	433	332	-101	15	0	32.29	32.29	32.29
juego3	easy	-90.0	0.008	95	400	433	332	-101	15	0	32.29	32.29	32.29
juego3	easy	-90.0	0.008	105	400	433	332	-101	15	0	32.29	32.29	32.29
juego3	easy	-90.0	0.008	113	400	433	332	-101	15	0	32.29	32.29	32.29
juego3	easy	-90.0	0.008	122	400	433	332	-101	15	0	32.29	32.29	32.29
juego3	easy	-90.0	0.008	132	400	433	332	-101	15	0	32.29	32.29	32.29
juego3	easy	-90.0	0.008	140	400	433	332	-101	15	0	32.29	32.29	32.29
juego3	easy	-90.0	0.008	149	400	433	332	-101	15	0	32.29	32.29	32.29
juego3	easy	-90.0	0.008	158	400	433	332	-101	15	0	32.29	32.29	32.29
juego3	easy	-90.0	0.008	167	400	433	332	-101	15	0	32.3	32.3	32.3
juego3	easy	-90.0	0.008	176	400	433	332	-101	15	0	32.3	32.3	32.3
juego3	easy	-90.0	0.008	185	400	433	332	-101	15	0	32.3	32.3	32.3
juego3	easy	-90.0	0.008	193	400	433	332	-101	15	0	32.3	32.3	32.3
juego3	easy	-90.0	0.008	202	400	433	332	-101	15	0	32.3	32.3	32.3
juego3	easy	-90.0	0.008	211	400	433	332	-101	15	0	32.3	32.3	32.3
juego3	easy	-90.0	0.008	220	400	433	332	-101	15	0	32.3	32.3	32.3
juego3	easy	-90.0	0.008	228	400	433	332	-101	15	0	32.3	32.3	32.3
juego3	easy	-90.0	0.008	238	400	433	332	-101	15	0	32.3	32.3	32.3
juego3	easy	-90.0	0.008	246	400	433	332	-101	15	0	32.29	32.29	32.29
juego3	easy	-90.0	0.008	255	400	433	332	-101	15	0	32.29	32.29	32.29
juego3	easy	-90.0	0.008	263	400	433	332	-101	15	0	32.29	32.29	32.29
juego3	easy	-90.0	0.008	272	400	433	332	-101	15	0	32.29	32.29	32.29
juego3	easy	-90.0	0.008	280	400	433	332	-101	15	0	32.29	32.29	32.29
juego3	easy	-90.0	0.008	290	400	433	332	-101	15	0	32.29	32.29	32.29
juego3	easy	-90.0	0.008	298	400	433	332	-101	15	0	32.29	32.29	32.29
juego3	easy	-90.0	0.008	308	400	433	332	-101	15	0	32.29	32.29	32.29
juego3	easy	-90.0	0.008	317	400	433	332	-101	15	0	32.29	32.29	32.29
juego3	easy	-90.0	0.008	326	400	433	332	-101	15	0	32.29	32.29	32.29
juego3	easy	-90.0	0.008	336	400	433	332	-101	15	0	32.29	32.29	32.29
juego3	easy	-90.0	0.008	346	400	433	332	-101	15	0	32.29	32.29	32.29
juego3	easy	-90.0	0.008	354	400	433	332	-101	15	0	32.29	32.29	32.29
juego3	easy	-90.0	0.008	363	400	433	332	-101	15	0	32.28	32.28	32.28
juego3	easy	-90.0	0.008	372	400	433	332	-101	15	0	32.29	32.29	32.29
juego3	easy	-90.0	0.008	381	400	433	332	-101	15	0	32.29	32.29	32.29
juego3	easy	-90.0	0.008	391	400	433	332	-101	15	0	32.29	32.29	32.29
juego3	easy	-90.0	0.008	399	400	433	332	-101	15	0	32.29	32.29	32.29
juego3	easy	-90.0	0.008	409	400	433	332	-101	15	0	32.29	32.29	32.29
juego3	easy	-90.0	0.008	417	400	433	332	-101	15	0	32.29	32.29	32.29
juego3	easy	-90.0	0.008	426	400	433	332	-101	15	0	32.29	32.29	32.29
juego3	easy	-90.0	0.008	434	400	433	332	-101	15	0	32.29	32.29	32.29
juego3	easy	-90.0	0.008	444	400	433	332	-101	15	0	32.29	32.29	32.29
juego3	easy	-90.0	0.008	453	400	433	332	-101	15	0	32.29	32.29	32.29
juego3	easy	-90.0	0.008	461	400	433	332	-101	15	0	32.29	32.29	32.29
juego3	easy	-90.0	0.008	470	400	433	332	-101	15	0	32.29	32.29	32.29
juego3	easy	-90.0	0.008	478	400	433	332	-101	15	0	32.29	32.29	32.29
juego3	easy	-90.0	0.008	486	400	433	332	-101	15	0	32.29	32.29	32.29
juego3	easy	-90.0	0.008	495	400	433	332	-101	15	0	32.29	32.29	32.29
juego3	easy	-90.0	0.008	504	400	433	332	-101	15	0	32.29	32.29	32.29
juego3	easy	-90.0	0.008	513	400	433	332	-101	15	0	32.29	32.29	32.29
juego3	easy	-90.0	0.008	522	400	433	332	-101	15	0	32.29	32.29	32.29
juego3	easy	-90.0	0.008	531	400	433	332	-101	15	0	32.29	32.29	32.29
juego3	easy	-90.0	0.008	540	400	433	332	-101	15	0	32.29	32.29	32.29
juego3	easy	-90.0	0.008	549	400	433	332	-101	15	0	32.29	32.29	32.29
juego3	easy	-90.0	0.008	558	400	433	332	-101	15	0	32.29	32.29	32.29
juego3	easy	-90.0	0.008	567	400	433	332	-101	15	0	32.29	32.29	32.29
juego3	easy	-90.0	0.008	575	400	433	332	-101	15	0	32.29	32.29	32.29
juego3	easy	-90.0	0.008	585	400	433	332	-101	15	0	32.29	32.29	32.29
juego3	easy	-90.0	0.008	593	400	433	332	-101	15	0	32.29	32.29	32.29
juego3	easy	-90.0	0.008	602	400	433	332	-101	15	0	32.29	32.29	32.29
juego3	easy	-90.0	0.008	610	400	433	332	-101	15	0	32.29	32.29	32.29
juego3	easy	-90.0	0.008	620	400	433	332	-101	15	0	32.29	32.29	32.29
juego3	easy	-90.0	0.008	628	400	433	332	-101	15	0	32.29	32.29	32.29
juego3	easy	-90.0	0.008	637	400	433	332	-101	15	0	32.29	32.29	32.29
juego3	easy	-90.0	0.008	647	400	433	332	-101	15	0	32.29	32.29	32.29
juego3	easy	-90.0	0.008	655	400	433	332	-101	15	0	32.29	32.29	32.29
juego3	easy	-90.0	0.008	664	400	433	332	-101	15	0	32.29	32.29	32.29
juego3	easy	-90.0	0.008	673	400	433	332	-101	15	0	32.29	32.29	32.29
juego3	easy	-90.0	0.008	682	400	433	332	-101	15	0	32.29	32.29	32.29
juego3	easy	-90.0	0.008	691	400	433	332	-101	15	0	32.29	32.29	32.29
juego3	easy	-90.0	0.008	700	400	433	332	-101	15	0	32.29	32.29	32.29
juego3	easy	-90.0	0.008	709	400	433	332	-101	15	0	32.29	32.29	32.29
juego3	easy	-90.0	0.008	718	400	433	332	-101	15	0	32.29	32.29	32.29
juego3	easy	-90.0	0.008	726	400	433	332	-101	15	0	32.29	32.29	32.29
juego3	easy	-90.0	0.008	735	400	433	332	-101	15	0	32.29	32.29	32.29
juego3	easy	-90.0	0.008	743	400	433	332	-101	15	0	32.29	32.29	32.29
juego3	easy	-90.0	0.008	751	400	433	332	-101	15	0	32.29	32.29	32.29
juego3	easy	-90.0	0.008	760	400	433	332	-101	15	0	32.3	32.3	32.3
juego3	easy	-90.0	0.008	769	400	433	332	-101	15	0	32.3	32.3	32.3
juego3	easy	-90.0	0.008	779	400	433	332	-101	15	0	32.3	32.3	32.3
juego3	easy	-90.0	0.008	787	400	433	332	-101	15	0	32.29	32.29	32.29
juego3	easy	-90.0	0.008	796	400	433	332	-101	15	0	32.29	32.29	32.29
juego3	easy	-90.0	0.008	805	400	433	332	-101	15	0	32.29	32.29	32.29
juego3	easy	-90.0	0.008	815	400	433	332	-101	15	0	32.3	32.3	32.3
juego3	easy	-90.0	0.008	822	400	433	332	-101	15	0	32.29	32.29	32.29
juego3	easy	-90.0	0.008	831	400	433	332	-101	15	0	32.29	32.29	32.29
juego3	easy	-90.0	0.008	840	400	433	332	-101	15	0	32.29	32.29	32.29
juego3	easy	-90.0	0.008	850	400	433	332	-101	15	0	32.29	32.29	32.29
juego3	easy	-90.0	0.008	859	400	433	332	-101	15	0	32.29	32.29	32.29
juego3	easy	-90.0	0.008	868	400	433	332	-101	15	0	32.29	32.29	32.29
juego3	easy	-90.0	0.008	877	400	433	332	-101	15	0	32.29	32.29	32.29
juego3	easy	-90.0	0.008	886	400	433	332	-101	15	0	32.29	32.29	32.29
juego3	easy	-90.0	0.008	895	400	433	332	-101	15	0	32.29	32.29	32.29
juego3	easy	-90.0	0.008	904	400	433	332	-101	15	0	32.29	32.29	32.29
juego3	easy	-90.0	0.008	913	400	433	332	-101	15	0	32.29	32.29	32.29
juego3	easy	-90.0	0.008	922	400	433	332	-101	15	0	32.29	32.29	32.29
juego3	easy	-90.0	0.008	930	400	433	332	-101	15	0	32.29	32.29	32.29
juego3	easy	-90.0	0.008	939	400	433	332	-101	15	0	32.29	32.29	32.29
juego3	easy	-90.0	0.008	948	400	433	332	-101	15	0	32.29	32.29	32.29
juego3	easy	-90.0	0.008	957	400	433	332	-101	15	0	32.3	32.3	32.3
juego3	easy	-90.0	0.008	966	400	433	332	-101	15	0	32.29	32.29	32.29
juego3	easy	-90.0	0.008	975	400	433	332	-101	15	0	32.29	32.29	32.29
juego3	easy	-90.0	0.008	984	400	433	332	-101	15	0	32.29	32.29	32.29
juego3	easy	-90.0	0.008	992	400	433	332	-101	15	0	32.3	32.3	32.3
juego3	easy	-90.0	0.008	1001	400	433	332	-101	15	0	32.3	32.3	32.3
juego3	easy	-90.0	0.008	1010	400	433	332	-101	15	0	32.3	32.3	32.3
juego3	easy	-90.0	0.008	1019	400	433	332	-101	15	0	32.3	32.3	32.3
juego3	easy	-90.0	0.008	1028	400	433	332	-101	15	0	32.3	32.3	32.3
juego3	easy	-90.0	0.008	1038	400	433	332	-101	15	0	32.3	32.3	32.3
juego3	easy	-90.0	0.008	0	400	433	332	-101	16	1	32.3	32.3	32.3
juego3	easy	0.0	0.008	9	400	282	332	50	16	1	32.3	32.3	32.3
juego3	easy	0.0	0.008	17	400	282	332	50	16	1	32.3	32.3	32.3
juego3	easy	0.0	0.008	27	400	282	332	50	16	1	32.29	32.29	32.29
juego3	easy	0.0	0.008	36	400	282	332	50	16	1	32.29	32.29	32.29
juego3	easy	0.0	0.008	44	400	282	332	50	16	1	32.29	32.29	32.29
juego3	easy	0.0	0.008	53	400	282	332	50	16	1	32.3	32.3	32.3
juego3	easy	0.0	0.008	62	400	282	332	50	16	1	32.3	32.3	32.3
juego3	easy	0.0	0.008	71	400	282	332	50	16	1	32.3	32.3	32.3
juego3	easy	0.0	0.008	80	400	282	332	50	16	1	32.29	32.29	32.29
juego3	easy	0.0	0.008	88	400	282	332	50	16	1	32.3	32.3	32.3
juego3	easy	0.0	0.008	97	400	282	332	50	16	1	32.3	32.3	32.3
juego3	easy	0.0	0.008	106	400	282	332	50	16	1	32.29	32.29	32.29
juego3	easy	0.0	0.008	114	400	282	332	50	16	1	32.29	32.29	32.29
juego3	easy	0.0	0.008	122	400	282	332	50	16	1	32.29	32.29	32.29
juego3	easy	0.0	0.008	130	400	282	332	50	16	1	32.29	32.29	32.29
juego3	easy	0.0	0.008	139	400	282	332	50	16	1	32.3	32.3	32.3
juego3	easy	0.0	0.008	148	400	282	332	50	16	1	32.3	32.3	32.3
juego3	easy	0.0	0.008	157	400	282	332	50	16	1	32.3	32.3	32.3
juego3	easy	0.0	0.008	166	400	282	332	50	16	1	32.3	32.3	32.3
juego3	easy	0.0	0.008	175	400	282	332	50	16	1	32.3	32.3	32.3
juego3	easy	0.0	0.008	183	400	282	332	50	16	1	32.3	32.3	32.3
juego3	easy	0.0	0.008	192	400	282	332	50	16	1	32.3	32.3	32.3
juego3	easy	0.0	0.008	201	400	282	332	50	16	1	32.3	32.3	32.3
juego3	easy	0.0	0.008	209	400	282	332	50	16	1	32.3	32.3	32.3
juego3	easy	0.0	0.008	218	400	282	332	50	16	1	32.31	32.31	32.31
juego3	easy	0.0	0.008	227	400	282	332	50	16	1	32.3	32.3	32.3
juego3	easy	0.0	0.008	235	400	282	332	50	16	1	32.31	32.31	32.31
juego3	easy	0.0	0.008	244	400	282	332	50	16	1	32.31	32.31	32.31
juego3	easy	0.0	0.008	253	400	282	332	50	16	1	32.3	32.3	32.3
juego3	easy	0.0	0.008	262	400	282	332	50	16	1	32.3	32.3	32.3
juego3	easy	0.0	0.008	270	400	282	332	50	16	1	32.3	32.3	32.3
juego3	easy	0.0	0.008	279	400	282	332	50	16	1	32.31	32.31	32.31
juego3	easy	0.0	0.008	288	400	282	332	50	16	1	32.31	32.31	32.31
juego3	easy	0.0	0.008	296	400	282	332	50	16	1	32.31	32.31	32.31
juego3	easy	0.0	0.008	306	400	282	332	50	16	1	32.31	32.31	32.31
juego3	easy	0.0	0.008	315	400	282	332	50	16	1	32.31	32.31	32.31
juego3	easy	0.0	0.008	324	400	282	332	50	16	1	32.31	32.31	32.31
juego3	easy	0.0	0.008	332	400	282	332	50	16	1	32.31	32.31	32.31
juego3	easy	0.0	0.008	341	400	282	332	50	16	1	32.31	32.31	32.31
juego3	easy	0.0	0.008	350	400	282	332	50	16	1	32.31	32.31	32.31
juego3	easy	0.0	0.008	360	400	282	332	50	16	1	32.31	32.31	32.31
juego3	easy	0.0	0.008	368	400	282	332	50	16	1	32.31	32.31	32.31
juego3	easy	0.0	0.008	375	400	282	332	50	16	1	32.32	32.32	32.32
juego3	easy	0.0	0.008	384	400	282	332	50	16	1	32.32	32.32	32.32
juego3	easy	0.0	0.008	392	400	282	332	50	16	1	32.32	32.32	32.32
juego3	easy	0.0	0.008	401	400	282	332	50	16	1	32.32	32.32	32.32
juego3	easy	0.0	0.008	411	400	282	332	50	16	1	32.32	32.32	32.32
juego3	easy	0.0	0.008	419	400	282	332	50	16	1	32.32	32.32	32.32
juego3	easy	0.0	0.008	428	400	282	332	50	16	1	32.32	32.32	32.32
juego3	easy	0.0	0.008	436	400	282	332	50	16	1	32.32	32.32	32.32
juego3	easy	0.0	0.008	444	400	282	332	50	16	1	32.32	32.32	32.32
juego3	easy	0.0	0.008	452	400	282	332	50	16	1	32.32	32.32	32.32
juego3	easy	0.0	0.008	460	400	282	332	50	16	1	32.32	32.32	32.32
juego3	easy	0.0	0.008	469	400	282	332	50	16	1	32.32	32.32	32.32
juego3	easy	0.0	0.008	479	400	282	332	50	16	1	32.32	32.32	32.32
juego3	easy	0.0	0.008	487	400	282	332	50	16	1	32.32	32.32	32.32
juego3	easy	0.0	0.008	496	400	282	332	50	16	1	32.32	32.32	32.32
juego3	easy	0.0	0.008	505	400	282	332	50	16	1	32.32	32.32	32.32
juego3	easy	0.0	0.008	514	400	282	332	50	16	1	32.32	32.32	32.32
juego3	easy	0.0	0.008	523	400	282	332	50	16	1	32.32	32.32	32.32
juego3	easy	0.0	0.008	531	400	282	332	50	16	1	32.32	32.32	32.32
juego3	easy	0.0	0.008	540	400	282	332	50	16	1	32.32	32.32	32.32
juego3	easy	0.0	0.008	549	400	282	332	50	16	1	32.32	32.32	32.32
juego3	easy	0.0	0.008	558	400	282	332	50	16	1	32.32	32.32	32.32
juego3	easy	0.0	0.008	568	400	282	332	50	16	1	32.32	32.32	32.32
juego3	easy	0.0	0.008	577	400	282	332	50	16	1	32.32	32.32	32.32
juego3	easy	0.0	0.008	585	400	282	332	50	16	1	32.32	32.32	32.32
juego3	easy	0.0	0.008	594	400	282	332	50	16	1	32.32	32.32	32.32
juego3	easy	0.0	0.008	603	400	282	332	50	16	1	32.32	32.32	32.32
juego3	easy	0.0	0.008	613	400	282	332	50	16	1	32.32	32.32	32.32
juego3	easy	0.0	0.008	621	400	282	332	50	16	1	32.33	32.33	32.33
juego3	easy	0.0	0.008	630	400	282	332	50	16	1	32.33	32.33	32.33
juego3	easy	0.0	0.008	640	400	282	332	50	16	1	32.33	32.33	32.33
juego3	easy	0.0	0.008	648	400	282	332	50	16	1	32.33	32.33	32.33
juego3	easy	0.0	0.008	657	400	282	332	50	16	1	32.33	32.33	32.33
juego3	easy	0.0	0.008	667	400	282	332	50	16	1	32.33	32.33	32.33
juego3	easy	0.0	0.008	675	400	282	332	50	16	1	32.33	32.33	32.33
juego3	easy	0.0	0.008	685	400	282	332	50	16	1	32.32	32.32	32.32
juego3	easy	0.0	0.008	693	400	282	332	50	16	1	32.33	32.33	32.33
juego3	easy	0.0	0.008	700	400	282	332	50	16	1	32.33	32.33	32.33
juego3	easy	0.0	0.008	710	400	282	332	50	16	1	32.33	32.33	32.33
juego3	easy	0.0	0.008	718	400	282	332	50	16	1	32.33	32.33	32.33
juego3	easy	0.0	0.008	727	400	282	332	50	16	1	32.33	32.33	32.33
juego3	easy	0.0	0.008	736	400	282	332	50	16	1	32.33	32.33	32.33
juego3	easy	0.0	0.008	744	400	282	332	50	16	1	32.33	32.33	32.33
juego3	easy	0.0	0.008	753	400	282	332	50	16	1	32.33	32.33	32.33
juego3	easy	0.0	0.008	762	400	282	332	50	16	1	32.33	32.33	32.33
juego3	easy	0.0	0.008	772	400	282	332	50	16	1	32.33	32.33	32.33
juego3	easy	0.0	0.008	780	400	282	332	50	16	1	32.33	32.33	32.33
juego3	easy	0.0	0.008	789	400	282	332	50	16	1	32.33	32.33	32.33
juego3	easy	0.0	0.008	798	400	282	332	50	16	1	32.32	32.32	32.32
juego3	easy	0.0	0.008	807	400	282	332	50	16	1	32.33	32.33	32.33
juego3	easy	0.0	0.008	816	400	282	332	50	16	1	32.32	32.32	32.32
juego3	easy	0.0	0.008	825	400	282	332	50	16	1	32.33	32.33	32.33
juego3	easy	0.0	0.008	835	400	282	332	50	16	1	32.33	32.33	32.33
juego3	easy	0.0	0.008	843	400	282	332	50	16	1	32.32	32.32	32.32
juego3	easy	0.0	0.008	852	400	282	332	50	16	1	32.33	32.33	32.33
juego3	easy	0.0	0.008	861	400	282	332	50	16	1	32.33	32.33	32.33
juego3	easy	0.0	0.008	869	400	282	332	50	16	1	32.33	32.33	32.33
juego3	easy	0.0	0.008	878	400	282	332	50	16	1	32.33	32.33	32.33
juego3	easy	0.0	0.008	888	400	282	332	50	16	1	32.33	32.33	32.33
juego3	easy	0.0	0.008	896	400	282	332	50	16	1	32.33	32.33	32.33
juego3	easy	0.0	0.008	905	400	282	332	50	16	1	32.33	32.33	32.33
juego3	easy	0.0	0.008	914	400	282	332	50	16	1	32.33	32.33	32.33
juego3	easy	0.0	0.008	923	400	282	332	50	16	1	32.33	32.33	32.33
juego3	easy	0.0	0.008	931	400	282	332	50	16	1	32.32	32.32	32.32
juego3	easy	0.0	0.008	940	400	282	332	50	16	1	32.32	32.32	32.32
juego3	easy	0.0	0.008	950	400	282	332	50	16	1	32.32	32.32	32.32
juego3	easy	0.0	0.008	958	400	282	332	50	16	1	32.32	32.32	32.32
juego3	easy	0.0	0.008	967	400	282	332	50	16	1	32.32	32.32	32.32
juego3	easy	0.0	0.008	976	400	282	332	50	16	1	32.32	32.32	32.32
juego3	easy	0.0	0.008	986	400	282	332	50	16	1	32.32	32.32	32.32
juego3	easy	0.0	0.008	993	400	282	332	50	16	1	32.32	32.32	32.32
juego3	easy	0.0	0.008	1003	400	282	332	50	16	1	32.32	32.32	32.32
juego3	easy	0.0	0.008	1011	400	282	332	50	16	1	32.32	32.32	32.32
juego3	easy	0.0	0.008	1020	400	282	332	50	16	1	32.32	32.32	32.32
juego3	easy	0.0	0.008	1030	400	282	332	50	16	1	32.32	32.32	32.32
juego3	easy	0.0	0.008	1038	400	282	332	50	16	1	32.32	32.32	32.32
juego3	easy	0.0	0.008	0	400	282	332	50	17	1	32.32	32.32	32.32
juego3	easy	40.0	0.008	9	400	230	332	102	17	1	32.32	32.32	32.32
juego3	easy	40.0	0.008	17	400	230	332	102	17	1	32.32	32.32	32.32
juego3	easy	40.0	0.008	24	400	230	332	102	17	1	32.32	32.32	32.32
juego3	easy	40.0	0.008	33	400	230	332	102	17	1	32.32	32.32	32.32
juego3	easy	40.0	0.008	42	400	230	332	102	17	1	32.32	32.32	32.32
juego3	easy	40.0	0.008	51	400	230	332	102	17	1	32.32	32.32	32.32
juego3	easy	40.0	0.008	60	400	230	332	102	17	1	32.32	32.32	32.32
juego3	easy	40.0	0.008	69	400	230	332	102	17	1	32.32	32.32	32.32
juego3	easy	40.0	0.008	77	400	230	332	102	17	1	32.32	32.32	32.32
juego3	easy	40.0	0.008	85	400	230	332	102	17	1	32.32	32.32	32.32
juego3	easy	40.0	0.008	94	400	230	332	102	17	1	32.32	32.32	32.32
juego3	easy	40.0	0.008	103	400	230	332	102	17	1	32.32	32.32	32.32
juego3	easy	40.0	0.008	113	400	230	332	102	17	1	32.32	32.32	32.32
juego3	easy	40.0	0.008	121	400	230	332	102	17	1	32.32	32.32	32.32
juego3	easy	40.0	0.008	130	400	230	332	102	17	1	32.32	32.32	32.32
juego3	easy	40.0	0.008	139	400	230	332	102	17	1	32.32	32.32	32.32
juego3	easy	40.0	0.008	147	400	230	332	102	17	1	32.32	32.32	32.32
juego3	easy	40.0	0.008	156	400	230	332	102	17	1	32.32	32.32	32.32
juego3	easy	40.0	0.008	165	400	230	332	102	17	1	32.32	32.32	32.32
juego3	easy	40.0	0.008	173	400	230	332	102	17	1	32.31	32.31	32.31
juego3	easy	40.0	0.008	182	400	230	332	102	17	1	32.32	32.32	32.32
juego3	easy	40.0	0.008	190	400	230	332	102	17	1	32.32	32.32	32.32
juego3	easy	40.0	0.008	198	400	230	332	102	17	1	32.32	32.32	32.32
juego3	easy	40.0	0.008	208	400	230	332	102	17	1	32.32	32.32	32.32
juego3	easy	40.0	0.008	216	400	230	332	102	17	1	32.32	32.32	32.32
juego3	easy	40.0	0.008	225	400	230	332	102	17	1	32.32	32.32	32.32
juego3	easy	40.0	0.008	233	400	230	332	102	17	1	32.32	32.32	32.32
juego3	easy	40.0	0.008	243	400	230	332	102	17	1	32.32	32.32	32.32
juego3	easy	40.0	0.008	252	400	230	332	102	17	1	32.32	32.32	32.32
juego3	easy	40.0	0.008	261	400	230	332	102	17	1	32.32	32.32	32.32
juego3	easy	40.0	0.008	270	400	230	332	102	17	1	32.32	32.32	32.32
juego3	easy	40.0	0.008	279	400	230	332	102	17	1	32.32	32.32	32.32
juego3	easy	40.0	0.008	287	400	230	332	102	17	1	32.32	32.32	32.32
juego3	easy	40.0	0.008	296	400	230	332	102	17	1	32.32	32.32	32.32
juego3	easy	40.0	0.008	305	400	230	332	102	17	1	32.32	32.32	32.32
juego3	easy	40.0	0.008	313	400	230	332	102	17	1	32.32	32.32	32.32
juego3	easy	40.0	0.008	322	400	230	332	102	17	1	32.32	32.32	32.32
juego3	easy	40.0	0.008	331	400	230	332	102	17	1	32.32	32.32	32.32
juego3	easy	40.0	0.008	339	400	230	332	102	17	1	32.32	32.32	32.32
juego3	easy	40.0	0.008	347	400	230	332	102	17	1	32.32	32.32	32.32
juego3	easy	40.0	0.008	357	400	230	332	102	17	1	32.32	32.32	32.32
juego3	easy	40.0	0.008	365	400	230	332	102	17	1	32.32	32.32	32.32
juego3	easy	40.0	0.008	374	400	230	332	102	17	1	32.32	32.32	32.32
juego3	easy	40.0	0.008	382	400	230	332	102	17	1	32.32	32.32	32.32
juego3	easy	40.0	0.008	391	400	230	332	102	17	1	32.32	32.32	32.32
juego3	easy	40.0	0.008	399	400	230	332	102	17	1	32.32	32.32	32.32
juego3	easy	40.0	0.008	408	400	230	332	102	17	1	32.32	32.32	32.32
juego3	easy	40.0	0.008	417	400	230	332	102	17	1	32.32	32.32	32.32
juego3	easy	40.0	0.008	426	400	230	332	102	17	1	32.32	32.32	32.32
juego3	easy	40.0	0.008	434	400	230	332	102	17	1	32.32	32.32	32.32
juego3	easy	40.0	0.008	443	400	230	332	102	17	1	32.31	32.31	32.31
juego3	easy	40.0	0.008	452	400	230	332	102	17	1	32.32	32.32	32.32
juego3	easy	40.0	0.008	460	400	230	332	102	17	1	32.31	32.31	32.31
juego3	easy	40.0	0.008	469	400	230	332	102	17	1	32.32	32.32	32.32
juego3	easy	40.0	0.008	478	400	230	332	102	17	1	32.31	32.31	32.31
juego3	easy	40.0	0.008	486	400	230	332	102	17	1	32.31	32.31	32.31
juego3	easy	40.0	0.008	494	400	230	332	102	17	1	32.31	32.31	32.31
juego3	easy	40.0	0.008	503	400	230	332	102	17	1	32.31	32.31	32.31
juego3	easy	40.0	0.008	511	400	230	332	102	17	1	32.31	32.31	32.31
juego3	easy	40.0	0.008	521	400	230	332	102	17	1	32.31	32.31	32.31
juego3	easy	40.0	0.008	529	400	230	332	102	17	1	32.31	32.31	32.31
juego3	easy	40.0	0.008	539	400	230	332	102	17	1	32.31	32.31	32.31
juego3	easy	40.0	0.008	547	400	230	332	102	17	1	32.31	32.31	32.31
juego3	easy	40.0	0.008	557	400	230	332	102	17	1	32.3	32.3	32.3
juego3	easy	40.0	0.008	565	400	230	332	102	17	1	32.31	32.31	32.31
juego3	easy	40.0	0.008	574	400	230	332	102	17	1	32.31	32.31	32.31
juego3	easy	40.0	0.008	583	400	230	332	102	17	1	32.31	32.31	32.31
juego3	easy	40.0	0.008	591	400	230	332	102	17	1	32.31	32.31	32.31
juego3	easy	40.0	0.008	600	400	230	332	102	17	1	32.3	32.3	32.3
juego3	easy	40.0	0.008	609	400	230	332	102	17	1	32.3	32.3	32.3
juego3	easy	40.0	0.008	617	400	230	332	102	17	1	32.3	32.3	32.3
juego3	easy	40.0	0.008	626	400	230	332	102	17	1	32.3	32.3	32.3
juego3	easy	40.0	0.008	635	400	230	332	102	17	1	32.3	32.3	32.3
juego3	easy	40.0	0.008	644	400	230	332	102	17	1	32.3	32.3	32.3
juego3	easy	40.0	0.008	652	400	230	332	102	17	1	32.3	32.3	32.3
juego3	easy	40.0	0.008	661	400	230	332	102	17	1	32.3	32.3	32.3
juego3	easy	40.0	0.008	670	400	230	332	102	17	1	32.3	32.3	32.3
juego3	easy	40.0	0.008	679	400	230	332	102	17	1	32.31	32.31	32.31
juego3	easy	40.0	0.008	688	400	230	332	102	17	1	32.31	32.31	32.31
juego3	easy	40.0	0.008	696	400	230	332	102	17	1	32.31	32.31	32.31
juego3	easy	40.0	0.008	705	400	230	332	102	17	1	32.31	32.31	32.31
juego3	easy	40.0	0.008	715	400	230	332	102	17	1	32.31	32.31	32.31
juego3	easy	40.0	0.008	724	400	230	332	102	17	1	32.31	32.31	32.31
juego3	easy	40.0	0.008	732	400	230	332	102	17	1	32.31	32.31	32.31
juego3	easy	40.0	0.008	741	400	230	332	102	17	1	32.31	32.31	32.31
juego3	easy	40.0	0.008	750	400	230	332	102	17	1	32.3	32.3	32.3
juego3	easy	40.0	0.008	759	400	230	332	102	17	1	32.3	32.3	32.3
juego3	easy	40.0	0.008	768	400	230	332	102	17	1	32.3	32.3	32.3
juego3	easy	40.0	0.008	778	400	230	332	102	17	1	32.3	32.3	32.3
juego3	easy	40.0	0.008	786	400	230	332	102	17	1	32.31	32.31	32.31
juego3	easy	40.0	0.008	795	400	230	332	102	17	1	32.31	32.31	32.31
juego3	easy	40.0	0.008	804	400	230	332	102	17	1	32.31	32.31	32.31
juego3	easy	40.0	0.008	813	400	230	332	102	17	1	32.31	32.31	32.31
juego3	easy	40.0	0.008	822	400	230	332	102	17	1	32.31	32.31	32.31
juego3	easy	40.0	0.008	830	400	230	332	102	17	1	32.31	32.31	32.31
juego3	easy	40.0	0.008	838	400	230	332	102	17	1	32.31	32.31	32.31
juego3	easy	40.0	0.008	847	400	230	332	102	17	1	32.31	32.31	32.31
juego3	easy	40.0	0.008	855	400	230	332	102	17	1	32.31	32.31	32.31
juego3	easy	40.0	0.008	864	400	230	332	102	17	1	32.31	32.31	32.31
juego3	easy	40.0	0.008	873	400	230	332	102	17	1	32.31	32.31	32.31
juego3	easy	40.0	0.008	881	400	230	332	102	17	1	32.31	32.31	32.31
juego3	easy	40.0	0.008	889	400	230	332	102	17	1	32.31	32.31	32.31
juego3	easy	40.0	0.008	897	400	230	332	102	17	1	32.31	32.31	32.31
juego3	easy	40.0	0.008	906	400	230	332	102	17	1	32.31	32.31	32.31
juego3	easy	40.0	0.008	914	400	230	332	102	17	1	32.31	32.31	32.31
juego3	easy	40.0	0.008	923	400	230	332	102	17	1	32.31	32.31	32.31
juego3	easy	40.0	0.008	932	400	230	332	102	17	1	32.31	32.31	32.31
juego3	easy	40.0	0.008	940	400	230	332	102	17	1	32.31	32.31	32.31
juego3	easy	40.0	0.008	948	400	230	332	102	17	1	32.31	32.31	32.31
juego3	easy	40.0	0.008	957	400	230	332	102	17	1	32.31	32.31	32.31
juego3	easy	40.0	0.008	966	400	230	332	102	17	1	32.32	32.32	32.32
juego3	easy	40.0	0.008	975	400	230	332	102	17	1	32.32	32.32	32.32
juego3	easy	40.0	0.008	983	400	230	332	102	17	1	32.32	32.32	32.32
juego3	easy	40.0	0.008	992	400	230	332	102	17	1	32.31	32.31	32.31
juego3	easy	40.0	0.008	1002	400	230	332	102	17	1	32.31	32.31	32.31
juego3	easy	40.0	0.008	1011	400	230	332	102	17	1	32.32	32.32	32.32
juego3	easy	40.0	0.008	1019	400	230	332	102	17	1	32.31	32.31	32.31
juego3	easy	40.0	0.008	1028	400	230	332	102	17	1	32.31	32.31	32.31
juego3	easy	40.0	0.008	1038	400	230	332	102	17	1	32.32	32.32	32.32
juego3	easy	40.0	0.008	0	400	230	332	102	18	1	32.31	32.31	32.31
juego3	easy	0.0	0.008	10	400	282	332	50	18	1	32.31	32.31	32.31
juego3	easy	0.0	0.008	17	400	282	332	50	18	1	32.3	32.3	32.3
juego3	easy	0.0	0.008	25	400	282	332	50	18	1	32.3	32.3	32.3
juego3	easy	0.0	0.008	1026	400	282	332	50	18	1	32.3	32.3	32.3
juego3	easy	0.0	0.008	1035	400	282	332	50	18	1	32.3	32.3	32.3
juego3	easy	0.0	0.008	1043	400	282	332	50	18	1	32.31	32.31	32.31
juego3	easy	0.0	0.008	1052	400	282	332	50	18	1	32.31	32.31	32.31
juego3	easy	0.0	0.008	0	400	282	332	50	19	0	32.31	32.31	32.31
juego3	easy	40.0	0.008	8	400	230	332	102	19	0	32.31	32.31	32.31
juego3	easy	40.0	0.008	16	400	230	332	102	19	0	32.31	32.31	32.31
juego3	easy	40.0	0.008	1021	400	230	332	102	19	0	32.31	32.31	32.31
juego3	easy	40.0	0.008	1029	400	230	332	102	19	0	32.31	32.31	32.31
juego3	easy	40.0	0.008	1037	400	230	332	102	19	0	32.31	32.31	32.31
juego3	easy	40.0	0.008	1045	400	230	332	102	19	0	32.31	32.31	32.31
juego3	easy	40.0	0.008	1054	400	230	332	102	19	0	32.31	32.31	32.31
juego3	easy	40.0	0.008	1063	400	230	332	102	19	0	32.31	32.31	32.31
juego3	easy	40.0	0.008	1072	400	230	332	102	19	0	32.31	32.31	32.31
juego3	easy	40.0	0.008	1080	400	230	332	102	19	0	32.31	32.31	32.31
juego3	easy	40.0	0.008	1089	400	230	332	102	19	0	32.31	32.31	32.31
juego3	easy	40.0	0.008	1097	400	230	332	102	19	0	32.31	32.31	32.31
juego3	easy	40.0	0.008	1105	400	230	332	102	19	0	32.31	32.31	32.31
juego3	easy	40.0	0.008	1114	400	230	332	102	19	0	32.31	32.31	32.31
juego3	easy	40.0	0.008	1122	400	230	332	102	19	0	32.31	32.31	32.31
juego3	easy	40.0	0.008	1132	400	230	332	102	19	0	32.31	32.31	32.31
juego3	easy	40.0	0.008	1140	400	230	332	102	19	0	32.31	32.31	32.31
juego3	easy	40.0	0.008	1148	400	230	332	102	19	0	32.31	32.31	32.31
juego3	easy	40.0	0.008	1157	400	230	332	102	19	0	32.31	32.31	32.31
juego3	easy	40.0	0.008	1166	400	230	332	102	19	0	32.31	32.31	32.31
juego3	easy	40.0	0.008	1175	400	230	332	102	19	0	32.3	32.3	32.3
juego3	easy	40.0	0.008	1184	400	230	332	102	19	0	32.31	32.31	32.31
juego3	easy	40.0	0.008	1193	400	230	332	102	19	0	32.31	32.31	32.31
juego3	easy	40.0	0.008	1203	400	230	332	102	19	0	32.31	32.31	32.31
juego3	easy	40.0	0.008	1211	400	230	332	102	19	0	32.31	32.31	32.31
juego3	easy	40.0	0.008	1219	400	230	332	102	19	0	32.31	32.31	32.31
juego3	easy	40.0	0.008	1228	400	230	332	102	19	0	32.31	32.31	32.31
juego3	easy	40.0	0.008	1236	400	230	332	102	19	0	32.31	32.31	32.31
juego3	easy	40.0	0.008	1245	400	230	332	102	19	0	32.31	32.31	32.31
juego3	easy	40.0	0.008	1253	400	230	332	102	19	0	32.3	32.3	32.3
juego3	easy	40.0	0.008	1261	400	230	332	102	19	0	32.31	32.31	32.31
juego3	easy	40.0	0.008	1269	400	230	332	102	19	0	32.3	32.3	32.3
juego3	easy	40.0	0.008	1278	400	230	332	102	19	0	32.3	32.3	32.3
juego3	easy	40.0	0.008	1286	400	230	332	102	19	0	32.3	32.3	32.3
juego3	easy	40.0	0.008	1295	400	230	332	102	19	0	32.3	32.3	32.3
juego3	easy	40.0	0.008	1305	400	230	332	102	19	0	32.3	32.3	32.3
juego3	easy	40.0	0.008	1313	400	230	332	102	19	0	32.31	32.31	32.31
juego3	easy	40.0	0.008	1323	400	230	332	102	19	0	32.31	32.31	32.31
juego3	easy	40.0	0.008	1331	400	230	332	102	19	0	32.3	32.3	32.3
juego3	easy	40.0	0.008	1340	400	230	332	102	19	0	32.31	32.31	32.31
juego3	easy	40.0	0.008	1349	400	230	332	102	19	0	32.31	32.31	32.31
juego3	easy	40.0	0.008	1358	400	230	332	102	19	0	32.31	32.31	32.31
juego3	easy	40.0	0.008	1366	400	230	332	102	19	0	32.3	32.3	32.3
juego3	easy	40.0	0.008	1375	400	230	332	102	19	0	32.31	32.31	32.31
juego3	easy	40.0	0.008	1384	400	230	332	102	19	0	32.3	32.3	32.3
juego3	easy	40.0	0.008	1393	400	230	332	102	19	0	32.3	32.3	32.3
juego3	easy	40.0	0.008	1402	400	230	332	102	19	0	32.31	32.31	32.31
juego3	easy	40.0	0.008	1410	400	230	332	102	19	0	32.31	32.31	32.31
juego3	easy	40.0	0.008	1419	400	230	332	102	19	0	32.31	32.31	32.31
juego3	easy	40.0	0.008	1428	400	230	332	102	19	0	32.31	32.31	32.31
juego3	easy	40.0	0.008	1437	400	230	332	102	19	0	32.31	32.31	32.31
juego3	easy	40.0	0.008	1445	400	230	332	102	19	0	32.31	32.31	32.31
juego3	easy	40.0	0.008	1454	400	230	332	102	19	0	32.31	32.31	32.31
juego3	easy	40.0	0.008	1462	400	230	332	102	19	0	32.31	32.31	32.31
juego3	easy	40.0	0.008	1472	400	230	332	102	19	0	32.31	32.31	32.31
juego3	easy	40.0	0.008	1480	400	230	332	102	19	0	32.3	32.3	32.3
juego3	easy	40.0	0.008	1490	400	230	332	102	19	0	32.31	32.31	32.31
juego3	easy	40.0	0.008	1498	400	230	332	102	19	0	32.3	32.3	32.3
juego3	easy	40.0	0.008	1506	400	230	332	102	19	0	32.31	32.31	32.31
juego3	easy	40.0	0.008	1515	400	230	332	102	19	0	32.3	32.3	32.3
juego3	easy	40.0	0.008	1525	400	230	332	102	19	0	32.3	32.3	32.3
juego3	easy	40.0	0.008	1534	400	230	332	102	19	0	32.3	32.3	32.3
juego3	easy	40.0	0.008	1542	400	230	332	102	19	0	32.3	32.3	32.3
juego3	easy	40.0	0.008	1551	400	230	332	102	19	0	32.3	32.3	32.3
juego3	easy	40.0	0.008	1559	400	230	332	102	19	0	32.3	32.3	32.3
juego3	easy	40.0	0.008	1568	400	230	332	102	19	0	32.3	32.3	32.3
juego3	easy	40.0	0.008	1577	400	230	332	102	19	0	32.3	32.3	32.3
juego3	easy	40.0	0.008	1585	400	230	332	102	19	0	32.3	32.3	32.3
juego3	easy	40.0	0.008	1594	400	230	332	102	19	0	32.3	32.3	32.3
juego3	easy	40.0	0.008	1605	400	230	332	102	19	0	32.3	32.3	32.3
juego3	easy	40.0	0.008	1612	400	230	332	102	19	0	32.3	32.3	32.3
juego3	easy	40.0	0.008	1621	400	230	332	102	19	0	32.3	32.3	32.3
juego3	easy	40.0	0.008	1629	400	230	332	102	19	0	32.3	32.3	32.3
juego3	easy	40.0	0.008	1637	400	230	332	102	19	0	32.3	32.3	32.3
juego3	easy	40.0	0.008	1645	400	230	332	102	19	0	32.3	32.3	32.3
juego3	easy	40.0	0.008	1653	400	230	332	102	19	0	32.3	32.3	32.3
juego3	easy	40.0	0.008	1662	400	230	332	102	19	0	32.3	32.3	32.3
juego3	easy	40.0	0.008	1670	400	230	332	102	19	0	32.3	32.3	32.3
juego3	easy	40.0	0.008	1679	400	230	332	102	19	0	32.31	32.31	32.31
juego3	easy	40.0	0.008	1688	400	230	332	102	19	0	32.3	32.3	32.3
juego3	easy	40.0	0.008	1695	400	230	332	102	19	0	32.3	32.3	32.3
juego3	easy	40.0	0.008	1704	400	230	332	102	19	0	32.3	32.3	32.3
juego3	easy	40.0	0.008	1713	400	230	332	102	19	0	32.3	32.3	32.3
juego3	easy	40.0	0.008	1721	400	230	332	102	19	0	32.31	32.31	32.31
juego3	easy	40.0	0.008	1730	400	230	332	102	19	0	32.3	32.3	32.3
juego3	easy	40.0	0.008	1739	400	230	332	102	19	0	32.31	32.31	32.31
juego3	easy	40.0	0.008	1749	400	230	332	102	19	0	32.31	32.31	32.31
juego3	easy	40.0	0.008	1758	400	230	332	102	19	0	32.31	32.31	32.31
juego3	easy	40.0	0.008	1766	400	230	332	102	19	0	32.31	32.31	32.31
juego3	easy	40.0	0.008	1774	400	230	332	102	19	0	32.31	32.31	32.31
juego3	easy	40.0	0.008	1783	400	230	332	102	19	0	32.3	32.3	32.3
juego3	easy	40.0	0.008	1791	400	230	332	102	19	0	32.31	32.31	32.31
juego3	easy	40.0	0.008	1800	400	230	332	102	19	0	32.31	32.31	32.31
juego3	easy	40.0	0.008	1808	400	230	332	102	19	0	32.3	32.3	32.3
juego3	easy	40.0	0.008	1816	400	230	332	102	19	0	32.3	32.3	32.3
juego3	easy	40.0	0.008	1826	400	230	332	102	19	0	32.3	32.3	32.3
juego3	easy	40.0	0.008	1833	400	230	332	102	19	0	32.31	32.31	32.31
juego3	easy	40.0	0.008	1842	400	230	332	102	19	0	32.3	32.3	32.3
juego3	easy	40.0	0.008	1853	400	230	332	102	19	0	32.31	32.31	32.31
juego3	easy	40.0	0.008	1862	400	230	332	102	19	0	32.31	32.31	32.31
juego3	easy	40.0	0.008	1872	400	230	332	102	19	0	32.31	32.31	32.31
juego3	easy	40.0	0.008	1881	400	230	332	102	19	0	32.31	32.31	32.31
juego3	easy	40.0	0.008	1889	400	230	332	102	19	0	32.31	32.31	32.31
juego3	easy	40.0	0.008	1898	400	230	332	102	19	0	32.31	32.31	32.31
juego3	easy	40.0	0.008	1906	400	230	332	102	19	0	32.31	32.31	32.31
juego3	easy	40.0	0.008	1915	400	230	332	102	19	0	32.31	32.31	32.31
juego3	easy	40.0	0.008	1924	400	230	332	102	19	0	32.31	32.31	32.31
juego3	easy	40.0	0.008	1932	400	230	332	102	19	0	32.32	32.32	32.32
juego3	easy	40.0	0.008	1941	400	230	332	102	19	0	32.32	32.32	32.32
juego3	easy	40.0	0.008	1949	400	230	332	102	19	0	32.32	32.32	32.32
juego3	easy	40.0	0.008	1957	400	230	332	102	19	0	32.32	32.32	32.32
juego3	easy	40.0	0.008	1965	400	230	332	102	19	0	32.32	32.32	32.32
juego3	easy	40.0	0.008	1974	400	230	332	102	19	0	32.32	32.32	32.32
juego3	easy	40.0	0.008	1983	400	230	332	102	19	0	32.32	32.32	32.32
juego3	easy	40.0	0.008	1993	400	230	332	102	19	0	32.32	32.32	32.32
juego3	easy	40.0	0.008	0	400	230	332	102	20	1	32.32	32.32	32.32
juego3	easy	0.0	0.008	9	400	282	332	50	20	1	32.32	32.32	32.32
juego3	easy	0.0	0.008	18	400	282	332	50	20	1	32.32	32.32	32.32
juego3	easy	0.0	0.008	27	400	282	332	50	20	1	32.32	32.32	32.32
juego3	easy	0.0	0.008	36	400	282	332	50	20	1	32.32	32.32	32.32
juego3	easy	0.0	0.008	46	400	282	332	50	20	1	32.31	32.31	32.31
juego3	easy	0.0	0.008	54	400	282	332	50	20	1	32.31	32.31	32.31
juego3	easy	0.0	0.008	63	400	282	332	50	20	1	32.3	32.3	32.3
juego3	easy	0.0	0.008	1062	400	282	332	50	20	1	32.3	32.3	32.3
juego3	easy	0.0	0.008	1071	400	282	332	50	20	1	32.3	32.3	32.3
juego3	easy	0.0	0.008	1080	400	282	332	50	20	1	32.3	32.3	32.3
juego3	easy	0.0	0.008	1088	400	282	332	50	20	1	32.3	32.3	32.3
juego3	easy	0.0	0.008	0	400	282	332	50	21	1	32.3	32.3	32.3
juego3	easy	-40.0	0.008	8	400	349	332	-17	21	1	32.3	32.3	32.3
juego3	easy	-40.0	0.008	17	400	349	332	-17	21	1	32.3	32.3	32.3
juego3	easy	-40.0	0.008	26	400	349	332	-17	21	1	32.3	32.3	32.3
juego3	easy	-40.0	0.008	34	400	349	332	-17	21	1	32.3	32.3	32.3
juego3	easy	-40.0	0.008	42	400	349	332	-17	21	1	32.3	32.3	32.3
juego3	easy	-40.0	0.008	50	400	349	332	-17	21	1	32.29	32.29	32.29
juego3	easy	-40.0	0.008	59	400	349	332	-17	21	1	32.29	32.29	32.29
juego3	easy	-40.0	0.008	67	400	349	332	-17	21	1	32.29	32.29	32.29
juego3	easy	-40.0	0.008	76	400	349	332	-17	21	1	32.29	32.29	32.29
juego3	easy	-40.0	0.008	85	400	349	332	-17	21	1	32.3	32.3	32.3
juego3	easy	-40.0	0.008	93	400	349	332	-17	21	1	32.29	32.29	32.29
juego3	easy	-40.0	0.008	102	400	349	332	-17	21	1	32.3	32.3	32.3
juego3	easy	-40.0	0.008	111	400	349	332	-17	21	1	32.29	32.29	32.29
juego3	easy	-40.0	0.008	120	400	349	332	-17	21	1	32.3	32.3	32.3
juego3	easy	-40.0	0.008	128	400	349	332	-17	21	1	32.29	32.29	32.29
juego3	easy	-40.0	0.008	137	400	349	332	-17	21	1	32.29	32.29	32.29
juego3	easy	-40.0	0.008	145	400	349	332	-17	21	1	32.3	32.3	32.3
juego3	easy	-40.0	0.008	153	400	349	332	-17	21	1	32.3	32.3	32.3
juego3	easy	-40.0	0.008	162	400	349	332	-17	21	1	32.3	32.3	32.3
juego3	easy	-40.0	0.008	172	400	349	332	-17	21	1	32.3	32.3	32.3
juego3	easy	-40.0	0.008	181	400	349	332	-17	21	1	32.3	32.3	32.3
juego3	easy	-40.0	0.008	190	400	349	332	-17	21	1	32.3	32.3	32.3
juego3	easy	-40.0	0.008	199	400	349	332	-17	21	1	32.3	32.3	32.3
juego3	easy	-40.0	0.008	207	400	349	332	-17	21	1	32.3	32.3	32.3
juego3	easy	-40.0	0.008	216	400	349	332	-17	21	1	32.3	32.3	32.3
juego3	easy	-40.0	0.008	225	400	349	332	-17	21	1	32.3	32.3	32.3
juego3	easy	-40.0	0.008	234	400	349	332	-17	21	1	32.3	32.3	32.3
juego3	easy	-40.0	0.008	243	400	349	332	-17	21	1	32.3	32.3	32.3
juego3	easy	-40.0	0.008	251	400	349	332	-17	21	1	32.29	32.29	32.29
juego3	easy	-40.0	0.008	260	400	349	332	-17	21	1	32.29	32.29	32.29
juego3	easy	-40.0	0.008	268	400	349	332	-17	21	1	32.29	32.29	32.29
juego3	easy	-40.0	0.008	277	400	349	332	-17	21	1	32.29	32.29	32.29
juego3	easy	-40.0	0.008	286	400	349	332	-17	21	1	32.29	32.29	32.29
juego3	easy	-40.0	0.008	295	400	349	332	-17	21	1	32.29	32.29	32.29
juego3	easy	-40.0	0.008	304	400	349	332	-17	21	1	32.29	32.29	32.29
juego3	easy	-40.0	0.008	312	400	349	332	-17	21	1	32.29	32.29	32.29
juego3	easy	-40.0	0.008	321	400	349	332	-17	21	1	32.29	32.29	32.29
juego3	easy	-40.0	0.008	331	400	349	332	-17	21	1	32.29	32.29	32.29
juego3	easy	-40.0	0.008	339	400	349	332	-17	21	1	32.29	32.29	32.29
juego3	easy	-40.0	0.008	349	400	349	332	-17	21	1	32.29	32.29	32.29
juego3	easy	-40.0	0.008	358	400	349	332	-17	21	1	32.28	32.28	32.28
juego3	easy	-40.0	0.008	367	400	349	332	-17	21	1	32.28	32.28	32.28
juego3	easy	-40.0	0.008	375	400	349	332	-17	21	1	32.28	32.28	32.28
juego3	easy	-40.0	0.008	384	400	349	332	-17	21	1	32.29	32.29	32.29
juego3	easy	-40.0	0.008	394	400	349	332	-17	21	1	32.29	32.29	32.29
juego3	easy	-40.0	0.008	403	400	349	332	-17	21	1	32.28	32.28	32.28
juego3	easy	-40.0	0.008	411	400	349	332	-17	21	1	32.28	32.28	32.28
juego3	easy	-40.0	0.008	420	400	349	332	-17	21	1	32.28	32.28	32.28
juego3	easy	-40.0	0.008	429	400	349	332	-17	21	1	32.29	32.29	32.29
juego3	easy	-40.0	0.008	438	400	349	332	-17	21	1	32.28	32.28	32.28
juego3	easy	-40.0	0.008	447	400	349	332	-17	21	1	32.28	32.28	32.28
juego3	easy	-40.0	0.008	456	400	349	332	-17	21	1	32.28	32.28	32.28
juego3	easy	-40.0	0.008	463	400	349	332	-17	21	1	32.28	32.28	32.28
juego3	easy	-40.0	0.008	472	400	349	332	-17	21	1	32.28	32.28	32.28
juego3	easy	-40.0	0.008	481	400	349	332	-17	21	1	32.28	32.28	32.28
juego3	easy	-40.0	0.008	489	400	349	332	-17	21	1	32.28	32.28	32.28
juego3	easy	-40.0	0.008	497	400	349	332	-17	21	1	32.28	32.28	32.28
juego3	easy	-40.0	0.008	506	400	349	332	-17	21	1	32.28	32.28	32.28
juego3	easy	-40.0	0.008	514	400	349	332	-17	21	1	32.28	32.28	32.28
juego3	easy	-40.0	0.008	523	400	349	332	-17	21	1	32.28	32.28	32.28
juego3	easy	-40.0	0.008	532	400	349	332	-17	21	1	32.28	32.28	32.28
juego3	easy	-40.0	0.008	541	400	349	332	-17	21	1	32.28	32.28	32.28
juego3	easy	-40.0	0.008	549	400	349	332	-17	21	1	32.28	32.28	32.28
juego3	easy	-40.0	0.008	557	400	349	332	-17	21	1	32.28	32.28	32.28
juego3	easy	-40.0	0.008	566	400	349	332	-17	21	1	32.28	32.28	32.28
juego3	easy	-40.0	0.008	574	400	349	332	-17	21	1	32.28	32.28	32.28
juego3	easy	-40.0	0.008	583	400	349	332	-17	21	1	32.28	32.28	32.28
juego3	easy	-40.0	0.008	591	400	349	332	-17	21	1	32.28	32.28	32.28
juego3	easy	-40.0	0.008	600	400	349	332	-17	21	1	32.28	32.28	32.28
juego3	easy	-40.0	0.008	609	400	349	332	-17	21	1	32.28	32.28	32.28
juego3	easy	-40.0	0.008	618	400	349	332	-17	21	1	32.28	32.28	32.28
juego3	easy	-40.0	0.008	626	400	349	332	-17	21	1	32.28	32.28	32.28
juego3	easy	-40.0	0.008	635	400	349	332	-17	21	1	32.28	32.28	32.28
juego3	easy	-40.0	0.008	643	400	349	332	-17	21	1	32.28	32.28	32.28
juego3	easy	-40.0	0.008	652	400	349	332	-17	21	1	32.28	32.28	32.28
juego3	easy	-40.0	0.008	661	400	349	332	-17	21	1	32.28	32.28	32.28
juego3	easy	-40.0	0.008	669	400	349	332	-17	21	1	32.28	32.28	32.28
juego3	easy	-40.0	0.008	678	400	349	332	-17	21	1	32.28	32.28	32.28
juego3	easy	-40.0	0.008	687	400	349	332	-17	21	1	32.28	32.28	32.28
juego3	easy	-40.0	0.008	696	400	349	332	-17	21	1	32.28	32.28	32.28
juego3	easy	-40.0	0.008	704	400	349	332	-17	21	1	32.28	32.28	32.28
juego3	easy	-40.0	0.008	713	400	349	332	-17	21	1	32.28	32.28	32.28
juego3	easy	-40.0	0.008	722	400	349	332	-17	21	1	32.28	32.28	32.28
juego3	easy	-40.0	0.008	731	400	349	332	-17	21	1	32.28	32.28	32.28
juego3	easy	-40.0	0.008	739	400	349	332	-17	21	1	32.28	32.28	32.28
juego3	easy	-40.0	0.008	747	400	349	332	-17	21	1	32.28	32.28	32.28
juego3	easy	-40.0	0.008	755	400	349	332	-17	21	1	32.28	32.28	32.28
juego3	easy	-40.0	0.008	764	400	349	332	-17	21	1	32.28	32.28	32.28
juego3	easy	-40.0	0.008	774	400	349	332	-17	21	1	32.28	32.28	32.28
juego3	easy	-40.0	0.008	782	400	349	332	-17	21	1	32.28	32.28	32.28
juego3	easy	-40.0	0.008	791	400	349	332	-17	21	1	32.28	32.28	32.28
juego3	easy	-40.0	0.008	800	400	349	332	-17	21	1	32.28	32.28	32.28
juego3	easy	-40.0	0.008	809	400	349	332	-17	21	1	32.28	32.28	32.28
juego3	easy	-40.0	0.008	817	400	349	332	-17	21	1	32.28	32.28	32.28
juego3	easy	-40.0	0.008	827	400	349	332	-17	21	1	32.28	32.28	32.28
juego3	easy	-40.0	0.008	835	400	349	332	-17	21	1	32.28	32.28	32.28
juego3	easy	-40.0	0.008	843	400	349	332	-17	21	1	32.28	32.28	32.28
juego3	easy	-40.0	0.008	851	400	349	332	-17	21	1	32.28	32.28	32.28
juego3	easy	-40.0	0.008	859	400	349	332	-17	21	1	32.28	32.28	32.28
juego3	easy	-40.0	0.008	868	400	349	332	-17	21	1	32.28	32.28	32.28
juego3	easy	-40.0	0.008	878	400	349	332	-17	21	1	32.28	32.28	32.28
juego3	easy	-40.0	0.008	887	400	349	332	-17	21	1	32.28	32.28	32.28
juego3	easy	-40.0	0.008	896	400	349	332	-17	21	1	32.28	32.28	32.28
juego3	easy	-40.0	0.008	904	400	349	332	-17	21	1	32.28	32.28	32.28
juego3	easy	-40.0	0.008	912	400	349	332	-17	21	1	32.28	32.28	32.28
juego3	easy	-40.0	0.008	920	400	349	332	-17	21	1	32.28	32.28	32.28
juego3	easy	-40.0	0.008	928	400	349	332	-17	21	1	32.28	32.28	32.28
juego3	easy	-40.0	0.008	936	400	349	332	-17	21	1	32.28	32.28	32.28
juego3	easy	-40.0	0.008	944	400	349	332	-17	21	1	32.28	32.28	32.28
juego3	easy	-40.0	0.008	953	400	349	332	-17	21	1	32.28	32.28	32.28
juego3	easy	-40.0	0.008	963	400	349	332	-17	21	1	32.28	32.28	32.28
juego3	easy	-40.0	0.008	971	400	349	332	-17	21	1	32.28	32.28	32.28
juego3	easy	-40.0	0.008	979	400	349	332	-17	21	1	32.28	32.28	32.28
juego3	easy	-40.0	0.008	988	400	349	332	-17	21	1	32.28	32.28	32.28
juego3	easy	-40.0	0.008	997	400	349	332	-17	21	1	32.28	32.28	32.28
juego3	easy	-40.0	0.008	1005	400	349	332	-17	21	1	32.28	32.28	32.28
juego3	easy	-40.0	0.008	1013	400	349	332	-17	21	1	32.28	32.28	32.28
juego3	easy	-40.0	0.008	1021	400	349	332	-17	21	1	32.28	32.28	32.28
juego3	easy	-40.0	0.008	1030	400	349	332	-17	21	1	32.28	32.28	32.28
juego3	easy	-40.0	0.008	1038	400	349	332	-17	21	1	32.28	32.28	32.28
juego3	easy	-40.0	0.008	0	400	349	332	-17	22	1	32.28	32.28	32.28
juego3	easy	0.0	0.008	8	400	282	332	50	22	1	32.28	32.28	32.28
juego3	easy	0.0	0.008	17	400	282	332	50	22	1	32.28	32.28	32.28
juego3	easy	0.0	0.008	25	400	282	332	50	22	1	32.28	32.28	32.28
juego3	easy	0.0	0.008	1024	400	282	332	50	22	1	32.28	32.28	32.28
juego3	easy	0.0	0.008	1033	400	282	332	50	22	1	32.28	32.28	32.28
juego3	easy	0.0	0.008	1041	400	282	332	50	22	1	32.28	32.28	32.28
juego3	easy	0.0	0.008	1050	400	282	332	50	22	1	32.28	32.28	32.28
juego3	easy	0.0	0.008	0	400	282	332	50	23	0	32.28	32.28	32.28
juego3	easy	-40.0	0.008	7	400	349	332	-17	23	0	32.28	32.28	32.28
juego3	easy	-40.0	0.008	15	400	349	332	-17	23	0	32.28	32.28	32.28
juego3	easy	-40.0	0.008	23	400	349	332	-17	23	0	32.28	32.28	32.28
juego3	easy	-40.0	0.008	32	400	349	332	-17	23	0	32.28	32.28	32.28
juego3	easy	-40.0	0.008	42	400	349	332	-17	23	0	32.28	32.28	32.28
juego3	easy	-40.0	0.008	50	400	349	332	-17	23	0	32.28	32.28	32.28
juego3	easy	-40.0	0.008	60	400	349	332	-17	23	0	32.28	32.28	32.28
juego3	easy	-40.0	0.008	69	400	349	332	-17	23	0	32.28	32.28	32.28
juego3	easy	-40.0	0.008	77	400	349	332	-17	23	0	32.28	32.28	32.28
juego3	easy	-40.0	0.008	86	400	349	332	-17	23	0	32.28	32.28	32.28
juego3	easy	-40.0	0.008	95	400	349	332	-17	23	0	32.28	32.28	32.28
juego3	easy	-40.0	0.008	103	400	349	332	-17	23	0	32.28	32.28	32.28
juego3	easy	-40.0	0.008	112	400	349	332	-17	23	0	32.28	32.28	32.28
juego3	easy	-40.0	0.008	121	400	349	332	-17	23	0	32.28	32.28	32.28
juego3	easy	-40.0	0.008	130	400	349	332	-17	23	0	32.28	32.28	32.28
juego3	easy	-40.0	0.008	138	400	349	332	-17	23	0	32.28	32.28	32.28
juego3	easy	-40.0	0.008	148	400	349	332	-17	23	0	32.28	32.28	32.28
juego3	easy	-40.0	0.008	157	400	349	332	-17	23	0	32.28	32.28	32.28
juego3	easy	-40.0	0.008	165	400	349	332	-17	23	0	32.28	32.28	32.28
juego3	easy	-40.0	0.008	174	400	349	332	-17	23	0	32.28	32.28	32.28
juego3	easy	-40.0	0.008	182	400	349	332	-17	23	0	32.28	32.28	32.28
juego3	easy	-40.0	0.008	192	400	349	332	-17	23	0	32.28	32.28	32.28
juego3	easy	-40.0	0.008	201	400	349	332	-17	23	0	32.28	32.28	32.28
juego3	easy	-40.0	0.008	210	400	349	332	-17	23	0	32.28	32.28	32.28
juego3	easy	-40.0	0.008	219	400	349	332	-17	23	0	32.28	32.28	32.28
juego3	easy	-40.0	0.008	228	400	349	332	-17	23	0	32.28	32.28	32.28
juego3	easy	-40.0	0.008	236	400	349	332	-17	23	0	32.28	32.28	32.28
juego3	easy	-40.0	0.008	244	400	349	332	-17	23	0	32.28	32.28	32.28
juego3	easy	-40.0	0.008	254	400	349	332	-17	23	0	32.28	32.28	32.28
juego3	easy	-40.0	0.008	263	400	349	332	-17	23	0	32.28	32.28	32.28
juego3	easy	-40.0	0.008	272	400	349	332	-17	23	0	32.28	32.28	32.28
juego3	easy	-40.0	0.008	280	400	349	332	-17	23	0	32.28	32.28	32.28
juego3	easy	-40.0	0.008	289	400	349	332	-17	23	0	32.28	32.28	32.28
juego3	easy	-40.0	0.008	297	400	349	332	-17	23	0	32.28	32.28	32.28
juego3	easy	-40.0	0.008	305	400	349	332	-17	23	0	32.28	32.28	32.28
juego3	easy	-40.0	0.008	313	400	349	332	-17	23	0	32.28	32.28	32.28
juego3	easy	-40.0	0.008	321	400	349	332	-17	23	0	32.28	32.28	32.28
juego3	easy	-40.0	0.008	329	400	349	332	-17	23	0	32.28	32.28	32.28
juego3	easy	-40.0	0.008	337	400	349	332	-17	23	0	32.28	32.28	32.28
juego3	easy	-40.0	0.008	345	400	349	332	-17	23	0	32.28	32.28	32.28
juego3	easy	-40.0	0.008	353	400	349	332	-17	23	0	32.28	32.28	32.28
juego3	easy	-40.0	0.008	361	400	349	332	-17	23	0	32.28	32.28	32.28
juego3	easy	-40.0	0.008	371	400	349	332	-17	23	0	32.28	32.28	32.28
juego3	easy	-40.0	0.008	380	400	349	332	-17	23	0	32.28	32.28	32.28
juego3	easy	-40.0	0.008	389	400	349	332	-17	23	0	32.28	32.28	32.28
juego3	easy	-40.0	0.008	397	400	349	332	-17	23	0	32.28	32.28	32.28
juego3	easy	-40.0	0.008	405	400	349	332	-17	23	0	32.28	32.28	32.28
juego3	easy	-40.0	0.008	414	400	349	332	-17	23	0	32.28	32.28	32.28
juego3	easy	-40.0	0.008	423	400	349	332	-17	23	0	32.28	32.28	32.28
juego3	easy	-40.0	0.008	431	400	349	332	-17	23	0	32.28	32.28	32.28
juego3	easy	-40.0	0.008	439	400	349	332	-17	23	0	32.28	32.28	32.28
juego3	easy	-40.0	0.008	448	400	349	332	-17	23	0	32.28	32.28	32.28
juego3	easy	-40.0	0.008	456	400	349	332	-17	23	0	32.28	32.28	32.28
juego3	easy	-40.0	0.008	465	400	349	332	-17	23	0	32.28	32.28	32.28
juego3	easy	-40.0	0.008	475	400	349	332	-17	23	0	32.28	32.28	32.28
juego3	easy	-40.0	0.008	484	400	349	332	-17	23	0	32.28	32.28	32.28
juego3	easy	-40.0	0.008	493	400	349	332	-17	23	0	32.29	32.29	32.29
juego3	easy	-40.0	0.008	502	400	349	332	-17	23	0	32.27	32.27	32.27
juego3	easy	-40.0	0.008	511	400	349	332	-17	23	0	32.28	32.28	32.28
juego3	easy	-40.0	0.008	520	400	349	332	-17	23	0	32.27	32.27	32.27
juego3	easy	-40.0	0.008	528	400	349	332	-17	23	0	32.28	32.28	32.28
juego3	easy	-40.0	0.008	536	400	349	332	-17	23	0	32.28	32.28	32.28
juego3	easy	-40.0	0.008	545	400	349	332	-17	23	0	32.29	32.29	32.29
juego3	easy	-40.0	0.008	553	400	349	332	-17	23	0	32.28	32.28	32.28
juego3	easy	-40.0	0.008	562	400	349	332	-17	23	0	32.28	32.28	32.28
juego3	easy	-40.0	0.008	571	400	349	332	-17	23	0	32.28	32.28	32.28
juego3	easy	-40.0	0.008	580	400	349	332	-17	23	0	32.28	32.28	32.28
juego3	easy	-40.0	0.008	589	400	349	332	-17	23	0	32.27	32.27	32.27
juego3	easy	-40.0	0.008	597	400	349	332	-17	23	0	32.28	32.28	32.28
juego3	easy	-40.0	0.008	606	400	349	332	-17	23	0	32.27	32.27	32.27
juego3	easy	-40.0	0.008	615	400	349	332	-17	23	0	32.27	32.27	32.27
juego3	easy	-40.0	0.008	624	400	349	332	-17	23	0	32.27	32.27	32.27
juego3	easy	-40.0	0.008	633	400	349	332	-17	23	0	32.27	32.27	32.27
juego3	easy	-40.0	0.008	642	400	349	332	-17	23	0	32.27	32.27	32.27
juego3	easy	-40.0	0.008	650	400	349	332	-17	23	0	32.27	32.27	32.27
juego3	easy	-40.0	0.008	659	400	349	332	-17	23	0	32.27	32.27	32.27
juego3	easy	-40.0	0.008	668	400	349	332	-17	23	0	32.28	32.28	32.28
juego3	easy	-40.0	0.008	677	400	349	332	-17	23	0	32.28	32.28	32.28
juego3	easy	-40.0	0.008	687	400	349	332	-17	23	0	32.28	32.28	32.28
juego3	easy	-40.0	0.008	696	400	349	332	-17	23	0	32.27	32.27	32.27
juego3	easy	-40.0	0.008	705	400	349	332	-17	23	0	32.28	32.28	32.28
juego3	easy	-40.0	0.008	713	400	349	332	-17	23	0	32.28	32.28	32.28
juego3	easy	-40.0	0.008	722	400	349	332	-17	23	0	32.28	32.28	32.28
juego3	easy	-40.0	0.008	732	400	349	332	-17	23	0	32.27	32.27	32.27
juego3	easy	-40.0	0.008	740	400	349	332	-17	23	0	32.28	32.28	32.28
juego3	easy	-40.0	0.008	749	400	349	332	-17	23	0	32.27	32.27	32.27
juego3	easy	-40.0	0.008	757	400	349	332	-17	23	0	32.28	32.28	32.28
juego3	easy	-40.0	0.008	765	400	349	332	-17	23	0	32.27	32.27	32.27
juego3	easy	-40.0	0.008	774	400	349	332	-17	23	0	32.28	32.28	32.28
juego3	easy	-40.0	0.008	783	400	349	332	-17	23	0	32.27	32.27	32.27
juego3	easy	-40.0	0.008	791	400	349	332	-17	23	0	32.27	32.27	32.27
juego3	easy	-40.0	0.008	800	400	349	332	-17	23	0	32.27	32.27	32.27
juego3	easy	-40.0	0.008	809	400	349	332	-17	23	0	32.27	32.27	32.27
juego3	easy	-40.0	0.008	818	400	349	332	-17	23	0	32.27	32.27	32.27
juego3	easy	-40.0	0.008	826	400	349	332	-17	23	0	32.27	32.27	32.27
juego3	easy	-40.0	0.008	835	400	349	332	-17	23	0	32.27	32.27	32.27
juego3	easy	-40.0	0.008	844	400	349	332	-17	23	0	32.27	32.27	32.27
juego3	easy	-40.0	0.008	852	400	349	332	-17	23	0	32.27	32.27	32.27
juego3	easy	-40.0	0.008	861	400	349	332	-17	23	0	32.27	32.27	32.27
juego3	easy	-40.0	0.008	870	400	349	332	-17	23	0	32.27	32.27	32.27
juego3	easy	-40.0	0.008	878	400	349	332	-17	23	0	32.27	32.27	32.27
juego3	easy	-40.0	0.008	888	400	349	332	-17	23	0	32.27	32.27	32.27
juego3	easy	-40.0	0.008	897	400	349	332	-17	23	0	32.27	32.27	32.27
juego3	easy	-40.0	0.008	906	400	349	332	-17	23	0	32.27	32.27	32.27
juego3	easy	-40.0	0.008	915	400	349	332	-17	23	0	32.26	32.26	32.26
juego3	easy	-40.0	0.008	923	400	349	332	-17	23	0	32.26	32.26	32.26
juego3	easy	-40.0	0.008	931	400	349	332	-17	23	0	32.26	32.26	32.26
juego3	easy	-40.0	0.008	940	400	349	332	-17	23	0	32.26	32.26	32.26
juego3	easy	-40.0	0.008	950	400	349	332	-17	23	0	32.26	32.26	32.26
juego3	easy	-40.0	0.008	959	400	349	332	-17	23	0	32.26	32.26	32.26
juego3	easy	-40.0	0.008	968	400	349	332	-17	23	0	32.26	32.26	32.26
juego3	easy	-40.0	0.008	977	400	349	332	-17	23	0	32.26	32.26	32.26
juego3	easy	-40.0	0.008	986	400	349	332	-17	23	0	32.26	32.26	32.26
juego3	easy	-40.0	0.008	994	400	349	332	-17	23	0	32.26	32.26	32.26
juego3	easy	-40.0	0.008	1003	400	349	332	-17	23	0	32.26	32.26	32.26
juego3	easy	-40.0	0.008	1012	400	349	332	-17	23	0	32.26	32.26	32.26
juego3	easy	-40.0	0.008	1022	400	349	332	-17	23	0	32.26	32.26	32.26
juego3	easy	-40.0	0.008	1029	400	349	332	-17	23	0	32.26	32.26	32.26
juego3	easy	-40.0	0.008	1038	400	349	332	-17	23	0	32.26	32.26	32.26
juego3	easy	-40.0	0.008	0	400	349	332	-17	24	1	32.25	32.25	32.25
juego3	easy	0.0	0.008	10	400	282	332	50	24	1	32.26	32.26	32.26
juego3	easy	0.0	0.008	18	400	282	332	50	24	1	32.26	32.26	32.26
juego3	easy	0.0	0.008	27	400	282	332	50	24	1	32.26	32.26	32.26
juego3	easy	0.0	0.008	35	400	282	332	50	24	1	32.26	32.26	32.26
juego3	easy	0.0	0.008	43	400	282	332	50	24	1	32.26	32.26	32.26
juego3	easy	0.0	0.008	51	400	282	332	50	24	1	32.26	32.26	32.26
juego3	easy	0.0	0.008	60	400	282	332	50	24	1	32.26	32.26	32.26
juego3	easy	0.0	0.008	69	400	282	332	50	24	1	32.25	32.25	32.25
juego3	easy	0.0	0.008	78	400	282	332	50	24	1	32.25	32.25	32.25
juego3	easy	0.0	0.008	86	400	282	332	50	24	1	32.25	32.25	32.25
juego3	easy	0.0	0.008	95	400	282	332	50	24	1	32.25	32.25	32.25
juego3	easy	0.0	0.008	103	400	282	332	50	24	1	32.25	32.25	32.25
juego3	easy	0.0	0.008	112	400	282	332	50	24	1	32.26	32.26	32.26
juego3	easy	0.0	0.008	121	400	282	332	50	24	1	32.25	32.25	32.25
juego3	easy	0.0	0.008	130	400	282	332	50	24	1	32.25	32.25	32.25
juego3	easy	0.0	0.008	138	400	282	332	50	24	1	32.25	32.25	32.25
juego3	easy	0.0	0.008	147	400	282	332	50	24	1	32.25	32.25	32.25
juego3	easy	0.0	0.008	157	400	282	332	50	24	1	32.25	32.25	32.25
juego3	easy	0.0	0.008	165	400	282	332	50	24	1	32.25	32.25	32.25
juego3	easy	0.0	0.008	174	400	282	332	50	24	1	32.25	32.25	32.25
juego3	easy	0.0	0.008	182	400	282	332	50	24	1	32.25	32.25	32.25
juego3	easy	0.0	0.008	190	400	282	332	50	24	1	32.25	32.25	32.25
juego3	easy	0.0	0.008	199	400	282	332	50	24	1	32.25	32.25	32.25
juego3	easy	0.0	0.008	207	400	282	332	50	24	1	32.25	32.25	32.25
juego3	easy	0.0	0.008	215	400	282	332	50	24	1	32.25	32.25	32.25
juego3	easy	0.0	0.008	224	400	282	332	50	24	1	32.25	32.25	32.25
juego3	easy	0.0	0.008	232	400	282	332	50	24	1	32.25	32.25	32.25
juego3	easy	0.0	0.008	241	400	282	332	50	24	1	32.25	32.25	32.25
juego3	easy	0.0	0.008	249	400	282	332	50	24	1	32.25	32.25	32.25
juego3	easy	0.0	0.008	259	400	282	332	50	24	1	32.25	32.25	32.25
juego3	easy	0.0	0.008	268	400	282	332	50	24	1	32.25	32.25	32.25
juego3	easy	0.0	0.008	277	400	282	332	50	24	1	32.25	32.25	32.25
juego3	easy	0.0	0.008	285	400	282	332	50	24	1	32.25	32.25	32.25
juego3	easy	0.0	0.008	294	400	282	332	50	24	1	32.25	32.25	32.25
juego3	easy	0.0	0.008	302	400	282	332	50	24	1	32.25	32.25	32.25
juego3	easy	0.0	0.008	311	400	282	332	50	24	1	32.25	32.25	32.25
juego3	easy	0.0	0.008	319	400	282	332	50	24	1	32.25	32.25	32.25
juego3	easy	0.0	0.008	329	400	282	332	50	24	1	32.25	32.25	32.25
juego3	easy	0.0	0.008	337	400	282	332	50	24	1	32.25	32.25	32.25
juego3	easy	0.0	0.008	346	400	282	332	50	24	1	32.25	32.25	32.25
juego3	easy	0.0	0.008	355	400	282	332	50	24	1	32.25	32.25	32.25
juego3	easy	0.0	0.008	364	400	282	332	50	24	1	32.25	32.25	32.25
juego3	easy	0.0	0.008	372	400	282	332	50	24	1	32.25	32.25	32.25
juego3	easy	0.0	0.008	380	400	282	332	50	24	1	32.25	32.25	32.25
juego3	easy	0.0	0.008	391	400	282	332	50	24	1	32.25	32.25	32.25
juego3	easy	0.0	0.008	398	400	282	332	50	24	1	32.25	32.25	32.25
juego3	easy	0.0	0.008	407	400	282	332	50	24	1	32.25	32.25	32.25
juego3	easy	0.0	0.008	415	400	282	332	50	24	1	32.25	32.25	32.25
juego3	easy	0.0	0.008	423	400	282	332	50	24	1	32.25	32.25	32.25
juego3	easy	0.0	0.008	432	400	282	332	50	24	1	32.25	32.25	32.25
juego3	easy	0.0	0.008	440	400	282	332	50	24	1	32.25	32.25	32.25
juego3	easy	0.0	0.008	449	400	282	332	50	24	1	32.25	32.25	32.25
juego3	easy	0.0	0.008	458	400	282	332	50	24	1	32.25	32.25	32.25
juego3	easy	0.0	0.008	467	400	282	332	50	24	1	32.25	32.25	32.25
juego3	easy	0.0	0.008	475	400	282	332	50	24	1	32.25	32.25	32.25
juego3	easy	0.0	0.008	485	400	282	332	50	24	1	32.25	32.25	32.25
juego3	easy	0.0	0.008	493	400	282	332	50	24	1	32.25	32.25	32.25
juego3	easy	0.0	0.008	502	400	282	332	50	24	1	32.25	32.25	32.25
juego3	easy	0.0	0.008	510	400	282	332	50	24	1	32.25	32.25	32.25
juego3	easy	0.0	0.008	519	400	282	332	50	24	1	32.25	32.25	32.25
juego3	easy	0.0	0.008	529	400	282	332	50	24	1	32.26	32.26	32.26
juego3	easy	0.0	0.008	537	400	282	332	50	24	1	32.25	32.25	32.25
juego3	easy	0.0	0.008	546	400	282	332	50	24	1	32.26	32.26	32.26
juego3	easy	0.0	0.008	555	400	282	332	50	24	1	32.25	32.25	32.25
juego3	easy	0.0	0.008	563	400	282	332	50	24	1	32.25	32.25	32.25
juego3	easy	0.0	0.008	573	400	282	332	50	24	1	32.25	32.25	32.25
juego3	easy	0.0	0.008	581	400	282	332	50	24	1	32.24	32.24	32.24
juego3	easy	0.0	0.008	590	400	282	332	50	24	1	32.24	32.24	32.24
juego3	easy	0.0	0.008	599	400	282	332	50	24	1	32.24	32.24	32.24
juego3	easy	0.0	0.008	608	400	282	332	50	24	1	32.24	32.24	32.24
juego3	easy	0.0	0.008	616	400	282	332	50	24	1	32.24	32.24	32.24
juego3	easy	0.0	0.008	625	400	282	332	50	24	1	32.24	32.24	32.24
juego3	easy	0.0	0.008	634	400	282	332	50	24	1	32.25	32.25	32.25
juego3	easy	0.0	0.008	641	400	282	332	50	24	1	32.25	32.25	32.25
juego3	easy	0.0	0.008	651	400	282	332	50	24	1	32.25	32.25	32.25
juego3	easy	0.0	0.008	660	400	282	332	50	24	1	32.25	32.25	32.25
juego3	easy	0.0	0.008	669	400	282	332	50	24	1	32.26	32.26	32.26
juego3	easy	0.0	0.008	677	400	282	332	50	24	1	32.25	32.25	32.25
juego3	easy	0.0	0.008	686	400	282	332	50	24	1	32.25	32.25	32.25
juego3	easy	0.0	0.008	695	400	282	332	50	24	1	32.24	32.24	32.24
juego3	easy	0.0	0.008	703	400	282	332	50	24	1	32.24	32.24	32.24
juego3	easy	0.0	0.008	711	400	282	332	50	24	1	32.24	32.24	32.24
juego3	easy	0.0	0.008	720	400	282	332	50	24	1	32.24	32.24	32.24
juego3	easy	0.0	0.008	729	400	282	332	50	24	1	32.25	32.25	32.25
juego3	easy	0.0	0.008	737	400	282	332	50	24	1	32.26	32.26	32.26
juego3	easy	0.0	0.008	746	400	282	332	50	24	1	32.25	32.25	32.25
juego3	easy	0.0	0.008	755	400	282	332	50	24	1	32.25	32.25	32.25
juego3	easy	0.0	0.008	764	400	282	332	50	24	1	32.25	32.25	32.25
juego3	easy	0.0	0.008	773	400	282	332	50	24	1	32.24	32.24	32.24
juego3	easy	0.0	0.008	781	400	282	332	50	24	1	32.23	32.23	32.23
juego3	easy	0.0	0.008	790	400	282	332	50	24	1	32.23	32.23	32.23
juego3	easy	0.0	0.008	799	400	282	332	50	24	1	32.24	32.24	32.24
juego3	easy	0.0	0.008	808	400	282	332	50	24	1	32.23	32.23	32.23
juego3	easy	0.0	0.008	816	400	282	332	50	24	1	32.23	32.23	32.23
juego3	easy	0.0	0.008	825	400	282	332	50	24	1	32.24	32.24	32.24
juego3	easy	0.0	0.008	834	400	282	332	50	24	1	32.24	32.24	32.24
juego3	easy	0.0	0.008	842	400	282	332	50	24	1	32.24	32.24	32.24
juego3	easy	0.0	0.008	851	400	282	332	50	24	1	32.24	32.24	32.24
juego3	easy	0.0	0.008	859	400	282	332	50	24	1	32.24	32.24	32.24
juego3	easy	0.0	0.008	868	400	282	332	50	24	1	32.24	32.24	32.24
juego3	easy	0.0	0.008	876	400	282	332	50	24	1	32.24	32.24	32.24
juego3	easy	0.0	0.008	885	400	282	332	50	24	1	32.24	32.24	32.24
juego3	easy	0.0	0.008	894	400	282	332	50	24	1	32.23	32.23	32.23
juego3	easy	0.0	0.008	902	400	282	332	50	24	1	32.23	32.23	32.23
juego3	easy	0.0	0.008	911	400	282	332	50	24	1	32.23	32.23	32.23
juego3	easy	0.0	0.008	920	400	282	332	50	24	1	32.24	32.24	32.24
juego3	easy	0.0	0.008	928	400	282	332	50	24	1	32.24	32.24	32.24
juego3	easy	0.0	0.008	937	400	282	332	50	24	1	32.24	32.24	32.24
juego3	easy	0.0	0.008	946	400	282	332	50	24	1	32.23	32.23	32.23
juego3	easy	0.0	0.008	955	400	282	332	50	24	1	32.24	32.24	32.24
juego3	easy	0.0	0.008	963	400	282	332	50	24	1	32.24	32.24	32.24
juego3	easy	0.0	0.008	972	400	282	332	50	24	1	32.24	32.24	32.24
juego3	easy	0.0	0.008	980	400	282	332	50	24	1	32.23	32.23	32.23
juego3	easy	0.0	0.008	990	400	282	332	50	24	1	32.23	32.23	32.23
juego3	easy	0.0	0.008	999	400	282	332	50	24	1	32.23	32.23	32.23
juego3	easy	0.0	0.008	1007	400	282	332	50	24	1	32.23	32.23	32.23
juego3	easy	0.0	0.008	1016	400	282	332	50	24	1	32.23	32.23	32.23
juego3	easy	0.0	0.008	1025	400	282	332	50	24	1	32.23	32.23	32.23
juego3	easy	0.0	0.008	1034	400	282	332	50	24	1	32.23	32.23	32.23
juego3	easy	0.0	0.008	1044	400	282	332	50	24	1	32.23	32.23	32.23
juego3	easy	0.0	0.008	0	400	282	332	50	25	1	32.23	32.23	32.23
juego3	easy	60.0	0.008	9	400	203	332	129	25	1	32.23	32.23	32.23
juego3	easy	60.0	0.008	17	400	203	332	129	25	1	32.23	32.23	32.23
juego3	easy	60.0	0.008	24	400	203	332	129	25	1	32.23	32.23	32.23
juego3	easy	60.0	0.008	34	400	203	332	129	25	1	32.24	32.24	32.24
juego3	easy	60.0	0.008	43	400	203	332	129	25	1	32.23	32.23	32.23
juego3	easy	60.0	0.008	51	400	203	332	129	25	1	32.23	32.23	32.23
juego3	easy	60.0	0.008	60	400	203	332	129	25	1	32.23	32.23	32.23
juego3	easy	60.0	0.008	69	400	203	332	129	25	1	32.23	32.23	32.23
juego3	easy	60.0	0.008	78	400	203	332	129	25	1	32.23	32.23	32.23
juego3	easy	60.0	0.008	87	400	203	332	129	25	1	32.24	32.24	32.24
juego3	easy	60.0	0.008	96	400	203	332	129	25	1	32.23	32.23	32.23
juego3	easy	60.0	0.008	104	400	203	332	129	25	1	32.23	32.23	32.23
juego3	easy	60.0	0.008	114	400	203	332	129	25	1	32.24	32.24	32.24
juego3	easy	60.0	0.008	123	400	203	332	129	25	1	32.24	32.24	32.24
juego3	easy	60.0	0.008	132	400	203	332	129	25	1	32.24	32.24	32.24
juego3	easy	60.0	0.008	140	400	203	332	129	25	1	32.24	32.24	32.24
juego3	easy	60.0	0.008	149	400	203	332	129	25	1	32.23	32.23	32.23
juego3	easy	60.0	0.008	158	400	203	332	129	25	1	32.23	32.23	32.23
juego3	easy	60.0	0.008	167	400	203	332	129	25	1	32.23	32.23	32.23
juego3	easy	60.0	0.008	175	400	203	332	129	25	1	32.23	32.23	32.23
juego3	easy	60.0	0.008	184	400	203	332	129	25	1	32.23	32.23	32.23
juego3	easy	60.0	0.008	192	400	203	332	129	25	1	32.23	32.23	32.23
juego3	easy	60.0	0.008	201	400	203	332	129	25	1	32.23	32.23	32.23
juego3	easy	60.0	0.008	209	400	203	332	129	25	1	32.23	32.23	32.23
juego3	easy	60.0	0.008	218	400	203	332	129	25	1	32.23	32.23	32.23
juego3	easy	60.0	0.008	226	400	203	332	129	25	1	32.23	32.23	32.23
juego3	easy	60.0	0.008	234	400	203	332	129	25	1	32.23	32.23	32.23
juego3	easy	60.0	0.008	243	400	203	332	129	25	1	32.23	32.23	32.23
juego3	easy	60.0	0.008	252	400	203	332	129	25	1	32.23	32.23	32.23
juego3	easy	60.0	0.008	261	400	203	332	129	25	1	32.23	32.23	32.23
juego3	easy	60.0	0.008	269	400	203	332	129	25	1	32.23	32.23	32.23
juego3	easy	60.0	0.008	279	400	203	332	129	25	1	32.23	32.23	32.23
juego3	easy	60.0	0.008	288	400	203	332	129	25	1	32.23	32.23	32.23
juego3	easy	60.0	0.008	296	400	203	332	129	25	1	32.23	32.23	32.23
juego3	easy	60.0	0.008	306	400	203	332	129	25	1	32.23	32.23	32.23
juego3	easy	60.0	0.008	315	400	203	332	129	25	1	32.23	32.23	32.23
juego3	easy	60.0	0.008	323	400	203	332	129	25	1	32.23	32.23	32.23
juego3	easy	60.0	0.008	332	400	203	332	129	25	1	32.23	32.23	32.23
juego3	easy	60.0	0.008	341	400	203	332	129	25	1	32.23	32.23	32.23
juego3	easy	60.0	0.008	350	400	203	332	129	25	1	32.23	32.23	32.23
juego3	easy	60.0	0.008	358	400	203	332	129	25	1	32.23	32.23	32.23
juego3	easy	60.0	0.008	368	400	203	332	129	25	1	32.23	32.23	32.23
juego3	easy	60.0	0.008	377	400	203	332	129	25	1	32.23	32.23	32.23
juego3	easy	60.0	0.008	385	400	203	332	129	25	1	32.23	32.23	32.23
juego3	easy	60.0	0.008	394	400	203	332	129	25	1	32.23	32.23	32.23
juego3	easy	60.0	0.008	403	400	203	332	129	25	1	32.23	32.23	32.23
juego3	easy	60.0	0.008	412	400	203	332	129	25	1	32.23	32.23	32.23
juego3	easy	60.0	0.008	421	400	203	332	129	25	1	32.23	32.23	32.23
juego3	easy	60.0	0.008	429	400	203	332	129	25	1	32.23	32.23	32.23
juego3	easy	60.0	0.008	438	400	203	332	129	25	1	32.23	32.23	32.23
juego3	easy	60.0	0.008	447	400	203	332	129	25	1	32.23	32.23	32.23
juego3	easy	60.0	0.008	456	400	203	332	129	25	1	32.23	32.23	32.23
juego3	easy	60.0	0.008	465	400	203	332	129	25	1	32.23	32.23	32.23
juego3	easy	60.0	0.008	473	400	203	332	129	25	1	32.23	32.23	32.23
juego3	easy	60.0	0.008	483	400	203	332	129	25	1	32.23	32.23	32.23
juego3	easy	60.0	0.008	491	400	203	332	129	25	1	32.23	32.23	32.23
juego3	easy	60.0	0.008	500	400	203	332	129	25	1	32.23	32.23	32.23
juego3	easy	60.0	0.008	509	400	203	332	129	25	1	32.23	32.23	32.23
juego3	easy	60.0	0.008	518	400	203	332	129	25	1	32.23	32.23	32.23
juego3	easy	60.0	0.008	527	400	203	332	129	25	1	32.23	32.23	32.23
juego3	easy	60.0	0.008	535	400	203	332	129	25	1	32.23	32.23	32.23
juego3	easy	60.0	0.008	544	400	203	332	129	25	1	32.23	32.23	32.23
juego3	easy	60.0	0.008	553	400	203	332	129	25	1	32.23	32.23	32.23
juego3	easy	60.0	0.008	561	400	203	332	129	25	1	32.23	32.23	32.23
juego3	easy	60.0	0.008	570	400	203	332	129	25	1	32.23	32.23	32.23
juego3	easy	60.0	0.008	579	400	203	332	129	25	1	32.23	32.23	32.23
juego3	easy	60.0	0.008	588	400	203	332	129	25	1	32.23	32.23	32.23
juego3	easy	60.0	0.008	597	400	203	332	129	25	1	32.23	32.23	32.23
juego3	easy	60.0	0.008	606	400	203	332	129	25	1	32.23	32.23	32.23
juego3	easy	60.0	0.008	614	400	203	332	129	25	1	32.23	32.23	32.23
juego3	easy	60.0	0.008	623	400	203	332	129	25	1	32.23	32.23	32.23
juego3	easy	60.0	0.008	632	400	203	332	129	25	1	32.23	32.23	32.23
juego3	easy	60.0	0.008	641	400	203	332	129	25	1	32.23	32.23	32.23
juego3	easy	60.0	0.008	650	400	203	332	129	25	1	32.23	32.23	32.23
juego3	easy	60.0	0.008	659	400	203	332	129	25	1	32.23	32.23	32.23
juego3	easy	60.0	0.008	667	400	203	332	129	25	1	32.23	32.23	32.23
juego3	easy	60.0	0.008	677	400	203	332	129	25	1	32.23	32.23	32.23
juego3	easy	60.0	0.008	685	400	203	332	129	25	1	32.23	32.23	32.23
juego3	easy	60.0	0.008	694	400	203	332	129	25	1	32.23	32.23	32.23
juego3	easy	60.0	0.008	703	400	203	332	129	25	1	32.23	32.23	32.23
juego3	easy	60.0	0.008	711	400	203	332	129	25	1	32.23	32.23	32.23
juego3	easy	60.0	0.008	719	400	203	332	129	25	1	32.23	32.23	32.23
juego3	easy	60.0	0.008	727	400	203	332	129	25	1	32.23	32.23	32.23
juego3	easy	60.0	0.008	736	400	203	332	129	25	1	32.23	32.23	32.23
juego3	easy	60.0	0.008	744	400	203	332	129	25	1	32.23	32.23	32.23
juego3	easy	60.0	0.008	752	400	203	332	129	25	1	32.23	32.23	32.23
juego3	easy	60.0	0.008	760	400	203	332	129	25	1	32.23	32.23	32.23
juego3	easy	60.0	0.008	768	400	203	332	129	25	1	32.23	32.23	32.23
juego3	easy	60.0	0.008	777	400	203	332	129	25	1	32.23	32.23	32.23
juego3	easy	60.0	0.008	787	400	203	332	129	25	1	32.23	32.23	32.23
juego3	easy	60.0	0.008	796	400	203	332	129	25	1	32.23	32.23	32.23
juego3	easy	60.0	0.008	804	400	203	332	129	25	1	32.23	32.23	32.23
juego3	easy	60.0	0.008	812	400	203	332	129	25	1	32.23	32.23	32.23
juego3	easy	60.0	0.008	821	400	203	332	129	25	1	32.23	32.23	32.23
juego3	easy	60.0	0.008	829	400	203	332	129	25	1	32.23	32.23	32.23
juego3	easy	60.0	0.008	837	400	203	332	129	25	1	32.23	32.23	32.23
juego3	easy	60.0	0.008	845	400	203	332	129	25	1	32.23	32.23	32.23
juego3	easy	60.0	0.008	854	400	203	332	129	25	1	32.23	32.23	32.23
juego3	easy	60.0	0.008	863	400	203	332	129	25	1	32.23	32.23	32.23
juego3	easy	60.0	0.008	871	400	203	332	129	25	1	32.23	32.23	32.23
juego3	easy	60.0	0.008	879	400	203	332	129	25	1	32.23	32.23	32.23
juego3	easy	60.0	0.008	887	400	203	332	129	25	1	32.23	32.23	32.23
juego3	easy	60.0	0.008	896	400	203	332	129	25	1	32.23	32.23	32.23
juego3	easy	60.0	0.008	904	400	203	332	129	25	1	32.23	32.23	32.23
juego3	easy	60.0	0.008	913	400	203	332	129	25	1	32.23	32.23	32.23
juego3	easy	60.0	0.008	922	400	203	332	129	25	1	32.23	32.23	32.23
juego3	easy	60.0	0.008	931	400	203	332	129	25	1	32.23	32.23	32.23
juego3	easy	60.0	0.008	940	400	203	332	129	25	1	32.2	32.2	32.2
juego3	easy	60.0	0.008	949	400	203	333	130	25	1	31.97	31.97	31.97
juego3	easy	60.0	0.008	957	400	203	333	130	25	1	31.84	31.84	31.84
juego3	easy	60.0	0.008	966	400	203	333	130	25	1	31.76	31.76	31.76
juego3	easy	60.0	0.008	974	400	203	334	131	25	1	31.72	31.72	31.72
juego3	easy	60.0	0.008	983	400	203	334	131	25	1	31.74	31.74	31.74
juego3	easy	60.0	0.008	992	400	203	334	131	25	1	31.72	31.72	31.72
juego3	easy	60.0	0.008	1000	400	203	334	131	25	1	31.74	31.74	31.74
juego3	easy	60.0	0.008	1009	400	203	334	131	25	1	31.73	31.73	31.73
juego3	easy	60.0	0.008	1018	400	203	334	131	25	1	31.74	31.74	31.74
juego3	easy	60.0	0.008	1026	400	203	334	131	25	1	31.72	31.72	31.72
juego3	easy	60.0	0.008	1034	400	203	334	131	25	1	31.73	31.73	31.73
juego3	easy	60.0	0.008	0	400	203	334	131	26	1	31.71	31.71	31.71
juego3	easy	0.0	0.008	9	400	282	334	52	26	1	31.73	31.73	31.73
juego3	easy	0.0	0.008	17	400	282	334	52	26	1	31.72	31.72	31.72
juego3	easy	0.0	0.008	27	400	282	334	52	26	1	31.72	31.72	31.72
juego3	easy	0.0	0.008	36	400	282	334	52	26	1	31.72	31.72	31.72
juego3	easy	0.0	0.008	44	400	282	334	52	26	1	31.73	31.73	31.73
juego3	easy	0.0	0.008	52	400	282	334	52	26	1	31.73	31.73	31.73
juego3	easy	0.0	0.008	62	400	282	334	52	26	1	31.73	31.73	31.73
juego3	easy	0.0	0.008	70	400	282	334	52	26	1	31.73	31.73	31.73
juego3	easy	0.0	0.008	80	400	282	334	52	26	1	31.73	31.73	31.73
juego3	easy	0.0	0.008	88	400	282	334	52	26	1	31.72	31.72	31.72
juego3	easy	0.0	0.008	96	400	282	334	52	26	1	31.73	31.73	31.73
juego3	easy	0.0	0.008	104	400	282	334	52	26	1	31.73	31.73	31.73
juego3	easy	0.0	0.008	113	400	282	334	52	26	1	31.72	31.72	31.72
juego3	easy	0.0	0.008	122	400	282	334	52	26	1	31.72	31.72	31.72
juego3	easy	0.0	0.008	130	400	282	334	52	26	1	31.72	31.72	31.72
juego3	easy	0.0	0.008	139	400	282	334	52	26	1	31.72	31.72	31.72
juego3	easy	0.0	0.008	148	400	282	334	52	26	1	31.72	31.72	31.72
juego3	easy	0.0	0.008	156	400	282	334	52	26	1	31.71	31.71	31.71
juego3	easy	0.0	0.008	164	400	282	334	52	26	1	31.72	31.72	31.72
juego3	easy	0.0	0.008	173	400	282	334	52	26	1	31.71	31.71	31.71
juego3	easy	0.0	0.008	182	400	282	334	52	26	1	31.72	31.72	31.72
juego3	easy	0.0	0.008	191	400	282	334	52	26	1	31.71	31.71	31.71
juego3	easy	0.0	0.008	200	400	282	334	52	26	1	31.72	31.72	31.72
juego3	easy	0.0	0.008	209	400	282	334	52	26	1	31.72	31.72	31.72
juego3	easy	0.0	0.008	218	400	282	334	52	26	1	31.72	31.72	31.72
juego3	easy	0.0	0.008	227	400	282	334	52	26	1	31.71	31.71	31.71
juego3	easy	0.0	0.008	236	400	282	334	52	26	1	31.71	31.71	31.71
juego3	easy	0.0	0.008	244	400	282	334	52	26	1	31.72	31.72	31.72
juego3	easy	0.0	0.008	252	400	282	334	52	26	1	31.72	31.72	31.72
juego3	easy	0.0	0.008	261	400	282	334	52	26	1	31.71	31.71	31.71
juego3	easy	0.0	0.008	269	400	282	334	52	26	1	31.72	31.72	31.72
juego3	easy	0.0	0.008	279	400	282	334	52	26	1	31.72	31.72	31.72
juego3	easy	0.0	0.008	287	400	282	334	52	26	1	31.72	31.72	31.72
juego3	easy	0.0	0.008	296	400	282	334	52	26	1	31.72	31.72	31.72
juego3	easy	0.0	0.008	305	400	282	334	52	26	1	31.72	31.72	31.72
juego3	easy	0.0	0.008	312	400	282	334	52	26	1	31.72	31.72	31.72
juego3	easy	0.0	0.008	321	400	282	334	52	26	1	31.72	31.72	31.72
juego3	easy	0.0	0.008	329	400	282	334	52	26	1	31.72	31.72	31.72
juego3	easy	0.0	0.008	337	400	282	334	52	26	1	31.73	31.73	31.73
juego3	easy	0.0	0.008	347	400	282	334	52	26	1	31.72	31.72	31.72
juego3	easy	0.0	0.008	355	400	282	334	52	26	1	31.72	31.72	31.72
juego3	easy	0.0	0.008	364	400	282	334	52	26	1	31.72	31.72	31.72
juego3	easy	0.0	0.008	372	400	282	334	52	26	1	31.72	31.72	31.72
juego3	easy	0.0	0.008	380	400	282	334	52	26	1	31.72	31.72	31.72
juego3	easy	0.0	0.008	389	400	282	334	52	26	1	31.72	31.72	31.72
juego3	easy	0.0	0.008	398	400	282	334	52	26	1	31.73	31.73	31.73
juego3	easy	0.0	0.008	407	400	282	334	52	26	1	31.73	31.73	31.73
juego3	easy	0.0	0.008	416	400	282	334	52	26	1	31.72	31.72	31.72
juego3	easy	0.0	0.008	425	400	282	334	52	26	1	31.73	31.73	31.73
juego3	easy	0.0	0.008	433	400	282	334	52	26	1	31.73	31.73	31.73
juego3	easy	0.0	0.008	441	400	282	334	52	26	1	31.73	31.73	31.73
juego3	easy	0.0	0.008	449	400	282	334	52	26	1	31.73	31.73	31.73
juego3	easy	0.0	0.008	458	400	282	334	52	26	1	31.73	31.73	31.73
juego3	easy	0.0	0.008	467	400	282	334	52	26	1	31.73	31.73	31.73
juego3	easy	0.0	0.008	476	400	282	334	52	26	1	31.73	31.73	31.73
juego3	easy	0.0	0.008	485	400	282	334	52	26	1	31.73	31.73	31.73
juego3	easy	0.0	0.008	494	400	282	334	52	26	1	31.73	31.73	31.73
juego3	easy	0.0	0.008	503	400	282	334	52	26	1	31.73	31.73	31.73
juego3	easy	0.0	0.008	511	400	282	334	52	26	1	31.73	31.73	31.73
juego3	easy	0.0	0.008	520	400	282	334	52	26	1	31.73	31.73	31.73
juego3	easy	0.0	0.008	529	400	282	334	52	26	1	31.73	31.73	31.73
juego3	easy	0.0	0.008	538	400	282	334	52	26	1	31.73	31.73	31.73
juego3	easy	0.0	0.008	546	400	282	334	52	26	1	31.73	31.73	31.73
juego3	easy	0.0	0.008	555	400	282	334	52	26	1	31.73	31.73	31.73
juego3	easy	0.0	0.008	563	400	282	334	52	26	1	31.73	31.73	31.73
juego3	easy	0.0	0.008	572	400	282	334	52	26	1	31.73	31.73	31.73
juego3	easy	0.0	0.008	581	400	282	334	52	26	1	31.73	31.73	31.73
juego3	easy	0.0	0.008	589	400	282	334	52	26	1	31.73	31.73	31.73
juego3	easy	0.0	0.008	598	400	282	334	52	26	1	31.73	31.73	31.73
juego3	easy	0.0	0.008	607	400	282	334	52	26	1	31.73	31.73	31.73
juego3	easy	0.0	0.008	616	400	282	334	52	26	1	31.73	31.73	31.73
juego3	easy	0.0	0.008	626	400	282	334	52	26	1	31.73	31.73	31.73
juego3	easy	0.0	0.008	634	400	282	334	52	26	1	31.73	31.73	31.73
juego3	easy	0.0	0.008	643	400	282	334	52	26	1	31.73	31.73	31.73
juego3	easy	0.0	0.008	652	400	282	334	52	26	1	31.73	31.73	31.73
juego3	easy	0.0	0.008	661	400	282	334	52	26	1	31.73	31.73	31.73
juego3	easy	0.0	0.008	670	400	282	334	52	26	1	31.73	31.73	31.73
juego3	easy	0.0	0.008	679	400	282	334	52	26	1	31.73	31.73	31.73
juego3	easy	0.0	0.008	687	400	282	334	52	26	1	31.73	31.73	31.73
juego3	easy	0.0	0.008	696	400	282	334	52	26	1	31.73	31.73	31.73
juego3	easy	0.0	0.008	704	400	282	334	52	26	1	31.73	31.73	31.73
juego3	easy	0.0	0.008	713	400	282	334	52	26	1	31.73	31.73	31.73
juego3	easy	0.0	0.008	723	400	282	334	52	26	1	31.73	31.73	31.73
juego3	easy	0.0	0.008	732	400	282	334	52	26	1	31.73	31.73	31.73
juego3	easy	0.0	0.008	740	400	282	334	52	26	1	31.73	31.73	31.73
juego3	easy	0.0	0.008	750	400	282	334	52	26	1	31.73	31.73	31.73
juego3	easy	0.0	0.008	757	400	282	334	52	26	1	31.73	31.73	31.73
juego3	easy	0.0	0.008	766	400	282	334	52	26	1	31.73	31.73	31.73
juego3	easy	0.0	0.008	775	400	282	334	52	26	1	31.73	31.73	31.73
juego3	easy	0.0	0.008	784	400	282	334	52	26	1	31.73	31.73	31.73
juego3	easy	0.0	0.008	794	400	282	334	52	26	1	31.73	31.73	31.73
juego3	easy	0.0	0.008	802	400	282	334	52	26	1	31.73	31.73	31.73
juego3	easy	0.0	0.008	811	400	282	334	52	26	1	31.73	31.73	31.73
juego3	easy	0.0	0.008	820	400	282	334	52	26	1	31.73	31.73	31.73
juego3	easy	0.0	0.008	829	400	282	334	52	26	1	31.73	31.73	31.73
juego3	easy	0.0	0.008	837	400	282	334	52	26	1	31.73	31.73	31.73
juego3	easy	0.0	0.008	847	400	282	334	52	26	1	31.73	31.73	31.73
juego3	easy	0.0	0.008	855	400	282	334	52	26	1	31.73	31.73	31.73
juego3	easy	0.0	0.008	863	400	282	334	52	26	1	31.73	31.73	31.73
juego3	easy	0.0	0.008	872	400	282	334	52	26	1	31.73	31.73	31.73
juego3	easy	0.0	0.008	881	400	282	334	52	26	1	31.73	31.73	31.73
juego3	easy	0.0	0.008	889	400	282	334	52	26	1	31.73	31.73	31.73
juego3	easy	0.0	0.008	899	400	282	334	52	26	1	31.73	31.73	31.73
juego3	easy	0.0	0.008	908	400	282	334	52	26	1	31.73	31.73	31.73
juego3	easy	0.0	0.008	917	400	282	334	52	26	1	31.73	31.73	31.73
juego3	easy	0.0	0.008	926	400	282	334	52	26	1	31.73	31.73	31.73
juego3	easy	0.0	0.008	934	400	282	334	52	26	1	31.73	31.73	31.73
juego3	easy	0.0	0.008	943	400	282	334	52	26	1	31.73	31.73	31.73
juego3	easy	0.0	0.008	952	400	282	334	52	26	1	31.73	31.73	31.73
juego3	easy	0.0	0.008	961	400	282	334	52	26	1	31.73	31.73	31.73
juego3	easy	0.0	0.008	969	400	282	334	52	26	1	31.73	31.73	31.73
juego3	easy	0.0	0.008	977	400	282	334	52	26	1	31.73	31.73	31.73
juego3	easy	0.0	0.008	987	400	282	334	52	26	1	31.73	31.73	31.73
juego3	easy	0.0	0.008	995	400	282	334	52	26	1	31.73	31.73	31.73
juego3	easy	0.0	0.008	1004	400	282	334	52	26	1	31.73	31.73	31.73
juego3	easy	0.0	0.008	1012	400	282	334	52	26	1	31.73	31.73	31.73
juego3	easy	0.0	0.008	1021	400	282	334	52	26	1	31.73	31.73	31.73
juego3	easy	0.0	0.008	1029	400	282	334	52	26	1	31.73	31.73	31.73
juego3	easy	0.0	0.008	1038	400	282	334	52	26	1	31.73	31.73	31.73
juego3	easy	0.0	0.008	0	400	282	334	52	27	0	31.73	31.73	31.73
juego3	easy	60.0	0.008	9	400	203	334	131	27	0	31.73	31.73	31.73
juego3	easy	60.0	0.008	20	400	203	334	131	27	0	31.73	31.73	31.73
juego3	easy	60.0	0.008	28	400	203	334	131	27	0	31.73	31.73	31.73
juego3	easy	60.0	0.008	1028	400	203	334	131	27	0	31.73	31.73	31.73
juego3	easy	60.0	0.008	1037	400	203	334	131	27	0	31.73	31.73	31.73
juego3	easy	60.0	0.008	1046	400	203	334	131	27	0	31.73	31.73	31.73
juego3	easy	60.0	0.008	1054	400	203	334	131	27	0	31.73	31.73	31.73
juego3	easy	60.0	0.008	0	400	203	334	131	28	1	31.73	31.73	31.73
juego3	easy	0.0	0.008	9	400	282	334	52	28	1	31.73	31.73	31.73
juego3	easy	0.0	0.008	18	400	282	334	52	28	1	31.73	31.73	31.73
juego3	easy	0.0	0.008	26	400	282	334	52	28	1	31.73	31.73	31.73
juego3	easy	0.0	0.008	36	400	282	334	52	28	1	31.73	31.73	31.73
juego3	easy	0.0	0.008	45	400	282	334	52	28	1	31.73	31.73	31.73
juego3	easy	0.0	0.008	53	400	282	334	52	28	1	31.73	31.73	31.73
juego3	easy	0.0	0.008	62	400	282	334	52	28	1	31.72	31.72	31.72
juego3	easy	0.0	0.008	71	400	282	334	52	28	1	31.73	31.73	31.73
juego3	easy	0.0	0.008	80	400	282	334	52	28	1	31.72	31.72	31.72
juego3	easy	0.0	0.008	88	400	282	334	52	28	1	31.72	31.72	31.72
juego3	easy	0.0	0.008	96	400	282	334	52	28	1	31.72	31.72	31.72
juego3	easy	0.0	0.008	104	400	282	334	52	28	1	31.72	31.72	31.72
juego3	easy	0.0	0.008	112	400	282	334	52	28	1	31.72	31.72	31.72
juego3	easy	0.0	0.008	121	400	282	334	52	28	1	31.72	31.72	31.72
juego3	easy	0.0	0.008	131	400	282	334	52	28	1	31.72	31.72	31.72
juego3	easy	0.0	0.008	140	400	282	334	52	28	1	31.72	31.72	31.72
juego3	easy	0.0	0.008	147	400	282	334	52	28	1	31.72	31.72	31.72
juego3	easy	0.0	0.008	156	400	282	334	52	28	1	31.72	31.72	31.72
juego3	easy	0.0	0.008	165	400	282	334	52	28	1	31.72	31.72	31.72
juego3	easy	0.0	0.008	174	400	282	334	52	28	1	31.72	31.72	31.72
juego3	easy	0.0	0.008	183	400	282	334	52	28	1	31.72	31.72	31.72
juego3	easy	0.0	0.008	193	400	282	334	52	28	1	31.71	31.71	31.71
juego3	easy	0.0	0.008	201	400	282	334	52	28	1	31.71	31.71	31.71
juego3	easy	0.0	0.008	211	400	282	334	52	28	1	31.71	31.71	31.71
juego3	easy	0.0	0.008	219	400	282	334	52	28	1	31.72	31.72	31.72
juego3	easy	0.0	0.008	228	400	282	334	52	28	1	31.72	31.72	31.72
juego3	easy	0.0	0.008	237	400	282	334	52	28	1	31.71	31.71	31.71
juego3	easy	0.0	0.008	246	400	282	334	52	28	1	31.72	31.72	31.72
juego3	easy	0.0	0.008	254	400	282	334	52	28	1	31.71	31.71	31.71
juego3	easy	0.0	0.008	264	400	282	334	52	28	1	31.71	31.71	31.71
juego3	easy	0.0	0.008	272	400	282	334	52	28	1	31.71	31.71	31.71
juego3	easy	0.0	0.008	281	400	282	334	52	28	1	31.71	31.71	31.71
juego3	easy	0.0	0.008	289	400	282	334	52	28	1	31.71	31.71	31.71
juego3	easy	0.0	0.008	298	400	282	334	52	28	1	31.71	31.71	31.71
juego3	easy	0.0	0.008	306	400	282	334	52	28	1	31.71	31.71	31.71
juego3	easy	0.0	0.008	315	400	282	334	52	28	1	31.71	31.71	31.71
juego3	easy	0.0	0.008	323	400	282	334	52	28	1	31.72	31.72	31.72
juego3	easy	0.0	0.008	332	400	282	334	52	28	1	31.72	31.72	31.72
juego3	easy	0.0	0.008	341	400	282	334	52	28	1	31.72	31.72	31.72
juego3	easy	0.0	0.008	349	400	282	334	52	28	1	31.71	31.71	31.71
juego3	easy	0.0	0.008	358	400	282	334	52	28	1	31.71	31.71	31.71
juego3	easy	0.0	0.008	368	400	282	334	52	28	1	31.71	31.71	31.71
juego3	easy	0.0	0.008	377	400	282	334	52	28	1	31.71	31.71	31.71
juego3	easy	0.0	0.008	384	400	282	334	52	28	1	31.71	31.71	31.71
juego3	easy	0.0	0.008	393	400	282	334	52	28	1	31.71	31.71	31.71
juego3	easy	0.0	0.008	401	400	282	334	52	28	1	31.71	31.71	31.71
juego3	easy	0.0	0.008	410	400	282	334	52	28	1	31.71	31.71	31.71
juego3	easy	0.0	0.008	420	400	282	334	52	28	1	31.71	31.71	31.71
juego3	easy	0.0	0.008	427	400	282	334	52	28	1	31.72	31.72	31.72
juego3	easy	0.0	0.008	436	400	282	334	52	28	1	31.72	31.72	31.72
juego3	easy	0.0	0.008	444	400	282	334	52	28	1	31.72	31.72	31.72
juego3	easy	0.0	0.008	452	400	282	334	52	28	1	31.71	31.71	31.71
juego3	easy	0.0	0.008	462	400	282	334	52	28	1	31.71	31.71	31.71
juego3	easy	0.0	0.008	471	400	282	334	52	28	1	31.7	31.7	31.7
juego3	easy	0.0	0.008	480	400	282	334	52	28	1	31.7	31.7	31.7
juego3	easy	0.0	0.008	488	400	282	334	52	28	1	31.7	31.7	31.7
juego3	easy	0.0	0.008	496	400	282	334	52	28	1	31.7	31.7	31.7
juego3	easy	0.0	0.008	506	400	282	334	52	28	1	31.71	31.71	31.71
juego3	easy	0.0	0.008	514	400	282	334	52	28	1	31.7	31.7	31.7
juego3	easy	0.0	0.008	523	400	282	334	52	28	1	31.71	31.71	31.71
juego3	easy	0.0	0.008	532	400	282	334	52	28	1	31.71	31.71	31.71
juego3	easy	0.0	0.008	540	400	282	334	52	28	1	31.7	31.7	31.7
juego3	easy	0.0	0.008	549	400	282	334	52	28	1	31.7	31.7	31.7
juego3	easy	0.0	0.008	558	400	282	334	52	28	1	31.71	31.71	31.71
juego3	easy	0.0	0.008	567	400	282	334	52	28	1	31.7	31.7	31.7
juego3	easy	0.0	0.008	575	400	282	334	52	28	1	31.7	31.7	31.7
juego3	easy	0.0	0.008	584	400	282	334	52	28	1	31.7	31.7	31.7
juego3	easy	0.0	0.008	593	400	282	334	52	28	1	31.7	31.7	31.7
juego3	easy	0.0	0.008	602	400	282	334	52	28	1	31.7	31.7	31.7
juego3	easy	0.0	0.008	611	400	282	334	52	28	1	31.71	31.71	31.71
juego3	easy	0.0	0.008	620	400	282	334	52	28	1	31.7	31.7	31.7
juego3	easy	0.0	0.008	629	400	282	334	52	28	1	31.7	31.7	31.7
juego3	easy	0.0	0.008	638	400	282	334	52	28	1	31.69	31.69	31.69
juego3	easy	0.0	0.008	647	400	282	334	52	28	1	31.7	31.7	31.7
juego3	easy	0.0	0.008	656	400	282	334	52	28	1	31.7	31.7	31.7
juego3	easy	0.0	0.008	665	400	282	334	52	28	1	31.7	31.7	31.7
juego3	easy	0.0	0.008	674	400	282	334	52	28	1	31.7	31.7	31.7
juego3	easy	0.0	0.008	682	400	282	334	52	28	1	31.69	31.69	31.69
juego3	easy	0.0	0.008	692	400	282	334	52	28	1	31.69	31.69	31.69
juego3	easy	0.0	0.008	700	400	282	334	52	28	1	31.69	31.69	31.69
juego3	easy	0.0	0.008	708	400	282	334	52	28	1	31.69	31.69	31.69
juego3	easy	0.0	0.008	716	400	282	334	52	28	1	31.7	31.7	31.7
juego3	easy	0.0	0.008	725	400	282	334	52	28	1	31.7	31.7	31.7
juego3	easy	0.0	0.008	733	400	282	334	52	28	1	31.7	31.7	31.7
juego3	easy	0.0	0.008	742	400	282	334	52	28	1	31.7	31.7	31.7
juego3	easy	0.0	0.008	750	400	282	334	52	28	1	31.7	31.7	31.7
juego3	easy	0.0	0.008	758	400	282	334	52	28	1	31.7	31.7	31.7
juego3	easy	0.0	0.008	766	400	282	334	52	28	1	31.7	31.7	31.7
juego3	easy	0.0	0.008	774	400	282	334	52	28	1	31.7	31.7	31.7
juego3	easy	0.0	0.008	783	400	282	334	52	28	1	31.7	31.7	31.7
juego3	easy	0.0	0.008	792	400	282	334	52	28	1	31.7	31.7	31.7
juego3	easy	0.0	0.008	800	400	282	334	52	28	1	31.7	31.7	31.7
juego3	easy	0.0	0.008	808	400	282	334	52	28	1	31.7	31.7	31.7
juego3	easy	0.0	0.008	818	400	282	334	52	28	1	31.71	31.71	31.71
juego3	easy	0.0	0.008	826	400	282	334	52	28	1	31.71	31.71	31.71
juego3	easy	0.0	0.008	834	400	282	334	52	28	1	31.71	31.71	31.71
juego3	easy	0.0	0.008	842	400	282	334	52	28	1	31.71	31.71	31.71
juego3	easy	0.0	0.008	850	400	282	334	52	28	1	31.71	31.71	31.71
juego3	easy	0.0	0.008	860	400	282	334	52	28	1	31.71	31.71	31.71
juego3	easy	0.0	0.008	869	400	282	334	52	28	1	31.71	31.71	31.71
juego3	easy	0.0	0.008	877	400	282	334	52	28	1	31.72	31.72	31.72
juego3	easy	0.0	0.008	885	400	282	334	52	28	1	31.71	31.71	31.71
juego3	easy	0.0	0.008	894	400	282	334	52	28	1	31.72	31.72	31.72
juego3	easy	0.0	0.008	903	400	282	334	52	28	1	31.71	31.71	31.71
juego3	easy	0.0	0.008	911	400	282	334	52	28	1	31.71	31.71	31.71
juego3	easy	0.0	0.008	920	400	282	334	52	28	1	31.71	31.71	31.71
juego3	easy	0.0	0.008	930	400	282	334	52	28	1	31.72	31.72	31.72
juego3	easy	0.0	0.008	938	400	282	334	52	28	1	31.72	31.72	31.72
juego3	easy	0.0	0.008	946	400	282	334	52	28	1	31.72	31.72	31.72
juego3	easy	0.0	0.008	954	400	282	334	52	28	1	31.72	31.72	31.72
juego3	easy	0.0	0.008	963	400	282	334	52	28	1	31.71	31.71	31.71
juego3	easy	0.0	0.008	971	400	282	334	52	28	1	31.71	31.71	31.71
juego3	easy	0.0	0.008	980	400	282	334	52	28	1	31.71	31.71	31.71
juego3	easy	0.0	0.008	989	400	282	334	52	28	1	31.71	31.71	31.71
juego3	easy	0.0	0.008	998	400	282	334	52	28	1	31.71	31.71	31.71
juego3	easy	0.0	0.008	1006	400	282	334	52	28	1	31.71	31.71	31.71
juego3	easy	0.0	0.008	1014	400	282	334	52	28	1	31.71	31.71	31.71
juego3	easy	0.0	0.008	1023	400	282	334	52	28	1	31.71	31.71	31.71
juego3	easy	0.0	0.008	1032	400	282	334	52	28	1	31.7	31.7	31.7
juego3	easy	0.0	0.008	1041	400	282	334	52	28	1	31.7	31.7	31.7
juego3	easy	0.0	0.008	0	400	282	334	52	29	1	31.7	31.7	31.7
juego3	easy	-60.0	0.008	8	400	382	334	-48	29	1	31.7	31.7	31.7
juego3	easy	-60.0	0.008	18	400	382	334	-48	29	1	31.7	31.7	31.7
juego3	easy	-60.0	0.008	26	400	382	334	-48	29	1	31.71	31.71	31.71
juego3	easy	-60.0	0.008	34	400	382	334	-48	29	1	31.7	31.7	31.7
juego3	easy	-60.0	0.008	42	400	382	334	-48	29	1	31.7	31.7	31.7
juego3	easy	-60.0	0.008	50	400	382	334	-48	29	1	31.7	31.7	31.7
juego3	easy	-60.0	0.008	58	400	382	334	-48	29	1	31.7	31.7	31.7
juego3	easy	-60.0	0.008	66	400	382	334	-48	29	1	31.7	31.7	31.7
juego3	easy	-60.0	0.008	75	400	382	334	-48	29	1	31.71	31.71	31.71
juego3	easy	-60.0	0.008	84	400	382	334	-48	29	1	31.71	31.71	31.71
juego3	easy	-60.0	0.008	92	400	382	334	-48	29	1	31.71	31.71	31.71
juego3	easy	-60.0	0.008	101	400	382	334	-48	29	1	31.71	31.71	31.71
juego3	easy	-60.0	0.008	111	400	382	334	-48	29	1	31.7	31.7	31.7
juego3	easy	-60.0	0.008	119	400	382	334	-48	29	1	31.7	31.7	31.7
juego3	easy	-60.0	0.008	127	400	382	334	-48	29	1	31.7	31.7	31.7
juego3	easy	-60.0	0.008	135	400	382	334	-48	29	1	31.71	31.71	31.71
juego3	easy	-60.0	0.008	144	400	382	334	-48	29	1	31.7	31.7	31.7
juego3	easy	-60.0	0.008	153	400	382	334	-48	29	1	31.7	31.7	31.7
juego3	easy	-60.0	0.008	162	400	382	334	-48	29	1	31.7	31.7	31.7
juego3	easy	-60.0	0.008	170	400	382	334	-48	29	1	31.7	31.7	31.7
juego3	easy	-60.0	0.008	178	400	382	334	-48	29	1	31.71	31.71	31.71
juego3	easy	-60.0	0.008	187	400	382	334	-48	29	1	31.71	31.71	31.71
juego3	easy	-60.0	0.008	195	400	382	334	-48	29	1	31.71	31.71	31.71
juego3	easy	-60.0	0.008	204	400	382	334	-48	29	1	31.71	31.71	31.71
juego3	easy	-60.0	0.008	213	400	382	334	-48	29	1	31.71	31.71	31.71
juego3	easy	-60.0	0.008	221	400	382	334	-48	29	1	31.71	31.71	31.71
juego3	easy	-60.0	0.008	229	400	382	334	-48	29	1	31.72	31.72	31.72
juego3	easy	-60.0	0.008	238	400	382	334	-48	29	1	31.72	31.72	31.72
juego3	easy	-60.0	0.008	247	400	382	334	-48	29	1	31.71	31.71	31.71
juego3	easy	-60.0	0.008	255	400	382	334	-48	29	1	31.72	31.72	31.72
juego3	easy	-60.0	0.008	264	400	382	334	-48	29	1	31.71	31.71	31.71
juego3	easy	-60.0	0.008	272	400	382	334	-48	29	1	31.71	31.71	31.71
juego3	easy	-60.0	0.008	281	400	382	334	-48	29	1	31.71	31.71	31.71
juego3	easy	-60.0	0.008	290	400	382	334	-48	29	1	31.72	31.72	31.72
juego3	easy	-60.0	0.008	299	400	382	334	-48	29	1	31.71	31.71	31.71
juego3	easy	-60.0	0.008	308	400	382	334	-48	29	1	31.72	31.72	31.72
juego3	easy	-60.0	0.008	317	400	382	334	-48	29	1	31.72	31.72	31.72
juego3	easy	-60.0	0.008	327	400	382	334	-48	29	1	31.72	31.72	31.72
juego3	easy	-60.0	0.008	334	400	382	334	-48	29	1	31.72	31.72	31.72
juego3	easy	-60.0	0.008	343	400	382	334	-48	29	1	31.72	31.72	31.72
juego3	easy	-60.0	0.008	352	400	382	334	-48	29	1	31.71	31.71	31.71
juego3	easy	-60.0	0.008	360	400	382	334	-48	29	1	31.72	31.72	31.72
juego3	easy	-60.0	0.008	369	400	382	334	-48	29	1	31.71	31.71	31.71
juego3	easy	-60.0	0.008	377	400	382	334	-48	29	1	31.72	31.72	31.72
juego3	easy	-60.0	0.008	385	400	382	334	-48	29	1	31.72	31.72	31.72
juego3	easy	-60.0	0.008	394	400	382	334	-48	29	1	31.72	31.72	31.72
juego3	easy	-60.0	0.008	403	400	382	334	-48	29	1	31.72	31.72	31.72
juego3	easy	-60.0	0.008	412	400	382	334	-48	29	1	31.72	31.72	31.72
juego3	easy	-60.0	0.008	420	400	382	334	-48	29	1	31.72	31.72	31.72
juego3	easy	-60.0	0.008	429	400	382	334	-48	29	1	31.72	31.72	31.72
juego3	easy	-60.0	0.008	437	400	382	334	-48	29	1	31.72	31.72	31.72
juego3	easy	-60.0	0.008	446	400	382	334	-48	29	1	31.72	31.72	31.72
juego3	easy	-60.0	0.008	455	400	382	334	-48	29	1	31.72	31.72	31.72
juego3	easy	-60.0	0.008	464	400	382	334	-48	29	1	31.71	31.71	31.71
juego3	easy	-60.0	0.008	473	400	382	334	-48	29	1	31.71	31.71	31.71
juego3	easy	-60.0	0.008	482	400	382	334	-48	29	1	31.71	31.71	31.71
juego3	easy	-60.0	0.008	490	400	382	334	-48	29	1	31.72	31.72	31.72
juego3	easy	-60.0	0.008	500	400	382	334	-48	29	1	31.71	31.71	31.71
juego3	easy	-60.0	0.008	509	400	382	334	-48	29	1	31.71	31.71	31.71
juego3	easy	-60.0	0.008	518	400	382	334	-48	29	1	31.72	31.72	31.72
juego3	easy	-60.0	0.008	527	400	382	334	-48	29	1	31.72	31.72	31.72
juego3	easy	-60.0	0.008	535	400	382	334	-48	29	1	31.72	31.72	31.72
juego3	easy	-60.0	0.008	544	400	382	334	-48	29	1	31.72	31.72	31.72
juego3	easy	-60.0	0.008	553	400	382	334	-48	29	1	31.72	31.72	31.72
juego3	easy	-60.0	0.008	562	400	382	334	-48	29	1	31.72	31.72	31.72
juego3	easy	-60.0	0.008	571	400	382	334	-48	29	1	31.72	31.72	31.72
juego3	easy	-60.0	0.008	579	400	382	334	-48	29	1	31.72	31.72	31.72
juego3	easy	-60.0	0.008	589	400	382	334	-48	29	1	31.72	31.72	31.72
juego3	easy	-60.0	0.008	597	400	382	334	-48	29	1	31.72	31.72	31.72
juego3	easy	-60.0	0.008	605	400	382	334	-48	29	1	31.71	31.71	31.71
juego3	easy	-60.0	0.008	613	400	382	334	-48	29	1	31.72	31.72	31.72
juego3	easy	-60.0	0.008	622	400	382	334	-48	29	1	31.72	31.72	31.72
juego3	easy	-60.0	0.008	630	400	382	334	-48	29	1	31.71	31.71	31.71
juego3	easy	-60.0	0.008	639	400	382	334	-48	29	1	31.72	31.72	31.72
juego3	easy	-60.0	0.008	648	400	382	334	-48	29	1	31.72	31.72	31.72
juego3	easy	-60.0	0.008	657	400	382	334	-48	29	1	31.71	31.71	31.71
juego3	easy	-60.0	0.008	666	400	382	334	-48	29	1	31.71	31.71	31.71
juego3	easy	-60.0	0.008	675	400	382	334	-48	29	1	31.71	31.71	31.71
juego3	easy	-60.0	0.008	683	400	382	334	-48	29	1	31.72	31.72	31.72
juego3	easy	-60.0	0.008	691	400	382	334	-48	29	1	31.71	31.71	31.71
juego3	easy	-60.0	0.008	699	400	382	334	-48	29	1	31.71	31.71	31.71
juego3	easy	-60.0	0.008	707	400	382	334	-48	29	1	31.72	31.72	31.72
juego3	easy	-60.0	0.008	717	400	382	334	-48	29	1	31.72	31.72	31.72
juego3	easy	-60.0	0.008	726	400	382	334	-48	29	1	31.72	31.72	31.72
juego3	easy	-60.0	0.008	733	400	382	334	-48	29	1	31.72	31.72	31.72
juego3	easy	-60.0	0.008	742	400	382	334	-48	29	1	31.71	31.71	31.71
juego3	easy	-60.0	0.008	751	400	382	334	-48	29	1	31.71	31.71	31.71
juego3	easy	-60.0	0.008	760	400	382	334	-48	29	1	31.71	31.71	31.71
juego3	easy	-60.0	0.008	768	400	382	334	-48	29	1	31.71	31.71	31.71
juego3	easy	-60.0	0.008	777	400	382	334	-48	29	1	31.71	31.71	31.71
juego3	easy	-60.0	0.008	785	400	382	334	-48	29	1	31.72	31.72	31.72
juego3	easy	-60.0	0.008	794	400	382	334	-48	29	1	31.72	31.72	31.72
juego3	easy	-60.0	0.008	803	400	382	334	-48	29	1	31.72	31.72	31.72
juego3	easy	-60.0	0.008	812	400	382	334	-48	29	1	31.71	31.71	31.71
juego3	easy	-60.0	0.008	821	400	382	334	-48	29	1	31.72	31.72	31.72
juego3	easy	-60.0	0.008	829	400	382	334	-48	29	1	31.72	31.72	31.72
juego3	easy	-60.0	0.008	838	400	382	334	-48	29	1	31.73	31.73	31.73
juego3	easy	-60.0	0.008	847	400	382	334	-48	29	1	31.73	31.73	31.73
juego3	easy	-60.0	0.008	855	400	382	334	-48	29	1	31.73	31.73	31.73
juego3	easy	-60.0	0.008	864	400	382	334	-48	29	1	31.73	31.73	31.73
juego3	easy	-60.0	0.008	873	400	382	334	-48	29	1	31.73	31.73	31.73
juego3	easy	-60.0	0.008	881	400	382	334	-48	29	1	31.73	31.73	31.73
juego3	easy	-60.0	0.008	890	400	382	334	-48	29	1	31.73	31.73	31.73
juego3	easy	-60.0	0.008	899	400	382	334	-48	29	1	31.73	31.73	31.73
juego3	easy	-60.0	0.008	908	400	382	334	-48	29	1	31.73	31.73	31.73
juego3	easy	-60.0	0.008	916	400	382	334	-48	29	1	31.73	31.73	31.73
juego3	easy	-60.0	0.008	925	400	382	334	-48	29	1	31.73	31.73	31.73
juego3	easy	-60.0	0.008	933	400	382	334	-48	29	1	31.73	31.73	31.73
juego3	easy	-60.0	0.008	943	400	382	334	-48	29	1	31.73	31.73	31.73
juego3	easy	-60.0	0.008	952	400	382	334	-48	29	1	31.73	31.73	31.73
juego3	easy	-60.0	0.008	960	400	382	334	-48	29	1	31.73	31.73	31.73
juego3	easy	-60.0	0.008	968	400	382	334	-48	29	1	31.73	31.73	31.73
juego3	easy	-60.0	0.008	976	400	382	334	-48	29	1	31.73	31.73	31.73
juego3	easy	-60.0	0.008	984	400	382	334	-48	29	1	31.73	31.73	31.73
juego3	easy	-60.0	0.008	993	400	382	334	-48	29	1	31.73	31.73	31.73
juego3	easy	-60.0	0.008	1003	400	382	334	-48	29	1	31.73	31.73	31.73
juego3	easy	-60.0	0.008	1011	400	382	334	-48	29	1	31.73	31.73	31.73
juego3	easy	-60.0	0.008	1020	400	382	334	-48	29	1	31.73	31.73	31.73
juego3	easy	-60.0	0.008	1028	400	382	334	-48	29	1	31.73	31.73	31.73
juego3	easy	-60.0	0.008	0	400	382	334	-48	30	1	31.73	31.73	31.73
juego3	easy	0.0	0.008	9	400	282	334	52	30	1	31.73	31.73	31.73
juego3	easy	0.0	0.008	17	400	282	334	52	30	1	31.73	31.73	31.73
juego3	easy	0.0	0.008	25	400	282	334	52	30	1	31.73	31.73	31.73
juego3	easy	0.0	0.008	34	400	282	334	52	30	1	31.73	31.73	31.73
juego3	easy	0.0	0.008	43	400	282	334	52	30	1	31.73	31.73	31.73
juego3	easy	0.0	0.008	53	400	282	334	52	30	1	31.73	31.73	31.73
juego3	easy	0.0	0.008	61	400	282	334	52	30	1	31.73	31.73	31.73
juego3	easy	0.0	0.008	70	400	282	334	52	30	1	31.73	31.73	31.73
juego3	easy	0.0	0.008	79	400	282	334	52	30	1	31.73	31.73	31.73
juego3	easy	0.0	0.008	87	400	282	334	52	30	1	31.73	31.73	31.73
juego3	easy	0.0	0.008	96	400	282	334	52	30	1	31.73	31.73	31.73
juego3	easy	0.0	0.008	104	400	282	334	52	30	1	31.73	31.73	31.73
juego3	easy	0.0	0.008	112	400	282	334	52	30	1	31.73	31.73	31.73
juego3	easy	0.0	0.008	122	400	282	334	52	30	1	31.73	31.73	31.73
juego3	easy	0.0	0.008	131	400	282	334	52	30	1	31.73	31.73	31.73
juego3	easy	0.0	0.008	140	400	282	334	52	30	1	31.73	31.73	31.73
juego3	easy	0.0	0.008	149	400	282	334	52	30	1	31.73	31.73	31.73
juego3	easy	0.0	0.008	158	400	282	334	52	30	1	31.73	31.73	31.73
juego3	easy	0.0	0.008	166	400	282	334	52	30	1	31.73	31.73	31.73
juego3	easy	0.0	0.008	174	400	282	334	52	30	1	31.73	31.73	31.73
juego3	easy	0.0	0.008	183	400	282	334	52	30	1	31.73	31.73	31.73
juego3	easy	0.0	0.008	191	400	282	334	52	30	1	31.73	31.73	31.73
juego3	easy	0.0	0.008	200	400	282	334	52	30	1	31.73	31.73	31.73
juego3	easy	0.0	0.008	209	400	282	334	52	30	1	31.73	31.73	31.73
juego3	easy	0.0	0.008	219	400	282	334	52	30	1	31.73	31.73	31.73
juego3	easy	0.0	0.008	227	400	282	334	52	30	1	31.73	31.73	31.73
juego3	easy	0.0	0.008	236	400	282	334	52	30	1	31.73	31.73	31.73
juego3	easy	0.0	0.008	244	400	282	334	52	30	1	31.73	31.73	31.73
juego3	easy	0.0	0.008	253	400	282	334	52	30	1	31.73	31.73	31.73
juego3	easy	0.0	0.008	261	400	282	334	52	30	1	31.73	31.73	31.73
juego3	easy	0.0	0.008	271	400	282	334	52	30	1	31.73	31.73	31.73
juego3	easy	0.0	0.008	280	400	282	334	52	30	1	31.73	31.73	31.73
juego3	easy	0.0	0.008	289	400	282	334	52	30	1	31.73	31.73	31.73
juego3	easy	0.0	0.008	297	400	282	334	52	30	1	31.73	31.73	31.73
juego3	easy	0.0	0.008	305	400	282	334	52	30	1	31.73	31.73	31.73
juego3	easy	0.0	0.008	313	400	282	334	52	30	1	31.73	31.73	31.73
juego3	easy	0.0	0.008	321	400	282	334	52	30	1	31.73	31.73	31.73
juego3	easy	0.0	0.008	330	400	282	334	52	30	1	31.73	31.73	31.73
juego3	easy	0.0	0.008	339	400	282	334	52	30	1	31.73	31.73	31.73
juego3	easy	0.0	0.008	347	400	282	334	52	30	1	31.73	31.73	31.73
juego3	easy	0.0	0.008	355	400	282	334	52	30	1	31.73	31.73	31.73
juego3	easy	0.0	0.008	364	400	282	334	52	30	1	31.73	31.73	31.73
juego3	easy	0.0	0.008	373	400	282	334	52	30	1	31.73	31.73	31.73
juego3	easy	0.0	0.008	382	400	282	334	52	30	1	31.73	31.73	31.73
juego3	easy	0.0	0.008	390	400	282	334	52	30	1	31.73	31.73	31.73
juego3	easy	0.0	0.008	400	400	282	334	52	30	1	31.73	31.73	31.73
juego3	easy	0.0	0.008	408	400	282	334	52	30	1	31.73	31.73	31.73
juego3	easy	0.0	0.008	417	400	282	334	52	30	1	31.73	31.73	31.73
juego3	easy	0.0	0.008	425	400	282	334	52	30	1	31.73	31.73	31.73
juego3	easy	0.0	0.008	433	400	282	334	52	30	1	31.73	31.73	31.73
juego3	easy	0.0	0.008	440	400	282	334	52	30	1	31.73	31.73	31.73
juego3	easy	0.0	0.008	449	400	282	334	52	30	1	31.73	31.73	31.73
juego3	easy	0.0	0.008	457	400	282	334	52	30	1	31.73	31.73	31.73
juego3	easy	0.0	0.008	466	400	282	334	52	30	1	31.73	31.73	31.73
juego3	easy	0.0	0.008	475	400	282	334	52	30	1	31.73	31.73	31.73
juego3	easy	0.0	0.008	484	400	282	334	52	30	1	31.73	31.73	31.73
juego3	easy	0.0	0.008	492	400	282	334	52	30	1	31.73	31.73	31.73
juego3	easy	0.0	0.008	501	400	282	334	52	30	1	31.72	31.72	31.72
juego3	easy	0.0	0.008	511	400	282	334	52	30	1	31.73	31.73	31.73
juego3	easy	0.0	0.008	520	400	282	334	52	30	1	31.72	31.72	31.72
juego3	easy	0.0	0.008	528	400	282	334	52	30	1	31.72	31.72	31.72
juego3	easy	0.0	0.008	538	400	282	334	52	30	1	31.72	31.72	31.72
juego3	easy	0.0	0.008	545	400	282	334	52	30	1	31.72	31.72	31.72
juego3	easy	0.0	0.008	554	400	282	334	52	30	1	31.72	31.72	31.72
juego3	easy	0.0	0.008	563	400	282	334	52	30	1	31.73	31.73	31.73
juego3	easy	0.0	0.008	572	400	282	334	52	30	1	31.72	31.72	31.72
juego3	easy	0.0	0.008	581	400	282	334	52	30	1	31.73	31.73	31.73
juego3	easy	0.0	0.008	591	400	282	334	52	30	1	31.72	31.72	31.72
juego3	easy	0.0	0.008	599	400	282	334	52	30	1	31.72	31.72	31.72
juego3	easy	0.0	0.008	608	400	282	334	52	30	1	31.73	31.73	31.73
juego3	easy	0.0	0.008	617	400	282	334	52	30	1	31.72	31.72	31.72
juego3	easy	0.0	0.008	626	400	282	334	52	30	1	31.72	31.72	31.72
juego3	easy	0.0	0.008	635	400	282	334	52	30	1	31.72	31.72	31.72
juego3	easy	0.0	0.008	644	400	282	334	52	30	1	31.72	31.72	31.72
juego3	easy	0.0	0.008	653	400	282	334	52	30	1	31.73	31.73	31.73
juego3	easy	0.0	0.008	663	400	282	334	52	30	1	31.72	31.72	31.72
juego3	easy	0.0	0.008	671	400	282	334	52	30	1	31.72	31.72	31.72
juego3	easy	0.0	0.008	680	400	282	334	52	30	1	31.72	31.72	31.72
juego3	easy	0.0	0.008	690	400	282	334	52	30	1	31.72	31.72	31.72
juego3	easy	0.0	0.008	698	400	282	334	52	30	1	31.71	31.71	31.71
juego3	easy	0.0	0.008	707	400	282	334	52	30	1	31.71	31.71	31.71
juego3	easy	0.0	0.008	716	400	282	334	52	30	1	31.72	31.72	31.72
juego3	easy	0.0	0.008	725	400	282	334	52	30	1	31.72	31.72	31.72
juego3	easy	0.0	0.008	734	400	282	334	52	30	1	31.72	31.72	31.72
juego3	easy	0.0	0.008	744	400	282	334	52	30	1	31.72	31.72	31.72
juego3	easy	0.0	0.008	752	400	282	334	52	30	1	31.72	31.72	31.72
juego3	easy	0.0	0.008	760	400	282	334	52	30	1	31.72	31.72	31.72
juego3	easy	0.0	0.008	769	400	282	334	52	30	1	31.71	31.71	31.71
juego3	easy	0.0	0.008	779	400	282	334	52	30	1	31.72	31.72	31.72
juego3	easy	0.0	0.008	787	400	282	334	52	30	1	31.71	31.71	31.71
juego3	easy	0.0	0.008	796	400	282	334	52	30	1	31.72	31.72	31.72
juego3	easy	0.0	0.008	804	400	282	334	52	30	1	31.71	31.71	31.71
juego3	easy	0.0	0.008	813	400	282	334	52	30	1	31.71	31.71	31.71
juego3	easy	0.0	0.008	823	400	282	334	52	30	1	31.71	31.71	31.71
juego3	easy	0.0	0.008	831	400	282	334	52	30	1	31.71	31.71	31.71
juego3	easy	0.0	0.008	840	400	282	334	52	30	1	31.71	31.71	31.71
juego3	easy	0.0	0.008	849	400	282	334	52	30	1	31.71	31.71	31.71
juego3	easy	0.0	0.008	859	400	282	334	52	30	1	31.71	31.71	31.71
juego3	easy	0.0	0.008	867	400	282	334	52	30	1	31.71	31.71	31.71
juego3	easy	0.0	0.008	876	400	282	334	52	30	1	31.71	31.71	31.71
juego3	easy	0.0	0.008	885	400	282	334	52	30	1	31.72	31.72	31.72
juego3	easy	0.0	0.008	894	400	282	334	52	30	1	31.71	31.71	31.71
juego3	easy	0.0	0.008	903	400	282	334	52	30	1	31.71	31.71	31.71
juego3	easy	0.0	0.008	912	400	282	334	52	30	1	31.72	31.72	31.72
juego3	easy	0.0	0.008	921	400	282	334	52	30	1	31.72	31.72	31.72
juego3	easy	0.0	0.008	930	400	282	334	52	30	1	31.72	31.72	31.72
juego3	easy	0.0	0.008	939	400	282	334	52	30	1	31.72	31.72	31.72
juego3	easy	0.0	0.008	948	400	282	334	52	30	1	31.71	31.71	31.71
juego3	easy	0.0	0.008	956	400	282	334	52	30	1	31.71	31.71	31.71
juego3	easy	0.0	0.008	965	400	282	334	52	30	1	31.71	31.71	31.71
juego3	easy	0.0	0.008	975	400	282	334	52	30	1	31.71	31.71	31.71
juego3	easy	0.0	0.008	983	400	282	334	52	30	1	31.71	31.71	31.71
juego3	easy	0.0	0.008	992	400	282	334	52	30	1	31.71	31.71	31.71
juego3	easy	0.0	0.008	1002	400	282	334	52	30	1	31.71	31.71	31.71
juego3	easy	0.0	0.008	1010	400	282	334	52	30	1	31.71	31.71	31.71
juego3	easy	0.0	0.008	1020	400	282	334	52	30	1	31.7	31.7	31.7
juego3	easy	0.0	0.008	1027	400	282	334	52	30	1	31.7	31.7	31.7
juego3	easy	0.0	0.008	1036	400	282	334	52	30	1	31.7	31.7	31.7
juego3	easy	0.0	0.008	1044	400	282	334	52	30	1	31.71	31.71	31.71
juego3	easy	0.0	0.008	0	400	282	334	52	31	0	31.71	31.71	31.71
juego3	easy	-60.0	0.008	8	400	382	334	-48	31	0	31.71	31.71	31.71
juego3	easy	-60.0	0.008	16	400	382	334	-48	31	0	31.71	31.71	31.71
juego3	easy	-60.0	0.008	24	400	382	334	-48	31	0	31.71	31.71	31.71
juego3	easy	-60.0	0.008	33	400	382	334	-48	31	0	31.71	31.71	31.71
juego3	easy	-60.0	0.008	41	400	382	334	-48	31	0	31.71	31.71	31.71
juego3	easy	-60.0	0.008	50	400	382	334	-48	31	0	31.71	31.71	31.71
juego3	easy	-60.0	0.008	58	400	382	334	-48	31	0	31.71	31.71	31.71
juego3	easy	-60.0	0.008	68	400	382	334	-48	31	0	31.71	31.71	31.71
juego3	easy	-60.0	0.008	77	400	382	334	-48	31	0	31.71	31.71	31.71
juego3	easy	-60.0	0.008	86	400	382	334	-48	31	0	31.71	31.71	31.71
juego3	easy	-60.0	0.008	94	400	382	334	-48	31	0	31.7	31.7	31.7
juego3	easy	-60.0	0.008	104	400	382	334	-48	31	0	31.7	31.7	31.7
juego3	easy	-60.0	0.008	113	400	382	334	-48	31	0	31.7	31.7	31.7
juego3	easy	-60.0	0.008	121	400	382	334	-48	31	0	31.7	31.7	31.7
juego3	easy	-60.0	0.008	131	400	382	334	-48	31	0	31.7	31.7	31.7
juego3	easy	-60.0	0.008	139	400	382	334	-48	31	0	31.71	31.71	31.71
juego3	easy	-60.0	0.008	148	400	382	334	-48	31	0	31.7	31.7	31.7
juego3	easy	-60.0	0.008	156	400	382	334	-48	31	0	31.71	31.71	31.71
juego3	easy	-60.0	0.008	166	400	382	334	-48	31	0	31.71	31.71	31.71
juego3	easy	-60.0	0.008	174	400	382	334	-48	31	0	31.71	31.71	31.71
juego3	easy	-60.0	0.008	183	400	382	334	-48	31	0	31.71	31.71	31.71
juego3	easy	-60.0	0.008	192	400	382	334	-48	31	0	31.71	31.71	31.71
juego3	easy	-60.0	0.008	201	400	382	334	-48	31	0	31.71	31.71	31.71
juego3	easy	-60.0	0.008	211	400	382	334	-48	31	0	31.71	31.71	31.71
juego3	easy	-60.0	0.008	219	400	382	334	-48	31	0	31.71	31.71	31.71
juego3	easy	-60.0	0.008	228	400	382	334	-48	31	0	31.72	31.72	31.72
juego3	easy	-60.0	0.008	238	400	382	334	-48	31	0	31.71	31.71	31.71
juego3	easy	-60.0	0.008	246	400	382	334	-48	31	0	31.72	31.72	31.72
juego3	easy	-60.0	0.008	255	400	382	334	-48	31	0	31.71	31.71	31.71
juego3	easy	-60.0	0.008	263	400	382	334	-48	31	0	31.71	31.71	31.71
juego3	easy	-60.0	0.008	273	400	382	334	-48	31	0	31.71	31.71	31.71
juego3	easy	-60.0	0.008	282	400	382	334	-48	31	0	31.71	31.71	31.71
juego3	easy	-60.0	0.008	290	400	382	334	-48	31	0	31.71	31.71	31.71
juego3	easy	-60.0	0.008	299	400	382	334	-48	31	0	31.71	31.71	31.71
juego3	easy	-60.0	0.008	308	400	382	334	-48	31	0	31.71	31.71	31.71
juego3	easy	-60.0	0.008	316	400	382	334	-48	31	0	31.71	31.71	31.71
juego3	easy	-60.0	0.008	325	400	382	334	-48	31	0	31.71	31.71	31.71
juego3	easy	-60.0	0.008	334	400	382	334	-48	31	0	31.71	31.71	31.71
juego3	easy	-60.0	0.008	343	400	382	334	-48	31	0	31.7	31.7	31.7
juego3	easy	-60.0	0.008	351	400	382	334	-48	31	0	31.7	31.7	31.7
juego3	easy	-60.0	0.008	361	400	382	334	-48	31	0	31.7	31.7	31.7
juego3	easy	-60.0	0.008	370	400	382	334	-48	31	0	31.7	31.7	31.7
juego3	easy	-60.0	0.008	378	400	382	334	-48	31	0	31.7	31.7	31.7
juego3	easy	-60.0	0.008	388	400	382	334	-48	31	0	31.7	31.7	31.7
juego3	easy	-60.0	0.008	396	400	382	334	-48	31	0	31.7	31.7	31.7
juego3	easy	-60.0	0.008	406	400	382	334	-48	31	0	31.7	31.7	31.7
juego3	easy	-60.0	0.008	415	400	382	334	-48	31	0	31.7	31.7	31.7
juego3	easy	-60.0	0.008	424	400	382	334	-48	31	0	31.7	31.7	31.7
juego3	easy	-60.0	0.008	433	400	382	334	-48	31	0	31.7	31.7	31.7
juego3	easy	-60.0	0.008	441	400	382	334	-48	31	0	31.65	31.65	31.65
juego3	easy	-60.0	0.008	451	400	382	334	-48	31	0	31.65	31.65	31.65
juego3	easy	-60.0	0.008	458	400	382	334	-48	31	0	31.65	31.65	31.65
juego3	easy	-60.0	0.008	467	400	382	334	-48	31	0	31.65	31.65	31.65
juego3	easy	-60.0	0.008	476	400	382	334	-48	31	0	31.65	31.65	31.65
juego3	easy	-60.0	0.008	485	400	382	334	-48	31	0	31.65	31.65	31.65
juego3	easy	-60.0	0.008	494	400	382	334	-48	31	0	31.65	31.65	31.65
juego3	easy	-60.0	0.008	502	400	382	334	-48	31	0	31.65	31.65	31.65
juego3	easy	-60.0	0.008	510	400	382	334	-48	31	0	31.65	31.65	31.65
juego3	easy	-60.0	0.008	520	400	382	334	-48	31	0	31.65	31.65	31.65
juego3	easy	-60.0	0.008	528	400	382	334	-48	31	0	31.65	31.65	31.65
juego3	easy	-60.0	0.008	537	400	382	334	-48	31	0	31.65	31.65	31.65
juego3	easy	-60.0	0.008	545	400	382	334	-48	31	0	31.65	31.65	31.65
juego3	easy	-60.0	0.008	554	400	382	334	-48	31	0	31.65	31.65	31.65
juego3	easy	-60.0	0.008	563	400	382	334	-48	31	0	31.65	31.65	31.65
juego3	easy	-60.0	0.008	571	400	382	334	-48	31	0	31.65	31.65	31.65
juego3	easy	-60.0	0.008	579	400	382	334	-48	31	0	31.65	31.65	31.65
juego3	easy	-60.0	0.008	589	400	382	334	-48	31	0	31.65	31.65	31.65
juego3	easy	-60.0	0.008	597	400	382	334	-48	31	0	31.65	31.65	31.65
juego3	easy	-60.0	0.008	606	400	382	334	-48	31	0	31.65	31.65	31.65
juego3	easy	-60.0	0.008	614	400	382	334	-48	31	0	31.65	31.65	31.65
juego3	easy	-60.0	0.008	623	400	382	334	-48	31	0	31.65	31.65	31.65
juego3	easy	-60.0	0.008	631	400	382	334	-48	31	0	31.65	31.65	31.65
juego3	easy	-60.0	0.008	639	400	382	334	-48	31	0	31.65	31.65	31.65
juego3	easy	-60.0	0.008	648	400	382	334	-48	31	0	31.65	31.65	31.65
juego3	easy	-60.0	0.008	656	400	382	334	-48	31	0	31.65	31.65	31.65
juego3	easy	-60.0	0.008	665	400	382	334	-48	31	0	31.65	31.65	31.65
juego3	easy	-60.0	0.008	674	400	382	334	-48	31	0	31.65	31.65	31.65
juego3	easy	-60.0	0.008	683	400	382	334	-48	31	0	31.65	31.65	31.65
juego3	easy	-60.0	0.008	692	400	382	334	-48	31	0	31.65	31.65	31.65
juego3	easy	-60.0	0.008	701	400	382	334	-48	31	0	31.65	31.65	31.65
juego3	easy	-60.0	0.008	710	400	382	334	-48	31	0	31.65	31.65	31.65
juego3	easy	-60.0	0.008	719	400	382	334	-48	31	0	31.65	31.65	31.65
juego3	easy	-60.0	0.008	727	400	382	334	-48	31	0	31.65	31.65	31.65
juego3	easy	-60.0	0.008	736	400	382	334	-48	31	0	31.65	31.65	31.65
juego3	easy	-60.0	0.008	746	400	382	334	-48	31	0	31.65	31.65	31.65
juego3	easy	-60.0	0.008	754	400	382	334	-48	31	0	31.65	31.65	31.65
juego3	easy	-60.0	0.008	763	400	382	334	-48	31	0	31.65	31.65	31.65
juego3	easy	-60.0	0.008	772	400	382	334	-48	31	0	31.65	31.65	31.65
juego3	easy	-60.0	0.008	781	400	382	334	-48	31	0	31.65	31.65	31.65
juego3	easy	-60.0	0.008	790	400	382	334	-48	31	0	31.65	31.65	31.65
juego3	easy	-60.0	0.008	798	400	382	334	-48	31	0	31.65	31.65	31.65
juego3	easy	-60.0	0.008	806	400	382	334	-48	31	0	31.65	31.65	31.65
juego3	easy	-60.0	0.008	815	400	382	334	-48	31	0	31.65	31.65	31.65
juego3	easy	-60.0	0.008	825	400	382	334	-48	31	0	31.65	31.65	31.65
juego3	easy	-60.0	0.008	832	400	382	334	-48	31	0	31.65	31.65	31.65
juego3	easy	-60.0	0.008	841	400	382	334	-48	31	0	31.65	31.65	31.65
juego3	easy	-60.0	0.008	850	400	382	334	-48	31	0	31.65	31.65	31.65
juego3	easy	-60.0	0.008	858	400	382	334	-48	31	0	31.65	31.65	31.65
juego3	easy	-60.0	0.008	867	400	382	334	-48	31	0	31.65	31.65	31.65
juego3	easy	-60.0	0.008	876	400	382	334	-48	31	0	31.65	31.65	31.65
juego3	easy	-60.0	0.008	885	400	382	334	-48	31	0	31.65	31.65	31.65
juego3	easy	-60.0	0.008	895	400	382	334	-48	31	0	31.65	31.65	31.65
juego3	easy	-60.0	0.008	904	400	382	334	-48	31	0	31.65	31.65	31.65
juego3	easy	-60.0	0.008	912	400	382	334	-48	31	0	31.65	31.65	31.65
juego3	easy	-60.0	0.008	921	400	382	334	-48	31	0	31.65	31.65	31.65
juego3	easy	-60.0	0.008	930	400	382	334	-48	31	0	31.65	31.65	31.65
juego3	easy	-60.0	0.008	939	400	382	334	-48	31	0	31.65	31.65	31.65
juego3	easy	-60.0	0.008	950	400	382	334	-48	31	0	31.65	31.65	31.65
juego3	easy	-60.0	0.008	957	400	382	334	-48	31	0	31.65	31.65	31.65
juego3	easy	-60.0	0.008	966	400	382	334	-48	31	0	31.65	31.65	31.65
juego3	easy	-60.0	0.008	975	400	382	334	-48	31	0	31.65	31.65	31.65
juego3	easy	-60.0	0.008	983	400	382	334	-48	31	0	31.65	31.65	31.65
juego3	easy	-60.0	0.008	992	400	382	334	-48	31	0	31.65	31.65	31.65
juego3	easy	-60.0	0.008	1000	400	382	334	-48	31	0	31.65	31.65	31.65
juego3	easy	-60.0	0.008	1009	400	382	334	-48	31	0	31.65	31.65	31.65
juego3	easy	-60.0	0.008	1018	400	382	334	-48	31	0	31.65	31.65	31.65
juego3	easy	-60.0	0.008	1027	400	382	334	-48	31	0	31.65	31.65	31.65
juego3	easy	-60.0	0.008	1036	400	382	334	-48	31	0	31.65	31.65	31.65
juego3	easy	-60.0	0.008	1045	400	382	334	-48	31	0	31.65	31.65	31.65
juego3	easy	-60.0	0.008	0	400	382	334	-48	32	1	31.65	31.65	31.65
juego3	easy	0.0	0.008	9	400	282	334	52	32	1	31.65	31.65	31.65
juego3	easy	0.0	0.008	18	400	282	334	52	32	1	31.65	31.65	31.65
juego3	easy	0.0	0.008	27	400	282	334	52	32	1	31.65	31.65	31.65
juego3	easy	0.0	0.008	35	400	282	334	52	32	1	31.65	31.65	31.65
juego3	easy	0.0	0.008	43	400	282	334	52	32	1	31.65	31.65	31.65
juego3	easy	0.0	0.008	52	400	282	334	52	32	1	31.65	31.65	31.65
juego3	easy	0.0	0.008	60	400	282	334	52	32	1	31.65	31.65	31.65
juego3	easy	0.0	0.008	70	400	282	334	52	32	1	31.65	31.65	31.65
juego3	easy	0.0	0.008	79	400	282	334	52	32	1	31.65	31.65	31.65
juego3	easy	0.0	0.008	87	400	282	334	52	32	1	31.65	31.65	31.65
juego3	easy	0.0	0.008	96	400	282	334	52	32	1	31.65	31.65	31.65
juego3	easy	0.0	0.008	105	400	282	334	52	32	1	31.65	31.65	31.65
juego3	easy	0.0	0.008	114	400	282	334	52	32	1	31.65	31.65	31.65
juego3	easy	0.0	0.008	122	400	282	334	52	32	1	31.65	31.65	31.65
juego3	easy	0.0	0.008	131	400	282	334	52	32	1	31.65	31.65	31.65
juego3	easy	0.0	0.008	141	400	282	334	52	32	1	31.65	31.65	31.65
juego3	easy	0.0	0.008	150	400	282	334	52	32	1	31.65	31.65	31.65
juego3	easy	0.0	0.008	158	400	282	334	52	32	1	31.65	31.65	31.65
juego3	easy	0.0	0.008	168	400	282	334	52	32	1	31.65	31.65	31.65
juego3	easy	0.0	0.008	176	400	282	334	52	32	1	31.65	31.65	31.65
juego3	easy	0.0	0.008	184	400	282	334	52	32	1	31.65	31.65	31.65
juego3	easy	0.0	0.008	193	400	282	334	52	32	1	31.65	31.65	31.65
juego3	easy	0.0	0.008	201	400	282	334	52	32	1	31.65	31.65	31.65
juego3	easy	0.0	0.008	210	400	282	334	52	32	1	31.65	31.65	31.65
juego3	easy	0.0	0.008	218	400	282	334	52	32	1	31.65	31.65	31.65
juego3	easy	0.0	0.008	226	400	282	334	52	32	1	31.65	31.65	31.65
juego3	easy	0.0	0.008	234	400	282	334	52	32	1	31.65	31.65	31.65
juego3	easy	0.0	0.008	243	400	282	334	52	32	1	31.65	31.65	31.65
juego3	easy	0.0	0.008	252	400	282	334	52	32	1	31.65	31.65	31.65
juego3	easy	0.0	0.008	260	400	282	334	52	32	1	31.65	31.65	31.65
juego3	easy	0.0	0.008	269	400	282	334	52	32	1	31.65	31.65	31.65
juego3	easy	0.0	0.008	278	400	282	334	52	32	1	31.65	31.65	31.65
juego3	easy	0.0	0.008	287	400	282	334	52	32	1	31.65	31.65	31.65
juego3	easy	0.0	0.008	295	400	282	334	52	32	1	31.65	31.65	31.65
juego3	easy	0.0	0.008	305	400	282	334	52	32	1	31.65	31.65	31.65
juego3	easy	0.0	0.008	313	400	282	334	52	32	1	31.65	31.65	31.65
juego3	easy	0.0	0.008	322	400	282	334	52	32	1	31.65	31.65	31.65
juego3	easy	0.0	0.008	330	400	282	334	52	32	1	31.65	31.65	31.65
juego3	easy	0.0	0.008	339	400	282	334	52	32	1	31.65	31.65	31.65
juego3	easy	0.0	0.008	347	400	282	334	52	32	1	31.65	31.65	31.65
juego3	easy	0.0	0.008	355	400	282	334	52	32	1	31.65	31.65	31.65
juego3	easy	0.0	0.008	363	400	282	334	52	32	1	31.65	31.65	31.65
juego3	easy	0.0	0.008	373	400	282	334	52	32	1	31.65	31.65	31.65
juego3	easy	0.0	0.008	380	400	282	334	52	32	1	31.65	31.65	31.65
juego3	easy	0.0	0.008	389	400	282	334	52	32	1	31.65	31.65	31.65
juego3	easy	0.0	0.008	397	400	282	334	52	32	1	31.65	31.65	31.65
juego3	easy	0.0	0.008	406	400	282	334	52	32	1	31.65	31.65	31.65
juego3	easy	0.0	0.008	414	400	282	334	52	32	1	31.65	31.65	31.65
juego3	easy	0.0	0.008	422	400	282	334	52	32	1	31.65	31.65	31.65
juego3	easy	0.0	0.008	431	400	282	334	52	32	1	31.65	31.65	31.65
juego3	easy	0.0	0.008	440	400	282	334	52	32	1	31.65	31.65	31.65
juego3	easy	0.0	0.008	449	400	282	334	52	32	1	31.65	31.65	31.65
juego3	easy	0.0	0.008	457	400	282	334	52	32	1	31.65	31.65	31.65
juego3	easy	0.0	0.008	466	400	282	334	52	32	1	31.65	31.65	31.65
juego3	easy	0.0	0.008	475	400	282	334	52	32	1	31.65	31.65	31.65
juego3	easy	0.0	0.008	484	400	282	334	52	32	1	31.65	31.65	31.65
juego3	easy	0.0	0.008	492	400	282	334	52	32	1	31.65	31.65	31.65
juego3	easy	0.0	0.008	501	400	282	334	52	32	1	31.64	31.64	31.64
juego3	easy	0.0	0.008	510	400	282	334	52	32	1	31.64	31.64	31.64
juego3	easy	0.0	0.008	519	400	282	334	52	32	1	31.63	31.63	31.63
juego3	easy	0.0	0.008	528	400	282	334	52	32	1	31.63	31.63	31.63
juego3	easy	0.0	0.008	537	400	282	334	52	32	1	31.64	31.64	31.64
juego3	easy	0.0	0.008	547	400	282	334	52	32	1	31.64	31.64	31.64
juego3	easy	0.0	0.008	555	400	282	334	52	32	1	31.64	31.64	31.64
juego3	easy	0.0	0.008	564	400	282	334	52	32	1	31.63	31.63	31.63
juego3	easy	0.0	0.008	573	400	282	334	52	32	1	31.63	31.63	31.63
juego3	easy	0.0	0.008	582	400	282	334	52	32	1	31.64	31.64	31.64
juego3	easy	0.0	0.008	591	400	282	334	52	32	1	31.64	31.64	31.64
juego3	easy	0.0	0.008	599	400	282	334	52	32	1	31.64	31.64	31.64
juego3	easy	0.0	0.008	609	400	282	334	52	32	1	31.64	31.64	31.64
juego3	easy	0.0	0.008	617	400	282	334	52	32	1	31.64	31.64	31.64
juego3	easy	0.0	0.008	627	400	282	334	52	32	1	31.64	31.64	31.64
juego3	easy	0.0	0.008	635	400	282	334	52	32	1	31.64	31.64	31.64
juego3	easy	0.0	0.008	644	400	282	334	52	32	1	31.63	31.63	31.63
juego3	easy	0.0	0.008	651	400	282	334	52	32	1	31.63	31.63	31.63
juego3	easy	0.0	0.008	660	400	282	334	52	32	1	31.64	31.64	31.64
juego3	easy	0.0	0.008	670	400	282	334	52	32	1	31.64	31.64	31.64
juego3	easy	0.0	0.008	678	400	282	334	52	32	1	31.64	31.64	31.64
juego3	easy	0.0	0.008	686	400	282	334	52	32	1	31.63	31.63	31.63
juego3	easy	0.0	0.008	695	400	282	334	52	32	1	31.63	31.63	31.63
juego3	easy	0.0	0.008	704	400	282	334	52	32	1	31.64	31.64	31.64
juego3	easy	0.0	0.008	713	400	282	334	52	32	1	31.63	31.63	31.63
juego3	easy	0.0	0.008	721	400	282	334	52	32	1	31.64	31.64	31.64
juego3	easy	0.0	0.008	730	400	282	334	52	32	1	31.63	31.63	31.63
juego3	easy	0.0	0.008	739	400	282	334	52	32	1	31.63	31.63	31.63
juego3	easy	0.0	0.008	748	400	282	334	52	32	1	31.63	31.63	31.63
juego3	easy	0.0	0.008	757	400	282	334	52	32	1	31.63	31.63	31.63
juego3	easy	0.0	0.008	766	400	282	334	52	32	1	31.63	31.63	31.63
juego3	easy	0.0	0.008	775	400	282	334	52	32	1	31.64	31.64	31.64
juego3	easy	0.0	0.008	786	400	282	334	52	32	1	31.63	31.63	31.63
juego3	easy	0.0	0.008	793	400	282	334	52	32	1	31.63	31.63	31.63
juego3	easy	0.0	0.008	802	400	282	334	52	32	1	31.63	31.63	31.63
juego3	easy	0.0	0.008	811	400	282	334	52	32	1	31.63	31.63	31.63
juego3	easy	0.0	0.008	821	400	282	334	52	32	1	31.63	31.63	31.63
juego3	easy	0.0	0.008	830	400	282	334	52	32	1	31.63	31.63	31.63
juego3	easy	0.0	0.008	837	400	282	334	52	32	1	31.63	31.63	31.63
juego3	easy	0.0	0.008	847	400	282	334	52	32	1	31.63	31.63	31.63
juego3	easy	0.0	0.008	855	400	282	334	52	32	1	31.63	31.63	31.63
juego3	easy	0.0	0.008	864	400	282	334	52	32	1	31.63	31.63	31.63
juego3	easy	0.0	0.008	872	400	282	334	52	32	1	31.63	31.63	31.63
juego3	easy	0.0	0.008	881	400	282	334	52	32	1	31.63	31.63	31.63
juego3	easy	0.0	0.008	890	400	282	334	52	32	1	31.62	31.62	31.62
juego3	easy	0.0	0.008	897	400	282	334	52	32	1	31.62	31.62	31.62
juego3	easy	0.0	0.008	906	400	282	334	52	32	1	31.62	31.62	31.62
juego3	easy	0.0	0.008	915	400	282	334	52	32	1	31.62	31.62	31.62
juego3	easy	0.0	0.008	923	400	282	334	52	32	1	31.62	31.62	31.62
juego3	easy	0.0	0.008	931	400	282	334	52	32	1	31.62	31.62	31.62
juego3	easy	0.0	0.008	940	400	282	334	52	32	1	31.62	31.62	31.62
juego3	easy	0.0	0.008	950	400	282	334	52	32	1	31.62	31.62	31.62
juego3	easy	0.0	0.008	958	400	282	334	52	32	1	31.62	31.62	31.62
juego3	easy	0.0	0.008	966	400	282	334	52	32	1	31.62	31.62	31.62
juego3	easy	0.0	0.008	975	400	282	334	52	32	1	31.62	31.62	31.62
juego3	easy	0.0	0.008	984	400	282	334	52	32	1	31.62	31.62	31.62
juego3	easy	0.0	0.008	992	400	282	334	52	32	1	31.62	31.62	31.62
juego3	easy	0.0	0.008	1001	400	282	334	52	32	1	31.62	31.62	31.62
juego3	easy	0.0	0.008	1010	400	282	334	52	32	1	31.62	31.62	31.62
juego3	easy	0.0	0.008	1018	400	282	334	52	32	1	31.62	31.62	31.62
juego3	easy	0.0	0.008	1026	400	282	334	52	32	1	31.62	31.62	31.62
juego3	easy	0.0	0.008	1035	400	282	334	52	32	1	31.63	31.63	31.63
juego3	easy	0.0	0.008	1044	400	282	334	52	32	1	31.62	31.62	31.62
juego3	easy	0.0	0.008	0	400	282	334	52	33	1	31.63	31.63	31.63
juego3	easy	20.0	0.008	8	400	256	334	78	33	1	31.62	31.62	31.62
juego3	easy	20.0	0.008	15	400	256	334	78	33	1	31.63	31.63	31.63
juego3	easy	20.0	0.008	23	400	256	334	78	33	1	31.63	31.63	31.63
juego3	easy	20.0	0.008	32	400	256	334	78	33	1	31.63	31.63	31.63
juego3	easy	20.0	0.008	42	400	256	334	78	33	1	31.62	31.62	31.62
juego3	easy	20.0	0.008	49	400	256	334	78	33	1	31.62	31.62	31.62
juego3	easy	20.0	0.008	58	400	256	334	78	33	1	31.62	31.62	31.62
juego3	easy	20.0	0.008	68	400	256	334	78	33	1	31.62	31.62	31.62
juego3	easy	20.0	0.008	75	400	256	334	78	33	1	31.62	31.62	31.62
juego3	easy	20.0	0.008	85	400	256	334	78	33	1	31.62	31.62	31.62
juego3	easy	20.0	0.008	93	400	256	334	78	33	1	31.62	31.62	31.62
juego3	easy	20.0	0.008	103	400	256	334	78	33	1	31.62	31.62	31.62
juego3	easy	20.0	0.008	111	400	256	334	78	33	1	31.62	31.62	31.62
juego3	easy	20.0	0.008	120	400	256	334	78	33	1	31.62	31.62	31.62
juego3	easy	20.0	0.008	130	400	256	334	78	33	1	31.62	31.62	31.62
juego3	easy	20.0	0.008	138	400	256	334	78	33	1	31.61	31.61	31.61
juego3	easy	20.0	0.008	148	400	256	334	78	33	1	31.61	31.61	31.61
juego3	easy	20.0	0.008	157	400	256	334	78	33	1	31.61	31.61	31.61
juego3	easy	20.0	0.008	165	400	256	334	78	33	1	31.6	31.6	31.6
juego3	easy	20.0	0.008	174	400	256	334	78	33	1	31.6	31.6	31.6
juego3	easy	20.0	0.008	183	400	256	334	78	33	1	31.6	31.6	31.6
juego3	easy	20.0	0.008	191	400	256	334	78	33	1	31.6	31.6	31.6
juego3	easy	20.0	0.008	201	400	256	334	78	33	1	31.6	31.6	31.6
juego3	easy	20.0	0.008	209	400	256	334	78	33	1	31.6	31.6	31.6
juego3	easy	20.0	0.008	217	400	256	334	78	33	1	31.6	31.6	31.6
juego3	easy	20.0	0.008	225	400	256	334	78	33	1	31.6	31.6	31.6
juego3	easy	20.0	0.008	233	400	256	334	78	33	1	31.6	31.6	31.6
juego3	easy	20.0	0.008	242	400	256	334	78	33	1	31.6	31.6	31.6
juego3	easy	20.0	0.008	250	400	256	334	78	33	1	31.6	31.6	31.6
juego3	easy	20.0	0.008	259	400	256	334	78	33	1	31.6	31.6	31.6
juego3	easy	20.0	0.008	268	400	256	334	78	33	1	31.6	31.6	31.6
juego3	easy	20.0	0.008	277	400	256	334	78	33	1	31.6	31.6	31.6
juego3	easy	20.0	0.008	286	400	256	334	78	33	1	31.6	31.6	31.6
juego3	easy	20.0	0.008	295	400	256	334	78	33	1	31.6	31.6	31.6
juego3	easy	20.0	0.008	303	400	256	334	78	33	1	31.6	31.6	31.6
juego3	easy	20.0	0.008	312	400	256	334	78	33	1	31.61	31.61	31.61
juego3	easy	20.0	0.008	320	400	256	334	78	33	1	31.6	31.6	31.6
juego3	easy	20.0	0.008	330	400	256	334	78	33	1	31.6	31.6	31.6
juego3	easy	20.0	0.008	339	400	256	334	78	33	1	31.61	31.61	31.61
juego3	easy	20.0	0.008	348	400	256	334	78	33	1	31.6	31.6	31.6
juego3	easy	20.0	0.008	358	400	256	334	78	33	1	31.6	31.6	31.6
juego3	easy	20.0	0.008	366	400	256	334	78	33	1	31.6	31.6	31.6
juego3	easy	20.0	0.008	374	400	256	334	78	33	1	31.6	31.6	31.6
juego3	easy	20.0	0.008	383	400	256	334	78	33	1	31.6	31.6	31.6
juego3	easy	20.0	0.008	391	400	256	334	78	33	1	31.61	31.61	31.61
juego3	easy	20.0	0.008	400	400	256	334	78	33	1	31.6	31.6	31.6
juego3	easy	20.0	0.008	408	400	256	334	78	33	1	31.6	31.6	31.6
juego3	easy	20.0	0.008	418	400	256	334	78	33	1	31.61	31.61	31.61
juego3	easy	20.0	0.008	427	400	256	334	78	33	1	31.61	31.61	31.61
juego3	easy	20.0	0.008	436	400	256	334	78	33	1	31.6	31.6	31.6
juego3	easy	20.0	0.008	444	400	256	334	78	33	1	31.61	31.61	31.61
juego3	easy	20.0	0.008	453	400	256	334	78	33	1	31.6	31.6	31.6
juego3	easy	20.0	0.008	462	400	256	334	78	33	1	31.6	31.6	31.6
juego3	easy	20.0	0.008	470	400	256	334	78	33	1	31.6	31.6	31.6
juego3	easy	20.0	0.008	479	400	256	334	78	33	1	31.6	31.6	31.6
juego3	easy	20.0	0.008	489	400	256	334	78	33	1	31.6	31.6	31.6
juego3	easy	20.0	0.008	497	400	256	334	78	33	1	31.6	31.6	31.6
juego3	easy	20.0	0.008	506	400	256	334	78	33	1	31.6	31.6	31.6
juego3	easy	20.0	0.008	515	400	256	334	78	33	1	31.6	31.6	31.6
juego3	easy	20.0	0.008	524	400	256	334	78	33	1	31.6	31.6	31.6
juego3	easy	20.0	0.008	532	400	256	334	78	33	1	31.6	31.6	31.6
juego3	easy	20.0	0.008	541	400	256	334	78	33	1	31.6	31.6	31.6
juego3	easy	20.0	0.008	550	400	256	334	78	33	1	31.6	31.6	31.6
juego3	easy	20.0	0.008	558	400	256	334	78	33	1	31.6	31.6	31.6
juego3	easy	20.0	0.008	566	400	256	334	78	33	1	31.6	31.6	31.6
juego3	easy	20.0	0.008	575	400	256	334	78	33	1	31.6	31.6	31.6
juego3	easy	20.0	0.008	585	400	256	334	78	33	1	31.6	31.6	31.6
juego3	easy	20.0	0.008	593	400	256	334	78	33	1	31.6	31.6	31.6
juego3	easy	20.0	0.008	602	400	256	334	78	33	1	31.6	31.6	31.6
juego3	easy	20.0	0.008	611	400	256	334	78	33	1	31.6	31.6	31.6
juego3	easy	20.0	0.008	621	400	256	334	78	33	1	31.6	31.6	31.6
juego3	easy	20.0	0.008	629	400	256	334	78	33	1	31.6	31.6	31.6
juego3	easy	20.0	0.008	638	400	256	334	78	33	1	31.6	31.6	31.6
juego3	easy	20.0	0.008	647	400	256	334	78	33	1	31.6	31.6	31.6
juego3	easy	20.0	0.008	655	400	256	334	78	33	1	31.6	31.6	31.6
juego3	easy	20.0	0.008	665	400	256	334	78	33	1	31.6	31.6	31.6
juego3	easy	20.0	0.008	673	400	256	334	78	33	1	31.6	31.6	31.6
juego3	easy	20.0	0.008	683	400	256	334	78	33	1	31.6	31.6	31.6
juego3	easy	20.0	0.008	691	400	256	334	78	33	1	31.6	31.6	31.6
juego3	easy	20.0	0.008	700	400	256	334	78	33	1	31.6	31.6	31.6
juego3	easy	20.0	0.008	709	400	256	334	78	33	1	31.6	31.6	31.6
juego3	easy	20.0	0.008	719	400	256	334	78	33	1	31.61	31.61	31.61
juego3	easy	20.0	0.008	726	400	256	334	78	33	1	31.61	31.61	31.61
juego3	easy	20.0	0.008	735	400	256	334	78	33	1	31.61	31.61	31.61
juego3	easy	20.0	0.008	745	400	256	334	78	33	1	31.6	31.6	31.6
juego3	easy	20.0	0.008	753	400	256	334	78	33	1	31.6	31.6	31.6
juego3	easy	20.0	0.008	762	400	256	334	78	33	1	31.6	31.6	31.6
juego3	easy	20.0	0.008	771	400	256	334	78	33	1	31.61	31.61	31.61
juego3	easy	20.0	0.008	779	400	256	334	78	33	1	31.6	31.6	31.6
juego3	easy	20.0	0.008	788	400	256	334	78	33	1	31.6	31.6	31.6
juego3	easy	20.0	0.008	795	400	256	334	78	33	1	31.61	31.61	31.61
juego3	easy	20.0	0.008	804	400	256	334	78	33	1	31.61	31.61	31.61
juego3	easy	20.0	0.008	813	400	256	334	78	33	1	31.61	31.61	31.61
juego3	easy	20.0	0.008	822	400	256	334	78	33	1	31.6	31.6	31.6
juego3	easy	20.0	0.008	831	400	256	334	78	33	1	31.6	31.6	31.6
juego3	easy	20.0	0.008	840	400	256	334	78	33	1	31.6	31.6	31.6
juego3	easy	20.0	0.008	848	400	256	334	78	33	1	31.6	31.6	31.6
juego3	easy	20.0	0.008	856	400	256	334	78	33	1	31.6	31.6	31.6
juego3	easy	20.0	0.008	865	400	256	334	78	33	1	31.6	31.6	31.6
juego3	easy	20.0	0.008	874	400	256	334	78	33	1	31.6	31.6	31.6
juego3	easy	20.0	0.008	883	400	256	334	78	33	1	31.6	31.6	31.6
juego3	easy	20.0	0.008	892	400	256	334	78	33	1	31.6	31.6	31.6
juego3	easy	20.0	0.008	901	400	256	334	78	33	1	31.6	31.6	31.6
juego3	easy	20.0	0.008	909	400	256	334	78	33	1	31.6	31.6	31.6
juego3	easy	20.0	0.008	918	400	256	334	78	33	1	31.6	31.6	31.6
juego3	easy	20.0	0.008	926	400	256	334	78	33	1	31.6	31.6	31.6
juego3	easy	20.0	0.008	934	400	256	334	78	33	1	31.6	31.6	31.6
juego3	easy	20.0	0.008	943	400	256	334	78	33	1	31.6	31.6	31.6
juego3	easy	20.0	0.008	952	400	256	334	78	33	1	31.6	31.6	31.6
juego3	easy	20.0	0.008	961	400	256	334	78	33	1	31.6	31.6	31.6
juego3	easy	20.0	0.008	971	400	256	334	78	33	1	31.6	31.6	31.6
juego3	easy	20.0	0.008	978	400	256	334	78	33	1	31.6	31.6	31.6
juego3	easy	20.0	0.008	987	400	256	334	78	33	1	31.6	31.6	31.6
juego3	easy	20.0	0.008	996	400	256	334	78	33	1	31.6	31.6	31.6
juego3	easy	20.0	0.008	1005	400	256	334	78	33	1	31.6	31.6	31.6
juego3	easy	20.0	0.008	1013	400	256	334	78	33	1	31.6	31.6	31.6
juego3	easy	20.0	0.008	1022	400	256	334	78	33	1	31.6	31.6	31.6
juego3	easy	20.0	0.008	1031	400	256	334	78	33	1	31.6	31.6	31.6
juego3	easy	20.0	0.008	1039	400	256	334	78	33	1	31.6	31.6	31.6
juego3	easy	20.0	0.008	0	400	256	334	78	34	1	31.6	31.6	31.6
juego3	easy	0.0	0.008	9	400	282	334	52	34	1	31.61	31.61	31.61
juego3	easy	0.0	0.008	17	400	282	334	52	34	1	31.6	31.6	31.6
juego3	easy	0.0	0.008	27	400	282	334	52	34	1	31.6	31.6	31.6
juego3	easy	0.0	0.008	35	400	282	334	52	34	1	31.6	31.6	31.6
juego3	easy	0.0	0.008	44	400	282	334	52	34	1	31.6	31.6	31.6
juego3	easy	0.0	0.008	52	400	282	334	52	34	1	31.6	31.6	31.6
juego3	easy	0.0	0.008	61	400	282	334	52	34	1	31.59	31.59	31.59
juego3	easy	0.0	0.008	69	400	282	334	52	34	1	31.6	31.6	31.6
juego3	easy	0.0	0.008	78	400	282	334	52	34	1	31.6	31.6	31.6
juego3	easy	0.0	0.008	87	400	282	334	52	34	1	31.6	31.6	31.6
juego3	easy	0.0	0.008	95	400	282	334	52	34	1	31.6	31.6	31.6
juego3	easy	0.0	0.008	104	400	282	334	52	34	1	31.58	31.58	31.58
juego3	easy	0.0	0.008	114	400	282	334	52	34	1	31.59	31.59	31.59
juego3	easy	0.0	0.008	122	400	282	334	52	34	1	31.58	31.58	31.58
juego3	easy	0.0	0.008	131	400	282	334	52	34	1	31.58	31.58	31.58
juego3	easy	0.0	0.008	140	400	282	334	52	34	1	31.58	31.58	31.58
juego3	easy	0.0	0.008	148	400	282	334	52	34	1	31.59	31.59	31.59
juego3	easy	0.0	0.008	158	400	282	334	52	34	1	31.58	31.58	31.58
juego3	easy	0.0	0.008	167	400	282	334	52	34	1	31.59	31.59	31.59
juego3	easy	0.0	0.008	176	400	282	334	52	34	1	31.58	31.58	31.58
juego3	easy	0.0	0.008	184	400	282	334	52	34	1	31.58	31.58	31.58
juego3	easy	0.0	0.008	193	400	282	334	52	34	1	31.58	31.58	31.58
juego3	easy	0.0	0.008	201	400	282	334	52	34	1	31.58	31.58	31.58
juego3	easy	0.0	0.008	209	400	282	334	52	34	1	31.58	31.58	31.58
juego3	easy	0.0	0.008	218	400	282	334	52	34	1	31.58	31.58	31.58
juego3	easy	0.0	0.008	227	400	282	334	52	34	1	31.58	31.58	31.58
juego3	easy	0.0	0.008	236	400	282	334	52	34	1	31.58	31.58	31.58
juego3	easy	0.0	0.008	245	400	282	334	52	34	1	31.58	31.58	31.58
juego3	easy	0.0	0.008	254	400	282	334	52	34	1	31.58	31.58	31.58
juego3	easy	0.0	0.008	262	400	282	334	52	34	1	31.58	31.58	31.58
juego3	easy	0.0	0.008	270	400	282	334	52	34	1	31.59	31.59	31.59
juego3	easy	0.0	0.008	280	400	282	334	52	34	1	31.58	31.58	31.58
juego3	easy	0.0	0.008	289	400	282	334	52	34	1	31.59	31.59	31.59
juego3	easy	0.0	0.008	297	400	282	334	52	34	1	31.59	31.59	31.59
juego3	easy	0.0	0.008	305	400	282	334	52	34	1	31.59	31.59	31.59
juego3	easy	0.0	0.008	315	400	282	334	52	34	1	31.59	31.59	31.59
juego3	easy	0.0	0.008	324	400	282	334	52	34	1	31.59	31.59	31.59
juego3	easy	0.0	0.008	333	400	282	334	52	34	1	31.58	31.58	31.58
juego3	easy	0.0	0.008	341	400	282	334	52	34	1	31.58	31.58	31.58
juego3	easy	0.0	0.008	351	400	282	334	52	34	1	31.59	31.59	31.59
juego3	easy	0.0	0.008	360	400	282	334	52	34	1	31.58	31.58	31.58
juego3	easy	0.0	0.008	368	400	282	334	52	34	1	31.58	31.58	31.58
juego3	easy	0.0	0.008	376	400	282	334	52	34	1	31.58	31.58	31.58
juego3	easy	0.0	0.008	384	400	282	334	52	34	1	31.58	31.58	31.58
juego3	easy	0.0	0.008	393	400	282	334	52	34	1	31.58	31.58	31.58
juego3	easy	0.0	0.008	402	400	282	334	52	34	1	31.58	31.58	31.58
juego3	easy	0.0	0.008	411	400	282	334	52	34	1	31.59	31.59	31.59
juego3	easy	0.0	0.008	420	400	282	334	52	34	1	31.58	31.58	31.58
juego3	easy	0.0	0.008	429	400	282	334	52	34	1	31.58	31.58	31.58
juego3	easy	0.0	0.008	438	400	282	334	52	34	1	31.58	31.58	31.58
juego3	easy	0.0	0.008	447	400	282	334	52	34	1	31.58	31.58	31.58
juego3	easy	0.0	0.008	456	400	282	334	52	34	1	31.58	31.58	31.58
juego3	easy	0.0	0.008	465	400	282	334	52	34	1	31.59	31.59	31.59
juego3	easy	0.0	0.008	474	400	282	334	52	34	1	31.59	31.59	31.59
juego3	easy	0.0	0.008	483	400	282	334	52	34	1	31.58	31.58	31.58
juego3	easy	0.0	0.008	492	400	282	334	52	34	1	31.59	31.59	31.59
juego3	easy	0.0	0.008	500	400	282	334	52	34	1	31.58	31.58	31.58
juego3	easy	0.0	0.008	509	400	282	334	52	34	1	31.59	31.59	31.59
juego3	easy	0.0	0.008	519	400	282	334	52	34	1	31.59	31.59	31.59
juego3	easy	0.0	0.008	527	400	282	334	52	34	1	31.59	31.59	31.59
juego3	easy	0.0	0.008	536	400	282	334	52	34	1	31.59	31.59	31.59
juego3	easy	0.0	0.008	545	400	282	334	52	34	1	31.59	31.59	31.59
juego3	easy	0.0	0.008	553	400	282	334	52	34	1	31.59	31.59	31.59
juego3	easy	0.0	0.008	563	400	282	334	52	34	1	31.59	31.59	31.59
juego3	easy	0.0	0.008	571	400	282	334	52	34	1	31.59	31.59	31.59
juego3	easy	0.0	0.008	581	400	282	334	52	34	1	31.59	31.59	31.59
juego3	easy	0.0	0.008	588	400	282	334	52	34	1	31.59	31.59	31.59
juego3	easy	0.0	0.008	597	400	282	334	52	34	1	31.6	31.6	31.6
juego3	easy	0.0	0.008	606	400	282	334	52	34	1	31.6	31.6	31.6
juego3	easy	0.0	0.008	616	400	282	334	52	34	1	31.59	31.59	31.59
juego3	easy	0.0	0.008	624	400	282	334	52	34	1	31.6	31.6	31.6
juego3	easy	0.0	0.008	634	400	282	334	52	34	1	31.6	31.6	31.6
juego3	easy	0.0	0.008	642	400	282	334	52	34	1	31.6	31.6	31.6
juego3	easy	0.0	0.008	651	400	282	334	52	34	1	31.6	31.6	31.6
juego3	easy	0.0	0.008	659	400	282	334	52	34	1	31.6	31.6	31.6
juego3	easy	0.0	0.008	667	400	282	334	52	34	1	31.6	31.6	31.6
juego3	easy	0.0	0.008	676	400	282	334	52	34	1	31.6	31.6	31.6
juego3	easy	0.0	0.008	686	400	282	334	52	34	1	31.6	31.6	31.6
juego3	easy	0.0	0.008	694	400	282	334	52	34	1	31.6	31.6	31.6
juego3	easy	0.0	0.008	703	400	282	334	52	34	1	31.6	31.6	31.6
juego3	easy	0.0	0.008	712	400	282	334	52	34	1	31.59	31.59	31.59
juego3	easy	0.0	0.008	720	400	282	334	52	34	1	31.59	31.59	31.59
juego3	easy	0.0	0.008	730	400	282	334	52	34	1	31.59	31.59	31.59
juego3	easy	0.0	0.008	738	400	282	334	52	34	1	31.6	31.6	31.6
juego3	easy	0.0	0.008	747	400	282	334	52	34	1	31.59	31.59	31.59
juego3	easy	0.0	0.008	756	400	282	334	52	34	1	31.59	31.59	31.59
juego3	easy	0.0	0.008	765	400	282	334	52	34	1	31.59	31.59	31.59
juego3	easy	0.0	0.008	774	400	282	334	52	34	1	31.6	31.6	31.6
juego3	easy	0.0	0.008	783	400	282	334	52	34	1	31.59	31.59	31.59
juego3	easy	0.0	0.008	791	400	282	334	52	34	1	31.59	31.59	31.59
juego3	easy	0.0	0.008	800	400	282	334	52	34	1	31.59	31.59	31.59
juego3	easy	0.0	0.008	810	400	282	334	52	34	1	31.59	31.59	31.59
juego3	easy	0.0	0.008	818	400	282	334	52	34	1	31.59	31.59	31.59
juego3	easy	0.0	0.008	826	400	282	334	52	34	1	31.59	31.59	31.59
juego3	easy	0.0	0.008	835	400	282	334	52	34	1	31.59	31.59	31.59
juego3	easy	0.0	0.008	843	400	282	334	52	34	1	31.59	31.59	31.59
juego3	easy	0.0	0.008	853	400	282	334	52	34	1	31.59	31.59	31.59
juego3	easy	0.0	0.008	861	400	282	334	52	34	1	31.59	31.59	31.59
juego3	easy	0.0	0.008	869	400	282	334	52	34	1	31.59	31.59	31.59
juego3	easy	0.0	0.008	877	400	282	334	52	34	1	31.59	31.59	31.59
juego3	easy	0.0	0.008	886	400	282	334	52	34	1	31.59	31.59	31.59
juego3	easy	0.0	0.008	895	400	282	334	52	34	1	31.59	31.59	31.59
juego3	easy	0.0	0.008	904	400	282	334	52	34	1	31.59	31.59	31.59
juego3	easy	0.0	0.008	913	400	282	334	52	34	1	31.59	31.59	31.59
juego3	easy	0.0	0.008	922	400	282	334	52	34	1	31.6	31.6	31.6
juego3	easy	0.0	0.008	931	400	282	334	52	34	1	31.6	31.6	31.6
juego3	easy	0.0	0.008	940	400	282	334	52	34	1	31.6	31.6	31.6
juego3	easy	0.0	0.008	949	400	282	334	52	34	1	31.6	31.6	31.6
juego3	easy	0.0	0.008	957	400	282	334	52	34	1	31.6	31.6	31.6
juego3	easy	0.0	0.008	966	400	282	334	52	34	1	31.6	31.6	31.6
juego3	easy	0.0	0.008	975	400	282	334	52	34	1	31.6	31.6	31.6
juego3	easy	0.0	0.008	983	400	282	334	52	34	1	31.6	31.6	31.6
juego3	easy	0.0	0.008	992	400	282	334	52	34	1	31.59	31.59	31.59
juego3	easy	0.0	0.008	999	400	282	334	52	34	1	31.59	31.59	31.59
juego3	easy	0.0	0.008	1008	400	282	334	52	34	1	31.6	31.6	31.6
juego3	easy	0.0	0.008	1018	400	282	334	52	34	1	31.6	31.6	31.6
juego3	easy	0.0	0.008	1026	400	282	334	52	34	1	31.6	31.6	31.6
juego3	easy	0.0	0.008	1035	400	282	334	52	34	1	31.59	31.59	31.59
juego3	easy	0.0	0.008	0	400	282	334	52	35	0	31.6	31.6	31.6
juego3	easy	20.0	0.008	8	400	256	334	78	35	0	31.59	31.59	31.59
juego3	easy	20.0	0.008	18	400	256	334	78	35	0	31.59	31.59	31.59
juego3	easy	20.0	0.008	26	400	256	334	78	35	0	31.59	31.59	31.59
juego3	easy	20.0	0.008	34	400	256	334	78	35	0	31.59	31.59	31.59
juego3	easy	20.0	0.008	43	400	256	334	78	35	0	31.59	31.59	31.59
juego3	easy	20.0	0.008	51	400	256	334	78	35	0	31.59	31.59	31.59
juego3	easy	20.0	0.008	61	400	256	334	78	35	0	31.58	31.58	31.58
juego3	easy	20.0	0.008	69	400	256	334	78	35	0	31.59	31.59	31.59
juego3	easy	20.0	0.008	78	400	256	334	78	35	0	31.59	31.59	31.59
juego3	easy	20.0	0.008	87	400	256	334	78	35	0	31.59	31.59	31.59
juego3	easy	20.0	0.008	96	400	256	334	78	35	0	31.59	31.59	31.59
juego3	easy	20.0	0.008	105	400	256	334	78	35	0	31.59	31.59	31.59
juego3	easy	20.0	0.008	113	400	256	334	78	35	0	31.59	31.59	31.59
juego3	easy	20.0	0.008	121	400	256	334	78	35	0	31.58	31.58	31.58
juego3	easy	20.0	0.008	130	400	256	334	78	35	0	31.59	31.59	31.59
juego3	easy	20.0	0.008	140	400	256	334	78	35	0	31.59	31.59	31.59
juego3	easy	20.0	0.008	149	400	256	334	78	35	0	31.59	31.59	31.59
juego3	easy	20.0	0.008	157	400	256	334	78	35	0	31.59	31.59	31.59
juego3	easy	20.0	0.008	166	400	256	334	78	35	0	31.59	31.59	31.59
juego3	easy	20.0	0.008	175	400	256	334	78	35	0	31.59	31.59	31.59
juego3	easy	20.0	0.008	184	400	256	334	78	35	0	31.59	31.59	31.59
juego3	easy	20.0	0.008	193	400	256	334	78	35	0	31.59	31.59	31.59
juego3	easy	20.0	0.008	201	400	256	334	78	35	0	31.59	31.59	31.59
juego3	easy	20.0	0.008	211	400	256	334	78	35	0	31.59	31.59	31.59
juego3	easy	20.0	0.008	219	400	256	334	78	35	0	31.59	31.59	31.59
juego3	easy	20.0	0.008	228	400	256	334	78	35	0	31.59	31.59	31.59
juego3	easy	20.0	0.008	237	400	256	334	78	35	0	31.59	31.59	31.59
juego3	easy	20.0	0.008	246	400	256	334	78	35	0	31.6	31.6	31.6
juego3	easy	20.0	0.008	254	400	256	334	78	35	0	31.6	31.6	31.6
juego3	easy	20.0	0.008	263	400	256	334	78	35	0	31.59	31.59	31.59
juego3	easy	20.0	0.008	271	400	256	334	78	35	0	31.59	31.59	31.59
juego3	easy	20.0	0.008	280	400	256	334	78	35	0	31.59	31.59	31.59
juego3	easy	20.0	0.008	289	400	256	334	78	35	0	31.59	31.59	31.59
juego3	easy	20.0	0.008	297	400	256	334	78	35	0	31.59	31.59	31.59
juego3	easy	20.0	0.008	306	400	256	334	78	35	0	31.59	31.59	31.59
juego3	easy	20.0	0.008	315	400	256	334	78	35	0	31.59	31.59	31.59
juego3	easy	20.0	0.008	324	400	256	334	78	35	0	31.59	31.59	31.59
juego3	easy	20.0	0.008	332	400	256	334	78	35	0	31.59	31.59	31.59
juego3	easy	20.0	0.008	340	400	256	334	78	35	0	31.59	31.59	31.59
juego3	easy	20.0	0.008	349	400	256	334	78	35	0	31.59	31.59	31.59
juego3	easy	20.0	0.008	358	400	256	334	78	35	0	31.6	31.6	31.6
juego3	easy	20.0	0.008	367	400	256	334	78	35	0	31.6	31.6	31.6
juego3	easy	20.0	0.008	376	400	256	334	78	35	0	31.59	31.59	31.59
juego3	easy	20.0	0.008	384	400	256	334	78	35	0	31.6	31.6	31.6
juego3	easy	20.0	0.008	393	400	256	334	78	35	0	31.6	31.6	31.6
juego3	easy	20.0	0.008	403	400	256	334	78	35	0	31.6	31.6	31.6
juego3	easy	20.0	0.008	411	400	256	334	78	35	0	31.6	31.6	31.6
juego3	easy	20.0	0.008	421	400	256	334	78	35	0	31.6	31.6	31.6
juego3	easy	20.0	0.008	429	400	256	334	78	35	0	31.59	31.59	31.59
juego3	easy	20.0	0.008	438	400	256	334	78	35	0	31.59	31.59	31.59
juego3	easy	20.0	0.008	446	400	256	334	78	35	0	31.59	31.59	31.59
juego3	easy	20.0	0.008	456	400	256	334	78	35	0	31.6	31.6	31.6
juego3	easy	20.0	0.008	465	400	256	334	78	35	0	31.6	31.6	31.6
juego3	easy	20.0	0.008	474	400	256	334	78	35	0	31.6	31.6	31.6
juego3	easy	20.0	0.008	484	400	256	334	78	35	0	31.6	31.6	31.6
juego3	easy	20.0	0.008	492	400	256	334	78	35	0	31.6	31.6	31.6
juego3	easy	20.0	0.008	501	400	256	334	78	35	0	31.59	31.59	31.59
juego3	easy	20.0	0.008	510	400	256	334	78	35	0	31.6	31.6	31.6
juego3	easy	20.0	0.008	518	400	256	334	78	35	0	31.59	31.59	31.59
juego3	easy	20.0	0.008	527	400	256	334	78	35	0	31.59	31.59	31.59
juego3	easy	20.0	0.008	536	400	256	334	78	35	0	31.59	31.59	31.59
juego3	easy	20.0	0.008	545	400	256	334	78	35	0	31.59	31.59	31.59
juego3	easy	20.0	0.008	554	400	256	334	78	35	0	31.59	31.59	31.59
juego3	easy	20.0	0.008	563	400	256	334	78	35	0	31.59	31.59	31.59
juego3	easy	20.0	0.008	573	400	256	334	78	35	0	31.59	31.59	31.59
juego3	easy	20.0	0.008	582	400	256	334	78	35	0	31.59	31.59	31.59
juego3	easy	20.0	0.008	591	400	256	334	78	35	0	31.59	31.59	31.59
juego3	easy	20.0	0.008	600	400	256	334	78	35	0	31.59	31.59	31.59
juego3	easy	20.0	0.008	610	400	256	334	78	35	0	31.59	31.59	31.59
juego3	easy	20.0	0.008	618	400	256	334	78	35	0	31.59	31.59	31.59
juego3	easy	20.0	0.008	627	400	256	334	78	35	0	31.59	31.59	31.59
juego3	easy	20.0	0.008	637	400	256	334	78	35	0	31.59	31.59	31.59
juego3	easy	20.0	0.008	645	400	256	334	78	35	0	31.59	31.59	31.59
juego3	easy	20.0	0.008	653	400	256	334	78	35	0	31.59	31.59	31.59
juego3	easy	20.0	0.008	662	400	256	334	78	35	0	31.59	31.59	31.59
juego3	easy	20.0	0.008	670	400	256	334	78	35	0	31.59	31.59	31.59
juego3	easy	20.0	0.008	679	400	256	334	78	35	0	31.59	31.59	31.59
juego3	easy	20.0	0.008	688	400	256	334	78	35	0	31.59	31.59	31.59
juego3	easy	20.0	0.008	696	400	256	334	78	35	0	31.59	31.59	31.59
juego3	easy	20.0	0.008	705	400	256	334	78	35	0	31.59	31.59	31.59
juego3	easy	20.0	0.008	715	400	256	334	78	35	0	31.59	31.59	31.59
juego3	easy	20.0	0.008	723	400	256	334	78	35	0	31.59	31.59	31.59
juego3	easy	20.0	0.008	731	400	256	334	78	35	0	31.59	31.59	31.59
juego3	easy	20.0	0.008	740	400	256	334	78	35	0	31.59	31.59	31.59
juego3	easy	20.0	0.008	748	400	256	334	78	35	0	31.59	31.59	31.59
juego3	easy	20.0	0.008	757	400	256	334	78	35	0	31.59	31.59	31.59
juego3	easy	20.0	0.008	767	400	256	334	78	35	0	31.59	31.59	31.59
juego3	easy	20.0	0.008	775	400	256	334	78	35	0	31.59	31.59	31.59
juego3	easy	20.0	0.008	785	400	256	334	78	35	0	31.59	31.59	31.59
juego3	easy	20.0	0.008	793	400	256	334	78	35	0	31.59	31.59	31.59
juego3	easy	20.0	0.008	802	400	256	334	78	35	0	31.59	31.59	31.59
juego3	easy	20.0	0.008	811	400	256	334	78	35	0	31.59	31.59	31.59
juego3	easy	20.0	0.008	821	400	256	334	78	35	0	31.59	31.59	31.59
juego3	easy	20.0	0.008	830	400	256	334	78	35	0	31.59	31.59	31.59
juego3	easy	20.0	0.008	838	400	256	334	78	35	0	31.59	31.59	31.59
juego3	easy	20.0	0.008	847	400	256	334	78	35	0	31.59	31.59	31.59
juego3	easy	20.0	0.008	856	400	256	334	78	35	0	31.59	31.59	31.59
juego3	easy	20.0	0.008	865	400	256	334	78	35	0	31.59	31.59	31.59
juego3	easy	20.0	0.008	874	400	256	334	78	35	0	31.59	31.59	31.59
juego3	easy	20.0	0.008	883	400	256	334	78	35	0	31.59	31.59	31.59
juego3	easy	20.0	0.008	892	400	256	334	78	35	0	31.59	31.59	31.59
juego3	easy	20.0	0.008	900	400	256	334	78	35	0	31.59	31.59	31.59
juego3	easy	20.0	0.008	909	400	256	334	78	35	0	31.59	31.59	31.59
juego3	easy	20.0	0.008	917	400	256	334	78	35	0	31.59	31.59	31.59
juego3	easy	20.0	0.008	926	400	256	334	78	35	0	31.59	31.59	31.59
juego3	easy	20.0	0.008	935	400	256	334	78	35	0	31.59	31.59	31.59
juego3	easy	20.0	0.008	944	400	256	334	78	35	0	31.59	31.59	31.59
juego3	easy	20.0	0.008	953	400	256	334	78	35	0	31.59	31.59	31.59
juego3	easy	20.0	0.008	962	400	256	334	78	35	0	31.59	31.59	31.59
juego3	easy	20.0	0.008	971	400	256	334	78	35	0	31.59	31.59	31.59
juego3	easy	20.0	0.008	980	400	256	334	78	35	0	31.59	31.59	31.59
juego3	easy	20.0	0.008	989	400	256	334	78	35	0	31.59	31.59	31.59
juego3	easy	20.0	0.008	998	400	256	334	78	35	0	31.59	31.59	31.59
juego3	easy	20.0	0.008	1006	400	256	334	78	35	0	31.59	31.59	31.59
juego3	easy	20.0	0.008	1015	400	256	334	78	35	0	31.59	31.59	31.59
juego3	easy	20.0	0.008	1023	400	256	334	78	35	0	31.59	31.59	31.59
juego3	easy	20.0	0.008	1031	400	256	334	78	35	0	31.59	31.59	31.59
juego3	easy	20.0	0.008	0	400	256	334	78	36	1	31.59	31.59	31.59
juego3	easy	0.0	0.008	9	400	282	334	52	36	1	31.59	31.59	31.59
juego3	easy	0.0	0.008	17	400	282	334	52	36	1	31.59	31.59	31.59
juego3	easy	0.0	0.008	26	400	282	334	52	36	1	31.59	31.59	31.59
juego3	easy	0.0	0.008	34	400	282	334	52	36	1	31.59	31.59	31.59
juego3	easy	0.0	0.008	43	400	282	334	52	36	1	31.59	31.59	31.59
juego3	easy	0.0	0.008	51	400	282	334	52	36	1	31.59	31.59	31.59
juego3	easy	0.0	0.008	60	400	282	334	52	36	1	31.59	31.59	31.59
juego3	easy	0.0	0.008	70	400	282	334	52	36	1	31.59	31.59	31.59
juego3	easy	0.0	0.008	78	400	282	334	52	36	1	31.59	31.59	31.59
juego3	easy	0.0	0.008	87	400	282	334	52	36	1	31.59	31.59	31.59
juego3	easy	0.0	0.008	96	400	282	334	52	36	1	31.59	31.59	31.59
juego3	easy	0.0	0.008	104	400	282	334	52	36	1	31.59	31.59	31.59
juego3	easy	0.0	0.008	112	400	282	334	52	36	1	31.59	31.59	31.59
juego3	easy	0.0	0.008	121	400	282	334	52	36	1	31.59	31.59	31.59
juego3	easy	0.0	0.008	130	400	282	334	52	36	1	31.59	31.59	31.59
juego3	easy	0.0	0.008	138	400	282	334	52	36	1	31.59	31.59	31.59
juego3	easy	0.0	0.008	147	400	282	334	52	36	1	31.59	31.59	31.59
juego3	easy	0.0	0.008	156	400	282	334	52	36	1	31.59	31.59	31.59
juego3	easy	0.0	0.008	165	400	282	334	52	36	1	31.59	31.59	31.59
juego3	easy	0.0	0.008	174	400	282	334	52	36	1	31.59	31.59	31.59
juego3	easy	0.0	0.008	183	400	282	334	52	36	1	31.59	31.59	31.59
juego3	easy	0.0	0.008	192	400	282	334	52	36	1	31.59	31.59	31.59
juego3	easy	0.0	0.008	201	400	282	334	52	36	1	31.59	31.59	31.59
juego3	easy	0.0	0.008	210	400	282	334	52	36	1	31.59	31.59	31.59
juego3	easy	0.0	0.008	219	400	282	334	52	36	1	31.59	31.59	31.59
juego3	easy	0.0	0.008	228	400	282	334	52	36	1	31.59	31.59	31.59
juego3	easy	0.0	0.008	238	400	282	334	52	36	1	31.59	31.59	31.59
juego3	easy	0.0	0.008	246	400	282	334	52	36	1	31.59	31.59	31.59
juego3	easy	0.0	0.008	254	400	282	334	52	36	1	31.59	31.59	31.59
juego3	easy	0.0	0.008	262	400	282	334	52	36	1	31.59	31.59	31.59
juego3	easy	0.0	0.008	270	400	282	334	52	36	1	31.59	31.59	31.59
juego3	easy	0.0	0.008	277	400	282	334	52	36	1	31.59	31.59	31.59
juego3	easy	0.0	0.008	286	400	282	334	52	36	1	31.59	31.59	31.59
juego3	easy	0.0	0.008	294	400	282	334	52	36	1	31.59	31.59	31.59
juego3	easy	0.0	0.008	303	400	282	334	52	36	1	31.59	31.59	31.59
juego3	easy	0.0	0.008	312	400	282	334	52	36	1	31.6	31.6	31.6
juego3	easy	0.0	0.008	320	400	282	334	52	36	1	31.6	31.6	31.6
juego3	easy	0.0	0.008	328	400	282	334	52	36	1	31.6	31.6	31.6
juego3	easy	0.0	0.008	337	400	282	334	52	36	1	31.6	31.6	31.6
juego3	easy	0.0	0.008	345	400	282	334	52	36	1	31.6	31.6	31.6
juego3	easy	0.0	0.008	353	400	282	334	52	36	1	31.6	31.6	31.6
juego3	easy	0.0	0.008	361	400	282	334	52	36	1	31.6	31.6	31.6
juego3	easy	0.0	0.008	370	400	282	334	52	36	1	31.6	31.6	31.6
juego3	easy	0.0	0.008	378	400	282	334	52	36	1	31.6	31.6	31.6
juego3	easy	0.0	0.008	387	400	282	334	52	36	1	31.59	31.59	31.59
juego3	easy	0.0	0.008	396	400	282	334	52	36	1	31.59	31.59	31.59
juego3	easy	0.0	0.008	405	400	282	334	52	36	1	31.59	31.59	31.59
juego3	easy	0.0	0.008	413	400	282	334	52	36	1	31.59	31.59	31.59
juego3	easy	0.0	0.008	422	400	282	334	52	36	1	31.6	31.6	31.6
juego3	easy	0.0	0.008	431	400	282	334	52	36	1	31.6	31.6	31.6
juego3	easy	0.0	0.008	440	400	282	334	52	36	1	31.6	31.6	31.6
juego3	easy	0.0	0.008	448	400	282	334	52	36	1	31.6	31.6	31.6
juego3	easy	0.0	0.008	458	400	282	334	52	36	1	31.6	31.6	31.6
juego3	easy	0.0	0.008	467	400	282	334	52	36	1	31.61	31.61	31.61
juego3	easy	0.0	0.008	475	400	282	334	52	36	1	31.61	31.61	31.61
juego3	easy	0.0	0.008	484	400	282	334	52	36	1	31.6	31.6	31.6
juego3	easy	0.0	0.008	493	400	282	334	52	36	1	31.61	31.61	31.61
juego3	easy	0.0	0.008	501	400	282	334	52	36	1	31.61	31.61	31.61
juego3	easy	0.0	0.008	510	400	282	334	52	36	1	31.61	31.61	31.61
juego3	easy	0.0	0.008	518	400	282	334	52	36	1	31.61	31.61	31.61
juego3	easy	0.0	0.008	527	400	282	334	52	36	1	31.61	31.61	31.61
juego3	easy	0.0	0.008	536	400	282	334	52	36	1	31.61	31.61	31.61
juego3	easy	0.0	0.008	545	400	282	334	52	36	1	31.61	31.61	31.61
juego3	easy	0.0	0.008	554	400	282	334	52	36	1	31.61	31.61	31.61
juego3	easy	0.0	0.008	563	400	282	334	52	36	1	31.61	31.61	31.61
juego3	easy	0.0	0.008	572	400	282	334	52	36	1	31.61	31.61	31.61
juego3	easy	0.0	0.008	581	400	282	334	52	36	1	31.61	31.61	31.61
juego3	easy	0.0	0.008	589	400	282	334	52	36	1	31.61	31.61	31.61
juego3	easy	0.0	0.008	599	400	282	334	52	36	1	31.61	31.61	31.61
juego3	easy	0.0	0.008	607	400	282	334	52	36	1	31.61	31.61	31.61
juego3	easy	0.0	0.008	616	400	282	334	52	36	1	31.61	31.61	31.61
juego3	easy	0.0	0.008	625	400	282	334	52	36	1	31.61	31.61	31.61
juego3	easy	0.0	0.008	634	400	282	334	52	36	1	31.61	31.61	31.61
juego3	easy	0.0	0.008	642	400	282	334	52	36	1	31.61	31.61	31.61
juego3	easy	0.0	0.008	651	400	282	334	52	36	1	31.61	31.61	31.61
juego3	easy	0.0	0.008	660	400	282	334	52	36	1	31.61	31.61	31.61
juego3	easy	0.0	0.008	669	400	282	334	52	36	1	31.61	31.61	31.61
juego3	easy	0.0	0.008	678	400	282	334	52	36	1	31.61	31.61	31.61
juego3	easy	0.0	0.008	687	400	282	334	52	36	1	31.61	31.61	31.61
juego3	easy	0.0	0.008	696	400	282	334	52	36	1	31.62	31.62	31.62
juego3	easy	0.0	0.008	704	400	282	334	52	36	1	31.62	31.62	31.62
juego3	easy	0.0	0.008	713	400	282	334	52	36	1	31.62	31.62	31.62
juego3	easy	0.0	0.008	720	400	282	334	52	36	1	31.62	31.62	31.62
juego3	easy	0.0	0.008	729	400	282	334	52	36	1	31.62	31.62	31.62
juego3	easy	0.0	0.008	738	400	282	334	52	36	1	31.61	31.61	31.61
juego3	easy	0.0	0.008	747	400	282	334	52	36	1	31.61	31.61	31.61
juego3	easy	0.0	0.008	756	400	282	334	52	36	1	31.62	31.62	31.62
juego3	easy	0.0	0.008	765	400	282	334	52	36	1	31.62	31.62	31.62
juego3	easy	0.0	0.008	774	400	282	334	52	36	1	31.62	31.62	31.62
juego3	easy	0.0	0.008	784	400	282	334	52	36	1	31.61	31.61	31.61
juego3	easy	0.0	0.008	792	400	282	334	52	36	1	31.61	31.61	31.61
juego3	easy	0.0	0.008	801	400	282	334	52	36	1	31.61	31.61	31.61
juego3	easy	0.0	0.008	809	400	282	334	52	36	1	31.61	31.61	31.61
juego3	easy	0.0	0.008	818	400	282	334	52	36	1	31.62	31.62	31.62
juego3	easy	0.0	0.008	827	400	282	334	52	36	1	31.62	31.62	31.62
juego3	easy	0.0	0.008	836	400	282	334	52	36	1	31.62	31.62	31.62
juego3	easy	0.0	0.008	845	400	282	334	52	36	1	31.61	31.61	31.61
juego3	easy	0.0	0.008	854	400	282	334	52	36	1	31.61	31.61	31.61
juego3	easy	0.0	0.008	863	400	282	334	52	36	1	31.61	31.61	31.61
juego3	easy	0.0	0.008	872	400	282	334	52	36	1	31.61	31.61	31.61
juego3	easy	0.0	0.008	881	400	282	334	52	36	1	31.61	31.61	31.61
juego3	easy	0.0	0.008	890	400	282	334	52	36	1	31.62	31.62	31.62
juego3	easy	0.0	0.008	900	400	282	334	52	36	1	31.62	31.62	31.62
juego3	easy	0.0	0.008	909	400	282	334	52	36	1	31.62	31.62	31.62
juego3	easy	0.0	0.008	918	400	282	334	52	36	1	31.62	31.62	31.62
juego3	easy	0.0	0.008	927	400	282	334	52	36	1	31.62	31.62	31.62
juego3	easy	0.0	0.008	935	400	282	334	52	36	1	31.62	31.62	31.62
juego3	easy	0.0	0.008	943	400	282	334	52	36	1	31.62	31.62	31.62
juego3	easy	0.0	0.008	952	400	282	334	52	36	1	31.62	31.62	31.62
juego3	easy	0.0	0.008	962	400	282	334	52	36	1	31.63	31.63	31.63
juego3	easy	0.0	0.008	971	400	282	334	52	36	1	31.62	31.62	31.62
juego3	easy	0.0	0.008	979	400	282	334	52	36	1	31.62	31.62	31.62
juego3	easy	0.0	0.008	988	400	282	334	52	36	1	31.62	31.62	31.62
juego3	easy	0.0	0.008	997	400	282	334	52	36	1	31.62	31.62	31.62
juego3	easy	0.0	0.008	1006	400	282	334	52	36	1	31.62	31.62	31.62
juego3	easy	0.0	0.008	1014	400	282	334	52	36	1	31.63	31.63	31.63
juego3	easy	0.0	0.008	1022	400	282	334	52	36	1	31.63	31.63	31.63
juego3	easy	0.0	0.008	1031	400	282	334	52	36	1	31.62	31.62	31.62
juego3	easy	0.0	0.008	1040	400	282	334	52	36	1	31.62	31.62	31.62
juego3	easy	0.0	0.008	0	400	282	334	52	37	1	31.62	31.62	31.62
juego3	easy	-20.0	0.008	9	400	315	334	19	37	1	31.62	31.62	31.62
juego3	easy	-20.0	0.008	18	400	315	334	19	37	1	31.62	31.62	31.62
juego3	easy	-20.0	0.008	26	400	315	334	19	37	1	31.62	31.62	31.62
juego3	easy	-20.0	0.008	34	400	315	334	19	37	1	31.62	31.62	31.62
juego3	easy	-20.0	0.008	43	400	315	334	19	37	1	31.62	31.62	31.62
juego3	easy	-20.0	0.008	52	400	315	334	19	37	1	31.62	31.62	31.62
juego3	easy	-20.0	0.008	61	400	315	334	19	37	1	31.62	31.62	31.62
juego3	easy	-20.0	0.008	69	400	315	334	19	37	1	31.62	31.62	31.62
juego3	easy	-20.0	0.008	78	400	315	334	19	37	1	31.61	31.61	31.61
juego3	easy	-20.0	0.008	87	400	315	334	19	37	1	31.61	31.61	31.61
juego3	easy	-20.0	0.008	97	400	315	334	19	37	1	31.61	31.61	31.61
juego3	easy	-20.0	0.008	105	400	315	334	19	37	1	31.61	31.61	31.61
juego3	easy	-20.0	0.008	115	400	315	334	19	37	1	31.61	31.61	31.61
juego3	easy	-20.0	0.008	124	400	315	334	19	37	1	31.61	31.61	31.61
juego3	easy	-20.0	0.008	132	400	315	334	19	37	1	31.61	31.61	31.61
juego3	easy	-20.0	0.008	140	400	315	334	19	37	1	31.61	31.61	31.61
juego3	easy	-20.0	0.008	149	400	315	334	19	37	1	31.62	31.62	31.62
juego3	easy	-20.0	0.008	158	400	315	334	19	37	1	31.62	31.62	31.62
juego3	easy	-20.0	0.008	167	400	315	334	19	37	1	31.62	31.62	31.62
juego3	easy	-20.0	0.008	176	400	315	334	19	37	1	31.62	31.62	31.62
juego3	easy	-20.0	0.008	184	400	315	334	19	37	1	31.62	31.62	31.62
juego3	easy	-20.0	0.008	192	400	315	334	19	37	1	31.62	31.62	31.62
juego3	easy	-20.0	0.008	201	400	315	334	19	37	1	31.62	31.62	31.62
juego3	easy	-20.0	0.008	209	400	315	334	19	37	1	31.62	31.62	31.62
juego3	easy	-20.0	0.008	218	400	315	334	19	37	1	31.62	31.62	31.62
juego3	easy	-20.0	0.008	227	400	315	334	19	37	1	31.62	31.62	31.62
juego3	easy	-20.0	0.008	236	400	315	334	19	37	1	31.62	31.62	31.62
juego3	easy	-20.0	0.008	245	400	315	334	19	37	1	31.62	31.62	31.62
juego3	easy	-20.0	0.008	254	400	315	334	19	37	1	31.62	31.62	31.62
juego3	easy	-20.0	0.008	263	400	315	334	19	37	1	31.63	31.63	31.63
juego3	easy	-20.0	0.008	272	400	315	334	19	37	1	31.63	31.63	31.63
juego3	easy	-20.0	0.008	281	400	315	334	19	37	1	31.63	31.63	31.63
juego3	easy	-20.0	0.008	290	400	315	334	19	37	1	31.63	31.63	31.63
juego3	easy	-20.0	0.008	300	400	315	334	19	37	1	31.62	31.62	31.62
juego3	easy	-20.0	0.008	308	400	315	334	19	37	1	31.62	31.62	31.62
juego3	easy	-20.0	0.008	317	400	315	334	19	37	1	31.62	31.62	31.62
juego3	easy	-20.0	0.008	326	400	315	334	19	37	1	31.62	31.62	31.62
juego3	easy	-20.0	0.008	335	400	315	334	19	37	1	31.63	31.63	31.63
juego3	easy	-20.0	0.008	344	400	315	334	19	37	1	31.62	31.62	31.62
juego3	easy	-20.0	0.008	353	400	315	334	19	37	1	31.62	31.62	31.62
juego3	easy	-20.0	0.008	362	400	315	334	19	37	1	31.62	31.62	31.62
juego3	easy	-20.0	0.008	371	400	315	334	19	37	1	31.63	31.63	31.63
juego3	easy	-20.0	0.008	380	400	315	334	19	37	1	31.63	31.63	31.63
juego3	easy	-20.0	0.008	389	400	315	334	19	37	1	31.63	31.63	31.63
juego3	easy	-20.0	0.008	398	400	315	334	19	37	1	31.63	31.63	31.63
juego3	easy	-20.0	0.008	407	400	315	334	19	37	1	31.63	31.63	31.63
juego3	easy	-20.0	0.008	416	400	315	334	19	37	1	31.63	31.63	31.63
juego3	easy	-20.0	0.008	426	400	315	334	19	37	1	31.63	31.63	31.63
juego3	easy	-20.0	0.008	434	400	315	334	19	37	1	31.63	31.63	31.63
juego3	easy	-20.0	0.008	442	400	315	334	19	37	1	31.63	31.63	31.63
juego3	easy	-20.0	0.008	451	400	315	334	19	37	1	31.63	31.63	31.63
juego3	easy	-20.0	0.008	459	400	315	334	19	37	1	31.63	31.63	31.63
juego3	easy	-20.0	0.008	469	400	315	334	19	37	1	31.63	31.63	31.63
juego3	easy	-20.0	0.008	477	400	315	334	19	37	1	31.63	31.63	31.63
juego3	easy	-20.0	0.008	486	400	315	334	19	37	1	31.63	31.63	31.63
juego3	easy	-20.0	0.008	495	400	315	334	19	37	1	31.63	31.63	31.63
juego3	easy	-20.0	0.008	504	400	315	334	19	37	1	31.63	31.63	31.63
juego3	easy	-20.0	0.008	512	400	315	334	19	37	1	31.63	31.63	31.63
juego3	easy	-20.0	0.008	521	400	315	334	19	37	1	31.63	31.63	31.63
juego3	easy	-20.0	0.008	530	400	315	334	19	37	1	31.63	31.63	31.63
juego3	easy	-20.0	0.008	539	400	315	334	19	37	1	31.63	31.63	31.63
juego3	easy	-20.0	0.008	548	400	315	334	19	37	1	31.63	31.63	31.63
juego3	easy	-20.0	0.008	556	400	315	334	19	37	1	31.63	31.63	31.63
juego3	easy	-20.0	0.008	565	400	315	334	19	37	1	31.63	31.63	31.63
juego3	easy	-20.0	0.008	574	400	315	334	19	37	1	31.63	31.63	31.63
juego3	easy	-20.0	0.008	584	400	315	334	19	37	1	31.62	31.62	31.62
juego3	easy	-20.0	0.008	591	400	315	334	19	37	1	31.62	31.62	31.62
juego3	easy	-20.0	0.008	600	400	315	334	19	37	1	31.63	31.63	31.63
juego3	easy	-20.0	0.008	609	400	315	334	19	37	1	31.63	31.63	31.63
juego3	easy	-20.0	0.008	617	400	315	334	19	37	1	31.63	31.63	31.63
juego3	easy	-20.0	0.008	626	400	315	334	19	37	1	31.63	31.63	31.63
juego3	easy	-20.0	0.008	635	400	315	334	19	37	1	31.63	31.63	31.63
juego3	easy	-20.0	0.008	644	400	315	334	19	37	1	31.63	31.63	31.63
juego3	easy	-20.0	0.008	653	400	315	334	19	37	1	31.63	31.63	31.63
juego3	easy	-20.0	0.008	663	400	315	334	19	37	1	31.63	31.63	31.63
juego3	easy	-20.0	0.008	671	400	315	334	19	37	1	31.63	31.63	31.63
juego3	easy	-20.0	0.008	679	400	315	334	19	37	1	31.63	31.63	31.63
juego3	easy	-20.0	0.008	688	400	315	334	19	37	1	31.63	31.63	31.63
juego3	easy	-20.0	0.008	697	400	315	334	19	37	1	31.63	31.63	31.63
juego3	easy	-20.0	0.008	707	400	315	334	19	37	1	31.63	31.63	31.63
juego3	easy	-20.0	0.008	715	400	315	334	19	37	1	31.63	31.63	31.63
juego3	easy	-20.0	0.008	725	400	315	334	19	37	1	31.63	31.63	31.63
juego3	easy	-20.0	0.008	733	400	315	334	19	37	1	31.63	31.63	31.63
juego3	easy	-20.0	0.008	741	400	315	334	19	37	1	31.63	31.63	31.63
juego3	easy	-20.0	0.008	750	400	315	334	19	37	1	31.63	31.63	31.63
juego3	easy	-20.0	0.008	760	400	315	334	19	37	1	31.63	31.63	31.63
juego3	easy	-20.0	0.008	768	400	315	334	19	37	1	31.63	31.63	31.63
juego3	easy	-20.0	0.008	778	400	315	334	19	37	1	31.63	31.63	31.63
juego3	easy	-20.0	0.008	786	400	315	334	19	37	1	31.63	31.63	31.63
juego3	easy	-20.0	0.008	795	400	315	334	19	37	1	31.63	31.63	31.63
juego3	easy	-20.0	0.008	805	400	315	334	19	37	1	31.63	31.63	31.63
juego3	easy	-20.0	0.008	813	400	315	334	19	37	1	31.63	31.63	31.63
juego3	easy	-20.0	0.008	821	400	315	334	19	37	1	31.63	31.63	31.63
juego3	easy	-20.0	0.008	830	400	315	334	19	37	1	31.63	31.63	31.63
juego3	easy	-20.0	0.008	840	400	315	334	19	37	1	31.63	31.63	31.63
juego3	easy	-20.0	0.008	848	400	315	334	19	37	1	31.63	31.63	31.63
juego3	easy	-20.0	0.008	857	400	315	334	19	37	1	31.63	31.63	31.63
juego3	easy	-20.0	0.008	865	400	315	334	19	37	1	31.63	31.63	31.63
juego3	easy	-20.0	0.008	874	400	315	334	19	37	1	31.63	31.63	31.63
juego3	easy	-20.0	0.008	884	400	315	334	19	37	1	31.63	31.63	31.63
juego3	easy	-20.0	0.008	893	400	315	334	19	37	1	31.63	31.63	31.63
juego3	easy	-20.0	0.008	901	400	315	334	19	37	1	31.63	31.63	31.63
juego3	easy	-20.0	0.008	909	400	315	334	19	37	1	31.63	31.63	31.63
juego3	easy	-20.0	0.008	918	400	315	334	19	37	1	31.63	31.63	31.63
juego3	easy	-20.0	0.008	927	400	315	334	19	37	1	31.63	31.63	31.63
juego3	easy	-20.0	0.008	936	400	315	334	19	37	1	31.63	31.63	31.63
juego3	easy	-20.0	0.008	945	400	315	334	19	37	1	31.63	31.63	31.63
juego3	easy	-20.0	0.008	953	400	315	334	19	37	1	31.63	31.63	31.63
juego3	easy	-20.0	0.008	962	400	315	334	19	37	1	31.63	31.63	31.63
juego3	easy	-20.0	0.008	971	400	315	334	19	37	1	31.63	31.63	31.63
juego3	easy	-20.0	0.008	979	400	315	334	19	37	1	31.63	31.63	31.63
juego3	easy	-20.0	0.008	988	400	315	334	19	37	1	31.63	31.63	31.63
juego3	easy	-20.0	0.008	997	400	315	334	19	37	1	31.63	31.63	31.63
juego3	easy	-20.0	0.008	1005	400	315	334	19	37	1	31.63	31.63	31.63
juego3	easy	-20.0	0.008	1013	400	315	334	19	37	1	31.63	31.63	31.63
juego3	easy	-20.0	0.008	1023	400	315	334	19	37	1	31.63	31.63	31.63
juego3	easy	-20.0	0.008	1031	400	315	334	19	37	1	31.64	31.64	31.64
juego3	easy	-20.0	0.008	1041	400	315	334	19	37	1	31.63	31.63	31.63
juego3	easy	-20.0	0.008	0	400	315	334	19	38	1	31.64	31.64	31.64
juego3	easy	0.0	0.008	9	400	282	334	52	38	1	31.64	31.64	31.64
juego3	easy	0.0	0.008	18	400	282	334	52	38	1	31.64	31.64	31.64
juego3	easy	0.0	0.008	26	400	282	334	52	38	1	31.63	31.63	31.63
juego3	easy	0.0	0.008	35	400	282	334	52	38	1	31.64	31.64	31.64
juego3	easy	0.0	0.008	43	400	282	334	52	38	1	31.63	31.63	31.63
juego3	easy	0.0	0.008	52	400	282	334	52	38	1	31.63	31.63	31.63
juego3	easy	0.0	0.008	61	400	282	334	52	38	1	31.63	31.63	31.63
juego3	easy	0.0	0.008	70	400	282	334	52	38	1	31.63	31.63	31.63
juego3	easy	0.0	0.008	78	400	282	334	52	38	1	31.63	31.63	31.63
juego3	easy	0.0	0.008	88	400	282	334	52	38	1	31.63	31.63	31.63
juego3	easy	0.0	0.008	97	400	282	334	52	38	1	31.63	31.63	31.63
juego3	easy	0.0	0.008	106	400	282	334	52	38	1	31.63	31.63	31.63
juego3	easy	0.0	0.008	115	400	282	334	52	38	1	31.63	31.63	31.63
juego3	easy	0.0	0.008	124	400	282	334	52	38	1	31.63	31.63	31.63
juego3	easy	0.0	0.008	133	400	282	334	52	38	1	31.63	31.63	31.63
juego3	easy	0.0	0.008	142	400	282	334	52	38	1	31.63	31.63	31.63
juego3	easy	0.0	0.008	151	400	282	334	52	38	1	31.63	31.63	31.63
juego3	easy	0.0	0.008	160	400	282	334	52	38	1	31.63	31.63	31.63
juego3	easy	0.0	0.008	168	400	282	334	52	38	1	31.63	31.63	31.63
juego3	easy	0.0	0.008	177	400	282	334	52	38	1	31.62	31.62	31.62
juego3	easy	0.0	0.008	186	400	282	334	52	38	1	31.62	31.62	31.62
juego3	easy	0.0	0.008	195	400	282	334	52	38	1	31.62	31.62	31.62
juego3	easy	0.0	0.008	204	400	282	334	52	38	1	31.62	31.62	31.62
juego3	easy	0.0	0.008	213	400	282	334	52	38	1	31.62	31.62	31.62
juego3	easy	0.0	0.008	221	400	282	334	52	38	1	31.62	31.62	31.62
juego3	easy	0.0	0.008	229	400	282	334	52	38	1	31.62	31.62	31.62
juego3	easy	0.0	0.008	238	400	282	334	52	38	1	31.62	31.62	31.62
juego3	easy	0.0	0.008	246	400	282	334	52	38	1	31.62	31.62	31.62
juego3	easy	0.0	0.008	256	400	282	334	52	38	1	31.61	31.61	31.61
juego3	easy	0.0	0.008	264	400	282	334	52	38	1	31.62	31.62	31.62
juego3	easy	0.0	0.008	273	400	282	334	52	38	1	31.62	31.62	31.62
juego3	easy	0.0	0.008	282	400	282	334	52	38	1	31.62	31.62	31.62
juego3	easy	0.0	0.008	291	400	282	334	52	38	1	31.62	31.62	31.62
juego3	easy	0.0	0.008	299	400	282	334	52	38	1	31.62	31.62	31.62
juego3	easy	0.0	0.008	308	400	282	334	52	38	1	31.62	31.62	31.62
juego3	easy	0.0	0.008	317	400	282	334	52	38	1	31.61	31.61	31.61
juego3	easy	0.0	0.008	326	400	282	334	52	38	1	31.61	31.61	31.61
juego3	easy	0.0	0.008	335	400	282	334	52	38	1	31.62	31.62	31.62
juego3	easy	0.0	0.008	344	400	282	334	52	38	1	31.62	31.62	31.62
juego3	easy	0.0	0.008	353	400	282	334	52	38	1	31.62	31.62	31.62
juego3	easy	0.0	0.008	361	400	282	334	52	38	1	31.62	31.62	31.62
juego3	easy	0.0	0.008	370	400	282	334	52	38	1	31.61	31.61	31.61
juego3	easy	0.0	0.008	379	400	282	334	52	38	1	31.62	31.62	31.62
juego3	easy	0.0	0.008	387	400	282	334	52	38	1	31.62	31.62	31.62
juego3	easy	0.0	0.008	397	400	282	334	52	38	1	31.62	31.62	31.62
juego3	easy	0.0	0.008	406	400	282	334	52	38	1	31.62	31.62	31.62
juego3	easy	0.0	0.008	415	400	282	334	52	38	1	31.62	31.62	31.62
juego3	easy	0.0	0.008	424	400	282	334	52	38	1	31.62	31.62	31.62
juego3	easy	0.0	0.008	432	400	282	334	52	38	1	31.62	31.62	31.62
juego3	easy	0.0	0.008	442	400	282	334	52	38	1	31.62	31.62	31.62
juego3	easy	0.0	0.008	449	400	282	334	52	38	1	31.62	31.62	31.62
juego3	easy	0.0	0.008	458	400	282	334	52	38	1	31.63	31.63	31.63
juego3	easy	0.0	0.008	466	400	282	334	52	38	1	31.63	31.63	31.63
juego3	easy	0.0	0.008	476	400	282	334	52	38	1	31.63	31.63	31.63
juego3	easy	0.0	0.008	485	400	282	334	52	38	1	31.63	31.63	31.63
juego3	easy	0.0	0.008	494	400	282	334	52	38	1	31.63	31.63	31.63
juego3	easy	0.0	0.008	502	400	282	334	52	38	1	31.63	31.63	31.63
juego3	easy	0.0	0.008	510	400	282	334	52	38	1	31.63	31.63	31.63
juego3	easy	0.0	0.008	518	400	282	334	52	38	1	31.63	31.63	31.63
juego3	easy	0.0	0.008	527	400	282	334	52	38	1	31.63	31.63	31.63
juego3	easy	0.0	0.008	535	400	282	334	52	38	1	31.62	31.62	31.62
juego3	easy	0.0	0.008	544	400	282	334	52	38	1	31.63	31.63	31.63
juego3	easy	0.0	0.008	553	400	282	334	52	38	1	31.62	31.62	31.62
juego3	easy	0.0	0.008	562	400	282	334	52	38	1	31.62	31.62	31.62
juego3	easy	0.0	0.008	571	400	282	334	52	38	1	31.63	31.63	31.63
juego3	easy	0.0	0.008	580	400	282	334	52	38	1	31.63	31.63	31.63
juego3	easy	0.0	0.008	590	400	282	334	52	38	1	31.63	31.63	31.63
juego3	easy	0.0	0.008	598	400	282	334	52	38	1	31.63	31.63	31.63
juego3	easy	0.0	0.008	607	400	282	334	52	38	1	31.63	31.63	31.63
juego3	easy	0.0	0.008	617	400	282	334	52	38	1	31.62	31.62	31.62
juego3	easy	0.0	0.008	625	400	282	334	52	38	1	31.62	31.62	31.62
juego3	easy	0.0	0.008	634	400	282	334	52	38	1	31.62	31.62	31.62
juego3	easy	0.0	0.008	644	400	282	334	52	38	1	31.62	31.62	31.62
juego3	easy	0.0	0.008	652	400	282	334	52	38	1	31.62	31.62	31.62
juego3	easy	0.0	0.008	662	400	282	334	52	38	1	31.62	31.62	31.62
juego3	easy	0.0	0.008	670	400	282	334	52	38	1	31.62	31.62	31.62
juego3	easy	0.0	0.008	679	400	282	334	52	38	1	31.62	31.62	31.62
juego3	easy	0.0	0.008	689	400	282	334	52	38	1	31.61	31.61	31.61
juego3	easy	0.0	0.008	698	400	282	334	52	38	1	31.61	31.61	31.61
juego3	easy	0.0	0.008	705	400	282	334	52	38	1	31.62	31.62	31.62
juego3	easy	0.0	0.008	714	400	282	334	52	38	1	31.62	31.62	31.62
juego3	easy	0.0	0.008	723	400	282	334	52	38	1	31.61	31.61	31.61
juego3	easy	0.0	0.008	732	400	282	334	52	38	1	31.61	31.61	31.61
juego3	easy	0.0	0.008	741	400	282	334	52	38	1	31.61	31.61	31.61
juego3	easy	0.0	0.008	750	400	282	334	52	38	1	31.62	31.62	31.62
juego3	easy	0.0	0.008	759	400	282	334	52	38	1	31.62	31.62	31.62
juego3	easy	0.0	0.008	767	400	282	334	52	38	1	31.62	31.62	31.62
juego3	easy	0.0	0.008	776	400	282	334	52	38	1	31.62	31.62	31.62
juego3	easy	0.0	0.008	785	400	282	334	52	38	1	31.62	31.62	31.62
juego3	easy	0.0	0.008	794	400	282	334	52	38	1	31.62	31.62	31.62
juego3	easy	0.0	0.008	802	400	282	334	52	38	1	31.62	31.62	31.62
juego3	easy	0.0	0.008	810	400	282	334	52	38	1	31.62	31.62	31.62
juego3	easy	0.0	0.008	819	400	282	334	52	38	1	31.62	31.62	31.62
juego3	easy	0.0	0.008	829	400	282	334	52	38	1	31.62	31.62	31.62
juego3	easy	0.0	0.008	838	400	282	334	52	38	1	31.62	31.62	31.62
juego3	easy	0.0	0.008	846	400	282	334	52	38	1	31.62	31.62	31.62
juego3	easy	0.0	0.008	855	400	282	334	52	38	1	31.62	31.62	31.62
juego3	easy	0.0	0.008	864	400	282	334	52	38	1	31.62	31.62	31.62
juego3	easy	0.0	0.008	872	400	282	334	52	38	1	31.62	31.62	31.62
juego3	easy	0.0	0.008	881	400	282	334	52	38	1	31.62	31.62	31.62
juego3	easy	0.0	0.008	889	400	282	334	52	38	1	31.62	31.62	31.62
juego3	easy	0.0	0.008	897	400	282	334	52	38	1	31.62	31.62	31.62
juego3	easy	0.0	0.008	906	400	282	334	52	38	1	31.62	31.62	31.62
juego3	easy	0.0	0.008	914	400	282	334	52	38	1	31.62	31.62	31.62
juego3	easy	0.0	0.008	924	400	282	334	52	38	1	31.62	31.62	31.62
juego3	easy	0.0	0.008	932	400	282	334	52	38	1	31.62	31.62	31.62
juego3	easy	0.0	0.008	941	400	282	334	52	38	1	31.62	31.62	31.62
juego3	easy	0.0	0.008	949	400	282	334	52	38	1	31.62	31.62	31.62
juego3	easy	0.0	0.008	958	400	282	334	52	38	1	31.62	31.62	31.62
juego3	easy	0.0	0.008	967	400	282	334	52	38	1	31.62	31.62	31.62
juego3	easy	0.0	0.008	975	400	282	334	52	38	1	31.62	31.62	31.62
juego3	easy	0.0	0.008	984	400	282	334	52	38	1	31.62	31.62	31.62
juego3	easy	0.0	0.008	993	400	282	334	52	38	1	31.62	31.62	31.62
juego3	easy	0.0	0.008	1001	400	282	334	52	38	1	31.62	31.62	31.62
juego3	easy	0.0	0.008	1009	400	282	334	52	38	1	31.62	31.62	31.62
juego3	easy	0.0	0.008	1017	400	282	334	52	38	1	31.62	31.62	31.62
juego3	easy	0.0	0.008	1025	400	282	334	52	38	1	31.62	31.62	31.62
juego3	easy	0.0	0.008	1034	400	282	334	52	38	1	31.62	31.62	31.62
juego3	easy	0.0	0.008	1042	400	282	334	52	38	1	31.62	31.62	31.62
juego3	easy	0.0	0.008	0	400	282	334	52	39	0	31.62	31.62	31.62
juego3	easy	-20.0	0.008	8	400	315	334	19	39	0	31.62	31.62	31.62
juego3	easy	-20.0	0.008	16	400	315	334	19	39	0	31.62	31.62	31.62
juego3	easy	-20.0	0.008	25	400	315	334	19	39	0	31.62	31.62	31.62
juego3	easy	-20.0	0.008	34	400	315	334	19	39	0	31.62	31.62	31.62
juego3	easy	-20.0	0.008	44	400	315	334	19	39	0	31.62	31.62	31.62
juego3	easy	-20.0	0.008	53	400	315	334	19	39	0	31.62	31.62	31.62
juego3	easy	-20.0	0.008	62	400	315	334	19	39	0	31.62	31.62	31.62
juego3	easy	-20.0	0.008	71	400	315	334	19	39	0	31.62	31.62	31.62
juego3	easy	-20.0	0.008	79	400	315	334	19	39	0	31.62	31.62	31.62
juego3	easy	-20.0	0.008	88	400	315	334	19	39	0	31.62	31.62	31.62
juego3	easy	-20.0	0.008	97	400	315	334	19	39	0	31.62	31.62	31.62
juego3	easy	-20.0	0.008	105	400	315	334	19	39	0	31.62	31.62	31.62
juego3	easy	-20.0	0.008	113	400	315	334	19	39	0	31.62	31.62	31.62
juego3	easy	-20.0	0.008	122	400	315	334	19	39	0	31.62	31.62	31.62
juego3	easy	-20.0	0.008	130	400	315	334	19	39	0	31.62	31.62	31.62
juego3	easy	-20.0	0.008	138	400	315	334	19	39	0	31.62	31.62	31.62
juego3	easy	-20.0	0.008	146	400	315	334	19	39	0	31.62	31.62	31.62
juego3	easy	-20.0	0.008	155	400	315	334	19	39	0	31.62	31.62	31.62
juego3	easy	-20.0	0.008	164	400	315	334	19	39	0	31.62	31.62	31.62
juego3	easy	-20.0	0.008	173	400	315	334	19	39	0	31.62	31.62	31.62
juego3	easy	-20.0	0.008	181	400	315	334	19	39	0	31.62	31.62	31.62
juego3	easy	-20.0	0.008	189	400	315	334	19	39	0	31.62	31.62	31.62
juego3	easy	-20.0	0.008	199	400	315	334	19	39	0	31.62	31.62	31.62
juego3	easy	-20.0	0.008	207	400	315	334	19	39	0	31.62	31.62	31.62
juego3	easy	-20.0	0.008	216	400	315	334	19	39	0	31.62	31.62	31.62
juego3	easy	-20.0	0.008	225	400	315	334	19	39	0	31.62	31.62	31.62
juego3	easy	-20.0	0.008	233	400	315	334	19	39	0	31.62	31.62	31.62
juego3	easy	-20.0	0.008	242	400	315	334	19	39	0	31.62	31.62	31.62
juego3	easy	-20.0	0.008	250	400	315	334	19	39	0	31.62	31.62	31.62
juego3	easy	-20.0	0.008	259	400	315	334	19	39	0	31.62	31.62	31.62
juego3	easy	-20.0	0.008	269	400	315	334	19	39	0	31.62	31.62	31.62
juego3	easy	-20.0	0.008	277	400	315	334	19	39	0	31.62	31.62	31.62
juego3	easy	-20.0	0.008	286	400	315	334	19	39	0	31.62	31.62	31.62
juego3	easy	-20.0	0.008	294	400	315	334	19	39	0	31.62	31.62	31.62
juego3	easy	-20.0	0.008	302	400	315	334	19	39	0	31.62	31.62	31.62
juego3	easy	-20.0	0.008	310	400	315	334	19	39	0	31.62	31.62	31.62
juego3	easy	-20.0	0.008	319	400	315	334	19	39	0	31.62	31.62	31.62
juego3	easy	-20.0	0.008	328	400	315	334	19	39	0	31.62	31.62	31.62
juego3	easy	-20.0	0.008	338	400	315	334	19	39	0	31.62	31.62	31.62
juego3	easy	-20.0	0.008	347	400	315	334	19	39	0	31.62	31.62	31.62
juego3	easy	-20.0	0.008	355	400	315	334	19	39	0	31.62	31.62	31.62
juego3	easy	-20.0	0.008	365	400	315	334	19	39	0	31.62	31.62	31.62
juego3	easy	-20.0	0.008	373	400	315	334	19	39	0	31.62	31.62	31.62
juego3	easy	-20.0	0.008	382	400	315	334	19	39	0	31.62	31.62	31.62
juego3	easy	-20.0	0.008	391	400	315	334	19	39	0	31.62	31.62	31.62
juego3	easy	-20.0	0.008	401	400	315	334	19	39	0	31.62	31.62	31.62
juego3	easy	-20.0	0.008	409	400	315	334	19	39	0	31.62	31.62	31.62
juego3	easy	-20.0	0.008	418	400	315	334	19	39	0	31.62	31.62	31.62
juego3	easy	-20.0	0.008	427	400	315	334	19	39	0	31.61	31.61	31.61
juego3	easy	-20.0	0.008	435	400	315	334	19	39	0	31.62	31.62	31.62
juego3	easy	-20.0	0.008	445	400	315	334	19	39	0	31.62	31.62	31.62
juego3	easy	-20.0	0.008	453	400	315	334	19	39	0	31.62	31.62	31.62
juego3	easy	-20.0	0.008	462	400	315	334	19	39	0	31.62	31.62	31.62
juego3	easy	-20.0	0.008	470	400	315	334	19	39	0	31.62	31.62	31.62
juego3	easy	-20.0	0.008	479	400	315	334	19	39	0	31.62	31.62	31.62
juego3	easy	-20.0	0.008	489	400	315	334	19	39	0	31.62	31.62	31.62
juego3	easy	-20.0	0.008	497	400	315	334	19	39	0	31.62	31.62	31.62
juego3	easy	-20.0	0.008	506	400	315	334	19	39	0	31.62	31.62	31.62
juego3	easy	-20.0	0.008	514	400	315	334	19	39	0	31.62	31.62	31.62
juego3	easy	-20.0	0.008	523	400	315	334	19	39	0	31.62	31.62	31.62
juego3	easy	-20.0	0.008	530	400	315	334	19	39	0	31.62	31.62	31.62
juego3	easy	-20.0	0.008	539	400	315	334	19	39	0	31.62	31.62	31.62
juego3	easy	-20.0	0.008	549	400	315	334	19	39	0	31.62	31.62	31.62
juego3	easy	-20.0	0.008	557	400	315	334	19	39	0	31.63	31.63	31.63
juego3	easy	-20.0	0.008	566	400	315	334	19	39	0	31.62	31.62	31.62
juego3	easy	-20.0	0.008	575	400	315	334	19	39	0	31.62	31.62	31.62
juego3	easy	-20.0	0.008	585	400	315	334	19	39	0	31.62	31.62	31.62
juego3	easy	-20.0	0.008	593	400	315	334	19	39	0	31.62	31.62	31.62
juego3	easy	-20.0	0.008	602	400	315	334	19	39	0	31.62	31.62	31.62
juego3	easy	-20.0	0.008	612	400	315	334	19	39	0	31.62	31.62	31.62
juego3	easy	-20.0	0.008	620	400	315	334	19	39	0	31.62	31.62	31.62
juego3	easy	-20.0	0.008	629	400	315	334	19	39	0	31.62	31.62	31.62
juego3	easy	-20.0	0.008	638	400	315	334	19	39	0	31.62	31.62	31.62
juego3	easy	-20.0	0.008	647	400	315	334	19	39	0	31.62	31.62	31.62
juego3	easy	-20.0	0.008	657	400	315	334	19	39	0	31.62	31.62	31.62
juego3	easy	-20.0	0.008	665	400	315	334	19	39	0	31.62	31.62	31.62
juego3	easy	-20.0	0.008	673	400	315	334	19	39	0	31.62	31.62	31.62
juego3	easy	-20.0	0.008	681	400	315	334	19	39	0	31.63	31.63	31.63
juego3	easy	-20.0	0.008	689	400	315	334	19	39	0	31.63	31.63	31.63
juego3	easy	-20.0	0.008	697	400	315	334	19	39	0	31.63	31.63	31.63
juego3	easy	-20.0	0.008	706	400	315	334	19	39	0	31.63	31.63	31.63
juego3	easy	-20.0	0.008	715	400	315	334	19	39	0	31.63	31.63	31.63
juego3	easy	-20.0	0.008	724	400	315	334	19	39	0	31.63	31.63	31.63
juego3	easy	-20.0	0.008	732	400	315	334	19	39	0	31.63	31.63	31.63
juego3	easy	-20.0	0.008	741	400	315	334	19	39	0	31.62	31.62	31.62
juego3	easy	-20.0	0.008	750	400	315	334	19	39	0	31.63	31.63	31.63
juego3	easy	-20.0	0.008	759	400	315	334	19	39	0	31.63	31.63	31.63
juego3	easy	-20.0	0.008	768	400	315	334	19	39	0	31.63	31.63	31.63
juego3	easy	-20.0	0.008	776	400	315	334	19	39	0	31.62	31.62	31.62
juego3	easy	-20.0	0.008	784	400	315	334	19	39	0	31.62	31.62	31.62
juego3	easy	-20.0	0.008	793	400	315	334	19	39	0	31.62	31.62	31.62
juego3	easy	-20.0	0.008	802	400	315	334	19	39	0	31.62	31.62	31.62
juego3	easy	-20.0	0.008	811	400	315	334	19	39	0	31.62	31.62	31.62
juego3	easy	-20.0	0.008	819	400	315	334	19	39	0	31.62	31.62	31.62
juego3	easy	-20.0	0.008	828	400	315	334	19	39	0	31.62	31.62	31.62
juego3	easy	-20.0	0.008	837	400	315	334	19	39	0	31.62	31.62	31.62
juego3	easy	-20.0	0.008	845	400	315	334	19	39	0	31.62	31.62	31.62
juego3	easy	-20.0	0.008	854	400	315	334	19	39	0	31.62	31.62	31.62
juego3	easy	-20.0	0.008	863	400	315	334	19	39	0	31.63	31.63	31.63
juego3	easy	-20.0	0.008	872	400	315	334	19	39	0	31.62	31.62	31.62
juego3	easy	-20.0	0.008	881	400	315	334	19	39	0	31.62	31.62	31.62
juego3	easy	-20.0	0.008	889	400	315	334	19	39	0	31.62	31.62	31.62
juego3	easy	-20.0	0.008	897	400	315	334	19	39	0	31.62	31.62	31.62
juego3	easy	-20.0	0.008	905	400	315	334	19	39	0	31.62	31.62	31.62
juego3	easy	-20.0	0.008	914	400	315	334	19	39	0	31.62	31.62	31.62
juego3	easy	-20.0	0.008	923	400	315	334	19	39	0	31.62	31.62	31.62
juego3	easy	-20.0	0.008	932	400	315	334	19	39	0	31.62	31.62	31.62
juego3	easy	-20.0	0.008	941	400	315	334	19	39	0	31.62	31.62	31.62
juego3	easy	-20.0	0.008	949	400	315	334	19	39	0	31.62	31.62	31.62
juego3	easy	-20.0	0.008	958	400	315	334	19	39	0	31.62	31.62	31.62
juego3	easy	-20.0	0.008	968	400	315	334	19	39	0	31.62	31.62	31.62
juego3	easy	-20.0	0.008	976	400	315	334	19	39	0	31.62	31.62	31.62
juego3	easy	-20.0	0.008	984	400	315	334	19	39	0	31.62	31.62	31.62
juego3	easy	-20.0	0.008	992	400	315	334	19	39	0	31.61	31.61	31.61
juego3	easy	-20.0	0.008	1002	400	315	334	19	39	0	31.62	31.62	31.62
juego3	easy	-20.0	0.008	1009	400	315	334	19	39	0	31.61	31.61	31.61
juego3	easy	-20.0	0.008	1018	400	315	334	19	39	0	31.62	31.62	31.62
juego3	easy	-20.0	0.008	1028	400	315	334	19	39	0	31.62	31.62	31.62
Pausa_juego3	easy	-20.0	0.008	0	400	315	334	19	-1	0	31.61	31.61	31.61
juego3	easy	-20.0	0.008	0	400	315	334	19	0	1	31.61	31.61	31.61
