game	difficulty	amplitude	velocity	time	xpos	y_computer	y_human	y_error	trial	x	y	z
juego3	easy	0.0	0.008	3	400	231	247	16	0	79.18	79.18	79.18
juego3	easy	0.0	0.008	8	400	231	247	16	0	79.18	79.18	79.18
juego3	easy	0.0	0.008	16	400	231	247	16	0	79.11	79.11	79.11
juego3	easy	0.0	0.008	25	400	231	247	16	0	79.03	79.03	79.03
juego3	easy	0.0	0.008	32	400	231	248	17	0	78.94	78.94	78.94
juego3	easy	0.0	0.008	41	400	231	248	17	0	78.91	78.91	78.91
juego3	easy	0.0	0.008	50	400	231	248	17	0	78.83	78.83	78.83
juego3	easy	0.0	0.008	59	400	231	248	17	0	78.77	78.77	78.77
juego3	easy	0.0	0.008	68	400	231	249	18	0	78.72	78.72	78.72
juego3	easy	0.0	0.008	77	400	231	249	18	0	78.68	78.68	78.68
juego3	easy	0.0	0.008	87	400	231	249	18	0	78.67	78.67	78.67
juego3	easy	0.0	0.008	94	400	231	249	18	0	78.65	78.65	78.65
juego3	easy	0.0	0.008	103	400	231	249	18	0	78.6	78.6	78.6
juego3	easy	0.0	0.008	110	400	231	249	18	0	78.57	78.57	78.57
juego3	easy	0.0	0.008	120	400	231	249	18	0	78.5	78.5	78.5
juego3	easy	0.0	0.008	128	400	231	250	19	0	78.41	78.41	78.41
juego3	easy	0.0	0.008	137	400	231	250	19	0	78.38	78.38	78.38
juego3	easy	0.0	0.008	146	400	231	250	19	0	78.33	78.33	78.33
juego3	easy	0.0	0.008	155	400	231	250	19	0	78.29	78.29	78.29
juego3	easy	0.0	0.008	165	400	231	250	19	0	78.25	78.25	78.25
juego3	easy	0.0	0.008	172	400	231	250	19	0	78.24	78.24	78.24
juego3	easy	0.0	0.008	181	400	231	251	20	0	78.19	78.19	78.19
juego3	easy	0.0	0.008	189	400	231	251	20	0	78.14	78.14	78.14
juego3	easy	0.0	0.008	197	400	231	251	20	0	78.12	78.12	78.12
juego3	easy	0.0	0.008	206	400	231	251	20	0	78.08	78.08	78.08
juego3	easy	0.0	0.008	215	400	231	251	20	0	78.05	78.05	78.05
juego3	easy	0.0	0.008	224	400	231	251	20	0	78.03	78.03	78.03
juego3	easy	0.0	0.008	233	400	231	251	20	0	78.01	78.01	78.01
juego3	easy	0.0	0.008	241	400	231	251	20	0	77.99	77.99	77.99
juego3	easy	0.0	0.008	250	400	231	252	21	0	77.96	77.96	77.96
juego3	easy	0.0	0.008	258	400	231	252	21	0	77.92	77.92	77.92
juego3	easy	0.0	0.008	267	400	231	252	21	0	77.9	77.9	77.9
juego3	easy	0.0	0.008	276	400	231	252	21	0	77.86	77.86	77.86
juego3	easy	0.0	0.008	285	400	231	252	21	0	77.82	77.82	77.82
juego3	easy	0.0	0.008	295	400	231	252	21	0	77.77	77.77	77.77
juego3	easy	0.0	0.008	304	400	231	252	21	0	77.74	77.74	77.74
juego3	easy	0.0	0.008	311	400	231	252	21	0	77.73	77.73	77.73
juego3	easy	0.0	0.008	319	400	231	252	21	0	77.72	77.72	77.72
juego3	easy	0.0	0.008	328	400	231	253	22	0	77.71	77.71	77.71
juego3	easy	0.0	0.008	337	400	231	253	22	0	77.71	77.71	77.71
juego3	easy	0.0	0.008	346	400	231	253	22	0	77.7	77.7	77.7
juego3	easy	0.0	0.008	355	400	231	253	22	0	77.68	77.68	77.68
juego3	easy	0.0	0.008	364	400	231	253	22	0	77.67	77.67	77.67
juego3	easy	0.0	0.008	373	400	231	253	22	0	77.67	77.67	77.67
juego3	easy	0.0	0.008	382	400	231	253	22	0	77.68	77.68	77.68
juego3	easy	0.0	0.008	391	400	231	252	21	0	77.72	77.72	77.72
juego3	easy	0.0	0.008	400	400	231	252	21	0	77.77	77.77	77.77
juego3	easy	0.0	0.008	409	400	231	252	21	0	77.85	77.85	77.85
juego3	easy	0.0	0.008	418	400	231	252	21	0	77.93	77.93	77.93
juego3	easy	0.0	0.008	426	400	231	251	20	0	78.18	78.18	78.18
juego3	easy	0.0	0.008	435	400	231	249	18	0	78.59	78.59	78.59
juego3	easy	0.0	0.008	444	400	231	247	16	0	79.13	79.13	79.13
juego3	easy	0.0	0.008	453	400	231	246	15	0	79.45	79.45	79.45
juego3	easy	0.0	0.008	461	400	231	243	12	0	80.17	80.17	80.17
juego3	easy	0.0	0.008	469	400	231	240	9	0	80.97	80.97	80.97
juego3	easy	0.0	0.008	478	400	231	236	5	0	81.84	81.84	81.84
juego3	easy	0.0	0.008	488	400	231	235	4	0	82.27	82.27	82.27
juego3	easy	0.0	0.008	496	400	231	232	1	0	83.1	83.1	83.1
juego3	easy	0.0	0.008	503	400	231	229	-2	0	83.86	83.86	83.86
juego3	easy	0.0	0.008	512	400	231	227	-4	0	84.23	84.23	84.23
juego3	easy	0.0	0.008	522	400	231	224	-7	0	85.02	85.02	85.02
juego3	easy	0.0	0.008	530	400	231	221	-10	0	85.85	85.85	85.85
juego3	easy	0.0	0.008	540	400	231	217	-14	0	86.74	86.74	86.74
juego3	easy	0.0	0.008	548	400	231	216	-15	0	87.21	87.21	87.21
juego3	easy	0.0	0.008	557	400	231	212	-19	0	88.22	88.22	88.22
juego3	easy	0.0	0.008	565	400	231	210	-21	0	88.74	88.74	88.74
juego3	easy	0.0	0.008	573	400	231	205	-26	0	89.92	89.92	89.92
juego3	easy	0.0	0.008	582	400	231	200	-31	0	91.1	91.1	91.1
juego3	easy	0.0	0.008	591	400	231	197	-34	0	92.01	92.01	92.01
juego3	easy	0.0	0.008	599	400	231	194	-37	0	92.72	92.72	92.72
juego3	easy	0.0	0.008	607	400	231	193	-38	0	92.99	92.99	92.99
juego3	easy	0.0	0.008	616	400	231	191	-40	0	93.48	93.48	93.48
juego3	easy	0.0	0.008	625	400	231	189	-42	0	93.91	93.91	93.91
juego3	easy	0.0	0.008	634	400	231	188	-43	0	94.36	94.36	94.36
juego3	easy	0.0	0.008	641	400	231	187	-44	0	94.59	94.59	94.59
juego3	easy	0.0	0.008	650	400	231	185	-46	0	95.03	95.03	95.03
juego3	easy	0.0	0.008	659	400	231	184	-47	0	95.38	95.38	95.38
juego3	easy	0.0	0.008	668	400	231	183	-48	0	95.52	95.52	95.52
juego3	easy	0.0	0.008	677	400	231	182	-49	0	95.72	95.72	95.72
juego3	easy	0.0	0.008	686	400	231	182	-49	0	95.81	95.81	95.81
juego3	easy	0.0	0.008	694	400	231	181	-50	0	96.0	96.0	96.0
juego3	easy	0.0	0.008	702	400	231	181	-50	0	96.06	96.06	96.06
juego3	easy	0.0	0.008	711	400	231	181	-50	0	96.19	96.19	96.19
juego3	easy	0.0	0.008	719	400	231	180	-51	0	96.34	96.34	96.34
juego3	easy	0.0	0.008	728	400	231	180	-51	0	96.42	96.42	96.42
juego3	easy	0.0	0.008	736	400	231	179	-52	0	96.56	96.56	96.56
juego3	easy	0.0	0.008	745	400	231	179	-52	0	96.67	96.67	96.67
juego3	easy	0.0	0.008	755	400	231	179	-52	0	96.72	96.72	96.72
juego3	easy	0.0	0.008	763	400	231	179	-52	0	96.72	96.72	96.72
juego3	easy	0.0	0.008	771	400	231	179	-52	0	96.71	96.71	96.71
juego3	easy	0.0	0.008	779	400	231	179	-52	0	96.69	96.69	96.69
juego3	easy	0.0	0.008	788	400	231	179	-52	0	96.68	96.68	96.68
juego3	easy	0.0	0.008	797	400	231	179	-52	0	96.67	96.67	96.67
juego3	easy	0.0	0.008	806	400	231	179	-52	0	96.68	96.68	96.68
juego3	easy	0.0	0.008	814	400	231	179	-52	0	96.68	96.68	96.68
juego3	easy	0.0	0.008	822	400	231	179	-52	0	96.69	96.69	96.69
juego3	easy	0.0	0.008	831	400	231	179	-52	0	96.69	96.69	96.69
juego3	easy	0.0	0.008	840	400	231	179	-52	0	96.65	96.65	96.65
juego3	easy	0.0	0.008	850	400	231	179	-52	0	96.6	96.6	96.6
juego3	easy	0.0	0.008	857	400	231	179	-52	0	96.56	96.56	96.56
juego3	easy	0.0	0.008	867	400	231	179	-52	0	96.49	96.49	96.49
juego3	easy	0.0	0.008	875	400	231	180	-51	0	96.42	96.42	96.42
juego3	easy	0.0	0.008	884	400	231	180	-51	0	96.38	96.38	96.38
juego3	easy	0.0	0.008	893	400	231	180	-51	0	96.32	96.32	96.32
juego3	easy	0.0	0.008	901	400	231	180	-51	0	96.25	96.25	96.25
juego3	easy	0.0	0.008	910	400	231	181	-50	0	96.16	96.16	96.16
juego3	easy	0.0	0.008	919	400	231	181	-50	0	96.12	96.12	96.12
juego3	easy	0.0	0.008	928	400	231	181	-50	0	96.04	96.04	96.04
juego3	easy	0.0	0.008	936	400	231	181	-50	0	96.01	96.01	96.01
juego3	easy	0.0	0.008	944	400	231	181	-50	0	96.01	96.01	96.01
juego3	easy	0.0	0.008	951	400	231	181	-50	0	96.01	96.01	96.01
juego3	easy	0.0	0.008	961	400	231	181	-50	0	96.01	96.01	96.01
juego3	easy	0.0	0.008	969	400	231	181	-50	0	96.0	96.0	96.0
juego3	easy	0.0	0.008	977	400	231	181	-50	0	95.97	95.97	95.97
juego3	easy	0.0	0.008	987	400	231	181	-50	0	95.96	95.96	95.96
juego3	easy	0.0	0.008	995	400	231	181	-50	0	95.96	95.96	95.96
juego3	easy	0.0	0.008	1004	400	231	181	-50	0	95.98	95.98	95.98
juego3	easy	0.0	0.008	1012	400	231	181	-50	0	96.0	96.0	96.0
juego3	easy	0.0	0.008	1022	400	231	181	-50	0	96.01	96.01	96.01
juego3	easy	0.0	0.008	1030	400	231	181	-50	0	96.05	96.05	96.05
juego3	easy	0.0	0.008	1039	400	231	181	-50	0	96.07	96.07	96.07
juego3	easy	0.0	0.008	1047	400	231	181	-50	0	96.11	96.11	96.11
juego3	easy	0.0	0.008	1056	400	231	181	-50	0	96.17	96.17	96.17
juego3	easy	0.0	0.008	1065	400	231	180	-51	0	96.21	96.21	96.21
juego3	easy	0.0	0.008	1075	400	231	180	-51	0	96.23	96.23	96.23
juego3	easy	0.0	0.008	1083	400	231	180	-51	0	96.26	96.26	96.26
juego3	easy	0.0	0.008	1092	400	231	180	-51	0	96.28	96.28	96.28
juego3	easy	0.0	0.008	1101	400	231	180	-51	0	96.3	96.3	96.3
juego3	easy	0.0	0.008	1108	400	231	180	-51	0	96.31	96.31	96.31
juego3	easy	0.0	0.008	1117	400	231	180	-51	0	96.33	96.33	96.33
juego3	easy	0.0	0.008	1127	400	231	180	-51	0	96.37	96.37	96.37
juego3	easy	0.0	0.008	1135	400	231	180	-51	0	96.44	96.44	96.44
juego3	easy	0.0	0.008	1144	400	231	179	-52	0	96.48	96.48	96.48
juego3	easy	0.0	0.008	1152	400	231	179	-52	0	96.57	96.57	96.57
juego3	easy	0.0	0.008	1161	400	231	179	-52	0	96.65	96.65	96.65
juego3	easy	0.0	0.008	1170	400	231	179	-52	0	96.71	96.71	96.71
juego3	easy	0.0	0.008	1179	400	231	179	-52	0	96.72	96.72	96.72
juego3	easy	0.0	0.008	1188	400	231	178	-53	0	96.76	96.76	96.76
juego3	easy	0.0	0.008	1197	400	231	178	-53	0	96.82	96.82	96.82
juego3	easy	0.0	0.008	1206	400	231	178	-53	0	96.88	96.88	96.88
juego3	easy	0.0	0.008	1215	400	231	178	-53	0	96.95	96.95	96.95
juego3	easy	0.0	0.008	1224	400	231	178	-53	0	96.97	96.97	96.97
juego3	easy	0.0	0.008	1234	400	231	177	-54	0	97.02	97.02	97.02
juego3	easy	0.0	0.008	1242	400	231	177	-54	0	97.06	97.06	97.06
juego3	easy	0.0	0.008	1251	400	231	177	-54	0	97.1	97.1	97.1
juego3	easy	0.0	0.008	1259	400	231	177	-54	0	97.12	97.12	97.12
juego3	easy	0.0	0.008	1268	400	231	177	-54	0	97.18	97.18	97.18
juego3	easy	0.0	0.008	1277	400	231	176	-55	0	97.25	97.25	97.25
juego3	easy	0.0	0.008	1284	400	231	176	-55	0	97.3	97.3	97.3
juego3	easy	0.0	0.008	1293	400	231	176	-55	0	97.37	97.37	97.37
juego3	easy	0.0	0.008	1302	400	231	176	-55	0	97.41	97.41	97.41
juego3	easy	0.0	0.008	1311	400	231	176	-55	0	97.41	97.41	97.41
juego3	easy	0.0	0.008	1320	400	231	176	-55	0	97.41	97.41	97.41
juego3	easy	0.0	0.008	1329	400	231	176	-55	0	97.42	97.42	97.42
juego3	easy	0.0	0.008	1337	400	231	176	-55	0	97.44	97.44	97.44
juego3	easy	0.0	0.008	1347	400	231	176	-55	0	97.47	97.47	97.47
juego3	easy	0.0	0.008	1355	400	231	176	-55	0	97.48	97.48	97.48
juego3	easy	0.0	0.008	1364	400	231	176	-55	0	97.49	97.49	97.49
juego3	easy	0.0	0.008	1374	400	231	176	-55	0	97.48	97.48	97.48
juego3	easy	0.0	0.008	1382	400	231	176	-55	0	97.48	97.48	97.48
juego3	easy	0.0	0.008	1391	400	231	176	-55	0	97.48	97.48	97.48
juego3	easy	0.0	0.008	1400	400	231	176	-55	0	97.49	97.49	97.49
juego3	easy	0.0	0.008	1409	400	231	175	-56	0	97.5	97.5	97.5
juego3	easy	0.0	0.008	1417	400	231	176	-55	0	97.49	97.49	97.49
juego3	easy	0.0	0.008	1426	400	231	176	-55	0	97.44	97.44	97.44
juego3	easy	0.0	0.008	1435	400	231	176	-55	0	97.42	97.42	97.42
juego3	easy	0.0	0.008	1443	400	231	176	-55	0	97.35	97.35	97.35
juego3	easy	0.0	0.008	1452	400	231	176	-55	0	97.3	97.3	97.3
juego3	easy	0.0	0.008	1462	400	231	176	-55	0	97.27	97.27	97.27
juego3	easy	0.0	0.008	1470	400	231	176	-55	0	97.26	97.26	97.26
juego3	easy	0.0	0.008	1479	400	231	176	-55	0	97.26	97.26	97.26
juego3	easy	0.0	0.008	1488	400	231	176	-55	0	97.25	97.25	97.25
juego3	easy	0.0	0.008	1496	400	231	177	-54	0	97.22	97.22	97.22
juego3	easy	0.0	0.008	1505	400	231	177	-54	0	97.2	97.2	97.2
juego3	easy	0.0	0.008	1514	400	231	177	-54	0	97.14	97.14	97.14
juego3	easy	0.0	0.008	1522	400	231	177	-54	0	97.09	97.09	97.09
juego3	easy	0.0	0.008	1530	400	231	177	-54	0	97.07	97.07	97.07
juego3	easy	0.0	0.008	1539	400	231	177	-54	0	97.04	97.04	97.04
juego3	easy	0.0	0.008	1548	400	231	177	-54	0	97.04	97.04	97.04
juego3	easy	0.0	0.008	1557	400	231	177	-54	0	97.03	97.03	97.03
juego3	easy	0.0	0.008	1565	400	231	177	-54	0	97.03	97.03	97.03
juego3	easy	0.0	0.008	1574	400	231	177	-54	0	97.03	97.03	97.03
juego3	easy	0.0	0.008	1583	400	231	177	-54	0	97.01	97.01	97.01
juego3	easy	0.0	0.008	1592	400	231	178	-53	0	96.97	96.97	96.97
juego3	easy	0.0	0.008	1601	400	231	178	-53	0	96.92	96.92	96.92
juego3	easy	0.0	0.008	1609	400	231	178	-53	0	96.89	96.89	96.89
juego3	easy	0.0	0.008	1618	400	231	178	-53	0	96.88	96.88	96.88
juego3	easy	0.0	0.008	1626	400	231	178	-53	0	96.9	96.9	96.9
juego3	easy	0.0	0.008	1635	400	231	178	-53	0	96.94	96.94	96.94
juego3	easy	0.0	0.008	1644	400	231	178	-53	0	96.97	96.97	96.97
juego3	easy	0.0	0.008	1652	400	231	177	-54	0	96.99	96.99	96.99
juego3	easy	0.0	0.008	1662	400	231	177	-54	0	96.98	96.98	96.98
juego3	easy	0.0	0.008	1670	400	231	178	-53	0	96.97	96.97	96.97
juego3	easy	0.0	0.008	1679	400	231	178	-53	0	96.95	96.95	96.95
juego3	easy	0.0	0.008	1688	400	231	178	-53	0	96.96	96.96	96.96
juego3	easy	0.0	0.008	1697	400	231	177	-54	0	96.98	96.98	96.98
juego3	easy	0.0	0.008	1705	400	231	177	-54	0	97.0	97.0	97.0
juego3	easy	0.0	0.008	1714	400	231	177	-54	0	97.01	97.01	97.01
juego3	easy	0.0	0.008	1722	400	231	177	-54	0	96.99	96.99	96.99
juego3	easy	0.0	0.008	1731	400	231	178	-53	0	96.97	96.97	96.97
juego3	easy	0.0	0.008	1740	400	231	178	-53	0	96.95	96.95	96.95
juego3	easy	0.0	0.008	1750	400	231	178	-53	0	96.95	96.95	96.95
juego3	easy	0.0	0.008	1758	400	231	178	-53	0	96.97	96.97	96.97
juego3	easy	0.0	0.008	1766	400	231	177	-54	0	96.99	96.99	96.99
juego3	easy	0.0	0.008	1774	400	231	177	-54	0	97.02	97.02	97.02
juego3	easy	0.0	0.008	1782	400	231	177	-54	0	97.03	97.03	97.03
juego3	easy	0.0	0.008	1790	400	231	177	-54	0	97.04	97.04	97.04
juego3	easy	0.0	0.008	1798	400	231	177	-54	0	97.03	97.03	97.03
juego3	easy	0.0	0.008	1807	400	231	177	-54	0	97.04	97.04	97.04
juego3	easy	0.0	0.008	1816	400	231	177	-54	0	97.03	97.03	97.03
juego3	easy	0.0	0.008	1825	400	231	177	-54	0	97.05	97.05	97.05
juego3	easy	0.0	0.008	1835	400	231	177	-54	0	97.07	97.07	97.07
juego3	easy	0.0	0.008	1843	400	231	177	-54	0	97.09	97.09	97.09
juego3	easy	0.0	0.008	1852	400	231	177	-54	0	97.11	97.11	97.11
juego3	easy	0.0	0.008	1861	400	231	177	-54	0	97.13	97.13	97.13
juego3	easy	0.0	0.008	1869	400	231	177	-54	0	97.13	97.13	97.13
juego3	easy	0.0	0.008	1878	400	231	177	-54	0	97.13	97.13	97.13
juego3	easy	0.0	0.008	1886	400	231	177	-54	0	97.11	97.11	97.11
juego3	easy	0.0	0.008	1895	400	231	177	-54	0	97.11	97.11	97.11
juego3	easy	0.0	0.008	1904	400	231	177	-54	0	97.1	97.1	97.1
juego3	easy	0.0	0.008	1913	400	231	177	-54	0	97.11	97.11	97.11
juego3	easy	0.0	0.008	1922	400	231	177	-54	0	97.11	97.11	97.11
juego3	easy	0.0	0.008	1931	400	231	177	-54	0	97.11	97.11	97.11
juego3	easy	0.0	0.008	1940	400	231	177	-54	0	97.1	97.1	97.1
juego3	easy	0.0	0.008	1949	400	231	177	-54	0	97.1	97.1	97.1
juego3	easy	0.0	0.008	1958	400	231	177	-54	0	97.09	97.09	97.09
juego3	easy	0.0	0.008	1967	400	231	177	-54	0	97.09	97.09	97.09
juego3	easy	0.0	0.008	1976	400	231	177	-54	0	97.09	97.09	97.09
juego3	easy	0.0	0.008	1985	400	231	177	-54	0	97.1	97.1	97.1
juego3	easy	0.0	0.008	1995	400	231	177	-54	0	97.1	97.1	97.1
juego3	easy	0.0	0.008	0	400	231	177	-54	1	97.07	97.07	97.07
juego3	easy	80.0	0.008	9	400	167	177	10	1	97.04	97.04	97.04
juego3	easy	80.0	0.008	18	400	167	177	10	1	97.03	97.03	97.03
juego3	easy	80.0	0.008	27	400	167	177	10	1	97.01	97.01	97.01
juego3	easy	80.0	0.008	36	400	167	177	10	1	97.01	97.01	97.01
juego3	easy	80.0	0.008	44	400	167	177	10	1	97.01	97.01	97.01
juego3	easy	80.0	0.008	53	400	167	177	10	1	97.02	97.02	97.02
juego3	easy	80.0	0.008	62	400	167	177	10	1	97.02	97.02	97.02
juego3	easy	80.0	0.008	71	400	167	177	10	1	97.0	97.0	97.0
juego3	easy	80.0	0.008	80	400	167	178	11	1	96.97	96.97	96.97
juego3	easy	80.0	0.008	88	400	167	178	11	1	96.97	96.97	96.97
juego3	easy	80.0	0.008	98	400	167	177	10	1	96.98	96.98	96.98
juego3	easy	80.0	0.008	106	400	167	177	10	1	96.99	96.99	96.99
juego3	easy	80.0	0.008	115	400	167	177	10	1	96.99	96.99	96.99
juego3	easy	80.0	0.008	124	400	167	177	10	1	96.99	96.99	96.99
juego3	easy	80.0	0.008	133	400	167	178	11	1	96.97	96.97	96.97
juego3	easy	80.0	0.008	141	400	167	178	11	1	96.95	96.95	96.95
juego3	easy	80.0	0.008	150	400	167	178	11	1	96.94	96.94	96.94
juego3	easy	80.0	0.008	159	400	167	178	11	1	96.95	96.95	96.95
juego3	easy	80.0	0.008	168	400	167	178	11	1	96.96	96.96	96.96
juego3	easy	80.0	0.008	177	400	167	178	11	1	96.96	96.96	96.96
juego3	easy	80.0	0.008	187	400	167	178	11	1	96.95	96.95	96.95
juego3	easy	80.0	0.008	196	400	167	178	11	1	96.9	96.9	96.9
juego3	easy	80.0	0.008	205	400	167	178	11	1	96.84	96.84	96.84
juego3	easy	80.0	0.008	213	400	167	178	11	1	96.82	96.82	96.82
juego3	easy	80.0	0.008	222	400	167	178	11	1	96.79	96.79	96.79
juego3	easy	80.0	0.008	231	400	167	178	11	1	96.78	96.78	96.78
juego3	easy	80.0	0.008	239	400	167	178	11	1	96.78	96.78	96.78
juego3	easy	80.0	0.008	248	400	167	178	11	1	96.79	96.79	96.79
juego3	easy	80.0	0.008	258	400	167	178	11	1	96.75	96.75	96.75
juego3	easy	80.0	0.008	266	400	167	179	12	1	96.71	96.71	96.71
juego3	easy	80.0	0.008	275	400	167	179	12	1	96.69	96.69	96.69
juego3	easy	80.0	0.008	284	400	167	179	12	1	96.7	96.7	96.7
juego3	easy	80.0	0.008	292	400	167	179	12	1	96.72	96.72	96.72
juego3	easy	80.0	0.008	301	400	167	178	11	1	96.77	96.77	96.77
juego3	easy	80.0	0.008	311	400	167	178	11	1	96.81	96.81	96.81
juego3	easy	80.0	0.008	319	400	167	178	11	1	96.82	96.82	96.82
juego3	easy	80.0	0.008	327	400	167	178	11	1	96.83	96.83	96.83
juego3	easy	80.0	0.008	336	400	167	178	11	1	96.84	96.84	96.84
juego3	easy	80.0	0.008	345	400	167	178	11	1	96.87	96.87	96.87
juego3	easy	80.0	0.008	354	400	167	178	11	1	96.9	96.9	96.9
juego3	easy	80.0	0.008	362	400	167	177	10	1	96.99	96.99	96.99
juego3	easy	80.0	0.008	371	400	167	177	10	1	97.13	97.13	97.13
juego3	easy	80.0	0.008	380	400	167	177	10	1	97.2	97.2	97.2
juego3	easy	80.0	0.008	388	400	167	176	9	1	97.36	97.36	97.36
juego3	easy	80.0	0.008	396	400	167	176	9	1	97.49	97.49	97.49
juego3	easy	80.0	0.008	404	400	167	175	8	1	97.56	97.56	97.56
juego3	easy	80.0	0.008	413	400	167	175	8	1	97.71	97.71	97.71
juego3	easy	80.0	0.008	422	400	167	174	7	1	97.89	97.89	97.89
juego3	easy	80.0	0.008	432	400	167	173	6	1	98.06	98.06	98.06
juego3	easy	80.0	0.008	440	400	167	173	6	1	98.18	98.18	98.18
juego3	easy	80.0	0.008	449	400	167	173	6	1	98.23	98.23	98.23
juego3	easy	80.0	0.008	458	400	167	172	5	1	98.32	98.32	98.32
juego3	easy	80.0	0.008	467	400	167	172	5	1	98.45	98.45	98.45
juego3	easy	80.0	0.008	476	400	167	171	4	1	98.58	98.58	98.58
juego3	easy	80.0	0.008	485	400	167	171	4	1	98.64	98.64	98.64
juego3	easy	80.0	0.008	493	400	167	171	4	1	98.71	98.71	98.71
juego3	easy	80.0	0.008	502	400	167	171	4	1	98.74	98.74	98.74
juego3	easy	80.0	0.008	510	400	167	171	4	1	98.73	98.73	98.73
juego3	easy	80.0	0.008	519	400	167	171	4	1	98.69	98.69	98.69
juego3	easy	80.0	0.008	528	400	167	171	4	1	98.67	98.67	98.67
juego3	easy	80.0	0.008	536	400	167	171	4	1	98.69	98.69	98.69
juego3	easy	80.0	0.008	544	400	167	171	4	1	98.7	98.7	98.7
juego3	easy	80.0	0.008	552	400	167	171	4	1	98.74	98.74	98.74
juego3	easy	80.0	0.008	561	400	167	170	3	1	98.8	98.8	98.8
juego3	easy	80.0	0.008	569	400	167	170	3	1	98.83	98.83	98.83
juego3	easy	80.0	0.008	578	400	167	170	3	1	98.87	98.87	98.87
juego3	easy	80.0	0.008	586	400	167	170	3	1	98.85	98.85	98.85
juego3	easy	80.0	0.008	595	400	167	170	3	1	98.83	98.83	98.83
juego3	easy	80.0	0.008	603	400	167	170	3	1	98.79	98.79	98.79
juego3	easy	80.0	0.008	612	400	167	171	4	1	98.76	98.76	98.76
juego3	easy	80.0	0.008	621	400	167	171	4	1	98.74	98.74	98.74
juego3	easy	80.0	0.008	629	400	167	171	4	1	98.74	98.74	98.74
juego3	easy	80.0	0.008	638	400	167	171	4	1	98.75	98.75	98.75
juego3	easy	80.0	0.008	646	400	167	171	4	1	98.76	98.76	98.76
juego3	easy	80.0	0.008	655	400	167	171	4	1	98.76	98.76	98.76
juego3	easy	80.0	0.008	664	400	167	171	4	1	98.73	98.73	98.73
juego3	easy	80.0	0.008	674	400	167	171	4	1	98.69	98.69	98.69
juego3	easy	80.0	0.008	683	400	167	171	4	1	98.67	98.67	98.67
juego3	easy	80.0	0.008	691	400	167	171	4	1	98.68	98.68	98.68
juego3	easy	80.0	0.008	701	400	167	171	4	1	98.7	98.7	98.7
juego3	easy	80.0	0.008	709	400	167	171	4	1	98.7	98.7	98.7
juego3	easy	80.0	0.008	718	400	167	171	4	1	98.69	98.69	98.69
juego3	easy	80.0	0.008	727	400	167	171	4	1	98.67	98.67	98.67
juego3	easy	80.0	0.008	735	400	167	171	4	1	98.65	98.65	98.65
juego3	easy	80.0	0.008	744	400	167	171	4	1	98.64	98.64	98.64
juego3	easy	80.0	0.008	752	400	167	171	4	1	98.65	98.65	98.65
juego3	easy	80.0	0.008	761	400	167	171	4	1	98.67	98.67	98.67
juego3	easy	80.0	0.008	770	400	167	171	4	1	98.68	98.68	98.68
juego3	easy	80.0	0.008	780	400	167	171	4	1	98.69	98.69	98.69
juego3	easy	80.0	0.008	789	400	167	171	4	1	98.69	98.69	98.69
juego3	easy	80.0	0.008	797	400	167	171	4	1	98.69	98.69	98.69
juego3	easy	80.0	0.008	805	400	167	171	4	1	98.7	98.7	98.7
juego3	easy	80.0	0.008	815	400	167	171	4	1	98.71	98.71	98.71
juego3	easy	80.0	0.008	824	400	167	171	4	1	98.74	98.74	98.74
juego3	easy	80.0	0.008	832	400	167	171	4	1	98.76	98.76	98.76
juego3	easy	80.0	0.008	841	400	167	171	4	1	98.77	98.77	98.77
juego3	easy	80.0	0.008	849	400	167	171	4	1	98.77	98.77	98.77
juego3	easy	80.0	0.008	858	400	167	171	4	1	98.75	98.75	98.75
juego3	easy	80.0	0.008	867	400	167	171	4	1	98.75	98.75	98.75
juego3	easy	80.0	0.008	876	400	167	171	4	1	98.77	98.77	98.77
juego3	easy	80.0	0.008	885	400	167	170	3	1	98.79	98.79	98.79
juego3	easy	80.0	0.008	894	400	167	170	3	1	98.82	98.82	98.82
juego3	easy	80.0	0.008	903	400	167	170	3	1	98.83	98.83	98.83
juego3	easy	80.0	0.008	912	400	167	170	3	1	98.81	98.81	98.81
juego3	easy	80.0	0.008	921	400	167	170	3	1	98.8	98.8	98.8
juego3	easy	80.0	0.008	930	400	167	170	3	1	98.81	98.81	98.81
juego3	easy	80.0	0.008	940	400	167	170	3	1	98.87	98.87	98.87
juego3	easy	80.0	0.008	948	400	167	170	3	1	98.91	98.91	98.91
juego3	easy	80.0	0.008	957	400	167	170	3	1	98.91	98.91	98.91
juego3	easy	80.0	0.008	965	400	167	170	3	1	98.9	98.9	98.9
juego3	easy	80.0	0.008	974	400	167	170	3	1	98.89	98.89	98.89
juego3	easy	80.0	0.008	983	400	167	170	3	1	98.9	98.9	98.9
juego3	easy	80.0	0.008	992	400	167	170	3	1	98.92	98.92	98.92
juego3	easy	80.0	0.008	1001	400	167	170	3	1	98.94	98.94	98.94
juego3	easy	80.0	0.008	1009	400	167	170	3	1	98.97	98.97	98.97
juego3	easy	80.0	0.008	1019	400	167	170	3	1	98.98	98.98	98.98
juego3	easy	80.0	0.008	1027	400	167	170	3	1	98.97	98.97	98.97
juego3	easy	80.0	0.008	1037	400	167	170	3	1	98.97	98.97	98.97
juego3	easy	80.0	0.008	1045	400	167	170	3	1	98.98	98.98	98.98
juego3	easy	80.0	0.008	1054	400	167	170	3	1	98.99	98.99	98.99
juego3	easy	80.0	0.008	1064	400	167	170	3	1	99.01	99.01	99.01
juego3	easy	80.0	0.008	1072	400	167	170	3	1	99.03	99.03	99.03
juego3	easy	80.0	0.008	1082	400	167	169	2	1	99.04	99.04	99.04
juego3	easy	80.0	0.008	1090	400	167	169	2	1	99.05	99.05	99.05
juego3	easy	80.0	0.008	1099	400	167	169	2	1	99.06	99.06	99.06
juego3	easy	80.0	0.008	1109	400	167	169	2	1	99.09	99.09	99.09
juego3	easy	80.0	0.008	1117	400	167	169	2	1	99.11	99.11	99.11
juego3	easy	80.0	0.008	1127	400	167	169	2	1	99.12	99.12	99.12
juego3	easy	80.0	0.008	1135	400	167	169	2	1	99.13	99.13	99.13
juego3	easy	80.0	0.008	1143	400	167	169	2	1	99.16	99.16	99.16
juego3	easy	80.0	0.008	1153	400	167	169	2	1	99.2	99.2	99.2
juego3	easy	80.0	0.008	1161	400	167	169	2	1	99.19	99.19	99.19
juego3	easy	80.0	0.008	1171	400	167	169	2	1	99.18	99.18	99.18
juego3	easy	80.0	0.008	1179	400	167	169	2	1	99.2	99.2	99.2
juego3	easy	80.0	0.008	1187	400	167	169	2	1	99.23	99.23	99.23
juego3	easy	80.0	0.008	1195	400	167	169	2	1	99.24	99.24	99.24
juego3	easy	80.0	0.008	1204	400	167	169	2	1	99.27	99.27	99.27
juego3	easy	80.0	0.008	1212	400	167	168	1	1	99.29	99.29	99.29
juego3	easy	80.0	0.008	1221	400	167	169	2	1	99.28	99.28	99.28
juego3	easy	80.0	0.008	1231	400	167	168	1	1	99.29	99.29	99.29
juego3	easy	80.0	0.008	1239	400	167	168	1	1	99.3	99.3	99.3
juego3	easy	80.0	0.008	1248	400	167	168	1	1	99.32	99.32	99.32
juego3	easy	80.0	0.008	1258	400	167	168	1	1	99.33	99.33	99.33
juego3	easy	80.0	0.008	1266	400	167	168	1	1	99.33	99.33	99.33
juego3	easy	80.0	0.008	1276	400	167	168	1	1	99.33	99.33	99.33
juego3	easy	80.0	0.008	1284	400	167	168	1	1	99.34	99.34	99.34
juego3	easy	80.0	0.008	1293	400	167	168	1	1	99.35	99.35	99.35
juego3	easy	80.0	0.008	1302	400	167	168	1	1	99.36	99.36	99.36
juego3	easy	80.0	0.008	1310	400	167	168	1	1	99.38	99.38	99.38
juego3	easy	80.0	0.008	1319	400	167	168	1	1	99.39	99.39	99.39
juego3	easy	80.0	0.008	1328	400	167	168	1	1	99.4	99.4	99.4
juego3	easy	80.0	0.008	1337	400	167	168	1	1	99.42	99.42	99.42
juego3	easy	80.0	0.008	1346	400	167	168	1	1	99.43	99.43	99.43
juego3	easy	80.0	0.008	1355	400	167	168	1	1	99.45	99.45	99.45
juego3	easy	80.0	0.008	1364	400	167	168	1	1	99.46	99.46	99.46
juego3	easy	80.0	0.008	1372	400	167	168	1	1	99.46	99.46	99.46
juego3	easy	80.0	0.008	1381	400	167	168	1	1	99.44	99.44	99.44
juego3	easy	80.0	0.008	1389	400	167	168	1	1	99.43	99.43	99.43
juego3	easy	80.0	0.008	1397	400	167	168	1	1	99.43	99.43	99.43
juego3	easy	80.0	0.008	1406	400	167	168	1	1	99.44	99.44	99.44
juego3	easy	80.0	0.008	1415	400	167	168	1	1	99.46	99.46	99.46
juego3	easy	80.0	0.008	1424	400	167	168	1	1	99.48	99.48	99.48
juego3	easy	80.0	0.008	1433	400	167	168	1	1	99.51	99.51	99.51
juego3	easy	80.0	0.008	1441	400	167	168	1	1	99.51	99.51	99.51
juego3	easy	80.0	0.008	1450	400	167	168	1	1	99.52	99.52	99.52
juego3	easy	80.0	0.008	1459	400	167	168	1	1	99.53	99.53	99.53
juego3	easy	80.0	0.008	1466	400	167	168	1	1	99.54	99.54	99.54
juego3	easy	80.0	0.008	1475	400	167	167	0	1	99.56	99.56	99.56
juego3	easy	80.0	0.008	1484	400	167	167	0	1	99.57	99.57	99.57
juego3	easy	80.0	0.008	1493	400	167	167	0	1	99.55	99.55	99.55
juego3	easy	80.0	0.008	1501	400	167	168	1	1	99.54	99.54	99.54
juego3	easy	80.0	0.008	1510	400	167	168	1	1	99.51	99.51	99.51
juego3	easy	80.0	0.008	1519	400	167	168	1	1	99.51	99.51	99.51
juego3	easy	80.0	0.008	1528	400	167	168	1	1	99.51	99.51	99.51
juego3	easy	80.0	0.008	1537	400	167	168	1	1	99.51	99.51	99.51
juego3	easy	80.0	0.008	1545	400	167	168	1	1	99.52	99.52	99.52
juego3	easy	80.0	0.008	1554	400	167	168	1	1	99.53	99.53	99.53
juego3	easy	80.0	0.008	1562	400	167	168	1	1	99.52	99.52	99.52
juego3	easy	80.0	0.008	1571	400	167	168	1	1	99.51	99.51	99.51
juego3	easy	80.0	0.008	1581	400	167	168	1	1	99.51	99.51	99.51
juego3	easy	80.0	0.008	1589	400	167	168	1	1	99.49	99.49	99.49
juego3	easy	80.0	0.008	1597	400	167	168	1	1	99.49	99.49	99.49
juego3	easy	80.0	0.008	1606	400	167	168	1	1	99.48	99.48	99.48
juego3	easy	80.0	0.008	1615	400	167	168	1	1	99.47	99.47	99.47
juego3	easy	80.0	0.008	1625	400	167	168	1	1	99.45	99.45	99.45
juego3	easy	80.0	0.008	1633	400	167	168	1	1	99.41	99.41	99.41
juego3	easy	80.0	0.008	1642	400	167	168	1	1	99.38	99.38	99.38
juego3	easy	80.0	0.008	1652	400	167	168	1	1	99.31	99.31	99.31
juego3	easy	80.0	0.008	1660	400	167	169	2	1	99.23	99.23	99.23
juego3	easy	80.0	0.008	1669	400	167	169	2	1	99.13	99.13	99.13
juego3	easy	80.0	0.008	1678	400	167	169	2	1	99.07	99.07	99.07
juego3	easy	80.0	0.008	1688	400	167	170	3	1	98.94	98.94	98.94
juego3	easy	80.0	0.008	1696	400	167	170	3	1	98.79	98.79	98.79
juego3	easy	80.0	0.008	1705	400	167	171	4	1	98.59	98.59	98.59
juego3	easy	80.0	0.008	1714	400	167	172	5	1	98.37	98.37	98.37
juego3	easy	80.0	0.008	1723	400	167	173	6	1	98.24	98.24	98.24
juego3	easy	80.0	0.008	1732	400	167	174	7	1	97.96	97.96	97.96
juego3	easy	80.0	0.008	1741	400	167	175	8	1	97.65	97.65	97.65
juego3	easy	80.0	0.008	1750	400	167	176	9	1	97.33	97.33	97.33
juego3	easy	80.0	0.008	1760	400	167	178	11	1	96.95	96.95	96.95
juego3	easy	80.0	0.008	1767	400	167	179	12	1	96.68	96.68	96.68
juego3	easy	80.0	0.008	1776	400	167	181	14	1	96.05	96.05	96.05
juego3	easy	80.0	0.008	1786	400	167	183	16	1	95.66	95.66	95.66
juego3	easy	80.0	0.008	1794	400	167	187	20	1	94.5	94.5	94.5
juego3	easy	80.0	0.008	1801	400	167	188	21	1	94.19	94.19	94.19
juego3	easy	80.0	0.008	1810	400	167	190	23	1	93.74	93.74	93.74
juego3	easy	80.0	0.008	1819	400	167	191	24	1	93.47	93.47	93.47
juego3	easy	80.0	0.008	1827	400	167	192	25	1	93.37	93.37	93.37
juego3	easy	80.0	0.008	1835	400	167	193	26	1	93.1	93.1	93.1
juego3	easy	80.0	0.008	1844	400	167	193	26	1	92.97	92.97	92.97
juego3	easy	80.0	0.008	1853	400	167	194	27	1	92.67	92.67	92.67
juego3	easy	80.0	0.008	1860	400	167	196	29	1	92.32	92.32	92.32
juego3	easy	80.0	0.008	1869	400	167	197	30	1	92.01	92.01	92.01
juego3	easy	80.0	0.008	1878	400	167	197	30	1	91.9	91.9	91.9
juego3	easy	80.0	0.008	1886	400	167	198	31	1	91.75	91.75	91.75
juego3	easy	80.0	0.008	1895	400	167	198	31	1	91.66	91.66	91.66
juego3	easy	80.0	0.008	1904	400	167	199	32	1	91.52	91.52	91.52
juego3	easy	80.0	0.008	1913	400	167	199	32	1	91.43	91.43	91.43
juego3	easy	80.0	0.008	1921	400	167	200	33	1	91.23	91.23	91.23
juego3	easy	80.0	0.008	1929	400	167	201	34	1	91.01	91.01	91.01
juego3	easy	80.0	0.008	1938	400	167	201	34	1	90.92	90.92	90.92
juego3	easy	80.0	0.008	1947	400	167	202	35	1	90.73	90.73	90.73
juego3	easy	80.0	0.008	1955	400	167	203	36	1	90.54	90.54	90.54
juego3	easy	80.0	0.008	1965	400	167	203	36	1	90.33	90.33	90.33
juego3	easy	80.0	0.008	1973	400	167	204	37	1	90.21	90.21	90.21
juego3	easy	80.0	0.008	1982	400	167	205	38	1	89.97	89.97	89.97
juego3	easy	80.0	0.008	1990	400	167	206	39	1	89.75	89.75	89.75
juego3	easy	80.0	0.008	1999	400	167	207	40	1	89.53	89.53	89.53
juego3	easy	80.0	0.008	0	400	167	207	40	2	89.41	89.41	89.41
juego3	easy	0.0	0.008	9	400	231	208	-23	2	89.15	89.15	89.15
juego3	easy	0.0	0.008	18	400	231	209	-22	2	88.83	88.83	88.83
juego3	easy	0.0	0.008	27	400	231	211	-20	2	88.45	88.45	88.45
juego3	easy	0.0	0.008	37	400	231	212	-19	2	88.24	88.24	88.24
juego3	easy	0.0	0.008	45	400	231	213	-18	2	87.74	87.74	87.74
juego3	easy	0.0	0.008	54	400	231	216	-15	2	87.21	87.21	87.21
juego3	easy	0.0	0.008	63	400	231	218	-13	2	86.7	86.7	86.7
juego3	easy	0.0	0.008	71	400	231	219	-12	2	86.42	86.42	86.42
juego3	easy	0.0	0.008	80	400	231	221	-10	2	85.91	85.91	85.91
juego3	easy	0.0	0.008	90	400	231	222	-9	2	85.43	85.43	85.43
juego3	easy	0.0	0.008	98	400	231	224	-7	2	84.98	84.98	84.98
juego3	easy	0.0	0.008	107	400	231	225	-6	2	84.79	84.79	84.79
juego3	easy	0.0	0.008	115	400	231	226	-5	2	84.44	84.44	84.44
juego3	easy	0.0	0.008	124	400	231	227	-4	2	84.16	84.16	84.16
juego3	easy	0.0	0.008	134	400	231	228	-3	2	83.93	83.93	83.93
juego3	easy	0.0	0.008	142	400	231	229	-2	2	83.75	83.75	83.75
juego3	easy	0.0	0.008	151	400	231	229	-2	2	83.68	83.68	83.68
juego3	easy	0.0	0.008	160	400	231	230	-1	2	83.55	83.55	83.55
juego3	easy	0.0	0.008	169	400	231	230	-1	2	83.44	83.44	83.44
juego3	easy	0.0	0.008	177	400	231	231	0	2	83.35	83.35	83.35
juego3	easy	0.0	0.008	186	400	231	231	0	2	83.3	83.3	83.3
juego3	easy	0.0	0.008	196	400	231	231	0	2	83.14	83.14	83.14
juego3	easy	0.0	0.008	204	400	231	232	1	2	82.95	82.95	82.95
juego3	easy	0.0	0.008	213	400	231	233	2	2	82.76	82.76	82.76
juego3	easy	0.0	0.008	222	400	231	233	2	2	82.67	82.67	82.67
juego3	easy	0.0	0.008	231	400	231	234	3	2	82.52	82.52	82.52
juego3	easy	0.0	0.008	239	400	231	234	3	2	82.39	82.39	82.39
juego3	easy	0.0	0.008	249	400	231	235	4	2	82.31	82.31	82.31
juego3	easy	0.0	0.008	257	400	231	235	4	2	82.25	82.25	82.25
juego3	easy	0.0	0.008	266	400	231	236	5	2	82.08	82.08	82.08
juego3	easy	0.0	0.008	275	400	231	236	5	2	81.88	81.88	81.88
juego3	easy	0.0	0.008	283	400	231	237	6	2	81.7	81.7	81.7
juego3	easy	0.0	0.008	291	400	231	237	6	2	81.63	81.63	81.63
juego3	easy	0.0	0.008	300	400	231	238	7	2	81.54	81.54	81.54
juego3	easy	0.0	0.008	310	400	231	238	7	2	81.48	81.48	81.48
juego3	easy	0.0	0.008	318	400	231	238	7	2	81.45	81.45	81.45
juego3	easy	0.0	0.008	328	400	231	238	7	2	81.41	81.41	81.41
juego3	easy	0.0	0.008	336	400	231	238	7	2	81.39	81.39	81.39
juego3	easy	0.0	0.008	345	400	231	238	7	2	81.36	81.36	81.36
juego3	easy	0.0	0.008	352	400	231	238	7	2	81.37	81.37	81.37
juego3	easy	0.0	0.008	360	400	231	238	7	2	81.39	81.39	81.39
juego3	easy	0.0	0.008	369	400	231	238	7	2	81.39	81.39	81.39
juego3	easy	0.0	0.008	379	400	231	238	7	2	81.38	81.38	81.38
juego3	easy	0.0	0.008	387	400	231	238	7	2	81.38	81.38	81.38
juego3	easy	0.0	0.008	396	400	231	238	7	2	81.43	81.43	81.43
juego3	easy	0.0	0.008	405	400	231	238	7	2	81.49	81.49	81.49
juego3	easy	0.0	0.008	414	400	231	238	7	2	81.55	81.55	81.55
juego3	easy	0.0	0.008	423	400	231	238	7	2	81.57	81.57	81.57
juego3	easy	0.0	0.008	431	400	231	237	6	2	81.62	81.62	81.62
juego3	easy	0.0	0.008	440	400	231	237	6	2	81.65	81.65	81.65
juego3	easy	0.0	0.008	449	400	231	237	6	2	81.64	81.64	81.64
juego3	easy	0.0	0.008	458	400	231	237	6	2	81.59	81.59	81.59
juego3	easy	0.0	0.008	467	400	231	238	7	2	81.55	81.55	81.55
juego3	easy	0.0	0.008	476	400	231	238	7	2	81.49	81.49	81.49
juego3	easy	0.0	0.008	486	400	231	238	7	2	81.44	81.44	81.44
juego3	easy	0.0	0.008	494	400	231	238	7	2	81.39	81.39	81.39
juego3	easy	0.0	0.008	502	400	231	238	7	2	81.36	81.36	81.36
juego3	easy	0.0	0.008	511	400	231	239	8	2	81.29	81.29	81.29
juego3	easy	0.0	0.008	519	400	231	239	8	2	81.21	81.21	81.21
juego3	easy	0.0	0.008	528	400	231	239	8	2	81.16	81.16	81.16
juego3	easy	0.0	0.008	536	400	231	240	9	2	81.05	81.05	81.05
juego3	easy	0.0	0.008	545	400	231	240	9	2	80.95	80.95	80.95
juego3	easy	0.0	0.008	555	400	231	240	9	2	80.91	80.91	80.91
juego3	easy	0.0	0.008	563	400	231	240	9	2	80.9	80.9	80.9
juego3	easy	0.0	0.008	571	400	231	240	9	2	80.85	80.85	80.85
juego3	easy	0.0	0.008	579	400	231	241	10	2	80.78	80.78	80.78
juego3	easy	0.0	0.008	588	400	231	241	10	2	80.74	80.74	80.74
juego3	easy	0.0	0.008	597	400	231	241	10	2	80.67	80.67	80.67
juego3	easy	0.0	0.008	605	400	231	241	10	2	80.62	80.62	80.62
juego3	easy	0.0	0.008	613	400	231	241	10	2	80.6	80.6	80.6
juego3	easy	0.0	0.008	622	400	231	241	10	2	80.59	80.59	80.59
juego3	easy	0.0	0.008	630	400	231	241	10	2	80.57	80.57	80.57
juego3	easy	0.0	0.008	639	400	231	241	10	2	80.55	80.55	80.55
juego3	easy	0.0	0.008	649	400	231	242	11	2	80.52	80.52	80.52
juego3	easy	0.0	0.008	657	400	231	242	11	2	80.52	80.52	80.52
juego3	easy	0.0	0.008	666	400	231	242	11	2	80.53	80.53	80.53
juego3	easy	0.0	0.008	675	400	231	241	10	2	80.58	80.58	80.58
juego3	easy	0.0	0.008	684	400	231	241	10	2	80.63	80.63	80.63
juego3	easy	0.0	0.008	693	400	231	241	10	2	80.71	80.71	80.71
juego3	easy	0.0	0.008	702	400	231	240	9	2	80.81	80.81	80.81
juego3	easy	0.0	0.008	710	400	231	240	9	2	80.9	80.9	80.9
juego3	easy	0.0	0.008	719	400	231	240	9	2	80.97	80.97	80.97
juego3	easy	0.0	0.008	727	400	231	240	9	2	80.99	80.99	80.99
juego3	easy	0.0	0.008	736	400	231	240	9	2	80.99	80.99	80.99
juego3	easy	0.0	0.008	745	400	231	240	9	2	80.98	80.98	80.98
juego3	easy	0.0	0.008	753	400	231	240	9	2	80.97	80.97	80.97
juego3	easy	0.0	0.008	762	400	231	240	9	2	80.97	80.97	80.97
juego3	easy	0.0	0.008	771	400	231	240	9	2	80.98	80.98	80.98
juego3	easy	0.0	0.008	779	400	231	240	9	2	80.98	80.98	80.98
juego3	easy	0.0	0.008	788	400	231	240	9	2	80.99	80.99	80.99
juego3	easy	0.0	0.008	796	400	231	240	9	2	81.03	81.03	81.03
juego3	easy	0.0	0.008	805	400	231	239	8	2	81.09	81.09	81.09
juego3	easy	0.0	0.008	815	400	231	239	8	2	81.22	81.22	81.22
juego3	easy	0.0	0.008	823	400	231	238	7	2	81.34	81.34	81.34
juego3	easy	0.0	0.008	832	400	231	237	6	2	81.69	81.69	81.69
juego3	easy	0.0	0.008	842	400	231	236	5	2	82.0	82.0	82.0
juego3	easy	0.0	0.008	850	400	231	235	4	2	82.28	82.28	82.28
juego3	easy	0.0	0.008	860	400	231	234	3	2	82.56	82.56	82.56
juego3	easy	0.0	0.008	868	400	231	233	2	2	82.72	82.72	82.72
juego3	easy	0.0	0.008	877	400	231	232	1	2	83.05	83.05	83.05
juego3	easy	0.0	0.008	886	400	231	230	-1	2	83.37	83.37	83.37
juego3	easy	0.0	0.008	895	400	231	229	-2	2	83.71	83.71	83.71
juego3	easy	0.0	0.008	903	400	231	228	-3	2	83.9	83.9	83.9
juego3	easy	0.0	0.008	912	400	231	227	-4	2	84.31	84.31	84.31
juego3	easy	0.0	0.008	922	400	231	226	-5	2	84.65	84.65	84.65
juego3	easy	0.0	0.008	931	400	231	224	-7	2	84.97	84.97	84.97
juego3	easy	0.0	0.008	939	400	231	223	-8	2	85.3	85.3	85.3
juego3	easy	0.0	0.008	948	400	231	222	-9	2	85.47	85.47	85.47
juego3	easy	0.0	0.008	956	400	231	221	-10	2	85.74	85.74	85.74
juego3	easy	0.0	0.008	965	400	231	220	-11	2	85.94	85.94	85.94
juego3	easy	0.0	0.008	974	400	231	220	-11	2	86.04	86.04	86.04
juego3	easy	0.0	0.008	983	400	231	219	-12	2	86.2	86.2	86.2
juego3	easy	0.0	0.008	992	400	231	219	-12	2	86.4	86.4	86.4
juego3	easy	0.0	0.008	1001	400	231	218	-13	2	86.57	86.57	86.57
juego3	easy	0.0	0.008	1009	400	231	218	-13	2	86.64	86.64	86.64
juego3	easy	0.0	0.008	1017	400	231	217	-14	2	86.72	86.72	86.72
juego3	easy	0.0	0.008	1026	400	231	217	-14	2	86.76	86.76	86.76
juego3	easy	0.0	0.008	1035	400	231	217	-14	2	86.76	86.76	86.76
juego3	easy	0.0	0.008	1044	400	231	217	-14	2	86.72	86.72	86.72
juego3	easy	0.0	0.008	1053	400	231	218	-13	2	86.7	86.7	86.7
juego3	easy	0.0	0.008	1061	400	231	218	-13	2	86.68	86.68	86.68
juego3	easy	0.0	0.008	1068	400	231	218	-13	2	86.67	86.67	86.67
juego3	easy	0.0	0.008	1077	400	231	218	-13	2	86.68	86.68	86.68
juego3	easy	0.0	0.008	1086	400	231	217	-14	2	86.74	86.74	86.74
juego3	easy	0.0	0.008	1095	400	231	217	-14	2	86.78	86.78	86.78
juego3	easy	0.0	0.008	1103	400	231	217	-14	2	86.88	86.88	86.88
juego3	easy	0.0	0.008	1112	400	231	217	-14	2	86.91	86.91	86.91
juego3	easy	0.0	0.008	1121	400	231	217	-14	2	86.91	86.91	86.91
juego3	easy	0.0	0.008	1131	400	231	217	-14	2	86.89	86.89	86.89
juego3	easy	0.0	0.008	1139	400	231	217	-14	2	86.87	86.87	86.87
juego3	easy	0.0	0.008	1147	400	231	217	-14	2	86.82	86.82	86.82
juego3	easy	0.0	0.008	1156	400	231	217	-14	2	86.79	86.79	86.79
juego3	easy	0.0	0.008	1163	400	231	217	-14	2	86.78	86.78	86.78
juego3	easy	0.0	0.008	1172	400	231	217	-14	2	86.78	86.78	86.78
juego3	easy	0.0	0.008	1180	400	231	217	-14	2	86.78	86.78	86.78
juego3	easy	0.0	0.008	1189	400	231	217	-14	2	86.78	86.78	86.78
juego3	easy	0.0	0.008	1197	400	231	217	-14	2	86.76	86.76	86.76
juego3	easy	0.0	0.008	1205	400	231	217	-14	2	86.71	86.71	86.71
juego3	easy	0.0	0.008	1215	400	231	218	-13	2	86.7	86.7	86.7
juego3	easy	0.0	0.008	1223	400	231	217	-14	2	86.72	86.72	86.72
juego3	easy	0.0	0.008	1233	400	231	217	-14	2	86.74	86.74	86.74
juego3	easy	0.0	0.008	1241	400	231	217	-14	2	86.79	86.79	86.79
juego3	easy	0.0	0.008	1250	400	231	217	-14	2	86.82	86.82	86.82
juego3	easy	0.0	0.008	1260	400	231	217	-14	2	86.81	86.81	86.81
juego3	easy	0.0	0.008	1268	400	231	217	-14	2	86.79	86.79	86.79
juego3	easy	0.0	0.008	1277	400	231	217	-14	2	86.73	86.73	86.73
juego3	easy	0.0	0.008	1287	400	231	218	-13	2	86.69	86.69	86.69
juego3	easy	0.0	0.008	1296	400	231	218	-13	2	86.64	86.64	86.64
juego3	easy	0.0	0.008	1304	400	231	218	-13	2	86.63	86.63	86.63
juego3	easy	0.0	0.008	1312	400	231	218	-13	2	86.59	86.59	86.59
juego3	easy	0.0	0.008	1321	400	231	218	-13	2	86.52	86.52	86.52
juego3	easy	0.0	0.008	1329	400	231	218	-13	2	86.48	86.48	86.48
juego3	easy	0.0	0.008	1338	400	231	219	-12	2	86.38	86.38	86.38
juego3	easy	0.0	0.008	1347	400	231	219	-12	2	86.27	86.27	86.27
juego3	easy	0.0	0.008	1355	400	231	219	-12	2	86.22	86.22	86.22
juego3	easy	0.0	0.008	1365	400	231	220	-11	2	86.06	86.06	86.06
juego3	easy	0.0	0.008	1372	400	231	220	-11	2	86.01	86.01	86.01
juego3	easy	0.0	0.008	1381	400	231	221	-10	2	85.92	85.92	85.92
juego3	easy	0.0	0.008	1391	400	231	221	-10	2	85.83	85.83	85.83
juego3	easy	0.0	0.008	1399	400	231	221	-10	2	85.8	85.8	85.8
juego3	easy	0.0	0.008	1408	400	231	221	-10	2	85.75	85.75	85.75
juego3	easy	0.0	0.008	1417	400	231	221	-10	2	85.73	85.73	85.73
juego3	easy	0.0	0.008	1426	400	231	221	-10	2	85.7	85.7	85.7
juego3	easy	0.0	0.008	1434	400	231	221	-10	2	85.68	85.68	85.68
juego3	easy	0.0	0.008	1443	400	231	222	-9	2	85.66	85.66	85.66
juego3	easy	0.0	0.008	1452	400	231	222	-9	2	85.64	85.64	85.64
juego3	easy	0.0	0.008	1461	400	231	222	-9	2	85.63	85.63	85.63
juego3	easy	0.0	0.008	1469	400	231	222	-9	2	85.63	85.63	85.63
juego3	easy	0.0	0.008	1478	400	231	222	-9	2	85.63	85.63	85.63
juego3	easy	0.0	0.008	1487	400	231	222	-9	2	85.62	85.62	85.62
juego3	easy	0.0	0.008	1496	400	231	222	-9	2	85.62	85.62	85.62
juego3	easy	0.0	0.008	1505	400	231	222	-9	2	85.62	85.62	85.62
juego3	easy	0.0	0.008	1514	400	231	222	-9	2	85.62	85.62	85.62
juego3	easy	0.0	0.008	1523	400	231	222	-9	2	85.61	85.61	85.61
juego3	easy	0.0	0.008	1531	400	231	222	-9	2	85.6	85.6	85.6
juego3	easy	0.0	0.008	1541	400	231	222	-9	2	85.6	85.6	85.6
juego3	easy	0.0	0.008	1549	400	231	222	-9	2	85.59	85.59	85.59
juego3	easy	0.0	0.008	1558	400	231	222	-9	2	85.57	85.57	85.57
juego3	easy	0.0	0.008	1567	400	231	222	-9	2	85.53	85.53	85.53
juego3	easy	0.0	0.008	1576	400	231	222	-9	2	85.49	85.49	85.49
juego3	easy	0.0	0.008	1584	400	231	222	-9	2	85.47	85.47	85.47
juego3	easy	0.0	0.008	1594	400	231	222	-9	2	85.45	85.45	85.45
juego3	easy	0.0	0.008	1602	400	231	222	-9	2	85.44	85.44	85.44
juego3	easy	0.0	0.008	1611	400	231	223	-8	2	85.42	85.42	85.42
juego3	easy	0.0	0.008	1620	400	231	223	-8	2	85.41	85.41	85.41
juego3	easy	0.0	0.008	1628	400	231	223	-8	2	85.4	85.4	85.4
juego3	easy	0.0	0.008	1637	400	231	223	-8	2	85.4	85.4	85.4
juego3	easy	0.0	0.008	1646	400	231	223	-8	2	85.38	85.38	85.38
juego3	easy	0.0	0.008	1654	400	231	223	-8	2	85.37	85.37	85.37
juego3	easy	0.0	0.008	1662	400	231	223	-8	2	85.37	85.37	85.37
juego3	easy	0.0	0.008	1670	400	231	223	-8	2	85.36	85.36	85.36
juego3	easy	0.0	0.008	1679	400	231	223	-8	2	85.34	85.34	85.34
juego3	easy	0.0	0.008	1687	400	231	223	-8	2	85.31	85.31	85.31
juego3	easy	0.0	0.008	1696	400	231	223	-8	2	85.3	85.3	85.3
juego3	easy	0.0	0.008	1707	400	231	223	-8	2	85.32	85.32	85.32
juego3	easy	0.0	0.008	1714	400	231	223	-8	2	85.34	85.34	85.34
juego3	easy	0.0	0.008	1723	400	231	223	-8	2	85.36	85.36	85.36
juego3	easy	0.0	0.008	1732	400	231	223	-8	2	85.38	85.38	85.38
juego3	easy	0.0	0.008	1741	400	231	223	-8	2	85.37	85.37	85.37
juego3	easy	0.0	0.008	1750	400	231	223	-8	2	85.37	85.37	85.37
juego3	easy	0.0	0.008	1759	400	231	223	-8	2	85.36	85.36	85.36
juego3	easy	0.0	0.008	1768	400	231	223	-8	2	85.36	85.36	85.36
juego3	easy	0.0	0.008	1777	400	231	223	-8	2	85.36	85.36	85.36
juego3	easy	0.0	0.008	1786	400	231	223	-8	2	85.35	85.35	85.35
juego3	easy	0.0	0.008	1795	400	231	223	-8	2	85.35	85.35	85.35
juego3	easy	0.0	0.008	1804	400	231	223	-8	2	85.35	85.35	85.35
juego3	easy	0.0	0.008	1814	400	231	223	-8	2	85.35	85.35	85.35
juego3	easy	0.0	0.008	1822	400	231	223	-8	2	85.34	85.34	85.34
juego3	easy	0.0	0.008	1832	400	231	223	-8	2	85.32	85.32	85.32
juego3	easy	0.0	0.008	1839	400	231	223	-8	2	85.32	85.32	85.32
juego3	easy	0.0	0.008	1849	400	231	223	-8	2	85.31	85.31	85.31
juego3	easy	0.0	0.008	1857	400	231	223	-8	2	85.31	85.31	85.31
juego3	easy	0.0	0.008	1867	400	231	223	-8	2	85.33	85.33	85.33
juego3	easy	0.0	0.008	1875	400	231	223	-8	2	85.32	85.32	85.32
juego3	easy	0.0	0.008	1884	400	231	223	-8	2	85.32	85.32	85.32
juego3	easy	0.0	0.008	1893	400	231	223	-8	2	85.31	85.31	85.31
juego3	easy	0.0	0.008	1902	400	231	223	-8	2	85.29	85.29	85.29
juego3	easy	0.0	0.008	1911	400	231	223	-8	2	85.28	85.28	85.28
juego3	easy	0.0	0.008	1920	400	231	223	-8	2	85.28	85.28	85.28
juego3	easy	0.0	0.008	1929	400	231	223	-8	2	85.27	85.27	85.27
juego3	easy	0.0	0.008	1937	400	231	223	-8	2	85.28	85.28	85.28
juego3	easy	0.0	0.008	1946	400	231	223	-8	2	85.29	85.29	85.29
juego3	easy	0.0	0.008	1954	400	231	223	-8	2	85.3	85.3	85.3
juego3	easy	0.0	0.008	1963	400	231	223	-8	2	85.29	85.29	85.29
juego3	easy	0.0	0.008	1972	400	231	223	-8	2	85.28	85.28	85.28
juego3	easy	0.0	0.008	1981	400	231	223	-8	2	85.27	85.27	85.27
juego3	easy	0.0	0.008	1990	400	231	223	-8	2	85.26	85.26	85.26
juego3	easy	0.0	0.008	1998	400	231	223	-8	2	85.25	85.25	85.25
juego3	easy	0.0	0.008	0	400	231	223	-8	3	85.26	85.26	85.26
juego3	easy	80.0	0.008	9	400	167	223	56	3	85.26	85.26	85.26
juego3	easy	80.0	0.008	19	400	167	223	56	3	85.27	85.27	85.27
juego3	easy	80.0	0.008	27	400	167	223	56	3	85.28	85.28	85.28
juego3	easy	80.0	0.008	35	400	167	223	56	3	85.27	85.27	85.27
juego3	easy	80.0	0.008	43	400	167	223	56	3	85.26	85.26	85.26
juego3	easy	80.0	0.008	51	400	167	223	56	3	85.24	85.24	85.24
juego3	easy	80.0	0.008	60	400	167	223	56	3	85.2	85.2	85.2
juego3	easy	80.0	0.008	69	400	167	223	56	3	85.2	85.2	85.2
juego3	easy	80.0	0.008	78	400	167	223	56	3	85.2	85.2	85.2
juego3	easy	80.0	0.008	88	400	167	223	56	3	85.21	85.21	85.21
juego3	easy	80.0	0.008	96	400	167	223	56	3	85.21	85.21	85.21
juego3	easy	80.0	0.008	105	400	167	223	56	3	85.2	85.2	85.2
juego3	easy	80.0	0.008	114	400	167	223	56	3	85.2	85.2	85.2
juego3	easy	80.0	0.008	124	400	167	223	56	3	85.19	85.19	85.19
juego3	easy	80.0	0.008	132	400	167	223	56	3	85.2	85.2	85.2
juego3	easy	80.0	0.008	141	400	167	223	56	3	85.18	85.18	85.18
juego3	easy	80.0	0.008	150	400	167	223	56	3	85.17	85.17	85.17
juego3	easy	80.0	0.008	158	400	167	224	57	3	85.16	85.16	85.16
juego3	easy	80.0	0.008	167	400	167	224	57	3	85.14	85.14	85.14
juego3	easy	80.0	0.008	176	400	167	224	57	3	85.11	85.11	85.11
juego3	easy	80.0	0.008	184	400	167	224	57	3	85.11	85.11	85.11
juego3	easy	80.0	0.008	194	400	167	224	57	3	85.09	85.09	85.09
juego3	easy	80.0	0.008	202	400	167	224	57	3	85.07	85.07	85.07
juego3	easy	80.0	0.008	210	400	167	224	57	3	85.06	85.06	85.06
juego3	easy	80.0	0.008	218	400	167	224	57	3	85.03	85.03	85.03
juego3	easy	80.0	0.008	228	400	167	224	57	3	85.02	85.02	85.02
juego3	easy	80.0	0.008	237	400	167	224	57	3	85.02	85.02	85.02
juego3	easy	80.0	0.008	245	400	167	224	57	3	85.02	85.02	85.02
juego3	easy	80.0	0.008	254	400	167	224	57	3	85.0	85.0	85.0
juego3	easy	80.0	0.008	264	400	167	224	57	3	84.93	84.93	84.93
juego3	easy	80.0	0.008	272	400	167	225	58	3	84.77	84.77	84.77
juego3	easy	80.0	0.008	280	400	167	226	59	3	84.5	84.5	84.5
juego3	easy	80.0	0.008	290	400	167	227	60	3	84.33	84.33	84.33
juego3	easy	80.0	0.008	298	400	167	228	61	3	83.91	83.91	83.91
juego3	easy	80.0	0.008	308	400	167	230	63	3	83.39	83.39	83.39
juego3	easy	80.0	0.008	316	400	167	233	66	3	82.69	82.69	82.69
juego3	easy	80.0	0.008	324	400	167	235	68	3	82.26	82.26	82.26
juego3	easy	80.0	0.008	332	400	167	239	72	3	81.27	81.27	81.27
juego3	easy	80.0	0.008	341	400	167	243	76	3	80.23	80.23	80.23
juego3	easy	80.0	0.008	348	400	167	245	78	3	79.73	79.73	79.73
juego3	easy	80.0	0.008	357	400	167	248	81	3	78.76	78.76	78.76
juego3	easy	80.0	0.008	364	400	167	250	83	3	78.29	78.29	78.29
juego3	easy	80.0	0.008	373	400	167	254	87	3	77.39	77.39	77.39
juego3	easy	80.0	0.008	384	400	167	257	90	3	76.69	76.69	76.69
juego3	easy	80.0	0.008	391	400	167	258	91	3	76.33	76.33	76.33
juego3	easy	80.0	0.008	402	400	167	258	91	3	76.18	76.18	76.18
juego3	easy	80.0	0.008	409	400	167	259	92	3	76.15	76.15	76.15
juego3	easy	80.0	0.008	419	400	167	258	91	3	76.23	76.23	76.23
juego3	easy	80.0	0.008	426	400	167	257	90	3	76.51	76.51	76.51
juego3	easy	80.0	0.008	435	400	167	256	89	3	76.76	76.76	76.76
juego3	easy	80.0	0.008	443	400	167	253	86	3	77.52	77.52	77.52
juego3	easy	80.0	0.008	452	400	167	250	83	3	78.47	78.47	78.47
juego3	easy	80.0	0.008	460	400	167	248	81	3	78.88	78.88	78.88
juego3	easy	80.0	0.008	469	400	167	245	78	3	79.61	79.61	79.61
juego3	easy	80.0	0.008	478	400	167	243	76	3	80.04	80.04	80.04
juego3	easy	80.0	0.008	487	400	167	239	72	3	81.06	81.06	81.06
juego3	easy	80.0	0.008	495	400	167	234	67	3	82.44	82.44	82.44
juego3	easy	80.0	0.008	503	400	167	229	62	3	83.7	83.7	83.7
juego3	easy	80.0	0.008	513	400	167	224	57	3	84.93	84.93	84.93
juego3	easy	80.0	0.008	520	400	167	222	55	3	85.61	85.61	85.61
juego3	easy	80.0	0.008	529	400	167	216	49	3	86.99	86.99	86.99
juego3	easy	80.0	0.008	537	400	167	214	47	3	87.72	87.72	87.72
juego3	easy	80.0	0.008	545	400	167	208	41	3	89.14	89.14	89.14
juego3	easy	80.0	0.008	554	400	167	203	36	3	90.45	90.45	90.45
juego3	easy	80.0	0.008	564	400	167	198	31	3	91.72	91.72	91.72
juego3	easy	80.0	0.008	572	400	167	195	28	3	92.39	92.39	92.39
juego3	easy	80.0	0.008	581	400	167	191	24	3	93.63	93.63	93.63
juego3	easy	80.0	0.008	590	400	167	187	20	3	94.53	94.53	94.53
juego3	easy	80.0	0.008	600	400	167	185	18	3	95.07	95.07	95.07
juego3	easy	80.0	0.008	609	400	167	183	16	3	95.52	95.52	95.52
juego3	easy	80.0	0.008	618	400	167	181	14	3	96.03	96.03	96.03
juego3	easy	80.0	0.008	626	400	167	180	13	3	96.32	96.32	96.32
juego3	easy	80.0	0.008	635	400	167	178	11	3	96.85	96.85	96.85
juego3	easy	80.0	0.008	644	400	167	176	9	3	97.33	97.33	97.33
juego3	easy	80.0	0.008	653	400	167	175	8	3	97.67	97.67	97.67
juego3	easy	80.0	0.008	663	400	167	174	7	3	97.87	97.87	97.87
juego3	easy	80.0	0.008	670	400	167	174	7	3	97.93	97.93	97.93
juego3	easy	80.0	0.008	678	400	167	173	6	3	98.12	98.12	98.12
juego3	easy	80.0	0.008	688	400	167	172	5	3	98.37	98.37	98.37
juego3	easy	80.0	0.008	696	400	167	171	4	3	98.64	98.64	98.64
juego3	easy	80.0	0.008	705	400	167	171	4	3	98.77	98.77	98.77
juego3	easy	80.0	0.008	714	400	167	170	3	3	98.99	98.99	98.99
juego3	easy	80.0	0.008	723	400	167	169	2	3	99.17	99.17	99.17
juego3	easy	80.0	0.008	731	400	167	169	2	3	99.25	99.25	99.25
juego3	easy	80.0	0.008	739	400	167	168	1	3	99.36	99.36	99.36
juego3	easy	80.0	0.008	749	400	167	168	1	3	99.45	99.45	99.45
juego3	easy	80.0	0.008	758	400	167	167	0	3	99.56	99.56	99.56
juego3	easy	80.0	0.008	767	400	167	167	0	3	99.68	99.68	99.68
juego3	easy	80.0	0.008	775	400	167	167	0	3	99.73	99.73	99.73
juego3	easy	80.0	0.008	784	400	167	166	-1	3	99.81	99.81	99.81
juego3	easy	80.0	0.008	793	400	167	166	-1	3	99.86	99.86	99.86
juego3	easy	80.0	0.008	802	400	167	166	-1	3	99.89	99.89	99.89
juego3	easy	80.0	0.008	810	400	167	166	-1	3	99.91	99.91	99.91
juego3	easy	80.0	0.008	819	400	167	166	-1	3	99.97	99.97	99.97
juego3	easy	80.0	0.008	828	400	167	166	-1	3	100.04	100.04	100.04
juego3	easy	80.0	0.008	837	400	167	165	-2	3	100.12	100.12	100.12
juego3	easy	80.0	0.008	846	400	167	165	-2	3	100.14	100.14	100.14
juego3	easy	80.0	0.008	855	400	167	165	-2	3	100.18	100.18	100.18
juego3	easy	80.0	0.008	864	400	167	165	-2	3	100.22	100.22	100.22
juego3	easy	80.0	0.008	872	400	167	165	-2	3	100.24	100.24	100.24
juego3	easy	80.0	0.008	881	400	167	165	-2	3	100.27	100.27	100.27
juego3	easy	80.0	0.008	890	400	167	165	-2	3	100.29	100.29	100.29
juego3	easy	80.0	0.008	898	400	167	165	-2	3	100.3	100.3	100.3
juego3	easy	80.0	0.008	907	400	167	164	-3	3	100.32	100.32	100.32
juego3	easy	80.0	0.008	916	400	167	164	-3	3	100.33	100.33	100.33
juego3	easy	80.0	0.008	925	400	167	164	-3	3	100.37	100.37	100.37
juego3	easy	80.0	0.008	934	400	167	164	-3	3	100.41	100.41	100.41
juego3	easy	80.0	0.008	942	400	167	164	-3	3	100.43	100.43	100.43
juego3	easy	80.0	0.008	951	400	167	164	-3	3	100.43	100.43	100.43
juego3	easy	80.0	0.008	959	400	167	164	-3	3	100.43	100.43	100.43
juego3	easy	80.0	0.008	968	400	167	164	-3	3	100.41	100.41	100.41
juego3	easy	80.0	0.008	976	400	167	164	-3	3	100.41	100.41	100.41
juego3	easy	80.0	0.008	985	400	167	164	-3	3	100.4	100.4	100.4
juego3	easy	80.0	0.008	994	400	167	164	-3	3	100.41	100.41	100.41
juego3	easy	80.0	0.008	1002	400	167	164	-3	3	100.41	100.41	100.41
juego3	easy	80.0	0.008	1011	400	167	164	-3	3	100.42	100.42	100.42
juego3	easy	80.0	0.008	1019	400	167	164	-3	3	100.43	100.43	100.43
juego3	easy	80.0	0.008	1027	400	167	164	-3	3	100.44	100.44	100.44
juego3	easy	80.0	0.008	1034	400	167	164	-3	3	100.44	100.44	100.44
juego3	easy	80.0	0.008	1043	400	167	164	-3	3	100.43	100.43	100.43
juego3	easy	80.0	0.008	1052	400	167	164	-3	3	100.43	100.43	100.43
juego3	easy	80.0	0.008	1061	400	167	164	-3	3	100.45	100.45	100.45
juego3	easy	80.0	0.008	1070	400	167	164	-3	3	100.48	100.48	100.48
juego3	easy	80.0	0.008	1079	400	167	164	-3	3	100.5	100.5	100.5
juego3	easy	80.0	0.008	1087	400	167	164	-3	3	100.5	100.5	100.5
juego3	easy	80.0	0.008	1097	400	167	164	-3	3	100.48	100.48	100.48
juego3	easy	80.0	0.008	1105	400	167	164	-3	3	100.47	100.47	100.47
juego3	easy	80.0	0.008	1113	400	167	164	-3	3	100.48	100.48	100.48
juego3	easy	80.0	0.008	1121	400	167	164	-3	3	100.51	100.51	100.51
juego3	easy	80.0	0.008	1130	400	167	164	-3	3	100.54	100.54	100.54
juego3	easy	80.0	0.008	1138	400	167	164	-3	3	100.52	100.52	100.52
juego3	easy	80.0	0.008	1146	400	167	164	-3	3	100.5	100.5	100.5
juego3	easy	80.0	0.008	1155	400	167	164	-3	3	100.46	100.46	100.46
juego3	easy	80.0	0.008	1165	400	167	164	-3	3	100.48	100.48	100.48
juego3	easy	80.0	0.008	1173	400	167	164	-3	3	100.51	100.51	100.51
juego3	easy	80.0	0.008	1183	400	167	164	-3	3	100.54	100.54	100.54
juego3	easy	80.0	0.008	1190	400	167	164	-3	3	100.56	100.56	100.56
juego3	easy	80.0	0.008	1199	400	167	164	-3	3	100.56	100.56	100.56
juego3	easy	80.0	0.008	1208	400	167	164	-3	3	100.54	100.54	100.54
juego3	easy	80.0	0.008	1218	400	167	164	-3	3	100.53	100.53	100.53
juego3	easy	80.0	0.008	1226	400	167	164	-3	3	100.53	100.53	100.53
juego3	easy	80.0	0.008	1235	400	167	164	-3	3	100.55	100.55	100.55
juego3	easy	80.0	0.008	1243	400	167	164	-3	3	100.55	100.55	100.55
juego3	easy	80.0	0.008	1252	400	167	164	-3	3	100.56	100.56	100.56
juego3	easy	80.0	0.008	1261	400	167	164	-3	3	100.54	100.54	100.54
juego3	easy	80.0	0.008	1270	400	167	164	-3	3	100.51	100.51	100.51
juego3	easy	80.0	0.008	1278	400	167	164	-3	3	100.52	100.52	100.52
juego3	easy	80.0	0.008	1288	400	167	164	-3	3	100.56	100.56	100.56
juego3	easy	80.0	0.008	1296	400	167	163	-4	3	100.59	100.59	100.59
juego3	easy	80.0	0.008	1306	400	167	163	-4	3	100.61	100.61	100.61
juego3	easy	80.0	0.008	1314	400	167	163	-4	3	100.59	100.59	100.59
juego3	easy	80.0	0.008	1323	400	167	164	-3	3	100.55	100.55	100.55
juego3	easy	80.0	0.008	1332	400	167	164	-3	3	100.54	100.54	100.54
juego3	easy	80.0	0.008	1341	400	167	164	-3	3	100.52	100.52	100.52
juego3	easy	80.0	0.008	1349	400	167	164	-3	3	100.53	100.53	100.53
juego3	easy	80.0	0.008	1357	400	167	164	-3	3	100.54	100.54	100.54
juego3	easy	80.0	0.008	1366	400	167	164	-3	3	100.53	100.53	100.53
juego3	easy	80.0	0.008	1375	400	167	164	-3	3	100.48	100.48	100.48
juego3	easy	80.0	0.008	1385	400	167	164	-3	3	100.43	100.43	100.43
juego3	easy	80.0	0.008	1394	400	167	164	-3	3	100.42	100.42	100.42
juego3	easy	80.0	0.008	1401	400	167	164	-3	3	100.41	100.41	100.41
juego3	easy	80.0	0.008	1410	400	167	164	-3	3	100.42	100.42	100.42
juego3	easy	80.0	0.008	1419	400	167	164	-3	3	100.4	100.4	100.4
juego3	easy	80.0	0.008	1427	400	167	164	-3	3	100.38	100.38	100.38
juego3	easy	80.0	0.008	1436	400	167	164	-3	3	100.33	100.33	100.33
juego3	easy	80.0	0.008	1444	400	167	165	-2	3	100.29	100.29	100.29
juego3	easy	80.0	0.008	1454	400	167	165	-2	3	100.29	100.29	100.29
juego3	easy	80.0	0.008	1462	400	167	165	-2	3	100.29	100.29	100.29
juego3	easy	80.0	0.008	1471	400	167	165	-2	3	100.27	100.27	100.27
juego3	easy	80.0	0.008	1479	400	167	165	-2	3	100.25	100.25	100.25
juego3	easy	80.0	0.008	1487	400	167	165	-2	3	100.23	100.23	100.23
juego3	easy	80.0	0.008	1496	400	167	165	-2	3	100.2	100.2	100.2
juego3	easy	80.0	0.008	1505	400	167	165	-2	3	100.19	100.19	100.19
juego3	easy	80.0	0.008	1514	400	167	165	-2	3	100.19	100.19	100.19
juego3	easy	80.0	0.008	1523	400	167	165	-2	3	100.18	100.18	100.18
juego3	easy	80.0	0.008	1533	400	167	165	-2	3	100.17	100.17	100.17
juego3	easy	80.0	0.008	1541	400	167	165	-2	3	100.15	100.15	100.15
juego3	easy	80.0	0.008	1551	400	167	165	-2	3	100.14	100.14	100.14
juego3	easy	80.0	0.008	1559	400	167	165	-2	3	100.15	100.15	100.15
juego3	easy	80.0	0.008	1569	400	167	165	-2	3	100.15	100.15	100.15
juego3	easy	80.0	0.008	1577	400	167	165	-2	3	100.14	100.14	100.14
juego3	easy	80.0	0.008	1585	400	167	165	-2	3	100.13	100.13	100.13
juego3	easy	80.0	0.008	1594	400	167	165	-2	3	100.12	100.12	100.12
juego3	easy	80.0	0.008	1602	400	167	165	-2	3	100.12	100.12	100.12
juego3	easy	80.0	0.008	1611	400	167	165	-2	3	100.12	100.12	100.12
juego3	easy	80.0	0.008	1620	400	167	165	-2	3	100.13	100.13	100.13
juego3	easy	80.0	0.008	1630	400	167	165	-2	3	100.16	100.16	100.16
juego3	easy	80.0	0.008	1637	400	167	165	-2	3	100.17	100.17	100.17
juego3	easy	80.0	0.008	1647	400	167	165	-2	3	100.17	100.17	100.17
juego3	easy	80.0	0.008	1655	400	167	165	-2	3	100.14	100.14	100.14
juego3	easy	80.0	0.008	1664	400	167	165	-2	3	100.12	100.12	100.12
juego3	easy	80.0	0.008	1672	400	167	165	-2	3	100.11	100.11	100.11
juego3	easy	80.0	0.008	1680	400	167	165	-2	3	100.11	100.11	100.11
juego3	easy	80.0	0.008	1689	400	167	165	-2	3	100.11	100.11	100.11
juego3	easy	80.0	0.008	1698	400	167	165	-2	3	100.11	100.11	100.11
juego3	easy	80.0	0.008	1708	400	167	165	-2	3	100.11	100.11	100.11
juego3	easy	80.0	0.008	1716	400	167	165	-2	3	100.1	100.1	100.1
juego3	easy	80.0	0.008	1726	400	167	165	-2	3	100.08	100.08	100.08
juego3	easy	80.0	0.008	1734	400	167	165	-2	3	100.08	100.08	100.08
juego3	easy	80.0	0.008	1742	400	167	165	-2	3	100.08	100.08	100.08
juego3	easy	80.0	0.008	1751	400	167	165	-2	3	100.09	100.09	100.09
juego3	easy	80.0	0.008	1759	400	167	165	-2	3	100.1	100.1	100.1
juego3	easy	80.0	0.008	1768	400	167	165	-2	3	100.1	100.1	100.1
juego3	easy	80.0	0.008	1776	400	167	165	-2	3	100.08	100.08	100.08
juego3	easy	80.0	0.008	1785	400	167	165	-2	3	100.06	100.06	100.06
juego3	easy	80.0	0.008	1793	400	167	166	-1	3	100.05	100.05	100.05
juego3	easy	80.0	0.008	1801	400	167	166	-1	3	100.04	100.04	100.04
juego3	easy	80.0	0.008	1809	400	167	165	-2	3	100.06	100.06	100.06
juego3	easy	80.0	0.008	1818	400	167	165	-2	3	100.06	100.06	100.06
juego3	easy	80.0	0.008	1826	400	167	166	-1	3	100.05	100.05	100.05
juego3	easy	80.0	0.008	1835	400	167	166	-1	3	100.04	100.04	100.04
juego3	easy	80.0	0.008	1844	400	167	166	-1	3	100.03	100.03	100.03
juego3	easy	80.0	0.008	1853	400	167	166	-1	3	100.04	100.04	100.04
juego3	easy	80.0	0.008	1862	400	167	166	-1	3	100.05	100.05	100.05
juego3	easy	80.0	0.008	1871	400	167	165	-2	3	100.07	100.07	100.07
juego3	easy	80.0	0.008	1881	400	167	165	-2	3	100.07	100.07	100.07
juego3	easy	80.0	0.008	1890	400	167	165	-2	3	100.06	100.06	100.06
juego3	easy	80.0	0.008	1897	400	167	165	-2	3	100.06	100.06	100.06
juego3	easy	80.0	0.008	1906	400	167	166	-1	3	100.04	100.04	100.04
juego3	easy	80.0	0.008	1913	400	167	166	-1	3	100.05	100.05	100.05
juego3	easy	80.0	0.008	1922	400	167	165	-2	3	100.07	100.07	100.07
juego3	easy	80.0	0.008	1931	400	167	165	-2	3	100.09	100.09	100.09
juego3	easy	80.0	0.008	1940	400	167	165	-2	3	100.08	100.08	100.08
juego3	easy	80.0	0.008	1949	400	167	165	-2	3	100.07	100.07	100.07
juego3	easy	80.0	0.008	1957	400	167	166	-1	3	100.04	100.04	100.04
juego3	easy	80.0	0.008	1966	400	167	166	-1	3	100.03	100.03	100.03
juego3	easy	80.0	0.008	1975	400	167	166	-1	3	100.04	100.04	100.04
juego3	easy	80.0	0.008	1984	400	167	166	-1	3	100.05	100.05	100.05
juego3	easy	80.0	0.008	1993	400	167	165	-2	3	100.06	100.06	100.06
juego3	easy	80.0	0.008	0	400	167	165	-2	4	100.06	100.06	100.06
juego3	easy	0.0	0.008	9	400	231	165	-66	4	100.06	100.06	100.06
juego3	easy	0.0	0.008	18	400	231	165	-66	4	100.07	100.07	100.07
juego3	easy	0.0	0.008	27	400	231	165	-66	4	100.09	100.09	100.09
juego3	easy	0.0	0.008	37	400	231	165	-66	4	100.1	100.1	100.1
juego3	easy	0.0	0.008	45	400	231	165	-66	4	100.09	100.09	100.09
juego3	easy	0.0	0.008	54	400	231	165	-66	4	100.06	100.06	100.06
juego3	easy	0.0	0.008	63	400	231	166	-65	4	100.05	100.05	100.05
juego3	easy	0.0	0.008	72	400	231	166	-65	4	100.04	100.04	100.04
juego3	easy	0.0	0.008	81	400	231	166	-65	4	100.05	100.05	100.05
juego3	easy	0.0	0.008	89	400	231	165	-66	4	100.08	100.08	100.08
juego3	easy	0.0	0.008	98	400	231	165	-66	4	100.09	100.09	100.09
juego3	easy	0.0	0.008	106	400	231	165	-66	4	100.09	100.09	100.09
juego3	easy	0.0	0.008	115	400	231	165	-66	4	100.08	100.08	100.08
juego3	easy	0.0	0.008	125	400	231	165	-66	4	100.07	100.07	100.07
juego3	easy	0.0	0.008	133	400	231	165	-66	4	100.07	100.07	100.07
juego3	easy	0.0	0.008	142	400	231	165	-66	4	100.07	100.07	100.07
juego3	easy	0.0	0.008	151	400	231	165	-66	4	100.07	100.07	100.07
juego3	easy	0.0	0.008	160	400	231	165	-66	4	100.07	100.07	100.07
juego3	easy	0.0	0.008	168	400	231	165	-66	4	100.06	100.06	100.06
juego3	easy	0.0	0.008	177	400	231	166	-65	4	100.04	100.04	100.04
juego3	easy	0.0	0.008	186	400	231	166	-65	4	99.99	99.99	99.99
juego3	easy	0.0	0.008	195	400	231	166	-65	4	99.9	99.9	99.9
juego3	easy	0.0	0.008	203	400	231	166	-65	4	99.84	99.84	99.84
juego3	easy	0.0	0.008	212	400	231	167	-64	4	99.61	99.61	99.61
juego3	easy	0.0	0.008	221	400	231	169	-62	4	99.09	99.09	99.09
juego3	easy	0.0	0.008	230	400	231	172	-59	4	98.29	98.29	98.29
juego3	easy	0.0	0.008	240	400	231	172	-59	4	98.29	98.29	98.29
juego3	easy	0.0	0.008	248	400	231	178	-53	4	96.89	96.89	96.89
juego3	easy	0.0	0.008	257	400	231	181	-50	4	95.99	95.99	95.99
juego3	easy	0.0	0.008	266	400	231	185	-46	4	95.01	95.01	95.01
juego3	easy	0.0	0.008	275	400	231	187	-44	4	94.46	94.46	94.46
juego3	easy	0.0	0.008	284	400	231	192	-39	4	93.18	93.18	93.18
juego3	easy	0.0	0.008	293	400	231	199	-32	4	91.49	91.49	91.49
juego3	easy	0.0	0.008	302	400	231	205	-26	4	89.95	89.95	89.95
juego3	easy	0.0	0.008	312	400	231	210	-21	4	88.53	88.53	88.53
juego3	easy	0.0	0.008	321	400	231	215	-16	4	87.46	87.46	87.46
juego3	easy	0.0	0.008	331	400	231	218	-13	4	86.65	86.65	86.65
juego3	easy	0.0	0.008	339	400	231	219	-12	4	86.27	86.27	86.27
juego3	easy	0.0	0.008	348	400	231	222	-9	4	85.51	85.51	85.51
juego3	easy	0.0	0.008	357	400	231	225	-6	4	84.73	84.73	84.73
juego3	easy	0.0	0.008	366	400	231	228	-3	4	83.98	83.98	83.98
juego3	easy	0.0	0.008	375	400	231	231	0	4	83.33	83.33	83.33
juego3	easy	0.0	0.008	385	400	231	233	2	4	82.78	82.78	82.78
juego3	easy	0.0	0.008	393	400	231	234	3	4	82.52	82.52	82.52
juego3	easy	0.0	0.008	402	400	231	236	5	4	82.03	82.03	82.03
juego3	easy	0.0	0.008	410	400	231	238	7	4	81.56	81.56	81.56
juego3	easy	0.0	0.008	419	400	231	239	8	4	81.15	81.15	81.15
juego3	easy	0.0	0.008	428	400	231	240	9	4	80.98	80.98	80.98
juego3	easy	0.0	0.008	437	400	231	241	10	4	80.67	80.67	80.67
juego3	easy	0.0	0.008	446	400	231	242	11	4	80.42	80.42	80.42
juego3	easy	0.0	0.008	455	400	231	243	12	4	80.27	80.27	80.27
juego3	easy	0.0	0.008	465	400	231	243	12	4	80.14	80.14	80.14
juego3	easy	0.0	0.008	473	400	231	243	12	4	80.08	80.08	80.08
juego3	easy	0.0	0.008	482	400	231	244	13	4	79.97	79.97	79.97
juego3	easy	0.0	0.008	491	400	231	244	13	4	79.89	79.89	79.89
juego3	easy	0.0	0.008	500	400	231	244	13	4	79.87	79.87	79.87
juego3	easy	0.0	0.008	508	400	231	244	13	4	79.88	79.88	79.88
juego3	easy	0.0	0.008	516	400	231	244	13	4	79.94	79.94	79.94
juego3	easy	0.0	0.008	525	400	231	244	13	4	80.02	80.02	80.02
juego3	easy	0.0	0.008	535	400	231	243	12	4	80.1	80.1	80.1
juego3	easy	0.0	0.008	543	400	231	243	12	4	80.14	80.14	80.14
juego3	easy	0.0	0.008	553	400	231	243	12	4	80.2	80.2	80.2
juego3	easy	0.0	0.008	562	400	231	243	12	4	80.27	80.27	80.27
juego3	easy	0.0	0.008	571	400	231	242	11	4	80.37	80.37	80.37
juego3	easy	0.0	0.008	579	400	231	242	11	4	80.43	80.43	80.43
juego3	easy	0.0	0.008	588	400	231	241	10	4	80.57	80.57	80.57
juego3	easy	0.0	0.008	597	400	231	241	10	4	80.75	80.75	80.75
juego3	easy	0.0	0.008	605	400	231	240	9	4	80.96	80.96	80.96
juego3	easy	0.0	0.008	614	400	231	239	8	4	81.07	81.07	81.07
juego3	easy	0.0	0.008	623	400	231	239	8	4	81.3	81.3	81.3
juego3	easy	0.0	0.008	632	400	231	238	7	4	81.49	81.49	81.49
juego3	easy	0.0	0.008	641	400	231	237	6	4	81.67	81.67	81.67
juego3	easy	0.0	0.008	649	400	231	237	6	4	81.77	81.77	81.77
juego3	easy	0.0	0.008	658	400	231	236	5	4	82.0	82.0	82.0
juego3	easy	0.0	0.008	666	400	231	235	4	4	82.28	82.28	82.28
juego3	easy	0.0	0.008	675	400	231	234	3	4	82.44	82.44	82.44
juego3	easy	0.0	0.008	684	400	231	233	2	4	82.77	82.77	82.77
juego3	easy	0.0	0.008	693	400	231	231	0	4	83.13	83.13	83.13
juego3	easy	0.0	0.008	702	400	231	230	-1	4	83.48	83.48	83.48
juego3	easy	0.0	0.008	710	400	231	229	-2	4	83.65	83.65	83.65
juego3	easy	0.0	0.008	720	400	231	228	-3	4	84.0	84.0	84.0
juego3	easy	0.0	0.008	728	400	231	227	-4	4	84.35	84.35	84.35
juego3	easy	0.0	0.008	737	400	231	225	-6	4	84.66	84.66	84.66
juego3	easy	0.0	0.008	747	400	231	224	-7	4	84.95	84.95	84.95
juego3	easy	0.0	0.008	756	400	231	223	-8	4	85.19	85.19	85.19
juego3	easy	0.0	0.008	764	400	231	223	-8	4	85.3	85.3	85.3
juego3	easy	0.0	0.008	772	400	231	222	-9	4	85.48	85.48	85.48
juego3	easy	0.0	0.008	780	400	231	222	-9	4	85.58	85.58	85.58
juego3	easy	0.0	0.008	789	400	231	222	-9	4	85.62	85.62	85.62
juego3	easy	0.0	0.008	799	400	231	221	-10	4	85.68	85.68	85.68
juego3	easy	0.0	0.008	806	400	231	221	-10	4	85.74	85.74	85.74
juego3	easy	0.0	0.008	816	400	231	221	-10	4	85.8	85.8	85.8
juego3	easy	0.0	0.008	824	400	231	221	-10	4	85.83	85.83	85.83
juego3	easy	0.0	0.008	833	400	231	221	-10	4	85.86	85.86	85.86
juego3	easy	0.0	0.008	841	400	231	221	-10	4	85.88	85.88	85.88
juego3	easy	0.0	0.008	850	400	231	221	-10	4	85.89	85.89	85.89
juego3	easy	0.0	0.008	858	400	231	221	-10	4	85.9	85.9	85.9
juego3	easy	0.0	0.008	865	400	231	221	-10	4	85.9	85.9	85.9
juego3	easy	0.0	0.008	875	400	231	221	-10	4	85.91	85.91	85.91
juego3	easy	0.0	0.008	884	400	231	221	-10	4	85.93	85.93	85.93
juego3	easy	0.0	0.008	892	400	231	221	-10	4	85.92	85.92	85.92
juego3	easy	0.0	0.008	900	400	231	221	-10	4	85.9	85.9	85.9
juego3	easy	0.0	0.008	908	400	231	221	-10	4	85.89	85.89	85.89
juego3	easy	0.0	0.008	917	400	231	221	-10	4	85.88	85.88	85.88
juego3	easy	0.0	0.008	925	400	231	221	-10	4	85.88	85.88	85.88
juego3	easy	0.0	0.008	934	400	231	221	-10	4	85.9	85.9	85.9
juego3	easy	0.0	0.008	943	400	231	221	-10	4	85.93	85.93	85.93
juego3	easy	0.0	0.008	952	400	231	220	-11	4	85.94	85.94	85.94
juego3	easy	0.0	0.008	960	400	231	220	-11	4	85.94	85.94	85.94
juego3	easy	0.0	0.008	969	400	231	220	-11	4	85.95	85.95	85.95
juego3	easy	0.0	0.008	978	400	231	220	-11	4	85.96	85.96	85.96
juego3	easy	0.0	0.008	988	400	231	220	-11	4	85.98	85.98	85.98
juego3	easy	0.0	0.008	996	400	231	220	-11	4	86.0	86.0	86.0
juego3	easy	0.0	0.008	1004	400	231	220	-11	4	86.01	86.01	86.01
juego3	easy	0.0	0.008	1013	400	231	220	-11	4	86.02	86.02	86.02
juego3	easy	0.0	0.008	1022	400	231	220	-11	4	86.03	86.03	86.03
juego3	easy	0.0	0.008	1030	400	231	220	-11	4	86.04	86.04	86.04
juego3	easy	0.0	0.008	1039	400	231	220	-11	4	86.06	86.06	86.06
juego3	easy	0.0	0.008	1048	400	231	220	-11	4	86.07	86.07	86.07
juego3	easy	0.0	0.008	1056	400	231	220	-11	4	86.08	86.08	86.08
juego3	easy	0.0	0.008	1065	400	231	220	-11	4	86.09	86.09	86.09
juego3	easy	0.0	0.008	1074	400	231	220	-11	4	86.1	86.1	86.1
juego3	easy	0.0	0.008	1083	400	231	220	-11	4	86.09	86.09	86.09
juego3	easy	0.0	0.008	1093	400	231	220	-11	4	86.08	86.08	86.08
juego3	easy	0.0	0.008	1101	400	231	220	-11	4	86.09	86.09	86.09
juego3	easy	0.0	0.008	1109	400	231	220	-11	4	86.11	86.11	86.11
juego3	easy	0.0	0.008	1118	400	231	220	-11	4	86.13	86.13	86.13
juego3	easy	0.0	0.008	1127	400	231	220	-11	4	86.16	86.16	86.16
juego3	easy	0.0	0.008	1137	400	231	220	-11	4	86.18	86.18	86.18
juego3	easy	0.0	0.008	1144	400	231	220	-11	4	86.19	86.19	86.19
juego3	easy	0.0	0.008	1153	400	231	219	-12	4	86.22	86.22	86.22
juego3	easy	0.0	0.008	1162	400	231	219	-12	4	86.27	86.27	86.27
juego3	easy	0.0	0.008	1170	400	231	219	-12	4	86.3	86.3	86.3
juego3	easy	0.0	0.008	1180	400	231	219	-12	4	86.36	86.36	86.36
juego3	easy	0.0	0.008	1188	400	231	219	-12	4	86.39	86.39	86.39
juego3	easy	0.0	0.008	1197	400	231	219	-12	4	86.41	86.41	86.41
juego3	easy	0.0	0.008	1205	400	231	219	-12	4	86.42	86.42	86.42
juego3	easy	0.0	0.008	1214	400	231	218	-13	4	86.45	86.45	86.45
juego3	easy	0.0	0.008	1222	400	231	218	-13	4	86.51	86.51	86.51
juego3	easy	0.0	0.008	1231	400	231	218	-13	4	86.54	86.54	86.54
juego3	easy	0.0	0.008	1239	400	231	218	-13	4	86.58	86.58	86.58
juego3	easy	0.0	0.008	1247	400	231	218	-13	4	86.62	86.62	86.62
juego3	easy	0.0	0.008	1255	400	231	218	-13	4	86.63	86.63	86.63
juego3	easy	0.0	0.008	1265	400	231	218	-13	4	86.64	86.64	86.64
juego3	easy	0.0	0.008	1273	400	231	218	-13	4	86.65	86.65	86.65
juego3	easy	0.0	0.008	1282	400	231	218	-13	4	86.66	86.66	86.66
juego3	easy	0.0	0.008	1290	400	231	218	-13	4	86.66	86.66	86.66
juego3	easy	0.0	0.008	1299	400	231	218	-13	4	86.67	86.67	86.67
juego3	easy	0.0	0.008	1307	400	231	218	-13	4	86.66	86.66	86.66
juego3	easy	0.0	0.008	1316	400	231	218	-13	4	86.66	86.66	86.66
juego3	easy	0.0	0.008	1325	400	231	218	-13	4	86.64	86.64	86.64
juego3	easy	0.0	0.008	1333	400	231	218	-13	4	86.62	86.62	86.62
juego3	easy	0.0	0.008	1342	400	231	218	-13	4	86.6	86.6	86.6
juego3	easy	0.0	0.008	1352	400	231	218	-13	4	86.59	86.59	86.59
juego3	easy	0.0	0.008	1360	400	231	218	-13	4	86.58	86.58	86.58
juego3	easy	0.0	0.008	1369	400	231	218	-13	4	86.56	86.56	86.56
juego3	easy	0.0	0.008	1378	400	231	218	-13	4	86.54	86.54	86.54
juego3	easy	0.0	0.008	1387	400	231	218	-13	4	86.51	86.51	86.51
juego3	easy	0.0	0.008	1397	400	231	218	-13	4	86.49	86.49	86.49
juego3	easy	0.0	0.008	1405	400	231	219	-12	4	86.44	86.44	86.44
juego3	easy	0.0	0.008	1414	400	231	219	-12	4	86.35	86.35	86.35
juego3	easy	0.0	0.008	1423	400	231	219	-12	4	86.23	86.23	86.23
juego3	easy	0.0	0.008	1432	400	231	220	-11	4	86.17	86.17	86.17
juego3	easy	0.0	0.008	1440	400	231	220	-11	4	86.07	86.07	86.07
juego3	easy	0.0	0.008	1450	400	231	220	-11	4	85.99	85.99	85.99
juego3	easy	0.0	0.008	1458	400	231	221	-10	4	85.91	85.91	85.91
juego3	easy	0.0	0.008	1466	400	231	221	-10	4	85.86	85.86	85.86
juego3	easy	0.0	0.008	1475	400	231	221	-10	4	85.76	85.76	85.76
juego3	easy	0.0	0.008	1484	400	231	222	-9	4	85.65	85.65	85.65
juego3	easy	0.0	0.008	1492	400	231	222	-9	4	85.53	85.53	85.53
juego3	easy	0.0	0.008	1501	400	231	222	-9	4	85.47	85.47	85.47
juego3	easy	0.0	0.008	1510	400	231	223	-8	4	85.34	85.34	85.34
juego3	easy	0.0	0.008	1518	400	231	223	-8	4	85.2	85.2	85.2
juego3	easy	0.0	0.008	1526	400	231	224	-7	4	85.13	85.13	85.13
juego3	easy	0.0	0.008	1536	400	231	224	-7	4	84.96	84.96	84.96
juego3	easy	0.0	0.008	1543	400	231	225	-6	4	84.8	84.8	84.8
juego3	easy	0.0	0.008	1553	400	231	226	-5	4	84.64	84.64	84.64
juego3	easy	0.0	0.008	1561	400	231	226	-5	4	84.58	84.58	84.58
juego3	easy	0.0	0.008	1570	400	231	226	-5	4	84.46	84.46	84.46
juego3	easy	0.0	0.008	1578	400	231	227	-4	4	84.34	84.34	84.34
juego3	easy	0.0	0.008	1587	400	231	227	-4	4	84.22	84.22	84.22
juego3	easy	0.0	0.008	1596	400	231	227	-4	4	84.16	84.16	84.16
juego3	easy	0.0	0.008	1605	400	231	228	-3	4	84.05	84.05	84.05
juego3	easy	0.0	0.008	1614	400	231	228	-3	4	83.97	83.97	83.97
juego3	easy	0.0	0.008	1624	400	231	228	-3	4	83.9	83.9	83.9
juego3	easy	0.0	0.008	1633	400	231	229	-2	4	83.86	83.86	83.86
juego3	easy	0.0	0.008	1641	400	231	229	-2	4	83.84	83.84	83.84
juego3	easy	0.0	0.008	1651	400	231	229	-2	4	83.81	83.81	83.81
juego3	easy	0.0	0.008	1659	400	231	229	-2	4	83.79	83.79	83.79
juego3	easy	0.0	0.008	1667	400	231	229	-2	4	83.78	83.78	83.78
juego3	easy	0.0	0.008	1676	400	231	229	-2	4	83.77	83.77	83.77
juego3	easy	0.0	0.008	1686	400	231	229	-2	4	83.75	83.75	83.75
juego3	easy	0.0	0.008	1695	400	231	229	-2	4	83.72	83.72	83.72
juego3	easy	0.0	0.008	1703	400	231	229	-2	4	83.7	83.7	83.7
juego3	easy	0.0	0.008	1710	400	231	229	-2	4	83.69	83.69	83.69
juego3	easy	0.0	0.008	1719	400	231	229	-2	4	83.7	83.7	83.7
juego3	easy	0.0	0.008	1729	400	231	229	-2	4	83.72	83.72	83.72
juego3	easy	0.0	0.008	1737	400	231	229	-2	4	83.72	83.72	83.72
juego3	easy	0.0	0.008	1746	400	231	229	-2	4	83.72	83.72	83.72
juego3	easy	0.0	0.008	1754	400	231	229	-2	4	83.71	83.71	83.71
juego3	easy	0.0	0.008	1763	400	231	229	-2	4	83.7	83.7	83.7
juego3	easy	0.0	0.008	1771	400	231	229	-2	4	83.7	83.7	83.7
juego3	easy	0.0	0.008	1779	400	231	229	-2	4	83.7	83.7	83.7
juego3	easy	0.0	0.008	1788	400	231	229	-2	4	83.71	83.71	83.71
juego3	easy	0.0	0.008	1796	400	231	229	-2	4	83.71	83.71	83.71
juego3	easy	0.0	0.008	1805	400	231	229	-2	4	83.72	83.72	83.72
juego3	easy	0.0	0.008	1815	400	231	229	-2	4	83.73	83.73	83.73
juego3	easy	0.0	0.008	1822	400	231	229	-2	4	83.75	83.75	83.75
juego3	easy	0.0	0.008	1831	400	231	229	-2	4	83.75	83.75	83.75
juego3	easy	0.0	0.008	1840	400	231	229	-2	4	83.75	83.75	83.75
juego3	easy	0.0	0.008	1849	400	231	229	-2	4	83.76	83.76	83.76
juego3	easy	0.0	0.008	1857	400	231	229	-2	4	83.76	83.76	83.76
juego3	easy	0.0	0.008	1866	400	231	229	-2	4	83.76	83.76	83.76
juego3	easy	0.0	0.008	1875	400	231	229	-2	4	83.76	83.76	83.76
juego3	easy	0.0	0.008	1884	400	231	229	-2	4	83.75	83.75	83.75
juego3	easy	0.0	0.008	1893	400	231	229	-2	4	83.75	83.75	83.75
juego3	easy	0.0	0.008	1901	400	231	229	-2	4	83.75	83.75	83.75
juego3	easy	0.0	0.008	1910	400	231	229	-2	4	83.75	83.75	83.75
juego3	easy	0.0	0.008	1920	400	231	229	-2	4	83.74	83.74	83.74
juego3	easy	0.0	0.008	1928	400	231	229	-2	4	83.75	83.75	83.75
juego3	easy	0.0	0.008	1937	400	231	229	-2	4	83.74	83.74	83.74
juego3	easy	0.0	0.008	1946	400	231	229	-2	4	83.74	83.74	83.74
juego3	easy	0.0	0.008	1955	400	231	229	-2	4	83.76	83.76	83.76
juego3	easy	0.0	0.008	1964	400	231	229	-2	4	83.76	83.76	83.76
juego3	easy	0.0	0.008	1972	400	231	229	-2	4	83.77	83.77	83.77
juego3	easy	0.0	0.008	1981	400	231	229	-2	4	83.76	83.76	83.76
juego3	easy	0.0	0.008	1991	400	231	229	-2	4	83.73	83.73	83.73
juego3	easy	0.0	0.008	1999	400	231	229	-2	4	83.72	83.72	83.72
juego3	easy	0.0	0.008	0	400	231	229	-2	5	83.72	83.72	83.72
juego3	easy	-80.0	0.008	9	400	406	229	-177	5	83.73	83.73	83.73
juego3	easy	-80.0	0.008	17	400	406	229	-177	5	83.75	83.75	83.75
juego3	easy	-80.0	0.008	26	400	406	229	-177	5	83.75	83.75	83.75
juego3	easy	-80.0	0.008	35	400	406	229	-177	5	83.74	83.74	83.74
juego3	easy	-80.0	0.008	44	400	406	229	-177	5	83.72	83.72	83.72
juego3	easy	-80.0	0.008	53	400	406	229	-177	5	83.72	83.72	83.72
juego3	easy	-80.0	0.008	63	400	406	229	-177	5	83.73	83.73	83.73
juego3	easy	-80.0	0.008	71	400	406	229	-177	5	83.73	83.73	83.73
juego3	easy	-80.0	0.008	80	400	406	229	-177	5	83.73	83.73	83.73
juego3	easy	-80.0	0.008	90	400	406	229	-177	5	83.71	83.71	83.71
juego3	easy	-80.0	0.008	98	400	406	229	-177	5	83.68	83.68	83.68
juego3	easy	-80.0	0.008	107	400	406	229	-177	5	83.67	83.67	83.67
juego3	easy	-80.0	0.008	115	400	406	229	-177	5	83.68	83.68	83.68
juego3	easy	-80.0	0.008	125	400	406	229	-177	5	83.69	83.69	83.69
juego3	easy	-80.0	0.008	133	400	406	229	-177	5	83.7	83.7	83.7
juego3	easy	-80.0	0.008	142	400	406	229	-177	5	83.7	83.7	83.7
juego3	easy	-80.0	0.008	151	400	406	229	-177	5	83.69	83.69	83.69
juego3	easy	-80.0	0.008	161	400	406	229	-177	5	83.68	83.68	83.68
juego3	easy	-80.0	0.008	169	400	406	229	-177	5	83.68	83.68	83.68
juego3	easy	-80.0	0.008	178	400	406	229	-177	5	83.68	83.68	83.68
juego3	easy	-80.0	0.008	186	400	406	229	-177	5	83.69	83.69	83.69
juego3	easy	-80.0	0.008	194	400	406	229	-177	5	83.69	83.69	83.69
juego3	easy	-80.0	0.008	203	400	406	229	-177	5	83.67	83.67	83.67
juego3	easy	-80.0	0.008	213	400	406	229	-177	5	83.63	83.63	83.63
juego3	easy	-80.0	0.008	221	400	406	230	-176	5	83.61	83.61	83.61
juego3	easy	-80.0	0.008	229	400	406	230	-176	5	83.56	83.56	83.56
juego3	easy	-80.0	0.008	237	400	406	230	-176	5	83.48	83.48	83.48
juego3	easy	-80.0	0.008	246	400	406	230	-176	5	83.42	83.42	83.42
juego3	easy	-80.0	0.008	255	400	406	231	-175	5	83.23	83.23	83.23
juego3	easy	-80.0	0.008	262	400	406	232	-174	5	82.87	82.87	82.87
juego3	easy	-80.0	0.008	271	400	406	233	-173	5	82.6	82.6	82.6
juego3	easy	-80.0	0.008	280	400	406	236	-170	5	81.93	81.93	81.93
juego3	easy	-80.0	0.008	289	400	406	240	-166	5	81.02	81.02	81.02
juego3	easy	-80.0	0.008	298	400	406	242	-164	5	80.46	80.46	80.46
juego3	easy	-80.0	0.008	306	400	406	247	-159	5	79.23	79.23	79.23
juego3	easy	-80.0	0.008	315	400	406	252	-154	5	77.82	77.82	77.82
juego3	easy	-80.0	0.008	323	400	406	258	-148	5	76.28	76.28	76.28
juego3	easy	-80.0	0.008	332	400	406	261	-145	5	75.5	75.5	75.5
juego3	easy	-80.0	0.008	341	400	406	268	-138	5	73.8	73.8	73.8
juego3	easy	-80.0	0.008	349	400	406	275	-131	5	71.92	71.92	71.92
juego3	easy	-80.0	0.008	357	400	406	279	-127	5	70.96	70.96	70.96
juego3	easy	-80.0	0.008	365	400	406	283	-123	5	69.82	69.82	69.82
juego3	easy	-80.0	0.008	374	400	406	294	-112	5	67.03	67.03	67.03
juego3	easy	-80.0	0.008	383	400	406	300	-106	5	65.33	65.33	65.33
juego3	easy	-80.0	0.008	390	400	406	303	-103	5	64.5	64.5	64.5
juego3	easy	-80.0	0.008	399	400	406	309	-97	5	62.93	62.93	62.93
juego3	easy	-80.0	0.008	407	400	406	312	-94	5	62.11	62.11	62.11
juego3	easy	-80.0	0.008	417	400	406	319	-87	5	60.43	60.43	60.43
juego3	easy	-80.0	0.008	425	400	406	326	-80	5	58.65	58.65	58.65
juego3	easy	-80.0	0.008	434	400	406	333	-73	5	56.76	56.76	56.76
juego3	easy	-80.0	0.008	443	400	406	340	-66	5	54.96	54.96	54.96
juego3	easy	-80.0	0.008	451	400	406	343	-63	5	54.12	54.12	54.12
juego3	easy	-80.0	0.008	460	400	406	350	-56	5	52.4	52.4	52.4
juego3	easy	-80.0	0.008	468	400	406	357	-49	5	50.66	50.66	50.66
juego3	easy	-80.0	0.008	477	400	406	360	-46	5	49.78	49.78	49.78
juego3	easy	-80.0	0.008	486	400	406	368	-38	5	47.9	47.9	47.9
juego3	easy	-80.0	0.008	494	400	406	371	-35	5	46.96	46.96	46.96
juego3	easy	-80.0	0.008	503	400	406	378	-28	5	45.14	45.14	45.14
juego3	easy	-80.0	0.008	513	400	406	385	-21	5	43.52	43.52	43.52
juego3	easy	-80.0	0.008	521	400	406	390	-16	5	42.23	42.23	42.23
juego3	easy	-80.0	0.008	530	400	406	394	-12	5	41.14	41.14	41.14
juego3	easy	-80.0	0.008	539	400	406	398	-8	5	40.12	40.12	40.12
juego3	easy	-80.0	0.008	548	400	406	402	-4	5	39.01	39.01	39.01
juego3	easy	-80.0	0.008	556	400	406	404	-2	5	38.46	38.46	38.46
juego3	easy	-80.0	0.008	565	400	406	408	2	5	37.42	37.42	37.42
juego3	easy	-80.0	0.008	574	400	406	412	6	5	36.47	36.47	36.47
juego3	easy	-80.0	0.008	583	400	406	416	10	5	35.53	35.53	35.53
juego3	easy	-80.0	0.008	591	400	406	418	12	5	35.05	35.05	35.05
juego3	easy	-80.0	0.008	599	400	406	420	14	5	34.56	34.56	34.56
juego3	easy	-80.0	0.008	607	400	406	421	15	5	34.1	34.1	34.1
juego3	easy	-80.0	0.008	616	400	406	426	20	5	32.8	32.8	32.8
juego3	easy	-80.0	0.008	625	400	406	429	23	5	32.08	32.08	32.08
juego3	easy	-80.0	0.008	634	400	406	432	26	5	31.46	31.46	31.46
juego3	easy	-80.0	0.008	642	400	406	433	27	5	31.19	31.19	31.19
juego3	easy	-80.0	0.008	652	400	406	435	29	5	30.69	30.69	30.69
juego3	easy	-80.0	0.008	660	400	406	436	30	5	30.31	30.31	30.31
juego3	easy	-80.0	0.008	669	400	406	437	31	5	30.04	30.04	30.04
juego3	easy	-80.0	0.008	677	400	406	438	32	5	29.94	29.94	29.94
juego3	easy	-80.0	0.008	686	400	406	438	32	5	29.78	29.78	29.78
juego3	easy	-80.0	0.008	694	400	406	439	33	5	29.66	29.66	29.66
juego3	easy	-80.0	0.008	702	400	406	439	33	5	29.62	29.62	29.62
juego3	easy	-80.0	0.008	711	400	406	439	33	5	29.57	29.57	29.57
juego3	easy	-80.0	0.008	719	400	406	439	33	5	29.57	29.57	29.57
juego3	easy	-80.0	0.008	728	400	406	439	33	5	29.58	29.58	29.58
juego3	easy	-80.0	0.008	737	400	406	439	33	5	29.63	29.63	29.63
juego3	easy	-80.0	0.008	746	400	406	439	33	5	29.67	29.67	29.67
juego3	easy	-80.0	0.008	755	400	406	438	32	5	29.75	29.75	29.75
juego3	easy	-80.0	0.008	762	400	406	438	32	5	29.82	29.82	29.82
juego3	easy	-80.0	0.008	771	400	406	437	31	5	30.04	30.04	30.04
juego3	easy	-80.0	0.008	780	400	406	436	30	5	30.34	30.34	30.34
juego3	easy	-80.0	0.008	790	400	406	435	29	5	30.66	30.66	30.66
juego3	easy	-80.0	0.008	798	400	406	434	28	5	30.96	30.96	30.96
juego3	easy	-80.0	0.008	807	400	406	433	27	5	31.12	31.12	31.12
juego3	easy	-80.0	0.008	816	400	406	431	25	5	31.52	31.52	31.52
juego3	easy	-80.0	0.008	825	400	406	429	23	5	32.08	32.08	32.08
juego3	easy	-80.0	0.008	834	400	406	427	21	5	32.71	32.71	32.71
juego3	easy	-80.0	0.008	843	400	406	426	20	5	33.03	33.03	33.03
juego3	easy	-80.0	0.008	852	400	406	423	17	5	33.65	33.65	33.65
juego3	easy	-80.0	0.008	861	400	406	421	15	5	34.21	34.21	34.21
juego3	easy	-80.0	0.008	871	400	406	419	13	5	34.74	34.74	34.74
juego3	easy	-80.0	0.008	879	400	406	418	12	5	35.04	35.04	35.04
juego3	easy	-80.0	0.008	888	400	406	417	11	5	35.35	35.35	35.35
juego3	easy	-80.0	0.008	897	400	406	413	7	5	36.32	36.32	36.32
juego3	easy	-80.0	0.008	906	400	406	410	4	5	36.9	36.9	36.9
juego3	easy	-80.0	0.008	915	400	406	408	2	5	37.44	37.44	37.44
juego3	easy	-80.0	0.008	924	400	406	406	0	5	37.95	37.95	37.95
juego3	easy	-80.0	0.008	934	400	406	405	-1	5	38.38	38.38	38.38
juego3	easy	-80.0	0.008	942	400	406	404	-2	5	38.54	38.54	38.54
juego3	easy	-80.0	0.008	951	400	406	403	-3	5	38.76	38.76	38.76
juego3	easy	-80.0	0.008	960	400	406	403	-3	5	38.92	38.92	38.92
juego3	easy	-80.0	0.008	968	400	406	402	-4	5	38.98	38.98	38.98
juego3	easy	-80.0	0.008	978	400	406	402	-4	5	39.14	39.14	39.14
juego3	easy	-80.0	0.008	986	400	406	401	-5	5	39.29	39.29	39.29
juego3	easy	-80.0	0.008	995	400	406	401	-5	5	39.43	39.43	39.43
juego3	easy	-80.0	0.008	1003	400	406	400	-6	5	39.49	39.49	39.49
juego3	easy	-80.0	0.008	1012	400	406	400	-6	5	39.6	39.6	39.6
juego3	easy	-80.0	0.008	1021	400	406	400	-6	5	39.7	39.7	39.7
juego3	easy	-80.0	0.008	1030	400	406	399	-7	5	39.8	39.8	39.8
juego3	easy	-80.0	0.008	1039	400	406	399	-7	5	39.88	39.88	39.88
juego3	easy	-80.0	0.008	1047	400	406	399	-7	5	39.92	39.92	39.92
juego3	easy	-80.0	0.008	1055	400	406	399	-7	5	39.97	39.97	39.97
juego3	easy	-80.0	0.008	1064	400	406	398	-8	5	39.99	39.99	39.99
juego3	easy	-80.0	0.008	1073	400	406	398	-8	5	39.99	39.99	39.99
juego3	easy	-80.0	0.008	1082	400	406	398	-8	5	39.99	39.99	39.99
juego3	easy	-80.0	0.008	1090	400	406	398	-8	5	40.03	40.03	40.03
juego3	easy	-80.0	0.008	1100	400	406	398	-8	5	40.06	40.06	40.06
juego3	easy	-80.0	0.008	1108	400	406	398	-8	5	40.06	40.06	40.06
juego3	easy	-80.0	0.008	1117	400	406	398	-8	5	40.07	40.07	40.07
juego3	easy	-80.0	0.008	1126	400	406	398	-8	5	40.09	40.09	40.09
juego3	easy	-80.0	0.008	1134	400	406	398	-8	5	40.12	40.12	40.12
juego3	easy	-80.0	0.008	1144	400	406	398	-8	5	40.14	40.14	40.14
juego3	easy	-80.0	0.008	1152	400	406	398	-8	5	40.16	40.16	40.16
juego3	easy	-80.0	0.008	1160	400	406	398	-8	5	40.15	40.15	40.15
juego3	easy	-80.0	0.008	1168	400	406	398	-8	5	40.14	40.14	40.14
juego3	easy	-80.0	0.008	1177	400	406	398	-8	5	40.14	40.14	40.14
juego3	easy	-80.0	0.008	1186	400	406	398	-8	5	40.15	40.15	40.15
juego3	easy	-80.0	0.008	1195	400	406	398	-8	5	40.15	40.15	40.15
juego3	easy	-80.0	0.008	1204	400	406	398	-8	5	40.15	40.15	40.15
juego3	easy	-80.0	0.008	1213	400	406	398	-8	5	40.14	40.14	40.14
juego3	easy	-80.0	0.008	1222	400	406	398	-8	5	40.13	40.13	40.13
juego3	easy	-80.0	0.008	1231	400	406	398	-8	5	40.12	40.12	40.12
juego3	easy	-80.0	0.008	1239	400	406	398	-8	5	40.12	40.12	40.12
juego3	easy	-80.0	0.008	1247	400	406	398	-8	5	40.12	40.12	40.12
juego3	easy	-80.0	0.008	1256	400	406	398	-8	5	40.12	40.12	40.12
juego3	easy	-80.0	0.008	1265	400	406	398	-8	5	40.1	40.1	40.1
juego3	easy	-80.0	0.008	1274	400	406	398	-8	5	40.09	40.09	40.09
juego3	easy	-80.0	0.008	1282	400	406	398	-8	5	40.07	40.07	40.07
juego3	easy	-80.0	0.008	1290	400	406	398	-8	5	40.05	40.05	40.05
juego3	easy	-80.0	0.008	1299	400	406	398	-8	5	40.03	40.03	40.03
juego3	easy	-80.0	0.008	1308	400	406	398	-8	5	40.02	40.02	40.02
juego3	easy	-80.0	0.008	1317	400	406	398	-8	5	40.0	40.0	40.0
juego3	easy	-80.0	0.008	1326	400	406	398	-8	5	39.99	39.99	39.99
juego3	easy	-80.0	0.008	1335	400	406	398	-8	5	39.99	39.99	39.99
juego3	easy	-80.0	0.008	1343	400	406	399	-7	5	39.97	39.97	39.97
juego3	easy	-80.0	0.008	1351	400	406	399	-7	5	39.94	39.94	39.94
juego3	easy	-80.0	0.008	1360	400	406	399	-7	5	39.86	39.86	39.86
juego3	easy	-80.0	0.008	1368	400	406	399	-7	5	39.81	39.81	39.81
juego3	easy	-80.0	0.008	1377	400	406	400	-6	5	39.67	39.67	39.67
juego3	easy	-80.0	0.008	1385	400	406	400	-6	5	39.5	39.5	39.5
juego3	easy	-80.0	0.008	1394	400	406	401	-5	5	39.43	39.43	39.43
juego3	easy	-80.0	0.008	1402	400	406	401	-5	5	39.29	39.29	39.29
juego3	easy	-80.0	0.008	1411	400	406	402	-4	5	39.17	39.17	39.17
juego3	easy	-80.0	0.008	1418	400	406	402	-4	5	39.12	39.12	39.12
juego3	easy	-80.0	0.008	1428	400	406	402	-4	5	38.99	38.99	38.99
juego3	easy	-80.0	0.008	1436	400	406	403	-3	5	38.84	38.84	38.84
juego3	easy	-80.0	0.008	1444	400	406	403	-3	5	38.76	38.76	38.76
juego3	easy	-80.0	0.008	1453	400	406	404	-2	5	38.62	38.62	38.62
juego3	easy	-80.0	0.008	1461	400	406	404	-2	5	38.51	38.51	38.51
juego3	easy	-80.0	0.008	1470	400	406	404	-2	5	38.46	38.46	38.46
juego3	easy	-80.0	0.008	1479	400	406	405	-1	5	38.37	38.37	38.37
juego3	easy	-80.0	0.008	1487	400	406	405	-1	5	38.28	38.28	38.28
juego3	easy	-80.0	0.008	1496	400	406	405	-1	5	38.18	38.18	38.18
juego3	easy	-80.0	0.008	1505	400	406	406	0	5	38.1	38.1	38.1
juego3	easy	-80.0	0.008	1514	400	406	406	0	5	38.06	38.06	38.06
juego3	easy	-80.0	0.008	1522	400	406	406	0	5	37.98	37.98	37.98
juego3	easy	-80.0	0.008	1531	400	406	407	1	5	37.92	37.92	37.92
juego3	easy	-80.0	0.008	1541	400	406	407	1	5	37.87	37.87	37.87
juego3	easy	-80.0	0.008	1549	400	406	407	1	5	37.85	37.85	37.85
juego3	easy	-80.0	0.008	1559	400	406	407	1	5	37.81	37.81	37.81
juego3	easy	-80.0	0.008	1568	400	406	407	1	5	37.78	37.78	37.78
juego3	easy	-80.0	0.008	1576	400	406	407	1	5	37.75	37.75	37.75
juego3	easy	-80.0	0.008	1586	400	406	407	1	5	37.74	37.74	37.74
juego3	easy	-80.0	0.008	1594	400	406	407	1	5	37.73	37.73	37.73
juego3	easy	-80.0	0.008	1603	400	406	407	1	5	37.72	37.72	37.72
juego3	easy	-80.0	0.008	1612	400	406	407	1	5	37.7	37.7	37.7
juego3	easy	-80.0	0.008	1621	400	406	407	1	5	37.7	37.7	37.7
juego3	easy	-80.0	0.008	1629	400	406	407	1	5	37.7	37.7	37.7
juego3	easy	-80.0	0.008	1637	400	406	407	1	5	37.71	37.71	37.71
juego3	easy	-80.0	0.008	1646	400	406	407	1	5	37.73	37.73	37.73
juego3	easy	-80.0	0.008	1656	400	406	407	1	5	37.73	37.73	37.73
juego3	easy	-80.0	0.008	1664	400	406	407	1	5	37.73	37.73	37.73
juego3	easy	-80.0	0.008	1673	400	406	407	1	5	37.73	37.73	37.73
juego3	easy	-80.0	0.008	1681	400	406	407	1	5	37.74	37.74	37.74
juego3	easy	-80.0	0.008	1690	400	406	407	1	5	37.74	37.74	37.74
juego3	easy	-80.0	0.008	1698	400	406	407	1	5	37.76	37.76	37.76
juego3	easy	-80.0	0.008	1707	400	406	407	1	5	37.76	37.76	37.76
juego3	easy	-80.0	0.008	1715	400	406	407	1	5	37.76	37.76	37.76
juego3	easy	-80.0	0.008	1724	400	406	407	1	5	37.76	37.76	37.76
juego3	easy	-80.0	0.008	1732	400	406	407	1	5	37.77	37.77	37.77
juego3	easy	-80.0	0.008	1741	400	406	407	1	5	37.79	37.79	37.79
juego3	easy	-80.0	0.008	1749	400	406	407	1	5	37.8	37.8	37.8
juego3	easy	-80.0	0.008	1757	400	406	407	1	5	37.8	37.8	37.8
juego3	easy	-80.0	0.008	1766	400	406	407	1	5	37.8	37.8	37.8
juego3	easy	-80.0	0.008	1775	400	406	407	1	5	37.81	37.81	37.81
juego3	easy	-80.0	0.008	1784	400	406	407	1	5	37.82	37.82	37.82
juego3	easy	-80.0	0.008	1792	400	406	407	1	5	37.84	37.84	37.84
juego3	easy	-80.0	0.008	1801	400	406	407	1	5	37.85	37.85	37.85
juego3	easy	-80.0	0.008	1810	400	406	407	1	5	37.86	37.86	37.86
juego3	easy	-80.0	0.008	1818	400	406	407	1	5	37.87	37.87	37.87
juego3	easy	-80.0	0.008	1828	400	406	407	1	5	37.88	37.88	37.88
juego3	easy	-80.0	0.008	1836	400	406	407	1	5	37.9	37.9	37.9
juego3	easy	-80.0	0.008	1846	400	406	407	1	5	37.92	37.92	37.92
juego3	easy	-80.0	0.008	1854	400	406	406	0	5	37.93	37.93	37.93
juego3	easy	-80.0	0.008	1863	400	406	406	0	5	37.95	37.95	37.95
juego3	easy	-80.0	0.008	1872	400	406	406	0	5	37.96	37.96	37.96
juego3	easy	-80.0	0.008	1881	400	406	406	0	5	37.97	37.97	37.97
juego3	easy	-80.0	0.008	1890	400	406	406	0	5	37.98	37.98	37.98
juego3	easy	-80.0	0.008	1898	400	406	406	0	5	38.0	38.0	38.0
juego3	easy	-80.0	0.008	1907	400	406	406	0	5	38.03	38.03	38.03
juego3	easy	-80.0	0.008	1916	400	406	406	0	5	38.03	38.03	38.03
juego3	easy	-80.0	0.008	1925	400	406	406	0	5	38.05	38.05	38.05
juego3	easy	-80.0	0.008	1933	400	406	406	0	5	38.05	38.05	38.05
juego3	easy	-80.0	0.008	1943	400	406	406	0	5	38.06	38.06	38.06
juego3	easy	-80.0	0.008	1951	400	406	406	0	5	38.08	38.08	38.08
juego3	easy	-80.0	0.008	1960	400	406	406	0	5	38.08	38.08	38.08
juego3	easy	-80.0	0.008	1969	400	406	406	0	5	38.09	38.09	38.09
juego3	easy	-80.0	0.008	1978	400	406	406	0	5	38.1	38.1	38.1
juego3	easy	-80.0	0.008	1988	400	406	406	0	5	38.11	38.11	38.11
juego3	easy	-80.0	0.008	1997	400	406	406	0	5	38.14	38.14	38.14
juego3	easy	-80.0	0.008	0	400	406	406	0	6	38.16	38.16	38.16
juego3	easy	0.0	0.008	8	400	231	406	175	6	38.16	38.16	38.16
juego3	easy	0.0	0.008	17	400	231	406	175	6	38.17	38.17	38.17
juego3	easy	0.0	0.008	26	400	231	406	175	6	38.17	38.17	38.17
juego3	easy	0.0	0.008	35	400	231	405	174	6	38.18	38.18	38.18
juego3	easy	0.0	0.008	45	400	231	405	174	6	38.19	38.19	38.19
juego3	easy	0.0	0.008	53	400	231	405	174	6	38.19	38.19	38.19
juego3	easy	0.0	0.008	63	400	231	405	174	6	38.21	38.21	38.21
juego3	easy	0.0	0.008	71	400	231	405	174	6	38.22	38.22	38.22
juego3	easy	0.0	0.008	79	400	231	405	174	6	38.23	38.23	38.23
juego3	easy	0.0	0.008	88	400	231	405	174	6	38.25	38.25	38.25
juego3	easy	0.0	0.008	96	400	231	405	174	6	38.27	38.27	38.27
juego3	easy	0.0	0.008	105	400	231	405	174	6	38.27	38.27	38.27
juego3	easy	0.0	0.008	114	400	231	405	174	6	38.28	38.28	38.28
juego3	easy	0.0	0.008	124	400	231	405	174	6	38.29	38.29	38.29
juego3	easy	0.0	0.008	132	400	231	405	174	6	38.32	38.32	38.32
juego3	easy	0.0	0.008	141	400	231	405	174	6	38.32	38.32	38.32
juego3	easy	0.0	0.008	149	400	231	405	174	6	38.33	38.33	38.33
juego3	easy	0.0	0.008	159	400	231	405	174	6	38.33	38.33	38.33
juego3	easy	0.0	0.008	167	400	231	405	174	6	38.34	38.34	38.34
juego3	easy	0.0	0.008	176	400	231	405	174	6	38.35	38.35	38.35
juego3	easy	0.0	0.008	185	400	231	405	174	6	38.36	38.36	38.36
juego3	easy	0.0	0.008	193	400	231	405	174	6	38.36	38.36	38.36
juego3	easy	0.0	0.008	202	400	231	405	174	6	38.38	38.38	38.38
juego3	easy	0.0	0.008	209	400	231	405	174	6	38.38	38.38	38.38
juego3	easy	0.0	0.008	218	400	231	405	174	6	38.39	38.39	38.39
juego3	easy	0.0	0.008	226	400	231	405	174	6	38.41	38.41	38.41
juego3	easy	0.0	0.008	235	400	231	405	174	6	38.42	38.42	38.42
juego3	easy	0.0	0.008	244	400	231	404	173	6	38.47	38.47	38.47
juego3	easy	0.0	0.008	252	400	231	404	173	6	38.59	38.59	38.59
juego3	easy	0.0	0.008	261	400	231	403	172	6	38.93	38.93	38.93
juego3	easy	0.0	0.008	269	400	231	401	170	6	39.27	39.27	39.27
juego3	easy	0.0	0.008	279	400	231	396	165	6	40.51	40.51	40.51
juego3	easy	0.0	0.008	287	400	231	389	158	6	42.37	42.37	42.37
juego3	easy	0.0	0.008	296	400	231	381	150	6	44.56	44.56	44.56
juego3	easy	0.0	0.008	304	400	231	376	145	6	45.63	45.63	45.63
juego3	easy	0.0	0.008	312	400	231	369	138	6	47.65	47.65	47.65
juego3	easy	0.0	0.008	321	400	231	365	134	6	48.57	48.57	48.57
juego3	easy	0.0	0.008	329	400	231	359	128	6	50.21	50.21	50.21
juego3	easy	0.0	0.008	338	400	231	352	121	6	51.85	51.85	51.85
juego3	easy	0.0	0.008	347	400	231	345	114	6	53.79	53.79	53.79
juego3	easy	0.0	0.008	355	400	231	340	109	6	54.92	54.92	54.92
juego3	easy	0.0	0.008	363	400	231	330	99	6	57.46	57.46	57.46
juego3	easy	0.0	0.008	371	400	231	321	90	6	59.84	59.84	59.84
juego3	easy	0.0	0.008	380	400	231	317	86	6	60.84	60.84	60.84
juego3	easy	0.0	0.008	389	400	231	310	79	6	62.65	62.65	62.65
juego3	easy	0.0	0.008	399	400	231	304	73	6	64.13	64.13	64.13
juego3	easy	0.0	0.008	407	400	231	299	68	6	65.79	65.79	65.79
juego3	easy	0.0	0.008	415	400	231	292	61	6	67.53	67.53	67.53
juego3	easy	0.0	0.008	423	400	231	289	58	6	68.37	68.37	68.37
juego3	easy	0.0	0.008	431	400	231	286	55	6	69.18	69.18	69.18
juego3	easy	0.0	0.008	440	400	231	283	52	6	69.9	69.9	69.9
juego3	easy	0.0	0.008	450	400	231	277	46	6	71.41	71.41	71.41
juego3	easy	0.0	0.008	458	400	231	274	43	6	72.13	72.13	72.13
juego3	easy	0.0	0.008	466	400	231	271	40	6	72.87	72.87	72.87
juego3	easy	0.0	0.008	475	400	231	270	39	6	73.31	73.31	73.31
juego3	easy	0.0	0.008	484	400	231	266	35	6	74.33	74.33	74.33
juego3	easy	0.0	0.008	493	400	231	262	31	6	75.35	75.35	75.35
juego3	easy	0.0	0.008	501	400	231	258	27	6	76.29	76.29	76.29
juego3	easy	0.0	0.008	511	400	231	256	25	6	76.74	76.74	76.74
juego3	easy	0.0	0.008	519	400	231	255	24	6	77.16	77.16	77.16
juego3	easy	0.0	0.008	528	400	231	250	19	6	78.43	78.43	78.43
juego3	easy	0.0	0.008	536	400	231	246	15	6	79.29	79.29	79.29
juego3	easy	0.0	0.008	545	400	231	245	14	6	79.72	79.72	79.72
juego3	easy	0.0	0.008	554	400	231	241	10	6	80.6	80.6	80.6
juego3	easy	0.0	0.008	563	400	231	238	7	6	81.55	81.55	81.55
juego3	easy	0.0	0.008	571	400	231	235	4	6	82.24	82.24	82.24
juego3	easy	0.0	0.008	580	400	231	234	3	6	82.53	82.53	82.53
juego3	easy	0.0	0.008	589	400	231	232	1	6	83.07	83.07	83.07
juego3	easy	0.0	0.008	597	400	231	231	0	6	83.31	83.31	83.31
juego3	easy	0.0	0.008	605	400	231	230	-1	6	83.53	83.53	83.53
juego3	easy	0.0	0.008	615	400	231	228	-3	6	84.12	84.12	84.12
juego3	easy	0.0	0.008	623	400	231	226	-5	6	84.41	84.41	84.41
juego3	easy	0.0	0.008	633	400	231	226	-5	6	84.59	84.59	84.59
juego3	easy	0.0	0.008	640	400	231	226	-5	6	84.65	84.65	84.65
juego3	easy	0.0	0.008	649	400	231	225	-6	6	84.75	84.75	84.75
juego3	easy	0.0	0.008	659	400	231	225	-6	6	84.89	84.89	84.89
juego3	easy	0.0	0.008	667	400	231	224	-7	6	85.02	85.02	85.02
juego3	easy	0.0	0.008	675	400	231	224	-7	6	85.09	85.09	85.09
juego3	easy	0.0	0.008	683	400	231	223	-8	6	85.2	85.2	85.2
juego3	easy	0.0	0.008	691	400	231	223	-8	6	85.25	85.25	85.25
juego3	easy	0.0	0.008	699	400	231	223	-8	6	85.28	85.28	85.28
juego3	easy	0.0	0.008	708	400	231	223	-8	6	85.24	85.24	85.24
juego3	easy	0.0	0.008	717	400	231	223	-8	6	85.2	85.2	85.2
juego3	easy	0.0	0.008	725	400	231	223	-8	6	85.18	85.18	85.18
juego3	easy	0.0	0.008	733	400	231	223	-8	6	85.17	85.17	85.17
juego3	easy	0.0	0.008	741	400	231	224	-7	6	85.15	85.15	85.15
juego3	easy	0.0	0.008	750	400	231	224	-7	6	85.13	85.13	85.13
juego3	easy	0.0	0.008	758	400	231	224	-7	6	85.07	85.07	85.07
juego3	easy	0.0	0.008	768	400	231	224	-7	6	85.01	85.01	85.01
juego3	easy	0.0	0.008	775	400	231	224	-7	6	84.97	84.97	84.97
juego3	easy	0.0	0.008	784	400	231	225	-6	6	84.9	84.9	84.9
juego3	easy	0.0	0.008	792	400	231	225	-6	6	84.84	84.84	84.84
juego3	easy	0.0	0.008	801	400	231	225	-6	6	84.79	84.79	84.79
juego3	easy	0.0	0.008	810	400	231	225	-6	6	84.78	84.78	84.78
juego3	easy	0.0	0.008	819	400	231	225	-6	6	84.76	84.76	84.76
juego3	easy	0.0	0.008	828	400	231	225	-6	6	84.72	84.72	84.72
juego3	easy	0.0	0.008	837	400	231	225	-6	6	84.67	84.67	84.67
juego3	easy	0.0	0.008	845	400	231	226	-5	6	84.64	84.64	84.64
juego3	easy	0.0	0.008	853	400	231	226	-5	6	84.59	84.59	84.59
juego3	easy	0.0	0.008	861	400	231	226	-5	6	84.53	84.53	84.53
juego3	easy	0.0	0.008	870	400	231	226	-5	6	84.48	84.48	84.48
juego3	easy	0.0	0.008	879	400	231	226	-5	6	84.41	84.41	84.41
juego3	easy	0.0	0.008	887	400	231	227	-4	6	84.33	84.33	84.33
juego3	easy	0.0	0.008	897	400	231	227	-4	6	84.26	84.26	84.26
juego3	easy	0.0	0.008	905	400	231	227	-4	6	84.23	84.23	84.23
juego3	easy	0.0	0.008	913	400	231	227	-4	6	84.19	84.19	84.19
juego3	easy	0.0	0.008	922	400	231	227	-4	6	84.16	84.16	84.16
juego3	easy	0.0	0.008	932	400	231	227	-4	6	84.15	84.15	84.15
juego3	easy	0.0	0.008	940	400	231	228	-3	6	84.11	84.11	84.11
juego3	easy	0.0	0.008	949	400	231	228	-3	6	84.07	84.07	84.07
juego3	easy	0.0	0.008	958	400	231	228	-3	6	84.02	84.02	84.02
juego3	easy	0.0	0.008	965	400	231	228	-3	6	84.0	84.0	84.0
juego3	easy	0.0	0.008	974	400	231	228	-3	6	83.93	83.93	83.93
juego3	easy	0.0	0.008	982	400	231	229	-2	6	83.86	83.86	83.86
juego3	easy	0.0	0.008	991	400	231	229	-2	6	83.82	83.82	83.82
juego3	easy	0.0	0.008	1000	400	231	229	-2	6	83.76	83.76	83.76
juego3	easy	0.0	0.008	1008	400	231	229	-2	6	83.75	83.75	83.75
juego3	easy	0.0	0.008	1017	400	231	229	-2	6	83.75	83.75	83.75
juego3	easy	0.0	0.008	1026	400	231	229	-2	6	83.74	83.74	83.74
juego3	easy	0.0	0.008	1035	400	231	229	-2	6	83.73	83.73	83.73
juego3	easy	0.0	0.008	1043	400	231	229	-2	6	83.73	83.73	83.73
juego3	easy	0.0	0.008	1053	400	231	229	-2	6	83.74	83.74	83.74
juego3	easy	0.0	0.008	1060	400	231	229	-2	6	83.75	83.75	83.75
juego3	easy	0.0	0.008	1069	400	231	229	-2	6	83.76	83.76	83.76
juego3	easy	0.0	0.008	1077	400	231	229	-2	6	83.76	83.76	83.76
juego3	easy	0.0	0.008	1085	400	231	229	-2	6	83.76	83.76	83.76
juego3	easy	0.0	0.008	1094	400	231	229	-2	6	83.73	83.73	83.73
juego3	easy	0.0	0.008	1103	400	231	229	-2	6	83.71	83.71	83.71
juego3	easy	0.0	0.008	1111	400	231	229	-2	6	83.71	83.71	83.71
juego3	easy	0.0	0.008	1120	400	231	229	-2	6	83.7	83.7	83.7
juego3	easy	0.0	0.008	1128	400	231	229	-2	6	83.69	83.69	83.69
juego3	easy	0.0	0.008	1137	400	231	229	-2	6	83.69	83.69	83.69
juego3	easy	0.0	0.008	1146	400	231	229	-2	6	83.68	83.68	83.68
juego3	easy	0.0	0.008	1155	400	231	229	-2	6	83.68	83.68	83.68
juego3	easy	0.0	0.008	1164	400	231	229	-2	6	83.67	83.67	83.67
juego3	easy	0.0	0.008	1173	400	231	229	-2	6	83.66	83.66	83.66
juego3	easy	0.0	0.008	1182	400	231	229	-2	6	83.66	83.66	83.66
juego3	easy	0.0	0.008	1191	400	231	229	-2	6	83.66	83.66	83.66
juego3	easy	0.0	0.008	1199	400	231	229	-2	6	83.66	83.66	83.66
juego3	easy	0.0	0.008	1208	400	231	229	-2	6	83.67	83.67	83.67
juego3	easy	0.0	0.008	1217	400	231	229	-2	6	83.67	83.67	83.67
juego3	easy	0.0	0.008	1225	400	231	229	-2	6	83.67	83.67	83.67
juego3	easy	0.0	0.008	1234	400	231	229	-2	6	83.66	83.66	83.66
juego3	easy	0.0	0.008	1243	400	231	229	-2	6	83.67	83.67	83.67
juego3	easy	0.0	0.008	1252	400	231	229	-2	6	83.68	83.68	83.68
juego3	easy	0.0	0.008	1261	400	231	229	-2	6	83.69	83.69	83.69
juego3	easy	0.0	0.008	1270	400	231	229	-2	6	83.7	83.7	83.7
juego3	easy	0.0	0.008	1279	400	231	229	-2	6	83.7	83.7	83.7
juego3	easy	0.0	0.008	1288	400	231	229	-2	6	83.7	83.7	83.7
juego3	easy	0.0	0.008	1297	400	231	229	-2	6	83.7	83.7	83.7
juego3	easy	0.0	0.008	1305	400	231	229	-2	6	83.69	83.69	83.69
juego3	easy	0.0	0.008	1314	400	231	229	-2	6	83.7	83.7	83.7
juego3	easy	0.0	0.008	1321	400	231	229	-2	6	83.71	83.71	83.71
juego3	easy	0.0	0.008	1331	400	231	229	-2	6	83.73	83.73	83.73
juego3	easy	0.0	0.008	1340	400	231	229	-2	6	83.73	83.73	83.73
juego3	easy	0.0	0.008	1349	400	231	229	-2	6	83.72	83.72	83.72
juego3	easy	0.0	0.008	1358	400	231	229	-2	6	83.72	83.72	83.72
juego3	easy	0.0	0.008	1366	400	231	229	-2	6	83.72	83.72	83.72
juego3	easy	0.0	0.008	1375	400	231	229	-2	6	83.72	83.72	83.72
juego3	easy	0.0	0.008	1383	400	231	229	-2	6	83.72	83.72	83.72
juego3	easy	0.0	0.008	1393	400	231	229	-2	6	83.72	83.72	83.72
juego3	easy	0.0	0.008	1400	400	231	229	-2	6	83.72	83.72	83.72
juego3	easy	0.0	0.008	1409	400	231	229	-2	6	83.72	83.72	83.72
juego3	easy	0.0	0.008	1418	400	231	229	-2	6	83.72	83.72	83.72
juego3	easy	0.0	0.008	1427	400	231	229	-2	6	83.72	83.72	83.72
juego3	easy	0.0	0.008	1436	400	231	229	-2	6	83.72	83.72	83.72
juego3	easy	0.0	0.008	1444	400	231	229	-2	6	83.73	83.73	83.73
juego3	easy	0.0	0.008	1453	400	231	229	-2	6	83.73	83.73	83.73
juego3	easy	0.0	0.008	1461	400	231	229	-2	6	83.72	83.72	83.72
juego3	easy	0.0	0.008	1470	400	231	229	-2	6	83.73	83.73	83.73
juego3	easy	0.0	0.008	1477	400	231	229	-2	6	83.74	83.74	83.74
juego3	easy	0.0	0.008	1486	400	231	229	-2	6	83.75	83.75	83.75
juego3	easy	0.0	0.008	1494	400	231	229	-2	6	83.74	83.74	83.74
juego3	easy	0.0	0.008	1502	400	231	229	-2	6	83.74	83.74	83.74
juego3	easy	0.0	0.008	1511	400	231	229	-2	6	83.74	83.74	83.74
juego3	easy	0.0	0.008	1521	400	231	229	-2	6	83.75	83.75	83.75
juego3	easy	0.0	0.008	1528	400	231	229	-2	6	83.77	83.77	83.77
juego3	easy	0.0	0.008	1537	400	231	229	-2	6	83.77	83.77	83.77
juego3	easy	0.0	0.008	1546	400	231	229	-2	6	83.76	83.76	83.76
juego3	easy	0.0	0.008	1555	400	231	229	-2	6	83.75	83.75	83.75
juego3	easy	0.0	0.008	1564	400	231	229	-2	6	83.75	83.75	83.75
juego3	easy	0.0	0.008	1573	400	231	229	-2	6	83.76	83.76	83.76
juego3	easy	0.0	0.008	1582	400	231	229	-2	6	83.78	83.78	83.78
juego3	easy	0.0	0.008	1591	400	231	229	-2	6	83.79	83.79	83.79
juego3	easy	0.0	0.008	1599	400	231	229	-2	6	83.81	83.81	83.81
juego3	easy	0.0	0.008	1608	400	231	229	-2	6	83.81	83.81	83.81
juego3	easy	0.0	0.008	1616	400	231	229	-2	6	83.8	83.8	83.8
juego3	easy	0.0	0.008	1624	400	231	229	-2	6	83.8	83.8	83.8
juego3	easy	0.0	0.008	1634	400	231	229	-2	6	83.81	83.81	83.81
juego3	easy	0.0	0.008	1642	400	231	229	-2	6	83.84	83.84	83.84
juego3	easy	0.0	0.008	1651	400	231	229	-2	6	83.86	83.86	83.86
juego3	easy	0.0	0.008	1659	400	231	229	-2	6	83.87	83.87	83.87
juego3	easy	0.0	0.008	1668	400	231	229	-2	6	83.86	83.86	83.86
juego3	easy	0.0	0.008	1677	400	231	229	-2	6	83.87	83.87	83.87
juego3	easy	0.0	0.008	1685	400	231	229	-2	6	83.86	83.86	83.86
juego3	easy	0.0	0.008	1693	400	231	229	-2	6	83.87	83.87	83.87
juego3	easy	0.0	0.008	1702	400	231	229	-2	6	83.88	83.88	83.88
juego3	easy	0.0	0.008	1710	400	231	228	-3	6	83.89	83.89	83.89
juego3	easy	0.0	0.008	1719	400	231	228	-3	6	83.9	83.9	83.9
juego3	easy	0.0	0.008	1727	400	231	228	-3	6	83.89	83.89	83.89
juego3	easy	0.0	0.008	1736	400	231	228	-3	6	83.89	83.89	83.89
juego3	easy	0.0	0.008	1744	400	231	228	-3	6	83.9	83.9	83.9
juego3	easy	0.0	0.008	1752	400	231	228	-3	6	83.9	83.9	83.9
juego3	easy	0.0	0.008	1761	400	231	228	-3	6	83.92	83.92	83.92
juego3	easy	0.0	0.008	1770	400	231	228	-3	6	83.93	83.93	83.93
juego3	easy	0.0	0.008	1779	400	231	228	-3	6	83.94	83.94	83.94
juego3	easy	0.0	0.008	1788	400	231	228	-3	6	83.94	83.94	83.94
juego3	easy	0.0	0.008	1797	400	231	228	-3	6	83.93	83.93	83.93
juego3	easy	0.0	0.008	1806	400	231	228	-3	6	83.93	83.93	83.93
juego3	easy	0.0	0.008	1814	400	231	228	-3	6	83.93	83.93	83.93
juego3	easy	0.0	0.008	1823	400	231	228	-3	6	83.93	83.93	83.93
juego3	easy	0.0	0.008	1832	400	231	228	-3	6	83.94	83.94	83.94
juego3	easy	0.0	0.008	1842	400	231	228	-3	6	83.95	83.95	83.95
juego3	easy	0.0	0.008	1850	400	231	228	-3	6	83.96	83.96	83.96
juego3	easy	0.0	0.008	1859	400	231	228	-3	6	83.97	83.97	83.97
juego3	easy	0.0	0.008	1867	400	231	228	-3	6	83.97	83.97	83.97
juego3	easy	0.0	0.008	1875	400	231	228	-3	6	83.97	83.97	83.97
juego3	easy	0.0	0.008	1884	400	231	228	-3	6	83.97	83.97	83.97
juego3	easy	0.0	0.008	1894	400	231	228	-3	6	83.99	83.99	83.99
juego3	easy	0.0	0.008	1902	400	231	228	-3	6	84.0	84.0	84.0
juego3	easy	0.0	0.008	1910	400	231	228	-3	6	84.01	84.01	84.01
juego3	easy	0.0	0.008	1919	400	231	228	-3	6	84.02	84.02	84.02
juego3	easy	0.0	0.008	1929	400	231	228	-3	6	84.04	84.04	84.04
juego3	easy	0.0	0.008	1937	400	231	228	-3	6	84.05	84.05	84.05
juego3	easy	0.0	0.008	1946	400	231	228	-3	6	84.05	84.05	84.05
juego3	easy	0.0	0.008	1955	400	231	228	-3	6	84.06	84.06	84.06
juego3	easy	0.0	0.008	1965	400	231	228	-3	6	84.07	84.07	84.07
juego3	easy	0.0	0.008	1973	400	231	228	-3	6	84.07	84.07	84.07
juego3	easy	0.0	0.008	1982	400	231	228	-3	6	84.08	84.08	84.08
juego3	easy	0.0	0.008	1990	400	231	228	-3	6	84.08	84.08	84.08
juego3	easy	0.0	0.008	1999	400	231	228	-3	6	84.09	84.09	84.09
juego3	easy	0.0	0.008	0	400	231	228	-3	7	84.08	84.08	84.08
juego3	easy	-80.0	0.008	9	400	406	228	-178	7	84.08	84.08	84.08
juego3	easy	-80.0	0.008	18	400	406	228	-178	7	84.1	84.1	84.1
juego3	easy	-80.0	0.008	26	400	406	228	-178	7	84.1	84.1	84.1
juego3	easy	-80.0	0.008	34	400	406	228	-178	7	84.11	84.11	84.11
juego3	easy	-80.0	0.008	43	400	406	228	-178	7	84.12	84.12	84.12
juego3	easy	-80.0	0.008	51	400	406	228	-178	7	84.13	84.13	84.13
juego3	easy	-80.0	0.008	60	400	406	227	-179	7	84.14	84.14	84.14
juego3	easy	-80.0	0.008	69	400	406	227	-179	7	84.14	84.14	84.14
juego3	easy	-80.0	0.008	78	400	406	227	-179	7	84.14	84.14	84.14
juego3	easy	-80.0	0.008	87	400	406	227	-179	7	84.14	84.14	84.14
juego3	easy	-80.0	0.008	95	400	406	227	-179	7	84.14	84.14	84.14
juego3	easy	-80.0	0.008	104	400	406	227	-179	7	84.14	84.14	84.14
juego3	easy	-80.0	0.008	113	400	406	227	-179	7	84.16	84.16	84.16
juego3	easy	-80.0	0.008	121	400	406	227	-179	7	84.16	84.16	84.16
juego3	easy	-80.0	0.008	130	400	406	227	-179	7	84.17	84.17	84.17
juego3	easy	-80.0	0.008	138	400	406	227	-179	7	84.18	84.18	84.18
juego3	easy	-80.0	0.008	148	400	406	227	-179	7	84.2	84.2	84.2
juego3	easy	-80.0	0.008	156	400	406	227	-179	7	84.2	84.2	84.2
juego3	easy	-80.0	0.008	165	400	406	227	-179	7	84.21	84.21	84.21
juego3	easy	-80.0	0.008	174	400	406	227	-179	7	84.22	84.22	84.22
juego3	easy	-80.0	0.008	182	400	406	227	-179	7	84.23	84.23	84.23
juego3	easy	-80.0	0.008	191	400	406	227	-179	7	84.24	84.24	84.24
juego3	easy	-80.0	0.008	199	400	406	227	-179	7	84.25	84.25	84.25
juego3	easy	-80.0	0.008	207	400	406	227	-179	7	84.26	84.26	84.26
juego3	easy	-80.0	0.008	216	400	406	227	-179	7	84.28	84.28	84.28
juego3	easy	-80.0	0.008	225	400	406	227	-179	7	84.29	84.29	84.29
juego3	easy	-80.0	0.008	234	400	406	227	-179	7	84.32	84.32	84.32
juego3	easy	-80.0	0.008	243	400	406	227	-179	7	84.33	84.33	84.33
juego3	easy	-80.0	0.008	251	400	406	227	-179	7	84.35	84.35	84.35
juego3	easy	-80.0	0.008	259	400	406	227	-179	7	84.37	84.37	84.37
juego3	easy	-80.0	0.008	268	400	406	227	-179	7	84.37	84.37	84.37
juego3	easy	-80.0	0.008	276	400	406	227	-179	7	84.38	84.38	84.38
juego3	easy	-80.0	0.008	285	400	406	227	-179	7	84.38	84.38	84.38
juego3	easy	-80.0	0.008	294	400	406	227	-179	7	84.38	84.38	84.38
juego3	easy	-80.0	0.008	304	400	406	227	-179	7	84.38	84.38	84.38
juego3	easy	-80.0	0.008	312	400	406	227	-179	7	84.38	84.38	84.38
juego3	easy	-80.0	0.008	321	400	406	227	-179	7	84.36	84.36	84.36
juego3	easy	-80.0	0.008	330	400	406	227	-179	7	84.24	84.24	84.24
juego3	easy	-80.0	0.008	339	400	406	228	-178	7	83.94	83.94	83.94
juego3	easy	-80.0	0.008	347	400	406	229	-177	7	83.66	83.66	83.66
juego3	easy	-80.0	0.008	356	400	406	232	-174	7	82.93	82.93	82.93
juego3	easy	-80.0	0.008	366	400	406	236	-170	7	82.02	82.02	82.02
juego3	easy	-80.0	0.008	375	400	406	240	-166	7	80.83	80.83	80.83
juego3	easy	-80.0	0.008	383	400	406	246	-160	7	79.29	79.29	79.29
juego3	easy	-80.0	0.008	392	400	406	250	-156	7	78.39	78.39	78.39
juego3	easy	-80.0	0.008	401	400	406	258	-148	7	76.23	76.23	76.23
juego3	easy	-80.0	0.008	411	400	406	268	-138	7	73.68	73.68	73.68
juego3	easy	-80.0	0.008	419	400	406	276	-130	7	71.72	71.72	71.72
juego3	easy	-80.0	0.008	429	400	406	284	-122	7	69.65	69.65	69.65
juego3	easy	-80.0	0.008	437	400	406	295	-111	7	66.75	66.75	66.75
juego3	easy	-80.0	0.008	445	400	406	304	-102	7	64.21	64.21	64.21
juego3	easy	-80.0	0.008	453	400	406	313	-93	7	61.93	61.93	61.93
juego3	easy	-80.0	0.008	462	400	406	317	-89	7	60.93	60.93	60.93
juego3	easy	-80.0	0.008	471	400	406	324	-82	7	58.98	58.98	58.98
juego3	easy	-80.0	0.008	479	400	406	328	-78	7	57.99	57.99	57.99
juego3	easy	-80.0	0.008	488	400	406	336	-70	7	56.14	56.14	56.14
juego3	easy	-80.0	0.008	497	400	406	342	-64	7	54.36	54.36	54.36
juego3	easy	-80.0	0.008	505	400	406	349	-57	7	52.72	52.72	52.72
juego3	easy	-80.0	0.008	513	400	406	355	-51	7	51.26	51.26	51.26
juego3	easy	-80.0	0.008	522	400	406	357	-49	7	50.58	50.58	50.58
juego3	easy	-80.0	0.008	531	400	406	362	-44	7	49.42	49.42	49.42
juego3	easy	-80.0	0.008	540	400	406	366	-40	7	48.38	48.38	48.38
juego3	easy	-80.0	0.008	548	400	406	368	-38	7	47.8	47.8	47.8
juego3	easy	-80.0	0.008	557	400	406	371	-35	7	47.14	47.14	47.14
juego3	easy	-80.0	0.008	566	400	406	381	-25	7	44.58	44.58	44.58
juego3	easy	-80.0	0.008	575	400	406	387	-19	7	43.0	43.0	43.0
juego3	easy	-80.0	0.008	583	400	406	391	-15	7	41.9	41.9	41.9
juego3	easy	-80.0	0.008	592	400	406	393	-13	7	41.47	41.47	41.47
juego3	easy	-80.0	0.008	601	400	406	396	-10	7	40.67	40.67	40.67
juego3	easy	-80.0	0.008	609	400	406	399	-7	7	39.81	39.81	39.81
juego3	easy	-80.0	0.008	616	400	406	401	-5	7	39.34	39.34	39.34
juego3	easy	-80.0	0.008	626	400	406	405	-1	7	38.25	38.25	38.25
juego3	easy	-80.0	0.008	634	400	406	409	3	7	37.25	37.25	37.25
juego3	easy	-80.0	0.008	643	400	406	411	5	7	36.86	36.86	36.86
juego3	easy	-80.0	0.008	652	400	406	413	7	7	36.29	36.29	36.29
juego3	easy	-80.0	0.008	661	400	406	414	8	7	35.91	35.91	35.91
juego3	easy	-80.0	0.008	671	400	406	415	9	7	35.72	35.72	35.72
juego3	easy	-80.0	0.008	680	400	406	417	11	7	35.13	35.13	35.13
juego3	easy	-80.0	0.008	688	400	406	418	12	7	34.96	34.96	34.96
juego3	easy	-80.0	0.008	696	400	406	419	13	7	34.69	34.69	34.69
juego3	easy	-80.0	0.008	705	400	406	420	14	7	34.52	34.52	34.52
juego3	easy	-80.0	0.008	713	400	406	420	14	7	34.43	34.43	34.43
juego3	easy	-80.0	0.008	722	400	406	421	15	7	34.19	34.19	34.19
juego3	easy	-80.0	0.008	732	400	406	422	16	7	34.0	34.0	34.0
juego3	easy	-80.0	0.008	740	400	406	422	16	7	33.86	33.86	33.86
juego3	easy	-80.0	0.008	749	400	406	423	17	7	33.73	33.73	33.73
juego3	easy	-80.0	0.008	758	400	406	423	17	7	33.66	33.66	33.66
juego3	easy	-80.0	0.008	767	400	406	424	18	7	33.45	33.45	33.45
juego3	easy	-80.0	0.008	775	400	406	425	19	7	33.25	33.25	33.25
juego3	easy	-80.0	0.008	784	400	406	425	19	7	33.17	33.17	33.17
juego3	easy	-80.0	0.008	793	400	406	426	20	7	33.04	33.04	33.04
juego3	easy	-80.0	0.008	801	400	406	426	20	7	32.91	32.91	32.91
juego3	easy	-80.0	0.008	810	400	406	427	21	7	32.77	32.77	32.77
juego3	easy	-80.0	0.008	819	400	406	427	21	7	32.62	32.62	32.62
juego3	easy	-80.0	0.008	828	400	406	427	21	7	32.57	32.57	32.57
juego3	easy	-80.0	0.008	837	400	406	428	22	7	32.45	32.45	32.45
juego3	easy	-80.0	0.008	846	400	406	428	22	7	32.33	32.33	32.33
juego3	easy	-80.0	0.008	855	400	406	429	23	7	32.19	32.19	32.19
juego3	easy	-80.0	0.008	864	400	406	429	23	7	32.11	32.11	32.11
juego3	easy	-80.0	0.008	873	400	406	429	23	7	32.02	32.02	32.02
juego3	easy	-80.0	0.008	882	400	406	430	24	7	31.92	31.92	31.92
juego3	easy	-80.0	0.008	890	400	406	430	24	7	31.87	31.87	31.87
juego3	easy	-80.0	0.008	900	400	406	430	24	7	31.83	31.83	31.83
juego3	easy	-80.0	0.008	908	400	406	430	24	7	31.82	31.82	31.82
juego3	easy	-80.0	0.008	916	400	406	430	24	7	31.8	31.8	31.8
juego3	easy	-80.0	0.008	924	400	406	430	24	7	31.78	31.78	31.78
juego3	easy	-80.0	0.008	933	400	406	431	25	7	31.75	31.75	31.75
juego3	easy	-80.0	0.008	942	400	406	431	25	7	31.75	31.75	31.75
juego3	easy	-80.0	0.008	951	400	406	431	25	7	31.74	31.74	31.74
juego3	easy	-80.0	0.008	959	400	406	431	25	7	31.74	31.74	31.74
juego3	easy	-80.0	0.008	967	400	406	431	25	7	31.74	31.74	31.74
juego3	easy	-80.0	0.008	977	400	406	431	25	7	31.73	31.73	31.73
juego3	easy	-80.0	0.008	985	400	406	431	25	7	31.75	31.75	31.75
juego3	easy	-80.0	0.008	993	400	406	430	24	7	31.77	31.77	31.77
juego3	easy	-80.0	0.008	1001	400	406	430	24	7	31.79	31.79	31.79
juego3	easy	-80.0	0.008	1010	400	406	430	24	7	31.8	31.8	31.8
juego3	easy	-80.0	0.008	1019	400	406	430	24	7	31.79	31.79	31.79
juego3	easy	-80.0	0.008	1027	400	406	430	24	7	31.79	31.79	31.79
juego3	easy	-80.0	0.008	1036	400	406	430	24	7	31.79	31.79	31.79
juego3	easy	-80.0	0.008	1045	400	406	430	24	7	31.78	31.78	31.78
juego3	easy	-80.0	0.008	1053	400	406	430	24	7	31.78	31.78	31.78
juego3	easy	-80.0	0.008	1062	400	406	430	24	7	31.78	31.78	31.78
juego3	easy	-80.0	0.008	1071	400	406	430	24	7	31.79	31.79	31.79
juego3	easy	-80.0	0.008	1079	400	406	430	24	7	31.8	31.8	31.8
juego3	easy	-80.0	0.008	1087	400	406	430	24	7	31.81	31.81	31.81
juego3	easy	-80.0	0.008	1096	400	406	430	24	7	31.81	31.81	31.81
juego3	easy	-80.0	0.008	1104	400	406	430	24	7	31.8	31.8	31.8
juego3	easy	-80.0	0.008	1112	400	406	430	24	7	31.81	31.81	31.81
juego3	easy	-80.0	0.008	1121	400	406	430	24	7	31.82	31.82	31.82
juego3	easy	-80.0	0.008	1129	400	406	430	24	7	31.83	31.83	31.83
juego3	easy	-80.0	0.008	1137	400	406	430	24	7	31.84	31.84	31.84
juego3	easy	-80.0	0.008	1145	400	406	430	24	7	31.85	31.85	31.85
juego3	easy	-80.0	0.008	1153	400	406	430	24	7	31.85	31.85	31.85
juego3	easy	-80.0	0.008	1162	400	406	430	24	7	31.88	31.88	31.88
juego3	easy	-80.0	0.008	1171	400	406	430	24	7	31.91	31.91	31.91
juego3	easy	-80.0	0.008	1181	400	406	430	24	7	31.93	31.93	31.93
juego3	easy	-80.0	0.008	1189	400	406	430	24	7	31.94	31.94	31.94
juego3	easy	-80.0	0.008	1196	400	406	430	24	7	31.96	31.96	31.96
juego3	easy	-80.0	0.008	1205	400	406	430	24	7	31.99	31.99	31.99
juego3	easy	-80.0	0.008	1214	400	406	430	24	7	32.01	32.01	32.01
juego3	easy	-80.0	0.008	1223	400	406	429	23	7	32.03	32.03	32.03
juego3	easy	-80.0	0.008	1233	400	406	429	23	7	32.04	32.04	32.04
juego3	easy	-80.0	0.008	1241	400	406	429	23	7	32.07	32.07	32.07
juego3	easy	-80.0	0.008	1249	400	406	429	23	7	32.08	32.08	32.08
juego3	easy	-80.0	0.008	1258	400	406	429	23	7	32.11	32.11	32.11
juego3	easy	-80.0	0.008	1267	400	406	429	23	7	32.14	32.14	32.14
juego3	easy	-80.0	0.008	1276	400	406	429	23	7	32.16	32.16	32.16
juego3	easy	-80.0	0.008	1284	400	406	429	23	7	32.19	32.19	32.19
juego3	easy	-80.0	0.008	1293	400	406	429	23	7	32.22	32.22	32.22
juego3	easy	-80.0	0.008	1301	400	406	429	23	7	32.25	32.25	32.25
juego3	easy	-80.0	0.008	1311	400	406	428	22	7	32.28	32.28	32.28
juego3	easy	-80.0	0.008	1319	400	406	428	22	7	32.3	32.3	32.3
juego3	easy	-80.0	0.008	1328	400	406	428	22	7	32.35	32.35	32.35
juego3	easy	-80.0	0.008	1336	400	406	428	22	7	32.38	32.38	32.38
juego3	easy	-80.0	0.008	1345	400	406	428	22	7	32.41	32.41	32.41
juego3	easy	-80.0	0.008	1354	400	406	428	22	7	32.42	32.42	32.42
juego3	easy	-80.0	0.008	1363	400	406	428	22	7	32.44	32.44	32.44
juego3	easy	-80.0	0.008	1371	400	406	428	22	7	32.46	32.46	32.46
juego3	easy	-80.0	0.008	1380	400	406	428	22	7	32.48	32.48	32.48
juego3	easy	-80.0	0.008	1388	400	406	428	22	7	32.5	32.5	32.5
juego3	easy	-80.0	0.008	1397	400	406	428	22	7	32.52	32.52	32.52
juego3	easy	-80.0	0.008	1406	400	406	427	21	7	32.53	32.53	32.53
juego3	easy	-80.0	0.008	1415	400	406	427	21	7	32.54	32.54	32.54
juego3	easy	-80.0	0.008	1424	400	406	427	21	7	32.55	32.55	32.55
juego3	easy	-80.0	0.008	1433	400	406	427	21	7	32.57	32.57	32.57
juego3	easy	-80.0	0.008	1441	400	406	427	21	7	32.6	32.6	32.6
juego3	easy	-80.0	0.008	1450	400	406	427	21	7	32.61	32.61	32.61
juego3	easy	-80.0	0.008	1458	400	406	427	21	7	32.62	32.62	32.62
juego3	easy	-80.0	0.008	1467	400	406	427	21	7	32.64	32.64	32.64
juego3	easy	-80.0	0.008	1475	400	406	427	21	7	32.65	32.65	32.65
juego3	easy	-80.0	0.008	1483	400	406	427	21	7	32.67	32.67	32.67
juego3	easy	-80.0	0.008	1492	400	406	427	21	7	32.68	32.68	32.68
juego3	easy	-80.0	0.008	1501	400	406	427	21	7	32.71	32.71	32.71
juego3	easy	-80.0	0.008	1512	400	406	427	21	7	32.73	32.73	32.73
juego3	easy	-80.0	0.008	1519	400	406	427	21	7	32.74	32.74	32.74
juego3	easy	-80.0	0.008	1528	400	406	427	21	7	32.75	32.75	32.75
juego3	easy	-80.0	0.008	1537	400	406	427	21	7	32.77	32.77	32.77
juego3	easy	-80.0	0.008	1546	400	406	426	20	7	32.79	32.79	32.79
juego3	easy	-80.0	0.008	1555	400	406	426	20	7	32.8	32.8	32.8
juego3	easy	-80.0	0.008	1564	400	406	426	20	7	32.82	32.82	32.82
juego3	easy	-80.0	0.008	1574	400	406	426	20	7	32.85	32.85	32.85
juego3	easy	-80.0	0.008	1582	400	406	426	20	7	32.87	32.87	32.87
juego3	easy	-80.0	0.008	1590	400	406	426	20	7	32.88	32.88	32.88
juego3	easy	-80.0	0.008	1598	400	406	426	20	7	32.9	32.9	32.9
juego3	easy	-80.0	0.008	1607	400	406	426	20	7	32.92	32.92	32.92
juego3	easy	-80.0	0.008	1614	400	406	426	20	7	32.93	32.93	32.93
juego3	easy	-80.0	0.008	1623	400	406	426	20	7	32.94	32.94	32.94
juego3	easy	-80.0	0.008	1633	400	406	426	20	7	32.95	32.95	32.95
juego3	easy	-80.0	0.008	1641	400	406	426	20	7	32.96	32.96	32.96
juego3	easy	-80.0	0.008	1649	400	406	426	20	7	32.97	32.97	32.97
juego3	easy	-80.0	0.008	1657	400	406	426	20	7	32.97	32.97	32.97
juego3	easy	-80.0	0.008	1666	400	406	426	20	7	32.96	32.96	32.96
juego3	easy	-80.0	0.008	1674	400	406	426	20	7	32.98	32.98	32.98
juego3	easy	-80.0	0.008	1684	400	406	426	20	7	32.98	32.98	32.98
juego3	easy	-80.0	0.008	1693	400	406	426	20	7	32.99	32.99	32.99
juego3	easy	-80.0	0.008	1702	400	406	426	20	7	32.98	32.98	32.98
juego3	easy	-80.0	0.008	1710	400	406	426	20	7	32.99	32.99	32.99
juego3	easy	-80.0	0.008	1719	400	406	426	20	7	32.99	32.99	32.99
juego3	easy	-80.0	0.008	1726	400	406	426	20	7	33.0	33.0	33.0
juego3	easy	-80.0	0.008	1735	400	406	426	20	7	33.0	33.0	33.0
juego3	easy	-80.0	0.008	1744	400	406	426	20	7	33.01	33.01	33.01
juego3	easy	-80.0	0.008	1753	400	406	426	20	7	33.03	33.03	33.03
juego3	easy	-80.0	0.008	1763	400	406	425	19	7	33.05	33.05	33.05
juego3	easy	-80.0	0.008	1770	400	406	425	19	7	33.05	33.05	33.05
juego3	easy	-80.0	0.008	1779	400	406	425	19	7	33.07	33.07	33.07
juego3	easy	-80.0	0.008	1788	400	406	425	19	7	33.08	33.08	33.08
juego3	easy	-80.0	0.008	1795	400	406	425	19	7	33.08	33.08	33.08
juego3	easy	-80.0	0.008	1804	400	406	425	19	7	33.09	33.09	33.09
juego3	easy	-80.0	0.008	1813	400	406	425	19	7	33.11	33.11	33.11
juego3	easy	-80.0	0.008	1823	400	406	425	19	7	33.14	33.14	33.14
juego3	easy	-80.0	0.008	1830	400	406	425	19	7	33.15	33.15	33.15
juego3	easy	-80.0	0.008	1840	400	406	425	19	7	33.17	33.17	33.17
juego3	easy	-80.0	0.008	1848	400	406	425	19	7	33.19	33.19	33.19
juego3	easy	-80.0	0.008	1857	400	406	425	19	7	33.2	33.2	33.2
juego3	easy	-80.0	0.008	1866	400	406	425	19	7	33.22	33.22	33.22
juego3	easy	-80.0	0.008	1875	400	406	425	19	7	33.25	33.25	33.25
juego3	easy	-80.0	0.008	1885	400	406	425	19	7	33.26	33.26	33.26
juego3	easy	-80.0	0.008	1893	400	406	425	19	7	33.27	33.27	33.27
juego3	easy	-80.0	0.008	1902	400	406	425	19	7	33.28	33.28	33.28
juego3	easy	-80.0	0.008	1911	400	406	425	19	7	33.28	33.28	33.28
juego3	easy	-80.0	0.008	1919	400	406	424	18	7	33.3	33.3	33.3
juego3	easy	-80.0	0.008	1927	400	406	424	18	7	33.31	33.31	33.31
juego3	easy	-80.0	0.008	1935	400	406	424	18	7	33.33	33.33	33.33
juego3	easy	-80.0	0.008	1944	400	406	424	18	7	33.34	33.34	33.34
juego3	easy	-80.0	0.008	1952	400	406	424	18	7	33.34	33.34	33.34
juego3	easy	-80.0	0.008	1960	400	406	424	18	7	33.37	33.37	33.37
juego3	easy	-80.0	0.008	1968	400	406	424	18	7	33.38	33.38	33.38
juego3	easy	-80.0	0.008	1977	400	406	424	18	7	33.39	33.39	33.39
juego3	easy	-80.0	0.008	1985	400	406	424	18	7	33.39	33.39	33.39
juego3	easy	-80.0	0.008	1993	400	406	424	18	7	33.4	33.4	33.4
juego3	easy	-80.0	0.008	0	400	406	424	18	8	33.43	33.43	33.43
juego3	easy	0.0	0.008	9	400	231	424	193	8	33.45	33.45	33.45
juego3	easy	0.0	0.008	18	400	231	424	193	8	33.47	33.47	33.47
juego3	easy	0.0	0.008	28	400	231	424	193	8	33.48	33.48	33.48
juego3	easy	0.0	0.008	36	400	231	424	193	8	33.5	33.5	33.5
juego3	easy	0.0	0.008	43	400	231	424	193	8	33.51	33.51	33.51
juego3	easy	0.0	0.008	52	400	231	424	193	8	33.52	33.52	33.52
juego3	easy	0.0	0.008	61	400	231	424	193	8	33.54	33.54	33.54
juego3	easy	0.0	0.008	70	400	231	424	193	8	33.55	33.55	33.55
juego3	easy	0.0	0.008	79	400	231	423	192	8	33.56	33.56	33.56
juego3	easy	0.0	0.008	88	400	231	423	192	8	33.57	33.57	33.57
juego3	easy	0.0	0.008	98	400	231	423	192	8	33.56	33.56	33.56
juego3	easy	0.0	0.008	106	400	231	423	192	8	33.57	33.57	33.57
juego3	easy	0.0	0.008	114	400	231	423	192	8	33.57	33.57	33.57
juego3	easy	0.0	0.008	123	400	231	423	192	8	33.58	33.58	33.58
juego3	easy	0.0	0.008	132	400	231	423	192	8	33.59	33.59	33.59
juego3	easy	0.0	0.008	139	400	231	423	192	8	33.6	33.6	33.6
juego3	easy	0.0	0.008	148	400	231	423	192	8	33.61	33.61	33.61
juego3	easy	0.0	0.008	157	400	231	423	192	8	33.61	33.61	33.61
juego3	easy	0.0	0.008	166	400	231	423	192	8	33.62	33.62	33.62
juego3	easy	0.0	0.008	175	400	231	423	192	8	33.62	33.62	33.62
juego3	easy	0.0	0.008	183	400	231	423	192	8	33.64	33.64	33.64
juego3	easy	0.0	0.008	192	400	231	423	192	8	33.65	33.65	33.65
juego3	easy	0.0	0.008	201	400	231	423	192	8	33.69	33.69	33.69
juego3	easy	0.0	0.008	209	400	231	423	192	8	33.72	33.72	33.72
juego3	easy	0.0	0.008	217	400	231	422	191	8	33.84	33.84	33.84
juego3	easy	0.0	0.008	225	400	231	421	190	8	34.22	34.22	34.22
juego3	easy	0.0	0.008	233	400	231	419	188	8	34.6	34.6	34.6
juego3	easy	0.0	0.008	242	400	231	414	183	8	35.92	35.92	35.92
juego3	easy	0.0	0.008	251	400	231	411	180	8	36.87	36.87	36.87
juego3	easy	0.0	0.008	260	400	231	401	170	8	39.31	39.31	39.31
juego3	easy	0.0	0.008	269	400	231	390	159	8	42.04	42.04	42.04
juego3	easy	0.0	0.008	277	400	231	382	151	8	44.32	44.32	44.32
juego3	easy	0.0	0.008	287	400	231	375	144	8	45.97	45.97	45.97
juego3	easy	0.0	0.008	295	400	231	372	141	8	46.73	46.73	46.73
juego3	easy	0.0	0.008	303	400	231	366	135	8	48.27	48.27	48.27
juego3	easy	0.0	0.008	312	400	231	363	132	8	49.11	49.11	49.11
juego3	easy	0.0	0.008	321	400	231	356	125	8	50.94	50.94	50.94
juego3	easy	0.0	0.008	330	400	231	349	118	8	52.57	52.57	52.57
juego3	easy	0.0	0.008	339	400	231	344	113	8	53.95	53.95	53.95
juego3	easy	0.0	0.008	347	400	231	338	107	8	55.47	55.47	55.47
juego3	easy	0.0	0.008	355	400	231	335	104	8	56.38	56.38	56.38
juego3	easy	0.0	0.008	364	400	231	327	96	8	58.44	58.44	58.44
juego3	easy	0.0	0.008	373	400	231	319	88	8	60.41	60.41	60.41
juego3	easy	0.0	0.008	381	400	231	316	85	8	61.24	61.24	61.24
juego3	easy	0.0	0.008	389	400	231	310	79	8	62.71	62.71	62.71
juego3	easy	0.0	0.008	397	400	231	305	74	8	64.1	64.1	64.1
juego3	easy	0.0	0.008	405	400	231	302	71	8	64.8	64.8	64.8
juego3	easy	0.0	0.008	413	400	231	298	67	8	66.12	66.12	66.12
juego3	easy	0.0	0.008	422	400	231	293	62	8	67.21	67.21	67.21
juego3	easy	0.0	0.008	431	400	231	292	61	8	67.7	67.7	67.7
juego3	easy	0.0	0.008	440	400	231	288	57	8	68.58	68.58	68.58
juego3	easy	0.0	0.008	449	400	231	285	54	8	69.31	69.31	69.31
juego3	easy	0.0	0.008	457	400	231	283	52	8	69.87	69.87	69.87
juego3	easy	0.0	0.008	465	400	231	282	51	8	70.09	70.09	70.09
juego3	easy	0.0	0.008	474	400	231	281	50	8	70.46	70.46	70.46
juego3	easy	0.0	0.008	483	400	231	279	48	8	70.79	70.79	70.79
juego3	easy	0.0	0.008	493	400	231	278	47	8	71.12	71.12	71.12
juego3	easy	0.0	0.008	502	400	231	277	46	8	71.41	71.41	71.41
juego3	easy	0.0	0.008	510	400	231	277	46	8	71.53	71.53	71.53
juego3	easy	0.0	0.008	518	400	231	276	45	8	71.63	71.63	71.63
juego3	easy	0.0	0.008	527	400	231	276	45	8	71.79	71.79	71.79
juego3	easy	0.0	0.008	537	400	231	273	42	8	72.33	72.33	72.33
juego3	easy	0.0	0.008	545	400	231	273	42	8	72.53	72.53	72.53
juego3	easy	0.0	0.008	553	400	231	271	40	8	73.02	73.02	73.02
juego3	easy	0.0	0.008	562	400	231	269	38	8	73.56	73.56	73.56
juego3	easy	0.0	0.008	570	400	231	268	37	8	73.83	73.83	73.83
juego3	easy	0.0	0.008	579	400	231	265	34	8	74.4	74.4	74.4
juego3	easy	0.0	0.008	588	400	231	263	32	8	74.99	74.99	74.99
juego3	easy	0.0	0.008	597	400	231	261	30	8	75.63	75.63	75.63
juego3	easy	0.0	0.008	605	400	231	259	28	8	75.98	75.98	75.98
juego3	easy	0.0	0.008	614	400	231	257	26	8	76.64	76.64	76.64
juego3	easy	0.0	0.008	622	400	231	254	23	8	77.31	77.31	77.31
juego3	easy	0.0	0.008	630	400	231	253	22	8	77.69	77.69	77.69
juego3	easy	0.0	0.008	638	400	231	250	19	8	78.47	78.47	78.47
juego3	easy	0.0	0.008	647	400	231	246	15	8	79.29	79.29	79.29
juego3	easy	0.0	0.008	655	400	231	245	14	8	79.72	79.72	79.72
juego3	easy	0.0	0.008	663	400	231	243	12	8	80.22	80.22	80.22
juego3	easy	0.0	0.008	672	400	231	240	9	8	81.05	81.05	81.05
juego3	easy	0.0	0.008	680	400	231	236	5	8	81.99	81.99	81.99
juego3	easy	0.0	0.008	689	400	231	232	1	8	82.88	82.88	82.88
juego3	easy	0.0	0.008	698	400	231	229	-2	8	83.65	83.65	83.65
juego3	easy	0.0	0.008	707	400	231	227	-4	8	84.36	84.36	84.36
juego3	easy	0.0	0.008	716	400	231	225	-6	8	84.67	84.67	84.67
juego3	easy	0.0	0.008	724	400	231	224	-7	8	85.14	85.14	85.14
juego3	easy	0.0	0.008	732	400	231	223	-8	8	85.38	85.38	85.38
juego3	easy	0.0	0.008	739	400	231	223	-8	8	85.42	85.42	85.42
juego3	easy	0.0	0.008	748	400	231	222	-9	8	85.48	85.48	85.48
juego3	easy	0.0	0.008	757	400	231	222	-9	8	85.53	85.53	85.53
juego3	easy	0.0	0.008	764	400	231	222	-9	8	85.65	85.65	85.65
juego3	easy	0.0	0.008	773	400	231	221	-10	8	85.73	85.73	85.73
juego3	easy	0.0	0.008	782	400	231	221	-10	8	85.78	85.78	85.78
juego3	easy	0.0	0.008	791	400	231	221	-10	8	85.79	85.79	85.79
juego3	easy	0.0	0.008	800	400	231	221	-10	8	85.79	85.79	85.79
juego3	easy	0.0	0.008	808	400	231	221	-10	8	85.74	85.74	85.74
juego3	easy	0.0	0.008	817	400	231	221	-10	8	85.68	85.68	85.68
juego3	easy	0.0	0.008	827	400	231	222	-9	8	85.65	85.65	85.65
juego3	easy	0.0	0.008	835	400	231	222	-9	8	85.57	85.57	85.57
juego3	easy	0.0	0.008	844	400	231	222	-9	8	85.5	85.5	85.5
juego3	easy	0.0	0.008	853	400	231	222	-9	8	85.43	85.43	85.43
juego3	easy	0.0	0.008	862	400	231	223	-8	8	85.33	85.33	85.33
juego3	easy	0.0	0.008	871	400	231	223	-8	8	85.27	85.27	85.27
juego3	easy	0.0	0.008	879	400	231	224	-7	8	85.16	85.16	85.16
juego3	easy	0.0	0.008	888	400	231	224	-7	8	85.03	85.03	85.03
juego3	easy	0.0	0.008	897	400	231	224	-7	8	84.96	84.96	84.96
juego3	easy	0.0	0.008	905	400	231	225	-6	8	84.85	84.85	84.85
juego3	easy	0.0	0.008	914	400	231	225	-6	8	84.74	84.74	84.74
juego3	easy	0.0	0.008	923	400	231	225	-6	8	84.66	84.66	84.66
juego3	easy	0.0	0.008	932	400	231	226	-5	8	84.58	84.58	84.58
juego3	easy	0.0	0.008	941	400	231	226	-5	8	84.53	84.53	84.53
juego3	easy	0.0	0.008	951	400	231	226	-5	8	84.45	84.45	84.45
juego3	easy	0.0	0.008	959	400	231	227	-4	8	84.38	84.38	84.38
juego3	easy	0.0	0.008	968	400	231	227	-4	8	84.27	84.27	84.27
juego3	easy	0.0	0.008	977	400	231	227	-4	8	84.21	84.21	84.21
juego3	easy	0.0	0.008	985	400	231	228	-3	8	84.06	84.06	84.06
juego3	easy	0.0	0.008	994	400	231	228	-3	8	83.89	83.89	83.89
juego3	easy	0.0	0.008	1002	400	231	229	-2	8	83.8	83.8	83.8
juego3	easy	0.0	0.008	1011	400	231	230	-1	8	83.6	83.6	83.6
juego3	easy	0.0	0.008	1020	400	231	230	-1	8	83.43	83.43	83.43
juego3	easy	0.0	0.008	1029	400	231	231	0	8	83.29	83.29	83.29
juego3	easy	0.0	0.008	1038	400	231	231	0	8	83.17	83.17	83.17
juego3	easy	0.0	0.008	1048	400	231	232	1	8	83.09	83.09	83.09
juego3	easy	0.0	0.008	1056	400	231	232	1	8	83.05	83.05	83.05
juego3	easy	0.0	0.008	1065	400	231	232	1	8	82.96	82.96	82.96
juego3	easy	0.0	0.008	1073	400	231	232	1	8	82.89	82.89	82.89
juego3	easy	0.0	0.008	1082	400	231	232	1	8	82.86	82.86	82.86
juego3	easy	0.0	0.008	1091	400	231	233	2	8	82.79	82.79	82.79
juego3	easy	0.0	0.008	1099	400	231	233	2	8	82.72	82.72	82.72
juego3	easy	0.0	0.008	1108	400	231	233	2	8	82.66	82.66	82.66
juego3	easy	0.0	0.008	1118	400	231	233	2	8	82.62	82.62	82.62
juego3	easy	0.0	0.008	1126	400	231	233	2	8	82.61	82.61	82.61
juego3	easy	0.0	0.008	1135	400	231	233	2	8	82.6	82.6	82.6
juego3	easy	0.0	0.008	1144	400	231	234	3	8	82.58	82.58	82.58
juego3	easy	0.0	0.008	1152	400	231	234	3	8	82.57	82.57	82.57
juego3	easy	0.0	0.008	1162	400	231	234	3	8	82.56	82.56	82.56
juego3	easy	0.0	0.008	1170	400	231	234	3	8	82.56	82.56	82.56
juego3	easy	0.0	0.008	1178	400	231	234	3	8	82.57	82.57	82.57
juego3	easy	0.0	0.008	1187	400	231	234	3	8	82.57	82.57	82.57
juego3	easy	0.0	0.008	1197	400	231	234	3	8	82.57	82.57	82.57
juego3	easy	0.0	0.008	1205	400	231	234	3	8	82.58	82.58	82.58
juego3	easy	0.0	0.008	1214	400	231	234	3	8	82.56	82.56	82.56
juego3	easy	0.0	0.008	1224	400	231	234	3	8	82.52	82.52	82.52
juego3	easy	0.0	0.008	1232	400	231	234	3	8	82.5	82.5	82.5
juego3	easy	0.0	0.008	1239	400	231	234	3	8	82.48	82.48	82.48
juego3	easy	0.0	0.008	1248	400	231	234	3	8	82.46	82.46	82.46
juego3	easy	0.0	0.008	1257	400	231	234	3	8	82.46	82.46	82.46
juego3	easy	0.0	0.008	1265	400	231	234	3	8	82.45	82.45	82.45
juego3	easy	0.0	0.008	1272	400	231	234	3	8	82.44	82.44	82.44
juego3	easy	0.0	0.008	1281	400	231	234	3	8	82.41	82.41	82.41
juego3	easy	0.0	0.008	1289	400	231	234	3	8	82.38	82.38	82.38
juego3	easy	0.0	0.008	1298	400	231	234	3	8	82.36	82.36	82.36
juego3	easy	0.0	0.008	1307	400	231	234	3	8	82.36	82.36	82.36
juego3	easy	0.0	0.008	1315	400	231	234	3	8	82.35	82.35	82.35
juego3	easy	0.0	0.008	1322	400	231	234	3	8	82.35	82.35	82.35
juego3	easy	0.0	0.008	1331	400	231	235	4	8	82.34	82.34	82.34
juego3	easy	0.0	0.008	1339	400	231	235	4	8	82.33	82.33	82.33
juego3	easy	0.0	0.008	1348	400	231	235	4	8	82.31	82.31	82.31
juego3	easy	0.0	0.008	1356	400	231	235	4	8	82.29	82.29	82.29
juego3	easy	0.0	0.008	1365	400	231	235	4	8	82.28	82.28	82.28
juego3	easy	0.0	0.008	1374	400	231	235	4	8	82.27	82.27	82.27
juego3	easy	0.0	0.008	1381	400	231	235	4	8	82.27	82.27	82.27
juego3	easy	0.0	0.008	1390	400	231	235	4	8	82.27	82.27	82.27
juego3	easy	0.0	0.008	1399	400	231	235	4	8	82.26	82.26	82.26
juego3	easy	0.0	0.008	1407	400	231	235	4	8	82.26	82.26	82.26
juego3	easy	0.0	0.008	1416	400	231	235	4	8	82.27	82.27	82.27
juego3	easy	0.0	0.008	1425	400	231	235	4	8	82.27	82.27	82.27
juego3	easy	0.0	0.008	1434	400	231	235	4	8	82.26	82.26	82.26
juego3	easy	0.0	0.008	1444	400	231	235	4	8	82.23	82.23	82.23
juego3	easy	0.0	0.008	1451	400	231	235	4	8	82.22	82.22	82.22
juego3	easy	0.0	0.008	1460	400	231	235	4	8	82.21	82.21	82.21
juego3	easy	0.0	0.008	1468	400	231	235	4	8	82.2	82.2	82.2
juego3	easy	0.0	0.008	1476	400	231	235	4	8	82.21	82.21	82.21
juego3	easy	0.0	0.008	1486	400	231	235	4	8	82.23	82.23	82.23
juego3	easy	0.0	0.008	1494	400	231	235	4	8	82.23	82.23	82.23
juego3	easy	0.0	0.008	1502	400	231	235	4	8	82.23	82.23	82.23
juego3	easy	0.0	0.008	1510	400	231	235	4	8	82.23	82.23	82.23
juego3	easy	0.0	0.008	1519	400	231	235	4	8	82.22	82.22	82.22
juego3	easy	0.0	0.008	1528	400	231	235	4	8	82.22	82.22	82.22
juego3	easy	0.0	0.008	1538	400	231	235	4	8	82.21	82.21	82.21
juego3	easy	0.0	0.008	1546	400	231	235	4	8	82.21	82.21	82.21
juego3	easy	0.0	0.008	1555	400	231	235	4	8	82.21	82.21	82.21
juego3	easy	0.0	0.008	1564	400	231	235	4	8	82.21	82.21	82.21
juego3	easy	0.0	0.008	1573	400	231	235	4	8	82.21	82.21	82.21
juego3	easy	0.0	0.008	1583	400	231	235	4	8	82.22	82.22	82.22
juego3	easy	0.0	0.008	1591	400	231	235	4	8	82.2	82.2	82.2
juego3	easy	0.0	0.008	1600	400	231	235	4	8	82.19	82.19	82.19
juego3	easy	0.0	0.008	1610	400	231	235	4	8	82.19	82.19	82.19
juego3	easy	0.0	0.008	1619	400	231	235	4	8	82.2	82.2	82.2
juego3	easy	0.0	0.008	1627	400	231	235	4	8	82.19	82.19	82.19
juego3	easy	0.0	0.008	1636	400	231	235	4	8	82.19	82.19	82.19
juego3	easy	0.0	0.008	1645	400	231	235	4	8	82.16	82.16	82.16
juego3	easy	0.0	0.008	1653	400	231	235	4	8	82.15	82.15	82.15
juego3	easy	0.0	0.008	1661	400	231	235	4	8	82.13	82.13	82.13
juego3	easy	0.0	0.008	1670	400	231	235	4	8	82.1	82.1	82.1
juego3	easy	0.0	0.008	1678	400	231	235	4	8	82.09	82.09	82.09
juego3	easy	0.0	0.008	1688	400	231	236	5	8	82.07	82.07	82.07
juego3	easy	0.0	0.008	1696	400	231	236	5	8	82.06	82.06	82.06
juego3	easy	0.0	0.008	1705	400	231	236	5	8	82.04	82.04	82.04
juego3	easy	0.0	0.008	1713	400	231	236	5	8	82.02	82.02	82.02
juego3	easy	0.0	0.008	1722	400	231	236	5	8	81.99	81.99	81.99
juego3	easy	0.0	0.008	1731	400	231	236	5	8	81.97	81.97	81.97
juego3	easy	0.0	0.008	1739	400	231	236	5	8	81.95	81.95	81.95
juego3	easy	0.0	0.008	1747	400	231	236	5	8	81.93	81.93	81.93
juego3	easy	0.0	0.008	1756	400	231	236	5	8	81.91	81.91	81.91
juego3	easy	0.0	0.008	1764	400	231	236	5	8	81.91	81.91	81.91
juego3	easy	0.0	0.008	1772	400	231	236	5	8	81.9	81.9	81.9
juego3	easy	0.0	0.008	1780	400	231	236	5	8	81.89	81.89	81.89
juego3	easy	0.0	0.008	1790	400	231	236	5	8	81.88	81.88	81.88
juego3	easy	0.0	0.008	1798	400	231	236	5	8	81.87	81.87	81.87
juego3	easy	0.0	0.008	1807	400	231	236	5	8	81.85	81.85	81.85
juego3	easy	0.0	0.008	1814	400	231	236	5	8	81.84	81.84	81.84
juego3	easy	0.0	0.008	1823	400	231	236	5	8	81.83	81.83	81.83
juego3	easy	0.0	0.008	1832	400	231	236	5	8	81.83	81.83	81.83
juego3	easy	0.0	0.008	1841	400	231	236	5	8	81.83	81.83	81.83
juego3	easy	0.0	0.008	1850	400	231	236	5	8	81.83	81.83	81.83
juego3	easy	0.0	0.008	1859	400	231	237	6	8	81.82	81.82	81.82
juego3	easy	0.0	0.008	1868	400	231	237	6	8	81.82	81.82	81.82
juego3	easy	0.0	0.008	1877	400	231	237	6	8	81.81	81.81	81.81
juego3	easy	0.0	0.008	1885	400	231	237	6	8	81.8	81.8	81.8
juego3	easy	0.0	0.008	1894	400	231	237	6	8	81.79	81.79	81.79
juego3	easy	0.0	0.008	1903	400	231	237	6	8	81.78	81.78	81.78
juego3	easy	0.0	0.008	1912	400	231	237	6	8	81.78	81.78	81.78
juego3	easy	0.0	0.008	1921	400	231	237	6	8	81.76	81.76	81.76
juego3	easy	0.0	0.008	1930	400	231	237	6	8	81.74	81.74	81.74
juego3	easy	0.0	0.008	1938	400	231	237	6	8	81.73	81.73	81.73
juego3	easy	0.0	0.008	1946	400	231	237	6	8	81.73	81.73	81.73
juego3	easy	0.0	0.008	1956	400	231	237	6	8	81.73	81.73	81.73
juego3	easy	0.0	0.008	1963	400	231	237	6	8	81.73	81.73	81.73
juego3	easy	0.0	0.008	1972	400	231	237	6	8	81.71	81.71	81.71
juego3	easy	0.0	0.008	1981	400	231	237	6	8	81.68	81.68	81.68
juego3	easy	0.0	0.008	1990	400	231	237	6	8	81.67	81.67	81.67
juego3	easy	0.0	0.008	1999	400	231	237	6	8	81.63	81.63	81.63
juego3	easy	0.0	0.008	0	400	231	237	6	9	81.62	81.62	81.62
juego3	easy	90.0	0.008	9	400	159	237	78	9	81.62	81.62	81.62
juego3	easy	90.0	0.008	17	400	159	237	78	9	81.62	81.62	81.62
juego3	easy	90.0	0.008	25	400	159	237	78	9	81.61	81.61	81.61
juego3	easy	90.0	0.008	34	400	159	237	78	9	81.6	81.6	81.6
juego3	easy	90.0	0.008	43	400	159	237	78	9	81.6	81.6	81.6
juego3	easy	90.0	0.008	52	400	159	237	78	9	81.6	81.6	81.6
juego3	easy	90.0	0.008	61	400	159	237	78	9	81.59	81.59	81.59
juego3	easy	90.0	0.008	71	400	159	237	78	9	81.6	81.6	81.6
juego3	easy	90.0	0.008	78	400	159	237	78	9	81.6	81.6	81.6
juego3	easy	90.0	0.008	87	400	159	237	78	9	81.6	81.6	81.6
juego3	easy	90.0	0.008	96	400	159	237	78	9	81.6	81.6	81.6
juego3	easy	90.0	0.008	105	400	159	237	78	9	81.6	81.6	81.6
juego3	easy	90.0	0.008	114	400	159	237	78	9	81.6	81.6	81.6
juego3	easy	90.0	0.008	124	400	159	237	78	9	81.6	81.6	81.6
juego3	easy	90.0	0.008	132	400	159	237	78	9	81.61	81.61	81.61
juego3	easy	90.0	0.008	141	400	159	237	78	9	81.61	81.61	81.61
juego3	easy	90.0	0.008	150	400	159	237	78	9	81.62	81.62	81.62
juego3	easy	90.0	0.008	158	400	159	237	78	9	81.63	81.63	81.63
juego3	easy	90.0	0.008	168	400	159	237	78	9	81.63	81.63	81.63
juego3	easy	90.0	0.008	176	400	159	237	78	9	81.64	81.64	81.64
juego3	easy	90.0	0.008	185	400	159	237	78	9	81.63	81.63	81.63
juego3	easy	90.0	0.008	194	400	159	237	78	9	81.61	81.61	81.61
juego3	easy	90.0	0.008	203	400	159	237	78	9	81.6	81.6	81.6
juego3	easy	90.0	0.008	211	400	159	237	78	9	81.59	81.59	81.59
juego3	easy	90.0	0.008	220	400	159	237	78	9	81.58	81.58	81.58
juego3	easy	90.0	0.008	229	400	159	238	79	9	81.56	81.56	81.56
juego3	easy	90.0	0.008	238	400	159	238	79	9	81.56	81.56	81.56
juego3	easy	90.0	0.008	246	400	159	238	79	9	81.55	81.55	81.55
juego3	easy	90.0	0.008	255	400	159	238	79	9	81.49	81.49	81.49
juego3	easy	90.0	0.008	264	400	159	238	79	9	81.41	81.41	81.41
juego3	easy	90.0	0.008	273	400	159	239	80	9	81.22	81.22	81.22
juego3	easy	90.0	0.008	281	400	159	239	80	9	81.09	81.09	81.09
juego3	easy	90.0	0.008	290	400	159	241	82	9	80.77	80.77	80.77
juego3	easy	90.0	0.008	299	400	159	242	83	9	80.44	80.44	80.44
juego3	easy	90.0	0.008	307	400	159	243	84	9	80.27	80.27	80.27
juego3	easy	90.0	0.008	317	400	159	244	85	9	79.98	79.98	79.98
juego3	easy	90.0	0.008	325	400	159	244	85	9	79.79	79.79	79.79
juego3	easy	90.0	0.008	333	400	159	245	86	9	79.67	79.67	79.67
juego3	easy	90.0	0.008	341	400	159	245	86	9	79.67	79.67	79.67
juego3	easy	90.0	0.008	350	400	159	245	86	9	79.74	79.74	79.74
juego3	easy	90.0	0.008	360	400	159	243	84	9	80.19	80.19	80.19
juego3	easy	90.0	0.008	369	400	159	238	79	9	81.34	81.34	81.34
juego3	easy	90.0	0.008	376	400	159	236	77	9	82.05	82.05	82.05
juego3	easy	90.0	0.008	385	400	159	228	69	9	83.91	83.91	83.91
juego3	easy	90.0	0.008	394	400	159	221	62	9	85.7	85.7	85.7
juego3	easy	90.0	0.008	403	400	159	218	59	9	86.62	86.62	86.62
juego3	easy	90.0	0.008	412	400	159	217	58	9	86.86	86.86	86.86
juego3	easy	90.0	0.008	421	400	159	215	56	9	87.39	87.39	87.39
juego3	easy	90.0	0.008	430	400	159	213	54	9	87.74	87.74	87.74
juego3	easy	90.0	0.008	440	400	159	209	50	9	88.77	88.77	88.77
juego3	easy	90.0	0.008	448	400	159	208	49	9	89.07	89.07	89.07
juego3	easy	90.0	0.008	457	400	159	207	48	9	89.34	89.34	89.34
juego3	easy	90.0	0.008	467	400	159	207	48	9	89.44	89.44	89.44
juego3	easy	90.0	0.008	474	400	159	206	47	9	89.66	89.66	89.66
juego3	easy	90.0	0.008	483	400	159	205	46	9	89.9	89.9	89.9
juego3	easy	90.0	0.008	492	400	159	205	46	9	90.04	90.04	90.04
juego3	easy	90.0	0.008	501	400	159	204	45	9	90.23	90.23	90.23
juego3	easy	90.0	0.008	509	400	159	203	44	9	90.4	90.4	90.4
juego3	easy	90.0	0.008	517	400	159	203	44	9	90.54	90.54	90.54
juego3	easy	90.0	0.008	526	400	159	201	42	9	90.96	90.96	90.96
juego3	easy	90.0	0.008	535	400	159	199	40	9	91.52	91.52	91.52
juego3	easy	90.0	0.008	542	400	159	198	39	9	91.79	91.79	91.79
juego3	easy	90.0	0.008	551	400	159	196	37	9	92.35	92.35	92.35
juego3	easy	90.0	0.008	560	400	159	194	35	9	92.82	92.82	92.82
juego3	easy	90.0	0.008	568	400	159	193	34	9	93.02	93.02	93.02
juego3	easy	90.0	0.008	577	400	159	191	32	9	93.41	93.41	93.41
juego3	easy	90.0	0.008	587	400	159	190	31	9	93.87	93.87	93.87
juego3	easy	90.0	0.008	596	400	159	187	28	9	94.45	94.45	94.45
juego3	easy	90.0	0.008	605	400	159	185	26	9	95.1	95.1	95.1
juego3	easy	90.0	0.008	613	400	159	183	24	9	95.46	95.46	95.46
juego3	easy	90.0	0.008	622	400	159	181	22	9	96.08	96.08	96.08
juego3	easy	90.0	0.008	631	400	159	177	18	9	96.98	96.98	96.98
juego3	easy	90.0	0.008	641	400	159	175	16	9	97.69	97.69	97.69
juego3	easy	90.0	0.008	649	400	159	172	13	9	98.36	98.36	98.36
juego3	easy	90.0	0.008	659	400	159	169	10	9	99.06	99.06	99.06
juego3	easy	90.0	0.008	667	400	159	168	9	9	99.46	99.46	99.46
juego3	easy	90.0	0.008	676	400	159	164	5	9	100.34	100.34	100.34
juego3	easy	90.0	0.008	685	400	159	160	1	9	101.38	101.38	101.38
juego3	easy	90.0	0.008	693	400	159	160	1	9	101.38	101.38	101.38
juego3	easy	90.0	0.008	701	400	159	157	-2	9	102.3	102.3	102.3
juego3	easy	90.0	0.008	710	400	159	150	-9	9	104.01	104.01	104.01
juego3	easy	90.0	0.008	719	400	159	145	-14	9	105.23	105.23	105.23
juego3	easy	90.0	0.008	728	400	159	143	-16	9	105.89	105.89	105.89
juego3	easy	90.0	0.008	737	400	159	140	-19	9	106.66	106.66	106.66
juego3	easy	90.0	0.008	747	400	159	130	-29	9	109.25	109.25	109.25
juego3	easy	90.0	0.008	755	400	159	122	-37	9	111.1	111.1	111.1
juego3	easy	90.0	0.008	763	400	159	119	-40	9	112.06	112.06	112.06
juego3	easy	90.0	0.008	772	400	159	112	-47	9	113.88	113.88	113.88
juego3	easy	90.0	0.008	781	400	159	106	-53	9	115.45	115.45	115.45
juego3	easy	90.0	0.008	788	400	159	103	-56	9	116.14	116.14	116.14
juego3	easy	90.0	0.008	797	400	159	99	-60	9	117.22	117.22	117.22
juego3	easy	90.0	0.008	806	400	159	96	-63	9	117.96	117.96	117.96
juego3	easy	90.0	0.008	815	400	159	94	-65	9	118.35	118.35	118.35
juego3	easy	90.0	0.008	823	400	159	94	-65	9	118.43	118.43	118.43
juego3	easy	90.0	0.008	831	400	159	94	-65	9	118.51	118.51	118.51
juego3	easy	90.0	0.008	840	400	159	93	-66	9	118.61	118.61	118.61
juego3	easy	90.0	0.008	848	400	159	93	-66	9	118.65	118.65	118.65
juego3	easy	90.0	0.008	857	400	159	93	-66	9	118.69	118.69	118.69
juego3	easy	90.0	0.008	866	400	159	93	-66	9	118.65	118.65	118.65
juego3	easy	90.0	0.008	875	400	159	94	-65	9	118.54	118.54	118.54
juego3	easy	90.0	0.008	884	400	159	94	-65	9	118.41	118.41	118.41
juego3	easy	90.0	0.008	891	400	159	94	-65	9	118.34	118.34	118.34
juego3	easy	90.0	0.008	900	400	159	95	-64	9	118.19	118.19	118.19
juego3	easy	90.0	0.008	909	400	159	95	-64	9	118.04	118.04	118.04
juego3	easy	90.0	0.008	918	400	159	96	-63	9	117.96	117.96	117.96
juego3	easy	90.0	0.008	926	400	159	96	-63	9	117.78	117.78	117.78
juego3	easy	90.0	0.008	936	400	159	98	-61	9	117.51	117.51	117.51
juego3	easy	90.0	0.008	945	400	159	99	-60	9	117.19	117.19	117.19
juego3	easy	90.0	0.008	953	400	159	100	-59	9	116.99	116.99	116.99
juego3	easy	90.0	0.008	962	400	159	101	-58	9	116.6	116.6	116.6
juego3	easy	90.0	0.008	971	400	159	103	-56	9	116.16	116.16	116.16
juego3	easy	90.0	0.008	979	400	159	104	-55	9	115.92	115.92	115.92
juego3	easy	90.0	0.008	987	400	159	106	-53	9	115.45	115.45	115.45
juego3	easy	90.0	0.008	996	400	159	107	-52	9	114.96	114.96	114.96
juego3	easy	90.0	0.008	1005	400	159	110	-49	9	114.38	114.38	114.38
juego3	easy	90.0	0.008	1013	400	159	111	-48	9	114.03	114.03	114.03
juego3	easy	90.0	0.008	1022	400	159	114	-45	9	113.36	113.36	113.36
juego3	easy	90.0	0.008	1031	400	159	117	-42	9	112.46	112.46	112.46
juego3	easy	90.0	0.008	1040	400	159	119	-40	9	111.9	111.9	111.9
juego3	easy	90.0	0.008	1049	400	159	120	-39	9	111.68	111.68	111.68
juego3	easy	90.0	0.008	1058	400	159	122	-37	9	111.26	111.26	111.26
juego3	easy	90.0	0.008	1067	400	159	123	-36	9	110.9	110.9	110.9
juego3	easy	90.0	0.008	1076	400	159	125	-34	9	110.54	110.54	110.54
juego3	easy	90.0	0.008	1084	400	159	126	-33	9	110.32	110.32	110.32
juego3	easy	90.0	0.008	1094	400	159	128	-31	9	109.8	109.8	109.8
juego3	easy	90.0	0.008	1101	400	159	130	-29	9	109.15	109.15	109.15
juego3	easy	90.0	0.008	1110	400	159	133	-26	9	108.35	108.35	108.35
juego3	easy	90.0	0.008	1119	400	159	135	-24	9	107.94	107.94	107.94
juego3	easy	90.0	0.008	1127	400	159	138	-21	9	107.19	107.19	107.19
juego3	easy	90.0	0.008	1136	400	159	139	-20	9	106.89	106.89	106.89
juego3	easy	90.0	0.008	1144	400	159	141	-18	9	106.4	106.4	106.4
juego3	easy	90.0	0.008	1153	400	159	142	-17	9	106.01	106.01	106.01
juego3	easy	90.0	0.008	1162	400	159	144	-15	9	105.67	105.67	105.67
juego3	easy	90.0	0.008	1171	400	159	145	-14	9	105.39	105.39	105.39
juego3	easy	90.0	0.008	1180	400	159	146	-13	9	105.09	105.09	105.09
juego3	easy	90.0	0.008	1189	400	159	147	-12	9	104.93	104.93	104.93
juego3	easy	90.0	0.008	1198	400	159	148	-11	9	104.55	104.55	104.55
juego3	easy	90.0	0.008	1207	400	159	150	-9	9	104.11	104.11	104.11
juego3	easy	90.0	0.008	1216	400	159	152	-7	9	103.64	103.64	103.64
juego3	easy	90.0	0.008	1224	400	159	152	-7	9	103.43	103.43	103.43
juego3	easy	90.0	0.008	1233	400	159	154	-5	9	103.08	103.08	103.08
juego3	easy	90.0	0.008	1242	400	159	155	-4	9	102.81	102.81	102.81
juego3	easy	90.0	0.008	1250	400	159	155	-4	9	102.71	102.71	102.71
juego3	easy	90.0	0.008	1259	400	159	156	-3	9	102.6	102.6	102.6
juego3	easy	90.0	0.008	1268	400	159	156	-3	9	102.54	102.54	102.54
juego3	easy	90.0	0.008	1276	400	159	156	-3	9	102.45	102.45	102.45
juego3	easy	90.0	0.008	1284	400	159	156	-3	9	102.38	102.38	102.38
juego3	easy	90.0	0.008	1293	400	159	157	-2	9	102.22	102.22	102.22
juego3	easy	90.0	0.008	1302	400	159	158	-1	9	102.05	102.05	102.05
juego3	easy	90.0	0.008	1310	400	159	158	-1	9	101.92	101.92	101.92
juego3	easy	90.0	0.008	1319	400	159	158	-1	9	101.88	101.88	101.88
juego3	easy	90.0	0.008	1329	400	159	159	0	9	101.81	101.81	101.81
juego3	easy	90.0	0.008	1337	400	159	159	0	9	101.74	101.74	101.74
juego3	easy	90.0	0.008	1346	400	159	159	0	9	101.65	101.65	101.65
juego3	easy	90.0	0.008	1354	400	159	159	0	9	101.61	101.61	101.61
juego3	easy	90.0	0.008	1363	400	159	160	1	9	101.54	101.54	101.54
juego3	easy	90.0	0.008	1372	400	159	160	1	9	101.5	101.5	101.5
juego3	easy	90.0	0.008	1382	400	159	160	1	9	101.47	101.47	101.47
juego3	easy	90.0	0.008	1390	400	159	160	1	9	101.45	101.45	101.45
juego3	easy	90.0	0.008	1398	400	159	160	1	9	101.4	101.4	101.4
juego3	easy	90.0	0.008	1406	400	159	160	1	9	101.37	101.37	101.37
juego3	easy	90.0	0.008	1416	400	159	160	1	9	101.36	101.36	101.36
juego3	easy	90.0	0.008	1424	400	159	160	1	9	101.35	101.35	101.35
juego3	easy	90.0	0.008	1434	400	159	161	2	9	101.33	101.33	101.33
juego3	easy	90.0	0.008	1443	400	159	161	2	9	101.3	101.3	101.3
juego3	easy	90.0	0.008	1451	400	159	161	2	9	101.26	101.26	101.26
juego3	easy	90.0	0.008	1459	400	159	161	2	9	101.24	101.24	101.24
juego3	easy	90.0	0.008	1468	400	159	161	2	9	101.2	101.2	101.2
juego3	easy	90.0	0.008	1477	400	159	161	2	9	101.2	101.2	101.2
juego3	easy	90.0	0.008	1485	400	159	161	2	9	101.21	101.21	101.21
juego3	easy	90.0	0.008	1493	400	159	161	2	9	101.22	101.22	101.22
juego3	easy	90.0	0.008	1502	400	159	161	2	9	101.23	101.23	101.23
juego3	easy	90.0	0.008	1511	400	159	161	2	9	101.22	101.22	101.22
juego3	easy	90.0	0.008	1520	400	159	161	2	9	101.21	101.21	101.21
juego3	easy	90.0	0.008	1528	400	159	161	2	9	101.18	101.18	101.18
juego3	easy	90.0	0.008	1537	400	159	161	2	9	101.16	101.16	101.16
juego3	easy	90.0	0.008	1546	400	159	161	2	9	101.16	101.16	101.16
juego3	easy	90.0	0.008	1555	400	159	161	2	9	101.17	101.17	101.17
juego3	easy	90.0	0.008	1564	400	159	161	2	9	101.21	101.21	101.21
juego3	easy	90.0	0.008	1573	400	159	161	2	9	101.23	101.23	101.23
juego3	easy	90.0	0.008	1582	400	159	161	2	9	101.22	101.22	101.22
juego3	easy	90.0	0.008	1590	400	159	161	2	9	101.2	101.2	101.2
juego3	easy	90.0	0.008	1599	400	159	161	2	9	101.19	101.19	101.19
juego3	easy	90.0	0.008	1608	400	159	161	2	9	101.2	101.2	101.2
juego3	easy	90.0	0.008	1617	400	159	161	2	9	101.21	101.21	101.21
juego3	easy	90.0	0.008	1626	400	159	161	2	9	101.21	101.21	101.21
juego3	easy	90.0	0.008	1634	400	159	161	2	9	101.2	101.2	101.2
juego3	easy	90.0	0.008	1643	400	159	161	2	9	101.19	101.19	101.19
juego3	easy	90.0	0.008	1652	400	159	161	2	9	101.2	101.2	101.2
juego3	easy	90.0	0.008	1661	400	159	161	2	9	101.22	101.22	101.22
juego3	easy	90.0	0.008	1670	400	159	161	2	9	101.23	101.23	101.23
juego3	easy	90.0	0.008	1678	400	159	161	2	9	101.23	101.23	101.23
juego3	easy	90.0	0.008	1687	400	159	161	2	9	101.21	101.21	101.21
juego3	easy	90.0	0.008	1695	400	159	161	2	9	101.22	101.22	101.22
juego3	easy	90.0	0.008	1704	400	159	161	2	9	101.2	101.2	101.2
juego3	easy	90.0	0.008	1712	400	159	161	2	9	101.2	101.2	101.2
juego3	easy	90.0	0.008	1721	400	159	161	2	9	101.18	101.18	101.18
juego3	easy	90.0	0.008	1729	400	159	161	2	9	101.18	101.18	101.18
juego3	easy	90.0	0.008	1738	400	159	161	2	9	101.16	101.16	101.16
juego3	easy	90.0	0.008	1747	400	159	161	2	9	101.13	101.13	101.13
juego3	easy	90.0	0.008	1757	400	159	161	2	9	101.11	101.11	101.11
juego3	easy	90.0	0.008	1764	400	159	161	2	9	101.11	101.11	101.11
juego3	easy	90.0	0.008	1773	400	159	161	2	9	101.12	101.12	101.12
juego3	easy	90.0	0.008	1782	400	159	161	2	9	101.14	101.14	101.14
juego3	easy	90.0	0.008	1792	400	159	161	2	9	101.13	101.13	101.13
juego3	easy	90.0	0.008	1800	400	159	161	2	9	101.12	101.12	101.12
juego3	easy	90.0	0.008	1810	400	159	162	3	9	101.08	101.08	101.08
juego3	easy	90.0	0.008	1819	400	159	162	3	9	101.02	101.02	101.02
juego3	easy	90.0	0.008	1828	400	159	162	3	9	101.0	101.0	101.0
juego3	easy	90.0	0.008	1837	400	159	162	3	9	101.02	101.02	101.02
juego3	easy	90.0	0.008	1845	400	159	162	3	9	101.04	101.04	101.04
juego3	easy	90.0	0.008	1853	400	159	162	3	9	101.08	101.08	101.08
juego3	easy	90.0	0.008	1862	400	159	162	3	9	101.06	101.06	101.06
juego3	easy	90.0	0.008	1870	400	159	162	3	9	101.04	101.04	101.04
juego3	easy	90.0	0.008	1879	400	159	162	3	9	100.99	100.99	100.99
juego3	easy	90.0	0.008	1887	400	159	162	3	9	100.98	100.98	100.98
juego3	easy	90.0	0.008	1895	400	159	162	3	9	100.99	100.99	100.99
juego3	easy	90.0	0.008	1904	400	159	162	3	9	101.03	101.03	101.03
juego3	easy	90.0	0.008	1912	400	159	162	3	9	101.04	101.04	101.04
juego3	easy	90.0	0.008	1920	400	159	162	3	9	101.03	101.03	101.03
juego3	easy	90.0	0.008	1929	400	159	162	3	9	101.01	101.01	101.01
juego3	easy	90.0	0.008	1938	400	159	162	3	9	100.97	100.97	100.97
juego3	easy	90.0	0.008	1946	400	159	162	3	9	100.96	100.96	100.96
juego3	easy	90.0	0.008	1954	400	159	162	3	9	100.96	100.96	100.96
juego3	easy	90.0	0.008	1962	400	159	162	3	9	100.98	100.98	100.98
juego3	easy	90.0	0.008	1972	400	159	162	3	9	101.0	101.0	101.0
juego3	easy	90.0	0.008	1980	400	159	162	3	9	101.01	101.01	101.01
juego3	easy	90.0	0.008	1989	400	159	162	3	9	101.0	101.0	101.0
juego3	easy	90.0	0.008	1997	400	159	162	3	9	100.98	100.98	100.98
juego3	easy	90.0	0.008	0	400	159	162	3	10	100.97	100.97	100.97
juego3	easy	0.0	0.008	10	400	231	162	-69	10	100.95	100.95	100.95
juego3	easy	0.0	0.008	19	400	231	162	-69	10	100.95	100.95	100.95
juego3	easy	0.0	0.008	27	400	231	162	-69	10	100.96	100.96	100.96
juego3	easy	0.0	0.008	36	400	231	162	-69	10	100.99	100.99	100.99
juego3	easy	0.0	0.008	45	400	231	162	-69	10	101.0	101.0	101.0
juego3	easy	0.0	0.008	54	400	231	162	-69	10	100.96	100.96	100.96
juego3	easy	0.0	0.008	63	400	231	162	-69	10	100.91	100.91	100.91
juego3	easy	0.0	0.008	71	400	231	162	-69	10	100.9	100.9	100.9
juego3	easy	0.0	0.008	81	400	231	162	-69	10	100.9	100.9	100.9
juego3	easy	0.0	0.008	89	400	231	162	-69	10	100.91	100.91	100.91
juego3	easy	0.0	0.008	98	400	231	162	-69	10	100.91	100.91	100.91
juego3	easy	0.0	0.008	105	400	231	162	-69	10	100.89	100.89	100.89
juego3	easy	0.0	0.008	114	400	231	162	-69	10	100.87	100.87	100.87
juego3	easy	0.0	0.008	123	400	231	162	-69	10	100.86	100.86	100.86
juego3	easy	0.0	0.008	132	400	231	162	-69	10	100.86	100.86	100.86
juego3	easy	0.0	0.008	140	400	231	163	-68	10	100.82	100.82	100.82
juego3	easy	0.0	0.008	150	400	231	163	-68	10	100.81	100.81	100.81
juego3	easy	0.0	0.008	158	400	231	163	-68	10	100.8	100.8	100.8
juego3	easy	0.0	0.008	167	400	231	163	-68	10	100.78	100.78	100.78
juego3	easy	0.0	0.008	176	400	231	163	-68	10	100.76	100.76	100.76
juego3	easy	0.0	0.008	185	400	231	163	-68	10	100.7	100.7	100.7
juego3	easy	0.0	0.008	193	400	231	163	-68	10	100.62	100.62	100.62
juego3	easy	0.0	0.008	202	400	231	164	-67	10	100.53	100.53	100.53
juego3	easy	0.0	0.008	212	400	231	164	-67	10	100.45	100.45	100.45
juego3	easy	0.0	0.008	220	400	231	165	-66	10	100.24	100.24	100.24
juego3	easy	0.0	0.008	229	400	231	165	-66	10	100.08	100.08	100.08
juego3	easy	0.0	0.008	238	400	231	168	-63	10	99.43	99.43	99.43
juego3	easy	0.0	0.008	246	400	231	172	-59	10	98.33	98.33	98.33
juego3	easy	0.0	0.008	254	400	231	178	-53	10	96.94	96.94	96.94
juego3	easy	0.0	0.008	263	400	231	183	-48	10	95.67	95.67	95.67
juego3	easy	0.0	0.008	273	400	231	188	-43	10	94.39	94.39	94.39
juego3	easy	0.0	0.008	281	400	231	190	-41	10	93.74	93.74	93.74
juego3	easy	0.0	0.008	291	400	231	195	-36	10	92.4	92.4	92.4
juego3	easy	0.0	0.008	300	400	231	201	-30	10	90.96	90.96	90.96
juego3	easy	0.0	0.008	308	400	231	207	-24	10	89.43	89.43	89.43
juego3	easy	0.0	0.008	317	400	231	210	-21	10	88.63	88.63	88.63
juego3	easy	0.0	0.008	326	400	231	213	-18	10	87.88	87.88	87.88
juego3	easy	0.0	0.008	335	400	231	221	-10	10	85.78	85.78	85.78
juego3	easy	0.0	0.008	343	400	231	226	-5	10	84.57	84.57	84.57
juego3	easy	0.0	0.008	352	400	231	228	-3	10	84.06	84.06	84.06
juego3	easy	0.0	0.008	361	400	231	232	1	10	83.1	83.1	83.1
juego3	easy	0.0	0.008	370	400	231	235	4	10	82.18	82.18	82.18
juego3	easy	0.0	0.008	379	400	231	239	8	10	81.29	81.29	81.29
juego3	easy	0.0	0.008	388	400	231	242	11	10	80.51	80.51	80.51
juego3	easy	0.0	0.008	396	400	231	243	12	10	80.14	80.14	80.14
juego3	easy	0.0	0.008	405	400	231	245	14	10	79.56	79.56	79.56
juego3	easy	0.0	0.008	414	400	231	246	15	10	79.3	79.3	79.3
juego3	easy	0.0	0.008	423	400	231	248	17	10	78.92	78.92	78.92
juego3	easy	0.0	0.008	431	400	231	250	19	10	78.44	78.44	78.44
juego3	easy	0.0	0.008	440	400	231	251	20	10	78.17	78.17	78.17
juego3	easy	0.0	0.008	448	400	231	251	20	10	78.01	78.01	78.01
juego3	easy	0.0	0.008	458	400	231	252	21	10	77.94	77.94	77.94
juego3	easy	0.0	0.008	467	400	231	252	21	10	77.77	77.77	77.77
juego3	easy	0.0	0.008	475	400	231	253	22	10	77.58	77.58	77.58
juego3	easy	0.0	0.008	484	400	231	254	23	10	77.45	77.45	77.45
juego3	easy	0.0	0.008	491	400	231	254	23	10	77.39	77.39	77.39
juego3	easy	0.0	0.008	500	400	231	254	23	10	77.29	77.29	77.29
juego3	easy	0.0	0.008	509	400	231	254	23	10	77.24	77.24	77.24
juego3	easy	0.0	0.008	518	400	231	254	23	10	77.22	77.22	77.22
juego3	easy	0.0	0.008	526	400	231	255	24	10	77.2	77.2	77.2
juego3	easy	0.0	0.008	535	400	231	255	24	10	77.2	77.2	77.2
juego3	easy	0.0	0.008	544	400	231	254	23	10	77.21	77.21	77.21
juego3	easy	0.0	0.008	552	400	231	254	23	10	77.22	77.22	77.22
juego3	easy	0.0	0.008	561	400	231	254	23	10	77.27	77.27	77.27
juego3	easy	0.0	0.008	570	400	231	254	23	10	77.36	77.36	77.36
juego3	easy	0.0	0.008	579	400	231	253	22	10	77.48	77.48	77.48
juego3	easy	0.0	0.008	587	400	231	253	22	10	77.54	77.54	77.54
juego3	easy	0.0	0.008	595	400	231	253	22	10	77.66	77.66	77.66
juego3	easy	0.0	0.008	604	400	231	252	21	10	77.81	77.81	77.81
juego3	easy	0.0	0.008	614	400	231	251	20	10	77.98	77.98	77.98
juego3	easy	0.0	0.008	623	400	231	251	20	10	78.07	78.07	78.07
juego3	easy	0.0	0.008	632	400	231	250	19	10	78.29	78.29	78.29
juego3	easy	0.0	0.008	640	400	231	249	18	10	78.55	78.55	78.55
juego3	easy	0.0	0.008	649	400	231	248	17	10	78.81	78.81	78.81
juego3	easy	0.0	0.008	657	400	231	248	17	10	78.93	78.93	78.93
juego3	easy	0.0	0.008	666	400	231	247	16	10	79.21	79.21	79.21
juego3	easy	0.0	0.008	674	400	231	246	15	10	79.5	79.5	79.5
juego3	easy	0.0	0.008	682	400	231	245	14	10	79.66	79.66	79.66
juego3	easy	0.0	0.008	690	400	231	244	13	10	79.95	79.95	79.95
juego3	easy	0.0	0.008	699	400	231	243	12	10	80.22	80.22	80.22
juego3	easy	0.0	0.008	708	400	231	242	11	10	80.36	80.36	80.36
juego3	easy	0.0	0.008	716	400	231	241	10	10	80.62	80.62	80.62
juego3	easy	0.0	0.008	725	400	231	240	9	10	80.93	80.93	80.93
juego3	easy	0.0	0.008	733	400	231	239	8	10	81.1	81.1	81.1
juego3	easy	0.0	0.008	742	400	231	238	7	10	81.44	81.44	81.44
juego3	easy	0.0	0.008	752	400	231	237	6	10	81.76	81.76	81.76
juego3	easy	0.0	0.008	761	400	231	236	5	10	82.08	82.08	82.08
juego3	easy	0.0	0.008	769	400	231	235	4	10	82.33	82.33	82.33
juego3	easy	0.0	0.008	779	400	231	234	3	10	82.53	82.53	82.53
juego3	easy	0.0	0.008	787	400	231	233	2	10	82.61	82.61	82.61
juego3	easy	0.0	0.008	795	400	231	233	2	10	82.78	82.78	82.78
juego3	easy	0.0	0.008	804	400	231	232	1	10	82.96	82.96	82.96
juego3	easy	0.0	0.008	813	400	231	232	1	10	83.04	83.04	83.04
juego3	easy	0.0	0.008	822	400	231	231	0	10	83.2	83.2	83.2
juego3	easy	0.0	0.008	831	400	231	231	0	10	83.33	83.33	83.33
juego3	easy	0.0	0.008	840	400	231	230	-1	10	83.43	83.43	83.43
juego3	easy	0.0	0.008	848	400	231	230	-1	10	83.46	83.46	83.46
juego3	easy	0.0	0.008	857	400	231	230	-1	10	83.48	83.48	83.48
juego3	easy	0.0	0.008	865	400	231	230	-1	10	83.5	83.5	83.5
juego3	easy	0.0	0.008	872	400	231	230	-1	10	83.5	83.5	83.5
juego3	easy	0.0	0.008	881	400	231	230	-1	10	83.48	83.48	83.48
juego3	easy	0.0	0.008	890	400	231	230	-1	10	83.48	83.48	83.48
juego3	easy	0.0	0.008	900	400	231	230	-1	10	83.48	83.48	83.48
juego3	easy	0.0	0.008	908	400	231	230	-1	10	83.47	83.47	83.47
juego3	easy	0.0	0.008	918	400	231	230	-1	10	83.48	83.48	83.48
juego3	easy	0.0	0.008	927	400	231	230	-1	10	83.48	83.48	83.48
juego3	easy	0.0	0.008	935	400	231	230	-1	10	83.49	83.49	83.49
juego3	easy	0.0	0.008	944	400	231	230	-1	10	83.49	83.49	83.49
juego3	easy	0.0	0.008	953	400	231	230	-1	10	83.5	83.5	83.5
juego3	easy	0.0	0.008	961	400	231	230	-1	10	83.49	83.49	83.49
juego3	easy	0.0	0.008	969	400	231	230	-1	10	83.49	83.49	83.49
juego3	easy	0.0	0.008	977	400	231	230	-1	10	83.49	83.49	83.49
juego3	easy	0.0	0.008	985	400	231	230	-1	10	83.49	83.49	83.49
juego3	easy	0.0	0.008	994	400	231	230	-1	10	83.49	83.49	83.49
juego3	easy	0.0	0.008	1003	400	231	230	-1	10	83.48	83.48	83.48
juego3	easy	0.0	0.008	1012	400	231	230	-1	10	83.47	83.47	83.47
juego3	easy	0.0	0.008	1020	400	231	230	-1	10	83.46	83.46	83.46
juego3	easy	0.0	0.008	1028	400	231	230	-1	10	83.46	83.46	83.46
juego3	easy	0.0	0.008	1037	400	231	230	-1	10	83.44	83.44	83.44
juego3	easy	0.0	0.008	1046	400	231	230	-1	10	83.41	83.41	83.41
juego3	easy	0.0	0.008	1054	400	231	230	-1	10	83.38	83.38	83.38
juego3	easy	0.0	0.008	1063	400	231	230	-1	10	83.37	83.37	83.37
juego3	easy	0.0	0.008	1072	400	231	231	0	10	83.36	83.36	83.36
juego3	easy	0.0	0.008	1081	400	231	231	0	10	83.36	83.36	83.36
juego3	easy	0.0	0.008	1090	400	231	231	0	10	83.36	83.36	83.36
juego3	easy	0.0	0.008	1097	400	231	231	0	10	83.35	83.35	83.35
juego3	easy	0.0	0.008	1106	400	231	231	0	10	83.33	83.33	83.33
juego3	easy	0.0	0.008	1114	400	231	231	0	10	83.33	83.33	83.33
juego3	easy	0.0	0.008	1123	400	231	231	0	10	83.32	83.32	83.32
juego3	easy	0.0	0.008	1132	400	231	231	0	10	83.31	83.31	83.31
juego3	easy	0.0	0.008	1141	400	231	231	0	10	83.31	83.31	83.31
juego3	easy	0.0	0.008	1150	400	231	231	0	10	83.3	83.3	83.3
juego3	easy	0.0	0.008	1158	400	231	231	0	10	83.29	83.29	83.29
juego3	easy	0.0	0.008	1166	400	231	231	0	10	83.28	83.28	83.28
juego3	easy	0.0	0.008	1175	400	231	231	0	10	83.28	83.28	83.28
juego3	easy	0.0	0.008	1184	400	231	231	0	10	83.27	83.27	83.27
juego3	easy	0.0	0.008	1193	400	231	231	0	10	83.26	83.26	83.26
juego3	easy	0.0	0.008	1203	400	231	231	0	10	83.24	83.24	83.24
juego3	easy	0.0	0.008	1211	400	231	231	0	10	83.24	83.24	83.24
juego3	easy	0.0	0.008	1220	400	231	231	0	10	83.25	83.25	83.25
juego3	easy	0.0	0.008	1228	400	231	231	0	10	83.25	83.25	83.25
juego3	easy	0.0	0.008	1237	400	231	231	0	10	83.24	83.24	83.24
juego3	easy	0.0	0.008	1246	400	231	231	0	10	83.22	83.22	83.22
juego3	easy	0.0	0.008	1255	400	231	231	0	10	83.21	83.21	83.21
juego3	easy	0.0	0.008	1263	400	231	231	0	10	83.21	83.21	83.21
juego3	easy	0.0	0.008	1272	400	231	231	0	10	83.22	83.22	83.22
juego3	easy	0.0	0.008	1280	400	231	231	0	10	83.23	83.23	83.23
juego3	easy	0.0	0.008	1289	400	231	231	0	10	83.23	83.23	83.23
juego3	easy	0.0	0.008	1298	400	231	231	0	10	83.2	83.2	83.2
juego3	easy	0.0	0.008	1307	400	231	231	0	10	83.21	83.21	83.21
juego3	easy	0.0	0.008	1316	400	231	231	0	10	83.23	83.23	83.23
juego3	easy	0.0	0.008	1326	400	231	231	0	10	83.24	83.24	83.24
juego3	easy	0.0	0.008	1334	400	231	231	0	10	83.23	83.23	83.23
juego3	easy	0.0	0.008	1343	400	231	231	0	10	83.21	83.21	83.21
juego3	easy	0.0	0.008	1351	400	231	231	0	10	83.21	83.21	83.21
juego3	easy	0.0	0.008	1358	400	231	231	0	10	83.22	83.22	83.22
juego3	easy	0.0	0.008	1367	400	231	231	0	10	83.24	83.24	83.24
juego3	easy	0.0	0.008	1375	400	231	231	0	10	83.23	83.23	83.23
juego3	easy	0.0	0.008	1384	400	231	231	0	10	83.21	83.21	83.21
juego3	easy	0.0	0.008	1393	400	231	231	0	10	83.2	83.2	83.2
juego3	easy	0.0	0.008	1402	400	231	231	0	10	83.21	83.21	83.21
juego3	easy	0.0	0.008	1411	400	231	231	0	10	83.23	83.23	83.23
juego3	easy	0.0	0.008	1421	400	231	231	0	10	83.22	83.22	83.22
juego3	easy	0.0	0.008	1429	400	231	231	0	10	83.21	83.21	83.21
juego3	easy	0.0	0.008	1438	400	231	231	0	10	83.19	83.19	83.19
juego3	easy	0.0	0.008	1446	400	231	231	0	10	83.2	83.2	83.2
juego3	easy	0.0	0.008	1455	400	231	231	0	10	83.21	83.21	83.21
juego3	easy	0.0	0.008	1463	400	231	231	0	10	83.23	83.23	83.23
juego3	easy	0.0	0.008	1472	400	231	231	0	10	83.23	83.23	83.23
juego3	easy	0.0	0.008	1481	400	231	231	0	10	83.21	83.21	83.21
juego3	easy	0.0	0.008	1490	400	231	231	0	10	83.21	83.21	83.21
juego3	easy	0.0	0.008	1499	400	231	231	0	10	83.21	83.21	83.21
juego3	easy	0.0	0.008	1508	400	231	231	0	10	83.24	83.24	83.24
juego3	easy	0.0	0.008	1516	400	231	231	0	10	83.25	83.25	83.25
juego3	easy	0.0	0.008	1523	400	231	231	0	10	83.25	83.25	83.25
juego3	easy	0.0	0.008	1532	400	231	231	0	10	83.26	83.26	83.26
juego3	easy	0.0	0.008	1541	400	231	231	0	10	83.26	83.26	83.26
juego3	easy	0.0	0.008	1550	400	231	231	0	10	83.26	83.26	83.26
juego3	easy	0.0	0.008	1559	400	231	231	0	10	83.27	83.27	83.27
juego3	easy	0.0	0.008	1568	400	231	231	0	10	83.28	83.28	83.28
juego3	easy	0.0	0.008	1577	400	231	231	0	10	83.28	83.28	83.28
juego3	easy	0.0	0.008	1586	400	231	231	0	10	83.27	83.27	83.27
juego3	easy	0.0	0.008	1594	400	231	231	0	10	83.27	83.27	83.27
juego3	easy	0.0	0.008	1602	400	231	231	0	10	83.28	83.28	83.28
juego3	easy	0.0	0.008	1611	400	231	231	0	10	83.3	83.3	83.3
juego3	easy	0.0	0.008	1621	400	231	231	0	10	83.31	83.31	83.31
juego3	easy	0.0	0.008	1629	400	231	231	0	10	83.32	83.32	83.32
juego3	easy	0.0	0.008	1638	400	231	231	0	10	83.31	83.31	83.31
juego3	easy	0.0	0.008	1646	400	231	231	0	10	83.31	83.31	83.31
juego3	easy	0.0	0.008	1655	400	231	231	0	10	83.32	83.32	83.32
juego3	easy	0.0	0.008	1664	400	231	231	0	10	83.32	83.32	83.32
juego3	easy	0.0	0.008	1673	400	231	231	0	10	83.33	83.33	83.33
juego3	easy	0.0	0.008	1681	400	231	231	0	10	83.34	83.34	83.34
juego3	easy	0.0	0.008	1689	400	231	231	0	10	83.34	83.34	83.34
juego3	easy	0.0	0.008	1698	400	231	231	0	10	83.33	83.33	83.33
juego3	easy	0.0	0.008	1706	400	231	231	0	10	83.33	83.33	83.33
juego3	easy	0.0	0.008	1715	400	231	231	0	10	83.34	83.34	83.34
juego3	easy	0.0	0.008	1724	400	231	231	0	10	83.34	83.34	83.34
juego3	easy	0.0	0.008	1733	400	231	231	0	10	83.33	83.33	83.33
juego3	easy	0.0	0.008	1742	400	231	231	0	10	83.3	83.3	83.3
juego3	easy	0.0	0.008	1751	400	231	231	0	10	83.29	83.29	83.29
juego3	easy	0.0	0.008	1760	400	231	231	0	10	83.3	83.3	83.3
juego3	easy	0.0	0.008	1769	400	231	231	0	10	83.3	83.3	83.3
juego3	easy	0.0	0.008	1777	400	231	231	0	10	83.28	83.28	83.28
juego3	easy	0.0	0.008	1786	400	231	231	0	10	83.27	83.27	83.27
juego3	easy	0.0	0.008	1795	400	231	231	0	10	83.27	83.27	83.27
juego3	easy	0.0	0.008	1804	400	231	231	0	10	83.26	83.26	83.26
juego3	easy	0.0	0.008	1813	400	231	231	0	10	83.24	83.24	83.24
juego3	easy	0.0	0.008	1823	400	231	231	0	10	83.21	83.21	83.21
juego3	easy	0.0	0.008	1832	400	231	231	0	10	83.18	83.18	83.18
juego3	easy	0.0	0.008	1841	400	231	231	0	10	83.15	83.15	83.15
juego3	easy	0.0	0.008	1849	400	231	231	0	10	83.14	83.14	83.14
juego3	easy	0.0	0.008	1858	400	231	232	1	10	83.11	83.11	83.11
juego3	easy	0.0	0.008	1867	400	231	232	1	10	83.07	83.07	83.07
juego3	easy	0.0	0.008	1877	400	231	232	1	10	83.03	83.03	83.03
juego3	easy	0.0	0.008	1885	400	231	232	1	10	83.01	83.01	83.01
juego3	easy	0.0	0.008	1894	400	231	232	1	10	82.99	82.99	82.99
juego3	easy	0.0	0.008	1902	400	231	232	1	10	82.97	82.97	82.97
juego3	easy	0.0	0.008	1911	400	231	232	1	10	82.96	82.96	82.96
juego3	easy	0.0	0.008	1920	400	231	232	1	10	82.93	82.93	82.93
juego3	easy	0.0	0.008	1929	400	231	232	1	10	82.88	82.88	82.88
juego3	easy	0.0	0.008	1937	400	231	233	2	10	82.85	82.85	82.85
juego3	easy	0.0	0.008	1946	400	231	233	2	10	82.84	82.84	82.84
juego3	easy	0.0	0.008	1953	400	231	233	2	10	82.83	82.83	82.83
juego3	easy	0.0	0.008	1962	400	231	233	2	10	82.8	82.8	82.8
juego3	easy	0.0	0.008	1970	400	231	233	2	10	82.79	82.79	82.79
juego3	easy	0.0	0.008	1979	400	231	233	2	10	82.76	82.76	82.76
juego3	easy	0.0	0.008	1987	400	231	233	2	10	82.74	82.74	82.74
juego3	easy	0.0	0.008	1996	400	231	233	2	10	82.73	82.73	82.73
juego3	easy	0.0	0.008	0	400	231	233	2	11	82.71	82.71	82.71
juego3	easy	90.0	0.008	9	400	159	233	74	11	82.69	82.69	82.69
juego3	easy	90.0	0.008	18	400	159	233	74	11	82.67	82.67	82.67
juego3	easy	90.0	0.008	28	400	159	233	74	11	82.65	82.65	82.65
juego3	easy	90.0	0.008	37	400	159	233	74	11	82.63	82.63	82.63
juego3	easy	90.0	0.008	45	400	159	233	74	11	82.62	82.62	82.62
juego3	easy	90.0	0.008	54	400	159	233	74	11	82.61	82.61	82.61
juego3	easy	90.0	0.008	62	400	159	233	74	11	82.6	82.6	82.6
juego3	easy	90.0	0.008	72	400	159	234	75	11	82.59	82.59	82.59
juego3	easy	90.0	0.008	80	400	159	234	75	11	82.58	82.58	82.58
juego3	easy	90.0	0.008	89	400	159	234	75	11	82.56	82.56	82.56
juego3	easy	90.0	0.008	99	400	159	234	75	11	82.56	82.56	82.56
juego3	easy	90.0	0.008	107	400	159	234	75	11	82.55	82.55	82.55
juego3	easy	90.0	0.008	116	400	159	234	75	11	82.55	82.55	82.55
juego3	easy	90.0	0.008	124	400	159	234	75	11	82.54	82.54	82.54
juego3	easy	90.0	0.008	133	400	159	234	75	11	82.53	82.53	82.53
juego3	easy	90.0	0.008	141	400	159	234	75	11	82.53	82.53	82.53
juego3	easy	90.0	0.008	151	400	159	234	75	11	82.52	82.52	82.52
juego3	easy	90.0	0.008	159	400	159	234	75	11	82.5	82.5	82.5
juego3	easy	90.0	0.008	167	400	159	234	75	11	82.51	82.51	82.51
juego3	easy	90.0	0.008	175	400	159	234	75	11	82.53	82.53	82.53
juego3	easy	90.0	0.008	183	400	159	234	75	11	82.51	82.51	82.51
juego3	easy	90.0	0.008	192	400	159	234	75	11	82.44	82.44	82.44
juego3	easy	90.0	0.008	201	400	159	234	75	11	82.41	82.41	82.41
juego3	easy	90.0	0.008	210	400	159	234	75	11	82.36	82.36	82.36
juego3	easy	90.0	0.008	219	400	159	235	76	11	82.33	82.33	82.33
juego3	easy	90.0	0.008	228	400	159	235	76	11	82.26	82.26	82.26
juego3	easy	90.0	0.008	237	400	159	235	76	11	82.1	82.1	82.1
juego3	easy	90.0	0.008	246	400	159	236	77	11	81.99	81.99	81.99
juego3	easy	90.0	0.008	255	400	159	237	78	11	81.69	81.69	81.69
juego3	easy	90.0	0.008	264	400	159	239	80	11	81.29	81.29	81.29
juego3	easy	90.0	0.008	274	400	159	241	82	11	80.77	80.77	80.77
juego3	easy	90.0	0.008	282	400	159	243	84	11	80.1	80.1	80.1
juego3	easy	90.0	0.008	292	400	159	245	86	11	79.69	79.69	79.69
juego3	easy	90.0	0.008	300	400	159	248	89	11	78.75	78.75	78.75
juego3	easy	90.0	0.008	308	400	159	250	91	11	78.24	78.24	78.24
juego3	easy	90.0	0.008	317	400	159	257	98	11	76.65	76.65	76.65
juego3	easy	90.0	0.008	326	400	159	259	100	11	76.14	76.14	76.14
juego3	easy	90.0	0.008	335	400	159	263	104	11	75.1	75.1	75.1
juego3	easy	90.0	0.008	344	400	159	267	108	11	74.11	74.11	74.11
juego3	easy	90.0	0.008	352	400	159	268	109	11	73.68	73.68	73.68
juego3	easy	90.0	0.008	360	400	159	271	112	11	72.89	72.89	72.89
juego3	easy	90.0	0.008	370	400	159	274	115	11	72.25	72.25	72.25
juego3	easy	90.0	0.008	378	400	159	276	117	11	71.79	71.79	71.79
juego3	easy	90.0	0.008	387	400	159	276	117	11	71.64	71.64	71.64
juego3	easy	90.0	0.008	396	400	159	277	118	11	71.45	71.45	71.45
juego3	easy	90.0	0.008	404	400	159	277	118	11	71.36	71.36	71.36
juego3	easy	90.0	0.008	412	400	159	277	118	11	71.36	71.36	71.36
juego3	easy	90.0	0.008	421	400	159	277	118	11	71.52	71.52	71.52
juego3	easy	90.0	0.008	430	400	159	275	116	11	71.96	71.96	71.96
juego3	easy	90.0	0.008	439	400	159	272	113	11	72.7	72.7	72.7
juego3	easy	90.0	0.008	446	400	159	270	111	11	73.19	73.19	73.19
juego3	easy	90.0	0.008	455	400	159	265	106	11	74.41	74.41	74.41
juego3	easy	90.0	0.008	464	400	159	260	101	11	75.92	75.92	75.92
juego3	easy	90.0	0.008	472	400	159	256	97	11	76.78	76.78	76.78
juego3	easy	90.0	0.008	480	400	159	248	89	11	78.82	78.82	78.82
juego3	easy	90.0	0.008	489	400	159	240	81	11	81.0	81.0	81.0
juego3	easy	90.0	0.008	498	400	159	234	75	11	82.53	82.53	82.53
juego3	easy	90.0	0.008	506	400	159	231	72	11	83.17	83.17	83.17
juego3	easy	90.0	0.008	515	400	159	229	70	11	83.84	83.84	83.84
juego3	easy	90.0	0.008	523	400	159	224	65	11	85.03	85.03	85.03
juego3	easy	90.0	0.008	533	400	159	215	56	11	87.31	87.31	87.31
juego3	easy	90.0	0.008	542	400	159	213	54	11	87.92	87.92	87.92
juego3	easy	90.0	0.008	551	400	159	209	50	11	88.9	88.9	88.9
juego3	easy	90.0	0.008	559	400	159	206	47	11	89.62	89.62	89.62
juego3	easy	90.0	0.008	566	400	159	205	46	11	89.93	89.93	89.93
juego3	easy	90.0	0.008	576	400	159	202	43	11	90.57	90.57	90.57
juego3	easy	90.0	0.008	585	400	159	200	41	11	91.24	91.24	91.24
juego3	easy	90.0	0.008	593	400	159	199	40	11	91.52	91.52	91.52
juego3	easy	90.0	0.008	602	400	159	197	38	11	91.97	91.97	91.97
juego3	easy	90.0	0.008	611	400	159	196	37	11	92.28	92.28	92.28
juego3	easy	90.0	0.008	620	400	159	194	35	11	92.62	92.62	92.62
juego3	easy	90.0	0.008	629	400	159	192	33	11	93.14	93.14	93.14
juego3	easy	90.0	0.008	638	400	159	190	31	11	93.72	93.72	93.72
juego3	easy	90.0	0.008	647	400	159	189	30	11	93.97	93.97	93.97
juego3	easy	90.0	0.008	657	400	159	187	28	11	94.41	94.41	94.41
juego3	easy	90.0	0.008	665	400	159	186	27	11	94.79	94.79	94.79
juego3	easy	90.0	0.008	675	400	159	184	25	11	95.18	95.18	95.18
juego3	easy	90.0	0.008	683	400	159	183	24	11	95.57	95.57	95.57
juego3	easy	90.0	0.008	692	400	159	182	23	11	95.76	95.76	95.76
juego3	easy	90.0	0.008	701	400	159	181	22	11	96.05	96.05	96.05
juego3	easy	90.0	0.008	710	400	159	180	21	11	96.3	96.3	96.3
juego3	easy	90.0	0.008	719	400	159	179	20	11	96.53	96.53	96.53
juego3	easy	90.0	0.008	728	400	159	179	20	11	96.65	96.65	96.65
juego3	easy	90.0	0.008	737	400	159	178	19	11	96.9	96.9	96.9
juego3	easy	90.0	0.008	746	400	159	177	18	11	97.05	97.05	97.05
juego3	easy	90.0	0.008	755	400	159	176	17	11	97.24	97.24	97.24
juego3	easy	90.0	0.008	764	400	159	176	17	11	97.3	97.3	97.3
juego3	easy	90.0	0.008	773	400	159	176	17	11	97.34	97.34	97.34
juego3	easy	90.0	0.008	782	400	159	176	17	11	97.37	97.37	97.37
juego3	easy	90.0	0.008	792	400	159	176	17	11	97.43	97.43	97.43
juego3	easy	90.0	0.008	799	400	159	176	17	11	97.49	97.49	97.49
juego3	easy	90.0	0.008	808	400	159	175	16	11	97.53	97.53	97.53
juego3	easy	90.0	0.008	817	400	159	175	16	11	97.56	97.56	97.56
juego3	easy	90.0	0.008	826	400	159	175	16	11	97.57	97.57	97.57
juego3	easy	90.0	0.008	835	400	159	175	16	11	97.57	97.57	97.57
juego3	easy	90.0	0.008	845	400	159	175	16	11	97.58	97.58	97.58
juego3	easy	90.0	0.008	853	400	159	175	16	11	97.58	97.58	97.58
juego3	easy	90.0	0.008	862	400	159	175	16	11	97.56	97.56	97.56
juego3	easy	90.0	0.008	870	400	159	175	16	11	97.52	97.52	97.52
juego3	easy	90.0	0.008	879	400	159	175	16	11	97.5	97.5	97.5
juego3	easy	90.0	0.008	888	400	159	175	16	11	97.51	97.51	97.51
juego3	easy	90.0	0.008	897	400	159	175	16	11	97.53	97.53	97.53
juego3	easy	90.0	0.008	906	400	159	175	16	11	97.56	97.56	97.56
juego3	easy	90.0	0.008	915	400	159	175	16	11	97.56	97.56	97.56
juego3	easy	90.0	0.008	924	400	159	175	16	11	97.57	97.57	97.57
juego3	easy	90.0	0.008	933	400	159	175	16	11	97.57	97.57	97.57
juego3	easy	90.0	0.008	942	400	159	175	16	11	97.56	97.56	97.56
juego3	easy	90.0	0.008	949	400	159	175	16	11	97.54	97.54	97.54
juego3	easy	90.0	0.008	958	400	159	175	16	11	97.53	97.53	97.53
juego3	easy	90.0	0.008	967	400	159	175	16	11	97.52	97.52	97.52
juego3	easy	90.0	0.008	976	400	159	175	16	11	97.51	97.51	97.51
juego3	easy	90.0	0.008	984	400	159	175	16	11	97.53	97.53	97.53
juego3	easy	90.0	0.008	993	400	159	175	16	11	97.54	97.54	97.54
juego3	easy	90.0	0.008	1002	400	159	175	16	11	97.56	97.56	97.56
juego3	easy	90.0	0.008	1011	400	159	175	16	11	97.57	97.57	97.57
juego3	easy	90.0	0.008	1020	400	159	175	16	11	97.58	97.58	97.58
juego3	easy	90.0	0.008	1029	400	159	175	16	11	97.61	97.61	97.61
juego3	easy	90.0	0.008	1038	400	159	175	16	11	97.61	97.61	97.61
juego3	easy	90.0	0.008	1047	400	159	175	16	11	97.63	97.63	97.63
juego3	easy	90.0	0.008	1057	400	159	175	16	11	97.65	97.65	97.65
juego3	easy	90.0	0.008	1065	400	159	175	16	11	97.67	97.67	97.67
juego3	easy	90.0	0.008	1074	400	159	175	16	11	97.67	97.67	97.67
juego3	easy	90.0	0.008	1082	400	159	175	16	11	97.69	97.69	97.69
juego3	easy	90.0	0.008	1089	400	159	175	16	11	97.7	97.7	97.7
juego3	easy	90.0	0.008	1098	400	159	175	16	11	97.7	97.7	97.7
juego3	easy	90.0	0.008	1107	400	159	175	16	11	97.7	97.7	97.7
juego3	easy	90.0	0.008	1117	400	159	175	16	11	97.71	97.71	97.71
juego3	easy	90.0	0.008	1125	400	159	175	16	11	97.74	97.74	97.74
juego3	easy	90.0	0.008	1133	400	159	174	15	11	97.75	97.75	97.75
juego3	easy	90.0	0.008	1143	400	159	174	15	11	97.75	97.75	97.75
juego3	easy	90.0	0.008	1151	400	159	174	15	11	97.75	97.75	97.75
juego3	easy	90.0	0.008	1160	400	159	174	15	11	97.78	97.78	97.78
juego3	easy	90.0	0.008	1168	400	159	174	15	11	97.79	97.79	97.79
juego3	easy	90.0	0.008	1176	400	159	174	15	11	97.83	97.83	97.83
juego3	easy	90.0	0.008	1185	400	159	174	15	11	97.81	97.81	97.81
juego3	easy	90.0	0.008	1195	400	159	174	15	11	97.79	97.79	97.79
juego3	easy	90.0	0.008	1203	400	159	174	15	11	97.79	97.79	97.79
juego3	easy	90.0	0.008	1212	400	159	174	15	11	97.8	97.8	97.8
juego3	easy	90.0	0.008	1221	400	159	174	15	11	97.83	97.83	97.83
juego3	easy	90.0	0.008	1230	400	159	174	15	11	97.86	97.86	97.86
juego3	easy	90.0	0.008	1239	400	159	174	15	11	97.88	97.88	97.88
juego3	easy	90.0	0.008	1247	400	159	174	15	11	97.9	97.9	97.9
juego3	easy	90.0	0.008	1256	400	159	174	15	11	97.91	97.91	97.91
juego3	easy	90.0	0.008	1265	400	159	174	15	11	97.9	97.9	97.9
juego3	easy	90.0	0.008	1273	400	159	174	15	11	97.9	97.9	97.9
juego3	easy	90.0	0.008	1281	400	159	174	15	11	97.92	97.92	97.92
juego3	easy	90.0	0.008	1290	400	159	174	15	11	97.94	97.94	97.94
juego3	easy	90.0	0.008	1299	400	159	174	15	11	97.95	97.95	97.95
juego3	easy	90.0	0.008	1308	400	159	174	15	11	97.97	97.97	97.97
juego3	easy	90.0	0.008	1316	400	159	174	15	11	97.99	97.99	97.99
juego3	easy	90.0	0.008	1325	400	159	173	14	11	98.01	98.01	98.01
juego3	easy	90.0	0.008	1333	400	159	173	14	11	98.01	98.01	98.01
juego3	easy	90.0	0.008	1342	400	159	174	15	11	98.0	98.0	98.0
juego3	easy	90.0	0.008	1351	400	159	174	15	11	97.98	97.98	97.98
juego3	easy	90.0	0.008	1359	400	159	174	15	11	97.98	97.98	97.98
juego3	easy	90.0	0.008	1367	400	159	173	14	11	98.01	98.01	98.01
juego3	easy	90.0	0.008	1376	400	159	173	14	11	98.06	98.06	98.06
juego3	easy	90.0	0.008	1385	400	159	173	14	11	98.08	98.08	98.08
juego3	easy	90.0	0.008	1394	400	159	173	14	11	98.07	98.07	98.07
juego3	easy	90.0	0.008	1402	400	159	173	14	11	98.04	98.04	98.04
juego3	easy	90.0	0.008	1410	400	159	173	14	11	98.02	98.02	98.02
juego3	easy	90.0	0.008	1419	400	159	173	14	11	98.03	98.03	98.03
juego3	easy	90.0	0.008	1428	400	159	173	14	11	98.07	98.07	98.07
juego3	easy	90.0	0.008	1436	400	159	173	14	11	98.12	98.12	98.12
juego3	easy	90.0	0.008	1444	400	159	173	14	11	98.13	98.13	98.13
juego3	easy	90.0	0.008	1453	400	159	173	14	11	98.15	98.15	98.15
juego3	easy	90.0	0.008	1462	400	159	173	14	11	98.13	98.13	98.13
juego3	easy	90.0	0.008	1471	400	159	173	14	11	98.13	98.13	98.13
juego3	easy	90.0	0.008	1480	400	159	173	14	11	98.13	98.13	98.13
juego3	easy	90.0	0.008	1488	400	159	173	14	11	98.14	98.14	98.14
juego3	easy	90.0	0.008	1496	400	159	173	14	11	98.17	98.17	98.17
juego3	easy	90.0	0.008	1504	400	159	173	14	11	98.18	98.18	98.18
juego3	easy	90.0	0.008	1513	400	159	173	14	11	98.18	98.18	98.18
juego3	easy	90.0	0.008	1522	400	159	173	14	11	98.18	98.18	98.18
juego3	easy	90.0	0.008	1530	400	159	173	14	11	98.18	98.18	98.18
juego3	easy	90.0	0.008	1539	400	159	173	14	11	98.2	98.2	98.2
juego3	easy	90.0	0.008	1547	400	159	173	14	11	98.21	98.21	98.21
juego3	easy	90.0	0.008	1555	400	159	173	14	11	98.22	98.22	98.22
juego3	easy	90.0	0.008	1564	400	159	173	14	11	98.23	98.23	98.23
juego3	easy	90.0	0.008	1573	400	159	173	14	11	98.24	98.24	98.24
juego3	easy	90.0	0.008	1581	400	159	173	14	11	98.26	98.26	98.26
juego3	easy	90.0	0.008	1591	400	159	172	13	11	98.28	98.28	98.28
juego3	easy	90.0	0.008	1599	400	159	172	13	11	98.28	98.28	98.28
juego3	easy	90.0	0.008	1608	400	159	173	14	11	98.26	98.26	98.26
juego3	easy	90.0	0.008	1617	400	159	173	14	11	98.26	98.26	98.26
juego3	easy	90.0	0.008	1626	400	159	172	13	11	98.28	98.28	98.28
juego3	easy	90.0	0.008	1635	400	159	172	13	11	98.31	98.31	98.31
juego3	easy	90.0	0.008	1644	400	159	172	13	11	98.31	98.31	98.31
juego3	easy	90.0	0.008	1652	400	159	172	13	11	98.29	98.29	98.29
juego3	easy	90.0	0.008	1661	400	159	173	14	11	98.26	98.26	98.26
juego3	easy	90.0	0.008	1670	400	159	173	14	11	98.26	98.26	98.26
juego3	easy	90.0	0.008	1680	400	159	172	13	11	98.29	98.29	98.29
juego3	easy	90.0	0.008	1688	400	159	172	13	11	98.32	98.32	98.32
juego3	easy	90.0	0.008	1697	400	159	172	13	11	98.31	98.31	98.31
juego3	easy	90.0	0.008	1706	400	159	172	13	11	98.28	98.28	98.28
juego3	easy	90.0	0.008	1716	400	159	172	13	11	98.28	98.28	98.28
juego3	easy	90.0	0.008	1725	400	159	172	13	11	98.28	98.28	98.28
juego3	easy	90.0	0.008	1733	400	159	172	13	11	98.31	98.31	98.31
juego3	easy	90.0	0.008	1742	400	159	172	13	11	98.32	98.32	98.32
juego3	easy	90.0	0.008	1751	400	159	172	13	11	98.32	98.32	98.32
juego3	easy	90.0	0.008	1760	400	159	172	13	11	98.32	98.32	98.32
juego3	easy	90.0	0.008	1768	400	159	172	13	11	98.3	98.3	98.3
juego3	easy	90.0	0.008	1777	400	159	172	13	11	98.29	98.29	98.29
juego3	easy	90.0	0.008	1787	400	159	172	13	11	98.3	98.3	98.3
juego3	easy	90.0	0.008	1795	400	159	172	13	11	98.3	98.3	98.3
juego3	easy	90.0	0.008	1804	400	159	172	13	11	98.3	98.3	98.3
juego3	easy	90.0	0.008	1814	400	159	172	13	11	98.29	98.29	98.29
juego3	easy	90.0	0.008	1822	400	159	172	13	11	98.29	98.29	98.29
juego3	easy	90.0	0.008	1831	400	159	172	13	11	98.31	98.31	98.31
juego3	easy	90.0	0.008	1840	400	159	172	13	11	98.31	98.31	98.31
juego3	easy	90.0	0.008	1848	400	159	172	13	11	98.33	98.33	98.33
juego3	easy	90.0	0.008	1856	400	159	172	13	11	98.32	98.32	98.32
juego3	easy	90.0	0.008	1864	400	159	172	13	11	98.33	98.33	98.33
juego3	easy	90.0	0.008	1873	400	159	172	13	11	98.36	98.36	98.36
juego3	easy	90.0	0.008	1882	400	159	172	13	11	98.4	98.4	98.4
juego3	easy	90.0	0.008	1891	400	159	172	13	11	98.42	98.42	98.42
juego3	easy	90.0	0.008	1899	400	159	172	13	11	98.43	98.43	98.43
juego3	easy	90.0	0.008	1908	400	159	172	13	11	98.43	98.43	98.43
juego3	easy	90.0	0.008	1917	400	159	172	13	11	98.44	98.44	98.44
juego3	easy	90.0	0.008	1926	400	159	172	13	11	98.45	98.45	98.45
juego3	easy	90.0	0.008	1935	400	159	172	13	11	98.47	98.47	98.47
juego3	easy	90.0	0.008	1943	400	159	172	13	11	98.47	98.47	98.47
juego3	easy	90.0	0.008	1952	400	159	172	13	11	98.48	98.48	98.48
juego3	easy	90.0	0.008	1962	400	159	172	13	11	98.48	98.48	98.48
juego3	easy	90.0	0.008	1970	400	159	172	13	11	98.49	98.49	98.49
juego3	easy	90.0	0.008	1979	400	159	172	13	11	98.49	98.49	98.49
juego3	easy	90.0	0.008	1988	400	159	172	13	11	98.49	98.49	98.49
juego3	easy	90.0	0.008	1997	400	159	172	13	11	98.49	98.49	98.49
juego3	easy	90.0	0.008	0	400	159	172	13	12	98.49	98.49	98.49
juego3	easy	0.0	0.008	8	400	231	172	-59	12	98.5	98.5	98.5
juego3	easy	0.0	0.008	17	400	231	172	-59	12	98.51	98.51	98.51
juego3	easy	0.0	0.008	26	400	231	171	-60	12	98.52	98.52	98.52
juego3	easy	0.0	0.008	35	400	231	171	-60	12	98.52	98.52	98.52
juego3	easy	0.0	0.008	44	400	231	171	-60	12	98.52	98.52	98.52
juego3	easy	0.0	0.008	53	400	231	171	-60	12	98.52	98.52	98.52
juego3	easy	0.0	0.008	61	400	231	172	-59	12	98.51	98.51	98.51
juego3	easy	0.0	0.008	69	400	231	172	-59	12	98.51	98.51	98.51
juego3	easy	0.0	0.008	78	400	231	172	-59	12	98.5	98.5	98.5
juego3	easy	0.0	0.008	87	400	231	172	-59	12	98.51	98.51	98.51
juego3	easy	0.0	0.008	95	400	231	171	-60	12	98.52	98.52	98.52
juego3	easy	0.0	0.008	104	400	231	171	-60	12	98.52	98.52	98.52
juego3	easy	0.0	0.008	114	400	231	171	-60	12	98.54	98.54	98.54
juego3	easy	0.0	0.008	123	400	231	171	-60	12	98.53	98.53	98.53
juego3	easy	0.0	0.008	131	400	231	172	-59	12	98.51	98.51	98.51
juego3	easy	0.0	0.008	140	400	231	172	-59	12	98.5	98.5	98.5
juego3	easy	0.0	0.008	149	400	231	172	-59	12	98.5	98.5	98.5
juego3	easy	0.0	0.008	157	400	231	172	-59	12	98.5	98.5	98.5
juego3	easy	0.0	0.008	165	400	231	172	-59	12	98.5	98.5	98.5
juego3	easy	0.0	0.008	174	400	231	172	-59	12	98.5	98.5	98.5
juego3	easy	0.0	0.008	183	400	231	172	-59	12	98.49	98.49	98.49
juego3	easy	0.0	0.008	192	400	231	172	-59	12	98.47	98.47	98.47
juego3	easy	0.0	0.008	201	400	231	172	-59	12	98.47	98.47	98.47
juego3	easy	0.0	0.008	211	400	231	172	-59	12	98.47	98.47	98.47
juego3	easy	0.0	0.008	219	400	231	172	-59	12	98.48	98.48	98.48
juego3	easy	0.0	0.008	227	400	231	172	-59	12	98.47	98.47	98.47
juego3	easy	0.0	0.008	236	400	231	172	-59	12	98.45	98.45	98.45
juego3	easy	0.0	0.008	245	400	231	172	-59	12	98.43	98.43	98.43
juego3	easy	0.0	0.008	254	400	231	172	-59	12	98.36	98.36	98.36
juego3	easy	0.0	0.008	263	400	231	173	-58	12	98.23	98.23	98.23
juego3	easy	0.0	0.008	272	400	231	174	-57	12	97.98	97.98	97.98
juego3	easy	0.0	0.008	281	400	231	175	-56	12	97.57	97.57	97.57
juego3	easy	0.0	0.008	289	400	231	176	-55	12	97.29	97.29	97.29
juego3	easy	0.0	0.008	298	400	231	179	-52	12	96.6	96.6	96.6
juego3	easy	0.0	0.008	307	400	231	183	-48	12	95.66	95.66	95.66
juego3	easy	0.0	0.008	316	400	231	187	-44	12	94.52	94.52	94.52
juego3	easy	0.0	0.008	325	400	231	190	-41	12	93.87	93.87	93.87
juego3	easy	0.0	0.008	333	400	231	192	-39	12	93.14	93.14	93.14
juego3	easy	0.0	0.008	342	400	231	199	-32	12	91.45	91.45	91.45
juego3	easy	0.0	0.008	351	400	231	209	-22	12	88.78	88.78	88.78
juego3	easy	0.0	0.008	360	400	231	213	-18	12	87.99	87.99	87.99
juego3	easy	0.0	0.008	369	400	231	218	-13	12	86.62	86.62	86.62
juego3	easy	0.0	0.008	378	400	231	222	-9	12	85.51	85.51	85.51
juego3	easy	0.0	0.008	386	400	231	226	-5	12	84.51	84.51	84.51
juego3	easy	0.0	0.008	394	400	231	228	-3	12	84.0	84.0	84.0
juego3	easy	0.0	0.008	403	400	231	232	1	12	83.09	83.09	83.09
juego3	easy	0.0	0.008	413	400	231	234	3	12	82.36	82.36	82.36
juego3	easy	0.0	0.008	419	400	231	235	4	12	82.09	82.09	82.09
juego3	easy	0.0	0.008	428	400	231	236	5	12	81.89	81.89	81.89
juego3	easy	0.0	0.008	437	400	231	237	6	12	81.62	81.62	81.62
juego3	easy	0.0	0.008	446	400	231	238	7	12	81.45	81.45	81.45
juego3	easy	0.0	0.008	454	400	231	239	8	12	81.19	81.19	81.19
juego3	easy	0.0	0.008	463	400	231	240	9	12	81.0	81.0	81.0
juego3	easy	0.0	0.008	473	400	231	240	9	12	80.86	80.86	80.86
juego3	easy	0.0	0.008	480	400	231	240	9	12	80.81	80.81	80.81
juego3	easy	0.0	0.008	489	400	231	241	10	12	80.72	80.72	80.72
juego3	easy	0.0	0.008	497	400	231	241	10	12	80.66	80.66	80.66
juego3	easy	0.0	0.008	506	400	231	241	10	12	80.65	80.65	80.65
juego3	easy	0.0	0.008	515	400	231	241	10	12	80.65	80.65	80.65
juego3	easy	0.0	0.008	523	400	231	241	10	12	80.64	80.64	80.64
juego3	easy	0.0	0.008	533	400	231	241	10	12	80.67	80.67	80.67
juego3	easy	0.0	0.008	543	400	231	241	10	12	80.75	80.75	80.75
juego3	easy	0.0	0.008	550	400	231	240	9	12	80.83	80.83	80.83
juego3	easy	0.0	0.008	560	400	231	240	9	12	81.02	81.02	81.02
juego3	easy	0.0	0.008	568	400	231	239	8	12	81.22	81.22	81.22
juego3	easy	0.0	0.008	578	400	231	238	7	12	81.38	81.38	81.38
juego3	easy	0.0	0.008	584	400	231	238	7	12	81.46	81.46	81.46
juego3	easy	0.0	0.008	594	400	231	237	6	12	81.59	81.59	81.59
juego3	easy	0.0	0.008	603	400	231	237	6	12	81.71	81.71	81.71
juego3	easy	0.0	0.008	611	400	231	237	6	12	81.77	81.77	81.77
juego3	easy	0.0	0.008	619	400	231	236	5	12	81.87	81.87	81.87
juego3	easy	0.0	0.008	628	400	231	236	5	12	81.97	81.97	81.97
juego3	easy	0.0	0.008	637	400	231	236	5	12	82.06	82.06	82.06
juego3	easy	0.0	0.008	646	400	231	235	4	12	82.1	82.1	82.1
juego3	easy	0.0	0.008	655	400	231	235	4	12	82.16	82.16	82.16
juego3	easy	0.0	0.008	663	400	231	235	4	12	82.24	82.24	82.24
juego3	easy	0.0	0.008	672	400	231	235	4	12	82.27	82.27	82.27
juego3	easy	0.0	0.008	680	400	231	235	4	12	82.33	82.33	82.33
juego3	easy	0.0	0.008	688	400	231	234	3	12	82.4	82.4	82.4
juego3	easy	0.0	0.008	697	400	231	234	3	12	82.48	82.48	82.48
juego3	easy	0.0	0.008	706	400	231	234	3	12	82.53	82.53	82.53
juego3	easy	0.0	0.008	715	400	231	233	2	12	82.63	82.63	82.63
juego3	easy	0.0	0.008	723	400	231	233	2	12	82.71	82.71	82.71
juego3	easy	0.0	0.008	732	400	231	233	2	12	82.74	82.74	82.74
juego3	easy	0.0	0.008	741	400	231	233	2	12	82.75	82.75	82.75
juego3	easy	0.0	0.008	750	400	231	233	2	12	82.77	82.77	82.77
juego3	easy	0.0	0.008	758	400	231	233	2	12	82.8	82.8	82.8
juego3	easy	0.0	0.008	769	400	231	233	2	12	82.85	82.85	82.85
juego3	easy	0.0	0.008	776	400	231	232	1	12	82.87	82.87	82.87
juego3	easy	0.0	0.008	785	400	231	232	1	12	82.9	82.9	82.9
juego3	easy	0.0	0.008	794	400	231	232	1	12	82.92	82.92	82.92
juego3	easy	0.0	0.008	803	400	231	232	1	12	82.96	82.96	82.96
juego3	easy	0.0	0.008	811	400	231	232	1	12	82.98	82.98	82.98
juego3	easy	0.0	0.008	820	400	231	232	1	12	83.02	83.02	83.02
juego3	easy	0.0	0.008	829	400	231	232	1	12	83.06	83.06	83.06
juego3	easy	0.0	0.008	836	400	231	232	1	12	83.09	83.09	83.09
juego3	easy	0.0	0.008	845	400	231	231	0	12	83.12	83.12	83.12
juego3	easy	0.0	0.008	855	400	231	231	0	12	83.15	83.15	83.15
juego3	easy	0.0	0.008	863	400	231	231	0	12	83.18	83.18	83.18
juego3	easy	0.0	0.008	870	400	231	231	0	12	83.18	83.18	83.18
juego3	easy	0.0	0.008	879	400	231	231	0	12	83.2	83.2	83.2
juego3	easy	0.0	0.008	888	400	231	231	0	12	83.23	83.23	83.23
juego3	easy	0.0	0.008	897	400	231	231	0	12	83.26	83.26	83.26
juego3	easy	0.0	0.008	906	400	231	231	0	12	83.28	83.28	83.28
juego3	easy	0.0	0.008	916	400	231	231	0	12	83.32	83.32	83.32
juego3	easy	0.0	0.008	924	400	231	231	0	12	83.34	83.34	83.34
juego3	easy	0.0	0.008	933	400	231	231	0	12	83.35	83.35	83.35
juego3	easy	0.0	0.008	941	400	231	231	0	12	83.36	83.36	83.36
juego3	easy	0.0	0.008	950	400	231	230	-1	12	83.38	83.38	83.38
juego3	easy	0.0	0.008	959	400	231	230	-1	12	83.39	83.39	83.39
juego3	easy	0.0	0.008	968	400	231	230	-1	12	83.39	83.39	83.39
juego3	easy	0.0	0.008	976	400	231	230	-1	12	83.4	83.4	83.4
juego3	easy	0.0	0.008	984	400	231	230	-1	12	83.39	83.39	83.39
juego3	easy	0.0	0.008	993	400	231	230	-1	12	83.41	83.41	83.41
juego3	easy	0.0	0.008	1002	400	231	230	-1	12	83.42	83.42	83.42
juego3	easy	0.0	0.008	1010	400	231	230	-1	12	83.44	83.44	83.44
juego3	easy	0.0	0.008	1019	400	231	230	-1	12	83.44	83.44	83.44
juego3	easy	0.0	0.008	1028	400	231	230	-1	12	83.44	83.44	83.44
juego3	easy	0.0	0.008	1037	400	231	230	-1	12	83.44	83.44	83.44
juego3	easy	0.0	0.008	1047	400	231	230	-1	12	83.45	83.45	83.45
juego3	easy	0.0	0.008	1055	400	231	230	-1	12	83.46	83.46	83.46
juego3	easy	0.0	0.008	1064	400	231	230	-1	12	83.49	83.49	83.49
juego3	easy	0.0	0.008	1073	400	231	230	-1	12	83.5	83.5	83.5
juego3	easy	0.0	0.008	1080	400	231	230	-1	12	83.51	83.51	83.51
juego3	easy	0.0	0.008	1089	400	231	230	-1	12	83.52	83.52	83.52
juego3	easy	0.0	0.008	1098	400	231	230	-1	12	83.54	83.54	83.54
juego3	easy	0.0	0.008	1107	400	231	230	-1	12	83.54	83.54	83.54
juego3	easy	0.0	0.008	1116	400	231	230	-1	12	83.55	83.55	83.55
juego3	easy	0.0	0.008	1126	400	231	230	-1	12	83.55	83.55	83.55
juego3	easy	0.0	0.008	1134	400	231	230	-1	12	83.55	83.55	83.55
juego3	easy	0.0	0.008	1142	400	231	230	-1	12	83.56	83.56	83.56
juego3	easy	0.0	0.008	1151	400	231	230	-1	12	83.59	83.59	83.59
juego3	easy	0.0	0.008	1160	400	231	230	-1	12	83.6	83.6	83.6
juego3	easy	0.0	0.008	1169	400	231	230	-1	12	83.58	83.58	83.58
juego3	easy	0.0	0.008	1177	400	231	230	-1	12	83.57	83.57	83.57
juego3	easy	0.0	0.008	1186	400	231	230	-1	12	83.56	83.56	83.56
juego3	easy	0.0	0.008	1195	400	231	230	-1	12	83.58	83.58	83.58
juego3	easy	0.0	0.008	1204	400	231	230	-1	12	83.6	83.6	83.6
juego3	easy	0.0	0.008	1212	400	231	230	-1	12	83.6	83.6	83.6
juego3	easy	0.0	0.008	1222	400	231	230	-1	12	83.59	83.59	83.59
juego3	easy	0.0	0.008	1231	400	231	230	-1	12	83.56	83.56	83.56
juego3	easy	0.0	0.008	1239	400	231	230	-1	12	83.53	83.53	83.53
juego3	easy	0.0	0.008	1247	400	231	230	-1	12	83.51	83.51	83.51
juego3	easy	0.0	0.008	1256	400	231	230	-1	12	83.49	83.49	83.49
juego3	easy	0.0	0.008	1265	400	231	230	-1	12	83.46	83.46	83.46
juego3	easy	0.0	0.008	1274	400	231	230	-1	12	83.42	83.42	83.42
juego3	easy	0.0	0.008	1282	400	231	230	-1	12	83.41	83.41	83.41
juego3	easy	0.0	0.008	1291	400	231	231	0	12	83.36	83.36	83.36
juego3	easy	0.0	0.008	1299	400	231	231	0	12	83.31	83.31	83.31
juego3	easy	0.0	0.008	1307	400	231	231	0	12	83.29	83.29	83.29
juego3	easy	0.0	0.008	1316	400	231	231	0	12	83.25	83.25	83.25
juego3	easy	0.0	0.008	1325	400	231	231	0	12	83.22	83.22	83.22
juego3	easy	0.0	0.008	1333	400	231	231	0	12	83.21	83.21	83.21
juego3	easy	0.0	0.008	1341	400	231	231	0	12	83.18	83.18	83.18
juego3	easy	0.0	0.008	1350	400	231	231	0	12	83.15	83.15	83.15
juego3	easy	0.0	0.008	1358	400	231	231	0	12	83.15	83.15	83.15
juego3	easy	0.0	0.008	1368	400	231	231	0	12	83.14	83.14	83.14
juego3	easy	0.0	0.008	1376	400	231	231	0	12	83.12	83.12	83.12
juego3	easy	0.0	0.008	1383	400	231	232	1	12	83.11	83.11	83.11
juego3	easy	0.0	0.008	1393	400	231	232	1	12	83.06	83.06	83.06
juego3	easy	0.0	0.008	1401	400	231	232	1	12	83.0	83.0	83.0
juego3	easy	0.0	0.008	1410	400	231	232	1	12	82.98	82.98	82.98
juego3	easy	0.0	0.008	1419	400	231	232	1	12	82.98	82.98	82.98
juego3	easy	0.0	0.008	1428	400	231	232	1	12	82.98	82.98	82.98
juego3	easy	0.0	0.008	1437	400	231	232	1	12	82.96	82.96	82.96
juego3	easy	0.0	0.008	1445	400	231	232	1	12	82.92	82.92	82.92
juego3	easy	0.0	0.008	1454	400	231	232	1	12	82.89	82.89	82.89
juego3	easy	0.0	0.008	1463	400	231	232	1	12	82.87	82.87	82.87
juego3	easy	0.0	0.008	1471	400	231	233	2	12	82.83	82.83	82.83
juego3	easy	0.0	0.008	1479	400	231	233	2	12	82.79	82.79	82.79
juego3	easy	0.0	0.008	1488	400	231	233	2	12	82.77	82.77	82.77
juego3	easy	0.0	0.008	1497	400	231	233	2	12	82.74	82.74	82.74
juego3	easy	0.0	0.008	1505	400	231	233	2	12	82.71	82.71	82.71
juego3	easy	0.0	0.008	1514	400	231	233	2	12	82.69	82.69	82.69
juego3	easy	0.0	0.008	1522	400	231	233	2	12	82.63	82.63	82.63
juego3	easy	0.0	0.008	1531	400	231	233	2	12	82.6	82.6	82.6
juego3	easy	0.0	0.008	1538	400	231	234	3	12	82.58	82.58	82.58
juego3	easy	0.0	0.008	1547	400	231	234	3	12	82.54	82.54	82.54
juego3	easy	0.0	0.008	1556	400	231	234	3	12	82.52	82.52	82.52
juego3	easy	0.0	0.008	1564	400	231	234	3	12	82.51	82.51	82.51
juego3	easy	0.0	0.008	1571	400	231	234	3	12	82.47	82.47	82.47
juego3	easy	0.0	0.008	1580	400	231	234	3	12	82.41	82.41	82.41
juego3	easy	0.0	0.008	1589	400	231	234	3	12	82.39	82.39	82.39
juego3	easy	0.0	0.008	1598	400	231	235	4	12	82.34	82.34	82.34
juego3	easy	0.0	0.008	1607	400	231	235	4	12	82.3	82.3	82.3
juego3	easy	0.0	0.008	1616	400	231	235	4	12	82.26	82.26	82.26
juego3	easy	0.0	0.008	1625	400	231	235	4	12	82.2	82.2	82.2
juego3	easy	0.0	0.008	1634	400	231	235	4	12	82.16	82.16	82.16
juego3	easy	0.0	0.008	1643	400	231	235	4	12	82.15	82.15	82.15
juego3	easy	0.0	0.008	1652	400	231	235	4	12	82.12	82.12	82.12
juego3	easy	0.0	0.008	1661	400	231	235	4	12	82.1	82.1	82.1
juego3	easy	0.0	0.008	1669	400	231	235	4	12	82.1	82.1	82.1
juego3	easy	0.0	0.008	1677	400	231	235	4	12	82.11	82.11	82.11
juego3	easy	0.0	0.008	1686	400	231	235	4	12	82.12	82.12	82.12
juego3	easy	0.0	0.008	1695	400	231	235	4	12	82.13	82.13	82.13
juego3	easy	0.0	0.008	1703	400	231	235	4	12	82.13	82.13	82.13
juego3	easy	0.0	0.008	1711	400	231	235	4	12	82.13	82.13	82.13
juego3	easy	0.0	0.008	1720	400	231	235	4	12	82.16	82.16	82.16
juego3	easy	0.0	0.008	1729	400	231	235	4	12	82.17	82.17	82.17
juego3	easy	0.0	0.008	1737	400	231	235	4	12	82.21	82.21	82.21
juego3	easy	0.0	0.008	1746	400	231	235	4	12	82.22	82.22	82.22
juego3	easy	0.0	0.008	1755	400	231	235	4	12	82.22	82.22	82.22
juego3	easy	0.0	0.008	1762	400	231	235	4	12	82.22	82.22	82.22
juego3	easy	0.0	0.008	1771	400	231	235	4	12	82.23	82.23	82.23
juego3	easy	0.0	0.008	1780	400	231	235	4	12	82.24	82.24	82.24
juego3	easy	0.0	0.008	1789	400	231	235	4	12	82.25	82.25	82.25
juego3	easy	0.0	0.008	1797	400	231	235	4	12	82.27	82.27	82.27
juego3	easy	0.0	0.008	1805	400	231	235	4	12	82.28	82.28	82.28
juego3	easy	0.0	0.008	1814	400	231	235	4	12	82.28	82.28	82.28
juego3	easy	0.0	0.008	1822	400	231	235	4	12	82.31	82.31	82.31
juego3	easy	0.0	0.008	1831	400	231	235	4	12	82.33	82.33	82.33
juego3	easy	0.0	0.008	1840	400	231	234	3	12	82.35	82.35	82.35
juego3	easy	0.0	0.008	1849	400	231	234	3	12	82.36	82.36	82.36
juego3	easy	0.0	0.008	1859	400	231	234	3	12	82.38	82.38	82.38
juego3	easy	0.0	0.008	1868	400	231	234	3	12	82.4	82.4	82.4
juego3	easy	0.0	0.008	1876	400	231	234	3	12	82.43	82.43	82.43
juego3	easy	0.0	0.008	1885	400	231	234	3	12	82.44	82.44	82.44
juego3	easy	0.0	0.008	1894	400	231	234	3	12	82.45	82.45	82.45
juego3	easy	0.0	0.008	1903	400	231	234	3	12	82.48	82.48	82.48
juego3	easy	0.0	0.008	1911	400	231	234	3	12	82.51	82.51	82.51
juego3	easy	0.0	0.008	1920	400	231	234	3	12	82.54	82.54	82.54
juego3	easy	0.0	0.008	1928	400	231	234	3	12	82.55	82.55	82.55
juego3	easy	0.0	0.008	1936	400	231	234	3	12	82.56	82.56	82.56
juego3	easy	0.0	0.008	1945	400	231	234	3	12	82.59	82.59	82.59
juego3	easy	0.0	0.008	1954	400	231	233	2	12	82.61	82.61	82.61
juego3	easy	0.0	0.008	1963	400	231	233	2	12	82.66	82.66	82.66
juego3	easy	0.0	0.008	1971	400	231	233	2	12	82.71	82.71	82.71
juego3	easy	0.0	0.008	1980	400	231	233	2	12	82.75	82.75	82.75
juego3	easy	0.0	0.008	1989	400	231	233	2	12	82.76	82.76	82.76
juego3	easy	0.0	0.008	1997	400	231	233	2	12	82.78	82.78	82.78
juego3	easy	0.0	0.008	0	400	231	233	2	13	82.8	82.8	82.8
juego3	easy	-90.0	0.008	9	400	428	233	-195	13	82.85	82.85	82.85
juego3	easy	-90.0	0.008	18	400	428	232	-196	13	82.89	82.89	82.89
juego3	easy	-90.0	0.008	26	400	428	232	-196	13	82.91	82.91	82.91
juego3	easy	-90.0	0.008	35	400	428	232	-196	13	82.95	82.95	82.95
juego3	easy	-90.0	0.008	44	400	428	232	-196	13	82.98	82.98	82.98
juego3	easy	-90.0	0.008	53	400	428	232	-196	13	83.02	83.02	83.02
juego3	easy	-90.0	0.008	61	400	428	232	-196	13	83.09	83.09	83.09
juego3	easy	-90.0	0.008	70	400	428	231	-197	13	83.13	83.13	83.13
juego3	easy	-90.0	0.008	80	400	428	231	-197	13	83.2	83.2	83.2
juego3	easy	-90.0	0.008	88	400	428	231	-197	13	83.27	83.27	83.27
juego3	easy	-90.0	0.008	97	400	428	231	-197	13	83.36	83.36	83.36
juego3	easy	-90.0	0.008	104	400	428	230	-198	13	83.41	83.41	83.41
juego3	easy	-90.0	0.008	113	400	428	230	-198	13	83.48	83.48	83.48
juego3	easy	-90.0	0.008	122	400	428	230	-198	13	83.56	83.56	83.56
juego3	easy	-90.0	0.008	129	400	428	230	-198	13	83.6	83.6	83.6
juego3	easy	-90.0	0.008	138	400	428	229	-199	13	83.69	83.69	83.69
juego3	easy	-90.0	0.008	147	400	428	229	-199	13	83.77	83.77	83.77
juego3	easy	-90.0	0.008	157	400	428	229	-199	13	83.83	83.83	83.83
juego3	easy	-90.0	0.008	165	400	428	229	-199	13	83.85	83.85	83.85
juego3	easy	-90.0	0.008	173	400	428	229	-199	13	83.88	83.88	83.88
juego3	easy	-90.0	0.008	181	400	428	228	-200	13	83.9	83.9	83.9
juego3	easy	-90.0	0.008	191	400	428	228	-200	13	83.96	83.96	83.96
juego3	easy	-90.0	0.008	199	400	428	228	-200	13	84.04	84.04	84.04
juego3	easy	-90.0	0.008	208	400	428	228	-200	13	84.11	84.11	84.11
juego3	easy	-90.0	0.008	217	400	428	228	-200	13	84.13	84.13	84.13
juego3	easy	-90.0	0.008	225	400	428	228	-200	13	84.12	84.12	84.12
juego3	easy	-90.0	0.008	235	400	428	228	-200	13	84.09	84.09	84.09
juego3	easy	-90.0	0.008	243	400	428	228	-200	13	84.06	84.06	84.06
juego3	easy	-90.0	0.008	251	400	428	228	-200	13	84.03	84.03	84.03
juego3	easy	-90.0	0.008	260	400	428	228	-200	13	83.96	83.96	83.96
juego3	easy	-90.0	0.008	269	400	428	229	-199	13	83.76	83.76	83.76
juego3	easy	-90.0	0.008	278	400	428	231	-197	13	83.18	83.18	83.18
juego3	easy	-90.0	0.008	288	400	428	235	-193	13	82.19	82.19	82.19
juego3	easy	-90.0	0.008	297	400	428	240	-188	13	80.82	80.82	80.82
juego3	easy	-90.0	0.008	305	400	428	244	-184	13	80.01	80.01	80.01
juego3	easy	-90.0	0.008	314	400	428	251	-177	13	78.05	78.05	78.05
juego3	easy	-90.0	0.008	323	400	428	261	-167	13	75.59	75.59	75.59
juego3	easy	-90.0	0.008	332	400	428	272	-156	13	72.62	72.62	72.62
juego3	easy	-90.0	0.008	341	400	428	279	-149	13	71.04	71.04	71.04
juego3	easy	-90.0	0.008	350	400	428	290	-138	13	67.97	67.97	67.97
juego3	easy	-90.0	0.008	358	400	428	297	-131	13	66.35	66.35	66.35
juego3	easy	-90.0	0.008	367	400	428	303	-125	13	64.54	64.54	64.54
juego3	easy	-90.0	0.008	376	400	428	312	-116	13	62.3	62.3	62.3
juego3	easy	-90.0	0.008	384	400	428	320	-108	13	60.16	60.16	60.16
juego3	easy	-90.0	0.008	392	400	428	329	-99	13	57.72	57.72	57.72
juego3	easy	-90.0	0.008	401	400	428	334	-94	13	56.46	56.46	56.46
juego3	easy	-90.0	0.008	409	400	428	339	-89	13	55.16	55.16	55.16
juego3	easy	-90.0	0.008	418	400	428	352	-76	13	51.84	51.84	51.84
juego3	easy	-90.0	0.008	425	400	428	356	-72	13	50.91	50.91	50.91
juego3	easy	-90.0	0.008	434	400	428	363	-65	13	49.16	49.16	49.16
juego3	easy	-90.0	0.008	444	400	428	369	-59	13	47.5	47.5	47.5
juego3	easy	-90.0	0.008	453	400	428	375	-53	13	46.08	46.08	46.08
juego3	easy	-90.0	0.008	461	400	428	377	-51	13	45.46	45.46	45.46
juego3	easy	-90.0	0.008	470	400	428	381	-47	13	44.44	44.44	44.44
juego3	easy	-90.0	0.008	479	400	428	384	-44	13	43.64	43.64	43.64
juego3	easy	-90.0	0.008	487	400	428	386	-42	13	43.26	43.26	43.26
juego3	easy	-90.0	0.008	496	400	428	388	-40	13	42.61	42.61	42.61
juego3	easy	-90.0	0.008	505	400	428	391	-37	13	42.01	42.01	42.01
juego3	easy	-90.0	0.008	513	400	428	392	-36	13	41.74	41.74	41.74
juego3	easy	-90.0	0.008	521	400	428	393	-35	13	41.28	41.28	41.28
juego3	easy	-90.0	0.008	530	400	428	395	-33	13	40.89	40.89	40.89
juego3	easy	-90.0	0.008	538	400	428	396	-32	13	40.63	40.63	40.63
juego3	easy	-90.0	0.008	546	400	428	396	-32	13	40.53	40.53	40.53
juego3	easy	-90.0	0.008	556	400	428	397	-31	13	40.38	40.38	40.38
juego3	easy	-90.0	0.008	564	400	428	398	-30	13	40.23	40.23	40.23
juego3	easy	-90.0	0.008	572	400	428	398	-30	13	40.14	40.14	40.14
juego3	easy	-90.0	0.008	581	400	428	399	-29	13	39.88	39.88	39.88
juego3	easy	-90.0	0.008	589	400	428	401	-27	13	39.45	39.45	39.45
juego3	easy	-90.0	0.008	598	400	428	403	-25	13	38.93	38.93	38.93
juego3	easy	-90.0	0.008	606	400	428	404	-24	13	38.66	38.66	38.66
juego3	easy	-90.0	0.008	615	400	428	405	-23	13	38.29	38.29	38.29
juego3	easy	-90.0	0.008	624	400	428	406	-22	13	38.04	38.04	38.04
juego3	easy	-90.0	0.008	634	400	428	407	-21	13	37.86	37.86	37.86
juego3	easy	-90.0	0.008	641	400	428	407	-21	13	37.77	37.77	37.77
juego3	easy	-90.0	0.008	649	400	428	408	-20	13	37.6	37.6	37.6
juego3	easy	-90.0	0.008	658	400	428	408	-20	13	37.42	37.42	37.42
juego3	easy	-90.0	0.008	667	400	428	409	-19	13	37.34	37.34	37.34
juego3	easy	-90.0	0.008	676	400	428	410	-18	13	37.14	37.14	37.14
juego3	easy	-90.0	0.008	685	400	428	411	-17	13	36.83	36.83	36.83
juego3	easy	-90.0	0.008	694	400	428	412	-16	13	36.42	36.42	36.42
juego3	easy	-90.0	0.008	701	400	428	413	-15	13	36.18	36.18	36.18
juego3	easy	-90.0	0.008	710	400	428	415	-13	13	35.77	35.77	35.77
juego3	easy	-90.0	0.008	719	400	428	416	-12	13	35.43	35.43	35.43
juego3	easy	-90.0	0.008	728	400	428	417	-11	13	35.28	35.28	35.28
juego3	easy	-90.0	0.008	736	400	428	418	-10	13	35.05	35.05	35.05
juego3	easy	-90.0	0.008	744	400	428	419	-9	13	34.82	34.82	34.82
juego3	easy	-90.0	0.008	753	400	428	419	-9	13	34.61	34.61	34.61
juego3	easy	-90.0	0.008	762	400	428	420	-8	13	34.53	34.53	34.53
juego3	easy	-90.0	0.008	771	400	428	420	-8	13	34.38	34.38	34.38
juego3	easy	-90.0	0.008	781	400	428	421	-7	13	34.24	34.24	34.24
juego3	easy	-90.0	0.008	789	400	428	422	-6	13	34.04	34.04	34.04
juego3	easy	-90.0	0.008	798	400	428	423	-5	13	33.81	33.81	33.81
juego3	easy	-90.0	0.008	808	400	428	423	-5	13	33.56	33.56	33.56
juego3	easy	-90.0	0.008	816	400	428	424	-4	13	33.42	33.42	33.42
juego3	easy	-90.0	0.008	826	400	428	425	-3	13	33.14	33.14	33.14
juego3	easy	-90.0	0.008	835	400	428	426	-2	13	32.89	32.89	32.89
juego3	easy	-90.0	0.008	845	400	428	427	-1	13	32.68	32.68	32.68
juego3	easy	-90.0	0.008	853	400	428	427	-1	13	32.59	32.59	32.59
juego3	easy	-90.0	0.008	862	400	428	428	0	13	32.4	32.4	32.4
juego3	easy	-90.0	0.008	871	400	428	429	1	13	32.21	32.21	32.21
juego3	easy	-90.0	0.008	880	400	428	429	1	13	32.07	32.07	32.07
juego3	easy	-90.0	0.008	889	400	428	430	2	13	31.99	31.99	31.99
juego3	easy	-90.0	0.008	897	400	428	430	2	13	31.97	31.97	31.97
juego3	easy	-90.0	0.008	907	400	428	430	2	13	31.95	31.95	31.95
juego3	easy	-90.0	0.008	915	400	428	430	2	13	31.95	31.95	31.95
juego3	easy	-90.0	0.008	925	400	428	430	2	13	31.97	31.97	31.97
juego3	easy	-90.0	0.008	933	400	428	429	1	13	32.05	32.05	32.05
juego3	easy	-90.0	0.008	942	400	428	429	1	13	32.11	32.11	32.11
juego3	easy	-90.0	0.008	952	400	428	429	1	13	32.25	32.25	32.25
juego3	easy	-90.0	0.008	960	400	428	428	0	13	32.39	32.39	32.39
juego3	easy	-90.0	0.008	970	400	428	428	0	13	32.5	32.5	32.5
juego3	easy	-90.0	0.008	978	400	428	427	-1	13	32.56	32.56	32.56
juego3	easy	-90.0	0.008	987	400	428	427	-1	13	32.58	32.58	32.58
juego3	easy	-90.0	0.008	995	400	428	427	-1	13	32.63	32.63	32.63
juego3	easy	-90.0	0.008	1004	400	428	427	-1	13	32.67	32.67	32.67
juego3	easy	-90.0	0.008	1014	400	428	427	-1	13	32.71	32.71	32.71
juego3	easy	-90.0	0.008	1022	400	428	427	-1	13	32.74	32.74	32.74
juego3	easy	-90.0	0.008	1031	400	428	427	-1	13	32.78	32.78	32.78
juego3	easy	-90.0	0.008	1040	400	428	426	-2	13	32.82	32.82	32.82
juego3	easy	-90.0	0.008	1049	400	428	426	-2	13	32.86	32.86	32.86
juego3	easy	-90.0	0.008	1058	400	428	426	-2	13	32.88	32.88	32.88
juego3	easy	-90.0	0.008	1067	400	428	426	-2	13	32.93	32.93	32.93
juego3	easy	-90.0	0.008	1075	400	428	426	-2	13	33.0	33.0	33.0
juego3	easy	-90.0	0.008	1084	400	428	425	-3	13	33.05	33.05	33.05
juego3	easy	-90.0	0.008	1092	400	428	425	-3	13	33.16	33.16	33.16
juego3	easy	-90.0	0.008	1101	400	428	425	-3	13	33.28	33.28	33.28
juego3	easy	-90.0	0.008	1110	400	428	424	-4	13	33.37	33.37	33.37
juego3	easy	-90.0	0.008	1119	400	428	424	-4	13	33.41	33.41	33.41
juego3	easy	-90.0	0.008	1128	400	428	424	-4	13	33.41	33.41	33.41
juego3	easy	-90.0	0.008	1137	400	428	424	-4	13	33.43	33.43	33.43
juego3	easy	-90.0	0.008	1146	400	428	424	-4	13	33.45	33.45	33.45
juego3	easy	-90.0	0.008	1155	400	428	424	-4	13	33.47	33.47	33.47
juego3	easy	-90.0	0.008	1163	400	428	424	-4	13	33.46	33.46	33.46
juego3	easy	-90.0	0.008	1171	400	428	424	-4	13	33.47	33.47	33.47
juego3	easy	-90.0	0.008	1180	400	428	424	-4	13	33.5	33.5	33.5
juego3	easy	-90.0	0.008	1188	400	428	424	-4	13	33.53	33.53	33.53
juego3	easy	-90.0	0.008	1197	400	428	423	-5	13	33.6	33.6	33.6
juego3	easy	-90.0	0.008	1206	400	428	423	-5	13	33.68	33.68	33.68
juego3	easy	-90.0	0.008	1215	400	428	423	-5	13	33.76	33.76	33.76
juego3	easy	-90.0	0.008	1223	400	428	423	-5	13	33.8	33.8	33.8
juego3	easy	-90.0	0.008	1232	400	428	422	-6	13	33.9	33.9	33.9
juego3	easy	-90.0	0.008	1241	400	428	422	-6	13	33.98	33.98	33.98
juego3	easy	-90.0	0.008	1250	400	428	422	-6	13	34.0	34.0	34.0
juego3	easy	-90.0	0.008	1258	400	428	422	-6	13	34.0	34.0	34.0
juego3	easy	-90.0	0.008	1266	400	428	422	-6	13	34.0	34.0	34.0
juego3	easy	-90.0	0.008	1275	400	428	422	-6	13	34.0	34.0	34.0
juego3	easy	-90.0	0.008	1285	400	428	422	-6	13	34.01	34.01	34.01
juego3	easy	-90.0	0.008	1293	400	428	422	-6	13	34.01	34.01	34.01
juego3	easy	-90.0	0.008	1302	400	428	422	-6	13	34.01	34.01	34.01
juego3	easy	-90.0	0.008	1311	400	428	422	-6	13	34.01	34.01	34.01
juego3	easy	-90.0	0.008	1319	400	428	422	-6	13	34.02	34.02	34.02
juego3	easy	-90.0	0.008	1328	400	428	422	-6	13	34.02	34.02	34.02
juego3	easy	-90.0	0.008	1338	400	428	422	-6	13	34.01	34.01	34.01
juego3	easy	-90.0	0.008	1346	400	428	422	-6	13	34.01	34.01	34.01
juego3	easy	-90.0	0.008	1354	400	428	422	-6	13	34.0	34.0	34.0
juego3	easy	-90.0	0.008	1363	400	428	422	-6	13	34.0	34.0	34.0
juego3	easy	-90.0	0.008	1373	400	428	422	-6	13	33.99	33.99	33.99
juego3	easy	-90.0	0.008	1381	400	428	422	-6	13	33.98	33.98	33.98
juego3	easy	-90.0	0.008	1390	400	428	422	-6	13	33.95	33.95	33.95
juego3	easy	-90.0	0.008	1399	400	428	422	-6	13	33.93	33.93	33.93
juego3	easy	-90.0	0.008	1407	400	428	422	-6	13	33.91	33.91	33.91
juego3	easy	-90.0	0.008	1415	400	428	422	-6	13	33.88	33.88	33.88
juego3	easy	-90.0	0.008	1424	400	428	422	-6	13	33.87	33.87	33.87
juego3	easy	-90.0	0.008	1433	400	428	422	-6	13	33.83	33.83	33.83
juego3	easy	-90.0	0.008	1441	400	428	423	-5	13	33.79	33.79	33.79
juego3	easy	-90.0	0.008	1450	400	428	423	-5	13	33.76	33.76	33.76
juego3	easy	-90.0	0.008	1459	400	428	423	-5	13	33.76	33.76	33.76
juego3	easy	-90.0	0.008	1468	400	428	423	-5	13	33.75	33.75	33.75
juego3	easy	-90.0	0.008	1477	400	428	423	-5	13	33.75	33.75	33.75
juego3	easy	-90.0	0.008	1485	400	428	423	-5	13	33.76	33.76	33.76
juego3	easy	-90.0	0.008	1493	400	428	423	-5	13	33.78	33.78	33.78
juego3	easy	-90.0	0.008	1502	400	428	423	-5	13	33.8	33.8	33.8
juego3	easy	-90.0	0.008	1510	400	428	423	-5	13	33.8	33.8	33.8
juego3	easy	-90.0	0.008	1519	400	428	423	-5	13	33.8	33.8	33.8
juego3	easy	-90.0	0.008	1528	400	428	422	-6	13	33.82	33.82	33.82
juego3	easy	-90.0	0.008	1536	400	428	422	-6	13	33.84	33.84	33.84
juego3	easy	-90.0	0.008	1545	400	428	422	-6	13	33.87	33.87	33.87
juego3	easy	-90.0	0.008	1554	400	428	422	-6	13	33.88	33.88	33.88
juego3	easy	-90.0	0.008	1563	400	428	422	-6	13	33.92	33.92	33.92
juego3	easy	-90.0	0.008	1571	400	428	422	-6	13	33.94	33.94	33.94
juego3	easy	-90.0	0.008	1579	400	428	422	-6	13	33.95	33.95	33.95
juego3	easy	-90.0	0.008	1587	400	428	422	-6	13	33.97	33.97	33.97
juego3	easy	-90.0	0.008	1596	400	428	422	-6	13	34.0	34.0	34.0
juego3	easy	-90.0	0.008	1605	400	428	422	-6	13	34.03	34.03	34.03
juego3	easy	-90.0	0.008	1613	400	428	422	-6	13	34.06	34.06	34.06
juego3	easy	-90.0	0.008	1622	400	428	421	-7	13	34.08	34.08	34.08
juego3	easy	-90.0	0.008	1631	400	428	422	-6	13	34.06	34.06	34.06
juego3	easy	-90.0	0.008	1640	400	428	422	-6	13	34.06	34.06	34.06
juego3	easy	-90.0	0.008	1648	400	428	422	-6	13	34.05	34.05	34.05
juego3	easy	-90.0	0.008	1657	400	428	422	-6	13	34.04	34.04	34.04
juego3	easy	-90.0	0.008	1666	400	428	422	-6	13	34.01	34.01	34.01
juego3	easy	-90.0	0.008	1675	400	428	422	-6	13	34.0	34.0	34.0
juego3	easy	-90.0	0.008	1684	400	428	422	-6	13	33.99	33.99	33.99
juego3	easy	-90.0	0.008	1693	400	428	422	-6	13	33.99	33.99	33.99
juego3	easy	-90.0	0.008	1702	400	428	422	-6	13	33.99	33.99	33.99
juego3	easy	-90.0	0.008	1711	400	428	422	-6	13	33.99	33.99	33.99
juego3	easy	-90.0	0.008	1721	400	428	422	-6	13	34.0	34.0	34.0
juego3	easy	-90.0	0.008	1729	400	428	422	-6	13	34.0	34.0	34.0
juego3	easy	-90.0	0.008	1737	400	428	422	-6	13	34.01	34.01	34.01
juego3	easy	-90.0	0.008	1746	400	428	422	-6	13	34.02	34.02	34.02
juego3	easy	-90.0	0.008	1756	400	428	422	-6	13	34.02	34.02	34.02
juego3	easy	-90.0	0.008	1763	400	428	422	-6	13	34.02	34.02	34.02
juego3	easy	-90.0	0.008	1773	400	428	422	-6	13	34.02	34.02	34.02
juego3	easy	-90.0	0.008	1782	400	428	422	-6	13	34.02	34.02	34.02
juego3	easy	-90.0	0.008	1790	400	428	422	-6	13	34.01	34.01	34.01
juego3	easy	-90.0	0.008	1799	400	428	422	-6	13	34.0	34.0	34.0
juego3	easy	-90.0	0.008	1808	400	428	422	-6	13	34.0	34.0	34.0
juego3	easy	-90.0	0.008	1817	400	428	422	-6	13	34.0	34.0	34.0
juego3	easy	-90.0	0.008	1825	400	428	422	-6	13	33.99	33.99	33.99
juego3	easy	-90.0	0.008	1834	400	428	422	-6	13	33.98	33.98	33.98
juego3	easy	-90.0	0.008	1842	400	428	422	-6	13	33.97	33.97	33.97
juego3	easy	-90.0	0.008	1851	400	428	422	-6	13	33.97	33.97	33.97
juego3	easy	-90.0	0.008	1860	400	428	422	-6	13	33.97	33.97	33.97
juego3	easy	-90.0	0.008	1870	400	428	422	-6	13	33.98	33.98	33.98
juego3	easy	-90.0	0.008	1878	400	428	422	-6	13	33.99	33.99	33.99
juego3	easy	-90.0	0.008	1888	400	428	422	-6	13	34.0	34.0	34.0
juego3	easy	-90.0	0.008	1895	400	428	422	-6	13	34.01	34.01	34.01
juego3	easy	-90.0	0.008	1905	400	428	422	-6	13	33.99	33.99	33.99
juego3	easy	-90.0	0.008	1912	400	428	422	-6	13	34.0	34.0	34.0
juego3	easy	-90.0	0.008	1921	400	428	422	-6	13	34.0	34.0	34.0
juego3	easy	-90.0	0.008	1930	400	428	422	-6	13	34.02	34.02	34.02
juego3	easy	-90.0	0.008	1938	400	428	422	-6	13	34.04	34.04	34.04
juego3	easy	-90.0	0.008	1947	400	428	422	-6	13	34.05	34.05	34.05
juego3	easy	-90.0	0.008	1957	400	428	422	-6	13	34.06	34.06	34.06
juego3	easy	-90.0	0.008	1965	400	428	421	-7	13	34.07	34.07	34.07
juego3	easy	-90.0	0.008	1974	400	428	421	-7	13	34.1	34.1	34.1
juego3	easy	-90.0	0.008	1983	400	428	421	-7	13	34.12	34.12	34.12
juego3	easy	-90.0	0.008	1992	400	428	421	-7	13	34.15	34.15	34.15
juego3	easy	-90.0	0.008	0	400	428	421	-7	14	34.16	34.16	34.16
juego3	easy	0.0	0.008	8	400	231	421	190	14	34.18	34.18	34.18
juego3	easy	0.0	0.008	17	400	231	421	190	14	34.2	34.2	34.2
juego3	easy	0.0	0.008	26	400	231	421	190	14	34.22	34.22	34.22
juego3	easy	0.0	0.008	34	400	231	421	190	14	34.23	34.23	34.23
juego3	easy	0.0	0.008	43	400	231	421	190	14	34.24	34.24	34.24
juego3	easy	0.0	0.008	52	400	231	421	190	14	34.24	34.24	34.24
juego3	easy	0.0	0.008	60	400	231	421	190	14	34.25	34.25	34.25
juego3	easy	0.0	0.008	69	400	231	421	190	14	34.26	34.26	34.26
juego3	easy	0.0	0.008	77	400	231	421	190	14	34.26	34.26	34.26
juego3	easy	0.0	0.008	87	400	231	421	190	14	34.27	34.27	34.27
juego3	easy	0.0	0.008	95	400	231	421	190	14	34.28	34.28	34.28
juego3	easy	0.0	0.008	105	400	231	421	190	14	34.3	34.3	34.3
juego3	easy	0.0	0.008	113	400	231	421	190	14	34.32	34.32	34.32
juego3	easy	0.0	0.008	122	400	231	420	189	14	34.34	34.34	34.34
juego3	easy	0.0	0.008	131	400	231	420	189	14	34.35	34.35	34.35
juego3	easy	0.0	0.008	141	400	231	420	189	14	34.36	34.36	34.36
juego3	easy	0.0	0.008	149	400	231	420	189	14	34.36	34.36	34.36
juego3	easy	0.0	0.008	158	400	231	420	189	14	34.33	34.33	34.33
juego3	easy	0.0	0.008	166	400	231	421	190	14	34.32	34.32	34.32
juego3	easy	0.0	0.008	174	400	231	421	190	14	34.32	34.32	34.32
juego3	easy	0.0	0.008	182	400	231	420	189	14	34.33	34.33	34.33
juego3	easy	0.0	0.008	191	400	231	420	189	14	34.34	34.34	34.34
juego3	easy	0.0	0.008	199	400	231	420	189	14	34.34	34.34	34.34
juego3	easy	0.0	0.008	208	400	231	420	189	14	34.34	34.34	34.34
juego3	easy	0.0	0.008	217	400	231	420	189	14	34.36	34.36	34.36
juego3	easy	0.0	0.008	225	400	231	420	189	14	34.39	34.39	34.39
juego3	easy	0.0	0.008	234	400	231	420	189	14	34.41	34.41	34.41
juego3	easy	0.0	0.008	242	400	231	420	189	14	34.47	34.47	34.47
juego3	easy	0.0	0.008	251	400	231	419	188	14	34.66	34.66	34.66
juego3	easy	0.0	0.008	259	400	231	419	188	14	34.81	34.81	34.81
juego3	easy	0.0	0.008	268	400	231	417	186	14	35.28	35.28	35.28
juego3	easy	0.0	0.008	277	400	231	414	183	14	36.1	36.1	36.1
juego3	easy	0.0	0.008	287	400	231	410	179	14	37.15	37.15	37.15
juego3	easy	0.0	0.008	294	400	231	407	176	14	37.76	37.76	37.76
juego3	easy	0.0	0.008	303	400	231	401	170	14	39.22	39.22	39.22
juego3	easy	0.0	0.008	312	400	231	395	164	14	40.94	40.94	40.94
juego3	easy	0.0	0.008	321	400	231	387	156	14	42.82	42.82	42.82
juego3	easy	0.0	0.008	330	400	231	383	152	14	43.85	43.85	43.85
juego3	easy	0.0	0.008	338	400	231	375	144	14	46.01	46.01	46.01
juego3	easy	0.0	0.008	346	400	231	366	135	14	48.29	48.29	48.29
juego3	easy	0.0	0.008	354	400	231	361	130	14	49.52	49.52	49.52
juego3	easy	0.0	0.008	362	400	231	355	124	14	51.24	51.24	51.24
juego3	easy	0.0	0.008	371	400	231	347	116	14	53.1	53.1	53.1
juego3	easy	0.0	0.008	380	400	231	337	106	14	55.78	55.78	55.78
juego3	easy	0.0	0.008	389	400	231	327	96	14	58.26	58.26	58.26
juego3	easy	0.0	0.008	398	400	231	318	87	14	60.58	60.58	60.58
juego3	easy	0.0	0.008	407	400	231	310	79	14	62.61	62.61	62.61
juego3	easy	0.0	0.008	415	400	231	307	76	14	63.51	63.51	63.51
juego3	easy	0.0	0.008	425	400	231	301	70	14	65.05	65.05	65.05
juego3	easy	0.0	0.008	433	400	231	294	63	14	67.03	67.03	67.03
juego3	easy	0.0	0.008	441	400	231	288	57	14	68.61	68.61	68.61
juego3	easy	0.0	0.008	450	400	231	285	54	14	69.35	69.35	69.35
juego3	easy	0.0	0.008	459	400	231	280	49	14	70.69	70.69	70.69
juego3	easy	0.0	0.008	468	400	231	275	44	14	72.04	72.04	72.04
juego3	easy	0.0	0.008	477	400	231	269	38	14	73.57	73.57	73.57
juego3	easy	0.0	0.008	485	400	231	265	34	14	74.42	74.42	74.42
juego3	easy	0.0	0.008	495	400	231	258	27	14	76.2	76.2	76.2
juego3	easy	0.0	0.008	503	400	231	253	22	14	77.59	77.59	77.59
juego3	easy	0.0	0.008	511	400	231	251	20	14	78.22	78.22	78.22
juego3	easy	0.0	0.008	520	400	231	247	16	14	79.12	79.12	79.12
juego3	easy	0.0	0.008	528	400	231	244	13	14	79.96	79.96	79.96
juego3	easy	0.0	0.008	536	400	231	240	9	14	80.85	80.85	80.85
juego3	easy	0.0	0.008	545	400	231	238	7	14	81.34	81.34	81.34
juego3	easy	0.0	0.008	554	400	231	235	4	14	82.33	82.33	82.33
juego3	easy	0.0	0.008	563	400	231	231	0	14	83.26	83.26	83.26
juego3	easy	0.0	0.008	571	400	231	229	-2	14	83.72	83.72	83.72
juego3	easy	0.0	0.008	580	400	231	226	-5	14	84.59	84.59	84.59
juego3	easy	0.0	0.008	587	400	231	224	-7	14	85.02	85.02	85.02
juego3	easy	0.0	0.008	596	400	231	221	-10	14	85.82	85.82	85.82
juego3	easy	0.0	0.008	605	400	231	218	-13	14	86.5	86.5	86.5
juego3	easy	0.0	0.008	614	400	231	216	-15	14	87.05	87.05	87.05
juego3	easy	0.0	0.008	624	400	231	215	-16	14	87.47	87.47	87.47
juego3	easy	0.0	0.008	632	400	231	213	-18	14	87.74	87.74	87.74
juego3	easy	0.0	0.008	640	400	231	213	-18	14	87.82	87.82	87.82
juego3	easy	0.0	0.008	649	400	231	213	-18	14	87.9	87.9	87.9
juego3	easy	0.0	0.008	657	400	231	213	-18	14	87.9	87.9	87.9
juego3	easy	0.0	0.008	666	400	231	213	-18	14	87.88	87.88	87.88
juego3	easy	0.0	0.008	674	400	231	213	-18	14	87.82	87.82	87.82
juego3	easy	0.0	0.008	684	400	231	213	-18	14	87.74	87.74	87.74
juego3	easy	0.0	0.008	692	400	231	214	-17	14	87.63	87.63	87.63
juego3	easy	0.0	0.008	701	400	231	214	-17	14	87.49	87.49	87.49
juego3	easy	0.0	0.008	710	400	231	215	-16	14	87.43	87.43	87.43
juego3	easy	0.0	0.008	719	400	231	215	-16	14	87.35	87.35	87.35
juego3	easy	0.0	0.008	728	400	231	215	-16	14	87.28	87.28	87.28
juego3	easy	0.0	0.008	737	400	231	216	-15	14	87.18	87.18	87.18
juego3	easy	0.0	0.008	746	400	231	216	-15	14	87.12	87.12	87.12
juego3	easy	0.0	0.008	754	400	231	217	-14	14	86.96	86.96	86.96
juego3	easy	0.0	0.008	763	400	231	217	-14	14	86.8	86.8	86.8
juego3	easy	0.0	0.008	772	400	231	217	-14	14	86.74	86.74	86.74
juego3	easy	0.0	0.008	781	400	231	218	-13	14	86.62	86.62	86.62
juego3	easy	0.0	0.008	790	400	231	218	-13	14	86.52	86.52	86.52
juego3	easy	0.0	0.008	797	400	231	219	-12	14	86.39	86.39	86.39
juego3	easy	0.0	0.008	806	400	231	219	-12	14	86.33	86.33	86.33
juego3	easy	0.0	0.008	815	400	231	220	-11	14	86.17	86.17	86.17
juego3	easy	0.0	0.008	824	400	231	220	-11	14	86.02	86.02	86.02
juego3	easy	0.0	0.008	832	400	231	221	-10	14	85.88	85.88	85.88
juego3	easy	0.0	0.008	841	400	231	221	-10	14	85.82	85.82	85.82
juego3	easy	0.0	0.008	850	400	231	221	-10	14	85.71	85.71	85.71
juego3	easy	0.0	0.008	859	400	231	222	-9	14	85.61	85.61	85.61
juego3	easy	0.0	0.008	867	400	231	222	-9	14	85.5	85.5	85.5
juego3	easy	0.0	0.008	877	400	231	222	-9	14	85.44	85.44	85.44
juego3	easy	0.0	0.008	885	400	231	223	-8	14	85.29	85.29	85.29
juego3	easy	0.0	0.008	894	400	231	224	-7	14	85.12	85.12	85.12
juego3	easy	0.0	0.008	902	400	231	224	-7	14	84.95	84.95	84.95
juego3	easy	0.0	0.008	911	400	231	225	-6	14	84.87	84.87	84.87
juego3	easy	0.0	0.008	920	400	231	225	-6	14	84.72	84.72	84.72
juego3	easy	0.0	0.008	929	400	231	226	-5	14	84.59	84.59	84.59
juego3	easy	0.0	0.008	937	400	231	226	-5	14	84.47	84.47	84.47
juego3	easy	0.0	0.008	946	400	231	226	-5	14	84.4	84.4	84.4
juego3	easy	0.0	0.008	955	400	231	227	-4	14	84.33	84.33	84.33
juego3	easy	0.0	0.008	964	400	231	227	-4	14	84.29	84.29	84.29
juego3	easy	0.0	0.008	973	400	231	227	-4	14	84.25	84.25	84.25
juego3	easy	0.0	0.008	982	400	231	227	-4	14	84.2	84.2	84.2
juego3	easy	0.0	0.008	991	400	231	227	-4	14	84.16	84.16	84.16
juego3	easy	0.0	0.008	1000	400	231	228	-3	14	84.02	84.02	84.02
juego3	easy	0.0	0.008	1009	400	231	228	-3	14	83.92	83.92	83.92
juego3	easy	0.0	0.008	1018	400	231	229	-2	14	83.8	83.8	83.8
juego3	easy	0.0	0.008	1027	400	231	230	-1	14	83.6	83.6	83.6
juego3	easy	0.0	0.008	1036	400	231	230	-1	14	83.57	83.57	83.57
juego3	easy	0.0	0.008	1046	400	231	230	-1	14	83.55	83.55	83.55
juego3	easy	0.0	0.008	1055	400	231	230	-1	14	83.55	83.55	83.55
juego3	easy	0.0	0.008	1064	400	231	230	-1	14	83.55	83.55	83.55
juego3	easy	0.0	0.008	1072	400	231	230	-1	14	83.57	83.57	83.57
juego3	easy	0.0	0.008	1080	400	231	230	-1	14	83.59	83.59	83.59
juego3	easy	0.0	0.008	1089	400	231	229	-2	14	83.63	83.63	83.63
juego3	easy	0.0	0.008	1098	400	231	229	-2	14	83.68	83.68	83.68
juego3	easy	0.0	0.008	1108	400	231	229	-2	14	83.75	83.75	83.75
juego3	easy	0.0	0.008	1116	400	231	229	-2	14	83.78	83.78	83.78
juego3	easy	0.0	0.008	1125	400	231	229	-2	14	83.81	83.81	83.81
juego3	easy	0.0	0.008	1134	400	231	229	-2	14	83.82	83.82	83.82
juego3	easy	0.0	0.008	1143	400	231	229	-2	14	83.83	83.83	83.83
juego3	easy	0.0	0.008	1152	400	231	229	-2	14	83.83	83.83	83.83
juego3	easy	0.0	0.008	1162	400	231	229	-2	14	83.85	83.85	83.85
juego3	easy	0.0	0.008	1170	400	231	229	-2	14	83.85	83.85	83.85
juego3	easy	0.0	0.008	1179	400	231	229	-2	14	83.87	83.87	83.87
juego3	easy	0.0	0.008	1188	400	231	229	-2	14	83.88	83.88	83.88
juego3	easy	0.0	0.008	1197	400	231	228	-3	14	83.89	83.89	83.89
juego3	easy	0.0	0.008	1206	400	231	228	-3	14	83.9	83.9	83.9
juego3	easy	0.0	0.008	1215	400	231	228	-3	14	83.92	83.92	83.92
juego3	easy	0.0	0.008	1223	400	231	228	-3	14	83.93	83.93	83.93
juego3	easy	0.0	0.008	1232	400	231	228	-3	14	83.94	83.94	83.94
juego3	easy	0.0	0.008	1241	400	231	228	-3	14	83.95	83.95	83.95
juego3	easy	0.0	0.008	1249	400	231	228	-3	14	83.96	83.96	83.96
juego3	easy	0.0	0.008	1258	400	231	228	-3	14	83.98	83.98	83.98
juego3	easy	0.0	0.008	1267	400	231	228	-3	14	83.99	83.99	83.99
juego3	easy	0.0	0.008	1275	400	231	228	-3	14	84.02	84.02	84.02
juego3	easy	0.0	0.008	1284	400	231	228	-3	14	84.05	84.05	84.05
juego3	easy	0.0	0.008	1293	400	231	228	-3	14	84.06	84.06	84.06
juego3	easy	0.0	0.008	1302	400	231	228	-3	14	84.06	84.06	84.06
juego3	easy	0.0	0.008	1311	400	231	228	-3	14	84.06	84.06	84.06
juego3	easy	0.0	0.008	1320	400	231	228	-3	14	84.07	84.07	84.07
juego3	easy	0.0	0.008	1329	400	231	228	-3	14	84.11	84.11	84.11
juego3	easy	0.0	0.008	1339	400	231	228	-3	14	84.12	84.12	84.12
juego3	easy	0.0	0.008	1347	400	231	228	-3	14	84.12	84.12	84.12
juego3	easy	0.0	0.008	1356	400	231	228	-3	14	84.12	84.12	84.12
juego3	easy	0.0	0.008	1364	400	231	227	-4	14	84.14	84.14	84.14
juego3	easy	0.0	0.008	1373	400	231	227	-4	14	84.14	84.14	84.14
juego3	easy	0.0	0.008	1382	400	231	227	-4	14	84.15	84.15	84.15
juego3	easy	0.0	0.008	1390	400	231	227	-4	14	84.16	84.16	84.16
juego3	easy	0.0	0.008	1399	400	231	227	-4	14	84.16	84.16	84.16
juego3	easy	0.0	0.008	1407	400	231	227	-4	14	84.17	84.17	84.17
juego3	easy	0.0	0.008	1416	400	231	227	-4	14	84.18	84.18	84.18
juego3	easy	0.0	0.008	1424	400	231	227	-4	14	84.18	84.18	84.18
juego3	easy	0.0	0.008	1434	400	231	227	-4	14	84.18	84.18	84.18
juego3	easy	0.0	0.008	1442	400	231	227	-4	14	84.18	84.18	84.18
juego3	easy	0.0	0.008	1452	400	231	227	-4	14	84.19	84.19	84.19
juego3	easy	0.0	0.008	1460	400	231	227	-4	14	84.21	84.21	84.21
juego3	easy	0.0	0.008	1469	400	231	227	-4	14	84.21	84.21	84.21
juego3	easy	0.0	0.008	1479	400	231	227	-4	14	84.21	84.21	84.21
juego3	easy	0.0	0.008	1487	400	231	227	-4	14	84.21	84.21	84.21
juego3	easy	0.0	0.008	1496	400	231	227	-4	14	84.2	84.2	84.2
juego3	easy	0.0	0.008	1505	400	231	227	-4	14	84.21	84.21	84.21
juego3	easy	0.0	0.008	1514	400	231	227	-4	14	84.21	84.21	84.21
juego3	easy	0.0	0.008	1522	400	231	227	-4	14	84.22	84.22	84.22
juego3	easy	0.0	0.008	1531	400	231	227	-4	14	84.22	84.22	84.22
juego3	easy	0.0	0.008	1540	400	231	227	-4	14	84.21	84.21	84.21
juego3	easy	0.0	0.008	1549	400	231	227	-4	14	84.19	84.19	84.19
juego3	easy	0.0	0.008	1558	400	231	227	-4	14	84.18	84.18	84.18
juego3	easy	0.0	0.008	1567	400	231	227	-4	14	84.15	84.15	84.15
juego3	easy	0.0	0.008	1576	400	231	228	-3	14	84.12	84.12	84.12
juego3	easy	0.0	0.008	1586	400	231	228	-3	14	84.11	84.11	84.11
juego3	easy	0.0	0.008	1594	400	231	228	-3	14	84.11	84.11	84.11
juego3	easy	0.0	0.008	1603	400	231	228	-3	14	84.11	84.11	84.11
juego3	easy	0.0	0.008	1611	400	231	228	-3	14	84.1	84.1	84.1
juego3	easy	0.0	0.008	1620	400	231	228	-3	14	84.07	84.07	84.07
juego3	easy	0.0	0.008	1629	400	231	228	-3	14	84.03	84.03	84.03
juego3	easy	0.0	0.008	1638	400	231	228	-3	14	84.01	84.01	84.01
juego3	easy	0.0	0.008	1648	400	231	228	-3	14	84.0	84.0	84.0
juego3	easy	0.0	0.008	1656	400	231	228	-3	14	84.02	84.02	84.02
juego3	easy	0.0	0.008	1665	400	231	228	-3	14	84.03	84.03	84.03
juego3	easy	0.0	0.008	1673	400	231	228	-3	14	84.03	84.03	84.03
juego3	easy	0.0	0.008	1681	400	231	228	-3	14	84.01	84.01	84.01
juego3	easy	0.0	0.008	1690	400	231	228	-3	14	83.98	83.98	83.98
juego3	easy	0.0	0.008	1698	400	231	228	-3	14	83.97	83.97	83.97
juego3	easy	0.0	0.008	1707	400	231	228	-3	14	84.0	84.0	84.0
juego3	easy	0.0	0.008	1716	400	231	228	-3	14	84.02	84.02	84.02
juego3	easy	0.0	0.008	1725	400	231	228	-3	14	84.03	84.03	84.03
juego3	easy	0.0	0.008	1733	400	231	228	-3	14	84.01	84.01	84.01
juego3	easy	0.0	0.008	1741	400	231	228	-3	14	83.97	83.97	83.97
juego3	easy	0.0	0.008	1750	400	231	228	-3	14	83.95	83.95	83.95
juego3	easy	0.0	0.008	1759	400	231	228	-3	14	83.96	83.96	83.96
juego3	easy	0.0	0.008	1768	400	231	228	-3	14	83.99	83.99	83.99
juego3	easy	0.0	0.008	1776	400	231	228	-3	14	84.01	84.01	84.01
juego3	easy	0.0	0.008	1784	400	231	228	-3	14	83.98	83.98	83.98
juego3	easy	0.0	0.008	1793	400	231	228	-3	14	83.97	83.97	83.97
juego3	easy	0.0	0.008	1802	400	231	228	-3	14	83.96	83.96	83.96
juego3	easy	0.0	0.008	1811	400	231	228	-3	14	83.96	83.96	83.96
juego3	easy	0.0	0.008	1820	400	231	228	-3	14	83.96	83.96	83.96
juego3	easy	0.0	0.008	1828	400	231	228	-3	14	83.96	83.96	83.96
juego3	easy	0.0	0.008	1837	400	231	228	-3	14	83.97	83.97	83.97
juego3	easy	0.0	0.008	1846	400	231	228	-3	14	83.95	83.95	83.95
juego3	easy	0.0	0.008	1855	400	231	228	-3	14	83.94	83.94	83.94
juego3	easy	0.0	0.008	1864	400	231	228	-3	14	83.93	83.93	83.93
juego3	easy	0.0	0.008	1873	400	231	228	-3	14	83.91	83.91	83.91
juego3	easy	0.0	0.008	1883	400	231	228	-3	14	83.92	83.92	83.92
juego3	easy	0.0	0.008	1891	400	231	228	-3	14	83.93	83.93	83.93
juego3	easy	0.0	0.008	1900	400	231	228	-3	14	83.92	83.92	83.92
juego3	easy	0.0	0.008	1909	400	231	228	-3	14	83.91	83.91	83.91
juego3	easy	0.0	0.008	1918	400	231	228	-3	14	83.9	83.9	83.9
juego3	easy	0.0	0.008	1928	400	231	229	-2	14	83.88	83.88	83.88
juego3	easy	0.0	0.008	1936	400	231	229	-2	14	83.88	83.88	83.88
juego3	easy	0.0	0.008	1945	400	231	229	-2	14	83.86	83.86	83.86
juego3	easy	0.0	0.008	1952	400	231	229	-2	14	83.85	83.85	83.85
juego3	easy	0.0	0.008	1961	400	231	229	-2	14	83.84	83.84	83.84
juego3	easy	0.0	0.008	1970	400	231	229	-2	14	83.83	83.83	83.83
juego3	easy	0.0	0.008	1979	400	231	229	-2	14	83.83	83.83	83.83
juego3	easy	0.0	0.008	1988	400	231	229	-2	14	83.85	83.85	83.85
juego3	easy	0.0	0.008	1997	400	231	229	-2	14	83.86	83.86	83.86
juego3	easy	0.0	0.008	0	400	231	229	-2	15	83.85	83.85	83.85
juego3	easy	-90.0	0.008	9	400	428	229	-199	15	83.83	83.83	83.83
juego3	easy	-90.0	0.008	18	400	428	229	-199	15	83.82	83.82	83.82
juego3	easy	-90.0	0.008	27	400	428	229	-199	15	83.83	83.83	83.83
juego3	easy	-90.0	0.008	36	400	428	229	-199	15	83.85	83.85	83.85
juego3	easy	-90.0	0.008	44	400	428	229	-199	15	83.85	83.85	83.85
juego3	easy	-90.0	0.008	53	400	428	229	-199	15	83.85	83.85	83.85
juego3	easy	-90.0	0.008	62	400	428	229	-199	15	83.86	83.86	83.86
juego3	easy	-90.0	0.008	71	400	428	229	-199	15	83.87	83.87	83.87
juego3	easy	-90.0	0.008	80	400	428	229	-199	15	83.87	83.87	83.87
juego3	easy	-90.0	0.008	90	400	428	229	-199	15	83.87	83.87	83.87
juego3	easy	-90.0	0.008	99	400	428	229	-199	15	83.87	83.87	83.87
juego3	easy	-90.0	0.008	107	400	428	229	-199	15	83.88	83.88	83.88
juego3	easy	-90.0	0.008	116	400	428	228	-200	15	83.89	83.89	83.89
juego3	easy	-90.0	0.008	124	400	428	228	-200	15	83.89	83.89	83.89
juego3	easy	-90.0	0.008	133	400	428	228	-200	15	83.89	83.89	83.89
juego3	easy	-90.0	0.008	143	400	428	228	-200	15	83.9	83.9	83.9
juego3	easy	-90.0	0.008	151	400	428	228	-200	15	83.91	83.91	83.91
juego3	easy	-90.0	0.008	159	400	428	228	-200	15	83.91	83.91	83.91
juego3	easy	-90.0	0.008	168	400	428	228	-200	15	83.93	83.93	83.93
juego3	easy	-90.0	0.008	176	400	428	228	-200	15	83.94	83.94	83.94
juego3	easy	-90.0	0.008	184	400	428	228	-200	15	83.94	83.94	83.94
juego3	easy	-90.0	0.008	193	400	428	228	-200	15	83.93	83.93	83.93
juego3	easy	-90.0	0.008	202	400	428	228	-200	15	83.92	83.92	83.92
juego3	easy	-90.0	0.008	210	400	428	228	-200	15	83.92	83.92	83.92
juego3	easy	-90.0	0.008	219	400	428	228	-200	15	83.93	83.93	83.93
juego3	easy	-90.0	0.008	227	400	428	228	-200	15	83.94	83.94	83.94
juego3	easy	-90.0	0.008	236	400	428	228	-200	15	83.95	83.95	83.95
juego3	easy	-90.0	0.008	245	400	428	228	-200	15	83.95	83.95	83.95
juego3	easy	-90.0	0.008	253	400	428	228	-200	15	83.96	83.96	83.96
juego3	easy	-90.0	0.008	262	400	428	228	-200	15	83.97	83.97	83.97
juego3	easy	-90.0	0.008	270	400	428	228	-200	15	83.98	83.98	83.98
juego3	easy	-90.0	0.008	279	400	428	228	-200	15	83.98	83.98	83.98
juego3	easy	-90.0	0.008	288	400	428	228	-200	15	83.97	83.97	83.97
juego3	easy	-90.0	0.008	296	400	428	228	-200	15	83.97	83.97	83.97
juego3	easy	-90.0	0.008	305	400	428	228	-200	15	83.99	83.99	83.99
juego3	easy	-90.0	0.008	313	400	428	228	-200	15	84.01	84.01	84.01
juego3	easy	-90.0	0.008	322	400	428	228	-200	15	84.03	84.03	84.03
juego3	easy	-90.0	0.008	331	400	428	228	-200	15	84.04	84.04	84.04
juego3	easy	-90.0	0.008	341	400	428	228	-200	15	84.04	84.04	84.04
juego3	easy	-90.0	0.008	348	400	428	228	-200	15	84.04	84.04	84.04
juego3	easy	-90.0	0.008	357	400	428	228	-200	15	84.04	84.04	84.04
juego3	easy	-90.0	0.008	366	400	428	228	-200	15	84.01	84.01	84.01
juego3	easy	-90.0	0.008	374	400	428	228	-200	15	83.98	83.98	83.98
juego3	easy	-90.0	0.008	384	400	428	229	-199	15	83.82	83.82	83.82
juego3	easy	-90.0	0.008	392	400	428	230	-198	15	83.52	83.52	83.52
juego3	easy	-90.0	0.008	400	400	428	232	-196	15	82.98	82.98	82.98
juego3	easy	-90.0	0.008	408	400	428	234	-194	15	82.58	82.58	82.58
juego3	easy	-90.0	0.008	416	400	428	238	-190	15	81.56	81.56	81.56
juego3	easy	-90.0	0.008	425	400	428	243	-185	15	80.24	80.24	80.24
juego3	easy	-90.0	0.008	434	400	428	246	-182	15	79.46	79.46	79.46
juego3	easy	-90.0	0.008	442	400	428	252	-176	15	77.75	77.75	77.75
juego3	easy	-90.0	0.008	452	400	428	259	-169	15	76.04	76.04	76.04
juego3	easy	-90.0	0.008	460	400	428	265	-163	15	74.42	74.42	74.42
juego3	easy	-90.0	0.008	470	400	428	268	-160	15	73.8	73.8	73.8
juego3	easy	-90.0	0.008	477	400	428	270	-158	15	73.17	73.17	73.17
juego3	easy	-90.0	0.008	486	400	428	274	-154	15	72.13	72.13	72.13
juego3	easy	-90.0	0.008	495	400	428	280	-148	15	70.67	70.67	70.67
juego3	easy	-90.0	0.008	504	400	428	287	-141	15	68.98	68.98	68.98
juego3	easy	-90.0	0.008	513	400	428	295	-133	15	66.7	66.7	66.7
juego3	easy	-90.0	0.008	521	400	428	304	-124	15	64.14	64.14	64.14
juego3	easy	-90.0	0.008	529	400	428	309	-119	15	62.84	62.84	62.84
juego3	easy	-90.0	0.008	538	400	428	316	-112	15	61.06	61.06	61.06
juego3	easy	-90.0	0.008	548	400	428	327	-101	15	58.21	58.21	58.21
juego3	easy	-90.0	0.008	557	400	428	335	-93	15	56.27	56.27	56.27
juego3	easy	-90.0	0.008	565	400	428	338	-90	15	55.4	55.4	55.4
juego3	easy	-90.0	0.008	573	400	428	345	-83	15	53.76	53.76	53.76
juego3	easy	-90.0	0.008	582	400	428	351	-77	15	52.14	52.14	52.14
juego3	easy	-90.0	0.008	591	400	428	358	-70	15	50.46	50.46	50.46
juego3	easy	-90.0	0.008	599	400	428	361	-67	15	49.55	49.55	49.55
juego3	easy	-90.0	0.008	608	400	428	368	-60	15	47.72	47.72	47.72
juego3	easy	-90.0	0.008	618	400	428	372	-56	15	46.83	46.83	46.83
juego3	easy	-90.0	0.008	627	400	428	379	-49	15	45.06	45.06	45.06
juego3	easy	-90.0	0.008	635	400	428	385	-43	15	43.44	43.44	43.44
juego3	easy	-90.0	0.008	644	400	428	391	-37	15	41.95	41.95	41.95
juego3	easy	-90.0	0.008	653	400	428	396	-32	15	40.65	40.65	40.65
juego3	easy	-90.0	0.008	661	400	428	400	-28	15	39.47	39.47	39.47
juego3	easy	-90.0	0.008	671	400	428	405	-23	15	38.4	38.4	38.4
juego3	easy	-90.0	0.008	679	400	428	407	-21	15	37.86	37.86	37.86
juego3	easy	-90.0	0.008	688	400	428	411	-17	15	36.81	36.81	36.81
juego3	easy	-90.0	0.008	697	400	428	416	-12	15	35.6	35.6	35.6
juego3	easy	-90.0	0.008	706	400	428	421	-7	15	34.23	34.23	34.23
juego3	easy	-90.0	0.008	715	400	428	424	-4	15	33.51	33.51	33.51
juego3	easy	-90.0	0.008	724	400	428	427	-1	15	32.78	32.78	32.78
juego3	easy	-90.0	0.008	732	400	428	431	3	15	31.62	31.62	31.62
juego3	easy	-90.0	0.008	741	400	428	440	12	15	29.43	29.43	29.43
juego3	easy	-90.0	0.008	749	400	428	442	14	15	28.83	28.83	28.83
juego3	easy	-90.0	0.008	758	400	428	446	18	15	27.69	27.69	27.69
juego3	easy	-90.0	0.008	767	400	428	450	22	15	26.68	26.68	26.68
juego3	easy	-90.0	0.008	774	400	428	452	24	15	26.2	26.2	26.2
juego3	easy	-90.0	0.008	783	400	428	455	27	15	25.37	25.37	25.37
juego3	easy	-90.0	0.008	792	400	428	458	30	15	24.75	24.75	24.75
juego3	easy	-90.0	0.008	801	400	428	460	32	15	24.29	24.29	24.29
juego3	easy	-90.0	0.008	809	400	428	461	33	15	24.04	24.04	24.04
juego3	easy	-90.0	0.008	818	400	428	462	34	15	23.65	23.65	23.65
juego3	easy	-90.0	0.008	826	400	428	464	36	15	23.27	23.27	23.27
juego3	easy	-90.0	0.008	835	400	428	464	36	15	23.09	23.09	23.09
juego3	easy	-90.0	0.008	843	400	428	465	37	15	22.92	22.92	22.92
juego3	easy	-90.0	0.008	852	400	428	466	38	15	22.76	22.76	22.76
juego3	easy	-90.0	0.008	861	400	428	466	38	15	22.55	22.55	22.55
juego3	easy	-90.0	0.008	870	400	428	467	39	15	22.5	22.5	22.5
juego3	easy	-90.0	0.008	879	400	428	467	39	15	22.43	22.43	22.43
juego3	easy	-90.0	0.008	888	400	428	467	39	15	22.43	22.43	22.43
juego3	easy	-90.0	0.008	897	400	428	467	39	15	22.49	22.49	22.49
juego3	easy	-90.0	0.008	907	400	428	466	38	15	22.55	22.55	22.55
juego3	easy	-90.0	0.008	915	400	428	466	38	15	22.57	22.57	22.57
juego3	easy	-90.0	0.008	923	400	428	466	38	15	22.56	22.56	22.56
juego3	easy	-90.0	0.008	932	400	428	466	38	15	22.61	22.61	22.61
juego3	easy	-90.0	0.008	941	400	428	466	38	15	22.7	22.7	22.7
juego3	easy	-90.0	0.008	950	400	428	466	38	15	22.76	22.76	22.76
juego3	easy	-90.0	0.008	960	400	428	465	37	15	22.85	22.85	22.85
juego3	easy	-90.0	0.008	969	400	428	465	37	15	22.89	22.89	22.89
juego3	easy	-90.0	0.008	978	400	428	465	37	15	22.96	22.96	22.96
juego3	easy	-90.0	0.008	986	400	428	465	37	15	23.02	23.02	23.02
juego3	easy	-90.0	0.008	994	400	428	464	36	15	23.15	23.15	23.15
juego3	easy	-90.0	0.008	1003	400	428	463	35	15	23.31	23.31	23.31
juego3	easy	-90.0	0.008	1012	400	428	463	35	15	23.4	23.4	23.4
juego3	easy	-90.0	0.008	1020	400	428	463	35	15	23.45	23.45	23.45
juego3	easy	-90.0	0.008	1029	400	428	462	34	15	23.61	23.61	23.61
juego3	easy	-90.0	0.008	1038	400	428	462	34	15	23.79	23.79	23.79
juego3	easy	-90.0	0.008	1047	400	428	461	33	15	24.0	24.0	24.0
juego3	easy	-90.0	0.008	1055	400	428	460	32	15	24.1	24.1	24.1
juego3	easy	-90.0	0.008	1064	400	428	460	32	15	24.27	24.27	24.27
juego3	easy	-90.0	0.008	1073	400	428	459	31	15	24.41	24.41	24.41
juego3	easy	-90.0	0.008	1082	400	428	459	31	15	24.54	24.54	24.54
juego3	easy	-90.0	0.008	1090	400	428	458	30	15	24.61	24.61	24.61
juego3	easy	-90.0	0.008	1098	400	428	458	30	15	24.76	24.76	24.76
juego3	easy	-90.0	0.008	1107	400	428	457	29	15	24.88	24.88	24.88
juego3	easy	-90.0	0.008	1116	400	428	457	29	15	24.94	24.94	24.94
juego3	easy	-90.0	0.008	1125	400	428	457	29	15	25.05	25.05	25.05
juego3	easy	-90.0	0.008	1135	400	428	456	28	15	25.17	25.17	25.17
juego3	easy	-90.0	0.008	1143	400	428	456	28	15	25.3	25.3	25.3
juego3	easy	-90.0	0.008	1153	400	428	455	27	15	25.42	25.42	25.42
juego3	easy	-90.0	0.008	1162	400	428	455	27	15	25.54	25.54	25.54
juego3	easy	-90.0	0.008	1169	400	428	454	26	15	25.6	25.6	25.6
juego3	easy	-90.0	0.008	1178	400	428	454	26	15	25.69	25.69	25.69
juego3	easy	-90.0	0.008	1187	400	428	454	26	15	25.77	25.77	25.77
juego3	easy	-90.0	0.008	1195	400	428	454	26	15	25.78	25.78	25.78
juego3	easy	-90.0	0.008	1203	400	428	454	26	15	25.83	25.83	25.83
juego3	easy	-90.0	0.008	1212	400	428	453	25	15	25.9	25.9	25.9
juego3	easy	-90.0	0.008	1221	400	428	453	25	15	25.94	25.94	25.94
juego3	easy	-90.0	0.008	1230	400	428	453	25	15	26.02	26.02	26.02
juego3	easy	-90.0	0.008	1239	400	428	453	25	15	26.08	26.08	26.08
juego3	easy	-90.0	0.008	1247	400	428	452	24	15	26.11	26.11	26.11
juego3	easy	-90.0	0.008	1255	400	428	452	24	15	26.17	26.17	26.17
juego3	easy	-90.0	0.008	1263	400	428	452	24	15	26.24	26.24	26.24
juego3	easy	-90.0	0.008	1272	400	428	452	24	15	26.28	26.28	26.28
juego3	easy	-90.0	0.008	1281	400	428	452	24	15	26.35	26.35	26.35
juego3	easy	-90.0	0.008	1289	400	428	451	23	15	26.41	26.41	26.41
juego3	easy	-90.0	0.008	1297	400	428	451	23	15	26.45	26.45	26.45
juego3	easy	-90.0	0.008	1306	400	428	451	23	15	26.47	26.47	26.47
juego3	easy	-90.0	0.008	1316	400	428	451	23	15	26.51	26.51	26.51
juego3	easy	-90.0	0.008	1324	400	428	451	23	15	26.55	26.55	26.55
juego3	easy	-90.0	0.008	1332	400	428	451	23	15	26.59	26.59	26.59
juego3	easy	-90.0	0.008	1341	400	428	451	23	15	26.6	26.6	26.6
juego3	easy	-90.0	0.008	1350	400	428	451	23	15	26.62	26.62	26.62
juego3	easy	-90.0	0.008	1359	400	428	450	22	15	26.63	26.63	26.63
juego3	easy	-90.0	0.008	1367	400	428	450	22	15	26.66	26.66	26.66
juego3	easy	-90.0	0.008	1374	400	428	450	22	15	26.69	26.69	26.69
juego3	easy	-90.0	0.008	1383	400	428	450	22	15	26.73	26.73	26.73
juego3	easy	-90.0	0.008	1392	400	428	450	22	15	26.76	26.76	26.76
juego3	easy	-90.0	0.008	1401	400	428	450	22	15	26.77	26.77	26.77
juego3	easy	-90.0	0.008	1410	400	428	450	22	15	26.8	26.8	26.8
juego3	easy	-90.0	0.008	1419	400	428	450	22	15	26.85	26.85	26.85
juego3	easy	-90.0	0.008	1428	400	428	450	22	15	26.88	26.88	26.88
juego3	easy	-90.0	0.008	1437	400	428	449	21	15	26.92	26.92	26.92
juego3	easy	-90.0	0.008	1446	400	428	449	21	15	26.94	26.94	26.94
juego3	easy	-90.0	0.008	1456	400	428	449	21	15	26.97	26.97	26.97
juego3	easy	-90.0	0.008	1464	400	428	449	21	15	26.99	26.99	26.99
juego3	easy	-90.0	0.008	1472	400	428	449	21	15	27.0	27.0	27.0
juego3	easy	-90.0	0.008	1481	400	428	449	21	15	27.02	27.02	27.02
juego3	easy	-90.0	0.008	1489	400	428	449	21	15	27.04	27.04	27.04
juego3	easy	-90.0	0.008	1499	400	428	449	21	15	27.06	27.06	27.06
juego3	easy	-90.0	0.008	1506	400	428	449	21	15	27.08	27.08	27.08
juego3	easy	-90.0	0.008	1515	400	428	449	21	15	27.09	27.09	27.09
juego3	easy	-90.0	0.008	1523	400	428	449	21	15	27.11	27.11	27.11
juego3	easy	-90.0	0.008	1531	400	428	449	21	15	27.11	27.11	27.11
juego3	easy	-90.0	0.008	1540	400	428	449	21	15	27.12	27.12	27.12
juego3	easy	-90.0	0.008	1550	400	428	448	20	15	27.14	27.14	27.14
juego3	easy	-90.0	0.008	1558	400	428	448	20	15	27.17	27.17	27.17
juego3	easy	-90.0	0.008	1566	400	428	448	20	15	27.18	27.18	27.18
juego3	easy	-90.0	0.008	1575	400	428	448	20	15	27.2	27.2	27.2
juego3	easy	-90.0	0.008	1583	400	428	448	20	15	27.23	27.23	27.23
juego3	easy	-90.0	0.008	1592	400	428	448	20	15	27.24	27.24	27.24
juego3	easy	-90.0	0.008	1601	400	428	448	20	15	27.26	27.26	27.26
juego3	easy	-90.0	0.008	1610	400	428	448	20	15	27.27	27.27	27.27
juego3	easy	-90.0	0.008	1619	400	428	448	20	15	27.29	27.29	27.29
juego3	easy	-90.0	0.008	1628	400	428	448	20	15	27.32	27.32	27.32
juego3	easy	-90.0	0.008	1638	400	428	448	20	15	27.34	27.34	27.34
juego3	easy	-90.0	0.008	1646	400	428	448	20	15	27.36	27.36	27.36
juego3	easy	-90.0	0.008	1655	400	428	448	20	15	27.37	27.37	27.37
juego3	easy	-90.0	0.008	1663	400	428	448	20	15	27.38	27.38	27.38
juego3	easy	-90.0	0.008	1671	400	428	448	20	15	27.39	27.39	27.39
juego3	easy	-90.0	0.008	1681	400	428	447	19	15	27.42	27.42	27.42
juego3	easy	-90.0	0.008	1689	400	428	447	19	15	27.44	27.44	27.44
juego3	easy	-90.0	0.008	1697	400	428	447	19	15	27.45	27.45	27.45
juego3	easy	-90.0	0.008	1705	400	428	447	19	15	27.47	27.47	27.47
juego3	easy	-90.0	0.008	1714	400	428	447	19	15	27.49	27.49	27.49
juego3	easy	-90.0	0.008	1723	400	428	447	19	15	27.51	27.51	27.51
juego3	easy	-90.0	0.008	1732	400	428	447	19	15	27.53	27.53	27.53
juego3	easy	-90.0	0.008	1741	400	428	447	19	15	27.55	27.55	27.55
juego3	easy	-90.0	0.008	1750	400	428	447	19	15	27.57	27.57	27.57
juego3	easy	-90.0	0.008	1759	400	428	447	19	15	27.59	27.59	27.59
juego3	easy	-90.0	0.008	1768	400	428	447	19	15	27.61	27.61	27.61
juego3	easy	-90.0	0.008	1777	400	428	447	19	15	27.62	27.62	27.62
juego3	easy	-90.0	0.008	1786	400	428	447	19	15	27.65	27.65	27.65
juego3	easy	-90.0	0.008	1794	400	428	446	18	15	27.67	27.67	27.67
juego3	easy	-90.0	0.008	1804	400	428	446	18	15	27.68	27.68	27.68
juego3	easy	-90.0	0.008	1812	400	428	446	18	15	27.7	27.7	27.7
juego3	easy	-90.0	0.008	1821	400	428	446	18	15	27.71	27.71	27.71
juego3	easy	-90.0	0.008	1830	400	428	446	18	15	27.73	27.73	27.73
juego3	easy	-90.0	0.008	1839	400	428	446	18	15	27.75	27.75	27.75
juego3	easy	-90.0	0.008	1848	400	428	446	18	15	27.78	27.78	27.78
juego3	easy	-90.0	0.008	1857	400	428	446	18	15	27.78	27.78	27.78
juego3	easy	-90.0	0.008	1866	400	428	446	18	15	27.8	27.8	27.8
juego3	easy	-90.0	0.008	1875	400	428	446	18	15	27.83	27.83	27.83
juego3	easy	-90.0	0.008	1884	400	428	446	18	15	27.87	27.87	27.87
juego3	easy	-90.0	0.008	1894	400	428	446	18	15	27.9	27.9	27.9
juego3	easy	-90.0	0.008	1902	400	428	445	17	15	27.91	27.91	27.91
juego3	easy	-90.0	0.008	1911	400	428	445	17	15	27.94	27.94	27.94
juego3	easy	-90.0	0.008	1919	400	428	445	17	15	27.96	27.96	27.96
juego3	easy	-90.0	0.008	1928	400	428	445	17	15	27.97	27.97	27.97
juego3	easy	-90.0	0.008	1938	400	428	445	17	15	28.0	28.0	28.0
juego3	easy	-90.0	0.008	1946	400	428	445	17	15	28.03	28.03	28.03
juego3	easy	-90.0	0.008	1955	400	428	445	17	15	28.05	28.05	28.05
juego3	easy	-90.0	0.008	1964	400	428	445	17	15	28.08	28.08	28.08
juego3	easy	-90.0	0.008	1972	400	428	445	17	15	28.09	28.09	28.09
juego3	easy	-90.0	0.008	1981	400	428	445	17	15	28.12	28.12	28.12
juego3	easy	-90.0	0.008	1990	400	428	445	17	15	28.15	28.15	28.15
juego3	easy	-90.0	0.008	1998	400	428	445	17	15	28.16	28.16	28.16
juego3	easy	-90.0	0.008	0	400	428	444	16	16	28.17	28.17	28.17
juego3	easy	0.0	0.008	9	400	231	444	213	16	28.19	28.19	28.19
juego3	easy	0.0	0.008	18	400	231	444	213	16	28.22	28.22	28.22
juego3	easy	0.0	0.008	27	400	231	444	213	16	28.23	28.23	28.23
juego3	easy	0.0	0.008	36	400	231	444	213	16	28.25	28.25	28.25
juego3	easy	0.0	0.008	45	400	231	444	213	16	28.26	28.26	28.26
juego3	easy	0.0	0.008	53	400	231	444	213	16	28.27	28.27	28.27
juego3	easy	0.0	0.008	62	400	231	444	213	16	28.28	28.28	28.28
juego3	easy	0.0	0.008	71	400	231	444	213	16	28.3	28.3	28.3
juego3	easy	0.0	0.008	80	400	231	444	213	16	28.32	28.32	28.32
juego3	easy	0.0	0.008	89	400	231	444	213	16	28.36	28.36	28.36
juego3	easy	0.0	0.008	97	400	231	444	213	16	28.37	28.37	28.37
juego3	easy	0.0	0.008	106	400	231	444	213	16	28.4	28.4	28.4
juego3	easy	0.0	0.008	115	400	231	443	212	16	28.44	28.44	28.44
juego3	easy	0.0	0.008	124	400	231	443	212	16	28.48	28.48	28.48
juego3	easy	0.0	0.008	132	400	231	443	212	16	28.5	28.5	28.5
juego3	easy	0.0	0.008	141	400	231	443	212	16	28.57	28.57	28.57
juego3	easy	0.0	0.008	149	400	231	443	212	16	28.66	28.66	28.66
juego3	easy	0.0	0.008	158	400	231	442	211	16	28.77	28.77	28.77
juego3	easy	0.0	0.008	167	400	231	442	211	16	28.83	28.83	28.83
juego3	easy	0.0	0.008	175	400	231	441	210	16	28.97	28.97	28.97
juego3	easy	0.0	0.008	184	400	231	441	210	16	29.05	29.05	29.05
juego3	easy	0.0	0.008	193	400	231	440	209	16	29.24	29.24	29.24
juego3	easy	0.0	0.008	201	400	231	439	208	16	29.5	29.5	29.5
juego3	easy	0.0	0.008	209	400	231	438	207	16	29.9	29.9	29.9
juego3	easy	0.0	0.008	217	400	231	437	206	16	30.16	30.16	30.16
juego3	easy	0.0	0.008	226	400	231	434	203	16	30.83	30.83	30.83
juego3	easy	0.0	0.008	236	400	231	431	200	16	31.7	31.7	31.7
juego3	easy	0.0	0.008	244	400	231	427	196	16	32.74	32.74	32.74
juego3	easy	0.0	0.008	252	400	231	424	193	16	33.3	33.3	33.3
juego3	easy	0.0	0.008	261	400	231	419	188	16	34.8	34.8	34.8
juego3	easy	0.0	0.008	269	400	231	411	180	16	36.87	36.87	36.87
juego3	easy	0.0	0.008	278	400	231	402	171	16	39.13	39.13	39.13
juego3	easy	0.0	0.008	287	400	231	397	166	16	40.38	40.38	40.38
juego3	easy	0.0	0.008	296	400	231	387	156	16	42.94	42.94	42.94
juego3	easy	0.0	0.008	305	400	231	378	147	16	45.36	45.36	45.36
juego3	easy	0.0	0.008	313	400	231	373	142	16	46.53	46.53	46.53
juego3	easy	0.0	0.008	320	400	231	367	136	16	47.94	47.94	47.94
juego3	easy	0.0	0.008	330	400	231	359	128	16	50.03	50.03	50.03
juego3	easy	0.0	0.008	339	400	231	345	114	16	53.79	53.79	53.79
juego3	easy	0.0	0.008	347	400	231	340	109	16	55.06	55.06	55.06
juego3	easy	0.0	0.008	356	400	231	330	99	16	57.59	57.59	57.59
juego3	easy	0.0	0.008	365	400	231	320	89	16	60.1	60.1	60.1
juego3	easy	0.0	0.008	373	400	231	315	84	16	61.38	61.38	61.38
juego3	easy	0.0	0.008	382	400	231	305	74	16	63.97	63.97	63.97
juego3	easy	0.0	0.008	391	400	231	297	66	16	66.39	66.39	66.39
juego3	easy	0.0	0.008	400	400	231	288	57	16	68.68	68.68	68.68
juego3	easy	0.0	0.008	408	400	231	283	52	16	69.95	69.95	69.95
juego3	easy	0.0	0.008	417	400	231	273	42	16	72.58	72.58	72.58
juego3	easy	0.0	0.008	425	400	231	262	31	16	75.4	75.4	75.4
juego3	easy	0.0	0.008	434	400	231	256	25	16	76.8	76.8	76.8
juego3	easy	0.0	0.008	443	400	231	246	15	16	79.46	79.46	79.46
juego3	easy	0.0	0.008	452	400	231	237	6	16	81.71	81.71	81.71
juego3	easy	0.0	0.008	461	400	231	230	-1	16	83.42	83.42	83.42
juego3	easy	0.0	0.008	471	400	231	226	-5	16	84.62	84.62	84.62
juego3	easy	0.0	0.008	479	400	231	222	-9	16	85.46	85.46	85.46
juego3	easy	0.0	0.008	489	400	231	221	-10	16	85.79	85.79	85.79
juego3	easy	0.0	0.008	497	400	231	220	-11	16	86.12	86.12	86.12
juego3	easy	0.0	0.008	506	400	231	219	-12	16	86.27	86.27	86.27
juego3	easy	0.0	0.008	514	400	231	219	-12	16	86.43	86.43	86.43
juego3	easy	0.0	0.008	522	400	231	218	-13	16	86.68	86.68	86.68
juego3	easy	0.0	0.008	531	400	231	217	-14	16	86.89	86.89	86.89
juego3	easy	0.0	0.008	540	400	231	216	-15	16	87.05	87.05	87.05
juego3	easy	0.0	0.008	549	400	231	216	-15	16	87.11	87.11	87.11
juego3	easy	0.0	0.008	558	400	231	216	-15	16	87.13	87.13	87.13
juego3	easy	0.0	0.008	566	400	231	216	-15	16	87.17	87.17	87.17
juego3	easy	0.0	0.008	575	400	231	215	-16	16	87.25	87.25	87.25
juego3	easy	0.0	0.008	584	400	231	215	-16	16	87.29	87.29	87.29
juego3	easy	0.0	0.008	593	400	231	215	-16	16	87.37	87.37	87.37
juego3	easy	0.0	0.008	601	400	231	215	-16	16	87.43	87.43	87.43
juego3	easy	0.0	0.008	611	400	231	215	-16	16	87.46	87.46	87.46
juego3	easy	0.0	0.008	619	400	231	215	-16	16	87.46	87.46	87.46
juego3	easy	0.0	0.008	628	400	231	215	-16	16	87.45	87.45	87.45
juego3	easy	0.0	0.008	638	400	231	215	-16	16	87.38	87.38	87.38
juego3	easy	0.0	0.008	646	400	231	215	-16	16	87.27	87.27	87.27
juego3	easy	0.0	0.008	654	400	231	216	-15	16	87.19	87.19	87.19
juego3	easy	0.0	0.008	662	400	231	216	-15	16	87.04	87.04	87.04
juego3	easy	0.0	0.008	671	400	231	217	-14	16	86.86	86.86	86.86
juego3	easy	0.0	0.008	679	400	231	217	-14	16	86.76	86.76	86.76
juego3	easy	0.0	0.008	688	400	231	218	-13	16	86.56	86.56	86.56
juego3	easy	0.0	0.008	696	400	231	219	-12	16	86.34	86.34	86.34
juego3	easy	0.0	0.008	703	400	231	219	-12	16	86.24	86.24	86.24
juego3	easy	0.0	0.008	712	400	231	220	-11	16	86.06	86.06	86.06
juego3	easy	0.0	0.008	720	400	231	221	-10	16	85.91	85.91	85.91
juego3	easy	0.0	0.008	729	400	231	221	-10	16	85.76	85.76	85.76
juego3	easy	0.0	0.008	738	400	231	221	-10	16	85.69	85.69	85.69
juego3	easy	0.0	0.008	747	400	231	222	-9	16	85.55	85.55	85.55
juego3	easy	0.0	0.008	756	400	231	223	-8	16	85.36	85.36	85.36
juego3	easy	0.0	0.008	765	400	231	224	-7	16	85.16	85.16	85.16
juego3	easy	0.0	0.008	773	400	231	224	-7	16	85.06	85.06	85.06
juego3	easy	0.0	0.008	783	400	231	224	-7	16	84.92	84.92	84.92
juego3	easy	0.0	0.008	791	400	231	225	-6	16	84.83	84.83	84.83
juego3	easy	0.0	0.008	800	400	231	225	-6	16	84.76	84.76	84.76
juego3	easy	0.0	0.008	808	400	231	225	-6	16	84.72	84.72	84.72
juego3	easy	0.0	0.008	817	400	231	226	-5	16	84.62	84.62	84.62
juego3	easy	0.0	0.008	825	400	231	226	-5	16	84.49	84.49	84.49
juego3	easy	0.0	0.008	834	400	231	226	-5	16	84.42	84.42	84.42
juego3	easy	0.0	0.008	843	400	231	227	-4	16	84.31	84.31	84.31
juego3	easy	0.0	0.008	852	400	231	227	-4	16	84.19	84.19	84.19
juego3	easy	0.0	0.008	860	400	231	228	-3	16	84.07	84.07	84.07
juego3	easy	0.0	0.008	869	400	231	228	-3	16	84.01	84.01	84.01
juego3	easy	0.0	0.008	878	400	231	228	-3	16	83.89	83.89	83.89
juego3	easy	0.0	0.008	886	400	231	229	-2	16	83.77	83.77	83.77
juego3	easy	0.0	0.008	895	400	231	229	-2	16	83.73	83.73	83.73
juego3	easy	0.0	0.008	903	400	231	229	-2	16	83.65	83.65	83.65
juego3	easy	0.0	0.008	912	400	231	230	-1	16	83.58	83.58	83.58
juego3	easy	0.0	0.008	921	400	231	230	-1	16	83.52	83.52	83.52
juego3	easy	0.0	0.008	930	400	231	230	-1	16	83.45	83.45	83.45
juego3	easy	0.0	0.008	938	400	231	230	-1	16	83.42	83.42	83.42
juego3	easy	0.0	0.008	948	400	231	230	-1	16	83.37	83.37	83.37
juego3	easy	0.0	0.008	956	400	231	231	0	16	83.35	83.35	83.35
juego3	easy	0.0	0.008	965	400	231	231	0	16	83.34	83.34	83.34
juego3	easy	0.0	0.008	974	400	231	231	0	16	83.31	83.31	83.31
juego3	easy	0.0	0.008	983	400	231	231	0	16	83.29	83.29	83.29
juego3	easy	0.0	0.008	991	400	231	231	0	16	83.26	83.26	83.26
juego3	easy	0.0	0.008	1001	400	231	231	0	16	83.23	83.23	83.23
juego3	easy	0.0	0.008	1009	400	231	231	0	16	83.22	83.22	83.22
juego3	easy	0.0	0.008	1018	400	231	231	0	16	83.22	83.22	83.22
juego3	easy	0.0	0.008	1026	400	231	231	0	16	83.22	83.22	83.22
juego3	easy	0.0	0.008	1034	400	231	231	0	16	83.21	83.21	83.21
juego3	easy	0.0	0.008	1043	400	231	231	0	16	83.18	83.18	83.18
juego3	easy	0.0	0.008	1052	400	231	231	0	16	83.17	83.17	83.17
juego3	easy	0.0	0.008	1061	400	231	231	0	16	83.18	83.18	83.18
juego3	easy	0.0	0.008	1069	400	231	231	0	16	83.18	83.18	83.18
juego3	easy	0.0	0.008	1079	400	231	231	0	16	83.19	83.19	83.19
juego3	easy	0.0	0.008	1087	400	231	231	0	16	83.18	83.18	83.18
juego3	easy	0.0	0.008	1095	400	231	231	0	16	83.17	83.17	83.17
juego3	easy	0.0	0.008	1104	400	231	231	0	16	83.17	83.17	83.17
juego3	easy	0.0	0.008	1113	400	231	231	0	16	83.17	83.17	83.17
juego3	easy	0.0	0.008	1121	400	231	231	0	16	83.17	83.17	83.17
juego3	easy	0.0	0.008	1129	400	231	231	0	16	83.16	83.16	83.16
juego3	easy	0.0	0.008	1137	400	231	231	0	16	83.14	83.14	83.14
juego3	easy	0.0	0.008	1146	400	231	231	0	16	83.15	83.15	83.15
juego3	easy	0.0	0.008	1155	400	231	231	0	16	83.16	83.16	83.16
juego3	easy	0.0	0.008	1164	400	231	231	0	16	83.16	83.16	83.16
juego3	easy	0.0	0.008	1174	400	231	231	0	16	83.14	83.14	83.14
juego3	easy	0.0	0.008	1183	400	231	232	1	16	83.09	83.09	83.09
juego3	easy	0.0	0.008	1191	400	231	232	1	16	83.04	83.04	83.04
juego3	easy	0.0	0.008	1200	400	231	232	1	16	83.02	83.02	83.02
juego3	easy	0.0	0.008	1209	400	231	232	1	16	82.99	82.99	82.99
juego3	easy	0.0	0.008	1218	400	231	232	1	16	82.94	82.94	82.94
juego3	easy	0.0	0.008	1227	400	231	232	1	16	82.89	82.89	82.89
juego3	easy	0.0	0.008	1236	400	231	233	2	16	82.85	82.85	82.85
juego3	easy	0.0	0.008	1245	400	231	233	2	16	82.83	82.83	82.83
juego3	easy	0.0	0.008	1254	400	231	233	2	16	82.8	82.8	82.8
juego3	easy	0.0	0.008	1262	400	231	233	2	16	82.77	82.77	82.77
juego3	easy	0.0	0.008	1271	400	231	233	2	16	82.75	82.75	82.75
juego3	easy	0.0	0.008	1278	400	231	233	2	16	82.71	82.71	82.71
juego3	easy	0.0	0.008	1288	400	231	233	2	16	82.7	82.7	82.7
juego3	easy	0.0	0.008	1296	400	231	233	2	16	82.73	82.73	82.73
juego3	easy	0.0	0.008	1304	400	231	233	2	16	82.74	82.74	82.74
juego3	easy	0.0	0.008	1313	400	231	233	2	16	82.75	82.75	82.75
juego3	easy	0.0	0.008	1322	400	231	233	2	16	82.75	82.75	82.75
juego3	easy	0.0	0.008	1330	400	231	233	2	16	82.74	82.74	82.74
juego3	easy	0.0	0.008	1338	400	231	233	2	16	82.73	82.73	82.73
juego3	easy	0.0	0.008	1347	400	231	233	2	16	82.72	82.72	82.72
juego3	easy	0.0	0.008	1356	400	231	233	2	16	82.72	82.72	82.72
juego3	easy	0.0	0.008	1365	400	231	233	2	16	82.71	82.71	82.71
juego3	easy	0.0	0.008	1374	400	231	233	2	16	82.69	82.69	82.69
juego3	easy	0.0	0.008	1383	400	231	233	2	16	82.68	82.68	82.68
juego3	easy	0.0	0.008	1391	400	231	233	2	16	82.65	82.65	82.65
juego3	easy	0.0	0.008	1399	400	231	233	2	16	82.65	82.65	82.65
juego3	easy	0.0	0.008	1408	400	231	233	2	16	82.65	82.65	82.65
juego3	easy	0.0	0.008	1416	400	231	233	2	16	82.63	82.63	82.63
juego3	easy	0.0	0.008	1425	400	231	233	2	16	82.61	82.61	82.61
juego3	easy	0.0	0.008	1433	400	231	234	3	16	82.58	82.58	82.58
juego3	easy	0.0	0.008	1441	400	231	234	3	16	82.57	82.57	82.57
juego3	easy	0.0	0.008	1450	400	231	234	3	16	82.57	82.57	82.57
juego3	easy	0.0	0.008	1459	400	231	234	3	16	82.57	82.57	82.57
juego3	easy	0.0	0.008	1467	400	231	234	3	16	82.56	82.56	82.56
juego3	easy	0.0	0.008	1476	400	231	234	3	16	82.54	82.54	82.54
juego3	easy	0.0	0.008	1485	400	231	234	3	16	82.51	82.51	82.51
juego3	easy	0.0	0.008	1493	400	231	234	3	16	82.5	82.5	82.5
juego3	easy	0.0	0.008	1502	400	231	234	3	16	82.51	82.51	82.51
juego3	easy	0.0	0.008	1511	400	231	234	3	16	82.52	82.52	82.52
juego3	easy	0.0	0.008	1520	400	231	234	3	16	82.52	82.52	82.52
juego3	easy	0.0	0.008	1529	400	231	234	3	16	82.51	82.51	82.51
juego3	easy	0.0	0.008	1538	400	231	234	3	16	82.5	82.5	82.5
juego3	easy	0.0	0.008	1546	400	231	234	3	16	82.49	82.49	82.49
juego3	easy	0.0	0.008	1555	400	231	234	3	16	82.5	82.5	82.5
juego3	easy	0.0	0.008	1563	400	231	234	3	16	82.5	82.5	82.5
juego3	easy	0.0	0.008	1572	400	231	234	3	16	82.49	82.49	82.49
juego3	easy	0.0	0.008	1580	400	231	234	3	16	82.49	82.49	82.49
juego3	easy	0.0	0.008	1588	400	231	234	3	16	82.46	82.46	82.46
juego3	easy	0.0	0.008	1597	400	231	234	3	16	82.44	82.44	82.44
juego3	easy	0.0	0.008	1606	400	231	234	3	16	82.44	82.44	82.44
juego3	easy	0.0	0.008	1615	400	231	234	3	16	82.44	82.44	82.44
juego3	easy	0.0	0.008	1624	400	231	234	3	16	82.44	82.44	82.44
juego3	easy	0.0	0.008	1634	400	231	234	3	16	82.43	82.43	82.43
juego3	easy	0.0	0.008	1643	400	231	234	3	16	82.4	82.4	82.4
juego3	easy	0.0	0.008	1652	400	231	234	3	16	82.39	82.39	82.39
juego3	easy	0.0	0.008	1660	400	231	234	3	16	82.39	82.39	82.39
juego3	easy	0.0	0.008	1668	400	231	234	3	16	82.41	82.41	82.41
juego3	easy	0.0	0.008	1675	400	231	234	3	16	82.42	82.42	82.42
juego3	easy	0.0	0.008	1684	400	231	234	3	16	82.42	82.42	82.42
juego3	easy	0.0	0.008	1694	400	231	234	3	16	82.4	82.4	82.4
juego3	easy	0.0	0.008	1701	400	231	234	3	16	82.39	82.39	82.39
juego3	easy	0.0	0.008	1709	400	231	234	3	16	82.39	82.39	82.39
juego3	easy	0.0	0.008	1718	400	231	234	3	16	82.39	82.39	82.39
juego3	easy	0.0	0.008	1726	400	231	234	3	16	82.38	82.38	82.38
juego3	easy	0.0	0.008	1735	400	231	234	3	16	82.37	82.37	82.37
juego3	easy	0.0	0.008	1743	400	231	234	3	16	82.37	82.37	82.37
juego3	easy	0.0	0.008	1751	400	231	234	3	16	82.37	82.37	82.37
juego3	easy	0.0	0.008	1760	400	231	234	3	16	82.37	82.37	82.37
juego3	easy	0.0	0.008	1769	400	231	234	3	16	82.35	82.35	82.35
juego3	easy	0.0	0.008	1778	400	231	235	4	16	82.33	82.33	82.33
juego3	easy	0.0	0.008	1786	400	231	235	4	16	82.33	82.33	82.33
juego3	easy	0.0	0.008	1795	400	231	235	4	16	82.33	82.33	82.33
juego3	easy	0.0	0.008	1804	400	231	234	3	16	82.36	82.36	82.36
juego3	easy	0.0	0.008	1813	400	231	234	3	16	82.37	82.37	82.37
juego3	easy	0.0	0.008	1822	400	231	234	3	16	82.38	82.38	82.38
juego3	easy	0.0	0.008	1831	400	231	234	3	16	82.38	82.38	82.38
juego3	easy	0.0	0.008	1840	400	231	234	3	16	82.38	82.38	82.38
juego3	easy	0.0	0.008	1848	400	231	234	3	16	82.38	82.38	82.38
juego3	easy	0.0	0.008	1856	400	231	234	3	16	82.38	82.38	82.38
juego3	easy	0.0	0.008	1866	400	231	234	3	16	82.4	82.4	82.4
juego3	easy	0.0	0.008	1874	400	231	234	3	16	82.4	82.4	82.4
juego3	easy	0.0	0.008	1882	400	231	234	3	16	82.39	82.39	82.39
juego3	easy	0.0	0.008	1891	400	231	234	3	16	82.39	82.39	82.39
juego3	easy	0.0	0.008	1900	400	231	234	3	16	82.4	82.4	82.4
juego3	easy	0.0	0.008	1910	400	231	234	3	16	82.39	82.39	82.39
juego3	easy	0.0	0.008	1918	400	231	234	3	16	82.38	82.38	82.38
juego3	easy	0.0	0.008	1927	400	231	234	3	16	82.38	82.38	82.38
juego3	easy	0.0	0.008	1936	400	231	234	3	16	82.39	82.39	82.39
juego3	easy	0.0	0.008	1945	400	231	234	3	16	82.4	82.4	82.4
juego3	easy	0.0	0.008	1954	400	231	234	3	16	82.42	82.42	82.42
juego3	easy	0.0	0.008	1963	400	231	234	3	16	82.41	82.41	82.41
juego3	easy	0.0	0.008	1971	400	231	234	3	16	82.41	82.41	82.41
juego3	easy	0.0	0.008	1980	400	231	234	3	16	82.4	82.4	82.4
juego3	easy	0.0	0.008	1989	400	231	234	3	16	82.41	82.41	82.41
juego3	easy	0.0	0.008	1998	400	231	234	3	16	82.43	82.43	82.43
juego3	easy	0.0	0.008	0	400	231	234	3	17	82.44	82.44	82.44
juego3	easy	40.0	0.008	9	400	199	234	35	17	82.44	82.44	82.44
juego3	easy	40.0	0.008	18	400	199	234	35	17	82.43	82.43	82.43
juego3	easy	40.0	0.008	27	400	199	234	35	17	82.43	82.43	82.43
juego3	easy	40.0	0.008	36	400	199	234	35	17	82.44	82.44	82.44
juego3	easy	40.0	0.008	46	400	199	234	35	17	82.45	82.45	82.45
juego3	easy	40.0	0.008	55	400	199	234	35	17	82.45	82.45	82.45
juego3	easy	40.0	0.008	63	400	199	234	35	17	82.45	82.45	82.45
juego3	easy	40.0	0.008	72	400	199	234	35	17	82.45	82.45	82.45
juego3	easy	40.0	0.008	81	400	199	234	35	17	82.45	82.45	82.45
juego3	easy	40.0	0.008	90	400	199	234	35	17	82.47	82.47	82.47
juego3	easy	40.0	0.008	99	400	199	234	35	17	82.46	82.46	82.46
juego3	easy	40.0	0.008	108	400	199	234	35	17	82.47	82.47	82.47
juego3	easy	40.0	0.008	116	400	199	234	35	17	82.48	82.48	82.48
juego3	easy	40.0	0.008	125	400	199	234	35	17	82.5	82.5	82.5
juego3	easy	40.0	0.008	135	400	199	234	35	17	82.51	82.51	82.51
juego3	easy	40.0	0.008	143	400	199	234	35	17	82.51	82.51	82.51
juego3	easy	40.0	0.008	152	400	199	234	35	17	82.5	82.5	82.5
juego3	easy	40.0	0.008	160	400	199	234	35	17	82.51	82.51	82.51
juego3	easy	40.0	0.008	169	400	199	234	35	17	82.53	82.53	82.53
juego3	easy	40.0	0.008	178	400	199	234	35	17	82.53	82.53	82.53
juego3	easy	40.0	0.008	186	400	199	234	35	17	82.53	82.53	82.53
juego3	easy	40.0	0.008	195	400	199	234	35	17	82.53	82.53	82.53
juego3	easy	40.0	0.008	204	400	199	234	35	17	82.54	82.54	82.54
juego3	easy	40.0	0.008	213	400	199	234	35	17	82.55	82.55	82.55
juego3	easy	40.0	0.008	222	400	199	234	35	17	82.56	82.56	82.56
juego3	easy	40.0	0.008	230	400	199	234	35	17	82.55	82.55	82.55
juego3	easy	40.0	0.008	239	400	199	234	35	17	82.56	82.56	82.56
juego3	easy	40.0	0.008	248	400	199	234	35	17	82.56	82.56	82.56
juego3	easy	40.0	0.008	258	400	199	234	35	17	82.59	82.59	82.59
juego3	easy	40.0	0.008	266	400	199	233	34	17	82.6	82.6	82.6
juego3	easy	40.0	0.008	275	400	199	233	34	17	82.62	82.62	82.62
juego3	easy	40.0	0.008	284	400	199	233	34	17	82.76	82.76	82.76
juego3	easy	40.0	0.008	294	400	199	232	33	17	83.07	83.07	83.07
juego3	easy	40.0	0.008	301	400	199	231	32	17	83.34	83.34	83.34
juego3	easy	40.0	0.008	310	400	199	228	29	17	84.05	84.05	84.05
juego3	easy	40.0	0.008	319	400	199	224	25	17	84.96	84.96	84.96
juego3	easy	40.0	0.008	327	400	199	222	23	17	85.43	85.43	85.43
juego3	easy	40.0	0.008	335	400	199	219	20	17	86.39	86.39	86.39
juego3	easy	40.0	0.008	344	400	199	215	16	17	87.35	87.35	87.35
juego3	easy	40.0	0.008	352	400	199	213	14	17	87.85	87.85	87.85
juego3	easy	40.0	0.008	360	400	199	209	10	17	88.9	88.9	88.9
juego3	easy	40.0	0.008	368	400	199	204	5	17	90.12	90.12	90.12
juego3	easy	40.0	0.008	377	400	199	201	2	17	90.86	90.86	90.86
juego3	easy	40.0	0.008	386	400	199	194	-5	17	92.63	92.63	92.63
juego3	easy	40.0	0.008	395	400	199	188	-11	17	94.33	94.33	94.33
juego3	easy	40.0	0.008	405	400	199	185	-14	17	95.13	95.13	95.13
juego3	easy	40.0	0.008	413	400	199	176	-23	17	97.49	97.49	97.49
juego3	easy	40.0	0.008	422	400	199	173	-26	17	98.16	98.16	98.16
juego3	easy	40.0	0.008	431	400	199	168	-31	17	99.36	99.36	99.36
juego3	easy	40.0	0.008	440	400	199	166	-33	17	99.85	99.85	99.85
juego3	easy	40.0	0.008	449	400	199	165	-34	17	100.31	100.31	100.31
juego3	easy	40.0	0.008	456	400	199	164	-35	17	100.47	100.47	100.47
juego3	easy	40.0	0.008	465	400	199	164	-35	17	100.32	100.32	100.32
juego3	easy	40.0	0.008	474	400	199	165	-34	17	100.08	100.08	100.08
juego3	easy	40.0	0.008	481	400	199	166	-33	17	99.97	99.97	99.97
juego3	easy	40.0	0.008	490	400	199	166	-33	17	99.81	99.81	99.81
juego3	easy	40.0	0.008	499	400	199	167	-32	17	99.72	99.72	99.72
juego3	easy	40.0	0.008	508	400	199	167	-32	17	99.64	99.64	99.64
juego3	easy	40.0	0.008	517	400	199	167	-32	17	99.58	99.58	99.58
juego3	easy	40.0	0.008	526	400	199	168	-31	17	99.43	99.43	99.43
juego3	easy	40.0	0.008	535	400	199	169	-30	17	99.25	99.25	99.25
juego3	easy	40.0	0.008	544	400	199	169	-30	17	99.04	99.04	99.04
juego3	easy	40.0	0.008	553	400	199	170	-29	17	98.81	98.81	98.81
juego3	easy	40.0	0.008	562	400	199	171	-28	17	98.7	98.7	98.7
juego3	easy	40.0	0.008	570	400	199	171	-28	17	98.52	98.52	98.52
juego3	easy	40.0	0.008	579	400	199	172	-27	17	98.39	98.39	98.39
juego3	easy	40.0	0.008	589	400	199	172	-27	17	98.27	98.27	98.27
juego3	easy	40.0	0.008	597	400	199	173	-26	17	98.2	98.2	98.2
juego3	easy	40.0	0.008	606	400	199	173	-26	17	98.07	98.07	98.07
juego3	easy	40.0	0.008	615	400	199	174	-25	17	97.93	97.93	97.93
juego3	easy	40.0	0.008	623	400	199	174	-25	17	97.77	97.77	97.77
juego3	easy	40.0	0.008	631	400	199	175	-24	17	97.7	97.7	97.7
juego3	easy	40.0	0.008	640	400	199	175	-24	17	97.52	97.52	97.52
juego3	easy	40.0	0.008	649	400	199	176	-23	17	97.34	97.34	97.34
juego3	easy	40.0	0.008	658	400	199	177	-22	17	97.15	97.15	97.15
juego3	easy	40.0	0.008	667	400	199	177	-22	17	97.04	97.04	97.04
juego3	easy	40.0	0.008	676	400	199	178	-21	17	96.82	96.82	96.82
juego3	easy	40.0	0.008	685	400	199	179	-20	17	96.57	96.57	96.57
juego3	easy	40.0	0.008	694	400	199	180	-19	17	96.32	96.32	96.32
juego3	easy	40.0	0.008	702	400	199	180	-19	17	96.21	96.21	96.21
juego3	easy	40.0	0.008	711	400	199	181	-18	17	96.01	96.01	96.01
juego3	easy	40.0	0.008	720	400	199	182	-17	17	95.77	95.77	95.77
juego3	easy	40.0	0.008	729	400	199	183	-16	17	95.53	95.53	95.53
juego3	easy	40.0	0.008	739	400	199	184	-15	17	95.3	95.3	95.3
juego3	easy	40.0	0.008	747	400	199	184	-15	17	95.18	95.18	95.18
juego3	easy	40.0	0.008	756	400	199	185	-14	17	94.96	94.96	94.96
juego3	easy	40.0	0.008	765	400	199	186	-13	17	94.68	94.68	94.68
juego3	easy	40.0	0.008	773	400	199	188	-11	17	94.35	94.35	94.35
juego3	easy	40.0	0.008	783	400	199	188	-11	17	94.19	94.19	94.19
juego3	easy	40.0	0.008	792	400	199	190	-9	17	93.89	93.89	93.89
juego3	easy	40.0	0.008	800	400	199	190	-9	17	93.67	93.67	93.67
juego3	easy	40.0	0.008	809	400	199	191	-8	17	93.53	93.53	93.53
juego3	easy	40.0	0.008	817	400	199	191	-8	17	93.46	93.46	93.46
juego3	easy	40.0	0.008	826	400	199	192	-7	17	93.35	93.35	93.35
juego3	easy	40.0	0.008	835	400	199	192	-7	17	93.26	93.26	93.26
juego3	easy	40.0	0.008	843	400	199	192	-7	17	93.22	93.22	93.22
juego3	easy	40.0	0.008	851	400	199	192	-7	17	93.14	93.14	93.14
juego3	easy	40.0	0.008	859	400	199	193	-6	17	93.06	93.06	93.06
juego3	easy	40.0	0.008	868	400	199	193	-6	17	93.0	93.0	93.0
juego3	easy	40.0	0.008	878	400	199	193	-6	17	92.91	92.91	92.91
juego3	easy	40.0	0.008	887	400	199	194	-5	17	92.85	92.85	92.85
juego3	easy	40.0	0.008	896	400	199	194	-5	17	92.84	92.84	92.84
juego3	easy	40.0	0.008	905	400	199	194	-5	17	92.84	92.84	92.84
juego3	easy	40.0	0.008	912	400	199	194	-5	17	92.84	92.84	92.84
juego3	easy	40.0	0.008	921	400	199	194	-5	17	92.81	92.81	92.81
juego3	easy	40.0	0.008	930	400	199	194	-5	17	92.77	92.77	92.77
juego3	easy	40.0	0.008	939	400	199	194	-5	17	92.73	92.73	92.73
juego3	easy	40.0	0.008	948	400	199	194	-5	17	92.7	92.7	92.7
juego3	easy	40.0	0.008	957	400	199	194	-5	17	92.68	92.68	92.68
juego3	easy	40.0	0.008	966	400	199	194	-5	17	92.69	92.69	92.69
juego3	easy	40.0	0.008	976	400	199	194	-5	17	92.71	92.71	92.71
juego3	easy	40.0	0.008	984	400	199	194	-5	17	92.71	92.71	92.71
juego3	easy	40.0	0.008	993	400	199	194	-5	17	92.7	92.7	92.7
juego3	easy	40.0	0.008	1001	400	199	194	-5	17	92.68	92.68	92.68
juego3	easy	40.0	0.008	1010	400	199	194	-5	17	92.66	92.66	92.66
juego3	easy	40.0	0.008	1019	400	199	194	-5	17	92.66	92.66	92.66
juego3	easy	40.0	0.008	1027	400	199	194	-5	17	92.67	92.67	92.67
juego3	easy	40.0	0.008	1037	400	199	194	-5	17	92.67	92.67	92.67
juego3	easy	40.0	0.008	1045	400	199	194	-5	17	92.66	92.66	92.66
juego3	easy	40.0	0.008	1053	400	199	194	-5	17	92.65	92.65	92.65
juego3	easy	40.0	0.008	1062	400	199	194	-5	17	92.64	92.64	92.64
juego3	easy	40.0	0.008	1070	400	199	194	-5	17	92.63	92.63	92.63
juego3	easy	40.0	0.008	1079	400	199	194	-5	17	92.63	92.63	92.63
juego3	easy	40.0	0.008	1088	400	199	194	-5	17	92.62	92.62	92.62
juego3	easy	40.0	0.008	1097	400	199	195	-4	17	92.61	92.61	92.61
juego3	easy	40.0	0.008	1106	400	199	195	-4	17	92.59	92.59	92.59
juego3	easy	40.0	0.008	1116	400	199	195	-4	17	92.58	92.58	92.58
juego3	easy	40.0	0.008	1125	400	199	195	-4	17	92.58	92.58	92.58
juego3	easy	40.0	0.008	1134	400	199	195	-4	17	92.59	92.59	92.59
juego3	easy	40.0	0.008	1142	400	199	195	-4	17	92.59	92.59	92.59
juego3	easy	40.0	0.008	1150	400	199	195	-4	17	92.59	92.59	92.59
juego3	easy	40.0	0.008	1159	400	199	195	-4	17	92.57	92.57	92.57
juego3	easy	40.0	0.008	1168	400	199	195	-4	17	92.57	92.57	92.57
juego3	easy	40.0	0.008	1177	400	199	195	-4	17	92.58	92.58	92.58
juego3	easy	40.0	0.008	1186	400	199	195	-4	17	92.59	92.59	92.59
juego3	easy	40.0	0.008	1195	400	199	195	-4	17	92.6	92.6	92.6
juego3	easy	40.0	0.008	1203	400	199	195	-4	17	92.6	92.6	92.6
juego3	easy	40.0	0.008	1212	400	199	195	-4	17	92.6	92.6	92.6
juego3	easy	40.0	0.008	1222	400	199	195	-4	17	92.6	92.6	92.6
juego3	easy	40.0	0.008	1230	400	199	195	-4	17	92.6	92.6	92.6
juego3	easy	40.0	0.008	1239	400	199	195	-4	17	92.57	92.57	92.57
juego3	easy	40.0	0.008	1248	400	199	195	-4	17	92.56	92.56	92.56
juego3	easy	40.0	0.008	1257	400	199	195	-4	17	92.55	92.55	92.55
juego3	easy	40.0	0.008	1266	400	199	195	-4	17	92.56	92.56	92.56
juego3	easy	40.0	0.008	1273	400	199	195	-4	17	92.58	92.58	92.58
juego3	easy	40.0	0.008	1283	400	199	195	-4	17	92.59	92.59	92.59
juego3	easy	40.0	0.008	1291	400	199	195	-4	17	92.6	92.6	92.6
juego3	easy	40.0	0.008	1300	400	199	195	-4	17	92.59	92.59	92.59
juego3	easy	40.0	0.008	1309	400	199	195	-4	17	92.59	92.59	92.59
juego3	easy	40.0	0.008	1318	400	199	195	-4	17	92.59	92.59	92.59
juego3	easy	40.0	0.008	1326	400	199	195	-4	17	92.58	92.58	92.58
juego3	easy	40.0	0.008	1334	400	199	195	-4	17	92.57	92.57	92.57
juego3	easy	40.0	0.008	1343	400	199	195	-4	17	92.55	92.55	92.55
juego3	easy	40.0	0.008	1351	400	199	195	-4	17	92.59	92.59	92.59
juego3	easy	40.0	0.008	1359	400	199	195	-4	17	92.61	92.61	92.61
juego3	easy	40.0	0.008	1368	400	199	194	-5	17	92.67	92.67	92.67
juego3	easy	40.0	0.008	1377	400	199	194	-5	17	92.69	92.69	92.69
juego3	easy	40.0	0.008	1386	400	199	194	-5	17	92.67	92.67	92.67
juego3	easy	40.0	0.008	1394	400	199	194	-5	17	92.66	92.66	92.66
juego3	easy	40.0	0.008	1402	400	199	194	-5	17	92.64	92.64	92.64
juego3	easy	40.0	0.008	1411	400	199	194	-5	17	92.66	92.66	92.66
juego3	easy	40.0	0.008	1419	400	199	194	-5	17	92.68	92.68	92.68
juego3	easy	40.0	0.008	1428	400	199	194	-5	17	92.7	92.7	92.7
juego3	easy	40.0	0.008	1437	400	199	194	-5	17	92.69	92.69	92.69
juego3	easy	40.0	0.008	1445	400	199	194	-5	17	92.68	92.68	92.68
juego3	easy	40.0	0.008	1454	400	199	194	-5	17	92.66	92.66	92.66
juego3	easy	40.0	0.008	1462	400	199	194	-5	17	92.65	92.65	92.65
juego3	easy	40.0	0.008	1471	400	199	194	-5	17	92.65	92.65	92.65
juego3	easy	40.0	0.008	1481	400	199	194	-5	17	92.63	92.63	92.63
juego3	easy	40.0	0.008	1488	400	199	194	-5	17	92.62	92.62	92.62
juego3	easy	40.0	0.008	1497	400	199	195	-4	17	92.6	92.6	92.6
juego3	easy	40.0	0.008	1506	400	199	195	-4	17	92.57	92.57	92.57
juego3	easy	40.0	0.008	1514	400	199	195	-4	17	92.56	92.56	92.56
juego3	easy	40.0	0.008	1524	400	199	195	-4	17	92.56	92.56	92.56
juego3	easy	40.0	0.008	1533	400	199	195	-4	17	92.57	92.57	92.57
juego3	easy	40.0	0.008	1541	400	199	195	-4	17	92.59	92.59	92.59
juego3	easy	40.0	0.008	1550	400	199	195	-4	17	92.6	92.6	92.6
juego3	easy	40.0	0.008	1559	400	199	195	-4	17	92.6	92.6	92.6
juego3	easy	40.0	0.008	1569	400	199	195	-4	17	92.6	92.6	92.6
juego3	easy	40.0	0.008	1577	400	199	194	-5	17	92.62	92.62	92.62
juego3	easy	40.0	0.008	1585	400	199	194	-5	17	92.63	92.63	92.63
juego3	easy	40.0	0.008	1594	400	199	194	-5	17	92.64	92.64	92.64
juego3	easy	40.0	0.008	1603	400	199	194	-5	17	92.65	92.65	92.65
juego3	easy	40.0	0.008	1612	400	199	194	-5	17	92.66	92.66	92.66
juego3	easy	40.0	0.008	1621	400	199	194	-5	17	92.68	92.68	92.68
juego3	easy	40.0	0.008	1631	400	199	194	-5	17	92.69	92.69	92.69
juego3	easy	40.0	0.008	1639	400	199	194	-5	17	92.69	92.69	92.69
juego3	easy	40.0	0.008	1647	400	199	194	-5	17	92.68	92.68	92.68
juego3	easy	40.0	0.008	1656	400	199	194	-5	17	92.67	92.67	92.67
juego3	easy	40.0	0.008	1666	400	199	194	-5	17	92.68	92.68	92.68
juego3	easy	40.0	0.008	1674	400	199	194	-5	17	92.69	92.69	92.69
juego3	easy	40.0	0.008	1682	400	199	194	-5	17	92.7	92.7	92.7
juego3	easy	40.0	0.008	1692	400	199	194	-5	17	92.71	92.71	92.71
juego3	easy	40.0	0.008	1701	400	199	194	-5	17	92.71	92.71	92.71
juego3	easy	40.0	0.008	1709	400	199	194	-5	17	92.7	92.7	92.7
juego3	easy	40.0	0.008	1719	400	199	194	-5	17	92.7	92.7	92.7
juego3	easy	40.0	0.008	1727	400	199	194	-5	17	92.7	92.7	92.7
juego3	easy	40.0	0.008	1734	400	199	194	-5	17	92.69	92.69	92.69
juego3	easy	40.0	0.008	1743	400	199	194	-5	17	92.68	92.68	92.68
juego3	easy	40.0	0.008	1752	400	199	194	-5	17	92.67	92.67	92.67
juego3	easy	40.0	0.008	1762	400	199	194	-5	17	92.66	92.66	92.66
juego3	easy	40.0	0.008	1769	400	199	194	-5	17	92.66	92.66	92.66
juego3	easy	40.0	0.008	1778	400	199	194	-5	17	92.66	92.66	92.66
juego3	easy	40.0	0.008	1787	400	199	194	-5	17	92.67	92.67	92.67
juego3	easy	40.0	0.008	1797	400	199	194	-5	17	92.68	92.68	92.68
juego3	easy	40.0	0.008	1804	400	199	194	-5	17	92.68	92.68	92.68
juego3	easy	40.0	0.008	1813	400	199	194	-5	17	92.68	92.68	92.68
juego3	easy	40.0	0.008	1822	400	199	194	-5	17	92.67	92.67	92.67
juego3	easy	40.0	0.008	1830	400	199	194	-5	17	92.67	92.67	92.67
juego3	easy	40.0	0.008	1838	400	199	194	-5	17	92.67	92.67	92.67
juego3	easy	40.0	0.008	1847	400	199	194	-5	17	92.66	92.66	92.66
juego3	easy	40.0	0.008	1856	400	199	194	-5	17	92.65	92.65	92.65
juego3	easy	40.0	0.008	1865	400	199	194	-5	17	92.64	92.64	92.64
juego3	easy	40.0	0.008	1875	400	199	194	-5	17	92.63	92.63	92.63
juego3	easy	40.0	0.008	1884	400	199	194	-5	17	92.63	92.63	92.63
juego3	easy	40.0	0.008	1892	400	199	194	-5	17	92.63	92.63	92.63
juego3	easy	40.0	0.008	1901	400	199	194	-5	17	92.65	92.65	92.65
juego3	easy	40.0	0.008	1910	400	199	194	-5	17	92.66	92.66	92.66
juego3	easy	40.0	0.008	1919	400	199	194	-5	17	92.67	92.67	92.67
juego3	easy	40.0	0.008	1929	400	199	194	-5	17	92.66	92.66	92.66
juego3	easy	40.0	0.008	1937	400	199	194	-5	17	92.65	92.65	92.65
juego3	easy	40.0	0.008	1946	400	199	194	-5	17	92.65	92.65	92.65
juego3	easy	40.0	0.008	1955	400	199	194	-5	17	92.65	92.65	92.65
juego3	easy	40.0	0.008	1964	400	199	194	-5	17	92.65	92.65	92.65
juego3	easy	40.0	0.008	1973	400	199	194	-5	17	92.64	92.64	92.64
juego3	easy	40.0	0.008	1982	400	199	194	-5	17	92.63	92.63	92.63
juego3	easy	40.0	0.008	1990	400	199	194	-5	17	92.63	92.63	92.63
juego3	easy	40.0	0.008	1999	400	199	194	-5	17	92.63	92.63	92.63
juego3	easy	40.0	0.008	0	400	199	194	-5	18	92.62	92.62	92.62
juego3	easy	0.0	0.008	9	400	231	194	-37	18	92.62	92.62	92.62
juego3	easy	0.0	0.008	18	400	231	194	-37	18	92.63	92.63	92.63
juego3	easy	0.0	0.008	26	400	231	194	-37	18	92.65	92.65	92.65
juego3	easy	0.0	0.008	35	400	231	194	-37	18	92.66	92.66	92.66
juego3	easy	0.0	0.008	43	400	231	194	-37	18	92.66	92.66	92.66
juego3	easy	0.0	0.008	52	400	231	194	-37	18	92.65	92.65	92.65
juego3	easy	0.0	0.008	61	400	231	194	-37	18	92.63	92.63	92.63
juego3	easy	0.0	0.008	69	400	231	194	-37	18	92.63	92.63	92.63
juego3	easy	0.0	0.008	79	400	231	194	-37	18	92.63	92.63	92.63
juego3	easy	0.0	0.008	87	400	231	194	-37	18	92.64	92.64	92.64
juego3	easy	0.0	0.008	96	400	231	194	-37	18	92.64	92.64	92.64
juego3	easy	0.0	0.008	106	400	231	194	-37	18	92.63	92.63	92.63
juego3	easy	0.0	0.008	113	400	231	194	-37	18	92.63	92.63	92.63
juego3	easy	0.0	0.008	123	400	231	194	-37	18	92.62	92.62	92.62
juego3	easy	0.0	0.008	131	400	231	195	-36	18	92.61	92.61	92.61
juego3	easy	0.0	0.008	141	400	231	195	-36	18	92.59	92.59	92.59
juego3	easy	0.0	0.008	149	400	231	195	-36	18	92.59	92.59	92.59
juego3	easy	0.0	0.008	158	400	231	195	-36	18	92.59	92.59	92.59
juego3	easy	0.0	0.008	168	400	231	195	-36	18	92.6	92.6	92.6
juego3	easy	0.0	0.008	176	400	231	195	-36	18	92.6	92.6	92.6
juego3	easy	0.0	0.008	186	400	231	195	-36	18	92.6	92.6	92.6
juego3	easy	0.0	0.008	194	400	231	195	-36	18	92.59	92.59	92.59
juego3	easy	0.0	0.008	203	400	231	195	-36	18	92.57	92.57	92.57
juego3	easy	0.0	0.008	211	400	231	195	-36	18	92.55	92.55	92.55
juego3	easy	0.0	0.008	221	400	231	195	-36	18	92.54	92.54	92.54
juego3	easy	0.0	0.008	229	400	231	195	-36	18	92.53	92.53	92.53
juego3	easy	0.0	0.008	238	400	231	195	-36	18	92.49	92.49	92.49
juego3	easy	0.0	0.008	247	400	231	195	-36	18	92.44	92.44	92.44
juego3	easy	0.0	0.008	256	400	231	196	-35	18	92.33	92.33	92.33
juego3	easy	0.0	0.008	265	400	231	196	-35	18	92.2	92.2	92.2
juego3	easy	0.0	0.008	273	400	231	198	-33	18	91.6	91.6	91.6
juego3	easy	0.0	0.008	282	400	231	203	-28	18	90.53	90.53	90.53
juego3	easy	0.0	0.008	292	400	231	208	-23	18	89.23	89.23	89.23
juego3	easy	0.0	0.008	300	400	231	210	-21	18	88.51	88.51	88.51
juego3	easy	0.0	0.008	309	400	231	216	-15	18	87.22	87.22	87.22
juego3	easy	0.0	0.008	318	400	231	220	-11	18	86.17	86.17	86.17
juego3	easy	0.0	0.008	326	400	231	223	-8	18	85.42	85.42	85.42
juego3	easy	0.0	0.008	335	400	231	224	-7	18	85.15	85.15	85.15
juego3	easy	0.0	0.008	343	400	231	225	-6	18	84.7	84.7	84.7
juego3	easy	0.0	0.008	352	400	231	227	-4	18	84.24	84.24	84.24
juego3	easy	0.0	0.008	360	400	231	229	-2	18	83.83	83.83	83.83
juego3	easy	0.0	0.008	369	400	231	230	-1	18	83.61	83.61	83.61
juego3	easy	0.0	0.008	378	400	231	231	0	18	83.21	83.21	83.21
juego3	easy	0.0	0.008	387	400	231	233	2	18	82.82	82.82	82.82
juego3	easy	0.0	0.008	396	400	231	234	3	18	82.51	82.51	82.51
juego3	easy	0.0	0.008	405	400	231	235	4	18	82.29	82.29	82.29
juego3	easy	0.0	0.008	414	400	231	235	4	18	82.22	82.22	82.22
juego3	easy	0.0	0.008	423	400	231	235	4	18	82.09	82.09	82.09
juego3	easy	0.0	0.008	431	400	231	236	5	18	82.0	82.0	82.0
juego3	easy	0.0	0.008	439	400	231	236	5	18	81.97	81.97	81.97
juego3	easy	0.0	0.008	448	400	231	236	5	18	81.92	81.92	81.92
juego3	easy	0.0	0.008	457	400	231	236	5	18	81.87	81.87	81.87
juego3	easy	0.0	0.008	466	400	231	236	5	18	81.85	81.85	81.85
juego3	easy	0.0	0.008	476	400	231	236	5	18	81.86	81.86	81.86
juego3	easy	0.0	0.008	484	400	231	236	5	18	81.87	81.87	81.87
juego3	easy	0.0	0.008	493	400	231	236	5	18	81.91	81.91	81.91
juego3	easy	0.0	0.008	501	400	231	236	5	18	81.95	81.95	81.95
juego3	easy	0.0	0.008	510	400	231	236	5	18	81.98	81.98	81.98
juego3	easy	0.0	0.008	519	400	231	236	5	18	81.99	81.99	81.99
juego3	easy	0.0	0.008	528	400	231	236	5	18	81.96	81.96	81.96
juego3	easy	0.0	0.008	536	400	231	236	5	18	81.94	81.94	81.94
juego3	easy	0.0	0.008	544	400	231	236	5	18	81.93	81.93	81.93
juego3	easy	0.0	0.008	553	400	231	236	5	18	81.95	81.95	81.95
juego3	easy	0.0	0.008	562	400	231	236	5	18	81.98	81.98	81.98
juego3	easy	0.0	0.008	571	400	231	236	5	18	82.03	82.03	82.03
juego3	easy	0.0	0.008	580	400	231	236	5	18	82.03	82.03	82.03
juego3	easy	0.0	0.008	589	400	231	236	5	18	82.04	82.04	82.04
juego3	easy	0.0	0.008	598	400	231	236	5	18	82.04	82.04	82.04
juego3	easy	0.0	0.008	607	400	231	236	5	18	82.04	82.04	82.04
juego3	easy	0.0	0.008	616	400	231	236	5	18	82.07	82.07	82.07
juego3	easy	0.0	0.008	625	400	231	235	4	18	82.09	82.09	82.09
juego3	easy	0.0	0.008	634	400	231	235	4	18	82.13	82.13	82.13
juego3	easy	0.0	0.008	643	400	231	235	4	18	82.17	82.17	82.17
juego3	easy	0.0	0.008	652	400	231	235	4	18	82.18	82.18	82.18
juego3	easy	0.0	0.008	662	400	231	235	4	18	82.2	82.2	82.2
juego3	easy	0.0	0.008	670	400	231	235	4	18	82.21	82.21	82.21
juego3	easy	0.0	0.008	679	400	231	235	4	18	82.22	82.22	82.22
juego3	easy	0.0	0.008	688	400	231	235	4	18	82.22	82.22	82.22
juego3	easy	0.0	0.008	697	400	231	235	4	18	82.22	82.22	82.22
juego3	easy	0.0	0.008	706	400	231	235	4	18	82.23	82.23	82.23
juego3	easy	0.0	0.008	715	400	231	235	4	18	82.26	82.26	82.26
juego3	easy	0.0	0.008	725	400	231	235	4	18	82.29	82.29	82.29
juego3	easy	0.0	0.008	733	400	231	235	4	18	82.32	82.32	82.32
juego3	easy	0.0	0.008	742	400	231	235	4	18	82.32	82.32	82.32
juego3	easy	0.0	0.008	751	400	231	235	4	18	82.32	82.32	82.32
juego3	easy	0.0	0.008	760	400	231	235	4	18	82.33	82.33	82.33
juego3	easy	0.0	0.008	769	400	231	234	3	18	82.35	82.35	82.35
juego3	easy	0.0	0.008	778	400	231	234	3	18	82.38	82.38	82.38
juego3	easy	0.0	0.008	787	400	231	234	3	18	82.4	82.4	82.4
juego3	easy	0.0	0.008	796	400	231	234	3	18	82.42	82.42	82.42
juego3	easy	0.0	0.008	805	400	231	234	3	18	82.43	82.43	82.43
juego3	easy	0.0	0.008	814	400	231	234	3	18	82.44	82.44	82.44
juego3	easy	0.0	0.008	824	400	231	234	3	18	82.45	82.45	82.45
juego3	easy	0.0	0.008	833	400	231	234	3	18	82.45	82.45	82.45
juego3	easy	0.0	0.008	843	400	231	234	3	18	82.44	82.44	82.44
juego3	easy	0.0	0.008	851	400	231	234	3	18	82.44	82.44	82.44
juego3	easy	0.0	0.008	860	400	231	234	3	18	82.45	82.45	82.45
juego3	easy	0.0	0.008	869	400	231	234	3	18	82.48	82.48	82.48
juego3	easy	0.0	0.008	878	400	231	234	3	18	82.51	82.51	82.51
juego3	easy	0.0	0.008	887	400	231	234	3	18	82.53	82.53	82.53
juego3	easy	0.0	0.008	897	400	231	234	3	18	82.54	82.54	82.54
juego3	easy	0.0	0.008	905	400	231	234	3	18	82.55	82.55	82.55
juego3	easy	0.0	0.008	915	400	231	234	3	18	82.57	82.57	82.57
juego3	easy	0.0	0.008	923	400	231	234	3	18	82.59	82.59	82.59
juego3	easy	0.0	0.008	932	400	231	234	3	18	82.59	82.59	82.59
juego3	easy	0.0	0.008	942	400	231	234	3	18	82.58	82.58	82.58
juego3	easy	0.0	0.008	950	400	231	234	3	18	82.56	82.56	82.56
juego3	easy	0.0	0.008	959	400	231	234	3	18	82.54	82.54	82.54
juego3	easy	0.0	0.008	969	400	231	234	3	18	82.52	82.52	82.52
juego3	easy	0.0	0.008	977	400	231	234	3	18	82.53	82.53	82.53
juego3	easy	0.0	0.008	985	400	231	234	3	18	82.54	82.54	82.54
juego3	easy	0.0	0.008	993	400	231	234	3	18	82.55	82.55	82.55
juego3	easy	0.0	0.008	1002	400	231	234	3	18	82.55	82.55	82.55
juego3	easy	0.0	0.008	1012	400	231	234	3	18	82.54	82.54	82.54
juego3	easy	0.0	0.008	1020	400	231	234	3	18	82.53	82.53	82.53
juego3	easy	0.0	0.008	1028	400	231	234	3	18	82.53	82.53	82.53
juego3	easy	0.0	0.008	1037	400	231	234	3	18	82.53	82.53	82.53
juego3	easy	0.0	0.008	1045	400	231	234	3	18	82.53	82.53	82.53
juego3	easy	0.0	0.008	1055	400	231	234	3	18	82.52	82.52	82.52
juego3	easy	0.0	0.008	1063	400	231	234	3	18	82.5	82.5	82.5
juego3	easy	0.0	0.008	1072	400	231	234	3	18	82.49	82.49	82.49
juego3	easy	0.0	0.008	1081	400	231	234	3	18	82.49	82.49	82.49
juego3	easy	0.0	0.008	1090	400	231	234	3	18	82.49	82.49	82.49
juego3	easy	0.0	0.008	1099	400	231	234	3	18	82.49	82.49	82.49
juego3	easy	0.0	0.008	1108	400	231	234	3	18	82.49	82.49	82.49
juego3	easy	0.0	0.008	1117	400	231	234	3	18	82.49	82.49	82.49
juego3	easy	0.0	0.008	1124	400	231	234	3	18	82.5	82.5	82.5
juego3	easy	0.0	0.008	1133	400	231	234	3	18	82.5	82.5	82.5
juego3	easy	0.0	0.008	1142	400	231	234	3	18	82.51	82.51	82.51
juego3	easy	0.0	0.008	1151	400	231	234	3	18	82.51	82.51	82.51
juego3	easy	0.0	0.008	1160	400	231	234	3	18	82.51	82.51	82.51
juego3	easy	0.0	0.008	1168	400	231	234	3	18	82.51	82.51	82.51
juego3	easy	0.0	0.008	1178	400	231	234	3	18	82.53	82.53	82.53
juego3	easy	0.0	0.008	1186	400	231	234	3	18	82.54	82.54	82.54
juego3	easy	0.0	0.008	1195	400	231	234	3	18	82.53	82.53	82.53
juego3	easy	0.0	0.008	1204	400	231	234	3	18	82.52	82.52	82.52
juego3	easy	0.0	0.008	1212	400	231	234	3	18	82.52	82.52	82.52
juego3	easy	0.0	0.008	1221	400	231	234	3	18	82.53	82.53	82.53
juego3	easy	0.0	0.008	1230	400	231	234	3	18	82.54	82.54	82.54
juego3	easy	0.0	0.008	1239	400	231	234	3	18	82.55	82.55	82.55
juego3	easy	0.0	0.008	1248	400	231	234	3	18	82.54	82.54	82.54
juego3	easy	0.0	0.008	1256	400	231	234	3	18	82.54	82.54	82.54
juego3	easy	0.0	0.008	1265	400	231	234	3	18	82.55	82.55	82.55
juego3	easy	0.0	0.008	1273	400	231	234	3	18	82.56	82.56	82.56
juego3	easy	0.0	0.008	1282	400	231	234	3	18	82.57	82.57	82.57
juego3	easy	0.0	0.008	1291	400	231	234	3	18	82.58	82.58	82.58
juego3	easy	0.0	0.008	1299	400	231	234	3	18	82.59	82.59	82.59
juego3	easy	0.0	0.008	1308	400	231	234	3	18	82.59	82.59	82.59
juego3	easy	0.0	0.008	1317	400	231	234	3	18	82.57	82.57	82.57
juego3	easy	0.0	0.008	1326	400	231	234	3	18	82.56	82.56	82.56
juego3	easy	0.0	0.008	1335	400	231	234	3	18	82.55	82.55	82.55
juego3	easy	0.0	0.008	1343	400	231	234	3	18	82.53	82.53	82.53
juego3	easy	0.0	0.008	1351	400	231	234	3	18	82.53	82.53	82.53
juego3	easy	0.0	0.008	1360	400	231	234	3	18	82.54	82.54	82.54
juego3	easy	0.0	0.008	1369	400	231	234	3	18	82.55	82.55	82.55
juego3	easy	0.0	0.008	1378	400	231	234	3	18	82.55	82.55	82.55
juego3	easy	0.0	0.008	1387	400	231	234	3	18	82.54	82.54	82.54
juego3	easy	0.0	0.008	1395	400	231	234	3	18	82.53	82.53	82.53
juego3	easy	0.0	0.008	1404	400	231	234	3	18	82.53	82.53	82.53
juego3	easy	0.0	0.008	1413	400	231	234	3	18	82.54	82.54	82.54
juego3	easy	0.0	0.008	1423	400	231	234	3	18	82.54	82.54	82.54
juego3	easy	0.0	0.008	1431	400	231	234	3	18	82.54	82.54	82.54
juego3	easy	0.0	0.008	1439	400	231	234	3	18	82.54	82.54	82.54
juego3	easy	0.0	0.008	1447	400	231	234	3	18	82.54	82.54	82.54
juego3	easy	0.0	0.008	1456	400	231	234	3	18	82.54	82.54	82.54
juego3	easy	0.0	0.008	1465	400	231	234	3	18	82.53	82.53	82.53
juego3	easy	0.0	0.008	1474	400	231	234	3	18	82.52	82.52	82.52
juego3	easy	0.0	0.008	1483	400	231	234	3	18	82.5	82.5	82.5
juego3	easy	0.0	0.008	1492	400	231	234	3	18	82.5	82.5	82.5
juego3	easy	0.0	0.008	1501	400	231	234	3	18	82.49	82.49	82.49
juego3	easy	0.0	0.008	1508	400	231	234	3	18	82.48	82.48	82.48
juego3	easy	0.0	0.008	1517	400	231	234	3	18	82.48	82.48	82.48
juego3	easy	0.0	0.008	1526	400	231	234	3	18	82.48	82.48	82.48
juego3	easy	0.0	0.008	1535	400	231	234	3	18	82.5	82.5	82.5
juego3	easy	0.0	0.008	1545	400	231	234	3	18	82.5	82.5	82.5
juego3	easy	0.0	0.008	1553	400	231	234	3	18	82.52	82.52	82.52
juego3	easy	0.0	0.008	1562	400	231	234	3	18	82.52	82.52	82.52
juego3	easy	0.0	0.008	1571	400	231	234	3	18	82.52	82.52	82.52
juego3	easy	0.0	0.008	1580	400	231	234	3	18	82.53	82.53	82.53
juego3	easy	0.0	0.008	1589	400	231	234	3	18	82.52	82.52	82.52
juego3	easy	0.0	0.008	1599	400	231	234	3	18	82.51	82.51	82.51
juego3	easy	0.0	0.008	1607	400	231	234	3	18	82.51	82.51	82.51
juego3	easy	0.0	0.008	1616	400	231	234	3	18	82.5	82.5	82.5
juego3	easy	0.0	0.008	1625	400	231	234	3	18	82.51	82.51	82.51
juego3	easy	0.0	0.008	1634	400	231	234	3	18	82.53	82.53	82.53
juego3	easy	0.0	0.008	1642	400	231	234	3	18	82.54	82.54	82.54
juego3	easy	0.0	0.008	1650	400	231	234	3	18	82.54	82.54	82.54
juego3	easy	0.0	0.008	1659	400	231	234	3	18	82.54	82.54	82.54
juego3	easy	0.0	0.008	1666	400	231	234	3	18	82.53	82.53	82.53
juego3	easy	0.0	0.008	1676	400	231	234	3	18	82.54	82.54	82.54
juego3	easy	0.0	0.008	1684	400	231	234	3	18	82.54	82.54	82.54
juego3	easy	0.0	0.008	1693	400	231	234	3	18	82.54	82.54	82.54
juego3	easy	0.0	0.008	1702	400	231	234	3	18	82.53	82.53	82.53
juego3	easy	0.0	0.008	1711	400	231	234	3	18	82.53	82.53	82.53
juego3	easy	0.0	0.008	1719	400	231	234	3	18	82.53	82.53	82.53
juego3	easy	0.0	0.008	1727	400	231	234	3	18	82.53	82.53	82.53
juego3	easy	0.0	0.008	1735	400	231	234	3	18	82.53	82.53	82.53
juego3	easy	0.0	0.008	1743	400	231	234	3	18	82.52	82.52	82.52
juego3	easy	0.0	0.008	1751	400	231	234	3	18	82.52	82.52	82.52
juego3	easy	0.0	0.008	1758	400	231	234	3	18	82.51	82.51	82.51
juego3	easy	0.0	0.008	1766	400	231	234	3	18	82.51	82.51	82.51
juego3	easy	0.0	0.008	1776	400	231	234	3	18	82.51	82.51	82.51
juego3	easy	0.0	0.008	1784	400	231	234	3	18	82.52	82.52	82.52
juego3	easy	0.0	0.008	1794	400	231	234	3	18	82.51	82.51	82.51
juego3	easy	0.0	0.008	1801	400	231	234	3	18	82.51	82.51	82.51
juego3	easy	0.0	0.008	1810	400	231	234	3	18	82.5	82.5	82.5
juego3	easy	0.0	0.008	1819	400	231	234	3	18	82.5	82.5	82.5
juego3	easy	0.0	0.008	1828	400	231	234	3	18	82.5	82.5	82.5
juego3	easy	0.0	0.008	1838	400	231	234	3	18	82.52	82.52	82.52
juego3	easy	0.0	0.008	1846	400	231	234	3	18	82.52	82.52	82.52
juego3	easy	0.0	0.008	1854	400	231	234	3	18	82.52	82.52	82.52
juego3	easy	0.0	0.008	1864	400	231	234	3	18	82.51	82.51	82.51
juego3	easy	0.0	0.008	1872	400	231	234	3	18	82.51	82.51	82.51
juego3	easy	0.0	0.008	1881	400	231	234	3	18	82.5	82.5	82.5
juego3	easy	0.0	0.008	1890	400	231	234	3	18	82.51	82.51	82.51
juego3	easy	0.0	0.008	1899	400	231	234	3	18	82.52	82.52	82.52
juego3	easy	0.0	0.008	1908	400	231	234	3	18	82.53	82.53	82.53
juego3	easy	0.0	0.008	1916	400	231	234	3	18	82.53	82.53	82.53
juego3	easy	0.0	0.008	1924	400	231	234	3	18	82.53	82.53	82.53
juego3	easy	0.0	0.008	1932	400	231	234	3	18	82.53	82.53	82.53
juego3	easy	0.0	0.008	1940	400	231	234	3	18	82.52	82.52	82.52
juego3	easy	0.0	0.008	1950	400	231	234	3	18	82.52	82.52	82.52
juego3	easy	0.0	0.008	1958	400	231	234	3	18	82.52	82.52	82.52
juego3	easy	0.0	0.008	1966	400	231	234	3	18	82.51	82.51	82.51
juego3	easy	0.0	0.008	1974	400	231	234	3	18	82.51	82.51	82.51
juego3	easy	0.0	0.008	1983	400	231	234	3	18	82.51	82.51	82.51
juego3	easy	0.0	0.008	1992	400	231	234	3	18	82.51	82.51	82.51
juego3	easy	0.0	0.008	2000	400	231	234	3	18	82.5	82.5	82.5
juego3	easy	0.0	0.008	0	400	231	234	3	19	82.5	82.5	82.5
juego3	easy	40.0	0.008	9	400	199	234	35	19	82.51	82.51	82.51
juego3	easy	40.0	0.008	17	400	199	234	35	19	82.51	82.51	82.51
juego3	easy	40.0	0.008	25	400	199	234	35	19	82.52	82.52	82.52
juego3	easy	40.0	0.008	34	400	199	234	35	19	82.51	82.51	82.51
juego3	easy	40.0	0.008	42	400	199	234	35	19	82.5	82.5	82.5
juego3	easy	40.0	0.008	52	400	199	234	35	19	82.5	82.5	82.5
juego3	easy	40.0	0.008	58	400	199	234	35	19	82.5	82.5	82.5
juego3	easy	40.0	0.008	67	400	199	234	35	19	82.5	82.5	82.5
juego3	easy	40.0	0.008	75	400	199	234	35	19	82.5	82.5	82.5
juego3	easy	40.0	0.008	83	400	199	234	35	19	82.5	82.5	82.5
juego3	easy	40.0	0.008	93	400	199	234	35	19	82.5	82.5	82.5
juego3	easy	40.0	0.008	100	400	199	234	35	19	82.5	82.5	82.5
juego3	easy	40.0	0.008	110	400	199	234	35	19	82.5	82.5	82.5
juego3	easy	40.0	0.008	118	400	199	234	35	19	82.49	82.49	82.49
juego3	easy	40.0	0.008	126	400	199	234	35	19	82.52	82.52	82.52
juego3	easy	40.0	0.008	135	400	199	234	35	19	82.53	82.53	82.53
juego3	easy	40.0	0.008	144	400	199	234	35	19	82.55	82.55	82.55
juego3	easy	40.0	0.008	153	400	199	234	35	19	82.52	82.52	82.52
juego3	easy	40.0	0.008	162	400	199	234	35	19	82.49	82.49	82.49
juego3	easy	40.0	0.008	169	400	199	234	35	19	82.49	82.49	82.49
juego3	easy	40.0	0.008	178	400	199	234	35	19	82.48	82.48	82.48
juego3	easy	40.0	0.008	187	400	199	234	35	19	82.47	82.47	82.47
juego3	easy	40.0	0.008	195	400	199	234	35	19	82.47	82.47	82.47
juego3	easy	40.0	0.008	204	400	199	234	35	19	82.47	82.47	82.47
juego3	easy	40.0	0.008	213	400	199	234	35	19	82.47	82.47	82.47
juego3	easy	40.0	0.008	222	400	199	234	35	19	82.46	82.46	82.46
juego3	easy	40.0	0.008	232	400	199	234	35	19	82.46	82.46	82.46
juego3	easy	40.0	0.008	238	400	199	234	35	19	82.47	82.47	82.47
juego3	easy	40.0	0.008	248	400	199	234	35	19	82.48	82.48	82.48
juego3	easy	40.0	0.008	256	400	199	234	35	19	82.47	82.47	82.47
juego3	easy	40.0	0.008	264	400	199	234	35	19	82.44	82.44	82.44
juego3	easy	40.0	0.008	274	400	199	234	35	19	82.35	82.35	82.35
juego3	easy	40.0	0.008	282	400	199	235	36	19	82.16	82.16	82.16
juego3	easy	40.0	0.008	291	400	199	236	37	19	81.87	81.87	81.87
juego3	easy	40.0	0.008	301	400	199	237	38	19	81.72	81.72	81.72
juego3	easy	40.0	0.008	308	400	199	238	39	19	81.57	81.57	81.57
juego3	easy	40.0	0.008	317	400	199	239	40	19	81.31	81.31	81.31
juego3	easy	40.0	0.008	325	400	199	239	40	19	81.06	81.06	81.06
juego3	easy	40.0	0.008	334	400	199	240	41	19	80.84	80.84	80.84
juego3	easy	40.0	0.008	343	400	199	241	42	19	80.66	80.66	80.66
juego3	easy	40.0	0.008	352	400	199	241	42	19	80.62	80.62	80.62
juego3	easy	40.0	0.008	361	400	199	240	41	19	80.86	80.86	80.86
juego3	easy	40.0	0.008	371	400	199	239	40	19	81.06	81.06	81.06
juego3	easy	40.0	0.008	380	400	199	238	39	19	81.51	81.51	81.51
juego3	easy	40.0	0.008	388	400	199	235	36	19	82.09	82.09	82.09
juego3	easy	40.0	0.008	397	400	199	232	33	19	82.89	82.89	82.89
juego3	easy	40.0	0.008	405	400	199	230	31	19	83.38	83.38	83.38
juego3	easy	40.0	0.008	415	400	199	226	27	19	84.42	84.42	84.42
juego3	easy	40.0	0.008	424	400	199	222	23	19	85.44	85.44	85.44
juego3	easy	40.0	0.008	432	400	199	219	20	19	86.37	86.37	86.37
juego3	easy	40.0	0.008	441	400	199	216	17	19	87.17	87.17	87.17
juego3	easy	40.0	0.008	450	400	199	214	15	19	87.53	87.53	87.53
juego3	easy	40.0	0.008	459	400	199	211	12	19	88.25	88.25	88.25
juego3	easy	40.0	0.008	467	400	199	209	10	19	88.96	88.96	88.96
juego3	easy	40.0	0.008	475	400	199	208	9	19	89.26	89.26	89.26
juego3	easy	40.0	0.008	485	400	199	206	7	19	89.73	89.73	89.73
juego3	easy	40.0	0.008	494	400	199	204	5	19	90.07	90.07	90.07
juego3	easy	40.0	0.008	503	400	199	204	5	19	90.26	90.26	90.26
juego3	easy	40.0	0.008	511	400	199	204	5	19	90.26	90.26	90.26
juego3	easy	40.0	0.008	520	400	199	203	4	19	90.4	90.4	90.4
juego3	easy	40.0	0.008	528	400	199	203	4	19	90.43	90.43	90.43
juego3	easy	40.0	0.008	538	400	199	203	4	19	90.4	90.4	90.4
juego3	easy	40.0	0.008	547	400	199	203	4	19	90.34	90.34	90.34
juego3	easy	40.0	0.008	555	400	199	203	4	19	90.32	90.32	90.32
juego3	easy	40.0	0.008	564	400	199	204	5	19	90.29	90.29	90.29
juego3	easy	40.0	0.008	574	400	199	204	5	19	90.27	90.27	90.27
juego3	easy	40.0	0.008	582	400	199	204	5	19	90.28	90.28	90.28
juego3	easy	40.0	0.008	592	400	199	204	5	19	90.29	90.29	90.29
juego3	easy	40.0	0.008	601	400	199	204	5	19	90.3	90.3	90.3
juego3	easy	40.0	0.008	609	400	199	203	4	19	90.34	90.34	90.34
juego3	easy	40.0	0.008	617	400	199	203	4	19	90.38	90.38	90.38
juego3	easy	40.0	0.008	625	400	199	203	4	19	90.4	90.4	90.4
juego3	easy	40.0	0.008	634	400	199	203	4	19	90.42	90.42	90.42
juego3	easy	40.0	0.008	644	400	199	203	4	19	90.45	90.45	90.45
juego3	easy	40.0	0.008	652	400	199	203	4	19	90.47	90.47	90.47
juego3	easy	40.0	0.008	661	400	199	203	4	19	90.48	90.48	90.48
juego3	easy	40.0	0.008	670	400	199	203	4	19	90.5	90.5	90.5
juego3	easy	40.0	0.008	678	400	199	203	4	19	90.5	90.5	90.5
juego3	easy	40.0	0.008	686	400	199	203	4	19	90.5	90.5	90.5
juego3	easy	40.0	0.008	695	400	199	203	4	19	90.52	90.52	90.52
juego3	easy	40.0	0.008	704	400	199	203	4	19	90.53	90.53	90.53
juego3	easy	40.0	0.008	713	400	199	203	4	19	90.53	90.53	90.53
juego3	easy	40.0	0.008	722	400	199	203	4	19	90.53	90.53	90.53
juego3	easy	40.0	0.008	731	400	199	203	4	19	90.53	90.53	90.53
juego3	easy	40.0	0.008	740	400	199	203	4	19	90.55	90.55	90.55
juego3	easy	40.0	0.008	750	400	199	202	3	19	90.59	90.59	90.59
juego3	easy	40.0	0.008	759	400	199	202	3	19	90.64	90.64	90.64
juego3	easy	40.0	0.008	767	400	199	202	3	19	90.66	90.66	90.66
juego3	easy	40.0	0.008	775	400	199	202	3	19	90.7	90.7	90.7
juego3	easy	40.0	0.008	783	400	199	202	3	19	90.73	90.73	90.73
juego3	easy	40.0	0.008	792	400	199	202	3	19	90.75	90.75	90.75
juego3	easy	40.0	0.008	801	400	199	202	3	19	90.77	90.77	90.77
juego3	easy	40.0	0.008	809	400	199	202	3	19	90.79	90.79	90.79
juego3	easy	40.0	0.008	818	400	199	202	3	19	90.8	90.8	90.8
juego3	easy	40.0	0.008	828	400	199	202	3	19	90.8	90.8	90.8
juego3	easy	40.0	0.008	836	400	199	202	3	19	90.8	90.8	90.8
juego3	easy	40.0	0.008	845	400	199	202	3	19	90.81	90.81	90.81
juego3	easy	40.0	0.008	853	400	199	202	3	19	90.81	90.81	90.81
juego3	easy	40.0	0.008	861	400	199	202	3	19	90.81	90.81	90.81
juego3	easy	40.0	0.008	870	400	199	201	2	19	90.82	90.82	90.82
juego3	easy	40.0	0.008	879	400	199	201	2	19	90.82	90.82	90.82
juego3	easy	40.0	0.008	887	400	199	201	2	19	90.83	90.83	90.83
juego3	easy	40.0	0.008	895	400	199	201	2	19	90.85	90.85	90.85
juego3	easy	40.0	0.008	904	400	199	201	2	19	90.87	90.87	90.87
juego3	easy	40.0	0.008	913	400	199	201	2	19	90.88	90.88	90.88
juego3	easy	40.0	0.008	921	400	199	201	2	19	90.87	90.87	90.87
juego3	easy	40.0	0.008	930	400	199	201	2	19	90.88	90.88	90.88
juego3	easy	40.0	0.008	938	400	199	201	2	19	90.88	90.88	90.88
juego3	easy	40.0	0.008	947	400	199	201	2	19	90.91	90.91	90.91
juego3	easy	40.0	0.008	956	400	199	201	2	19	90.93	90.93	90.93
juego3	easy	40.0	0.008	965	400	199	201	2	19	90.94	90.94	90.94
juego3	easy	40.0	0.008	974	400	199	201	2	19	90.95	90.95	90.95
juego3	easy	40.0	0.008	983	400	199	201	2	19	90.95	90.95	90.95
juego3	easy	40.0	0.008	993	400	199	201	2	19	90.96	90.96	90.96
juego3	easy	40.0	0.008	1001	400	199	201	2	19	90.97	90.97	90.97
juego3	easy	40.0	0.008	1010	400	199	201	2	19	91.0	91.0	91.0
juego3	easy	40.0	0.008	1019	400	199	201	2	19	91.03	91.03	91.03
juego3	easy	40.0	0.008	1028	400	199	201	2	19	91.05	91.05	91.05
juego3	easy	40.0	0.008	1038	400	199	201	2	19	91.07	91.07	91.07
juego3	easy	40.0	0.008	1046	400	199	200	1	19	91.09	91.09	91.09
juego3	easy	40.0	0.008	1054	400	199	200	1	19	91.1	91.1	91.1
juego3	easy	40.0	0.008	1063	400	199	200	1	19	91.09	91.09	91.09
juego3	easy	40.0	0.008	1072	400	199	200	1	19	91.08	91.08	91.08
juego3	easy	40.0	0.008	1081	400	199	200	1	19	91.08	91.08	91.08
juego3	easy	40.0	0.008	1090	400	199	200	1	19	91.11	91.11	91.11
juego3	easy	40.0	0.008	1099	400	199	200	1	19	91.16	91.16	91.16
juego3	easy	40.0	0.008	1108	400	199	200	1	19	91.21	91.21	91.21
juego3	easy	40.0	0.008	1117	400	199	200	1	19	91.22	91.22	91.22
juego3	easy	40.0	0.008	1126	400	199	200	1	19	91.21	91.21	91.21
juego3	easy	40.0	0.008	1134	400	199	200	1	19	91.21	91.21	91.21
juego3	easy	40.0	0.008	1142	400	199	200	1	19	91.21	91.21	91.21
juego3	easy	40.0	0.008	1150	400	199	200	1	19	91.22	91.22	91.22
juego3	easy	40.0	0.008	1159	400	199	200	1	19	91.24	91.24	91.24
juego3	easy	40.0	0.008	1168	400	199	200	1	19	91.25	91.25	91.25
juego3	easy	40.0	0.008	1176	400	199	200	1	19	91.25	91.25	91.25
juego3	easy	40.0	0.008	1185	400	199	200	1	19	91.26	91.26	91.26
juego3	easy	40.0	0.008	1193	400	199	200	1	19	91.27	91.27	91.27
juego3	easy	40.0	0.008	1202	400	199	200	1	19	91.27	91.27	91.27
juego3	easy	40.0	0.008	1211	400	199	200	1	19	91.27	91.27	91.27
juego3	easy	40.0	0.008	1220	400	199	200	1	19	91.25	91.25	91.25
juego3	easy	40.0	0.008	1229	400	199	200	1	19	91.24	91.24	91.24
juego3	easy	40.0	0.008	1237	400	199	200	1	19	91.24	91.24	91.24
juego3	easy	40.0	0.008	1246	400	199	200	1	19	91.25	91.25	91.25
juego3	easy	40.0	0.008	1254	400	199	200	1	19	91.25	91.25	91.25
juego3	easy	40.0	0.008	1263	400	199	200	1	19	91.26	91.26	91.26
juego3	easy	40.0	0.008	1272	400	199	200	1	19	91.28	91.28	91.28
juego3	easy	40.0	0.008	1280	400	199	200	1	19	91.31	91.31	91.31
juego3	easy	40.0	0.008	1290	400	199	199	0	19	91.34	91.34	91.34
juego3	easy	40.0	0.008	1299	400	199	199	0	19	91.36	91.36	91.36
juego3	easy	40.0	0.008	1307	400	199	199	0	19	91.36	91.36	91.36
juego3	easy	40.0	0.008	1316	400	199	199	0	19	91.34	91.34	91.34
juego3	easy	40.0	0.008	1325	400	199	199	0	19	91.35	91.35	91.35
juego3	easy	40.0	0.008	1334	400	199	199	0	19	91.37	91.37	91.37
juego3	easy	40.0	0.008	1342	400	199	199	0	19	91.37	91.37	91.37
juego3	easy	40.0	0.008	1350	400	199	199	0	19	91.37	91.37	91.37
juego3	easy	40.0	0.008	1359	400	199	199	0	19	91.36	91.36	91.36
juego3	easy	40.0	0.008	1368	400	199	199	0	19	91.36	91.36	91.36
juego3	easy	40.0	0.008	1376	400	199	199	0	19	91.38	91.38	91.38
juego3	easy	40.0	0.008	1384	400	199	199	0	19	91.41	91.41	91.41
juego3	easy	40.0	0.008	1394	400	199	199	0	19	91.41	91.41	91.41
juego3	easy	40.0	0.008	1402	400	199	199	0	19	91.42	91.42	91.42
juego3	easy	40.0	0.008	1411	400	199	199	0	19	91.41	91.41	91.41
juego3	easy	40.0	0.008	1419	400	199	199	0	19	91.41	91.41	91.41
juego3	easy	40.0	0.008	1429	400	199	199	0	19	91.43	91.43	91.43
juego3	easy	40.0	0.008	1438	400	199	199	0	19	91.44	91.44	91.44
juego3	easy	40.0	0.008	1446	400	199	199	0	19	91.46	91.46	91.46
juego3	easy	40.0	0.008	1455	400	199	199	0	19	91.47	91.47	91.47
juego3	easy	40.0	0.008	1464	400	199	199	0	19	91.48	91.48	91.48
juego3	easy	40.0	0.008	1473	400	199	199	0	19	91.48	91.48	91.48
juego3	easy	40.0	0.008	1481	400	199	199	0	19	91.48	91.48	91.48
juego3	easy	40.0	0.008	1489	400	199	199	0	19	91.47	91.47	91.47
juego3	easy	40.0	0.008	1497	400	199	199	0	19	91.47	91.47	91.47
juego3	easy	40.0	0.008	1506	400	199	199	0	19	91.49	91.49	91.49
juego3	easy	40.0	0.008	1515	400	199	199	0	19	91.51	91.51	91.51
juego3	easy	40.0	0.008	1523	400	199	199	0	19	91.52	91.52	91.52
juego3	easy	40.0	0.008	1531	400	199	199	0	19	91.52	91.52	91.52
juego3	easy	40.0	0.008	1539	400	199	199	0	19	91.53	91.53	91.53
juego3	easy	40.0	0.008	1549	400	199	199	0	19	91.53	91.53	91.53
juego3	easy	40.0	0.008	1557	400	199	199	0	19	91.53	91.53	91.53
juego3	easy	40.0	0.008	1565	400	199	199	0	19	91.51	91.51	91.51
juego3	easy	40.0	0.008	1574	400	199	199	0	19	91.5	91.5	91.5
juego3	easy	40.0	0.008	1583	400	199	199	0	19	91.5	91.5	91.5
juego3	easy	40.0	0.008	1592	400	199	199	0	19	91.5	91.5	91.5
juego3	easy	40.0	0.008	1600	400	199	199	0	19	91.51	91.51	91.51
juego3	easy	40.0	0.008	1608	400	199	199	0	19	91.51	91.51	91.51
juego3	easy	40.0	0.008	1618	400	199	199	0	19	91.51	91.51	91.51
juego3	easy	40.0	0.008	1627	400	199	199	0	19	91.51	91.51	91.51
juego3	easy	40.0	0.008	1635	400	199	199	0	19	91.52	91.52	91.52
juego3	easy	40.0	0.008	1644	400	199	199	0	19	91.52	91.52	91.52
juego3	easy	40.0	0.008	1652	400	199	199	0	19	91.52	91.52	91.52
juego3	easy	40.0	0.008	1661	400	199	199	0	19	91.52	91.52	91.52
juego3	easy	40.0	0.008	1670	400	199	199	0	19	91.53	91.53	91.53
juego3	easy	40.0	0.008	1678	400	199	199	0	19	91.54	91.54	91.54
juego3	easy	40.0	0.008	1687	400	199	199	0	19	91.54	91.54	91.54
juego3	easy	40.0	0.008	1696	400	199	199	0	19	91.53	91.53	91.53
juego3	easy	40.0	0.008	1704	400	199	199	0	19	91.54	91.54	91.54
juego3	easy	40.0	0.008	1713	400	199	199	0	19	91.54	91.54	91.54
juego3	easy	40.0	0.008	1722	400	199	199	0	19	91.55	91.55	91.55
juego3	easy	40.0	0.008	1731	400	199	199	0	19	91.56	91.56	91.56
juego3	easy	40.0	0.008	1739	400	199	199	0	19	91.55	91.55	91.55
juego3	easy	40.0	0.008	1747	400	199	199	0	19	91.54	91.54	91.54
juego3	easy	40.0	0.008	1755	400	199	199	0	19	91.53	91.53	91.53
juego3	easy	40.0	0.008	1764	400	199	199	0	19	91.53	91.53	91.53
juego3	easy	40.0	0.008	1773	400	199	199	0	19	91.54	91.54	91.54
juego3	easy	40.0	0.008	1781	400	199	199	0	19	91.55	91.55	91.55
juego3	easy	40.0	0.008	1790	400	199	199	0	19	91.54	91.54	91.54
juego3	easy	40.0	0.008	1799	400	199	199	0	19	91.53	91.53	91.53
juego3	easy	40.0	0.008	1808	400	199	199	0	19	91.53	91.53	91.53
juego3	easy	40.0	0.008	1817	400	199	199	0	19	91.53	91.53	91.53
juego3	easy	40.0	0.008	1826	400	199	199	0	19	91.53	91.53	91.53
juego3	easy	40.0	0.008	1835	400	199	199	0	19	91.53	91.53	91.53
juego3	easy	40.0	0.008	1845	400	199	199	0	19	91.52	91.52	91.52
juego3	easy	40.0	0.008	1853	400	199	199	0	19	91.52	91.52	91.52
juego3	easy	40.0	0.008	1862	400	199	199	0	19	91.5	91.5	91.5
juego3	easy	40.0	0.008	1871	400	199	199	0	19	91.5	91.5	91.5
juego3	easy	40.0	0.008	1879	400	199	199	0	19	91.49	91.49	91.49
juego3	easy	40.0	0.008	1887	400	199	199	0	19	91.49	91.49	91.49
juego3	easy	40.0	0.008	1895	400	199	199	0	19	91.49	91.49	91.49
juego3	easy	40.0	0.008	1903	400	199	199	0	19	91.48	91.48	91.48
juego3	easy	40.0	0.008	1912	400	199	199	0	19	91.47	91.47	91.47
juego3	easy	40.0	0.008	1921	400	199	199	0	19	91.47	91.47	91.47
juego3	easy	40.0	0.008	1929	400	199	199	0	19	91.47	91.47	91.47
juego3	easy	40.0	0.008	1937	400	199	199	0	19	91.46	91.46	91.46
juego3	easy	40.0	0.008	1946	400	199	199	0	19	91.46	91.46	91.46
juego3	easy	40.0	0.008	1955	400	199	199	0	19	91.44	91.44	91.44
juego3	easy	40.0	0.008	1962	400	199	199	0	19	91.44	91.44	91.44
juego3	easy	40.0	0.008	1972	400	199	199	0	19	91.43	91.43	91.43
juego3	easy	40.0	0.008	1980	400	199	199	0	19	91.43	91.43	91.43
juego3	easy	40.0	0.008	1989	400	199	199	0	19	91.42	91.42	91.42
juego3	easy	40.0	0.008	1998	400	199	199	0	19	91.41	91.41	91.41
juego3	easy	40.0	0.008	0	400	199	199	0	20	91.4	91.4	91.4
juego3	easy	0.0	0.008	8	400	231	199	-32	20	91.39	91.39	91.39
juego3	easy	0.0	0.008	17	400	231	199	-32	20	91.39	91.39	91.39
juego3	easy	0.0	0.008	26	400	231	199	-32	20	91.38	91.38	91.38
juego3	easy	0.0	0.008	35	400	231	199	-32	20	91.37	91.37	91.37
juego3	easy	0.0	0.008	44	400	231	199	-32	20	91.36	91.36	91.36
juego3	easy	0.0	0.008	53	400	231	199	-32	20	91.36	91.36	91.36
juego3	easy	0.0	0.008	62	400	231	199	-32	20	91.36	91.36	91.36
juego3	easy	0.0	0.008	70	400	231	199	-32	20	91.38	91.38	91.38
juego3	easy	0.0	0.008	80	400	231	199	-32	20	91.38	91.38	91.38
juego3	easy	0.0	0.008	88	400	231	199	-32	20	91.37	91.37	91.37
juego3	easy	0.0	0.008	97	400	231	199	-32	20	91.35	91.35	91.35
juego3	easy	0.0	0.008	107	400	231	199	-32	20	91.35	91.35	91.35
juego3	easy	0.0	0.008	115	400	231	199	-32	20	91.35	91.35	91.35
juego3	easy	0.0	0.008	125	400	231	199	-32	20	91.33	91.33	91.33
juego3	easy	0.0	0.008	133	400	231	200	-31	20	91.32	91.32	91.32
juego3	easy	0.0	0.008	143	400	231	200	-31	20	91.31	91.31	91.31
juego3	easy	0.0	0.008	151	400	231	200	-31	20	91.3	91.3	91.3
juego3	easy	0.0	0.008	161	400	231	200	-31	20	91.29	91.29	91.29
juego3	easy	0.0	0.008	169	400	231	200	-31	20	91.29	91.29	91.29
juego3	easy	0.0	0.008	177	400	231	200	-31	20	91.29	91.29	91.29
juego3	easy	0.0	0.008	186	400	231	200	-31	20	91.29	91.29	91.29
juego3	easy	0.0	0.008	194	400	231	200	-31	20	91.29	91.29	91.29
juego3	easy	0.0	0.008	203	400	231	200	-31	20	91.3	91.3	91.3
juego3	easy	0.0	0.008	212	400	231	200	-31	20	91.3	91.3	91.3
juego3	easy	0.0	0.008	221	400	231	200	-31	20	91.32	91.32	91.32
juego3	easy	0.0	0.008	231	400	231	200	-31	20	91.26	91.26	91.26
juego3	easy	0.0	0.008	239	400	231	200	-31	20	91.19	91.19	91.19
juego3	easy	0.0	0.008	247	400	231	201	-30	20	90.9	90.9	90.9
juego3	easy	0.0	0.008	255	400	231	204	-27	20	90.3	90.3	90.3
juego3	easy	0.0	0.008	264	400	231	205	-26	20	89.84	89.84	89.84
juego3	easy	0.0	0.008	273	400	231	210	-21	20	88.75	88.75	88.75
juego3	easy	0.0	0.008	281	400	231	214	-17	20	87.69	87.69	87.69
juego3	easy	0.0	0.008	290	400	231	217	-14	20	86.81	86.81	86.81
juego3	easy	0.0	0.008	297	400	231	219	-12	20	86.42	86.42	86.42
juego3	easy	0.0	0.008	306	400	231	221	-10	20	85.68	85.68	85.68
juego3	easy	0.0	0.008	316	400	231	224	-7	20	84.97	84.97	84.97
juego3	easy	0.0	0.008	324	400	231	226	-5	20	84.59	84.59	84.59
juego3	easy	0.0	0.008	334	400	231	228	-3	20	83.96	83.96	83.96
juego3	easy	0.0	0.008	343	400	231	231	0	20	83.32	83.32	83.32
juego3	easy	0.0	0.008	351	400	231	232	1	20	82.94	82.94	82.94
juego3	easy	0.0	0.008	359	400	231	233	2	20	82.84	82.84	82.84
juego3	easy	0.0	0.008	368	400	231	233	2	20	82.72	82.72	82.72
juego3	easy	0.0	0.008	377	400	231	233	2	20	82.63	82.63	82.63
juego3	easy	0.0	0.008	386	400	231	234	3	20	82.49	82.49	82.49
juego3	easy	0.0	0.008	393	400	231	234	3	20	82.42	82.42	82.42
juego3	easy	0.0	0.008	402	400	231	235	4	20	82.3	82.3	82.3
juego3	easy	0.0	0.008	411	400	231	235	4	20	82.19	82.19	82.19
juego3	easy	0.0	0.008	419	400	231	235	4	20	82.15	82.15	82.15
juego3	easy	0.0	0.008	426	400	231	236	5	20	82.07	82.07	82.07
juego3	easy	0.0	0.008	435	400	231	236	5	20	82.04	82.04	82.04
juego3	easy	0.0	0.008	444	400	231	236	5	20	82.04	82.04	82.04
juego3	easy	0.0	0.008	453	400	231	236	5	20	82.06	82.06	82.06
juego3	easy	0.0	0.008	462	400	231	236	5	20	82.07	82.07	82.07
juego3	easy	0.0	0.008	471	400	231	236	5	20	82.06	82.06	82.06
juego3	easy	0.0	0.008	479	400	231	236	5	20	82.05	82.05	82.05
juego3	easy	0.0	0.008	488	400	231	236	5	20	82.0	82.0	82.0
juego3	easy	0.0	0.008	497	400	231	236	5	20	81.96	81.96	81.96
juego3	easy	0.0	0.008	505	400	231	236	5	20	81.96	81.96	81.96
juego3	easy	0.0	0.008	514	400	231	236	5	20	81.97	81.97	81.97
juego3	easy	0.0	0.008	522	400	231	236	5	20	81.99	81.99	81.99
juego3	easy	0.0	0.008	531	400	231	236	5	20	82.01	82.01	82.01
juego3	easy	0.0	0.008	539	400	231	236	5	20	82.03	82.03	82.03
juego3	easy	0.0	0.008	548	400	231	236	5	20	82.08	82.08	82.08
juego3	easy	0.0	0.008	557	400	231	235	4	20	82.12	82.12	82.12
juego3	easy	0.0	0.008	567	400	231	235	4	20	82.17	82.17	82.17
juego3	easy	0.0	0.008	575	400	231	235	4	20	82.19	82.19	82.19
juego3	easy	0.0	0.008	584	400	231	235	4	20	82.22	82.22	82.22
juego3	easy	0.0	0.008	593	400	231	235	4	20	82.26	82.26	82.26
juego3	easy	0.0	0.008	601	400	231	235	4	20	82.29	82.29	82.29
juego3	easy	0.0	0.008	610	400	231	235	4	20	82.31	82.31	82.31
juego3	easy	0.0	0.008	619	400	231	234	3	20	82.36	82.36	82.36
juego3	easy	0.0	0.008	628	400	231	234	3	20	82.42	82.42	82.42
juego3	easy	0.0	0.008	637	400	231	234	3	20	82.46	82.46	82.46
juego3	easy	0.0	0.008	646	400	231	234	3	20	82.48	82.48	82.48
juego3	easy	0.0	0.008	655	400	231	234	3	20	82.49	82.49	82.49
juego3	easy	0.0	0.008	665	400	231	234	3	20	82.5	82.5	82.5
juego3	easy	0.0	0.008	673	400	231	234	3	20	82.52	82.52	82.52
juego3	easy	0.0	0.008	681	400	231	234	3	20	82.57	82.57	82.57
juego3	easy	0.0	0.008	690	400	231	234	3	20	82.58	82.58	82.58
juego3	easy	0.0	0.008	698	400	231	233	2	20	82.61	82.61	82.61
juego3	easy	0.0	0.008	707	400	231	233	2	20	82.63	82.63	82.63
juego3	easy	0.0	0.008	717	400	231	233	2	20	82.66	82.66	82.66
juego3	easy	0.0	0.008	725	400	231	233	2	20	82.67	82.67	82.67
juego3	easy	0.0	0.008	734	400	231	233	2	20	82.69	82.69	82.69
juego3	easy	0.0	0.008	742	400	231	233	2	20	82.71	82.71	82.71
juego3	easy	0.0	0.008	751	400	231	233	2	20	82.72	82.72	82.72
juego3	easy	0.0	0.008	760	400	231	233	2	20	82.73	82.73	82.73
juego3	easy	0.0	0.008	769	400	231	233	2	20	82.75	82.75	82.75
juego3	easy	0.0	0.008	778	400	231	233	2	20	82.76	82.76	82.76
juego3	easy	0.0	0.008	787	400	231	233	2	20	82.76	82.76	82.76
juego3	easy	0.0	0.008	797	400	231	233	2	20	82.77	82.77	82.77
juego3	easy	0.0	0.008	805	400	231	233	2	20	82.77	82.77	82.77
juego3	easy	0.0	0.008	814	400	231	233	2	20	82.79	82.79	82.79
juego3	easy	0.0	0.008	823	400	231	233	2	20	82.8	82.8	82.8
juego3	easy	0.0	0.008	831	400	231	233	2	20	82.81	82.81	82.81
juego3	easy	0.0	0.008	841	400	231	233	2	20	82.8	82.8	82.8
juego3	easy	0.0	0.008	849	400	231	233	2	20	82.79	82.79	82.79
juego3	easy	0.0	0.008	857	400	231	233	2	20	82.8	82.8	82.8
juego3	easy	0.0	0.008	865	400	231	233	2	20	82.81	82.81	82.81
juego3	easy	0.0	0.008	874	400	231	233	2	20	82.84	82.84	82.84
juego3	easy	0.0	0.008	882	400	231	232	1	20	82.86	82.86	82.86
juego3	easy	0.0	0.008	891	400	231	233	2	20	82.85	82.85	82.85
juego3	easy	0.0	0.008	900	400	231	233	2	20	82.84	82.84	82.84
juego3	easy	0.0	0.008	908	400	231	233	2	20	82.83	82.83	82.83
juego3	easy	0.0	0.008	916	400	231	233	2	20	82.84	82.84	82.84
juego3	easy	0.0	0.008	925	400	231	233	2	20	82.85	82.85	82.85
juego3	easy	0.0	0.008	934	400	231	232	1	20	82.86	82.86	82.86
juego3	easy	0.0	0.008	942	400	231	232	1	20	82.86	82.86	82.86
juego3	easy	0.0	0.008	951	400	231	233	2	20	82.84	82.84	82.84
juego3	easy	0.0	0.008	959	400	231	233	2	20	82.84	82.84	82.84
juego3	easy	0.0	0.008	968	400	231	233	2	20	82.84	82.84	82.84
juego3	easy	0.0	0.008	976	400	231	233	2	20	82.84	82.84	82.84
juego3	easy	0.0	0.008	985	400	231	233	2	20	82.84	82.84	82.84
juego3	easy	0.0	0.008	995	400	231	233	2	20	82.85	82.85	82.85
juego3	easy	0.0	0.008	1004	400	231	233	2	20	82.85	82.85	82.85
juego3	easy	0.0	0.008	1013	400	231	232	1	20	82.86	82.86	82.86
juego3	easy	0.0	0.008	1022	400	231	232	1	20	82.86	82.86	82.86
juego3	easy	0.0	0.008	1030	400	231	232	1	20	82.87	82.87	82.87
juego3	easy	0.0	0.008	1039	400	231	232	1	20	82.87	82.87	82.87
juego3	easy	0.0	0.008	1048	400	231	232	1	20	82.87	82.87	82.87
juego3	easy	0.0	0.008	1057	400	231	232	1	20	82.86	82.86	82.86
juego3	easy	0.0	0.008	1066	400	231	232	1	20	82.86	82.86	82.86
juego3	easy	0.0	0.008	1075	400	231	232	1	20	82.87	82.87	82.87
juego3	easy	0.0	0.008	1084	400	231	232	1	20	82.87	82.87	82.87
juego3	easy	0.0	0.008	1092	400	231	232	1	20	82.86	82.86	82.86
juego3	easy	0.0	0.008	1100	400	231	232	1	20	82.86	82.86	82.86
juego3	easy	0.0	0.008	1108	400	231	232	1	20	82.87	82.87	82.87
juego3	easy	0.0	0.008	1116	400	231	232	1	20	82.87	82.87	82.87
juego3	easy	0.0	0.008	1126	400	231	232	1	20	82.88	82.88	82.88
juego3	easy	0.0	0.008	1134	400	231	232	1	20	82.88	82.88	82.88
juego3	easy	0.0	0.008	1141	400	231	232	1	20	82.87	82.87	82.87
juego3	easy	0.0	0.008	1150	400	231	232	1	20	82.87	82.87	82.87
juego3	easy	0.0	0.008	1158	400	231	232	1	20	82.86	82.86	82.86
juego3	easy	0.0	0.008	1167	400	231	233	2	20	82.85	82.85	82.85
juego3	easy	0.0	0.008	1177	400	231	233	2	20	82.85	82.85	82.85
juego3	easy	0.0	0.008	1185	400	231	233	2	20	82.85	82.85	82.85
juego3	easy	0.0	0.008	1194	400	231	233	2	20	82.83	82.83	82.83
juego3	easy	0.0	0.008	1202	400	231	233	2	20	82.83	82.83	82.83
juego3	easy	0.0	0.008	1210	400	231	233	2	20	82.83	82.83	82.83
juego3	easy	0.0	0.008	1220	400	231	233	2	20	82.81	82.81	82.81
juego3	easy	0.0	0.008	1228	400	231	233	2	20	82.81	82.81	82.81
juego3	easy	0.0	0.008	1237	400	231	233	2	20	82.83	82.83	82.83
juego3	easy	0.0	0.008	1245	400	231	233	2	20	82.84	82.84	82.84
juego3	easy	0.0	0.008	1255	400	231	233	2	20	82.84	82.84	82.84
juego3	easy	0.0	0.008	1264	400	231	233	2	20	82.84	82.84	82.84
juego3	easy	0.0	0.008	1272	400	231	233	2	20	82.84	82.84	82.84
juego3	easy	0.0	0.008	1281	400	231	233	2	20	82.84	82.84	82.84
juego3	easy	0.0	0.008	1290	400	231	233	2	20	82.82	82.82	82.82
juego3	easy	0.0	0.008	1300	400	231	233	2	20	82.82	82.82	82.82
juego3	easy	0.0	0.008	1308	400	231	233	2	20	82.83	82.83	82.83
juego3	easy	0.0	0.008	1316	400	231	233	2	20	82.82	82.82	82.82
juego3	easy	0.0	0.008	1325	400	231	233	2	20	82.81	82.81	82.81
juego3	easy	0.0	0.008	1333	400	231	233	2	20	82.79	82.79	82.79
juego3	easy	0.0	0.008	1342	400	231	233	2	20	82.78	82.78	82.78
juego3	easy	0.0	0.008	1350	400	231	233	2	20	82.77	82.77	82.77
juego3	easy	0.0	0.008	1359	400	231	233	2	20	82.75	82.75	82.75
juego3	easy	0.0	0.008	1368	400	231	233	2	20	82.74	82.74	82.74
juego3	easy	0.0	0.008	1377	400	231	233	2	20	82.73	82.73	82.73
juego3	easy	0.0	0.008	1385	400	231	233	2	20	82.73	82.73	82.73
juego3	easy	0.0	0.008	1393	400	231	233	2	20	82.74	82.74	82.74
juego3	easy	0.0	0.008	1401	400	231	233	2	20	82.74	82.74	82.74
juego3	easy	0.0	0.008	1410	400	231	233	2	20	82.73	82.73	82.73
juego3	easy	0.0	0.008	1419	400	231	233	2	20	82.72	82.72	82.72
juego3	easy	0.0	0.008	1428	400	231	233	2	20	82.69	82.69	82.69
juego3	easy	0.0	0.008	1437	400	231	233	2	20	82.69	82.69	82.69
juego3	easy	0.0	0.008	1446	400	231	233	2	20	82.69	82.69	82.69
juego3	easy	0.0	0.008	1454	400	231	233	2	20	82.69	82.69	82.69
juego3	easy	0.0	0.008	1462	400	231	233	2	20	82.69	82.69	82.69
juego3	easy	0.0	0.008	1471	400	231	233	2	20	82.67	82.67	82.67
juego3	easy	0.0	0.008	1481	400	231	233	2	20	82.66	82.66	82.66
juego3	easy	0.0	0.008	1488	400	231	233	2	20	82.64	82.64	82.64
juego3	easy	0.0	0.008	1497	400	231	233	2	20	82.64	82.64	82.64
juego3	easy	0.0	0.008	1506	400	231	233	2	20	82.63	82.63	82.63
juego3	easy	0.0	0.008	1515	400	231	233	2	20	82.62	82.62	82.62
juego3	easy	0.0	0.008	1525	400	231	233	2	20	82.6	82.6	82.6
juego3	easy	0.0	0.008	1532	400	231	233	2	20	82.6	82.6	82.6
juego3	easy	0.0	0.008	1541	400	231	234	3	20	82.59	82.59	82.59
juego3	easy	0.0	0.008	1550	400	231	234	3	20	82.57	82.57	82.57
juego3	easy	0.0	0.008	1559	400	231	234	3	20	82.55	82.55	82.55
juego3	easy	0.0	0.008	1568	400	231	234	3	20	82.55	82.55	82.55
juego3	easy	0.0	0.008	1577	400	231	234	3	20	82.55	82.55	82.55
juego3	easy	0.0	0.008	1585	400	231	234	3	20	82.54	82.54	82.54
juego3	easy	0.0	0.008	1594	400	231	234	3	20	82.52	82.52	82.52
juego3	easy	0.0	0.008	1602	400	231	234	3	20	82.52	82.52	82.52
juego3	easy	0.0	0.008	1610	400	231	234	3	20	82.52	82.52	82.52
juego3	easy	0.0	0.008	1619	400	231	234	3	20	82.54	82.54	82.54
juego3	easy	0.0	0.008	1628	400	231	234	3	20	82.54	82.54	82.54
juego3	easy	0.0	0.008	1637	400	231	234	3	20	82.53	82.53	82.53
juego3	easy	0.0	0.008	1647	400	231	234	3	20	82.5	82.5	82.5
juego3	easy	0.0	0.008	1656	400	231	234	3	20	82.49	82.49	82.49
juego3	easy	0.0	0.008	1664	400	231	234	3	20	82.48	82.48	82.48
juego3	easy	0.0	0.008	1672	400	231	234	3	20	82.47	82.47	82.47
juego3	easy	0.0	0.008	1681	400	231	234	3	20	82.45	82.45	82.45
juego3	easy	0.0	0.008	1690	400	231	234	3	20	82.43	82.43	82.43
juego3	easy	0.0	0.008	1699	400	231	234	3	20	82.41	82.41	82.41
juego3	easy	0.0	0.008	1707	400	231	234	3	20	82.4	82.4	82.4
juego3	easy	0.0	0.008	1716	400	231	234	3	20	82.38	82.38	82.38
juego3	easy	0.0	0.008	1725	400	231	234	3	20	82.38	82.38	82.38
juego3	easy	0.0	0.008	1734	400	231	234	3	20	82.39	82.39	82.39
juego3	easy	0.0	0.008	1743	400	231	234	3	20	82.39	82.39	82.39
juego3	easy	0.0	0.008	1752	400	231	234	3	20	82.37	82.37	82.37
juego3	easy	0.0	0.008	1761	400	231	235	4	20	82.34	82.34	82.34
juego3	easy	0.0	0.008	1769	400	231	235	4	20	82.28	82.28	82.28
juego3	easy	0.0	0.008	1778	400	231	235	4	20	82.26	82.26	82.26
juego3	easy	0.0	0.008	1787	400	231	235	4	20	82.24	82.24	82.24
juego3	easy	0.0	0.008	1796	400	231	235	4	20	82.21	82.21	82.21
juego3	easy	0.0	0.008	1804	400	231	235	4	20	82.17	82.17	82.17
juego3	easy	0.0	0.008	1813	400	231	235	4	20	82.12	82.12	82.12
juego3	easy	0.0	0.008	1822	400	231	235	4	20	82.09	82.09	82.09
juego3	easy	0.0	0.008	1831	400	231	236	5	20	82.04	82.04	82.04
juego3	easy	0.0	0.008	1841	400	231	236	5	20	82.0	82.0	82.0
juego3	easy	0.0	0.008	1849	400	231	236	5	20	81.97	81.97	81.97
juego3	easy	0.0	0.008	1859	400	231	236	5	20	81.95	81.95	81.95
juego3	easy	0.0	0.008	1867	400	231	236	5	20	81.95	81.95	81.95
juego3	easy	0.0	0.008	1877	400	231	236	5	20	81.93	81.93	81.93
juego3	easy	0.0	0.008	1885	400	231	236	5	20	81.92	81.92	81.92
juego3	easy	0.0	0.008	1894	400	231	236	5	20	81.91	81.91	81.91
juego3	easy	0.0	0.008	1901	400	231	236	5	20	81.91	81.91	81.91
juego3	easy	0.0	0.008	1910	400	231	236	5	20	81.89	81.89	81.89
juego3	easy	0.0	0.008	1919	400	231	236	5	20	81.87	81.87	81.87
juego3	easy	0.0	0.008	1927	400	231	236	5	20	81.86	81.86	81.86
juego3	easy	0.0	0.008	1936	400	231	236	5	20	81.88	81.88	81.88
juego3	easy	0.0	0.008	1944	400	231	236	5	20	81.9	81.9	81.9
juego3	easy	0.0	0.008	1952	400	231	236	5	20	81.91	81.91	81.91
juego3	easy	0.0	0.008	1960	400	231	236	5	20	81.91	81.91	81.91
juego3	easy	0.0	0.008	1969	400	231	236	5	20	81.91	81.91	81.91
juego3	easy	0.0	0.008	1977	400	231	236	5	20	81.9	81.9	81.9
juego3	easy	0.0	0.008	1986	400	231	236	5	20	81.9	81.9	81.9
juego3	easy	0.0	0.008	1995	400	231	236	5	20	81.89	81.89	81.89
juego3	easy	0.0	0.008	0	400	231	236	5	21	81.89	81.89	81.89
juego3	easy	-40.0	0.008	9	400	318	236	-82	21	81.88	81.88	81.88
juego3	easy	-40.0	0.008	18	400	318	236	-82	21	81.86	81.86	81.86
juego3	easy	-40.0	0.008	27	400	318	236	-82	21	81.84	81.84	81.84
juego3	easy	-40.0	0.008	36	400	318	237	-81	21	81.81	81.81	81.81
juego3	easy	-40.0	0.008	45	400	318	237	-81	21	81.8	81.8	81.8
juego3	easy	-40.0	0.008	54	400	318	237	-81	21	81.79	81.79	81.79
juego3	easy	-40.0	0.008	62	400	318	237	-81	21	81.81	81.81	81.81
juego3	easy	-40.0	0.008	70	400	318	237	-81	21	81.82	81.82	81.82
juego3	easy	-40.0	0.008	79	400	318	236	-82	21	81.85	81.85	81.85
juego3	easy	-40.0	0.008	87	400	318	236	-82	21	81.86	81.86	81.86
juego3	easy	-40.0	0.008	96	400	318	236	-82	21	81.86	81.86	81.86
juego3	easy	-40.0	0.008	105	400	318	236	-82	21	81.85	81.85	81.85
juego3	easy	-40.0	0.008	114	400	318	237	-81	21	81.82	81.82	81.82
juego3	easy	-40.0	0.008	122	400	318	237	-81	21	81.8	81.8	81.8
juego3	easy	-40.0	0.008	129	400	318	237	-81	21	81.79	81.79	81.79
juego3	easy	-40.0	0.008	138	400	318	237	-81	21	81.79	81.79	81.79
juego3	easy	-40.0	0.008	146	400	318	237	-81	21	81.81	81.81	81.81
juego3	easy	-40.0	0.008	155	400	318	237	-81	21	81.82	81.82	81.82
juego3	easy	-40.0	0.008	164	400	318	236	-82	21	81.83	81.83	81.83
juego3	easy	-40.0	0.008	173	400	318	236	-82	21	81.83	81.83	81.83
juego3	easy	-40.0	0.008	180	400	318	237	-81	21	81.82	81.82	81.82
juego3	easy	-40.0	0.008	189	400	318	237	-81	21	81.81	81.81	81.81
juego3	easy	-40.0	0.008	198	400	318	237	-81	21	81.8	81.8	81.8
juego3	easy	-40.0	0.008	207	400	318	237	-81	21	81.81	81.81	81.81
juego3	easy	-40.0	0.008	215	400	318	237	-81	21	81.81	81.81	81.81
juego3	easy	-40.0	0.008	224	400	318	237	-81	21	81.82	81.82	81.82
juego3	easy	-40.0	0.008	232	400	318	237	-81	21	81.81	81.81	81.81
juego3	easy	-40.0	0.008	241	400	318	237	-81	21	81.8	81.8	81.8
juego3	easy	-40.0	0.008	250	400	318	237	-81	21	81.74	81.74	81.74
juego3	easy	-40.0	0.008	258	400	318	237	-81	21	81.62	81.62	81.62
juego3	easy	-40.0	0.008	267	400	318	238	-80	21	81.43	81.43	81.43
juego3	easy	-40.0	0.008	275	400	318	239	-79	21	81.31	81.31	81.31
juego3	easy	-40.0	0.008	285	400	318	240	-78	21	81.0	81.0	81.0
juego3	easy	-40.0	0.008	293	400	318	241	-77	21	80.56	80.56	80.56
juego3	easy	-40.0	0.008	302	400	318	244	-74	21	79.92	79.92	79.92
juego3	easy	-40.0	0.008	312	400	318	248	-70	21	78.98	78.98	78.98
juego3	easy	-40.0	0.008	319	400	318	250	-68	21	78.41	78.41	78.41
juego3	easy	-40.0	0.008	328	400	318	255	-63	21	77.03	77.03	77.03
juego3	easy	-40.0	0.008	336	400	318	258	-60	21	76.23	76.23	76.23
juego3	easy	-40.0	0.008	344	400	318	264	-54	21	74.7	74.7	74.7
juego3	easy	-40.0	0.008	353	400	318	267	-51	21	73.96	73.96	73.96
juego3	easy	-40.0	0.008	361	400	318	270	-48	21	73.28	73.28	73.28
juego3	easy	-40.0	0.008	370	400	318	277	-41	21	71.47	71.47	71.47
juego3	easy	-40.0	0.008	379	400	318	281	-37	21	70.37	70.37	70.37
juego3	easy	-40.0	0.008	389	400	318	285	-33	21	69.25	69.25	69.25
juego3	easy	-40.0	0.008	398	400	318	290	-28	21	68.11	68.11	68.11
juego3	easy	-40.0	0.008	407	400	318	294	-24	21	67.03	67.03	67.03
juego3	easy	-40.0	0.008	415	400	318	296	-22	21	66.55	66.55	66.55
juego3	easy	-40.0	0.008	425	400	318	299	-19	21	65.79	65.79	65.79
juego3	easy	-40.0	0.008	433	400	318	300	-18	21	65.29	65.29	65.29
juego3	easy	-40.0	0.008	442	400	318	301	-17	21	64.94	64.94	64.94
juego3	easy	-40.0	0.008	450	400	318	301	-17	21	64.94	64.94	64.94
juego3	easy	-40.0	0.008	459	400	318	302	-16	21	64.66	64.66	64.66
juego3	easy	-40.0	0.008	467	400	318	304	-14	21	64.12	64.12	64.12
juego3	easy	-40.0	0.008	475	400	318	305	-13	21	63.98	63.98	63.98
juego3	easy	-40.0	0.008	484	400	318	306	-12	21	63.76	63.76	63.76
juego3	easy	-40.0	0.008	493	400	318	306	-12	21	63.62	63.62	63.62
juego3	easy	-40.0	0.008	501	400	318	307	-11	21	63.56	63.56	63.56
juego3	easy	-40.0	0.008	509	400	318	307	-11	21	63.5	63.5	63.5
juego3	easy	-40.0	0.008	518	400	318	307	-11	21	63.47	63.47	63.47
juego3	easy	-40.0	0.008	528	400	318	307	-11	21	63.47	63.47	63.47
juego3	easy	-40.0	0.008	536	400	318	307	-11	21	63.46	63.46	63.46
juego3	easy	-40.0	0.008	545	400	318	307	-11	21	63.46	63.46	63.46
juego3	easy	-40.0	0.008	552	400	318	307	-11	21	63.47	63.47	63.47
juego3	easy	-40.0	0.008	561	400	318	307	-11	21	63.48	63.48	63.48
juego3	easy	-40.0	0.008	570	400	318	307	-11	21	63.52	63.52	63.52
juego3	easy	-40.0	0.008	579	400	318	307	-11	21	63.59	63.59	63.59
juego3	easy	-40.0	0.008	588	400	318	306	-12	21	63.67	63.67	63.67
juego3	easy	-40.0	0.008	596	400	318	306	-12	21	63.72	63.72	63.72
juego3	easy	-40.0	0.008	605	400	318	306	-12	21	63.79	63.79	63.79
juego3	easy	-40.0	0.008	614	400	318	306	-12	21	63.83	63.83	63.83
juego3	easy	-40.0	0.008	622	400	318	306	-12	21	63.85	63.85	63.85
juego3	easy	-40.0	0.008	630	400	318	305	-13	21	63.89	63.89	63.89
juego3	easy	-40.0	0.008	639	400	318	305	-13	21	63.91	63.91	63.91
juego3	easy	-40.0	0.008	646	400	318	305	-13	21	63.91	63.91	63.91
juego3	easy	-40.0	0.008	655	400	318	305	-13	21	63.89	63.89	63.89
juego3	easy	-40.0	0.008	663	400	318	305	-13	21	63.86	63.86	63.86
juego3	easy	-40.0	0.008	673	400	318	306	-12	21	63.82	63.82	63.82
juego3	easy	-40.0	0.008	681	400	318	306	-12	21	63.79	63.79	63.79
juego3	easy	-40.0	0.008	691	400	318	306	-12	21	63.7	63.7	63.7
juego3	easy	-40.0	0.008	699	400	318	306	-12	21	63.6	63.6	63.6
juego3	easy	-40.0	0.008	708	400	318	307	-11	21	63.51	63.51	63.51
juego3	easy	-40.0	0.008	717	400	318	307	-11	21	63.48	63.48	63.48
juego3	easy	-40.0	0.008	725	400	318	307	-11	21	63.42	63.42	63.42
juego3	easy	-40.0	0.008	734	400	318	307	-11	21	63.37	63.37	63.37
juego3	easy	-40.0	0.008	743	400	318	308	-10	21	63.3	63.3	63.3
juego3	easy	-40.0	0.008	754	400	318	308	-10	21	63.23	63.23	63.23
juego3	easy	-40.0	0.008	761	400	318	308	-10	21	63.2	63.2	63.2
juego3	easy	-40.0	0.008	770	400	318	308	-10	21	63.12	63.12	63.12
juego3	easy	-40.0	0.008	779	400	318	309	-9	21	63.03	63.03	63.03
juego3	easy	-40.0	0.008	786	400	318	309	-9	21	62.99	62.99	62.99
juego3	easy	-40.0	0.008	795	400	318	309	-9	21	62.86	62.86	62.86
juego3	easy	-40.0	0.008	804	400	318	310	-8	21	62.73	62.73	62.73
juego3	easy	-40.0	0.008	813	400	318	311	-7	21	62.57	62.57	62.57
juego3	easy	-40.0	0.008	821	400	318	311	-7	21	62.47	62.47	62.47
juego3	easy	-40.0	0.008	830	400	318	312	-6	21	62.29	62.29	62.29
juego3	easy	-40.0	0.008	839	400	318	312	-6	21	62.12	62.12	62.12
juego3	easy	-40.0	0.008	849	400	318	313	-5	21	61.98	61.98	61.98
juego3	easy	-40.0	0.008	856	400	318	313	-5	21	61.91	61.91	61.91
juego3	easy	-40.0	0.008	865	400	318	314	-4	21	61.79	61.79	61.79
juego3	easy	-40.0	0.008	874	400	318	314	-4	21	61.66	61.66	61.66
juego3	easy	-40.0	0.008	883	400	318	314	-4	21	61.55	61.55	61.55
juego3	easy	-40.0	0.008	891	400	318	315	-3	21	61.5	61.5	61.5
juego3	easy	-40.0	0.008	900	400	318	315	-3	21	61.44	61.44	61.44
juego3	easy	-40.0	0.008	909	400	318	315	-3	21	61.39	61.39	61.39
juego3	easy	-40.0	0.008	917	400	318	315	-3	21	61.36	61.36	61.36
juego3	easy	-40.0	0.008	925	400	318	315	-3	21	61.32	61.32	61.32
juego3	easy	-40.0	0.008	934	400	318	315	-3	21	61.29	61.29	61.29
juego3	easy	-40.0	0.008	943	400	318	316	-2	21	61.27	61.27	61.27
juego3	easy	-40.0	0.008	951	400	318	316	-2	21	61.26	61.26	61.26
juego3	easy	-40.0	0.008	960	400	318	316	-2	21	61.25	61.25	61.25
juego3	easy	-40.0	0.008	968	400	318	316	-2	21	61.24	61.24	61.24
juego3	easy	-40.0	0.008	977	400	318	316	-2	21	61.23	61.23	61.23
juego3	easy	-40.0	0.008	986	400	318	316	-2	21	61.21	61.21	61.21
juego3	easy	-40.0	0.008	995	400	318	316	-2	21	61.2	61.2	61.2
juego3	easy	-40.0	0.008	1004	400	318	316	-2	21	61.18	61.18	61.18
juego3	easy	-40.0	0.008	1012	400	318	316	-2	21	61.17	61.17	61.17
juego3	easy	-40.0	0.008	1021	400	318	316	-2	21	61.17	61.17	61.17
juego3	easy	-40.0	0.008	1030	400	318	316	-2	21	61.17	61.17	61.17
juego3	easy	-40.0	0.008	1039	400	318	316	-2	21	61.18	61.18	61.18
juego3	easy	-40.0	0.008	1048	400	318	316	-2	21	61.17	61.17	61.17
juego3	easy	-40.0	0.008	1057	400	318	316	-2	21	61.17	61.17	61.17
juego3	easy	-40.0	0.008	1065	400	318	316	-2	21	61.16	61.16	61.16
juego3	easy	-40.0	0.008	1073	400	318	316	-2	21	61.15	61.15	61.15
juego3	easy	-40.0	0.008	1082	400	318	316	-2	21	61.14	61.14	61.14
juego3	easy	-40.0	0.008	1091	400	318	316	-2	21	61.14	61.14	61.14
juego3	easy	-40.0	0.008	1100	400	318	316	-2	21	61.15	61.15	61.15
juego3	easy	-40.0	0.008	1109	400	318	316	-2	21	61.14	61.14	61.14
juego3	easy	-40.0	0.008	1116	400	318	316	-2	21	61.14	61.14	61.14
juego3	easy	-40.0	0.008	1125	400	318	316	-2	21	61.13	61.13	61.13
juego3	easy	-40.0	0.008	1134	400	318	316	-2	21	61.15	61.15	61.15
juego3	easy	-40.0	0.008	1143	400	318	316	-2	21	61.16	61.16	61.16
juego3	easy	-40.0	0.008	1152	400	318	316	-2	21	61.19	61.19	61.19
juego3	easy	-40.0	0.008	1161	400	318	316	-2	21	61.18	61.18	61.18
juego3	easy	-40.0	0.008	1169	400	318	316	-2	21	61.18	61.18	61.18
juego3	easy	-40.0	0.008	1176	400	318	316	-2	21	61.19	61.19	61.19
juego3	easy	-40.0	0.008	1185	400	318	316	-2	21	61.22	61.22	61.22
juego3	easy	-40.0	0.008	1192	400	318	316	-2	21	61.23	61.23	61.23
juego3	easy	-40.0	0.008	1201	400	318	316	-2	21	61.25	61.25	61.25
juego3	easy	-40.0	0.008	1210	400	318	316	-2	21	61.26	61.26	61.26
juego3	easy	-40.0	0.008	1219	400	318	316	-2	21	61.28	61.28	61.28
juego3	easy	-40.0	0.008	1228	400	318	316	-2	21	61.28	61.28	61.28
juego3	easy	-40.0	0.008	1237	400	318	315	-3	21	61.3	61.3	61.3
juego3	easy	-40.0	0.008	1246	400	318	315	-3	21	61.31	61.31	61.31
juego3	easy	-40.0	0.008	1255	400	318	315	-3	21	61.32	61.32	61.32
juego3	easy	-40.0	0.008	1264	400	318	315	-3	21	61.35	61.35	61.35
juego3	easy	-40.0	0.008	1274	400	318	315	-3	21	61.37	61.37	61.37
juego3	easy	-40.0	0.008	1283	400	318	315	-3	21	61.37	61.37	61.37
juego3	easy	-40.0	0.008	1292	400	318	315	-3	21	61.39	61.39	61.39
juego3	easy	-40.0	0.008	1301	400	318	315	-3	21	61.42	61.42	61.42
juego3	easy	-40.0	0.008	1309	400	318	315	-3	21	61.44	61.44	61.44
juego3	easy	-40.0	0.008	1318	400	318	315	-3	21	61.46	61.46	61.46
juego3	easy	-40.0	0.008	1327	400	318	315	-3	21	61.47	61.47	61.47
juego3	easy	-40.0	0.008	1336	400	318	315	-3	21	61.5	61.5	61.5
juego3	easy	-40.0	0.008	1345	400	318	315	-3	21	61.54	61.54	61.54
juego3	easy	-40.0	0.008	1354	400	318	314	-4	21	61.56	61.56	61.56
juego3	easy	-40.0	0.008	1362	400	318	314	-4	21	61.59	61.59	61.59
juego3	easy	-40.0	0.008	1371	400	318	314	-4	21	61.58	61.58	61.58
juego3	easy	-40.0	0.008	1380	400	318	314	-4	21	61.59	61.59	61.59
juego3	easy	-40.0	0.008	1389	400	318	314	-4	21	61.61	61.61	61.61
juego3	easy	-40.0	0.008	1397	400	318	314	-4	21	61.64	61.64	61.64
juego3	easy	-40.0	0.008	1405	400	318	314	-4	21	61.67	61.67	61.67
juego3	easy	-40.0	0.008	1414	400	318	314	-4	21	61.69	61.69	61.69
juego3	easy	-40.0	0.008	1423	400	318	314	-4	21	61.69	61.69	61.69
juego3	easy	-40.0	0.008	1431	400	318	314	-4	21	61.67	61.67	61.67
juego3	easy	-40.0	0.008	1438	400	318	314	-4	21	61.66	61.66	61.66
juego3	easy	-40.0	0.008	1447	400	318	314	-4	21	61.67	61.67	61.67
juego3	easy	-40.0	0.008	1455	400	318	314	-4	21	61.69	61.69	61.69
juego3	easy	-40.0	0.008	1463	400	318	314	-4	21	61.69	61.69	61.69
juego3	easy	-40.0	0.008	1472	400	318	314	-4	21	61.69	61.69	61.69
juego3	easy	-40.0	0.008	1481	400	318	314	-4	21	61.7	61.7	61.7
juego3	easy	-40.0	0.008	1489	400	318	314	-4	21	61.72	61.72	61.72
juego3	easy	-40.0	0.008	1498	400	318	314	-4	21	61.73	61.73	61.73
juego3	easy	-40.0	0.008	1507	400	318	314	-4	21	61.75	61.75	61.75
juego3	easy	-40.0	0.008	1516	400	318	314	-4	21	61.75	61.75	61.75
juego3	easy	-40.0	0.008	1525	400	318	314	-4	21	61.76	61.76	61.76
juego3	easy	-40.0	0.008	1535	400	318	314	-4	21	61.76	61.76	61.76
juego3	easy	-40.0	0.008	1542	400	318	314	-4	21	61.78	61.78	61.78
juego3	easy	-40.0	0.008	1551	400	318	314	-4	21	61.79	61.79	61.79
juego3	easy	-40.0	0.008	1560	400	318	313	-5	21	61.81	61.81	61.81
juego3	easy	-40.0	0.008	1567	400	318	313	-5	21	61.82	61.82	61.82
juego3	easy	-40.0	0.008	1576	400	318	313	-5	21	61.83	61.83	61.83
juego3	easy	-40.0	0.008	1585	400	318	313	-5	21	61.83	61.83	61.83
juego3	easy	-40.0	0.008	1594	400	318	313	-5	21	61.82	61.82	61.82
juego3	easy	-40.0	0.008	1603	400	318	313	-5	21	61.81	61.81	61.81
juego3	easy	-40.0	0.008	1612	400	318	314	-4	21	61.8	61.8	61.8
juego3	easy	-40.0	0.008	1621	400	318	314	-4	21	61.79	61.79	61.79
juego3	easy	-40.0	0.008	1630	400	318	314	-4	21	61.8	61.8	61.8
juego3	easy	-40.0	0.008	1638	400	318	314	-4	21	61.78	61.78	61.78
juego3	easy	-40.0	0.008	1648	400	318	314	-4	21	61.77	61.77	61.77
juego3	easy	-40.0	0.008	1657	400	318	314	-4	21	61.77	61.77	61.77
juego3	easy	-40.0	0.008	1665	400	318	314	-4	21	61.77	61.77	61.77
juego3	easy	-40.0	0.008	1675	400	318	314	-4	21	61.77	61.77	61.77
juego3	easy	-40.0	0.008	1683	400	318	314	-4	21	61.76	61.76	61.76
juego3	easy	-40.0	0.008	1692	400	318	314	-4	21	61.76	61.76	61.76
juego3	easy	-40.0	0.008	1701	400	318	314	-4	21	61.76	61.76	61.76
juego3	easy	-40.0	0.008	1711	400	318	314	-4	21	61.76	61.76	61.76
juego3	easy	-40.0	0.008	1719	400	318	314	-4	21	61.75	61.75	61.75
juego3	easy	-40.0	0.008	1728	400	318	314	-4	21	61.77	61.77	61.77
juego3	easy	-40.0	0.008	1738	400	318	314	-4	21	61.77	61.77	61.77
juego3	easy	-40.0	0.008	1746	400	318	314	-4	21	61.77	61.77	61.77
juego3	easy	-40.0	0.008	1755	400	318	314	-4	21	61.77	61.77	61.77
juego3	easy	-40.0	0.008	1765	400	318	314	-4	21	61.76	61.76	61.76
juego3	easy	-40.0	0.008	1773	400	318	314	-4	21	61.77	61.77	61.77
juego3	easy	-40.0	0.008	1781	400	318	314	-4	21	61.78	61.78	61.78
juego3	easy	-40.0	0.008	1790	400	318	314	-4	21	61.78	61.78	61.78
juego3	easy	-40.0	0.008	1799	400	318	314	-4	21	61.78	61.78	61.78
juego3	easy	-40.0	0.008	1808	400	318	314	-4	21	61.77	61.77	61.77
juego3	easy	-40.0	0.008	1817	400	318	314	-4	21	61.76	61.76	61.76
juego3	easy	-40.0	0.008	1825	400	318	314	-4	21	61.76	61.76	61.76
juego3	easy	-40.0	0.008	1834	400	318	314	-4	21	61.76	61.76	61.76
juego3	easy	-40.0	0.008	1844	400	318	314	-4	21	61.76	61.76	61.76
juego3	easy	-40.0	0.008	1852	400	318	314	-4	21	61.76	61.76	61.76
juego3	easy	-40.0	0.008	1861	400	318	314	-4	21	61.75	61.75	61.75
juego3	easy	-40.0	0.008	1870	400	318	314	-4	21	61.75	61.75	61.75
juego3	easy	-40.0	0.008	1878	400	318	314	-4	21	61.76	61.76	61.76
juego3	easy	-40.0	0.008	1887	400	318	314	-4	21	61.76	61.76	61.76
juego3	easy	-40.0	0.008	1896	400	318	314	-4	21	61.75	61.75	61.75
juego3	easy	-40.0	0.008	1904	400	318	314	-4	21	61.75	61.75	61.75
juego3	easy	-40.0	0.008	1913	400	318	314	-4	21	61.74	61.74	61.74
juego3	easy	-40.0	0.008	1923	400	318	314	-4	21	61.74	61.74	61.74
juego3	easy	-40.0	0.008	1931	400	318	314	-4	21	61.75	61.75	61.75
juego3	easy	-40.0	0.008	1939	400	318	314	-4	21	61.75	61.75	61.75
juego3	easy	-40.0	0.008	1948	400	318	314	-4	21	61.74	61.74	61.74
juego3	easy	-40.0	0.008	1956	400	318	314	-4	21	61.73	61.73	61.73
juego3	easy	-40.0	0.008	1963	400	318	314	-4	21	61.72	61.72	61.72
juego3	easy	-40.0	0.008	1972	400	318	314	-4	21	61.72	61.72	61.72
juego3	easy	-40.0	0.008	1981	400	318	314	-4	21	61.72	61.72	61.72
juego3	easy	-40.0	0.008	1990	400	318	314	-4	21	61.73	61.73	61.73
juego3	easy	-40.0	0.008	1999	400	318	314	-4	21	61.73	61.73	61.73
juego3	easy	-40.0	0.008	0	400	318	314	-4	22	61.72	61.72	61.72
juego3	easy	0.0	0.008	9	400	231	314	83	22	61.72	61.72	61.72
juego3	easy	0.0	0.008	18	400	231	314	83	22	61.73	61.73	61.73
juego3	easy	0.0	0.008	27	400	231	314	83	22	61.73	61.73	61.73
juego3	easy	0.0	0.008	36	400	231	314	83	22	61.74	61.74	61.74
juego3	easy	0.0	0.008	45	400	231	314	83	22	61.74	61.74	61.74
juego3	easy	0.0	0.008	54	400	231	314	83	22	61.74	61.74	61.74
juego3	easy	0.0	0.008	63	400	231	314	83	22	61.74	61.74	61.74
juego3	easy	0.0	0.008	71	400	231	314	83	22	61.75	61.75	61.75
juego3	easy	0.0	0.008	80	400	231	314	83	22	61.75	61.75	61.75
juego3	easy	0.0	0.008	89	400	231	314	83	22	61.75	61.75	61.75
juego3	easy	0.0	0.008	98	400	231	314	83	22	61.75	61.75	61.75
juego3	easy	0.0	0.008	107	400	231	314	83	22	61.73	61.73	61.73
juego3	easy	0.0	0.008	116	400	231	314	83	22	61.74	61.74	61.74
juego3	easy	0.0	0.008	126	400	231	314	83	22	61.73	61.73	61.73
juego3	easy	0.0	0.008	134	400	231	314	83	22	61.73	61.73	61.73
juego3	easy	0.0	0.008	143	400	231	314	83	22	61.73	61.73	61.73
juego3	easy	0.0	0.008	152	400	231	314	83	22	61.74	61.74	61.74
juego3	easy	0.0	0.008	160	400	231	314	83	22	61.77	61.77	61.77
juego3	easy	0.0	0.008	169	400	231	314	83	22	61.78	61.78	61.78
juego3	easy	0.0	0.008	178	400	231	314	83	22	61.78	61.78	61.78
juego3	easy	0.0	0.008	188	400	231	314	83	22	61.79	61.79	61.79
juego3	easy	0.0	0.008	196	400	231	314	83	22	61.79	61.79	61.79
juego3	easy	0.0	0.008	205	400	231	314	83	22	61.8	61.8	61.8
juego3	easy	0.0	0.008	213	400	231	314	83	22	61.8	61.8	61.8
juego3	easy	0.0	0.008	222	400	231	313	82	22	61.83	61.83	61.83
juego3	easy	0.0	0.008	231	400	231	313	82	22	61.85	61.85	61.85
juego3	easy	0.0	0.008	240	400	231	313	82	22	61.95	61.95	61.95
juego3	easy	0.0	0.008	249	400	231	313	82	22	62.04	62.04	62.04
juego3	easy	0.0	0.008	258	400	231	311	80	22	62.35	62.35	62.35
juego3	easy	0.0	0.008	267	400	231	309	78	22	62.85	62.85	62.85
juego3	easy	0.0	0.008	276	400	231	307	76	22	63.5	63.5	63.5
juego3	easy	0.0	0.008	283	400	231	305	74	22	63.87	63.87	63.87
juego3	easy	0.0	0.008	292	400	231	302	71	22	64.66	64.66	64.66
juego3	easy	0.0	0.008	301	400	231	300	69	22	65.52	65.52	65.52
juego3	easy	0.0	0.008	310	400	231	296	65	22	66.51	66.51	66.51
juego3	easy	0.0	0.008	318	400	231	294	63	22	67.05	67.05	67.05
juego3	easy	0.0	0.008	326	400	231	289	58	22	68.24	68.24	68.24
juego3	easy	0.0	0.008	335	400	231	287	56	22	68.86	68.86	68.86
juego3	easy	0.0	0.008	344	400	231	282	51	22	70.07	70.07	70.07
juego3	easy	0.0	0.008	352	400	231	278	47	22	71.3	71.3	71.3
juego3	easy	0.0	0.008	361	400	231	273	42	22	72.47	72.47	72.47
juego3	easy	0.0	0.008	371	400	231	269	38	22	73.58	73.58	73.58
juego3	easy	0.0	0.008	379	400	231	265	34	22	74.57	74.57	74.57
juego3	easy	0.0	0.008	388	400	231	263	32	22	75.04	75.04	75.04
juego3	easy	0.0	0.008	397	400	231	260	29	22	75.83	75.83	75.83
juego3	easy	0.0	0.008	405	400	231	257	26	22	76.48	76.48	76.48
juego3	easy	0.0	0.008	413	400	231	256	25	22	76.79	76.79	76.79
juego3	easy	0.0	0.008	421	400	231	254	23	22	77.33	77.33	77.33
juego3	easy	0.0	0.008	430	400	231	253	22	22	77.58	77.58	77.58
juego3	easy	0.0	0.008	439	400	231	252	21	22	77.81	77.81	77.81
juego3	easy	0.0	0.008	447	400	231	249	18	22	78.5	78.5	78.5
juego3	easy	0.0	0.008	456	400	231	248	17	22	78.92	78.92	78.92
juego3	easy	0.0	0.008	465	400	231	247	16	22	79.14	79.14	79.14
juego3	easy	0.0	0.008	474	400	231	245	14	22	79.59	79.59	79.59
juego3	easy	0.0	0.008	483	400	231	243	12	22	80.08	80.08	80.08
juego3	easy	0.0	0.008	491	400	231	241	10	22	80.61	80.61	80.61
juego3	easy	0.0	0.008	499	400	231	240	9	22	80.84	80.84	80.84
juego3	easy	0.0	0.008	508	400	231	238	7	22	81.33	81.33	81.33
juego3	easy	0.0	0.008	516	400	231	237	6	22	81.79	81.79	81.79
juego3	easy	0.0	0.008	526	400	231	235	4	22	82.26	82.26	82.26
juego3	easy	0.0	0.008	533	400	231	234	3	22	82.48	82.48	82.48
juego3	easy	0.0	0.008	543	400	231	232	1	22	82.88	82.88	82.88
juego3	easy	0.0	0.008	551	400	231	231	0	22	83.21	83.21	83.21
juego3	easy	0.0	0.008	559	400	231	231	0	22	83.35	83.35	83.35
juego3	easy	0.0	0.008	568	400	231	230	-1	22	83.61	83.61	83.61
juego3	easy	0.0	0.008	576	400	231	229	-2	22	83.81	83.81	83.81
juego3	easy	0.0	0.008	585	400	231	229	-2	22	83.88	83.88	83.88
juego3	easy	0.0	0.008	594	400	231	228	-3	22	83.92	83.92	83.92
juego3	easy	0.0	0.008	602	400	231	228	-3	22	83.92	83.92	83.92
juego3	easy	0.0	0.008	611	400	231	228	-3	22	83.91	83.91	83.91
juego3	easy	0.0	0.008	621	400	231	228	-3	22	83.92	83.92	83.92
juego3	easy	0.0	0.008	629	400	231	228	-3	22	83.93	83.93	83.93
juego3	easy	0.0	0.008	638	400	231	228	-3	22	83.95	83.95	83.95
juego3	easy	0.0	0.008	647	400	231	228	-3	22	83.93	83.93	83.93
juego3	easy	0.0	0.008	656	400	231	229	-2	22	83.87	83.87	83.87
juego3	easy	0.0	0.008	664	400	231	229	-2	22	83.85	83.85	83.85
juego3	easy	0.0	0.008	674	400	231	229	-2	22	83.82	83.82	83.82
juego3	easy	0.0	0.008	682	400	231	229	-2	22	83.83	83.83	83.83
juego3	easy	0.0	0.008	691	400	231	229	-2	22	83.83	83.83	83.83
juego3	easy	0.0	0.008	699	400	231	229	-2	22	83.82	83.82	83.82
juego3	easy	0.0	0.008	708	400	231	229	-2	22	83.81	83.81	83.81
juego3	easy	0.0	0.008	716	400	231	229	-2	22	83.81	83.81	83.81
juego3	easy	0.0	0.008	726	400	231	229	-2	22	83.83	83.83	83.83
juego3	easy	0.0	0.008	734	400	231	229	-2	22	83.83	83.83	83.83
juego3	easy	0.0	0.008	743	400	231	229	-2	22	83.82	83.82	83.82
juego3	easy	0.0	0.008	752	400	231	229	-2	22	83.82	83.82	83.82
juego3	easy	0.0	0.008	761	400	231	229	-2	22	83.82	83.82	83.82
juego3	easy	0.0	0.008	769	400	231	229	-2	22	83.81	83.81	83.81
juego3	easy	0.0	0.008	778	400	231	229	-2	22	83.8	83.8	83.8
juego3	easy	0.0	0.008	787	400	231	229	-2	22	83.8	83.8	83.8
juego3	easy	0.0	0.008	795	400	231	229	-2	22	83.79	83.79	83.79
juego3	easy	0.0	0.008	804	400	231	229	-2	22	83.8	83.8	83.8
juego3	easy	0.0	0.008	813	400	231	229	-2	22	83.79	83.79	83.79
juego3	easy	0.0	0.008	822	400	231	229	-2	22	83.76	83.76	83.76
juego3	easy	0.0	0.008	830	400	231	229	-2	22	83.74	83.74	83.74
juego3	easy	0.0	0.008	838	400	231	229	-2	22	83.71	83.71	83.71
juego3	easy	0.0	0.008	847	400	231	229	-2	22	83.7	83.7	83.7
juego3	easy	0.0	0.008	855	400	231	229	-2	22	83.7	83.7	83.7
juego3	easy	0.0	0.008	863	400	231	229	-2	22	83.69	83.69	83.69
juego3	easy	0.0	0.008	872	400	231	229	-2	22	83.69	83.69	83.69
juego3	easy	0.0	0.008	880	400	231	229	-2	22	83.7	83.7	83.7
juego3	easy	0.0	0.008	889	400	231	229	-2	22	83.72	83.72	83.72
juego3	easy	0.0	0.008	897	400	231	229	-2	22	83.73	83.73	83.73
juego3	easy	0.0	0.008	905	400	231	229	-2	22	83.72	83.72	83.72
juego3	easy	0.0	0.008	914	400	231	229	-2	22	83.7	83.7	83.7
juego3	easy	0.0	0.008	923	400	231	229	-2	22	83.68	83.68	83.68
juego3	easy	0.0	0.008	931	400	231	229	-2	22	83.68	83.68	83.68
juego3	easy	0.0	0.008	940	400	231	229	-2	22	83.68	83.68	83.68
juego3	easy	0.0	0.008	949	400	231	229	-2	22	83.69	83.69	83.69
juego3	easy	0.0	0.008	958	400	231	229	-2	22	83.7	83.7	83.7
juego3	easy	0.0	0.008	967	400	231	229	-2	22	83.71	83.71	83.71
juego3	easy	0.0	0.008	977	400	231	229	-2	22	83.72	83.72	83.72
juego3	easy	0.0	0.008	986	400	231	229	-2	22	83.72	83.72	83.72
juego3	easy	0.0	0.008	994	400	231	229	-2	22	83.72	83.72	83.72
juego3	easy	0.0	0.008	1002	400	231	229	-2	22	83.72	83.72	83.72
juego3	easy	0.0	0.008	1011	400	231	229	-2	22	83.72	83.72	83.72
juego3	easy	0.0	0.008	1021	400	231	229	-2	22	83.72	83.72	83.72
juego3	easy	0.0	0.008	1029	400	231	229	-2	22	83.74	83.74	83.74
juego3	easy	0.0	0.008	1038	400	231	229	-2	22	83.75	83.75	83.75
juego3	easy	0.0	0.008	1046	400	231	229	-2	22	83.75	83.75	83.75
juego3	easy	0.0	0.008	1054	400	231	229	-2	22	83.74	83.74	83.74
juego3	easy	0.0	0.008	1063	400	231	229	-2	22	83.74	83.74	83.74
juego3	easy	0.0	0.008	1072	400	231	229	-2	22	83.74	83.74	83.74
juego3	easy	0.0	0.008	1081	400	231	229	-2	22	83.74	83.74	83.74
juego3	easy	0.0	0.008	1090	400	231	229	-2	22	83.73	83.73	83.73
juego3	easy	0.0	0.008	1099	400	231	229	-2	22	83.73	83.73	83.73
juego3	easy	0.0	0.008	1108	400	231	229	-2	22	83.74	83.74	83.74
juego3	easy	0.0	0.008	1116	400	231	229	-2	22	83.74	83.74	83.74
juego3	easy	0.0	0.008	1124	400	231	229	-2	22	83.74	83.74	83.74
juego3	easy	0.0	0.008	1133	400	231	229	-2	22	83.74	83.74	83.74
juego3	easy	0.0	0.008	1142	400	231	229	-2	22	83.75	83.75	83.75
juego3	easy	0.0	0.008	1150	400	231	229	-2	22	83.75	83.75	83.75
juego3	easy	0.0	0.008	1160	400	231	229	-2	22	83.77	83.77	83.77
juego3	easy	0.0	0.008	1168	400	231	229	-2	22	83.8	83.8	83.8
juego3	easy	0.0	0.008	1178	400	231	229	-2	22	83.83	83.83	83.83
juego3	easy	0.0	0.008	1186	400	231	229	-2	22	83.85	83.85	83.85
juego3	easy	0.0	0.008	1193	400	231	229	-2	22	83.87	83.87	83.87
juego3	easy	0.0	0.008	1202	400	231	229	-2	22	83.85	83.85	83.85
juego3	easy	0.0	0.008	1210	400	231	229	-2	22	83.83	83.83	83.83
juego3	easy	0.0	0.008	1219	400	231	229	-2	22	83.82	83.82	83.82
juego3	easy	0.0	0.008	1228	400	231	229	-2	22	83.85	83.85	83.85
juego3	easy	0.0	0.008	1237	400	231	229	-2	22	83.88	83.88	83.88
juego3	easy	0.0	0.008	1244	400	231	228	-3	22	83.89	83.89	83.89
juego3	easy	0.0	0.008	1253	400	231	228	-3	22	83.89	83.89	83.89
juego3	easy	0.0	0.008	1261	400	231	229	-2	22	83.88	83.88	83.88
juego3	easy	0.0	0.008	1269	400	231	229	-2	22	83.87	83.87	83.87
juego3	easy	0.0	0.008	1278	400	231	229	-2	22	83.86	83.86	83.86
juego3	easy	0.0	0.008	1286	400	231	229	-2	22	83.85	83.85	83.85
juego3	easy	0.0	0.008	1295	400	231	229	-2	22	83.86	83.86	83.86
juego3	easy	0.0	0.008	1303	400	231	228	-3	22	83.89	83.89	83.89
juego3	easy	0.0	0.008	1312	400	231	228	-3	22	83.91	83.91	83.91
juego3	easy	0.0	0.008	1321	400	231	228	-3	22	83.9	83.9	83.9
juego3	easy	0.0	0.008	1329	400	231	228	-3	22	83.9	83.9	83.9
juego3	easy	0.0	0.008	1338	400	231	228	-3	22	83.89	83.89	83.89
juego3	easy	0.0	0.008	1347	400	231	228	-3	22	83.89	83.89	83.89
juego3	easy	0.0	0.008	1355	400	231	228	-3	22	83.89	83.89	83.89
juego3	easy	0.0	0.008	1364	400	231	228	-3	22	83.9	83.9	83.9
juego3	easy	0.0	0.008	1373	400	231	228	-3	22	83.92	83.92	83.92
juego3	easy	0.0	0.008	1381	400	231	228	-3	22	83.94	83.94	83.94
juego3	easy	0.0	0.008	1391	400	231	228	-3	22	83.96	83.96	83.96
juego3	easy	0.0	0.008	1399	400	231	228	-3	22	83.96	83.96	83.96
juego3	easy	0.0	0.008	1409	400	231	228	-3	22	83.95	83.95	83.95
juego3	easy	0.0	0.008	1417	400	231	228	-3	22	83.96	83.96	83.96
juego3	easy	0.0	0.008	1425	400	231	228	-3	22	83.95	83.95	83.95
juego3	easy	0.0	0.008	1434	400	231	228	-3	22	83.94	83.94	83.94
juego3	easy	0.0	0.008	1444	400	231	228	-3	22	83.93	83.93	83.93
juego3	easy	0.0	0.008	1451	400	231	228	-3	22	83.93	83.93	83.93
juego3	easy	0.0	0.008	1460	400	231	228	-3	22	83.94	83.94	83.94
juego3	easy	0.0	0.008	1469	400	231	228	-3	22	83.91	83.91	83.91
juego3	easy	0.0	0.008	1478	400	231	228	-3	22	83.89	83.89	83.89
juego3	easy	0.0	0.008	1486	400	231	229	-2	22	83.88	83.88	83.88
juego3	easy	0.0	0.008	1494	400	231	229	-2	22	83.88	83.88	83.88
juego3	easy	0.0	0.008	1502	400	231	228	-3	22	83.89	83.89	83.89
juego3	easy	0.0	0.008	1511	400	231	228	-3	22	83.92	83.92	83.92
juego3	easy	0.0	0.008	1520	400	231	228	-3	22	83.94	83.94	83.94
juego3	easy	0.0	0.008	1529	400	231	228	-3	22	83.93	83.93	83.93
juego3	easy	0.0	0.008	1538	400	231	228	-3	22	83.92	83.92	83.92
juego3	easy	0.0	0.008	1547	400	231	228	-3	22	83.91	83.91	83.91
juego3	easy	0.0	0.008	1555	400	231	228	-3	22	83.89	83.89	83.89
juego3	easy	0.0	0.008	1564	400	231	229	-2	22	83.88	83.88	83.88
juego3	easy	0.0	0.008	1573	400	231	229	-2	22	83.88	83.88	83.88
juego3	easy	0.0	0.008	1582	400	231	229	-2	22	83.88	83.88	83.88
juego3	easy	0.0	0.008	1591	400	231	228	-3	22	83.89	83.89	83.89
juego3	easy	0.0	0.008	1599	400	231	228	-3	22	83.91	83.91	83.91
juego3	easy	0.0	0.008	1606	400	231	228	-3	22	83.91	83.91	83.91
juego3	easy	0.0	0.008	1615	400	231	228	-3	22	83.91	83.91	83.91
juego3	easy	0.0	0.008	1624	400	231	228	-3	22	83.91	83.91	83.91
juego3	easy	0.0	0.008	1633	400	231	228	-3	22	83.9	83.9	83.9
juego3	easy	0.0	0.008	1641	400	231	228	-3	22	83.9	83.9	83.9
juego3	easy	0.0	0.008	1650	400	231	228	-3	22	83.9	83.9	83.9
juego3	easy	0.0	0.008	1659	400	231	228	-3	22	83.9	83.9	83.9
juego3	easy	0.0	0.008	1667	400	231	228	-3	22	83.91	83.91	83.91
juego3	easy	0.0	0.008	1677	400	231	228	-3	22	83.93	83.93	83.93
juego3	easy	0.0	0.008	1684	400	231	228	-3	22	83.93	83.93	83.93
juego3	easy	0.0	0.008	1693	400	231	228	-3	22	83.92	83.92	83.92
juego3	easy	0.0	0.008	1702	400	231	228	-3	22	83.92	83.92	83.92
juego3	easy	0.0	0.008	1711	400	231	228	-3	22	83.92	83.92	83.92
juego3	easy	0.0	0.008	1720	400	231	228	-3	22	83.91	83.91	83.91
juego3	easy	0.0	0.008	1729	400	231	228	-3	22	83.9	83.9	83.9
juego3	easy	0.0	0.008	1738	400	231	228	-3	22	83.9	83.9	83.9
juego3	easy	0.0	0.008	1747	400	231	228	-3	22	83.9	83.9	83.9
juego3	easy	0.0	0.008	1756	400	231	228	-3	22	83.9	83.9	83.9
juego3	easy	0.0	0.008	1764	400	231	228	-3	22	83.89	83.89	83.89
juego3	easy	0.0	0.008	1773	400	231	228	-3	22	83.89	83.89	83.89
juego3	easy	0.0	0.008	1782	400	231	228	-3	22	83.89	83.89	83.89
juego3	easy	0.0	0.008	1791	400	231	229	-2	22	83.88	83.88	83.88
juego3	easy	0.0	0.008	1799	400	231	229	-2	22	83.87	83.87	83.87
juego3	easy	0.0	0.008	1808	400	231	229	-2	22	83.87	83.87	83.87
juego3	easy	0.0	0.008	1816	400	231	229	-2	22	83.88	83.88	83.88
juego3	easy	0.0	0.008	1825	400	231	228	-3	22	83.89	83.89	83.89
juego3	easy	0.0	0.008	1833	400	231	228	-3	22	83.9	83.9	83.9
juego3	easy	0.0	0.008	1842	400	231	228	-3	22	83.91	83.91	83.91
juego3	easy	0.0	0.008	1851	400	231	228	-3	22	83.9	83.9	83.9
juego3	easy	0.0	0.008	1860	400	231	228	-3	22	83.89	83.89	83.89
juego3	easy	0.0	0.008	1869	400	231	229	-2	22	83.88	83.88	83.88
juego3	easy	0.0	0.008	1878	400	231	228	-3	22	83.89	83.89	83.89
juego3	easy	0.0	0.008	1886	400	231	228	-3	22	83.89	83.89	83.89
juego3	easy	0.0	0.008	1895	400	231	228	-3	22	83.89	83.89	83.89
juego3	easy	0.0	0.008	1902	400	231	228	-3	22	83.89	83.89	83.89
juego3	easy	0.0	0.008	1911	400	231	228	-3	22	83.9	83.9	83.9
juego3	easy	0.0	0.008	1919	400	231	228	-3	22	83.91	83.91	83.91
juego3	easy	0.0	0.008	1928	400	231	228	-3	22	83.92	83.92	83.92
juego3	easy	0.0	0.008	1936	400	231	228	-3	22	83.92	83.92	83.92
juego3	easy	0.0	0.008	1945	400	231	228	-3	22	83.92	83.92	83.92
juego3	easy	0.0	0.008	1954	400	231	228	-3	22	83.91	83.91	83.91
juego3	easy	0.0	0.008	1963	400	231	228	-3	22	83.91	83.91	83.91
juego3	easy	0.0	0.008	1972	400	231	228	-3	22	83.92	83.92	83.92
juego3	easy	0.0	0.008	1980	400	231	228	-3	22	83.94	83.94	83.94
juego3	easy	0.0	0.008	1989	400	231	228	-3	22	83.94	83.94	83.94
juego3	easy	0.0	0.008	1998	400	231	228	-3	22	83.94	83.94	83.94
juego3	easy	0.0	0.008	0	400	231	228	-3	23	83.93	83.93	83.93
juego3	easy	-40.0	0.008	9	400	318	228	-90	23	83.91	83.91	83.91
juego3	easy	-40.0	0.008	17	400	318	228	-90	23	83.9	83.9	83.9
juego3	easy	-40.0	0.008	25	400	318	228	-90	23	83.89	83.89	83.89
juego3	easy	-40.0	0.008	34	400	318	228	-90	23	83.9	83.9	83.9
juego3	easy	-40.0	0.008	43	400	318	228	-90	23	83.92	83.92	83.92
juego3	easy	-40.0	0.008	52	400	318	228	-90	23	83.95	83.95	83.95
juego3	easy	-40.0	0.008	60	400	318	228	-90	23	83.95	83.95	83.95
juego3	easy	-40.0	0.008	70	400	318	228	-90	23	83.96	83.96	83.96
juego3	easy	-40.0	0.008	78	400	318	228	-90	23	83.97	83.97	83.97
juego3	easy	-40.0	0.008	87	400	318	228	-90	23	83.98	83.98	83.98
juego3	easy	-40.0	0.008	95	400	318	228	-90	23	84.0	84.0	84.0
juego3	easy	-40.0	0.008	104	400	318	228	-90	23	84.02	84.02	84.02
juego3	easy	-40.0	0.008	112	400	318	228	-90	23	84.04	84.04	84.04
juego3	easy	-40.0	0.008	121	400	318	228	-90	23	84.05	84.05	84.05
juego3	easy	-40.0	0.008	129	400	318	228	-90	23	84.05	84.05	84.05
juego3	easy	-40.0	0.008	137	400	318	228	-90	23	84.05	84.05	84.05
juego3	easy	-40.0	0.008	146	400	318	228	-90	23	84.05	84.05	84.05
juego3	easy	-40.0	0.008	154	400	318	228	-90	23	84.05	84.05	84.05
juego3	easy	-40.0	0.008	163	400	318	228	-90	23	84.07	84.07	84.07
juego3	easy	-40.0	0.008	173	400	318	228	-90	23	84.07	84.07	84.07
juego3	easy	-40.0	0.008	181	400	318	228	-90	23	84.08	84.08	84.08
juego3	easy	-40.0	0.008	189	400	318	228	-90	23	84.08	84.08	84.08
juego3	easy	-40.0	0.008	198	400	318	228	-90	23	84.1	84.1	84.1
juego3	easy	-40.0	0.008	207	400	318	228	-90	23	84.1	84.1	84.1
juego3	easy	-40.0	0.008	215	400	318	228	-90	23	84.1	84.1	84.1
juego3	easy	-40.0	0.008	224	400	318	228	-90	23	84.09	84.09	84.09
juego3	easy	-40.0	0.008	233	400	318	228	-90	23	84.09	84.09	84.09
juego3	easy	-40.0	0.008	241	400	318	228	-90	23	84.1	84.1	84.1
juego3	easy	-40.0	0.008	249	400	318	228	-90	23	84.12	84.12	84.12
juego3	easy	-40.0	0.008	258	400	318	227	-91	23	84.16	84.16	84.16
juego3	easy	-40.0	0.008	266	400	318	227	-91	23	84.22	84.22	84.22
juego3	easy	-40.0	0.008	275	400	318	227	-91	23	84.37	84.37	84.37
juego3	easy	-40.0	0.008	284	400	318	226	-92	23	84.61	84.61	84.61
juego3	easy	-40.0	0.008	293	400	318	225	-93	23	84.87	84.87	84.87
juego3	easy	-40.0	0.008	302	400	318	223	-95	23	85.22	85.22	85.22
juego3	easy	-40.0	0.008	311	400	318	222	-96	23	85.43	85.43	85.43
juego3	easy	-40.0	0.008	319	400	318	220	-98	23	85.96	85.96	85.96
juego3	easy	-40.0	0.008	328	400	318	218	-100	23	86.59	86.59	86.59
juego3	easy	-40.0	0.008	336	400	318	217	-101	23	86.93	86.93	86.93
juego3	easy	-40.0	0.008	345	400	318	213	-105	23	87.74	87.74	87.74
juego3	easy	-40.0	0.008	355	400	318	211	-107	23	88.45	88.45	88.45
juego3	easy	-40.0	0.008	364	400	318	209	-109	23	88.8	88.8	88.8
juego3	easy	-40.0	0.008	373	400	318	209	-109	23	88.9	88.9	88.9
juego3	easy	-40.0	0.008	380	400	318	209	-109	23	88.9	88.9	88.9
juego3	easy	-40.0	0.008	389	400	318	209	-109	23	88.92	88.92	88.92
juego3	easy	-40.0	0.008	398	400	318	209	-109	23	88.99	88.99	88.99
juego3	easy	-40.0	0.008	407	400	318	209	-109	23	89.0	89.0	89.0
juego3	easy	-40.0	0.008	416	400	318	209	-109	23	88.81	88.81	88.81
juego3	easy	-40.0	0.008	424	400	318	212	-106	23	88.14	88.14	88.14
juego3	easy	-40.0	0.008	433	400	318	217	-101	23	86.88	86.88	86.88
juego3	easy	-40.0	0.008	441	400	318	220	-98	23	86.05	86.05	86.05
juego3	easy	-40.0	0.008	450	400	318	227	-91	23	84.29	84.29	84.29
juego3	easy	-40.0	0.008	459	400	318	230	-88	23	83.44	83.44	83.44
juego3	easy	-40.0	0.008	467	400	318	236	-82	23	82.01	82.01	82.01
juego3	easy	-40.0	0.008	475	400	318	238	-80	23	81.33	81.33	81.33
juego3	easy	-40.0	0.008	484	400	318	242	-76	23	80.29	80.29	80.29
juego3	easy	-40.0	0.008	492	400	318	244	-74	23	79.82	79.82	79.82
juego3	easy	-40.0	0.008	500	400	318	248	-70	23	78.78	78.78	78.78
juego3	easy	-40.0	0.008	508	400	318	253	-65	23	77.47	77.47	77.47
juego3	easy	-40.0	0.008	517	400	318	256	-62	23	76.81	76.81	76.81
juego3	easy	-40.0	0.008	526	400	318	261	-57	23	75.55	75.55	75.55
juego3	easy	-40.0	0.008	535	400	318	265	-53	23	74.59	74.59	74.59
juego3	easy	-40.0	0.008	544	400	318	268	-50	23	73.86	73.86	73.86
juego3	easy	-40.0	0.008	552	400	318	269	-49	23	73.53	73.53	73.53
juego3	easy	-40.0	0.008	560	400	318	272	-46	23	72.77	72.77	72.77
juego3	easy	-40.0	0.008	568	400	318	275	-43	23	71.84	71.84	71.84
juego3	easy	-40.0	0.008	577	400	318	277	-41	23	71.33	71.33	71.33
juego3	easy	-40.0	0.008	586	400	318	281	-37	23	70.31	70.31	70.31
juego3	easy	-40.0	0.008	594	400	318	285	-33	23	69.43	69.43	69.43
juego3	easy	-40.0	0.008	603	400	318	287	-31	23	68.77	68.77	68.77
juego3	easy	-40.0	0.008	612	400	318	288	-30	23	68.52	68.52	68.52
juego3	easy	-40.0	0.008	621	400	318	290	-28	23	68.04	68.04	68.04
juego3	easy	-40.0	0.008	630	400	318	292	-26	23	67.58	67.58	67.58
juego3	easy	-40.0	0.008	639	400	318	294	-24	23	67.12	67.12	67.12
juego3	easy	-40.0	0.008	648	400	318	295	-23	23	66.69	66.69	66.69
juego3	easy	-40.0	0.008	656	400	318	296	-22	23	66.51	66.51	66.51
juego3	easy	-40.0	0.008	665	400	318	297	-21	23	66.18	66.18	66.18
juego3	easy	-40.0	0.008	674	400	318	299	-19	23	65.82	65.82	65.82
juego3	easy	-40.0	0.008	683	400	318	300	-18	23	65.38	65.38	65.38
juego3	easy	-40.0	0.008	692	400	318	300	-18	23	65.15	65.15	65.15
juego3	easy	-40.0	0.008	702	400	318	302	-16	23	64.7	64.7	64.7
juego3	easy	-40.0	0.008	710	400	318	304	-14	23	64.33	64.33	64.33
juego3	easy	-40.0	0.008	719	400	318	305	-13	23	64.02	64.02	64.02
juego3	easy	-40.0	0.008	728	400	318	305	-13	23	63.88	63.88	63.88
juego3	easy	-40.0	0.008	737	400	318	306	-12	23	63.6	63.6	63.6
juego3	easy	-40.0	0.008	747	400	318	308	-10	23	63.33	63.33	63.33
juego3	easy	-40.0	0.008	755	400	318	308	-10	23	63.09	63.09	63.09
juego3	easy	-40.0	0.008	764	400	318	309	-9	23	62.92	62.92	62.92
juego3	easy	-40.0	0.008	771	400	318	309	-9	23	62.86	62.86	62.86
juego3	easy	-40.0	0.008	780	400	318	310	-8	23	62.77	62.77	62.77
juego3	easy	-40.0	0.008	789	400	318	310	-8	23	62.73	62.73	62.73
juego3	easy	-40.0	0.008	797	400	318	310	-8	23	62.7	62.7	62.7
juego3	easy	-40.0	0.008	806	400	318	310	-8	23	62.66	62.66	62.66
juego3	easy	-40.0	0.008	815	400	318	310	-8	23	62.63	62.63	62.63
juego3	easy	-40.0	0.008	824	400	318	310	-8	23	62.64	62.64	62.64
juego3	easy	-40.0	0.008	833	400	318	310	-8	23	62.69	62.69	62.69
juego3	easy	-40.0	0.008	842	400	318	310	-8	23	62.72	62.72	62.72
juego3	easy	-40.0	0.008	851	400	318	310	-8	23	62.75	62.75	62.75
juego3	easy	-40.0	0.008	860	400	318	310	-8	23	62.75	62.75	62.75
juego3	easy	-40.0	0.008	869	400	318	310	-8	23	62.74	62.74	62.74
juego3	easy	-40.0	0.008	878	400	318	310	-8	23	62.75	62.75	62.75
juego3	easy	-40.0	0.008	887	400	318	310	-8	23	62.78	62.78	62.78
juego3	easy	-40.0	0.008	896	400	318	309	-9	23	62.83	62.83	62.83
juego3	easy	-40.0	0.008	906	400	318	309	-9	23	62.86	62.86	62.86
juego3	easy	-40.0	0.008	914	400	318	309	-9	23	62.88	62.88	62.88
juego3	easy	-40.0	0.008	923	400	318	309	-9	23	62.88	62.88	62.88
juego3	easy	-40.0	0.008	931	400	318	309	-9	23	62.87	62.87	62.87
juego3	easy	-40.0	0.008	941	400	318	309	-9	23	62.86	62.86	62.86
juego3	easy	-40.0	0.008	950	400	318	309	-9	23	62.86	62.86	62.86
juego3	easy	-40.0	0.008	957	400	318	309	-9	23	62.85	62.85	62.85
juego3	easy	-40.0	0.008	966	400	318	309	-9	23	62.83	62.83	62.83
juego3	easy	-40.0	0.008	975	400	318	310	-8	23	62.82	62.82	62.82
juego3	easy	-40.0	0.008	983	400	318	310	-8	23	62.82	62.82	62.82
juego3	easy	-40.0	0.008	992	400	318	310	-8	23	62.82	62.82	62.82
juego3	easy	-40.0	0.008	1001	400	318	309	-9	23	62.83	62.83	62.83
juego3	easy	-40.0	0.008	1010	400	318	309	-9	23	62.84	62.84	62.84
juego3	easy	-40.0	0.008	1019	400	318	309	-9	23	62.84	62.84	62.84
juego3	easy	-40.0	0.008	1028	400	318	309	-9	23	62.83	62.83	62.83
juego3	easy	-40.0	0.008	1037	400	318	310	-8	23	62.79	62.79	62.79
juego3	easy	-40.0	0.008	1046	400	318	310	-8	23	62.76	62.76	62.76
juego3	easy	-40.0	0.008	1054	400	318	310	-8	23	62.75	62.75	62.75
juego3	easy	-40.0	0.008	1062	400	318	310	-8	23	62.77	62.77	62.77
juego3	easy	-40.0	0.008	1071	400	318	310	-8	23	62.78	62.78	62.78
juego3	easy	-40.0	0.008	1080	400	318	310	-8	23	62.81	62.81	62.81
juego3	easy	-40.0	0.008	1090	400	318	309	-9	23	62.84	62.84	62.84
juego3	easy	-40.0	0.008	1097	400	318	309	-9	23	62.84	62.84	62.84
juego3	easy	-40.0	0.008	1105	400	318	309	-9	23	62.86	62.86	62.86
juego3	easy	-40.0	0.008	1113	400	318	309	-9	23	62.87	62.87	62.87
juego3	easy	-40.0	0.008	1123	400	318	309	-9	23	62.9	62.9	62.9
juego3	easy	-40.0	0.008	1131	400	318	309	-9	23	62.92	62.92	62.92
juego3	easy	-40.0	0.008	1140	400	318	309	-9	23	62.93	62.93	62.93
juego3	easy	-40.0	0.008	1148	400	318	309	-9	23	62.93	62.93	62.93
juego3	easy	-40.0	0.008	1157	400	318	309	-9	23	62.92	62.92	62.92
juego3	easy	-40.0	0.008	1165	400	318	309	-9	23	62.93	62.93	62.93
juego3	easy	-40.0	0.008	1174	400	318	309	-9	23	62.94	62.94	62.94
juego3	easy	-40.0	0.008	1183	400	318	309	-9	23	62.95	62.95	62.95
juego3	easy	-40.0	0.008	1191	400	318	309	-9	23	62.96	62.96	62.96
juego3	easy	-40.0	0.008	1200	400	318	309	-9	23	62.94	62.94	62.94
juego3	easy	-40.0	0.008	1209	400	318	309	-9	23	62.93	62.93	62.93
juego3	easy	-40.0	0.008	1218	400	318	309	-9	23	62.93	62.93	62.93
juego3	easy	-40.0	0.008	1226	400	318	309	-9	23	62.95	62.95	62.95
juego3	easy	-40.0	0.008	1236	400	318	309	-9	23	62.97	62.97	62.97
juego3	easy	-40.0	0.008	1244	400	318	309	-9	23	62.98	62.98	62.98
juego3	easy	-40.0	0.008	1252	400	318	309	-9	23	62.97	62.97	62.97
juego3	easy	-40.0	0.008	1261	400	318	309	-9	23	62.97	62.97	62.97
juego3	easy	-40.0	0.008	1270	400	318	309	-9	23	62.97	62.97	62.97
juego3	easy	-40.0	0.008	1278	400	318	309	-9	23	62.98	62.98	62.98
juego3	easy	-40.0	0.008	1287	400	318	309	-9	23	63.01	63.01	63.01
juego3	easy	-40.0	0.008	1297	400	318	309	-9	23	63.0	63.0	63.0
juego3	easy	-40.0	0.008	1306	400	318	309	-9	23	62.99	62.99	62.99
juego3	easy	-40.0	0.008	1314	400	318	309	-9	23	62.98	62.98	62.98
juego3	easy	-40.0	0.008	1323	400	318	309	-9	23	62.96	62.96	62.96
juego3	easy	-40.0	0.008	1331	400	318	309	-9	23	62.94	62.94	62.94
juego3	easy	-40.0	0.008	1340	400	318	309	-9	23	62.94	62.94	62.94
juego3	easy	-40.0	0.008	1348	400	318	309	-9	23	62.93	62.93	62.93
juego3	easy	-40.0	0.008	1356	400	318	309	-9	23	62.93	62.93	62.93
juego3	easy	-40.0	0.008	1363	400	318	309	-9	23	62.93	62.93	62.93
juego3	easy	-40.0	0.008	1372	400	318	309	-9	23	62.91	62.91	62.91
juego3	easy	-40.0	0.008	1381	400	318	309	-9	23	62.89	62.89	62.89
juego3	easy	-40.0	0.008	1390	400	318	309	-9	23	62.88	62.88	62.88
juego3	easy	-40.0	0.008	1399	400	318	309	-9	23	62.87	62.87	62.87
juego3	easy	-40.0	0.008	1408	400	318	310	-8	23	62.82	62.82	62.82
juego3	easy	-40.0	0.008	1417	400	318	310	-8	23	62.81	62.81	62.81
juego3	easy	-40.0	0.008	1425	400	318	310	-8	23	62.81	62.81	62.81
juego3	easy	-40.0	0.008	1434	400	318	310	-8	23	62.81	62.81	62.81
juego3	easy	-40.0	0.008	1442	400	318	310	-8	23	62.8	62.8	62.8
juego3	easy	-40.0	0.008	1451	400	318	310	-8	23	62.77	62.77	62.77
juego3	easy	-40.0	0.008	1460	400	318	310	-8	23	62.73	62.73	62.73
juego3	easy	-40.0	0.008	1469	400	318	310	-8	23	62.71	62.71	62.71
juego3	easy	-40.0	0.008	1479	400	318	310	-8	23	62.69	62.69	62.69
juego3	easy	-40.0	0.008	1487	400	318	310	-8	23	62.7	62.7	62.7
juego3	easy	-40.0	0.008	1495	400	318	310	-8	23	62.69	62.69	62.69
juego3	easy	-40.0	0.008	1504	400	318	310	-8	23	62.68	62.68	62.68
juego3	easy	-40.0	0.008	1513	400	318	310	-8	23	62.66	62.66	62.66
juego3	easy	-40.0	0.008	1523	400	318	310	-8	23	62.61	62.61	62.61
juego3	easy	-40.0	0.008	1530	400	318	311	-7	23	62.57	62.57	62.57
juego3	easy	-40.0	0.008	1539	400	318	311	-7	23	62.57	62.57	62.57
juego3	easy	-40.0	0.008	1548	400	318	311	-7	23	62.56	62.56	62.56
juego3	easy	-40.0	0.008	1557	400	318	311	-7	23	62.56	62.56	62.56
juego3	easy	-40.0	0.008	1565	400	318	311	-7	23	62.56	62.56	62.56
juego3	easy	-40.0	0.008	1574	400	318	311	-7	23	62.54	62.54	62.54
juego3	easy	-40.0	0.008	1583	400	318	311	-7	23	62.52	62.52	62.52
juego3	easy	-40.0	0.008	1591	400	318	311	-7	23	62.52	62.52	62.52
juego3	easy	-40.0	0.008	1599	400	318	311	-7	23	62.52	62.52	62.52
juego3	easy	-40.0	0.008	1607	400	318	311	-7	23	62.53	62.53	62.53
juego3	easy	-40.0	0.008	1616	400	318	311	-7	23	62.51	62.51	62.51
juego3	easy	-40.0	0.008	1624	400	318	311	-7	23	62.5	62.5	62.5
juego3	easy	-40.0	0.008	1633	400	318	311	-7	23	62.48	62.48	62.48
juego3	easy	-40.0	0.008	1642	400	318	311	-7	23	62.47	62.47	62.47
juego3	easy	-40.0	0.008	1652	400	318	311	-7	23	62.44	62.44	62.44
juego3	easy	-40.0	0.008	1661	400	318	311	-7	23	62.4	62.4	62.4
juego3	easy	-40.0	0.008	1669	400	318	311	-7	23	62.38	62.38	62.38
juego3	easy	-40.0	0.008	1678	400	318	311	-7	23	62.38	62.38	62.38
juego3	easy	-40.0	0.008	1687	400	318	311	-7	23	62.41	62.41	62.41
juego3	easy	-40.0	0.008	1695	400	318	311	-7	23	62.42	62.42	62.42
juego3	easy	-40.0	0.008	1704	400	318	311	-7	23	62.39	62.39	62.39
juego3	easy	-40.0	0.008	1714	400	318	311	-7	23	62.36	62.36	62.36
juego3	easy	-40.0	0.008	1722	400	318	311	-7	23	62.32	62.32	62.32
juego3	easy	-40.0	0.008	1732	400	318	312	-6	23	62.31	62.31	62.31
juego3	easy	-40.0	0.008	1740	400	318	311	-7	23	62.32	62.32	62.32
juego3	easy	-40.0	0.008	1747	400	318	311	-7	23	62.34	62.34	62.34
juego3	easy	-40.0	0.008	1757	400	318	311	-7	23	62.36	62.36	62.36
juego3	easy	-40.0	0.008	1766	400	318	311	-7	23	62.36	62.36	62.36
juego3	easy	-40.0	0.008	1773	400	318	311	-7	23	62.35	62.35	62.35
juego3	easy	-40.0	0.008	1783	400	318	311	-7	23	62.33	62.33	62.33
juego3	easy	-40.0	0.008	1791	400	318	311	-7	23	62.33	62.33	62.33
juego3	easy	-40.0	0.008	1799	400	318	312	-6	23	62.3	62.3	62.3
juego3	easy	-40.0	0.008	1807	400	318	312	-6	23	62.29	62.29	62.29
juego3	easy	-40.0	0.008	1816	400	318	312	-6	23	62.29	62.29	62.29
juego3	easy	-40.0	0.008	1824	400	318	312	-6	23	62.29	62.29	62.29
juego3	easy	-40.0	0.008	1833	400	318	312	-6	23	62.28	62.28	62.28
juego3	easy	-40.0	0.008	1843	400	318	312	-6	23	62.28	62.28	62.28
juego3	easy	-40.0	0.008	1850	400	318	312	-6	23	62.27	62.27	62.27
juego3	easy	-40.0	0.008	1859	400	318	312	-6	23	62.27	62.27	62.27
juego3	easy	-40.0	0.008	1869	400	318	312	-6	23	62.27	62.27	62.27
juego3	easy	-40.0	0.008	1878	400	318	312	-6	23	62.28	62.28	62.28
juego3	easy	-40.0	0.008	1886	400	318	312	-6	23	62.28	62.28	62.28
juego3	easy	-40.0	0.008	1894	400	318	312	-6	23	62.28	62.28	62.28
juego3	easy	-40.0	0.008	1903	400	318	312	-6	23	62.3	62.3	62.3
juego3	easy	-40.0	0.008	1910	400	318	312	-6	23	62.31	62.31	62.31
juego3	easy	-40.0	0.008	1919	400	318	311	-7	23	62.32	62.32	62.32
juego3	easy	-40.0	0.008	1927	400	318	311	-7	23	62.33	62.33	62.33
juego3	easy	-40.0	0.008	1935	400	318	311	-7	23	62.32	62.32	62.32
juego3	easy	-40.0	0.008	1944	400	318	311	-7	23	62.33	62.33	62.33
juego3	easy	-40.0	0.008	1953	400	318	311	-7	23	62.34	62.34	62.34
juego3	easy	-40.0	0.008	1961	400	318	311	-7	23	62.34	62.34	62.34
juego3	easy	-40.0	0.008	1970	400	318	311	-7	23	62.36	62.36	62.36
juego3	easy	-40.0	0.008	1979	400	318	311	-7	23	62.38	62.38	62.38
juego3	easy	-40.0	0.008	1988	400	318	311	-7	23	62.39	62.39	62.39
juego3	easy	-40.0	0.008	1997	400	318	311	-7	23	62.39	62.39	62.39
juego3	easy	-40.0	0.008	0	400	318	311	-7	24	62.39	62.39	62.39
juego3	easy	0.0	0.008	9	400	231	311	80	24	62.4	62.4	62.4
juego3	easy	0.0	0.008	18	400	231	311	80	24	62.39	62.39	62.39
juego3	easy	0.0	0.008	27	400	231	311	80	24	62.38	62.38	62.38
juego3	easy	0.0	0.008	36	400	231	311	80	24	62.38	62.38	62.38
juego3	easy	0.0	0.008	45	400	231	311	80	24	62.4	62.4	62.4
juego3	easy	0.0	0.008	54	400	231	311	80	24	62.41	62.41	62.41
juego3	easy	0.0	0.008	62	400	231	311	80	24	62.42	62.42	62.42
juego3	easy	0.0	0.008	71	400	231	311	80	24	62.43	62.43	62.43
juego3	easy	0.0	0.008	80	400	231	311	80	24	62.44	62.44	62.44
juego3	easy	0.0	0.008	89	400	231	311	80	24	62.44	62.44	62.44
juego3	easy	0.0	0.008	99	400	231	311	80	24	62.46	62.46	62.46
juego3	easy	0.0	0.008	108	400	231	311	80	24	62.47	62.47	62.47
juego3	easy	0.0	0.008	116	400	231	311	80	24	62.48	62.48	62.48
juego3	easy	0.0	0.008	125	400	231	311	80	24	62.47	62.47	62.47
juego3	easy	0.0	0.008	134	400	231	311	80	24	62.46	62.46	62.46
juego3	easy	0.0	0.008	143	400	231	311	80	24	62.46	62.46	62.46
juego3	easy	0.0	0.008	152	400	231	311	80	24	62.46	62.46	62.46
juego3	easy	0.0	0.008	161	400	231	311	80	24	62.46	62.46	62.46
juego3	easy	0.0	0.008	170	400	231	311	80	24	62.46	62.46	62.46
juego3	easy	0.0	0.008	179	400	231	311	80	24	62.47	62.47	62.47
juego3	easy	0.0	0.008	189	400	231	311	80	24	62.49	62.49	62.49
juego3	easy	0.0	0.008	197	400	231	311	80	24	62.5	62.5	62.5
juego3	easy	0.0	0.008	205	400	231	311	80	24	62.52	62.52	62.52
juego3	easy	0.0	0.008	214	400	231	311	80	24	62.52	62.52	62.52
juego3	easy	0.0	0.008	223	400	231	311	80	24	62.53	62.53	62.53
juego3	easy	0.0	0.008	232	400	231	311	80	24	62.53	62.53	62.53
juego3	easy	0.0	0.008	242	400	231	311	80	24	62.52	62.52	62.52
juego3	easy	0.0	0.008	251	400	231	311	80	24	62.51	62.51	62.51
juego3	easy	0.0	0.008	259	400	231	311	80	24	62.5	62.5	62.5
juego3	easy	0.0	0.008	269	400	231	311	80	24	62.49	62.49	62.49
juego3	easy	0.0	0.008	278	400	231	311	80	24	62.48	62.48	62.48
juego3	easy	0.0	0.008	286	400	231	311	80	24	62.49	62.49	62.49
juego3	easy	0.0	0.008	296	400	231	311	80	24	62.51	62.51	62.51
juego3	easy	0.0	0.008	304	400	231	310	79	24	62.63	62.63	62.63
juego3	easy	0.0	0.008	313	400	231	309	78	24	62.9	62.9	62.9
juego3	easy	0.0	0.008	322	400	231	307	76	24	63.36	63.36	63.36
juego3	easy	0.0	0.008	330	400	231	306	75	24	63.65	63.65	63.65
juego3	easy	0.0	0.008	339	400	231	304	73	24	64.35	64.35	64.35
juego3	easy	0.0	0.008	349	400	231	300	69	24	65.23	65.23	65.23
juego3	easy	0.0	0.008	357	400	231	297	66	24	66.33	66.33	66.33
juego3	easy	0.0	0.008	366	400	231	291	60	24	67.8	67.8	67.8
juego3	easy	0.0	0.008	375	400	231	288	57	24	68.65	68.65	68.65
juego3	easy	0.0	0.008	383	400	231	284	53	24	69.56	69.56	69.56
juego3	easy	0.0	0.008	392	400	231	278	47	24	71.13	71.13	71.13
juego3	easy	0.0	0.008	402	400	231	267	36	24	73.93	73.93	73.93
juego3	easy	0.0	0.008	410	400	231	264	33	24	74.74	74.74	74.74
juego3	easy	0.0	0.008	419	400	231	258	27	24	76.42	76.42	76.42
juego3	easy	0.0	0.008	427	400	231	251	20	24	78.13	78.13	78.13
juego3	easy	0.0	0.008	436	400	231	248	17	24	78.91	78.91	78.91
juego3	easy	0.0	0.008	444	400	231	242	11	24	80.3	80.3	80.3
juego3	easy	0.0	0.008	452	400	231	238	7	24	81.35	81.35	81.35
juego3	easy	0.0	0.008	461	400	231	237	6	24	81.68	81.68	81.68
juego3	easy	0.0	0.008	470	400	231	236	5	24	81.94	81.94	81.94
juego3	easy	0.0	0.008	478	400	231	235	4	24	82.09	82.09	82.09
juego3	easy	0.0	0.008	487	400	231	235	4	24	82.2	82.2	82.2
juego3	easy	0.0	0.008	495	400	231	235	4	24	82.3	82.3	82.3
juego3	easy	0.0	0.008	503	400	231	234	3	24	82.56	82.56	82.56
juego3	easy	0.0	0.008	512	400	231	233	2	24	82.81	82.81	82.81
juego3	easy	0.0	0.008	521	400	231	232	1	24	82.89	82.89	82.89
juego3	easy	0.0	0.008	530	400	231	232	1	24	82.93	82.93	82.93
juego3	easy	0.0	0.008	538	400	231	233	2	24	82.85	82.85	82.85
juego3	easy	0.0	0.008	548	400	231	233	2	24	82.79	82.79	82.79
juego3	easy	0.0	0.008	556	400	231	233	2	24	82.79	82.79	82.79
juego3	easy	0.0	0.008	565	400	231	233	2	24	82.84	82.84	82.84
juego3	easy	0.0	0.008	574	400	231	232	1	24	82.95	82.95	82.95
juego3	easy	0.0	0.008	582	400	231	232	1	24	83.06	83.06	83.06
juego3	easy	0.0	0.008	590	400	231	232	1	24	83.09	83.09	83.09
juego3	easy	0.0	0.008	599	400	231	231	0	24	83.14	83.14	83.14
juego3	easy	0.0	0.008	607	400	231	231	0	24	83.17	83.17	83.17
juego3	easy	0.0	0.008	616	400	231	231	0	24	83.19	83.19	83.19
juego3	easy	0.0	0.008	625	400	231	231	0	24	83.22	83.22	83.22
juego3	easy	0.0	0.008	634	400	231	231	0	24	83.26	83.26	83.26
juego3	easy	0.0	0.008	644	400	231	231	0	24	83.28	83.28	83.28
juego3	easy	0.0	0.008	652	400	231	231	0	24	83.27	83.27	83.27
juego3	easy	0.0	0.008	661	400	231	231	0	24	83.26	83.26	83.26
juego3	easy	0.0	0.008	670	400	231	231	0	24	83.24	83.24	83.24
juego3	easy	0.0	0.008	679	400	231	231	0	24	83.23	83.23	83.23
juego3	easy	0.0	0.008	688	400	231	231	0	24	83.24	83.24	83.24
juego3	easy	0.0	0.008	696	400	231	231	0	24	83.25	83.25	83.25
juego3	easy	0.0	0.008	705	400	231	231	0	24	83.27	83.27	83.27
juego3	easy	0.0	0.008	714	400	231	231	0	24	83.28	83.28	83.28
juego3	easy	0.0	0.008	723	400	231	231	0	24	83.29	83.29	83.29
juego3	easy	0.0	0.008	732	400	231	231	0	24	83.31	83.31	83.31
juego3	easy	0.0	0.008	741	400	231	231	0	24	83.33	83.33	83.33
juego3	easy	0.0	0.008	750	400	231	231	0	24	83.35	83.35	83.35
juego3	easy	0.0	0.008	759	400	231	230	-1	24	83.37	83.37	83.37
juego3	easy	0.0	0.008	767	400	231	230	-1	24	83.38	83.38	83.38
juego3	easy	0.0	0.008	776	400	231	230	-1	24	83.38	83.38	83.38
juego3	easy	0.0	0.008	785	400	231	230	-1	24	83.39	83.39	83.39
juego3	easy	0.0	0.008	794	400	231	230	-1	24	83.39	83.39	83.39
juego3	easy	0.0	0.008	803	400	231	230	-1	24	83.42	83.42	83.42
juego3	easy	0.0	0.008	812	400	231	230	-1	24	83.43	83.43	83.43
juego3	easy	0.0	0.008	821	400	231	230	-1	24	83.43	83.43	83.43
juego3	easy	0.0	0.008	830	400	231	230	-1	24	83.42	83.42	83.42
juego3	easy	0.0	0.008	838	400	231	230	-1	24	83.39	83.39	83.39
juego3	easy	0.0	0.008	847	400	231	230	-1	24	83.37	83.37	83.37
juego3	easy	0.0	0.008	857	400	231	230	-1	24	83.37	83.37	83.37
juego3	easy	0.0	0.008	865	400	231	230	-1	24	83.42	83.42	83.42
juego3	easy	0.0	0.008	874	400	231	230	-1	24	83.47	83.47	83.47
juego3	easy	0.0	0.008	883	400	231	230	-1	24	83.5	83.5	83.5
juego3	easy	0.0	0.008	891	400	231	230	-1	24	83.49	83.49	83.49
juego3	easy	0.0	0.008	900	400	231	230	-1	24	83.47	83.47	83.47
juego3	easy	0.0	0.008	909	400	231	230	-1	24	83.48	83.48	83.48
juego3	easy	0.0	0.008	917	400	231	230	-1	24	83.49	83.49	83.49
juego3	easy	0.0	0.008	925	400	231	230	-1	24	83.53	83.53	83.53
juego3	easy	0.0	0.008	934	400	231	230	-1	24	83.54	83.54	83.54
juego3	easy	0.0	0.008	943	400	231	230	-1	24	83.54	83.54	83.54
juego3	easy	0.0	0.008	952	400	231	230	-1	24	83.51	83.51	83.51
juego3	easy	0.0	0.008	961	400	231	230	-1	24	83.51	83.51	83.51
juego3	easy	0.0	0.008	970	400	231	230	-1	24	83.5	83.5	83.5
juego3	easy	0.0	0.008	978	400	231	230	-1	24	83.51	83.51	83.51
juego3	easy	0.0	0.008	988	400	231	230	-1	24	83.51	83.51	83.51
juego3	easy	0.0	0.008	997	400	231	230	-1	24	83.52	83.52	83.52
juego3	easy	0.0	0.008	1006	400	231	230	-1	24	83.52	83.52	83.52
juego3	easy	0.0	0.008	1014	400	231	230	-1	24	83.55	83.55	83.55
juego3	easy	0.0	0.008	1023	400	231	230	-1	24	83.58	83.58	83.58
juego3	easy	0.0	0.008	1031	400	231	230	-1	24	83.6	83.6	83.6
juego3	easy	0.0	0.008	1040	400	231	230	-1	24	83.6	83.6	83.6
juego3	easy	0.0	0.008	1049	400	231	230	-1	24	83.6	83.6	83.6
juego3	easy	0.0	0.008	1058	400	231	230	-1	24	83.62	83.62	83.62
juego3	easy	0.0	0.008	1066	400	231	229	-2	24	83.63	83.63	83.63
juego3	easy	0.0	0.008	1075	400	231	229	-2	24	83.68	83.68	83.68
juego3	easy	0.0	0.008	1085	400	231	229	-2	24	83.71	83.71	83.71
juego3	easy	0.0	0.008	1094	400	231	229	-2	24	83.75	83.75	83.75
juego3	easy	0.0	0.008	1102	400	231	229	-2	24	83.77	83.77	83.77
juego3	easy	0.0	0.008	1110	400	231	229	-2	24	83.8	83.8	83.8
juego3	easy	0.0	0.008	1118	400	231	229	-2	24	83.82	83.82	83.82
juego3	easy	0.0	0.008	1127	400	231	229	-2	24	83.83	83.83	83.83
juego3	easy	0.0	0.008	1136	400	231	229	-2	24	83.84	83.84	83.84
juego3	easy	0.0	0.008	1144	400	231	229	-2	24	83.85	83.85	83.85
juego3	easy	0.0	0.008	1152	400	231	229	-2	24	83.85	83.85	83.85
juego3	easy	0.0	0.008	1160	400	231	229	-2	24	83.84	83.84	83.84
juego3	easy	0.0	0.008	1168	400	231	229	-2	24	83.86	83.86	83.86
juego3	easy	0.0	0.008	1177	400	231	229	-2	24	83.87	83.87	83.87
juego3	easy	0.0	0.008	1186	400	231	228	-3	24	83.89	83.89	83.89
juego3	easy	0.0	0.008	1195	400	231	228	-3	24	83.91	83.91	83.91
juego3	easy	0.0	0.008	1203	400	231	228	-3	24	83.91	83.91	83.91
juego3	easy	0.0	0.008	1212	400	231	228	-3	24	83.91	83.91	83.91
juego3	easy	0.0	0.008	1220	400	231	228	-3	24	83.9	83.9	83.9
juego3	easy	0.0	0.008	1228	400	231	228	-3	24	83.91	83.91	83.91
juego3	easy	0.0	0.008	1236	400	231	228	-3	24	83.93	83.93	83.93
juego3	easy	0.0	0.008	1245	400	231	228	-3	24	83.98	83.98	83.98
juego3	easy	0.0	0.008	1253	400	231	228	-3	24	84.02	84.02	84.02
juego3	easy	0.0	0.008	1262	400	231	228	-3	24	84.04	84.04	84.04
juego3	easy	0.0	0.008	1271	400	231	228	-3	24	84.06	84.06	84.06
juego3	easy	0.0	0.008	1280	400	231	228	-3	24	84.06	84.06	84.06
juego3	easy	0.0	0.008	1288	400	231	228	-3	24	84.06	84.06	84.06
juego3	easy	0.0	0.008	1297	400	231	228	-3	24	84.08	84.08	84.08
juego3	easy	0.0	0.008	1305	400	231	228	-3	24	84.08	84.08	84.08
juego3	easy	0.0	0.008	1314	400	231	228	-3	24	84.08	84.08	84.08
juego3	easy	0.0	0.008	1324	400	231	228	-3	24	84.08	84.08	84.08
juego3	easy	0.0	0.008	1332	400	231	228	-3	24	84.07	84.07	84.07
juego3	easy	0.0	0.008	1341	400	231	228	-3	24	84.06	84.06	84.06
juego3	easy	0.0	0.008	1349	400	231	228	-3	24	84.05	84.05	84.05
juego3	easy	0.0	0.008	1357	400	231	228	-3	24	84.06	84.06	84.06
juego3	easy	0.0	0.008	1365	400	231	228	-3	24	84.07	84.07	84.07
juego3	easy	0.0	0.008	1373	400	231	228	-3	24	84.09	84.09	84.09
juego3	easy	0.0	0.008	1382	400	231	228	-3	24	84.08	84.08	84.08
juego3	easy	0.0	0.008	1391	400	231	228	-3	24	84.06	84.06	84.06
juego3	easy	0.0	0.008	1400	400	231	228	-3	24	84.03	84.03	84.03
juego3	easy	0.0	0.008	1410	400	231	228	-3	24	84.02	84.02	84.02
juego3	easy	0.0	0.008	1419	400	231	228	-3	24	84.04	84.04	84.04
juego3	easy	0.0	0.008	1427	400	231	228	-3	24	84.05	84.05	84.05
juego3	easy	0.0	0.008	1436	400	231	228	-3	24	84.06	84.06	84.06
juego3	easy	0.0	0.008	1445	400	231	228	-3	24	84.05	84.05	84.05
juego3	easy	0.0	0.008	1453	400	231	228	-3	24	84.05	84.05	84.05
juego3	easy	0.0	0.008	1462	400	231	228	-3	24	84.03	84.03	84.03
juego3	easy	0.0	0.008	1470	400	231	228	-3	24	84.03	84.03	84.03
juego3	easy	0.0	0.008	1479	400	231	228	-3	24	84.03	84.03	84.03
juego3	easy	0.0	0.008	1488	400	231	228	-3	24	84.03	84.03	84.03
juego3	easy	0.0	0.008	1497	400	231	228	-3	24	84.04	84.04	84.04
juego3	easy	0.0	0.008	1505	400	231	228	-3	24	84.04	84.04	84.04
juego3	easy	0.0	0.008	1514	400	231	228	-3	24	84.03	84.03	84.03
juego3	easy	0.0	0.008	1525	400	231	228	-3	24	84.02	84.02	84.02
juego3	easy	0.0	0.008	1532	400	231	228	-3	24	84.02	84.02	84.02
juego3	easy	0.0	0.008	1540	400	231	228	-3	24	84.02	84.02	84.02
juego3	easy	0.0	0.008	1548	400	231	228	-3	24	84.02	84.02	84.02
juego3	easy	0.0	0.008	1556	400	231	228	-3	24	84.05	84.05	84.05
juego3	easy	0.0	0.008	1564	400	231	228	-3	24	84.05	84.05	84.05
juego3	easy	0.0	0.008	1572	400	231	228	-3	24	84.06	84.06	84.06
juego3	easy	0.0	0.008	1581	400	231	228	-3	24	84.04	84.04	84.04
juego3	easy	0.0	0.008	1590	400	231	228	-3	24	84.03	84.03	84.03
juego3	easy	0.0	0.008	1598	400	231	228	-3	24	84.03	84.03	84.03
juego3	easy	0.0	0.008	1607	400	231	228	-3	24	84.03	84.03	84.03
juego3	easy	0.0	0.008	1615	400	231	228	-3	24	84.04	84.04	84.04
juego3	easy	0.0	0.008	1625	400	231	228	-3	24	84.04	84.04	84.04
juego3	easy	0.0	0.008	1633	400	231	228	-3	24	84.03	84.03	84.03
juego3	easy	0.0	0.008	1641	400	231	228	-3	24	84.02	84.02	84.02
juego3	easy	0.0	0.008	1650	400	231	228	-3	24	84.02	84.02	84.02
juego3	easy	0.0	0.008	1660	400	231	228	-3	24	84.03	84.03	84.03
juego3	easy	0.0	0.008	1668	400	231	228	-3	24	84.05	84.05	84.05
juego3	easy	0.0	0.008	1676	400	231	228	-3	24	84.07	84.07	84.07
juego3	easy	0.0	0.008	1685	400	231	228	-3	24	84.06	84.06	84.06
juego3	easy	0.0	0.008	1694	400	231	228	-3	24	84.06	84.06	84.06
juego3	easy	0.0	0.008	1703	400	231	228	-3	24	84.04	84.04	84.04
juego3	easy	0.0	0.008	1712	400	231	228	-3	24	84.03	84.03	84.03
juego3	easy	0.0	0.008	1720	400	231	228	-3	24	84.04	84.04	84.04
juego3	easy	0.0	0.008	1728	400	231	228	-3	24	84.06	84.06	84.06
juego3	easy	0.0	0.008	1737	400	231	228	-3	24	84.09	84.09	84.09
juego3	easy	0.0	0.008	1745	400	231	228	-3	24	84.07	84.07	84.07
juego3	easy	0.0	0.008	1753	400	231	228	-3	24	84.06	84.06	84.06
juego3	easy	0.0	0.008	1762	400	231	228	-3	24	84.04	84.04	84.04
juego3	easy	0.0	0.008	1770	400	231	228	-3	24	84.06	84.06	84.06
juego3	easy	0.0	0.008	1779	400	231	228	-3	24	84.08	84.08	84.08
juego3	easy	0.0	0.008	1789	400	231	228	-3	24	84.1	84.1	84.1
juego3	easy	0.0	0.008	1797	400	231	228	-3	24	84.12	84.12	84.12
juego3	easy	0.0	0.008	1805	400	231	228	-3	24	84.11	84.11	84.11
juego3	easy	0.0	0.008	1814	400	231	228	-3	24	84.1	84.1	84.1
juego3	easy	0.0	0.008	1823	400	231	228	-3	24	84.09	84.09	84.09
juego3	easy	0.0	0.008	1832	400	231	228	-3	24	84.09	84.09	84.09
juego3	easy	0.0	0.008	1841	400	231	228	-3	24	84.1	84.1	84.1
juego3	easy	0.0	0.008	1850	400	231	228	-3	24	84.09	84.09	84.09
juego3	easy	0.0	0.008	1858	400	231	228	-3	24	84.08	84.08	84.08
juego3	easy	0.0	0.008	1866	400	231	228	-3	24	84.07	84.07	84.07
juego3	easy	0.0	0.008	1875	400	231	228	-3	24	84.06	84.06	84.06
juego3	easy	0.0	0.008	1883	400	231	228	-3	24	84.06	84.06	84.06
juego3	easy	0.0	0.008	1892	400	231	228	-3	24	84.08	84.08	84.08
juego3	easy	0.0	0.008	1901	400	231	228	-3	24	84.07	84.07	84.07
juego3	easy	0.0	0.008	1910	400	231	228	-3	24	84.07	84.07	84.07
juego3	easy	0.0	0.008	1920	400	231	228	-3	24	84.08	84.08	84.08
juego3	easy	0.0	0.008	1928	400	231	228	-3	24	84.08	84.08	84.08
juego3	easy	0.0	0.008	1937	400	231	228	-3	24	84.07	84.07	84.07
juego3	easy	0.0	0.008	1946	400	231	228	-3	24	84.07	84.07	84.07
juego3	easy	0.0	0.008	1954	400	231	228	-3	24	84.06	84.06	84.06
juego3	easy	0.0	0.008	1963	400	231	228	-3	24	84.06	84.06	84.06
juego3	easy	0.0	0.008	1971	400	231	228	-3	24	84.05	84.05	84.05
juego3	easy	0.0	0.008	1980	400	231	228	-3	24	84.04	84.04	84.04
juego3	easy	0.0	0.008	1989	400	231	228	-3	24	84.04	84.04	84.04
juego3	easy	0.0	0.008	1998	400	231	228	-3	24	84.02	84.02	84.02
juego3	easy	0.0	0.008	0	400	231	228	-3	25	84.01	84.01	84.01
juego3	easy	60.0	0.008	9	400	183	228	45	25	84.01	84.01	84.01
juego3	easy	60.0	0.008	18	400	183	228	45	25	84.01	84.01	84.01
juego3	easy	60.0	0.008	26	400	183	228	45	25	84.01	84.01	84.01
juego3	easy	60.0	0.008	35	400	183	228	45	25	84.01	84.01	84.01
juego3	easy	60.0	0.008	45	400	183	228	45	25	84.01	84.01	84.01
juego3	easy	60.0	0.008	54	400	183	228	45	25	84.03	84.03	84.03
juego3	easy	60.0	0.008	62	400	183	228	45	25	84.03	84.03	84.03
juego3	easy	60.0	0.008	71	400	183	228	45	25	84.05	84.05	84.05
juego3	easy	60.0	0.008	81	400	183	228	45	25	84.06	84.06	84.06
juego3	easy	60.0	0.008	89	400	183	228	45	25	84.05	84.05	84.05
juego3	easy	60.0	0.008	99	400	183	228	45	25	84.04	84.04	84.04
juego3	easy	60.0	0.008	107	400	183	228	45	25	84.04	84.04	84.04
juego3	easy	60.0	0.008	116	400	183	228	45	25	84.05	84.05	84.05
juego3	easy	60.0	0.008	124	400	183	228	45	25	84.07	84.07	84.07
juego3	easy	60.0	0.008	133	400	183	228	45	25	84.07	84.07	84.07
juego3	easy	60.0	0.008	142	400	183	228	45	25	84.06	84.06	84.06
juego3	easy	60.0	0.008	151	400	183	228	45	25	84.05	84.05	84.05
juego3	easy	60.0	0.008	160	400	183	228	45	25	84.06	84.06	84.06
juego3	easy	60.0	0.008	169	400	183	228	45	25	84.07	84.07	84.07
juego3	easy	60.0	0.008	177	400	183	228	45	25	84.08	84.08	84.08
juego3	easy	60.0	0.008	185	400	183	228	45	25	84.09	84.09	84.09
juego3	easy	60.0	0.008	195	400	183	228	45	25	84.08	84.08	84.08
juego3	easy	60.0	0.008	203	400	183	228	45	25	84.08	84.08	84.08
juego3	easy	60.0	0.008	211	400	183	228	45	25	84.07	84.07	84.07
juego3	easy	60.0	0.008	220	400	183	228	45	25	84.08	84.08	84.08
juego3	easy	60.0	0.008	228	400	183	228	45	25	84.08	84.08	84.08
juego3	easy	60.0	0.008	237	400	183	228	45	25	84.1	84.1	84.1
juego3	easy	60.0	0.008	246	400	183	227	44	25	84.15	84.15	84.15
juego3	easy	60.0	0.008	255	400	183	227	44	25	84.24	84.24	84.24
juego3	easy	60.0	0.008	265	400	183	227	44	25	84.36	84.36	84.36
juego3	easy	60.0	0.008	272	400	183	226	43	25	84.47	84.47	84.47
juego3	easy	60.0	0.008	281	400	183	224	41	25	84.98	84.98	84.98
juego3	easy	60.0	0.008	289	400	183	221	38	25	85.93	85.93	85.93
juego3	easy	60.0	0.008	298	400	183	218	35	25	86.57	86.57	86.57
juego3	easy	60.0	0.008	307	400	183	213	30	25	87.95	87.95	87.95
juego3	easy	60.0	0.008	315	400	183	208	25	25	89.27	89.27	89.27
juego3	easy	60.0	0.008	324	400	183	203	20	25	90.49	90.49	90.49
juego3	easy	60.0	0.008	333	400	183	201	18	25	91.06	91.06	91.06
juego3	easy	60.0	0.008	341	400	183	196	13	25	92.26	92.26	92.26
juego3	easy	60.0	0.008	351	400	183	191	8	25	93.58	93.58	93.58
juego3	easy	60.0	0.008	359	400	183	188	5	25	94.26	94.26	94.26
juego3	easy	60.0	0.008	368	400	183	185	2	25	94.95	94.95	94.95
juego3	easy	60.0	0.008	377	400	183	179	-4	25	96.56	96.56	96.56
juego3	easy	60.0	0.008	386	400	183	176	-7	25	97.49	97.49	97.49
juego3	easy	60.0	0.008	395	400	183	173	-10	25	98.21	98.21	98.21
juego3	easy	60.0	0.008	404	400	183	170	-13	25	98.91	98.91	98.91
juego3	easy	60.0	0.008	413	400	183	169	-14	25	99.28	99.28	99.28
juego3	easy	60.0	0.008	422	400	183	166	-17	25	100.0	100.0	100.0
juego3	easy	60.0	0.008	430	400	183	163	-20	25	100.6	100.6	100.6
juego3	easy	60.0	0.008	439	400	183	163	-20	25	100.8	100.8	100.8
juego3	easy	60.0	0.008	448	400	183	162	-21	25	101.02	101.02	101.02
juego3	easy	60.0	0.008	456	400	183	161	-22	25	101.09	101.09	101.09
juego3	easy	60.0	0.008	464	400	183	161	-22	25	101.09	101.09	101.09
juego3	easy	60.0	0.008	474	400	183	162	-21	25	101.04	101.04	101.04
juego3	easy	60.0	0.008	483	400	183	162	-21	25	100.94	100.94	100.94
juego3	easy	60.0	0.008	491	400	183	163	-20	25	100.8	100.8	100.8
juego3	easy	60.0	0.008	500	400	183	163	-20	25	100.71	100.71	100.71
juego3	easy	60.0	0.008	508	400	183	163	-20	25	100.69	100.69	100.69
juego3	easy	60.0	0.008	517	400	183	163	-20	25	100.64	100.64	100.64
juego3	easy	60.0	0.008	527	400	183	164	-19	25	100.57	100.57	100.57
juego3	easy	60.0	0.008	535	400	183	164	-19	25	100.41	100.41	100.41
juego3	easy	60.0	0.008	543	400	183	165	-18	25	100.31	100.31	100.31
juego3	easy	60.0	0.008	552	400	183	165	-18	25	100.12	100.12	100.12
juego3	easy	60.0	0.008	562	400	183	166	-17	25	99.98	99.98	99.98
juego3	easy	60.0	0.008	570	400	183	166	-17	25	99.91	99.91	99.91
juego3	easy	60.0	0.008	579	400	183	166	-17	25	99.88	99.88	99.88
juego3	easy	60.0	0.008	589	400	183	166	-17	25	99.84	99.84	99.84
juego3	easy	60.0	0.008	597	400	183	167	-16	25	99.78	99.78	99.78
juego3	easy	60.0	0.008	605	400	183	167	-16	25	99.71	99.71	99.71
juego3	easy	60.0	0.008	614	400	183	167	-16	25	99.68	99.68	99.68
juego3	easy	60.0	0.008	623	400	183	167	-16	25	99.6	99.6	99.6
juego3	easy	60.0	0.008	632	400	183	168	-15	25	99.52	99.52	99.52
juego3	easy	60.0	0.008	640	400	183	168	-15	25	99.44	99.44	99.44
juego3	easy	60.0	0.008	649	400	183	168	-15	25	99.39	99.39	99.39
juego3	easy	60.0	0.008	658	400	183	169	-14	25	99.28	99.28	99.28
juego3	easy	60.0	0.008	666	400	183	169	-14	25	99.15	99.15	99.15
juego3	easy	60.0	0.008	675	400	183	170	-13	25	98.99	98.99	98.99
juego3	easy	60.0	0.008	684	400	183	170	-13	25	98.89	98.89	98.89
juego3	easy	60.0	0.008	693	400	183	171	-12	25	98.65	98.65	98.65
juego3	easy	60.0	0.008	703	400	183	172	-11	25	98.46	98.46	98.46
juego3	easy	60.0	0.008	711	400	183	172	-11	25	98.29	98.29	98.29
juego3	easy	60.0	0.008	719	400	183	173	-10	25	98.21	98.21	98.21
juego3	easy	60.0	0.008	728	400	183	173	-10	25	98.07	98.07	98.07
juego3	easy	60.0	0.008	737	400	183	174	-9	25	97.92	97.92	97.92
juego3	easy	60.0	0.008	746	400	183	174	-9	25	97.77	97.77	97.77
juego3	easy	60.0	0.008	756	400	183	175	-8	25	97.6	97.6	97.6
juego3	easy	60.0	0.008	764	400	183	175	-8	25	97.51	97.51	97.51
juego3	easy	60.0	0.008	773	400	183	176	-7	25	97.36	97.36	97.36
juego3	easy	60.0	0.008	782	400	183	176	-7	25	97.26	97.26	97.26
juego3	easy	60.0	0.008	791	400	183	177	-6	25	97.19	97.19	97.19
juego3	easy	60.0	0.008	799	400	183	177	-6	25	97.16	97.16	97.16
juego3	easy	60.0	0.008	808	400	183	177	-6	25	97.1	97.1	97.1
juego3	easy	60.0	0.008	817	400	183	177	-6	25	97.05	97.05	97.05
juego3	easy	60.0	0.008	825	400	183	177	-6	25	97.02	97.02	97.02
juego3	easy	60.0	0.008	833	400	183	177	-6	25	97.01	97.01	97.01
juego3	easy	60.0	0.008	842	400	183	177	-6	25	97.0	97.0	97.0
juego3	easy	60.0	0.008	850	400	183	177	-6	25	96.99	96.99	96.99
juego3	easy	60.0	0.008	859	400	183	177	-6	25	96.98	96.98	96.98
juego3	easy	60.0	0.008	867	400	183	177	-6	25	96.98	96.98	96.98
juego3	easy	60.0	0.008	877	400	183	177	-6	25	96.98	96.98	96.98
juego3	easy	60.0	0.008	886	400	183	178	-5	25	96.97	96.97	96.97
juego3	easy	60.0	0.008	894	400	183	178	-5	25	96.97	96.97	96.97
juego3	easy	60.0	0.008	903	400	183	178	-5	25	96.95	96.95	96.95
juego3	easy	60.0	0.008	912	400	183	178	-5	25	96.94	96.94	96.94
juego3	easy	60.0	0.008	922	400	183	178	-5	25	96.95	96.95	96.95
juego3	easy	60.0	0.008	930	400	183	178	-5	25	96.96	96.96	96.96
juego3	easy	60.0	0.008	938	400	183	178	-5	25	96.96	96.96	96.96
juego3	easy	60.0	0.008	946	400	183	178	-5	25	96.93	96.93	96.93
juego3	easy	60.0	0.008	956	400	183	178	-5	25	96.91	96.91	96.91
juego3	easy	60.0	0.008	964	400	183	178	-5	25	96.91	96.91	96.91
juego3	easy	60.0	0.008	973	400	183	178	-5	25	96.92	96.92	96.92
juego3	easy	60.0	0.008	983	400	183	178	-5	25	96.93	96.93	96.93
juego3	easy	60.0	0.008	991	400	183	178	-5	25	96.92	96.92	96.92
juego3	easy	60.0	0.008	1001	400	183	178	-5	25	96.9	96.9	96.9
juego3	easy	60.0	0.008	1009	400	183	178	-5	25	96.89	96.89	96.89
juego3	easy	60.0	0.008	1019	400	183	178	-5	25	96.9	96.9	96.9
juego3	easy	60.0	0.008	1028	400	183	178	-5	25	96.91	96.91	96.91
juego3	easy	60.0	0.008	1036	400	183	178	-5	25	96.9	96.9	96.9
juego3	easy	60.0	0.008	1045	400	183	178	-5	25	96.89	96.89	96.89
juego3	easy	60.0	0.008	1054	400	183	178	-5	25	96.9	96.9	96.9
juego3	easy	60.0	0.008	1062	400	183	178	-5	25	96.94	96.94	96.94
juego3	easy	60.0	0.008	1072	400	183	177	-6	25	97.0	97.0	97.0
juego3	easy	60.0	0.008	1081	400	183	177	-6	25	97.01	97.01	97.01
juego3	easy	60.0	0.008	1090	400	183	177	-6	25	96.99	96.99	96.99
juego3	easy	60.0	0.008	1098	400	183	178	-5	25	96.96	96.96	96.96
juego3	easy	60.0	0.008	1106	400	183	178	-5	25	96.95	96.95	96.95
juego3	easy	60.0	0.008	1113	400	183	178	-5	25	96.97	96.97	96.97
juego3	easy	60.0	0.008	1122	400	183	177	-6	25	96.99	96.99	96.99
juego3	easy	60.0	0.008	1130	400	183	177	-6	25	96.99	96.99	96.99
juego3	easy	60.0	0.008	1139	400	183	178	-5	25	96.97	96.97	96.97
juego3	easy	60.0	0.008	1148	400	183	178	-5	25	96.91	96.91	96.91
juego3	easy	60.0	0.008	1158	400	183	178	-5	25	96.87	96.87	96.87
juego3	easy	60.0	0.008	1166	400	183	178	-5	25	96.83	96.83	96.83
juego3	easy	60.0	0.008	1174	400	183	178	-5	25	96.82	96.82	96.82
juego3	easy	60.0	0.008	1182	400	183	178	-5	25	96.83	96.83	96.83
juego3	easy	60.0	0.008	1190	400	183	178	-5	25	96.84	96.84	96.84
juego3	easy	60.0	0.008	1199	400	183	178	-5	25	96.86	96.86	96.86
juego3	easy	60.0	0.008	1208	400	183	178	-5	25	96.87	96.87	96.87
juego3	easy	60.0	0.008	1218	400	183	178	-5	25	96.86	96.86	96.86
juego3	easy	60.0	0.008	1226	400	183	178	-5	25	96.84	96.84	96.84
juego3	easy	60.0	0.008	1234	400	183	178	-5	25	96.85	96.85	96.85
juego3	easy	60.0	0.008	1243	400	183	178	-5	25	96.87	96.87	96.87
juego3	easy	60.0	0.008	1252	400	183	178	-5	25	96.92	96.92	96.92
juego3	easy	60.0	0.008	1260	400	183	178	-5	25	96.93	96.93	96.93
juego3	easy	60.0	0.008	1269	400	183	178	-5	25	96.93	96.93	96.93
juego3	easy	60.0	0.008	1278	400	183	178	-5	25	96.9	96.9	96.9
juego3	easy	60.0	0.008	1286	400	183	178	-5	25	96.88	96.88	96.88
juego3	easy	60.0	0.008	1295	400	183	178	-5	25	96.88	96.88	96.88
juego3	easy	60.0	0.008	1304	400	183	178	-5	25	96.92	96.92	96.92
juego3	easy	60.0	0.008	1313	400	183	178	-5	25	96.96	96.96	96.96
juego3	easy	60.0	0.008	1322	400	183	177	-6	25	96.98	96.98	96.98
juego3	easy	60.0	0.008	1332	400	183	178	-5	25	96.97	96.97	96.97
juego3	easy	60.0	0.008	1340	400	183	178	-5	25	96.95	96.95	96.95
juego3	easy	60.0	0.008	1349	400	183	178	-5	25	96.94	96.94	96.94
juego3	easy	60.0	0.008	1357	400	183	178	-5	25	96.94	96.94	96.94
juego3	easy	60.0	0.008	1366	400	183	178	-5	25	96.96	96.96	96.96
juego3	easy	60.0	0.008	1375	400	183	178	-5	25	96.96	96.96	96.96
juego3	easy	60.0	0.008	1383	400	183	178	-5	25	96.95	96.95	96.95
juego3	easy	60.0	0.008	1392	400	183	178	-5	25	96.92	96.92	96.92
juego3	easy	60.0	0.008	1401	400	183	178	-5	25	96.91	96.91	96.91
juego3	easy	60.0	0.008	1410	400	183	178	-5	25	96.91	96.91	96.91
juego3	easy	60.0	0.008	1418	400	183	178	-5	25	96.93	96.93	96.93
juego3	easy	60.0	0.008	1426	400	183	178	-5	25	96.93	96.93	96.93
juego3	easy	60.0	0.008	1435	400	183	178	-5	25	96.93	96.93	96.93
juego3	easy	60.0	0.008	1443	400	183	178	-5	25	96.92	96.92	96.92
juego3	easy	60.0	0.008	1452	400	183	178	-5	25	96.9	96.9	96.9
juego3	easy	60.0	0.008	1460	400	183	178	-5	25	96.89	96.89	96.89
juego3	easy	60.0	0.008	1469	400	183	178	-5	25	96.89	96.89	96.89
juego3	easy	60.0	0.008	1478	400	183	178	-5	25	96.89	96.89	96.89
juego3	easy	60.0	0.008	1488	400	183	178	-5	25	96.89	96.89	96.89
juego3	easy	60.0	0.008	1498	400	183	178	-5	25	96.89	96.89	96.89
juego3	easy	60.0	0.008	1505	400	183	178	-5	25	96.88	96.88	96.88
juego3	easy	60.0	0.008	1514	400	183	178	-5	25	96.87	96.87	96.87
juego3	easy	60.0	0.008	1523	400	183	178	-5	25	96.85	96.85	96.85
juego3	easy	60.0	0.008	1531	400	183	178	-5	25	96.85	96.85	96.85
juego3	easy	60.0	0.008	1540	400	183	178	-5	25	96.86	96.86	96.86
juego3	easy	60.0	0.008	1548	400	183	178	-5	25	96.89	96.89	96.89
juego3	easy	60.0	0.008	1557	400	183	178	-5	25	96.93	96.93	96.93
juego3	easy	60.0	0.008	1566	400	183	178	-5	25	96.93	96.93	96.93
juego3	easy	60.0	0.008	1575	400	183	178	-5	25	96.92	96.92	96.92
juego3	easy	60.0	0.008	1584	400	183	178	-5	25	96.9	96.9	96.9
juego3	easy	60.0	0.008	1593	400	183	178	-5	25	96.88	96.88	96.88
juego3	easy	60.0	0.008	1603	400	183	178	-5	25	96.88	96.88	96.88
juego3	easy	60.0	0.008	1611	400	183	178	-5	25	96.88	96.88	96.88
juego3	easy	60.0	0.008	1620	400	183	178	-5	25	96.88	96.88	96.88
juego3	easy	60.0	0.008	1629	400	183	178	-5	25	96.88	96.88	96.88
juego3	easy	60.0	0.008	1637	400	183	178	-5	25	96.88	96.88	96.88
juego3	easy	60.0	0.008	1646	400	183	178	-5	25	96.88	96.88	96.88
juego3	easy	60.0	0.008	1654	400	183	178	-5	25	96.87	96.87	96.87
juego3	easy	60.0	0.008	1663	400	183	178	-5	25	96.84	96.84	96.84
juego3	easy	60.0	0.008	1672	400	183	178	-5	25	96.84	96.84	96.84
juego3	easy	60.0	0.008	1681	400	183	178	-5	25	96.85	96.85	96.85
juego3	easy	60.0	0.008	1689	400	183	178	-5	25	96.88	96.88	96.88
juego3	easy	60.0	0.008	1697	400	183	178	-5	25	96.88	96.88	96.88
juego3	easy	60.0	0.008	1705	400	183	178	-5	25	96.88	96.88	96.88
juego3	easy	60.0	0.008	1714	400	183	178	-5	25	96.87	96.87	96.87
juego3	easy	60.0	0.008	1723	400	183	178	-5	25	96.86	96.86	96.86
juego3	easy	60.0	0.008	1732	400	183	178	-5	25	96.88	96.88	96.88
juego3	easy	60.0	0.008	1740	400	183	178	-5	25	96.89	96.89	96.89
juego3	easy	60.0	0.008	1749	400	183	178	-5	25	96.88	96.88	96.88
juego3	easy	60.0	0.008	1757	400	183	178	-5	25	96.88	96.88	96.88
juego3	easy	60.0	0.008	1765	400	183	178	-5	25	96.88	96.88	96.88
juego3	easy	60.0	0.008	1774	400	183	178	-5	25	96.9	96.9	96.9
juego3	easy	60.0	0.008	1783	400	183	178	-5	25	96.9	96.9	96.9
juego3	easy	60.0	0.008	1792	400	183	178	-5	25	96.9	96.9	96.9
juego3	easy	60.0	0.008	1801	400	183	178	-5	25	96.9	96.9	96.9
juego3	easy	60.0	0.008	1811	400	183	178	-5	25	96.9	96.9	96.9
juego3	easy	60.0	0.008	1819	400	183	178	-5	25	96.91	96.91	96.91
juego3	easy	60.0	0.008	1828	400	183	178	-5	25	96.91	96.91	96.91
juego3	easy	60.0	0.008	1837	400	183	178	-5	25	96.9	96.9	96.9
juego3	easy	60.0	0.008	1846	400	183	178	-5	25	96.89	96.89	96.89
juego3	easy	60.0	0.008	1855	400	183	178	-5	25	96.9	96.9	96.9
juego3	easy	60.0	0.008	1864	400	183	178	-5	25	96.92	96.92	96.92
juego3	easy	60.0	0.008	1873	400	183	178	-5	25	96.93	96.93	96.93
juego3	easy	60.0	0.008	1882	400	183	178	-5	25	96.92	96.92	96.92
juego3	easy	60.0	0.008	1890	400	183	178	-5	25	96.9	96.9	96.9
juego3	easy	60.0	0.008	1899	400	183	178	-5	25	96.88	96.88	96.88
juego3	easy	60.0	0.008	1909	400	183	178	-5	25	96.89	96.89	96.89
juego3	easy	60.0	0.008	1917	400	183	178	-5	25	96.89	96.89	96.89
juego3	easy	60.0	0.008	1927	400	183	178	-5	25	96.89	96.89	96.89
juego3	easy	60.0	0.008	1936	400	183	178	-5	25	96.88	96.88	96.88
juego3	easy	60.0	0.008	1944	400	183	178	-5	25	96.86	96.86	96.86
juego3	easy	60.0	0.008	1953	400	183	178	-5	25	96.85	96.85	96.85
juego3	easy	60.0	0.008	1960	400	183	178	-5	25	96.85	96.85	96.85
juego3	easy	60.0	0.008	1969	400	183	178	-5	25	96.85	96.85	96.85
juego3	easy	60.0	0.008	1978	400	183	178	-5	25	96.85	96.85	96.85
juego3	easy	60.0	0.008	1987	400	183	178	-5	25	96.86	96.86	96.86
juego3	easy	60.0	0.008	1996	400	183	178	-5	25	96.86	96.86	96.86
juego3	easy	60.0	0.008	0	400	183	178	-5	26	96.87	96.87	96.87
juego3	easy	0.0	0.008	9	400	231	178	-53	26	96.87	96.87	96.87
juego3	easy	0.0	0.008	17	400	231	178	-53	26	96.85	96.85	96.85
juego3	easy	0.0	0.008	26	400	231	178	-53	26	96.83	96.83	96.83
juego3	easy	0.0	0.008	34	400	231	178	-53	26	96.8	96.8	96.8
juego3	easy	0.0	0.008	43	400	231	178	-53	26	96.79	96.79	96.79
juego3	easy	0.0	0.008	53	400	231	178	-53	26	96.79	96.79	96.79
juego3	easy	0.0	0.008	61	400	231	178	-53	26	96.8	96.8	96.8
juego3	easy	0.0	0.008	70	400	231	178	-53	26	96.81	96.81	96.81
juego3	easy	0.0	0.008	79	400	231	178	-53	26	96.8	96.8	96.8
juego3	easy	0.0	0.008	87	400	231	178	-53	26	96.8	96.8	96.8
juego3	easy	0.0	0.008	95	400	231	178	-53	26	96.79	96.79	96.79
juego3	easy	0.0	0.008	104	400	231	178	-53	26	96.8	96.8	96.8
juego3	easy	0.0	0.008	113	400	231	178	-53	26	96.8	96.8	96.8
juego3	easy	0.0	0.008	122	400	231	178	-53	26	96.8	96.8	96.8
juego3	easy	0.0	0.008	130	400	231	178	-53	26	96.8	96.8	96.8
juego3	easy	0.0	0.008	138	400	231	178	-53	26	96.8	96.8	96.8
juego3	easy	0.0	0.008	147	400	231	178	-53	26	96.79	96.79	96.79
juego3	easy	0.0	0.008	157	400	231	178	-53	26	96.79	96.79	96.79
juego3	easy	0.0	0.008	165	400	231	178	-53	26	96.79	96.79	96.79
juego3	easy	0.0	0.008	175	400	231	178	-53	26	96.78	96.78	96.78
juego3	easy	0.0	0.008	184	400	231	178	-53	26	96.73	96.73	96.73
juego3	easy	0.0	0.008	193	400	231	179	-52	26	96.68	96.68	96.68
juego3	easy	0.0	0.008	201	400	231	179	-52	26	96.69	96.69	96.69
juego3	easy	0.0	0.008	210	400	231	178	-53	26	96.76	96.76	96.76
juego3	easy	0.0	0.008	219	400	231	178	-53	26	96.82	96.82	96.82
juego3	easy	0.0	0.008	227	400	231	178	-53	26	96.8	96.8	96.8
juego3	easy	0.0	0.008	236	400	231	179	-52	26	96.67	96.67	96.67
juego3	easy	0.0	0.008	244	400	231	180	-51	26	96.39	96.39	96.39
juego3	easy	0.0	0.008	253	400	231	181	-50	26	96.15	96.15	96.15
juego3	easy	0.0	0.008	263	400	231	186	-45	26	94.91	94.91	94.91
juego3	easy	0.0	0.008	271	400	231	188	-43	26	94.35	94.35	94.35
juego3	easy	0.0	0.008	279	400	231	193	-38	26	93.06	93.06	93.06
juego3	easy	0.0	0.008	288	400	231	198	-33	26	91.73	91.73	91.73
juego3	easy	0.0	0.008	297	400	231	200	-31	26	91.1	91.1	91.1
juego3	easy	0.0	0.008	306	400	231	205	-26	26	89.96	89.96	89.96
juego3	easy	0.0	0.008	315	400	231	210	-21	26	88.66	88.66	88.66
juego3	easy	0.0	0.008	323	400	231	214	-17	26	87.6	87.6	87.6
juego3	easy	0.0	0.008	332	400	231	216	-15	26	87.08	87.08	87.08
juego3	easy	0.0	0.008	340	400	231	220	-11	26	86.15	86.15	86.15
juego3	easy	0.0	0.008	348	400	231	223	-8	26	85.38	85.38	85.38
juego3	easy	0.0	0.008	356	400	231	224	-7	26	85.0	85.0	85.0
juego3	easy	0.0	0.008	365	400	231	227	-4	26	84.34	84.34	84.34
juego3	easy	0.0	0.008	374	400	231	229	-2	26	83.75	83.75	83.75
juego3	easy	0.0	0.008	383	400	231	230	-1	26	83.47	83.47	83.47
juego3	easy	0.0	0.008	390	400	231	232	1	26	82.93	82.93	82.93
juego3	easy	0.0	0.008	399	400	231	234	3	26	82.45	82.45	82.45
juego3	easy	0.0	0.008	408	400	231	235	4	26	82.11	82.11	82.11
juego3	easy	0.0	0.008	417	400	231	236	5	26	82.01	82.01	82.01
juego3	easy	0.0	0.008	425	400	231	236	5	26	81.94	81.94	81.94
juego3	easy	0.0	0.008	434	400	231	236	5	26	81.89	81.89	81.89
juego3	easy	0.0	0.008	443	400	231	236	5	26	81.83	81.83	81.83
juego3	easy	0.0	0.008	452	400	231	237	6	26	81.74	81.74	81.74
juego3	easy	0.0	0.008	460	400	231	237	6	26	81.62	81.62	81.62
juego3	easy	0.0	0.008	469	400	231	238	7	26	81.52	81.52	81.52
juego3	easy	0.0	0.008	478	400	231	238	7	26	81.49	81.49	81.49
juego3	easy	0.0	0.008	485	400	231	238	7	26	81.49	81.49	81.49
juego3	easy	0.0	0.008	495	400	231	238	7	26	81.51	81.51	81.51
juego3	easy	0.0	0.008	503	400	231	238	7	26	81.52	81.52	81.52
juego3	easy	0.0	0.008	512	400	231	238	7	26	81.5	81.5	81.5
juego3	easy	0.0	0.008	521	400	231	238	7	26	81.44	81.44	81.44
juego3	easy	0.0	0.008	529	400	231	238	7	26	81.37	81.37	81.37
juego3	easy	0.0	0.008	537	400	231	238	7	26	81.35	81.35	81.35
juego3	easy	0.0	0.008	546	400	231	239	8	26	81.3	81.3	81.3
juego3	easy	0.0	0.008	555	400	231	239	8	26	81.27	81.27	81.27
juego3	easy	0.0	0.008	564	400	231	239	8	26	81.26	81.26	81.26
juego3	easy	0.0	0.008	572	400	231	239	8	26	81.26	81.26	81.26
juego3	easy	0.0	0.008	581	400	231	239	8	26	81.25	81.25	81.25
juego3	easy	0.0	0.008	590	400	231	239	8	26	81.26	81.26	81.26
juego3	easy	0.0	0.008	597	400	231	239	8	26	81.26	81.26	81.26
juego3	easy	0.0	0.008	607	400	231	239	8	26	81.28	81.28	81.28
juego3	easy	0.0	0.008	616	400	231	239	8	26	81.31	81.31	81.31
juego3	easy	0.0	0.008	624	400	231	238	7	26	81.33	81.33	81.33
juego3	easy	0.0	0.008	633	400	231	238	7	26	81.33	81.33	81.33
juego3	easy	0.0	0.008	641	400	231	238	7	26	81.34	81.34	81.34
juego3	easy	0.0	0.008	650	400	231	238	7	26	81.37	81.37	81.37
juego3	easy	0.0	0.008	659	400	231	238	7	26	81.41	81.41	81.41
juego3	easy	0.0	0.008	667	400	231	238	7	26	81.44	81.44	81.44
juego3	easy	0.0	0.008	676	400	231	238	7	26	81.47	81.47	81.47
juego3	easy	0.0	0.008	685	400	231	238	7	26	81.49	81.49	81.49
juego3	easy	0.0	0.008	693	400	231	238	7	26	81.49	81.49	81.49
juego3	easy	0.0	0.008	703	400	231	238	7	26	81.51	81.51	81.51
juego3	easy	0.0	0.008	711	400	231	238	7	26	81.55	81.55	81.55
juego3	easy	0.0	0.008	720	400	231	237	6	26	81.59	81.59	81.59
juego3	easy	0.0	0.008	729	400	231	237	6	26	81.64	81.64	81.64
juego3	easy	0.0	0.008	738	400	231	237	6	26	81.66	81.66	81.66
juego3	easy	0.0	0.008	747	400	231	237	6	26	81.71	81.71	81.71
juego3	easy	0.0	0.008	756	400	231	237	6	26	81.77	81.77	81.77
juego3	easy	0.0	0.008	765	400	231	236	5	26	81.85	81.85	81.85
juego3	easy	0.0	0.008	774	400	231	236	5	26	81.95	81.95	81.95
juego3	easy	0.0	0.008	783	400	231	236	5	26	82.0	82.0	82.0
juego3	easy	0.0	0.008	792	400	231	235	4	26	82.09	82.09	82.09
juego3	easy	0.0	0.008	801	400	231	235	4	26	82.17	82.17	82.17
juego3	easy	0.0	0.008	811	400	231	235	4	26	82.24	82.24	82.24
juego3	easy	0.0	0.008	818	400	231	235	4	26	82.28	82.28	82.28
juego3	easy	0.0	0.008	827	400	231	234	3	26	82.35	82.35	82.35
juego3	easy	0.0	0.008	836	400	231	234	3	26	82.4	82.4	82.4
juego3	easy	0.0	0.008	845	400	231	234	3	26	82.43	82.43	82.43
juego3	easy	0.0	0.008	853	400	231	234	3	26	82.46	82.46	82.46
juego3	easy	0.0	0.008	862	400	231	234	3	26	82.51	82.51	82.51
juego3	easy	0.0	0.008	871	400	231	234	3	26	82.56	82.56	82.56
juego3	easy	0.0	0.008	879	400	231	234	3	26	82.59	82.59	82.59
juego3	easy	0.0	0.008	888	400	231	233	2	26	82.6	82.6	82.6
juego3	easy	0.0	0.008	897	400	231	233	2	26	82.62	82.62	82.62
juego3	easy	0.0	0.008	906	400	231	233	2	26	82.63	82.63	82.63
juego3	easy	0.0	0.008	914	400	231	233	2	26	82.65	82.65	82.65
juego3	easy	0.0	0.008	923	400	231	233	2	26	82.66	82.66	82.66
juego3	easy	0.0	0.008	933	400	231	233	2	26	82.68	82.68	82.68
juego3	easy	0.0	0.008	941	400	231	233	2	26	82.68	82.68	82.68
juego3	easy	0.0	0.008	950	400	231	233	2	26	82.68	82.68	82.68
juego3	easy	0.0	0.008	960	400	231	233	2	26	82.73	82.73	82.73
juego3	easy	0.0	0.008	968	400	231	233	2	26	82.75	82.75	82.75
juego3	easy	0.0	0.008	976	400	231	233	2	26	82.79	82.79	82.79
juego3	easy	0.0	0.008	985	400	231	233	2	26	82.8	82.8	82.8
juego3	easy	0.0	0.008	995	400	231	233	2	26	82.8	82.8	82.8
juego3	easy	0.0	0.008	1003	400	231	233	2	26	82.8	82.8	82.8
juego3	easy	0.0	0.008	1012	400	231	233	2	26	82.8	82.8	82.8
juego3	easy	0.0	0.008	1020	400	231	233	2	26	82.84	82.84	82.84
juego3	easy	0.0	0.008	1028	400	231	233	2	26	82.85	82.85	82.85
juego3	easy	0.0	0.008	1038	400	231	232	1	26	82.87	82.87	82.87
juego3	easy	0.0	0.008	1047	400	231	232	1	26	82.87	82.87	82.87
juego3	easy	0.0	0.008	1055	400	231	232	1	26	82.86	82.86	82.86
juego3	easy	0.0	0.008	1063	400	231	232	1	26	82.86	82.86	82.86
juego3	easy	0.0	0.008	1071	400	231	233	2	26	82.84	82.84	82.84
juego3	easy	0.0	0.008	1080	400	231	233	2	26	82.83	82.83	82.83
juego3	easy	0.0	0.008	1088	400	231	233	2	26	82.83	82.83	82.83
juego3	easy	0.0	0.008	1097	400	231	232	1	26	82.86	82.86	82.86
juego3	easy	0.0	0.008	1106	400	231	232	1	26	82.89	82.89	82.89
juego3	easy	0.0	0.008	1115	400	231	232	1	26	82.91	82.91	82.91
juego3	easy	0.0	0.008	1123	400	231	232	1	26	82.92	82.92	82.92
juego3	easy	0.0	0.008	1132	400	231	232	1	26	82.91	82.91	82.91
juego3	easy	0.0	0.008	1140	400	231	232	1	26	82.91	82.91	82.91
juego3	easy	0.0	0.008	1148	400	231	232	1	26	82.92	82.92	82.92
juego3	easy	0.0	0.008	1157	400	231	232	1	26	82.94	82.94	82.94
juego3	easy	0.0	0.008	1167	400	231	232	1	26	82.97	82.97	82.97
juego3	easy	0.0	0.008	1175	400	231	232	1	26	82.97	82.97	82.97
juego3	easy	0.0	0.008	1183	400	231	232	1	26	82.96	82.96	82.96
juego3	easy	0.0	0.008	1191	400	231	232	1	26	82.94	82.94	82.94
juego3	easy	0.0	0.008	1200	400	231	232	1	26	82.93	82.93	82.93
juego3	easy	0.0	0.008	1209	400	231	232	1	26	82.93	82.93	82.93
juego3	easy	0.0	0.008	1217	400	231	232	1	26	82.94	82.94	82.94
juego3	easy	0.0	0.008	1225	400	231	232	1	26	82.94	82.94	82.94
juego3	easy	0.0	0.008	1234	400	231	232	1	26	82.95	82.95	82.95
juego3	easy	0.0	0.008	1243	400	231	232	1	26	82.95	82.95	82.95
juego3	easy	0.0	0.008	1252	400	231	232	1	26	82.96	82.96	82.96
juego3	easy	0.0	0.008	1261	400	231	232	1	26	82.96	82.96	82.96
juego3	easy	0.0	0.008	1270	400	231	232	1	26	82.96	82.96	82.96
juego3	easy	0.0	0.008	1278	400	231	232	1	26	82.98	82.98	82.98
juego3	easy	0.0	0.008	1286	400	231	232	1	26	83.0	83.0	83.0
juego3	easy	0.0	0.008	1294	400	231	232	1	26	83.01	83.01	83.01
juego3	easy	0.0	0.008	1303	400	231	232	1	26	83.02	83.02	83.02
juego3	easy	0.0	0.008	1312	400	231	232	1	26	83.03	83.03	83.03
juego3	easy	0.0	0.008	1320	400	231	232	1	26	83.05	83.05	83.05
juego3	easy	0.0	0.008	1329	400	231	232	1	26	83.04	83.04	83.04
juego3	easy	0.0	0.008	1339	400	231	232	1	26	83.04	83.04	83.04
juego3	easy	0.0	0.008	1347	400	231	232	1	26	83.02	83.02	83.02
juego3	easy	0.0	0.008	1356	400	231	232	1	26	83.01	83.01	83.01
juego3	easy	0.0	0.008	1365	400	231	232	1	26	83.01	83.01	83.01
juego3	easy	0.0	0.008	1374	400	231	232	1	26	83.0	83.0	83.0
juego3	easy	0.0	0.008	1382	400	231	232	1	26	83.0	83.0	83.0
juego3	easy	0.0	0.008	1391	400	231	232	1	26	83.0	83.0	83.0
juego3	easy	0.0	0.008	1399	400	231	232	1	26	83.0	83.0	83.0
juego3	easy	0.0	0.008	1409	400	231	232	1	26	83.0	83.0	83.0
juego3	easy	0.0	0.008	1418	400	231	232	1	26	83.01	83.01	83.01
juego3	easy	0.0	0.008	1426	400	231	232	1	26	83.01	83.01	83.01
juego3	easy	0.0	0.008	1434	400	231	232	1	26	83.02	83.02	83.02
juego3	easy	0.0	0.008	1444	400	231	232	1	26	83.03	83.03	83.03
juego3	easy	0.0	0.008	1452	400	231	232	1	26	83.03	83.03	83.03
juego3	easy	0.0	0.008	1460	400	231	232	1	26	83.03	83.03	83.03
juego3	easy	0.0	0.008	1469	400	231	232	1	26	83.02	83.02	83.02
juego3	easy	0.0	0.008	1479	400	231	232	1	26	83.01	83.01	83.01
juego3	easy	0.0	0.008	1487	400	231	232	1	26	83.01	83.01	83.01
juego3	easy	0.0	0.008	1496	400	231	232	1	26	83.02	83.02	83.02
juego3	easy	0.0	0.008	1504	400	231	232	1	26	83.02	83.02	83.02
juego3	easy	0.0	0.008	1513	400	231	232	1	26	83.02	83.02	83.02
juego3	easy	0.0	0.008	1521	400	231	232	1	26	83.02	83.02	83.02
juego3	easy	0.0	0.008	1531	400	231	232	1	26	83.01	83.01	83.01
juego3	easy	0.0	0.008	1539	400	231	232	1	26	83.01	83.01	83.01
juego3	easy	0.0	0.008	1549	400	231	232	1	26	83.0	83.0	83.0
juego3	easy	0.0	0.008	1557	400	231	232	1	26	82.99	82.99	82.99
juego3	easy	0.0	0.008	1565	400	231	232	1	26	83.0	83.0	83.0
juego3	easy	0.0	0.008	1573	400	231	232	1	26	83.01	83.01	83.01
juego3	easy	0.0	0.008	1581	400	231	232	1	26	83.02	83.02	83.02
juego3	easy	0.0	0.008	1588	400	231	232	1	26	83.02	83.02	83.02
juego3	easy	0.0	0.008	1597	400	231	232	1	26	83.01	83.01	83.01
juego3	easy	0.0	0.008	1607	400	231	232	1	26	83.0	83.0	83.0
juego3	easy	0.0	0.008	1615	400	231	232	1	26	83.0	83.0	83.0
juego3	easy	0.0	0.008	1625	400	231	232	1	26	83.01	83.01	83.01
juego3	easy	0.0	0.008	1633	400	231	232	1	26	83.01	83.01	83.01
juego3	easy	0.0	0.008	1642	400	231	232	1	26	83.02	83.02	83.02
juego3	easy	0.0	0.008	1650	400	231	232	1	26	83.03	83.03	83.03
juego3	easy	0.0	0.008	1659	400	231	232	1	26	83.03	83.03	83.03
juego3	easy	0.0	0.008	1667	400	231	232	1	26	83.02	83.02	83.02
juego3	easy	0.0	0.008	1675	400	231	232	1	26	83.02	83.02	83.02
juego3	easy	0.0	0.008	1683	400	231	232	1	26	83.02	83.02	83.02
juego3	easy	0.0	0.008	1693	400	231	232	1	26	83.02	83.02	83.02
juego3	easy	0.0	0.008	1702	400	231	232	1	26	83.01	83.01	83.01
juego3	easy	0.0	0.008	1709	400	231	232	1	26	83.01	83.01	83.01
juego3	easy	0.0	0.008	1717	400	231	232	1	26	82.98	82.98	82.98
juego3	easy	0.0	0.008	1725	400	231	232	1	26	82.98	82.98	82.98
juego3	easy	0.0	0.008	1733	400	231	232	1	26	82.96	82.96	82.96
juego3	easy	0.0	0.008	1742	400	231	232	1	26	82.95	82.95	82.95
juego3	easy	0.0	0.008	1751	400	231	232	1	26	82.96	82.96	82.96
juego3	easy	0.0	0.008	1759	400	231	232	1	26	82.95	82.95	82.95
juego3	easy	0.0	0.008	1767	400	231	232	1	26	82.95	82.95	82.95
juego3	easy	0.0	0.008	1775	400	231	232	1	26	82.94	82.94	82.94
juego3	easy	0.0	0.008	1784	400	231	232	1	26	82.93	82.93	82.93
juego3	easy	0.0	0.008	1792	400	231	232	1	26	82.93	82.93	82.93
juego3	easy	0.0	0.008	1800	400	231	232	1	26	82.93	82.93	82.93
juego3	easy	0.0	0.008	1809	400	231	232	1	26	82.95	82.95	82.95
juego3	easy	0.0	0.008	1818	400	231	232	1	26	82.99	82.99	82.99
juego3	easy	0.0	0.008	1826	400	231	232	1	26	83.01	83.01	83.01
juego3	easy	0.0	0.008	1834	400	231	232	1	26	82.99	82.99	82.99
juego3	easy	0.0	0.008	1843	400	231	232	1	26	82.95	82.95	82.95
juego3	easy	0.0	0.008	1852	400	231	232	1	26	82.94	82.94	82.94
juego3	easy	0.0	0.008	1860	400	231	232	1	26	82.94	82.94	82.94
juego3	easy	0.0	0.008	1868	400	231	232	1	26	82.98	82.98	82.98
juego3	easy	0.0	0.008	1878	400	231	232	1	26	83.0	83.0	83.0
juego3	easy	0.0	0.008	1886	400	231	232	1	26	82.99	82.99	82.99
juego3	easy	0.0	0.008	1894	400	231	232	1	26	82.98	82.98	82.98
juego3	easy	0.0	0.008	1904	400	231	232	1	26	82.97	82.97	82.97
juego3	easy	0.0	0.008	1913	400	231	232	1	26	82.97	82.97	82.97
juego3	easy	0.0	0.008	1922	400	231	232	1	26	82.99	82.99	82.99
juego3	easy	0.0	0.008	1930	400	231	232	1	26	82.99	82.99	82.99
juego3	easy	0.0	0.008	1939	400	231	232	1	26	83.0	83.0	83.0
juego3	easy	0.0	0.008	1948	400	231	232	1	26	82.99	82.99	82.99
juego3	easy	0.0	0.008	1956	400	231	232	1	26	82.99	82.99	82.99
juego3	easy	0.0	0.008	1965	400	231	232	1	26	82.99	82.99	82.99
juego3	easy	0.0	0.008	1974	400	231	232	1	26	83.0	83.0	83.0
juego3	easy	0.0	0.008	1983	400	231	232	1	26	83.0	83.0	83.0
juego3	easy	0.0	0.008	1993	400	231	232	1	26	83.01	83.01	83.01
juego3	easy	0.0	0.008	0	400	231	232	1	27	83.01	83.01	83.01
juego3	easy	60.0	0.008	9	400	183	232	49	27	83.02	83.02	83.02
juego3	easy	60.0	0.008	18	400	183	232	49	27	83.03	83.03	83.03
juego3	easy	60.0	0.008	27	400	183	232	49	27	83.03	83.03	83.03
juego3	easy	60.0	0.008	36	400	183	232	49	27	83.04	83.04	83.04
juego3	easy	60.0	0.008	45	400	183	232	49	27	83.04	83.04	83.04
juego3	easy	60.0	0.008	54	400	183	232	49	27	83.06	83.06	83.06
juego3	easy	60.0	0.008	63	400	183	232	49	27	83.11	83.11	83.11
juego3	easy	60.0	0.008	72	400	183	232	49	27	83.11	83.11	83.11
juego3	easy	60.0	0.008	82	400	183	232	49	27	83.09	83.09	83.09
juego3	easy	60.0	0.008	89	400	183	232	49	27	83.08	83.08	83.08
juego3	easy	60.0	0.008	97	400	183	232	49	27	83.08	83.08	83.08
juego3	easy	60.0	0.008	107	400	183	232	49	27	83.1	83.1	83.1
juego3	easy	60.0	0.008	115	400	183	231	48	27	83.12	83.12	83.12
juego3	easy	60.0	0.008	123	400	183	231	48	27	83.14	83.14	83.14
juego3	easy	60.0	0.008	132	400	183	231	48	27	83.14	83.14	83.14
juego3	easy	60.0	0.008	140	400	183	231	48	27	83.15	83.15	83.15
juego3	easy	60.0	0.008	149	400	183	231	48	27	83.16	83.16	83.16
juego3	easy	60.0	0.008	159	400	183	231	48	27	83.18	83.18	83.18
juego3	easy	60.0	0.008	167	400	183	231	48	27	83.2	83.2	83.2
juego3	easy	60.0	0.008	176	400	183	231	48	27	83.2	83.2	83.2
juego3	easy	60.0	0.008	185	400	183	231	48	27	83.21	83.21	83.21
juego3	easy	60.0	0.008	194	400	183	231	48	27	83.22	83.22	83.22
juego3	easy	60.0	0.008	203	400	183	231	48	27	83.22	83.22	83.22
juego3	easy	60.0	0.008	211	400	183	231	48	27	83.22	83.22	83.22
juego3	easy	60.0	0.008	219	400	183	231	48	27	83.22	83.22	83.22
juego3	easy	60.0	0.008	229	400	183	231	48	27	83.2	83.2	83.2
juego3	easy	60.0	0.008	237	400	183	231	48	27	83.18	83.18	83.18
juego3	easy	60.0	0.008	246	400	183	231	48	27	83.2	83.2	83.2
juego3	easy	60.0	0.008	255	400	183	231	48	27	83.24	83.24	83.24
juego3	easy	60.0	0.008	264	400	183	230	47	27	83.42	83.42	83.42
juego3	easy	60.0	0.008	273	400	183	229	46	27	83.72	83.72	83.72
juego3	easy	60.0	0.008	282	400	183	227	44	27	84.26	84.26	84.26
juego3	easy	60.0	0.008	290	400	183	226	43	27	84.64	84.64	84.64
juego3	easy	60.0	0.008	299	400	183	222	39	27	85.64	85.64	85.64
juego3	easy	60.0	0.008	307	400	183	217	34	27	86.88	86.88	86.88
juego3	easy	60.0	0.008	316	400	183	214	31	27	87.55	87.55	87.55
juego3	easy	60.0	0.008	324	400	183	209	26	27	88.94	88.94	88.94
juego3	easy	60.0	0.008	333	400	183	204	21	27	90.08	90.08	90.08
juego3	easy	60.0	0.008	342	400	183	201	18	27	90.84	90.84	90.84
juego3	easy	60.0	0.008	350	400	183	200	17	27	91.21	91.21	91.21
juego3	easy	60.0	0.008	358	400	183	197	14	27	91.85	91.85	91.85
juego3	easy	60.0	0.008	367	400	183	195	12	27	92.52	92.52	92.52
juego3	easy	60.0	0.008	376	400	183	194	11	27	92.84	92.84	92.84
juego3	easy	60.0	0.008	385	400	183	192	9	27	93.14	93.14	93.14
juego3	easy	60.0	0.008	395	400	183	190	7	27	93.83	93.83	93.83
juego3	easy	60.0	0.008	403	400	183	189	6	27	94.14	94.14	94.14
juego3	easy	60.0	0.008	411	400	183	188	5	27	94.23	94.23	94.23
juego3	easy	60.0	0.008	420	400	183	188	5	27	94.32	94.32	94.32
juego3	easy	60.0	0.008	428	400	183	188	5	27	94.34	94.34	94.34
juego3	easy	60.0	0.008	437	400	183	188	5	27	94.35	94.35	94.35
juego3	easy	60.0	0.008	446	400	183	188	5	27	94.35	94.35	94.35
juego3	easy	60.0	0.008	456	400	183	188	5	27	94.31	94.31	94.31
juego3	easy	60.0	0.008	464	400	183	188	5	27	94.22	94.22	94.22
juego3	easy	60.0	0.008	473	400	183	189	6	27	94.12	94.12	94.12
juego3	easy	60.0	0.008	482	400	183	189	6	27	94.06	94.06	94.06
juego3	easy	60.0	0.008	491	400	183	189	6	27	94.04	94.04	94.04
juego3	easy	60.0	0.008	499	400	183	189	6	27	94.03	94.03	94.03
juego3	easy	60.0	0.008	507	400	183	189	6	27	94.01	94.01	94.01
juego3	easy	60.0	0.008	516	400	183	189	6	27	94.0	94.0	94.0
juego3	easy	60.0	0.008	526	400	183	189	6	27	94.03	94.03	94.03
juego3	easy	60.0	0.008	534	400	183	189	6	27	94.06	94.06	94.06
juego3	easy	60.0	0.008	543	400	183	189	6	27	94.1	94.1	94.1
juego3	easy	60.0	0.008	552	400	183	189	6	27	94.13	94.13	94.13
juego3	easy	60.0	0.008	560	400	183	189	6	27	94.13	94.13	94.13
juego3	easy	60.0	0.008	569	400	183	189	6	27	94.14	94.14	94.14
juego3	easy	60.0	0.008	577	400	183	189	6	27	94.14	94.14	94.14
juego3	easy	60.0	0.008	586	400	183	189	6	27	94.14	94.14	94.14
juego3	easy	60.0	0.008	595	400	183	189	6	27	94.15	94.15	94.15
juego3	easy	60.0	0.008	603	400	183	188	5	27	94.16	94.16	94.16
juego3	easy	60.0	0.008	612	400	183	188	5	27	94.16	94.16	94.16
juego3	easy	60.0	0.008	621	400	183	188	5	27	94.16	94.16	94.16
juego3	easy	60.0	0.008	629	400	183	189	6	27	94.15	94.15	94.15
juego3	easy	60.0	0.008	638	400	183	189	6	27	94.15	94.15	94.15
juego3	easy	60.0	0.008	647	400	183	189	6	27	94.15	94.15	94.15
juego3	easy	60.0	0.008	657	400	183	189	6	27	94.15	94.15	94.15
juego3	easy	60.0	0.008	665	400	183	189	6	27	94.15	94.15	94.15
juego3	easy	60.0	0.008	674	400	183	188	5	27	94.16	94.16	94.16
juego3	easy	60.0	0.008	683	400	183	188	5	27	94.19	94.19	94.19
juego3	easy	60.0	0.008	691	400	183	188	5	27	94.2	94.2	94.2
juego3	easy	60.0	0.008	700	400	183	188	5	27	94.25	94.25	94.25
juego3	easy	60.0	0.008	709	400	183	188	5	27	94.29	94.29	94.29
juego3	easy	60.0	0.008	717	400	183	188	5	27	94.31	94.31	94.31
juego3	easy	60.0	0.008	726	400	183	188	5	27	94.36	94.36	94.36
juego3	easy	60.0	0.008	735	400	183	188	5	27	94.4	94.4	94.4
juego3	easy	60.0	0.008	744	400	183	187	4	27	94.43	94.43	94.43
juego3	easy	60.0	0.008	753	400	183	187	4	27	94.44	94.44	94.44
juego3	easy	60.0	0.008	761	400	183	187	4	27	94.44	94.44	94.44
juego3	easy	60.0	0.008	770	400	183	187	4	27	94.45	94.45	94.45
juego3	easy	60.0	0.008	779	400	183	187	4	27	94.45	94.45	94.45
juego3	easy	60.0	0.008	789	400	183	187	4	27	94.46	94.46	94.46
juego3	easy	60.0	0.008	797	400	183	187	4	27	94.46	94.46	94.46
juego3	easy	60.0	0.008	806	400	183	187	4	27	94.48	94.48	94.48
juego3	easy	60.0	0.008	815	400	183	187	4	27	94.49	94.49	94.49
juego3	easy	60.0	0.008	823	400	183	187	4	27	94.49	94.49	94.49
juego3	easy	60.0	0.008	833	400	183	187	4	27	94.49	94.49	94.49
juego3	easy	60.0	0.008	841	400	183	187	4	27	94.5	94.5	94.5
juego3	easy	60.0	0.008	850	400	183	187	4	27	94.52	94.52	94.52
juego3	easy	60.0	0.008	858	400	183	187	4	27	94.55	94.55	94.55
juego3	easy	60.0	0.008	867	400	183	187	4	27	94.56	94.56	94.56
juego3	easy	60.0	0.008	876	400	183	187	4	27	94.57	94.57	94.57
juego3	easy	60.0	0.008	885	400	183	187	4	27	94.56	94.56	94.56
juego3	easy	60.0	0.008	894	400	183	187	4	27	94.54	94.54	94.54
juego3	easy	60.0	0.008	902	400	183	187	4	27	94.55	94.55	94.55
juego3	easy	60.0	0.008	911	400	183	187	4	27	94.59	94.59	94.59
juego3	easy	60.0	0.008	920	400	183	187	4	27	94.63	94.63	94.63
juego3	easy	60.0	0.008	928	400	183	187	4	27	94.64	94.64	94.64
juego3	easy	60.0	0.008	937	400	183	187	4	27	94.64	94.64	94.64
juego3	easy	60.0	0.008	946	400	183	187	4	27	94.61	94.61	94.61
juego3	easy	60.0	0.008	956	400	183	187	4	27	94.59	94.59	94.59
juego3	easy	60.0	0.008	964	400	183	187	4	27	94.6	94.6	94.6
juego3	easy	60.0	0.008	973	400	183	187	4	27	94.61	94.61	94.61
juego3	easy	60.0	0.008	980	400	183	187	4	27	94.61	94.61	94.61
juego3	easy	60.0	0.008	990	400	183	187	4	27	94.59	94.59	94.59
juego3	easy	60.0	0.008	998	400	183	187	4	27	94.57	94.57	94.57
juego3	easy	60.0	0.008	1007	400	183	187	4	27	94.55	94.55	94.55
juego3	easy	60.0	0.008	1016	400	183	187	4	27	94.54	94.54	94.54
juego3	easy	60.0	0.008	1024	400	183	187	4	27	94.55	94.55	94.55
juego3	easy	60.0	0.008	1034	400	183	187	4	27	94.58	94.58	94.58
juego3	easy	60.0	0.008	1042	400	183	187	4	27	94.59	94.59	94.59
juego3	easy	60.0	0.008	1051	400	183	187	4	27	94.6	94.6	94.6
juego3	easy	60.0	0.008	1061	400	183	187	4	27	94.58	94.58	94.58
juego3	easy	60.0	0.008	1070	400	183	187	4	27	94.55	94.55	94.55
juego3	easy	60.0	0.008	1077	400	183	187	4	27	94.54	94.54	94.54
juego3	easy	60.0	0.008	1086	400	183	187	4	27	94.55	94.55	94.55
juego3	easy	60.0	0.008	1095	400	183	187	4	27	94.58	94.58	94.58
juego3	easy	60.0	0.008	1103	400	183	187	4	27	94.59	94.59	94.59
juego3	easy	60.0	0.008	1111	400	183	187	4	27	94.59	94.59	94.59
juego3	easy	60.0	0.008	1119	400	183	187	4	27	94.56	94.56	94.56
juego3	easy	60.0	0.008	1129	400	183	187	4	27	94.55	94.55	94.55
juego3	easy	60.0	0.008	1137	400	183	187	4	27	94.53	94.53	94.53
juego3	easy	60.0	0.008	1147	400	183	187	4	27	94.54	94.54	94.54
juego3	easy	60.0	0.008	1155	400	183	187	4	27	94.57	94.57	94.57
juego3	easy	60.0	0.008	1163	400	183	187	4	27	94.57	94.57	94.57
juego3	easy	60.0	0.008	1173	400	183	187	4	27	94.58	94.58	94.58
juego3	easy	60.0	0.008	1180	400	183	187	4	27	94.55	94.55	94.55
juego3	easy	60.0	0.008	1189	400	183	187	4	27	94.53	94.53	94.53
juego3	easy	60.0	0.008	1199	400	183	187	4	27	94.51	94.51	94.51
juego3	easy	60.0	0.008	1207	400	183	187	4	27	94.51	94.51	94.51
juego3	easy	60.0	0.008	1216	400	183	187	4	27	94.52	94.52	94.52
juego3	easy	60.0	0.008	1224	400	183	187	4	27	94.53	94.53	94.53
juego3	easy	60.0	0.008	1234	400	183	187	4	27	94.54	94.54	94.54
juego3	easy	60.0	0.008	1242	400	183	187	4	27	94.53	94.53	94.53
juego3	easy	60.0	0.008	1251	400	183	187	4	27	94.5	94.5	94.5
juego3	easy	60.0	0.008	1260	400	183	187	4	27	94.49	94.49	94.49
juego3	easy	60.0	0.008	1269	400	183	187	4	27	94.49	94.49	94.49
juego3	easy	60.0	0.008	1277	400	183	187	4	27	94.49	94.49	94.49
juego3	easy	60.0	0.008	1286	400	183	187	4	27	94.5	94.5	94.5
juego3	easy	60.0	0.008	1294	400	183	187	4	27	94.49	94.49	94.49
juego3	easy	60.0	0.008	1303	400	183	187	4	27	94.47	94.47	94.47
juego3	easy	60.0	0.008	1312	400	183	187	4	27	94.45	94.45	94.45
juego3	easy	60.0	0.008	1321	400	183	187	4	27	94.47	94.47	94.47
juego3	easy	60.0	0.008	1330	400	183	187	4	27	94.51	94.51	94.51
juego3	easy	60.0	0.008	1339	400	183	187	4	27	94.52	94.52	94.52
juego3	easy	60.0	0.008	1348	400	183	187	4	27	94.52	94.52	94.52
juego3	easy	60.0	0.008	1357	400	183	187	4	27	94.49	94.49	94.49
juego3	easy	60.0	0.008	1365	400	183	187	4	27	94.46	94.46	94.46
juego3	easy	60.0	0.008	1374	400	183	187	4	27	94.46	94.46	94.46
juego3	easy	60.0	0.008	1382	400	183	187	4	27	94.45	94.45	94.45
juego3	easy	60.0	0.008	1391	400	183	187	4	27	94.45	94.45	94.45
juego3	easy	60.0	0.008	1400	400	183	187	4	27	94.45	94.45	94.45
juego3	easy	60.0	0.008	1409	400	183	187	4	27	94.43	94.43	94.43
juego3	easy	60.0	0.008	1417	400	183	187	4	27	94.44	94.44	94.44
juego3	easy	60.0	0.008	1426	400	183	187	4	27	94.42	94.42	94.42
juego3	easy	60.0	0.008	1435	400	183	187	4	27	94.42	94.42	94.42
juego3	easy	60.0	0.008	1444	400	183	187	4	27	94.42	94.42	94.42
juego3	easy	60.0	0.008	1454	400	183	187	4	27	94.43	94.43	94.43
juego3	easy	60.0	0.008	1462	400	183	187	4	27	94.43	94.43	94.43
juego3	easy	60.0	0.008	1471	400	183	187	4	27	94.42	94.42	94.42
juego3	easy	60.0	0.008	1480	400	183	188	5	27	94.4	94.4	94.4
juego3	easy	60.0	0.008	1490	400	183	188	5	27	94.4	94.4	94.4
juego3	easy	60.0	0.008	1499	400	183	188	5	27	94.39	94.39	94.39
juego3	easy	60.0	0.008	1507	400	183	188	5	27	94.39	94.39	94.39
juego3	easy	60.0	0.008	1516	400	183	188	5	27	94.4	94.4	94.4
juego3	easy	60.0	0.008	1525	400	183	188	5	27	94.39	94.39	94.39
juego3	easy	60.0	0.008	1533	400	183	188	5	27	94.39	94.39	94.39
juego3	easy	60.0	0.008	1542	400	183	188	5	27	94.37	94.37	94.37
juego3	easy	60.0	0.008	1550	400	183	188	5	27	94.37	94.37	94.37
juego3	easy	60.0	0.008	1560	400	183	188	5	27	94.37	94.37	94.37
juego3	easy	60.0	0.008	1568	400	183	188	5	27	94.37	94.37	94.37
juego3	easy	60.0	0.008	1577	400	183	188	5	27	94.37	94.37	94.37
juego3	easy	60.0	0.008	1586	400	183	188	5	27	94.36	94.36	94.36
juego3	easy	60.0	0.008	1595	400	183	188	5	27	94.35	94.35	94.35
juego3	easy	60.0	0.008	1602	400	183	188	5	27	94.36	94.36	94.36
juego3	easy	60.0	0.008	1611	400	183	188	5	27	94.35	94.35	94.35
juego3	easy	60.0	0.008	1618	400	183	188	5	27	94.35	94.35	94.35
juego3	easy	60.0	0.008	1627	400	183	188	5	27	94.36	94.36	94.36
juego3	easy	60.0	0.008	1636	400	183	188	5	27	94.35	94.35	94.35
juego3	easy	60.0	0.008	1645	400	183	188	5	27	94.35	94.35	94.35
juego3	easy	60.0	0.008	1655	400	183	188	5	27	94.34	94.34	94.34
juego3	easy	60.0	0.008	1663	400	183	188	5	27	94.34	94.34	94.34
juego3	easy	60.0	0.008	1672	400	183	188	5	27	94.35	94.35	94.35
juego3	easy	60.0	0.008	1681	400	183	188	5	27	94.36	94.36	94.36
juego3	easy	60.0	0.008	1689	400	183	188	5	27	94.35	94.35	94.35
juego3	easy	60.0	0.008	1698	400	183	188	5	27	94.34	94.34	94.34
juego3	easy	60.0	0.008	1708	400	183	188	5	27	94.33	94.33	94.33
juego3	easy	60.0	0.008	1717	400	183	188	5	27	94.33	94.33	94.33
juego3	easy	60.0	0.008	1725	400	183	188	5	27	94.33	94.33	94.33
juego3	easy	60.0	0.008	1733	400	183	188	5	27	94.33	94.33	94.33
juego3	easy	60.0	0.008	1742	400	183	188	5	27	94.32	94.32	94.32
juego3	easy	60.0	0.008	1750	400	183	188	5	27	94.31	94.31	94.31
juego3	easy	60.0	0.008	1758	400	183	188	5	27	94.3	94.3	94.3
juego3	easy	60.0	0.008	1767	400	183	188	5	27	94.31	94.31	94.31
juego3	easy	60.0	0.008	1776	400	183	188	5	27	94.32	94.32	94.32
juego3	easy	60.0	0.008	1785	400	183	188	5	27	94.32	94.32	94.32
juego3	easy	60.0	0.008	1794	400	183	188	5	27	94.32	94.32	94.32
juego3	easy	60.0	0.008	1803	400	183	188	5	27	94.31	94.31	94.31
juego3	easy	60.0	0.008	1811	400	183	188	5	27	94.31	94.31	94.31
juego3	easy	60.0	0.008	1819	400	183	188	5	27	94.3	94.3	94.3
juego3	easy	60.0	0.008	1827	400	183	188	5	27	94.3	94.3	94.3
juego3	easy	60.0	0.008	1837	400	183	188	5	27	94.3	94.3	94.3
juego3	easy	60.0	0.008	1846	400	183	188	5	27	94.3	94.3	94.3
juego3	easy	60.0	0.008	1854	400	183	188	5	27	94.3	94.3	94.3
juego3	easy	60.0	0.008	1863	400	183	188	5	27	94.3	94.3	94.3
juego3	easy	60.0	0.008	1872	400	183	188	5	27	94.3	94.3	94.3
juego3	easy	60.0	0.008	1881	400	183	188	5	27	94.29	94.29	94.29
juego3	easy	60.0	0.008	1891	400	183	188	5	27	94.29	94.29	94.29
juego3	easy	60.0	0.008	1900	400	183	188	5	27	94.29	94.29	94.29
juego3	easy	60.0	0.008	1908	400	183	188	5	27	94.29	94.29	94.29
juego3	easy	60.0	0.008	1917	400	183	188	5	27	94.28	94.28	94.28
juego3	easy	60.0	0.008	1927	400	183	188	5	27	94.27	94.27	94.27
juego3	easy	60.0	0.008	1934	400	183	188	5	27	94.27	94.27	94.27
juego3	easy	60.0	0.008	1943	400	183	188	5	27	94.25	94.25	94.25
juego3	easy	60.0	0.008	1953	400	183	188	5	27	94.24	94.24	94.24
juego3	easy	60.0	0.008	1962	400	183	188	5	27	94.23	94.23	94.23
juego3	easy	60.0	0.008	1970	400	183	188	5	27	94.22	94.22	94.22
juego3	easy	60.0	0.008	1979	400	183	188	5	27	94.22	94.22	94.22
juego3	easy	60.0	0.008	1987	400	183	188	5	27	94.21	94.21	94.21
juego3	easy	60.0	0.008	1996	400	183	188	5	27	94.22	94.22	94.22
juego3	easy	60.0	0.008	0	400	183	188	5	28	94.21	94.21	94.21
juego3	easy	0.0	0.008	10	400	231	188	-43	28	94.22	94.22	94.22
juego3	easy	0.0	0.008	18	400	231	188	-43	28	94.23	94.23	94.23
juego3	easy	0.0	0.008	28	400	231	188	-43	28	94.22	94.22	94.22
juego3	easy	0.0	0.008	38	400	231	188	-43	28	94.23	94.23	94.23
juego3	easy	0.0	0.008	46	400	231	188	-43	28	94.23	94.23	94.23
juego3	easy	0.0	0.008	54	400	231	188	-43	28	94.23	94.23	94.23
juego3	easy	0.0	0.008	63	400	231	188	-43	28	94.21	94.21	94.21
juego3	easy	0.0	0.008	71	400	231	188	-43	28	94.21	94.21	94.21
juego3	easy	0.0	0.008	80	400	231	188	-43	28	94.2	94.2	94.2
juego3	easy	0.0	0.008	90	400	231	188	-43	28	94.19	94.19	94.19
juego3	easy	0.0	0.008	97	400	231	188	-43	28	94.18	94.18	94.18
juego3	easy	0.0	0.008	106	400	231	188	-43	28	94.18	94.18	94.18
juego3	easy	0.0	0.008	115	400	231	188	-43	28	94.17	94.17	94.17
juego3	easy	0.0	0.008	125	400	231	188	-43	28	94.16	94.16	94.16
juego3	easy	0.0	0.008	133	400	231	189	-42	28	94.15	94.15	94.15
juego3	easy	0.0	0.008	143	400	231	189	-42	28	94.15	94.15	94.15
juego3	easy	0.0	0.008	151	400	231	189	-42	28	94.15	94.15	94.15
juego3	easy	0.0	0.008	160	400	231	188	-43	28	94.16	94.16	94.16
juego3	easy	0.0	0.008	168	400	231	188	-43	28	94.17	94.17	94.17
juego3	easy	0.0	0.008	176	400	231	188	-43	28	94.17	94.17	94.17
juego3	easy	0.0	0.008	185	400	231	188	-43	28	94.17	94.17	94.17
juego3	easy	0.0	0.008	194	400	231	189	-42	28	94.15	94.15	94.15
juego3	easy	0.0	0.008	202	400	231	189	-42	28	94.13	94.13	94.13
juego3	easy	0.0	0.008	210	400	231	189	-42	28	94.09	94.09	94.09
juego3	easy	0.0	0.008	219	400	231	189	-42	28	94.06	94.06	94.06
juego3	easy	0.0	0.008	228	400	231	189	-42	28	94.02	94.02	94.02
juego3	easy	0.0	0.008	236	400	231	189	-42	28	93.93	93.93	93.93
juego3	easy	0.0	0.008	245	400	231	191	-40	28	93.51	93.51	93.51
juego3	easy	0.0	0.008	255	400	231	194	-37	28	92.64	92.64	92.64
juego3	easy	0.0	0.008	263	400	231	199	-32	28	91.37	91.37	91.37
juego3	easy	0.0	0.008	272	400	231	202	-29	28	90.71	90.71	90.71
juego3	easy	0.0	0.008	280	400	231	207	-24	28	89.36	89.36	89.36
juego3	easy	0.0	0.008	289	400	231	212	-19	28	88.15	88.15	88.15
juego3	easy	0.0	0.008	298	400	231	214	-17	28	87.59	87.59	87.59
juego3	easy	0.0	0.008	308	400	231	220	-11	28	86.06	86.06	86.06
juego3	easy	0.0	0.008	315	400	231	222	-9	28	85.55	85.55	85.55
juego3	easy	0.0	0.008	324	400	231	226	-5	28	84.51	84.51	84.51
juego3	easy	0.0	0.008	332	400	231	228	-3	28	84.01	84.01	84.01
juego3	easy	0.0	0.008	340	400	231	232	1	28	83.07	83.07	83.07
juego3	easy	0.0	0.008	349	400	231	234	3	28	82.38	82.38	82.38
juego3	easy	0.0	0.008	357	400	231	235	4	28	82.14	82.14	82.14
juego3	easy	0.0	0.008	365	400	231	236	5	28	81.87	81.87	81.87
juego3	easy	0.0	0.008	375	400	231	237	6	28	81.73	81.73	81.73
juego3	easy	0.0	0.008	383	400	231	237	6	28	81.65	81.65	81.65
juego3	easy	0.0	0.008	391	400	231	237	6	28	81.64	81.64	81.64
juego3	easy	0.0	0.008	400	400	231	237	6	28	81.74	81.74	81.74
juego3	easy	0.0	0.008	409	400	231	236	5	28	81.89	81.89	81.89
juego3	easy	0.0	0.008	419	400	231	236	5	28	82.01	82.01	82.01
juego3	easy	0.0	0.008	428	400	231	235	4	28	82.09	82.09	82.09
juego3	easy	0.0	0.008	436	400	231	235	4	28	82.12	82.12	82.12
juego3	easy	0.0	0.008	445	400	231	235	4	28	82.18	82.18	82.18
juego3	easy	0.0	0.008	454	400	231	235	4	28	82.27	82.27	82.27
juego3	easy	0.0	0.008	464	400	231	234	3	28	82.35	82.35	82.35
juego3	easy	0.0	0.008	472	400	231	234	3	28	82.38	82.38	82.38
juego3	easy	0.0	0.008	480	400	231	234	3	28	82.41	82.41	82.41
juego3	easy	0.0	0.008	489	400	231	234	3	28	82.43	82.43	82.43
juego3	easy	0.0	0.008	499	400	231	234	3	28	82.46	82.46	82.46
juego3	easy	0.0	0.008	507	400	231	234	3	28	82.48	82.48	82.48
juego3	easy	0.0	0.008	516	400	231	234	3	28	82.56	82.56	82.56
juego3	easy	0.0	0.008	524	400	231	233	2	28	82.68	82.68	82.68
juego3	easy	0.0	0.008	533	400	231	233	2	28	82.82	82.82	82.82
juego3	easy	0.0	0.008	541	400	231	232	1	28	82.9	82.9	82.9
juego3	easy	0.0	0.008	550	400	231	232	1	28	83.08	83.08	83.08
juego3	easy	0.0	0.008	559	400	231	231	0	28	83.26	83.26	83.26
juego3	easy	0.0	0.008	567	400	231	231	0	28	83.36	83.36	83.36
juego3	easy	0.0	0.008	576	400	231	230	-1	28	83.56	83.56	83.56
juego3	easy	0.0	0.008	585	400	231	229	-2	28	83.75	83.75	83.75
juego3	easy	0.0	0.008	594	400	231	228	-3	28	83.92	83.92	83.92
juego3	easy	0.0	0.008	603	400	231	228	-3	28	84.06	84.06	84.06
juego3	easy	0.0	0.008	612	400	231	228	-3	28	84.12	84.12	84.12
juego3	easy	0.0	0.008	621	400	231	227	-4	28	84.23	84.23	84.23
juego3	easy	0.0	0.008	631	400	231	227	-4	28	84.32	84.32	84.32
juego3	easy	0.0	0.008	639	400	231	227	-4	28	84.39	84.39	84.39
juego3	easy	0.0	0.008	648	400	231	226	-5	28	84.42	84.42	84.42
juego3	easy	0.0	0.008	657	400	231	226	-5	28	84.48	84.48	84.48
juego3	easy	0.0	0.008	665	400	231	226	-5	28	84.51	84.51	84.51
juego3	easy	0.0	0.008	673	400	231	226	-5	28	84.55	84.55	84.55
juego3	easy	0.0	0.008	681	400	231	226	-5	28	84.56	84.56	84.56
juego3	easy	0.0	0.008	690	400	231	226	-5	28	84.6	84.6	84.6
juego3	easy	0.0	0.008	699	400	231	226	-5	28	84.65	84.65	84.65
juego3	easy	0.0	0.008	708	400	231	225	-6	28	84.68	84.68	84.68
juego3	easy	0.0	0.008	718	400	231	225	-6	28	84.76	84.76	84.76
juego3	easy	0.0	0.008	726	400	231	225	-6	28	84.83	84.83	84.83
juego3	easy	0.0	0.008	735	400	231	225	-6	28	84.86	84.86	84.86
juego3	easy	0.0	0.008	744	400	231	225	-6	28	84.86	84.86	84.86
juego3	easy	0.0	0.008	753	400	231	225	-6	28	84.87	84.87	84.87
juego3	easy	0.0	0.008	762	400	231	225	-6	28	84.89	84.89	84.89
juego3	easy	0.0	0.008	772	400	231	224	-7	28	84.92	84.92	84.92
juego3	easy	0.0	0.008	780	400	231	224	-7	28	84.94	84.94	84.94
juego3	easy	0.0	0.008	790	400	231	224	-7	28	84.95	84.95	84.95
juego3	easy	0.0	0.008	798	400	231	224	-7	28	84.97	84.97	84.97
juego3	easy	0.0	0.008	807	400	231	224	-7	28	84.97	84.97	84.97
juego3	easy	0.0	0.008	816	400	231	224	-7	28	84.98	84.98	84.98
juego3	easy	0.0	0.008	825	400	231	224	-7	28	85.0	85.0	85.0
juego3	easy	0.0	0.008	834	400	231	224	-7	28	85.01	85.01	85.01
juego3	easy	0.0	0.008	843	400	231	224	-7	28	85.01	85.01	85.01
juego3	easy	0.0	0.008	852	400	231	224	-7	28	85.05	85.05	85.05
juego3	easy	0.0	0.008	861	400	231	224	-7	28	85.1	85.1	85.1
juego3	easy	0.0	0.008	870	400	231	224	-7	28	85.13	85.13	85.13
juego3	easy	0.0	0.008	879	400	231	224	-7	28	85.15	85.15	85.15
juego3	easy	0.0	0.008	888	400	231	224	-7	28	85.14	85.14	85.14
juego3	easy	0.0	0.008	897	400	231	224	-7	28	85.14	85.14	85.14
juego3	easy	0.0	0.008	905	400	231	223	-8	28	85.18	85.18	85.18
juego3	easy	0.0	0.008	914	400	231	223	-8	28	85.2	85.2	85.2
juego3	easy	0.0	0.008	924	400	231	223	-8	28	85.26	85.26	85.26
juego3	easy	0.0	0.008	932	400	231	223	-8	28	85.27	85.27	85.27
juego3	easy	0.0	0.008	941	400	231	223	-8	28	85.27	85.27	85.27
juego3	easy	0.0	0.008	950	400	231	223	-8	28	85.28	85.28	85.28
juego3	easy	0.0	0.008	959	400	231	223	-8	28	85.31	85.31	85.31
juego3	easy	0.0	0.008	967	400	231	223	-8	28	85.32	85.32	85.32
juego3	easy	0.0	0.008	976	400	231	223	-8	28	85.33	85.33	85.33
juego3	easy	0.0	0.008	985	400	231	223	-8	28	85.31	85.31	85.31
juego3	easy	0.0	0.008	993	400	231	223	-8	28	85.3	85.3	85.3
juego3	easy	0.0	0.008	1002	400	231	223	-8	28	85.28	85.28	85.28
juego3	easy	0.0	0.008	1011	400	231	223	-8	28	85.28	85.28	85.28
juego3	easy	0.0	0.008	1020	400	231	223	-8	28	85.29	85.29	85.29
juego3	easy	0.0	0.008	1029	400	231	223	-8	28	85.28	85.28	85.28
juego3	easy	0.0	0.008	1038	400	231	223	-8	28	85.27	85.27	85.27
juego3	easy	0.0	0.008	1047	400	231	223	-8	28	85.28	85.28	85.28
juego3	easy	0.0	0.008	1057	400	231	223	-8	28	85.33	85.33	85.33
juego3	easy	0.0	0.008	1065	400	231	223	-8	28	85.35	85.35	85.35
juego3	easy	0.0	0.008	1074	400	231	223	-8	28	85.34	85.34	85.34
juego3	easy	0.0	0.008	1084	400	231	223	-8	28	85.32	85.32	85.32
juego3	easy	0.0	0.008	1092	400	231	223	-8	28	85.31	85.31	85.31
juego3	easy	0.0	0.008	1102	400	231	223	-8	28	85.32	85.32	85.32
juego3	easy	0.0	0.008	1110	400	231	223	-8	28	85.35	85.35	85.35
juego3	easy	0.0	0.008	1120	400	231	223	-8	28	85.38	85.38	85.38
juego3	easy	0.0	0.008	1127	400	231	223	-8	28	85.39	85.39	85.39
juego3	easy	0.0	0.008	1136	400	231	223	-8	28	85.42	85.42	85.42
juego3	easy	0.0	0.008	1145	400	231	222	-9	28	85.46	85.46	85.46
juego3	easy	0.0	0.008	1153	400	231	222	-9	28	85.47	85.47	85.47
juego3	easy	0.0	0.008	1162	400	231	222	-9	28	85.46	85.46	85.46
juego3	easy	0.0	0.008	1170	400	231	222	-9	28	85.44	85.44	85.44
juego3	easy	0.0	0.008	1180	400	231	222	-9	28	85.44	85.44	85.44
juego3	easy	0.0	0.008	1188	400	231	222	-9	28	85.44	85.44	85.44
juego3	easy	0.0	0.008	1197	400	231	222	-9	28	85.46	85.46	85.46
juego3	easy	0.0	0.008	1206	400	231	222	-9	28	85.45	85.45	85.45
juego3	easy	0.0	0.008	1214	400	231	222	-9	28	85.45	85.45	85.45
juego3	easy	0.0	0.008	1223	400	231	222	-9	28	85.44	85.44	85.44
juego3	easy	0.0	0.008	1233	400	231	222	-9	28	85.43	85.43	85.43
juego3	easy	0.0	0.008	1242	400	231	222	-9	28	85.44	85.44	85.44
juego3	easy	0.0	0.008	1250	400	231	222	-9	28	85.45	85.45	85.45
juego3	easy	0.0	0.008	1259	400	231	222	-9	28	85.45	85.45	85.45
juego3	easy	0.0	0.008	1267	400	231	222	-9	28	85.45	85.45	85.45
juego3	easy	0.0	0.008	1277	400	231	222	-9	28	85.47	85.47	85.47
juego3	easy	0.0	0.008	1285	400	231	222	-9	28	85.49	85.49	85.49
juego3	easy	0.0	0.008	1294	400	231	222	-9	28	85.49	85.49	85.49
juego3	easy	0.0	0.008	1303	400	231	222	-9	28	85.49	85.49	85.49
juego3	easy	0.0	0.008	1311	400	231	222	-9	28	85.48	85.48	85.48
juego3	easy	0.0	0.008	1319	400	231	222	-9	28	85.47	85.47	85.47
juego3	easy	0.0	0.008	1328	400	231	222	-9	28	85.46	85.46	85.46
juego3	easy	0.0	0.008	1336	400	231	222	-9	28	85.47	85.47	85.47
juego3	easy	0.0	0.008	1345	400	231	222	-9	28	85.48	85.48	85.48
juego3	easy	0.0	0.008	1353	400	231	222	-9	28	85.48	85.48	85.48
juego3	easy	0.0	0.008	1362	400	231	222	-9	28	85.47	85.47	85.47
juego3	easy	0.0	0.008	1371	400	231	222	-9	28	85.43	85.43	85.43
juego3	easy	0.0	0.008	1380	400	231	222	-9	28	85.45	85.45	85.45
juego3	easy	0.0	0.008	1389	400	231	222	-9	28	85.49	85.49	85.49
juego3	easy	0.0	0.008	1397	400	231	222	-9	28	85.53	85.53	85.53
juego3	easy	0.0	0.008	1407	400	231	222	-9	28	85.52	85.52	85.52
juego3	easy	0.0	0.008	1415	400	231	222	-9	28	85.48	85.48	85.48
juego3	easy	0.0	0.008	1424	400	231	222	-9	28	85.47	85.47	85.47
juego3	easy	0.0	0.008	1434	400	231	222	-9	28	85.5	85.5	85.5
juego3	easy	0.0	0.008	1442	400	231	222	-9	28	85.53	85.53	85.53
juego3	easy	0.0	0.008	1451	400	231	222	-9	28	85.53	85.53	85.53
juego3	easy	0.0	0.008	1459	400	231	222	-9	28	85.51	85.51	85.51
juego3	easy	0.0	0.008	1468	400	231	222	-9	28	85.48	85.48	85.48
juego3	easy	0.0	0.008	1476	400	231	222	-9	28	85.49	85.49	85.49
juego3	easy	0.0	0.008	1484	400	231	222	-9	28	85.51	85.51	85.51
juego3	easy	0.0	0.008	1493	400	231	222	-9	28	85.54	85.54	85.54
juego3	easy	0.0	0.008	1502	400	231	222	-9	28	85.54	85.54	85.54
juego3	easy	0.0	0.008	1510	400	231	222	-9	28	85.49	85.49	85.49
juego3	easy	0.0	0.008	1519	400	231	222	-9	28	85.48	85.48	85.48
juego3	easy	0.0	0.008	1528	400	231	222	-9	28	85.47	85.47	85.47
juego3	easy	0.0	0.008	1536	400	231	222	-9	28	85.48	85.48	85.48
juego3	easy	0.0	0.008	1544	400	231	222	-9	28	85.48	85.48	85.48
juego3	easy	0.0	0.008	1553	400	231	222	-9	28	85.48	85.48	85.48
juego3	easy	0.0	0.008	1562	400	231	222	-9	28	85.47	85.47	85.47
juego3	easy	0.0	0.008	1571	400	231	222	-9	28	85.48	85.48	85.48
juego3	easy	0.0	0.008	1580	400	231	222	-9	28	85.48	85.48	85.48
juego3	easy	0.0	0.008	1588	400	231	222	-9	28	85.48	85.48	85.48
juego3	easy	0.0	0.008	1597	400	231	222	-9	28	85.47	85.47	85.47
juego3	easy	0.0	0.008	1606	400	231	222	-9	28	85.45	85.45	85.45
juego3	easy	0.0	0.008	1614	400	231	222	-9	28	85.46	85.46	85.46
juego3	easy	0.0	0.008	1622	400	231	222	-9	28	85.48	85.48	85.48
juego3	easy	0.0	0.008	1631	400	231	222	-9	28	85.49	85.49	85.49
juego3	easy	0.0	0.008	1641	400	231	222	-9	28	85.47	85.47	85.47
juego3	easy	0.0	0.008	1649	400	231	222	-9	28	85.45	85.45	85.45
juego3	easy	0.0	0.008	1658	400	231	223	-8	28	85.42	85.42	85.42
juego3	easy	0.0	0.008	1668	400	231	222	-9	28	85.43	85.43	85.43
juego3	easy	0.0	0.008	1676	400	231	222	-9	28	85.44	85.44	85.44
juego3	easy	0.0	0.008	1685	400	231	222	-9	28	85.44	85.44	85.44
juego3	easy	0.0	0.008	1694	400	231	222	-9	28	85.43	85.43	85.43
juego3	easy	0.0	0.008	1702	400	231	223	-8	28	85.4	85.4	85.4
juego3	easy	0.0	0.008	1711	400	231	223	-8	28	85.39	85.39	85.39
juego3	easy	0.0	0.008	1720	400	231	223	-8	28	85.39	85.39	85.39
juego3	easy	0.0	0.008	1729	400	231	223	-8	28	85.41	85.41	85.41
juego3	easy	0.0	0.008	1739	400	231	222	-9	28	85.43	85.43	85.43
juego3	easy	0.0	0.008	1747	400	231	223	-8	28	85.41	85.41	85.41
juego3	easy	0.0	0.008	1756	400	231	223	-8	28	85.4	85.4	85.4
juego3	easy	0.0	0.008	1765	400	231	223	-8	28	85.4	85.4	85.4
juego3	easy	0.0	0.008	1773	400	231	223	-8	28	85.41	85.41	85.41
juego3	easy	0.0	0.008	1780	400	231	222	-9	28	85.43	85.43	85.43
juego3	easy	0.0	0.008	1789	400	231	222	-9	28	85.43	85.43	85.43
juego3	easy	0.0	0.008	1798	400	231	222	-9	28	85.45	85.45	85.45
juego3	easy	0.0	0.008	1806	400	231	222	-9	28	85.45	85.45	85.45
juego3	easy	0.0	0.008	1814	400	231	222	-9	28	85.45	85.45	85.45
juego3	easy	0.0	0.008	1824	400	231	222	-9	28	85.43	85.43	85.43
juego3	easy	0.0	0.008	1832	400	231	223	-8	28	85.42	85.42	85.42
juego3	easy	0.0	0.008	1840	400	231	223	-8	28	85.42	85.42	85.42
juego3	easy	0.0	0.008	1850	400	231	223	-8	28	85.42	85.42	85.42
juego3	easy	0.0	0.008	1858	400	231	223	-8	28	85.42	85.42	85.42
juego3	easy	0.0	0.008	1866	400	231	223	-8	28	85.4	85.4	85.4
juego3	easy	0.0	0.008	1874	400	231	223	-8	28	85.4	85.4	85.4
juego3	easy	0.0	0.008	1882	400	231	223	-8	28	85.4	85.4	85.4
juego3	easy	0.0	0.008	1891	400	231	223	-8	28	85.35	85.35	85.35
juego3	easy	0.0	0.008	1900	400	231	223	-8	28	85.31	85.31	85.31
juego3	easy	0.0	0.008	1910	400	231	223	-8	28	85.17	85.17	85.17
juego3	easy	0.0	0.008	1917	400	231	224	-7	28	84.98	84.98	84.98
juego3	easy	0.0	0.008	1926	400	231	225	-6	28	84.74	84.74	84.74
juego3	easy	0.0	0.008	1935	400	231	226	-5	28	84.59	84.59	84.59
juego3	easy	0.0	0.008	1944	400	231	227	-4	28	84.24	84.24	84.24
juego3	easy	0.0	0.008	1953	400	231	229	-2	28	83.85	83.85	83.85
juego3	easy	0.0	0.008	1962	400	231	230	-1	28	83.51	83.51	83.51
juego3	easy	0.0	0.008	1970	400	231	231	0	28	83.36	83.36	83.36
juego3	easy	0.0	0.008	1978	400	231	232	1	28	83.07	83.07	83.07
juego3	easy	0.0	0.008	1987	400	231	233	2	28	82.77	82.77	82.77
juego3	easy	0.0	0.008	1997	400	231	234	3	28	82.37	82.37	82.37
juego3	easy	0.0	0.008	0	400	231	235	4	29	82.13	82.13	82.13
juego3	easy	-60.0	0.008	8	400	362	237	-125	29	81.61	81.61	81.61
juego3	easy	-60.0	0.008	16	400	362	239	-123	29	81.09	81.09	81.09
juego3	easy	-60.0	0.008	24	400	362	240	-122	29	80.82	80.82	80.82
juego3	easy	-60.0	0.008	32	400	362	243	-119	29	80.26	80.26	80.26
juego3	easy	-60.0	0.008	40	400	362	245	-117	29	79.68	79.68	79.68
juego3	easy	-60.0	0.008	49	400	362	246	-116	29	79.39	79.39	79.39
juego3	easy	-60.0	0.008	58	400	362	248	-114	29	78.8	78.8	78.8
juego3	easy	-60.0	0.008	67	400	362	251	-111	29	78.22	78.22	78.22
juego3	easy	-60.0	0.008	75	400	362	252	-110	29	77.94	77.94	77.94
juego3	easy	-60.0	0.008	85	400	362	254	-108	29	77.41	77.41	77.41
juego3	easy	-60.0	0.008	93	400	362	256	-106	29	76.9	76.9	76.9
juego3	easy	-60.0	0.008	102	400	362	258	-104	29	76.42	76.42	76.42
juego3	easy	-60.0	0.008	111	400	362	259	-103	29	75.95	75.95	75.95
juego3	easy	-60.0	0.008	120	400	362	260	-102	29	75.7	75.7	75.7
juego3	easy	-60.0	0.008	129	400	362	262	-100	29	75.18	75.18	75.18
juego3	easy	-60.0	0.008	138	400	362	264	-98	29	74.64	74.64	74.64
juego3	easy	-60.0	0.008	146	400	362	267	-95	29	74.12	74.12	74.12
juego3	easy	-60.0	0.008	155	400	362	267	-95	29	73.87	73.87	73.87
juego3	easy	-60.0	0.008	164	400	362	269	-93	29	73.41	73.41	73.41
juego3	easy	-60.0	0.008	173	400	362	271	-91	29	72.97	72.97	72.97
juego3	easy	-60.0	0.008	182	400	362	273	-89	29	72.54	72.54	72.54
juego3	easy	-60.0	0.008	191	400	362	274	-88	29	72.13	72.13	72.13
juego3	easy	-60.0	0.008	200	400	362	275	-87	29	71.94	71.94	71.94
juego3	easy	-60.0	0.008	209	400	362	276	-86	29	71.6	71.6	71.6
juego3	easy	-60.0	0.008	219	400	362	278	-84	29	71.29	71.29	71.29
juego3	easy	-60.0	0.008	227	400	362	279	-83	29	71.01	71.01	71.01
juego3	easy	-60.0	0.008	237	400	362	280	-82	29	70.7	70.7	70.7
juego3	easy	-60.0	0.008	245	400	362	281	-81	29	70.52	70.52	70.52
juego3	easy	-60.0	0.008	254	400	362	282	-80	29	70.11	70.11	70.11
juego3	easy	-60.0	0.008	262	400	362	284	-78	29	69.62	69.62	69.62
juego3	easy	-60.0	0.008	270	400	362	285	-77	29	69.36	69.36	69.36
juego3	easy	-60.0	0.008	279	400	362	287	-75	29	68.77	68.77	68.77
juego3	easy	-60.0	0.008	287	400	362	289	-73	29	68.23	68.23	68.23
juego3	easy	-60.0	0.008	295	400	362	290	-72	29	67.97	67.97	67.97
juego3	easy	-60.0	0.008	304	400	362	291	-71	29	67.72	67.72	67.72
juego3	easy	-60.0	0.008	313	400	362	294	-68	29	67.0	67.0	67.0
juego3	easy	-60.0	0.008	322	400	362	296	-66	29	66.45	66.45	66.45
juego3	easy	-60.0	0.008	330	400	362	298	-64	29	66.15	66.15	66.15
juego3	easy	-60.0	0.008	339	400	362	300	-62	29	65.53	65.53	65.53
juego3	easy	-60.0	0.008	347	400	362	301	-61	29	64.92	64.92	64.92
juego3	easy	-60.0	0.008	355	400	362	302	-60	29	64.63	64.63	64.63
juego3	easy	-60.0	0.008	364	400	362	305	-57	29	64.04	64.04	64.04
juego3	easy	-60.0	0.008	373	400	362	308	-54	29	63.33	63.33	63.33
juego3	easy	-60.0	0.008	381	400	362	309	-53	29	62.92	62.92	62.92
juego3	easy	-60.0	0.008	389	400	362	313	-49	29	61.96	61.96	61.96
juego3	easy	-60.0	0.008	398	400	362	317	-45	29	60.88	60.88	60.88
juego3	easy	-60.0	0.008	407	400	362	321	-41	29	59.83	59.83	59.83
juego3	easy	-60.0	0.008	415	400	362	323	-39	29	59.31	59.31	59.31
juego3	easy	-60.0	0.008	425	400	362	327	-35	29	58.45	58.45	58.45
juego3	easy	-60.0	0.008	434	400	362	329	-33	29	57.74	57.74	57.74
juego3	easy	-60.0	0.008	442	400	362	332	-30	29	57.11	57.11	57.11
juego3	easy	-60.0	0.008	450	400	362	333	-29	29	56.84	56.84	56.84
juego3	easy	-60.0	0.008	459	400	362	335	-27	29	56.3	56.3	56.3
juego3	easy	-60.0	0.008	468	400	362	337	-25	29	55.78	55.78	55.78
juego3	easy	-60.0	0.008	476	400	362	338	-24	29	55.54	55.54	55.54
juego3	easy	-60.0	0.008	485	400	362	340	-22	29	55.04	55.04	55.04
juego3	easy	-60.0	0.008	495	400	362	342	-20	29	54.56	54.56	54.56
juego3	easy	-60.0	0.008	502	400	362	343	-19	29	54.16	54.16	54.16
juego3	easy	-60.0	0.008	510	400	362	344	-18	29	53.98	53.98	53.98
juego3	easy	-60.0	0.008	519	400	362	345	-17	29	53.69	53.69	53.69
juego3	easy	-60.0	0.008	528	400	362	346	-16	29	53.43	53.43	53.43
juego3	easy	-60.0	0.008	538	400	362	347	-15	29	53.15	53.15	53.15
juego3	easy	-60.0	0.008	547	400	362	349	-13	29	52.8	52.8	52.8
juego3	easy	-60.0	0.008	555	400	362	349	-13	29	52.59	52.59	52.59
juego3	easy	-60.0	0.008	564	400	362	351	-11	29	52.12	52.12	52.12
juego3	easy	-60.0	0.008	574	400	362	353	-9	29	51.68	51.68	51.68
juego3	easy	-60.0	0.008	582	400	362	354	-8	29	51.31	51.31	51.31
juego3	easy	-60.0	0.008	590	400	362	355	-7	29	51.16	51.16	51.16
juego3	easy	-60.0	0.008	599	400	362	356	-6	29	50.89	50.89	50.89
juego3	easy	-60.0	0.008	609	400	362	357	-5	29	50.65	50.65	50.65
juego3	easy	-60.0	0.008	618	400	362	358	-4	29	50.44	50.44	50.44
juego3	easy	-60.0	0.008	626	400	362	358	-4	29	50.34	50.34	50.34
juego3	easy	-60.0	0.008	635	400	362	359	-3	29	50.15	50.15	50.15
juego3	easy	-60.0	0.008	644	400	362	359	-3	29	50.02	50.02	50.02
juego3	easy	-60.0	0.008	652	400	362	360	-2	29	49.94	49.94	49.94
juego3	easy	-60.0	0.008	661	400	362	360	-2	29	49.92	49.92	49.92
juego3	easy	-60.0	0.008	670	400	362	360	-2	29	49.91	49.91	49.91
juego3	easy	-60.0	0.008	679	400	362	360	-2	29	49.89	49.89	49.89
juego3	easy	-60.0	0.008	688	400	362	360	-2	29	49.86	49.86	49.86
juego3	easy	-60.0	0.008	696	400	362	360	-2	29	49.85	49.85	49.85
juego3	easy	-60.0	0.008	705	400	362	360	-2	29	49.8	49.8	49.8
juego3	easy	-60.0	0.008	713	400	362	360	-2	29	49.79	49.79	49.79
juego3	easy	-60.0	0.008	722	400	362	360	-2	29	49.8	49.8	49.8
juego3	easy	-60.0	0.008	731	400	362	360	-2	29	49.81	49.81	49.81
juego3	easy	-60.0	0.008	740	400	362	360	-2	29	49.81	49.81	49.81
juego3	easy	-60.0	0.008	749	400	362	360	-2	29	49.81	49.81	49.81
juego3	easy	-60.0	0.008	758	400	362	360	-2	29	49.79	49.79	49.79
juego3	easy	-60.0	0.008	767	400	362	360	-2	29	49.78	49.78	49.78
juego3	easy	-60.0	0.008	776	400	362	360	-2	29	49.77	49.77	49.77
juego3	easy	-60.0	0.008	784	400	362	360	-2	29	49.76	49.76	49.76
juego3	easy	-60.0	0.008	793	400	362	360	-2	29	49.77	49.77	49.77
juego3	easy	-60.0	0.008	801	400	362	360	-2	29	49.77	49.77	49.77
juego3	easy	-60.0	0.008	809	400	362	360	-2	29	49.76	49.76	49.76
juego3	easy	-60.0	0.008	818	400	362	360	-2	29	49.74	49.74	49.74
juego3	easy	-60.0	0.008	826	400	362	360	-2	29	49.74	49.74	49.74
juego3	easy	-60.0	0.008	835	400	362	361	-1	29	49.73	49.73	49.73
juego3	easy	-60.0	0.008	843	400	362	360	-2	29	49.74	49.74	49.74
juego3	easy	-60.0	0.008	851	400	362	360	-2	29	49.75	49.75	49.75
juego3	easy	-60.0	0.008	859	400	362	360	-2	29	49.76	49.76	49.76
juego3	easy	-60.0	0.008	868	400	362	360	-2	29	49.77	49.77	49.77
juego3	easy	-60.0	0.008	877	400	362	360	-2	29	49.76	49.76	49.76
juego3	easy	-60.0	0.008	886	400	362	360	-2	29	49.76	49.76	49.76
juego3	easy	-60.0	0.008	896	400	362	360	-2	29	49.75	49.75	49.75
juego3	easy	-60.0	0.008	904	400	362	360	-2	29	49.75	49.75	49.75
juego3	easy	-60.0	0.008	913	400	362	360	-2	29	49.75	49.75	49.75
juego3	easy	-60.0	0.008	923	400	362	360	-2	29	49.75	49.75	49.75
juego3	easy	-60.0	0.008	931	400	362	360	-2	29	49.74	49.74	49.74
juego3	easy	-60.0	0.008	940	400	362	360	-2	29	49.74	49.74	49.74
juego3	easy	-60.0	0.008	948	400	362	361	-1	29	49.72	49.72	49.72
juego3	easy	-60.0	0.008	955	400	362	361	-1	29	49.72	49.72	49.72
juego3	easy	-60.0	0.008	964	400	362	361	-1	29	49.7	49.7	49.7
juego3	easy	-60.0	0.008	971	400	362	361	-1	29	49.69	49.69	49.69
juego3	easy	-60.0	0.008	980	400	362	361	-1	29	49.65	49.65	49.65
juego3	easy	-60.0	0.008	989	400	362	361	-1	29	49.57	49.57	49.57
juego3	easy	-60.0	0.008	998	400	362	361	-1	29	49.54	49.54	49.54
juego3	easy	-60.0	0.008	1006	400	362	361	-1	29	49.5	49.5	49.5
juego3	easy	-60.0	0.008	1014	400	362	361	-1	29	49.52	49.52	49.52
juego3	easy	-60.0	0.008	1023	400	362	361	-1	29	49.56	49.56	49.56
juego3	easy	-60.0	0.008	1032	400	362	361	-1	29	49.58	49.58	49.58
juego3	easy	-60.0	0.008	1041	400	362	361	-1	29	49.56	49.56	49.56
juego3	easy	-60.0	0.008	1049	400	362	361	-1	29	49.5	49.5	49.5
juego3	easy	-60.0	0.008	1058	400	362	362	0	29	49.46	49.46	49.46
juego3	easy	-60.0	0.008	1067	400	362	362	0	29	49.46	49.46	49.46
juego3	easy	-60.0	0.008	1075	400	362	361	-1	29	49.48	49.48	49.48
juego3	easy	-60.0	0.008	1084	400	362	361	-1	29	49.51	49.51	49.51
juego3	easy	-60.0	0.008	1094	400	362	361	-1	29	49.52	49.52	49.52
juego3	easy	-60.0	0.008	1102	400	362	361	-1	29	49.52	49.52	49.52
juego3	easy	-60.0	0.008	1110	400	362	361	-1	29	49.5	49.5	49.5
juego3	easy	-60.0	0.008	1119	400	362	362	0	29	49.47	49.47	49.47
juego3	easy	-60.0	0.008	1126	400	362	362	0	29	49.46	49.46	49.46
juego3	easy	-60.0	0.008	1135	400	362	362	0	29	49.46	49.46	49.46
juego3	easy	-60.0	0.008	1144	400	362	362	0	29	49.47	49.47	49.47
juego3	easy	-60.0	0.008	1153	400	362	361	-1	29	49.48	49.48	49.48
juego3	easy	-60.0	0.008	1161	400	362	362	0	29	49.47	49.47	49.47
juego3	easy	-60.0	0.008	1170	400	362	362	0	29	49.46	49.46	49.46
juego3	easy	-60.0	0.008	1179	400	362	362	0	29	49.44	49.44	49.44
juego3	easy	-60.0	0.008	1187	400	362	362	0	29	49.44	49.44	49.44
juego3	easy	-60.0	0.008	1196	400	362	362	0	29	49.45	49.45	49.45
juego3	easy	-60.0	0.008	1205	400	362	362	0	29	49.46	49.46	49.46
juego3	easy	-60.0	0.008	1215	400	362	362	0	29	49.47	49.47	49.47
juego3	easy	-60.0	0.008	1224	400	362	361	-1	29	49.49	49.49	49.49
juego3	easy	-60.0	0.008	1233	400	362	361	-1	29	49.49	49.49	49.49
juego3	easy	-60.0	0.008	1242	400	362	361	-1	29	49.5	49.5	49.5
juego3	easy	-60.0	0.008	1249	400	362	361	-1	29	49.52	49.52	49.52
juego3	easy	-60.0	0.008	1258	400	362	361	-1	29	49.53	49.53	49.53
juego3	easy	-60.0	0.008	1267	400	362	361	-1	29	49.54	49.54	49.54
juego3	easy	-60.0	0.008	1275	400	362	361	-1	29	49.56	49.56	49.56
juego3	easy	-60.0	0.008	1284	400	362	361	-1	29	49.55	49.55	49.55
juego3	easy	-60.0	0.008	1294	400	362	361	-1	29	49.53	49.53	49.53
juego3	easy	-60.0	0.008	1302	400	362	361	-1	29	49.52	49.52	49.52
juego3	easy	-60.0	0.008	1311	400	362	361	-1	29	49.51	49.51	49.51
juego3	easy	-60.0	0.008	1321	400	362	361	-1	29	49.51	49.51	49.51
juego3	easy	-60.0	0.008	1329	400	362	361	-1	29	49.51	49.51	49.51
juego3	easy	-60.0	0.008	1338	400	362	361	-1	29	49.51	49.51	49.51
juego3	easy	-60.0	0.008	1347	400	362	361	-1	29	49.51	49.51	49.51
juego3	easy	-60.0	0.008	1356	400	362	361	-1	29	49.5	49.5	49.5
juego3	easy	-60.0	0.008	1364	400	362	361	-1	29	49.5	49.5	49.5
juego3	easy	-60.0	0.008	1372	400	362	361	-1	29	49.5	49.5	49.5
juego3	easy	-60.0	0.008	1380	400	362	361	-1	29	49.5	49.5	49.5
juego3	easy	-60.0	0.008	1389	400	362	361	-1	29	49.48	49.48	49.48
juego3	easy	-60.0	0.008	1399	400	362	361	-1	29	49.48	49.48	49.48
juego3	easy	-60.0	0.008	1407	400	362	361	-1	29	49.48	49.48	49.48
juego3	easy	-60.0	0.008	1416	400	362	362	0	29	49.47	49.47	49.47
juego3	easy	-60.0	0.008	1424	400	362	362	0	29	49.46	49.46	49.46
juego3	easy	-60.0	0.008	1434	400	362	362	0	29	49.46	49.46	49.46
juego3	easy	-60.0	0.008	1442	400	362	362	0	29	49.46	49.46	49.46
juego3	easy	-60.0	0.008	1451	400	362	362	0	29	49.46	49.46	49.46
juego3	easy	-60.0	0.008	1460	400	362	362	0	29	49.47	49.47	49.47
juego3	easy	-60.0	0.008	1469	400	362	362	0	29	49.47	49.47	49.47
juego3	easy	-60.0	0.008	1478	400	362	362	0	29	49.46	49.46	49.46
juego3	easy	-60.0	0.008	1487	400	362	362	0	29	49.45	49.45	49.45
juego3	easy	-60.0	0.008	1496	400	362	362	0	29	49.45	49.45	49.45
juego3	easy	-60.0	0.008	1504	400	362	362	0	29	49.45	49.45	49.45
juego3	easy	-60.0	0.008	1513	400	362	362	0	29	49.45	49.45	49.45
juego3	easy	-60.0	0.008	1522	400	362	362	0	29	49.45	49.45	49.45
juego3	easy	-60.0	0.008	1531	400	362	362	0	29	49.44	49.44	49.44
juego3	easy	-60.0	0.008	1539	400	362	362	0	29	49.42	49.42	49.42
juego3	easy	-60.0	0.008	1548	400	362	362	0	29	49.42	49.42	49.42
juego3	easy	-60.0	0.008	1557	400	362	362	0	29	49.41	49.41	49.41
juego3	easy	-60.0	0.008	1566	400	362	362	0	29	49.41	49.41	49.41
juego3	easy	-60.0	0.008	1574	400	362	362	0	29	49.41	49.41	49.41
juego3	easy	-60.0	0.008	1583	400	362	362	0	29	49.41	49.41	49.41
juego3	easy	-60.0	0.008	1592	400	362	362	0	29	49.4	49.4	49.4
juego3	easy	-60.0	0.008	1600	400	362	362	0	29	49.4	49.4	49.4
juego3	easy	-60.0	0.008	1609	400	362	362	0	29	49.4	49.4	49.4
juego3	easy	-60.0	0.008	1618	400	362	362	0	29	49.41	49.41	49.41
juego3	easy	-60.0	0.008	1627	400	362	362	0	29	49.43	49.43	49.43
juego3	easy	-60.0	0.008	1636	400	362	362	0	29	49.44	49.44	49.44
juego3	easy	-60.0	0.008	1645	400	362	362	0	29	49.44	49.44	49.44
juego3	easy	-60.0	0.008	1653	400	362	362	0	29	49.44	49.44	49.44
juego3	easy	-60.0	0.008	1662	400	362	362	0	29	49.45	49.45	49.45
juego3	easy	-60.0	0.008	1671	400	362	362	0	29	49.46	49.46	49.46
juego3	easy	-60.0	0.008	1679	400	362	362	0	29	49.47	49.47	49.47
juego3	easy	-60.0	0.008	1689	400	362	362	0	29	49.47	49.47	49.47
juego3	easy	-60.0	0.008	1697	400	362	361	-1	29	49.48	49.48	49.48
juego3	easy	-60.0	0.008	1706	400	362	361	-1	29	49.48	49.48	49.48
juego3	easy	-60.0	0.008	1714	400	362	361	-1	29	49.48	49.48	49.48
juego3	easy	-60.0	0.008	1723	400	362	361	-1	29	49.49	49.49	49.49
juego3	easy	-60.0	0.008	1732	400	362	361	-1	29	49.49	49.49	49.49
juego3	easy	-60.0	0.008	1741	400	362	361	-1	29	49.5	49.5	49.5
juego3	easy	-60.0	0.008	1750	400	362	361	-1	29	49.5	49.5	49.5
juego3	easy	-60.0	0.008	1759	400	362	361	-1	29	49.5	49.5	49.5
juego3	easy	-60.0	0.008	1768	400	362	361	-1	29	49.5	49.5	49.5
juego3	easy	-60.0	0.008	1776	400	362	361	-1	29	49.51	49.51	49.51
juego3	easy	-60.0	0.008	1785	400	362	361	-1	29	49.53	49.53	49.53
juego3	easy	-60.0	0.008	1793	400	362	361	-1	29	49.56	49.56	49.56
juego3	easy	-60.0	0.008	1801	400	362	361	-1	29	49.58	49.58	49.58
juego3	easy	-60.0	0.008	1810	400	362	361	-1	29	49.6	49.6	49.6
juego3	easy	-60.0	0.008	1820	400	362	361	-1	29	49.61	49.61	49.61
juego3	easy	-60.0	0.008	1829	400	362	361	-1	29	49.61	49.61	49.61
juego3	easy	-60.0	0.008	1837	400	362	361	-1	29	49.62	49.62	49.62
juego3	easy	-60.0	0.008	1846	400	362	361	-1	29	49.65	49.65	49.65
juego3	easy	-60.0	0.008	1855	400	362	361	-1	29	49.69	49.69	49.69
juego3	easy	-60.0	0.008	1863	400	362	361	-1	29	49.71	49.71	49.71
juego3	easy	-60.0	0.008	1872	400	362	360	-2	29	49.74	49.74	49.74
juego3	easy	-60.0	0.008	1880	400	362	360	-2	29	49.77	49.77	49.77
juego3	easy	-60.0	0.008	1890	400	362	360	-2	29	49.78	49.78	49.78
juego3	easy	-60.0	0.008	1898	400	362	360	-2	29	49.82	49.82	49.82
juego3	easy	-60.0	0.008	1906	400	362	360	-2	29	49.87	49.87	49.87
juego3	easy	-60.0	0.008	1915	400	362	360	-2	29	49.91	49.91	49.91
juego3	easy	-60.0	0.008	1924	400	362	360	-2	29	49.92	49.92	49.92
juego3	easy	-60.0	0.008	1933	400	362	360	-2	29	49.94	49.94	49.94
juego3	easy	-60.0	0.008	1942	400	362	360	-2	29	49.94	49.94	49.94
juego3	easy	-60.0	0.008	1951	400	362	360	-2	29	49.96	49.96	49.96
juego3	easy	-60.0	0.008	1959	400	362	360	-2	29	49.96	49.96	49.96
juego3	easy	-60.0	0.008	1968	400	362	360	-2	29	49.98	49.98	49.98
juego3	easy	-60.0	0.008	1976	400	362	360	-2	29	49.98	49.98	49.98
juego3	easy	-60.0	0.008	1985	400	362	359	-3	29	49.99	49.99	49.99
juego3	easy	-60.0	0.008	1994	400	362	359	-3	29	49.99	49.99	49.99
juego3	easy	-60.0	0.008	0	400	362	359	-3	30	49.99	49.99	49.99
juego3	easy	0.0	0.008	9	400	231	359	128	30	50.01	50.01	50.01
juego3	easy	0.0	0.008	18	400	231	359	128	30	50.01	50.01	50.01
juego3	easy	0.0	0.008	26	400	231	359	128	30	50.02	50.02	50.02
juego3	easy	0.0	0.008	35	400	231	359	128	30	50.04	50.04	50.04
juego3	easy	0.0	0.008	44	400	231	359	128	30	50.05	50.05	50.05
juego3	easy	0.0	0.008	54	400	231	359	128	30	50.07	50.07	50.07
juego3	easy	0.0	0.008	62	400	231	359	128	30	50.09	50.09	50.09
juego3	easy	0.0	0.008	70	400	231	359	128	30	50.12	50.12	50.12
juego3	easy	0.0	0.008	79	400	231	359	128	30	50.15	50.15	50.15
juego3	easy	0.0	0.008	87	400	231	359	128	30	50.15	50.15	50.15
juego3	easy	0.0	0.008	95	400	231	359	128	30	50.16	50.16	50.16
juego3	easy	0.0	0.008	104	400	231	359	128	30	50.17	50.17	50.17
juego3	easy	0.0	0.008	112	400	231	359	128	30	50.18	50.18	50.18
juego3	easy	0.0	0.008	121	400	231	359	128	30	50.2	50.2	50.2
juego3	easy	0.0	0.008	130	400	231	359	128	30	50.22	50.22	50.22
juego3	easy	0.0	0.008	139	400	231	359	128	30	50.24	50.24	50.24
juego3	easy	0.0	0.008	148	400	231	359	128	30	50.24	50.24	50.24
juego3	easy	0.0	0.008	158	400	231	358	127	30	50.26	50.26	50.26
juego3	easy	0.0	0.008	167	400	231	358	127	30	50.25	50.25	50.25
juego3	easy	0.0	0.008	175	400	231	358	127	30	50.25	50.25	50.25
juego3	easy	0.0	0.008	182	400	231	358	127	30	50.26	50.26	50.26
juego3	easy	0.0	0.008	191	400	231	358	127	30	50.25	50.25	50.25
juego3	easy	0.0	0.008	199	400	231	358	127	30	50.25	50.25	50.25
juego3	easy	0.0	0.008	207	400	231	358	127	30	50.26	50.26	50.26
juego3	easy	0.0	0.008	216	400	231	358	127	30	50.27	50.27	50.27
juego3	easy	0.0	0.008	224	400	231	358	127	30	50.29	50.29	50.29
juego3	easy	0.0	0.008	233	400	231	358	127	30	50.3	50.3	50.3
juego3	easy	0.0	0.008	242	400	231	358	127	30	50.3	50.3	50.3
juego3	easy	0.0	0.008	251	400	231	358	127	30	50.31	50.31	50.31
juego3	easy	0.0	0.008	261	400	231	358	127	30	50.34	50.34	50.34
juego3	easy	0.0	0.008	269	400	231	358	127	30	50.41	50.41	50.41
juego3	easy	0.0	0.008	278	400	231	358	127	30	50.46	50.46	50.46
juego3	easy	0.0	0.008	288	400	231	357	126	30	50.67	50.67	50.67
juego3	easy	0.0	0.008	296	400	231	356	125	30	51.01	51.01	51.01
juego3	easy	0.0	0.008	304	400	231	355	124	30	51.27	51.27	51.27
juego3	easy	0.0	0.008	313	400	231	351	120	30	52.13	52.13	52.13
juego3	easy	0.0	0.008	321	400	231	346	115	30	53.33	53.33	53.33
juego3	easy	0.0	0.008	330	400	231	341	110	30	54.81	54.81	54.81
juego3	easy	0.0	0.008	339	400	231	337	106	30	55.65	55.65	55.65
juego3	easy	0.0	0.008	347	400	231	334	103	30	56.51	56.51	56.51
juego3	easy	0.0	0.008	356	400	231	323	92	30	59.27	59.27	59.27
juego3	easy	0.0	0.008	365	400	231	316	85	30	61.19	61.19	61.19
juego3	easy	0.0	0.008	374	400	231	312	81	30	62.18	62.18	62.18
juego3	easy	0.0	0.008	383	400	231	304	73	30	64.15	64.15	64.15
juego3	easy	0.0	0.008	391	400	231	297	66	30	66.22	66.22	66.22
juego3	easy	0.0	0.008	400	400	231	289	58	30	68.32	68.32	68.32
juego3	easy	0.0	0.008	409	400	231	285	54	30	69.33	69.33	69.33
juego3	easy	0.0	0.008	418	400	231	278	47	30	71.21	71.21	71.21
juego3	easy	0.0	0.008	427	400	231	275	44	30	71.98	71.98	71.98
juego3	easy	0.0	0.008	436	400	231	269	38	30	73.51	73.51	73.51
juego3	easy	0.0	0.008	445	400	231	266	35	30	74.18	74.18	74.18
juego3	easy	0.0	0.008	454	400	231	265	34	30	74.45	74.45	74.45
juego3	easy	0.0	0.008	462	400	231	263	32	30	75.0	75.0	75.0
juego3	easy	0.0	0.008	470	400	231	261	30	30	75.65	75.65	75.65
juego3	easy	0.0	0.008	478	400	231	259	28	30	75.98	75.98	75.98
juego3	easy	0.0	0.008	487	400	231	257	26	30	76.6	76.6	76.6
juego3	easy	0.0	0.008	496	400	231	255	24	30	77.04	77.04	77.04
juego3	easy	0.0	0.008	505	400	231	254	23	30	77.3	77.3	77.3
juego3	easy	0.0	0.008	514	400	231	254	23	30	77.42	77.42	77.42
juego3	easy	0.0	0.008	523	400	231	253	22	30	77.47	77.47	77.47
juego3	easy	0.0	0.008	532	400	231	253	22	30	77.57	77.57	77.57
juego3	easy	0.0	0.008	540	400	231	253	22	30	77.71	77.71	77.71
juego3	easy	0.0	0.008	548	400	231	252	21	30	77.8	77.8	77.8
juego3	easy	0.0	0.008	557	400	231	251	20	30	77.99	77.99	77.99
juego3	easy	0.0	0.008	565	400	231	251	20	30	78.2	78.2	78.2
juego3	easy	0.0	0.008	573	400	231	250	19	30	78.32	78.32	78.32
juego3	easy	0.0	0.008	583	400	231	249	18	30	78.56	78.56	78.56
juego3	easy	0.0	0.008	592	400	231	248	17	30	78.83	78.83	78.83
juego3	easy	0.0	0.008	601	400	231	247	16	30	79.12	79.12	79.12
juego3	easy	0.0	0.008	610	400	231	246	15	30	79.45	79.45	79.45
juego3	easy	0.0	0.008	618	400	231	245	14	30	79.63	79.63	79.63
juego3	easy	0.0	0.008	627	400	231	243	12	30	80.07	80.07	80.07
juego3	easy	0.0	0.008	636	400	231	241	10	30	80.59	80.59	80.59
juego3	easy	0.0	0.008	644	400	231	240	9	30	80.89	80.89	80.89
juego3	easy	0.0	0.008	653	400	231	238	7	30	81.45	81.45	81.45
juego3	easy	0.0	0.008	661	400	231	236	5	30	81.98	81.98	81.98
juego3	easy	0.0	0.008	671	400	231	234	3	30	82.41	82.41	82.41
juego3	easy	0.0	0.008	679	400	231	234	3	30	82.59	82.59	82.59
juego3	easy	0.0	0.008	687	400	231	232	1	30	82.9	82.9	82.9
juego3	easy	0.0	0.008	696	400	231	231	0	30	83.13	83.13	83.13
juego3	easy	0.0	0.008	705	400	231	231	0	30	83.24	83.24	83.24
juego3	easy	0.0	0.008	715	400	231	230	-1	30	83.43	83.43	83.43
juego3	easy	0.0	0.008	721	400	231	229	-2	30	83.72	83.72	83.72
juego3	easy	0.0	0.008	730	400	231	228	-3	30	83.96	83.96	83.96
juego3	easy	0.0	0.008	739	400	231	228	-3	30	84.09	84.09	84.09
juego3	easy	0.0	0.008	747	400	231	227	-4	30	84.35	84.35	84.35
juego3	easy	0.0	0.008	756	400	231	226	-5	30	84.56	84.56	84.56
juego3	easy	0.0	0.008	764	400	231	225	-6	30	84.66	84.66	84.66
juego3	easy	0.0	0.008	773	400	231	225	-6	30	84.82	84.82	84.82
juego3	easy	0.0	0.008	781	400	231	224	-7	30	84.93	84.93	84.93
juego3	easy	0.0	0.008	790	400	231	224	-7	30	84.97	84.97	84.97
juego3	easy	0.0	0.008	799	400	231	224	-7	30	85.04	85.04	85.04
juego3	easy	0.0	0.008	808	400	231	224	-7	30	85.11	85.11	85.11
juego3	easy	0.0	0.008	817	400	231	223	-8	30	85.2	85.2	85.2
juego3	easy	0.0	0.008	825	400	231	223	-8	30	85.26	85.26	85.26
juego3	easy	0.0	0.008	834	400	231	223	-8	30	85.27	85.27	85.27
juego3	easy	0.0	0.008	843	400	231	223	-8	30	85.29	85.29	85.29
juego3	easy	0.0	0.008	852	400	231	223	-8	30	85.33	85.33	85.33
juego3	easy	0.0	0.008	860	400	231	223	-8	30	85.35	85.35	85.35
juego3	easy	0.0	0.008	869	400	231	223	-8	30	85.35	85.35	85.35
juego3	easy	0.0	0.008	878	400	231	223	-8	30	85.33	85.33	85.33
juego3	easy	0.0	0.008	886	400	231	223	-8	30	85.28	85.28	85.28
juego3	easy	0.0	0.008	895	400	231	223	-8	30	85.27	85.27	85.27
juego3	easy	0.0	0.008	903	400	231	223	-8	30	85.25	85.25	85.25
juego3	easy	0.0	0.008	911	400	231	223	-8	30	85.25	85.25	85.25
juego3	easy	0.0	0.008	919	400	231	223	-8	30	85.26	85.26	85.26
juego3	easy	0.0	0.008	927	400	231	223	-8	30	85.28	85.28	85.28
juego3	easy	0.0	0.008	936	400	231	223	-8	30	85.3	85.3	85.3
juego3	easy	0.0	0.008	944	400	231	223	-8	30	85.3	85.3	85.3
juego3	easy	0.0	0.008	954	400	231	223	-8	30	85.31	85.31	85.31
juego3	easy	0.0	0.008	962	400	231	223	-8	30	85.33	85.33	85.33
juego3	easy	0.0	0.008	971	400	231	223	-8	30	85.34	85.34	85.34
juego3	easy	0.0	0.008	980	400	231	223	-8	30	85.35	85.35	85.35
juego3	easy	0.0	0.008	989	400	231	223	-8	30	85.36	85.36	85.36
juego3	easy	0.0	0.008	998	400	231	223	-8	30	85.39	85.39	85.39
juego3	easy	0.0	0.008	1007	400	231	223	-8	30	85.39	85.39	85.39
juego3	easy	0.0	0.008	1015	400	231	223	-8	30	85.4	85.4	85.4
juego3	easy	0.0	0.008	1023	400	231	223	-8	30	85.4	85.4	85.4
juego3	easy	0.0	0.008	1032	400	231	222	-9	30	85.45	85.45	85.45
juego3	easy	0.0	0.008	1041	400	231	222	-9	30	85.53	85.53	85.53
juego3	easy	0.0	0.008	1051	400	231	222	-9	30	85.63	85.63	85.63
juego3	easy	0.0	0.008	1058	400	231	221	-10	30	85.69	85.69	85.69
juego3	easy	0.0	0.008	1067	400	231	221	-10	30	85.78	85.78	85.78
juego3	easy	0.0	0.008	1077	400	231	221	-10	30	85.84	85.84	85.84
juego3	easy	0.0	0.008	1086	400	231	221	-10	30	85.89	85.89	85.89
juego3	easy	0.0	0.008	1094	400	231	221	-10	30	85.92	85.92	85.92
juego3	easy	0.0	0.008	1102	400	231	220	-11	30	85.96	85.96	85.96
juego3	easy	0.0	0.008	1111	400	231	220	-11	30	85.98	85.98	85.98
juego3	easy	0.0	0.008	1118	400	231	220	-11	30	86.01	86.01	86.01
juego3	easy	0.0	0.008	1127	400	231	220	-11	30	86.05	86.05	86.05
juego3	easy	0.0	0.008	1135	400	231	220	-11	30	86.07	86.07	86.07
juego3	easy	0.0	0.008	1143	400	231	220	-11	30	86.13	86.13	86.13
juego3	easy	0.0	0.008	1152	400	231	219	-12	30	86.2	86.2	86.2
juego3	easy	0.0	0.008	1162	400	231	219	-12	30	86.25	86.25	86.25
juego3	easy	0.0	0.008	1170	400	231	219	-12	30	86.26	86.26	86.26
juego3	easy	0.0	0.008	1179	400	231	219	-12	30	86.3	86.3	86.3
juego3	easy	0.0	0.008	1188	400	231	219	-12	30	86.36	86.36	86.36
juego3	easy	0.0	0.008	1196	400	231	219	-12	30	86.41	86.41	86.41
juego3	easy	0.0	0.008	1205	400	231	219	-12	30	86.43	86.43	86.43
juego3	easy	0.0	0.008	1213	400	231	218	-13	30	86.48	86.48	86.48
juego3	easy	0.0	0.008	1220	400	231	218	-13	30	86.5	86.5	86.5
juego3	easy	0.0	0.008	1229	400	231	218	-13	30	86.53	86.53	86.53
juego3	easy	0.0	0.008	1238	400	231	218	-13	30	86.54	86.54	86.54
juego3	easy	0.0	0.008	1247	400	231	218	-13	30	86.54	86.54	86.54
juego3	easy	0.0	0.008	1256	400	231	218	-13	30	86.53	86.53	86.53
juego3	easy	0.0	0.008	1264	400	231	218	-13	30	86.52	86.52	86.52
juego3	easy	0.0	0.008	1272	400	231	218	-13	30	86.5	86.5	86.5
juego3	easy	0.0	0.008	1281	400	231	218	-13	30	86.48	86.48	86.48
juego3	easy	0.0	0.008	1289	400	231	218	-13	30	86.48	86.48	86.48
juego3	easy	0.0	0.008	1298	400	231	218	-13	30	86.5	86.5	86.5
juego3	easy	0.0	0.008	1308	400	231	218	-13	30	86.53	86.53	86.53
juego3	easy	0.0	0.008	1316	400	231	218	-13	30	86.56	86.56	86.56
juego3	easy	0.0	0.008	1326	400	231	218	-13	30	86.63	86.63	86.63
juego3	easy	0.0	0.008	1334	400	231	218	-13	30	86.69	86.69	86.69
juego3	easy	0.0	0.008	1343	400	231	217	-14	30	86.75	86.75	86.75
juego3	easy	0.0	0.008	1352	400	231	217	-14	30	86.8	86.8	86.8
juego3	easy	0.0	0.008	1361	400	231	217	-14	30	86.82	86.82	86.82
juego3	easy	0.0	0.008	1370	400	231	217	-14	30	86.85	86.85	86.85
juego3	easy	0.0	0.008	1378	400	231	217	-14	30	86.86	86.86	86.86
juego3	easy	0.0	0.008	1387	400	231	217	-14	30	86.87	86.87	86.87
juego3	easy	0.0	0.008	1396	400	231	217	-14	30	86.89	86.89	86.89
juego3	easy	0.0	0.008	1405	400	231	217	-14	30	86.96	86.96	86.96
juego3	easy	0.0	0.008	1413	400	231	216	-15	30	87.04	87.04	87.04
juego3	easy	0.0	0.008	1422	400	231	216	-15	30	87.13	87.13	87.13
juego3	easy	0.0	0.008	1430	400	231	216	-15	30	87.16	87.16	87.16
juego3	easy	0.0	0.008	1438	400	231	216	-15	30	87.16	87.16	87.16
juego3	easy	0.0	0.008	1447	400	231	216	-15	30	87.16	87.16	87.16
juego3	easy	0.0	0.008	1456	400	231	216	-15	30	87.16	87.16	87.16
juego3	easy	0.0	0.008	1465	400	231	216	-15	30	87.16	87.16	87.16
juego3	easy	0.0	0.008	1472	400	231	216	-15	30	87.18	87.18	87.18
juego3	easy	0.0	0.008	1481	400	231	216	-15	30	87.19	87.19	87.19
juego3	easy	0.0	0.008	1490	400	231	216	-15	30	87.21	87.21	87.21
juego3	easy	0.0	0.008	1500	400	231	215	-16	30	87.24	87.24	87.24
juego3	easy	0.0	0.008	1508	400	231	215	-16	30	87.25	87.25	87.25
juego3	easy	0.0	0.008	1516	400	231	215	-16	30	87.27	87.27	87.27
juego3	easy	0.0	0.008	1526	400	231	215	-16	30	87.33	87.33	87.33
juego3	easy	0.0	0.008	1535	400	231	215	-16	30	87.43	87.43	87.43
juego3	easy	0.0	0.008	1543	400	231	214	-17	30	87.56	87.56	87.56
juego3	easy	0.0	0.008	1552	400	231	214	-17	30	87.61	87.61	87.61
juego3	easy	0.0	0.008	1560	400	231	214	-17	30	87.68	87.68	87.68
juego3	easy	0.0	0.008	1568	400	231	214	-17	30	87.72	87.72	87.72
juego3	easy	0.0	0.008	1577	400	231	214	-17	30	87.72	87.72	87.72
juego3	easy	0.0	0.008	1586	400	231	214	-17	30	87.71	87.71	87.71
juego3	easy	0.0	0.008	1595	400	231	214	-17	30	87.7	87.7	87.7
juego3	easy	0.0	0.008	1603	400	231	214	-17	30	87.72	87.72	87.72
juego3	easy	0.0	0.008	1612	400	231	213	-18	30	87.75	87.75	87.75
juego3	easy	0.0	0.008	1620	400	231	213	-18	30	87.83	87.83	87.83
juego3	easy	0.0	0.008	1629	400	231	213	-18	30	87.96	87.96	87.96
juego3	easy	0.0	0.008	1638	400	231	212	-19	30	88.03	88.03	88.03
juego3	easy	0.0	0.008	1645	400	231	212	-19	30	88.18	88.18	88.18
juego3	easy	0.0	0.008	1655	400	231	211	-20	30	88.38	88.38	88.38
juego3	easy	0.0	0.008	1663	400	231	210	-21	30	88.59	88.59	88.59
juego3	easy	0.0	0.008	1676	400	231	209	-22	30	88.81	88.81	88.81
juego3	easy	0.0	0.008	1681	400	231	209	-22	30	88.92	88.92	88.92
juego3	easy	0.0	0.008	1690	400	231	208	-23	30	89.1	89.1	89.1
juego3	easy	0.0	0.008	1699	400	231	208	-23	30	89.25	89.25	89.25
juego3	easy	0.0	0.008	1707	400	231	207	-24	30	89.3	89.3	89.3
juego3	easy	0.0	0.008	1716	400	231	207	-24	30	89.4	89.4	89.4
juego3	easy	0.0	0.008	1725	400	231	207	-24	30	89.45	89.45	89.45
juego3	easy	0.0	0.008	1734	400	231	207	-24	30	89.45	89.45	89.45
juego3	easy	0.0	0.008	1743	400	231	207	-24	30	89.47	89.47	89.47
juego3	easy	0.0	0.008	1752	400	231	207	-24	30	89.5	89.5	89.5
juego3	easy	0.0	0.008	1761	400	231	206	-25	30	89.57	89.57	89.57
juego3	easy	0.0	0.008	1771	400	231	206	-25	30	89.66	89.66	89.66
juego3	easy	0.0	0.008	1780	400	231	206	-25	30	89.74	89.74	89.74
juego3	easy	0.0	0.008	1790	400	231	206	-25	30	89.77	89.77	89.77
juego3	easy	0.0	0.008	1798	400	231	206	-25	30	89.73	89.73	89.73
juego3	easy	0.0	0.008	1807	400	231	206	-25	30	89.73	89.73	89.73
juego3	easy	0.0	0.008	1816	400	231	206	-25	30	89.58	89.58	89.58
juego3	easy	0.0	0.008	1825	400	231	207	-24	30	89.45	89.45	89.45
juego3	easy	0.0	0.008	1834	400	231	207	-24	30	89.32	89.32	89.32
juego3	easy	0.0	0.008	1843	400	231	208	-23	30	89.24	89.24	89.24
juego3	easy	0.0	0.008	1852	400	231	208	-23	30	89.2	89.2	89.2
juego3	easy	0.0	0.008	1862	400	231	208	-23	30	89.14	89.14	89.14
juego3	easy	0.0	0.008	1870	400	231	208	-23	30	89.1	89.1	89.1
juego3	easy	0.0	0.008	1879	400	231	208	-23	30	89.1	89.1	89.1
juego3	easy	0.0	0.008	1888	400	231	208	-23	30	89.12	89.12	89.12
juego3	easy	0.0	0.008	1896	400	231	208	-23	30	89.15	89.15	89.15
juego3	easy	0.0	0.008	1905	400	231	208	-23	30	89.19	89.19	89.19
juego3	easy	0.0	0.008	1914	400	231	208	-23	30	89.25	89.25	89.25
juego3	easy	0.0	0.008	1923	400	231	208	-23	30	89.27	89.27	89.27
juego3	easy	0.0	0.008	1932	400	231	207	-24	30	89.3	89.3	89.3
juego3	easy	0.0	0.008	1942	400	231	208	-23	30	89.26	89.26	89.26
juego3	easy	0.0	0.008	1950	400	231	208	-23	30	89.14	89.14	89.14
juego3	easy	0.0	0.008	1964	400	231	208	-23	30	89.08	89.08	89.08
juego3	easy	0.0	0.008	1967	400	231	208	-23	30	89.07	89.07	89.07
juego3	easy	0.0	0.008	1976	400	231	208	-23	30	89.12	89.12	89.12
juego3	easy	0.0	0.008	1984	400	231	208	-23	30	89.21	89.21	89.21
juego3	easy	0.0	0.008	1993	400	231	208	-23	30	89.26	89.26	89.26
juego3	easy	0.0	0.008	0	400	231	207	-24	31	89.38	89.38	89.38
juego3	easy	-60.0	0.008	9	400	362	207	-155	31	89.49	89.49	89.49
juego3	easy	-60.0	0.008	19	400	362	206	-156	31	89.61	89.61	89.61
juego3	easy	-60.0	0.008	26	400	362	206	-156	31	89.68	89.68	89.68
juego3	easy	-60.0	0.008	33	400	362	205	-157	31	89.8	89.8	89.8
juego3	easy	-60.0	0.008	42	400	362	205	-157	31	89.95	89.95	89.95
juego3	easy	-60.0	0.008	51	400	362	205	-157	31	90.01	90.01	90.01
juego3	easy	-60.0	0.008	61	400	362	204	-158	31	90.13	90.13	90.13
juego3	easy	-60.0	0.008	70	400	362	204	-158	31	90.23	90.23	90.23
juego3	easy	-60.0	0.008	78	400	362	204	-158	31	90.25	90.25	90.25
juego3	easy	-60.0	0.008	87	400	362	204	-158	31	90.27	90.27	90.27
juego3	easy	-60.0	0.008	96	400	362	203	-159	31	90.31	90.31	90.31
juego3	easy	-60.0	0.008	103	400	362	203	-159	31	90.4	90.4	90.4
juego3	easy	-60.0	0.008	112	400	362	203	-159	31	90.53	90.53	90.53
juego3	easy	-60.0	0.008	120	400	362	202	-160	31	90.61	90.61	90.61
juego3	easy	-60.0	0.008	129	400	362	202	-160	31	90.7	90.7	90.7
juego3	easy	-60.0	0.008	139	400	362	202	-160	31	90.68	90.68	90.68
juego3	easy	-60.0	0.008	147	400	362	202	-160	31	90.56	90.56	90.56
juego3	easy	-60.0	0.008	156	400	362	203	-159	31	90.47	90.47	90.47
juego3	easy	-60.0	0.008	165	400	362	204	-158	31	90.25	90.25	90.25
juego3	easy	-60.0	0.008	174	400	362	205	-157	31	89.99	89.99	89.99
juego3	easy	-60.0	0.008	182	400	362	206	-156	31	89.77	89.77	89.77
juego3	easy	-60.0	0.008	189	400	362	206	-156	31	89.68	89.68	89.68
juego3	easy	-60.0	0.008	199	400	362	206	-156	31	89.61	89.61	89.61
juego3	easy	-60.0	0.008	208	400	362	206	-156	31	89.62	89.62	89.62
juego3	easy	-60.0	0.008	215	400	362	206	-156	31	89.64	89.64	89.64
juego3	easy	-60.0	0.008	224	400	362	205	-157	31	89.81	89.81	89.81
juego3	easy	-60.0	0.008	233	400	362	205	-157	31	90.0	90.0	90.0
juego3	easy	-60.0	0.008	239	400	362	204	-158	31	90.1	90.1	90.1
juego3	easy	-60.0	0.008	248	400	362	204	-158	31	90.27	90.27	90.27
juego3	easy	-60.0	0.008	258	400	362	203	-159	31	90.41	90.41	90.41
juego3	easy	-60.0	0.008	267	400	362	203	-159	31	90.47	90.47	90.47
juego3	easy	-60.0	0.008	275	400	362	202	-160	31	90.57	90.57	90.57
juego3	easy	-60.0	0.008	284	400	362	202	-160	31	90.57	90.57	90.57
juego3	easy	-60.0	0.008	293	400	362	203	-159	31	90.5	90.5	90.5
juego3	easy	-60.0	0.008	303	400	362	203	-159	31	90.37	90.37	90.37
juego3	easy	-60.0	0.008	311	400	362	203	-159	31	90.31	90.31	90.31
juego3	easy	-60.0	0.008	320	400	362	204	-158	31	90.28	90.28	90.28
juego3	easy	-60.0	0.008	328	400	362	203	-159	31	90.42	90.42	90.42
juego3	easy	-60.0	0.008	336	400	362	202	-160	31	90.56	90.56	90.56
juego3	easy	-60.0	0.008	344	400	362	201	-161	31	90.88	90.88	90.88
juego3	easy	-60.0	0.008	353	400	362	200	-162	31	91.17	91.17	91.17
juego3	easy	-60.0	0.008	361	400	362	200	-162	31	91.28	91.28	91.28
juego3	easy	-60.0	0.008	371	400	362	199	-163	31	91.44	91.44	91.44
juego3	easy	-60.0	0.008	380	400	362	199	-163	31	91.54	91.54	91.54
juego3	easy	-60.0	0.008	389	400	362	198	-164	31	91.65	91.65	91.65
juego3	easy	-60.0	0.008	397	400	362	198	-164	31	91.8	91.8	91.8
juego3	easy	-60.0	0.008	406	400	362	197	-165	31	91.88	91.88	91.88
juego3	easy	-60.0	0.008	415	400	362	197	-165	31	92.04	92.04	92.04
juego3	easy	-60.0	0.008	424	400	362	196	-166	31	92.14	92.14	92.14
juego3	easy	-60.0	0.008	432	400	362	196	-166	31	92.2	92.2	92.2
juego3	easy	-60.0	0.008	440	400	362	196	-166	31	92.22	92.22	92.22
juego3	easy	-60.0	0.008	449	400	362	196	-166	31	92.27	92.27	92.27
juego3	easy	-60.0	0.008	458	400	362	196	-166	31	92.29	92.29	92.29
juego3	easy	-60.0	0.008	467	400	362	196	-166	31	92.25	92.25	92.25
juego3	easy	-60.0	0.008	476	400	362	196	-166	31	92.21	92.21	92.21
juego3	easy	-60.0	0.008	485	400	362	197	-165	31	92.09	92.09	92.09
juego3	easy	-60.0	0.008	494	400	362	197	-165	31	91.91	91.91	91.91
juego3	easy	-60.0	0.008	503	400	362	198	-164	31	91.64	91.64	91.64
juego3	easy	-60.0	0.008	511	400	362	199	-163	31	91.46	91.46	91.46
juego3	easy	-60.0	0.008	519	400	362	200	-162	31	91.09	91.09	91.09
juego3	easy	-60.0	0.008	528	400	362	202	-160	31	90.76	90.76	90.76
juego3	easy	-60.0	0.008	536	400	362	202	-160	31	90.65	90.65	90.65
juego3	easy	-60.0	0.008	546	400	362	203	-159	31	90.52	90.52	90.52
juego3	easy	-60.0	0.008	554	400	362	203	-159	31	90.47	90.47	90.47
juego3	easy	-60.0	0.008	563	400	362	203	-159	31	90.5	90.5	90.5
juego3	easy	-60.0	0.008	571	400	362	202	-160	31	90.56	90.56	90.56
juego3	easy	-60.0	0.008	580	400	362	202	-160	31	90.62	90.62	90.62
juego3	easy	-60.0	0.008	588	400	362	202	-160	31	90.64	90.64	90.64
juego3	easy	-60.0	0.008	599	400	362	202	-160	31	90.64	90.64	90.64
juego3	easy	-60.0	0.008	606	400	362	202	-160	31	90.63	90.63	90.63
juego3	easy	-60.0	0.008	616	400	362	202	-160	31	90.64	90.64	90.64
juego3	easy	-60.0	0.008	625	400	362	202	-160	31	90.65	90.65	90.65
juego3	easy	-60.0	0.008	633	400	362	202	-160	31	90.69	90.69	90.69
juego3	easy	-60.0	0.008	642	400	362	202	-160	31	90.72	90.72	90.72
juego3	easy	-60.0	0.008	651	400	362	202	-160	31	90.8	90.8	90.8
juego3	easy	-60.0	0.008	659	400	362	201	-161	31	90.87	90.87	90.87
juego3	easy	-60.0	0.008	667	400	362	201	-161	31	90.9	90.9	90.9
juego3	easy	-60.0	0.008	677	400	362	201	-161	31	90.91	90.91	90.91
juego3	easy	-60.0	0.008	686	400	362	201	-161	31	90.89	90.89	90.89
juego3	easy	-60.0	0.008	709	400	362	201	-161	31	90.88	90.88	90.88
juego3	easy	-60.0	0.008	710	400	362	202	-160	31	90.77	90.77	90.77
juego3	easy	-60.0	0.008	719	400	362	202	-160	31	90.59	90.59	90.59
juego3	easy	-60.0	0.008	727	400	362	203	-159	31	90.46	90.46	90.46
juego3	easy	-60.0	0.008	736	400	362	204	-158	31	90.19	90.19	90.19
juego3	easy	-60.0	0.008	745	400	362	205	-157	31	89.96	89.96	89.96
juego3	easy	-60.0	0.008	754	400	362	205	-157	31	89.85	89.85	89.85
juego3	easy	-60.0	0.008	763	400	362	205	-157	31	89.81	89.81	89.81
juego3	easy	-60.0	0.008	772	400	362	205	-157	31	89.79	89.79	89.79
juego3	easy	-60.0	0.008	781	400	362	206	-156	31	89.77	89.77	89.77
juego3	easy	-60.0	0.008	790	400	362	206	-156	31	89.69	89.69	89.69
juego3	easy	-60.0	0.008	800	400	362	206	-156	31	89.59	89.59	89.59
juego3	easy	-60.0	0.008	807	400	362	206	-156	31	89.55	89.55	89.55
juego3	easy	-60.0	0.008	816	400	362	207	-155	31	89.46	89.46	89.46
juego3	easy	-60.0	0.008	824	400	362	207	-155	31	89.37	89.37	89.37
juego3	easy	-60.0	0.008	833	400	362	207	-155	31	89.3	89.3	89.3
juego3	easy	-60.0	0.008	842	400	362	207	-155	31	89.28	89.28	89.28
juego3	easy	-60.0	0.008	851	400	362	207	-155	31	89.28	89.28	89.28
juego3	easy	-60.0	0.008	860	400	362	207	-155	31	89.34	89.34	89.34
juego3	easy	-60.0	0.008	869	400	362	207	-155	31	89.45	89.45	89.45
juego3	easy	-60.0	0.008	878	400	362	206	-156	31	89.6	89.6	89.6
juego3	easy	-60.0	0.008	887	400	362	206	-156	31	89.67	89.67	89.67
juego3	easy	-60.0	0.008	896	400	362	205	-157	31	89.8	89.8	89.8
juego3	easy	-60.0	0.008	905	400	362	205	-157	31	89.93	89.93	89.93
juego3	easy	-60.0	0.008	913	400	362	204	-158	31	90.05	90.05	90.05
juego3	easy	-60.0	0.008	922	400	362	204	-158	31	90.12	90.12	90.12
juego3	easy	-60.0	0.008	931	400	362	204	-158	31	90.27	90.27	90.27
juego3	easy	-60.0	0.008	940	400	362	203	-159	31	90.41	90.41	90.41
juego3	easy	-60.0	0.008	949	400	362	203	-159	31	90.51	90.51	90.51
juego3	easy	-60.0	0.008	959	400	362	202	-160	31	90.56	90.56	90.56
juego3	easy	-60.0	0.008	968	400	362	202	-160	31	90.56	90.56	90.56
juego3	easy	-60.0	0.008	976	400	362	203	-159	31	90.55	90.55	90.55
juego3	easy	-60.0	0.008	986	400	362	203	-159	31	90.46	90.46	90.46
juego3	easy	-60.0	0.008	995	400	362	204	-158	31	90.3	90.3	90.3
juego3	easy	-60.0	0.008	1005	400	362	204	-158	31	90.1	90.1	90.1
juego3	easy	-60.0	0.008	1011	400	362	205	-157	31	90.03	90.03	90.03
juego3	easy	-60.0	0.008	1020	400	362	205	-157	31	89.89	89.89	89.89
juego3	easy	-60.0	0.008	1029	400	362	206	-156	31	89.77	89.77	89.77
juego3	easy	-60.0	0.008	1039	400	362	206	-156	31	89.71	89.71	89.71
juego3	easy	-60.0	0.008	1048	400	362	206	-156	31	89.68	89.68	89.68
juego3	easy	-60.0	0.008	1056	400	362	206	-156	31	89.58	89.58	89.58
juego3	easy	-60.0	0.008	1065	400	362	207	-155	31	89.41	89.41	89.41
juego3	easy	-60.0	0.008	1074	400	362	208	-154	31	89.21	89.21	89.21
juego3	easy	-60.0	0.008	1084	400	362	208	-154	31	89.12	89.12	89.12
juego3	easy	-60.0	0.008	1091	400	362	209	-153	31	89.0	89.0	89.0
juego3	easy	-60.0	0.008	1100	400	362	209	-153	31	89.0	89.0	89.0
juego3	easy	-60.0	0.008	1109	400	362	208	-154	31	89.05	89.05	89.05
juego3	easy	-60.0	0.008	1118	400	362	208	-154	31	89.06	89.06	89.06
juego3	easy	-60.0	0.008	1128	400	362	208	-154	31	89.06	89.06	89.06
juego3	easy	-60.0	0.008	1137	400	362	208	-154	31	89.05	89.05	89.05
juego3	easy	-60.0	0.008	1146	400	362	208	-154	31	89.03	89.03	89.03
juego3	easy	-60.0	0.008	1156	400	362	208	-154	31	89.03	89.03	89.03
juego3	easy	-60.0	0.008	1163	400	362	208	-154	31	89.03	89.03	89.03
juego3	easy	-60.0	0.008	1178	400	362	208	-154	31	89.04	89.04	89.04
juego3	easy	-60.0	0.008	1181	400	362	208	-154	31	89.04	89.04	89.04
juego3	easy	-60.0	0.008	1188	400	362	208	-154	31	89.03	89.03	89.03
juego3	easy	-60.0	0.008	1198	400	362	209	-153	31	89.0	89.0	89.0
juego3	easy	-60.0	0.008	1207	400	362	209	-153	31	88.96	88.96	88.96
juego3	easy	-60.0	0.008	1215	400	362	209	-153	31	88.94	88.94	88.94
juego3	easy	-60.0	0.008	1223	400	362	209	-153	31	88.93	88.93	88.93
juego3	easy	-60.0	0.008	1232	400	362	209	-153	31	88.92	88.92	88.92
juego3	easy	-60.0	0.008	1241	400	362	209	-153	31	88.92	88.92	88.92
juego3	easy	-60.0	0.008	1251	400	362	209	-153	31	88.91	88.91	88.91
juego3	easy	-60.0	0.008	1260	400	362	209	-153	31	88.89	88.89	88.89
juego3	easy	-60.0	0.008	1268	400	362	209	-153	31	88.87	88.87	88.87
juego3	easy	-60.0	0.008	1277	400	362	209	-153	31	88.83	88.83	88.83
juego3	easy	-60.0	0.008	1286	400	362	209	-153	31	88.78	88.78	88.78
juego3	easy	-60.0	0.008	1295	400	362	210	-152	31	88.75	88.75	88.75
juego3	easy	-60.0	0.008	1304	400	362	210	-152	31	88.74	88.74	88.74
juego3	easy	-60.0	0.008	1313	400	362	210	-152	31	88.74	88.74	88.74
juego3	easy	-60.0	0.008	1322	400	362	210	-152	31	88.74	88.74	88.74
juego3	easy	-60.0	0.008	1330	400	362	210	-152	31	88.74	88.74	88.74
juego3	easy	-60.0	0.008	1339	400	362	210	-152	31	88.76	88.76	88.76
juego3	easy	-60.0	0.008	1348	400	362	209	-153	31	88.77	88.77	88.77
juego3	easy	-60.0	0.008	1357	400	362	209	-153	31	88.8	88.8	88.8
juego3	easy	-60.0	0.008	1367	400	362	209	-153	31	88.82	88.82	88.82
juego3	easy	-60.0	0.008	1375	400	362	209	-153	31	88.82	88.82	88.82
juego3	easy	-60.0	0.008	1383	400	362	209	-153	31	88.81	88.81	88.81
juego3	easy	-60.0	0.008	1392	400	362	210	-152	31	88.76	88.76	88.76
juego3	easy	-60.0	0.008	1400	400	362	210	-152	31	88.71	88.71	88.71
juego3	easy	-60.0	0.008	1409	400	362	210	-152	31	88.67	88.67	88.67
juego3	easy	-60.0	0.008	1418	400	362	210	-152	31	88.61	88.61	88.61
juego3	easy	-60.0	0.008	1428	400	362	210	-152	31	88.59	88.59	88.59
juego3	easy	-60.0	0.008	1437	400	362	210	-152	31	88.59	88.59	88.59
juego3	easy	-60.0	0.008	1446	400	362	210	-152	31	88.61	88.61	88.61
juego3	easy	-60.0	0.008	1454	400	362	210	-152	31	88.61	88.61	88.61
juego3	easy	-60.0	0.008	1463	400	362	210	-152	31	88.6	88.6	88.6
juego3	easy	-60.0	0.008	1472	400	362	210	-152	31	88.56	88.56	88.56
juego3	easy	-60.0	0.008	1481	400	362	211	-151	31	88.5	88.5	88.5
juego3	easy	-60.0	0.008	1489	400	362	211	-151	31	88.47	88.47	88.47
juego3	easy	-60.0	0.008	1498	400	362	211	-151	31	88.41	88.41	88.41
juego3	easy	-60.0	0.008	1507	400	362	211	-151	31	88.38	88.38	88.38
juego3	easy	-60.0	0.008	1516	400	362	211	-151	31	88.37	88.37	88.37
juego3	easy	-60.0	0.008	1522	400	362	211	-151	31	88.38	88.38	88.38
juego3	easy	-60.0	0.008	1531	400	362	211	-151	31	88.39	88.39	88.39
juego3	easy	-60.0	0.008	1540	400	362	211	-151	31	88.4	88.4	88.4
juego3	easy	-60.0	0.008	1548	400	362	211	-151	31	88.45	88.45	88.45
juego3	easy	-60.0	0.008	1558	400	362	210	-152	31	88.51	88.51	88.51
juego3	easy	-60.0	0.008	1566	400	362	210	-152	31	88.58	88.58	88.58
juego3	easy	-60.0	0.008	1576	400	362	210	-152	31	88.65	88.65	88.65
juego3	easy	-60.0	0.008	1584	400	362	210	-152	31	88.68	88.68	88.68
juego3	easy	-60.0	0.008	1592	400	362	210	-152	31	88.73	88.73	88.73
juego3	easy	-60.0	0.008	1602	400	362	209	-153	31	88.81	88.81	88.81
juego3	easy	-60.0	0.008	1610	400	362	209	-153	31	88.91	88.91	88.91
juego3	easy	-60.0	0.008	1618	400	362	209	-153	31	88.98	88.98	88.98
juego3	easy	-60.0	0.008	1626	400	362	208	-154	31	89.11	89.11	89.11
juego3	easy	-60.0	0.008	1634	400	362	208	-154	31	89.2	89.2	89.2
juego3	easy	-60.0	0.008	1643	400	362	207	-155	31	89.4	89.4	89.4
juego3	easy	-60.0	0.008	1652	400	362	206	-156	31	89.6	89.6	89.6
juego3	easy	-60.0	0.008	1662	400	362	206	-156	31	89.78	89.78	89.78
juego3	easy	-60.0	0.008	1670	400	362	205	-157	31	89.97	89.97	89.97
juego3	easy	-60.0	0.008	1680	400	362	204	-158	31	90.16	90.16	90.16
juego3	easy	-60.0	0.008	1688	400	362	204	-158	31	90.27	90.27	90.27
juego3	easy	-60.0	0.008	1697	400	362	203	-159	31	90.48	90.48	90.48
juego3	easy	-60.0	0.008	1705	400	362	202	-160	31	90.57	90.57	90.57
juego3	easy	-60.0	0.008	1714	400	362	202	-160	31	90.71	90.71	90.71
juego3	easy	-60.0	0.008	1723	400	362	202	-160	31	90.78	90.78	90.78
juego3	easy	-60.0	0.008	1731	400	362	201	-161	31	90.85	90.85	90.85
juego3	easy	-60.0	0.008	1739	400	362	201	-161	31	90.9	90.9	90.9
juego3	easy	-60.0	0.008	1748	400	362	201	-161	31	91.02	91.02	91.02
juego3	easy	-60.0	0.008	1757	400	362	200	-162	31	91.2	91.2	91.2
juego3	easy	-60.0	0.008	1766	400	362	199	-163	31	91.43	91.43	91.43
juego3	easy	-60.0	0.008	1774	400	362	199	-163	31	91.56	91.56	91.56
juego3	easy	-60.0	0.008	1783	400	362	198	-164	31	91.8	91.8	91.8
juego3	easy	-60.0	0.008	1792	400	362	197	-165	31	92.07	92.07	92.07
juego3	easy	-60.0	0.008	1801	400	362	196	-166	31	92.28	92.28	92.28
juego3	easy	-60.0	0.008	1809	400	362	195	-167	31	92.38	92.38	92.38
juego3	easy	-60.0	0.008	1817	400	362	195	-167	31	92.56	92.56	92.56
juego3	easy	-60.0	0.008	1825	400	362	194	-168	31	92.63	92.63	92.63
juego3	easy	-60.0	0.008	1834	400	362	194	-168	31	92.76	92.76	92.76
juego3	easy	-60.0	0.008	1843	400	362	194	-168	31	92.84	92.84	92.84
juego3	easy	-60.0	0.008	1852	400	362	193	-169	31	92.88	92.88	92.88
juego3	easy	-60.0	0.008	1862	400	362	193	-169	31	92.88	92.88	92.88
juego3	easy	-60.0	0.008	1870	400	362	193	-169	31	92.89	92.89	92.89
juego3	easy	-60.0	0.008	1878	400	362	193	-169	31	92.93	92.93	92.93
juego3	easy	-60.0	0.008	1887	400	362	193	-169	31	92.97	92.97	92.97
juego3	easy	-60.0	0.008	1896	400	362	193	-169	31	92.99	92.99	92.99
juego3	easy	-60.0	0.008	1905	400	362	193	-169	31	93.0	93.0	93.0
juego3	easy	-60.0	0.008	1914	400	362	193	-169	31	92.99	92.99	92.99
juego3	easy	-60.0	0.008	1922	400	362	193	-169	31	92.97	92.97	92.97
juego3	easy	-60.0	0.008	1932	400	362	193	-169	31	92.94	92.94	92.94
juego3	easy	-60.0	0.008	1940	400	362	193	-169	31	92.92	92.92	92.92
juego3	easy	-60.0	0.008	1949	400	362	193	-169	31	92.88	92.88	92.88
juego3	easy	-60.0	0.008	1958	400	362	194	-168	31	92.84	92.84	92.84
juego3	easy	-60.0	0.008	1966	400	362	194	-168	31	92.81	92.81	92.81
juego3	easy	-60.0	0.008	1974	400	362	194	-168	31	92.79	92.79	92.79
juego3	easy	-60.0	0.008	1983	400	362	194	-168	31	92.78	92.78	92.78
juego3	easy	-60.0	0.008	1991	400	362	194	-168	31	92.79	92.79	92.79
juego3	easy	-60.0	0.008	0	400	362	194	-168	32	92.8	92.8	92.8
juego3	easy	0.0	0.008	7	400	231	194	-37	32	92.79	92.79	92.79
juego3	easy	0.0	0.008	15	400	231	194	-37	32	92.77	92.77	92.77
juego3	easy	0.0	0.008	27	400	231	194	-37	32	92.76	92.76	92.76
juego3	easy	0.0	0.008	31	400	231	194	-37	32	92.75	92.75	92.75
juego3	easy	0.0	0.008	40	400	231	194	-37	32	92.76	92.76	92.76
juego3	easy	0.0	0.008	50	400	231	194	-37	32	92.76	92.76	92.76
juego3	easy	0.0	0.008	59	400	231	194	-37	32	92.76	92.76	92.76
juego3	easy	0.0	0.008	67	400	231	194	-37	32	92.75	92.75	92.75
juego3	easy	0.0	0.008	76	400	231	194	-37	32	92.72	92.72	92.72
juego3	easy	0.0	0.008	85	400	231	194	-37	32	92.69	92.69	92.69
juego3	easy	0.0	0.008	94	400	231	194	-37	32	92.64	92.64	92.64
juego3	easy	0.0	0.008	103	400	231	194	-37	32	92.62	92.62	92.62
juego3	easy	0.0	0.008	111	400	231	195	-36	32	92.6	92.6	92.6
juego3	easy	0.0	0.008	120	400	231	195	-36	32	92.57	92.57	92.57
juego3	easy	0.0	0.008	129	400	231	195	-36	32	92.58	92.58	92.58
juego3	easy	0.0	0.008	138	400	231	195	-36	32	92.58	92.58	92.58
juego3	easy	0.0	0.008	147	400	231	195	-36	32	92.6	92.6	92.6
juego3	easy	0.0	0.008	156	400	231	195	-36	32	92.6	92.6	92.6
juego3	easy	0.0	0.008	165	400	231	195	-36	32	92.61	92.61	92.61
juego3	easy	0.0	0.008	174	400	231	195	-36	32	92.61	92.61	92.61
juego3	easy	0.0	0.008	183	400	231	195	-36	32	92.61	92.61	92.61
juego3	easy	0.0	0.008	191	400	231	195	-36	32	92.61	92.61	92.61
juego3	easy	0.0	0.008	200	400	231	195	-36	32	92.58	92.58	92.58
juego3	easy	0.0	0.008	210	400	231	195	-36	32	92.54	92.54	92.54
juego3	easy	0.0	0.008	218	400	231	195	-36	32	92.52	92.52	92.52
juego3	easy	0.0	0.008	227	400	231	195	-36	32	92.46	92.46	92.46
juego3	easy	0.0	0.008	235	400	231	195	-36	32	92.43	92.43	92.43
juego3	easy	0.0	0.008	244	400	231	195	-36	32	92.43	92.43	92.43
juego3	easy	0.0	0.008	254	400	231	195	-36	32	92.47	92.47	92.47
juego3	easy	0.0	0.008	263	400	231	195	-36	32	92.54	92.54	92.54
juego3	easy	0.0	0.008	271	400	231	195	-36	32	92.61	92.61	92.61
juego3	easy	0.0	0.008	280	400	231	194	-37	32	92.66	92.66	92.66
juego3	easy	0.0	0.008	289	400	231	194	-37	32	92.66	92.66	92.66
juego3	easy	0.0	0.008	298	400	231	194	-37	32	92.63	92.63	92.63
juego3	easy	0.0	0.008	307	400	231	195	-36	32	92.61	92.61	92.61
juego3	easy	0.0	0.008	316	400	231	194	-37	32	92.63	92.63	92.63
juego3	easy	0.0	0.008	326	400	231	194	-37	32	92.69	92.69	92.69
juego3	easy	0.0	0.008	334	400	231	194	-37	32	92.73	92.73	92.73
juego3	easy	0.0	0.008	342	400	231	194	-37	32	92.81	92.81	92.81
juego3	easy	0.0	0.008	351	400	231	194	-37	32	92.86	92.86	92.86
juego3	easy	0.0	0.008	358	400	231	194	-37	32	92.86	92.86	92.86
juego3	easy	0.0	0.008	367	400	231	194	-37	32	92.81	92.81	92.81
juego3	easy	0.0	0.008	388	400	231	194	-37	32	92.7	92.7	92.7
juego3	easy	0.0	0.008	391	400	231	194	-37	32	92.63	92.63	92.63
juego3	easy	0.0	0.008	400	400	231	195	-36	32	92.58	92.58	92.58
juego3	easy	0.0	0.008	409	400	231	195	-36	32	92.57	92.57	92.57
juego3	easy	0.0	0.008	419	400	231	195	-36	32	92.58	92.58	92.58
juego3	easy	0.0	0.008	427	400	231	194	-37	32	92.63	92.63	92.63
juego3	easy	0.0	0.008	436	400	231	194	-37	32	92.69	92.69	92.69
juego3	easy	0.0	0.008	445	400	231	194	-37	32	92.75	92.75	92.75
juego3	easy	0.0	0.008	454	400	231	194	-37	32	92.76	92.76	92.76
juego3	easy	0.0	0.008	463	400	231	194	-37	32	92.79	92.79	92.79
juego3	easy	0.0	0.008	472	400	231	194	-37	32	92.8	92.8	92.8
juego3	easy	0.0	0.008	480	400	231	194	-37	32	92.86	92.86	92.86
juego3	easy	0.0	0.008	492	400	231	193	-38	32	92.9	92.9	92.9
juego3	easy	0.0	0.008	498	400	231	193	-38	32	92.98	92.98	92.98
juego3	easy	0.0	0.008	506	400	231	193	-38	32	93.06	93.06	93.06
juego3	easy	0.0	0.008	514	400	231	193	-38	32	93.07	93.07	93.07
juego3	easy	0.0	0.008	523	400	231	193	-38	32	93.06	93.06	93.06
juego3	easy	0.0	0.008	531	400	231	193	-38	32	92.99	92.99	92.99
juego3	easy	0.0	0.008	540	400	231	193	-38	32	92.9	92.9	92.9
juego3	easy	0.0	0.008	549	400	231	193	-38	32	92.87	92.87	92.87
juego3	easy	0.0	0.008	558	400	231	194	-37	32	92.81	92.81	92.81
juego3	easy	0.0	0.008	566	400	231	194	-37	32	92.82	92.82	92.82
juego3	easy	0.0	0.008	574	400	231	194	-37	32	92.83	92.83	92.83
juego3	easy	0.0	0.008	583	400	231	194	-37	32	92.86	92.86	92.86
juego3	easy	0.0	0.008	591	400	231	194	-37	32	92.83	92.83	92.83
juego3	easy	0.0	0.008	601	400	231	194	-37	32	92.78	92.78	92.78
juego3	easy	0.0	0.008	609	400	231	194	-37	32	92.74	92.74	92.74
juego3	easy	0.0	0.008	619	400	231	194	-37	32	92.68	92.68	92.68
juego3	easy	0.0	0.008	627	400	231	194	-37	32	92.66	92.66	92.66
juego3	easy	0.0	0.008	635	400	231	194	-37	32	92.71	92.71	92.71
juego3	easy	0.0	0.008	644	400	231	194	-37	32	92.75	92.75	92.75
juego3	easy	0.0	0.008	652	400	231	194	-37	32	92.85	92.85	92.85
juego3	easy	0.0	0.008	662	400	231	193	-38	32	92.93	92.93	92.93
juego3	easy	0.0	0.008	670	400	231	193	-38	32	92.93	92.93	92.93
juego3	easy	0.0	0.008	679	400	231	193	-38	32	92.92	92.92	92.92
juego3	easy	0.0	0.008	687	400	231	194	-37	32	92.85	92.85	92.85
juego3	easy	0.0	0.008	695	400	231	194	-37	32	92.83	92.83	92.83
juego3	easy	0.0	0.008	705	400	231	194	-37	32	92.8	92.8	92.8
juego3	easy	0.0	0.008	713	400	231	194	-37	32	92.85	92.85	92.85
juego3	easy	0.0	0.008	723	400	231	193	-38	32	92.9	92.9	92.9
juego3	easy	0.0	0.008	731	400	231	193	-38	32	92.95	92.95	92.95
juego3	easy	0.0	0.008	739	400	231	193	-38	32	92.97	92.97	92.97
juego3	easy	0.0	0.008	747	400	231	193	-38	32	92.96	92.96	92.96
juego3	easy	0.0	0.008	757	400	231	193	-38	32	92.93	92.93	92.93
juego3	easy	0.0	0.008	763	400	231	193	-38	32	92.91	92.91	92.91
juego3	easy	0.0	0.008	773	400	231	194	-37	32	92.86	92.86	92.86
juego3	easy	0.0	0.008	782	400	231	194	-37	32	92.85	92.85	92.85
juego3	easy	0.0	0.008	789	400	231	194	-37	32	92.85	92.85	92.85
juego3	easy	0.0	0.008	797	400	231	193	-38	32	92.9	92.9	92.9
juego3	easy	0.0	0.008	807	400	231	193	-38	32	92.95	92.95	92.95
juego3	easy	0.0	0.008	815	400	231	193	-38	32	92.98	92.98	92.98
juego3	easy	0.0	0.008	823	400	231	193	-38	32	93.06	93.06	93.06
juego3	easy	0.0	0.008	832	400	231	193	-38	32	93.1	93.1	93.1
juego3	easy	0.0	0.008	842	400	231	193	-38	32	93.1	93.1	93.1
juego3	easy	0.0	0.008	850	400	231	193	-38	32	93.09	93.09	93.09
juego3	easy	0.0	0.008	858	400	231	193	-38	32	93.02	93.02	93.02
juego3	easy	0.0	0.008	867	400	231	193	-38	32	92.96	92.96	92.96
juego3	easy	0.0	0.008	875	400	231	193	-38	32	92.94	92.94	92.94
juego3	easy	0.0	0.008	884	400	231	193	-38	32	92.96	92.96	92.96
juego3	easy	0.0	0.008	892	400	231	193	-38	32	92.99	92.99	92.99
juego3	easy	0.0	0.008	900	400	231	193	-38	32	93.02	93.02	93.02
juego3	easy	0.0	0.008	909	400	231	193	-38	32	93.07	93.07	93.07
juego3	easy	0.0	0.008	917	400	231	193	-38	32	93.06	93.06	93.06
juego3	easy	0.0	0.008	926	400	231	193	-38	32	93.06	93.06	93.06
juego3	easy	0.0	0.008	934	400	231	193	-38	32	93.07	93.07	93.07
juego3	easy	0.0	0.008	943	400	231	193	-38	32	93.09	93.09	93.09
juego3	easy	0.0	0.008	951	400	231	192	-39	32	93.15	93.15	93.15
juego3	easy	0.0	0.008	961	400	231	192	-39	32	93.19	93.19	93.19
juego3	easy	0.0	0.008	969	400	231	192	-39	32	93.31	93.31	93.31
juego3	easy	0.0	0.008	979	400	231	191	-40	32	93.5	93.5	93.5
juego3	easy	0.0	0.008	988	400	231	190	-41	32	93.75	93.75	93.75
juego3	easy	0.0	0.008	996	400	231	189	-42	32	93.93	93.93	93.93
juego3	easy	0.0	0.008	1004	400	231	187	-44	32	94.44	94.44	94.44
juego3	easy	0.0	0.008	1013	400	231	185	-46	32	95.07	95.07	95.07
juego3	easy	0.0	0.008	1021	400	231	182	-49	32	95.79	95.79	95.79
juego3	easy	0.0	0.008	1030	400	231	181	-50	32	96.17	96.17	96.17
juego3	easy	0.0	0.008	1040	400	231	177	-54	32	97.08	97.08	97.08
juego3	easy	0.0	0.008	1048	400	231	173	-58	32	98.24	98.24	98.24
juego3	easy	0.0	0.008	1056	400	231	167	-64	32	99.63	99.63	99.63
juego3	easy	0.0	0.008	1065	400	231	164	-67	32	100.41	100.41	100.41
juego3	easy	0.0	0.008	1074	400	231	158	-73	32	101.97	101.97	101.97
juego3	easy	0.0	0.008	1082	400	231	152	-79	32	103.56	103.56	103.56
juego3	easy	0.0	0.008	1092	400	231	146	-85	32	105.08	105.08	105.08
juego3	easy	0.0	0.008	1100	400	231	143	-88	32	105.81	105.81	105.81
juego3	easy	0.0	0.008	1108	400	231	140	-91	32	106.56	106.56	106.56
juego3	easy	0.0	0.008	1117	400	231	135	-96	32	108.0	108.0	108.0
juego3	easy	0.0	0.008	1128	400	231	126	-105	32	110.09	110.09	110.09
juego3	easy	0.0	0.008	1135	400	231	124	-107	32	110.72	110.72	110.72
juego3	easy	0.0	0.008	1143	400	231	120	-111	32	111.78	111.78	111.78
juego3	easy	0.0	0.008	1151	400	231	118	-113	32	112.19	112.19	112.19
juego3	easy	0.0	0.008	1161	400	231	116	-115	32	112.83	112.83	112.83
juego3	easy	0.0	0.008	1169	400	231	114	-117	32	113.18	113.18	113.18
juego3	easy	0.0	0.008	1178	400	231	114	-117	32	113.27	113.27	113.27
juego3	easy	0.0	0.008	1186	400	231	114	-117	32	113.26	113.26	113.26
juego3	easy	0.0	0.008	1194	400	231	114	-117	32	113.19	113.19	113.19
juego3	easy	0.0	0.008	1203	400	231	115	-116	32	113.1	113.1	113.1
juego3	easy	0.0	0.008	1213	400	231	115	-116	32	113.0	113.0	113.0
juego3	easy	0.0	0.008	1221	400	231	115	-116	32	112.95	112.95	112.95
juego3	easy	0.0	0.008	1229	400	231	116	-115	32	112.82	112.82	112.82
juego3	easy	0.0	0.008	1237	400	231	116	-115	32	112.68	112.68	112.68
juego3	easy	0.0	0.008	1244	400	231	117	-114	32	112.58	112.58	112.58
juego3	easy	0.0	0.008	1253	400	231	118	-113	32	112.31	112.31	112.31
juego3	easy	0.0	0.008	1263	400	231	119	-112	32	111.94	111.94	111.94
juego3	easy	0.0	0.008	1272	400	231	121	-110	32	111.51	111.51	111.51
juego3	easy	0.0	0.008	1280	400	231	122	-109	32	111.28	111.28	111.28
juego3	easy	0.0	0.008	1289	400	231	124	-107	32	110.84	110.84	110.84
juego3	easy	0.0	0.008	1298	400	231	125	-106	32	110.44	110.44	110.44
juego3	easy	0.0	0.008	1307	400	231	126	-105	32	110.1	110.1	110.1
juego3	easy	0.0	0.008	1315	400	231	127	-104	32	109.98	109.98	109.98
juego3	easy	0.0	0.008	1323	400	231	127	-104	32	109.82	109.82	109.82
juego3	easy	0.0	0.008	1331	400	231	128	-103	32	109.78	109.78	109.78
juego3	easy	0.0	0.008	1340	400	231	128	-103	32	109.74	109.74	109.74
juego3	easy	0.0	0.008	1349	400	231	128	-103	32	109.72	109.72	109.72
juego3	easy	0.0	0.008	1358	400	231	128	-103	32	109.72	109.72	109.72
juego3	easy	0.0	0.008	1365	400	231	128	-103	32	109.71	109.71	109.71
juego3	easy	0.0	0.008	1374	400	231	128	-103	32	109.68	109.68	109.68
juego3	easy	0.0	0.008	1383	400	231	128	-103	32	109.6	109.6	109.6
juego3	easy	0.0	0.008	1392	400	231	128	-103	32	109.56	109.56	109.56
juego3	easy	0.0	0.008	1401	400	231	129	-102	32	109.46	109.46	109.46
juego3	easy	0.0	0.008	1410	400	231	129	-102	32	109.37	109.37	109.37
juego3	easy	0.0	0.008	1419	400	231	129	-102	32	109.31	109.31	109.31
juego3	easy	0.0	0.008	1427	400	231	130	-101	32	109.28	109.28	109.28
juego3	easy	0.0	0.008	1436	400	231	130	-101	32	109.22	109.22	109.22
juego3	easy	0.0	0.008	1444	400	231	130	-101	32	109.15	109.15	109.15
juego3	easy	0.0	0.008	1453	400	231	130	-101	32	109.07	109.07	109.07
juego3	easy	0.0	0.008	1463	400	231	131	-100	32	108.99	108.99	108.99
juego3	easy	0.0	0.008	1471	400	231	131	-100	32	108.96	108.96	108.96
juego3	easy	0.0	0.008	1480	400	231	131	-100	32	108.92	108.92	108.92
juego3	easy	0.0	0.008	1489	400	231	131	-100	32	108.89	108.89	108.89
juego3	easy	0.0	0.008	1497	400	231	131	-100	32	108.87	108.87	108.87
juego3	easy	0.0	0.008	1505	400	231	131	-100	32	108.87	108.87	108.87
juego3	easy	0.0	0.008	1513	400	231	131	-100	32	108.88	108.88	108.88
juego3	easy	0.0	0.008	1522	400	231	131	-100	32	108.88	108.88	108.88
juego3	easy	0.0	0.008	1531	400	231	131	-100	32	108.88	108.88	108.88
juego3	easy	0.0	0.008	1541	400	231	131	-100	32	108.87	108.87	108.87
juego3	easy	0.0	0.008	1549	400	231	131	-100	32	108.83	108.83	108.83
juego3	easy	0.0	0.008	1557	400	231	131	-100	32	108.79	108.79	108.79
juego3	easy	0.0	0.008	1567	400	231	132	-99	32	108.65	108.65	108.65
juego3	easy	0.0	0.008	1575	400	231	133	-98	32	108.42	108.42	108.42
juego3	easy	0.0	0.008	1584	400	231	134	-97	32	108.18	108.18	108.18
juego3	easy	0.0	0.008	1592	400	231	134	-97	32	108.02	108.02	108.02
juego3	easy	0.0	0.008	1601	400	231	136	-95	32	107.56	107.56	107.56
juego3	easy	0.0	0.008	1610	400	231	139	-92	32	106.85	106.85	106.85
juego3	easy	0.0	0.008	1620	400	231	143	-88	32	105.89	105.89	105.89
juego3	easy	0.0	0.008	1628	400	231	146	-85	32	104.95	104.95	104.95
juego3	easy	0.0	0.008	1637	400	231	148	-83	32	104.53	104.53	104.53
juego3	easy	0.0	0.008	1647	400	231	151	-80	32	103.76	103.76	103.76
juego3	easy	0.0	0.008	1655	400	231	154	-77	32	103.05	103.05	103.05
juego3	easy	0.0	0.008	1664	400	231	156	-75	32	102.41	102.41	102.41
juego3	easy	0.0	0.008	1671	400	231	156	-75	32	102.41	102.41	102.41
juego3	easy	0.0	0.008	1680	400	231	160	-71	32	101.36	101.36	101.36
juego3	easy	0.0	0.008	1689	400	231	163	-68	32	100.66	100.66	100.66
juego3	easy	0.0	0.008	1697	400	231	164	-67	32	100.33	100.33	100.33
juego3	easy	0.0	0.008	1706	400	231	167	-64	32	99.72	99.72	99.72
juego3	easy	0.0	0.008	1715	400	231	169	-62	32	99.19	99.19	99.19
juego3	easy	0.0	0.008	1725	400	231	171	-60	32	98.76	98.76	98.76
juego3	easy	0.0	0.008	1733	400	231	172	-59	32	98.37	98.37	98.37
juego3	easy	0.0	0.008	1742	400	231	173	-58	32	98.19	98.19	98.19
juego3	easy	0.0	0.008	1751	400	231	174	-57	32	97.79	97.79	97.79
juego3	easy	0.0	0.008	1760	400	231	176	-55	32	97.36	97.36	97.36
juego3	easy	0.0	0.008	1769	400	231	178	-53	32	96.95	96.95	96.95
juego3	easy	0.0	0.008	1777	400	231	178	-53	32	96.76	96.76	96.76
juego3	easy	0.0	0.008	1787	400	231	179	-52	32	96.49	96.49	96.49
juego3	easy	0.0	0.008	1796	400	231	180	-51	32	96.23	96.23	96.23
juego3	easy	0.0	0.008	1804	400	231	182	-49	32	95.93	95.93	95.93
juego3	easy	0.0	0.008	1814	400	231	183	-48	32	95.5	95.5	95.5
juego3	easy	0.0	0.008	1822	400	231	184	-47	32	95.23	95.23	95.23
juego3	easy	0.0	0.008	1831	400	231	187	-44	32	94.61	94.61	94.61
juego3	easy	0.0	0.008	1839	400	231	189	-42	32	94.0	94.0	94.0
juego3	easy	0.0	0.008	1848	400	231	190	-41	32	93.71	93.71	93.71
juego3	easy	0.0	0.008	1857	400	231	192	-39	32	93.19	93.19	93.19
juego3	easy	0.0	0.008	1866	400	231	194	-37	32	92.75	92.75	92.75
juego3	easy	0.0	0.008	1875	400	231	195	-36	32	92.36	92.36	92.36
juego3	easy	0.0	0.008	1883	400	231	196	-35	32	92.16	92.16	92.16
juego3	easy	0.0	0.008	1891	400	231	198	-33	32	91.7	91.7	91.7
juego3	easy	0.0	0.008	1900	400	231	200	-31	32	91.15	91.15	91.15
juego3	easy	0.0	0.008	1909	400	231	202	-29	32	90.58	90.58	90.58
juego3	easy	0.0	0.008	1919	400	231	204	-27	32	90.07	90.07	90.07
juego3	easy	0.0	0.008	1927	400	231	205	-26	32	89.84	89.84	89.84
juego3	easy	0.0	0.008	1935	400	231	207	-24	32	89.45	89.45	89.45
juego3	easy	0.0	0.008	1944	400	231	208	-23	32	89.07	89.07	89.07
juego3	easy	0.0	0.008	1954	400	231	209	-22	32	88.87	88.87	88.87
juego3	easy	0.0	0.008	1963	400	231	211	-20	32	88.48	88.48	88.48
juego3	easy	0.0	0.008	1971	400	231	212	-19	32	88.08	88.08	88.08
juego3	easy	0.0	0.008	1980	400	231	214	-17	32	87.7	87.7	87.7
juego3	easy	0.0	0.008	1990	400	231	215	-16	32	87.32	87.32	87.32
juego3	easy	0.0	0.008	1998	400	231	216	-15	32	87.11	87.11	87.11
juego3	easy	0.0	0.008	0	400	231	218	-13	33	86.68	86.68	86.68
juego3	easy	20.0	0.008	10	400	215	220	5	33	86.18	86.18	86.18
juego3	easy	20.0	0.008	17	400	215	221	6	33	85.88	85.88	85.88
juego3	easy	20.0	0.008	27	400	215	223	8	33	85.31	85.31	85.31
juego3	easy	20.0	0.008	35	400	215	225	10	33	84.84	84.84	84.84
juego3	easy	20.0	0.008	45	400	215	226	11	33	84.47	84.47	84.47
juego3	easy	20.0	0.008	53	400	215	227	12	33	84.32	84.32	84.32
juego3	easy	20.0	0.008	62	400	215	228	13	33	84.06	84.06	84.06
juego3	easy	20.0	0.008	71	400	215	229	14	33	83.8	83.8	83.8
juego3	easy	20.0	0.008	79	400	215	230	15	33	83.52	83.52	83.52
juego3	easy	20.0	0.008	89	400	215	231	16	33	83.25	83.25	83.25
juego3	easy	20.0	0.008	96	400	215	232	17	33	83.11	83.11	83.11
juego3	easy	20.0	0.008	105	400	215	232	17	33	83.0	83.0	83.0
juego3	easy	20.0	0.008	115	400	215	233	18	33	82.67	82.67	82.67
juego3	easy	20.0	0.008	123	400	215	234	19	33	82.56	82.56	82.56
juego3	easy	20.0	0.008	131	400	215	234	19	33	82.39	82.39	82.39
juego3	easy	20.0	0.008	140	400	215	235	20	33	82.24	82.24	82.24
juego3	easy	20.0	0.008	149	400	215	235	20	33	82.18	82.18	82.18
juego3	easy	20.0	0.008	158	400	215	235	20	33	82.09	82.09	82.09
juego3	easy	20.0	0.008	167	400	215	236	21	33	81.99	81.99	81.99
juego3	easy	20.0	0.008	176	400	215	236	21	33	81.91	81.91	81.91
juego3	easy	20.0	0.008	185	400	215	236	21	33	81.84	81.84	81.84
juego3	easy	20.0	0.008	193	400	215	237	22	33	81.8	81.8	81.8
juego3	easy	20.0	0.008	202	400	215	237	22	33	81.74	81.74	81.74
juego3	easy	20.0	0.008	212	400	215	237	22	33	81.68	81.68	81.68
juego3	easy	20.0	0.008	220	400	215	237	22	33	81.63	81.63	81.63
juego3	easy	20.0	0.008	230	400	215	237	22	33	81.63	81.63	81.63
juego3	easy	20.0	0.008	238	400	215	237	22	33	81.63	81.63	81.63
juego3	easy	20.0	0.008	247	400	215	237	22	33	81.65	81.65	81.65
juego3	easy	20.0	0.008	257	400	215	237	22	33	81.65	81.65	81.65
juego3	easy	20.0	0.008	265	400	215	237	22	33	81.65	81.65	81.65
juego3	easy	20.0	0.008	272	400	215	237	22	33	81.64	81.64	81.64
juego3	easy	20.0	0.008	281	400	215	237	22	33	81.63	81.63	81.63
juego3	easy	20.0	0.008	289	400	215	237	22	33	81.6	81.6	81.6
juego3	easy	20.0	0.008	298	400	215	237	22	33	81.59	81.59	81.59
juego3	easy	20.0	0.008	307	400	215	237	22	33	81.59	81.59	81.59
juego3	easy	20.0	0.008	316	400	215	237	22	33	81.58	81.58	81.58
juego3	easy	20.0	0.008	325	400	215	238	23	33	81.57	81.57	81.57
juego3	easy	20.0	0.008	334	400	215	238	23	33	81.56	81.56	81.56
juego3	easy	20.0	0.008	343	400	215	238	23	33	81.54	81.54	81.54
juego3	easy	20.0	0.008	352	400	215	238	23	33	81.5	81.5	81.5
juego3	easy	20.0	0.008	361	400	215	238	23	33	81.5	81.5	81.5
juego3	easy	20.0	0.008	370	400	215	238	23	33	81.51	81.51	81.51
juego3	easy	20.0	0.008	379	400	215	238	23	33	81.52	81.52	81.52
juego3	easy	20.0	0.008	389	400	215	238	23	33	81.54	81.54	81.54
juego3	easy	20.0	0.008	397	400	215	237	22	33	81.61	81.61	81.61
juego3	easy	20.0	0.008	406	400	215	237	22	33	81.79	81.79	81.79
juego3	easy	20.0	0.008	414	400	215	236	21	33	81.92	81.92	81.92
juego3	easy	20.0	0.008	423	400	215	235	20	33	82.32	82.32	82.32
juego3	easy	20.0	0.008	433	400	215	233	18	33	82.81	82.81	82.81
juego3	easy	20.0	0.008	441	400	215	231	16	33	83.3	83.3	83.3
juego3	easy	20.0	0.008	448	400	215	230	15	33	83.53	83.53	83.53
juego3	easy	20.0	0.008	457	400	215	228	13	33	84.02	84.02	84.02
juego3	easy	20.0	0.008	466	400	215	226	11	33	84.59	84.59	84.59
juego3	easy	20.0	0.008	475	400	215	223	8	33	85.35	85.35	85.35
juego3	easy	20.0	0.008	484	400	215	221	6	33	85.79	85.79	85.79
juego3	easy	20.0	0.008	491	400	215	218	3	33	86.66	86.66	86.66
juego3	easy	20.0	0.008	500	400	215	214	-1	33	87.51	87.51	87.51
juego3	easy	20.0	0.008	509	400	215	213	-2	33	87.93	87.93	87.93
juego3	easy	20.0	0.008	518	400	215	209	-6	33	88.86	88.86	88.86
juego3	easy	20.0	0.008	527	400	215	205	-10	33	89.87	89.87	89.87
juego3	easy	20.0	0.008	536	400	215	201	-14	33	90.85	90.85	90.85
juego3	easy	20.0	0.008	543	400	215	200	-15	33	91.3	91.3	91.3
juego3	easy	20.0	0.008	551	400	215	197	-18	33	92.02	92.02	92.02
juego3	easy	20.0	0.008	560	400	215	195	-20	33	92.56	92.56	92.56
juego3	easy	20.0	0.008	569	400	215	194	-21	33	92.82	92.82	92.82
juego3	easy	20.0	0.008	578	400	215	192	-23	33	93.28	93.28	93.28
juego3	easy	20.0	0.008	587	400	215	190	-25	33	93.71	93.71	93.71
juego3	easy	20.0	0.008	596	400	215	189	-26	33	93.97	93.97	93.97
juego3	easy	20.0	0.008	605	400	215	189	-26	33	94.01	94.01	94.01
juego3	easy	20.0	0.008	613	400	215	189	-26	33	94.0	94.0	94.0
juego3	easy	20.0	0.008	622	400	215	189	-26	33	93.99	93.99	93.99
juego3	easy	20.0	0.008	631	400	215	189	-26	33	94.01	94.01	94.01
juego3	easy	20.0	0.008	641	400	215	189	-26	33	94.11	94.11	94.11
juego3	easy	20.0	0.008	649	400	215	188	-27	33	94.18	94.18	94.18
juego3	easy	20.0	0.008	658	400	215	188	-27	33	94.3	94.3	94.3
juego3	easy	20.0	0.008	667	400	215	188	-27	33	94.35	94.35	94.35
juego3	easy	20.0	0.008	676	400	215	188	-27	33	94.31	94.31	94.31
juego3	easy	20.0	0.008	684	400	215	188	-27	33	94.28	94.28	94.28
juego3	easy	20.0	0.008	693	400	215	188	-27	33	94.22	94.22	94.22
juego3	easy	20.0	0.008	702	400	215	188	-27	33	94.19	94.19	94.19
juego3	easy	20.0	0.008	711	400	215	188	-27	33	94.16	94.16	94.16
juego3	easy	20.0	0.008	719	400	215	189	-26	33	94.14	94.14	94.14
juego3	easy	20.0	0.008	728	400	215	189	-26	33	94.08	94.08	94.08
juego3	easy	20.0	0.008	737	400	215	189	-26	33	94.01	94.01	94.01
juego3	easy	20.0	0.008	745	400	215	189	-26	33	93.95	93.95	93.95
juego3	easy	20.0	0.008	754	400	215	190	-25	33	93.81	93.81	93.81
juego3	easy	20.0	0.008	763	400	215	190	-25	33	93.65	93.65	93.65
juego3	easy	20.0	0.008	772	400	215	191	-24	33	93.41	93.41	93.41
juego3	easy	20.0	0.008	781	400	215	193	-22	33	93.05	93.05	93.05
juego3	easy	20.0	0.008	791	400	215	195	-20	33	92.58	92.58	92.58
juego3	easy	20.0	0.008	799	400	215	196	-19	33	92.31	92.31	92.31
juego3	easy	20.0	0.008	807	400	215	198	-17	33	91.74	91.74	91.74
juego3	easy	20.0	0.008	816	400	215	200	-15	33	91.18	91.18	91.18
juego3	easy	20.0	0.008	825	400	215	201	-14	33	90.9	90.9	90.9
juego3	easy	20.0	0.008	834	400	215	203	-12	33	90.37	90.37	90.37
juego3	easy	20.0	0.008	843	400	215	205	-10	33	89.89	89.89	89.89
juego3	easy	20.0	0.008	852	400	215	207	-8	33	89.48	89.48	89.48
juego3	easy	20.0	0.008	861	400	215	208	-7	33	89.17	89.17	89.17
juego3	easy	20.0	0.008	871	400	215	208	-7	33	89.06	89.06	89.06
juego3	easy	20.0	0.008	879	400	215	209	-6	33	88.88	88.88	88.88
juego3	easy	20.0	0.008	888	400	215	210	-5	33	88.69	88.69	88.69
juego3	easy	20.0	0.008	898	400	215	210	-5	33	88.53	88.53	88.53
juego3	easy	20.0	0.008	906	400	215	211	-4	33	88.38	88.38	88.38
juego3	easy	20.0	0.008	915	400	215	211	-4	33	88.33	88.33	88.33
juego3	easy	20.0	0.008	924	400	215	211	-4	33	88.28	88.28	88.28
juego3	easy	20.0	0.008	933	400	215	211	-4	33	88.29	88.29	88.29
juego3	easy	20.0	0.008	942	400	215	211	-4	33	88.3	88.3	88.3
juego3	easy	20.0	0.008	950	400	215	211	-4	33	88.29	88.29	88.29
juego3	easy	20.0	0.008	958	400	215	211	-4	33	88.27	88.27	88.27
juego3	easy	20.0	0.008	966	400	215	212	-3	33	88.24	88.24	88.24
juego3	easy	20.0	0.008	975	400	215	212	-3	33	88.23	88.23	88.23
juego3	easy	20.0	0.008	984	400	215	212	-3	33	88.2	88.2	88.2
juego3	easy	20.0	0.008	993	400	215	212	-3	33	88.15	88.15	88.15
juego3	easy	20.0	0.008	1001	400	215	212	-3	33	88.09	88.09	88.09
juego3	easy	20.0	0.008	1010	400	215	212	-3	33	88.05	88.05	88.05
juego3	easy	20.0	0.008	1020	400	215	213	-2	33	87.97	87.97	87.97
juego3	easy	20.0	0.008	1029	400	215	213	-2	33	87.9	87.9	87.9
juego3	easy	20.0	0.008	1037	400	215	213	-2	33	87.87	87.87	87.87
juego3	easy	20.0	0.008	1046	400	215	213	-2	33	87.86	87.86	87.86
juego3	easy	20.0	0.008	1055	400	215	213	-2	33	87.85	87.85	87.85
juego3	easy	20.0	0.008	1065	400	215	213	-2	33	87.82	87.82	87.82
juego3	easy	20.0	0.008	1074	400	215	213	-2	33	87.77	87.77	87.77
juego3	easy	20.0	0.008	1082	400	215	214	-1	33	87.73	87.73	87.73
juego3	easy	20.0	0.008	1090	400	215	214	-1	33	87.72	87.72	87.72
juego3	easy	20.0	0.008	1099	400	215	214	-1	33	87.7	87.7	87.7
juego3	easy	20.0	0.008	1108	400	215	214	-1	33	87.71	87.71	87.71
juego3	easy	20.0	0.008	1118	400	215	214	-1	33	87.71	87.71	87.71
juego3	easy	20.0	0.008	1126	400	215	214	-1	33	87.7	87.7	87.7
juego3	easy	20.0	0.008	1133	400	215	214	-1	33	87.68	87.68	87.68
juego3	easy	20.0	0.008	1142	400	215	214	-1	33	87.65	87.65	87.65
juego3	easy	20.0	0.008	1150	400	215	214	-1	33	87.64	87.64	87.64
juego3	easy	20.0	0.008	1160	400	215	214	-1	33	87.63	87.63	87.63
juego3	easy	20.0	0.008	1169	400	215	214	-1	33	87.61	87.61	87.61
juego3	easy	20.0	0.008	1178	400	215	214	-1	33	87.6	87.6	87.6
juego3	easy	20.0	0.008	1185	400	215	214	-1	33	87.6	87.6	87.6
juego3	easy	20.0	0.008	1195	400	215	214	-1	33	87.59	87.59	87.59
juego3	easy	20.0	0.008	1204	400	215	214	-1	33	87.57	87.57	87.57
juego3	easy	20.0	0.008	1213	400	215	214	-1	33	87.54	87.54	87.54
juego3	easy	20.0	0.008	1221	400	215	214	-1	33	87.53	87.53	87.53
juego3	easy	20.0	0.008	1230	400	215	214	-1	33	87.51	87.51	87.51
juego3	easy	20.0	0.008	1240	400	215	214	-1	33	87.5	87.5	87.5
juego3	easy	20.0	0.008	1248	400	215	214	-1	33	87.49	87.49	87.49
juego3	easy	20.0	0.008	1258	400	215	214	-1	33	87.5	87.5	87.5
juego3	easy	20.0	0.008	1266	400	215	214	-1	33	87.5	87.5	87.5
juego3	easy	20.0	0.008	1275	400	215	214	-1	33	87.48	87.48	87.48
juego3	easy	20.0	0.008	1283	400	215	215	0	33	87.47	87.47	87.47
juego3	easy	20.0	0.008	1293	400	215	214	-1	33	87.48	87.48	87.48
juego3	easy	20.0	0.008	1300	400	215	214	-1	33	87.49	87.49	87.49
juego3	easy	20.0	0.008	1309	400	215	215	0	33	87.47	87.47	87.47
juego3	easy	20.0	0.008	1318	400	215	215	0	33	87.45	87.45	87.45
juego3	easy	20.0	0.008	1326	400	215	215	0	33	87.44	87.44	87.44
juego3	easy	20.0	0.008	1335	400	215	215	0	33	87.43	87.43	87.43
juego3	easy	20.0	0.008	1344	400	215	215	0	33	87.42	87.42	87.42
juego3	easy	20.0	0.008	1353	400	215	215	0	33	87.43	87.43	87.43
juego3	easy	20.0	0.008	1363	400	215	215	0	33	87.42	87.42	87.42
juego3	easy	20.0	0.008	1371	400	215	215	0	33	87.42	87.42	87.42
juego3	easy	20.0	0.008	1379	400	215	215	0	33	87.41	87.41	87.41
juego3	easy	20.0	0.008	1388	400	215	215	0	33	87.41	87.41	87.41
juego3	easy	20.0	0.008	1397	400	215	215	0	33	87.4	87.4	87.4
juego3	easy	20.0	0.008	1406	400	215	215	0	33	87.39	87.39	87.39
juego3	easy	20.0	0.008	1415	400	215	215	0	33	87.39	87.39	87.39
juego3	easy	20.0	0.008	1425	400	215	215	0	33	87.4	87.4	87.4
juego3	easy	20.0	0.008	1433	400	215	215	0	33	87.41	87.41	87.41
juego3	easy	20.0	0.008	1442	400	215	215	0	33	87.41	87.41	87.41
juego3	easy	20.0	0.008	1451	400	215	215	0	33	87.41	87.41	87.41
juego3	easy	20.0	0.008	1460	400	215	215	0	33	87.4	87.4	87.4
juego3	easy	20.0	0.008	1469	400	215	215	0	33	87.39	87.39	87.39
juego3	easy	20.0	0.008	1478	400	215	215	0	33	87.4	87.4	87.4
juego3	easy	20.0	0.008	1488	400	215	215	0	33	87.41	87.41	87.41
juego3	easy	20.0	0.008	1496	400	215	215	0	33	87.41	87.41	87.41
juego3	easy	20.0	0.008	1505	400	215	215	0	33	87.41	87.41	87.41
juego3	easy	20.0	0.008	1513	400	215	215	0	33	87.4	87.4	87.4
juego3	easy	20.0	0.008	1521	400	215	215	0	33	87.39	87.39	87.39
juego3	easy	20.0	0.008	1529	400	215	215	0	33	87.4	87.4	87.4
juego3	easy	20.0	0.008	1538	400	215	215	0	33	87.41	87.41	87.41
juego3	easy	20.0	0.008	1546	400	215	215	0	33	87.41	87.41	87.41
juego3	easy	20.0	0.008	1555	400	215	215	0	33	87.4	87.4	87.4
juego3	easy	20.0	0.008	1564	400	215	215	0	33	87.39	87.39	87.39
juego3	easy	20.0	0.008	1572	400	215	215	0	33	87.39	87.39	87.39
juego3	easy	20.0	0.008	1580	400	215	215	0	33	87.4	87.4	87.4
juego3	easy	20.0	0.008	1588	400	215	215	0	33	87.38	87.38	87.38
juego3	easy	20.0	0.008	1597	400	215	215	0	33	87.37	87.37	87.37
juego3	easy	20.0	0.008	1606	400	215	215	0	33	87.36	87.36	87.36
juego3	easy	20.0	0.008	1615	400	215	215	0	33	87.38	87.38	87.38
juego3	easy	20.0	0.008	1624	400	215	215	0	33	87.39	87.39	87.39
juego3	easy	20.0	0.008	1633	400	215	215	0	33	87.39	87.39	87.39
juego3	easy	20.0	0.008	1642	400	215	215	0	33	87.38	87.38	87.38
juego3	easy	20.0	0.008	1650	400	215	215	0	33	87.36	87.36	87.36
juego3	easy	20.0	0.008	1660	400	215	215	0	33	87.35	87.35	87.35
juego3	easy	20.0	0.008	1668	400	215	215	0	33	87.35	87.35	87.35
juego3	easy	20.0	0.008	1675	400	215	215	0	33	87.35	87.35	87.35
juego3	easy	20.0	0.008	1685	400	215	215	0	33	87.36	87.36	87.36
juego3	easy	20.0	0.008	1693	400	215	215	0	33	87.36	87.36	87.36
juego3	easy	20.0	0.008	1701	400	215	215	0	33	87.35	87.35	87.35
juego3	easy	20.0	0.008	1710	400	215	215	0	33	87.34	87.34	87.34
juego3	easy	20.0	0.008	1719	400	215	215	0	33	87.33	87.33	87.33
juego3	easy	20.0	0.008	1727	400	215	215	0	33	87.32	87.32	87.32
juego3	easy	20.0	0.008	1736	400	215	215	0	33	87.31	87.31	87.31
juego3	easy	20.0	0.008	1744	400	215	215	0	33	87.28	87.28	87.28
juego3	easy	20.0	0.008	1753	400	215	215	0	33	87.23	87.23	87.23
juego3	easy	20.0	0.008	1762	400	215	216	1	33	87.19	87.19	87.19
juego3	easy	20.0	0.008	1770	400	215	216	1	33	87.11	87.11	87.11
juego3	easy	20.0	0.008	1778	400	215	216	1	33	87.08	87.08	87.08
juego3	easy	20.0	0.008	1786	400	215	217	2	33	86.96	86.96	86.96
juego3	easy	20.0	0.008	1795	400	215	217	2	33	86.8	86.8	86.8
juego3	easy	20.0	0.008	1804	400	215	218	3	33	86.65	86.65	86.65
juego3	easy	20.0	0.008	1813	400	215	218	3	33	86.45	86.45	86.45
juego3	easy	20.0	0.008	1822	400	215	219	4	33	86.31	86.31	86.31
juego3	easy	20.0	0.008	1831	400	215	220	5	33	86.03	86.03	86.03
juego3	easy	20.0	0.008	1840	400	215	221	6	33	85.73	85.73	85.73
juego3	easy	20.0	0.008	1848	400	215	222	7	33	85.58	85.58	85.58
juego3	easy	20.0	0.008	1857	400	215	223	8	33	85.37	85.37	85.37
juego3	easy	20.0	0.008	1864	400	215	223	8	33	85.17	85.17	85.17
juego3	easy	20.0	0.008	1874	400	215	224	9	33	84.98	84.98	84.98
juego3	easy	20.0	0.008	1882	400	215	225	10	33	84.88	84.88	84.88
juego3	easy	20.0	0.008	1891	400	215	226	11	33	84.64	84.64	84.64
juego3	easy	20.0	0.008	1899	400	215	226	11	33	84.41	84.41	84.41
juego3	easy	20.0	0.008	1909	400	215	227	12	33	84.16	84.16	84.16
juego3	easy	20.0	0.008	1917	400	215	228	13	33	84.06	84.06	84.06
juego3	easy	20.0	0.008	1926	400	215	229	14	33	83.87	83.87	83.87
juego3	easy	20.0	0.008	1935	400	215	229	14	33	83.72	83.72	83.72
juego3	easy	20.0	0.008	1944	400	215	230	15	33	83.55	83.55	83.55
juego3	easy	20.0	0.008	1952	400	215	230	15	33	83.45	83.45	83.45
juego3	easy	20.0	0.008	1961	400	215	231	16	33	83.24	83.24	83.24
juego3	easy	20.0	0.008	1970	400	215	232	17	33	83.03	83.03	83.03
juego3	easy	20.0	0.008	1978	400	215	232	17	33	82.94	82.94	82.94
juego3	easy	20.0	0.008	1986	400	215	233	18	33	82.79	82.79	82.79
juego3	easy	20.0	0.008	1994	400	215	233	18	33	82.71	82.71	82.71
juego3	easy	20.0	0.008	0	400	215	233	18	34	82.68	82.68	82.68
juego3	easy	0.0	0.008	9	400	231	233	2	34	82.62	82.62	82.62
juego3	easy	0.0	0.008	18	400	231	234	3	34	82.55	82.55	82.55
juego3	easy	0.0	0.008	26	400	231	234	3	34	82.44	82.44	82.44
juego3	easy	0.0	0.008	35	400	231	234	3	34	82.35	82.35	82.35
juego3	easy	0.0	0.008	44	400	231	235	4	34	82.32	82.32	82.32
juego3	easy	0.0	0.008	53	400	231	235	4	34	82.26	82.26	82.26
juego3	easy	0.0	0.008	61	400	231	235	4	34	82.22	82.22	82.22
juego3	easy	0.0	0.008	70	400	231	235	4	34	82.2	82.2	82.2
juego3	easy	0.0	0.008	79	400	231	235	4	34	82.15	82.15	82.15
juego3	easy	0.0	0.008	88	400	231	236	5	34	82.07	82.07	82.07
juego3	easy	0.0	0.008	97	400	231	236	5	34	82.01	82.01	82.01
juego3	easy	0.0	0.008	106	400	231	236	5	34	81.98	81.98	81.98
juego3	easy	0.0	0.008	114	400	231	236	5	34	81.95	81.95	81.95
juego3	easy	0.0	0.008	123	400	231	236	5	34	81.93	81.93	81.93
juego3	easy	0.0	0.008	132	400	231	236	5	34	81.92	81.92	81.92
juego3	easy	0.0	0.008	141	400	231	236	5	34	81.9	81.9	81.9
juego3	easy	0.0	0.008	149	400	231	236	5	34	81.88	81.88	81.88
juego3	easy	0.0	0.008	157	400	231	236	5	34	81.85	81.85	81.85
juego3	easy	0.0	0.008	166	400	231	236	5	34	81.83	81.83	81.83
juego3	easy	0.0	0.008	174	400	231	237	6	34	81.82	81.82	81.82
juego3	easy	0.0	0.008	184	400	231	237	6	34	81.81	81.81	81.81
juego3	easy	0.0	0.008	192	400	231	237	6	34	81.78	81.78	81.78
juego3	easy	0.0	0.008	201	400	231	237	6	34	81.78	81.78	81.78
juego3	easy	0.0	0.008	210	400	231	237	6	34	81.79	81.79	81.79
juego3	easy	0.0	0.008	217	400	231	237	6	34	81.79	81.79	81.79
juego3	easy	0.0	0.008	226	400	231	237	6	34	81.79	81.79	81.79
juego3	easy	0.0	0.008	234	400	231	237	6	34	81.78	81.78	81.78
juego3	easy	0.0	0.008	243	400	231	237	6	34	81.76	81.76	81.76
juego3	easy	0.0	0.008	252	400	231	237	6	34	81.73	81.73	81.73
juego3	easy	0.0	0.008	260	400	231	237	6	34	81.71	81.71	81.71
juego3	easy	0.0	0.008	268	400	231	237	6	34	81.69	81.69	81.69
juego3	easy	0.0	0.008	277	400	231	237	6	34	81.67	81.67	81.67
juego3	easy	0.0	0.008	286	400	231	237	6	34	81.65	81.65	81.65
juego3	easy	0.0	0.008	295	400	231	237	6	34	81.64	81.64	81.64
juego3	easy	0.0	0.008	304	400	231	237	6	34	81.61	81.61	81.61
juego3	easy	0.0	0.008	313	400	231	237	6	34	81.59	81.59	81.59
juego3	easy	0.0	0.008	321	400	231	237	6	34	81.58	81.58	81.58
juego3	easy	0.0	0.008	330	400	231	237	6	34	81.58	81.58	81.58
juego3	easy	0.0	0.008	339	400	231	237	6	34	81.59	81.59	81.59
juego3	easy	0.0	0.008	348	400	231	237	6	34	81.58	81.58	81.58
juego3	easy	0.0	0.008	357	400	231	238	7	34	81.57	81.57	81.57
juego3	easy	0.0	0.008	365	400	231	238	7	34	81.56	81.56	81.56
juego3	easy	0.0	0.008	374	400	231	238	7	34	81.53	81.53	81.53
juego3	easy	0.0	0.008	382	400	231	238	7	34	81.5	81.5	81.5
juego3	easy	0.0	0.008	391	400	231	238	7	34	81.49	81.49	81.49
juego3	easy	0.0	0.008	400	400	231	238	7	34	81.47	81.47	81.47
juego3	easy	0.0	0.008	409	400	231	238	7	34	81.45	81.45	81.45
juego3	easy	0.0	0.008	418	400	231	238	7	34	81.43	81.43	81.43
juego3	easy	0.0	0.008	427	400	231	238	7	34	81.41	81.41	81.41
juego3	easy	0.0	0.008	437	400	231	238	7	34	81.4	81.4	81.4
juego3	easy	0.0	0.008	445	400	231	238	7	34	81.39	81.39	81.39
juego3	easy	0.0	0.008	453	400	231	238	7	34	81.37	81.37	81.37
juego3	easy	0.0	0.008	462	400	231	238	7	34	81.37	81.37	81.37
juego3	easy	0.0	0.008	470	400	231	238	7	34	81.36	81.36	81.36
juego3	easy	0.0	0.008	478	400	231	238	7	34	81.35	81.35	81.35
juego3	easy	0.0	0.008	487	400	231	238	7	34	81.32	81.32	81.32
juego3	easy	0.0	0.008	496	400	231	239	8	34	81.31	81.31	81.31
juego3	easy	0.0	0.008	504	400	231	239	8	34	81.29	81.29	81.29
juego3	easy	0.0	0.008	513	400	231	239	8	34	81.28	81.28	81.28
juego3	easy	0.0	0.008	522	400	231	239	8	34	81.27	81.27	81.27
juego3	easy	0.0	0.008	530	400	231	239	8	34	81.28	81.28	81.28
juego3	easy	0.0	0.008	539	400	231	239	8	34	81.3	81.3	81.3
juego3	easy	0.0	0.008	548	400	231	238	7	34	81.34	81.34	81.34
juego3	easy	0.0	0.008	556	400	231	238	7	34	81.36	81.36	81.36
juego3	easy	0.0	0.008	565	400	231	238	7	34	81.42	81.42	81.42
juego3	easy	0.0	0.008	574	400	231	238	7	34	81.49	81.49	81.49
juego3	easy	0.0	0.008	583	400	231	237	6	34	81.59	81.59	81.59
juego3	easy	0.0	0.008	593	400	231	237	6	34	81.68	81.68	81.68
juego3	easy	0.0	0.008	602	400	231	237	6	34	81.73	81.73	81.73
juego3	easy	0.0	0.008	610	400	231	237	6	34	81.8	81.8	81.8
juego3	easy	0.0	0.008	618	400	231	236	5	34	81.88	81.88	81.88
juego3	easy	0.0	0.008	627	400	231	236	5	34	81.99	81.99	81.99
juego3	easy	0.0	0.008	636	400	231	236	5	34	82.03	82.03	82.03
juego3	easy	0.0	0.008	646	400	231	236	5	34	82.08	82.08	82.08
juego3	easy	0.0	0.008	653	400	231	235	4	34	82.09	82.09	82.09
juego3	easy	0.0	0.008	661	400	231	235	4	34	82.1	82.1	82.1
juego3	easy	0.0	0.008	670	400	231	235	4	34	82.14	82.14	82.14
juego3	easy	0.0	0.008	679	400	231	235	4	34	82.19	82.19	82.19
juego3	easy	0.0	0.008	688	400	231	235	4	34	82.24	82.24	82.24
juego3	easy	0.0	0.008	698	400	231	235	4	34	82.26	82.26	82.26
juego3	easy	0.0	0.008	706	400	231	235	4	34	82.26	82.26	82.26
juego3	easy	0.0	0.008	714	400	231	235	4	34	82.25	82.25	82.25
juego3	easy	0.0	0.008	722	400	231	235	4	34	82.24	82.24	82.24
juego3	easy	0.0	0.008	731	400	231	235	4	34	82.24	82.24	82.24
juego3	easy	0.0	0.008	740	400	231	235	4	34	82.27	82.27	82.27
juego3	easy	0.0	0.008	749	400	231	235	4	34	82.29	82.29	82.29
juego3	easy	0.0	0.008	758	400	231	235	4	34	82.29	82.29	82.29
juego3	easy	0.0	0.008	767	400	231	235	4	34	82.28	82.28	82.28
juego3	easy	0.0	0.008	775	400	231	235	4	34	82.25	82.25	82.25
juego3	easy	0.0	0.008	784	400	231	235	4	34	82.21	82.21	82.21
juego3	easy	0.0	0.008	793	400	231	235	4	34	82.19	82.19	82.19
juego3	easy	0.0	0.008	802	400	231	235	4	34	82.18	82.18	82.18
juego3	easy	0.0	0.008	809	400	231	235	4	34	82.18	82.18	82.18
juego3	easy	0.0	0.008	817	400	231	235	4	34	82.19	82.19	82.19
juego3	easy	0.0	0.008	826	400	231	235	4	34	82.19	82.19	82.19
juego3	easy	0.0	0.008	834	400	231	235	4	34	82.16	82.16	82.16
juego3	easy	0.0	0.008	842	400	231	235	4	34	82.14	82.14	82.14
juego3	easy	0.0	0.008	849	400	231	235	4	34	82.11	82.11	82.11
juego3	easy	0.0	0.008	858	400	231	235	4	34	82.1	82.1	82.1
juego3	easy	0.0	0.008	867	400	231	235	4	34	82.12	82.12	82.12
juego3	easy	0.0	0.008	876	400	231	235	4	34	82.13	82.13	82.13
juego3	easy	0.0	0.008	886	400	231	235	4	34	82.14	82.14	82.14
juego3	easy	0.0	0.008	894	400	231	235	4	34	82.12	82.12	82.12
juego3	easy	0.0	0.008	902	400	231	235	4	34	82.11	82.11	82.11
juego3	easy	0.0	0.008	911	400	231	236	5	34	82.07	82.07	82.07
juego3	easy	0.0	0.008	920	400	231	236	5	34	82.06	82.06	82.06
juego3	easy	0.0	0.008	929	400	231	236	5	34	82.07	82.07	82.07
juego3	easy	0.0	0.008	938	400	231	236	5	34	82.08	82.08	82.08
juego3	easy	0.0	0.008	948	400	231	236	5	34	82.07	82.07	82.07
juego3	easy	0.0	0.008	955	400	231	236	5	34	82.06	82.06	82.06
juego3	easy	0.0	0.008	965	400	231	236	5	34	82.05	82.05	82.05
juego3	easy	0.0	0.008	973	400	231	236	5	34	82.03	82.03	82.03
juego3	easy	0.0	0.008	983	400	231	236	5	34	82.03	82.03	82.03
juego3	easy	0.0	0.008	991	400	231	236	5	34	82.03	82.03	82.03
juego3	easy	0.0	0.008	1000	400	231	236	5	34	82.0	82.0	82.0
juego3	easy	0.0	0.008	1009	400	231	236	5	34	81.99	81.99	81.99
juego3	easy	0.0	0.008	1018	400	231	236	5	34	82.0	82.0	82.0
juego3	easy	0.0	0.008	1027	400	231	236	5	34	82.0	82.0	82.0
juego3	easy	0.0	0.008	1035	400	231	236	5	34	82.0	82.0	82.0
juego3	easy	0.0	0.008	1044	400	231	236	5	34	82.0	82.0	82.0
juego3	easy	0.0	0.008	1052	400	231	236	5	34	82.0	82.0	82.0
juego3	easy	0.0	0.008	1061	400	231	236	5	34	81.99	81.99	81.99
juego3	easy	0.0	0.008	1070	400	231	236	5	34	81.97	81.97	81.97
juego3	easy	0.0	0.008	1080	400	231	236	5	34	81.96	81.96	81.96
juego3	easy	0.0	0.008	1088	400	231	236	5	34	81.95	81.95	81.95
juego3	easy	0.0	0.008	1096	400	231	236	5	34	81.95	81.95	81.95
juego3	easy	0.0	0.008	1103	400	231	236	5	34	81.93	81.93	81.93
juego3	easy	0.0	0.008	1112	400	231	236	5	34	81.91	81.91	81.91
juego3	easy	0.0	0.008	1121	400	231	236	5	34	81.87	81.87	81.87
juego3	easy	0.0	0.008	1130	400	231	236	5	34	81.84	81.84	81.84
juego3	easy	0.0	0.008	1139	400	231	236	5	34	81.83	81.83	81.83
juego3	easy	0.0	0.008	1149	400	231	236	5	34	81.83	81.83	81.83
juego3	easy	0.0	0.008	1156	400	231	236	5	34	81.84	81.84	81.84
juego3	easy	0.0	0.008	1166	400	231	236	5	34	81.83	81.83	81.83
juego3	easy	0.0	0.008	1174	400	231	237	6	34	81.81	81.81	81.81
juego3	easy	0.0	0.008	1182	400	231	237	6	34	81.81	81.81	81.81
juego3	easy	0.0	0.008	1190	400	231	237	6	34	81.8	81.8	81.8
juego3	easy	0.0	0.008	1199	400	231	237	6	34	81.8	81.8	81.8
juego3	easy	0.0	0.008	1208	400	231	237	6	34	81.81	81.81	81.81
juego3	easy	0.0	0.008	1217	400	231	237	6	34	81.8	81.8	81.8
juego3	easy	0.0	0.008	1226	400	231	237	6	34	81.79	81.79	81.79
juego3	easy	0.0	0.008	1234	400	231	237	6	34	81.76	81.76	81.76
juego3	easy	0.0	0.008	1242	400	231	237	6	34	81.75	81.75	81.75
juego3	easy	0.0	0.008	1251	400	231	237	6	34	81.72	81.72	81.72
juego3	easy	0.0	0.008	1260	400	231	237	6	34	81.72	81.72	81.72
juego3	easy	0.0	0.008	1268	400	231	237	6	34	81.71	81.71	81.71
juego3	easy	0.0	0.008	1276	400	231	237	6	34	81.69	81.69	81.69
juego3	easy	0.0	0.008	1284	400	231	237	6	34	81.66	81.66	81.66
juego3	easy	0.0	0.008	1294	400	231	237	6	34	81.63	81.63	81.63
juego3	easy	0.0	0.008	1302	400	231	237	6	34	81.62	81.62	81.62
juego3	easy	0.0	0.008	1311	400	231	237	6	34	81.62	81.62	81.62
juego3	easy	0.0	0.008	1320	400	231	237	6	34	81.62	81.62	81.62
juego3	easy	0.0	0.008	1327	400	231	237	6	34	81.62	81.62	81.62
juego3	easy	0.0	0.008	1335	400	231	237	6	34	81.61	81.61	81.61
juego3	easy	0.0	0.008	1344	400	231	237	6	34	81.6	81.6	81.6
juego3	easy	0.0	0.008	1354	400	231	237	6	34	81.58	81.58	81.58
juego3	easy	0.0	0.008	1362	400	231	237	6	34	81.58	81.58	81.58
juego3	easy	0.0	0.008	1372	400	231	238	7	34	81.57	81.57	81.57
juego3	easy	0.0	0.008	1380	400	231	238	7	34	81.56	81.56	81.56
juego3	easy	0.0	0.008	1390	400	231	238	7	34	81.55	81.55	81.55
juego3	easy	0.0	0.008	1398	400	231	238	7	34	81.54	81.54	81.54
juego3	easy	0.0	0.008	1407	400	231	238	7	34	81.54	81.54	81.54
juego3	easy	0.0	0.008	1416	400	231	238	7	34	81.54	81.54	81.54
juego3	easy	0.0	0.008	1424	400	231	238	7	34	81.54	81.54	81.54
juego3	easy	0.0	0.008	1432	400	231	238	7	34	81.53	81.53	81.53
juego3	easy	0.0	0.008	1442	400	231	238	7	34	81.53	81.53	81.53
juego3	easy	0.0	0.008	1450	400	231	238	7	34	81.53	81.53	81.53
juego3	easy	0.0	0.008	1459	400	231	238	7	34	81.52	81.52	81.52
juego3	easy	0.0	0.008	1468	400	231	238	7	34	81.52	81.52	81.52
juego3	easy	0.0	0.008	1477	400	231	238	7	34	81.5	81.5	81.5
juego3	easy	0.0	0.008	1485	400	231	238	7	34	81.47	81.47	81.47
juego3	easy	0.0	0.008	1495	400	231	238	7	34	81.45	81.45	81.45
juego3	easy	0.0	0.008	1503	400	231	238	7	34	81.43	81.43	81.43
juego3	easy	0.0	0.008	1512	400	231	238	7	34	81.41	81.41	81.41
juego3	easy	0.0	0.008	1521	400	231	238	7	34	81.4	81.4	81.4
juego3	easy	0.0	0.008	1530	400	231	238	7	34	81.39	81.39	81.39
juego3	easy	0.0	0.008	1539	400	231	238	7	34	81.39	81.39	81.39
juego3	easy	0.0	0.008	1547	400	231	238	7	34	81.39	81.39	81.39
juego3	easy	0.0	0.008	1554	400	231	238	7	34	81.37	81.37	81.37
juego3	easy	0.0	0.008	1564	400	231	238	7	34	81.37	81.37	81.37
juego3	easy	0.0	0.008	1572	400	231	238	7	34	81.36	81.36	81.36
juego3	easy	0.0	0.008	1580	400	231	238	7	34	81.34	81.34	81.34
juego3	easy	0.0	0.008	1588	400	231	238	7	34	81.34	81.34	81.34
juego3	easy	0.0	0.008	1596	400	231	238	7	34	81.34	81.34	81.34
juego3	easy	0.0	0.008	1604	400	231	238	7	34	81.34	81.34	81.34
juego3	easy	0.0	0.008	1613	400	231	238	7	34	81.34	81.34	81.34
juego3	easy	0.0	0.008	1622	400	231	238	7	34	81.33	81.33	81.33
juego3	easy	0.0	0.008	1630	400	231	238	7	34	81.32	81.32	81.32
juego3	easy	0.0	0.008	1638	400	231	239	8	34	81.31	81.31	81.31
juego3	easy	0.0	0.008	1648	400	231	239	8	34	81.31	81.31	81.31
juego3	easy	0.0	0.008	1656	400	231	239	8	34	81.31	81.31	81.31
juego3	easy	0.0	0.008	1665	400	231	239	8	34	81.29	81.29	81.29
juego3	easy	0.0	0.008	1673	400	231	239	8	34	81.29	81.29	81.29
juego3	easy	0.0	0.008	1682	400	231	239	8	34	81.28	81.28	81.28
juego3	easy	0.0	0.008	1691	400	231	239	8	34	81.27	81.27	81.27
juego3	easy	0.0	0.008	1700	400	231	239	8	34	81.28	81.28	81.28
juego3	easy	0.0	0.008	1709	400	231	239	8	34	81.27	81.27	81.27
juego3	easy	0.0	0.008	1717	400	231	239	8	34	81.26	81.26	81.26
juego3	easy	0.0	0.008	1725	400	231	239	8	34	81.25	81.25	81.25
juego3	easy	0.0	0.008	1733	400	231	239	8	34	81.23	81.23	81.23
juego3	easy	0.0	0.008	1741	400	231	239	8	34	81.23	81.23	81.23
juego3	easy	0.0	0.008	1750	400	231	239	8	34	81.24	81.24	81.24
juego3	easy	0.0	0.008	1758	400	231	239	8	34	81.23	81.23	81.23
juego3	easy	0.0	0.008	1767	400	231	239	8	34	81.23	81.23	81.23
juego3	easy	0.0	0.008	1776	400	231	239	8	34	81.21	81.21	81.21
juego3	easy	0.0	0.008	1785	400	231	239	8	34	81.19	81.19	81.19
juego3	easy	0.0	0.008	1793	400	231	239	8	34	81.19	81.19	81.19
juego3	easy	0.0	0.008	1802	400	231	239	8	34	81.18	81.18	81.18
juego3	easy	0.0	0.008	1810	400	231	239	8	34	81.19	81.19	81.19
juego3	easy	0.0	0.008	1818	400	231	239	8	34	81.19	81.19	81.19
juego3	easy	0.0	0.008	1827	400	231	239	8	34	81.2	81.2	81.2
juego3	easy	0.0	0.008	1836	400	231	239	8	34	81.2	81.2	81.2
juego3	easy	0.0	0.008	1845	400	231	239	8	34	81.21	81.21	81.21
juego3	easy	0.0	0.008	1855	400	231	239	8	34	81.21	81.21	81.21
juego3	easy	0.0	0.008	1863	400	231	239	8	34	81.21	81.21	81.21
juego3	easy	0.0	0.008	1872	400	231	239	8	34	81.19	81.19	81.19
juego3	easy	0.0	0.008	1880	400	231	239	8	34	81.19	81.19	81.19
juego3	easy	0.0	0.008	1890	400	231	239	8	34	81.19	81.19	81.19
juego3	easy	0.0	0.008	1898	400	231	239	8	34	81.18	81.18	81.18
juego3	easy	0.0	0.008	1906	400	231	239	8	34	81.18	81.18	81.18
juego3	easy	0.0	0.008	1915	400	231	239	8	34	81.16	81.16	81.16
juego3	easy	0.0	0.008	1924	400	231	239	8	34	81.15	81.15	81.15
juego3	easy	0.0	0.008	1933	400	231	239	8	34	81.14	81.14	81.14
juego3	easy	0.0	0.008	1942	400	231	239	8	34	81.13	81.13	81.13
juego3	easy	0.0	0.008	1950	400	231	239	8	34	81.11	81.11	81.11
juego3	easy	0.0	0.008	1959	400	231	239	8	34	81.1	81.1	81.1
juego3	easy	0.0	0.008	1969	400	231	239	8	34	81.07	81.07	81.07
juego3	easy	0.0	0.008	1977	400	231	240	9	34	81.02	81.02	81.02
juego3	easy	0.0	0.008	1986	400	231	240	9	34	80.95	80.95	80.95
juego3	easy	0.0	0.008	1994	400	231	240	9	34	80.9	80.9	80.9
juego3	easy	0.0	0.008	0	400	231	241	10	35	80.79	80.79	80.79
juego3	easy	20.0	0.008	8	400	215	241	26	35	80.71	80.71	80.71
juego3	easy	20.0	0.008	15	400	215	241	26	35	80.68	80.68	80.68
juego3	easy	20.0	0.008	25	400	215	241	26	35	80.59	80.59	80.59
juego3	easy	20.0	0.008	33	400	215	242	27	35	80.51	80.51	80.51
juego3	easy	20.0	0.008	42	400	215	242	27	35	80.41	80.41	80.41
juego3	easy	20.0	0.008	50	400	215	242	27	35	80.34	80.34	80.34
juego3	easy	20.0	0.008	60	400	215	243	28	35	80.17	80.17	80.17
juego3	easy	20.0	0.008	68	400	215	244	29	35	80.01	80.01	80.01
juego3	easy	20.0	0.008	78	400	215	244	29	35	79.85	79.85	79.85
juego3	easy	20.0	0.008	86	400	215	245	30	35	79.77	79.77	79.77
juego3	easy	20.0	0.008	95	400	215	245	30	35	79.6	79.6	79.6
juego3	easy	20.0	0.008	104	400	215	246	31	35	79.42	79.42	79.42
juego3	easy	20.0	0.008	114	400	215	247	32	35	79.21	79.21	79.21
juego3	easy	20.0	0.008	122	400	215	248	33	35	78.97	78.97	78.97
juego3	easy	20.0	0.008	130	400	215	248	33	35	78.85	78.85	78.85
juego3	easy	20.0	0.008	138	400	215	249	34	35	78.62	78.62	78.62
juego3	easy	20.0	0.008	147	400	215	250	35	35	78.46	78.46	78.46
juego3	easy	20.0	0.008	156	400	215	250	35	35	78.38	78.38	78.38
juego3	easy	20.0	0.008	166	400	215	250	35	35	78.25	78.25	78.25
juego3	easy	20.0	0.008	174	400	215	251	36	35	78.12	78.12	78.12
juego3	easy	20.0	0.008	183	400	215	251	36	35	77.98	77.98	77.98
juego3	easy	20.0	0.008	192	400	215	252	37	35	77.84	77.84	77.84
juego3	easy	20.0	0.008	201	400	215	252	37	35	77.77	77.77	77.77
juego3	easy	20.0	0.008	210	400	215	253	38	35	77.62	77.62	77.62
juego3	easy	20.0	0.008	218	400	215	253	38	35	77.48	77.48	77.48
juego3	easy	20.0	0.008	227	400	215	254	39	35	77.41	77.41	77.41
juego3	easy	20.0	0.008	236	400	215	254	39	35	77.28	77.28	77.28
juego3	easy	20.0	0.008	244	400	215	255	40	35	77.15	77.15	77.15
juego3	easy	20.0	0.008	253	400	215	255	40	35	77.02	77.02	77.02
juego3	easy	20.0	0.008	263	400	215	256	41	35	76.9	76.9	76.9
juego3	easy	20.0	0.008	271	400	215	256	41	35	76.85	76.85	76.85
juego3	easy	20.0	0.008	281	400	215	256	41	35	76.76	76.76	76.76
juego3	easy	20.0	0.008	290	400	215	256	41	35	76.7	76.7	76.7
juego3	easy	20.0	0.008	298	400	215	257	42	35	76.64	76.64	76.64
juego3	easy	20.0	0.008	307	400	215	257	42	35	76.62	76.62	76.62
juego3	easy	20.0	0.008	316	400	215	257	42	35	76.61	76.61	76.61
juego3	easy	20.0	0.008	324	400	215	256	41	35	76.7	76.7	76.7
juego3	easy	20.0	0.008	334	400	215	256	41	35	76.92	76.92	76.92
juego3	easy	20.0	0.008	342	400	215	255	40	35	77.08	77.08	77.08
juego3	easy	20.0	0.008	350	400	215	253	38	35	77.49	77.49	77.49
juego3	easy	20.0	0.008	359	400	215	251	36	35	78.02	78.02	78.02
juego3	easy	20.0	0.008	369	400	215	249	34	35	78.73	78.73	78.73
juego3	easy	20.0	0.008	377	400	215	245	30	35	79.65	79.65	79.65
juego3	easy	20.0	0.008	387	400	215	243	28	35	80.13	80.13	80.13
juego3	easy	20.0	0.008	395	400	215	239	24	35	81.09	81.09	81.09
juego3	easy	20.0	0.008	403	400	215	236	21	35	81.9	81.9	81.9
juego3	easy	20.0	0.008	411	400	215	235	20	35	82.27	82.27	82.27
juego3	easy	20.0	0.008	420	400	215	232	17	35	82.93	82.93	82.93
juego3	easy	20.0	0.008	429	400	215	230	15	35	83.54	83.54	83.54
juego3	easy	20.0	0.008	438	400	215	228	13	35	84.12	84.12	84.12
juego3	easy	20.0	0.008	447	400	215	226	11	35	84.4	84.4	84.4
juego3	easy	20.0	0.008	456	400	215	225	10	35	84.88	84.88	84.88
juego3	easy	20.0	0.008	464	400	215	223	8	35	85.28	85.28	85.28
juego3	easy	20.0	0.008	473	400	215	222	7	35	85.6	85.6	85.6
juego3	easy	20.0	0.008	480	400	215	221	6	35	85.72	85.72	85.72
juego3	easy	20.0	0.008	489	400	215	221	6	35	85.9	85.9	85.9
juego3	easy	20.0	0.008	498	400	215	220	5	35	86.01	86.01	86.01
juego3	easy	20.0	0.008	506	400	215	220	5	35	86.02	86.02	86.02
juego3	easy	20.0	0.008	515	400	215	220	5	35	86.01	86.01	86.01
juego3	easy	20.0	0.008	524	400	215	220	5	35	85.99	85.99	85.99
juego3	easy	20.0	0.008	533	400	215	220	5	35	85.99	85.99	85.99
juego3	easy	20.0	0.008	540	400	215	220	5	35	86.0	86.0	86.0
juego3	easy	20.0	0.008	549	400	215	220	5	35	86.02	86.02	86.02
juego3	easy	20.0	0.008	557	400	215	220	5	35	86.02	86.02	86.02
juego3	easy	20.0	0.008	565	400	215	220	5	35	86.02	86.02	86.02
juego3	easy	20.0	0.008	573	400	215	220	5	35	86.02	86.02	86.02
juego3	easy	20.0	0.008	582	400	215	220	5	35	86.03	86.03	86.03
juego3	easy	20.0	0.008	591	400	215	220	5	35	86.07	86.07	86.07
juego3	easy	20.0	0.008	600	400	215	220	5	35	86.12	86.12	86.12
juego3	easy	20.0	0.008	609	400	215	220	5	35	86.16	86.16	86.16
juego3	easy	20.0	0.008	619	400	215	219	4	35	86.2	86.2	86.2
juego3	easy	20.0	0.008	626	400	215	219	4	35	86.21	86.21	86.21
juego3	easy	20.0	0.008	635	400	215	219	4	35	86.25	86.25	86.25
juego3	easy	20.0	0.008	644	400	215	219	4	35	86.28	86.28	86.28
juego3	easy	20.0	0.008	653	400	215	219	4	35	86.29	86.29	86.29
juego3	easy	20.0	0.008	662	400	215	219	4	35	86.29	86.29	86.29
juego3	easy	20.0	0.008	671	400	215	219	4	35	86.3	86.3	86.3
juego3	easy	20.0	0.008	680	400	215	219	4	35	86.32	86.32	86.32
juego3	easy	20.0	0.008	689	400	215	219	4	35	86.33	86.33	86.33
juego3	easy	20.0	0.008	697	400	215	219	4	35	86.34	86.34	86.34
juego3	easy	20.0	0.008	707	400	215	219	4	35	86.35	86.35	86.35
juego3	easy	20.0	0.008	716	400	215	219	4	35	86.35	86.35	86.35
juego3	easy	20.0	0.008	724	400	215	219	4	35	86.36	86.36	86.36
juego3	easy	20.0	0.008	733	400	215	219	4	35	86.37	86.37	86.37
juego3	easy	20.0	0.008	742	400	215	219	4	35	86.38	86.38	86.38
juego3	easy	20.0	0.008	752	400	215	219	4	35	86.42	86.42	86.42
juego3	easy	20.0	0.008	760	400	215	218	3	35	86.46	86.46	86.46
juego3	easy	20.0	0.008	769	400	215	218	3	35	86.49	86.49	86.49
juego3	easy	20.0	0.008	777	400	215	218	3	35	86.5	86.5	86.5
juego3	easy	20.0	0.008	785	400	215	218	3	35	86.54	86.54	86.54
juego3	easy	20.0	0.008	794	400	215	218	3	35	86.57	86.57	86.57
juego3	easy	20.0	0.008	803	400	215	218	3	35	86.58	86.58	86.58
juego3	easy	20.0	0.008	812	400	215	218	3	35	86.6	86.6	86.6
juego3	easy	20.0	0.008	820	400	215	218	3	35	86.63	86.63	86.63
juego3	easy	20.0	0.008	829	400	215	218	3	35	86.66	86.66	86.66
juego3	easy	20.0	0.008	837	400	215	218	3	35	86.67	86.67	86.67
juego3	easy	20.0	0.008	846	400	215	218	3	35	86.69	86.69	86.69
juego3	easy	20.0	0.008	855	400	215	217	2	35	86.73	86.73	86.73
juego3	easy	20.0	0.008	864	400	215	217	2	35	86.77	86.77	86.77
juego3	easy	20.0	0.008	873	400	215	217	2	35	86.79	86.79	86.79
juego3	easy	20.0	0.008	883	400	215	217	2	35	86.8	86.8	86.8
juego3	easy	20.0	0.008	891	400	215	217	2	35	86.82	86.82	86.82
juego3	easy	20.0	0.008	900	400	215	217	2	35	86.84	86.84	86.84
juego3	easy	20.0	0.008	909	400	215	217	2	35	86.89	86.89	86.89
juego3	easy	20.0	0.008	917	400	215	217	2	35	86.9	86.9	86.9
juego3	easy	20.0	0.008	927	400	215	217	2	35	86.94	86.94	86.94
juego3	easy	20.0	0.008	935	400	215	217	2	35	86.95	86.95	86.95
juego3	easy	20.0	0.008	944	400	215	217	2	35	86.95	86.95	86.95
juego3	easy	20.0	0.008	953	400	215	217	2	35	86.96	86.96	86.96
juego3	easy	20.0	0.008	962	400	215	216	1	35	86.99	86.99	86.99
juego3	easy	20.0	0.008	971	400	215	216	1	35	87.04	87.04	87.04
juego3	easy	20.0	0.008	980	400	215	216	1	35	87.08	87.08	87.08
juego3	easy	20.0	0.008	989	400	215	216	1	35	87.08	87.08	87.08
juego3	easy	20.0	0.008	997	400	215	216	1	35	87.07	87.07	87.07
juego3	easy	20.0	0.008	1006	400	215	216	1	35	87.05	87.05	87.05
juego3	easy	20.0	0.008	1015	400	215	216	1	35	87.06	87.06	87.06
juego3	easy	20.0	0.008	1024	400	215	216	1	35	87.08	87.08	87.08
juego3	easy	20.0	0.008	1033	400	215	216	1	35	87.09	87.09	87.09
juego3	easy	20.0	0.008	1042	400	215	216	1	35	87.1	87.1	87.1
juego3	easy	20.0	0.008	1051	400	215	216	1	35	87.09	87.09	87.09
juego3	easy	20.0	0.008	1060	400	215	216	1	35	87.09	87.09	87.09
juego3	easy	20.0	0.008	1068	400	215	216	1	35	87.09	87.09	87.09
juego3	easy	20.0	0.008	1078	400	215	216	1	35	87.1	87.1	87.1
juego3	easy	20.0	0.008	1086	400	215	216	1	35	87.11	87.11	87.11
juego3	easy	20.0	0.008	1094	400	215	216	1	35	87.11	87.11	87.11
juego3	easy	20.0	0.008	1104	400	215	216	1	35	87.1	87.1	87.1
juego3	easy	20.0	0.008	1112	400	215	216	1	35	87.09	87.09	87.09
juego3	easy	20.0	0.008	1121	400	215	216	1	35	87.1	87.1	87.1
juego3	easy	20.0	0.008	1129	400	215	216	1	35	87.11	87.11	87.11
juego3	easy	20.0	0.008	1139	400	215	216	1	35	87.14	87.14	87.14
juego3	easy	20.0	0.008	1147	400	215	216	1	35	87.15	87.15	87.15
juego3	easy	20.0	0.008	1154	400	215	216	1	35	87.16	87.16	87.16
juego3	easy	20.0	0.008	1163	400	215	216	1	35	87.16	87.16	87.16
juego3	easy	20.0	0.008	1172	400	215	216	1	35	87.18	87.18	87.18
juego3	easy	20.0	0.008	1181	400	215	216	1	35	87.22	87.22	87.22
juego3	easy	20.0	0.008	1188	400	215	215	0	35	87.24	87.24	87.24
juego3	easy	20.0	0.008	1197	400	215	215	0	35	87.28	87.28	87.28
juego3	easy	20.0	0.008	1205	400	215	215	0	35	87.32	87.32	87.32
juego3	easy	20.0	0.008	1214	400	215	215	0	35	87.32	87.32	87.32
juego3	easy	20.0	0.008	1223	400	215	215	0	35	87.32	87.32	87.32
juego3	easy	20.0	0.008	1231	400	215	215	0	35	87.31	87.31	87.31
juego3	easy	20.0	0.008	1239	400	215	215	0	35	87.29	87.29	87.29
juego3	easy	20.0	0.008	1248	400	215	215	0	35	87.28	87.28	87.28
juego3	easy	20.0	0.008	1257	400	215	215	0	35	87.29	87.29	87.29
juego3	easy	20.0	0.008	1265	400	215	215	0	35	87.29	87.29	87.29
juego3	easy	20.0	0.008	1274	400	215	215	0	35	87.32	87.32	87.32
juego3	easy	20.0	0.008	1283	400	215	215	0	35	87.33	87.33	87.33
juego3	easy	20.0	0.008	1293	400	215	215	0	35	87.36	87.36	87.36
juego3	easy	20.0	0.008	1301	400	215	215	0	35	87.36	87.36	87.36
juego3	easy	20.0	0.008	1310	400	215	215	0	35	87.36	87.36	87.36
juego3	easy	20.0	0.008	1319	400	215	215	0	35	87.35	87.35	87.35
juego3	easy	20.0	0.008	1327	400	215	215	0	35	87.36	87.36	87.36
juego3	easy	20.0	0.008	1336	400	215	215	0	35	87.37	87.37	87.37
juego3	easy	20.0	0.008	1344	400	215	215	0	35	87.37	87.37	87.37
juego3	easy	20.0	0.008	1353	400	215	215	0	35	87.39	87.39	87.39
juego3	easy	20.0	0.008	1362	400	215	215	0	35	87.39	87.39	87.39
juego3	easy	20.0	0.008	1371	400	215	215	0	35	87.4	87.4	87.4
juego3	easy	20.0	0.008	1380	400	215	215	0	35	87.4	87.4	87.4
juego3	easy	20.0	0.008	1388	400	215	215	0	35	87.4	87.4	87.4
juego3	easy	20.0	0.008	1397	400	215	215	0	35	87.41	87.41	87.41
juego3	easy	20.0	0.008	1406	400	215	215	0	35	87.42	87.42	87.42
juego3	easy	20.0	0.008	1415	400	215	215	0	35	87.43	87.43	87.43
juego3	easy	20.0	0.008	1424	400	215	215	0	35	87.44	87.44	87.44
juego3	easy	20.0	0.008	1433	400	215	215	0	35	87.44	87.44	87.44
juego3	easy	20.0	0.008	1442	400	215	215	0	35	87.45	87.45	87.45
juego3	easy	20.0	0.008	1451	400	215	215	0	35	87.46	87.46	87.46
juego3	easy	20.0	0.008	1460	400	215	215	0	35	87.46	87.46	87.46
juego3	easy	20.0	0.008	1469	400	215	215	0	35	87.46	87.46	87.46
juego3	easy	20.0	0.008	1478	400	215	215	0	35	87.47	87.47	87.47
juego3	easy	20.0	0.008	1486	400	215	215	0	35	87.47	87.47	87.47
juego3	easy	20.0	0.008	1496	400	215	215	0	35	87.47	87.47	87.47
juego3	easy	20.0	0.008	1504	400	215	215	0	35	87.47	87.47	87.47
juego3	easy	20.0	0.008	1512	400	215	214	-1	35	87.49	87.49	87.49
juego3	easy	20.0	0.008	1520	400	215	214	-1	35	87.49	87.49	87.49
juego3	easy	20.0	0.008	1529	400	215	214	-1	35	87.5	87.5	87.5
juego3	easy	20.0	0.008	1539	400	215	214	-1	35	87.5	87.5	87.5
juego3	easy	20.0	0.008	1547	400	215	214	-1	35	87.52	87.52	87.52
juego3	easy	20.0	0.008	1555	400	215	214	-1	35	87.52	87.52	87.52
juego3	easy	20.0	0.008	1564	400	215	214	-1	35	87.51	87.51	87.51
juego3	easy	20.0	0.008	1572	400	215	214	-1	35	87.5	87.5	87.5
juego3	easy	20.0	0.008	1582	400	215	214	-1	35	87.5	87.5	87.5
juego3	easy	20.0	0.008	1591	400	215	214	-1	35	87.51	87.51	87.51
juego3	easy	20.0	0.008	1598	400	215	214	-1	35	87.52	87.52	87.52
juego3	easy	20.0	0.008	1607	400	215	214	-1	35	87.54	87.54	87.54
juego3	easy	20.0	0.008	1616	400	215	214	-1	35	87.55	87.55	87.55
juego3	easy	20.0	0.008	1625	400	215	214	-1	35	87.54	87.54	87.54
juego3	easy	20.0	0.008	1633	400	215	214	-1	35	87.53	87.53	87.53
juego3	easy	20.0	0.008	1641	400	215	214	-1	35	87.53	87.53	87.53
juego3	easy	20.0	0.008	1650	400	215	214	-1	35	87.53	87.53	87.53
juego3	easy	20.0	0.008	1659	400	215	214	-1	35	87.54	87.54	87.54
juego3	easy	20.0	0.008	1667	400	215	214	-1	35	87.54	87.54	87.54
juego3	easy	20.0	0.008	1676	400	215	214	-1	35	87.55	87.55	87.55
juego3	easy	20.0	0.008	1683	400	215	214	-1	35	87.54	87.54	87.54
juego3	easy	20.0	0.008	1692	400	215	214	-1	35	87.53	87.53	87.53
juego3	easy	20.0	0.008	1701	400	215	214	-1	35	87.53	87.53	87.53
juego3	easy	20.0	0.008	1710	400	215	214	-1	35	87.53	87.53	87.53
juego3	easy	20.0	0.008	1720	400	215	214	-1	35	87.54	87.54	87.54
juego3	easy	20.0	0.008	1728	400	215	214	-1	35	87.55	87.55	87.55
juego3	easy	20.0	0.008	1738	400	215	214	-1	35	87.55	87.55	87.55
juego3	easy	20.0	0.008	1746	400	215	214	-1	35	87.53	87.53	87.53
juego3	easy	20.0	0.008	1756	400	215	214	-1	35	87.52	87.52	87.52
juego3	easy	20.0	0.008	1764	400	215	214	-1	35	87.52	87.52	87.52
juego3	easy	20.0	0.008	1774	400	215	214	-1	35	87.53	87.53	87.53
juego3	easy	20.0	0.008	1782	400	215	214	-1	35	87.55	87.55	87.55
juego3	easy	20.0	0.008	1792	400	215	214	-1	35	87.57	87.57	87.57
juego3	easy	20.0	0.008	1800	400	215	214	-1	35	87.57	87.57	87.57
juego3	easy	20.0	0.008	1810	400	215	214	-1	35	87.57	87.57	87.57
juego3	easy	20.0	0.008	1818	400	215	214	-1	35	87.56	87.56	87.56
juego3	easy	20.0	0.008	1828	400	215	214	-1	35	87.56	87.56	87.56
juego3	easy	20.0	0.008	1836	400	215	214	-1	35	87.56	87.56	87.56
juego3	easy	20.0	0.008	1845	400	215	214	-1	35	87.56	87.56	87.56
juego3	easy	20.0	0.008	1855	400	215	214	-1	35	87.56	87.56	87.56
juego3	easy	20.0	0.008	1863	400	215	214	-1	35	87.55	87.55	87.55
juego3	easy	20.0	0.008	1872	400	215	214	-1	35	87.54	87.54	87.54
juego3	easy	20.0	0.008	1881	400	215	214	-1	35	87.53	87.53	87.53
juego3	easy	20.0	0.008	1891	400	215	214	-1	35	87.52	87.52	87.52
juego3	easy	20.0	0.008	1899	400	215	214	-1	35	87.51	87.51	87.51
juego3	easy	20.0	0.008	1908	400	215	214	-1	35	87.5	87.5	87.5
juego3	easy	20.0	0.008	1917	400	215	214	-1	35	87.49	87.49	87.49
juego3	easy	20.0	0.008	1926	400	215	215	0	35	87.47	87.47	87.47
juego3	easy	20.0	0.008	1935	400	215	215	0	35	87.47	87.47	87.47
juego3	easy	20.0	0.008	1943	400	215	215	0	35	87.46	87.46	87.46
juego3	easy	20.0	0.008	1951	400	215	215	0	35	87.47	87.47	87.47
juego3	easy	20.0	0.008	1959	400	215	215	0	35	87.47	87.47	87.47
juego3	easy	20.0	0.008	1968	400	215	214	-1	35	87.48	87.48	87.48
juego3	easy	20.0	0.008	1977	400	215	215	0	35	87.47	87.47	87.47
juego3	easy	20.0	0.008	1986	400	215	215	0	35	87.46	87.46	87.46
juego3	easy	20.0	0.008	1996	400	215	215	0	35	87.45	87.45	87.45
juego3	easy	20.0	0.008	0	400	215	215	0	36	87.44	87.44	87.44
juego3	easy	0.0	0.008	8	400	231	215	-16	36	87.44	87.44	87.44
juego3	easy	0.0	0.008	15	400	231	215	-16	36	87.44	87.44	87.44
juego3	easy	0.0	0.008	24	400	231	215	-16	36	87.44	87.44	87.44
juego3	easy	0.0	0.008	33	400	231	215	-16	36	87.44	87.44	87.44
juego3	easy	0.0	0.008	42	400	231	215	-16	36	87.43	87.43	87.43
juego3	easy	0.0	0.008	51	400	231	215	-16	36	87.42	87.42	87.42
juego3	easy	0.0	0.008	60	400	231	215	-16	36	87.42	87.42	87.42
juego3	easy	0.0	0.008	69	400	231	215	-16	36	87.4	87.4	87.4
juego3	easy	0.0	0.008	79	400	231	215	-16	36	87.37	87.37	87.37
juego3	easy	0.0	0.008	87	400	231	215	-16	36	87.34	87.34	87.34
juego3	easy	0.0	0.008	97	400	231	215	-16	36	87.35	87.35	87.35
juego3	easy	0.0	0.008	105	400	231	215	-16	36	87.37	87.37	87.37
juego3	easy	0.0	0.008	115	400	231	215	-16	36	87.42	87.42	87.42
juego3	easy	0.0	0.008	123	400	231	215	-16	36	87.45	87.45	87.45
juego3	easy	0.0	0.008	130	400	231	215	-16	36	87.44	87.44	87.44
juego3	easy	0.0	0.008	139	400	231	215	-16	36	87.4	87.4	87.4
juego3	easy	0.0	0.008	149	400	231	215	-16	36	87.37	87.37	87.37
juego3	easy	0.0	0.008	157	400	231	215	-16	36	87.35	87.35	87.35
juego3	easy	0.0	0.008	166	400	231	215	-16	36	87.36	87.36	87.36
juego3	easy	0.0	0.008	173	400	231	215	-16	36	87.38	87.38	87.38
juego3	easy	0.0	0.008	182	400	231	215	-16	36	87.38	87.38	87.38
juego3	easy	0.0	0.008	192	400	231	215	-16	36	87.35	87.35	87.35
juego3	easy	0.0	0.008	200	400	231	215	-16	36	87.35	87.35	87.35
juego3	easy	0.0	0.008	209	400	231	215	-16	36	87.35	87.35	87.35
juego3	easy	0.0	0.008	218	400	231	215	-16	36	87.36	87.36	87.36
juego3	easy	0.0	0.008	226	400	231	215	-16	36	87.36	87.36	87.36
juego3	easy	0.0	0.008	235	400	231	215	-16	36	87.37	87.37	87.37
juego3	easy	0.0	0.008	244	400	231	215	-16	36	87.36	87.36	87.36
juego3	easy	0.0	0.008	252	400	231	215	-16	36	87.34	87.34	87.34
juego3	easy	0.0	0.008	261	400	231	215	-16	36	87.33	87.33	87.33
juego3	easy	0.0	0.008	270	400	231	215	-16	36	87.34	87.34	87.34
juego3	easy	0.0	0.008	278	400	231	215	-16	36	87.34	87.34	87.34
juego3	easy	0.0	0.008	287	400	231	215	-16	36	87.35	87.35	87.35
juego3	easy	0.0	0.008	297	400	231	215	-16	36	87.34	87.34	87.34
juego3	easy	0.0	0.008	305	400	231	215	-16	36	87.3	87.3	87.3
juego3	easy	0.0	0.008	314	400	231	216	-15	36	87.22	87.22	87.22
juego3	easy	0.0	0.008	323	400	231	216	-15	36	87.14	87.14	87.14
juego3	easy	0.0	0.008	331	400	231	216	-15	36	87.12	87.12	87.12
juego3	easy	0.0	0.008	340	400	231	216	-15	36	87.03	87.03	87.03
juego3	easy	0.0	0.008	350	400	231	217	-14	36	86.81	86.81	86.81
juego3	easy	0.0	0.008	359	400	231	218	-13	36	86.45	86.45	86.45
juego3	easy	0.0	0.008	368	400	231	220	-11	36	86.01	86.01	86.01
juego3	easy	0.0	0.008	376	400	231	221	-10	36	85.78	85.78	85.78
juego3	easy	0.0	0.008	384	400	231	223	-8	36	85.32	85.32	85.32
juego3	easy	0.0	0.008	393	400	231	224	-7	36	84.91	84.91	84.91
juego3	easy	0.0	0.008	403	400	231	226	-5	36	84.53	84.53	84.53
juego3	easy	0.0	0.008	411	400	231	227	-4	36	84.35	84.35	84.35
juego3	easy	0.0	0.008	419	400	231	228	-3	36	84.01	84.01	84.01
juego3	easy	0.0	0.008	428	400	231	229	-2	36	83.69	83.69	83.69
juego3	easy	0.0	0.008	437	400	231	230	-1	36	83.55	83.55	83.55
juego3	easy	0.0	0.008	445	400	231	231	0	36	83.32	83.32	83.32
juego3	easy	0.0	0.008	454	400	231	231	0	36	83.15	83.15	83.15
juego3	easy	0.0	0.008	463	400	231	232	1	36	83.03	83.03	83.03
juego3	easy	0.0	0.008	472	400	231	232	1	36	82.98	82.98	82.98
juego3	easy	0.0	0.008	481	400	231	232	1	36	82.88	82.88	82.88
juego3	easy	0.0	0.008	490	400	231	233	2	36	82.84	82.84	82.84
juego3	easy	0.0	0.008	500	400	231	233	2	36	82.84	82.84	82.84
juego3	easy	0.0	0.008	508	400	231	233	2	36	82.85	82.85	82.85
juego3	easy	0.0	0.008	516	400	231	233	2	36	82.84	82.84	82.84
juego3	easy	0.0	0.008	525	400	231	233	2	36	82.82	82.82	82.82
juego3	easy	0.0	0.008	534	400	231	233	2	36	82.77	82.77	82.77
juego3	easy	0.0	0.008	544	400	231	233	2	36	82.74	82.74	82.74
juego3	easy	0.0	0.008	552	400	231	233	2	36	82.73	82.73	82.73
juego3	easy	0.0	0.008	561	400	231	233	2	36	82.76	82.76	82.76
juego3	easy	0.0	0.008	570	400	231	233	2	36	82.8	82.8	82.8
juego3	easy	0.0	0.008	579	400	231	233	2	36	82.83	82.83	82.83
juego3	easy	0.0	0.008	588	400	231	232	1	36	82.87	82.87	82.87
juego3	easy	0.0	0.008	597	400	231	232	1	36	82.88	82.88	82.88
juego3	easy	0.0	0.008	606	400	231	232	1	36	82.92	82.92	82.92
juego3	easy	0.0	0.008	615	400	231	232	1	36	82.95	82.95	82.95
juego3	easy	0.0	0.008	623	400	231	232	1	36	82.98	82.98	82.98
juego3	easy	0.0	0.008	632	400	231	232	1	36	83.0	83.0	83.0
juego3	easy	0.0	0.008	640	400	231	232	1	36	83.03	83.03	83.03
juego3	easy	0.0	0.008	649	400	231	232	1	36	83.06	83.06	83.06
juego3	easy	0.0	0.008	658	400	231	232	1	36	83.08	83.08	83.08
juego3	easy	0.0	0.008	667	400	231	232	1	36	83.09	83.09	83.09
juego3	easy	0.0	0.008	676	400	231	232	1	36	83.11	83.11	83.11
juego3	easy	0.0	0.008	684	400	231	231	0	36	83.13	83.13	83.13
juego3	easy	0.0	0.008	693	400	231	231	0	36	83.15	83.15	83.15
juego3	easy	0.0	0.008	701	400	231	231	0	36	83.15	83.15	83.15
juego3	easy	0.0	0.008	710	400	231	231	0	36	83.16	83.16	83.16
juego3	easy	0.0	0.008	718	400	231	231	0	36	83.16	83.16	83.16
juego3	easy	0.0	0.008	726	400	231	231	0	36	83.16	83.16	83.16
juego3	easy	0.0	0.008	734	400	231	231	0	36	83.17	83.17	83.17
juego3	easy	0.0	0.008	743	400	231	231	0	36	83.19	83.19	83.19
juego3	easy	0.0	0.008	753	400	231	231	0	36	83.2	83.2	83.2
juego3	easy	0.0	0.008	761	400	231	231	0	36	83.22	83.22	83.22
juego3	easy	0.0	0.008	770	400	231	231	0	36	83.23	83.23	83.23
juego3	easy	0.0	0.008	778	400	231	231	0	36	83.22	83.22	83.22
juego3	easy	0.0	0.008	787	400	231	231	0	36	83.22	83.22	83.22
juego3	easy	0.0	0.008	796	400	231	231	0	36	83.22	83.22	83.22
juego3	easy	0.0	0.008	805	400	231	231	0	36	83.22	83.22	83.22
juego3	easy	0.0	0.008	814	400	231	231	0	36	83.22	83.22	83.22
juego3	easy	0.0	0.008	822	400	231	231	0	36	83.23	83.23	83.23
juego3	easy	0.0	0.008	831	400	231	231	0	36	83.22	83.22	83.22
juego3	easy	0.0	0.008	840	400	231	231	0	36	83.24	83.24	83.24
juego3	easy	0.0	0.008	850	400	231	231	0	36	83.25	83.25	83.25
juego3	easy	0.0	0.008	858	400	231	231	0	36	83.25	83.25	83.25
juego3	easy	0.0	0.008	867	400	231	231	0	36	83.26	83.26	83.26
juego3	easy	0.0	0.008	876	400	231	231	0	36	83.24	83.24	83.24
juego3	easy	0.0	0.008	885	400	231	231	0	36	83.23	83.23	83.23
juego3	easy	0.0	0.008	894	400	231	231	0	36	83.23	83.23	83.23
juego3	easy	0.0	0.008	903	400	231	231	0	36	83.22	83.22	83.22
juego3	easy	0.0	0.008	911	400	231	231	0	36	83.23	83.23	83.23
juego3	easy	0.0	0.008	920	400	231	231	0	36	83.21	83.21	83.21
juego3	easy	0.0	0.008	929	400	231	231	0	36	83.21	83.21	83.21
juego3	easy	0.0	0.008	939	400	231	231	0	36	83.19	83.19	83.19
juego3	easy	0.0	0.008	947	400	231	231	0	36	83.19	83.19	83.19
juego3	easy	0.0	0.008	956	400	231	231	0	36	83.18	83.18	83.18
juego3	easy	0.0	0.008	964	400	231	231	0	36	83.17	83.17	83.17
juego3	easy	0.0	0.008	973	400	231	231	0	36	83.17	83.17	83.17
juego3	easy	0.0	0.008	981	400	231	231	0	36	83.15	83.15	83.15
juego3	easy	0.0	0.008	989	400	231	231	0	36	83.14	83.14	83.14
juego3	easy	0.0	0.008	998	400	231	231	0	36	83.14	83.14	83.14
juego3	easy	0.0	0.008	1007	400	231	231	0	36	83.15	83.15	83.15
juego3	easy	0.0	0.008	1016	400	231	231	0	36	83.17	83.17	83.17
juego3	easy	0.0	0.008	1024	400	231	231	0	36	83.17	83.17	83.17
juego3	easy	0.0	0.008	1033	400	231	231	0	36	83.17	83.17	83.17
juego3	easy	0.0	0.008	1043	400	231	231	0	36	83.18	83.18	83.18
juego3	easy	0.0	0.008	1051	400	231	231	0	36	83.18	83.18	83.18
juego3	easy	0.0	0.008	1060	400	231	231	0	36	83.19	83.19	83.19
juego3	easy	0.0	0.008	1069	400	231	231	0	36	83.17	83.17	83.17
juego3	easy	0.0	0.008	1077	400	231	231	0	36	83.17	83.17	83.17
juego3	easy	0.0	0.008	1086	400	231	231	0	36	83.15	83.15	83.15
juego3	easy	0.0	0.008	1095	400	231	231	0	36	83.15	83.15	83.15
juego3	easy	0.0	0.008	1104	400	231	231	0	36	83.15	83.15	83.15
juego3	easy	0.0	0.008	1114	400	231	231	0	36	83.16	83.16	83.16
juego3	easy	0.0	0.008	1122	400	231	231	0	36	83.15	83.15	83.15
juego3	easy	0.0	0.008	1131	400	231	231	0	36	83.15	83.15	83.15
juego3	easy	0.0	0.008	1140	400	231	231	0	36	83.13	83.13	83.13
juego3	easy	0.0	0.008	1149	400	231	231	0	36	83.12	83.12	83.12
juego3	easy	0.0	0.008	1159	400	231	231	0	36	83.12	83.12	83.12
juego3	easy	0.0	0.008	1167	400	231	231	0	36	83.12	83.12	83.12
juego3	easy	0.0	0.008	1177	400	231	231	0	36	83.13	83.13	83.13
juego3	easy	0.0	0.008	1185	400	231	231	0	36	83.13	83.13	83.13
juego3	easy	0.0	0.008	1194	400	231	232	1	36	83.11	83.11	83.11
juego3	easy	0.0	0.008	1204	400	231	232	1	36	83.1	83.1	83.1
juego3	easy	0.0	0.008	1212	400	231	232	1	36	83.09	83.09	83.09
juego3	easy	0.0	0.008	1220	400	231	232	1	36	83.11	83.11	83.11
juego3	easy	0.0	0.008	1229	400	231	232	1	36	83.11	83.11	83.11
juego3	easy	0.0	0.008	1237	400	231	231	0	36	83.12	83.12	83.12
juego3	easy	0.0	0.008	1245	400	231	232	1	36	83.11	83.11	83.11
juego3	easy	0.0	0.008	1253	400	231	232	1	36	83.11	83.11	83.11
juego3	easy	0.0	0.008	1262	400	231	232	1	36	83.09	83.09	83.09
juego3	easy	0.0	0.008	1271	400	231	232	1	36	83.06	83.06	83.06
juego3	easy	0.0	0.008	1280	400	231	232	1	36	83.06	83.06	83.06
juego3	easy	0.0	0.008	1288	400	231	232	1	36	83.06	83.06	83.06
juego3	easy	0.0	0.008	1297	400	231	232	1	36	83.06	83.06	83.06
juego3	easy	0.0	0.008	1305	400	231	232	1	36	83.06	83.06	83.06
juego3	easy	0.0	0.008	1314	400	231	232	1	36	83.06	83.06	83.06
juego3	easy	0.0	0.008	1323	400	231	232	1	36	83.06	83.06	83.06
juego3	easy	0.0	0.008	1332	400	231	232	1	36	83.06	83.06	83.06
juego3	easy	0.0	0.008	1341	400	231	232	1	36	83.06	83.06	83.06
juego3	easy	0.0	0.008	1351	400	231	232	1	36	83.07	83.07	83.07
juego3	easy	0.0	0.008	1360	400	231	232	1	36	83.08	83.08	83.08
juego3	easy	0.0	0.008	1369	400	231	232	1	36	83.07	83.07	83.07
juego3	easy	0.0	0.008	1378	400	231	232	1	36	83.07	83.07	83.07
juego3	easy	0.0	0.008	1387	400	231	232	1	36	83.06	83.06	83.06
juego3	easy	0.0	0.008	1394	400	231	232	1	36	83.07	83.07	83.07
juego3	easy	0.0	0.008	1403	400	231	232	1	36	83.08	83.08	83.08
juego3	easy	0.0	0.008	1412	400	231	232	1	36	83.08	83.08	83.08
juego3	easy	0.0	0.008	1421	400	231	232	1	36	83.08	83.08	83.08
juego3	easy	0.0	0.008	1429	400	231	232	1	36	83.07	83.07	83.07
juego3	easy	0.0	0.008	1437	400	231	232	1	36	83.06	83.06	83.06
juego3	easy	0.0	0.008	1447	400	231	232	1	36	83.06	83.06	83.06
juego3	easy	0.0	0.008	1456	400	231	232	1	36	83.05	83.05	83.05
juego3	easy	0.0	0.008	1464	400	231	232	1	36	83.05	83.05	83.05
juego3	easy	0.0	0.008	1473	400	231	232	1	36	83.04	83.04	83.04
juego3	easy	0.0	0.008	1482	400	231	232	1	36	83.03	83.03	83.03
juego3	easy	0.0	0.008	1490	400	231	232	1	36	83.03	83.03	83.03
juego3	easy	0.0	0.008	1499	400	231	232	1	36	83.04	83.04	83.04
juego3	easy	0.0	0.008	1508	400	231	232	1	36	83.04	83.04	83.04
juego3	easy	0.0	0.008	1516	400	231	232	1	36	83.04	83.04	83.04
juego3	easy	0.0	0.008	1525	400	231	232	1	36	83.04	83.04	83.04
juego3	easy	0.0	0.008	1534	400	231	232	1	36	83.05	83.05	83.05
juego3	easy	0.0	0.008	1543	400	231	232	1	36	83.06	83.06	83.06
juego3	easy	0.0	0.008	1552	400	231	232	1	36	83.06	83.06	83.06
juego3	easy	0.0	0.008	1561	400	231	232	1	36	83.06	83.06	83.06
juego3	easy	0.0	0.008	1569	400	231	232	1	36	83.06	83.06	83.06
juego3	easy	0.0	0.008	1577	400	231	232	1	36	83.06	83.06	83.06
juego3	easy	0.0	0.008	1586	400	231	232	1	36	83.06	83.06	83.06
juego3	easy	0.0	0.008	1595	400	231	232	1	36	83.05	83.05	83.05
juego3	easy	0.0	0.008	1604	400	231	232	1	36	83.05	83.05	83.05
juego3	easy	0.0	0.008	1613	400	231	232	1	36	83.06	83.06	83.06
juego3	easy	0.0	0.008	1622	400	231	232	1	36	83.06	83.06	83.06
juego3	easy	0.0	0.008	1631	400	231	232	1	36	83.05	83.05	83.05
juego3	easy	0.0	0.008	1641	400	231	232	1	36	83.06	83.06	83.06
juego3	easy	0.0	0.008	1649	400	231	232	1	36	83.06	83.06	83.06
juego3	easy	0.0	0.008	1658	400	231	232	1	36	83.07	83.07	83.07
juego3	easy	0.0	0.008	1666	400	231	232	1	36	83.08	83.08	83.08
juego3	easy	0.0	0.008	1675	400	231	232	1	36	83.08	83.08	83.08
juego3	easy	0.0	0.008	1684	400	231	232	1	36	83.08	83.08	83.08
juego3	easy	0.0	0.008	1693	400	231	232	1	36	83.08	83.08	83.08
juego3	easy	0.0	0.008	1701	400	231	232	1	36	83.08	83.08	83.08
juego3	easy	0.0	0.008	1711	400	231	232	1	36	83.09	83.09	83.09
juego3	easy	0.0	0.008	1719	400	231	232	1	36	83.1	83.1	83.1
juego3	easy	0.0	0.008	1729	400	231	232	1	36	83.1	83.1	83.1
juego3	easy	0.0	0.008	1737	400	231	232	1	36	83.1	83.1	83.1
juego3	easy	0.0	0.008	1747	400	231	232	1	36	83.09	83.09	83.09
juego3	easy	0.0	0.008	1754	400	231	232	1	36	83.08	83.08	83.08
juego3	easy	0.0	0.008	1763	400	231	232	1	36	83.08	83.08	83.08
juego3	easy	0.0	0.008	1771	400	231	232	1	36	83.08	83.08	83.08
juego3	easy	0.0	0.008	1780	400	231	232	1	36	83.09	83.09	83.09
juego3	easy	0.0	0.008	1789	400	231	232	1	36	83.08	83.08	83.08
juego3	easy	0.0	0.008	1798	400	231	232	1	36	83.09	83.09	83.09
juego3	easy	0.0	0.008	1807	400	231	232	1	36	83.1	83.1	83.1
juego3	easy	0.0	0.008	1817	400	231	232	1	36	83.1	83.1	83.1
juego3	easy	0.0	0.008	1824	400	231	232	1	36	83.1	83.1	83.1
juego3	easy	0.0	0.008	1833	400	231	232	1	36	83.1	83.1	83.1
juego3	easy	0.0	0.008	1842	400	231	232	1	36	83.1	83.1	83.1
juego3	easy	0.0	0.008	1851	400	231	232	1	36	83.1	83.1	83.1
juego3	easy	0.0	0.008	1859	400	231	232	1	36	83.1	83.1	83.1
juego3	easy	0.0	0.008	1868	400	231	232	1	36	83.09	83.09	83.09
juego3	easy	0.0	0.008	1877	400	231	232	1	36	83.08	83.08	83.08
juego3	easy	0.0	0.008	1887	400	231	232	1	36	83.06	83.06	83.06
juego3	easy	0.0	0.008	1897	400	231	232	1	36	83.03	83.03	83.03
juego3	easy	0.0	0.008	1904	400	231	232	1	36	83.02	83.02	83.02
juego3	easy	0.0	0.008	1912	400	231	232	1	36	83.03	83.03	83.03
juego3	easy	0.0	0.008	1921	400	231	232	1	36	83.04	83.04	83.04
juego3	easy	0.0	0.008	1929	400	231	232	1	36	83.04	83.04	83.04
juego3	easy	0.0	0.008	1938	400	231	232	1	36	83.03	83.03	83.03
juego3	easy	0.0	0.008	1947	400	231	232	1	36	83.0	83.0	83.0
juego3	easy	0.0	0.008	1957	400	231	232	1	36	82.97	82.97	82.97
juego3	easy	0.0	0.008	1965	400	231	232	1	36	82.97	82.97	82.97
juego3	easy	0.0	0.008	1975	400	231	232	1	36	82.96	82.96	82.96
juego3	easy	0.0	0.008	1983	400	231	232	1	36	82.96	82.96	82.96
juego3	easy	0.0	0.008	1992	400	231	232	1	36	82.95	82.95	82.95
juego3	easy	0.0	0.008	0	400	231	232	1	37	82.94	82.94	82.94
juego3	easy	-20.0	0.008	10	400	274	232	-42	37	82.94	82.94	82.94
juego3	easy	-20.0	0.008	18	400	274	232	-42	37	82.94	82.94	82.94
juego3	easy	-20.0	0.008	25	400	274	232	-42	37	82.94	82.94	82.94
juego3	easy	-20.0	0.008	34	400	274	232	-42	37	82.93	82.93	82.93
juego3	easy	-20.0	0.008	43	400	274	232	-42	37	82.92	82.92	82.92
juego3	easy	-20.0	0.008	52	400	274	232	-42	37	82.89	82.89	82.89
juego3	easy	-20.0	0.008	60	400	274	232	-42	37	82.87	82.87	82.87
juego3	easy	-20.0	0.008	69	400	274	232	-42	37	82.86	82.86	82.86
juego3	easy	-20.0	0.008	78	400	274	232	-42	37	82.86	82.86	82.86
juego3	easy	-20.0	0.008	87	400	274	233	-41	37	82.84	82.84	82.84
juego3	easy	-20.0	0.008	96	400	274	233	-41	37	82.84	82.84	82.84
juego3	easy	-20.0	0.008	104	400	274	233	-41	37	82.83	82.83	82.83
juego3	easy	-20.0	0.008	113	400	274	233	-41	37	82.82	82.82	82.82
juego3	easy	-20.0	0.008	122	400	274	233	-41	37	82.82	82.82	82.82
juego3	easy	-20.0	0.008	131	400	274	233	-41	37	82.82	82.82	82.82
juego3	easy	-20.0	0.008	140	400	274	233	-41	37	82.83	82.83	82.83
juego3	easy	-20.0	0.008	149	400	274	233	-41	37	82.83	82.83	82.83
juego3	easy	-20.0	0.008	157	400	274	233	-41	37	82.84	82.84	82.84
juego3	easy	-20.0	0.008	166	400	274	233	-41	37	82.85	82.85	82.85
juego3	easy	-20.0	0.008	175	400	274	233	-41	37	82.85	82.85	82.85
juego3	easy	-20.0	0.008	184	400	274	233	-41	37	82.85	82.85	82.85
juego3	easy	-20.0	0.008	192	400	274	233	-41	37	82.85	82.85	82.85
juego3	easy	-20.0	0.008	201	400	274	233	-41	37	82.83	82.83	82.83
juego3	easy	-20.0	0.008	209	400	274	233	-41	37	82.82	82.82	82.82
juego3	easy	-20.0	0.008	217	400	274	233	-41	37	82.8	82.8	82.8
juego3	easy	-20.0	0.008	226	400	274	233	-41	37	82.75	82.75	82.75
juego3	easy	-20.0	0.008	235	400	274	233	-41	37	82.71	82.71	82.71
juego3	easy	-20.0	0.008	243	400	274	234	-40	37	82.54	82.54	82.54
juego3	easy	-20.0	0.008	252	400	274	235	-39	37	82.31	82.31	82.31
juego3	easy	-20.0	0.008	261	400	274	236	-38	37	82.06	82.06	82.06
juego3	easy	-20.0	0.008	269	400	274	236	-38	37	81.94	81.94	81.94
juego3	easy	-20.0	0.008	277	400	274	237	-37	37	81.71	81.71	81.71
juego3	easy	-20.0	0.008	286	400	274	237	-37	37	81.58	81.58	81.58
juego3	easy	-20.0	0.008	294	400	274	239	-35	37	81.28	81.28	81.28
juego3	easy	-20.0	0.008	303	400	274	240	-34	37	80.95	80.95	80.95
juego3	easy	-20.0	0.008	311	400	274	241	-33	37	80.77	80.77	80.77
juego3	easy	-20.0	0.008	320	400	274	242	-32	37	80.43	80.43	80.43
juego3	easy	-20.0	0.008	329	400	274	243	-31	37	80.08	80.08	80.08
juego3	easy	-20.0	0.008	337	400	274	245	-29	37	79.75	79.75	79.75
juego3	easy	-20.0	0.008	346	400	274	246	-28	37	79.43	79.43	79.43
juego3	easy	-20.0	0.008	354	400	274	246	-28	37	79.3	79.3	79.3
juego3	easy	-20.0	0.008	363	400	274	247	-27	37	79.02	79.02	79.02
juego3	easy	-20.0	0.008	372	400	274	249	-25	37	78.69	78.69	78.69
juego3	easy	-20.0	0.008	381	400	274	250	-24	37	78.31	78.31	78.31
juego3	easy	-20.0	0.008	390	400	274	251	-23	37	78.1	78.1	78.1
juego3	easy	-20.0	0.008	398	400	274	252	-22	37	77.73	77.73	77.73
juego3	easy	-20.0	0.008	407	400	274	254	-20	37	77.39	77.39	77.39
juego3	easy	-20.0	0.008	417	400	274	255	-19	37	77.14	77.14	77.14
juego3	easy	-20.0	0.008	425	400	274	255	-19	37	77.03	77.03	77.03
juego3	easy	-20.0	0.008	434	400	274	256	-18	37	76.85	76.85	76.85
juego3	easy	-20.0	0.008	442	400	274	257	-17	37	76.69	76.69	76.69
juego3	easy	-20.0	0.008	450	400	274	257	-17	37	76.6	76.6	76.6
juego3	easy	-20.0	0.008	459	400	274	257	-17	37	76.44	76.44	76.44
juego3	easy	-20.0	0.008	467	400	274	258	-16	37	76.29	76.29	76.29
juego3	easy	-20.0	0.008	476	400	274	259	-15	37	76.17	76.17	76.17
juego3	easy	-20.0	0.008	485	400	274	259	-15	37	76.1	76.1	76.1
juego3	easy	-20.0	0.008	494	400	274	259	-15	37	75.98	75.98	75.98
juego3	easy	-20.0	0.008	502	400	274	260	-14	37	75.84	75.84	75.84
juego3	easy	-20.0	0.008	510	400	274	260	-14	37	75.77	75.77	75.77
juego3	easy	-20.0	0.008	519	400	274	261	-13	37	75.62	75.62	75.62
juego3	easy	-20.0	0.008	528	400	274	261	-13	37	75.49	75.49	75.49
juego3	easy	-20.0	0.008	537	400	274	261	-13	37	75.44	75.44	75.44
juego3	easy	-20.0	0.008	545	400	274	262	-12	37	75.34	75.34	75.34
juego3	easy	-20.0	0.008	554	400	274	262	-12	37	75.23	75.23	75.23
juego3	easy	-20.0	0.008	563	400	274	263	-11	37	75.11	75.11	75.11
juego3	easy	-20.0	0.008	572	400	274	263	-11	37	75.0	75.0	75.0
juego3	easy	-20.0	0.008	581	400	274	263	-11	37	74.93	74.93	74.93
juego3	easy	-20.0	0.008	590	400	274	263	-11	37	74.9	74.9	74.9
juego3	easy	-20.0	0.008	599	400	274	264	-10	37	74.86	74.86	74.86
juego3	easy	-20.0	0.008	607	400	274	264	-10	37	74.79	74.79	74.79
juego3	easy	-20.0	0.008	616	400	274	264	-10	37	74.74	74.74	74.74
juego3	easy	-20.0	0.008	625	400	274	265	-9	37	74.62	74.62	74.62
juego3	easy	-20.0	0.008	634	400	274	265	-9	37	74.48	74.48	74.48
juego3	easy	-20.0	0.008	643	400	274	266	-8	37	74.35	74.35	74.35
juego3	easy	-20.0	0.008	651	400	274	266	-8	37	74.3	74.3	74.3
juego3	easy	-20.0	0.008	659	400	274	266	-8	37	74.2	74.2	74.2
juego3	easy	-20.0	0.008	668	400	274	267	-7	37	74.11	74.11	74.11
juego3	easy	-20.0	0.008	677	400	274	267	-7	37	74.01	74.01	74.01
juego3	easy	-20.0	0.008	685	400	274	267	-7	37	73.94	73.94	73.94
juego3	easy	-20.0	0.008	693	400	274	268	-6	37	73.82	73.82	73.82
juego3	easy	-20.0	0.008	702	400	274	268	-6	37	73.72	73.72	73.72
juego3	easy	-20.0	0.008	710	400	274	268	-6	37	73.67	73.67	73.67
juego3	easy	-20.0	0.008	720	400	274	269	-5	37	73.57	73.57	73.57
juego3	easy	-20.0	0.008	728	400	274	269	-5	37	73.44	73.44	73.44
juego3	easy	-20.0	0.008	737	400	274	270	-4	37	73.27	73.27	73.27
juego3	easy	-20.0	0.008	746	400	274	270	-4	37	73.19	73.19	73.19
juego3	easy	-20.0	0.008	755	400	274	271	-3	37	73.01	73.01	73.01
juego3	easy	-20.0	0.008	764	400	274	272	-2	37	72.81	72.81	72.81
juego3	easy	-20.0	0.008	772	400	274	272	-2	37	72.62	72.62	72.62
juego3	easy	-20.0	0.008	782	400	274	273	-1	37	72.44	72.44	72.44
juego3	easy	-20.0	0.008	790	400	274	273	-1	37	72.37	72.37	72.37
juego3	easy	-20.0	0.008	799	400	274	274	0	37	72.26	72.26	72.26
juego3	easy	-20.0	0.008	808	400	274	274	0	37	72.19	72.19	72.19
juego3	easy	-20.0	0.008	817	400	274	274	0	37	72.14	72.14	72.14
juego3	easy	-20.0	0.008	826	400	274	274	0	37	72.13	72.13	72.13
juego3	easy	-20.0	0.008	834	400	274	274	0	37	72.09	72.09	72.09
juego3	easy	-20.0	0.008	843	400	274	275	1	37	72.04	72.04	72.04
juego3	easy	-20.0	0.008	851	400	274	275	1	37	72.03	72.03	72.03
juego3	easy	-20.0	0.008	860	400	274	275	1	37	72.0	72.0	72.0
juego3	easy	-20.0	0.008	869	400	274	275	1	37	71.99	71.99	71.99
juego3	easy	-20.0	0.008	879	400	274	275	1	37	71.99	71.99	71.99
juego3	easy	-20.0	0.008	887	400	274	275	1	37	71.99	71.99	71.99
juego3	easy	-20.0	0.008	896	400	274	275	1	37	71.98	71.98	71.98
juego3	easy	-20.0	0.008	905	400	274	275	1	37	71.95	71.95	71.95
juego3	easy	-20.0	0.008	914	400	274	275	1	37	71.93	71.93	71.93
juego3	easy	-20.0	0.008	923	400	274	275	1	37	71.92	71.92	71.92
juego3	easy	-20.0	0.008	930	400	274	275	1	37	71.92	71.92	71.92
juego3	easy	-20.0	0.008	939	400	274	275	1	37	71.92	71.92	71.92
juego3	easy	-20.0	0.008	948	400	274	275	1	37	71.92	71.92	71.92
juego3	easy	-20.0	0.008	956	400	274	275	1	37	71.91	71.91	71.91
juego3	easy	-20.0	0.008	964	400	274	275	1	37	71.89	71.89	71.89
juego3	easy	-20.0	0.008	973	400	274	275	1	37	71.86	71.86	71.86
juego3	easy	-20.0	0.008	981	400	274	275	1	37	71.86	71.86	71.86
juego3	easy	-20.0	0.008	989	400	274	275	1	37	71.86	71.86	71.86
juego3	easy	-20.0	0.008	998	400	274	275	1	37	71.86	71.86	71.86
juego3	easy	-20.0	0.008	1007	400	274	275	1	37	71.84	71.84	71.84
juego3	easy	-20.0	0.008	1016	400	274	275	1	37	71.84	71.84	71.84
juego3	easy	-20.0	0.008	1026	400	274	276	2	37	71.81	71.81	71.81
juego3	easy	-20.0	0.008	1034	400	274	276	2	37	71.81	71.81	71.81
juego3	easy	-20.0	0.008	1043	400	274	276	2	37	71.8	71.8	71.8
juego3	easy	-20.0	0.008	1052	400	274	276	2	37	71.8	71.8	71.8
juego3	easy	-20.0	0.008	1061	400	274	276	2	37	71.78	71.78	71.78
juego3	easy	-20.0	0.008	1069	400	274	276	2	37	71.77	71.77	71.77
juego3	easy	-20.0	0.008	1079	400	274	276	2	37	71.76	71.76	71.76
juego3	easy	-20.0	0.008	1087	400	274	276	2	37	71.75	71.75	71.75
juego3	easy	-20.0	0.008	1095	400	274	276	2	37	71.73	71.73	71.73
juego3	easy	-20.0	0.008	1103	400	274	276	2	37	71.7	71.7	71.7
juego3	easy	-20.0	0.008	1112	400	274	276	2	37	71.69	71.69	71.69
juego3	easy	-20.0	0.008	1121	400	274	276	2	37	71.66	71.66	71.66
juego3	easy	-20.0	0.008	1130	400	274	276	2	37	71.65	71.65	71.65
juego3	easy	-20.0	0.008	1139	400	274	276	2	37	71.64	71.64	71.64
juego3	easy	-20.0	0.008	1149	400	274	276	2	37	71.65	71.65	71.65
juego3	easy	-20.0	0.008	1157	400	274	276	2	37	71.66	71.66	71.66
juego3	easy	-20.0	0.008	1165	400	274	276	2	37	71.68	71.68	71.68
juego3	easy	-20.0	0.008	1173	400	274	276	2	37	71.71	71.71	71.71
juego3	easy	-20.0	0.008	1183	400	274	276	2	37	71.72	71.72	71.72
juego3	easy	-20.0	0.008	1191	400	274	276	2	37	71.74	71.74	71.74
juego3	easy	-20.0	0.008	1200	400	274	276	2	37	71.76	71.76	71.76
juego3	easy	-20.0	0.008	1210	400	274	276	2	37	71.78	71.78	71.78
juego3	easy	-20.0	0.008	1218	400	274	276	2	37	71.81	71.81	71.81
juego3	easy	-20.0	0.008	1227	400	274	275	1	37	71.82	71.82	71.82
juego3	easy	-20.0	0.008	1237	400	274	275	1	37	71.85	71.85	71.85
juego3	easy	-20.0	0.008	1246	400	274	275	1	37	71.87	71.87	71.87
juego3	easy	-20.0	0.008	1254	400	274	275	1	37	71.89	71.89	71.89
juego3	easy	-20.0	0.008	1263	400	274	275	1	37	71.9	71.9	71.9
juego3	easy	-20.0	0.008	1271	400	274	275	1	37	71.91	71.91	71.91
juego3	easy	-20.0	0.008	1279	400	274	275	1	37	71.94	71.94	71.94
juego3	easy	-20.0	0.008	1287	400	274	275	1	37	71.95	71.95	71.95
juego3	easy	-20.0	0.008	1297	400	274	275	1	37	71.97	71.97	71.97
juego3	easy	-20.0	0.008	1305	400	274	275	1	37	71.99	71.99	71.99
juego3	easy	-20.0	0.008	1312	400	274	275	1	37	72.0	72.0	72.0
juego3	easy	-20.0	0.008	1321	400	274	275	1	37	72.02	72.02	72.02
juego3	easy	-20.0	0.008	1330	400	274	275	1	37	72.04	72.04	72.04
juego3	easy	-20.0	0.008	1339	400	274	275	1	37	72.06	72.06	72.06
juego3	easy	-20.0	0.008	1349	400	274	275	1	37	72.07	72.07	72.07
juego3	easy	-20.0	0.008	1357	400	274	275	1	37	72.06	72.06	72.06
juego3	easy	-20.0	0.008	1367	400	274	274	0	37	72.08	72.08	72.08
juego3	easy	-20.0	0.008	1376	400	274	274	0	37	72.09	72.09	72.09
juego3	easy	-20.0	0.008	1384	400	274	274	0	37	72.11	72.11	72.11
juego3	easy	-20.0	0.008	1393	400	274	274	0	37	72.11	72.11	72.11
juego3	easy	-20.0	0.008	1402	400	274	274	0	37	72.1	72.1	72.1
juego3	easy	-20.0	0.008	1411	400	274	274	0	37	72.09	72.09	72.09
juego3	easy	-20.0	0.008	1420	400	274	274	0	37	72.08	72.08	72.08
juego3	easy	-20.0	0.008	1429	400	274	274	0	37	72.08	72.08	72.08
juego3	easy	-20.0	0.008	1438	400	274	274	0	37	72.09	72.09	72.09
juego3	easy	-20.0	0.008	1448	400	274	274	0	37	72.11	72.11	72.11
juego3	easy	-20.0	0.008	1456	400	274	274	0	37	72.12	72.12	72.12
juego3	easy	-20.0	0.008	1464	400	274	274	0	37	72.11	72.11	72.11
juego3	easy	-20.0	0.008	1473	400	274	274	0	37	72.1	72.1	72.1
juego3	easy	-20.0	0.008	1482	400	274	275	1	37	72.07	72.07	72.07
juego3	easy	-20.0	0.008	1490	400	274	275	1	37	72.05	72.05	72.05
juego3	easy	-20.0	0.008	1499	400	274	275	1	37	72.04	72.04	72.04
juego3	easy	-20.0	0.008	1507	400	274	275	1	37	72.05	72.05	72.05
juego3	easy	-20.0	0.008	1515	400	274	275	1	37	72.05	72.05	72.05
juego3	easy	-20.0	0.008	1525	400	274	275	1	37	72.04	72.04	72.04
juego3	easy	-20.0	0.008	1533	400	274	275	1	37	72.04	72.04	72.04
juego3	easy	-20.0	0.008	1542	400	274	275	1	37	72.03	72.03	72.03
juego3	easy	-20.0	0.008	1550	400	274	275	1	37	72.03	72.03	72.03
juego3	easy	-20.0	0.008	1559	400	274	275	1	37	72.03	72.03	72.03
juego3	easy	-20.0	0.008	1568	400	274	275	1	37	72.04	72.04	72.04
juego3	easy	-20.0	0.008	1577	400	274	275	1	37	72.01	72.01	72.01
juego3	easy	-20.0	0.008	1585	400	274	275	1	37	71.99	71.99	71.99
juego3	easy	-20.0	0.008	1592	400	274	275	1	37	71.99	71.99	71.99
juego3	easy	-20.0	0.008	1601	400	274	275	1	37	71.99	71.99	71.99
juego3	easy	-20.0	0.008	1609	400	274	275	1	37	72.0	72.0	72.0
juego3	easy	-20.0	0.008	1617	400	274	275	1	37	72.01	72.01	72.01
juego3	easy	-20.0	0.008	1627	400	274	275	1	37	72.02	72.02	72.02
juego3	easy	-20.0	0.008	1636	400	274	275	1	37	72.02	72.02	72.02
juego3	easy	-20.0	0.008	1644	400	274	275	1	37	72.01	72.01	72.01
juego3	easy	-20.0	0.008	1651	400	274	275	1	37	72.01	72.01	72.01
juego3	easy	-20.0	0.008	1660	400	274	275	1	37	72.03	72.03	72.03
juego3	easy	-20.0	0.008	1670	400	274	275	1	37	72.05	72.05	72.05
juego3	easy	-20.0	0.008	1678	400	274	275	1	37	72.06	72.06	72.06
juego3	easy	-20.0	0.008	1687	400	274	274	0	37	72.08	72.08	72.08
juego3	easy	-20.0	0.008	1696	400	274	274	0	37	72.08	72.08	72.08
juego3	easy	-20.0	0.008	1705	400	274	274	0	37	72.08	72.08	72.08
juego3	easy	-20.0	0.008	1714	400	274	274	0	37	72.08	72.08	72.08
juego3	easy	-20.0	0.008	1722	400	274	274	0	37	72.1	72.1	72.1
juego3	easy	-20.0	0.008	1730	400	274	274	0	37	72.12	72.12	72.12
juego3	easy	-20.0	0.008	1740	400	274	274	0	37	72.14	72.14	72.14
juego3	easy	-20.0	0.008	1748	400	274	274	0	37	72.15	72.15	72.15
juego3	easy	-20.0	0.008	1756	400	274	274	0	37	72.16	72.16	72.16
juego3	easy	-20.0	0.008	1765	400	274	274	0	37	72.17	72.17	72.17
juego3	easy	-20.0	0.008	1774	400	274	274	0	37	72.19	72.19	72.19
juego3	easy	-20.0	0.008	1783	400	274	274	0	37	72.2	72.2	72.2
juego3	easy	-20.0	0.008	1791	400	274	274	0	37	72.22	72.22	72.22
juego3	easy	-20.0	0.008	1800	400	274	274	0	37	72.23	72.23	72.23
juego3	easy	-20.0	0.008	1809	400	274	274	0	37	72.25	72.25	72.25
juego3	easy	-20.0	0.008	1818	400	274	274	0	37	72.25	72.25	72.25
juego3	easy	-20.0	0.008	1827	400	274	274	0	37	72.27	72.27	72.27
juego3	easy	-20.0	0.008	1835	400	274	274	0	37	72.29	72.29	72.29
juego3	easy	-20.0	0.008	1844	400	274	274	0	37	72.3	72.3	72.3
juego3	easy	-20.0	0.008	1853	400	274	274	0	37	72.3	72.3	72.3
juego3	easy	-20.0	0.008	1862	400	274	274	0	37	72.32	72.32	72.32
juego3	easy	-20.0	0.008	1871	400	274	273	-1	37	72.34	72.34	72.34
juego3	easy	-20.0	0.008	1880	400	274	273	-1	37	72.35	72.35	72.35
juego3	easy	-20.0	0.008	1888	400	274	273	-1	37	72.36	72.36	72.36
juego3	easy	-20.0	0.008	1896	400	274	273	-1	37	72.37	72.37	72.37
juego3	easy	-20.0	0.008	1905	400	274	273	-1	37	72.37	72.37	72.37
juego3	easy	-20.0	0.008	1913	400	274	273	-1	37	72.37	72.37	72.37
juego3	easy	-20.0	0.008	1922	400	274	273	-1	37	72.37	72.37	72.37
juego3	easy	-20.0	0.008	1931	400	274	273	-1	37	72.38	72.38	72.38
juego3	easy	-20.0	0.008	1941	400	274	273	-1	37	72.4	72.4	72.4
juego3	easy	-20.0	0.008	1949	400	274	273	-1	37	72.41	72.41	72.41
juego3	easy	-20.0	0.008	1958	400	274	273	-1	37	72.42	72.42	72.42
juego3	easy	-20.0	0.008	1967	400	274	273	-1	37	72.42	72.42	72.42
juego3	easy	-20.0	0.008	1976	400	274	273	-1	37	72.42	72.42	72.42
juego3	easy	-20.0	0.008	1984	400	274	273	-1	37	72.43	72.43	72.43
juego3	easy	-20.0	0.008	1993	400	274	273	-1	37	72.44	72.44	72.44
juego3	easy	-20.0	0.008	0	400	274	273	-1	38	72.46	72.46	72.46
juego3	easy	0.0	0.008	9	400	231	273	42	38	72.48	72.48	72.48
juego3	easy	0.0	0.008	18	400	231	273	42	38	72.49	72.49	72.49
juego3	easy	0.0	0.008	27	400	231	273	42	38	72.52	72.52	72.52
juego3	easy	0.0	0.008	36	400	231	273	42	38	72.54	72.54	72.54
juego3	easy	0.0	0.008	45	400	231	272	41	38	72.59	72.59	72.59
juego3	easy	0.0	0.008	54	400	231	272	41	38	72.66	72.66	72.66
juego3	easy	0.0	0.008	63	400	231	272	41	38	72.73	72.73	72.73
juego3	easy	0.0	0.008	71	400	231	271	40	38	72.96	72.96	72.96
juego3	easy	0.0	0.008	81	400	231	269	38	38	73.42	73.42	73.42
juego3	easy	0.0	0.008	90	400	231	267	36	38	74.1	74.1	74.1
juego3	easy	0.0	0.008	98	400	231	265	34	38	74.54	74.54	74.54
juego3	easy	0.0	0.008	107	400	231	261	30	38	75.51	75.51	75.51
juego3	easy	0.0	0.008	115	400	231	257	26	38	76.6	76.6	76.6
juego3	easy	0.0	0.008	125	400	231	253	22	38	77.7	77.7	77.7
juego3	easy	0.0	0.008	133	400	231	251	20	38	78.22	78.22	78.22
juego3	easy	0.0	0.008	142	400	231	249	18	38	78.73	78.73	78.73
juego3	easy	0.0	0.008	152	400	231	243	12	38	80.07	80.07	80.07
juego3	easy	0.0	0.008	159	400	231	241	10	38	80.77	80.77	80.77
juego3	easy	0.0	0.008	168	400	231	240	9	38	81.05	81.05	81.05
juego3	easy	0.0	0.008	177	400	231	238	7	38	81.49	81.49	81.49
juego3	easy	0.0	0.008	185	400	231	236	5	38	81.83	81.83	81.83
juego3	easy	0.0	0.008	195	400	231	235	4	38	82.18	82.18	82.18
juego3	easy	0.0	0.008	202	400	231	234	3	38	82.37	82.37	82.37
juego3	easy	0.0	0.008	211	400	231	233	2	38	82.76	82.76	82.76
juego3	easy	0.0	0.008	220	400	231	231	0	38	83.13	83.13	83.13
juego3	easy	0.0	0.008	228	400	231	231	0	38	83.29	83.29	83.29
juego3	easy	0.0	0.008	237	400	231	230	-1	38	83.57	83.57	83.57
juego3	easy	0.0	0.008	245	400	231	229	-2	38	83.75	83.75	83.75
juego3	easy	0.0	0.008	253	400	231	229	-2	38	83.81	83.81	83.81
juego3	easy	0.0	0.008	262	400	231	228	-3	38	83.9	83.9	83.9
juego3	easy	0.0	0.008	271	400	231	228	-3	38	83.99	83.99	83.99
juego3	easy	0.0	0.008	280	400	231	228	-3	38	84.1	84.1	84.1
juego3	easy	0.0	0.008	288	400	231	227	-4	38	84.16	84.16	84.16
juego3	easy	0.0	0.008	296	400	231	227	-4	38	84.28	84.28	84.28
juego3	easy	0.0	0.008	305	400	231	227	-4	38	84.34	84.34	84.34
juego3	easy	0.0	0.008	314	400	231	227	-4	38	84.35	84.35	84.35
juego3	easy	0.0	0.008	322	400	231	227	-4	38	84.39	84.39	84.39
juego3	easy	0.0	0.008	330	400	231	226	-5	38	84.43	84.43	84.43
juego3	easy	0.0	0.008	338	400	231	226	-5	38	84.45	84.45	84.45
juego3	easy	0.0	0.008	347	400	231	226	-5	38	84.51	84.51	84.51
juego3	easy	0.0	0.008	356	400	231	226	-5	38	84.57	84.57	84.57
juego3	easy	0.0	0.008	366	400	231	226	-5	38	84.63	84.63	84.63
juego3	easy	0.0	0.008	373	400	231	226	-5	38	84.65	84.65	84.65
juego3	easy	0.0	0.008	383	400	231	225	-6	38	84.69	84.69	84.69
juego3	easy	0.0	0.008	391	400	231	225	-6	38	84.73	84.73	84.73
juego3	easy	0.0	0.008	401	400	231	225	-6	38	84.76	84.76	84.76
juego3	easy	0.0	0.008	409	400	231	225	-6	38	84.78	84.78	84.78
juego3	easy	0.0	0.008	418	400	231	225	-6	38	84.8	84.8	84.8
juego3	easy	0.0	0.008	426	400	231	225	-6	38	84.83	84.83	84.83
juego3	easy	0.0	0.008	435	400	231	225	-6	38	84.85	84.85	84.85
juego3	easy	0.0	0.008	444	400	231	225	-6	38	84.86	84.86	84.86
juego3	easy	0.0	0.008	453	400	231	225	-6	38	84.88	84.88	84.88
juego3	easy	0.0	0.008	461	400	231	224	-7	38	84.91	84.91	84.91
juego3	easy	0.0	0.008	470	400	231	224	-7	38	84.93	84.93	84.93
juego3	easy	0.0	0.008	479	400	231	224	-7	38	84.94	84.94	84.94
juego3	easy	0.0	0.008	487	400	231	224	-7	38	84.96	84.96	84.96
juego3	easy	0.0	0.008	496	400	231	224	-7	38	84.97	84.97	84.97
juego3	easy	0.0	0.008	505	400	231	224	-7	38	84.97	84.97	84.97
juego3	easy	0.0	0.008	514	400	231	224	-7	38	84.96	84.96	84.96
juego3	easy	0.0	0.008	523	400	231	224	-7	38	84.97	84.97	84.97
juego3	easy	0.0	0.008	532	400	231	224	-7	38	84.98	84.98	84.98
juego3	easy	0.0	0.008	541	400	231	224	-7	38	85.01	85.01	85.01
juego3	easy	0.0	0.008	549	400	231	224	-7	38	85.02	85.02	85.02
juego3	easy	0.0	0.008	557	400	231	224	-7	38	85.04	85.04	85.04
juego3	easy	0.0	0.008	565	400	231	224	-7	38	85.05	85.05	85.05
juego3	easy	0.0	0.008	573	400	231	224	-7	38	85.06	85.06	85.06
juego3	easy	0.0	0.008	581	400	231	224	-7	38	85.06	85.06	85.06
juego3	easy	0.0	0.008	589	400	231	224	-7	38	85.07	85.07	85.07
juego3	easy	0.0	0.008	598	400	231	224	-7	38	85.07	85.07	85.07
juego3	easy	0.0	0.008	607	400	231	224	-7	38	85.08	85.08	85.08
juego3	easy	0.0	0.008	616	400	231	224	-7	38	85.1	85.1	85.1
juego3	easy	0.0	0.008	624	400	231	224	-7	38	85.1	85.1	85.1
juego3	easy	0.0	0.008	633	400	231	224	-7	38	85.1	85.1	85.1
juego3	easy	0.0	0.008	641	400	231	224	-7	38	85.09	85.09	85.09
juego3	easy	0.0	0.008	650	400	231	224	-7	38	85.08	85.08	85.08
juego3	easy	0.0	0.008	658	400	231	224	-7	38	85.08	85.08	85.08
juego3	easy	0.0	0.008	667	400	231	224	-7	38	85.08	85.08	85.08
juego3	easy	0.0	0.008	676	400	231	224	-7	38	85.09	85.09	85.09
juego3	easy	0.0	0.008	685	400	231	224	-7	38	85.1	85.1	85.1
juego3	easy	0.0	0.008	695	400	231	224	-7	38	85.09	85.09	85.09
juego3	easy	0.0	0.008	704	400	231	224	-7	38	85.1	85.1	85.1
juego3	easy	0.0	0.008	713	400	231	224	-7	38	85.11	85.11	85.11
juego3	easy	0.0	0.008	722	400	231	224	-7	38	85.14	85.14	85.14
juego3	easy	0.0	0.008	730	400	231	224	-7	38	85.15	85.15	85.15
juego3	easy	0.0	0.008	739	400	231	223	-8	38	85.17	85.17	85.17
juego3	easy	0.0	0.008	748	400	231	223	-8	38	85.2	85.2	85.2
juego3	easy	0.0	0.008	756	400	231	223	-8	38	85.23	85.23	85.23
juego3	easy	0.0	0.008	766	400	231	223	-8	38	85.24	85.24	85.24
juego3	easy	0.0	0.008	774	400	231	223	-8	38	85.24	85.24	85.24
juego3	easy	0.0	0.008	784	400	231	223	-8	38	85.23	85.23	85.23
juego3	easy	0.0	0.008	793	400	231	223	-8	38	85.21	85.21	85.21
juego3	easy	0.0	0.008	803	400	231	223	-8	38	85.2	85.2	85.2
juego3	easy	0.0	0.008	811	400	231	223	-8	38	85.21	85.21	85.21
juego3	easy	0.0	0.008	820	400	231	223	-8	38	85.22	85.22	85.22
juego3	easy	0.0	0.008	829	400	231	223	-8	38	85.26	85.26	85.26
juego3	easy	0.0	0.008	839	400	231	223	-8	38	85.28	85.28	85.28
juego3	easy	0.0	0.008	847	400	231	223	-8	38	85.3	85.3	85.3
juego3	easy	0.0	0.008	856	400	231	223	-8	38	85.29	85.29	85.29
juego3	easy	0.0	0.008	866	400	231	223	-8	38	85.3	85.3	85.3
juego3	easy	0.0	0.008	875	400	231	223	-8	38	85.31	85.31	85.31
juego3	easy	0.0	0.008	883	400	231	223	-8	38	85.34	85.34	85.34
juego3	easy	0.0	0.008	893	400	231	223	-8	38	85.37	85.37	85.37
juego3	easy	0.0	0.008	901	400	231	223	-8	38	85.4	85.4	85.4
juego3	easy	0.0	0.008	910	400	231	223	-8	38	85.41	85.41	85.41
juego3	easy	0.0	0.008	918	400	231	222	-9	38	85.43	85.43	85.43
juego3	easy	0.0	0.008	927	400	231	223	-8	38	85.42	85.42	85.42
juego3	easy	0.0	0.008	935	400	231	222	-9	38	85.43	85.43	85.43
juego3	easy	0.0	0.008	944	400	231	222	-9	38	85.44	85.44	85.44
juego3	easy	0.0	0.008	953	400	231	222	-9	38	85.46	85.46	85.46
juego3	easy	0.0	0.008	961	400	231	222	-9	38	85.47	85.47	85.47
juego3	easy	0.0	0.008	969	400	231	222	-9	38	85.49	85.49	85.49
juego3	easy	0.0	0.008	978	400	231	222	-9	38	85.5	85.5	85.5
juego3	easy	0.0	0.008	988	400	231	222	-9	38	85.5	85.5	85.5
juego3	easy	0.0	0.008	997	400	231	222	-9	38	85.51	85.51	85.51
juego3	easy	0.0	0.008	1005	400	231	222	-9	38	85.51	85.51	85.51
juego3	easy	0.0	0.008	1014	400	231	222	-9	38	85.52	85.52	85.52
juego3	easy	0.0	0.008	1023	400	231	222	-9	38	85.52	85.52	85.52
juego3	easy	0.0	0.008	1032	400	231	222	-9	38	85.53	85.53	85.53
juego3	easy	0.0	0.008	1041	400	231	222	-9	38	85.53	85.53	85.53
juego3	easy	0.0	0.008	1050	400	231	222	-9	38	85.55	85.55	85.55
juego3	easy	0.0	0.008	1060	400	231	222	-9	38	85.54	85.54	85.54
juego3	easy	0.0	0.008	1068	400	231	222	-9	38	85.48	85.48	85.48
juego3	easy	0.0	0.008	1078	400	231	222	-9	38	85.44	85.44	85.44
juego3	easy	0.0	0.008	1086	400	231	222	-9	38	85.43	85.43	85.43
juego3	easy	0.0	0.008	1095	400	231	222	-9	38	85.48	85.48	85.48
juego3	easy	0.0	0.008	1103	400	231	222	-9	38	85.56	85.56	85.56
juego3	easy	0.0	0.008	1112	400	231	222	-9	38	85.6	85.6	85.6
juego3	easy	0.0	0.008	1120	400	231	222	-9	38	85.61	85.61	85.61
juego3	easy	0.0	0.008	1129	400	231	222	-9	38	85.57	85.57	85.57
juego3	easy	0.0	0.008	1137	400	231	222	-9	38	85.51	85.51	85.51
juego3	easy	0.0	0.008	1146	400	231	222	-9	38	85.5	85.5	85.5
juego3	easy	0.0	0.008	1154	400	231	222	-9	38	85.51	85.51	85.51
juego3	easy	0.0	0.008	1163	400	231	222	-9	38	85.54	85.54	85.54
juego3	easy	0.0	0.008	1172	400	231	222	-9	38	85.58	85.58	85.58
juego3	easy	0.0	0.008	1181	400	231	222	-9	38	85.58	85.58	85.58
juego3	easy	0.0	0.008	1190	400	231	222	-9	38	85.55	85.55	85.55
juego3	easy	0.0	0.008	1198	400	231	222	-9	38	85.52	85.52	85.52
juego3	easy	0.0	0.008	1207	400	231	222	-9	38	85.49	85.49	85.49
juego3	easy	0.0	0.008	1216	400	231	222	-9	38	85.49	85.49	85.49
juego3	easy	0.0	0.008	1225	400	231	222	-9	38	85.51	85.51	85.51
juego3	easy	0.0	0.008	1233	400	231	222	-9	38	85.55	85.55	85.55
juego3	easy	0.0	0.008	1242	400	231	222	-9	38	85.56	85.56	85.56
juego3	easy	0.0	0.008	1251	400	231	222	-9	38	85.57	85.57	85.57
juego3	easy	0.0	0.008	1258	400	231	222	-9	38	85.56	85.56	85.56
juego3	easy	0.0	0.008	1267	400	231	222	-9	38	85.55	85.55	85.55
juego3	easy	0.0	0.008	1276	400	231	222	-9	38	85.54	85.54	85.54
juego3	easy	0.0	0.008	1285	400	231	222	-9	38	85.54	85.54	85.54
juego3	easy	0.0	0.008	1293	400	231	222	-9	38	85.55	85.55	85.55
juego3	easy	0.0	0.008	1302	400	231	222	-9	38	85.56	85.56	85.56
juego3	easy	0.0	0.008	1311	400	231	222	-9	38	85.55	85.55	85.55
juego3	easy	0.0	0.008	1320	400	231	222	-9	38	85.53	85.53	85.53
juego3	easy	0.0	0.008	1328	400	231	222	-9	38	85.51	85.51	85.51
juego3	easy	0.0	0.008	1336	400	231	222	-9	38	85.5	85.5	85.5
juego3	easy	0.0	0.008	1345	400	231	222	-9	38	85.48	85.48	85.48
juego3	easy	0.0	0.008	1353	400	231	222	-9	38	85.49	85.49	85.49
juego3	easy	0.0	0.008	1362	400	231	222	-9	38	85.49	85.49	85.49
juego3	easy	0.0	0.008	1371	400	231	222	-9	38	85.5	85.5	85.5
juego3	easy	0.0	0.008	1380	400	231	222	-9	38	85.5	85.5	85.5
juego3	easy	0.0	0.008	1388	400	231	222	-9	38	85.5	85.5	85.5
juego3	easy	0.0	0.008	1397	400	231	222	-9	38	85.51	85.51	85.51
juego3	easy	0.0	0.008	1406	400	231	222	-9	38	85.52	85.52	85.52
juego3	easy	0.0	0.008	1414	400	231	222	-9	38	85.53	85.53	85.53
juego3	easy	0.0	0.008	1423	400	231	222	-9	38	85.53	85.53	85.53
juego3	easy	0.0	0.008	1432	400	231	222	-9	38	85.52	85.52	85.52
juego3	easy	0.0	0.008	1439	400	231	222	-9	38	85.52	85.52	85.52
juego3	easy	0.0	0.008	1448	400	231	222	-9	38	85.5	85.5	85.5
juego3	easy	0.0	0.008	1457	400	231	222	-9	38	85.5	85.5	85.5
juego3	easy	0.0	0.008	1466	400	231	222	-9	38	85.5	85.5	85.5
juego3	easy	0.0	0.008	1475	400	231	222	-9	38	85.5	85.5	85.5
juego3	easy	0.0	0.008	1483	400	231	222	-9	38	85.51	85.51	85.51
juego3	easy	0.0	0.008	1492	400	231	222	-9	38	85.51	85.51	85.51
juego3	easy	0.0	0.008	1501	400	231	222	-9	38	85.51	85.51	85.51
juego3	easy	0.0	0.008	1509	400	231	222	-9	38	85.49	85.49	85.49
juego3	easy	0.0	0.008	1518	400	231	222	-9	38	85.48	85.48	85.48
juego3	easy	0.0	0.008	1526	400	231	222	-9	38	85.47	85.47	85.47
juego3	easy	0.0	0.008	1535	400	231	222	-9	38	85.47	85.47	85.47
juego3	easy	0.0	0.008	1544	400	231	222	-9	38	85.48	85.48	85.48
juego3	easy	0.0	0.008	1553	400	231	222	-9	38	85.48	85.48	85.48
juego3	easy	0.0	0.008	1560	400	231	222	-9	38	85.47	85.47	85.47
juego3	easy	0.0	0.008	1569	400	231	222	-9	38	85.46	85.46	85.46
juego3	easy	0.0	0.008	1578	400	231	222	-9	38	85.45	85.45	85.45
juego3	easy	0.0	0.008	1587	400	231	222	-9	38	85.44	85.44	85.44
juego3	easy	0.0	0.008	1596	400	231	222	-9	38	85.44	85.44	85.44
juego3	easy	0.0	0.008	1606	400	231	222	-9	38	85.43	85.43	85.43
juego3	easy	0.0	0.008	1614	400	231	223	-8	38	85.42	85.42	85.42
juego3	easy	0.0	0.008	1623	400	231	223	-8	38	85.42	85.42	85.42
juego3	easy	0.0	0.008	1631	400	231	223	-8	38	85.42	85.42	85.42
juego3	easy	0.0	0.008	1640	400	231	223	-8	38	85.41	85.41	85.41
juego3	easy	0.0	0.008	1648	400	231	223	-8	38	85.4	85.4	85.4
juego3	easy	0.0	0.008	1657	400	231	223	-8	38	85.4	85.4	85.4
juego3	easy	0.0	0.008	1666	400	231	223	-8	38	85.38	85.38	85.38
juego3	easy	0.0	0.008	1675	400	231	223	-8	38	85.38	85.38	85.38
juego3	easy	0.0	0.008	1684	400	231	223	-8	38	85.38	85.38	85.38
juego3	easy	0.0	0.008	1693	400	231	223	-8	38	85.38	85.38	85.38
juego3	easy	0.0	0.008	1701	400	231	223	-8	38	85.37	85.37	85.37
juego3	easy	0.0	0.008	1709	400	231	223	-8	38	85.35	85.35	85.35
juego3	easy	0.0	0.008	1718	400	231	223	-8	38	85.33	85.33	85.33
juego3	easy	0.0	0.008	1726	400	231	223	-8	38	85.33	85.33	85.33
juego3	easy	0.0	0.008	1735	400	231	223	-8	38	85.33	85.33	85.33
juego3	easy	0.0	0.008	1745	400	231	223	-8	38	85.34	85.34	85.34
juego3	easy	0.0	0.008	1753	400	231	223	-8	38	85.34	85.34	85.34
juego3	easy	0.0	0.008	1761	400	231	223	-8	38	85.32	85.32	85.32
juego3	easy	0.0	0.008	1769	400	231	223	-8	38	85.31	85.31	85.31
juego3	easy	0.0	0.008	1779	400	231	223	-8	38	85.31	85.31	85.31
juego3	easy	0.0	0.008	1787	400	231	223	-8	38	85.31	85.31	85.31
juego3	easy	0.0	0.008	1795	400	231	223	-8	38	85.31	85.31	85.31
juego3	easy	0.0	0.008	1803	400	231	223	-8	38	85.32	85.32	85.32
juego3	easy	0.0	0.008	1813	400	231	223	-8	38	85.31	85.31	85.31
juego3	easy	0.0	0.008	1820	400	231	223	-8	38	85.31	85.31	85.31
juego3	easy	0.0	0.008	1829	400	231	223	-8	38	85.3	85.3	85.3
juego3	easy	0.0	0.008	1838	400	231	223	-8	38	85.29	85.29	85.29
juego3	easy	0.0	0.008	1847	400	231	223	-8	38	85.28	85.28	85.28
juego3	easy	0.0	0.008	1857	400	231	223	-8	38	85.28	85.28	85.28
juego3	easy	0.0	0.008	1865	400	231	223	-8	38	85.28	85.28	85.28
juego3	easy	0.0	0.008	1874	400	231	223	-8	38	85.28	85.28	85.28
juego3	easy	0.0	0.008	1884	400	231	223	-8	38	85.28	85.28	85.28
juego3	easy	0.0	0.008	1892	400	231	223	-8	38	85.29	85.29	85.29
juego3	easy	0.0	0.008	1901	400	231	223	-8	38	85.29	85.29	85.29
juego3	easy	0.0	0.008	1910	400	231	223	-8	38	85.3	85.3	85.3
juego3	easy	0.0	0.008	1920	400	231	223	-8	38	85.32	85.32	85.32
juego3	easy	0.0	0.008	1929	400	231	223	-8	38	85.34	85.34	85.34
juego3	easy	0.0	0.008	1938	400	231	223	-8	38	85.34	85.34	85.34
juego3	easy	0.0	0.008	1947	400	231	223	-8	38	85.34	85.34	85.34
juego3	easy	0.0	0.008	1955	400	231	223	-8	38	85.33	85.33	85.33
juego3	easy	0.0	0.008	1964	400	231	223	-8	38	85.33	85.33	85.33
juego3	easy	0.0	0.008	1973	400	231	223	-8	38	85.34	85.34	85.34
juego3	easy	0.0	0.008	1982	400	231	223	-8	38	85.35	85.35	85.35
juego3	easy	0.0	0.008	1990	400	231	223	-8	38	85.36	85.36	85.36
juego3	easy	0.0	0.008	1997	400	231	223	-8	38	85.37	85.37	85.37
juego3	easy	0.0	0.008	0	400	231	223	-8	39	85.37	85.37	85.37
juego3	easy	-20.0	0.008	9	400	274	223	-51	39	85.37	85.37	85.37
juego3	easy	-20.0	0.008	16	400	274	223	-51	39	85.37	85.37	85.37
juego3	easy	-20.0	0.008	25	400	274	223	-51	39	85.37	85.37	85.37
juego3	easy	-20.0	0.008	34	400	274	223	-51	39	85.37	85.37	85.37
juego3	easy	-20.0	0.008	43	400	274	223	-51	39	85.37	85.37	85.37
juego3	easy	-20.0	0.008	52	400	274	223	-51	39	85.37	85.37	85.37
juego3	easy	-20.0	0.008	62	400	274	223	-51	39	85.36	85.36	85.36
juego3	easy	-20.0	0.008	70	400	274	223	-51	39	85.37	85.37	85.37
juego3	easy	-20.0	0.008	79	400	274	223	-51	39	85.38	85.38	85.38
juego3	easy	-20.0	0.008	87	400	274	223	-51	39	85.39	85.39	85.39
juego3	easy	-20.0	0.008	97	400	274	223	-51	39	85.4	85.4	85.4
juego3	easy	-20.0	0.008	106	400	274	223	-51	39	85.4	85.4	85.4
juego3	easy	-20.0	0.008	114	400	274	223	-51	39	85.4	85.4	85.4
juego3	easy	-20.0	0.008	124	400	274	223	-51	39	85.41	85.41	85.41
juego3	easy	-20.0	0.008	132	400	274	223	-51	39	85.42	85.42	85.42
juego3	easy	-20.0	0.008	141	400	274	222	-52	39	85.43	85.43	85.43
juego3	easy	-20.0	0.008	150	400	274	222	-52	39	85.44	85.44	85.44
juego3	easy	-20.0	0.008	159	400	274	222	-52	39	85.44	85.44	85.44
juego3	easy	-20.0	0.008	169	400	274	222	-52	39	85.45	85.45	85.45
juego3	easy	-20.0	0.008	177	400	274	222	-52	39	85.45	85.45	85.45
juego3	easy	-20.0	0.008	186	400	274	222	-52	39	85.46	85.46	85.46
juego3	easy	-20.0	0.008	195	400	274	222	-52	39	85.46	85.46	85.46
juego3	easy	-20.0	0.008	205	400	274	222	-52	39	85.47	85.47	85.47
juego3	easy	-20.0	0.008	213	400	274	222	-52	39	85.48	85.48	85.48
juego3	easy	-20.0	0.008	222	400	274	222	-52	39	85.49	85.49	85.49
juego3	easy	-20.0	0.008	230	400	274	222	-52	39	85.53	85.53	85.53
juego3	easy	-20.0	0.008	238	400	274	222	-52	39	85.58	85.58	85.58
juego3	easy	-20.0	0.008	247	400	274	222	-52	39	85.6	85.6	85.6
juego3	easy	-20.0	0.008	257	400	274	222	-52	39	85.67	85.67	85.67
juego3	easy	-20.0	0.008	266	400	274	221	-53	39	85.75	85.75	85.75
juego3	easy	-20.0	0.008	275	400	274	221	-53	39	85.85	85.85	85.85
juego3	easy	-20.0	0.008	283	400	274	220	-54	39	85.97	85.97	85.97
juego3	easy	-20.0	0.008	292	400	274	220	-54	39	86.05	86.05	86.05
juego3	easy	-20.0	0.008	301	400	274	219	-55	39	86.22	86.22	86.22
juego3	easy	-20.0	0.008	310	400	274	219	-55	39	86.38	86.38	86.38
juego3	easy	-20.0	0.008	319	400	274	218	-56	39	86.54	86.54	86.54
juego3	easy	-20.0	0.008	328	400	274	218	-56	39	86.63	86.63	86.63
juego3	easy	-20.0	0.008	336	400	274	217	-57	39	86.78	86.78	86.78
juego3	easy	-20.0	0.008	346	400	274	217	-57	39	86.9	86.9	86.9
juego3	easy	-20.0	0.008	354	400	274	216	-58	39	86.97	86.97	86.97
juego3	easy	-20.0	0.008	362	400	274	216	-58	39	86.98	86.98	86.98
juego3	easy	-20.0	0.008	371	400	274	216	-58	39	87.02	87.02	87.02
juego3	easy	-20.0	0.008	379	400	274	216	-58	39	87.02	87.02	87.02
juego3	easy	-20.0	0.008	390	400	274	217	-57	39	86.92	86.92	86.92
juego3	easy	-20.0	0.008	396	400	274	217	-57	39	86.83	86.83	86.83
juego3	easy	-20.0	0.008	405	400	274	218	-56	39	86.51	86.51	86.51
juego3	easy	-20.0	0.008	415	400	274	220	-54	39	85.98	85.98	85.98
juego3	easy	-20.0	0.008	422	400	274	222	-52	39	85.62	85.62	85.62
juego3	easy	-20.0	0.008	431	400	274	225	-49	39	84.8	84.8	84.8
juego3	easy	-20.0	0.008	439	400	274	228	-46	39	83.89	83.89	83.89
juego3	easy	-20.0	0.008	448	400	274	230	-44	39	83.38	83.38	83.38
juego3	easy	-20.0	0.008	457	400	274	234	-40	39	82.4	82.4	82.4
juego3	easy	-20.0	0.008	467	400	274	238	-36	39	81.48	81.48	81.48
juego3	easy	-20.0	0.008	476	400	274	241	-33	39	80.63	80.63	80.63
juego3	easy	-20.0	0.008	484	400	274	244	-30	39	79.87	79.87	79.87
juego3	easy	-20.0	0.008	491	400	274	245	-29	39	79.53	79.53	79.53
juego3	easy	-20.0	0.008	500	400	274	248	-26	39	78.85	78.85	78.85
juego3	easy	-20.0	0.008	509	400	274	251	-23	39	78.18	78.18	78.18
juego3	easy	-20.0	0.008	518	400	274	252	-22	39	77.83	77.83	77.83
juego3	easy	-20.0	0.008	527	400	274	255	-19	39	77.12	77.12	77.12
juego3	easy	-20.0	0.008	537	400	274	257	-17	39	76.46	76.46	76.46
juego3	easy	-20.0	0.008	545	400	274	260	-14	39	75.92	75.92	75.92
juego3	easy	-20.0	0.008	554	400	274	260	-14	39	75.7	75.7	75.7
juego3	easy	-20.0	0.008	563	400	274	262	-12	39	75.4	75.4	75.4
juego3	easy	-20.0	0.008	572	400	274	262	-12	39	75.18	75.18	75.18
juego3	easy	-20.0	0.008	581	400	274	263	-11	39	74.99	74.99	74.99
juego3	easy	-20.0	0.008	589	400	274	264	-10	39	74.79	74.79	74.79
juego3	easy	-20.0	0.008	598	400	274	264	-10	39	74.69	74.69	74.69
juego3	easy	-20.0	0.008	607	400	274	265	-9	39	74.51	74.51	74.51
juego3	easy	-20.0	0.008	615	400	274	266	-8	39	74.37	74.37	74.37
juego3	easy	-20.0	0.008	624	400	274	266	-8	39	74.25	74.25	74.25
juego3	easy	-20.0	0.008	633	400	274	266	-8	39	74.2	74.2	74.2
juego3	easy	-20.0	0.008	642	400	274	267	-7	39	74.09	74.09	74.09
juego3	easy	-20.0	0.008	650	400	274	267	-7	39	73.96	73.96	73.96
juego3	easy	-20.0	0.008	658	400	274	267	-7	39	73.89	73.89	73.89
juego3	easy	-20.0	0.008	666	400	274	268	-6	39	73.75	73.75	73.75
juego3	easy	-20.0	0.008	675	400	274	268	-6	39	73.62	73.62	73.62
juego3	easy	-20.0	0.008	685	400	274	269	-5	39	73.48	73.48	73.48
juego3	easy	-20.0	0.008	693	400	274	269	-5	39	73.41	73.41	73.41
juego3	easy	-20.0	0.008	701	400	274	270	-4	39	73.27	73.27	73.27
juego3	easy	-20.0	0.008	710	400	274	270	-4	39	73.13	73.13	73.13
juego3	easy	-20.0	0.008	718	400	274	271	-3	39	73.07	73.07	73.07
juego3	easy	-20.0	0.008	727	400	274	271	-3	39	72.95	72.95	72.95
juego3	easy	-20.0	0.008	736	400	274	271	-3	39	72.87	72.87	72.87
juego3	easy	-20.0	0.008	746	400	274	272	-2	39	72.79	72.79	72.79
juego3	easy	-20.0	0.008	754	400	274	272	-2	39	72.74	72.74	72.74
juego3	easy	-20.0	0.008	762	400	274	272	-2	39	72.66	72.66	72.66
juego3	easy	-20.0	0.008	770	400	274	273	-1	39	72.55	72.55	72.55
juego3	easy	-20.0	0.008	778	400	274	273	-1	39	72.49	72.49	72.49
juego3	easy	-20.0	0.008	786	400	274	273	-1	39	72.36	72.36	72.36
juego3	easy	-20.0	0.008	795	400	274	274	0	39	72.19	72.19	72.19
juego3	easy	-20.0	0.008	805	400	274	274	0	39	72.1	72.1	72.1
juego3	easy	-20.0	0.008	813	400	274	275	1	39	71.92	71.92	71.92
juego3	easy	-20.0	0.008	822	400	274	276	2	39	71.73	71.73	71.73
juego3	easy	-20.0	0.008	830	400	274	276	2	39	71.56	71.56	71.56
juego3	easy	-20.0	0.008	839	400	274	277	3	39	71.47	71.47	71.47
juego3	easy	-20.0	0.008	849	400	274	277	3	39	71.31	71.31	71.31
juego3	easy	-20.0	0.008	858	400	274	278	4	39	71.15	71.15	71.15
juego3	easy	-20.0	0.008	866	400	274	279	5	39	70.97	70.97	70.97
juego3	easy	-20.0	0.008	874	400	274	279	5	39	70.89	70.89	70.89
juego3	easy	-20.0	0.008	883	400	274	280	6	39	70.71	70.71	70.71
juego3	easy	-20.0	0.008	891	400	274	280	6	39	70.54	70.54	70.54
juego3	easy	-20.0	0.008	900	400	274	281	7	39	70.39	70.39	70.39
juego3	easy	-20.0	0.008	908	400	274	281	7	39	70.32	70.32	70.32
juego3	easy	-20.0	0.008	918	400	274	282	8	39	70.18	70.18	70.18
juego3	easy	-20.0	0.008	926	400	274	282	8	39	70.03	70.03	70.03
juego3	easy	-20.0	0.008	935	400	274	283	9	39	69.87	69.87	69.87
juego3	easy	-20.0	0.008	944	400	274	283	9	39	69.79	69.79	69.79
juego3	easy	-20.0	0.008	952	400	274	284	10	39	69.66	69.66	69.66
juego3	easy	-20.0	0.008	961	400	274	284	10	39	69.54	69.54	69.54
juego3	easy	-20.0	0.008	969	400	274	285	11	39	69.5	69.5	69.5
juego3	easy	-20.0	0.008	977	400	274	285	11	39	69.43	69.43	69.43
juego3	easy	-20.0	0.008	986	400	274	285	11	39	69.37	69.37	69.37
juego3	easy	-20.0	0.008	995	400	274	285	11	39	69.35	69.35	69.35
juego3	easy	-20.0	0.008	1003	400	274	285	11	39	69.28	69.28	69.28
juego3	easy	-20.0	0.008	1012	400	274	286	12	39	69.21	69.21	69.21
juego3	easy	-20.0	0.008	1021	400	274	286	12	39	69.15	69.15	69.15
juego3	easy	-20.0	0.008	1029	400	274	286	12	39	69.14	69.14	69.14
juego3	easy	-20.0	0.008	1037	400	274	286	12	39	69.11	69.11	69.11
juego3	easy	-20.0	0.008	1046	400	274	286	12	39	69.08	69.08	69.08
juego3	easy	-20.0	0.008	1053	400	274	286	12	39	69.06	69.06	69.06
juego3	easy	-20.0	0.008	1062	400	274	286	12	39	69.0	69.0	69.0
juego3	easy	-20.0	0.008	1071	400	274	287	13	39	68.94	68.94	68.94
juego3	easy	-20.0	0.008	1080	400	274	287	13	39	68.88	68.88	68.88
juego3	easy	-20.0	0.008	1090	400	274	287	13	39	68.85	68.85	68.85
juego3	easy	-20.0	0.008	1098	400	274	287	13	39	68.8	68.8	68.8
juego3	easy	-20.0	0.008	1106	400	274	287	13	39	68.74	68.74	68.74
juego3	easy	-20.0	0.008	1114	400	274	288	14	39	68.71	68.71	68.71
juego3	easy	-20.0	0.008	1123	400	274	288	14	39	68.67	68.67	68.67
juego3	easy	-20.0	0.008	1132	400	274	288	14	39	68.64	68.64	68.64
juego3	easy	-20.0	0.008	1141	400	274	288	14	39	68.62	68.62	68.62
juego3	easy	-20.0	0.008	1149	400	274	288	14	39	68.6	68.6	68.6
juego3	easy	-20.0	0.008	1158	400	274	288	14	39	68.59	68.59	68.59
juego3	easy	-20.0	0.008	1168	400	274	288	14	39	68.56	68.56	68.56
juego3	easy	-20.0	0.008	1176	400	274	288	14	39	68.53	68.53	68.53
juego3	easy	-20.0	0.008	1184	400	274	288	14	39	68.52	68.52	68.52
juego3	easy	-20.0	0.008	1193	400	274	288	14	39	68.51	68.51	68.51
juego3	easy	-20.0	0.008	1202	400	274	288	14	39	68.51	68.51	68.51
juego3	easy	-20.0	0.008	1211	400	274	288	14	39	68.5	68.5	68.5
juego3	easy	-20.0	0.008	1220	400	274	288	14	39	68.49	68.49	68.49
juego3	easy	-20.0	0.008	1229	400	274	288	14	39	68.48	68.48	68.48
juego3	easy	-20.0	0.008	1237	400	274	289	15	39	68.47	68.47	68.47
juego3	easy	-20.0	0.008	1244	400	274	289	15	39	68.47	68.47	68.47
juego3	easy	-20.0	0.008	1253	400	274	289	15	39	68.47	68.47	68.47
juego3	easy	-20.0	0.008	1262	400	274	288	14	39	68.48	68.48	68.48
juego3	easy	-20.0	0.008	1271	400	274	289	15	39	68.47	68.47	68.47
juego3	easy	-20.0	0.008	1280	400	274	289	15	39	68.47	68.47	68.47
juego3	easy	-20.0	0.008	1289	400	274	289	15	39	68.46	68.46	68.46
juego3	easy	-20.0	0.008	1297	400	274	289	15	39	68.46	68.46	68.46
juego3	easy	-20.0	0.008	1306	400	274	288	14	39	68.48	68.48	68.48
juego3	easy	-20.0	0.008	1315	400	274	288	14	39	68.49	68.49	68.49
juego3	easy	-20.0	0.008	1324	400	274	288	14	39	68.5	68.5	68.5
juego3	easy	-20.0	0.008	1332	400	274	288	14	39	68.5	68.5	68.5
juego3	easy	-20.0	0.008	1341	400	274	288	14	39	68.48	68.48	68.48
juego3	easy	-20.0	0.008	1349	400	274	288	14	39	68.48	68.48	68.48
juego3	easy	-20.0	0.008	1358	400	274	288	14	39	68.48	68.48	68.48
juego3	easy	-20.0	0.008	1367	400	274	288	14	39	68.49	68.49	68.49
juego3	easy	-20.0	0.008	1374	400	274	288	14	39	68.5	68.5	68.5
juego3	easy	-20.0	0.008	1383	400	274	288	14	39	68.52	68.52	68.52
juego3	easy	-20.0	0.008	1392	400	274	288	14	39	68.53	68.53	68.53
juego3	easy	-20.0	0.008	1401	400	274	288	14	39	68.54	68.54	68.54
juego3	easy	-20.0	0.008	1409	400	274	288	14	39	68.55	68.55	68.55
juego3	easy	-20.0	0.008	1418	400	274	288	14	39	68.54	68.54	68.54
juego3	easy	-20.0	0.008	1426	400	274	288	14	39	68.54	68.54	68.54
juego3	easy	-20.0	0.008	1434	400	274	288	14	39	68.54	68.54	68.54
juego3	easy	-20.0	0.008	1442	400	274	288	14	39	68.55	68.55	68.55
juego3	easy	-20.0	0.008	1452	400	274	288	14	39	68.56	68.56	68.56
juego3	easy	-20.0	0.008	1461	400	274	288	14	39	68.56	68.56	68.56
juego3	easy	-20.0	0.008	1469	400	274	288	14	39	68.56	68.56	68.56
juego3	easy	-20.0	0.008	1479	400	274	288	14	39	68.57	68.57	68.57
juego3	easy	-20.0	0.008	1488	400	274	288	14	39	68.58	68.58	68.58
juego3	easy	-20.0	0.008	1495	400	274	288	14	39	68.58	68.58	68.58
juego3	easy	-20.0	0.008	1504	400	274	288	14	39	68.58	68.58	68.58
juego3	easy	-20.0	0.008	1514	400	274	288	14	39	68.58	68.58	68.58
juego3	easy	-20.0	0.008	1523	400	274	288	14	39	68.58	68.58	68.58
juego3	easy	-20.0	0.008	1532	400	274	288	14	39	68.58	68.58	68.58
juego3	easy	-20.0	0.008	1540	400	274	288	14	39	68.58	68.58	68.58
juego3	easy	-20.0	0.008	1548	400	274	288	14	39	68.59	68.59	68.59
juego3	easy	-20.0	0.008	1556	400	274	288	14	39	68.59	68.59	68.59
juego3	easy	-20.0	0.008	1565	400	274	288	14	39	68.6	68.6	68.6
juego3	easy	-20.0	0.008	1573	400	274	288	14	39	68.6	68.6	68.6
juego3	easy	-20.0	0.008	1582	400	274	288	14	39	68.6	68.6	68.6
juego3	easy	-20.0	0.008	1591	400	274	288	14	39	68.6	68.6	68.6
juego3	easy	-20.0	0.008	1599	400	274	288	14	39	68.6	68.6	68.6
juego3	easy	-20.0	0.008	1608	400	274	288	14	39	68.6	68.6	68.6
juego3	easy	-20.0	0.008	1616	400	274	288	14	39	68.59	68.59	68.59
juego3	easy	-20.0	0.008	1625	400	274	288	14	39	68.58	68.58	68.58
juego3	easy	-20.0	0.008	1634	400	274	288	14	39	68.57	68.57	68.57
juego3	easy	-20.0	0.008	1642	400	274	288	14	39	68.57	68.57	68.57
juego3	easy	-20.0	0.008	1650	400	274	288	14	39	68.57	68.57	68.57
juego3	easy	-20.0	0.008	1658	400	274	288	14	39	68.58	68.58	68.58
juego3	easy	-20.0	0.008	1667	400	274	288	14	39	68.6	68.6	68.6
juego3	easy	-20.0	0.008	1677	400	274	288	14	39	68.61	68.61	68.61
juego3	easy	-20.0	0.008	1685	400	274	288	14	39	68.61	68.61	68.61
juego3	easy	-20.0	0.008	1694	400	274	288	14	39	68.6	68.6	68.6
juego3	easy	-20.0	0.008	1703	400	274	288	14	39	68.58	68.58	68.58
juego3	easy	-20.0	0.008	1713	400	274	288	14	39	68.56	68.56	68.56
juego3	easy	-20.0	0.008	1721	400	274	288	14	39	68.56	68.56	68.56
juego3	easy	-20.0	0.008	1730	400	274	288	14	39	68.56	68.56	68.56
juego3	easy	-20.0	0.008	1738	400	274	288	14	39	68.56	68.56	68.56
juego3	easy	-20.0	0.008	1747	400	274	288	14	39	68.57	68.57	68.57
juego3	easy	-20.0	0.008	1756	400	274	288	14	39	68.57	68.57	68.57
juego3	easy	-20.0	0.008	1764	400	274	288	14	39	68.56	68.56	68.56
juego3	easy	-20.0	0.008	1773	400	274	288	14	39	68.56	68.56	68.56
juego3	easy	-20.0	0.008	1782	400	274	288	14	39	68.56	68.56	68.56
juego3	easy	-20.0	0.008	1789	400	274	288	14	39	68.56	68.56	68.56
juego3	easy	-20.0	0.008	1798	400	274	288	14	39	68.57	68.57	68.57
juego3	easy	-20.0	0.008	1808	400	274	288	14	39	68.58	68.58	68.58
juego3	easy	-20.0	0.008	1816	400	274	288	14	39	68.58	68.58	68.58
juego3	easy	-20.0	0.008	1825	400	274	288	14	39	68.58	68.58	68.58
juego3	easy	-20.0	0.008	1832	400	274	288	14	39	68.57	68.57	68.57
juego3	easy	-20.0	0.008	1841	400	274	288	14	39	68.57	68.57	68.57
juego3	easy	-20.0	0.008	1850	400	274	288	14	39	68.57	68.57	68.57
juego3	easy	-20.0	0.008	1860	400	274	288	14	39	68.57	68.57	68.57
juego3	easy	-20.0	0.008	1869	400	274	288	14	39	68.58	68.58	68.58
juego3	easy	-20.0	0.008	1877	400	274	288	14	39	68.58	68.58	68.58
juego3	easy	-20.0	0.008	1885	400	274	288	14	39	68.59	68.59	68.59
juego3	easy	-20.0	0.008	1893	400	274	288	14	39	68.6	68.6	68.6
juego3	easy	-20.0	0.008	1902	400	274	288	14	39	68.6	68.6	68.6
juego3	easy	-20.0	0.008	1911	400	274	288	14	39	68.6	68.6	68.6
juego3	easy	-20.0	0.008	1920	400	274	288	14	39	68.6	68.6	68.6
juego3	easy	-20.0	0.008	1930	400	274	288	14	39	68.61	68.61	68.61
juego3	easy	-20.0	0.008	1938	400	274	288	14	39	68.63	68.63	68.63
juego3	easy	-20.0	0.008	1947	400	274	288	14	39	68.64	68.64	68.64
juego3	easy	-20.0	0.008	1957	400	274	288	14	39	68.64	68.64	68.64
juego3	easy	-20.0	0.008	1965	400	274	288	14	39	68.64	68.64	68.64
juego3	easy	-20.0	0.008	1973	400	274	288	14	39	68.65	68.65	68.65
juego3	easy	-20.0	0.008	1982	400	274	288	14	39	68.65	68.65	68.65
juego3	easy	-20.0	0.008	1990	400	274	288	14	39	68.67	68.67	68.67
juego3	easy	-20.0	0.008	1998	400	274	288	14	39	68.7	68.7	68.7
Pausa_juego3	easy	-20.0	0.008	0	400	274	288	14	-1	68.7	68.7	68.7
