game	difficulty	amplitude	velocity	time	xpos	y_computer	y_human	y_error	trial	x	y	z
juego3	easy	0.0	0.008	5	400	286	250	-36	0	101.73	101.73	101.73
juego3	easy	0.0	0.008	8	400	286	250	-36	0	101.73	101.73	101.73
juego3	easy	0.0	0.008	17	400	286	250	-36	0	101.71	101.71	101.71
juego3	easy	0.0	0.008	25	400	286	251	-35	0	101.64	101.64	101.64
juego3	easy	0.0	0.008	34	400	286	251	-35	0	101.5	101.5	101.5
juego3	easy	0.0	0.008	44	400	286	252	-34	0	101.31	101.31	101.31
juego3	easy	0.0	0.008	52	400	286	252	-34	0	101.24	101.24	101.24
juego3	easy	0.0	0.008	61	400	286	252	-34	0	101.18	101.18	101.18
juego3	easy	0.0	0.008	70	400	286	252	-34	0	101.17	101.17	101.17
juego3	easy	0.0	0.008	79	400	286	252	-34	0	101.19	101.19	101.19
juego3	easy	0.0	0.008	87	400	286	252	-34	0	101.2	101.2	101.2
juego3	easy	0.0	0.008	96	400	286	252	-34	0	101.18	101.18	101.18
juego3	easy	0.0	0.008	105	400	286	252	-34	0	101.1	101.1	101.1
juego3	easy	0.0	0.008	114	400	286	252	-34	0	101.06	101.06	101.06
juego3	easy	0.0	0.008	122	400	286	253	-33	0	101.0	101.0	101.0
juego3	easy	0.0	0.008	131	400	286	253	-33	0	101.0	101.0	101.0
juego3	easy	0.0	0.008	140	400	286	252	-34	0	101.06	101.06	101.06
juego3	easy	0.0	0.008	149	400	286	252	-34	0	101.16	101.16	101.16
juego3	easy	0.0	0.008	157	400	286	252	-34	0	101.21	101.21	101.21
juego3	easy	0.0	0.008	167	400	286	252	-34	0	101.32	101.32	101.32
juego3	easy	0.0	0.008	175	400	286	251	-35	0	101.4	101.4	101.4
juego3	easy	0.0	0.008	184	400	286	251	-35	0	101.4	101.4	101.4
juego3	easy	0.0	0.008	194	400	286	251	-35	0	101.38	101.38	101.38
juego3	easy	0.0	0.008	202	400	286	252	-34	0	101.3	101.3	101.3
juego3	easy	0.0	0.008	212	400	286	252	-34	0	101.22	101.22	101.22
juego3	easy	0.0	0.008	221	400	286	252	-34	0	101.19	101.19	101.19
juego3	easy	0.0	0.008	230	400	286	252	-34	0	101.19	101.19	101.19
juego3	easy	0.0	0.008	238	400	286	252	-34	0	101.19	101.19	101.19
juego3	easy	0.0	0.008	247	400	286	252	-34	0	101.2	101.2	101.2
juego3	easy	0.0	0.008	255	400	286	252	-34	0	101.23	101.23	101.23
juego3	easy	0.0	0.008	263	400	286	252	-34	0	101.25	101.25	101.25
juego3	easy	0.0	0.008	272	400	286	252	-34	0	101.29	101.29	101.29
juego3	easy	0.0	0.008	281	400	286	252	-34	0	101.31	101.31	101.31
juego3	easy	0.0	0.008	291	400	286	252	-34	0	101.32	101.32	101.32
juego3	easy	0.0	0.008	299	400	286	252	-34	0	101.32	101.32	101.32
juego3	easy	0.0	0.008	308	400	286	252	-34	0	101.31	101.31	101.31
juego3	easy	0.0	0.008	317	400	286	252	-34	0	101.3	101.3	101.3
juego3	easy	0.0	0.008	326	400	286	252	-34	0	101.29	101.29	101.29
juego3	easy	0.0	0.008	335	400	286	252	-34	0	101.3	101.3	101.3
juego3	easy	0.0	0.008	344	400	286	252	-34	0	101.31	101.31	101.31
juego3	easy	0.0	0.008	353	400	286	252	-34	0	101.32	101.32	101.32
juego3	easy	0.0	0.008	361	400	286	252	-34	0	101.29	101.29	101.29
juego3	easy	0.0	0.008	368	400	286	252	-34	0	101.26	101.26	101.26
juego3	easy	0.0	0.008	378	400	286	252	-34	0	101.2	101.2	101.2
juego3	easy	0.0	0.008	386	400	286	252	-34	0	101.17	101.17	101.17
juego3	easy	0.0	0.008	394	400	286	252	-34	0	101.17	101.17	101.17
juego3	easy	0.0	0.008	403	400	286	252	-34	0	101.16	101.16	101.16
juego3	easy	0.0	0.008	412	400	286	252	-34	0	101.16	101.16	101.16
juego3	easy	0.0	0.008	422	400	286	252	-34	0	101.17	101.17	101.17
juego3	easy	0.0	0.008	430	400	286	252	-34	0	101.2	101.2	101.2
juego3	easy	0.0	0.008	438	400	286	252	-34	0	101.19	101.19	101.19
juego3	easy	0.0	0.008	447	400	286	253	-33	0	100.97	100.97	100.97
juego3	easy	0.0	0.008	455	400	286	254	-32	0	100.65	100.65	100.65
juego3	easy	0.0	0.008	463	400	286	254	-32	0	100.45	100.45	100.45
juego3	easy	0.0	0.008	472	400	286	256	-30	0	99.87	99.87	99.87
juego3	easy	0.0	0.008	480	400	286	260	-26	0	98.66	98.66	98.66
juego3	easy	0.0	0.008	489	400	286	262	-24	0	97.81	97.81	97.81
juego3	easy	0.0	0.008	499	400	286	268	-18	0	95.9	95.9	95.9
juego3	easy	0.0	0.008	508	400	286	273	-13	0	94.14	94.14	94.14
juego3	easy	0.0	0.008	516	400	286	276	-10	0	93.02	93.02	93.02
juego3	easy	0.0	0.008	525	400	286	278	-8	0	92.28	92.28	92.28
juego3	easy	0.0	0.008	534	400	286	280	-6	0	91.87	91.87	91.87
juego3	easy	0.0	0.008	544	400	286	283	-3	0	90.76	90.76	90.76
juego3	easy	0.0	0.008	552	400	286	287	1	0	89.38	89.38	89.38
juego3	easy	0.0	0.008	561	400	286	291	5	0	87.99	87.99	87.99
juego3	easy	0.0	0.008	571	400	286	294	8	0	86.92	86.92	86.92
juego3	easy	0.0	0.008	579	400	286	296	10	0	86.52	86.52	86.52
juego3	easy	0.0	0.008	588	400	286	297	11	0	86.17	86.17	86.17
juego3	easy	0.0	0.008	598	400	286	299	13	0	85.29	85.29	85.29
juego3	easy	0.0	0.008	606	400	286	300	14	0	84.67	84.67	84.67
juego3	easy	0.0	0.008	615	400	286	302	16	0	84.11	84.11	84.11
juego3	easy	0.0	0.008	624	400	286	302	16	0	83.9	83.9	83.9
juego3	easy	0.0	0.008	633	400	286	303	17	0	83.69	83.69	83.69
juego3	easy	0.0	0.008	642	400	286	303	17	0	83.61	83.61	83.61
juego3	easy	0.0	0.008	650	400	286	303	17	0	83.54	83.54	83.54
juego3	easy	0.0	0.008	659	400	286	303	17	0	83.5	83.5	83.5
juego3	easy	0.0	0.008	668	400	286	304	18	0	83.38	83.38	83.38
juego3	easy	0.0	0.008	676	400	286	304	18	0	83.38	83.38	83.38
juego3	easy	0.0	0.008	684	400	286	304	18	0	83.44	83.44	83.44
juego3	easy	0.0	0.008	692	400	286	303	17	0	83.7	83.7	83.7
juego3	easy	0.0	0.008	702	400	286	302	16	0	84.15	84.15	84.15
juego3	easy	0.0	0.008	710	400	286	300	14	0	84.69	84.69	84.69
juego3	easy	0.0	0.008	719	400	286	300	14	0	84.97	84.97	84.97
juego3	easy	0.0	0.008	728	400	286	299	13	0	85.49	85.49	85.49
juego3	easy	0.0	0.008	737	400	286	297	11	0	85.92	85.92	85.92
juego3	easy	0.0	0.008	746	400	286	296	10	0	86.25	86.25	86.25
juego3	easy	0.0	0.008	755	400	286	295	9	0	86.55	86.55	86.55
juego3	easy	0.0	0.008	763	400	286	295	9	0	86.71	86.71	86.71
juego3	easy	0.0	0.008	772	400	286	294	8	0	87.03	87.03	87.03
juego3	easy	0.0	0.008	781	400	286	293	7	0	87.35	87.35	87.35
juego3	easy	0.0	0.008	790	400	286	292	6	0	87.54	87.54	87.54
juego3	easy	0.0	0.008	798	400	286	291	5	0	87.99	87.99	87.99
juego3	easy	0.0	0.008	807	400	286	289	3	0	88.59	88.59	88.59
juego3	easy	0.0	0.008	816	400	286	287	1	0	89.32	89.32	89.32
juego3	easy	0.0	0.008	825	400	286	285	-1	0	90.09	90.09	90.09
juego3	easy	0.0	0.008	834	400	286	284	-2	0	90.46	90.46	90.46
juego3	easy	0.0	0.008	843	400	286	282	-4	0	91.19	91.19	91.19
juego3	easy	0.0	0.008	851	400	286	280	-6	0	91.84	91.84	91.84
juego3	easy	0.0	0.008	860	400	286	279	-7	0	92.13	92.13	92.13
juego3	easy	0.0	0.008	869	400	286	277	-9	0	92.72	92.72	92.72
juego3	easy	0.0	0.008	876	400	286	275	-11	0	93.27	93.27	93.27
juego3	easy	0.0	0.008	884	400	286	275	-11	0	93.5	93.5	93.5
juego3	easy	0.0	0.008	893	400	286	274	-12	0	93.76	93.76	93.76
juego3	easy	0.0	0.008	902	400	286	274	-12	0	93.73	93.73	93.73
juego3	easy	0.0	0.008	912	400	286	275	-11	0	93.58	93.58	93.58
juego3	easy	0.0	0.008	920	400	286	275	-11	0	93.47	93.47	93.47
juego3	easy	0.0	0.008	929	400	286	276	-10	0	93.2	93.2	93.2
juego3	easy	0.0	0.008	938	400	286	276	-10	0	92.99	92.99	92.99
juego3	easy	0.0	0.008	946	400	286	277	-9	0	92.83	92.83	92.83
juego3	easy	0.0	0.008	955	400	286	277	-9	0	92.75	92.75	92.75
juego3	easy	0.0	0.008	964	400	286	278	-8	0	92.56	92.56	92.56
juego3	easy	0.0	0.008	973	400	286	278	-8	0	92.35	92.35	92.35
juego3	easy	0.0	0.008	983	400	286	279	-7	0	92.19	92.19	92.19
juego3	easy	0.0	0.008	990	400	286	279	-7	0	92.14	92.14	92.14
juego3	easy	0.0	0.008	999	400	286	279	-7	0	92.05	92.05	92.05
juego3	easy	0.0	0.008	1007	400	286	279	-7	0	91.96	91.96	91.96
juego3	easy	0.0	0.008	1016	400	286	280	-6	0	91.83	91.83	91.83
juego3	easy	0.0	0.008	1025	400	286	280	-6	0	91.76	91.76	91.76
juego3	easy	0.0	0.008	1034	400	286	280	-6	0	91.67	91.67	91.67
juego3	easy	0.0	0.008	1043	400	286	280	-6	0	91.66	91.66	91.66
juego3	easy	0.0	0.008	1052	400	286	280	-6	0	91.67	91.67	91.67
juego3	easy	0.0	0.008	1061	400	286	280	-6	0	91.68	91.68	91.68
juego3	easy	0.0	0.008	1070	400	286	280	-6	0	91.64	91.64	91.64
juego3	easy	0.0	0.008	1080	400	286	280	-6	0	91.59	91.59	91.59
juego3	easy	0.0	0.008	1088	400	286	281	-5	0	91.55	91.55	91.55
juego3	easy	0.0	0.008	1097	400	286	281	-5	0	91.51	91.51	91.51
juego3	easy	0.0	0.008	1106	400	286	281	-5	0	91.5	91.5	91.5
juego3	easy	0.0	0.008	1115	400	286	281	-5	0	91.48	91.48	91.48
juego3	easy	0.0	0.008	1124	400	286	281	-5	0	91.48	91.48	91.48
juego3	easy	0.0	0.008	1133	400	286	281	-5	0	91.49	91.49	91.49
juego3	easy	0.0	0.008	1143	400	286	281	-5	0	91.52	91.52	91.52
juego3	easy	0.0	0.008	1151	400	286	281	-5	0	91.55	91.55	91.55
juego3	easy	0.0	0.008	1159	400	286	281	-5	0	91.56	91.56	91.56
juego3	easy	0.0	0.008	1169	400	286	281	-5	0	91.57	91.57	91.57
juego3	easy	0.0	0.008	1177	400	286	281	-5	0	91.57	91.57	91.57
juego3	easy	0.0	0.008	1187	400	286	281	-5	0	91.56	91.56	91.56
juego3	easy	0.0	0.008	1195	400	286	281	-5	0	91.57	91.57	91.57
juego3	easy	0.0	0.008	1204	400	286	280	-6	0	91.59	91.59	91.59
juego3	easy	0.0	0.008	1213	400	286	280	-6	0	91.65	91.65	91.65
juego3	easy	0.0	0.008	1223	400	286	280	-6	0	91.72	91.72	91.72
juego3	easy	0.0	0.008	1231	400	286	280	-6	0	91.76	91.76	91.76
juego3	easy	0.0	0.008	1239	400	286	280	-6	0	91.75	91.75	91.75
juego3	easy	0.0	0.008	1248	400	286	280	-6	0	91.69	91.69	91.69
juego3	easy	0.0	0.008	1257	400	286	280	-6	0	91.63	91.63	91.63
juego3	easy	0.0	0.008	1266	400	286	280	-6	0	91.6	91.6	91.6
juego3	easy	0.0	0.008	1275	400	286	281	-5	0	91.53	91.53	91.53
juego3	easy	0.0	0.008	1284	400	286	281	-5	0	91.48	91.48	91.48
juego3	easy	0.0	0.008	1293	400	286	281	-5	0	91.48	91.48	91.48
juego3	easy	0.0	0.008	1301	400	286	281	-5	0	91.49	91.49	91.49
juego3	easy	0.0	0.008	1310	400	286	281	-5	0	91.51	91.51	91.51
juego3	easy	0.0	0.008	1319	400	286	281	-5	0	91.54	91.54	91.54
juego3	easy	0.0	0.008	1328	400	286	281	-5	0	91.54	91.54	91.54
juego3	easy	0.0	0.008	1337	400	286	281	-5	0	91.55	91.55	91.55
juego3	easy	0.0	0.008	1346	400	286	281	-5	0	91.54	91.54	91.54
juego3	easy	0.0	0.008	1355	400	286	281	-5	0	91.51	91.51	91.51
juego3	easy	0.0	0.008	1365	400	286	281	-5	0	91.48	91.48	91.48
juego3	easy	0.0	0.008	1373	400	286	281	-5	0	91.45	91.45	91.45
juego3	easy	0.0	0.008	1383	400	286	281	-5	0	91.45	91.45	91.45
juego3	easy	0.0	0.008	1390	400	286	281	-5	0	91.45	91.45	91.45
juego3	easy	0.0	0.008	1399	400	286	281	-5	0	91.45	91.45	91.45
juego3	easy	0.0	0.008	1408	400	286	281	-5	0	91.44	91.44	91.44
juego3	easy	0.0	0.008	1418	400	286	281	-5	0	91.44	91.44	91.44
juego3	easy	0.0	0.008	1428	400	286	281	-5	0	91.46	91.46	91.46
juego3	easy	0.0	0.008	1435	400	286	281	-5	0	91.46	91.46	91.46
juego3	easy	0.0	0.008	1444	400	286	281	-5	0	91.45	91.45	91.45
juego3	easy	0.0	0.008	1453	400	286	281	-5	0	91.42	91.42	91.42
juego3	easy	0.0	0.008	1462	400	286	281	-5	0	91.42	91.42	91.42
juego3	easy	0.0	0.008	1470	400	286	281	-5	0	91.42	91.42	91.42
juego3	easy	0.0	0.008	1479	400	286	281	-5	0	91.45	91.45	91.45
juego3	easy	0.0	0.008	1487	400	286	281	-5	0	91.49	91.49	91.49
juego3	easy	0.0	0.008	1496	400	286	281	-5	0	91.51	91.51	91.51
juego3	easy	0.0	0.008	1505	400	286	281	-5	0	91.53	91.53	91.53
juego3	easy	0.0	0.008	1514	400	286	281	-5	0	91.58	91.58	91.58
juego3	easy	0.0	0.008	1522	400	286	280	-6	0	91.63	91.63	91.63
juego3	easy	0.0	0.008	1531	400	286	280	-6	0	91.66	91.66	91.66
juego3	easy	0.0	0.008	1540	400	286	280	-6	0	91.66	91.66	91.66
juego3	easy	0.0	0.008	1549	400	286	280	-6	0	91.61	91.61	91.61
juego3	easy	0.0	0.008	1558	400	286	281	-5	0	91.57	91.57	91.57
juego3	easy	0.0	0.008	1566	400	286	281	-5	0	91.55	91.55	91.55
juego3	easy	0.0	0.008	1574	400	286	281	-5	0	91.53	91.53	91.53
juego3	easy	0.0	0.008	1583	400	286	281	-5	0	91.54	91.54	91.54
juego3	easy	0.0	0.008	1593	400	286	281	-5	0	91.55	91.55	91.55
juego3	easy	0.0	0.008	1601	400	286	281	-5	0	91.56	91.56	91.56
juego3	easy	0.0	0.008	1610	400	286	281	-5	0	91.58	91.58	91.58
juego3	easy	0.0	0.008	1620	400	286	280	-6	0	91.59	91.59	91.59
juego3	easy	0.0	0.008	1628	400	286	281	-5	0	91.57	91.57	91.57
juego3	easy	0.0	0.008	1637	400	286	281	-5	0	91.56	91.56	91.56
juego3	easy	0.0	0.008	1647	400	286	281	-5	0	91.49	91.49	91.49
juego3	easy	0.0	0.008	1654	400	286	281	-5	0	91.47	91.47	91.47
juego3	easy	0.0	0.008	1663	400	286	281	-5	0	91.44	91.44	91.44
juego3	easy	0.0	0.008	1672	400	286	281	-5	0	91.44	91.44	91.44
juego3	easy	0.0	0.008	1680	400	286	281	-5	0	91.48	91.48	91.48
juego3	easy	0.0	0.008	1689	400	286	281	-5	0	91.55	91.55	91.55
juego3	easy	0.0	0.008	1698	400	286	280	-6	0	91.6	91.6	91.6
juego3	easy	0.0	0.008	1706	400	286	280	-6	0	91.63	91.63	91.63
juego3	easy	0.0	0.008	1715	400	286	280	-6	0	91.66	91.66	91.66
juego3	easy	0.0	0.008	1724	400	286	280	-6	0	91.65	91.65	91.65
juego3	easy	0.0	0.008	1734	400	286	280	-6	0	91.64	91.64	91.64
juego3	easy	0.0	0.008	1742	400	286	280	-6	0	91.62	91.62	91.62
juego3	easy	0.0	0.008	1751	400	286	281	-5	0	91.58	91.58	91.58
juego3	easy	0.0	0.008	1759	400	286	281	-5	0	91.54	91.54	91.54
juego3	easy	0.0	0.008	1768	400	286	281	-5	0	91.5	91.5	91.5
juego3	easy	0.0	0.008	1776	400	286	281	-5	0	91.49	91.49	91.49
juego3	easy	0.0	0.008	1786	400	286	281	-5	0	91.47	91.47	91.47
juego3	easy	0.0	0.008	1794	400	286	281	-5	0	91.44	91.44	91.44
juego3	easy	0.0	0.008	1803	400	286	281	-5	0	91.41	91.41	91.41
juego3	easy	0.0	0.008	1812	400	286	281	-5	0	91.4	91.4	91.4
juego3	easy	0.0	0.008	1822	400	286	281	-5	0	91.39	91.39	91.39
juego3	easy	0.0	0.008	1830	400	286	281	-5	0	91.4	91.4	91.4
juego3	easy	0.0	0.008	1839	400	286	281	-5	0	91.39	91.39	91.39
juego3	easy	0.0	0.008	1847	400	286	281	-5	0	91.38	91.38	91.38
juego3	easy	0.0	0.008	1855	400	286	281	-5	0	91.39	91.39	91.39
juego3	easy	0.0	0.008	1864	400	286	281	-5	0	91.42	91.42	91.42
juego3	easy	0.0	0.008	1873	400	286	281	-5	0	91.45	91.45	91.45
juego3	easy	0.0	0.008	1883	400	286	281	-5	0	91.45	91.45	91.45
juego3	easy	0.0	0.008	1892	400	286	281	-5	0	91.45	91.45	91.45
juego3	easy	0.0	0.008	1900	400	286	281	-5	0	91.46	91.46	91.46
juego3	easy	0.0	0.008	1907	400	286	281	-5	0	91.47	91.47	91.47
juego3	easy	0.0	0.008	1916	400	286	281	-5	0	91.5	91.5	91.5
juego3	easy	0.0	0.008	1924	400	286	281	-5	0	91.51	91.51	91.51
juego3	easy	0.0	0.008	1933	400	286	281	-5	0	91.51	91.51	91.51
juego3	easy	0.0	0.008	1941	400	286	281	-5	0	91.52	91.52	91.52
juego3	easy	0.0	0.008	1949	400	286	281	-5	0	91.56	91.56	91.56
juego3	easy	0.0	0.008	1959	400	286	281	-5	0	91.58	91.58	91.58
juego3	easy	0.0	0.008	1967	400	286	281	-5	0	91.58	91.58	91.58
juego3	easy	0.0	0.008	1976	400	286	281	-5	0	91.58	91.58	91.58
juego3	easy	0.0	0.008	1983	400	286	280	-6	0	91.59	91.59	91.59
juego3	easy	0.0	0.008	1992	400	286	280	-6	0	91.6	91.6	91.6
juego3	easy	0.0	0.008	0	400	286	280	-6	1	91.63	91.63	91.63
juego3	easy	80.0	0.008	9	400	178	280	102	1	91.63	91.63	91.63
juego3	easy	80.0	0.008	18	400	178	281	103	1	91.58	91.58	91.58
juego3	easy	80.0	0.008	26	400	178	281	103	1	91.55	91.55	91.55
juego3	easy	80.0	0.008	34	400	178	281	103	1	91.52	91.52	91.52
juego3	easy	80.0	0.008	44	400	178	281	103	1	91.52	91.52	91.52
juego3	easy	80.0	0.008	52	400	178	281	103	1	91.52	91.52	91.52
juego3	easy	80.0	0.008	61	400	178	281	103	1	91.52	91.52	91.52
juego3	easy	80.0	0.008	70	400	178	281	103	1	91.51	91.51	91.51
juego3	easy	80.0	0.008	78	400	178	281	103	1	91.48	91.48	91.48
juego3	easy	80.0	0.008	85	400	178	281	103	1	91.46	91.46	91.46
juego3	easy	80.0	0.008	94	400	178	281	103	1	91.43	91.43	91.43
juego3	easy	80.0	0.008	103	400	178	281	103	1	91.41	91.41	91.41
juego3	easy	80.0	0.008	112	400	178	281	103	1	91.41	91.41	91.41
juego3	easy	80.0	0.008	121	400	178	281	103	1	91.44	91.44	91.44
juego3	easy	80.0	0.008	130	400	178	281	103	1	91.48	91.48	91.48
juego3	easy	80.0	0.008	137	400	178	281	103	1	91.49	91.49	91.49
juego3	easy	80.0	0.008	146	400	178	281	103	1	91.5	91.5	91.5
juego3	easy	80.0	0.008	155	400	178	281	103	1	91.51	91.51	91.51
juego3	easy	80.0	0.008	164	400	178	281	103	1	91.52	91.52	91.52
juego3	easy	80.0	0.008	173	400	178	281	103	1	91.53	91.53	91.53
juego3	easy	80.0	0.008	181	400	178	281	103	1	91.53	91.53	91.53
juego3	easy	80.0	0.008	190	400	178	281	103	1	91.53	91.53	91.53
juego3	easy	80.0	0.008	200	400	178	281	103	1	91.54	91.54	91.54
juego3	easy	80.0	0.008	208	400	178	281	103	1	91.56	91.56	91.56
juego3	easy	80.0	0.008	217	400	178	281	103	1	91.56	91.56	91.56
juego3	easy	80.0	0.008	226	400	178	281	103	1	91.55	91.55	91.55
juego3	easy	80.0	0.008	235	400	178	281	103	1	91.53	91.53	91.53
juego3	easy	80.0	0.008	243	400	178	281	103	1	91.54	91.54	91.54
juego3	easy	80.0	0.008	253	400	178	281	103	1	91.54	91.54	91.54
juego3	easy	80.0	0.008	261	400	178	281	103	1	91.51	91.51	91.51
juego3	easy	80.0	0.008	270	400	178	281	103	1	91.48	91.48	91.48
juego3	easy	80.0	0.008	279	400	178	280	102	1	91.59	91.59	91.59
juego3	easy	80.0	0.008	288	400	178	280	102	1	91.88	91.88	91.88
juego3	easy	80.0	0.008	297	400	178	279	101	1	92.2	92.2	92.2
juego3	easy	80.0	0.008	305	400	178	275	97	1	93.48	93.48	93.48
juego3	easy	80.0	0.008	314	400	178	268	90	1	95.64	95.64	95.64
juego3	easy	80.0	0.008	323	400	178	261	83	1	98.13	98.13	98.13
juego3	easy	80.0	0.008	332	400	178	261	83	1	98.13	98.13	98.13
juego3	easy	80.0	0.008	342	400	178	251	73	1	101.51	101.51	101.51
juego3	easy	80.0	0.008	350	400	178	245	67	1	103.52	103.52	103.52
juego3	easy	80.0	0.008	359	400	178	241	63	1	104.75	104.75	104.75
juego3	easy	80.0	0.008	369	400	178	239	61	1	105.68	105.68	105.68
juego3	easy	80.0	0.008	377	400	178	237	59	1	106.14	106.14	106.14
juego3	easy	80.0	0.008	385	400	178	236	58	1	106.69	106.69	106.69
juego3	easy	80.0	0.008	394	400	178	231	53	1	108.23	108.23	108.23
juego3	easy	80.0	0.008	403	400	178	227	49	1	109.59	109.59	109.59
juego3	easy	80.0	0.008	411	400	178	222	44	1	111.3	111.3	111.3
juego3	easy	80.0	0.008	420	400	178	220	42	1	111.9	111.9	111.9
juego3	easy	80.0	0.008	430	400	178	221	43	1	111.72	111.72	111.72
juego3	easy	80.0	0.008	439	400	178	222	44	1	111.38	111.38	111.38
juego3	easy	80.0	0.008	446	400	178	222	44	1	111.26	111.26	111.26
juego3	easy	80.0	0.008	455	400	178	222	44	1	111.37	111.37	111.37
juego3	easy	80.0	0.008	463	400	178	221	43	1	111.62	111.62	111.62
juego3	easy	80.0	0.008	472	400	178	219	41	1	112.32	112.32	112.32
juego3	easy	80.0	0.008	481	400	178	217	39	1	113.05	113.05	113.05
juego3	easy	80.0	0.008	490	400	178	216	38	1	113.3	113.3	113.3
juego3	easy	80.0	0.008	499	400	178	217	39	1	113.01	113.01	113.01
juego3	easy	80.0	0.008	508	400	178	218	40	1	112.77	112.77	112.77
juego3	easy	80.0	0.008	516	400	178	219	41	1	112.22	112.22	112.22
juego3	easy	80.0	0.008	525	400	178	221	43	1	111.55	111.55	111.55
juego3	easy	80.0	0.008	535	400	178	223	45	1	110.9	110.9	110.9
juego3	easy	80.0	0.008	543	400	178	224	46	1	110.59	110.59	110.59
juego3	easy	80.0	0.008	552	400	178	225	47	1	110.2	110.2	110.2
juego3	easy	80.0	0.008	561	400	178	224	46	1	110.51	110.51	110.51
juego3	easy	80.0	0.008	570	400	178	221	43	1	111.57	111.57	111.57
juego3	easy	80.0	0.008	578	400	178	217	39	1	113.17	113.17	113.17
juego3	easy	80.0	0.008	587	400	178	214	36	1	113.9	113.9	113.9
juego3	easy	80.0	0.008	596	400	178	211	33	1	114.93	114.93	114.93
juego3	easy	80.0	0.008	604	400	178	210	32	1	115.31	115.31	115.31
juego3	easy	80.0	0.008	613	400	178	210	32	1	115.37	115.37	115.37
juego3	easy	80.0	0.008	622	400	178	210	32	1	115.43	115.43	115.43
juego3	easy	80.0	0.008	631	400	178	209	31	1	115.69	115.69	115.69
juego3	easy	80.0	0.008	639	400	178	208	30	1	116.1	116.1	116.1
juego3	easy	80.0	0.008	647	400	178	207	29	1	116.49	116.49	116.49
juego3	easy	80.0	0.008	655	400	178	202	24	1	117.93	117.93	117.93
juego3	easy	80.0	0.008	664	400	178	196	18	1	120.06	120.06	120.06
juego3	easy	80.0	0.008	672	400	178	193	15	1	121.18	121.18	121.18
juego3	easy	80.0	0.008	682	400	178	188	10	1	122.88	122.88	122.88
juego3	easy	80.0	0.008	690	400	178	186	8	1	123.31	123.31	123.31
juego3	easy	80.0	0.008	699	400	178	185	7	1	123.66	123.66	123.66
juego3	easy	80.0	0.008	708	400	178	184	6	1	124.05	124.05	124.05
juego3	easy	80.0	0.008	718	400	178	180	2	1	125.55	125.55	125.55
juego3	easy	80.0	0.008	726	400	178	177	-1	1	126.6	126.6	126.6
juego3	easy	80.0	0.008	735	400	178	170	-8	1	128.75	128.75	128.75
juego3	easy	80.0	0.008	744	400	178	166	-12	1	130.13	130.13	130.13
juego3	easy	80.0	0.008	753	400	178	166	-12	1	130.34	130.34	130.34
juego3	easy	80.0	0.008	763	400	178	166	-12	1	130.12	130.12	130.12
juego3	easy	80.0	0.008	771	400	178	166	-12	1	130.1	130.1	130.1
juego3	easy	80.0	0.008	779	400	178	165	-13	1	130.43	130.43	130.43
juego3	easy	80.0	0.008	788	400	178	165	-13	1	130.69	130.69	130.69
juego3	easy	80.0	0.008	797	400	178	164	-14	1	131.05	131.05	131.05
juego3	easy	80.0	0.008	805	400	178	164	-14	1	130.82	130.82	130.82
juego3	easy	80.0	0.008	813	400	178	165	-13	1	130.5	130.5	130.5
juego3	easy	80.0	0.008	822	400	178	168	-10	1	129.64	129.64	129.64
juego3	easy	80.0	0.008	830	400	178	171	-7	1	128.57	128.57	128.57
juego3	easy	80.0	0.008	838	400	178	172	-6	1	128.16	128.16	128.16
juego3	easy	80.0	0.008	848	400	178	174	-4	1	127.65	127.65	127.65
juego3	easy	80.0	0.008	857	400	178	174	-4	1	127.52	127.52	127.52
juego3	easy	80.0	0.008	865	400	178	174	-4	1	127.46	127.46	127.46
juego3	easy	80.0	0.008	873	400	178	174	-4	1	127.4	127.4	127.4
juego3	easy	80.0	0.008	882	400	178	175	-3	1	127.22	127.22	127.22
juego3	easy	80.0	0.008	891	400	178	176	-2	1	126.99	126.99	126.99
juego3	easy	80.0	0.008	899	400	178	176	-2	1	126.74	126.74	126.74
juego3	easy	80.0	0.008	908	400	178	177	-1	1	126.63	126.63	126.63
juego3	easy	80.0	0.008	917	400	178	177	-1	1	126.47	126.47	126.47
juego3	easy	80.0	0.008	926	400	178	178	0	1	126.3	126.3	126.3
juego3	easy	80.0	0.008	935	400	178	178	0	1	126.11	126.11	126.11
juego3	easy	80.0	0.008	942	400	178	178	0	1	126.01	126.01	126.01
juego3	easy	80.0	0.008	951	400	178	179	1	1	125.86	125.86	125.86
juego3	easy	80.0	0.008	960	400	178	179	1	1	125.84	125.84	125.84
juego3	easy	80.0	0.008	969	400	178	179	1	1	125.86	125.86	125.86
juego3	easy	80.0	0.008	979	400	178	179	1	1	125.88	125.88	125.88
juego3	easy	80.0	0.008	987	400	178	179	1	1	125.89	125.89	125.89
juego3	easy	80.0	0.008	996	400	178	179	1	1	125.78	125.78	125.78
juego3	easy	80.0	0.008	1005	400	178	180	2	1	125.59	125.59	125.59
juego3	easy	80.0	0.008	1015	400	178	180	2	1	125.39	125.39	125.39
juego3	easy	80.0	0.008	1023	400	178	181	3	1	125.28	125.28	125.28
juego3	easy	80.0	0.008	1032	400	178	181	3	1	125.02	125.02	125.02
juego3	easy	80.0	0.008	1041	400	178	182	4	1	124.84	124.84	124.84
juego3	easy	80.0	0.008	1049	400	178	182	4	1	124.82	124.82	124.82
juego3	easy	80.0	0.008	1057	400	178	182	4	1	124.86	124.86	124.86
juego3	easy	80.0	0.008	1066	400	178	182	4	1	124.91	124.91	124.91
juego3	easy	80.0	0.008	1075	400	178	182	4	1	124.96	124.96	124.96
juego3	easy	80.0	0.008	1083	400	178	182	4	1	124.96	124.96	124.96
juego3	easy	80.0	0.008	1092	400	178	182	4	1	124.94	124.94	124.94
juego3	easy	80.0	0.008	1102	400	178	182	4	1	124.88	124.88	124.88
juego3	easy	80.0	0.008	1110	400	178	182	4	1	124.79	124.79	124.79
juego3	easy	80.0	0.008	1119	400	178	182	4	1	124.74	124.74	124.74
juego3	easy	80.0	0.008	1128	400	178	183	5	1	124.64	124.64	124.64
juego3	easy	80.0	0.008	1137	400	178	183	5	1	124.63	124.63	124.63
juego3	easy	80.0	0.008	1144	400	178	182	4	1	124.66	124.66	124.66
juego3	easy	80.0	0.008	1153	400	178	182	4	1	124.74	124.74	124.74
juego3	easy	80.0	0.008	1162	400	178	182	4	1	124.82	124.82	124.82
juego3	easy	80.0	0.008	1172	400	178	182	4	1	124.86	124.86	124.86
juego3	easy	80.0	0.008	1180	400	178	182	4	1	124.87	124.87	124.87
juego3	easy	80.0	0.008	1189	400	178	182	4	1	124.86	124.86	124.86
juego3	easy	80.0	0.008	1197	400	178	182	4	1	124.83	124.83	124.83
juego3	easy	80.0	0.008	1206	400	178	182	4	1	124.77	124.77	124.77
juego3	easy	80.0	0.008	1214	400	178	182	4	1	124.73	124.73	124.73
juego3	easy	80.0	0.008	1223	400	178	182	4	1	124.66	124.66	124.66
juego3	easy	80.0	0.008	1232	400	178	183	5	1	124.61	124.61	124.61
juego3	easy	80.0	0.008	1240	400	178	183	5	1	124.57	124.57	124.57
juego3	easy	80.0	0.008	1249	400	178	183	5	1	124.55	124.55	124.55
juego3	easy	80.0	0.008	1258	400	178	183	5	1	124.56	124.56	124.56
juego3	easy	80.0	0.008	1267	400	178	183	5	1	124.59	124.59	124.59
juego3	easy	80.0	0.008	1275	400	178	183	5	1	124.62	124.62	124.62
juego3	easy	80.0	0.008	1284	400	178	183	5	1	124.63	124.63	124.63
juego3	easy	80.0	0.008	1293	400	178	183	5	1	124.61	124.61	124.61
juego3	easy	80.0	0.008	1301	400	178	183	5	1	124.61	124.61	124.61
juego3	easy	80.0	0.008	1310	400	178	183	5	1	124.63	124.63	124.63
juego3	easy	80.0	0.008	1319	400	178	182	4	1	124.69	124.69	124.69
juego3	easy	80.0	0.008	1328	400	178	182	4	1	124.76	124.76	124.76
juego3	easy	80.0	0.008	1337	400	178	182	4	1	124.81	124.81	124.81
juego3	easy	80.0	0.008	1345	400	178	182	4	1	124.85	124.85	124.85
juego3	easy	80.0	0.008	1354	400	178	182	4	1	124.87	124.87	124.87
juego3	easy	80.0	0.008	1363	400	178	182	4	1	124.9	124.9	124.9
juego3	easy	80.0	0.008	1371	400	178	182	4	1	124.89	124.89	124.89
juego3	easy	80.0	0.008	1380	400	178	182	4	1	124.83	124.83	124.83
juego3	easy	80.0	0.008	1390	400	178	182	4	1	124.78	124.78	124.78
juego3	easy	80.0	0.008	1398	400	178	182	4	1	124.68	124.68	124.68
juego3	easy	80.0	0.008	1408	400	178	183	5	1	124.58	124.58	124.58
juego3	easy	80.0	0.008	1416	400	178	183	5	1	124.5	124.5	124.5
juego3	easy	80.0	0.008	1424	400	178	183	5	1	124.49	124.49	124.49
juego3	easy	80.0	0.008	1433	400	178	183	5	1	124.51	124.51	124.51
juego3	easy	80.0	0.008	1441	400	178	183	5	1	124.56	124.56	124.56
juego3	easy	80.0	0.008	1450	400	178	183	5	1	124.6	124.6	124.6
juego3	easy	80.0	0.008	1458	400	178	182	4	1	124.67	124.67	124.67
juego3	easy	80.0	0.008	1467	400	178	182	4	1	124.7	124.7	124.7
juego3	easy	80.0	0.008	1477	400	178	182	4	1	124.7	124.7	124.7
juego3	easy	80.0	0.008	1485	400	178	182	4	1	124.69	124.69	124.69
juego3	easy	80.0	0.008	1494	400	178	183	5	1	124.64	124.64	124.64
juego3	easy	80.0	0.008	1502	400	178	183	5	1	124.58	124.58	124.58
juego3	easy	80.0	0.008	1510	400	178	183	5	1	124.56	124.56	124.56
juego3	easy	80.0	0.008	1518	400	178	183	5	1	124.5	124.5	124.5
juego3	easy	80.0	0.008	1527	400	178	183	5	1	124.49	124.49	124.49
juego3	easy	80.0	0.008	1537	400	178	183	5	1	124.52	124.52	124.52
juego3	easy	80.0	0.008	1544	400	178	183	5	1	124.53	124.53	124.53
juego3	easy	80.0	0.008	1553	400	178	183	5	1	124.58	124.58	124.58
juego3	easy	80.0	0.008	1562	400	178	183	5	1	124.58	124.58	124.58
juego3	easy	80.0	0.008	1570	400	178	183	5	1	124.57	124.57	124.57
juego3	easy	80.0	0.008	1579	400	178	183	5	1	124.54	124.54	124.54
juego3	easy	80.0	0.008	1587	400	178	183	5	1	124.49	124.49	124.49
juego3	easy	80.0	0.008	1595	400	178	183	5	1	124.47	124.47	124.47
juego3	easy	80.0	0.008	1604	400	178	183	5	1	124.45	124.45	124.45
juego3	easy	80.0	0.008	1612	400	178	183	5	1	124.42	124.42	124.42
juego3	easy	80.0	0.008	1621	400	178	183	5	1	124.39	124.39	124.39
juego3	easy	80.0	0.008	1630	400	178	183	5	1	124.38	124.38	124.38
juego3	easy	80.0	0.008	1639	400	178	183	5	1	124.37	124.37	124.37
juego3	easy	80.0	0.008	1647	400	178	183	5	1	124.36	124.36	124.36
juego3	easy	80.0	0.008	1656	400	178	183	5	1	124.36	124.36	124.36
juego3	easy	80.0	0.008	1664	400	178	183	5	1	124.35	124.35	124.35
juego3	easy	80.0	0.008	1673	400	178	183	5	1	124.34	124.34	124.34
juego3	easy	80.0	0.008	1682	400	178	183	5	1	124.32	124.32	124.32
juego3	easy	80.0	0.008	1690	400	178	184	6	1	124.3	124.3	124.3
juego3	easy	80.0	0.008	1699	400	178	184	6	1	124.26	124.26	124.26
juego3	easy	80.0	0.008	1708	400	178	184	6	1	124.2	124.2	124.2
juego3	easy	80.0	0.008	1717	400	178	184	6	1	124.16	124.16	124.16
juego3	easy	80.0	0.008	1725	400	178	184	6	1	124.16	124.16	124.16
juego3	easy	80.0	0.008	1734	400	178	184	6	1	124.16	124.16	124.16
juego3	easy	80.0	0.008	1742	400	178	184	6	1	124.14	124.14	124.14
juego3	easy	80.0	0.008	1751	400	178	184	6	1	124.13	124.13	124.13
juego3	easy	80.0	0.008	1759	400	178	184	6	1	124.14	124.14	124.14
juego3	easy	80.0	0.008	1768	400	178	184	6	1	124.16	124.16	124.16
juego3	easy	80.0	0.008	1776	400	178	184	6	1	124.19	124.19	124.19
juego3	easy	80.0	0.008	1785	400	178	184	6	1	124.19	124.19	124.19
juego3	easy	80.0	0.008	1794	400	178	184	6	1	124.18	124.18	124.18
juego3	easy	80.0	0.008	1802	400	178	184	6	1	124.17	124.17	124.17
juego3	easy	80.0	0.008	1811	400	178	184	6	1	124.18	124.18	124.18
juego3	easy	80.0	0.008	1819	400	178	184	6	1	124.2	124.2	124.2
juego3	easy	80.0	0.008	1828	400	178	184	6	1	124.22	124.22	124.22
juego3	easy	80.0	0.008	1837	400	178	184	6	1	124.21	124.21	124.21
juego3	easy	80.0	0.008	1846	400	178	184	6	1	124.19	124.19	124.19
juego3	easy	80.0	0.008	1855	400	178	184	6	1	124.16	124.16	124.16
juego3	easy	80.0	0.008	1864	400	178	184	6	1	124.14	124.14	124.14
juego3	easy	80.0	0.008	1873	400	178	184	6	1	124.13	124.13	124.13
juego3	easy	80.0	0.008	1882	400	178	184	6	1	124.11	124.11	124.11
juego3	easy	80.0	0.008	1890	400	178	184	6	1	124.08	124.08	124.08
juego3	easy	80.0	0.008	1899	400	178	184	6	1	124.02	124.02	124.02
juego3	easy	80.0	0.008	1907	400	178	184	6	1	123.98	123.98	123.98
juego3	easy	80.0	0.008	1916	400	178	184	6	1	123.98	123.98	123.98
juego3	easy	80.0	0.008	1925	400	178	184	6	1	124.0	124.0	124.0
juego3	easy	80.0	0.008	1933	400	178	184	6	1	124.02	124.02	124.02
juego3	easy	80.0	0.008	1941	400	178	184	6	1	124.02	124.02	124.02
juego3	easy	80.0	0.008	1949	400	178	184	6	1	124.02	124.02	124.02
juego3	easy	80.0	0.008	1957	400	178	184	6	1	124.01	124.01	124.01
juego3	easy	80.0	0.008	1965	400	178	184	6	1	124.01	124.01	124.01
juego3	easy	80.0	0.008	1974	400	178	184	6	1	124.03	124.03	124.03
juego3	easy	80.0	0.008	1983	400	178	184	6	1	124.06	124.06	124.06
juego3	easy	80.0	0.008	1992	400	178	184	6	1	124.08	124.08	124.08
juego3	easy	80.0	0.008	2000	400	178	184	6	1	124.07	124.07	124.07
juego3	easy	80.0	0.008	0	400	178	184	6	2	124.06	124.06	124.06
juego3	easy	0.0	0.008	9	400	286	184	-102	2	124.05	124.05	124.05
juego3	easy	0.0	0.008	18	400	286	184	-102	2	124.04	124.04	124.04
juego3	easy	0.0	0.008	26	400	286	184	-102	2	124.04	124.04	124.04
juego3	easy	0.0	0.008	35	400	286	184	-102	2	124.01	124.01	124.01
juego3	easy	0.0	0.008	44	400	286	185	-101	2	123.96	123.96	123.96
juego3	easy	0.0	0.008	53	400	286	185	-101	2	123.93	123.93	123.93
juego3	easy	0.0	0.008	63	400	286	185	-101	2	123.89	123.89	123.89
juego3	easy	0.0	0.008	73	400	286	185	-101	2	123.87	123.87	123.87
juego3	easy	0.0	0.008	82	400	286	185	-101	2	123.86	123.86	123.86
juego3	easy	0.0	0.008	91	400	286	185	-101	2	123.84	123.84	123.84
juego3	easy	0.0	0.008	99	400	286	185	-101	2	123.83	123.83	123.83
juego3	easy	0.0	0.008	108	400	286	185	-101	2	123.82	123.82	123.82
juego3	easy	0.0	0.008	117	400	286	185	-101	2	123.81	123.81	123.81
juego3	easy	0.0	0.008	127	400	286	185	-101	2	123.82	123.82	123.82
juego3	easy	0.0	0.008	135	400	286	185	-101	2	123.85	123.85	123.85
juego3	easy	0.0	0.008	143	400	286	185	-101	2	123.87	123.87	123.87
juego3	easy	0.0	0.008	152	400	286	185	-101	2	123.91	123.91	123.91
juego3	easy	0.0	0.008	160	400	286	185	-101	2	123.94	123.94	123.94
juego3	easy	0.0	0.008	169	400	286	185	-101	2	123.96	123.96	123.96
juego3	easy	0.0	0.008	178	400	286	185	-101	2	123.96	123.96	123.96
juego3	easy	0.0	0.008	187	400	286	185	-101	2	123.95	123.95	123.95
juego3	easy	0.0	0.008	197	400	286	185	-101	2	123.89	123.89	123.89
juego3	easy	0.0	0.008	206	400	286	185	-101	2	123.82	123.82	123.82
juego3	easy	0.0	0.008	214	400	286	185	-101	2	123.76	123.76	123.76
juego3	easy	0.0	0.008	222	400	286	185	-101	2	123.74	123.74	123.74
juego3	easy	0.0	0.008	231	400	286	185	-101	2	123.69	123.69	123.69
juego3	easy	0.0	0.008	240	400	286	186	-100	2	123.61	123.61	123.61
juego3	easy	0.0	0.008	249	400	286	186	-100	2	123.55	123.55	123.55
juego3	easy	0.0	0.008	258	400	286	186	-100	2	123.41	123.41	123.41
juego3	easy	0.0	0.008	266	400	286	187	-99	2	123.19	123.19	123.19
juego3	easy	0.0	0.008	275	400	286	188	-98	2	122.91	122.91	122.91
juego3	easy	0.0	0.008	284	400	286	188	-98	2	122.76	122.76	122.76
juego3	easy	0.0	0.008	292	400	286	189	-97	2	122.4	122.4	122.4
juego3	easy	0.0	0.008	300	400	286	191	-95	2	121.78	121.78	121.78
juego3	easy	0.0	0.008	309	400	286	192	-94	2	121.34	121.34	121.34
juego3	easy	0.0	0.008	319	400	286	196	-90	2	120.21	120.21	120.21
juego3	easy	0.0	0.008	327	400	286	200	-86	2	118.72	118.72	118.72
juego3	easy	0.0	0.008	337	400	286	205	-81	2	117.01	117.01	117.01
juego3	easy	0.0	0.008	345	400	286	211	-75	2	115.04	115.04	115.04
juego3	easy	0.0	0.008	352	400	286	214	-72	2	113.98	113.98	113.98
juego3	easy	0.0	0.008	361	400	286	217	-69	2	112.87	112.87	112.87
juego3	easy	0.0	0.008	368	400	286	224	-62	2	110.57	110.57	110.57
juego3	easy	0.0	0.008	378	400	286	231	-55	2	108.45	108.45	108.45
juego3	easy	0.0	0.008	386	400	286	236	-50	2	106.75	106.75	106.75
juego3	easy	0.0	0.008	395	400	286	239	-47	2	105.5	105.5	105.5
juego3	easy	0.0	0.008	404	400	286	241	-45	2	104.91	104.91	104.91
juego3	easy	0.0	0.008	413	400	286	245	-41	2	103.7	103.7	103.7
juego3	easy	0.0	0.008	421	400	286	246	-40	2	103.07	103.07	103.07
juego3	easy	0.0	0.008	431	400	286	250	-36	2	102.01	102.01	102.01
juego3	easy	0.0	0.008	439	400	286	251	-35	2	101.42	101.42	101.42
juego3	easy	0.0	0.008	448	400	286	252	-34	2	101.2	101.2	101.2
juego3	easy	0.0	0.008	456	400	286	252	-34	2	101.28	101.28	101.28
juego3	easy	0.0	0.008	464	400	286	252	-34	2	101.32	101.32	101.32
juego3	easy	0.0	0.008	473	400	286	252	-34	2	101.25	101.25	101.25
juego3	easy	0.0	0.008	482	400	286	253	-33	2	100.95	100.95	100.95
juego3	easy	0.0	0.008	490	400	286	254	-32	2	100.61	100.61	100.61
juego3	easy	0.0	0.008	499	400	286	254	-32	2	100.46	100.46	100.46
juego3	easy	0.0	0.008	508	400	286	255	-31	2	100.24	100.24	100.24
juego3	easy	0.0	0.008	516	400	286	255	-31	2	100.15	100.15	100.15
juego3	easy	0.0	0.008	524	400	286	255	-31	2	100.13	100.13	100.13
juego3	easy	0.0	0.008	532	400	286	255	-31	2	100.1	100.1	100.1
juego3	easy	0.0	0.008	541	400	286	255	-31	2	100.07	100.07	100.07
juego3	easy	0.0	0.008	550	400	286	255	-31	2	100.12	100.12	100.12
juego3	easy	0.0	0.008	559	400	286	255	-31	2	100.17	100.17	100.17
juego3	easy	0.0	0.008	569	400	286	255	-31	2	100.31	100.31	100.31
juego3	easy	0.0	0.008	578	400	286	254	-32	2	100.37	100.37	100.37
juego3	easy	0.0	0.008	586	400	286	255	-31	2	100.16	100.16	100.16
juego3	easy	0.0	0.008	596	400	286	257	-29	2	99.64	99.64	99.64
juego3	easy	0.0	0.008	604	400	286	258	-28	2	99.25	99.25	99.25
juego3	easy	0.0	0.008	612	400	286	260	-26	2	98.47	98.47	98.47
juego3	easy	0.0	0.008	621	400	286	262	-24	2	97.87	97.87	97.87
juego3	easy	0.0	0.008	630	400	286	262	-24	2	97.69	97.69	97.69
juego3	easy	0.0	0.008	639	400	286	263	-23	2	97.47	97.47	97.47
juego3	easy	0.0	0.008	648	400	286	263	-23	2	97.33	97.33	97.33
juego3	easy	0.0	0.008	657	400	286	264	-22	2	97.08	97.08	97.08
juego3	easy	0.0	0.008	666	400	286	265	-21	2	96.8	96.8	96.8
juego3	easy	0.0	0.008	675	400	286	266	-20	2	96.63	96.63	96.63
juego3	easy	0.0	0.008	683	400	286	267	-19	2	96.2	96.2	96.2
juego3	easy	0.0	0.008	692	400	286	269	-17	2	95.6	95.6	95.6
juego3	easy	0.0	0.008	701	400	286	270	-16	2	95.24	95.24	95.24
juego3	easy	0.0	0.008	710	400	286	272	-14	2	94.57	94.57	94.57
juego3	easy	0.0	0.008	718	400	286	273	-13	2	94.25	94.25	94.25
juego3	easy	0.0	0.008	726	400	286	274	-12	2	93.71	93.71	93.71
juego3	easy	0.0	0.008	735	400	286	276	-10	2	93.08	93.08	93.08
juego3	easy	0.0	0.008	743	400	286	279	-7	2	92.24	92.24	92.24
juego3	easy	0.0	0.008	751	400	286	281	-5	2	91.35	91.35	91.35
juego3	easy	0.0	0.008	760	400	286	282	-4	2	90.94	90.94	90.94
juego3	easy	0.0	0.008	768	400	286	285	-1	2	90.09	90.09	90.09
juego3	easy	0.0	0.008	777	400	286	288	2	2	89.12	89.12	89.12
juego3	easy	0.0	0.008	787	400	286	291	5	2	88.07	88.07	88.07
juego3	easy	0.0	0.008	795	400	286	293	7	2	87.53	87.53	87.53
juego3	easy	0.0	0.008	805	400	286	295	9	2	86.77	86.77	86.77
juego3	easy	0.0	0.008	814	400	286	296	10	2	86.52	86.52	86.52
juego3	easy	0.0	0.008	822	400	286	296	10	2	86.51	86.51	86.51
juego3	easy	0.0	0.008	831	400	286	296	10	2	86.47	86.47	86.47
juego3	easy	0.0	0.008	839	400	286	296	10	2	86.45	86.45	86.45
juego3	easy	0.0	0.008	848	400	286	296	10	2	86.46	86.46	86.46
juego3	easy	0.0	0.008	856	400	286	295	9	2	86.62	86.62	86.62
juego3	easy	0.0	0.008	864	400	286	295	9	2	86.76	86.76	86.76
juego3	easy	0.0	0.008	872	400	286	294	8	2	87.1	87.1	87.1
juego3	easy	0.0	0.008	881	400	286	293	7	2	87.25	87.25	87.25
juego3	easy	0.0	0.008	890	400	286	293	7	2	87.44	87.44	87.44
juego3	easy	0.0	0.008	898	400	286	293	7	2	87.44	87.44	87.44
juego3	easy	0.0	0.008	907	400	286	293	7	2	87.33	87.33	87.33
juego3	easy	0.0	0.008	916	400	286	294	8	2	87.15	87.15	87.15
juego3	easy	0.0	0.008	925	400	286	294	8	2	87.09	87.09	87.09
juego3	easy	0.0	0.008	934	400	286	294	8	2	87.08	87.08	87.08
juego3	easy	0.0	0.008	944	400	286	293	7	2	87.23	87.23	87.23
juego3	easy	0.0	0.008	952	400	286	293	7	2	87.52	87.52	87.52
juego3	easy	0.0	0.008	961	400	286	292	6	2	87.87	87.87	87.87
juego3	easy	0.0	0.008	970	400	286	291	5	2	88.06	88.06	88.06
juego3	easy	0.0	0.008	980	400	286	290	4	2	88.37	88.37	88.37
juego3	easy	0.0	0.008	988	400	286	290	4	2	88.53	88.53	88.53
juego3	easy	0.0	0.008	997	400	286	290	4	2	88.52	88.52	88.52
juego3	easy	0.0	0.008	1006	400	286	290	4	2	88.43	88.43	88.43
juego3	easy	0.0	0.008	1015	400	286	290	4	2	88.39	88.39	88.39
juego3	easy	0.0	0.008	1024	400	286	290	4	2	88.32	88.32	88.32
juego3	easy	0.0	0.008	1032	400	286	290	4	2	88.34	88.34	88.34
juego3	easy	0.0	0.008	1039	400	286	290	4	2	88.38	88.38	88.38
juego3	easy	0.0	0.008	1048	400	286	290	4	2	88.48	88.48	88.48
juego3	easy	0.0	0.008	1057	400	286	289	3	2	88.6	88.6	88.6
juego3	easy	0.0	0.008	1066	400	286	289	3	2	88.67	88.67	88.67
juego3	easy	0.0	0.008	1076	400	286	289	3	2	88.78	88.78	88.78
juego3	easy	0.0	0.008	1085	400	286	289	3	2	88.85	88.85	88.85
juego3	easy	0.0	0.008	1093	400	286	289	3	2	88.86	88.86	88.86
juego3	easy	0.0	0.008	1101	400	286	289	3	2	88.86	88.86	88.86
juego3	easy	0.0	0.008	1110	400	286	289	3	2	88.82	88.82	88.82
juego3	easy	0.0	0.008	1119	400	286	289	3	2	88.81	88.81	88.81
juego3	easy	0.0	0.008	1127	400	286	289	3	2	88.88	88.88	88.88
juego3	easy	0.0	0.008	1136	400	286	288	2	2	88.94	88.94	88.94
juego3	easy	0.0	0.008	1144	400	286	288	2	2	89.11	89.11	89.11
juego3	easy	0.0	0.008	1152	400	286	287	1	2	89.26	89.26	89.26
juego3	easy	0.0	0.008	1160	400	286	287	1	2	89.33	89.33	89.33
juego3	easy	0.0	0.008	1169	400	286	287	1	2	89.49	89.49	89.49
juego3	easy	0.0	0.008	1178	400	286	286	0	2	89.64	89.64	89.64
juego3	easy	0.0	0.008	1187	400	286	286	0	2	89.73	89.73	89.73
juego3	easy	0.0	0.008	1197	400	286	286	0	2	89.71	89.71	89.71
juego3	easy	0.0	0.008	1205	400	286	286	0	2	89.67	89.67	89.67
juego3	easy	0.0	0.008	1213	400	286	286	0	2	89.58	89.58	89.58
juego3	easy	0.0	0.008	1222	400	286	287	1	2	89.55	89.55	89.55
juego3	easy	0.0	0.008	1231	400	286	287	1	2	89.49	89.49	89.49
juego3	easy	0.0	0.008	1239	400	286	287	1	2	89.48	89.48	89.48
juego3	easy	0.0	0.008	1249	400	286	287	1	2	89.49	89.49	89.49
juego3	easy	0.0	0.008	1257	400	286	287	1	2	89.52	89.52	89.52
juego3	easy	0.0	0.008	1267	400	286	286	0	2	89.58	89.58	89.58
juego3	easy	0.0	0.008	1275	400	286	286	0	2	89.62	89.62	89.62
juego3	easy	0.0	0.008	1284	400	286	286	0	2	89.71	89.71	89.71
juego3	easy	0.0	0.008	1293	400	286	286	0	2	89.79	89.79	89.79
juego3	easy	0.0	0.008	1301	400	286	286	0	2	89.8	89.8	89.8
juego3	easy	0.0	0.008	1310	400	286	286	0	2	89.76	89.76	89.76
juego3	easy	0.0	0.008	1319	400	286	286	0	2	89.7	89.7	89.7
juego3	easy	0.0	0.008	1328	400	286	286	0	2	89.62	89.62	89.62
juego3	easy	0.0	0.008	1336	400	286	286	0	2	89.59	89.59	89.59
juego3	easy	0.0	0.008	1345	400	286	286	0	2	89.56	89.56	89.56
juego3	easy	0.0	0.008	1354	400	286	286	0	2	89.58	89.58	89.58
juego3	easy	0.0	0.008	1363	400	286	286	0	2	89.59	89.59	89.59
juego3	easy	0.0	0.008	1371	400	286	286	0	2	89.61	89.61	89.61
juego3	easy	0.0	0.008	1379	400	286	286	0	2	89.66	89.66	89.66
juego3	easy	0.0	0.008	1388	400	286	286	0	2	89.71	89.71	89.71
juego3	easy	0.0	0.008	1395	400	286	286	0	2	89.72	89.72	89.72
juego3	easy	0.0	0.008	1404	400	286	286	0	2	89.73	89.73	89.73
juego3	easy	0.0	0.008	1413	400	286	286	0	2	89.71	89.71	89.71
juego3	easy	0.0	0.008	1422	400	286	286	0	2	89.7	89.7	89.7
juego3	easy	0.0	0.008	1431	400	286	286	0	2	89.69	89.69	89.69
juego3	easy	0.0	0.008	1440	400	286	286	0	2	89.72	89.72	89.72
juego3	easy	0.0	0.008	1448	400	286	286	0	2	89.77	89.77	89.77
juego3	easy	0.0	0.008	1458	400	286	286	0	2	89.84	89.84	89.84
juego3	easy	0.0	0.008	1466	400	286	286	0	2	89.86	89.86	89.86
juego3	easy	0.0	0.008	1475	400	286	286	0	2	89.87	89.87	89.87
juego3	easy	0.0	0.008	1484	400	286	286	0	2	89.83	89.83	89.83
juego3	easy	0.0	0.008	1494	400	286	286	0	2	89.78	89.78	89.78
juego3	easy	0.0	0.008	1502	400	286	286	0	2	89.75	89.75	89.75
juego3	easy	0.0	0.008	1512	400	286	286	0	2	89.66	89.66	89.66
juego3	easy	0.0	0.008	1520	400	286	286	0	2	89.65	89.65	89.65
juego3	easy	0.0	0.008	1528	400	286	286	0	2	89.66	89.66	89.66
juego3	easy	0.0	0.008	1537	400	286	286	0	2	89.7	89.7	89.7
juego3	easy	0.0	0.008	1546	400	286	286	0	2	89.72	89.72	89.72
juego3	easy	0.0	0.008	1554	400	286	286	0	2	89.75	89.75	89.75
juego3	easy	0.0	0.008	1564	400	286	286	0	2	89.74	89.74	89.74
juego3	easy	0.0	0.008	1572	400	286	286	0	2	89.73	89.73	89.73
juego3	easy	0.0	0.008	1581	400	286	286	0	2	89.69	89.69	89.69
juego3	easy	0.0	0.008	1590	400	286	286	0	2	89.64	89.64	89.64
juego3	easy	0.0	0.008	1600	400	286	286	0	2	89.6	89.6	89.6
juego3	easy	0.0	0.008	1608	400	286	286	0	2	89.6	89.6	89.6
juego3	easy	0.0	0.008	1617	400	286	286	0	2	89.63	89.63	89.63
juego3	easy	0.0	0.008	1626	400	286	286	0	2	89.7	89.7	89.7
juego3	easy	0.0	0.008	1634	400	286	286	0	2	89.76	89.76	89.76
juego3	easy	0.0	0.008	1642	400	286	286	0	2	89.8	89.8	89.8
juego3	easy	0.0	0.008	1652	400	286	286	0	2	89.82	89.82	89.82
juego3	easy	0.0	0.008	1660	400	286	286	0	2	89.79	89.79	89.79
juego3	easy	0.0	0.008	1669	400	286	286	0	2	89.73	89.73	89.73
juego3	easy	0.0	0.008	1676	400	286	286	0	2	89.71	89.71	89.71
juego3	easy	0.0	0.008	1685	400	286	286	0	2	89.64	89.64	89.64
juego3	easy	0.0	0.008	1694	400	286	286	0	2	89.59	89.59	89.59
juego3	easy	0.0	0.008	1704	400	286	286	0	2	89.57	89.57	89.57
juego3	easy	0.0	0.008	1712	400	286	286	0	2	89.58	89.58	89.58
juego3	easy	0.0	0.008	1720	400	286	286	0	2	89.62	89.62	89.62
juego3	easy	0.0	0.008	1728	400	286	286	0	2	89.7	89.7	89.7
juego3	easy	0.0	0.008	1737	400	286	286	0	2	89.72	89.72	89.72
juego3	easy	0.0	0.008	1746	400	286	286	0	2	89.74	89.74	89.74
juego3	easy	0.0	0.008	1755	400	286	286	0	2	89.73	89.73	89.73
juego3	easy	0.0	0.008	1763	400	286	286	0	2	89.67	89.67	89.67
juego3	easy	0.0	0.008	1771	400	286	286	0	2	89.63	89.63	89.63
juego3	easy	0.0	0.008	1780	400	286	287	1	2	89.55	89.55	89.55
juego3	easy	0.0	0.008	1788	400	286	287	1	2	89.53	89.53	89.53
juego3	easy	0.0	0.008	1798	400	286	286	0	2	89.58	89.58	89.58
juego3	easy	0.0	0.008	1806	400	286	286	0	2	89.61	89.61	89.61
juego3	easy	0.0	0.008	1815	400	286	286	0	2	89.69	89.69	89.69
juego3	easy	0.0	0.008	1824	400	286	286	0	2	89.73	89.73	89.73
juego3	easy	0.0	0.008	1832	400	286	286	0	2	89.74	89.74	89.74
juego3	easy	0.0	0.008	1840	400	286	286	0	2	89.75	89.75	89.75
juego3	easy	0.0	0.008	1849	400	286	286	0	2	89.76	89.76	89.76
juego3	easy	0.0	0.008	1858	400	286	286	0	2	89.73	89.73	89.73
juego3	easy	0.0	0.008	1867	400	286	286	0	2	89.72	89.72	89.72
juego3	easy	0.0	0.008	1876	400	286	286	0	2	89.69	89.69	89.69
juego3	easy	0.0	0.008	1885	400	286	286	0	2	89.68	89.68	89.68
juego3	easy	0.0	0.008	1895	400	286	286	0	2	89.67	89.67	89.67
juego3	easy	0.0	0.008	1903	400	286	286	0	2	89.66	89.66	89.66
juego3	easy	0.0	0.008	1911	400	286	286	0	2	89.65	89.65	89.65
juego3	easy	0.0	0.008	1920	400	286	286	0	2	89.64	89.64	89.64
juego3	easy	0.0	0.008	1928	400	286	286	0	2	89.63	89.63	89.63
juego3	easy	0.0	0.008	1936	400	286	286	0	2	89.62	89.62	89.62
juego3	easy	0.0	0.008	1945	400	286	286	0	2	89.63	89.63	89.63
juego3	easy	0.0	0.008	1953	400	286	286	0	2	89.64	89.64	89.64
juego3	easy	0.0	0.008	1962	400	286	286	0	2	89.64	89.64	89.64
juego3	easy	0.0	0.008	1971	400	286	286	0	2	89.65	89.65	89.65
juego3	easy	0.0	0.008	1980	400	286	286	0	2	89.66	89.66	89.66
juego3	easy	0.0	0.008	1988	400	286	286	0	2	89.66	89.66	89.66
juego3	easy	0.0	0.008	1996	400	286	286	0	2	89.67	89.67	89.67
juego3	easy	0.0	0.008	0	400	286	286	0	3	89.7	89.7	89.7
juego3	easy	80.0	0.008	9	400	178	286	108	3	89.74	89.74	89.74
juego3	easy	80.0	0.008	16	400	178	286	108	3	89.74	89.74	89.74
juego3	easy	80.0	0.008	25	400	178	286	108	3	89.72	89.72	89.72
juego3	easy	80.0	0.008	34	400	178	286	108	3	89.66	89.66	89.66
juego3	easy	80.0	0.008	42	400	178	286	108	3	89.62	89.62	89.62
juego3	easy	80.0	0.008	51	400	178	286	108	3	89.57	89.57	89.57
juego3	easy	80.0	0.008	60	400	178	286	108	3	89.57	89.57	89.57
juego3	easy	80.0	0.008	70	400	178	286	108	3	89.6	89.6	89.6
juego3	easy	80.0	0.008	78	400	178	286	108	3	89.61	89.61	89.61
juego3	easy	80.0	0.008	87	400	178	286	108	3	89.64	89.64	89.64
juego3	easy	80.0	0.008	96	400	178	286	108	3	89.67	89.67	89.67
juego3	easy	80.0	0.008	105	400	178	286	108	3	89.7	89.7	89.7
juego3	easy	80.0	0.008	114	400	178	286	108	3	89.73	89.73	89.73
juego3	easy	80.0	0.008	123	400	178	286	108	3	89.74	89.74	89.74
juego3	easy	80.0	0.008	133	400	178	286	108	3	89.74	89.74	89.74
juego3	easy	80.0	0.008	141	400	178	286	108	3	89.72	89.72	89.72
juego3	easy	80.0	0.008	151	400	178	286	108	3	89.7	89.7	89.7
juego3	easy	80.0	0.008	159	400	178	286	108	3	89.67	89.67	89.67
juego3	easy	80.0	0.008	169	400	178	286	108	3	89.65	89.65	89.65
juego3	easy	80.0	0.008	177	400	178	286	108	3	89.65	89.65	89.65
juego3	easy	80.0	0.008	186	400	178	286	108	3	89.66	89.66	89.66
juego3	easy	80.0	0.008	194	400	178	286	108	3	89.69	89.69	89.69
juego3	easy	80.0	0.008	204	400	178	286	108	3	89.72	89.72	89.72
juego3	easy	80.0	0.008	211	400	178	286	108	3	89.72	89.72	89.72
juego3	easy	80.0	0.008	219	400	178	286	108	3	89.71	89.71	89.71
juego3	easy	80.0	0.008	228	400	178	286	108	3	89.71	89.71	89.71
juego3	easy	80.0	0.008	237	400	178	286	108	3	89.71	89.71	89.71
juego3	easy	80.0	0.008	245	400	178	286	108	3	89.73	89.73	89.73
juego3	easy	80.0	0.008	253	400	178	286	108	3	89.73	89.73	89.73
juego3	easy	80.0	0.008	262	400	178	286	108	3	89.74	89.74	89.74
juego3	easy	80.0	0.008	270	400	178	286	108	3	89.74	89.74	89.74
juego3	easy	80.0	0.008	280	400	178	286	108	3	89.77	89.77	89.77
juego3	easy	80.0	0.008	288	400	178	286	108	3	89.81	89.81	89.81
juego3	easy	80.0	0.008	297	400	178	285	107	3	89.97	89.97	89.97
juego3	easy	80.0	0.008	305	400	178	285	107	3	90.21	90.21	90.21
juego3	easy	80.0	0.008	315	400	178	283	105	3	90.58	90.58	90.58
juego3	easy	80.0	0.008	323	400	178	283	105	3	90.83	90.83	90.83
juego3	easy	80.0	0.008	333	400	178	280	102	3	91.85	91.85	91.85
juego3	easy	80.0	0.008	341	400	178	274	96	3	93.86	93.86	93.86
juego3	easy	80.0	0.008	350	400	178	266	88	3	96.54	96.54	96.54
juego3	easy	80.0	0.008	360	400	178	262	84	3	97.86	97.86	97.86
juego3	easy	80.0	0.008	368	400	178	258	80	3	99.15	99.15	99.15
juego3	easy	80.0	0.008	377	400	178	252	74	3	101.13	101.13	101.13
juego3	easy	80.0	0.008	386	400	178	242	64	3	104.44	104.44	104.44
juego3	easy	80.0	0.008	395	400	178	237	59	3	106.33	106.33	106.33
juego3	easy	80.0	0.008	403	400	178	234	56	3	107.27	107.27	107.27
juego3	easy	80.0	0.008	412	400	178	229	51	3	108.97	108.97	108.97
juego3	easy	80.0	0.008	421	400	178	227	49	3	109.7	109.7	109.7
juego3	easy	80.0	0.008	429	400	178	223	45	3	110.97	110.97	110.97
juego3	easy	80.0	0.008	438	400	178	220	42	3	112.09	112.09	112.09
juego3	easy	80.0	0.008	448	400	178	216	38	3	113.21	113.21	113.21
juego3	easy	80.0	0.008	456	400	178	214	36	3	114.02	114.02	114.02
juego3	easy	80.0	0.008	466	400	178	212	34	3	114.86	114.86	114.86
juego3	easy	80.0	0.008	474	400	178	211	33	3	115.12	115.12	115.12
juego3	easy	80.0	0.008	483	400	178	210	32	3	115.52	115.52	115.52
juego3	easy	80.0	0.008	492	400	178	208	30	3	115.9	115.9	115.9
juego3	easy	80.0	0.008	501	400	178	207	29	3	116.37	116.37	116.37
juego3	easy	80.0	0.008	509	400	178	206	28	3	116.56	116.56	116.56
juego3	easy	80.0	0.008	518	400	178	205	27	3	117.04	117.04	117.04
juego3	easy	80.0	0.008	526	400	178	204	26	3	117.29	117.29	117.29
juego3	easy	80.0	0.008	535	400	178	204	26	3	117.38	117.38	117.38
juego3	easy	80.0	0.008	544	400	178	204	26	3	117.41	117.41	117.41
juego3	easy	80.0	0.008	553	400	178	204	26	3	117.51	117.51	117.51
juego3	easy	80.0	0.008	561	400	178	203	25	3	117.66	117.66	117.66
juego3	easy	80.0	0.008	570	400	178	203	25	3	117.78	117.78	117.78
juego3	easy	80.0	0.008	580	400	178	203	25	3	117.83	117.83	117.83
juego3	easy	80.0	0.008	589	400	178	202	24	3	117.95	117.95	117.95
juego3	easy	80.0	0.008	597	400	178	202	24	3	118.1	118.1	118.1
juego3	easy	80.0	0.008	606	400	178	202	24	3	118.2	118.2	118.2
juego3	easy	80.0	0.008	614	400	178	202	24	3	118.22	118.22	118.22
juego3	easy	80.0	0.008	623	400	178	202	24	3	118.23	118.23	118.23
juego3	easy	80.0	0.008	633	400	178	202	24	3	118.22	118.22	118.22
juego3	easy	80.0	0.008	641	400	178	202	24	3	118.15	118.15	118.15
juego3	easy	80.0	0.008	650	400	178	202	24	3	118.06	118.06	118.06
juego3	easy	80.0	0.008	659	400	178	202	24	3	118.04	118.04	118.04
juego3	easy	80.0	0.008	669	400	178	202	24	3	118.08	118.08	118.08
juego3	easy	80.0	0.008	677	400	178	202	24	3	118.16	118.16	118.16
juego3	easy	80.0	0.008	685	400	178	202	24	3	118.21	118.21	118.21
juego3	easy	80.0	0.008	694	400	178	201	23	3	118.31	118.31	118.31
juego3	easy	80.0	0.008	702	400	178	201	23	3	118.37	118.37	118.37
juego3	easy	80.0	0.008	711	400	178	201	23	3	118.43	118.43	118.43
juego3	easy	80.0	0.008	718	400	178	201	23	3	118.47	118.47	118.47
juego3	easy	80.0	0.008	727	400	178	201	23	3	118.56	118.56	118.56
juego3	easy	80.0	0.008	736	400	178	200	22	3	118.64	118.64	118.64
juego3	easy	80.0	0.008	745	400	178	200	22	3	118.67	118.67	118.67
juego3	easy	80.0	0.008	754	400	178	200	22	3	118.73	118.73	118.73
juego3	easy	80.0	0.008	763	400	178	200	22	3	118.81	118.81	118.81
juego3	easy	80.0	0.008	772	400	178	200	22	3	118.89	118.89	118.89
juego3	easy	80.0	0.008	780	400	178	199	21	3	119.0	119.0	119.0
juego3	easy	80.0	0.008	790	400	178	199	21	3	119.06	119.06	119.06
juego3	easy	80.0	0.008	798	400	178	199	21	3	119.17	119.17	119.17
juego3	easy	80.0	0.008	807	400	178	199	21	3	119.17	119.17	119.17
juego3	easy	80.0	0.008	817	400	178	199	21	3	119.21	119.21	119.21
juego3	easy	80.0	0.008	826	400	178	199	21	3	119.17	119.17	119.17
juego3	easy	80.0	0.008	834	400	178	199	21	3	119.15	119.15	119.15
juego3	easy	80.0	0.008	843	400	178	199	21	3	119.12	119.12	119.12
juego3	easy	80.0	0.008	852	400	178	199	21	3	119.09	119.09	119.09
juego3	easy	80.0	0.008	861	400	178	199	21	3	119.04	119.04	119.04
juego3	easy	80.0	0.008	870	400	178	199	21	3	119.02	119.02	119.02
juego3	easy	80.0	0.008	878	400	178	199	21	3	118.97	118.97	118.97
juego3	easy	80.0	0.008	886	400	178	199	21	3	118.96	118.96	118.96
juego3	easy	80.0	0.008	894	400	178	199	21	3	118.96	118.96	118.96
juego3	easy	80.0	0.008	903	400	178	199	21	3	119.01	119.01	119.01
juego3	easy	80.0	0.008	912	400	178	199	21	3	119.04	119.04	119.04
juego3	easy	80.0	0.008	921	400	178	199	21	3	119.04	119.04	119.04
juego3	easy	80.0	0.008	930	400	178	199	21	3	119.02	119.02	119.02
juego3	easy	80.0	0.008	939	400	178	199	21	3	118.96	118.96	118.96
juego3	easy	80.0	0.008	947	400	178	200	22	3	118.88	118.88	118.88
juego3	easy	80.0	0.008	955	400	178	200	22	3	118.85	118.85	118.85
juego3	easy	80.0	0.008	963	400	178	200	22	3	118.79	118.79	118.79
juego3	easy	80.0	0.008	972	400	178	200	22	3	118.7	118.7	118.7
juego3	easy	80.0	0.008	981	400	178	200	22	3	118.6	118.6	118.6
juego3	easy	80.0	0.008	990	400	178	201	23	3	118.55	118.55	118.55
juego3	easy	80.0	0.008	999	400	178	201	23	3	118.5	118.5	118.5
juego3	easy	80.0	0.008	1008	400	178	201	23	3	118.48	118.48	118.48
juego3	easy	80.0	0.008	1016	400	178	201	23	3	118.47	118.47	118.47
juego3	easy	80.0	0.008	1026	400	178	201	23	3	118.45	118.45	118.45
juego3	easy	80.0	0.008	1035	400	178	201	23	3	118.43	118.43	118.43
juego3	easy	80.0	0.008	1043	400	178	201	23	3	118.38	118.38	118.38
juego3	easy	80.0	0.008	1052	400	178	201	23	3	118.33	118.33	118.33
juego3	easy	80.0	0.008	1061	400	178	201	23	3	118.29	118.29	118.29
juego3	easy	80.0	0.008	1070	400	178	201	23	3	118.28	118.28	118.28
juego3	easy	80.0	0.008	1079	400	178	201	23	3	118.29	118.29	118.29
juego3	easy	80.0	0.008	1088	400	178	201	23	3	118.28	118.28	118.28
juego3	easy	80.0	0.008	1097	400	178	201	23	3	118.24	118.24	118.24
juego3	easy	80.0	0.008	1105	400	178	202	24	3	118.21	118.21	118.21
juego3	easy	80.0	0.008	1114	400	178	202	24	3	118.18	118.18	118.18
juego3	easy	80.0	0.008	1123	400	178	202	24	3	118.18	118.18	118.18
juego3	easy	80.0	0.008	1132	400	178	202	24	3	118.18	118.18	118.18
juego3	easy	80.0	0.008	1140	400	178	202	24	3	118.18	118.18	118.18
juego3	easy	80.0	0.008	1150	400	178	202	24	3	118.18	118.18	118.18
juego3	easy	80.0	0.008	1159	400	178	202	24	3	118.16	118.16	118.16
juego3	easy	80.0	0.008	1167	400	178	202	24	3	118.15	118.15	118.15
juego3	easy	80.0	0.008	1176	400	178	202	24	3	118.15	118.15	118.15
juego3	easy	80.0	0.008	1185	400	178	202	24	3	118.13	118.13	118.13
juego3	easy	80.0	0.008	1194	400	178	202	24	3	118.13	118.13	118.13
juego3	easy	80.0	0.008	1203	400	178	202	24	3	118.12	118.12	118.12
juego3	easy	80.0	0.008	1212	400	178	202	24	3	118.12	118.12	118.12
juego3	easy	80.0	0.008	1221	400	178	202	24	3	118.13	118.13	118.13
juego3	easy	80.0	0.008	1229	400	178	202	24	3	118.13	118.13	118.13
juego3	easy	80.0	0.008	1238	400	178	202	24	3	118.13	118.13	118.13
juego3	easy	80.0	0.008	1245	400	178	202	24	3	118.12	118.12	118.12
juego3	easy	80.0	0.008	1254	400	178	202	24	3	118.07	118.07	118.07
juego3	easy	80.0	0.008	1263	400	178	202	24	3	118.04	118.04	118.04
juego3	easy	80.0	0.008	1271	400	178	202	24	3	118.03	118.03	118.03
juego3	easy	80.0	0.008	1280	400	178	202	24	3	118.02	118.02	118.02
juego3	easy	80.0	0.008	1289	400	178	202	24	3	118.0	118.0	118.0
juego3	easy	80.0	0.008	1297	400	178	202	24	3	117.97	117.97	117.97
juego3	easy	80.0	0.008	1304	400	178	202	24	3	117.96	117.96	117.96
juego3	easy	80.0	0.008	1313	400	178	202	24	3	117.93	117.93	117.93
juego3	easy	80.0	0.008	1323	400	178	202	24	3	117.93	117.93	117.93
juego3	easy	80.0	0.008	1331	400	178	202	24	3	117.91	117.91	117.91
juego3	easy	80.0	0.008	1340	400	178	202	24	3	117.9	117.9	117.9
juego3	easy	80.0	0.008	1349	400	178	203	25	3	117.88	117.88	117.88
juego3	easy	80.0	0.008	1358	400	178	203	25	3	117.88	117.88	117.88
juego3	easy	80.0	0.008	1368	400	178	202	24	3	117.91	117.91	117.91
juego3	easy	80.0	0.008	1376	400	178	202	24	3	117.95	117.95	117.95
juego3	easy	80.0	0.008	1385	400	178	202	24	3	117.98	117.98	117.98
juego3	easy	80.0	0.008	1394	400	178	202	24	3	118.01	118.01	118.01
juego3	easy	80.0	0.008	1402	400	178	202	24	3	118.0	118.0	118.0
juego3	easy	80.0	0.008	1411	400	178	202	24	3	117.98	117.98	117.98
juego3	easy	80.0	0.008	1420	400	178	202	24	3	117.94	117.94	117.94
juego3	easy	80.0	0.008	1429	400	178	203	25	3	117.89	117.89	117.89
juego3	easy	80.0	0.008	1439	400	178	203	25	3	117.83	117.83	117.83
juego3	easy	80.0	0.008	1448	400	178	203	25	3	117.75	117.75	117.75
juego3	easy	80.0	0.008	1457	400	178	203	25	3	117.69	117.69	117.69
juego3	easy	80.0	0.008	1465	400	178	203	25	3	117.69	117.69	117.69
juego3	easy	80.0	0.008	1474	400	178	203	25	3	117.75	117.75	117.75
juego3	easy	80.0	0.008	1482	400	178	203	25	3	117.81	117.81	117.81
juego3	easy	80.0	0.008	1490	400	178	203	25	3	117.84	117.84	117.84
juego3	easy	80.0	0.008	1498	400	178	203	25	3	117.87	117.87	117.87
juego3	easy	80.0	0.008	1508	400	178	203	25	3	117.87	117.87	117.87
juego3	easy	80.0	0.008	1516	400	178	203	25	3	117.87	117.87	117.87
juego3	easy	80.0	0.008	1525	400	178	203	25	3	117.87	117.87	117.87
juego3	easy	80.0	0.008	1534	400	178	203	25	3	117.88	117.88	117.88
juego3	easy	80.0	0.008	1542	400	178	203	25	3	117.87	117.87	117.87
juego3	easy	80.0	0.008	1551	400	178	203	25	3	117.86	117.86	117.86
juego3	easy	80.0	0.008	1560	400	178	203	25	3	117.83	117.83	117.83
juego3	easy	80.0	0.008	1569	400	178	203	25	3	117.82	117.82	117.82
juego3	easy	80.0	0.008	1578	400	178	203	25	3	117.78	117.78	117.78
juego3	easy	80.0	0.008	1587	400	178	203	25	3	117.76	117.76	117.76
juego3	easy	80.0	0.008	1595	400	178	203	25	3	117.76	117.76	117.76
juego3	easy	80.0	0.008	1604	400	178	203	25	3	117.8	117.8	117.8
juego3	easy	80.0	0.008	1613	400	178	203	25	3	117.85	117.85	117.85
juego3	easy	80.0	0.008	1623	400	178	203	25	3	117.89	117.89	117.89
juego3	easy	80.0	0.008	1631	400	178	202	24	3	117.91	117.91	117.91
juego3	easy	80.0	0.008	1639	400	178	202	24	3	117.91	117.91	117.91
juego3	easy	80.0	0.008	1648	400	178	202	24	3	117.91	117.91	117.91
juego3	easy	80.0	0.008	1656	400	178	202	24	3	117.9	117.9	117.9
juego3	easy	80.0	0.008	1665	400	178	203	25	3	117.88	117.88	117.88
juego3	easy	80.0	0.008	1674	400	178	203	25	3	117.87	117.87	117.87
juego3	easy	80.0	0.008	1683	400	178	203	25	3	117.86	117.86	117.86
juego3	easy	80.0	0.008	1692	400	178	203	25	3	117.86	117.86	117.86
juego3	easy	80.0	0.008	1700	400	178	203	25	3	117.88	117.88	117.88
juego3	easy	80.0	0.008	1709	400	178	202	24	3	117.92	117.92	117.92
juego3	easy	80.0	0.008	1717	400	178	202	24	3	117.94	117.94	117.94
juego3	easy	80.0	0.008	1726	400	178	202	24	3	117.94	117.94	117.94
juego3	easy	80.0	0.008	1734	400	178	202	24	3	117.91	117.91	117.91
juego3	easy	80.0	0.008	1744	400	178	203	25	3	117.89	117.89	117.89
juego3	easy	80.0	0.008	1751	400	178	203	25	3	117.87	117.87	117.87
juego3	easy	80.0	0.008	1759	400	178	203	25	3	117.82	117.82	117.82
juego3	easy	80.0	0.008	1769	400	178	203	25	3	117.77	117.77	117.77
juego3	easy	80.0	0.008	1775	400	178	203	25	3	117.76	117.76	117.76
juego3	easy	80.0	0.008	1783	400	178	203	25	3	117.78	117.78	117.78
juego3	easy	80.0	0.008	1792	400	178	203	25	3	117.8	117.8	117.8
juego3	easy	80.0	0.008	1801	400	178	203	25	3	117.83	117.83	117.83
juego3	easy	80.0	0.008	1810	400	178	203	25	3	117.87	117.87	117.87
juego3	easy	80.0	0.008	1819	400	178	202	24	3	117.92	117.92	117.92
juego3	easy	80.0	0.008	1828	400	178	202	24	3	117.93	117.93	117.93
juego3	easy	80.0	0.008	1836	400	178	202	24	3	117.93	117.93	117.93
juego3	easy	80.0	0.008	1844	400	178	202	24	3	117.91	117.91	117.91
juego3	easy	80.0	0.008	1851	400	178	202	24	3	117.9	117.9	117.9
juego3	easy	80.0	0.008	1860	400	178	203	25	3	117.87	117.87	117.87
juego3	easy	80.0	0.008	1869	400	178	203	25	3	117.85	117.85	117.85
juego3	easy	80.0	0.008	1877	400	178	203	25	3	117.83	117.83	117.83
juego3	easy	80.0	0.008	1886	400	178	203	25	3	117.81	117.81	117.81
juego3	easy	80.0	0.008	1896	400	178	203	25	3	117.82	117.82	117.82
juego3	easy	80.0	0.008	1905	400	178	203	25	3	117.84	117.84	117.84
juego3	easy	80.0	0.008	1913	400	178	203	25	3	117.85	117.85	117.85
juego3	easy	80.0	0.008	1922	400	178	203	25	3	117.84	117.84	117.84
juego3	easy	80.0	0.008	1932	400	178	203	25	3	117.82	117.82	117.82
juego3	easy	80.0	0.008	1940	400	178	203	25	3	117.82	117.82	117.82
juego3	easy	80.0	0.008	1950	400	178	203	25	3	117.85	117.85	117.85
juego3	easy	80.0	0.008	1959	400	178	203	25	3	117.87	117.87	117.87
juego3	easy	80.0	0.008	1966	400	178	203	25	3	117.86	117.86	117.86
juego3	easy	80.0	0.008	1975	400	178	203	25	3	117.82	117.82	117.82
juego3	easy	80.0	0.008	1983	400	178	203	25	3	117.77	117.77	117.77
juego3	easy	80.0	0.008	1992	400	178	203	25	3	117.76	117.76	117.76
juego3	easy	80.0	0.008	0	400	178	203	25	4	117.78	117.78	117.78
juego3	easy	0.0	0.008	9	400	286	203	-83	4	117.81	117.81	117.81
juego3	easy	0.0	0.008	18	400	286	203	-83	4	117.82	117.82	117.82
juego3	easy	0.0	0.008	27	400	286	203	-83	4	117.83	117.83	117.83
juego3	easy	0.0	0.008	37	400	286	203	-83	4	117.83	117.83	117.83
juego3	easy	0.0	0.008	45	400	286	203	-83	4	117.84	117.84	117.84
juego3	easy	0.0	0.008	54	400	286	203	-83	4	117.83	117.83	117.83
juego3	easy	0.0	0.008	63	400	286	203	-83	4	117.81	117.81	117.81
juego3	easy	0.0	0.008	72	400	286	203	-83	4	117.82	117.82	117.82
juego3	easy	0.0	0.008	80	400	286	203	-83	4	117.85	117.85	117.85
juego3	easy	0.0	0.008	89	400	286	203	-83	4	117.87	117.87	117.87
juego3	easy	0.0	0.008	96	400	286	203	-83	4	117.87	117.87	117.87
juego3	easy	0.0	0.008	105	400	286	203	-83	4	117.83	117.83	117.83
juego3	easy	0.0	0.008	114	400	286	203	-83	4	117.79	117.79	117.79
juego3	easy	0.0	0.008	123	400	286	203	-83	4	117.76	117.76	117.76
juego3	easy	0.0	0.008	133	400	286	203	-83	4	117.74	117.74	117.74
juego3	easy	0.0	0.008	140	400	286	203	-83	4	117.73	117.73	117.73
juego3	easy	0.0	0.008	149	400	286	203	-83	4	117.74	117.74	117.74
juego3	easy	0.0	0.008	158	400	286	203	-83	4	117.76	117.76	117.76
juego3	easy	0.0	0.008	167	400	286	203	-83	4	117.78	117.78	117.78
juego3	easy	0.0	0.008	176	400	286	203	-83	4	117.83	117.83	117.83
juego3	easy	0.0	0.008	184	400	286	203	-83	4	117.87	117.87	117.87
juego3	easy	0.0	0.008	193	400	286	203	-83	4	117.88	117.88	117.88
juego3	easy	0.0	0.008	203	400	286	203	-83	4	117.86	117.86	117.86
juego3	easy	0.0	0.008	211	400	286	203	-83	4	117.84	117.84	117.84
juego3	easy	0.0	0.008	220	400	286	203	-83	4	117.79	117.79	117.79
juego3	easy	0.0	0.008	228	400	286	203	-83	4	117.72	117.72	117.72
juego3	easy	0.0	0.008	238	400	286	203	-83	4	117.65	117.65	117.65
juego3	easy	0.0	0.008	246	400	286	203	-83	4	117.61	117.61	117.61
juego3	easy	0.0	0.008	254	400	286	204	-82	4	117.52	117.52	117.52
juego3	easy	0.0	0.008	263	400	286	204	-82	4	117.41	117.41	117.41
juego3	easy	0.0	0.008	271	400	286	204	-82	4	117.36	117.36	117.36
juego3	easy	0.0	0.008	281	400	286	205	-81	4	117.21	117.21	117.21
juego3	easy	0.0	0.008	289	400	286	205	-81	4	117.0	117.0	117.0
juego3	easy	0.0	0.008	298	400	286	206	-80	4	116.7	116.7	116.7
juego3	easy	0.0	0.008	307	400	286	207	-79	4	116.51	116.51	116.51
juego3	easy	0.0	0.008	314	400	286	208	-78	4	115.99	115.99	115.99
juego3	easy	0.0	0.008	323	400	286	209	-77	4	115.61	115.61	115.61
juego3	easy	0.0	0.008	332	400	286	212	-74	4	114.62	114.62	114.62
juego3	easy	0.0	0.008	342	400	286	216	-70	4	113.25	113.25	113.25
juego3	easy	0.0	0.008	349	400	286	221	-65	4	111.53	111.53	111.53
juego3	easy	0.0	0.008	358	400	286	227	-59	4	109.52	109.52	109.52
juego3	easy	0.0	0.008	366	400	286	231	-55	4	108.41	108.41	108.41
juego3	easy	0.0	0.008	374	400	286	237	-49	4	106.21	106.21	106.21
juego3	easy	0.0	0.008	383	400	286	240	-46	4	105.14	105.14	105.14
juego3	easy	0.0	0.008	392	400	286	247	-39	4	103.01	103.01	103.01
juego3	easy	0.0	0.008	401	400	286	253	-33	4	100.91	100.91	100.91
juego3	easy	0.0	0.008	410	400	286	260	-26	4	98.61	98.61	98.61
juego3	easy	0.0	0.008	419	400	286	267	-19	4	96.09	96.09	96.09
juego3	easy	0.0	0.008	428	400	286	271	-15	4	94.83	94.83	94.83
juego3	easy	0.0	0.008	437	400	286	278	-8	4	92.34	92.34	92.34
juego3	easy	0.0	0.008	446	400	286	284	-2	4	90.29	90.29	90.29
juego3	easy	0.0	0.008	456	400	286	288	2	4	89.04	89.04	89.04
juego3	easy	0.0	0.008	465	400	286	290	4	4	88.49	88.49	88.49
juego3	easy	0.0	0.008	473	400	286	290	4	4	88.32	88.32	88.32
juego3	easy	0.0	0.008	482	400	286	290	4	4	88.32	88.32	88.32
juego3	easy	0.0	0.008	491	400	286	290	4	4	88.35	88.35	88.35
juego3	easy	0.0	0.008	499	400	286	290	4	4	88.49	88.49	88.49
juego3	easy	0.0	0.008	507	400	286	289	3	4	88.63	88.63	88.63
juego3	easy	0.0	0.008	516	400	286	288	2	4	89.14	89.14	89.14
juego3	easy	0.0	0.008	524	400	286	286	0	4	89.85	89.85	89.85
juego3	easy	0.0	0.008	533	400	286	285	-1	4	90.22	90.22	90.22
juego3	easy	0.0	0.008	541	400	286	283	-3	4	90.87	90.87	90.87
juego3	easy	0.0	0.008	549	400	286	282	-4	4	91.2	91.2	91.2
juego3	easy	0.0	0.008	557	400	286	281	-5	4	91.27	91.27	91.27
juego3	easy	0.0	0.008	566	400	286	282	-4	4	91.23	91.23	91.23
juego3	easy	0.0	0.008	574	400	286	282	-4	4	91.02	91.02	91.02
juego3	easy	0.0	0.008	583	400	286	282	-4	4	90.92	90.92	90.92
juego3	easy	0.0	0.008	592	400	286	282	-4	4	90.91	90.91	90.91
juego3	easy	0.0	0.008	600	400	286	282	-4	4	91.17	91.17	91.17
juego3	easy	0.0	0.008	609	400	286	281	-5	4	91.51	91.51	91.51
juego3	easy	0.0	0.008	618	400	286	280	-6	4	91.7	91.7	91.7
juego3	easy	0.0	0.008	628	400	286	279	-7	4	92.05	92.05	92.05
juego3	easy	0.0	0.008	636	400	286	279	-7	4	92.16	92.16	92.16
juego3	easy	0.0	0.008	645	400	286	279	-7	4	92.0	92.0	92.0
juego3	easy	0.0	0.008	653	400	286	280	-6	4	91.88	91.88	91.88
juego3	easy	0.0	0.008	661	400	286	281	-5	4	91.58	91.58	91.58
juego3	easy	0.0	0.008	669	400	286	282	-4	4	91.24	91.24	91.24
juego3	easy	0.0	0.008	678	400	286	282	-4	4	91.11	91.11	91.11
juego3	easy	0.0	0.008	687	400	286	282	-4	4	90.99	90.99	90.99
juego3	easy	0.0	0.008	696	400	286	282	-4	4	91.08	91.08	91.08
juego3	easy	0.0	0.008	705	400	286	282	-4	4	91.24	91.24	91.24
juego3	easy	0.0	0.008	713	400	286	281	-5	4	91.32	91.32	91.32
juego3	easy	0.0	0.008	722	400	286	281	-5	4	91.48	91.48	91.48
juego3	easy	0.0	0.008	731	400	286	281	-5	4	91.57	91.57	91.57
juego3	easy	0.0	0.008	740	400	286	281	-5	4	91.58	91.58	91.58
juego3	easy	0.0	0.008	749	400	286	281	-5	4	91.56	91.56	91.56
juego3	easy	0.0	0.008	757	400	286	281	-5	4	91.48	91.48	91.48
juego3	easy	0.0	0.008	766	400	286	281	-5	4	91.33	91.33	91.33
juego3	easy	0.0	0.008	776	400	286	282	-4	4	91.17	91.17	91.17
juego3	easy	0.0	0.008	785	400	286	282	-4	4	91.09	91.09	91.09
juego3	easy	0.0	0.008	794	400	286	282	-4	4	91.19	91.19	91.19
juego3	easy	0.0	0.008	802	400	286	281	-5	4	91.28	91.28	91.28
juego3	easy	0.0	0.008	810	400	286	281	-5	4	91.49	91.49	91.49
juego3	easy	0.0	0.008	819	400	286	280	-6	4	91.73	91.73	91.73
juego3	easy	0.0	0.008	828	400	286	280	-6	4	91.84	91.84	91.84
juego3	easy	0.0	0.008	837	400	286	279	-7	4	92.01	92.01	92.01
juego3	easy	0.0	0.008	846	400	286	279	-7	4	92.06	92.06	92.06
juego3	easy	0.0	0.008	855	400	286	279	-7	4	92.0	92.0	92.0
juego3	easy	0.0	0.008	863	400	286	279	-7	4	91.95	91.95	91.95
juego3	easy	0.0	0.008	872	400	286	280	-6	4	91.81	91.81	91.81
juego3	easy	0.0	0.008	881	400	286	280	-6	4	91.72	91.72	91.72
juego3	easy	0.0	0.008	890	400	286	280	-6	4	91.73	91.73	91.73
juego3	easy	0.0	0.008	898	400	286	280	-6	4	91.76	91.76	91.76
juego3	easy	0.0	0.008	907	400	286	280	-6	4	91.87	91.87	91.87
juego3	easy	0.0	0.008	917	400	286	279	-7	4	91.98	91.98	91.98
juego3	easy	0.0	0.008	925	400	286	279	-7	4	92.09	92.09	92.09
juego3	easy	0.0	0.008	933	400	286	279	-7	4	92.13	92.13	92.13
juego3	easy	0.0	0.008	943	400	286	279	-7	4	92.15	92.15	92.15
juego3	easy	0.0	0.008	951	400	286	279	-7	4	92.13	92.13	92.13
juego3	easy	0.0	0.008	961	400	286	279	-7	4	92.02	92.02	92.02
juego3	easy	0.0	0.008	969	400	286	279	-7	4	91.94	91.94	91.94
juego3	easy	0.0	0.008	977	400	286	280	-6	4	91.82	91.82	91.82
juego3	easy	0.0	0.008	986	400	286	280	-6	4	91.85	91.85	91.85
juego3	easy	0.0	0.008	995	400	286	279	-7	4	91.98	91.98	91.98
juego3	easy	0.0	0.008	1003	400	286	279	-7	4	92.05	92.05	92.05
juego3	easy	0.0	0.008	1012	400	286	279	-7	4	92.15	92.15	92.15
juego3	easy	0.0	0.008	1021	400	286	279	-7	4	92.23	92.23	92.23
juego3	easy	0.0	0.008	1030	400	286	278	-8	4	92.26	92.26	92.26
juego3	easy	0.0	0.008	1038	400	286	278	-8	4	92.26	92.26	92.26
juego3	easy	0.0	0.008	1045	400	286	279	-7	4	92.24	92.24	92.24
juego3	easy	0.0	0.008	1054	400	286	279	-7	4	92.21	92.21	92.21
juego3	easy	0.0	0.008	1063	400	286	279	-7	4	92.13	92.13	92.13
juego3	easy	0.0	0.008	1072	400	286	279	-7	4	92.11	92.11	92.11
juego3	easy	0.0	0.008	1081	400	286	279	-7	4	92.19	92.19	92.19
juego3	easy	0.0	0.008	1089	400	286	279	-7	4	92.25	92.25	92.25
juego3	easy	0.0	0.008	1099	400	286	278	-8	4	92.36	92.36	92.36
juego3	easy	0.0	0.008	1107	400	286	278	-8	4	92.41	92.41	92.41
juego3	easy	0.0	0.008	1116	400	286	278	-8	4	92.35	92.35	92.35
juego3	easy	0.0	0.008	1124	400	286	278	-8	4	92.32	92.32	92.32
juego3	easy	0.0	0.008	1133	400	286	279	-7	4	92.25	92.25	92.25
juego3	easy	0.0	0.008	1142	400	286	279	-7	4	92.18	92.18	92.18
juego3	easy	0.0	0.008	1151	400	286	279	-7	4	92.11	92.11	92.11
juego3	easy	0.0	0.008	1161	400	286	279	-7	4	92.11	92.11	92.11
juego3	easy	0.0	0.008	1170	400	286	279	-7	4	92.17	92.17	92.17
juego3	easy	0.0	0.008	1178	400	286	279	-7	4	92.22	92.22	92.22
juego3	easy	0.0	0.008	1187	400	286	278	-8	4	92.29	92.29	92.29
juego3	easy	0.0	0.008	1197	400	286	278	-8	4	92.34	92.34	92.34
juego3	easy	0.0	0.008	1205	400	286	278	-8	4	92.36	92.36	92.36
juego3	easy	0.0	0.008	1214	400	286	278	-8	4	92.36	92.36	92.36
juego3	easy	0.0	0.008	1223	400	286	278	-8	4	92.32	92.32	92.32
juego3	easy	0.0	0.008	1231	400	286	278	-8	4	92.26	92.26	92.26
juego3	easy	0.0	0.008	1240	400	286	279	-7	4	92.2	92.2	92.2
juego3	easy	0.0	0.008	1249	400	286	279	-7	4	92.18	92.18	92.18
juego3	easy	0.0	0.008	1257	400	286	279	-7	4	92.18	92.18	92.18
juego3	easy	0.0	0.008	1266	400	286	279	-7	4	92.25	92.25	92.25
juego3	easy	0.0	0.008	1276	400	286	278	-8	4	92.31	92.31	92.31
juego3	easy	0.0	0.008	1284	400	286	278	-8	4	92.33	92.33	92.33
juego3	easy	0.0	0.008	1294	400	286	278	-8	4	92.38	92.38	92.38
juego3	easy	0.0	0.008	1302	400	286	278	-8	4	92.41	92.41	92.41
juego3	easy	0.0	0.008	1310	400	286	278	-8	4	92.43	92.43	92.43
juego3	easy	0.0	0.008	1318	400	286	278	-8	4	92.47	92.47	92.47
juego3	easy	0.0	0.008	1325	400	286	278	-8	4	92.49	92.49	92.49
juego3	easy	0.0	0.008	1334	400	286	278	-8	4	92.48	92.48	92.48
juego3	easy	0.0	0.008	1343	400	286	278	-8	4	92.46	92.46	92.46
juego3	easy	0.0	0.008	1352	400	286	278	-8	4	92.43	92.43	92.43
juego3	easy	0.0	0.008	1361	400	286	278	-8	4	92.42	92.42	92.42
juego3	easy	0.0	0.008	1369	400	286	278	-8	4	92.43	92.43	92.43
juego3	easy	0.0	0.008	1378	400	286	278	-8	4	92.44	92.44	92.44
juego3	easy	0.0	0.008	1387	400	286	278	-8	4	92.45	92.45	92.45
juego3	easy	0.0	0.008	1395	400	286	278	-8	4	92.47	92.47	92.47
juego3	easy	0.0	0.008	1404	400	286	278	-8	4	92.48	92.48	92.48
juego3	easy	0.0	0.008	1412	400	286	278	-8	4	92.52	92.52	92.52
juego3	easy	0.0	0.008	1421	400	286	278	-8	4	92.55	92.55	92.55
juego3	easy	0.0	0.008	1430	400	286	278	-8	4	92.54	92.54	92.54
juego3	easy	0.0	0.008	1440	400	286	278	-8	4	92.49	92.49	92.49
juego3	easy	0.0	0.008	1447	400	286	278	-8	4	92.4	92.4	92.4
juego3	easy	0.0	0.008	1456	400	286	278	-8	4	92.35	92.35	92.35
juego3	easy	0.0	0.008	1466	400	286	278	-8	4	92.38	92.38	92.38
juego3	easy	0.0	0.008	1474	400	286	278	-8	4	92.4	92.4	92.4
juego3	easy	0.0	0.008	1483	400	286	278	-8	4	92.43	92.43	92.43
juego3	easy	0.0	0.008	1492	400	286	278	-8	4	92.42	92.42	92.42
juego3	easy	0.0	0.008	1502	400	286	278	-8	4	92.41	92.41	92.41
juego3	easy	0.0	0.008	1511	400	286	278	-8	4	92.4	92.4	92.4
juego3	easy	0.0	0.008	1519	400	286	278	-8	4	92.38	92.38	92.38
juego3	easy	0.0	0.008	1529	400	286	278	-8	4	92.33	92.33	92.33
juego3	easy	0.0	0.008	1537	400	286	278	-8	4	92.29	92.29	92.29
juego3	easy	0.0	0.008	1546	400	286	279	-7	4	92.24	92.24	92.24
juego3	easy	0.0	0.008	1554	400	286	279	-7	4	92.24	92.24	92.24
juego3	easy	0.0	0.008	1563	400	286	278	-8	4	92.26	92.26	92.26
juego3	easy	0.0	0.008	1571	400	286	278	-8	4	92.33	92.33	92.33
juego3	easy	0.0	0.008	1580	400	286	278	-8	4	92.35	92.35	92.35
juego3	easy	0.0	0.008	1589	400	286	278	-8	4	92.4	92.4	92.4
juego3	easy	0.0	0.008	1598	400	286	278	-8	4	92.42	92.42	92.42
juego3	easy	0.0	0.008	1607	400	286	278	-8	4	92.41	92.41	92.41
juego3	easy	0.0	0.008	1616	400	286	278	-8	4	92.37	92.37	92.37
juego3	easy	0.0	0.008	1624	400	286	278	-8	4	92.34	92.34	92.34
juego3	easy	0.0	0.008	1633	400	286	278	-8	4	92.29	92.29	92.29
juego3	easy	0.0	0.008	1642	400	286	278	-8	4	92.28	92.28	92.28
juego3	easy	0.0	0.008	1651	400	286	278	-8	4	92.29	92.29	92.29
juego3	easy	0.0	0.008	1660	400	286	278	-8	4	92.28	92.28	92.28
juego3	easy	0.0	0.008	1669	400	286	278	-8	4	92.27	92.27	92.27
juego3	easy	0.0	0.008	1679	400	286	278	-8	4	92.27	92.27	92.27
juego3	easy	0.0	0.008	1687	400	286	278	-8	4	92.29	92.29	92.29
juego3	easy	0.0	0.008	1696	400	286	278	-8	4	92.3	92.3	92.3
juego3	easy	0.0	0.008	1705	400	286	278	-8	4	92.29	92.29	92.29
juego3	easy	0.0	0.008	1714	400	286	279	-7	4	92.24	92.24	92.24
juego3	easy	0.0	0.008	1723	400	286	279	-7	4	92.16	92.16	92.16
juego3	easy	0.0	0.008	1732	400	286	279	-7	4	92.15	92.15	92.15
juego3	easy	0.0	0.008	1742	400	286	279	-7	4	92.19	92.19	92.19
juego3	easy	0.0	0.008	1750	400	286	279	-7	4	92.22	92.22	92.22
juego3	easy	0.0	0.008	1759	400	286	279	-7	4	92.24	92.24	92.24
juego3	easy	0.0	0.008	1768	400	286	279	-7	4	92.25	92.25	92.25
juego3	easy	0.0	0.008	1777	400	286	278	-8	4	92.26	92.26	92.26
juego3	easy	0.0	0.008	1785	400	286	278	-8	4	92.27	92.27	92.27
juego3	easy	0.0	0.008	1795	400	286	278	-8	4	92.3	92.3	92.3
juego3	easy	0.0	0.008	1804	400	286	278	-8	4	92.29	92.29	92.29
juego3	easy	0.0	0.008	1812	400	286	278	-8	4	92.27	92.27	92.27
juego3	easy	0.0	0.008	1821	400	286	279	-7	4	92.24	92.24	92.24
juego3	easy	0.0	0.008	1830	400	286	279	-7	4	92.24	92.24	92.24
juego3	easy	0.0	0.008	1838	400	286	279	-7	4	92.25	92.25	92.25
juego3	easy	0.0	0.008	1847	400	286	278	-8	4	92.27	92.27	92.27
juego3	easy	0.0	0.008	1856	400	286	279	-7	4	92.25	92.25	92.25
juego3	easy	0.0	0.008	1866	400	286	279	-7	4	92.19	92.19	92.19
juego3	easy	0.0	0.008	1874	400	286	279	-7	4	92.13	92.13	92.13
juego3	easy	0.0	0.008	1883	400	286	279	-7	4	92.15	92.15	92.15
juego3	easy	0.0	0.008	1893	400	286	279	-7	4	92.2	92.2	92.2
juego3	easy	0.0	0.008	1900	400	286	279	-7	4	92.21	92.21	92.21
juego3	easy	0.0	0.008	1909	400	286	279	-7	4	92.2	92.2	92.2
juego3	easy	0.0	0.008	1919	400	286	279	-7	4	92.17	92.17	92.17
juego3	easy	0.0	0.008	1928	400	286	279	-7	4	92.16	92.16	92.16
juego3	easy	0.0	0.008	1935	400	286	279	-7	4	92.16	92.16	92.16
juego3	easy	0.0	0.008	1943	400	286	279	-7	4	92.18	92.18	92.18
juego3	easy	0.0	0.008	1953	400	286	279	-7	4	92.17	92.17	92.17
juego3	easy	0.0	0.008	1963	400	286	279	-7	4	92.17	92.17	92.17
juego3	easy	0.0	0.008	1971	400	286	279	-7	4	92.18	92.18	92.18
juego3	easy	0.0	0.008	1980	400	286	279	-7	4	92.19	92.19	92.19
juego3	easy	0.0	0.008	1989	400	286	279	-7	4	92.21	92.21	92.21
juego3	easy	0.0	0.008	1998	400	286	279	-7	4	92.22	92.22	92.22
juego3	easy	0.0	0.008	0	400	286	279	-7	5	92.22	92.22	92.22
juego3	easy	-80.0	0.008	8	400	417	279	-138	5	92.23	92.23	92.23
juego3	easy	-80.0	0.008	17	400	417	279	-138	5	92.21	92.21	92.21
juego3	easy	-80.0	0.008	26	400	417	279	-138	5	92.17	92.17	92.17
juego3	easy	-80.0	0.008	36	400	417	279	-138	5	92.14	92.14	92.14
juego3	easy	-80.0	0.008	43	400	417	279	-138	5	92.14	92.14	92.14
juego3	easy	-80.0	0.008	53	400	417	279	-138	5	92.16	92.16	92.16
juego3	easy	-80.0	0.008	60	400	417	279	-138	5	92.18	92.18	92.18
juego3	easy	-80.0	0.008	69	400	417	279	-138	5	92.21	92.21	92.21
juego3	easy	-80.0	0.008	77	400	417	279	-138	5	92.2	92.2	92.2
juego3	easy	-80.0	0.008	85	400	417	279	-138	5	92.17	92.17	92.17
juego3	easy	-80.0	0.008	94	400	417	279	-138	5	92.16	92.16	92.16
juego3	easy	-80.0	0.008	104	400	417	279	-138	5	92.15	92.15	92.15
juego3	easy	-80.0	0.008	112	400	417	279	-138	5	92.14	92.14	92.14
juego3	easy	-80.0	0.008	121	400	417	279	-138	5	92.13	92.13	92.13
juego3	easy	-80.0	0.008	130	400	417	279	-138	5	92.12	92.12	92.12
juego3	easy	-80.0	0.008	139	400	417	279	-138	5	92.11	92.11	92.11
juego3	easy	-80.0	0.008	148	400	417	279	-138	5	92.1	92.1	92.1
juego3	easy	-80.0	0.008	156	400	417	279	-138	5	92.09	92.09	92.09
juego3	easy	-80.0	0.008	166	400	417	279	-138	5	92.09	92.09	92.09
juego3	easy	-80.0	0.008	174	400	417	279	-138	5	92.1	92.1	92.1
juego3	easy	-80.0	0.008	184	400	417	279	-138	5	92.1	92.1	92.1
juego3	easy	-80.0	0.008	192	400	417	279	-138	5	92.07	92.07	92.07
juego3	easy	-80.0	0.008	201	400	417	279	-138	5	92.05	92.05	92.05
juego3	easy	-80.0	0.008	210	400	417	279	-138	5	92.04	92.04	92.04
juego3	easy	-80.0	0.008	218	400	417	279	-138	5	92.06	92.06	92.06
juego3	easy	-80.0	0.008	226	400	417	279	-138	5	92.09	92.09	92.09
juego3	easy	-80.0	0.008	234	400	417	279	-138	5	92.1	92.1	92.1
juego3	easy	-80.0	0.008	243	400	417	279	-138	5	92.12	92.12	92.12
juego3	easy	-80.0	0.008	251	400	417	279	-138	5	92.1	92.1	92.1
juego3	easy	-80.0	0.008	259	400	417	279	-138	5	92.1	92.1	92.1
juego3	easy	-80.0	0.008	267	400	417	279	-138	5	92.08	92.08	92.08
juego3	easy	-80.0	0.008	276	400	417	279	-138	5	92.04	92.04	92.04
juego3	easy	-80.0	0.008	283	400	417	279	-138	5	92.01	92.01	92.01
juego3	easy	-80.0	0.008	293	400	417	279	-138	5	91.95	91.95	91.95
juego3	easy	-80.0	0.008	301	400	417	280	-137	5	91.91	91.91	91.91
juego3	easy	-80.0	0.008	309	400	417	280	-137	5	91.89	91.89	91.89
juego3	easy	-80.0	0.008	318	400	417	280	-137	5	91.82	91.82	91.82
juego3	easy	-80.0	0.008	327	400	417	280	-137	5	91.63	91.63	91.63
juego3	easy	-80.0	0.008	337	400	417	282	-135	5	91.15	91.15	91.15
juego3	easy	-80.0	0.008	346	400	417	284	-133	5	90.28	90.28	90.28
juego3	easy	-80.0	0.008	355	400	417	286	-131	5	89.7	89.7	89.7
juego3	easy	-80.0	0.008	364	400	417	291	-126	5	88.17	88.17	88.17
juego3	easy	-80.0	0.008	372	400	417	293	-124	5	87.24	87.24	87.24
juego3	easy	-80.0	0.008	380	400	417	300	-117	5	85.02	85.02	85.02
juego3	easy	-80.0	0.008	389	400	417	307	-110	5	82.24	82.24	82.24
juego3	easy	-80.0	0.008	398	400	417	317	-100	5	78.85	78.85	78.85
juego3	easy	-80.0	0.008	407	400	417	329	-88	5	75.05	75.05	75.05
juego3	easy	-80.0	0.008	416	400	417	340	-77	5	71.2	71.2	71.2
juego3	easy	-80.0	0.008	425	400	417	345	-72	5	69.35	69.35	69.35
juego3	easy	-80.0	0.008	434	400	417	356	-61	5	65.84	65.84	65.84
juego3	easy	-80.0	0.008	444	400	417	365	-52	5	62.76	62.76	62.76
juego3	easy	-80.0	0.008	452	400	417	374	-43	5	59.74	59.74	59.74
juego3	easy	-80.0	0.008	461	400	417	383	-34	5	56.8	56.8	56.8
juego3	easy	-80.0	0.008	469	400	417	387	-30	5	55.44	55.44	55.44
juego3	easy	-80.0	0.008	477	400	417	393	-24	5	53.43	53.43	53.43
juego3	easy	-80.0	0.008	485	400	417	395	-22	5	52.78	52.78	52.78
juego3	easy	-80.0	0.008	494	400	417	396	-21	5	52.35	52.35	52.35
juego3	easy	-80.0	0.008	504	400	417	396	-21	5	52.4	52.4	52.4
juego3	easy	-80.0	0.008	512	400	417	395	-22	5	52.73	52.73	52.73
juego3	easy	-80.0	0.008	520	400	417	394	-23	5	53.08	53.08	53.08
juego3	easy	-80.0	0.008	529	400	417	391	-26	5	53.89	53.89	53.89
juego3	easy	-80.0	0.008	538	400	417	388	-29	5	55.01	55.01	55.01
juego3	easy	-80.0	0.008	547	400	417	384	-33	5	56.33	56.33	56.33
juego3	easy	-80.0	0.008	555	400	417	382	-35	5	57.0	57.0	57.0
juego3	easy	-80.0	0.008	564	400	417	378	-39	5	58.32	58.32	58.32
juego3	easy	-80.0	0.008	573	400	417	375	-42	5	59.35	59.35	59.35
juego3	easy	-80.0	0.008	581	400	417	374	-43	5	59.73	59.73	59.73
juego3	easy	-80.0	0.008	590	400	417	373	-44	5	59.95	59.95	59.95
juego3	easy	-80.0	0.008	598	400	417	374	-43	5	59.63	59.63	59.63
juego3	easy	-80.0	0.008	607	400	417	376	-41	5	59.05	59.05	59.05
juego3	easy	-80.0	0.008	616	400	417	378	-39	5	58.39	58.39	58.39
juego3	easy	-80.0	0.008	625	400	417	379	-38	5	58.14	58.14	58.14
juego3	easy	-80.0	0.008	634	400	417	379	-38	5	57.87	57.87	57.87
juego3	easy	-80.0	0.008	643	400	417	380	-37	5	57.72	57.72	57.72
juego3	easy	-80.0	0.008	652	400	417	380	-37	5	57.59	57.59	57.59
juego3	easy	-80.0	0.008	660	400	417	380	-37	5	57.55	57.55	57.55
juego3	easy	-80.0	0.008	669	400	417	381	-36	5	57.48	57.48	57.48
juego3	easy	-80.0	0.008	678	400	417	381	-36	5	57.37	57.37	57.37
juego3	easy	-80.0	0.008	686	400	417	381	-36	5	57.28	57.28	57.28
juego3	easy	-80.0	0.008	694	400	417	382	-35	5	57.0	57.0	57.0
juego3	easy	-80.0	0.008	703	400	417	383	-34	5	56.58	56.58	56.58
juego3	easy	-80.0	0.008	711	400	417	385	-32	5	56.06	56.06	56.06
juego3	easy	-80.0	0.008	720	400	417	386	-31	5	55.81	55.81	55.81
juego3	easy	-80.0	0.008	729	400	417	387	-30	5	55.36	55.36	55.36
juego3	easy	-80.0	0.008	737	400	417	388	-29	5	55.01	55.01	55.01
juego3	easy	-80.0	0.008	745	400	417	388	-29	5	54.86	54.86	54.86
juego3	easy	-80.0	0.008	753	400	417	389	-28	5	54.56	54.56	54.56
juego3	easy	-80.0	0.008	761	400	417	390	-27	5	54.41	54.41	54.41
juego3	easy	-80.0	0.008	769	400	417	390	-27	5	54.16	54.16	54.16
juego3	easy	-80.0	0.008	778	400	417	391	-26	5	53.84	53.84	53.84
juego3	easy	-80.0	0.008	786	400	417	392	-25	5	53.74	53.74	53.74
juego3	easy	-80.0	0.008	795	400	417	392	-25	5	53.75	53.75	53.75
juego3	easy	-80.0	0.008	803	400	417	391	-26	5	53.97	53.97	53.97
juego3	easy	-80.0	0.008	812	400	417	390	-27	5	54.2	54.2	54.2
juego3	easy	-80.0	0.008	821	400	417	390	-27	5	54.29	54.29	54.29
juego3	easy	-80.0	0.008	830	400	417	390	-27	5	54.34	54.34	54.34
juego3	easy	-80.0	0.008	840	400	417	390	-27	5	54.18	54.18	54.18
juego3	easy	-80.0	0.008	848	400	417	391	-26	5	53.86	53.86	53.86
juego3	easy	-80.0	0.008	857	400	417	392	-25	5	53.67	53.67	53.67
juego3	easy	-80.0	0.008	865	400	417	393	-24	5	53.15	53.15	53.15
juego3	easy	-80.0	0.008	874	400	417	395	-22	5	52.55	52.55	52.55
juego3	easy	-80.0	0.008	883	400	417	396	-21	5	52.26	52.26	52.26
juego3	easy	-80.0	0.008	892	400	417	398	-19	5	51.67	51.67	51.67
juego3	easy	-80.0	0.008	901	400	417	398	-19	5	51.47	51.47	51.47
juego3	easy	-80.0	0.008	910	400	417	398	-19	5	51.44	51.44	51.44
juego3	easy	-80.0	0.008	919	400	417	398	-19	5	51.44	51.44	51.44
juego3	easy	-80.0	0.008	928	400	417	399	-18	5	51.41	51.41	51.41
juego3	easy	-80.0	0.008	936	400	417	399	-18	5	51.41	51.41	51.41
juego3	easy	-80.0	0.008	945	400	417	399	-18	5	51.36	51.36	51.36
juego3	easy	-80.0	0.008	954	400	417	399	-18	5	51.23	51.23	51.23
juego3	easy	-80.0	0.008	962	400	417	399	-18	5	51.12	51.12	51.12
juego3	easy	-80.0	0.008	971	400	417	401	-16	5	50.75	50.75	50.75
juego3	easy	-80.0	0.008	979	400	417	402	-15	5	50.15	50.15	50.15
juego3	easy	-80.0	0.008	987	400	417	404	-13	5	49.48	49.48	49.48
juego3	easy	-80.0	0.008	996	400	417	405	-12	5	49.18	49.18	49.18
juego3	easy	-80.0	0.008	1005	400	417	406	-11	5	48.74	48.74	48.74
juego3	easy	-80.0	0.008	1013	400	417	408	-9	5	48.35	48.35	48.35
juego3	easy	-80.0	0.008	1021	400	417	408	-9	5	48.2	48.2	48.2
juego3	easy	-80.0	0.008	1030	400	417	409	-8	5	48.01	48.01	48.01
juego3	easy	-80.0	0.008	1038	400	417	409	-8	5	47.88	47.88	47.88
juego3	easy	-80.0	0.008	1047	400	417	409	-8	5	47.82	47.82	47.82
juego3	easy	-80.0	0.008	1056	400	417	409	-8	5	47.78	47.78	47.78
juego3	easy	-80.0	0.008	1064	400	417	409	-8	5	47.87	47.87	47.87
juego3	easy	-80.0	0.008	1073	400	417	409	-8	5	47.92	47.92	47.92
juego3	easy	-80.0	0.008	1082	400	417	409	-8	5	47.89	47.89	47.89
juego3	easy	-80.0	0.008	1090	400	417	409	-8	5	47.76	47.76	47.76
juego3	easy	-80.0	0.008	1099	400	417	410	-7	5	47.65	47.65	47.65
juego3	easy	-80.0	0.008	1108	400	417	410	-7	5	47.61	47.61	47.61
juego3	easy	-80.0	0.008	1117	400	417	410	-7	5	47.66	47.66	47.66
juego3	easy	-80.0	0.008	1126	400	417	410	-7	5	47.68	47.68	47.68
juego3	easy	-80.0	0.008	1135	400	417	410	-7	5	47.67	47.67	47.67
juego3	easy	-80.0	0.008	1143	400	417	410	-7	5	47.64	47.64	47.64
juego3	easy	-80.0	0.008	1152	400	417	410	-7	5	47.64	47.64	47.64
juego3	easy	-80.0	0.008	1161	400	417	410	-7	5	47.64	47.64	47.64
juego3	easy	-80.0	0.008	1170	400	417	410	-7	5	47.58	47.58	47.58
juego3	easy	-80.0	0.008	1179	400	417	410	-7	5	47.49	47.49	47.49
juego3	easy	-80.0	0.008	1187	400	417	410	-7	5	47.44	47.44	47.44
juego3	easy	-80.0	0.008	1196	400	417	410	-7	5	47.4	47.4	47.4
juego3	easy	-80.0	0.008	1203	400	417	410	-7	5	47.43	47.43	47.43
juego3	easy	-80.0	0.008	1212	400	417	410	-7	5	47.56	47.56	47.56
juego3	easy	-80.0	0.008	1221	400	417	410	-7	5	47.7	47.7	47.7
juego3	easy	-80.0	0.008	1230	400	417	409	-8	5	47.81	47.81	47.81
juego3	easy	-80.0	0.008	1240	400	417	409	-8	5	47.87	47.87	47.87
juego3	easy	-80.0	0.008	1248	400	417	409	-8	5	47.85	47.85	47.85
juego3	easy	-80.0	0.008	1257	400	417	409	-8	5	47.83	47.83	47.83
juego3	easy	-80.0	0.008	1266	400	417	409	-8	5	47.73	47.73	47.73
juego3	easy	-80.0	0.008	1275	400	417	410	-7	5	47.56	47.56	47.56
juego3	easy	-80.0	0.008	1283	400	417	411	-6	5	47.38	47.38	47.38
juego3	easy	-80.0	0.008	1292	400	417	411	-6	5	47.32	47.32	47.32
juego3	easy	-80.0	0.008	1302	400	417	411	-6	5	47.26	47.26	47.26
juego3	easy	-80.0	0.008	1311	400	417	411	-6	5	47.31	47.31	47.31
juego3	easy	-80.0	0.008	1319	400	417	410	-7	5	47.4	47.4	47.4
juego3	easy	-80.0	0.008	1327	400	417	410	-7	5	47.45	47.45	47.45
juego3	easy	-80.0	0.008	1336	400	417	410	-7	5	47.58	47.58	47.58
juego3	easy	-80.0	0.008	1345	400	417	410	-7	5	47.72	47.72	47.72
juego3	easy	-80.0	0.008	1354	400	417	409	-8	5	47.81	47.81	47.81
juego3	easy	-80.0	0.008	1362	400	417	409	-8	5	47.82	47.82	47.82
juego3	easy	-80.0	0.008	1371	400	417	409	-8	5	47.78	47.78	47.78
juego3	easy	-80.0	0.008	1379	400	417	410	-7	5	47.72	47.72	47.72
juego3	easy	-80.0	0.008	1388	400	417	410	-7	5	47.71	47.71	47.71
juego3	easy	-80.0	0.008	1396	400	417	410	-7	5	47.72	47.72	47.72
juego3	easy	-80.0	0.008	1405	400	417	410	-7	5	47.71	47.71	47.71
juego3	easy	-80.0	0.008	1414	400	417	410	-7	5	47.7	47.7	47.7
juego3	easy	-80.0	0.008	1423	400	417	410	-7	5	47.69	47.69	47.69
juego3	easy	-80.0	0.008	1432	400	417	410	-7	5	47.65	47.65	47.65
juego3	easy	-80.0	0.008	1441	400	417	410	-7	5	47.62	47.62	47.62
juego3	easy	-80.0	0.008	1450	400	417	410	-7	5	47.58	47.58	47.58
juego3	easy	-80.0	0.008	1459	400	417	410	-7	5	47.54	47.54	47.54
juego3	easy	-80.0	0.008	1468	400	417	410	-7	5	47.54	47.54	47.54
juego3	easy	-80.0	0.008	1476	400	417	410	-7	5	47.54	47.54	47.54
juego3	easy	-80.0	0.008	1485	400	417	410	-7	5	47.55	47.55	47.55
juego3	easy	-80.0	0.008	1493	400	417	410	-7	5	47.55	47.55	47.55
juego3	easy	-80.0	0.008	1501	400	417	410	-7	5	47.54	47.54	47.54
juego3	easy	-80.0	0.008	1509	400	417	410	-7	5	47.55	47.55	47.55
juego3	easy	-80.0	0.008	1518	400	417	410	-7	5	47.55	47.55	47.55
juego3	easy	-80.0	0.008	1526	400	417	410	-7	5	47.55	47.55	47.55
juego3	easy	-80.0	0.008	1535	400	417	410	-7	5	47.53	47.53	47.53
juego3	easy	-80.0	0.008	1544	400	417	410	-7	5	47.49	47.49	47.49
juego3	easy	-80.0	0.008	1551	400	417	410	-7	5	47.47	47.47	47.47
juego3	easy	-80.0	0.008	1560	400	417	410	-7	5	47.43	47.43	47.43
juego3	easy	-80.0	0.008	1569	400	417	410	-7	5	47.43	47.43	47.43
juego3	easy	-80.0	0.008	1577	400	417	410	-7	5	47.44	47.44	47.44
juego3	easy	-80.0	0.008	1585	400	417	410	-7	5	47.51	47.51	47.51
juego3	easy	-80.0	0.008	1595	400	417	410	-7	5	47.61	47.61	47.61
juego3	easy	-80.0	0.008	1603	400	417	410	-7	5	47.67	47.67	47.67
juego3	easy	-80.0	0.008	1612	400	417	409	-8	5	47.76	47.76	47.76
juego3	easy	-80.0	0.008	1622	400	417	410	-7	5	47.72	47.72	47.72
juego3	easy	-80.0	0.008	1630	400	417	410	-7	5	47.63	47.63	47.63
juego3	easy	-80.0	0.008	1638	400	417	410	-7	5	47.59	47.59	47.59
juego3	easy	-80.0	0.008	1647	400	417	410	-7	5	47.49	47.49	47.49
juego3	easy	-80.0	0.008	1656	400	417	410	-7	5	47.39	47.39	47.39
juego3	easy	-80.0	0.008	1666	400	417	411	-6	5	47.3	47.3	47.3
juego3	easy	-80.0	0.008	1674	400	417	411	-6	5	47.31	47.31	47.31
juego3	easy	-80.0	0.008	1683	400	417	411	-6	5	47.37	47.37	47.37
juego3	easy	-80.0	0.008	1692	400	417	410	-7	5	47.5	47.5	47.5
juego3	easy	-80.0	0.008	1700	400	417	410	-7	5	47.62	47.62	47.62
juego3	easy	-80.0	0.008	1708	400	417	410	-7	5	47.65	47.65	47.65
juego3	easy	-80.0	0.008	1716	400	417	410	-7	5	47.64	47.64	47.64
juego3	easy	-80.0	0.008	1725	400	417	410	-7	5	47.61	47.61	47.61
juego3	easy	-80.0	0.008	1735	400	417	410	-7	5	47.57	47.57	47.57
juego3	easy	-80.0	0.008	1743	400	417	410	-7	5	47.55	47.55	47.55
juego3	easy	-80.0	0.008	1753	400	417	410	-7	5	47.5	47.5	47.5
juego3	easy	-80.0	0.008	1761	400	417	410	-7	5	47.46	47.46	47.46
juego3	easy	-80.0	0.008	1770	400	417	410	-7	5	47.47	47.47	47.47
juego3	easy	-80.0	0.008	1780	400	417	410	-7	5	47.49	47.49	47.49
juego3	easy	-80.0	0.008	1787	400	417	410	-7	5	47.49	47.49	47.49
juego3	easy	-80.0	0.008	1796	400	417	410	-7	5	47.5	47.5	47.5
juego3	easy	-80.0	0.008	1805	400	417	410	-7	5	47.49	47.49	47.49
juego3	easy	-80.0	0.008	1815	400	417	410	-7	5	47.45	47.45	47.45
juego3	easy	-80.0	0.008	1822	400	417	410	-7	5	47.43	47.43	47.43
juego3	easy	-80.0	0.008	1830	400	417	410	-7	5	47.4	47.4	47.4
juego3	easy	-80.0	0.008	1840	400	417	411	-6	5	47.38	47.38	47.38
juego3	easy	-80.0	0.008	1848	400	417	411	-6	5	47.38	47.38	47.38
juego3	easy	-80.0	0.008	1857	400	417	410	-7	5	47.42	47.42	47.42
juego3	easy	-80.0	0.008	1866	400	417	410	-7	5	47.52	47.52	47.52
juego3	easy	-80.0	0.008	1875	400	417	410	-7	5	47.58	47.58	47.58
juego3	easy	-80.0	0.008	1884	400	417	410	-7	5	47.57	47.57	47.57
juego3	easy	-80.0	0.008	1892	400	417	410	-7	5	47.53	47.53	47.53
juego3	easy	-80.0	0.008	1902	400	417	410	-7	5	47.5	47.5	47.5
juego3	easy	-80.0	0.008	1910	400	417	410	-7	5	47.51	47.51	47.51
juego3	easy	-80.0	0.008	1921	400	417	410	-7	5	47.52	47.52	47.52
juego3	easy	-80.0	0.008	1928	400	417	410	-7	5	47.52	47.52	47.52
juego3	easy	-80.0	0.008	1938	400	417	410	-7	5	47.5	47.5	47.5
juego3	easy	-80.0	0.008	1946	400	417	410	-7	5	47.47	47.47	47.47
juego3	easy	-80.0	0.008	1956	400	417	410	-7	5	47.43	47.43	47.43
juego3	easy	-80.0	0.008	1963	400	417	410	-7	5	47.41	47.41	47.41
juego3	easy	-80.0	0.008	1972	400	417	411	-6	5	47.37	47.37	47.37
juego3	easy	-80.0	0.008	1981	400	417	411	-6	5	47.36	47.36	47.36
juego3	easy	-80.0	0.008	1991	400	417	410	-7	5	47.4	47.4	47.4
juego3	easy	-80.0	0.008	1999	400	417	410	-7	5	47.44	47.44	47.44
juego3	easy	-80.0	0.008	0	400	417	410	-7	6	47.48	47.48	47.48
juego3	easy	0.0	0.008	9	400	286	410	124	6	47.52	47.52	47.52
juego3	easy	0.0	0.008	18	400	286	410	124	6	47.56	47.56	47.56
juego3	easy	0.0	0.008	27	400	286	410	124	6	47.6	47.6	47.6
juego3	easy	0.0	0.008	34	400	286	410	124	6	47.6	47.6	47.6
juego3	easy	0.0	0.008	43	400	286	410	124	6	47.56	47.56	47.56
juego3	easy	0.0	0.008	52	400	286	410	124	6	47.48	47.48	47.48
juego3	easy	0.0	0.008	60	400	286	410	124	6	47.45	47.45	47.45
juego3	easy	0.0	0.008	69	400	286	410	124	6	47.44	47.44	47.44
juego3	easy	0.0	0.008	78	400	286	410	124	6	47.5	47.5	47.5
juego3	easy	0.0	0.008	87	400	286	410	124	6	47.6	47.6	47.6
juego3	easy	0.0	0.008	97	400	286	409	123	6	47.74	47.74	47.74
juego3	easy	0.0	0.008	104	400	286	409	123	6	47.81	47.81	47.81
juego3	easy	0.0	0.008	113	400	286	409	123	6	47.91	47.91	47.91
juego3	easy	0.0	0.008	122	400	286	409	123	6	47.94	47.94	47.94
juego3	easy	0.0	0.008	130	400	286	409	123	6	47.95	47.95	47.95
juego3	easy	0.0	0.008	138	400	286	409	123	6	47.98	47.98	47.98
juego3	easy	0.0	0.008	147	400	286	409	123	6	48.05	48.05	48.05
juego3	easy	0.0	0.008	156	400	286	408	122	6	48.08	48.08	48.08
juego3	easy	0.0	0.008	164	400	286	408	122	6	48.11	48.11	48.11
juego3	easy	0.0	0.008	173	400	286	408	122	6	48.12	48.12	48.12
juego3	easy	0.0	0.008	182	400	286	408	122	6	48.11	48.11	48.11
juego3	easy	0.0	0.008	191	400	286	408	122	6	48.12	48.12	48.12
juego3	easy	0.0	0.008	199	400	286	408	122	6	48.13	48.13	48.13
juego3	easy	0.0	0.008	208	400	286	408	122	6	48.19	48.19	48.19
juego3	easy	0.0	0.008	216	400	286	408	122	6	48.29	48.29	48.29
juego3	easy	0.0	0.008	225	400	286	408	122	6	48.34	48.34	48.34
juego3	easy	0.0	0.008	233	400	286	407	121	6	48.47	48.47	48.47
juego3	easy	0.0	0.008	243	400	286	407	121	6	48.57	48.57	48.57
juego3	easy	0.0	0.008	251	400	286	407	121	6	48.68	48.68	48.68
juego3	easy	0.0	0.008	261	400	286	406	120	6	48.77	48.77	48.77
juego3	easy	0.0	0.008	269	400	286	406	120	6	48.82	48.82	48.82
juego3	easy	0.0	0.008	277	400	286	406	120	6	48.96	48.96	48.96
juego3	easy	0.0	0.008	285	400	286	406	120	6	49.03	49.03	49.03
juego3	easy	0.0	0.008	294	400	286	405	119	6	49.16	49.16	49.16
juego3	easy	0.0	0.008	304	400	286	405	119	6	49.32	49.32	49.32
juego3	easy	0.0	0.008	312	400	286	404	118	6	49.73	49.73	49.73
juego3	easy	0.0	0.008	320	400	286	402	116	6	50.09	50.09	50.09
juego3	easy	0.0	0.008	329	400	286	399	113	6	51.31	51.31	51.31
juego3	easy	0.0	0.008	337	400	286	396	110	6	52.17	52.17	52.17
juego3	easy	0.0	0.008	346	400	286	391	105	6	53.84	53.84	53.84
juego3	easy	0.0	0.008	355	400	286	380	94	6	57.56	57.56	57.56
juego3	easy	0.0	0.008	364	400	286	370	84	6	61.07	61.07	61.07
juego3	easy	0.0	0.008	373	400	286	358	72	6	65.09	65.09	65.09
juego3	easy	0.0	0.008	381	400	286	352	66	6	67.18	67.18	67.18
juego3	easy	0.0	0.008	390	400	286	340	54	6	71.11	71.11	71.11
juego3	easy	0.0	0.008	399	400	286	326	40	6	75.85	75.85	75.85
juego3	easy	0.0	0.008	407	400	286	314	28	6	79.94	79.94	79.94
juego3	easy	0.0	0.008	416	400	286	308	22	6	81.84	81.84	81.84
juego3	easy	0.0	0.008	425	400	286	303	17	6	83.69	83.69	83.69
juego3	easy	0.0	0.008	434	400	286	293	7	6	87.28	87.28	87.28
juego3	easy	0.0	0.008	442	400	286	278	-8	6	92.28	92.28	92.28
juego3	easy	0.0	0.008	450	400	286	274	-12	6	93.86	93.86	93.86
juego3	easy	0.0	0.008	458	400	286	270	-16	6	95.28	95.28	95.28
juego3	easy	0.0	0.008	466	400	286	262	-24	6	97.82	97.82	97.82
juego3	easy	0.0	0.008	475	400	286	256	-30	6	99.76	99.76	99.76
juego3	easy	0.0	0.008	484	400	286	253	-33	6	100.89	100.89	100.89
juego3	easy	0.0	0.008	494	400	286	252	-34	6	101.18	101.18	101.18
juego3	easy	0.0	0.008	502	400	286	252	-34	6	101.06	101.06	101.06
juego3	easy	0.0	0.008	511	400	286	254	-32	6	100.59	100.59	100.59
juego3	easy	0.0	0.008	520	400	286	255	-31	6	100.23	100.23	100.23
juego3	easy	0.0	0.008	530	400	286	257	-29	6	99.48	99.48	99.48
juego3	easy	0.0	0.008	539	400	286	258	-28	6	99.1	99.1	99.1
juego3	easy	0.0	0.008	548	400	286	260	-26	6	98.45	98.45	98.45
juego3	easy	0.0	0.008	556	400	286	261	-25	6	98.1	98.1	98.1
juego3	easy	0.0	0.008	565	400	286	262	-24	6	97.83	97.83	97.83
juego3	easy	0.0	0.008	573	400	286	262	-24	6	97.72	97.72	97.72
juego3	easy	0.0	0.008	582	400	286	263	-23	6	97.62	97.62	97.62
juego3	easy	0.0	0.008	590	400	286	263	-23	6	97.56	97.56	97.56
juego3	easy	0.0	0.008	599	400	286	263	-23	6	97.47	97.47	97.47
juego3	easy	0.0	0.008	609	400	286	263	-23	6	97.33	97.33	97.33
juego3	easy	0.0	0.008	618	400	286	264	-22	6	97.16	97.16	97.16
juego3	easy	0.0	0.008	626	400	286	264	-22	6	97.06	97.06	97.06
juego3	easy	0.0	0.008	635	400	286	265	-21	6	96.89	96.89	96.89
juego3	easy	0.0	0.008	644	400	286	265	-21	6	96.79	96.79	96.79
juego3	easy	0.0	0.008	653	400	286	265	-21	6	96.74	96.74	96.74
juego3	easy	0.0	0.008	663	400	286	265	-21	6	96.75	96.75	96.75
juego3	easy	0.0	0.008	671	400	286	265	-21	6	96.76	96.76	96.76
juego3	easy	0.0	0.008	681	400	286	265	-21	6	96.77	96.77	96.77
juego3	easy	0.0	0.008	689	400	286	265	-21	6	96.75	96.75	96.75
juego3	easy	0.0	0.008	698	400	286	265	-21	6	96.74	96.74	96.74
juego3	easy	0.0	0.008	707	400	286	265	-21	6	96.73	96.73	96.73
juego3	easy	0.0	0.008	715	400	286	265	-21	6	96.72	96.72	96.72
juego3	easy	0.0	0.008	724	400	286	265	-21	6	96.66	96.66	96.66
juego3	easy	0.0	0.008	731	400	286	266	-20	6	96.61	96.61	96.61
juego3	easy	0.0	0.008	740	400	286	266	-20	6	96.46	96.46	96.46
juego3	easy	0.0	0.008	749	400	286	266	-20	6	96.31	96.31	96.31
juego3	easy	0.0	0.008	758	400	286	267	-19	6	96.21	96.21	96.21
juego3	easy	0.0	0.008	768	400	286	267	-19	6	96.13	96.13	96.13
juego3	easy	0.0	0.008	777	400	286	267	-19	6	96.09	96.09	96.09
juego3	easy	0.0	0.008	785	400	286	267	-19	6	95.98	95.98	95.98
juego3	easy	0.0	0.008	794	400	286	268	-18	6	95.86	95.86	95.86
juego3	easy	0.0	0.008	803	400	286	268	-18	6	95.75	95.75	95.75
juego3	easy	0.0	0.008	812	400	286	268	-18	6	95.73	95.73	95.73
juego3	easy	0.0	0.008	821	400	286	268	-18	6	95.7	95.7	95.7
juego3	easy	0.0	0.008	830	400	286	268	-18	6	95.73	95.73	95.73
juego3	easy	0.0	0.008	838	400	286	268	-18	6	95.78	95.78	95.78
juego3	easy	0.0	0.008	848	400	286	268	-18	6	95.82	95.82	95.82
juego3	easy	0.0	0.008	856	400	286	268	-18	6	95.83	95.83	95.83
juego3	easy	0.0	0.008	866	400	286	268	-18	6	95.85	95.85	95.85
juego3	easy	0.0	0.008	874	400	286	268	-18	6	95.86	95.86	95.86
juego3	easy	0.0	0.008	882	400	286	268	-18	6	95.84	95.84	95.84
juego3	easy	0.0	0.008	891	400	286	268	-18	6	95.82	95.82	95.82
juego3	easy	0.0	0.008	899	400	286	268	-18	6	95.78	95.78	95.78
juego3	easy	0.0	0.008	908	400	286	268	-18	6	95.72	95.72	95.72
juego3	easy	0.0	0.008	916	400	286	268	-18	6	95.7	95.7	95.7
juego3	easy	0.0	0.008	925	400	286	268	-18	6	95.65	95.65	95.65
juego3	easy	0.0	0.008	933	400	286	269	-17	6	95.61	95.61	95.61
juego3	easy	0.0	0.008	941	400	286	269	-17	6	95.6	95.6	95.6
juego3	easy	0.0	0.008	951	400	286	269	-17	6	95.63	95.63	95.63
juego3	easy	0.0	0.008	959	400	286	268	-18	6	95.68	95.68	95.68
juego3	easy	0.0	0.008	967	400	286	268	-18	6	95.7	95.7	95.7
juego3	easy	0.0	0.008	975	400	286	268	-18	6	95.72	95.72	95.72
juego3	easy	0.0	0.008	984	400	286	268	-18	6	95.71	95.71	95.71
juego3	easy	0.0	0.008	993	400	286	268	-18	6	95.72	95.72	95.72
juego3	easy	0.0	0.008	1000	400	286	268	-18	6	95.72	95.72	95.72
juego3	easy	0.0	0.008	1010	400	286	268	-18	6	95.69	95.69	95.69
juego3	easy	0.0	0.008	1018	400	286	269	-17	6	95.6	95.6	95.6
juego3	easy	0.0	0.008	1025	400	286	269	-17	6	95.57	95.57	95.57
juego3	easy	0.0	0.008	1034	400	286	269	-17	6	95.49	95.49	95.49
juego3	easy	0.0	0.008	1043	400	286	269	-17	6	95.49	95.49	95.49
juego3	easy	0.0	0.008	1051	400	286	269	-17	6	95.51	95.51	95.51
juego3	easy	0.0	0.008	1060	400	286	269	-17	6	95.55	95.55	95.55
juego3	easy	0.0	0.008	1068	400	286	269	-17	6	95.58	95.58	95.58
juego3	easy	0.0	0.008	1077	400	286	269	-17	6	95.59	95.59	95.59
juego3	easy	0.0	0.008	1087	400	286	269	-17	6	95.63	95.63	95.63
juego3	easy	0.0	0.008	1095	400	286	269	-17	6	95.63	95.63	95.63
juego3	easy	0.0	0.008	1105	400	286	268	-18	6	95.67	95.67	95.67
juego3	easy	0.0	0.008	1113	400	286	268	-18	6	95.73	95.73	95.73
juego3	easy	0.0	0.008	1122	400	286	268	-18	6	95.77	95.77	95.77
juego3	easy	0.0	0.008	1131	400	286	268	-18	6	95.85	95.85	95.85
juego3	easy	0.0	0.008	1140	400	286	268	-18	6	95.91	95.91	95.91
juego3	easy	0.0	0.008	1148	400	286	268	-18	6	95.95	95.95	95.95
juego3	easy	0.0	0.008	1157	400	286	268	-18	6	95.96	95.96	95.96
juego3	easy	0.0	0.008	1165	400	286	267	-19	6	96.0	96.0	96.0
juego3	easy	0.0	0.008	1174	400	286	267	-19	6	96.08	96.08	96.08
juego3	easy	0.0	0.008	1182	400	286	267	-19	6	96.12	96.12	96.12
juego3	easy	0.0	0.008	1191	400	286	267	-19	6	96.18	96.18	96.18
juego3	easy	0.0	0.008	1200	400	286	267	-19	6	96.22	96.22	96.22
juego3	easy	0.0	0.008	1208	400	286	267	-19	6	96.24	96.24	96.24
juego3	easy	0.0	0.008	1217	400	286	267	-19	6	96.25	96.25	96.25
juego3	easy	0.0	0.008	1226	400	286	267	-19	6	96.27	96.27	96.27
juego3	easy	0.0	0.008	1234	400	286	267	-19	6	96.28	96.28	96.28
juego3	easy	0.0	0.008	1243	400	286	267	-19	6	96.3	96.3	96.3
juego3	easy	0.0	0.008	1251	400	286	267	-19	6	96.28	96.28	96.28
juego3	easy	0.0	0.008	1260	400	286	267	-19	6	96.15	96.15	96.15
juego3	easy	0.0	0.008	1269	400	286	268	-18	6	95.93	95.93	95.93
juego3	easy	0.0	0.008	1278	400	286	268	-18	6	95.79	95.79	95.79
juego3	easy	0.0	0.008	1288	400	286	269	-17	6	95.55	95.55	95.55
juego3	easy	0.0	0.008	1296	400	286	269	-17	6	95.34	95.34	95.34
juego3	easy	0.0	0.008	1305	400	286	270	-16	6	95.16	95.16	95.16
juego3	easy	0.0	0.008	1314	400	286	270	-16	6	94.98	94.98	94.98
juego3	easy	0.0	0.008	1322	400	286	271	-15	6	94.88	94.88	94.88
juego3	easy	0.0	0.008	1331	400	286	271	-15	6	94.73	94.73	94.73
juego3	easy	0.0	0.008	1339	400	286	271	-15	6	94.62	94.62	94.62
juego3	easy	0.0	0.008	1347	400	286	272	-14	6	94.59	94.59	94.59
juego3	easy	0.0	0.008	1356	400	286	272	-14	6	94.46	94.46	94.46
juego3	easy	0.0	0.008	1365	400	286	273	-13	6	94.17	94.17	94.17
juego3	easy	0.0	0.008	1373	400	286	274	-12	6	93.94	93.94	93.94
juego3	easy	0.0	0.008	1382	400	286	275	-11	6	93.42	93.42	93.42
juego3	easy	0.0	0.008	1390	400	286	277	-9	6	92.82	92.82	92.82
juego3	easy	0.0	0.008	1400	400	286	279	-7	6	92.2	92.2	92.2
juego3	easy	0.0	0.008	1408	400	286	280	-6	6	91.88	91.88	91.88
juego3	easy	0.0	0.008	1417	400	286	281	-5	6	91.25	91.25	91.25
juego3	easy	0.0	0.008	1425	400	286	283	-3	6	90.64	90.64	90.64
juego3	easy	0.0	0.008	1434	400	286	285	-1	6	90.1	90.1	90.1
juego3	easy	0.0	0.008	1442	400	286	286	0	6	89.85	89.85	89.85
juego3	easy	0.0	0.008	1450	400	286	287	1	6	89.36	89.36	89.36
juego3	easy	0.0	0.008	1459	400	286	288	2	6	89.12	89.12	89.12
juego3	easy	0.0	0.008	1467	400	286	289	3	6	88.67	88.67	88.67
juego3	easy	0.0	0.008	1475	400	286	290	4	6	88.48	88.48	88.48
juego3	easy	0.0	0.008	1483	400	286	291	5	6	88.18	88.18	88.18
juego3	easy	0.0	0.008	1492	400	286	291	5	6	88.01	88.01	88.01
juego3	easy	0.0	0.008	1501	400	286	291	5	6	87.93	87.93	87.93
juego3	easy	0.0	0.008	1511	400	286	292	6	6	87.87	87.87	87.87
juego3	easy	0.0	0.008	1519	400	286	292	6	6	87.85	87.85	87.85
juego3	easy	0.0	0.008	1528	400	286	292	6	6	87.87	87.87	87.87
juego3	easy	0.0	0.008	1537	400	286	291	5	6	87.93	87.93	87.93
juego3	easy	0.0	0.008	1546	400	286	291	5	6	87.99	87.99	87.99
juego3	easy	0.0	0.008	1554	400	286	291	5	6	87.98	87.98	87.98
juego3	easy	0.0	0.008	1563	400	286	291	5	6	87.97	87.97	87.97
juego3	easy	0.0	0.008	1571	400	286	291	5	6	87.98	87.98	87.98
juego3	easy	0.0	0.008	1580	400	286	291	5	6	88.0	88.0	88.0
juego3	easy	0.0	0.008	1590	400	286	291	5	6	87.97	87.97	87.97
juego3	easy	0.0	0.008	1598	400	286	291	5	6	87.94	87.94	87.94
juego3	easy	0.0	0.008	1606	400	286	291	5	6	87.91	87.91	87.91
juego3	easy	0.0	0.008	1615	400	286	291	5	6	87.94	87.94	87.94
juego3	easy	0.0	0.008	1624	400	286	291	5	6	87.99	87.99	87.99
juego3	easy	0.0	0.008	1633	400	286	291	5	6	88.13	88.13	88.13
juego3	easy	0.0	0.008	1642	400	286	290	4	6	88.25	88.25	88.25
juego3	easy	0.0	0.008	1651	400	286	290	4	6	88.26	88.26	88.26
juego3	easy	0.0	0.008	1659	400	286	290	4	6	88.23	88.23	88.23
juego3	easy	0.0	0.008	1668	400	286	291	5	6	88.14	88.14	88.14
juego3	easy	0.0	0.008	1676	400	286	291	5	6	88.05	88.05	88.05
juego3	easy	0.0	0.008	1685	400	286	291	5	6	87.98	87.98	87.98
juego3	easy	0.0	0.008	1695	400	286	291	5	6	87.95	87.95	87.95
juego3	easy	0.0	0.008	1703	400	286	291	5	6	87.93	87.93	87.93
juego3	easy	0.0	0.008	1712	400	286	291	5	6	87.93	87.93	87.93
juego3	easy	0.0	0.008	1721	400	286	291	5	6	87.96	87.96	87.96
juego3	easy	0.0	0.008	1730	400	286	291	5	6	87.95	87.95	87.95
juego3	easy	0.0	0.008	1738	400	286	291	5	6	87.94	87.94	87.94
juego3	easy	0.0	0.008	1747	400	286	291	5	6	87.89	87.89	87.89
juego3	easy	0.0	0.008	1756	400	286	292	6	6	87.83	87.83	87.83
juego3	easy	0.0	0.008	1764	400	286	292	6	6	87.74	87.74	87.74
juego3	easy	0.0	0.008	1773	400	286	292	6	6	87.7	87.7	87.7
juego3	easy	0.0	0.008	1782	400	286	292	6	6	87.63	87.63	87.63
juego3	easy	0.0	0.008	1790	400	286	292	6	6	87.62	87.62	87.62
juego3	easy	0.0	0.008	1799	400	286	292	6	6	87.62	87.62	87.62
juego3	easy	0.0	0.008	1807	400	286	292	6	6	87.67	87.67	87.67
juego3	easy	0.0	0.008	1817	400	286	292	6	6	87.73	87.73	87.73
juego3	easy	0.0	0.008	1825	400	286	292	6	6	87.77	87.77	87.77
juego3	easy	0.0	0.008	1835	400	286	292	6	6	87.77	87.77	87.77
juego3	easy	0.0	0.008	1842	400	286	292	6	6	87.77	87.77	87.77
juego3	easy	0.0	0.008	1851	400	286	292	6	6	87.76	87.76	87.76
juego3	easy	0.0	0.008	1859	400	286	292	6	6	87.76	87.76	87.76
juego3	easy	0.0	0.008	1867	400	286	292	6	6	87.73	87.73	87.73
juego3	easy	0.0	0.008	1876	400	286	292	6	6	87.69	87.69	87.69
juego3	easy	0.0	0.008	1885	400	286	292	6	6	87.66	87.66	87.66
juego3	easy	0.0	0.008	1893	400	286	292	6	6	87.65	87.65	87.65
juego3	easy	0.0	0.008	1901	400	286	292	6	6	87.65	87.65	87.65
juego3	easy	0.0	0.008	1910	400	286	292	6	6	87.68	87.68	87.68
juego3	easy	0.0	0.008	1918	400	286	292	6	6	87.69	87.69	87.69
juego3	easy	0.0	0.008	1927	400	286	292	6	6	87.7	87.7	87.7
juego3	easy	0.0	0.008	1935	400	286	292	6	6	87.69	87.69	87.69
juego3	easy	0.0	0.008	1944	400	286	292	6	6	87.68	87.68	87.68
juego3	easy	0.0	0.008	1953	400	286	292	6	6	87.66	87.66	87.66
juego3	easy	0.0	0.008	1962	400	286	292	6	6	87.62	87.62	87.62
juego3	easy	0.0	0.008	1970	400	286	292	6	6	87.58	87.58	87.58
juego3	easy	0.0	0.008	1978	400	286	292	6	6	87.57	87.57	87.57
juego3	easy	0.0	0.008	1987	400	286	292	6	6	87.56	87.56	87.56
juego3	easy	0.0	0.008	1996	400	286	292	6	6	87.57	87.57	87.57
juego3	easy	0.0	0.008	0	400	286	292	6	7	87.59	87.59	87.59
juego3	easy	-80.0	0.008	10	400	417	292	-125	7	87.62	87.62	87.62
juego3	easy	-80.0	0.008	18	400	417	292	-125	7	87.64	87.64	87.64
juego3	easy	-80.0	0.008	27	400	417	292	-125	7	87.67	87.67	87.67
juego3	easy	-80.0	0.008	36	400	417	292	-125	7	87.67	87.67	87.67
juego3	easy	-80.0	0.008	45	400	417	292	-125	7	87.64	87.64	87.64
juego3	easy	-80.0	0.008	54	400	417	292	-125	7	87.57	87.57	87.57
juego3	easy	-80.0	0.008	63	400	417	293	-124	7	87.49	87.49	87.49
juego3	easy	-80.0	0.008	72	400	417	293	-124	7	87.46	87.46	87.46
juego3	easy	-80.0	0.008	81	400	417	293	-124	7	87.49	87.49	87.49
juego3	easy	-80.0	0.008	89	400	417	293	-124	7	87.51	87.51	87.51
juego3	easy	-80.0	0.008	98	400	417	292	-125	7	87.56	87.56	87.56
juego3	easy	-80.0	0.008	106	400	417	292	-125	7	87.56	87.56	87.56
juego3	easy	-80.0	0.008	115	400	417	292	-125	7	87.56	87.56	87.56
juego3	easy	-80.0	0.008	125	400	417	292	-125	7	87.54	87.54	87.54
juego3	easy	-80.0	0.008	133	400	417	292	-125	7	87.54	87.54	87.54
juego3	easy	-80.0	0.008	141	400	417	293	-124	7	87.53	87.53	87.53
juego3	easy	-80.0	0.008	151	400	417	292	-125	7	87.54	87.54	87.54
juego3	easy	-80.0	0.008	159	400	417	293	-124	7	87.53	87.53	87.53
juego3	easy	-80.0	0.008	168	400	417	293	-124	7	87.51	87.51	87.51
juego3	easy	-80.0	0.008	177	400	417	293	-124	7	87.48	87.48	87.48
juego3	easy	-80.0	0.008	184	400	417	293	-124	7	87.47	87.47	87.47
juego3	easy	-80.0	0.008	193	400	417	293	-124	7	87.49	87.49	87.49
juego3	easy	-80.0	0.008	202	400	417	292	-125	7	87.56	87.56	87.56
juego3	easy	-80.0	0.008	211	400	417	292	-125	7	87.61	87.61	87.61
juego3	easy	-80.0	0.008	220	400	417	292	-125	7	87.61	87.61	87.61
juego3	easy	-80.0	0.008	230	400	417	292	-125	7	87.57	87.57	87.57
juego3	easy	-80.0	0.008	238	400	417	293	-124	7	87.5	87.5	87.5
juego3	easy	-80.0	0.008	247	400	417	293	-124	7	87.44	87.44	87.44
juego3	easy	-80.0	0.008	257	400	417	293	-124	7	87.43	87.43	87.43
juego3	easy	-80.0	0.008	265	400	417	293	-124	7	87.46	87.46	87.46
juego3	easy	-80.0	0.008	274	400	417	293	-124	7	87.51	87.51	87.51
juego3	easy	-80.0	0.008	282	400	417	292	-125	7	87.55	87.55	87.55
juego3	easy	-80.0	0.008	292	400	417	292	-125	7	87.56	87.56	87.56
juego3	easy	-80.0	0.008	299	400	417	292	-125	7	87.57	87.57	87.57
juego3	easy	-80.0	0.008	307	400	417	292	-125	7	87.55	87.55	87.55
juego3	easy	-80.0	0.008	314	400	417	292	-125	7	87.54	87.54	87.54
juego3	easy	-80.0	0.008	324	400	417	293	-124	7	87.53	87.53	87.53
juego3	easy	-80.0	0.008	332	400	417	292	-125	7	87.55	87.55	87.55
juego3	easy	-80.0	0.008	341	400	417	292	-125	7	87.54	87.54	87.54
juego3	easy	-80.0	0.008	350	400	417	293	-124	7	87.53	87.53	87.53
juego3	easy	-80.0	0.008	360	400	417	293	-124	7	87.51	87.51	87.51
juego3	easy	-80.0	0.008	368	400	417	293	-124	7	87.5	87.5	87.5
juego3	easy	-80.0	0.008	377	400	417	293	-124	7	87.52	87.52	87.52
juego3	easy	-80.0	0.008	386	400	417	292	-125	7	87.54	87.54	87.54
juego3	easy	-80.0	0.008	395	400	417	292	-125	7	87.55	87.55	87.55
juego3	easy	-80.0	0.008	403	400	417	292	-125	7	87.56	87.56	87.56
juego3	easy	-80.0	0.008	413	400	417	292	-125	7	87.56	87.56	87.56
juego3	easy	-80.0	0.008	421	400	417	292	-125	7	87.54	87.54	87.54
juego3	easy	-80.0	0.008	430	400	417	293	-124	7	87.52	87.52	87.52
juego3	easy	-80.0	0.008	438	400	417	293	-124	7	87.5	87.5	87.5
juego3	easy	-80.0	0.008	448	400	417	293	-124	7	87.45	87.45	87.45
juego3	easy	-80.0	0.008	456	400	417	293	-124	7	87.25	87.25	87.25
juego3	easy	-80.0	0.008	465	400	417	294	-123	7	87.04	87.04	87.04
juego3	easy	-80.0	0.008	475	400	417	296	-121	7	86.37	86.37	86.37
juego3	easy	-80.0	0.008	483	400	417	299	-118	7	85.39	85.39	85.39
juego3	easy	-80.0	0.008	492	400	417	301	-116	7	84.21	84.21	84.21
juego3	easy	-80.0	0.008	500	400	417	303	-114	7	83.65	83.65	83.65
juego3	easy	-80.0	0.008	509	400	417	306	-111	7	82.6	82.6	82.6
juego3	easy	-80.0	0.008	519	400	417	309	-108	7	81.71	81.71	81.71
juego3	easy	-80.0	0.008	527	400	417	311	-106	7	80.92	80.92	80.92
juego3	easy	-80.0	0.008	536	400	417	313	-104	7	80.33	80.33	80.33
juego3	easy	-80.0	0.008	544	400	417	315	-102	7	79.51	79.51	79.51
juego3	easy	-80.0	0.008	552	400	417	323	-94	7	76.99	76.99	76.99
juego3	easy	-80.0	0.008	561	400	417	334	-83	7	73.06	73.06	73.06
juego3	easy	-80.0	0.008	570	400	417	349	-68	7	68.27	68.27	68.27
juego3	easy	-80.0	0.008	580	400	417	363	-54	7	63.3	63.3	63.3
juego3	easy	-80.0	0.008	588	400	417	372	-45	7	60.4	60.4	60.4
juego3	easy	-80.0	0.008	597	400	417	383	-34	7	56.65	56.65	56.65
juego3	easy	-80.0	0.008	607	400	417	397	-20	7	51.86	51.86	51.86
juego3	easy	-80.0	0.008	615	400	417	400	-17	7	50.91	50.91	50.91
juego3	easy	-80.0	0.008	625	400	417	402	-15	7	50.19	50.19	50.19
juego3	easy	-80.0	0.008	633	400	417	406	-11	7	48.87	48.87	48.87
juego3	easy	-80.0	0.008	642	400	417	412	-5	7	46.72	46.72	46.72
juego3	easy	-80.0	0.008	651	400	417	414	-3	7	46.16	46.16	46.16
juego3	easy	-80.0	0.008	660	400	417	416	-1	7	45.38	45.38	45.38
juego3	easy	-80.0	0.008	669	400	417	417	0	7	45.16	45.16	45.16
juego3	easy	-80.0	0.008	678	400	417	417	0	7	45.22	45.22	45.22
juego3	easy	-80.0	0.008	687	400	417	416	-1	7	45.66	45.66	45.66
juego3	easy	-80.0	0.008	696	400	417	415	-2	7	46.01	46.01	46.01
juego3	easy	-80.0	0.008	705	400	417	412	-5	7	46.77	46.77	46.77
juego3	easy	-80.0	0.008	713	400	417	410	-7	7	47.59	47.59	47.59
juego3	easy	-80.0	0.008	721	400	417	409	-8	7	47.97	47.97	47.97
juego3	easy	-80.0	0.008	730	400	417	407	-10	7	48.47	48.47	48.47
juego3	easy	-80.0	0.008	739	400	417	407	-10	7	48.58	48.58	48.58
juego3	easy	-80.0	0.008	748	400	417	408	-9	7	48.27	48.27	48.27
juego3	easy	-80.0	0.008	757	400	417	409	-8	7	48.03	48.03	48.03
juego3	easy	-80.0	0.008	766	400	417	410	-7	7	47.58	47.58	47.58
juego3	easy	-80.0	0.008	774	400	417	410	-7	7	47.39	47.39	47.39
juego3	easy	-80.0	0.008	783	400	417	410	-7	7	47.53	47.53	47.53
juego3	easy	-80.0	0.008	792	400	417	409	-8	7	47.77	47.77	47.77
juego3	easy	-80.0	0.008	799	400	417	409	-8	7	47.88	47.88	47.88
juego3	easy	-80.0	0.008	808	400	417	409	-8	7	48.03	48.03	48.03
juego3	easy	-80.0	0.008	817	400	417	409	-8	7	48.04	48.04	48.04
juego3	easy	-80.0	0.008	826	400	417	409	-8	7	48.0	48.0	48.0
juego3	easy	-80.0	0.008	835	400	417	409	-8	7	47.84	47.84	47.84
juego3	easy	-80.0	0.008	843	400	417	410	-7	7	47.66	47.66	47.66
juego3	easy	-80.0	0.008	852	400	417	410	-7	7	47.6	47.6	47.6
juego3	easy	-80.0	0.008	860	400	417	410	-7	7	47.57	47.57	47.57
juego3	easy	-80.0	0.008	869	400	417	410	-7	7	47.67	47.67	47.67
juego3	easy	-80.0	0.008	877	400	417	409	-8	7	47.88	47.88	47.88
juego3	easy	-80.0	0.008	886	400	417	409	-8	7	48.02	48.02	48.02
juego3	easy	-80.0	0.008	896	400	417	408	-9	7	48.27	48.27	48.27
juego3	easy	-80.0	0.008	904	400	417	408	-9	7	48.38	48.38	48.38
juego3	easy	-80.0	0.008	913	400	417	408	-9	7	48.35	48.35	48.35
juego3	easy	-80.0	0.008	921	400	417	408	-9	7	48.28	48.28	48.28
juego3	easy	-80.0	0.008	930	400	417	408	-9	7	48.11	48.11	48.11
juego3	easy	-80.0	0.008	939	400	417	409	-8	7	47.89	47.89	47.89
juego3	easy	-80.0	0.008	948	400	417	410	-7	7	47.71	47.71	47.71
juego3	easy	-80.0	0.008	956	400	417	410	-7	7	47.67	47.67	47.67
juego3	easy	-80.0	0.008	965	400	417	410	-7	7	47.65	47.65	47.65
juego3	easy	-80.0	0.008	974	400	417	410	-7	7	47.72	47.72	47.72
juego3	easy	-80.0	0.008	982	400	417	409	-8	7	47.82	47.82	47.82
juego3	easy	-80.0	0.008	991	400	417	409	-8	7	47.89	47.89	47.89
juego3	easy	-80.0	0.008	1000	400	417	409	-8	7	48.0	48.0	48.0
juego3	easy	-80.0	0.008	1008	400	417	409	-8	7	47.98	47.98	47.98
juego3	easy	-80.0	0.008	1017	400	417	409	-8	7	47.94	47.94	47.94
juego3	easy	-80.0	0.008	1026	400	417	409	-8	7	47.85	47.85	47.85
juego3	easy	-80.0	0.008	1034	400	417	409	-8	7	47.83	47.83	47.83
juego3	easy	-80.0	0.008	1044	400	417	409	-8	7	47.89	47.89	47.89
juego3	easy	-80.0	0.008	1051	400	417	409	-8	7	47.91	47.91	47.91
juego3	easy	-80.0	0.008	1060	400	417	409	-8	7	47.9	47.9	47.9
juego3	easy	-80.0	0.008	1070	400	417	409	-8	7	47.9	47.9	47.9
juego3	easy	-80.0	0.008	1078	400	417	409	-8	7	47.97	47.97	47.97
juego3	easy	-80.0	0.008	1087	400	417	409	-8	7	48.03	48.03	48.03
juego3	easy	-80.0	0.008	1096	400	417	408	-9	7	48.16	48.16	48.16
juego3	easy	-80.0	0.008	1106	400	417	408	-9	7	48.16	48.16	48.16
juego3	easy	-80.0	0.008	1114	400	417	409	-8	7	48.0	48.0	48.0
juego3	easy	-80.0	0.008	1123	400	417	409	-8	7	47.79	47.79	47.79
juego3	easy	-80.0	0.008	1132	400	417	410	-7	7	47.7	47.7	47.7
juego3	easy	-80.0	0.008	1141	400	417	410	-7	7	47.64	47.64	47.64
juego3	easy	-80.0	0.008	1150	400	417	410	-7	7	47.62	47.62	47.62
juego3	easy	-80.0	0.008	1159	400	417	410	-7	7	47.59	47.59	47.59
juego3	easy	-80.0	0.008	1169	400	417	410	-7	7	47.59	47.59	47.59
juego3	easy	-80.0	0.008	1177	400	417	410	-7	7	47.62	47.62	47.62
juego3	easy	-80.0	0.008	1186	400	417	409	-8	7	47.76	47.76	47.76
juego3	easy	-80.0	0.008	1194	400	417	409	-8	7	48.0	48.0	48.0
juego3	easy	-80.0	0.008	1203	400	417	408	-9	7	48.11	48.11	48.11
juego3	easy	-80.0	0.008	1211	400	417	408	-9	7	48.19	48.19	48.19
juego3	easy	-80.0	0.008	1220	400	417	408	-9	7	48.23	48.23	48.23
juego3	easy	-80.0	0.008	1229	400	417	408	-9	7	48.3	48.3	48.3
juego3	easy	-80.0	0.008	1238	400	417	408	-9	7	48.34	48.34	48.34
juego3	easy	-80.0	0.008	1247	400	417	407	-10	7	48.41	48.41	48.41
juego3	easy	-80.0	0.008	1255	400	417	408	-9	7	48.38	48.38	48.38
juego3	easy	-80.0	0.008	1264	400	417	408	-9	7	48.26	48.26	48.26
juego3	easy	-80.0	0.008	1273	400	417	408	-9	7	48.18	48.18	48.18
juego3	easy	-80.0	0.008	1281	400	417	409	-8	7	48.05	48.05	48.05
juego3	easy	-80.0	0.008	1290	400	417	409	-8	7	47.87	47.87	47.87
juego3	easy	-80.0	0.008	1299	400	417	410	-7	7	47.67	47.67	47.67
juego3	easy	-80.0	0.008	1307	400	417	410	-7	7	47.58	47.58	47.58
juego3	easy	-80.0	0.008	1316	400	417	410	-7	7	47.5	47.5	47.5
juego3	easy	-80.0	0.008	1324	400	417	410	-7	7	47.54	47.54	47.54
juego3	easy	-80.0	0.008	1333	400	417	410	-7	7	47.6	47.6	47.6
juego3	easy	-80.0	0.008	1341	400	417	410	-7	7	47.63	47.63	47.63
juego3	easy	-80.0	0.008	1351	400	417	410	-7	7	47.67	47.67	47.67
juego3	easy	-80.0	0.008	1359	400	417	409	-8	7	47.76	47.76	47.76
juego3	easy	-80.0	0.008	1368	400	417	409	-8	7	47.82	47.82	47.82
juego3	easy	-80.0	0.008	1377	400	417	409	-8	7	47.93	47.93	47.93
juego3	easy	-80.0	0.008	1385	400	417	409	-8	7	48.0	48.0	48.0
juego3	easy	-80.0	0.008	1394	400	417	409	-8	7	48.06	48.06	48.06
juego3	easy	-80.0	0.008	1402	400	417	408	-9	7	48.1	48.1	48.1
juego3	easy	-80.0	0.008	1412	400	417	408	-9	7	48.21	48.21	48.21
juego3	easy	-80.0	0.008	1421	400	417	408	-9	7	48.29	48.29	48.29
juego3	easy	-80.0	0.008	1429	400	417	408	-9	7	48.29	48.29	48.29
juego3	easy	-80.0	0.008	1438	400	417	408	-9	7	48.27	48.27	48.27
juego3	easy	-80.0	0.008	1447	400	417	408	-9	7	48.24	48.24	48.24
juego3	easy	-80.0	0.008	1456	400	417	408	-9	7	48.26	48.26	48.26
juego3	easy	-80.0	0.008	1464	400	417	408	-9	7	48.29	48.29	48.29
juego3	easy	-80.0	0.008	1472	400	417	408	-9	7	48.31	48.31	48.31
juego3	easy	-80.0	0.008	1481	400	417	408	-9	7	48.32	48.32	48.32
juego3	easy	-80.0	0.008	1490	400	417	408	-9	7	48.29	48.29	48.29
juego3	easy	-80.0	0.008	1498	400	417	408	-9	7	48.27	48.27	48.27
juego3	easy	-80.0	0.008	1507	400	417	408	-9	7	48.22	48.22	48.22
juego3	easy	-80.0	0.008	1515	400	417	408	-9	7	48.21	48.21	48.21
juego3	easy	-80.0	0.008	1524	400	417	408	-9	7	48.26	48.26	48.26
juego3	easy	-80.0	0.008	1532	400	417	408	-9	7	48.29	48.29	48.29
juego3	easy	-80.0	0.008	1541	400	417	408	-9	7	48.37	48.37	48.37
juego3	easy	-80.0	0.008	1550	400	417	407	-10	7	48.43	48.43	48.43
juego3	easy	-80.0	0.008	1557	400	417	407	-10	7	48.43	48.43	48.43
juego3	easy	-80.0	0.008	1566	400	417	408	-9	7	48.35	48.35	48.35
juego3	easy	-80.0	0.008	1575	400	417	408	-9	7	48.21	48.21	48.21
juego3	easy	-80.0	0.008	1584	400	417	408	-9	7	48.07	48.07	48.07
juego3	easy	-80.0	0.008	1593	400	417	409	-8	7	48.02	48.02	48.02
juego3	easy	-80.0	0.008	1601	400	417	409	-8	7	48.02	48.02	48.02
juego3	easy	-80.0	0.008	1611	400	417	409	-8	7	48.04	48.04	48.04
juego3	easy	-80.0	0.008	1620	400	417	409	-8	7	48.05	48.05	48.05
juego3	easy	-80.0	0.008	1628	400	417	409	-8	7	48.06	48.06	48.06
juego3	easy	-80.0	0.008	1637	400	417	408	-9	7	48.09	48.09	48.09
juego3	easy	-80.0	0.008	1647	400	417	408	-9	7	48.13	48.13	48.13
juego3	easy	-80.0	0.008	1655	400	417	408	-9	7	48.17	48.17	48.17
juego3	easy	-80.0	0.008	1664	400	417	408	-9	7	48.16	48.16	48.16
juego3	easy	-80.0	0.008	1673	400	417	408	-9	7	48.17	48.17	48.17
juego3	easy	-80.0	0.008	1682	400	417	408	-9	7	48.19	48.19	48.19
juego3	easy	-80.0	0.008	1691	400	417	408	-9	7	48.21	48.21	48.21
juego3	easy	-80.0	0.008	1699	400	417	408	-9	7	48.21	48.21	48.21
juego3	easy	-80.0	0.008	1708	400	417	408	-9	7	48.18	48.18	48.18
juego3	easy	-80.0	0.008	1718	400	417	408	-9	7	48.13	48.13	48.13
juego3	easy	-80.0	0.008	1726	400	417	408	-9	7	48.12	48.12	48.12
juego3	easy	-80.0	0.008	1735	400	417	408	-9	7	48.14	48.14	48.14
juego3	easy	-80.0	0.008	1744	400	417	408	-9	7	48.14	48.14	48.14
juego3	easy	-80.0	0.008	1753	400	417	408	-9	7	48.12	48.12	48.12
juego3	easy	-80.0	0.008	1762	400	417	408	-9	7	48.1	48.1	48.1
juego3	easy	-80.0	0.008	1771	400	417	408	-9	7	48.1	48.1	48.1
juego3	easy	-80.0	0.008	1780	400	417	408	-9	7	48.12	48.12	48.12
juego3	easy	-80.0	0.008	1789	400	417	408	-9	7	48.12	48.12	48.12
juego3	easy	-80.0	0.008	1797	400	417	408	-9	7	48.08	48.08	48.08
juego3	easy	-80.0	0.008	1806	400	417	409	-8	7	48.03	48.03	48.03
juego3	easy	-80.0	0.008	1814	400	417	409	-8	7	48.01	48.01	48.01
juego3	easy	-80.0	0.008	1822	400	417	409	-8	7	48.03	48.03	48.03
juego3	easy	-80.0	0.008	1830	400	417	409	-8	7	48.06	48.06	48.06
juego3	easy	-80.0	0.008	1839	400	417	408	-9	7	48.09	48.09	48.09
juego3	easy	-80.0	0.008	1847	400	417	408	-9	7	48.1	48.1	48.1
juego3	easy	-80.0	0.008	1856	400	417	408	-9	7	48.11	48.11	48.11
juego3	easy	-80.0	0.008	1864	400	417	408	-9	7	48.11	48.11	48.11
juego3	easy	-80.0	0.008	1872	400	417	408	-9	7	48.14	48.14	48.14
juego3	easy	-80.0	0.008	1882	400	417	408	-9	7	48.17	48.17	48.17
juego3	easy	-80.0	0.008	1890	400	417	408	-9	7	48.15	48.15	48.15
juego3	easy	-80.0	0.008	1897	400	417	408	-9	7	48.12	48.12	48.12
juego3	easy	-80.0	0.008	1907	400	417	408	-9	7	48.1	48.1	48.1
juego3	easy	-80.0	0.008	1915	400	417	408	-9	7	48.13	48.13	48.13
juego3	easy	-80.0	0.008	1924	400	417	408	-9	7	48.17	48.17	48.17
juego3	easy	-80.0	0.008	1932	400	417	408	-9	7	48.25	48.25	48.25
juego3	easy	-80.0	0.008	1941	400	417	408	-9	7	48.31	48.31	48.31
juego3	easy	-80.0	0.008	1948	400	417	408	-9	7	48.3	48.3	48.3
juego3	easy	-80.0	0.008	1957	400	417	408	-9	7	48.27	48.27	48.27
juego3	easy	-80.0	0.008	1966	400	417	408	-9	7	48.24	48.24	48.24
juego3	easy	-80.0	0.008	1974	400	417	408	-9	7	48.23	48.23	48.23
juego3	easy	-80.0	0.008	1983	400	417	408	-9	7	48.24	48.24	48.24
juego3	easy	-80.0	0.008	1993	400	417	408	-9	7	48.25	48.25	48.25
juego3	easy	-80.0	0.008	2000	400	417	408	-9	7	48.3	48.3	48.3
juego3	easy	-80.0	0.008	0	400	417	408	-9	8	48.34	48.34	48.34
juego3	easy	0.0	0.008	9	400	286	407	121	8	48.44	48.44	48.44
juego3	easy	0.0	0.008	18	400	286	407	121	8	48.44	48.44	48.44
juego3	easy	0.0	0.008	26	400	286	408	122	8	48.36	48.36	48.36
juego3	easy	0.0	0.008	35	400	286	408	122	8	48.31	48.31	48.31
juego3	easy	0.0	0.008	44	400	286	408	122	8	48.25	48.25	48.25
juego3	easy	0.0	0.008	52	400	286	408	122	8	48.26	48.26	48.26
juego3	easy	0.0	0.008	62	400	286	408	122	8	48.28	48.28	48.28
juego3	easy	0.0	0.008	70	400	286	408	122	8	48.29	48.29	48.29
juego3	easy	0.0	0.008	79	400	286	408	122	8	48.27	48.27	48.27
juego3	easy	0.0	0.008	87	400	286	408	122	8	48.24	48.24	48.24
juego3	easy	0.0	0.008	97	400	286	408	122	8	48.26	48.26	48.26
juego3	easy	0.0	0.008	104	400	286	408	122	8	48.29	48.29	48.29
juego3	easy	0.0	0.008	112	400	286	408	122	8	48.36	48.36	48.36
juego3	easy	0.0	0.008	120	400	286	407	121	8	48.4	48.4	48.4
juego3	easy	0.0	0.008	129	400	286	407	121	8	48.44	48.44	48.44
juego3	easy	0.0	0.008	138	400	286	407	121	8	48.4	48.4	48.4
juego3	easy	0.0	0.008	147	400	286	408	122	8	48.34	48.34	48.34
juego3	easy	0.0	0.008	156	400	286	408	122	8	48.3	48.3	48.3
juego3	easy	0.0	0.008	165	400	286	408	122	8	48.3	48.3	48.3
juego3	easy	0.0	0.008	173	400	286	408	122	8	48.29	48.29	48.29
juego3	easy	0.0	0.008	183	400	286	408	122	8	48.29	48.29	48.29
juego3	easy	0.0	0.008	191	400	286	408	122	8	48.3	48.3	48.3
juego3	easy	0.0	0.008	200	400	286	408	122	8	48.31	48.31	48.31
juego3	easy	0.0	0.008	209	400	286	408	122	8	48.36	48.36	48.36
juego3	easy	0.0	0.008	218	400	286	407	121	8	48.42	48.42	48.42
juego3	easy	0.0	0.008	228	400	286	407	121	8	48.51	48.51	48.51
juego3	easy	0.0	0.008	236	400	286	407	121	8	48.58	48.58	48.58
juego3	easy	0.0	0.008	245	400	286	407	121	8	48.61	48.61	48.61
juego3	easy	0.0	0.008	254	400	286	407	121	8	48.7	48.7	48.7
juego3	easy	0.0	0.008	263	400	286	406	120	8	48.86	48.86	48.86
juego3	easy	0.0	0.008	272	400	286	405	119	8	49.13	49.13	49.13
juego3	easy	0.0	0.008	282	400	286	404	118	8	49.56	49.56	49.56
juego3	easy	0.0	0.008	290	400	286	403	117	8	49.88	49.88	49.88
juego3	easy	0.0	0.008	299	400	286	400	114	8	51.04	51.04	51.04
juego3	easy	0.0	0.008	308	400	286	393	107	8	53.44	53.44	53.44
juego3	easy	0.0	0.008	317	400	286	381	95	8	57.21	57.21	57.21
juego3	easy	0.0	0.008	326	400	286	374	88	8	59.6	59.6	59.6
juego3	easy	0.0	0.008	335	400	286	360	74	8	64.52	64.52	64.52
juego3	easy	0.0	0.008	344	400	286	352	66	8	67.03	67.03	67.03
juego3	easy	0.0	0.008	352	400	286	339	53	8	71.5	71.5	71.5
juego3	easy	0.0	0.008	359	400	286	328	42	8	75.24	75.24	75.24
juego3	easy	0.0	0.008	368	400	286	318	32	8	78.51	78.51	78.51
juego3	easy	0.0	0.008	377	400	286	314	28	8	79.98	79.98	79.98
juego3	easy	0.0	0.008	386	400	286	306	20	8	82.79	82.79	82.79
juego3	easy	0.0	0.008	395	400	286	299	13	8	85.41	85.41	85.41
juego3	easy	0.0	0.008	404	400	286	292	6	8	87.75	87.75	87.75
juego3	easy	0.0	0.008	412	400	286	286	0	8	89.66	89.66	89.66
juego3	easy	0.0	0.008	421	400	286	284	-2	8	90.42	90.42	90.42
juego3	easy	0.0	0.008	430	400	286	281	-5	8	91.37	91.37	91.37
juego3	easy	0.0	0.008	438	400	286	281	-5	8	91.53	91.53	91.53
juego3	easy	0.0	0.008	447	400	286	281	-5	8	91.56	91.56	91.56
juego3	easy	0.0	0.008	456	400	286	281	-5	8	91.33	91.33	91.33
juego3	easy	0.0	0.008	464	400	286	282	-4	8	90.93	90.93	90.93
juego3	easy	0.0	0.008	473	400	286	284	-2	8	90.5	90.5	90.5
juego3	easy	0.0	0.008	481	400	286	284	-2	8	90.28	90.28	90.28
juego3	easy	0.0	0.008	490	400	286	286	0	8	89.81	89.81	89.81
juego3	easy	0.0	0.008	499	400	286	287	1	8	89.35	89.35	89.35
juego3	easy	0.0	0.008	508	400	286	288	2	8	89.03	89.03	89.03
juego3	easy	0.0	0.008	517	400	286	288	2	8	88.98	88.98	88.98
juego3	easy	0.0	0.008	526	400	286	288	2	8	89.03	89.03	89.03
juego3	easy	0.0	0.008	535	400	286	288	2	8	89.16	89.16	89.16
juego3	easy	0.0	0.008	543	400	286	288	2	8	89.17	89.17	89.17
juego3	easy	0.0	0.008	552	400	286	288	2	8	89.02	89.02	89.02
juego3	easy	0.0	0.008	561	400	286	288	2	8	88.91	88.91	88.91
juego3	easy	0.0	0.008	570	400	286	289	3	8	88.65	88.65	88.65
juego3	easy	0.0	0.008	580	400	286	290	4	8	88.46	88.46	88.46
juego3	easy	0.0	0.008	588	400	286	290	4	8	88.41	88.41	88.41
juego3	easy	0.0	0.008	597	400	286	290	4	8	88.42	88.42	88.42
juego3	easy	0.0	0.008	606	400	286	290	4	8	88.5	88.5	88.5
juego3	easy	0.0	0.008	614	400	286	289	3	8	88.6	88.6	88.6
juego3	easy	0.0	0.008	622	400	286	289	3	8	88.63	88.63	88.63
juego3	easy	0.0	0.008	632	400	286	289	3	8	88.63	88.63	88.63
juego3	easy	0.0	0.008	640	400	286	289	3	8	88.66	88.66	88.66
juego3	easy	0.0	0.008	649	400	286	289	3	8	88.7	88.7	88.7
juego3	easy	0.0	0.008	658	400	286	289	3	8	88.71	88.71	88.71
juego3	easy	0.0	0.008	668	400	286	289	3	8	88.66	88.66	88.66
juego3	easy	0.0	0.008	676	400	286	289	3	8	88.61	88.61	88.61
juego3	easy	0.0	0.008	685	400	286	290	4	8	88.53	88.53	88.53
juego3	easy	0.0	0.008	693	400	286	290	4	8	88.43	88.43	88.43
juego3	easy	0.0	0.008	702	400	286	290	4	8	88.42	88.42	88.42
juego3	easy	0.0	0.008	710	400	286	290	4	8	88.48	88.48	88.48
juego3	easy	0.0	0.008	719	400	286	289	3	8	88.6	88.6	88.6
juego3	easy	0.0	0.008	728	400	286	289	3	8	88.75	88.75	88.75
juego3	easy	0.0	0.008	737	400	286	289	3	8	88.83	88.83	88.83
juego3	easy	0.0	0.008	746	400	286	288	2	8	88.95	88.95	88.95
juego3	easy	0.0	0.008	756	400	286	288	2	8	88.95	88.95	88.95
juego3	easy	0.0	0.008	764	400	286	289	3	8	88.87	88.87	88.87
juego3	easy	0.0	0.008	774	400	286	289	3	8	88.73	88.73	88.73
juego3	easy	0.0	0.008	781	400	286	289	3	8	88.67	88.67	88.67
juego3	easy	0.0	0.008	790	400	286	290	4	8	88.53	88.53	88.53
juego3	easy	0.0	0.008	799	400	286	290	4	8	88.47	88.47	88.47
juego3	easy	0.0	0.008	807	400	286	290	4	8	88.49	88.49	88.49
juego3	easy	0.0	0.008	815	400	286	289	3	8	88.57	88.57	88.57
juego3	easy	0.0	0.008	824	400	286	289	3	8	88.65	88.65	88.65
juego3	easy	0.0	0.008	832	400	286	289	3	8	88.68	88.68	88.68
juego3	easy	0.0	0.008	841	400	286	289	3	8	88.77	88.77	88.77
juego3	easy	0.0	0.008	850	400	286	289	3	8	88.86	88.86	88.86
juego3	easy	0.0	0.008	859	400	286	288	2	8	88.93	88.93	88.93
juego3	easy	0.0	0.008	867	400	286	288	2	8	88.95	88.95	88.95
juego3	easy	0.0	0.008	876	400	286	288	2	8	88.92	88.92	88.92
juego3	easy	0.0	0.008	884	400	286	289	3	8	88.8	88.8	88.8
juego3	easy	0.0	0.008	894	400	286	289	3	8	88.63	88.63	88.63
juego3	easy	0.0	0.008	903	400	286	290	4	8	88.52	88.52	88.52
juego3	easy	0.0	0.008	911	400	286	290	4	8	88.53	88.53	88.53
juego3	easy	0.0	0.008	920	400	286	289	3	8	88.62	88.62	88.62
juego3	easy	0.0	0.008	930	400	286	289	3	8	88.68	88.68	88.68
juego3	easy	0.0	0.008	938	400	286	289	3	8	88.73	88.73	88.73
juego3	easy	0.0	0.008	947	400	286	289	3	8	88.76	88.76	88.76
juego3	easy	0.0	0.008	957	400	286	289	3	8	88.79	88.79	88.79
juego3	easy	0.0	0.008	965	400	286	289	3	8	88.78	88.78	88.78
juego3	easy	0.0	0.008	973	400	286	289	3	8	88.74	88.74	88.74
juego3	easy	0.0	0.008	982	400	286	289	3	8	88.66	88.66	88.66
juego3	easy	0.0	0.008	990	400	286	289	3	8	88.57	88.57	88.57
juego3	easy	0.0	0.008	999	400	286	290	4	8	88.47	88.47	88.47
juego3	easy	0.0	0.008	1008	400	286	290	4	8	88.38	88.38	88.38
juego3	easy	0.0	0.008	1017	400	286	290	4	8	88.36	88.36	88.36
juego3	easy	0.0	0.008	1025	400	286	290	4	8	88.37	88.37	88.37
juego3	easy	0.0	0.008	1033	400	286	290	4	8	88.4	88.4	88.4
juego3	easy	0.0	0.008	1041	400	286	290	4	8	88.49	88.49	88.49
juego3	easy	0.0	0.008	1050	400	286	289	3	8	88.61	88.61	88.61
juego3	easy	0.0	0.008	1059	400	286	289	3	8	88.67	88.67	88.67
juego3	easy	0.0	0.008	1067	400	286	289	3	8	88.67	88.67	88.67
juego3	easy	0.0	0.008	1076	400	286	289	3	8	88.65	88.65	88.65
juego3	easy	0.0	0.008	1085	400	286	289	3	8	88.62	88.62	88.62
juego3	easy	0.0	0.008	1093	400	286	289	3	8	88.6	88.6	88.6
juego3	easy	0.0	0.008	1102	400	286	289	3	8	88.59	88.59	88.59
juego3	easy	0.0	0.008	1111	400	286	289	3	8	88.57	88.57	88.57
juego3	easy	0.0	0.008	1120	400	286	289	3	8	88.57	88.57	88.57
juego3	easy	0.0	0.008	1129	400	286	289	3	8	88.57	88.57	88.57
juego3	easy	0.0	0.008	1138	400	286	289	3	8	88.58	88.58	88.58
juego3	easy	0.0	0.008	1147	400	286	289	3	8	88.59	88.59	88.59
juego3	easy	0.0	0.008	1156	400	286	289	3	8	88.58	88.58	88.58
juego3	easy	0.0	0.008	1166	400	286	289	3	8	88.55	88.55	88.55
juego3	easy	0.0	0.008	1174	400	286	290	4	8	88.52	88.52	88.52
juego3	easy	0.0	0.008	1183	400	286	290	4	8	88.47	88.47	88.47
juego3	easy	0.0	0.008	1192	400	286	290	4	8	88.4	88.4	88.4
juego3	easy	0.0	0.008	1200	400	286	290	4	8	88.32	88.32	88.32
juego3	easy	0.0	0.008	1209	400	286	290	4	8	88.29	88.29	88.29
juego3	easy	0.0	0.008	1219	400	286	290	4	8	88.28	88.28	88.28
juego3	easy	0.0	0.008	1227	400	286	290	4	8	88.28	88.28	88.28
juego3	easy	0.0	0.008	1237	400	286	290	4	8	88.28	88.28	88.28
juego3	easy	0.0	0.008	1245	400	286	290	4	8	88.3	88.3	88.3
juego3	easy	0.0	0.008	1254	400	286	290	4	8	88.32	88.32	88.32
juego3	easy	0.0	0.008	1262	400	286	290	4	8	88.35	88.35	88.35
juego3	easy	0.0	0.008	1272	400	286	290	4	8	88.38	88.38	88.38
juego3	easy	0.0	0.008	1281	400	286	290	4	8	88.41	88.41	88.41
juego3	easy	0.0	0.008	1289	400	286	290	4	8	88.4	88.4	88.4
juego3	easy	0.0	0.008	1298	400	286	290	4	8	88.38	88.38	88.38
juego3	easy	0.0	0.008	1308	400	286	290	4	8	88.31	88.31	88.31
juego3	easy	0.0	0.008	1316	400	286	290	4	8	88.24	88.24	88.24
juego3	easy	0.0	0.008	1325	400	286	290	4	8	88.24	88.24	88.24
juego3	easy	0.0	0.008	1334	400	286	290	4	8	88.31	88.31	88.31
juego3	easy	0.0	0.008	1343	400	286	290	4	8	88.36	88.36	88.36
juego3	easy	0.0	0.008	1352	400	286	290	4	8	88.44	88.44	88.44
juego3	easy	0.0	0.008	1360	400	286	290	4	8	88.52	88.52	88.52
juego3	easy	0.0	0.008	1369	400	286	289	3	8	88.58	88.58	88.58
juego3	easy	0.0	0.008	1379	400	286	289	3	8	88.59	88.59	88.59
juego3	easy	0.0	0.008	1387	400	286	289	3	8	88.61	88.61	88.61
juego3	easy	0.0	0.008	1397	400	286	289	3	8	88.59	88.59	88.59
juego3	easy	0.0	0.008	1405	400	286	290	4	8	88.52	88.52	88.52
juego3	easy	0.0	0.008	1414	400	286	290	4	8	88.48	88.48	88.48
juego3	easy	0.0	0.008	1422	400	286	290	4	8	88.44	88.44	88.44
juego3	easy	0.0	0.008	1431	400	286	290	4	8	88.48	88.48	88.48
juego3	easy	0.0	0.008	1440	400	286	290	4	8	88.52	88.52	88.52
juego3	easy	0.0	0.008	1449	400	286	290	4	8	88.53	88.53	88.53
juego3	easy	0.0	0.008	1458	400	286	289	3	8	88.55	88.55	88.55
juego3	easy	0.0	0.008	1468	400	286	289	3	8	88.58	88.58	88.58
juego3	easy	0.0	0.008	1477	400	286	289	3	8	88.58	88.58	88.58
juego3	easy	0.0	0.008	1485	400	286	290	4	8	88.54	88.54	88.54
juego3	easy	0.0	0.008	1494	400	286	290	4	8	88.51	88.51	88.51
juego3	easy	0.0	0.008	1504	400	286	290	4	8	88.45	88.45	88.45
juego3	easy	0.0	0.008	1513	400	286	290	4	8	88.39	88.39	88.39
juego3	easy	0.0	0.008	1521	400	286	290	4	8	88.36	88.36	88.36
juego3	easy	0.0	0.008	1530	400	286	290	4	8	88.39	88.39	88.39
juego3	easy	0.0	0.008	1538	400	286	290	4	8	88.42	88.42	88.42
juego3	easy	0.0	0.008	1547	400	286	290	4	8	88.48	88.48	88.48
juego3	easy	0.0	0.008	1557	400	286	290	4	8	88.52	88.52	88.52
juego3	easy	0.0	0.008	1565	400	286	290	4	8	88.53	88.53	88.53
juego3	easy	0.0	0.008	1573	400	286	290	4	8	88.53	88.53	88.53
juego3	easy	0.0	0.008	1582	400	286	290	4	8	88.53	88.53	88.53
juego3	easy	0.0	0.008	1590	400	286	290	4	8	88.5	88.5	88.5
juego3	easy	0.0	0.008	1599	400	286	290	4	8	88.49	88.49	88.49
juego3	easy	0.0	0.008	1608	400	286	290	4	8	88.47	88.47	88.47
juego3	easy	0.0	0.008	1617	400	286	290	4	8	88.46	88.46	88.46
juego3	easy	0.0	0.008	1626	400	286	290	4	8	88.47	88.47	88.47
juego3	easy	0.0	0.008	1635	400	286	290	4	8	88.48	88.48	88.48
juego3	easy	0.0	0.008	1643	400	286	290	4	8	88.49	88.49	88.49
juego3	easy	0.0	0.008	1651	400	286	290	4	8	88.5	88.5	88.5
juego3	easy	0.0	0.008	1659	400	286	290	4	8	88.5	88.5	88.5
juego3	easy	0.0	0.008	1669	400	286	290	4	8	88.5	88.5	88.5
juego3	easy	0.0	0.008	1677	400	286	290	4	8	88.5	88.5	88.5
juego3	easy	0.0	0.008	1685	400	286	290	4	8	88.47	88.47	88.47
juego3	easy	0.0	0.008	1695	400	286	290	4	8	88.42	88.42	88.42
juego3	easy	0.0	0.008	1703	400	286	290	4	8	88.39	88.39	88.39
juego3	easy	0.0	0.008	1711	400	286	290	4	8	88.36	88.36	88.36
juego3	easy	0.0	0.008	1720	400	286	290	4	8	88.36	88.36	88.36
juego3	easy	0.0	0.008	1729	400	286	290	4	8	88.36	88.36	88.36
juego3	easy	0.0	0.008	1738	400	286	290	4	8	88.34	88.34	88.34
juego3	easy	0.0	0.008	1747	400	286	290	4	8	88.29	88.29	88.29
juego3	easy	0.0	0.008	1757	400	286	290	4	8	88.24	88.24	88.24
juego3	easy	0.0	0.008	1765	400	286	290	4	8	88.25	88.25	88.25
juego3	easy	0.0	0.008	1774	400	286	290	4	8	88.28	88.28	88.28
juego3	easy	0.0	0.008	1784	400	286	290	4	8	88.37	88.37	88.37
juego3	easy	0.0	0.008	1791	400	286	290	4	8	88.45	88.45	88.45
juego3	easy	0.0	0.008	1801	400	286	290	4	8	88.52	88.52	88.52
juego3	easy	0.0	0.008	1809	400	286	290	4	8	88.53	88.53	88.53
juego3	easy	0.0	0.008	1819	400	286	290	4	8	88.5	88.5	88.5
juego3	easy	0.0	0.008	1827	400	286	290	4	8	88.48	88.48	88.48
juego3	easy	0.0	0.008	1835	400	286	290	4	8	88.47	88.47	88.47
juego3	easy	0.0	0.008	1843	400	286	290	4	8	88.44	88.44	88.44
juego3	easy	0.0	0.008	1852	400	286	290	4	8	88.42	88.42	88.42
juego3	easy	0.0	0.008	1861	400	286	290	4	8	88.44	88.44	88.44
juego3	easy	0.0	0.008	1869	400	286	290	4	8	88.47	88.47	88.47
juego3	easy	0.0	0.008	1878	400	286	290	4	8	88.54	88.54	88.54
juego3	easy	0.0	0.008	1887	400	286	289	3	8	88.58	88.58	88.58
juego3	easy	0.0	0.008	1896	400	286	289	3	8	88.61	88.61	88.61
juego3	easy	0.0	0.008	1904	400	286	289	3	8	88.62	88.62	88.62
juego3	easy	0.0	0.008	1913	400	286	289	3	8	88.67	88.67	88.67
juego3	easy	0.0	0.008	1922	400	286	289	3	8	88.71	88.71	88.71
juego3	easy	0.0	0.008	1931	400	286	289	3	8	88.76	88.76	88.76
juego3	easy	0.0	0.008	1939	400	286	289	3	8	88.79	88.79	88.79
juego3	easy	0.0	0.008	1948	400	286	289	3	8	88.85	88.85	88.85
juego3	easy	0.0	0.008	1956	400	286	288	2	8	88.93	88.93	88.93
juego3	easy	0.0	0.008	1964	400	286	288	2	8	88.98	88.98	88.98
juego3	easy	0.0	0.008	1973	400	286	288	2	8	89.15	89.15	89.15
juego3	easy	0.0	0.008	1983	400	286	287	1	8	89.34	89.34	89.34
juego3	easy	0.0	0.008	1991	400	286	287	1	8	89.53	89.53	89.53
juego3	easy	0.0	0.008	2000	400	286	286	0	8	89.61	89.61	89.61
juego3	easy	0.0	0.008	0	400	286	286	0	9	89.75	89.75	89.75
juego3	easy	90.0	0.008	9	400	164	286	122	9	89.87	89.87	89.87
juego3	easy	90.0	0.008	19	400	164	285	121	9	90.0	90.0	90.0
juego3	easy	90.0	0.008	27	400	164	285	121	9	90.1	90.1	90.1
juego3	easy	90.0	0.008	37	400	164	285	121	9	90.17	90.17	90.17
juego3	easy	90.0	0.008	45	400	164	285	121	9	90.21	90.21	90.21
juego3	easy	90.0	0.008	54	400	164	284	120	9	90.31	90.31	90.31
juego3	easy	90.0	0.008	64	400	164	284	120	9	90.4	90.4	90.4
juego3	easy	90.0	0.008	73	400	164	284	120	9	90.49	90.49	90.49
juego3	easy	90.0	0.008	81	400	164	284	120	9	90.55	90.55	90.55
juego3	easy	90.0	0.008	90	400	164	283	119	9	90.69	90.69	90.69
juego3	easy	90.0	0.008	100	400	164	283	119	9	90.82	90.82	90.82
juego3	easy	90.0	0.008	109	400	164	282	118	9	90.93	90.93	90.93
juego3	easy	90.0	0.008	117	400	164	282	118	9	90.99	90.99	90.99
juego3	easy	90.0	0.008	126	400	164	282	118	9	91.01	91.01	91.01
juego3	easy	90.0	0.008	135	400	164	282	118	9	91.03	91.03	91.03
juego3	easy	90.0	0.008	145	400	164	282	118	9	91.03	91.03	91.03
juego3	easy	90.0	0.008	153	400	164	282	118	9	91.07	91.07	91.07
juego3	easy	90.0	0.008	162	400	164	282	118	9	91.14	91.14	91.14
juego3	easy	90.0	0.008	171	400	164	282	118	9	91.18	91.18	91.18
juego3	easy	90.0	0.008	180	400	164	281	117	9	91.26	91.26	91.26
juego3	easy	90.0	0.008	190	400	164	281	117	9	91.33	91.33	91.33
juego3	easy	90.0	0.008	198	400	164	281	117	9	91.45	91.45	91.45
juego3	easy	90.0	0.008	207	400	164	281	117	9	91.58	91.58	91.58
juego3	easy	90.0	0.008	217	400	164	280	116	9	91.71	91.71	91.71
juego3	easy	90.0	0.008	225	400	164	280	116	9	91.77	91.77	91.77
juego3	easy	90.0	0.008	233	400	164	280	116	9	91.83	91.83	91.83
juego3	easy	90.0	0.008	241	400	164	280	116	9	91.84	91.84	91.84
juego3	easy	90.0	0.008	250	400	164	280	116	9	91.81	91.81	91.81
juego3	easy	90.0	0.008	258	400	164	280	116	9	91.73	91.73	91.73
juego3	easy	90.0	0.008	266	400	164	280	116	9	91.69	91.69	91.69
juego3	easy	90.0	0.008	275	400	164	280	116	9	91.61	91.61	91.61
juego3	easy	90.0	0.008	284	400	164	280	116	9	91.59	91.59	91.59
juego3	easy	90.0	0.008	292	400	164	280	116	9	91.62	91.62	91.62
juego3	easy	90.0	0.008	300	400	164	280	116	9	91.64	91.64	91.64
juego3	easy	90.0	0.008	309	400	164	280	116	9	91.72	91.72	91.72
juego3	easy	90.0	0.008	318	400	164	280	116	9	91.82	91.82	91.82
juego3	easy	90.0	0.008	326	400	164	280	116	9	91.88	91.88	91.88
juego3	easy	90.0	0.008	336	400	164	279	115	9	91.97	91.97	91.97
juego3	easy	90.0	0.008	345	400	164	279	115	9	92.02	92.02	92.02
juego3	easy	90.0	0.008	353	400	164	279	115	9	91.98	91.98	91.98
juego3	easy	90.0	0.008	362	400	164	279	115	9	91.94	91.94	91.94
juego3	easy	90.0	0.008	372	400	164	280	116	9	91.84	91.84	91.84
juego3	easy	90.0	0.008	380	400	164	280	116	9	91.69	91.69	91.69
juego3	easy	90.0	0.008	388	400	164	281	117	9	91.55	91.55	91.55
juego3	easy	90.0	0.008	397	400	164	281	117	9	91.49	91.49	91.49
juego3	easy	90.0	0.008	407	400	164	281	117	9	91.42	91.42	91.42
juego3	easy	90.0	0.008	416	400	164	281	117	9	91.4	91.4	91.4
juego3	easy	90.0	0.008	424	400	164	281	117	9	91.42	91.42	91.42
juego3	easy	90.0	0.008	433	400	164	281	117	9	91.46	91.46	91.46
juego3	easy	90.0	0.008	442	400	164	281	117	9	91.49	91.49	91.49
juego3	easy	90.0	0.008	451	400	164	281	117	9	91.54	91.54	91.54
juego3	easy	90.0	0.008	460	400	164	280	116	9	91.64	91.64	91.64
juego3	easy	90.0	0.008	470	400	164	280	116	9	91.86	91.86	91.86
juego3	easy	90.0	0.008	479	400	164	279	115	9	92.17	92.17	92.17
juego3	easy	90.0	0.008	489	400	164	278	114	9	92.47	92.47	92.47
juego3	easy	90.0	0.008	496	400	164	277	113	9	92.61	92.61	92.61
juego3	easy	90.0	0.008	504	400	164	277	113	9	92.8	92.8	92.8
juego3	easy	90.0	0.008	513	400	164	277	113	9	92.89	92.89	92.89
juego3	easy	90.0	0.008	522	400	164	277	113	9	92.93	92.93	92.93
juego3	easy	90.0	0.008	531	400	164	276	112	9	93.03	93.03	93.03
juego3	easy	90.0	0.008	539	400	164	276	112	9	93.1	93.1	93.1
juego3	easy	90.0	0.008	548	400	164	276	112	9	93.17	93.17	93.17
juego3	easy	90.0	0.008	556	400	164	275	111	9	93.31	93.31	93.31
juego3	easy	90.0	0.008	565	400	164	275	111	9	93.44	93.44	93.44
juego3	easy	90.0	0.008	574	400	164	275	111	9	93.6	93.6	93.6
juego3	easy	90.0	0.008	582	400	164	274	110	9	93.7	93.7	93.7
juego3	easy	90.0	0.008	591	400	164	274	110	9	93.89	93.89	93.89
juego3	easy	90.0	0.008	600	400	164	273	109	9	94.02	94.02	94.02
juego3	easy	90.0	0.008	608	400	164	273	109	9	94.14	94.14	94.14
juego3	easy	90.0	0.008	617	400	164	273	109	9	94.21	94.21	94.21
juego3	easy	90.0	0.008	627	400	164	272	108	9	94.35	94.35	94.35
juego3	easy	90.0	0.008	636	400	164	272	108	9	94.51	94.51	94.51
juego3	easy	90.0	0.008	644	400	164	271	107	9	94.66	94.66	94.66
juego3	easy	90.0	0.008	654	400	164	271	107	9	94.75	94.75	94.75
juego3	easy	90.0	0.008	661	400	164	271	107	9	94.78	94.78	94.78
juego3	easy	90.0	0.008	670	400	164	271	107	9	94.82	94.82	94.82
juego3	easy	90.0	0.008	680	400	164	271	107	9	94.87	94.87	94.87
juego3	easy	90.0	0.008	688	400	164	271	107	9	94.93	94.93	94.93
juego3	easy	90.0	0.008	696	400	164	270	106	9	95.07	95.07	95.07
juego3	easy	90.0	0.008	705	400	164	270	106	9	95.27	95.27	95.27
juego3	easy	90.0	0.008	713	400	164	269	105	9	95.5	95.5	95.5
juego3	easy	90.0	0.008	722	400	164	268	104	9	95.65	95.65	95.65
juego3	easy	90.0	0.008	730	400	164	267	103	9	96.01	96.01	96.01
juego3	easy	90.0	0.008	739	400	164	266	102	9	96.33	96.33	96.33
juego3	easy	90.0	0.008	747	400	164	266	102	9	96.44	96.44	96.44
juego3	easy	90.0	0.008	756	400	164	266	102	9	96.58	96.58	96.58
juego3	easy	90.0	0.008	764	400	164	265	101	9	96.67	96.67	96.67
juego3	easy	90.0	0.008	773	400	164	265	101	9	96.68	96.68	96.68
juego3	easy	90.0	0.008	781	400	164	265	101	9	96.67	96.67	96.67
juego3	easy	90.0	0.008	790	400	164	266	102	9	96.64	96.64	96.64
juego3	easy	90.0	0.008	799	400	164	266	102	9	96.57	96.57	96.57
juego3	easy	90.0	0.008	808	400	164	266	102	9	96.51	96.51	96.51
juego3	easy	90.0	0.008	816	400	164	266	102	9	96.34	96.34	96.34
juego3	easy	90.0	0.008	824	400	164	267	103	9	96.13	96.13	96.13
juego3	easy	90.0	0.008	833	400	164	268	104	9	95.95	95.95	95.95
juego3	easy	90.0	0.008	842	400	164	268	104	9	95.88	95.88	95.88
juego3	easy	90.0	0.008	852	400	164	268	104	9	95.8	95.8	95.8
juego3	easy	90.0	0.008	860	400	164	268	104	9	95.81	95.81	95.81
juego3	easy	90.0	0.008	869	400	164	268	104	9	95.9	95.9	95.9
juego3	easy	90.0	0.008	877	400	164	268	104	9	95.96	95.96	95.96
juego3	easy	90.0	0.008	886	400	164	267	103	9	96.08	96.08	96.08
juego3	easy	90.0	0.008	895	400	164	267	103	9	96.2	96.2	96.2
juego3	easy	90.0	0.008	903	400	164	267	103	9	96.26	96.26	96.26
juego3	easy	90.0	0.008	912	400	164	266	102	9	96.35	96.35	96.35
juego3	easy	90.0	0.008	921	400	164	266	102	9	96.42	96.42	96.42
juego3	easy	90.0	0.008	930	400	164	266	102	9	96.44	96.44	96.44
juego3	easy	90.0	0.008	940	400	164	266	102	9	96.41	96.41	96.41
juego3	easy	90.0	0.008	947	400	164	266	102	9	96.4	96.4	96.4
juego3	easy	90.0	0.008	957	400	164	266	102	9	96.33	96.33	96.33
juego3	easy	90.0	0.008	965	400	164	267	103	9	96.3	96.3	96.3
juego3	easy	90.0	0.008	975	400	164	266	102	9	96.31	96.31	96.31
juego3	easy	90.0	0.008	982	400	164	266	102	9	96.31	96.31	96.31
juego3	easy	90.0	0.008	991	400	164	267	103	9	96.28	96.28	96.28
juego3	easy	90.0	0.008	1000	400	164	267	103	9	96.23	96.23	96.23
juego3	easy	90.0	0.008	1009	400	164	267	103	9	96.22	96.22	96.22
juego3	easy	90.0	0.008	1017	400	164	267	103	9	96.2	96.2	96.2
juego3	easy	90.0	0.008	1026	400	164	267	103	9	96.18	96.18	96.18
juego3	easy	90.0	0.008	1035	400	164	267	103	9	96.18	96.18	96.18
juego3	easy	90.0	0.008	1045	400	164	267	103	9	96.22	96.22	96.22
juego3	easy	90.0	0.008	1052	400	164	267	103	9	96.25	96.25	96.25
juego3	easy	90.0	0.008	1061	400	164	266	102	9	96.32	96.32	96.32
juego3	easy	90.0	0.008	1071	400	164	266	102	9	96.35	96.35	96.35
juego3	easy	90.0	0.008	1079	400	164	266	102	9	96.34	96.34	96.34
juego3	easy	90.0	0.008	1088	400	164	266	102	9	96.33	96.33	96.33
juego3	easy	90.0	0.008	1095	400	164	267	103	9	96.27	96.27	96.27
juego3	easy	90.0	0.008	1103	400	164	267	103	9	96.24	96.24	96.24
juego3	easy	90.0	0.008	1112	400	164	267	103	9	96.16	96.16	96.16
juego3	easy	90.0	0.008	1120	400	164	267	103	9	96.05	96.05	96.05
juego3	easy	90.0	0.008	1129	400	164	267	103	9	95.99	95.99	95.99
juego3	easy	90.0	0.008	1137	400	164	268	104	9	95.86	95.86	95.86
juego3	easy	90.0	0.008	1145	400	164	268	104	9	95.76	95.76	95.76
juego3	easy	90.0	0.008	1154	400	164	268	104	9	95.71	95.71	95.71
juego3	easy	90.0	0.008	1163	400	164	268	104	9	95.66	95.66	95.66
juego3	easy	90.0	0.008	1171	400	164	268	104	9	95.67	95.67	95.67
juego3	easy	90.0	0.008	1180	400	164	268	104	9	95.69	95.69	95.69
juego3	easy	90.0	0.008	1189	400	164	268	104	9	95.7	95.7	95.7
juego3	easy	90.0	0.008	1197	400	164	268	104	9	95.74	95.74	95.74
juego3	easy	90.0	0.008	1205	400	164	268	104	9	95.73	95.73	95.73
juego3	easy	90.0	0.008	1214	400	164	268	104	9	95.72	95.72	95.72
juego3	easy	90.0	0.008	1223	400	164	268	104	9	95.69	95.69	95.69
juego3	easy	90.0	0.008	1232	400	164	269	105	9	95.62	95.62	95.62
juego3	easy	90.0	0.008	1240	400	164	269	105	9	95.58	95.58	95.58
juego3	easy	90.0	0.008	1249	400	164	269	105	9	95.57	95.57	95.57
juego3	easy	90.0	0.008	1257	400	164	269	105	9	95.58	95.58	95.58
juego3	easy	90.0	0.008	1265	400	164	269	105	9	95.62	95.62	95.62
juego3	easy	90.0	0.008	1282	400	164	269	105	9	95.63	95.63	95.63
