game	difficulty	amplitude	velocity	time	xpos	y_computer	y_human	y_error	trial	x	y	z
juego1	easy	40.0	0.008	16489	700	267	270	3	0	92.85	92.85	92.85
juego1	easy	40.0	0.008	16492	700	267	270	3	0	92.83	92.83	92.83
juego1	easy	40.0	0.008	16502	700	267	270	3	0	92.8	92.8	92.8
juego1	easy	40.0	0.008	16509	700	266	270	4	0	92.78	92.78	92.78
juego1	easy	40.0	0.008	16518	700	266	270	4	0	92.75	92.75	92.75
juego1	easy	40.0	0.008	16527	700	266	270	4	0	92.73	92.73	92.73
juego1	easy	40.0	0.008	16536	700	265	270	5	0	92.73	92.73	92.73
juego1	easy	40.0	0.008	16545	700	265	270	5	0	92.76	92.76	92.76
juego1	easy	40.0	0.008	16553	700	265	270	5	0	92.8	92.8	92.8
juego1	easy	40.0	0.008	16562	700	264	270	6	0	92.83	92.83	92.83
juego1	easy	40.0	0.008	16571	700	264	270	6	0	92.83	92.83	92.83
juego1	easy	40.0	0.008	16579	700	263	270	7	0	92.81	92.81	92.81
juego1	easy	40.0	0.008	16588	700	263	270	7	0	92.74	92.74	92.74
juego1	easy	40.0	0.008	16595	700	263	271	8	0	92.71	92.71	92.71
juego1	easy	40.0	0.008	16604	700	262	271	9	0	92.68	92.68	92.68
juego1	easy	40.0	0.008	16612	700	262	271	9	0	92.7	92.7	92.7
juego1	easy	40.0	0.008	16620	700	262	270	8	0	92.72	92.72	92.72
juego1	easy	40.0	0.008	16629	700	261	270	9	0	92.76	92.76	92.76
juego1	easy	40.0	0.008	16638	700	261	270	9	0	92.81	92.81	92.81
juego1	easy	40.0	0.008	16645	700	260	270	10	0	92.82	92.82	92.82
juego1	easy	40.0	0.008	16655	700	260	270	10	0	92.82	92.82	92.82
juego1	easy	40.0	0.008	16664	700	260	270	10	0	92.76	92.76	92.76
juego1	easy	40.0	0.008	16672	700	259	270	11	0	92.73	92.73	92.73
juego1	easy	40.0	0.008	16681	700	259	271	12	0	92.7	92.7	92.7
juego1	easy	40.0	0.008	16691	700	259	271	12	0	92.7	92.7	92.7
juego1	easy	40.0	0.008	16699	700	258	270	12	0	92.72	92.72	92.72
juego1	easy	40.0	0.008	16707	700	258	270	12	0	92.74	92.74	92.74
juego1	easy	40.0	0.008	16715	700	257	270	13	0	92.73	92.73	92.73
juego1	easy	40.0	0.008	16724	700	257	271	14	0	92.66	92.66	92.66
juego1	easy	40.0	0.008	16732	700	257	271	14	0	92.65	92.65	92.65
juego1	easy	40.0	0.008	16741	700	256	271	15	0	92.62	92.62	92.62
juego1	easy	40.0	0.008	16749	700	256	271	15	0	92.68	92.68	92.68
juego1	easy	40.0	0.008	16757	700	256	270	14	0	92.77	92.77	92.77
juego1	easy	40.0	0.008	16765	700	255	270	15	0	92.81	92.81	92.81
juego1	easy	40.0	0.008	16774	700	255	270	15	0	92.87	92.87	92.87
juego1	easy	40.0	0.008	16783	700	255	270	15	0	92.86	92.86	92.86
juego1	easy	40.0	0.008	16792	700	254	270	16	0	92.86	92.86	92.86
juego1	easy	40.0	0.008	16799	700	254	270	16	0	92.89	92.89	92.89
juego1	easy	40.0	0.008	16808	700	253	270	17	0	93.02	93.02	93.02
juego1	easy	40.0	0.008	16816	700	253	269	16	0	93.12	93.12	93.12
juego1	easy	40.0	0.008	16824	700	253	268	15	0	93.36	93.36	93.36
juego1	easy	40.0	0.008	16833	700	252	268	16	0	93.62	93.62	93.62
juego1	easy	40.0	0.008	16842	700	252	267	15	0	93.88	93.88	93.88
juego1	easy	40.0	0.008	16851	700	252	266	14	0	94.01	94.01	94.01
juego1	easy	40.0	0.008	16859	700	251	265	14	0	94.37	94.37	94.37
juego1	easy	40.0	0.008	16868	700	251	264	13	0	94.91	94.91	94.91
juego1	easy	40.0	0.008	16876	700	251	263	12	0	95.22	95.22	95.22
juego1	easy	40.0	0.008	16885	700	250	261	11	0	95.81	95.81	95.81
juego1	easy	40.0	0.008	16893	700	250	259	9	0	96.45	96.45	96.45
juego1	easy	40.0	0.008	16901	700	250	258	8	0	96.82	96.82	96.82
juego1	easy	40.0	0.008	16910	700	249	255	6	0	97.59	97.59	97.59
juego1	easy	40.0	0.008	16918	700	249	253	4	0	98.39	98.39	98.39
juego1	easy	40.0	0.008	16927	700	249	251	2	0	98.82	98.82	98.82
juego1	easy	40.0	0.008	16936	700	248	248	0	0	99.71	99.71	99.71
juego1	easy	40.0	0.008	16945	700	248	246	-2	0	100.6	100.6	100.6
juego1	easy	40.0	0.008	16955	700	248	243	-5	0	101.48	101.48	101.48
juego1	easy	40.0	0.008	16963	700	247	240	-7	0	102.38	102.38	102.38
juego1	easy	40.0	0.008	16972	700	247	237	-10	0	103.27	103.27	103.27
juego1	easy	40.0	0.008	16981	700	247	236	-11	0	103.74	103.74	103.74
juego1	easy	40.0	0.008	16990	700	246	236	-10	0	103.74	103.74	103.74
juego1	easy	40.0	0.008	16999	700	246	232	-14	0	105.06	105.06	105.06
juego1	easy	40.0	0.008	17007	700	246	230	-16	0	105.72	105.72	105.72
juego1	easy	40.0	0.008	17016	700	245	227	-18	0	106.49	106.49	106.49
juego1	easy	40.0	0.008	17024	700	245	224	-21	0	107.33	107.33	107.33
juego1	easy	40.0	0.008	17033	700	245	222	-23	0	108.04	108.04	108.04
juego1	easy	40.0	0.008	17042	700	244	221	-23	0	108.34	108.34	108.34
juego1	easy	40.0	0.008	17050	700	244	220	-24	0	108.86	108.86	108.86
juego1	easy	40.0	0.008	17059	700	244	218	-26	0	109.41	109.41	109.41
juego1	easy	40.0	0.008	17069	700	243	216	-27	0	109.98	109.98	109.98
juego1	easy	40.0	0.008	17078	700	243	215	-28	0	110.49	110.49	110.49
juego1	easy	40.0	0.008	17086	700	243	214	-29	0	110.72	110.72	110.72
juego1	easy	40.0	0.008	17095	700	242	213	-29	0	111.12	111.12	111.12
juego1	easy	40.0	0.008	17103	700	242	211	-31	0	111.47	111.47	111.47
juego1	easy	40.0	0.008	17112	700	242	211	-31	0	111.63	111.63	111.63
juego1	easy	40.0	0.008	17121	700	241	210	-31	0	111.98	111.98	111.98
juego1	easy	40.0	0.008	17130	700	241	209	-32	0	112.29	112.29	112.29
juego1	easy	40.0	0.008	17139	700	241	208	-33	0	112.55	112.55	112.55
juego1	easy	40.0	0.008	17148	700	240	207	-33	0	112.73	112.73	112.73
juego1	easy	40.0	0.008	17157	700	240	207	-33	0	112.81	112.81	112.81
juego1	easy	40.0	0.008	17166	700	240	207	-33	0	112.96	112.96	112.96
juego1	easy	40.0	0.008	17175	700	240	206	-34	0	113.1	113.1	113.1
juego1	easy	40.0	0.008	17184	700	239	206	-33	0	113.21	113.21	113.21
juego1	easy	40.0	0.008	17193	700	239	206	-33	0	113.28	113.28	113.28
juego1	easy	40.0	0.008	17202	700	239	206	-33	0	113.29	113.29	113.29
juego1	easy	40.0	0.008	17211	700	238	206	-32	0	113.28	113.28	113.28
juego1	easy	40.0	0.008	17220	700	238	206	-32	0	113.21	113.21	113.21
juego1	easy	40.0	0.008	17229	700	238	206	-32	0	113.08	113.08	113.08
juego1	easy	40.0	0.008	17237	700	237	207	-30	0	113.0	113.0	113.0
juego1	easy	40.0	0.008	17245	700	237	207	-30	0	112.84	112.84	112.84
juego1	easy	40.0	0.008	17254	700	237	208	-29	0	112.63	112.63	112.63
juego1	easy	40.0	0.008	17263	700	237	208	-29	0	112.42	112.42	112.42
juego1	easy	40.0	0.008	17272	700	236	209	-27	0	112.33	112.33	112.33
juego1	easy	40.0	0.008	17281	700	236	209	-27	0	112.19	112.19	112.19
juego1	easy	40.0	0.008	17290	700	236	210	-26	0	112.08	112.08	112.08
juego1	easy	40.0	0.008	17299	700	236	210	-26	0	111.95	111.95	111.95
juego1	easy	40.0	0.008	17308	700	235	210	-25	0	111.87	111.87	111.87
juego1	easy	40.0	0.008	17317	700	235	211	-24	0	111.7	111.7	111.7
juego1	easy	40.0	0.008	17326	700	235	211	-24	0	111.5	111.5	111.5
juego1	easy	40.0	0.008	17334	700	234	212	-22	0	111.31	111.31	111.31
juego1	easy	40.0	0.008	17342	700	234	212	-22	0	111.21	111.21	111.21
juego1	easy	40.0	0.008	17350	700	234	213	-21	0	111.03	111.03	111.03
juego1	easy	40.0	0.008	17360	700	234	213	-21	0	110.82	110.82	110.82
juego1	easy	40.0	0.008	17368	700	233	214	-19	0	110.57	110.57	110.57
juego1	easy	40.0	0.008	17377	700	233	215	-18	0	110.43	110.43	110.43
juego1	easy	40.0	0.008	17385	700	233	216	-17	0	110.12	110.12	110.12
juego1	easy	40.0	0.008	17394	700	233	217	-16	0	109.74	109.74	109.74
juego1	easy	40.0	0.008	17404	700	232	218	-14	0	109.3	109.3	109.3
juego1	easy	40.0	0.008	17411	700	232	219	-13	0	109.06	109.06	109.06
juego1	easy	40.0	0.008	17419	700	232	221	-11	0	108.59	108.59	108.59
juego1	easy	40.0	0.008	17427	700	232	221	-11	0	108.37	108.37	108.37
juego1	easy	40.0	0.008	17436	700	231	222	-9	0	107.96	107.96	107.96
juego1	easy	40.0	0.008	17445	700	231	224	-7	0	107.57	107.57	107.57
juego1	easy	40.0	0.008	17453	700	231	224	-7	0	107.35	107.35	107.35
juego1	easy	40.0	0.008	17461	700	231	225	-6	0	107.14	107.14	107.14
juego1	easy	40.0	0.008	17468	700	230	226	-4	0	106.77	106.77	106.77
juego1	easy	40.0	0.008	17476	700	230	228	-2	0	106.3	106.3	106.3
juego1	easy	40.0	0.008	17485	700	230	229	-1	0	105.92	105.92	105.92
juego1	easy	40.0	0.008	17494	700	230	230	0	0	105.54	105.54	105.54
juego1	easy	40.0	0.008	17503	700	230	231	1	0	105.36	105.36	105.36
juego1	easy	40.0	0.008	17511	700	229	232	3	0	104.98	104.98	104.98
juego1	easy	40.0	0.008	17519	700	229	233	4	0	104.63	104.63	104.63
juego1	easy	40.0	0.008	17527	700	229	233	4	0	104.47	104.47	104.47
juego1	easy	40.0	0.008	17536	700	229	234	5	0	104.2	104.2	104.2
juego1	easy	40.0	0.008	17545	700	229	235	6	0	104.02	104.02	104.02
juego1	easy	40.0	0.008	17553	700	228	235	7	0	103.94	103.94	103.94
juego1	easy	40.0	0.008	17562	700	228	235	7	0	103.84	103.84	103.84
juego1	easy	40.0	0.008	17571	700	228	236	8	0	103.79	103.79	103.79
juego1	easy	40.0	0.008	17579	700	228	236	8	0	103.79	103.79	103.79
juego1	easy	40.0	0.008	17588	700	228	236	8	0	103.81	103.81	103.81
juego1	easy	40.0	0.008	17596	700	227	235	8	0	103.87	103.87	103.87
juego1	easy	40.0	0.008	17605	700	227	235	8	0	104.0	104.0	104.0
juego1	easy	40.0	0.008	17614	700	227	234	7	0	104.27	104.27	104.27
juego1	easy	40.0	0.008	17623	700	227	234	7	0	104.44	104.44	104.44
juego1	easy	40.0	0.008	17631	700	227	232	5	0	104.85	104.85	104.85
juego1	easy	40.0	0.008	17640	700	226	231	5	0	105.32	105.32	105.32
juego1	easy	40.0	0.008	17649	700	226	230	4	0	105.59	105.59	105.59
juego1	easy	40.0	0.008	17658	700	226	228	2	0	106.13	106.13	106.13
juego1	easy	40.0	0.008	17666	700	226	227	1	0	106.63	106.63	106.63
juego1	easy	40.0	0.008	17675	700	226	225	-1	0	107.18	107.18	107.18
juego1	easy	40.0	0.008	17685	700	226	223	-3	0	107.73	107.73	107.73
juego1	easy	40.0	0.008	17693	700	225	222	-3	0	107.96	107.96	107.96
juego1	easy	40.0	0.008	17702	700	225	221	-4	0	108.37	108.37	108.37
juego1	easy	40.0	0.008	17711	700	225	220	-5	0	108.71	108.71	108.71
juego1	easy	40.0	0.008	17720	700	225	219	-6	0	109.02	109.02	109.02
juego1	easy	40.0	0.008	17730	700	225	218	-7	0	109.31	109.31	109.31
juego1	easy	40.0	0.008	17738	700	225	218	-7	0	109.44	109.44	109.44
juego1	easy	40.0	0.008	17746	700	224	217	-7	0	109.67	109.67	109.67
juego1	easy	40.0	0.008	17755	700	224	217	-7	0	109.81	109.81	109.81
juego1	easy	40.0	0.008	17763	700	224	217	-7	0	109.85	109.85	109.85
juego1	easy	40.0	0.008	17772	700	224	217	-7	0	109.85	109.85	109.85
juego1	easy	40.0	0.008	17781	700	224	217	-7	0	109.83	109.83	109.83
juego1	easy	40.0	0.008	17790	700	224	217	-7	0	109.79	109.79	109.79
juego1	easy	40.0	0.008	17798	700	224	217	-7	0	109.76	109.76	109.76
juego1	easy	40.0	0.008	17806	700	223	217	-6	0	109.68	109.68	109.68
juego1	easy	40.0	0.008	17813	700	223	217	-6	0	109.64	109.64	109.64
juego1	easy	40.0	0.008	17822	700	223	217	-6	0	109.55	109.55	109.55
juego1	easy	40.0	0.008	17831	700	223	218	-5	0	109.5	109.5	109.5
juego1	easy	40.0	0.008	17840	700	223	218	-5	0	109.48	109.48	109.48
juego1	easy	40.0	0.008	17849	700	223	218	-5	0	109.46	109.46	109.46
juego1	easy	40.0	0.008	17858	700	223	218	-5	0	109.42	109.42	109.42
juego1	easy	40.0	0.008	17867	700	223	218	-5	0	109.37	109.37	109.37
juego1	easy	40.0	0.008	17876	700	223	218	-5	0	109.35	109.35	109.35
juego1	easy	40.0	0.008	17885	700	222	218	-4	0	109.35	109.35	109.35
juego1	easy	40.0	0.008	17893	700	222	218	-4	0	109.35	109.35	109.35
juego1	easy	40.0	0.008	17902	700	222	218	-4	0	109.34	109.34	109.34
juego1	easy	40.0	0.008	17910	700	222	218	-4	0	109.3	109.3	109.3
juego1	easy	40.0	0.008	17919	700	222	218	-4	0	109.29	109.29	109.29
juego1	easy	40.0	0.008	17927	700	222	218	-4	0	109.25	109.25	109.25
juego1	easy	40.0	0.008	17937	700	222	218	-4	0	109.23	109.23	109.23
juego1	easy	40.0	0.008	17945	700	222	219	-3	0	109.21	109.21	109.21
juego1	easy	40.0	0.008	17953	700	222	219	-3	0	109.19	109.19	109.19
juego1	easy	40.0	0.008	17962	700	222	219	-3	0	109.16	109.16	109.16
juego1	easy	40.0	0.008	17970	700	222	219	-3	0	109.14	109.14	109.14
juego1	easy	40.0	0.008	17979	700	222	219	-3	0	109.14	109.14	109.14
juego1	easy	40.0	0.008	17988	700	221	219	-2	0	109.15	109.15	109.15
juego1	easy	40.0	0.008	17997	700	221	219	-2	0	109.18	109.18	109.18
juego1	easy	40.0	0.008	18006	700	221	219	-2	0	109.19	109.19	109.19
juego1	easy	40.0	0.008	18015	700	221	219	-2	0	109.21	109.21	109.21
juego1	easy	40.0	0.008	18023	700	221	219	-2	0	109.22	109.22	109.22
juego1	easy	40.0	0.008	18032	700	221	218	-3	0	109.23	109.23	109.23
juego1	easy	40.0	0.008	18041	700	221	218	-3	0	109.24	109.24	109.24
juego1	easy	40.0	0.008	18049	700	221	218	-3	0	109.24	109.24	109.24
juego1	easy	40.0	0.008	18058	700	221	219	-2	0	109.22	109.22	109.22
juego1	easy	40.0	0.008	18067	700	221	219	-2	0	109.22	109.22	109.22
juego1	easy	40.0	0.008	18075	700	221	218	-3	0	109.24	109.24	109.24
juego1	easy	40.0	0.008	18084	700	221	218	-3	0	109.24	109.24	109.24
juego1	easy	40.0	0.008	18093	700	221	218	-3	0	109.25	109.25	109.25
juego1	easy	40.0	0.008	18100	700	221	218	-3	0	109.24	109.24	109.24
juego1	easy	40.0	0.008	18109	700	221	218	-3	0	109.25	109.25	109.25
juego1	easy	40.0	0.008	18118	700	221	218	-3	0	109.28	109.28	109.28
juego1	easy	40.0	0.008	18127	700	221	218	-3	0	109.3	109.3	109.3
juego1	easy	40.0	0.008	18136	700	221	218	-3	0	109.33	109.33	109.33
juego1	easy	40.0	0.008	18145	700	221	218	-3	0	109.35	109.35	109.35
juego1	easy	40.0	0.008	18153	700	221	218	-3	0	109.38	109.38	109.38
juego1	easy	40.0	0.008	18162	700	221	218	-3	0	109.4	109.4	109.4
juego1	easy	40.0	0.008	18169	700	221	218	-3	0	109.41	109.41	109.41
juego1	easy	40.0	0.008	18178	700	221	218	-3	0	109.44	109.44	109.44
juego1	easy	40.0	0.008	18186	700	221	218	-3	0	109.46	109.46	109.46
juego1	easy	40.0	0.008	18195	700	221	218	-3	0	109.49	109.49	109.49
juego1	easy	40.0	0.008	18203	700	221	218	-3	0	109.5	109.5	109.5
juego1	easy	40.0	0.008	18212	700	221	218	-3	0	109.52	109.52	109.52
juego1	easy	40.0	0.008	18220	700	221	218	-3	0	109.53	109.53	109.53
juego1	easy	40.0	0.008	18229	700	221	217	-4	0	109.55	109.55	109.55
juego1	easy	40.0	0.008	18237	700	221	217	-4	0	109.57	109.57	109.57
juego1	easy	40.0	0.008	18246	700	221	217	-4	0	109.57	109.57	109.57
juego1	easy	40.0	0.008	18254	700	221	217	-4	0	109.59	109.59	109.59
juego1	easy	40.0	0.008	18263	700	221	217	-4	0	109.59	109.59	109.59
juego1	easy	40.0	0.008	18272	700	221	217	-4	0	109.61	109.61	109.61
juego1	easy	40.0	0.008	18281	700	221	217	-4	0	109.61	109.61	109.61
juego1	easy	40.0	0.008	18289	700	221	217	-4	0	109.62	109.62	109.62
juego1	easy	40.0	0.008	18297	700	221	217	-4	0	109.63	109.63	109.63
juego1	easy	40.0	0.008	18306	700	221	217	-4	0	109.65	109.65	109.65
juego1	easy	40.0	0.008	18314	700	221	217	-4	0	109.66	109.66	109.66
juego1	easy	40.0	0.008	18323	700	221	217	-4	0	109.68	109.68	109.68
juego1	easy	40.0	0.008	18332	700	221	217	-4	0	109.7	109.7	109.7
juego1	easy	40.0	0.008	18340	700	221	217	-4	0	109.7	109.7	109.7
juego1	easy	40.0	0.008	18349	700	221	217	-4	0	109.69	109.69	109.69
juego1	easy	40.0	0.008	18358	700	221	217	-4	0	109.69	109.69	109.69
juego1	easy	40.0	0.008	18367	700	221	217	-4	0	109.69	109.69	109.69
juego1	easy	40.0	0.008	18375	700	221	217	-4	0	109.7	109.7	109.7
juego1	easy	40.0	0.008	18384	700	222	217	-5	0	109.72	109.72	109.72
juego1	easy	40.0	0.008	18392	700	222	217	-5	0	109.71	109.71	109.71
juego1	easy	40.0	0.008	18400	700	222	217	-5	0	109.7	109.7	109.7
juego1	easy	40.0	0.008	18409	700	222	217	-5	0	109.68	109.68	109.68
juego1	easy	40.0	0.008	18417	700	222	217	-5	0	109.68	109.68	109.68
juego1	easy	40.0	0.008	18425	700	222	217	-5	0	109.68	109.68	109.68
juego1	easy	40.0	0.008	18434	700	222	217	-5	0	109.68	109.68	109.68
juego1	easy	40.0	0.008	18442	700	222	217	-5	0	109.67	109.67	109.67
juego1	easy	40.0	0.008	18451	700	222	217	-5	0	109.67	109.67	109.67
juego1	easy	40.0	0.008	18460	700	222	217	-5	0	109.65	109.65	109.65
juego1	easy	40.0	0.008	18468	700	222	217	-5	0	109.62	109.62	109.62
juego1	easy	40.0	0.008	18477	700	222	217	-5	0	109.62	109.62	109.62
juego1	easy	40.0	0.008	18486	700	223	217	-6	0	109.62	109.62	109.62
juego1	easy	40.0	0.008	18494	700	223	217	-6	0	109.65	109.65	109.65
juego1	easy	40.0	0.008	18503	700	223	217	-6	0	109.67	109.67	109.67
juego1	easy	40.0	0.008	18511	700	223	217	-6	0	109.68	109.68	109.68
juego1	easy	40.0	0.008	18520	700	223	217	-6	0	109.67	109.67	109.67
juego1	easy	40.0	0.008	18529	700	223	217	-6	0	109.65	109.65	109.65
juego1	easy	40.0	0.008	18538	700	223	217	-6	0	109.63	109.63	109.63
juego1	easy	40.0	0.008	18546	700	223	217	-6	0	109.63	109.63	109.63
juego1	easy	40.0	0.008	18554	700	224	217	-7	0	109.62	109.62	109.62
juego1	easy	40.0	0.008	18562	700	224	217	-7	0	109.62	109.62	109.62
juego1	easy	40.0	0.008	18571	700	224	217	-7	0	109.63	109.63	109.63
juego1	easy	40.0	0.008	18580	700	224	217	-7	0	109.64	109.64	109.64
juego1	easy	40.0	0.008	18587	700	224	217	-7	0	109.65	109.65	109.65
juego1	easy	40.0	0.008	18596	700	224	217	-7	0	109.64	109.64	109.64
juego1	easy	40.0	0.008	18605	700	224	217	-7	0	109.64	109.64	109.64
juego1	easy	40.0	0.008	18614	700	224	217	-7	0	109.62	109.62	109.62
juego1	easy	40.0	0.008	18623	700	225	217	-8	0	109.63	109.63	109.63
juego1	easy	40.0	0.008	18632	700	225	217	-8	0	109.65	109.65	109.65
juego1	easy	40.0	0.008	18641	700	225	217	-8	0	109.65	109.65	109.65
juego1	easy	40.0	0.008	18650	700	225	217	-8	0	109.67	109.67	109.67
juego1	easy	40.0	0.008	18658	700	225	217	-8	0	109.66	109.66	109.66
juego1	easy	40.0	0.008	18666	700	225	217	-8	0	109.66	109.66	109.66
juego1	easy	40.0	0.008	18674	700	226	217	-9	0	109.65	109.65	109.65
juego1	easy	40.0	0.008	18682	700	226	217	-9	0	109.64	109.64	109.64
juego1	easy	40.0	0.008	18690	700	226	217	-9	0	109.63	109.63	109.63
juego1	easy	40.0	0.008	18698	700	226	217	-9	0	109.63	109.63	109.63
juego1	easy	40.0	0.008	18707	700	226	217	-9	0	109.62	109.62	109.62
juego1	easy	40.0	0.008	18715	700	226	217	-9	0	109.61	109.61	109.61
juego1	easy	40.0	0.008	18725	700	227	217	-10	0	109.6	109.6	109.6
juego1	easy	40.0	0.008	18733	700	227	217	-10	0	109.58	109.58	109.58
juego1	easy	40.0	0.008	18742	700	227	217	-10	0	109.58	109.58	109.58
juego1	easy	40.0	0.008	18751	700	227	217	-10	0	109.57	109.57	109.57
juego1	easy	40.0	0.008	18759	700	227	217	-10	0	109.56	109.56	109.56
juego1	easy	40.0	0.008	18768	700	228	217	-11	0	109.55	109.55	109.55
juego1	easy	40.0	0.008	18775	700	228	218	-10	0	109.54	109.54	109.54
juego1	easy	40.0	0.008	18784	700	228	218	-10	0	109.51	109.51	109.51
juego1	easy	40.0	0.008	18792	700	228	218	-10	0	109.47	109.47	109.47
juego1	easy	40.0	0.008	18801	700	228	218	-10	0	109.44	109.44	109.44
juego1	easy	40.0	0.008	18810	700	229	218	-11	0	109.38	109.38	109.38
juego1	easy	40.0	0.008	18818	700	229	218	-11	0	109.31	109.31	109.31
juego1	easy	40.0	0.008	18826	700	229	218	-11	0	109.28	109.28	109.28
juego1	easy	40.0	0.008	18835	700	229	219	-10	0	109.22	109.22	109.22
juego1	easy	40.0	0.008	18843	700	229	219	-10	0	109.15	109.15	109.15
juego1	easy	40.0	0.008	18852	700	230	219	-11	0	109.07	109.07	109.07
juego1	easy	40.0	0.008	18860	700	230	219	-11	0	109.03	109.03	109.03
juego1	easy	40.0	0.008	18869	700	230	220	-10	0	108.9	108.9	108.9
juego1	easy	40.0	0.008	18878	700	230	220	-10	0	108.78	108.78	108.78
juego1	easy	40.0	0.008	18886	700	231	220	-11	0	108.72	108.72	108.72
juego1	easy	40.0	0.008	18894	700	231	220	-11	0	108.62	108.62	108.62
juego1	easy	40.0	0.008	18904	700	231	221	-10	0	108.54	108.54	108.54
juego1	easy	40.0	0.008	18912	700	231	221	-10	0	108.51	108.51	108.51
juego1	easy	40.0	0.008	18919	700	232	221	-11	0	108.45	108.45	108.45
juego1	easy	40.0	0.008	18928	700	232	221	-11	0	108.37	108.37	108.37
juego1	easy	40.0	0.008	18936	700	232	221	-11	0	108.33	108.33	108.33
juego1	easy	40.0	0.008	18944	700	232	222	-10	0	108.24	108.24	108.24
juego1	easy	40.0	0.008	18951	700	232	222	-10	0	108.19	108.19	108.19
juego1	easy	40.0	0.008	18959	700	233	222	-11	0	108.09	108.09	108.09
juego1	easy	40.0	0.008	18968	700	233	222	-11	0	108.0	108.0	108.0
juego1	easy	40.0	0.008	18977	700	233	223	-10	0	107.93	107.93	107.93
juego1	easy	40.0	0.008	18986	700	233	223	-10	0	107.89	107.89	107.89
juego1	easy	40.0	0.008	18994	700	234	223	-11	0	107.85	107.85	107.85
juego1	easy	40.0	0.008	19002	700	234	223	-11	0	107.84	107.84	107.84
juego1	easy	40.0	0.008	19011	700	234	223	-11	0	107.85	107.85	107.85
juego1	easy	40.0	0.008	19020	700	235	223	-12	0	107.85	107.85	107.85
juego1	easy	40.0	0.008	19028	700	235	223	-12	0	107.82	107.82	107.82
juego1	easy	40.0	0.008	19036	700	235	223	-12	0	107.81	107.81	107.81
juego1	easy	40.0	0.008	19045	700	235	223	-12	0	107.77	107.77	107.77
juego1	easy	40.0	0.008	19053	700	236	223	-13	0	107.74	107.74	107.74
juego1	easy	40.0	0.008	19060	700	236	223	-13	0	107.73	107.73	107.73
juego1	easy	40.0	0.008	19069	700	236	223	-13	0	107.7	107.7	107.7
juego1	easy	40.0	0.008	19078	700	236	223	-13	0	107.68	107.68	107.68
juego1	easy	40.0	0.008	19087	700	237	223	-14	0	107.65	107.65	107.65
juego1	easy	40.0	0.008	19096	700	237	224	-13	0	107.64	107.64	107.64
juego1	easy	40.0	0.008	19103	700	237	224	-13	0	107.6	107.6	107.6
juego1	easy	40.0	0.008	19112	700	238	224	-14	0	107.57	107.57	107.57
juego1	easy	40.0	0.008	19122	700	238	224	-14	0	107.51	107.51	107.51
juego1	easy	40.0	0.008	19129	700	238	224	-14	0	107.43	107.43	107.43
juego1	easy	40.0	0.008	19138	700	238	224	-14	0	107.34	107.34	107.34
juego1	easy	40.0	0.008	19147	700	239	225	-14	0	107.3	107.3	107.3
juego1	easy	40.0	0.008	19154	700	239	225	-14	0	107.23	107.23	107.23
juego1	easy	40.0	0.008	19163	700	239	225	-14	0	107.2	107.2	107.2
juego1	easy	40.0	0.008	19171	700	240	225	-15	0	107.13	107.13	107.13
juego1	easy	40.0	0.008	19180	700	240	225	-15	0	107.02	107.02	107.02
juego1	easy	40.0	0.008	19189	700	240	226	-14	0	106.87	106.87	106.87
juego1	easy	40.0	0.008	19197	700	241	226	-15	0	106.78	106.78	106.78
juego1	easy	40.0	0.008	19206	700	241	227	-14	0	106.58	106.58	106.58
juego1	easy	40.0	0.008	19214	700	241	228	-13	0	106.35	106.35	106.35
juego1	easy	40.0	0.008	19222	700	241	228	-13	0	106.21	106.21	106.21
juego1	easy	40.0	0.008	19230	700	242	229	-13	0	105.94	105.94	105.94
juego1	easy	40.0	0.008	19239	700	242	230	-12	0	105.65	105.65	105.65
juego1	easy	40.0	0.008	19248	700	242	230	-12	0	105.5	105.5	105.5
juego1	easy	40.0	0.008	19256	700	243	231	-12	0	105.19	105.19	105.19
juego1	easy	40.0	0.008	19265	700	243	232	-11	0	104.84	104.84	104.84
juego1	easy	40.0	0.008	19272	700	243	233	-10	0	104.65	104.65	104.65
juego1	easy	40.0	0.008	19280	700	244	234	-10	0	104.25	104.25	104.25
juego1	easy	40.0	0.008	19288	700	244	235	-9	0	104.04	104.04	104.04
juego1	easy	40.0	0.008	19296	700	244	236	-8	0	103.64	103.64	103.64
juego1	easy	40.0	0.008	19305	700	245	237	-8	0	103.25	103.25	103.25
juego1	easy	40.0	0.008	19314	700	245	239	-6	0	102.86	102.86	102.86
juego1	easy	40.0	0.008	19323	700	245	240	-5	0	102.49	102.49	102.49
juego1	easy	40.0	0.008	19331	700	246	240	-6	0	102.29	102.29	102.29
juego1	easy	40.0	0.008	19339	700	246	242	-4	0	101.87	101.87	101.87
juego1	easy	40.0	0.008	19347	700	246	242	-4	0	101.66	101.66	101.66
juego1	easy	40.0	0.008	19355	700	247	244	-3	0	101.19	101.19	101.19
juego1	easy	40.0	0.008	19364	700	247	245	-2	0	100.71	100.71	100.71
juego1	easy	40.0	0.008	19372	700	247	246	-1	0	100.45	100.45	100.45
juego1	easy	40.0	0.008	19380	700	248	248	0	0	99.91	99.91	99.91
juego1	easy	40.0	0.008	19388	700	248	250	2	0	99.37	99.37	99.37
juego1	easy	40.0	0.008	19397	700	248	250	2	0	99.09	99.09	99.09
juego1	easy	40.0	0.008	19406	700	249	252	3	0	98.56	98.56	98.56
juego1	easy	40.0	0.008	19415	700	249	254	5	0	98.0	98.0	98.0
juego1	easy	40.0	0.008	19424	700	249	256	7	0	97.44	97.44	97.44
juego1	easy	40.0	0.008	19432	700	250	256	6	0	97.19	97.19	97.19
juego1	easy	40.0	0.008	19441	700	250	258	8	0	96.73	96.73	96.73
juego1	easy	40.0	0.008	19450	700	250	259	9	0	96.27	96.27	96.27
juego1	easy	40.0	0.008	19459	700	251	261	10	0	95.77	95.77	95.77
juego1	easy	40.0	0.008	19469	700	251	262	11	0	95.3	95.3	95.3
juego1	easy	40.0	0.008	19477	700	251	263	12	0	95.08	95.08	95.08
juego1	easy	40.0	0.008	19486	700	252	264	12	0	94.71	94.71	94.71
juego1	easy	40.0	0.008	19493	700	252	265	13	0	94.53	94.53	94.53
juego1	easy	40.0	0.008	19502	700	253	266	13	0	94.21	94.21	94.21
juego1	easy	40.0	0.008	19511	700	253	266	13	0	94.07	94.07	94.07
juego1	easy	40.0	0.008	19520	700	253	267	14	0	93.74	93.74	93.74
juego1	easy	40.0	0.008	19529	700	254	268	14	0	93.58	93.58	93.58
juego1	easy	40.0	0.008	19538	700	254	268	14	0	93.49	93.49	93.49
juego1	easy	40.0	0.008	19547	700	254	269	15	0	93.33	93.33	93.33
juego1	easy	40.0	0.008	19556	700	255	269	14	0	93.19	93.19	93.19
juego1	easy	40.0	0.008	19564	700	255	269	14	0	93.11	93.11	93.11
juego1	easy	40.0	0.008	19571	700	255	269	14	0	93.09	93.09	93.09
juego1	easy	40.0	0.008	19580	700	256	269	13	0	93.05	93.05	93.05
juego1	easy	40.0	0.008	19589	700	256	270	14	0	93.01	93.01	93.01
juego1	easy	40.0	0.008	19598	700	256	270	14	0	92.99	92.99	92.99
juego1	easy	40.0	0.008	19606	700	257	270	13	0	92.93	92.93	92.93
juego1	easy	40.0	0.008	19615	700	257	270	13	0	92.88	92.88	92.88
juego1	easy	40.0	0.008	19623	700	258	270	12	0	92.86	92.86	92.86
juego1	easy	40.0	0.008	19631	700	258	270	12	0	92.83	92.83	92.83
juego1	easy	40.0	0.008	19640	700	258	270	12	0	92.81	92.81	92.81
juego1	easy	40.0	0.008	19649	700	259	270	11	0	92.79	92.79	92.79
juego1	easy	40.0	0.008	19658	700	259	270	11	0	92.77	92.77	92.77
juego1	easy	40.0	0.008	19666	700	259	270	11	0	92.76	92.76	92.76
juego1	easy	40.0	0.008	19674	700	260	270	10	0	92.76	92.76	92.76
juego1	easy	40.0	0.008	19683	700	260	270	10	0	92.76	92.76	92.76
juego1	easy	40.0	0.008	19691	700	261	270	9	0	92.76	92.76	92.76
juego1	easy	40.0	0.008	19700	700	261	270	9	0	92.75	92.75	92.75
juego1	easy	40.0	0.008	19708	700	261	270	9	0	92.76	92.76	92.76
juego1	easy	40.0	0.008	19717	700	262	270	8	0	92.75	92.75	92.75
juego1	easy	40.0	0.008	19726	700	262	270	8	0	92.74	92.74	92.74
juego1	easy	40.0	0.008	19733	700	262	270	8	0	92.72	92.72	92.72
juego1	easy	40.0	0.008	19742	700	263	271	8	0	92.71	92.71	92.71
juego1	easy	40.0	0.008	19752	700	263	271	8	0	92.7	92.7	92.7
juego1	easy	40.0	0.008	19760	700	263	271	8	0	92.67	92.67	92.67
juego1	easy	40.0	0.008	19769	700	264	271	7	0	92.66	92.66	92.66
juego1	easy	40.0	0.008	19777	700	264	271	7	0	92.65	92.65	92.65
juego1	easy	40.0	0.008	19786	700	265	271	6	0	92.65	92.65	92.65
juego1	easy	40.0	0.008	19794	700	265	271	6	0	92.61	92.61	92.61
juego1	easy	40.0	0.008	19803	700	265	271	6	0	92.59	92.59	92.59
juego1	easy	40.0	0.008	19811	700	266	271	5	0	92.53	92.53	92.53
juego1	easy	40.0	0.008	19820	700	266	271	5	0	92.48	92.48	92.48
juego1	easy	40.0	0.008	19830	700	266	271	5	0	92.44	92.44	92.44
juego1	easy	40.0	0.008	19838	700	267	271	4	0	92.42	92.42	92.42
juego1	easy	40.0	0.008	19846	700	267	272	5	0	92.38	92.38	92.38
juego1	easy	40.0	0.008	19855	700	268	272	4	0	92.34	92.34	92.34
juego1	easy	40.0	0.008	19863	700	268	272	4	0	92.33	92.33	92.33
juego1	easy	40.0	0.008	19870	700	269	272	3	0	92.28	92.28	92.28
juego1	easy	40.0	0.008	19878	700	269	272	3	0	92.26	92.26	92.26
juego1	easy	40.0	0.008	19886	700	270	272	2	0	92.22	92.22	92.22
juego1	easy	40.0	0.008	19895	700	271	272	1	0	92.18	92.18	92.18
juego1	easy	40.0	0.008	19903	700	271	272	1	0	92.16	92.16	92.16
juego1	easy	40.0	0.008	19912	700	272	272	0	0	92.13	92.13	92.13
juego1	easy	40.0	0.008	19921	700	272	272	0	0	92.1	92.1	92.1
juego1	easy	40.0	0.008	19930	700	273	273	0	0	92.07	92.07	92.07
juego1	easy	40.0	0.008	19938	700	274	273	-1	0	92.06	92.06	92.06
juego1	easy	40.0	0.008	19947	700	274	273	-1	0	92.03	92.03	92.03
juego1	easy	40.0	0.008	19955	700	275	273	-2	0	92.0	92.0	92.0
juego1	easy	40.0	0.008	19962	700	275	273	-2	0	91.98	91.98	91.98
juego1	easy	40.0	0.008	19971	700	276	273	-3	0	91.95	91.95	91.95
juego1	easy	40.0	0.008	19980	700	276	273	-3	0	91.91	91.91	91.91
juego1	easy	40.0	0.008	19989	700	277	273	-4	0	91.9	91.9	91.9
juego1	easy	40.0	0.008	19997	700	278	273	-5	0	91.86	91.86	91.86
juego1	easy	40.0	0.008	20005	700	278	273	-5	0	91.81	91.81	91.81
juego1	easy	40.0	0.008	20014	700	279	273	-6	0	91.79	91.79	91.79
juego1	easy	40.0	0.008	20023	700	279	274	-5	0	91.74	91.74	91.74
juego1	easy	40.0	0.008	20031	700	280	274	-6	0	91.68	91.68	91.68
juego1	easy	40.0	0.008	20040	700	280	274	-6	0	91.62	91.62	91.62
juego1	easy	40.0	0.008	20049	700	281	274	-7	0	91.59	91.59	91.59
juego1	easy	40.0	0.008	20058	700	282	274	-8	0	91.54	91.54	91.54
juego1	easy	40.0	0.008	20067	700	282	274	-8	0	91.48	91.48	91.48
juego1	easy	40.0	0.008	20075	700	283	275	-8	0	91.42	91.42	91.42
juego1	easy	40.0	0.008	20084	700	283	275	-8	0	91.37	91.37	91.37
juego1	easy	40.0	0.008	20091	700	284	275	-9	0	91.26	91.26	91.26
juego1	easy	40.0	0.008	20101	700	285	276	-9	0	91.12	91.12	91.12
juego1	easy	40.0	0.008	20109	700	285	276	-9	0	91.05	91.05	91.05
juego1	easy	40.0	0.008	20118	700	286	276	-10	0	90.91	90.91	90.91
juego1	easy	40.0	0.008	20127	700	286	277	-9	0	90.78	90.78	90.78
juego1	easy	40.0	0.008	20135	700	287	277	-10	0	90.64	90.64	90.64
juego1	easy	40.0	0.008	20143	700	287	277	-10	0	90.56	90.56	90.56
juego1	easy	40.0	0.008	20152	700	288	278	-10	0	90.4	90.4	90.4
juego1	easy	40.0	0.008	20161	700	288	278	-10	0	90.19	90.19	90.19
juego1	easy	40.0	0.008	20171	700	289	279	-10	0	89.93	89.93	89.93
juego1	easy	40.0	0.008	20179	700	290	280	-10	0	89.8	89.8	89.8
juego1	easy	40.0	0.008	20188	700	290	280	-10	0	89.55	89.55	89.55
juego1	easy	40.0	0.008	20197	700	291	281	-10	0	89.31	89.31	89.31
juego1	easy	40.0	0.008	20207	700	291	282	-9	0	89.03	89.03	89.03
juego1	easy	40.0	0.008	20215	700	292	283	-9	0	88.72	88.72	88.72
juego1	easy	40.0	0.008	20224	700	292	284	-8	0	88.56	88.56	88.56
juego1	easy	40.0	0.008	20233	700	293	285	-8	0	88.22	88.22	88.22
juego1	easy	40.0	0.008	20242	700	293	286	-7	0	87.84	87.84	87.84
juego1	easy	40.0	0.008	20251	700	294	287	-7	0	87.42	87.42	87.42
juego1	easy	40.0	0.008	20258	700	295	288	-7	0	87.2	87.2	87.2
juego1	easy	40.0	0.008	20266	700	295	289	-6	0	86.81	86.81	86.81
juego1	easy	40.0	0.008	20274	700	296	290	-6	0	86.61	86.61	86.61
juego1	easy	40.0	0.008	20283	700	296	291	-5	0	86.17	86.17	86.17
juego1	easy	40.0	0.008	20291	700	297	293	-4	0	85.7	85.7	85.7
juego1	easy	40.0	0.008	20300	700	297	293	-4	0	85.45	85.45	85.45
juego1	easy	40.0	0.008	20307	700	298	295	-3	0	84.98	84.98	84.98
juego1	easy	40.0	0.008	20317	700	298	296	-2	0	84.51	84.51	84.51
juego1	easy	40.0	0.008	20325	700	299	297	-2	0	84.31	84.31	84.31
juego1	easy	40.0	0.008	20333	700	299	298	-1	0	83.85	83.85	83.85
juego1	easy	40.0	0.008	20341	700	300	300	0	0	83.32	83.32	83.32
juego1	easy	40.0	0.008	20350	700	300	301	1	0	82.81	82.81	82.81
juego1	easy	40.0	0.008	20358	700	300	301	1	0	82.59	82.59	82.59
juego1	easy	40.0	0.008	20366	700	300	303	3	0	82.19	82.19	82.19
juego1	easy	40.0	0.008	20374	700	301	303	2	0	82.01	82.01	82.01
juego1	easy	40.0	0.008	20382	700	301	304	3	0	81.65	81.65	81.65
juego1	easy	40.0	0.008	20391	700	302	306	4	0	81.26	81.26	81.26
juego1	easy	40.0	0.008	20399	700	303	306	3	0	81.06	81.06	81.06
juego1	easy	40.0	0.008	20408	700	303	307	4	0	80.67	80.67	80.67
juego1	easy	40.0	0.008	20416	700	304	309	5	0	80.31	80.31	80.31
juego1	easy	40.0	0.008	20424	700	304	309	5	0	80.14	80.14	80.14
juego1	easy	40.0	0.008	20433	700	305	310	5	0	79.82	79.82	79.82
juego1	easy	40.0	0.008	20441	700	305	311	6	0	79.49	79.49	79.49
juego1	easy	40.0	0.008	20450	700	306	312	6	0	79.3	79.3	79.3
juego1	easy	40.0	0.008	20457	700	306	313	7	0	78.92	78.92	78.92
juego1	easy	40.0	0.008	20466	700	307	314	7	0	78.51	78.51	78.51
juego1	easy	40.0	0.008	20475	700	307	315	8	0	78.28	78.28	78.28
juego1	easy	40.0	0.008	20483	700	307	316	9	0	77.89	77.89	77.89
juego1	easy	40.0	0.008	20493	700	308	317	9	0	77.54	77.54	77.54
juego1	easy	40.0	0.008	20501	700	308	318	10	0	77.2	77.2	77.2
juego1	easy	40.0	0.008	20509	700	309	319	10	0	77.03	77.03	77.03
juego1	easy	40.0	0.008	20518	700	309	320	11	0	76.72	76.72	76.72
juego1	easy	40.0	0.008	20526	700	310	321	11	0	76.4	76.4	76.4
juego1	easy	40.0	0.008	20534	700	310	321	11	0	76.23	76.23	76.23
juego1	easy	40.0	0.008	20543	700	311	322	11	0	75.89	75.89	75.89
juego1	easy	40.0	0.008	20552	700	311	324	13	0	75.56	75.56	75.56
juego1	easy	40.0	0.008	20561	700	312	325	13	0	75.23	75.23	75.23
juego1	easy	40.0	0.008	20569	700	312	325	13	0	75.07	75.07	75.07
juego1	easy	40.0	0.008	20578	700	313	326	13	0	74.77	74.77	74.77
juego1	easy	40.0	0.008	20587	700	313	327	14	0	74.5	74.5	74.5
juego1	easy	40.0	0.008	20596	700	314	327	13	0	74.36	74.36	74.36
juego1	easy	40.0	0.008	20606	700	314	328	14	0	74.06	74.06	74.06
juego1	easy	40.0	0.008	20614	700	314	329	15	0	73.74	73.74	73.74
juego1	easy	40.0	0.008	20623	700	315	330	15	0	73.47	73.47	73.47
juego1	easy	40.0	0.008	20630	700	315	330	15	0	73.36	73.36	73.36
juego1	easy	40.0	0.008	20639	700	316	331	15	0	73.12	73.12	73.12
juego1	easy	40.0	0.008	20649	700	316	332	16	0	72.86	72.86	72.86
juego1	easy	40.0	0.008	20657	700	317	333	16	0	72.65	72.65	72.65
juego1	easy	40.0	0.008	20666	700	317	333	16	0	72.55	72.55	72.55
juego1	easy	40.0	0.008	20674	700	317	334	17	0	72.36	72.36	72.36
juego1	easy	40.0	0.008	20682	700	318	334	16	0	72.16	72.16	72.16
juego1	easy	40.0	0.008	20690	700	318	335	17	0	72.07	72.07	72.07
juego1	easy	40.0	0.008	20698	700	319	335	16	0	71.87	71.87	71.87
juego1	easy	40.0	0.008	20707	700	319	336	17	0	71.71	71.71	71.71
juego1	easy	40.0	0.008	20715	700	320	336	16	0	71.62	71.62	71.62
juego1	easy	40.0	0.008	20724	700	320	337	17	0	71.44	71.44	71.44
juego1	easy	40.0	0.008	20733	700	320	337	17	0	71.26	71.26	71.26
juego1	easy	40.0	0.008	20741	700	321	337	16	0	71.17	71.17	71.17
juego1	easy	40.0	0.008	20749	700	321	338	17	0	71.0	71.0	71.0
juego1	easy	40.0	0.008	20758	700	322	338	16	0	70.81	70.81	70.81
juego1	easy	40.0	0.008	20767	700	322	339	17	0	70.59	70.59	70.59
juego1	easy	40.0	0.008	20775	700	322	339	17	0	70.49	70.49	70.49
juego1	easy	40.0	0.008	20784	700	323	340	17	0	70.26	70.26	70.26
juego1	easy	40.0	0.008	20793	700	323	341	18	0	70.04	70.04	70.04
juego1	easy	40.0	0.008	20801	700	323	341	18	0	69.92	69.92	69.92
juego1	easy	40.0	0.008	20808	700	324	342	18	0	69.71	69.71	69.71
juego1	easy	40.0	0.008	20817	700	324	343	19	0	69.49	69.49	69.49
juego1	easy	40.0	0.008	20824	700	324	343	19	0	69.38	69.38	69.38
juego1	easy	40.0	0.008	20833	700	325	344	19	0	69.15	69.15	69.15
juego1	easy	40.0	0.008	20842	700	325	344	19	0	68.92	68.92	68.92
juego1	easy	40.0	0.008	20851	700	326	345	19	0	68.8	68.8	68.8
juego1	easy	40.0	0.008	20860	700	326	346	20	0	68.57	68.57	68.57
juego1	easy	40.0	0.008	20869	700	326	346	20	0	68.35	68.35	68.35
juego1	easy	40.0	0.008	20877	700	327	347	20	0	68.1	68.1	68.1
juego1	easy	40.0	0.008	20885	700	327	347	20	0	67.96	67.96	67.96
juego1	easy	40.0	0.008	20894	700	327	348	21	0	67.72	67.72	67.72
juego1	easy	40.0	0.008	20903	700	328	349	21	0	67.53	67.53	67.53
juego1	easy	40.0	0.008	20912	700	328	349	21	0	67.36	67.36	67.36
juego1	easy	40.0	0.008	20919	700	328	350	22	0	67.27	67.27	67.27
juego1	easy	40.0	0.008	20928	700	329	350	21	0	67.12	67.12	67.12
juego1	easy	40.0	0.008	20937	700	329	351	22	0	66.97	66.97	66.97
juego1	easy	40.0	0.008	20945	700	329	351	22	0	66.89	66.89	66.89
juego1	easy	40.0	0.008	20954	700	329	352	23	0	66.67	66.67	66.67
juego1	easy	40.0	0.008	20963	700	330	352	22	0	66.46	66.46	66.46
juego1	easy	40.0	0.008	20972	700	330	353	23	0	66.24	66.24	66.24
juego1	easy	40.0	0.008	20981	700	330	353	23	0	66.12	66.12	66.12
juego1	easy	40.0	0.008	20990	700	331	354	23	0	65.9	65.9	65.9
juego1	easy	40.0	0.008	20999	700	331	355	24	0	65.7	65.7	65.7
juego1	easy	40.0	0.008	21007	700	331	355	24	0	65.54	65.54	65.54
juego1	easy	40.0	0.008	21016	700	331	355	24	0	65.45	65.45	65.45
juego1	easy	40.0	0.008	21024	700	332	356	24	0	65.31	65.31	65.31
juego1	easy	40.0	0.008	21033	700	332	356	24	0	65.18	65.18	65.18
juego1	easy	40.0	0.008	21042	700	332	357	25	0	65.05	65.05	65.05
juego1	easy	40.0	0.008	21050	700	332	357	25	0	65.0	65.0	65.0
juego1	easy	40.0	0.008	21059	700	333	357	24	0	64.9	64.9	64.9
juego1	easy	40.0	0.008	21068	700	333	357	24	0	64.82	64.82	64.82
juego1	easy	40.0	0.008	21076	700	333	357	24	0	64.79	64.79	64.79
juego1	easy	40.0	0.008	21085	700	333	358	25	0	64.73	64.73	64.73
juego1	easy	40.0	0.008	21093	700	334	358	24	0	64.7	64.7	64.7
juego1	easy	40.0	0.008	21101	700	334	358	24	0	64.69	64.69	64.69
juego1	easy	40.0	0.008	21109	700	334	358	24	0	64.67	64.67	64.67
juego1	easy	40.0	0.008	21118	700	334	358	24	0	64.65	64.65	64.65
juego1	easy	40.0	0.008	21127	700	335	358	23	0	64.64	64.64	64.64
juego1	easy	40.0	0.008	21135	700	335	358	23	0	64.62	64.62	64.62
juego1	easy	40.0	0.008	21144	700	335	358	23	0	64.63	64.63	64.63
juego1	easy	40.0	0.008	21153	700	335	358	23	0	64.63	64.63	64.63
juego1	easy	40.0	0.008	21161	700	335	358	23	0	64.63	64.63	64.63
juego1	easy	40.0	0.008	21170	700	336	358	22	0	64.62	64.62	64.62
juego1	easy	40.0	0.008	21178	700	336	358	22	0	64.62	64.62	64.62
juego1	easy	40.0	0.008	21186	700	336	358	22	0	64.63	64.63	64.63
juego1	easy	40.0	0.008	21195	700	336	358	22	0	64.66	64.66	64.66
juego1	easy	40.0	0.008	21204	700	336	358	22	0	64.71	64.71	64.71
juego1	easy	40.0	0.008	21211	700	337	358	21	0	64.73	64.73	64.73
juego1	easy	40.0	0.008	21220	700	337	357	20	0	64.78	64.78	64.78
juego1	easy	40.0	0.008	21228	700	337	357	20	0	64.84	64.84	64.84
juego1	easy	40.0	0.008	21237	700	337	357	20	0	64.87	64.87	64.87
juego1	easy	40.0	0.008	21245	700	337	357	20	0	64.96	64.96	64.96
juego1	easy	40.0	0.008	21253	700	337	357	20	0	65.07	65.07	65.07
juego1	easy	40.0	0.008	21262	700	337	356	19	0	65.11	65.11	65.11
juego1	easy	40.0	0.008	21270	700	338	356	18	0	65.22	65.22	65.22
juego1	easy	40.0	0.008	21279	700	338	356	18	0	65.32	65.32	65.32
juego1	easy	40.0	0.008	21286	700	338	356	18	0	65.37	65.37	65.37
juego1	easy	40.0	0.008	21295	700	338	355	17	0	65.45	65.45	65.45
juego1	easy	40.0	0.008	21303	700	338	355	17	0	65.56	65.56	65.56
juego1	easy	40.0	0.008	21312	700	338	355	17	0	65.62	65.62	65.62
juego1	easy	40.0	0.008	21320	700	338	354	16	0	65.76	65.76	65.76
juego1	easy	40.0	0.008	21329	700	338	354	16	0	65.87	65.87	65.87
juego1	easy	40.0	0.008	21337	700	339	354	15	0	65.92	65.92	65.92
juego1	easy	40.0	0.008	21346	700	339	354	15	0	65.98	65.98	65.98
juego1	easy	40.0	0.008	21355	700	339	354	15	0	66.02	66.02	66.02
juego1	easy	40.0	0.008	21364	700	339	353	14	0	66.07	66.07	66.07
juego1	easy	40.0	0.008	21371	700	339	353	14	0	66.09	66.09	66.09
juego1	easy	40.0	0.008	21380	700	339	353	14	0	66.13	66.13	66.13
juego1	easy	40.0	0.008	21389	700	339	353	14	0	66.18	66.18	66.18
juego1	easy	40.0	0.008	21396	700	339	353	14	0	66.2	66.2	66.2
juego1	easy	40.0	0.008	21404	700	339	353	14	0	66.25	66.25	66.25
juego1	easy	40.0	0.008	21413	700	339	353	14	0	66.27	66.27	66.27
juego1	easy	40.0	0.008	21420	700	339	353	14	0	66.3	66.3	66.3
juego1	easy	40.0	0.008	21429	700	339	353	14	0	66.33	66.33	66.33
juego1	easy	40.0	0.008	21438	700	339	353	14	0	66.34	66.34	66.34
juego1	easy	40.0	0.008	21446	700	340	352	12	0	66.37	66.37	66.37
juego1	easy	40.0	0.008	21454	700	340	352	12	0	66.39	66.39	66.39
juego1	easy	40.0	0.008	21463	700	340	352	12	0	66.42	66.42	66.42
juego1	easy	40.0	0.008	21472	700	340	352	12	0	66.43	66.43	66.43
juego1	easy	40.0	0.008	21481	700	340	352	12	0	66.47	66.47	66.47
juego1	easy	40.0	0.008	21489	700	340	352	12	0	66.5	66.5	66.5
juego1	easy	40.0	0.008	21497	700	340	352	12	0	66.52	66.52	66.52
juego1	easy	40.0	0.008	21505	700	340	352	12	0	66.53	66.53	66.53
juego1	easy	40.0	0.008	21514	700	340	352	12	0	66.55	66.55	66.55
juego1	easy	40.0	0.008	21523	700	340	352	12	0	66.55	66.55	66.55
juego1	easy	40.0	0.008	21532	700	340	352	12	0	66.56	66.56	66.56
juego1	easy	40.0	0.008	21541	700	340	352	12	0	66.57	66.57	66.57
juego1	easy	40.0	0.008	21550	700	340	352	12	0	66.59	66.59	66.59
juego1	easy	40.0	0.008	21557	700	340	352	12	0	66.6	66.6	66.6
juego1	easy	40.0	0.008	21566	700	340	352	12	0	66.64	66.64	66.64
juego1	easy	40.0	0.008	21575	700	340	352	12	0	66.67	66.67	66.67
juego1	easy	40.0	0.008	21584	700	340	351	11	0	66.68	66.68	66.68
juego1	easy	40.0	0.008	21592	700	340	351	11	0	66.68	66.68	66.68
juego1	easy	40.0	0.008	21601	700	340	351	11	0	66.68	66.68	66.68
juego1	easy	40.0	0.008	21610	700	339	351	12	0	66.69	66.69	66.69
juego1	easy	40.0	0.008	21619	700	339	351	12	0	66.72	66.72	66.72
juego1	easy	40.0	0.008	21627	700	339	351	12	0	66.73	66.73	66.73
juego1	easy	40.0	0.008	21635	700	339	351	12	0	66.76	66.76	66.76
juego1	easy	40.0	0.008	21644	700	339	351	12	0	66.76	66.76	66.76
juego1	easy	40.0	0.008	21652	700	339	351	12	0	66.76	66.76	66.76
juego1	easy	40.0	0.008	21660	700	339	351	12	0	66.76	66.76	66.76
juego1	easy	40.0	0.008	21669	700	339	351	12	0	66.75	66.75	66.75
juego1	easy	40.0	0.008	21676	700	339	351	12	0	66.76	66.76	66.76
juego1	easy	40.0	0.008	21685	700	339	351	12	0	66.78	66.78	66.78
juego1	easy	40.0	0.008	21694	700	339	351	12	0	66.82	66.82	66.82
juego1	easy	40.0	0.008	21703	700	339	351	12	0	66.84	66.84	66.84
juego1	easy	40.0	0.008	21712	700	339	351	12	0	66.88	66.88	66.88
juego1	easy	40.0	0.008	21720	700	338	351	13	0	66.9	66.9	66.9
juego1	easy	40.0	0.008	21729	700	338	351	13	0	66.91	66.91	66.91
juego1	easy	40.0	0.008	21737	700	338	351	13	0	66.93	66.93	66.93
juego1	easy	40.0	0.008	21746	700	338	351	13	0	66.98	66.98	66.98
juego1	easy	40.0	0.008	21755	700	338	350	12	0	67.04	67.04	67.04
juego1	easy	40.0	0.008	21763	700	338	350	12	0	67.08	67.08	67.08
juego1	easy	40.0	0.008	21771	700	338	350	12	0	67.2	67.2	67.2
juego1	easy	40.0	0.008	21780	700	338	349	11	0	67.37	67.37	67.37
juego1	easy	40.0	0.008	21787	700	337	349	12	0	67.46	67.46	67.46
juego1	easy	40.0	0.008	21796	700	337	348	11	0	67.68	67.68	67.68
juego1	easy	40.0	0.008	21805	700	337	348	11	0	67.94	67.94	67.94
juego1	easy	40.0	0.008	21812	700	337	347	10	0	68.08	68.08	68.08
juego1	easy	40.0	0.008	21820	700	337	346	9	0	68.37	68.37	68.37
juego1	easy	40.0	0.008	21829	700	337	345	8	0	68.72	68.72	68.72
juego1	easy	40.0	0.008	21836	700	337	344	7	0	68.93	68.93	68.93
juego1	easy	40.0	0.008	21845	700	336	343	7	0	69.45	69.45	69.45
juego1	easy	40.0	0.008	21854	700	336	341	5	0	70.09	70.09	70.09
juego1	easy	40.0	0.008	21863	700	336	340	4	0	70.46	70.46	70.46
juego1	easy	40.0	0.008	21872	700	336	337	1	0	71.19	71.19	71.19
juego1	easy	40.0	0.008	21881	700	336	336	0	0	71.56	71.56	71.56
juego1	easy	40.0	0.008	21889	700	335	334	-1	0	72.32	72.32	72.32
juego1	easy	40.0	0.008	21898	700	335	332	-3	0	72.89	72.89	72.89
juego1	easy	40.0	0.008	21907	700	335	330	-5	0	73.57	73.57	73.57
juego1	easy	40.0	0.008	21916	700	335	328	-7	0	74.27	74.27	74.27
juego1	easy	40.0	0.008	21924	700	335	325	-10	0	75.02	75.02	75.02
juego1	easy	40.0	0.008	21933	700	334	324	-10	0	75.39	75.39	75.39
juego1	easy	40.0	0.008	21941	700	334	322	-12	0	76.12	76.12	76.12
juego1	easy	40.0	0.008	21950	700	334	320	-14	0	76.77	76.77	76.77
juego1	easy	40.0	0.008	21959	700	334	319	-15	0	77.08	77.08	77.08
juego1	easy	40.0	0.008	21968	700	333	317	-16	0	77.63	77.63	77.63
juego1	easy	40.0	0.008	21977	700	333	315	-18	0	78.15	78.15	78.15
juego1	easy	40.0	0.008	21985	700	333	314	-19	0	78.67	78.67	78.67
juego1	easy	40.0	0.008	21994	700	333	313	-20	0	78.92	78.92	78.92
juego1	easy	40.0	0.008	22003	700	332	311	-21	0	79.49	79.49	79.49
juego1	easy	40.0	0.008	22011	700	332	309	-23	0	80.11	80.11	80.11
juego1	easy	40.0	0.008	22020	700	332	307	-25	0	80.67	80.67	80.67
juego1	easy	40.0	0.008	22029	700	332	307	-25	0	80.93	80.93	80.93
juego1	easy	40.0	0.008	22037	700	331	305	-26	0	81.48	81.48	81.48
juego1	easy	40.0	0.008	22044	700	331	304	-27	0	81.74	81.74	81.74
juego1	easy	40.0	0.008	22053	700	331	303	-28	0	82.18	82.18	82.18
juego1	easy	40.0	0.008	22061	700	331	303	-28	0	82.18	82.18	82.18
juego1	easy	40.0	0.008	22070	700	330	301	-29	0	82.72	82.72	82.72
juego1	easy	40.0	0.008	22079	700	330	300	-30	0	83.06	83.06	83.06
juego1	easy	40.0	0.008	22088	700	330	300	-30	0	83.49	83.49	83.49
juego1	easy	40.0	0.008	22097	700	329	298	-31	0	83.9	83.9	83.9
juego1	easy	40.0	0.008	22106	700	329	297	-32	0	84.34	84.34	84.34
juego1	easy	40.0	0.008	22113	700	329	296	-33	0	84.54	84.54	84.54
juego1	easy	40.0	0.008	22121	700	329	295	-34	0	84.87	84.87	84.87
juego1	easy	40.0	0.008	22130	700	328	295	-33	0	85.09	85.09	85.09
juego1	easy	40.0	0.008	22139	700	328	294	-34	0	85.17	85.17	85.17
juego1	easy	40.0	0.008	22147	700	328	294	-34	0	85.34	85.34	85.34
juego1	easy	40.0	0.008	22155	700	327	293	-34	0	85.57	85.57	85.57
juego1	easy	40.0	0.008	22164	700	327	293	-34	0	85.7	85.7	85.7
juego1	easy	40.0	0.008	22173	700	327	292	-35	0	85.93	85.93	85.93
juego1	easy	40.0	0.008	22181	700	326	291	-35	0	86.11	86.11	86.11
juego1	easy	40.0	0.008	22189	700	326	291	-35	0	86.21	86.21	86.21
juego1	easy	40.0	0.008	22198	700	326	290	-36	0	86.38	86.38	86.38
juego1	easy	40.0	0.008	22205	700	325	290	-35	0	86.54	86.54	86.54
juego1	easy	40.0	0.008	22214	700	325	290	-35	0	86.62	86.62	86.62
juego1	easy	40.0	0.008	22221	700	325	289	-36	0	86.77	86.77	86.77
juego1	easy	40.0	0.008	22230	700	324	289	-35	0	86.92	86.92	86.92
juego1	easy	40.0	0.008	22238	700	324	289	-35	0	87.0	87.0	87.0
juego1	easy	40.0	0.008	22245	700	323	288	-35	0	87.14	87.14	87.14
juego1	easy	40.0	0.008	22253	700	323	288	-35	0	87.22	87.22	87.22
juego1	easy	40.0	0.008	22262	700	323	287	-36	0	87.35	87.35	87.35
juego1	easy	40.0	0.008	22269	700	322	287	-35	0	87.42	87.42	87.42
juego1	easy	40.0	0.008	22278	700	322	287	-35	0	87.57	87.57	87.57
juego1	easy	40.0	0.008	22287	700	322	286	-36	0	87.72	87.72	87.72
juego1	easy	40.0	0.008	22296	700	321	286	-35	0	87.9	87.9	87.9
juego1	easy	40.0	0.008	22304	700	321	285	-36	0	88.0	88.0	88.0
juego1	easy	40.0	0.008	22313	700	320	285	-35	0	88.17	88.17	88.17
juego1	easy	40.0	0.008	22322	700	320	284	-36	0	88.32	88.32	88.32
juego1	easy	40.0	0.008	22331	700	320	284	-36	0	88.46	88.46	88.46
juego1	easy	40.0	0.008	22340	700	319	283	-36	0	88.6	88.6	88.6
juego1	easy	40.0	0.008	22348	700	319	283	-36	0	88.72	88.72	88.72
juego1	easy	40.0	0.008	22357	700	318	282	-36	0	89.02	89.02	89.02
juego1	easy	40.0	0.008	22366	700	318	281	-37	0	89.32	89.32	89.32
juego1	easy	40.0	0.008	22376	700	318	281	-37	0	89.54	89.54	89.54
juego1	easy	40.0	0.008	22383	700	317	280	-37	0	89.61	89.61	89.61
juego1	easy	40.0	0.008	22392	700	317	280	-37	0	89.74	89.74	89.74
juego1	easy	40.0	0.008	22401	700	316	279	-37	0	89.86	89.86	89.86
juego1	easy	40.0	0.008	22408	700	316	279	-37	0	89.92	89.92	89.92
juego1	easy	40.0	0.008	22417	700	315	279	-36	0	90.0	90.0	90.0
juego1	easy	40.0	0.008	22426	700	315	279	-36	0	90.08	90.08	90.08
juego1	easy	40.0	0.008	22434	700	315	279	-36	0	90.14	90.14	90.14
juego1	easy	40.0	0.008	22442	700	314	278	-36	0	90.25	90.25	90.25
juego1	easy	40.0	0.008	22451	700	314	278	-36	0	90.32	90.32	90.32
juego1	easy	40.0	0.008	22458	700	313	278	-35	0	90.36	90.36	90.36
juego1	easy	40.0	0.008	22467	700	313	278	-35	0	90.42	90.42	90.42
juego1	easy	40.0	0.008	22476	700	312	278	-34	0	90.49	90.49	90.49
juego1	easy	40.0	0.008	22484	700	312	277	-35	0	90.52	90.52	90.52
juego1	easy	40.0	0.008	22492	700	311	277	-34	0	90.57	90.57	90.57
juego1	easy	40.0	0.008	22501	700	311	277	-34	0	90.62	90.62	90.62
juego1	easy	40.0	0.008	22511	700	310	277	-33	0	90.67	90.67	90.67
juego1	easy	40.0	0.008	22519	700	310	277	-33	0	90.7	90.7	90.7
juego1	easy	40.0	0.008	22528	700	309	277	-32	0	90.75	90.75	90.75
juego1	easy	40.0	0.008	22536	700	309	277	-32	0	90.78	90.78	90.78
juego1	easy	40.0	0.008	22545	700	309	277	-32	0	90.79	90.79	90.79
juego1	easy	40.0	0.008	22552	700	308	276	-32	0	90.82	90.82	90.82
juego1	easy	40.0	0.008	22561	700	308	276	-32	0	90.85	90.85	90.85
juego1	easy	40.0	0.008	22569	700	307	276	-31	0	90.86	90.86	90.86
juego1	easy	40.0	0.008	22578	700	307	276	-31	0	90.88	90.88	90.88
juego1	easy	40.0	0.008	22585	700	306	276	-30	0	90.9	90.9	90.9
juego1	easy	40.0	0.008	22594	700	306	276	-30	0	90.94	90.94	90.94
juego1	easy	40.0	0.008	22602	700	305	276	-29	0	90.99	90.99	90.99
juego1	easy	40.0	0.008	22610	700	305	276	-29	0	90.99	90.99	90.99
juego1	easy	40.0	0.008	22619	700	304	276	-28	0	91.01	91.01	91.01
juego1	easy	40.0	0.008	22627	700	304	276	-28	0	91.03	91.03	91.03
juego1	easy	40.0	0.008	22636	700	303	276	-27	0	91.06	91.06	91.06
juego1	easy	40.0	0.008	22644	700	303	276	-27	0	91.06	91.06	91.06
juego1	easy	40.0	0.008	22653	700	302	276	-26	0	91.08	91.08	91.08
juego1	easy	40.0	0.008	22662	700	302	276	-26	0	91.1	91.1	91.1
juego1	easy	40.0	0.008	22671	700	301	276	-25	0	91.11	91.11	91.11
juego1	easy	40.0	0.008	22680	700	301	276	-25	0	91.12	91.12	91.12
juego1	easy	40.0	0.008	22688	700	300	276	-24	0	91.12	91.12	91.12
juego1	easy	40.0	0.008	22697	700	300	275	-25	0	91.13	91.13	91.13
juego1	easy	40.0	0.008	22705	700	300	275	-25	0	91.14	91.14	91.14
juego1	easy	40.0	0.008	22714	700	299	275	-24	0	91.17	91.17	91.17
juego1	easy	40.0	0.008	22722	700	299	275	-24	0	91.18	91.18	91.18
juego1	easy	40.0	0.008	22730	700	298	275	-23	0	91.18	91.18	91.18
juego1	easy	40.0	0.008	22739	700	298	275	-23	0	91.19	91.19	91.19
juego1	easy	40.0	0.008	22748	700	297	275	-22	0	91.18	91.18	91.18
juego1	easy	40.0	0.008	22755	700	297	275	-22	0	91.18	91.18	91.18
juego1	easy	40.0	0.008	22763	700	296	275	-21	0	91.18	91.18	91.18
juego1	easy	40.0	0.008	22772	700	296	275	-21	0	91.16	91.16	91.16
juego1	easy	40.0	0.008	22781	700	295	275	-20	0	91.16	91.16	91.16
juego1	easy	40.0	0.008	22789	700	295	275	-20	0	91.15	91.15	91.15
juego1	easy	40.0	0.008	22798	700	294	275	-19	0	91.17	91.17	91.17
juego1	easy	40.0	0.008	22807	700	294	275	-19	0	91.18	91.18	91.18
juego1	easy	40.0	0.008	22816	700	293	275	-18	0	91.2	91.2	91.2
juego1	easy	40.0	0.008	22825	700	292	275	-17	0	91.2	91.2	91.2
juego1	easy	40.0	0.008	22834	700	292	275	-17	0	91.22	91.22	91.22
juego1	easy	40.0	0.008	22842	700	291	275	-16	0	91.24	91.24	91.24
juego1	easy	40.0	0.008	22851	700	291	275	-16	0	91.25	91.25	91.25
juego1	easy	40.0	0.008	22858	700	290	275	-15	0	91.27	91.27	91.27
juego1	easy	40.0	0.008	22867	700	290	275	-15	0	91.27	91.27	91.27
juego1	easy	40.0	0.008	22875	700	289	275	-14	0	91.28	91.28	91.28
juego1	easy	40.0	0.008	22884	700	289	275	-14	0	91.29	91.29	91.29
juego1	easy	40.0	0.008	22892	700	288	275	-13	0	91.29	91.29	91.29
juego1	easy	40.0	0.008	22899	700	287	275	-12	0	91.3	91.3	91.3
juego1	easy	40.0	0.008	22908	700	287	275	-12	0	91.32	91.32	91.32
juego1	easy	40.0	0.008	22917	700	286	275	-11	0	91.35	91.35	91.35
juego1	easy	40.0	0.008	22926	700	286	275	-11	0	91.36	91.36	91.36
juego1	easy	40.0	0.008	22934	700	285	275	-10	0	91.38	91.38	91.38
juego1	easy	40.0	0.008	22942	700	285	275	-10	0	91.39	91.39	91.39
juego1	easy	40.0	0.008	22951	700	284	275	-9	0	91.4	91.4	91.4
juego1	easy	40.0	0.008	22960	700	283	275	-8	0	91.42	91.42	91.42
juego1	easy	40.0	0.008	22968	700	283	275	-8	0	91.42	91.42	91.42
juego1	easy	40.0	0.008	22977	700	282	275	-7	0	91.43	91.43	91.43
juego1	easy	40.0	0.008	22986	700	282	274	-8	0	91.45	91.45	91.45
juego1	easy	40.0	0.008	22995	700	281	274	-7	0	91.46	91.46	91.46
juego1	easy	40.0	0.008	23004	700	281	274	-7	0	91.48	91.48	91.48
juego1	easy	40.0	0.008	23013	700	280	274	-6	0	91.5	91.5	91.5
juego1	easy	40.0	0.008	23022	700	279	274	-5	0	91.51	91.51	91.51
juego1	easy	40.0	0.008	23031	700	279	274	-5	0	91.51	91.51	91.51
juego1	easy	40.0	0.008	23040	700	278	274	-4	0	91.52	91.52	91.52
juego1	easy	40.0	0.008	23047	700	278	274	-4	0	91.53	91.53	91.53
juego1	easy	40.0	0.008	23056	700	277	274	-3	0	91.53	91.53	91.53
juego1	easy	40.0	0.008	23065	700	276	274	-2	0	91.53	91.53	91.53
juego1	easy	40.0	0.008	23072	700	276	274	-2	0	91.54	91.54	91.54
juego1	easy	40.0	0.008	23081	700	275	274	-1	0	91.54	91.54	91.54
juego1	easy	40.0	0.008	23090	700	275	274	-1	0	91.54	91.54	91.54
juego1	easy	40.0	0.008	23099	700	274	274	0	0	91.54	91.54	91.54
juego1	easy	40.0	0.008	23108	700	274	274	0	0	91.55	91.55	91.55
juego1	easy	40.0	0.008	23117	700	273	274	1	0	91.56	91.56	91.56
juego1	easy	40.0	0.008	23126	700	272	274	2	0	91.56	91.56	91.56
juego1	easy	40.0	0.008	23135	700	272	274	2	0	91.57	91.57	91.57
juego1	easy	40.0	0.008	23143	700	271	274	3	0	91.57	91.57	91.57
juego1	easy	40.0	0.008	23152	700	271	274	3	0	91.56	91.56	91.56
juego1	easy	40.0	0.008	23161	700	270	274	4	0	91.57	91.57	91.57
juego1	easy	40.0	0.008	23170	700	269	274	5	0	91.58	91.58	91.58
juego1	easy	40.0	0.008	23179	700	269	274	5	0	91.58	91.58	91.58
juego1	easy	40.0	0.008	23188	700	268	274	6	0	91.56	91.56	91.56
juego1	easy	40.0	0.008	23196	700	268	274	6	1	91.56	91.56	91.56
juego1	easy	40.0	0.008	23205	700	267	274	7	1	91.55	91.55	91.55
juego1	easy	40.0	0.008	23214	700	267	274	7	1	91.55	91.55	91.55
juego1	easy	40.0	0.008	23223	700	267	274	7	1	91.55	91.55	91.55
juego1	easy	40.0	0.008	23232	700	266	274	8	1	91.55	91.55	91.55
juego1	easy	40.0	0.008	23241	700	266	274	8	1	91.55	91.55	91.55
juego1	easy	40.0	0.008	23250	700	266	274	8	1	91.55	91.55	91.55
juego1	easy	40.0	0.008	23259	700	265	274	9	1	91.54	91.54	91.54
juego1	easy	40.0	0.008	23268	700	265	274	9	1	91.53	91.53	91.53
juego1	easy	40.0	0.008	23276	700	265	274	9	1	91.52	91.52	91.52
juego1	easy	40.0	0.008	23284	700	264	274	10	1	91.51	91.51	91.51
juego1	easy	40.0	0.008	23293	700	264	274	10	1	91.51	91.51	91.51
juego1	easy	40.0	0.008	23301	700	263	274	11	1	91.51	91.51	91.51
juego1	easy	40.0	0.008	23310	700	263	274	11	1	91.52	91.52	91.52
juego1	easy	40.0	0.008	23318	700	263	274	11	1	91.54	91.54	91.54
juego1	easy	40.0	0.008	23326	700	262	274	12	1	91.54	91.54	91.54
juego1	easy	40.0	0.008	23334	700	262	274	12	1	91.55	91.55	91.55
juego1	easy	40.0	0.008	23342	700	262	274	12	1	91.55	91.55	91.55
juego1	easy	40.0	0.008	23351	700	261	274	13	1	91.55	91.55	91.55
juego1	easy	40.0	0.008	23360	700	261	274	13	1	91.56	91.56	91.56
juego1	easy	40.0	0.008	23368	700	260	274	14	1	91.58	91.58	91.58
juego1	easy	40.0	0.008	23377	700	260	274	14	1	91.6	91.6	91.6
juego1	easy	40.0	0.008	23385	700	260	274	14	1	91.71	91.71	91.71
juego1	easy	40.0	0.008	23394	700	259	273	14	1	91.84	91.84	91.84
juego1	easy	40.0	0.008	23403	700	259	273	14	1	91.99	91.99	91.99
juego1	easy	40.0	0.008	23412	700	259	272	13	1	92.09	92.09	92.09
juego1	easy	40.0	0.008	23420	700	258	272	14	1	92.3	92.3	92.3
juego1	easy	40.0	0.008	23429	700	258	271	13	1	92.57	92.57	92.57
juego1	easy	40.0	0.008	23438	700	257	270	13	1	92.73	92.73	92.73
juego1	easy	40.0	0.008	23446	700	257	269	12	1	93.11	93.11	93.11
juego1	easy	40.0	0.008	23455	700	257	268	11	1	93.51	93.51	93.51
juego1	easy	40.0	0.008	23463	700	256	267	11	1	93.9	93.9	93.9
juego1	easy	40.0	0.008	23472	700	256	266	10	1	94.08	94.08	94.08
juego1	easy	40.0	0.008	23481	700	256	265	9	1	94.47	94.47	94.47
juego1	easy	40.0	0.008	23490	700	255	263	8	1	94.96	94.96	94.96
juego1	easy	40.0	0.008	23498	700	255	262	7	1	95.41	95.41	95.41
juego1	easy	40.0	0.008	23507	700	255	261	6	1	95.63	95.63	95.63
juego1	easy	40.0	0.008	23515	700	254	260	6	1	96.01	96.01	96.01
juego1	easy	40.0	0.008	23524	700	254	259	5	1	96.36	96.36	96.36
juego1	easy	40.0	0.008	23533	700	253	259	6	1	96.43	96.43	96.43
juego1	easy	40.0	0.008	23541	700	253	258	5	1	96.54	96.54	96.54
juego1	easy	40.0	0.008	23550	700	253	258	5	1	96.76	96.76	96.76
juego1	easy	40.0	0.008	23559	700	252	257	5	1	97.0	97.0	97.0
juego1	easy	40.0	0.008	23569	700	252	257	5	1	97.15	97.15	97.15
juego1	easy	40.0	0.008	23577	700	252	256	4	1	97.23	97.23	97.23
juego1	easy	40.0	0.008	23585	700	251	256	5	1	97.37	97.37	97.37
juego1	easy	40.0	0.008	23594	700	251	256	5	1	97.47	97.47	97.47
juego1	easy	40.0	0.008	23602	700	251	255	4	1	97.49	97.49	97.49
juego1	easy	40.0	0.008	23611	700	250	255	5	1	97.51	97.51	97.51
juego1	easy	40.0	0.008	23618	700	250	255	5	1	97.53	97.53	97.53
juego1	easy	40.0	0.008	23627	700	250	255	5	1	97.54	97.54	97.54
juego1	easy	40.0	0.008	23635	700	249	255	6	1	97.57	97.57	97.57
juego1	easy	40.0	0.008	23644	700	249	255	6	1	97.64	97.64	97.64
juego1	easy	40.0	0.008	23653	700	249	255	6	1	97.69	97.69	97.69
juego1	easy	40.0	0.008	23661	700	248	254	6	1	97.81	97.81	97.81
juego1	easy	40.0	0.008	23669	700	248	254	6	1	97.92	97.92	97.92
juego1	easy	40.0	0.008	23677	700	248	254	6	1	97.98	97.98	97.98
juego1	easy	40.0	0.008	23686	700	247	254	7	1	98.07	98.07	98.07
juego1	easy	40.0	0.008	23694	700	247	253	6	1	98.16	98.16	98.16
juego1	easy	40.0	0.008	23703	700	247	253	6	1	98.21	98.21	98.21
juego1	easy	40.0	0.008	23711	700	246	253	7	1	98.28	98.28	98.28
juego1	easy	40.0	0.008	23720	700	246	253	7	1	98.36	98.36	98.36
juego1	easy	40.0	0.008	23729	700	246	252	6	1	98.45	98.45	98.45
juego1	easy	40.0	0.008	23737	700	245	252	7	1	98.49	98.49	98.49
juego1	easy	40.0	0.008	23746	700	245	252	7	1	98.59	98.59	98.59
juego1	easy	40.0	0.008	23755	700	245	252	7	1	98.7	98.7	98.7
juego1	easy	40.0	0.008	23762	700	244	251	7	1	98.76	98.76	98.76
juego1	easy	40.0	0.008	23771	700	244	251	7	1	98.86	98.86	98.86
juego1	easy	40.0	0.008	23780	700	244	251	7	1	98.99	98.99	98.99
juego1	easy	40.0	0.008	23788	700	243	250	7	1	99.07	99.07	99.07
juego1	easy	40.0	0.008	23796	700	243	250	7	1	99.26	99.26	99.26
juego1	easy	40.0	0.008	23803	700	243	250	7	1	99.36	99.36	99.36
juego1	easy	40.0	0.008	23812	700	242	249	7	1	99.54	99.54	99.54
juego1	easy	40.0	0.008	23821	700	242	248	6	1	99.72	99.72	99.72
juego1	easy	40.0	0.008	23830	700	242	248	6	1	99.88	99.88	99.88
juego1	easy	40.0	0.008	23839	700	241	247	6	1	100.07	100.07	100.07
juego1	easy	40.0	0.008	23848	700	241	247	6	1	100.16	100.16	100.16
juego1	easy	40.0	0.008	23856	700	241	247	6	1	100.24	100.24	100.24
juego1	easy	40.0	0.008	23865	700	240	246	6	1	100.48	100.48	100.48
juego1	easy	40.0	0.008	23875	700	240	246	6	1	100.63	100.63	100.63
juego1	easy	40.0	0.008	23883	700	240	245	5	1	100.69	100.69	100.69
juego1	easy	40.0	0.008	23892	700	240	245	5	1	100.82	100.82	100.82
juego1	easy	40.0	0.008	23900	700	239	245	6	1	100.94	100.94	100.94
juego1	easy	40.0	0.008	23909	700	239	244	5	1	100.99	100.99	100.99
juego1	easy	40.0	0.008	23917	700	239	244	5	1	101.1	101.1	101.1
juego1	easy	40.0	0.008	23926	700	238	244	6	1	101.2	101.2	101.2
juego1	easy	40.0	0.008	23935	700	238	243	5	1	101.29	101.29	101.29
juego1	easy	40.0	0.008	23942	700	238	243	5	1	101.32	101.32	101.32
juego1	easy	40.0	0.008	23951	700	237	243	6	1	101.41	101.41	101.41
juego1	easy	40.0	0.008	23958	700	237	243	6	1	101.47	101.47	101.47
juego1	easy	40.0	0.008	23967	700	237	243	6	1	101.59	101.59	101.59
juego1	easy	40.0	0.008	23975	700	237	242	5	1	101.74	101.74	101.74
juego1	easy	40.0	0.008	23984	700	236	242	6	1	101.81	101.81	101.81
juego1	easy	40.0	0.008	23992	700	236	241	5	1	101.96	101.96	101.96
juego1	easy	40.0	0.008	24001	700	236	241	5	1	102.15	102.15	102.15
juego1	easy	40.0	0.008	24010	700	236	240	4	1	102.35	102.35	102.35
juego1	easy	40.0	0.008	24018	700	235	240	5	1	102.45	102.45	102.45
juego1	easy	40.0	0.008	24027	700	235	239	4	1	102.63	102.63	102.63
juego1	easy	40.0	0.008	24036	700	235	239	4	1	102.8	102.8	102.8
juego1	easy	40.0	0.008	24045	700	234	238	4	1	102.95	102.95	102.95
juego1	easy	40.0	0.008	24054	700	234	238	4	1	103.1	103.1	103.1
juego1	easy	40.0	0.008	24062	700	234	238	4	1	103.18	103.18	103.18
juego1	easy	40.0	0.008	24071	700	234	237	3	1	103.34	103.34	103.34
juego1	easy	40.0	0.008	24078	700	233	237	4	1	103.42	103.42	103.42
juego1	easy	40.0	0.008	24087	700	233	236	3	1	103.6	103.6	103.6
juego1	easy	40.0	0.008	24095	700	233	236	3	1	103.74	103.74	103.74
juego1	easy	40.0	0.008	24103	700	233	236	3	1	103.8	103.8	103.8
juego1	easy	40.0	0.008	24112	700	232	235	3	1	103.93	103.93	103.93
juego1	easy	40.0	0.008	24121	700	232	235	3	1	104.05	104.05	104.05
juego1	easy	40.0	0.008	24128	700	232	235	3	1	104.11	104.11	104.11
juego1	easy	40.0	0.008	24137	700	232	234	2	1	104.2	104.2	104.2
juego1	easy	40.0	0.008	24146	700	231	234	3	1	104.28	104.28	104.28
juego1	easy	40.0	0.008	24155	700	231	234	3	1	104.34	104.34	104.34
juego1	easy	40.0	0.008	24163	700	231	234	3	1	104.37	104.37	104.37
juego1	easy	40.0	0.008	24172	700	231	234	3	1	104.43	104.43	104.43
juego1	easy	40.0	0.008	24181	700	230	233	3	1	104.51	104.51	104.51
juego1	easy	40.0	0.008	24190	700	230	233	3	1	104.58	104.58	104.58
juego1	easy	40.0	0.008	24198	700	230	233	3	1	104.62	104.62	104.62
juego1	easy	40.0	0.008	24206	700	230	233	3	1	104.69	104.69	104.69
juego1	easy	40.0	0.008	24213	700	230	233	3	1	104.72	104.72	104.72
juego1	easy	40.0	0.008	24221	700	229	232	3	1	104.8	104.8	104.8
juego1	easy	40.0	0.008	24230	700	229	232	3	1	104.86	104.86	104.86
juego1	easy	40.0	0.008	24238	700	229	232	3	1	104.89	104.89	104.89
juego1	easy	40.0	0.008	24246	700	229	232	3	1	104.96	104.96	104.96
juego1	easy	40.0	0.008	24255	700	229	232	3	1	105.01	105.01	105.01
juego1	easy	40.0	0.008	24264	700	228	232	4	1	105.04	105.04	105.04
juego1	easy	40.0	0.008	24272	700	228	231	3	1	105.1	105.1	105.1
juego1	easy	40.0	0.008	24281	700	228	231	3	1	105.16	105.16	105.16
juego1	easy	40.0	0.008	24289	700	228	231	3	1	105.19	105.19	105.19
juego1	easy	40.0	0.008	24298	700	228	231	3	1	105.23	105.23	105.23
juego1	easy	40.0	0.008	24306	700	227	231	4	1	105.25	105.25	105.25
juego1	easy	40.0	0.008	24315	700	227	231	4	1	105.29	105.29	105.29
juego1	easy	40.0	0.008	24324	700	227	231	4	1	105.31	105.31	105.31
juego1	easy	40.0	0.008	24332	700	227	231	4	1	105.36	105.36	105.36
juego1	easy	40.0	0.008	24340	700	227	231	4	1	105.4	105.4	105.4
juego1	easy	40.0	0.008	24349	700	226	230	4	1	105.42	105.42	105.42
juego1	easy	40.0	0.008	24357	700	226	230	4	1	105.44	105.44	105.44
juego1	easy	40.0	0.008	24366	700	226	230	4	1	105.45	105.45	105.45
juego1	easy	40.0	0.008	24375	700	226	230	4	1	105.47	105.47	105.47
juego1	easy	40.0	0.008	24384	700	226	230	4	1	105.48	105.48	105.48
juego1	easy	40.0	0.008	24392	700	226	230	4	1	105.49	105.49	105.49
juego1	easy	40.0	0.008	24401	700	225	230	5	1	105.52	105.52	105.52
juego1	easy	40.0	0.008	24411	700	225	230	5	1	105.58	105.58	105.58
juego1	easy	40.0	0.008	24419	700	225	230	5	1	105.61	105.61	105.61
juego1	easy	40.0	0.008	24428	700	225	230	5	1	105.64	105.64	105.64
juego1	easy	40.0	0.008	24435	700	225	230	5	1	105.64	105.64	105.64
juego1	easy	40.0	0.008	24444	700	225	230	5	1	105.65	105.65	105.65
juego1	easy	40.0	0.008	24453	700	224	230	6	1	105.65	105.65	105.65
juego1	easy	40.0	0.008	24461	700	224	230	6	1	105.66	105.66	105.66
juego1	easy	40.0	0.008	24470	700	224	230	6	1	105.67	105.67	105.67
juego1	easy	40.0	0.008	24479	700	224	230	6	1	105.69	105.69	105.69
juego1	easy	40.0	0.008	24488	700	224	230	6	1	105.71	105.71	105.71
juego1	easy	40.0	0.008	24496	700	224	230	6	1	105.72	105.72	105.72
juego1	easy	40.0	0.008	24505	700	224	230	6	1	105.71	105.71	105.71
juego1	easy	40.0	0.008	24514	700	223	230	7	1	105.7	105.7	105.7
juego1	easy	40.0	0.008	24522	700	223	230	7	1	105.7	105.7	105.7
juego1	easy	40.0	0.008	24531	700	223	230	7	1	105.69	105.69	105.69
juego1	easy	40.0	0.008	24539	700	223	230	7	1	105.69	105.69	105.69
juego1	easy	40.0	0.008	24546	700	223	230	7	1	105.67	105.67	105.67
juego1	easy	40.0	0.008	24556	700	223	230	7	1	105.69	105.69	105.69
juego1	easy	40.0	0.008	24563	700	223	230	7	1	105.7	105.7	105.7
juego1	easy	40.0	0.008	24572	700	223	230	7	1	105.72	105.72	105.72
juego1	easy	40.0	0.008	24580	700	223	230	7	1	105.72	105.72	105.72
juego1	easy	40.0	0.008	24588	700	222	230	8	1	105.71	105.71	105.71
juego1	easy	40.0	0.008	24596	700	222	230	8	1	105.71	105.71	105.71
juego1	easy	40.0	0.008	24603	700	222	230	8	1	105.72	105.72	105.72
juego1	easy	40.0	0.008	24611	700	222	230	8	1	105.73	105.73	105.73
juego1	easy	40.0	0.008	24620	700	222	230	8	1	105.72	105.72	105.72
juego1	easy	40.0	0.008	24629	700	222	230	8	1	105.71	105.71	105.71
juego1	easy	40.0	0.008	24638	700	222	230	8	1	105.7	105.7	105.7
juego1	easy	40.0	0.008	24647	700	222	230	8	1	105.69	105.69	105.69
juego1	easy	40.0	0.008	24656	700	222	230	8	1	105.68	105.68	105.68
juego1	easy	40.0	0.008	24665	700	222	230	8	1	105.68	105.68	105.68
juego1	easy	40.0	0.008	24674	700	222	230	8	1	105.67	105.67	105.67
juego1	easy	40.0	0.008	24683	700	222	230	8	1	105.65	105.65	105.65
juego1	easy	40.0	0.008	24691	700	221	230	9	1	105.64	105.64	105.64
juego1	easy	40.0	0.008	24700	700	221	230	9	1	105.64	105.64	105.64
juego1	easy	40.0	0.008	24708	700	221	230	9	1	105.66	105.66	105.66
juego1	easy	40.0	0.008	24717	700	221	230	9	1	105.66	105.66	105.66
juego1	easy	40.0	0.008	24724	700	221	230	9	1	105.67	105.67	105.67
juego1	easy	40.0	0.008	24734	700	221	230	9	1	105.67	105.67	105.67
juego1	easy	40.0	0.008	24742	700	221	230	9	1	105.67	105.67	105.67
juego1	easy	40.0	0.008	24751	700	221	230	9	1	105.68	105.68	105.68
juego1	easy	40.0	0.008	24759	700	221	230	9	1	105.69	105.69	105.69
juego1	easy	40.0	0.008	24768	700	221	230	9	1	105.69	105.69	105.69
juego1	easy	40.0	0.008	24777	700	221	230	9	1	105.68	105.68	105.68
juego1	easy	40.0	0.008	24786	700	221	230	9	1	105.68	105.68	105.68
juego1	easy	40.0	0.008	24794	700	221	230	9	1	105.7	105.7	105.7
juego1	easy	40.0	0.008	24802	700	221	230	9	1	105.7	105.7	105.7
juego1	easy	40.0	0.008	24810	700	221	230	9	1	105.7	105.7	105.7
juego1	easy	40.0	0.008	24818	700	221	230	9	1	105.67	105.67	105.67
juego1	easy	40.0	0.008	24827	700	221	230	9	1	105.65	105.65	105.65
juego1	easy	40.0	0.008	24836	700	221	230	9	1	105.64	105.64	105.64
juego1	easy	40.0	0.008	24845	700	221	230	9	1	105.64	105.64	105.64
juego1	easy	40.0	0.008	24854	700	221	230	9	1	105.63	105.63	105.63
juego1	easy	40.0	0.008	24863	700	221	230	9	1	105.62	105.62	105.62
juego1	easy	40.0	0.008	24873	700	221	230	9	1	105.6	105.6	105.6
juego1	easy	40.0	0.008	24881	700	221	230	9	1	105.6	105.6	105.6
juego1	easy	40.0	0.008	24888	700	221	230	9	1	105.58	105.58	105.58
juego1	easy	40.0	0.008	24897	700	221	230	9	1	105.55	105.55	105.55
juego1	easy	40.0	0.008	24904	700	221	230	9	1	105.53	105.53	105.53
juego1	easy	40.0	0.008	24913	700	221	230	9	1	105.49	105.49	105.49
juego1	easy	40.0	0.008	24921	700	221	230	9	1	105.47	105.47	105.47
juego1	easy	40.0	0.008	24928	700	221	230	9	1	105.45	105.45	105.45
juego1	easy	40.0	0.008	24937	700	221	230	9	1	105.43	105.43	105.43
juego1	easy	40.0	0.008	24944	700	221	230	9	1	105.42	105.42	105.42
juego1	easy	40.0	0.008	24953	700	221	231	10	1	105.39	105.39	105.39
juego1	easy	40.0	0.008	24960	700	221	231	10	1	105.37	105.37	105.37
juego1	easy	40.0	0.008	24970	700	221	231	10	1	105.31	105.31	105.31
juego1	easy	40.0	0.008	24978	700	221	231	10	1	105.27	105.27	105.27
juego1	easy	40.0	0.008	24987	700	221	231	10	1	105.23	105.23	105.23
juego1	easy	40.0	0.008	24996	700	221	231	10	1	105.21	105.21	105.21
juego1	easy	40.0	0.008	25006	700	221	231	10	1	105.18	105.18	105.18
juego1	easy	40.0	0.008	25014	700	221	231	10	1	105.16	105.16	105.16
juego1	easy	40.0	0.008	25022	700	221	231	10	1	105.12	105.12	105.12
juego1	easy	40.0	0.008	25030	700	221	231	10	1	105.1	105.1	105.1
juego1	easy	40.0	0.008	25038	700	221	232	11	1	105.04	105.04	105.04
juego1	easy	40.0	0.008	25047	700	221	232	11	1	104.96	104.96	104.96
juego1	easy	40.0	0.008	25056	700	221	232	11	1	104.92	104.92	104.92
juego1	easy	40.0	0.008	25065	700	221	232	11	1	104.82	104.82	104.82
juego1	easy	40.0	0.008	25074	700	221	233	12	1	104.72	104.72	104.72
juego1	easy	40.0	0.008	25083	700	222	233	11	1	104.61	104.61	104.61
juego1	easy	40.0	0.008	25090	700	222	233	11	1	104.55	104.55	104.55
juego1	easy	40.0	0.008	25098	700	222	234	12	1	104.46	104.46	104.46
juego1	easy	40.0	0.008	25106	700	222	234	12	1	104.42	104.42	104.42
juego1	easy	40.0	0.008	25115	700	222	234	12	1	104.37	104.37	104.37
juego1	easy	40.0	0.008	25123	700	222	234	12	1	104.32	104.32	104.32
juego1	easy	40.0	0.008	25131	700	222	234	12	1	104.29	104.29	104.29
juego1	easy	40.0	0.008	25140	700	222	234	12	1	104.23	104.23	104.23
juego1	easy	40.0	0.008	25148	700	222	234	12	1	104.18	104.18	104.18
juego1	easy	40.0	0.008	25156	700	222	234	12	1	104.16	104.16	104.16
juego1	easy	40.0	0.008	25165	700	222	235	13	1	104.13	104.13	104.13
juego1	easy	40.0	0.008	25174	700	222	235	13	1	104.09	104.09	104.09
juego1	easy	40.0	0.008	25183	700	223	235	12	1	104.04	104.04	104.04
juego1	easy	40.0	0.008	25192	700	223	235	12	1	103.98	103.98	103.98
juego1	easy	40.0	0.008	25200	700	223	235	12	1	103.95	103.95	103.95
juego1	easy	40.0	0.008	25209	700	223	235	12	1	103.91	103.91	103.91
juego1	easy	40.0	0.008	25218	700	223	235	12	1	103.87	103.87	103.87
juego1	easy	40.0	0.008	25226	700	223	235	12	1	103.85	103.85	103.85
juego1	easy	40.0	0.008	25235	700	223	236	13	1	103.82	103.82	103.82
juego1	easy	40.0	0.008	25244	700	223	236	13	1	103.79	103.79	103.79
juego1	easy	40.0	0.008	25251	700	224	236	12	1	103.78	103.78	103.78
juego1	easy	40.0	0.008	25260	700	224	236	12	1	103.75	103.75	103.75
juego1	easy	40.0	0.008	25269	700	224	236	12	1	103.71	103.71	103.71
juego1	easy	40.0	0.008	25278	700	224	236	12	1	103.68	103.68	103.68
juego1	easy	40.0	0.008	25287	700	224	236	12	1	103.67	103.67	103.67
juego1	easy	40.0	0.008	25295	700	224	236	12	1	103.63	103.63	103.63
juego1	easy	40.0	0.008	25303	700	224	236	12	1	103.6	103.6	103.6
juego1	easy	40.0	0.008	25311	700	224	236	12	1	103.59	103.59	103.59
juego1	easy	40.0	0.008	25319	700	225	236	11	1	103.56	103.56	103.56
juego1	easy	40.0	0.008	25328	700	225	236	11	1	103.54	103.54	103.54
juego1	easy	40.0	0.008	25336	700	225	236	11	1	103.52	103.52	103.52
juego1	easy	40.0	0.008	25344	700	225	237	12	1	103.49	103.49	103.49
juego1	easy	40.0	0.008	25351	700	225	237	12	1	103.47	103.47	103.47
juego1	easy	40.0	0.008	25359	700	225	237	12	1	103.44	103.44	103.44
juego1	easy	40.0	0.008	25367	700	226	237	11	1	103.42	103.42	103.42
juego1	easy	40.0	0.008	25375	700	226	237	11	1	103.41	103.41	103.41
juego1	easy	40.0	0.008	25384	700	226	237	11	1	103.38	103.38	103.38
juego1	easy	40.0	0.008	25392	700	226	237	11	1	103.36	103.36	103.36
juego1	easy	40.0	0.008	25400	700	226	237	11	1	103.33	103.33	103.33
juego1	easy	40.0	0.008	25408	700	226	237	11	1	103.31	103.31	103.31
juego1	easy	40.0	0.008	25416	700	227	237	10	1	103.3	103.3	103.3
juego1	easy	40.0	0.008	25424	700	227	237	10	1	103.27	103.27	103.27
juego1	easy	40.0	0.008	25433	700	227	237	10	1	103.25	103.25	103.25
juego1	easy	40.0	0.008	25441	700	227	237	10	1	103.23	103.23	103.23
juego1	easy	40.0	0.008	25450	700	227	237	10	1	103.21	103.21	103.21
juego1	easy	40.0	0.008	25458	700	228	238	10	1	103.17	103.17	103.17
juego1	easy	40.0	0.008	25466	700	228	238	10	1	103.15	103.15	103.15
juego1	easy	40.0	0.008	25474	700	228	238	10	1	103.13	103.13	103.13
juego1	easy	40.0	0.008	25482	700	228	238	10	1	103.12	103.12	103.12
juego1	easy	40.0	0.008	25491	700	228	238	10	1	103.1	103.1	103.1
juego1	easy	40.0	0.008	25500	700	229	238	9	1	103.06	103.06	103.06
juego1	easy	40.0	0.008	25508	700	229	238	9	1	103.02	103.02	103.02
juego1	easy	40.0	0.008	25516	700	229	238	9	1	103.0	103.0	103.0
juego1	easy	40.0	0.008	25525	700	229	238	9	1	102.94	102.94	102.94
juego1	easy	40.0	0.008	25532	700	229	238	9	1	102.92	102.92	102.92
juego1	easy	40.0	0.008	25540	700	230	239	9	1	102.87	102.87	102.87
juego1	easy	40.0	0.008	25549	700	230	239	9	1	102.84	102.84	102.84
juego1	easy	40.0	0.008	25557	700	230	239	9	1	102.83	102.83	102.83
juego1	easy	40.0	0.008	25565	700	230	239	9	1	102.81	102.81	102.81
juego1	easy	40.0	0.008	25573	700	231	239	8	1	102.78	102.78	102.78
juego1	easy	40.0	0.008	25581	700	231	239	8	1	102.77	102.77	102.77
juego1	easy	40.0	0.008	25589	700	231	239	8	1	102.72	102.72	102.72
juego1	easy	40.0	0.008	25598	700	231	239	8	1	102.65	102.65	102.65
juego1	easy	40.0	0.008	25606	700	232	239	7	1	102.61	102.61	102.61
juego1	easy	40.0	0.008	25614	700	232	240	8	1	102.53	102.53	102.53
juego1	easy	40.0	0.008	25623	700	232	240	8	1	102.44	102.44	102.44
juego1	easy	40.0	0.008	25632	700	232	240	8	1	102.4	102.4	102.4
juego1	easy	40.0	0.008	25640	700	232	240	8	1	102.32	102.32	102.32
juego1	easy	40.0	0.008	25649	700	233	240	7	1	102.25	102.25	102.25
juego1	easy	40.0	0.008	25656	700	233	241	8	1	102.22	102.22	102.22
juego1	easy	40.0	0.008	25665	700	233	241	8	1	102.15	102.15	102.15
juego1	easy	40.0	0.008	25672	700	233	241	8	1	102.11	102.11	102.11
juego1	easy	40.0	0.008	25681	700	234	241	7	1	102.03	102.03	102.03
juego1	easy	40.0	0.008	25689	700	234	241	7	1	101.94	101.94	101.94
juego1	easy	40.0	0.008	25697	700	234	242	8	1	101.89	101.89	101.89
juego1	easy	40.0	0.008	25705	700	235	242	7	1	101.8	101.8	101.8
juego1	easy	40.0	0.008	25714	700	235	242	7	1	101.71	101.71	101.71
juego1	easy	40.0	0.008	25722	700	235	242	7	1	101.68	101.68	101.68
juego1	easy	40.0	0.008	25730	700	235	243	8	1	101.59	101.59	101.59
juego1	easy	40.0	0.008	25739	700	236	243	7	1	101.49	101.49	101.49
juego1	easy	40.0	0.008	25748	700	236	243	7	1	101.43	101.43	101.43
juego1	easy	40.0	0.008	25757	700	236	243	7	1	101.3	101.3	101.3
juego1	easy	40.0	0.008	25765	700	236	244	8	1	101.17	101.17	101.17
juego1	easy	40.0	0.008	25774	700	237	244	7	1	101.06	101.06	101.06
juego1	easy	40.0	0.008	25781	700	237	244	7	1	101.01	101.01	101.01
juego1	easy	40.0	0.008	25790	700	237	245	8	1	100.93	100.93	100.93
juego1	easy	40.0	0.008	25799	700	238	245	7	1	100.84	100.84	100.84
juego1	easy	40.0	0.008	25807	700	238	245	7	1	100.79	100.79	100.79
juego1	easy	40.0	0.008	25815	700	238	245	7	1	100.69	100.69	100.69
juego1	easy	40.0	0.008	25824	700	238	246	8	1	100.63	100.63	100.63
juego1	easy	40.0	0.008	25832	700	239	246	7	1	100.52	100.52	100.52
juego1	easy	40.0	0.008	25841	700	239	246	7	1	100.39	100.39	100.39
juego1	easy	40.0	0.008	25850	700	239	247	8	1	100.32	100.32	100.32
juego1	easy	40.0	0.008	25859	700	240	247	7	1	100.25	100.25	100.25
juego1	easy	40.0	0.008	25868	700	240	247	7	1	100.17	100.17	100.17
juego1	easy	40.0	0.008	25877	700	240	247	7	1	100.09	100.09	100.09
juego1	easy	40.0	0.008	25886	700	241	248	7	1	99.99	99.99	99.99
juego1	easy	40.0	0.008	25894	700	241	248	7	1	99.88	99.88	99.88
juego1	easy	40.0	0.008	25903	700	241	248	7	1	99.77	99.77	99.77
juego1	easy	40.0	0.008	25911	700	241	248	7	1	99.72	99.72	99.72
juego1	easy	40.0	0.008	25920	700	242	249	7	1	99.61	99.61	99.61
juego1	easy	40.0	0.008	25928	700	242	249	7	1	99.56	99.56	99.56
juego1	easy	40.0	0.008	25937	700	242	249	7	1	99.46	99.46	99.46
juego1	easy	40.0	0.008	25946	700	243	250	7	1	99.37	99.37	99.37
juego1	easy	40.0	0.008	25954	700	243	250	7	1	99.26	99.26	99.26
juego1	easy	40.0	0.008	25962	700	243	250	7	1	99.2	99.2	99.2
juego1	easy	40.0	0.008	25970	700	244	251	7	1	99.05	99.05	99.05
juego1	easy	40.0	0.008	25979	700	244	251	7	1	98.9	98.9	98.9
juego1	easy	40.0	0.008	25987	700	244	251	7	1	98.82	98.82	98.82
juego1	easy	40.0	0.008	25994	700	245	252	7	1	98.68	98.68	98.68
juego1	easy	40.0	0.008	26003	700	245	252	7	1	98.59	98.59	98.59
juego1	easy	40.0	0.008	26010	700	245	252	7	1	98.44	98.44	98.44
juego1	easy	40.0	0.008	26019	700	246	253	7	1	98.35	98.35	98.35
juego1	easy	40.0	0.008	26027	700	246	253	7	1	98.18	98.18	98.18
juego1	easy	40.0	0.008	26036	700	246	254	8	1	98.02	98.02	98.02
juego1	easy	40.0	0.008	26045	700	247	254	7	1	97.86	97.86	97.86
juego1	easy	40.0	0.008	26053	700	247	255	8	1	97.78	97.78	97.78
juego1	easy	40.0	0.008	26062	700	247	255	8	1	97.62	97.62	97.62
juego1	easy	40.0	0.008	26071	700	248	256	8	1	97.47	97.47	97.47
juego1	easy	40.0	0.008	26079	700	248	256	8	1	97.33	97.33	97.33
juego1	easy	40.0	0.008	26088	700	248	256	8	1	97.28	97.28	97.28
juego1	easy	40.0	0.008	26097	700	249	257	8	1	97.14	97.14	97.14
juego1	easy	40.0	0.008	26105	700	249	257	8	1	96.99	96.99	96.99
juego1	easy	40.0	0.008	26115	700	249	258	9	1	96.84	96.84	96.84
juego1	easy	40.0	0.008	26123	700	250	258	8	1	96.76	96.76	96.76
juego1	easy	40.0	0.008	26132	700	250	258	8	1	96.6	96.6	96.6
juego1	easy	40.0	0.008	26140	700	250	259	9	1	96.45	96.45	96.45
juego1	easy	40.0	0.008	26148	700	251	259	8	1	96.38	96.38	96.38
juego1	easy	40.0	0.008	26157	700	251	259	8	1	96.24	96.24	96.24
juego1	easy	40.0	0.008	26165	700	251	260	9	1	96.11	96.11	96.11
juego1	easy	40.0	0.008	26174	700	252	260	8	1	95.97	95.97	95.97
juego1	easy	40.0	0.008	26183	700	252	260	8	1	95.9	95.9	95.9
juego1	easy	40.0	0.008	26191	700	253	261	8	1	95.76	95.76	95.76
juego1	easy	40.0	0.008	26200	700	253	261	8	1	95.64	95.64	95.64
juego1	easy	40.0	0.008	26207	700	253	262	9	1	95.57	95.57	95.57
juego1	easy	40.0	0.008	26216	700	254	262	8	1	95.45	95.45	95.45
juego1	easy	40.0	0.008	26223	700	254	262	8	1	95.38	95.38	95.38
juego1	easy	40.0	0.008	26232	700	254	263	9	1	95.24	95.24	95.24
juego1	easy	40.0	0.008	26241	700	255	263	8	1	95.11	95.11	95.11
juego1	easy	40.0	0.008	26250	700	255	263	8	1	94.98	94.98	94.98
juego1	easy	40.0	0.008	26258	700	255	264	9	1	94.9	94.9	94.9
juego1	easy	40.0	0.008	26266	700	256	264	8	1	94.78	94.78	94.78
juego1	easy	40.0	0.008	26275	700	256	264	8	1	94.66	94.66	94.66
juego1	easy	40.0	0.008	26284	700	256	265	9	1	94.6	94.6	94.6
juego1	easy	40.0	0.008	26291	700	257	265	8	1	94.48	94.48	94.48
juego1	easy	40.0	0.008	26300	700	257	265	8	1	94.33	94.33	94.33
juego1	easy	40.0	0.008	26309	700	258	266	8	1	94.25	94.25	94.25
juego1	easy	40.0	0.008	26316	700	258	266	8	1	94.09	94.09	94.09
juego1	easy	40.0	0.008	26325	700	258	267	9	1	93.92	93.92	93.92
juego1	easy	40.0	0.008	26332	700	259	267	8	1	93.83	93.83	93.83
juego1	easy	40.0	0.008	26341	700	259	267	8	1	93.67	93.67	93.67
juego1	easy	40.0	0.008	26350	700	259	268	9	1	93.52	93.52	93.52
juego1	easy	40.0	0.008	26358	700	260	268	8	1	93.44	93.44	93.44
juego1	easy	40.0	0.008	26366	700	260	269	9	1	93.28	93.28	93.28
juego1	easy	40.0	0.008	26375	700	261	269	8	1	93.11	93.11	93.11
juego1	easy	40.0	0.008	26383	700	261	270	9	1	93.0	93.0	93.0
juego1	easy	40.0	0.008	26392	700	261	270	9	1	92.78	92.78	92.78
juego1	easy	40.0	0.008	26401	700	262	271	9	1	92.64	92.64	92.64
juego1	easy	40.0	0.008	26409	700	262	271	9	1	92.59	92.59	92.59
juego1	easy	40.0	0.008	26417	700	262	271	9	1	92.49	92.49	92.49
juego1	easy	40.0	0.008	26426	700	263	272	9	1	92.35	92.35	92.35
juego1	easy	40.0	0.008	26434	700	263	272	9	1	92.27	92.27	92.27
juego1	easy	40.0	0.008	26442	700	263	272	9	1	92.12	92.12	92.12
juego1	easy	40.0	0.008	26450	700	264	273	9	1	91.98	91.98	91.98
juego1	easy	40.0	0.008	26459	700	264	273	9	1	91.91	91.91	91.91
juego1	easy	40.0	0.008	26468	700	265	273	8	1	91.78	91.78	91.78
juego1	easy	40.0	0.008	26477	700	265	274	9	1	91.65	91.65	91.65
juego1	easy	40.0	0.008	26486	700	265	274	9	1	91.52	91.52	91.52
juego1	easy	40.0	0.008	26496	700	266	275	9	1	91.39	91.39	91.39
juego1	easy	40.0	0.008	26503	700	266	275	9	1	91.33	91.33	91.33
juego1	easy	40.0	0.008	26511	700	266	275	9	1	91.27	91.27	91.27
juego1	easy	40.0	0.008	26520	700	267	275	8	1	91.21	91.21	91.21
juego1	easy	40.0	0.008	26529	700	267	276	9	1	91.01	91.01	91.01
juego1	easy	40.0	0.008	26538	700	268	276	8	1	90.87	90.87	90.87
juego1	easy	40.0	0.008	26546	700	268	277	9	1	90.74	90.74	90.74
juego1	easy	40.0	0.008	26554	700	269	277	8	1	90.7	90.7	90.7
juego1	easy	40.0	0.008	26562	700	269	277	8	1	90.6	90.6	90.6
juego1	easy	40.0	0.008	26571	700	270	277	7	1	90.5	90.5	90.5
juego1	easy	40.0	0.008	26579	700	271	278	7	1	90.45	90.45	90.45
juego1	easy	40.0	0.008	26587	700	271	278	7	1	90.33	90.33	90.33
juego1	easy	40.0	0.008	26596	700	272	278	6	1	90.23	90.23	90.23
juego1	easy	40.0	0.008	26606	700	272	279	7	1	90.12	90.12	90.12
juego1	easy	40.0	0.008	26614	700	273	279	6	1	90.06	90.06	90.06
juego1	easy	40.0	0.008	26622	700	274	279	5	1	89.94	89.94	89.94
juego1	easy	40.0	0.008	26631	700	274	280	6	1	89.82	89.82	89.82
juego1	easy	40.0	0.008	26639	700	275	280	5	1	89.76	89.76	89.76
juego1	easy	40.0	0.008	26648	700	275	280	5	1	89.64	89.64	89.64
juego1	easy	40.0	0.008	26656	700	276	281	5	1	89.48	89.48	89.48
juego1	easy	40.0	0.008	26665	700	276	281	5	1	89.42	89.42	89.42
juego1	easy	40.0	0.008	26672	700	277	281	4	1	89.33	89.33	89.33
juego1	easy	40.0	0.008	26681	700	278	281	3	1	89.24	89.24	89.24
juego1	easy	40.0	0.008	26690	700	278	282	4	1	89.18	89.18	89.18
juego1	easy	40.0	0.008	26699	700	279	282	3	1	89.02	89.02	89.02
juego1	easy	40.0	0.008	26707	700	279	283	4	1	88.89	88.89	88.89
juego1	easy	40.0	0.008	26716	700	280	283	3	1	88.78	88.78	88.78
juego1	easy	40.0	0.008	26724	700	280	283	3	1	88.72	88.72	88.72
juego1	easy	40.0	0.008	26732	700	281	283	2	1	88.61	88.61	88.61
juego1	easy	40.0	0.008	26740	700	282	284	2	1	88.54	88.54	88.54
juego1	easy	40.0	0.008	26749	700	282	284	2	1	88.43	88.43	88.43
juego1	easy	40.0	0.008	26758	700	283	284	1	1	88.29	88.29	88.29
juego1	easy	40.0	0.008	26765	700	283	285	2	1	88.23	88.23	88.23
juego1	easy	40.0	0.008	26774	700	284	285	1	1	88.11	88.11	88.11
juego1	easy	40.0	0.008	26783	700	285	285	0	1	87.98	87.98	87.98
juego1	easy	40.0	0.008	26791	700	285	286	1	1	87.93	87.93	87.93
juego1	easy	40.0	0.008	26800	700	286	286	0	1	87.82	87.82	87.82
juego1	easy	40.0	0.008	26809	700	286	286	0	1	87.73	87.73	87.73
juego1	easy	40.0	0.008	26818	700	287	286	-1	1	87.64	87.64	87.64
juego1	easy	40.0	0.008	26827	700	287	287	0	1	87.56	87.56	87.56
juego1	easy	40.0	0.008	26836	700	288	287	-1	1	87.47	87.47	87.47
juego1	easy	40.0	0.008	26845	700	288	287	-1	1	87.43	87.43	87.43
juego1	easy	40.0	0.008	26854	700	289	287	-2	1	87.33	87.33	87.33
juego1	easy	40.0	0.008	26862	700	290	288	-2	1	87.25	87.25	87.25
juego1	easy	40.0	0.008	26870	700	290	288	-2	1	87.2	87.2	87.2
juego1	easy	40.0	0.008	26878	700	291	288	-3	1	87.11	87.11	87.11
juego1	easy	40.0	0.008	26887	700	291	289	-2	1	87.0	87.0	87.0
juego1	easy	40.0	0.008	26894	700	292	289	-3	1	86.95	86.95	86.95
juego1	easy	40.0	0.008	26902	700	292	289	-3	1	86.8	86.8	86.8
juego1	easy	40.0	0.008	26910	700	293	289	-4	1	86.72	86.72	86.72
juego1	easy	40.0	0.008	26918	700	293	290	-3	1	86.59	86.59	86.59
juego1	easy	40.0	0.008	26926	700	294	290	-4	1	86.51	86.51	86.51
juego1	easy	40.0	0.008	26934	700	295	290	-5	1	86.47	86.47	86.47
juego1	easy	40.0	0.008	26942	700	295	290	-5	1	86.39	86.39	86.39
juego1	easy	40.0	0.008	26951	700	296	291	-5	1	86.34	86.34	86.34
juego1	easy	40.0	0.008	26959	700	296	291	-5	1	86.21	86.21	86.21
juego1	easy	40.0	0.008	26968	700	297	291	-6	1	86.06	86.06	86.06
juego1	easy	40.0	0.008	26976	700	297	292	-5	1	85.9	85.9	85.9
juego1	easy	40.0	0.008	26984	700	298	292	-6	1	85.82	85.82	85.82
juego1	easy	40.0	0.008	26993	700	298	293	-5	1	85.63	85.63	85.63
juego1	easy	40.0	0.008	27002	700	299	293	-6	1	85.44	85.44	85.44
juego1	easy	40.0	0.008	27011	700	299	294	-5	1	85.36	85.36	85.36
juego1	easy	40.0	0.008	27019	700	300	294	-6	1	85.2	85.2	85.2
juego1	easy	40.0	0.008	27028	700	300	295	-5	1	85.05	85.05	85.05
juego1	easy	40.0	0.008	27037	700	300	295	-5	1	84.88	84.88	84.88
juego1	easy	40.0	0.008	27045	700	300	295	-5	1	84.8	84.8	84.8
juego1	easy	40.0	0.008	27054	700	301	296	-5	1	84.62	84.62	84.62
juego1	easy	40.0	0.008	27062	700	301	297	-4	1	84.42	84.42	84.42
juego1	easy	40.0	0.008	27071	700	302	297	-5	1	84.33	84.33	84.33
juego1	easy	40.0	0.008	27080	700	303	298	-5	1	84.12	84.12	84.12
juego1	easy	40.0	0.008	27088	700	303	298	-5	1	83.87	83.87	83.87
juego1	easy	40.0	0.008	27097	700	304	299	-5	1	83.74	83.74	83.74
juego1	easy	40.0	0.008	27106	700	304	299	-5	1	83.51	83.51	83.51
juego1	easy	40.0	0.008	27114	700	305	300	-5	1	83.31	83.31	83.31
juego1	easy	40.0	0.008	27123	700	305	300	-5	1	83.12	83.12	83.12
juego1	easy	40.0	0.008	27132	700	306	300	-6	1	82.91	82.91	82.91
juego1	easy	40.0	0.008	27141	700	306	301	-5	1	82.79	82.79	82.79
juego1	easy	40.0	0.008	27150	700	307	302	-5	1	82.54	82.54	82.54
juego1	easy	40.0	0.008	27159	700	307	302	-5	1	82.31	82.31	82.31
juego1	easy	40.0	0.008	27168	700	307	303	-4	1	82.09	82.09	82.09
juego1	easy	40.0	0.008	27176	700	308	303	-5	1	81.99	81.99	81.99
juego1	easy	40.0	0.008	27185	700	308	304	-4	1	81.75	81.75	81.75
juego1	easy	40.0	0.008	27194	700	309	305	-4	1	81.51	81.51	81.51
juego1	easy	40.0	0.008	27203	700	309	306	-3	1	81.27	81.27	81.27
juego1	easy	40.0	0.008	27213	700	310	306	-4	1	81.06	81.06	81.06
juego1	easy	40.0	0.008	27221	700	310	307	-3	1	80.96	80.96	80.96
juego1	easy	40.0	0.008	27230	700	311	307	-4	1	80.73	80.73	80.73
juego1	easy	40.0	0.008	27238	700	311	308	-3	1	80.61	80.61	80.61
juego1	easy	40.0	0.008	27246	700	312	308	-4	1	80.37	80.37	80.37
juego1	easy	40.0	0.008	27255	700	312	309	-3	1	80.13	80.13	80.13
juego1	easy	40.0	0.008	27263	700	313	310	-3	1	79.87	79.87	79.87
juego1	easy	40.0	0.008	27271	700	313	310	-3	1	79.74	79.74	79.74
juego1	easy	40.0	0.008	27280	700	314	311	-3	1	79.49	79.49	79.49
juego1	easy	40.0	0.008	27289	700	314	312	-2	1	79.21	79.21	79.21
juego1	easy	40.0	0.008	27297	700	314	313	-1	1	79.05	79.05	79.05
juego1	easy	40.0	0.008	27306	700	315	313	-2	1	78.75	78.75	78.75
juego1	easy	40.0	0.008	27315	700	315	314	-1	1	78.51	78.51	78.51
juego1	easy	40.0	0.008	27323	700	316	315	-1	1	78.27	78.27	78.27
juego1	easy	40.0	0.008	27332	700	316	315	-1	1	78.15	78.15	78.15
juego1	easy	40.0	0.008	27341	700	317	316	-1	1	77.87	77.87	77.87
juego1	easy	40.0	0.008	27349	700	317	317	0	1	77.58	77.58	77.58
juego1	easy	40.0	0.008	27358	700	317	318	1	1	77.32	77.32	77.32
juego1	easy	40.0	0.008	27366	700	318	318	0	1	77.21	77.21	77.21
juego1	easy	40.0	0.008	27375	700	318	319	1	1	76.98	76.98	76.98
juego1	easy	40.0	0.008	27383	700	319	320	1	1	76.69	76.69	76.69
juego1	easy	40.0	0.008	27391	700	319	320	1	1	76.55	76.55	76.55
juego1	easy	40.0	0.008	27399	700	320	321	1	1	76.31	76.31	76.31
juego1	easy	40.0	0.008	27408	700	320	322	2	1	76.08	76.08	76.08
juego1	easy	40.0	0.008	27416	700	320	322	2	1	75.96	75.96	75.96
juego1	easy	40.0	0.008	27424	700	321	323	2	1	75.77	75.77	75.77
juego1	easy	40.0	0.008	27433	700	321	323	2	1	75.69	75.69	75.69
juego1	easy	40.0	0.008	27442	700	322	324	2	1	75.36	75.36	75.36
juego1	easy	40.0	0.008	27450	700	322	325	3	1	75.23	75.23	75.23
juego1	easy	40.0	0.008	27459	700	322	325	3	1	75.01	75.01	75.01
juego1	easy	40.0	0.008	27468	700	323	326	3	1	74.81	74.81	74.81
juego1	easy	40.0	0.008	27476	700	323	326	3	1	74.71	74.71	74.71
juego1	easy	40.0	0.008	27485	700	323	327	4	1	74.49	74.49	74.49
juego1	easy	40.0	0.008	27493	700	324	328	4	1	74.26	74.26	74.26
juego1	easy	40.0	0.008	27501	700	324	328	4	1	74.15	74.15	74.15
juego1	easy	40.0	0.008	27509	700	324	329	5	1	73.92	73.92	73.92
juego1	easy	40.0	0.008	27518	700	325	329	4	1	73.68	73.68	73.68
juego1	easy	40.0	0.008	27526	700	325	330	5	1	73.58	73.58	73.58
juego1	easy	40.0	0.008	27535	700	326	330	4	1	73.35	73.35	73.35
juego1	easy	40.0	0.008	27542	700	326	331	5	1	73.25	73.25	73.25
juego1	easy	40.0	0.008	27550	700	326	331	5	1	73.04	73.04	73.04
juego1	easy	40.0	0.008	27559	700	327	332	5	1	72.83	72.83	72.83
juego1	easy	40.0	0.008	27567	700	327	333	6	1	72.7	72.7	72.7
juego1	easy	40.0	0.008	27576	700	327	333	6	1	72.43	72.43	72.43
juego1	easy	40.0	0.008	27584	700	328	334	6	1	72.19	72.19	72.19
juego1	easy	40.0	0.008	27592	700	328	334	6	1	72.1	72.1	72.1
juego1	easy	40.0	0.008	27600	700	328	335	7	1	71.93	71.93	71.93
juego1	easy	40.0	0.008	27609	700	329	335	6	1	71.8	71.8	71.8
juego1	easy	40.0	0.008	27617	700	329	336	7	1	71.72	71.72	71.72
juego1	easy	40.0	0.008	27626	700	329	336	7	1	71.56	71.56	71.56
juego1	easy	40.0	0.008	27635	700	329	337	8	1	71.36	71.36	71.36
juego1	easy	40.0	0.008	27644	700	330	337	7	1	71.15	71.15	71.15
juego1	easy	40.0	0.008	27652	700	330	338	8	1	71.05	71.05	71.05
juego1	easy	40.0	0.008	27660	700	330	338	8	1	70.85	70.85	70.85
juego1	easy	40.0	0.008	27669	700	331	339	8	1	70.69	70.69	70.69
juego1	easy	40.0	0.008	27676	700	331	339	8	1	70.6	70.6	70.6
juego1	easy	40.0	0.008	27685	700	331	340	9	1	70.44	70.44	70.44
juego1	easy	40.0	0.008	27693	700	331	340	9	1	70.37	70.37	70.37
juego1	easy	40.0	0.008	27702	700	332	340	8	1	70.23	70.23	70.23
juego1	easy	40.0	0.008	27709	700	332	341	9	1	70.1	70.1	70.1
juego1	easy	40.0	0.008	27717	700	332	341	9	1	70.03	70.03	70.03
juego1	easy	40.0	0.008	27725	700	332	341	9	1	69.88	69.88	69.88
juego1	easy	40.0	0.008	27734	700	333	342	9	1	69.72	69.72	69.72
juego1	easy	40.0	0.008	27743	700	333	342	9	1	69.55	69.55	69.55
juego1	easy	40.0	0.008	27752	700	333	343	10	1	69.47	69.47	69.47
juego1	easy	40.0	0.008	27760	700	333	343	10	1	69.32	69.32	69.32
juego1	easy	40.0	0.008	27768	700	334	344	10	1	69.18	69.18	69.18
juego1	easy	40.0	0.008	27777	700	334	344	10	1	69.11	69.11	69.11
juego1	easy	40.0	0.008	27787	700	334	344	10	1	68.98	68.98	68.98
juego1	easy	40.0	0.008	27795	700	334	345	11	1	68.85	68.85	68.85
juego1	easy	40.0	0.008	27803	700	335	345	10	1	68.69	68.69	68.69
juego1	easy	40.0	0.008	27812	700	335	345	10	1	68.62	68.62	68.62
juego1	easy	40.0	0.008	27821	700	335	346	11	1	68.49	68.49	68.49
juego1	easy	40.0	0.008	27830	700	335	346	11	1	68.36	68.36	68.36
juego1	easy	40.0	0.008	27839	700	335	347	12	1	68.25	68.25	68.25
juego1	easy	40.0	0.008	27846	700	336	347	11	1	68.18	68.18	68.18
juego1	easy	40.0	0.008	27855	700	336	347	11	1	68.05	68.05	68.05
juego1	easy	40.0	0.008	27863	700	336	348	12	1	67.92	67.92	67.92
juego1	easy	40.0	0.008	27872	700	336	348	12	1	67.85	67.85	67.85
juego1	easy	40.0	0.008	27881	700	336	348	12	1	67.71	67.71	67.71
juego1	easy	40.0	0.008	27890	700	337	349	12	1	67.53	67.53	67.53
juego1	easy	40.0	0.008	27899	700	337	349	12	1	67.32	67.32	67.32
juego1	easy	40.0	0.008	27908	700	337	350	13	1	67.22	67.22	67.22
juego1	easy	40.0	0.008	27917	700	337	350	13	1	67.01	67.01	67.01
juego1	easy	40.0	0.008	27926	700	337	351	14	1	66.82	66.82	66.82
juego1	easy	40.0	0.008	27934	700	337	352	15	1	66.61	66.61	66.61
juego1	easy	40.0	0.008	27943	700	337	352	15	1	66.52	66.52	66.52
juego1	easy	40.0	0.008	27951	700	338	353	15	1	66.32	66.32	66.32
juego1	easy	40.0	0.008	27960	700	338	353	15	1	66.12	66.12	66.12
juego1	easy	40.0	0.008	27968	700	338	354	16	1	66.01	66.01	66.01
juego1	easy	40.0	0.008	27977	700	338	354	16	1	65.81	65.81	65.81
juego1	easy	40.0	0.008	27986	700	338	355	17	1	65.63	65.63	65.63
juego1	easy	40.0	0.008	27994	700	338	355	17	1	65.53	65.53	65.53
juego1	easy	40.0	0.008	28003	700	338	356	18	1	65.33	65.33	65.33
juego1	easy	40.0	0.008	28011	700	338	356	18	1	65.22	65.22	65.22
juego1	easy	40.0	0.008	28020	700	339	356	17	1	65.11	65.11	65.11
juego1	easy	40.0	0.008	28028	700	339	357	18	1	65.02	65.02	65.02
juego1	easy	40.0	0.008	28037	700	339	357	18	1	64.8	64.8	64.8
juego1	easy	40.0	0.008	28046	700	339	358	19	1	64.55	64.55	64.55
juego1	easy	40.0	0.008	28053	700	339	359	20	1	64.45	64.45	64.45
juego1	easy	40.0	0.008	28062	700	339	359	20	1	64.29	64.29	64.29
juego1	easy	40.0	0.008	28071	700	339	360	21	1	64.12	64.12	64.12
juego1	easy	40.0	0.008	28079	700	339	360	21	1	63.95	63.95	63.95
juego1	easy	40.0	0.008	28088	700	339	360	21	1	63.88	63.88	63.88
juego1	easy	40.0	0.008	28096	700	339	361	22	1	63.76	63.76	63.76
juego1	easy	40.0	0.008	28105	700	339	361	22	1	63.66	63.66	63.66
juego1	easy	40.0	0.008	28113	700	339	361	22	1	63.6	63.6	63.6
juego1	easy	40.0	0.008	28121	700	339	362	23	1	63.47	63.47	63.47
juego1	easy	40.0	0.008	28130	700	340	362	22	1	63.37	63.37	63.37
juego1	easy	40.0	0.008	28138	700	340	362	22	1	63.32	63.32	63.32
juego1	easy	40.0	0.008	28146	700	340	362	22	1	63.23	63.23	63.23
juego1	easy	40.0	0.008	28155	700	340	363	23	1	63.16	63.16	63.16
juego1	easy	40.0	0.008	28163	700	340	363	23	1	63.14	63.14	63.14
juego1	easy	40.0	0.008	28171	700	340	363	23	1	63.09	63.09	63.09
juego1	easy	40.0	0.008	28180	700	340	363	23	1	63.06	63.06	63.06
juego1	easy	40.0	0.008	28188	700	340	363	23	1	63.06	63.06	63.06
juego1	easy	40.0	0.008	28197	700	340	363	23	1	63.05	63.05	63.05
juego1	easy	40.0	0.008	28206	700	340	363	23	1	63.05	63.05	63.05
juego1	easy	40.0	0.008	28214	700	340	363	23	1	63.06	63.06	63.06
juego1	easy	40.0	0.008	28223	700	340	363	23	1	63.09	63.09	63.09
juego1	easy	40.0	0.008	28231	700	340	363	23	1	63.12	63.12	63.12
juego1	easy	40.0	0.008	28240	700	340	363	23	1	63.15	63.15	63.15
juego1	easy	40.0	0.008	28248	700	340	363	23	1	63.17	63.17	63.17
juego1	easy	40.0	0.008	28256	700	340	362	22	1	63.22	63.22	63.22
juego1	easy	40.0	0.008	28264	700	340	362	22	1	63.29	63.29	63.29
juego1	easy	40.0	0.008	28272	700	340	362	22	1	63.34	63.34	63.34
juego1	easy	40.0	0.008	28281	700	340	362	22	1	63.44	63.44	63.44
juego1	easy	40.0	0.008	28290	700	339	361	22	1	63.52	63.52	63.52
juego1	easy	40.0	0.008	28299	700	339	361	22	1	63.56	63.56	63.56
juego1	easy	40.0	0.008	28307	700	339	361	22	1	63.7	63.7	63.7
juego1	easy	40.0	0.008	28315	700	339	360	21	1	63.88	63.88	63.88
juego1	easy	40.0	0.008	28324	700	339	360	21	1	63.98	63.98	63.98
juego1	easy	40.0	0.008	28333	700	339	359	20	1	64.19	64.19	64.19
juego1	easy	40.0	0.008	28342	700	339	359	20	1	64.41	64.41	64.41
juego1	easy	40.0	0.008	28350	700	339	358	19	1	64.64	64.64	64.64
juego1	easy	40.0	0.008	28358	700	339	358	19	1	64.76	64.76	64.76
juego1	easy	40.0	0.008	28367	700	339	357	18	1	65.0	65.0	65.0
juego1	easy	40.0	0.008	28375	700	339	356	17	1	65.24	65.24	65.24
juego1	easy	40.0	0.008	28383	700	339	356	17	1	65.35	65.35	65.35
juego1	easy	40.0	0.008	28392	700	339	355	16	1	65.56	65.56	65.56
juego1	easy	40.0	0.008	28401	700	338	354	16	1	65.8	65.8	65.8
juego1	easy	40.0	0.008	28410	700	338	353	15	1	66.05	66.05	66.05
juego1	easy	40.0	0.008	28418	700	338	353	15	1	66.16	66.16	66.16
juego1	easy	40.0	0.008	28427	700	338	352	14	1	66.37	66.37	66.37
juego1	easy	40.0	0.008	28435	700	338	352	14	1	66.54	66.54	66.54
juego1	easy	40.0	0.008	28444	700	338	352	14	1	66.61	66.61	66.61
juego1	easy	40.0	0.008	28453	700	338	351	13	1	66.76	66.76	66.76
juego1	easy	40.0	0.008	28462	700	338	351	13	1	66.96	66.96	66.96
juego1	easy	40.0	0.008	28470	700	337	350	13	1	67.15	67.15	67.15
juego1	easy	40.0	0.008	28479	700	337	350	13	1	67.24	67.24	67.24
juego1	easy	40.0	0.008	28486	700	337	349	12	1	67.4	67.4	67.4
juego1	easy	40.0	0.008	28495	700	337	349	12	1	67.47	67.47	67.47
juego1	easy	40.0	0.008	28504	700	337	349	12	1	67.47	67.47	67.47
juego1	easy	40.0	0.008	28512	700	337	349	12	1	67.63	67.63	67.63
juego1	easy	40.0	0.008	28521	700	337	348	11	1	67.84	67.84	67.84
juego1	easy	40.0	0.008	28529	700	336	348	12	1	67.91	67.91	67.91
juego1	easy	40.0	0.008	28537	700	336	347	11	1	68.06	68.06	68.06
juego1	easy	40.0	0.008	28546	700	336	347	11	1	68.22	68.22	68.22
juego1	easy	40.0	0.008	28554	700	336	346	10	1	68.3	68.3	68.3
juego1	easy	40.0	0.008	28562	700	336	346	10	1	68.48	68.48	68.48
juego1	easy	40.0	0.008	28571	700	335	345	10	1	68.63	68.63	68.63
juego1	easy	40.0	0.008	28579	700	335	345	10	1	68.7	68.7	68.7
juego1	easy	40.0	0.008	28588	700	335	345	10	1	68.82	68.82	68.82
juego1	easy	40.0	0.008	28597	700	335	344	9	1	68.94	68.94	68.94
juego1	easy	40.0	0.008	28605	700	335	344	9	1	69.0	69.0	69.0
juego1	easy	40.0	0.008	28614	700	334	344	10	1	69.15	69.15	69.15
juego1	easy	40.0	0.008	28623	700	334	343	9	1	69.29	69.29	69.29
juego1	easy	40.0	0.008	28631	700	334	343	9	1	69.43	69.43	69.43
juego1	easy	40.0	0.008	28640	700	334	343	9	1	69.5	69.5	69.5
juego1	easy	40.0	0.008	28648	700	333	342	9	1	69.62	69.62	69.62
juego1	easy	40.0	0.008	28657	700	333	342	9	1	69.72	69.72	69.72
juego1	easy	40.0	0.008	28666	700	333	342	9	1	69.84	69.84	69.84
juego1	easy	40.0	0.008	28675	700	333	341	8	1	69.9	69.9	69.9
juego1	easy	40.0	0.008	28684	700	332	341	9	1	70.07	70.07	70.07
juego1	easy	40.0	0.008	28692	700	332	340	8	1	70.25	70.25	70.25
juego1	easy	40.0	0.008	28701	700	332	340	8	1	70.43	70.43	70.43
juego1	easy	40.0	0.008	28710	700	332	339	7	1	70.62	70.62	70.62
juego1	easy	40.0	0.008	28718	700	331	339	8	1	70.71	70.71	70.71
juego1	easy	40.0	0.008	28726	700	331	338	7	1	70.86	70.86	70.86
juego1	easy	40.0	0.008	28735	700	331	338	7	1	70.94	70.94	70.94
juego1	easy	40.0	0.008	28744	700	331	338	7	1	71.11	71.11	71.11
juego1	easy	40.0	0.008	28752	700	330	337	7	1	71.34	71.34	71.34
juego1	easy	40.0	0.008	28761	700	330	336	6	1	71.6	71.6	71.6
juego1	easy	40.0	0.008	28770	700	330	336	6	1	71.74	71.74	71.74
juego1	easy	40.0	0.008	28778	700	329	335	6	1	72.03	72.03	72.03
juego1	easy	40.0	0.008	28787	700	329	334	5	1	72.31	72.31	72.31
juego1	easy	40.0	0.008	28796	700	329	333	4	1	72.58	72.58	72.58
juego1	easy	40.0	0.008	28805	700	329	333	4	1	72.71	72.71	72.71
juego1	easy	40.0	0.008	28813	700	328	332	4	1	73.01	73.01	73.01
juego1	easy	40.0	0.008	28822	700	328	330	2	1	73.36	73.36	73.36
juego1	easy	40.0	0.008	28831	700	328	329	1	1	73.68	73.68	73.68
juego1	easy	40.0	0.008	28840	700	327	329	2	1	73.81	73.81	73.81
juego1	easy	40.0	0.008	28848	700	327	328	1	1	74.03	74.03	74.03
juego1	easy	40.0	0.008	28857	700	327	328	1	1	74.26	74.26	74.26
juego1	easy	40.0	0.008	28864	700	326	327	1	1	74.38	74.38	74.38
juego1	easy	40.0	0.008	28872	700	326	326	0	1	74.62	74.62	74.62
juego1	easy	40.0	0.008	28881	700	326	326	0	1	74.86	74.86	74.86
juego1	easy	40.0	0.008	28889	700	325	325	0	1	74.98	74.98	74.98
juego1	easy	40.0	0.008	28898	700	325	324	-1	1	75.26	75.26	75.26
juego1	easy	40.0	0.008	28906	700	325	324	-1	1	75.51	75.51	75.51
juego1	easy	40.0	0.008	28915	700	324	323	-1	1	75.61	75.61	75.61
juego1	easy	40.0	0.008	28924	700	324	323	-1	1	75.8	75.8	75.8
juego1	easy	40.0	0.008	28932	700	323	322	-1	1	75.98	75.98	75.98
juego1	easy	40.0	0.008	28940	700	323	322	-1	1	76.08	76.08	76.08
juego1	easy	40.0	0.008	28948	700	323	321	-2	1	76.25	76.25	76.25
juego1	easy	40.0	0.008	28957	700	322	321	-1	1	76.34	76.34	76.34
juego1	easy	40.0	0.008	28966	700	322	321	-1	1	76.49	76.49	76.49
juego1	easy	40.0	0.008	28974	700	322	320	-2	1	76.67	76.67	76.67
juego1	easy	40.0	0.008	28983	700	321	319	-2	1	76.84	76.84	76.84
juego1	easy	40.0	0.008	28991	700	321	319	-2	1	76.99	76.99	76.99
juego1	easy	40.0	0.008	29000	700	320	319	-1	1	77.05	77.05	77.05
juego1	easy	40.0	0.008	29008	700	320	318	-2	1	77.16	77.16	77.16
juego1	easy	40.0	0.008	29017	700	320	318	-2	1	77.24	77.24	77.24
juego1	easy	40.0	0.008	29025	700	319	318	-1	1	77.29	77.29	77.29
juego1	easy	40.0	0.008	29034	700	319	318	-1	1	77.39	77.39	77.39
juego1	easy	40.0	0.008	29042	700	318	317	-1	1	77.5	77.5	77.5
juego1	easy	40.0	0.008	29051	700	318	317	-1	1	77.56	77.56	77.56
juego1	easy	40.0	0.008	29059	700	318	317	-1	1	77.7	77.7	77.7
juego1	easy	40.0	0.008	29067	700	317	316	-1	1	77.84	77.84	77.84
juego1	easy	40.0	0.008	29076	700	317	316	-1	1	77.97	77.97	77.97
juego1	easy	40.0	0.008	29085	700	316	316	0	1	78.04	78.04	78.04
juego1	easy	40.0	0.008	29094	700	316	315	-1	1	78.16	78.16	78.16
juego1	easy	40.0	0.008	29102	700	315	315	0	1	78.27	78.27	78.27
juego1	easy	40.0	0.008	29109	700	315	315	0	1	78.33	78.33	78.33
juego1	easy	40.0	0.008	29118	700	315	314	-1	1	78.46	78.46	78.46
juego1	easy	40.0	0.008	29127	700	314	314	0	1	78.68	78.68	78.68
juego1	easy	40.0	0.008	29135	700	314	313	-1	1	78.82	78.82	78.82
juego1	easy	40.0	0.008	29143	700	313	312	-1	1	79.1	79.1	79.1
juego1	easy	40.0	0.008	29152	700	313	312	-1	1	79.21	79.21	79.21
juego1	easy	40.0	0.008	29160	700	312	312	0	1	79.22	79.22	79.22
juego1	easy	40.0	0.008	29169	700	312	312	0	1	79.29	79.29	79.29
juego1	easy	40.0	0.008	29176	700	311	312	1	1	79.34	79.34	79.34
juego1	easy	40.0	0.008	29185	700	311	311	0	1	79.47	79.47	79.47
juego1	easy	40.0	0.008	29194	700	310	311	1	1	79.61	79.61	79.61
juego1	easy	40.0	0.008	29202	700	310	310	0	1	79.74	79.74	79.74
juego1	easy	40.0	0.008	29211	700	309	310	1	1	79.8	79.8	79.8
juego1	easy	40.0	0.008	29220	700	309	310	1	1	79.94	79.94	79.94
juego1	easy	40.0	0.008	29229	700	309	309	0	1	80.06	80.06	80.06
juego1	easy	40.0	0.008	29237	700	308	309	1	1	80.21	80.21	80.21
juego1	easy	40.0	0.008	29246	700	308	309	1	1	80.28	80.28	80.28
juego1	easy	40.0	0.008	29254	700	307	308	1	1	80.41	80.41	80.41
juego1	easy	40.0	0.008	29263	700	307	308	1	1	80.55	80.55	80.55
juego1	easy	40.0	0.008	29271	700	306	308	2	1	80.61	80.61	80.61
juego1	easy	40.0	0.008	29280	700	306	307	1	1	80.74	80.74	80.74
juego1	easy	40.0	0.008	29288	700	305	307	2	1	80.9	80.9	80.9
juego1	easy	40.0	0.008	29297	700	305	306	1	1	81.05	81.05	81.05
juego1	easy	40.0	0.008	29305	700	304	306	2	1	81.12	81.12	81.12
juego1	easy	40.0	0.008	29314	700	304	306	2	1	81.27	81.27	81.27
juego1	easy	40.0	0.008	29323	700	303	305	2	1	81.41	81.41	81.41
juego1	easy	40.0	0.008	29331	700	303	305	2	1	81.48	81.48	81.48
juego1	easy	40.0	0.008	29339	700	302	305	3	1	81.6	81.6	81.6
juego1	easy	40.0	0.008	29348	700	302	304	2	1	81.72	81.72	81.72
juego1	easy	40.0	0.008	29356	700	301	304	3	1	81.8	81.8	81.8
juego1	easy	40.0	0.008	29365	700	301	303	2	1	81.93	81.93	81.93
juego1	easy	40.0	0.008	29373	700	300	303	3	1	82.07	82.07	82.07
juego1	easy	40.0	0.008	29381	700	300	303	3	1	82.15	82.15	82.15
juego1	easy	40.0	0.008	29389	700	300	302	2	1	82.27	82.27	82.27
juego1	easy	40.0	0.008	29397	700	299	302	3	1	82.4	82.4	82.4
juego1	easy	40.0	0.008	29406	700	299	302	3	1	82.47	82.47	82.47
juego1	easy	40.0	0.008	29414	700	298	301	3	1	82.62	82.62	82.62
juego1	easy	40.0	0.008	29423	700	298	301	3	1	82.82	82.82	82.82
juego1	easy	40.0	0.008	29430	700	297	300	3	1	82.94	82.94	82.94
juego1	easy	40.0	0.008	29439	700	297	300	3	1	83.19	83.19	83.19
juego1	easy	40.0	0.008	29448	700	296	300	4	1	83.37	83.37	83.37
juego1	easy	40.0	0.008	29456	700	296	300	4	1	83.43	83.43	83.43
juego1	easy	40.0	0.008	29465	700	295	299	4	1	83.55	83.55	83.55
juego1	easy	40.0	0.008	29473	700	295	299	4	1	83.67	83.67	83.67
juego1	easy	40.0	0.008	29482	700	294	299	5	1	83.74	83.74	83.74
juego1	easy	40.0	0.008	29490	700	294	298	4	1	83.89	83.89	83.89
juego1	easy	40.0	0.008	29498	700	293	298	5	1	84.05	84.05	84.05
juego1	easy	40.0	0.008	29507	700	292	298	6	1	84.13	84.13	84.13
juego1	easy	40.0	0.008	29516	700	292	297	5	1	84.33	84.33	84.33
juego1	easy	40.0	0.008	29525	700	291	296	5	1	84.49	84.49	84.49
juego1	easy	40.0	0.008	29534	700	291	296	5	1	84.65	84.65	84.65
juego1	easy	40.0	0.008	29541	700	290	296	6	1	84.73	84.73	84.73
juego1	easy	40.0	0.008	29550	700	290	295	5	1	84.91	84.91	84.91
juego1	easy	40.0	0.008	29557	700	289	295	6	1	85.0	85.0	85.0
juego1	easy	40.0	0.008	29566	700	289	294	5	1	85.15	85.15	85.15
juego1	easy	40.0	0.008	29575	700	288	294	6	1	85.3	85.3	85.3
juego1	easy	40.0	0.008	29583	700	287	293	6	1	85.46	85.46	85.46
juego1	easy	40.0	0.008	29592	700	287	293	6	1	85.56	85.56	85.56
juego1	easy	40.0	0.008	29601	700	286	292	6	1	85.82	85.82	85.82
juego1	easy	40.0	0.008	29610	700	286	291	5	1	86.07	86.07	86.07
juego1	easy	40.0	0.008	29618	700	285	291	6	1	86.29	86.29	86.29
juego1	easy	40.0	0.008	29626	700	285	291	6	1	86.29	86.29	86.29
juego1	easy	40.0	0.008	29634	700	284	290	6	1	86.48	86.48	86.48
juego1	easy	40.0	0.008	29643	700	283	290	7	1	86.66	86.66	86.66
juego1	easy	40.0	0.008	29651	700	283	289	6	1	86.83	86.83	86.83
juego1	easy	40.0	0.008	29660	700	282	288	6	1	87.05	87.05	87.05
juego1	easy	40.0	0.008	29669	700	282	288	6	1	87.29	87.29	87.29
juego1	easy	40.0	0.008	29678	700	281	287	6	1	87.41	87.41	87.41
juego1	easy	40.0	0.008	29687	700	281	287	6	1	87.61	87.61	87.61
juego1	easy	40.0	0.008	29695	700	280	286	6	1	87.83	87.83	87.83
juego1	easy	40.0	0.008	29704	700	279	285	6	1	88.04	88.04	88.04
juego1	easy	40.0	0.008	29712	700	279	285	6	1	88.14	88.14	88.14
juego1	easy	40.0	0.008	29721	700	278	284	6	1	88.34	88.34	88.34
juego1	easy	40.0	0.008	29729	700	278	284	6	1	88.58	88.58	88.58
juego1	easy	40.0	0.008	29739	700	277	283	6	1	88.82	88.82	88.82
juego1	easy	40.0	0.008	29746	700	276	282	6	1	88.92	88.92	88.92
juego1	easy	40.0	0.008	29755	700	276	282	6	1	89.09	89.09	89.09
juego1	easy	40.0	0.008	29764	700	275	281	6	1	89.23	89.23	89.23
juego1	easy	40.0	0.008	29772	700	275	281	6	1	89.3	89.3	89.3
juego1	easy	40.0	0.008	29781	700	274	281	7	1	89.43	89.43	89.43
juego1	easy	40.0	0.008	29789	700	274	280	6	1	89.58	89.58	89.58
juego1	easy	40.0	0.008	29798	700	273	280	7	1	89.8	89.8	89.8
juego1	easy	40.0	0.008	29807	700	272	279	7	1	89.9	89.9	89.9
juego1	easy	40.0	0.008	29815	700	272	279	7	1	90.09	90.09	90.09
juego1	easy	40.0	0.008	29824	700	271	278	7	1	90.23	90.23	90.23
juego1	easy	40.0	0.008	29832	700	271	278	7	1	90.29	90.29	90.29
juego1	easy	40.0	0.008	29841	700	270	278	8	1	90.4	90.4	90.4
juego1	easy	40.0	0.008	29850	700	269	277	8	1	90.54	90.54	90.54
juego1	easy	40.0	0.008	29859	700	269	277	8	1	90.69	90.69	90.69
juego1	easy	40.0	0.008	29867	700	268	277	9	1	90.76	90.76	90.76
juego1	easy	40.0	0.008	29876	700	268	276	8	2	90.91	90.91	90.91
juego1	easy	50.0	0.009	29884	700	267	276	9	2	91.06	91.06	91.06
juego1	easy	50.0	0.009	29892	700	267	275	8	2	91.16	91.16	91.16
juego1	easy	50.0	0.009	29900	700	266	275	9	2	91.33	91.33	91.33
juego1	easy	50.0	0.009	29909	700	266	274	8	2	91.45	91.45	91.45
juego1	easy	50.0	0.009	29916	700	265	274	9	2	91.49	91.49	91.49
juego1	easy	50.0	0.009	29925	700	265	274	9	2	91.58	91.58	91.58
juego1	easy	50.0	0.009	29934	700	264	274	10	2	91.7	91.7	91.7
juego1	easy	50.0	0.009	29942	700	264	273	9	2	91.77	91.77	91.77
juego1	easy	50.0	0.009	29951	700	263	273	10	2	91.9	91.9	91.9
juego1	easy	50.0	0.009	29960	700	263	273	10	2	92.03	92.03	92.03
juego1	easy	50.0	0.009	29968	700	262	272	10	2	92.1	92.1	92.1
juego1	easy	50.0	0.009	29976	700	262	272	10	2	92.24	92.24	92.24
juego1	easy	50.0	0.009	29984	700	261	272	11	2	92.36	92.36	92.36
juego1	easy	50.0	0.009	29993	700	261	271	10	2	92.42	92.42	92.42
juego1	easy	50.0	0.009	30001	700	260	271	11	2	92.52	92.52	92.52
juego1	easy	50.0	0.009	30009	700	260	271	11	2	92.67	92.67	92.67
juego1	easy	50.0	0.009	30017	700	259	270	11	2	92.75	92.75	92.75
juego1	easy	50.0	0.009	30026	700	259	270	11	2	92.96	92.96	92.96
juego1	easy	50.0	0.009	30034	700	258	269	11	2	93.17	93.17	93.17
juego1	easy	50.0	0.009	30042	700	258	269	11	2	93.28	93.28	93.28
juego1	easy	50.0	0.009	30051	700	257	268	11	2	93.49	93.49	93.49
juego1	easy	50.0	0.009	30060	700	257	267	10	2	93.7	93.7	93.7
juego1	easy	50.0	0.009	30068	700	256	267	11	2	93.8	93.8	93.8
juego1	easy	50.0	0.009	30077	700	255	266	11	2	93.99	93.99	93.99
juego1	easy	50.0	0.009	30086	700	255	266	11	2	94.19	94.19	94.19
juego1	easy	50.0	0.009	30094	700	254	265	11	2	94.38	94.38	94.38
juego1	easy	50.0	0.009	30103	700	254	265	11	2	94.49	94.49	94.49
juego1	easy	50.0	0.009	30111	700	253	264	11	2	94.69	94.69	94.69
juego1	easy	50.0	0.009	30120	700	253	264	11	2	94.88	94.88	94.88
juego1	easy	50.0	0.009	30128	700	252	263	11	2	94.97	94.97	94.97
juego1	easy	50.0	0.009	30137	700	252	263	11	2	95.15	95.15	95.15
juego1	easy	50.0	0.009	30145	700	251	262	11	2	95.36	95.36	95.36
juego1	easy	50.0	0.009	30154	700	251	261	10	2	95.59	95.59	95.59
juego1	easy	50.0	0.009	30162	700	250	261	11	2	95.71	95.71	95.71
juego1	easy	50.0	0.009	30171	700	250	260	10	2	95.93	95.93	95.93
juego1	easy	50.0	0.009	30180	700	249	260	11	2	96.12	96.12	96.12
juego1	easy	50.0	0.009	30188	700	249	259	10	2	96.22	96.22	96.22
juego1	easy	50.0	0.009	30196	700	248	259	11	2	96.38	96.38	96.38
juego1	easy	50.0	0.009	30205	700	248	258	10	2	96.55	96.55	96.55
juego1	easy	50.0	0.009	30213	700	247	258	11	2	96.64	96.64	96.64
juego1	easy	50.0	0.009	30221	700	247	258	11	2	96.82	96.82	96.82
juego1	easy	50.0	0.009	30230	700	246	257	11	2	97.01	97.01	97.01
juego1	easy	50.0	0.009	30239	700	246	257	11	2	97.1	97.1	97.1
juego1	easy	50.0	0.009	30248	700	245	256	11	2	97.3	97.3	97.3
juego1	easy	50.0	0.009	30257	700	245	255	10	2	97.49	97.49	97.49
juego1	easy	50.0	0.009	30265	700	244	255	11	2	97.67	97.67	97.67
juego1	easy	50.0	0.009	30274	700	244	255	11	2	97.78	97.78	97.78
juego1	easy	50.0	0.009	30283	700	243	254	11	2	97.97	97.97	97.97
juego1	easy	50.0	0.009	30292	700	243	253	10	2	98.16	98.16	98.16
juego1	easy	50.0	0.009	30300	700	243	253	10	2	98.35	98.35	98.35
juego1	easy	50.0	0.009	30309	700	242	252	10	2	98.53	98.53	98.53
juego1	easy	50.0	0.009	30318	700	242	252	10	2	98.62	98.62	98.62
juego1	easy	50.0	0.009	30326	700	241	251	10	2	98.81	98.81	98.81
juego1	easy	50.0	0.009	30335	700	241	251	10	2	98.99	98.99	98.99
juego1	easy	50.0	0.009	30343	700	240	250	10	2	99.08	99.08	99.08
juego1	easy	50.0	0.009	30351	700	240	250	10	2	99.25	99.25	99.25
juego1	easy	50.0	0.009	30360	700	239	249	10	2	99.41	99.41	99.41
juego1	easy	50.0	0.009	30368	700	239	249	10	2	99.48	99.48	99.48
juego1	easy	50.0	0.009	30376	700	238	249	11	2	99.64	99.64	99.64
juego1	easy	50.0	0.009	30385	700	238	248	10	2	99.82	99.82	99.82
juego1	easy	50.0	0.009	30394	700	237	248	11	2	99.92	99.92	99.92
juego1	easy	50.0	0.009	30402	700	237	247	10	2	100.12	100.12	100.12
juego1	easy	50.0	0.009	30410	700	237	247	10	2	100.3	100.3	100.3
juego1	easy	50.0	0.009	30419	700	236	246	10	2	100.36	100.36	100.36
juego1	easy	50.0	0.009	30427	700	236	246	10	2	100.54	100.54	100.54
juego1	easy	50.0	0.009	30436	700	235	245	10	2	100.71	100.71	100.71
juego1	easy	50.0	0.009	30445	700	235	245	10	2	100.87	100.87	100.87
juego1	easy	50.0	0.009	30452	700	234	245	11	2	100.94	100.94	100.94
juego1	easy	50.0	0.009	30461	700	234	244	10	2	101.06	101.06	101.06
juego1	easy	50.0	0.009	30469	700	233	244	11	2	101.15	101.15	101.15
juego1	easy	50.0	0.009	30478	700	233	243	10	2	101.32	101.32	101.32
juego1	easy	50.0	0.009	30487	700	233	243	10	2	101.58	101.58	101.58
juego1	easy	50.0	0.009	30495	700	232	242	10	2	101.81	101.81	101.81
juego1	easy	50.0	0.009	30503	700	232	241	9	2	101.93	101.93	101.93
juego1	easy	50.0	0.009	30512	700	231	241	10	2	102.15	102.15	102.15
juego1	easy	50.0	0.009	30521	700	231	240	9	2	102.36	102.36	102.36
juego1	easy	50.0	0.009	30529	700	231	240	9	2	102.47	102.47	102.47
juego1	easy	50.0	0.009	30538	700	230	239	9	2	102.66	102.66	102.66
juego1	easy	50.0	0.009	30547	700	230	239	9	2	102.86	102.86	102.86
juego1	easy	50.0	0.009	30554	700	229	239	10	2	102.86	102.86	102.86
juego1	easy	50.0	0.009	30563	700	229	238	9	2	103.12	103.12	103.12
juego1	easy	50.0	0.009	30572	700	229	237	8	2	103.31	103.31	103.31
juego1	easy	50.0	0.009	30581	700	228	237	9	2	103.47	103.47	103.47
juego1	easy	50.0	0.009	30590	700	228	236	8	2	103.62	103.62	103.62
juego1	easy	50.0	0.009	30598	700	227	236	9	2	103.7	103.7	103.7
juego1	easy	50.0	0.009	30607	700	227	235	8	2	103.84	103.84	103.84
juego1	easy	50.0	0.009	30615	700	227	235	8	2	103.98	103.98	103.98
juego1	easy	50.0	0.009	30624	700	226	235	9	2	104.05	104.05	104.05
juego1	easy	50.0	0.009	30632	700	226	234	8	2	104.2	104.2	104.2
juego1	easy	50.0	0.009	30641	700	225	234	9	2	104.33	104.33	104.33
juego1	easy	50.0	0.009	30649	700	225	234	9	2	104.4	104.4	104.4
juego1	easy	50.0	0.009	30658	700	225	233	8	2	104.56	104.56	104.56
juego1	easy	50.0	0.009	30667	700	224	233	9	2	104.72	104.72	104.72
juego1	easy	50.0	0.009	30674	700	224	232	8	2	104.8	104.8	104.8
juego1	easy	50.0	0.009	30682	700	224	232	8	2	104.94	104.94	104.94
juego1	easy	50.0	0.009	30691	700	223	232	9	2	105.05	105.05	105.05
juego1	easy	50.0	0.009	30699	700	223	232	9	2	105.09	105.09	105.09
juego1	easy	50.0	0.009	30708	700	223	231	8	2	105.18	105.18	105.18
juego1	easy	50.0	0.009	30716	700	222	231	9	2	105.29	105.29	105.29
juego1	easy	50.0	0.009	30725	700	222	231	9	2	105.35	105.35	105.35
juego1	easy	50.0	0.009	30734	700	222	230	8	2	105.49	105.49	105.49
juego1	easy	50.0	0.009	30743	700	221	230	9	2	105.63	105.63	105.63
juego1	easy	50.0	0.009	30751	700	221	229	8	2	105.76	105.76	105.76
juego1	easy	50.0	0.009	30759	700	221	229	8	2	105.82	105.82	105.82
juego1	easy	50.0	0.009	30767	700	220	229	9	2	105.91	105.91	105.91
juego1	easy	50.0	0.009	30776	700	220	229	9	2	105.97	105.97	105.97
juego1	easy	50.0	0.009	30785	700	220	229	9	2	106.0	106.0	106.0
juego1	easy	50.0	0.009	30794	700	219	228	9	2	106.06	106.06	106.06
juego1	easy	50.0	0.009	30802	700	219	228	9	2	106.14	106.14	106.14
juego1	easy	50.0	0.009	30811	700	219	228	9	2	106.24	106.24	106.24
juego1	easy	50.0	0.009	30820	700	219	228	9	2	106.29	106.29	106.29
juego1	easy	50.0	0.009	30827	700	218	227	9	2	106.4	106.4	106.4
juego1	easy	50.0	0.009	30836	700	218	227	9	2	106.45	106.45	106.45
juego1	easy	50.0	0.009	30845	700	218	227	9	2	106.52	106.52	106.52
juego1	easy	50.0	0.009	30853	700	217	227	10	2	106.58	106.58	106.58
juego1	easy	50.0	0.009	30862	700	217	227	10	2	106.62	106.62	106.62
juego1	easy	50.0	0.009	30870	700	217	227	10	2	106.65	106.65	106.65
juego1	easy	50.0	0.009	30878	700	217	226	9	2	106.74	106.74	106.74
juego1	easy	50.0	0.009	30887	700	216	226	10	2	106.85	106.85	106.85
juego1	easy	50.0	0.009	30896	700	216	226	10	2	106.97	106.97	106.97
juego1	easy	50.0	0.009	30904	700	216	225	9	2	107.02	107.02	107.02
juego1	easy	50.0	0.009	30912	700	216	225	9	2	107.11	107.11	107.11
juego1	easy	50.0	0.009	30921	700	215	225	10	2	107.16	107.16	107.16
juego1	easy	50.0	0.009	30929	700	215	225	10	2	107.22	107.22	107.22
juego1	easy	50.0	0.009	30938	700	215	225	10	2	107.28	107.28	107.28
juego1	easy	50.0	0.009	30947	700	215	224	9	2	107.37	107.37	107.37
juego1	easy	50.0	0.009	30956	700	214	224	10	2	107.46	107.46	107.46
juego1	easy	50.0	0.009	30964	700	214	224	10	2	107.52	107.52	107.52
juego1	easy	50.0	0.009	30972	700	214	224	10	2	107.64	107.64	107.64
juego1	easy	50.0	0.009	30981	700	214	223	9	2	107.69	107.69	107.69
juego1	easy	50.0	0.009	30988	700	214	223	9	2	107.79	107.79	107.79
juego1	easy	50.0	0.009	30996	700	213	223	10	2	107.87	107.87	107.87
juego1	easy	50.0	0.009	31004	700	213	223	10	2	107.91	107.91	107.91
juego1	easy	50.0	0.009	31013	700	213	222	9	2	107.99	107.99	107.99
juego1	easy	50.0	0.009	31022	700	213	222	9	2	108.07	108.07	108.07
juego1	easy	50.0	0.009	31030	700	213	222	9	2	108.12	108.12	108.12
juego1	easy	50.0	0.009	31039	700	212	222	10	2	108.24	108.24	108.24
juego1	easy	50.0	0.009	31047	700	212	221	9	2	108.38	108.38	108.38
juego1	easy	50.0	0.009	31056	700	212	221	9	2	108.46	108.46	108.46
juego1	easy	50.0	0.009	31065	700	212	220	8	2	108.61	108.61	108.61
juego1	easy	50.0	0.009	31073	700	212	220	8	2	108.74	108.74	108.74
juego1	easy	50.0	0.009	31082	700	212	220	8	2	108.87	108.87	108.87
juego1	easy	50.0	0.009	31090	700	211	219	8	2	108.92	108.92	108.92
juego1	easy	50.0	0.009	31099	700	211	219	8	2	109.05	109.05	109.05
juego1	easy	50.0	0.009	31108	700	211	219	8	2	109.19	109.19	109.19
juego1	easy	50.0	0.009	31115	700	211	218	7	2	109.25	109.25	109.25
juego1	easy	50.0	0.009	31124	700	211	218	7	2	109.39	109.39	109.39
juego1	easy	50.0	0.009	31133	700	211	217	6	2	109.57	109.57	109.57
juego1	easy	50.0	0.009	31141	700	211	217	6	2	109.67	109.67	109.67
juego1	easy	50.0	0.009	31150	700	211	217	6	2	109.86	109.86	109.86
juego1	easy	50.0	0.009	31159	700	210	216	6	2	110.01	110.01	110.01
juego1	easy	50.0	0.009	31167	700	210	216	6	2	110.16	110.16	110.16
juego1	easy	50.0	0.009	31177	700	210	215	5	2	110.33	110.33	110.33
juego1	easy	50.0	0.009	31184	700	210	215	5	2	110.42	110.42	110.42
juego1	easy	50.0	0.009	31193	700	210	214	4	2	110.59	110.59	110.59
juego1	easy	50.0	0.009	31202	700	210	214	4	2	110.67	110.67	110.67
juego1	easy	50.0	0.009	31210	700	210	213	3	2	110.82	110.82	110.82
juego1	easy	50.0	0.009	31219	700	210	213	3	2	110.89	110.89	110.89
juego1	easy	50.0	0.009	31227	700	210	213	3	2	111.1	111.1	111.1
juego1	easy	50.0	0.009	31235	700	210	212	2	2	111.16	111.16	111.16
juego1	easy	50.0	0.009	31244	700	209	212	3	2	111.28	111.28	111.28
juego1	easy	50.0	0.009	31253	700	209	212	3	2	111.4	111.4	111.4
juego1	easy	50.0	0.009	31261	700	209	211	2	2	111.48	111.48	111.48
juego1	easy	50.0	0.009	31270	700	209	211	2	2	111.64	111.64	111.64
juego1	easy	50.0	0.009	31279	700	209	211	2	2	111.76	111.76	111.76
juego1	easy	50.0	0.009	31288	700	209	210	1	2	111.81	111.81	111.81
juego1	easy	50.0	0.009	31297	700	209	210	1	2	111.85	111.85	111.85
juego1	easy	50.0	0.009	31305	700	209	210	1	2	111.88	111.88	111.88
juego1	easy	50.0	0.009	31314	700	209	210	1	2	111.97	111.97	111.97
juego1	easy	50.0	0.009	31323	700	209	210	1	2	112.07	112.07	112.07
juego1	easy	50.0	0.009	31331	700	209	209	0	2	112.15	112.15	112.15
juego1	easy	50.0	0.009	31339	700	209	209	0	2	112.19	112.19	112.19
juego1	easy	50.0	0.009	31348	700	209	209	0	2	112.25	112.25	112.25
juego1	easy	50.0	0.009	31356	700	209	209	0	2	112.29	112.29	112.29
juego1	easy	50.0	0.009	31364	700	209	209	0	2	112.34	112.34	112.34
juego1	easy	50.0	0.009	31373	700	209	209	0	2	112.39	112.39	112.39
juego1	easy	50.0	0.009	31382	700	209	208	-1	2	112.42	112.42	112.42
juego1	easy	50.0	0.009	31391	700	209	208	-1	2	112.44	112.44	112.44
juego1	easy	50.0	0.009	31400	700	209	208	-1	2	112.45	112.45	112.45
juego1	easy	50.0	0.009	31409	700	209	208	-1	2	112.45	112.45	112.45
juego1	easy	50.0	0.009	31417	700	209	208	-1	2	112.44	112.44	112.44
juego1	easy	50.0	0.009	31425	700	209	208	-1	2	112.42	112.42	112.42
juego1	easy	50.0	0.009	31433	700	209	208	-1	2	112.42	112.42	112.42
juego1	easy	50.0	0.009	31441	700	209	208	-1	2	112.43	112.43	112.43
juego1	easy	50.0	0.009	31450	700	209	208	-1	2	112.44	112.44	112.44
juego1	easy	50.0	0.009	31459	700	209	208	-1	2	112.46	112.46	112.46
juego1	easy	50.0	0.009	31468	700	209	208	-1	2	112.49	112.49	112.49
juego1	easy	50.0	0.009	31477	700	209	208	-1	2	112.5	112.5	112.5
juego1	easy	50.0	0.009	31486	700	209	208	-1	2	112.49	112.49	112.49
juego1	easy	50.0	0.009	31495	700	209	208	-1	2	112.48	112.48	112.48
juego1	easy	50.0	0.009	31504	700	210	208	-2	2	112.48	112.48	112.48
juego1	easy	50.0	0.009	31513	700	210	208	-2	2	112.48	112.48	112.48
juego1	easy	50.0	0.009	31521	700	210	208	-2	2	112.47	112.47	112.47
juego1	easy	50.0	0.009	31529	700	210	208	-2	2	112.45	112.45	112.45
juego1	easy	50.0	0.009	31538	700	210	208	-2	2	112.42	112.42	112.42
juego1	easy	50.0	0.009	31547	700	210	209	-1	2	112.37	112.37	112.37
juego1	easy	50.0	0.009	31556	700	210	209	-1	2	112.35	112.35	112.35
juego1	easy	50.0	0.009	31565	700	210	209	-1	2	112.3	112.3	112.3
juego1	easy	50.0	0.009	31574	700	210	209	-1	2	112.22	112.22	112.22
juego1	easy	50.0	0.009	31583	700	210	209	-1	2	112.15	112.15	112.15
juego1	easy	50.0	0.009	31590	700	211	209	-2	2	112.09	112.09	112.09
juego1	easy	50.0	0.009	31599	700	211	210	-1	2	111.98	111.98	111.98
juego1	easy	50.0	0.009	31608	700	211	210	-1	2	111.88	111.88	111.88
juego1	easy	50.0	0.009	31615	700	211	210	-1	2	111.81	111.81	111.81
juego1	easy	50.0	0.009	31623	700	211	211	0	2	111.68	111.68	111.68
juego1	easy	50.0	0.009	31632	700	211	211	0	2	111.6	111.6	111.6
juego1	easy	50.0	0.009	31639	700	211	211	0	2	111.46	111.46	111.46
juego1	easy	50.0	0.009	31648	700	211	212	1	2	111.35	111.35	111.35
juego1	easy	50.0	0.009	31657	700	212	212	0	2	111.31	111.31	111.31
juego1	easy	50.0	0.009	31664	700	212	212	0	2	111.23	111.23	111.23
juego1	easy	50.0	0.009	31673	700	212	213	1	2	111.13	111.13	111.13
juego1	easy	50.0	0.009	31682	700	212	213	1	2	111.09	111.09	111.09
juego1	easy	50.0	0.009	31691	700	212	213	1	2	111.02	111.02	111.02
juego1	easy	50.0	0.009	31699	700	212	213	1	2	110.97	110.97	110.97
juego1	easy	50.0	0.009	31708	700	213	213	0	2	110.94	110.94	110.94
juego1	easy	50.0	0.009	31716	700	213	213	0	2	110.91	110.91	110.91
juego1	easy	50.0	0.009	31725	700	213	213	0	2	110.86	110.86	110.86
juego1	easy	50.0	0.009	31734	700	213	214	1	2	110.78	110.78	110.78
juego1	easy	50.0	0.009	31743	700	213	214	1	2	110.68	110.68	110.68
juego1	easy	50.0	0.009	31751	700	214	214	0	2	110.62	110.62	110.62
juego1	easy	50.0	0.009	31760	700	214	214	0	2	110.51	110.51	110.51
juego1	easy	50.0	0.009	31769	700	214	215	1	2	110.4	110.4	110.4
juego1	easy	50.0	0.009	31778	700	214	215	1	2	110.28	110.28	110.28
juego1	easy	50.0	0.009	31787	700	214	215	1	2	110.23	110.23	110.23
juego1	easy	50.0	0.009	31796	700	215	216	1	2	110.14	110.14	110.14
juego1	easy	50.0	0.009	31805	700	215	216	1	2	110.07	110.07	110.07
juego1	easy	50.0	0.009	31814	700	215	216	1	2	110.01	110.01	110.01
juego1	easy	50.0	0.009	31822	700	215	216	1	2	109.97	109.97	109.97
juego1	easy	50.0	0.009	31831	700	216	216	0	2	109.91	109.91	109.91
juego1	easy	50.0	0.009	31839	700	216	217	1	2	109.85	109.85	109.85
juego1	easy	50.0	0.009	31848	700	216	217	1	2	109.8	109.8	109.8
juego1	easy	50.0	0.009	31856	700	216	217	1	2	109.78	109.78	109.78
juego1	easy	50.0	0.009	31865	700	217	217	0	2	109.75	109.75	109.75
juego1	easy	50.0	0.009	31874	700	217	217	0	2	109.72	109.72	109.72
juego1	easy	50.0	0.009	31883	700	217	217	0	2	109.7	109.7	109.7
juego1	easy	50.0	0.009	31892	700	217	217	0	2	109.68	109.68	109.68
juego1	easy	50.0	0.009	31901	700	218	217	-1	2	109.63	109.63	109.63
juego1	easy	50.0	0.009	31910	700	218	217	-1	2	109.58	109.58	109.58
juego1	easy	50.0	0.009	31919	700	218	218	0	2	109.53	109.53	109.53
juego1	easy	50.0	0.009	31928	700	219	218	-1	2	109.51	109.51	109.51
juego1	easy	50.0	0.009	31936	700	219	218	-1	2	109.49	109.49	109.49
juego1	easy	50.0	0.009	31945	700	219	218	-1	2	109.49	109.49	109.49
juego1	easy	50.0	0.009	31953	700	219	218	-1	2	109.48	109.48	109.48
juego1	easy	50.0	0.009	31962	700	220	218	-2	2	109.45	109.45	109.45
juego1	easy	50.0	0.009	31970	700	220	218	-2	2	109.39	109.39	109.39
juego1	easy	50.0	0.009	31979	700	220	218	-2	2	109.33	109.33	109.33
juego1	easy	50.0	0.009	31988	700	221	218	-3	2	109.27	109.27	109.27
juego1	easy	50.0	0.009	31997	700	221	218	-3	2	109.24	109.24	109.24
juego1	easy	50.0	0.009	32005	700	221	219	-2	2	109.2	109.2	109.2
juego1	easy	50.0	0.009	32014	700	222	219	-3	2	109.16	109.16	109.16
juego1	easy	50.0	0.009	32022	700	222	219	-3	2	109.14	109.14	109.14
juego1	easy	50.0	0.009	32030	700	222	219	-3	2	109.08	109.08	109.08
juego1	easy	50.0	0.009	32038	700	223	219	-4	2	109.0	109.0	109.0
juego1	easy	50.0	0.009	32047	700	223	219	-4	2	108.95	108.95	108.95
juego1	easy	50.0	0.009	32056	700	223	220	-3	2	108.87	108.87	108.87
juego1	easy	50.0	0.009	32064	700	224	220	-4	2	108.79	108.79	108.79
juego1	easy	50.0	0.009	32073	700	224	220	-4	2	108.75	108.75	108.75
juego1	easy	50.0	0.009	32082	700	224	220	-4	2	108.68	108.68	108.68
juego1	easy	50.0	0.009	32091	700	225	221	-4	2	108.58	108.58	108.58
juego1	easy	50.0	0.009	32100	700	225	221	-4	2	108.49	108.49	108.49
juego1	easy	50.0	0.009	32107	700	225	221	-4	2	108.44	108.44	108.44
juego1	easy	50.0	0.009	32116	700	226	221	-5	2	108.35	108.35	108.35
juego1	easy	50.0	0.009	32124	700	226	222	-4	2	108.24	108.24	108.24
juego1	easy	50.0	0.009	32132	700	227	222	-5	2	108.19	108.19	108.19
juego1	easy	50.0	0.009	32141	700	227	222	-5	2	108.08	108.08	108.08
juego1	easy	50.0	0.009	32150	700	227	222	-5	2	107.97	107.97	107.97
juego1	easy	50.0	0.009	32159	700	228	223	-5	2	107.86	107.86	107.86
juego1	easy	50.0	0.009	32168	700	228	223	-5	2	107.81	107.81	107.81
juego1	easy	50.0	0.009	32177	700	229	223	-6	2	107.68	107.68	107.68
juego1	easy	50.0	0.009	32186	700	229	224	-5	2	107.57	107.57	107.57
juego1	easy	50.0	0.009	32195	700	229	224	-5	2	107.46	107.46	107.46
juego1	easy	50.0	0.009	32204	700	230	224	-6	2	107.41	107.41	107.41
juego1	easy	50.0	0.009	32212	700	230	225	-5	2	107.31	107.31	107.31
juego1	easy	50.0	0.009	32221	700	231	225	-6	2	107.19	107.19	107.19
juego1	easy	50.0	0.009	32230	700	231	225	-6	2	107.08	107.08	107.08
juego1	easy	50.0	0.009	32238	700	231	225	-6	2	107.01	107.01	107.01
juego1	easy	50.0	0.009	32246	700	232	226	-6	2	106.87	106.87	106.87
juego1	easy	50.0	0.009	32255	700	232	226	-6	2	106.74	106.74	106.74
juego1	easy	50.0	0.009	32263	700	233	227	-6	2	106.67	106.67	106.67
juego1	easy	50.0	0.009	32271	700	233	227	-6	2	106.53	106.53	106.53
juego1	easy	50.0	0.009	32280	700	233	227	-6	2	106.39	106.39	106.39
juego1	easy	50.0	0.009	32289	700	234	228	-6	2	106.32	106.32	106.32
juego1	easy	50.0	0.009	32297	700	234	228	-6	2	106.19	106.19	106.19
juego1	easy	50.0	0.009	32305	700	235	228	-7	2	106.08	106.08	106.08
juego1	easy	50.0	0.009	32314	700	235	229	-6	2	106.03	106.03	106.03
juego1	easy	50.0	0.009	32323	700	236	229	-7	2	105.9	105.9	105.9
juego1	easy	50.0	0.009	32332	700	236	229	-7	2	105.77	105.77	105.77
juego1	easy	50.0	0.009	32340	700	236	230	-6	2	105.64	105.64	105.64
juego1	easy	50.0	0.009	32349	700	237	230	-7	2	105.57	105.57	105.57
juego1	easy	50.0	0.009	32357	700	237	230	-7	2	105.43	105.43	105.43
juego1	easy	50.0	0.009	32366	700	238	231	-7	2	105.26	105.26	105.26
juego1	easy	50.0	0.009	32373	700	238	231	-7	2	105.18	105.18	105.18
juego1	easy	50.0	0.009	32382	700	239	232	-7	2	105.02	105.02	105.02
juego1	easy	50.0	0.009	32390	700	239	232	-7	2	104.87	104.87	104.87
juego1	easy	50.0	0.009	32399	700	240	233	-7	2	104.71	104.71	104.71
juego1	easy	50.0	0.009	32407	700	240	233	-7	2	104.62	104.62	104.62
juego1	easy	50.0	0.009	32416	700	241	234	-7	2	104.45	104.45	104.45
juego1	easy	50.0	0.009	32425	700	241	234	-7	2	104.28	104.28	104.28
juego1	easy	50.0	0.009	32434	700	242	234	-8	2	104.2	104.2	104.2
juego1	easy	50.0	0.009	32442	700	242	235	-7	2	104.07	104.07	104.07
juego1	easy	50.0	0.009	32451	700	242	235	-7	2	103.96	103.96	103.96
juego1	easy	50.0	0.009	32459	700	243	235	-8	2	103.87	103.87	103.87
juego1	easy	50.0	0.009	32467	700	243	236	-7	2	103.69	103.69	103.69
juego1	easy	50.0	0.009	32476	700	244	236	-8	2	103.55	103.55	103.55
juego1	easy	50.0	0.009	32485	700	244	237	-7	2	103.42	103.42	103.42
juego1	easy	50.0	0.009	32492	700	245	237	-8	2	103.36	103.36	103.36
juego1	easy	50.0	0.009	32501	700	245	237	-8	2	103.22	103.22	103.22
juego1	easy	50.0	0.009	32509	700	246	238	-8	2	103.16	103.16	103.16
juego1	easy	50.0	0.009	32518	700	246	238	-8	2	103.03	103.03	103.03
juego1	easy	50.0	0.009	32526	700	247	238	-9	2	102.9	102.9	102.9
juego1	easy	50.0	0.009	32535	700	247	239	-8	2	102.75	102.75	102.75
juego1	easy	50.0	0.009	32542	700	248	239	-9	2	102.67	102.67	102.67
juego1	easy	50.0	0.009	32550	700	248	240	-8	2	102.51	102.51	102.51
juego1	easy	50.0	0.009	32559	700	249	240	-9	2	102.45	102.45	102.45
juego1	easy	50.0	0.009	32567	700	249	240	-9	2	102.32	102.32	102.32
juego1	easy	50.0	0.009	32576	700	250	241	-9	2	102.18	102.18	102.18
juego1	easy	50.0	0.009	32583	700	250	241	-9	2	102.11	102.11	102.11
juego1	easy	50.0	0.009	32592	700	251	241	-10	2	101.95	101.95	101.95
juego1	easy	50.0	0.009	32600	700	251	242	-9	2	101.79	101.79	101.79
juego1	easy	50.0	0.009	32609	700	252	242	-10	2	101.71	101.71	101.71
juego1	easy	50.0	0.009	32618	700	252	243	-9	2	101.54	101.54	101.54
juego1	easy	50.0	0.009	32627	700	253	243	-10	2	101.38	101.38	101.38
juego1	easy	50.0	0.009	32635	700	253	244	-9	2	101.2	101.2	101.2
juego1	easy	50.0	0.009	32644	700	254	244	-10	2	101.1	101.1	101.1
juego1	easy	50.0	0.009	32653	700	254	245	-9	2	100.95	100.95	100.95
juego1	easy	50.0	0.009	32662	700	255	245	-10	2	100.79	100.79	100.79
juego1	easy	50.0	0.009	32671	700	255	246	-9	2	100.63	100.63	100.63
juego1	easy	50.0	0.009	32678	700	256	246	-10	2	100.53	100.53	100.53
juego1	easy	50.0	0.009	32687	700	256	247	-9	2	100.31	100.31	100.31
juego1	easy	50.0	0.009	32696	700	257	247	-10	2	100.06	100.06	100.06
juego1	easy	50.0	0.009	32704	700	258	248	-10	2	99.94	99.94	99.94
juego1	easy	50.0	0.009	32712	700	258	249	-9	2	99.64	99.64	99.64
juego1	easy	50.0	0.009	32721	700	259	250	-9	2	99.32	99.32	99.32
juego1	easy	50.0	0.009	32729	700	259	250	-9	2	99.13	99.13	99.13
juego1	easy	50.0	0.009	32737	700	260	251	-9	2	98.76	98.76	98.76
juego1	easy	50.0	0.009	32746	700	260	253	-7	2	98.4	98.4	98.4
juego1	easy	50.0	0.009	32754	700	261	253	-8	2	98.21	98.21	98.21
juego1	easy	50.0	0.009	32763	700	261	254	-7	2	97.83	97.83	97.83
juego1	easy	50.0	0.009	32770	700	262	256	-6	2	97.47	97.47	97.47
juego1	easy	50.0	0.009	32779	700	262	256	-6	2	97.3	97.3	97.3
juego1	easy	50.0	0.009	32788	700	263	257	-6	2	97.02	97.02	97.02
juego1	easy	50.0	0.009	32795	700	263	258	-5	2	96.82	96.82	96.82
juego1	easy	50.0	0.009	32804	700	264	258	-6	2	96.64	96.64	96.64
juego1	easy	50.0	0.009	32813	700	264	259	-5	2	96.4	96.4	96.4
juego1	easy	50.0	0.009	32821	700	265	259	-6	2	96.21	96.21	96.21
juego1	easy	50.0	0.009	32830	700	265	260	-5	2	96.14	96.14	96.14
juego1	easy	50.0	0.009	32839	700	266	260	-6	2	96.03	96.03	96.03
juego1	easy	50.0	0.009	32847	700	266	260	-6	2	95.91	95.91	95.91
juego1	easy	50.0	0.009	32856	700	267	261	-6	2	95.78	95.78	95.78
juego1	easy	50.0	0.009	32864	700	267	261	-6	2	95.71	95.71	95.71
juego1	easy	50.0	0.009	32873	700	268	262	-6	2	95.56	95.56	95.56
juego1	easy	50.0	0.009	32882	700	269	262	-7	2	95.43	95.43	95.43
juego1	easy	50.0	0.009	32891	700	270	262	-8	2	95.3	95.3	95.3
juego1	easy	50.0	0.009	32898	700	271	263	-8	2	95.24	95.24	95.24
juego1	easy	50.0	0.009	32907	700	272	263	-9	2	95.12	95.12	95.12
juego1	easy	50.0	0.009	32916	700	272	263	-9	2	94.99	94.99	94.99
juego1	easy	50.0	0.009	32923	700	273	263	-10	2	94.94	94.94	94.94
juego1	easy	50.0	0.009	32932	700	274	264	-10	2	94.81	94.81	94.81
juego1	easy	50.0	0.009	32941	700	275	264	-11	2	94.7	94.7	94.7
juego1	easy	50.0	0.009	32948	700	276	264	-12	2	94.65	94.65	94.65
juego1	easy	50.0	0.009	32957	700	276	265	-11	2	94.54	94.54	94.54
juego1	easy	50.0	0.009	32965	700	277	265	-12	2	94.48	94.48	94.48
juego1	easy	50.0	0.009	32974	700	278	265	-13	2	94.36	94.36	94.36
juego1	easy	50.0	0.009	32982	700	279	266	-13	2	94.23	94.23	94.23
juego1	easy	50.0	0.009	32991	700	280	266	-14	2	94.07	94.07	94.07
juego1	easy	50.0	0.009	32999	700	281	266	-15	2	93.99	93.99	93.99
juego1	easy	50.0	0.009	33008	700	281	267	-14	2	93.82	93.82	93.82
juego1	easy	50.0	0.009	33015	700	282	267	-15	2	93.74	93.74	93.74
juego1	easy	50.0	0.009	33024	700	283	268	-15	2	93.57	93.57	93.57
juego1	easy	50.0	0.009	33032	700	284	268	-16	2	93.36	93.36	93.36
juego1	easy	50.0	0.009	33041	700	285	269	-16	2	93.12	93.12	93.12
juego1	easy	50.0	0.009	33049	700	285	270	-15	2	92.99	92.99	92.99
juego1	easy	50.0	0.009	33058	700	286	270	-16	2	92.75	92.75	92.75
juego1	easy	50.0	0.009	33066	700	287	271	-16	2	92.5	92.5	92.5
juego1	easy	50.0	0.009	33075	700	288	272	-16	2	92.36	92.36	92.36
juego1	easy	50.0	0.009	33083	700	289	273	-16	2	92.08	92.08	92.08
juego1	easy	50.0	0.009	33092	700	289	273	-16	2	91.8	91.8	91.8
juego1	easy	50.0	0.009	33100	700	290	274	-16	2	91.67	91.67	91.67
juego1	easy	50.0	0.009	33108	700	291	274	-17	2	91.45	91.45	91.45
juego1	easy	50.0	0.009	33117	700	292	275	-17	2	91.25	91.25	91.25
juego1	easy	50.0	0.009	33125	700	293	275	-18	2	91.15	91.15	91.15
juego1	easy	50.0	0.009	33134	700	293	276	-17	2	90.95	90.95	90.95
juego1	easy	50.0	0.009	33143	700	294	277	-17	2	90.77	90.77	90.77
juego1	easy	50.0	0.009	33151	700	295	277	-18	2	90.68	90.68	90.68
juego1	easy	50.0	0.009	33159	700	296	277	-19	2	90.53	90.53	90.53
juego1	easy	50.0	0.009	33168	700	297	278	-19	2	90.38	90.38	90.38
juego1	easy	50.0	0.009	33176	700	297	278	-19	2	90.22	90.22	90.22
juego1	easy	50.0	0.009	33185	700	298	279	-19	2	90.15	90.15	90.15
juego1	easy	50.0	0.009	33193	700	299	279	-20	2	90.01	90.01	90.01
juego1	easy	50.0	0.009	33202	700	300	279	-21	2	89.86	89.86	89.86
juego1	easy	50.0	0.009	33211	700	300	280	-20	2	89.69	89.69	89.69
juego1	easy	50.0	0.009	33219	700	300	280	-20	2	89.59	89.59	89.59
juego1	easy	50.0	0.009	33228	700	301	281	-20	2	89.35	89.35	89.35
juego1	easy	50.0	0.009	33237	700	302	282	-20	2	89.07	89.07	89.07
juego1	easy	50.0	0.009	33245	700	303	282	-21	2	88.94	88.94	88.94
juego1	easy	50.0	0.009	33254	700	303	283	-20	2	88.73	88.73	88.73
juego1	easy	50.0	0.009	33262	700	304	284	-20	2	88.51	88.51	88.51
juego1	easy	50.0	0.009	33271	700	305	285	-20	2	88.27	88.27	88.27
juego1	easy	50.0	0.009	33280	700	306	285	-21	2	88.13	88.13	88.13
juego1	easy	50.0	0.009	33289	700	306	286	-20	2	87.83	87.83	87.83
juego1	easy	50.0	0.009	33297	700	307	287	-20	2	87.49	87.49	87.49
juego1	easy	50.0	0.009	33306	700	308	287	-21	2	87.32	87.32	87.32
juego1	easy	50.0	0.009	33315	700	308	289	-19	2	86.97	86.97	86.97
juego1	easy	50.0	0.009	33324	700	309	290	-19	2	86.55	86.55	86.55
juego1	easy	50.0	0.009	33332	700	310	291	-19	2	86.33	86.33	86.33
juego1	easy	50.0	0.009	33341	700	311	292	-19	2	85.89	85.89	85.89
juego1	easy	50.0	0.009	33350	700	311	293	-18	2	85.45	85.45	85.45
juego1	easy	50.0	0.009	33358	700	312	295	-17	2	85.0	85.0	85.0
juego1	easy	50.0	0.009	33367	700	313	296	-17	2	84.59	84.59	84.59
juego1	easy	50.0	0.009	33375	700	313	297	-16	2	84.36	84.36	84.36
juego1	easy	50.0	0.009	33384	700	314	298	-16	2	83.94	83.94	83.94
juego1	easy	50.0	0.009	33392	700	315	299	-16	2	83.57	83.57	83.57
juego1	easy	50.0	0.009	33401	700	316	300	-16	2	83.38	83.38	83.38
juego1	easy	50.0	0.009	33410	700	316	300	-16	2	83.01	83.01	83.01
juego1	easy	50.0	0.009	33418	700	317	301	-16	2	82.6	82.6	82.6
juego1	easy	50.0	0.009	33427	700	318	303	-15	2	82.13	82.13	82.13
juego1	easy	50.0	0.009	33436	700	318	304	-14	2	81.88	81.88	81.88
juego1	easy	50.0	0.009	33443	700	319	305	-14	2	81.39	81.39	81.39
juego1	easy	50.0	0.009	33452	700	320	307	-13	2	80.95	80.95	80.95
juego1	easy	50.0	0.009	33459	700	320	307	-13	2	80.76	80.76	80.76
juego1	easy	50.0	0.009	33468	700	321	308	-13	2	80.43	80.43	80.43
juego1	easy	50.0	0.009	33476	700	322	309	-13	2	80.28	80.28	80.28
juego1	easy	50.0	0.009	33484	700	322	310	-12	2	79.97	79.97	79.97
juego1	easy	50.0	0.009	33492	700	323	311	-12	2	79.61	79.61	79.61
juego1	easy	50.0	0.009	33501	700	324	311	-13	2	79.41	79.41	79.41
juego1	easy	50.0	0.009	33509	700	324	313	-11	2	79.0	79.0	79.0
juego1	easy	50.0	0.009	33518	700	325	314	-11	2	78.58	78.58	78.58
juego1	easy	50.0	0.009	33527	700	326	315	-11	2	78.14	78.14	78.14
juego1	easy	50.0	0.009	33535	700	326	316	-10	2	77.92	77.92	77.92
juego1	easy	50.0	0.009	33544	700	327	317	-10	2	77.52	77.52	77.52
juego1	easy	50.0	0.009	33551	700	327	318	-9	2	77.32	77.32	77.32
juego1	easy	50.0	0.009	33560	700	328	319	-9	2	76.93	76.93	76.93
juego1	easy	50.0	0.009	33569	700	329	320	-9	2	76.53	76.53	76.53
juego1	easy	50.0	0.009	33578	700	329	322	-7	2	76.13	76.13	76.13
juego1	easy	50.0	0.009	33586	700	330	322	-8	2	75.94	75.94	75.94
juego1	easy	50.0	0.009	33594	700	330	323	-7	2	75.74	75.74	75.74
juego1	easy	50.0	0.009	33602	700	331	324	-7	2	75.36	75.36	75.36
juego1	easy	50.0	0.009	33611	700	332	326	-6	2	74.88	74.88	74.88
juego1	easy	50.0	0.009	33619	700	332	327	-5	2	74.44	74.44	74.44
juego1	easy	50.0	0.009	33628	700	333	328	-5	2	74.0	74.0	74.0
juego1	easy	50.0	0.009	33637	700	333	329	-4	2	73.8	73.8	73.8
juego1	easy	50.0	0.009	33645	700	334	330	-4	2	73.38	73.38	73.38
juego1	easy	50.0	0.009	33653	700	334	332	-2	2	72.95	72.95	72.95
juego1	easy	50.0	0.009	33662	700	335	333	-2	2	72.57	72.57	72.57
juego1	easy	50.0	0.009	33671	700	336	334	-2	2	72.39	72.39	72.39
juego1	easy	50.0	0.009	33679	700	336	335	-1	2	72.03	72.03	72.03
juego1	easy	50.0	0.009	33688	700	337	336	-1	2	71.68	71.68	71.68
juego1	easy	50.0	0.009	33696	700	337	336	-1	2	71.49	71.49	71.49
juego1	easy	50.0	0.009	33705	700	338	337	-1	2	71.13	71.13	71.13
juego1	easy	50.0	0.009	33713	700	338	339	1	2	70.78	70.78	70.78
juego1	easy	50.0	0.009	33722	700	339	339	0	2	70.61	70.61	70.61
juego1	easy	50.0	0.009	33731	700	339	340	1	2	70.19	70.19	70.19
juego1	easy	50.0	0.009	33739	700	340	342	2	2	69.72	69.72	69.72
juego1	easy	50.0	0.009	33748	700	340	343	3	2	69.3	69.3	69.3
juego1	easy	50.0	0.009	33756	700	341	344	3	2	69.11	69.11	69.11
juego1	easy	50.0	0.009	33765	700	341	345	4	2	68.75	68.75	68.75
juego1	easy	50.0	0.009	33774	700	342	346	4	2	68.39	68.39	68.39
juego1	easy	50.0	0.009	33782	700	342	347	5	2	68.06	68.06	68.06
juego1	easy	50.0	0.009	33791	700	343	348	5	2	67.88	67.88	67.88
juego1	easy	50.0	0.009	33799	700	343	349	6	2	67.53	67.53	67.53
juego1	easy	50.0	0.009	33808	700	343	350	7	2	67.17	67.17	67.17
juego1	easy	50.0	0.009	33817	700	344	351	7	2	66.99	66.99	66.99
juego1	easy	50.0	0.009	33825	700	344	352	8	2	66.62	66.62	66.62
juego1	easy	50.0	0.009	33833	700	345	353	8	2	66.27	66.27	66.27
juego1	easy	50.0	0.009	33842	700	345	353	8	2	66.11	66.11	66.11
juego1	easy	50.0	0.009	33851	700	346	354	8	2	65.81	65.81	65.81
juego1	easy	50.0	0.009	33860	700	346	355	9	2	65.54	65.54	65.54
juego1	easy	50.0	0.009	33868	700	346	356	10	2	65.3	65.3	65.3
juego1	easy	50.0	0.009	33877	700	347	356	9	2	65.3	65.3	65.3
juego1	easy	50.0	0.009	33886	700	347	357	10	2	64.9	64.9	64.9
juego1	easy	50.0	0.009	33894	700	348	358	10	2	64.59	64.59	64.59
juego1	easy	50.0	0.009	33903	700	348	359	11	2	64.29	64.29	64.29
juego1	easy	50.0	0.009	33911	700	348	359	11	2	64.15	64.15	64.15
juego1	easy	50.0	0.009	33920	700	349	360	11	2	63.88	63.88	63.88
juego1	easy	50.0	0.009	33929	700	349	361	12	2	63.6	63.6	63.6
juego1	easy	50.0	0.009	33937	700	349	362	13	2	63.46	63.46	63.46
juego1	easy	50.0	0.009	33945	700	350	362	12	2	63.22	63.22	63.22
juego1	easy	50.0	0.009	33954	700	350	363	13	2	62.98	62.98	62.98
juego1	easy	50.0	0.009	33962	700	350	363	13	2	62.87	62.87	62.87
juego1	easy	50.0	0.009	33970	700	351	364	13	2	62.68	62.68	62.68
juego1	easy	50.0	0.009	33979	700	351	365	14	2	62.53	62.53	62.53
juego1	easy	50.0	0.009	33988	700	351	365	14	2	62.46	62.46	62.46
juego1	easy	50.0	0.009	33996	700	352	365	13	2	62.34	62.34	62.34
juego1	easy	50.0	0.009	34004	700	352	365	13	2	62.29	62.29	62.29
juego1	easy	50.0	0.009	34013	700	352	365	13	2	62.28	62.28	62.28
juego1	easy	50.0	0.009	34022	700	353	365	12	2	62.29	62.29	62.29
juego1	easy	50.0	0.009	34031	700	353	365	12	2	62.31	62.31	62.31
juego1	easy	50.0	0.009	34039	700	353	365	12	2	62.3	62.3	62.3
juego1	easy	50.0	0.009	34048	700	353	365	12	2	62.29	62.29	62.29
juego1	easy	50.0	0.009	34057	700	354	365	11	2	62.28	62.28	62.28
juego1	easy	50.0	0.009	34066	700	354	365	11	2	62.28	62.28	62.28
juego1	easy	50.0	0.009	34074	700	354	365	11	2	62.33	62.33	62.33
juego1	easy	50.0	0.009	34083	700	354	365	11	2	62.35	62.35	62.35
juego1	easy	50.0	0.009	34092	700	355	365	10	2	62.37	62.37	62.37
juego1	easy	50.0	0.009	34101	700	355	365	10	2	62.37	62.37	62.37
juego1	easy	50.0	0.009	34108	700	355	365	10	2	62.38	62.38	62.38
juego1	easy	50.0	0.009	34117	700	355	365	10	2	62.39	62.39	62.39
juego1	easy	50.0	0.009	34125	700	355	365	10	2	62.37	62.37	62.37
juego1	easy	50.0	0.009	34134	700	356	365	9	2	62.38	62.38	62.38
juego1	easy	50.0	0.009	34142	700	356	365	9	2	62.38	62.38	62.38
juego1	easy	50.0	0.009	34151	700	356	365	9	2	62.38	62.38	62.38
juego1	easy	50.0	0.009	34159	700	356	365	9	2	62.38	62.38	62.38
juego1	easy	50.0	0.009	34168	700	356	365	9	2	62.38	62.38	62.38
juego1	easy	50.0	0.009	34177	700	356	365	9	2	62.36	62.36	62.36
juego1	easy	50.0	0.009	34185	700	357	365	8	2	62.3	62.3	62.3
juego1	easy	50.0	0.009	34194	700	357	366	9	2	62.21	62.21	62.21
juego1	easy	50.0	0.009	34203	700	357	366	9	2	62.16	62.16	62.16
juego1	easy	50.0	0.009	34212	700	357	366	9	2	62.11	62.11	62.11
juego1	easy	50.0	0.009	34221	700	357	366	9	2	62.09	62.09	62.09
juego1	easy	50.0	0.009	34229	700	357	366	9	2	62.06	62.06	62.06
juego1	easy	50.0	0.009	34238	700	357	366	9	2	62.05	62.05	62.05
juego1	easy	50.0	0.009	34247	700	357	366	9	2	62.0	62.0	62.0
juego1	easy	50.0	0.009	34255	700	358	366	8	2	61.93	61.93	61.93
juego1	easy	50.0	0.009	34264	700	358	367	9	2	61.84	61.84	61.84
juego1	easy	50.0	0.009	34272	700	358	367	9	2	61.77	61.77	61.77
juego1	easy	50.0	0.009	34281	700	358	367	9	2	61.63	61.63	61.63
juego1	easy	50.0	0.009	34289	700	358	368	10	2	61.5	61.5	61.5
juego1	easy	50.0	0.009	34298	700	358	368	10	2	61.45	61.45	61.45
juego1	easy	50.0	0.009	34306	700	358	368	10	2	61.46	61.46	61.46
juego1	easy	50.0	0.009	34315	700	358	368	10	2	61.48	61.48	61.48
juego1	easy	50.0	0.009	34323	700	358	368	10	2	61.47	61.47	61.47
juego1	easy	50.0	0.009	34331	700	358	368	10	2	61.41	61.41	61.41
juego1	easy	50.0	0.009	34340	700	358	368	10	2	61.41	61.41	61.41
juego1	easy	50.0	0.009	34348	700	358	368	10	2	61.44	61.44	61.44
juego1	easy	50.0	0.009	34356	700	358	368	10	2	61.52	61.52	61.52
juego1	easy	50.0	0.009	34365	700	358	367	9	2	61.63	61.63	61.63
juego1	easy	50.0	0.009	34374	700	358	367	9	2	61.7	61.7	61.7
juego1	easy	50.0	0.009	34382	700	358	367	9	2	61.72	61.72	61.72
juego1	easy	50.0	0.009	34391	700	358	367	9	2	61.75	61.75	61.75
juego1	easy	50.0	0.009	34399	700	358	367	9	2	61.82	61.82	61.82
juego1	easy	50.0	0.009	34407	700	358	367	9	2	61.82	61.82	61.82
juego1	easy	50.0	0.009	34417	700	358	366	8	2	61.93	61.93	61.93
juego1	easy	50.0	0.009	34424	700	358	366	8	2	61.97	61.97	61.97
juego1	easy	50.0	0.009	34433	700	358	366	8	2	61.99	61.99	61.99
juego1	easy	50.0	0.009	34441	700	358	366	8	2	62.03	62.03	62.03
juego1	easy	50.0	0.009	34450	700	358	366	8	2	62.05	62.05	62.05
juego1	easy	50.0	0.009	34458	700	357	366	9	2	62.05	62.05	62.05
juego1	easy	50.0	0.009	34467	700	357	366	9	2	62.08	62.08	62.08
juego1	easy	50.0	0.009	34476	700	357	366	9	2	62.15	62.15	62.15
juego1	easy	50.0	0.009	34483	700	357	366	9	2	62.2	62.2	62.2
juego1	easy	50.0	0.009	34492	700	357	365	8	2	62.31	62.31	62.31
juego1	easy	50.0	0.009	34501	700	357	365	8	2	62.41	62.41	62.41
juego1	easy	50.0	0.009	34510	700	357	365	8	2	62.49	62.49	62.49
juego1	easy	50.0	0.009	34517	700	357	365	8	2	62.52	62.52	62.52
juego1	easy	50.0	0.009	34526	700	356	364	8	2	62.56	62.56	62.56
juego1	easy	50.0	0.009	34533	700	356	364	8	2	62.57	62.57	62.57
juego1	easy	50.0	0.009	34542	700	356	364	8	2	62.57	62.57	62.57
juego1	easy	50.0	0.009	34551	700	356	365	9	2	62.53	62.53	62.53
juego1	easy	50.0	0.009	34560	700	356	365	9	2	62.42	62.42	62.42
juego1	easy	50.0	0.009	34569	700	356	365	9	2	62.34	62.34	62.34
juego1	easy	50.0	0.009	34578	700	355	366	11	2	62.15	62.15	62.15
juego1	easy	50.0	0.009	34587	700	355	366	11	2	62.03	62.03	62.03
juego1	easy	50.0	0.009	34596	700	355	366	11	2	62.01	62.01	62.01
juego1	easy	50.0	0.009	34604	700	355	366	11	2	62.03	62.03	62.03
juego1	easy	50.0	0.009	34613	700	355	366	11	2	62.09	62.09	62.09
juego1	easy	50.0	0.009	34622	700	354	366	12	2	62.1	62.1	62.1
juego1	easy	50.0	0.009	34631	700	354	366	12	2	62.11	62.11	62.11
juego1	easy	50.0	0.009	34638	700	354	366	12	2	62.1	62.1	62.1
juego1	easy	50.0	0.009	34647	700	354	366	12	2	62.09	62.09	62.09
juego1	easy	50.0	0.009	34655	700	353	366	13	2	62.12	62.12	62.12
juego1	easy	50.0	0.009	34664	700	353	366	13	2	62.13	62.13	62.13
juego1	easy	50.0	0.009	34672	700	353	366	13	2	62.18	62.18	62.18
juego1	easy	50.0	0.009	34681	700	353	366	13	2	62.16	62.16	62.16
juego1	easy	50.0	0.009	34689	700	352	366	14	2	62.12	62.12	62.12
juego1	easy	50.0	0.009	34697	700	352	366	14	2	61.96	61.96	61.96
juego1	easy	50.0	0.009	34706	700	352	367	15	2	61.72	61.72	61.72
juego1	easy	50.0	0.009	34715	700	351	368	17	2	61.53	61.53	61.53
juego1	easy	50.0	0.009	34723	700	351	368	17	2	61.49	61.49	61.49
juego1	easy	50.0	0.009	34732	700	351	368	17	2	61.46	61.46	61.46
juego1	easy	50.0	0.009	34739	700	350	368	18	2	61.45	61.45	61.45
juego1	easy	50.0	0.009	34748	700	350	368	18	2	61.47	61.47	61.47
juego1	easy	50.0	0.009	34756	700	350	368	18	2	61.47	61.47	61.47
juego1	easy	50.0	0.009	34765	700	349	368	19	2	61.48	61.48	61.48
juego1	easy	50.0	0.009	34773	700	349	368	19	2	61.49	61.49	61.49
juego1	easy	50.0	0.009	34782	700	349	368	19	2	61.52	61.52	61.52
juego1	easy	50.0	0.009	34791	700	348	368	20	2	61.57	61.57	61.57
juego1	easy	50.0	0.009	34798	700	348	368	20	2	61.59	61.59	61.59
juego1	easy	50.0	0.009	34807	700	348	368	20	2	61.56	61.56	61.56
juego1	easy	50.0	0.009	34816	700	347	368	21	2	61.47	61.47	61.47
juego1	easy	50.0	0.009	34823	700	347	368	21	2	61.43	61.43	61.43
juego1	easy	50.0	0.009	34832	700	346	368	22	2	61.43	61.43	61.43
juego1	easy	50.0	0.009	34840	700	346	367	21	2	61.6	61.6	61.6
juego1	easy	50.0	0.009	34848	700	346	367	21	2	61.74	61.74	61.74
juego1	easy	50.0	0.009	34856	700	345	366	21	2	62.14	62.14	62.14
juego1	easy	50.0	0.009	34865	700	345	366	21	2	62.14	62.14	62.14
juego1	easy	50.0	0.009	34873	700	344	364	20	2	62.72	62.72	62.72
juego1	easy	50.0	0.009	34882	700	344	363	19	2	63.03	63.03	63.03
juego1	easy	50.0	0.009	34890	700	344	363	19	2	63.12	63.12	63.12
juego1	easy	50.0	0.009	34899	700	343	362	19	2	63.26	63.26	63.26
juego1	easy	50.0	0.009	34907	700	343	362	19	2	63.35	63.35	63.35
juego1	easy	50.0	0.009	34916	700	342	362	20	2	63.37	63.37	63.37
juego1	easy	50.0	0.009	34923	700	342	362	20	2	63.41	63.41	63.41
juego1	easy	50.0	0.009	34932	700	341	361	20	2	63.55	63.55	63.55
juego1	easy	50.0	0.009	34941	700	341	361	20	2	63.76	63.76	63.76
juego1	easy	50.0	0.009	34948	700	340	360	20	2	63.89	63.89	63.89
juego1	easy	50.0	0.009	34957	700	340	360	20	2	64.06	64.06	64.06
juego1	easy	50.0	0.009	34966	700	339	360	21	2	64.06	64.06	64.06
juego1	easy	50.0	0.009	34974	700	339	360	21	2	64.02	64.02	64.02
juego1	easy	50.0	0.009	34983	700	338	360	22	2	63.91	63.91	63.91
juego1	easy	50.0	0.009	34991	700	338	361	23	2	63.81	63.81	63.81
juego1	easy	50.0	0.009	35001	700	337	361	24	2	63.78	63.78	63.78
juego1	easy	50.0	0.009	35008	700	337	361	24	2	63.79	63.79	63.79
juego1	easy	50.0	0.009	35017	700	336	360	24	2	63.83	63.83	63.83
juego1	easy	50.0	0.009	35025	700	336	360	24	2	63.87	63.87	63.87
juego1	easy	50.0	0.009	35033	700	335	360	25	2	63.95	63.95	63.95
juego1	easy	50.0	0.009	35042	700	335	360	25	2	64.0	64.0	64.0
juego1	easy	50.0	0.009	35049	700	334	360	26	2	64.02	64.02	64.02
juego1	easy	50.0	0.009	35058	700	333	360	27	2	64.04	64.04	64.04
juego1	easy	50.0	0.009	35066	700	333	360	27	2	64.09	64.09	64.09
juego1	easy	50.0	0.009	35074	700	332	360	28	2	64.12	64.12	64.12
juego1	easy	50.0	0.009	35083	700	332	359	27	2	64.2	64.2	64.2
juego1	easy	50.0	0.009	35091	700	331	359	28	2	64.33	64.33	64.33
juego1	easy	50.0	0.009	35100	700	331	359	28	2	64.4	64.4	64.4
juego1	easy	50.0	0.009	35109	700	330	358	28	2	64.6	64.6	64.6
juego1	easy	50.0	0.009	35117	700	329	358	29	2	64.77	64.77	64.77
juego1	easy	50.0	0.009	35126	700	329	357	28	2	64.88	64.88	64.88
juego1	easy	50.0	0.009	35134	700	328	357	29	2	64.93	64.93	64.93
juego1	easy	50.0	0.009	35143	700	328	357	29	2	64.99	64.99	64.99
juego1	easy	50.0	0.009	35152	700	327	357	30	2	65.06	65.06	65.06
juego1	easy	50.0	0.009	35160	700	326	357	31	2	65.09	65.09	65.09
juego1	easy	50.0	0.009	35168	700	326	356	30	2	65.18	65.18	65.18
juego1	easy	50.0	0.009	35177	700	325	356	31	2	65.28	65.28	65.28
juego1	easy	50.0	0.009	35186	700	324	356	32	2	65.34	65.34	65.34
juego1	easy	50.0	0.009	35194	700	324	355	31	2	65.47	65.47	65.47
juego1	easy	50.0	0.009	35203	700	323	355	32	2	65.57	65.57	65.57
juego1	easy	50.0	0.009	35212	700	322	355	33	2	65.64	65.64	65.64
juego1	easy	50.0	0.009	35221	700	322	355	33	2	65.67	65.67	65.67
juego1	easy	50.0	0.009	35229	700	321	355	34	2	65.67	65.67	65.67
juego1	easy	50.0	0.009	35237	700	320	355	35	2	65.66	65.66	65.66
juego1	easy	50.0	0.009	35246	700	320	355	35	2	65.66	65.66	65.66
juego1	easy	50.0	0.009	35254	700	319	355	36	2	65.68	65.68	65.68
juego1	easy	50.0	0.009	35263	700	318	355	37	2	65.7	65.7	65.7
juego1	easy	50.0	0.009	35271	700	318	355	37	2	65.72	65.72	65.72
juego1	easy	50.0	0.009	35279	700	317	354	37	2	65.73	65.73	65.73
juego1	easy	50.0	0.009	35288	700	316	355	39	2	65.71	65.71	65.71
juego1	easy	50.0	0.009	35297	700	316	355	39	2	65.69	65.69	65.69
juego1	easy	50.0	0.009	35304	700	315	355	40	2	65.68	65.68	65.68
juego1	easy	50.0	0.009	35313	700	314	355	41	2	65.66	65.66	65.66
juego1	easy	50.0	0.009	35322	700	314	355	41	2	65.66	65.66	65.66
juego1	easy	50.0	0.009	35329	700	313	355	42	2	65.66	65.66	65.66
juego1	easy	50.0	0.009	35337	700	312	355	43	2	65.67	65.67	65.67
juego1	easy	50.0	0.009	35346	700	312	355	43	2	65.67	65.67	65.67
juego1	easy	50.0	0.009	35354	700	311	355	44	2	65.67	65.67	65.67
juego1	easy	50.0	0.009	35363	700	310	355	45	2	65.67	65.67	65.67
juego1	easy	50.0	0.009	35400	700	309	355	46	2	65.67	65.67	65.67
