game	difficulty	amplitude	velocity	time	xpos	y_computer	y_human	y_error	trial	kp	x	y	z
juego1	easy	40.0	0.008	13196	700	282	294	12	0	1	47.18	47.18	47.18
juego1	easy	40.0	0.008	13198	700	282	294	12	0	1	47.18	47.18	47.18
juego1	easy	40.0	0.008	13207	700	282	293	11	0	1	47.69	47.69	47.69
juego1	easy	40.0	0.008	13215	700	281	293	12	0	1	47.76	47.76	47.76
juego1	easy	40.0	0.008	13223	700	281	292	11	0	1	47.89	47.89	47.89
juego1	easy	40.0	0.008	13232	700	280	292	12	0	1	48.04	48.04	48.04
juego1	easy	40.0	0.008	13240	700	280	292	12	0	1	48.12	48.12	48.12
juego1	easy	40.0	0.008	13249	700	280	291	11	0	1	48.3	48.3	48.3
juego1	easy	40.0	0.008	13258	700	279	291	12	0	1	48.46	48.46	48.46
juego1	easy	40.0	0.008	13267	700	279	291	12	0	1	48.61	48.61	48.61
juego1	easy	40.0	0.008	13276	700	278	290	12	0	1	48.69	48.69	48.69
juego1	easy	40.0	0.008	13286	700	278	290	12	0	1	48.84	48.84	48.84
juego1	easy	40.0	0.008	13294	700	277	290	13	0	1	48.99	48.99	48.99
juego1	easy	40.0	0.008	13303	700	277	289	12	0	1	49.08	49.08	49.08
juego1	easy	40.0	0.008	13310	700	277	289	12	0	1	49.13	49.13	49.13
juego1	easy	40.0	0.008	13319	700	276	289	13	0	1	49.18	49.18	49.18
juego1	easy	40.0	0.008	13327	700	276	289	13	0	1	49.19	49.19	49.19
juego1	easy	40.0	0.008	13335	700	275	289	14	0	1	49.19	49.19	49.19
juego1	easy	40.0	0.008	13355	700	275	289	14	0	1	49.2	49.2	49.2
juego1	easy	40.0	0.008	13358	700	275	289	14	0	1	49.21	49.21	49.21
juego1	easy	40.0	0.008	13367	700	274	289	15	0	1	49.26	49.26	49.26
juego1	easy	40.0	0.008	13377	700	274	289	15	0	1	49.28	49.28	49.28
juego1	easy	40.0	0.008	13385	700	273	289	16	0	1	49.32	49.32	49.32
juego1	easy	40.0	0.008	13393	700	273	288	15	0	1	49.4	49.4	49.4
juego1	easy	40.0	0.008	13401	700	272	288	16	0	1	49.45	49.45	49.45
juego1	easy	40.0	0.008	13409	700	272	288	16	0	1	49.58	49.58	49.58
juego1	easy	40.0	0.008	13417	700	272	287	15	0	1	49.79	49.79	49.79
juego1	easy	40.0	0.008	13426	700	271	287	16	0	1	49.94	49.94	49.94
juego1	easy	40.0	0.008	13435	700	271	286	15	0	1	50.42	50.42	50.42
juego1	easy	40.0	0.008	13444	700	270	284	14	0	1	51.08	51.08	51.08
juego1	easy	40.0	0.008	13452	700	270	283	13	0	1	51.45	51.45	51.45
juego1	easy	40.0	0.008	13459	700	270	282	12	0	1	51.99	51.99	51.99
juego1	easy	40.0	0.008	13468	700	269	280	11	0	1	52.65	52.65	52.65
juego1	easy	40.0	0.008	13476	700	269	277	8	0	1	53.64	53.64	53.64
juego1	easy	40.0	0.008	13484	700	268	274	6	0	1	54.83	54.83	54.83
juego1	easy	40.0	0.008	13492	700	268	271	3	0	1	56.26	56.26	56.26
juego1	easy	40.0	0.008	13501	700	268	269	1	0	1	57.04	57.04	57.04
juego1	easy	40.0	0.008	13510	700	267	264	-3	0	1	58.72	58.72	58.72
juego1	easy	40.0	0.008	13518	700	267	260	-7	0	1	60.34	60.34	60.34
juego1	easy	40.0	0.008	13527	700	266	258	-8	0	1	61.14	61.14	61.14
juego1	easy	40.0	0.008	13536	700	266	256	-10	0	1	61.86	61.86	61.86
juego1	easy	40.0	0.008	13545	700	265	251	-14	0	1	63.78	63.78	63.78
juego1	easy	40.0	0.008	13553	700	265	247	-18	0	1	65.21	65.21	65.21
juego1	easy	40.0	0.008	13563	700	265	244	-21	0	1	66.55	66.55	66.55
juego1	easy	40.0	0.008	13571	700	264	242	-22	0	1	67.13	67.13	67.13
juego1	easy	40.0	0.008	13580	700	264	239	-25	0	1	68.17	68.17	68.17
juego1	easy	40.0	0.008	13589	700	264	237	-27	0	1	69.27	69.27	69.27
juego1	easy	40.0	0.008	13598	700	263	234	-29	0	1	70.45	70.45	70.45
juego1	easy	40.0	0.008	13606	700	263	232	-31	0	1	71.07	71.07	71.07
juego1	easy	40.0	0.008	13614	700	262	229	-33	0	1	72.22	72.22	72.22
juego1	easy	40.0	0.008	13622	700	262	227	-35	0	1	72.79	72.79	72.79
juego1	easy	40.0	0.008	13631	700	262	225	-37	0	1	73.84	73.84	73.84
juego1	easy	40.0	0.008	13639	700	261	222	-39	0	1	74.78	74.78	74.78
juego1	easy	40.0	0.008	13647	700	261	221	-40	0	1	75.26	75.26	75.26
juego1	easy	40.0	0.008	13655	700	260	219	-41	0	1	76.2	76.2	76.2
juego1	easy	40.0	0.008	13663	700	260	216	-44	0	1	77.2	77.2	77.2
juego1	easy	40.0	0.008	13672	700	260	215	-45	0	1	77.73	77.73	77.73
juego1	easy	40.0	0.008	13679	700	259	212	-47	0	1	78.78	78.78	78.78
juego1	easy	40.0	0.008	13688	700	259	210	-49	0	1	79.34	79.34	79.34
juego1	easy	40.0	0.008	13695	700	258	208	-50	0	1	80.38	80.38	80.38
juego1	easy	40.0	0.008	13704	700	258	205	-53	0	1	81.3	81.3	81.3
juego1	easy	40.0	0.008	13712	700	258	204	-54	0	1	81.7	81.7	81.7
juego1	easy	40.0	0.008	13721	700	257	202	-55	0	1	82.51	82.51	82.51
juego1	easy	40.0	0.008	13730	700	257	199	-58	0	1	83.5	83.5	83.5
juego1	easy	40.0	0.008	13738	700	257	196	-61	0	1	84.66	84.66	84.66
juego1	easy	40.0	0.008	13747	700	256	195	-61	0	1	85.22	85.22	85.22
juego1	easy	40.0	0.008	13756	700	256	194	-62	0	1	85.74	85.74	85.74
juego1	easy	40.0	0.008	13765	700	256	192	-64	0	1	86.49	86.49	86.49
juego1	easy	40.0	0.008	13773	700	255	189	-66	0	1	87.34	87.34	87.34
juego1	easy	40.0	0.008	13782	700	255	188	-67	0	1	88.04	88.04	88.04
juego1	easy	40.0	0.008	13790	700	254	185	-69	0	1	88.93	88.93	88.93
juego1	easy	40.0	0.008	13799	700	254	182	-72	0	1	90.09	90.09	90.09
juego1	easy	40.0	0.008	13808	700	254	179	-75	0	1	91.25	91.25	91.25
juego1	easy	40.0	0.008	13817	700	253	178	-75	0	1	91.71	91.71	91.71
juego1	easy	40.0	0.008	13826	700	253	176	-77	0	1	92.38	92.38	92.38
juego1	easy	40.0	0.008	13835	700	253	175	-78	0	1	92.92	92.92	92.92
juego1	easy	40.0	0.008	13844	700	252	173	-79	0	1	93.5	93.5	93.5
juego1	easy	40.0	0.008	13853	700	252	172	-80	0	1	93.94	93.94	93.94
juego1	easy	40.0	0.008	13861	700	252	172	-80	0	1	94.14	94.14	94.14
juego1	easy	40.0	0.008	13870	700	251	171	-80	0	1	94.34	94.34	94.34
juego1	easy	40.0	0.008	13879	700	251	171	-80	0	1	94.49	94.49	94.49
juego1	easy	40.0	0.008	13888	700	251	170	-81	0	1	94.7	94.7	94.7
juego1	easy	40.0	0.008	13897	700	250	170	-80	0	1	94.83	94.83	94.83
juego1	easy	40.0	0.008	13905	700	250	169	-81	0	1	95.12	95.12	95.12
juego1	easy	40.0	0.008	13914	700	250	168	-82	0	1	95.4	95.4	95.4
juego1	easy	40.0	0.008	13922	700	249	168	-81	0	1	95.48	95.48	95.48
juego1	easy	40.0	0.008	13930	700	249	168	-81	0	1	95.53	95.53	95.53
juego1	easy	40.0	0.008	13939	700	249	168	-81	0	1	95.56	95.56	95.56
juego1	easy	40.0	0.008	13948	700	248	168	-80	0	1	95.56	95.56	95.56
juego1	easy	40.0	0.008	13958	700	248	168	-80	0	1	95.58	95.58	95.58
juego1	easy	40.0	0.008	13966	700	248	168	-80	0	1	95.6	95.6	95.6
juego1	easy	40.0	0.008	13976	700	247	168	-79	0	1	95.63	95.63	95.63
juego1	easy	40.0	0.008	13984	700	247	168	-79	0	1	95.65	95.65	95.65
juego1	easy	40.0	0.008	13993	700	247	168	-79	0	1	95.66	95.66	95.66
juego1	easy	40.0	0.008	14002	700	246	168	-78	0	1	95.65	95.65	95.65
juego1	easy	40.0	0.008	14011	700	246	168	-78	0	1	95.6	95.6	95.6
juego1	easy	40.0	0.008	14020	700	246	168	-78	0	1	95.5	95.5	95.5
juego1	easy	40.0	0.008	14028	700	246	168	-78	0	1	95.45	95.45	95.45
juego1	easy	40.0	0.008	14037	700	245	168	-77	0	1	95.41	95.41	95.41
juego1	easy	40.0	0.008	14046	700	245	168	-77	0	1	95.42	95.42	95.42
juego1	easy	40.0	0.008	14054	700	245	168	-77	0	1	95.52	95.52	95.52
juego1	easy	40.0	0.008	14063	700	244	168	-76	0	1	95.57	95.57	95.57
juego1	easy	40.0	0.008	14072	700	244	168	-76	0	1	95.64	95.64	95.64
juego1	easy	40.0	0.008	14081	700	244	168	-76	0	1	95.66	95.66	95.66
juego1	easy	40.0	0.008	14089	700	243	168	-75	0	1	95.66	95.66	95.66
juego1	easy	40.0	0.008	14098	700	243	168	-75	0	1	95.67	95.67	95.67
juego1	easy	40.0	0.008	14107	700	243	168	-75	0	1	95.7	95.7	95.7
juego1	easy	40.0	0.008	14114	700	243	168	-75	0	1	95.76	95.76	95.76
juego1	easy	40.0	0.008	14123	700	242	167	-75	0	1	95.77	95.77	95.77
juego1	easy	40.0	0.008	14131	700	242	168	-74	0	1	95.76	95.76	95.76
juego1	easy	40.0	0.008	14140	700	242	168	-74	0	1	95.76	95.76	95.76
juego1	easy	40.0	0.008	14149	700	242	167	-75	0	1	95.88	95.88	95.88
juego1	easy	40.0	0.008	14158	700	241	167	-74	0	1	95.94	95.94	95.94
juego1	easy	40.0	0.008	14165	700	241	167	-74	0	1	96.02	96.02	96.02
juego1	easy	40.0	0.008	14174	700	241	167	-74	0	1	96.04	96.04	96.04
juego1	easy	40.0	0.008	14182	700	240	167	-73	0	1	96.06	96.06	96.06
juego1	easy	40.0	0.008	14191	700	240	167	-73	0	1	96.09	96.09	96.09
juego1	easy	40.0	0.008	14200	700	240	167	-73	0	1	96.13	96.13	96.13
juego1	easy	40.0	0.008	14208	700	240	166	-74	0	1	96.15	96.15	96.15
juego1	easy	40.0	0.008	14217	700	239	166	-73	0	1	96.3	96.3	96.3
juego1	easy	40.0	0.008	14225	700	239	165	-74	0	1	96.55	96.55	96.55
juego1	easy	40.0	0.008	14232	700	239	165	-74	0	1	96.67	96.67	96.67
juego1	easy	40.0	0.008	14240	700	239	165	-74	0	1	96.89	96.89	96.89
juego1	easy	40.0	0.008	14248	700	239	164	-75	0	1	96.97	96.97	96.97
juego1	easy	40.0	0.008	14257	700	238	164	-74	0	1	97.15	97.15	97.15
juego1	easy	40.0	0.008	14267	700	238	163	-75	0	1	97.43	97.43	97.43
juego1	easy	40.0	0.008	14275	700	238	163	-75	0	1	97.58	97.58	97.58
juego1	easy	40.0	0.008	14283	700	238	162	-76	0	1	97.8	97.8	97.8
juego1	easy	40.0	0.008	14290	700	237	162	-75	0	1	97.84	97.84	97.84
juego1	easy	40.0	0.008	14299	700	237	162	-75	0	1	97.84	97.84	97.84
juego1	easy	40.0	0.008	14308	700	237	162	-75	0	1	97.89	97.89	97.89
juego1	easy	40.0	0.008	14317	700	237	162	-75	0	1	98.05	98.05	98.05
juego1	easy	40.0	0.008	14326	700	237	161	-76	0	1	98.29	98.29	98.29
juego1	easy	40.0	0.008	14334	700	236	161	-75	0	1	98.42	98.42	98.42
juego1	easy	40.0	0.008	14342	700	236	160	-76	0	1	98.59	98.59	98.59
juego1	easy	40.0	0.008	14351	700	236	160	-76	0	1	98.7	98.7	98.7
juego1	easy	40.0	0.008	14360	700	236	160	-76	0	1	98.8	98.8	98.8
juego1	easy	40.0	0.008	14369	700	236	159	-77	0	1	98.87	98.87	98.87
juego1	easy	40.0	0.008	14378	700	235	159	-76	0	1	99.0	99.0	99.0
juego1	easy	40.0	0.008	14388	700	235	159	-76	0	1	99.1	99.1	99.1
juego1	easy	40.0	0.008	14396	700	235	159	-76	0	1	99.11	99.11	99.11
juego1	easy	40.0	0.008	14405	700	235	159	-76	0	1	99.06	99.06	99.06
juego1	easy	40.0	0.008	14414	700	235	159	-76	0	1	99.02	99.02	99.02
juego1	easy	40.0	0.008	14423	700	234	159	-75	0	1	98.92	98.92	98.92
juego1	easy	40.0	0.008	14432	700	234	160	-74	0	1	98.8	98.8	98.8
juego1	easy	40.0	0.008	14441	700	234	160	-74	0	1	98.69	98.69	98.69
juego1	easy	40.0	0.008	14449	700	234	160	-74	0	1	98.64	98.64	98.64
juego1	easy	40.0	0.008	14458	700	234	160	-74	0	1	98.61	98.61	98.61
juego1	easy	40.0	0.008	14467	700	234	160	-74	0	1	98.61	98.61	98.61
juego1	easy	40.0	0.008	14476	700	233	160	-73	0	1	98.57	98.57	98.57
juego1	easy	40.0	0.008	14484	700	233	160	-73	0	1	98.55	98.55	98.55
juego1	easy	40.0	0.008	14492	700	233	160	-73	0	1	98.5	98.5	98.5
juego1	easy	40.0	0.008	14501	700	233	161	-72	0	1	98.43	98.43	98.43
juego1	easy	40.0	0.008	14510	700	233	161	-72	0	1	98.35	98.35	98.35
juego1	easy	40.0	0.008	14519	700	233	161	-72	0	1	98.3	98.3	98.3
juego1	easy	40.0	0.008	14526	700	233	161	-72	0	1	98.15	98.15	98.15
juego1	easy	40.0	0.008	14534	700	232	161	-71	0	1	98.07	98.07	98.07
juego1	easy	40.0	0.008	14542	700	232	162	-70	0	1	97.88	97.88	97.88
juego1	easy	40.0	0.008	14552	700	232	163	-69	0	1	97.65	97.65	97.65
juego1	easy	40.0	0.008	14561	700	232	163	-69	0	1	97.37	97.37	97.37
juego1	easy	40.0	0.008	14567	700	232	164	-68	0	1	97.24	97.24	97.24
juego1	easy	40.0	0.008	14576	700	232	164	-68	0	1	96.96	96.96	96.96
juego1	easy	40.0	0.008	14584	700	232	165	-67	0	1	96.8	96.8	96.8
juego1	easy	40.0	0.008	14593	700	232	166	-66	0	1	96.42	96.42	96.42
juego1	easy	40.0	0.008	14602	700	231	167	-64	0	1	95.99	95.99	95.99
juego1	easy	40.0	0.008	14611	700	231	168	-63	0	1	95.57	95.57	95.57
juego1	easy	40.0	0.008	14619	700	231	169	-62	0	1	95.36	95.36	95.36
juego1	easy	40.0	0.008	14629	700	231	170	-61	0	1	94.98	94.98	94.98
juego1	easy	40.0	0.008	14636	700	231	171	-60	0	1	94.59	94.59	94.59
juego1	easy	40.0	0.008	14645	700	231	172	-59	0	1	94.13	94.13	94.13
juego1	easy	40.0	0.008	14653	700	231	172	-59	0	1	93.88	93.88	93.88
juego1	easy	40.0	0.008	14662	700	231	174	-57	0	1	93.38	93.38	93.38
juego1	easy	40.0	0.008	14670	700	231	174	-57	0	1	93.16	93.16	93.16
juego1	easy	40.0	0.008	14679	700	231	175	-56	0	1	92.73	92.73	92.73
juego1	easy	40.0	0.008	14688	700	231	177	-54	0	1	92.31	92.31	92.31
juego1	easy	40.0	0.008	14695	700	230	178	-52	0	1	91.88	91.88	91.88
juego1	easy	40.0	0.008	14704	700	230	178	-52	0	1	91.66	91.66	91.66
juego1	easy	40.0	0.008	14712	700	230	179	-51	0	1	91.2	91.2	91.2
juego1	easy	40.0	0.008	14721	700	230	181	-49	0	1	90.68	90.68	90.68
juego1	easy	40.0	0.008	14729	700	230	182	-48	0	1	90.38	90.38	90.38
juego1	easy	40.0	0.008	14737	700	230	183	-47	0	1	89.79	89.79	89.79
juego1	easy	40.0	0.008	14747	700	230	185	-45	0	1	89.18	89.18	89.18
juego1	easy	40.0	0.008	14754	700	230	186	-44	0	1	88.86	88.86	88.86
juego1	easy	40.0	0.008	14763	700	230	187	-43	0	1	88.36	88.36	88.36
juego1	easy	40.0	0.008	14771	700	230	188	-42	0	1	87.94	87.94	87.94
juego1	easy	40.0	0.008	14781	700	230	189	-41	0	1	87.53	87.53	87.53
juego1	easy	40.0	0.008	14788	700	230	190	-40	0	1	87.28	87.28	87.28
juego1	easy	40.0	0.008	14798	700	230	191	-39	0	1	86.75	86.75	86.75
juego1	easy	40.0	0.008	14806	700	230	192	-38	0	1	86.51	86.51	86.51
juego1	easy	40.0	0.008	14815	700	230	193	-37	0	1	86.07	86.07	86.07
juego1	easy	40.0	0.008	14823	700	230	194	-36	0	1	85.71	85.71	85.71
juego1	easy	40.0	0.008	14832	700	230	194	-36	0	1	85.45	85.45	85.45
juego1	easy	40.0	0.008	14840	700	230	195	-35	0	1	85.34	85.34	85.34
juego1	easy	40.0	0.008	14848	700	230	195	-35	0	1	85.05	85.05	85.05
juego1	easy	40.0	0.008	14856	700	230	196	-34	0	1	84.77	84.77	84.77
juego1	easy	40.0	0.008	14866	700	230	197	-33	0	1	84.49	84.49	84.49
juego1	easy	40.0	0.008	14873	700	230	197	-33	0	1	84.35	84.35	84.35
juego1	easy	40.0	0.008	14882	700	230	198	-32	0	1	84.09	84.09	84.09
juego1	easy	40.0	0.008	14890	700	230	198	-32	0	1	83.96	83.96	83.96
juego1	easy	40.0	0.008	14897	700	230	199	-31	0	1	83.74	83.74	83.74
juego1	easy	40.0	0.008	14906	700	230	199	-31	0	1	83.55	83.55	83.55
juego1	easy	40.0	0.008	14914	700	230	200	-30	0	1	83.47	83.47	83.47
juego1	easy	40.0	0.008	14923	700	230	200	-30	0	1	83.31	83.31	83.31
juego1	easy	40.0	0.008	14931	700	230	200	-30	0	1	83.17	83.17	83.17
juego1	easy	40.0	0.008	14941	700	230	201	-29	0	1	83.03	83.03	83.03
juego1	easy	40.0	0.008	14949	700	230	201	-29	0	1	82.95	82.95	82.95
juego1	easy	40.0	0.008	14957	700	230	201	-29	0	1	82.79	82.79	82.79
juego1	easy	40.0	0.008	14966	700	230	202	-28	0	1	82.63	82.63	82.63
juego1	easy	40.0	0.008	14974	700	230	202	-28	0	1	82.55	82.55	82.55
juego1	easy	40.0	0.008	14983	700	230	202	-28	0	1	82.36	82.36	82.36
juego1	easy	40.0	0.008	14993	700	230	203	-27	0	1	82.17	82.17	82.17
juego1	easy	40.0	0.008	15001	700	230	203	-27	0	1	81.97	81.97	81.97
juego1	easy	40.0	0.008	15010	700	230	204	-26	0	1	81.85	81.85	81.85
juego1	easy	40.0	0.008	15018	700	230	205	-25	0	1	81.57	81.57	81.57
juego1	easy	40.0	0.008	15027	700	230	205	-25	0	1	81.33	81.33	81.33
juego1	easy	40.0	0.008	15036	700	230	206	-24	0	1	81.17	81.17	81.17
juego1	easy	40.0	0.008	15044	700	230	206	-24	0	1	81.1	81.1	81.1
juego1	easy	40.0	0.008	15053	700	230	206	-24	0	1	80.98	80.98	80.98
juego1	easy	40.0	0.008	15062	700	230	207	-23	0	1	80.77	80.77	80.77
juego1	easy	40.0	0.008	15071	700	231	207	-24	0	1	80.45	80.45	80.45
juego1	easy	40.0	0.008	15080	700	231	208	-23	0	1	80.28	80.28	80.28
juego1	easy	40.0	0.008	15088	700	231	209	-22	0	1	79.97	79.97	79.97
juego1	easy	40.0	0.008	15097	700	231	210	-21	0	1	79.63	79.63	79.63
juego1	easy	40.0	0.008	15106	700	231	211	-20	0	1	79.19	79.19	79.19
juego1	easy	40.0	0.008	15114	700	231	211	-20	0	1	78.99	78.99	78.99
juego1	easy	40.0	0.008	15122	700	231	212	-19	0	1	78.7	78.7	78.7
juego1	easy	40.0	0.008	15129	700	231	212	-19	0	1	78.68	78.68	78.68
juego1	easy	40.0	0.008	15138	700	231	212	-19	0	1	78.67	78.67	78.67
juego1	easy	40.0	0.008	15145	700	231	212	-19	0	1	78.66	78.66	78.66
juego1	easy	40.0	0.008	15158	700	231	213	-18	0	1	78.48	78.48	78.48
juego1	easy	40.0	0.008	15166	700	232	213	-19	0	1	78.29	78.29	78.29
juego1	easy	40.0	0.008	15174	700	232	213	-19	0	1	78.19	78.19	78.19
juego1	easy	40.0	0.008	15182	700	232	214	-18	0	1	78.0	78.0	78.0
juego1	easy	40.0	0.008	15190	700	232	214	-18	0	1	77.91	77.91	77.91
juego1	easy	40.0	0.008	15199	700	232	215	-17	0	1	77.71	77.71	77.71
juego1	easy	40.0	0.008	15207	700	232	215	-17	0	1	77.52	77.52	77.52
juego1	easy	40.0	0.008	15216	700	232	215	-17	0	1	77.4	77.4	77.4
juego1	easy	40.0	0.008	15224	700	232	217	-15	0	1	76.98	76.98	76.98
juego1	easy	40.0	0.008	15233	700	233	217	-16	0	1	76.62	76.62	76.62
juego1	easy	40.0	0.008	15242	700	233	218	-15	0	1	76.4	76.4	76.4
juego1	easy	40.0	0.008	15250	700	233	218	-15	0	1	76.34	76.34	76.34
juego1	easy	40.0	0.008	15258	700	233	218	-15	0	1	76.26	76.26	76.26
juego1	easy	40.0	0.008	15266	700	233	218	-15	0	1	76.25	76.25	76.25
juego1	easy	40.0	0.008	15275	700	233	219	-14	0	1	76.2	76.2	76.2
juego1	easy	40.0	0.008	15283	700	233	219	-14	0	1	76.14	76.14	76.14
juego1	easy	40.0	0.008	15292	700	234	219	-15	0	1	76.12	76.12	76.12
juego1	easy	40.0	0.008	15300	700	234	219	-15	0	1	76.11	76.11	76.11
juego1	easy	40.0	0.008	15309	700	234	219	-15	0	1	76.1	76.1	76.1
juego1	easy	40.0	0.008	15318	700	234	219	-15	0	1	76.08	76.08	76.08
juego1	easy	40.0	0.008	15326	700	234	219	-15	0	1	76.02	76.02	76.02
juego1	easy	40.0	0.008	15334	700	234	219	-15	0	1	75.95	75.95	75.95
juego1	easy	40.0	0.008	15342	700	235	219	-16	0	1	75.85	75.85	75.85
juego1	easy	40.0	0.008	15351	700	235	220	-15	0	1	75.79	75.79	75.79
juego1	easy	40.0	0.008	15360	700	235	220	-15	0	1	75.72	75.72	75.72
juego1	easy	40.0	0.008	15370	700	235	220	-15	0	1	75.65	75.65	75.65
juego1	easy	40.0	0.008	15378	700	235	220	-15	0	1	75.58	75.58	75.58
juego1	easy	40.0	0.008	15386	700	236	220	-16	0	1	75.55	75.55	75.55
juego1	easy	40.0	0.008	15394	700	236	220	-16	0	1	75.46	75.46	75.46
juego1	easy	40.0	0.008	15402	700	236	221	-15	0	1	75.38	75.38	75.38
juego1	easy	40.0	0.008	15411	700	236	221	-15	0	1	75.35	75.35	75.35
juego1	easy	40.0	0.008	15419	700	236	221	-15	0	1	75.29	75.29	75.29
juego1	easy	40.0	0.008	15428	700	237	221	-16	0	1	75.21	75.21	75.21
juego1	easy	40.0	0.008	15436	700	237	221	-16	0	1	75.18	75.18	75.18
juego1	easy	40.0	0.008	15443	700	237	221	-16	0	1	75.09	75.09	75.09
juego1	easy	40.0	0.008	15452	700	237	222	-15	0	1	74.97	74.97	74.97
juego1	easy	40.0	0.008	15461	700	237	222	-15	0	1	74.91	74.91	74.91
juego1	easy	40.0	0.008	15469	700	238	222	-16	0	1	74.74	74.74	74.74
juego1	easy	40.0	0.008	15476	700	238	223	-15	0	1	74.6	74.6	74.6
juego1	easy	40.0	0.008	15485	700	238	224	-14	0	1	74.17	74.17	74.17
juego1	easy	40.0	0.008	15494	700	238	225	-13	0	1	73.84	73.84	73.84
juego1	easy	40.0	0.008	15503	700	239	225	-14	0	1	73.73	73.73	73.73
juego1	easy	40.0	0.008	15511	700	239	225	-14	0	1	73.7	73.7	73.7
juego1	easy	40.0	0.008	15520	700	239	225	-14	0	1	73.68	73.68	73.68
juego1	easy	40.0	0.008	15530	700	239	225	-14	0	1	73.56	73.56	73.56
juego1	easy	40.0	0.008	15538	700	240	227	-13	0	1	73.12	73.12	73.12
juego1	easy	40.0	0.008	15546	700	240	228	-12	0	1	72.72	72.72	72.72
juego1	easy	40.0	0.008	15555	700	240	230	-10	0	1	71.68	71.68	71.68
juego1	easy	40.0	0.008	15563	700	240	232	-8	0	1	70.98	70.98	70.98
juego1	easy	40.0	0.008	15572	700	241	233	-8	0	1	70.68	70.68	70.68
juego1	easy	40.0	0.008	15581	700	241	233	-8	0	1	70.55	70.55	70.55
juego1	easy	40.0	0.008	15590	700	241	234	-7	0	1	70.42	70.42	70.42
juego1	easy	40.0	0.008	15599	700	241	234	-7	0	1	70.3	70.3	70.3
juego1	easy	40.0	0.008	15607	700	242	235	-7	0	1	70.07	70.07	70.07
juego1	easy	40.0	0.008	15616	700	242	235	-7	0	1	69.83	69.83	69.83
juego1	easy	40.0	0.008	15624	700	242	237	-5	0	1	69.04	69.04	69.04
juego1	easy	40.0	0.008	15633	700	242	238	-4	0	1	68.6	68.6	68.6
juego1	easy	40.0	0.008	15642	700	243	240	-3	0	1	67.9	67.9	67.9
juego1	easy	40.0	0.008	15650	700	243	241	-2	0	1	67.42	67.42	67.42
juego1	easy	40.0	0.008	15660	700	243	242	-1	0	1	67.03	67.03	67.03
juego1	easy	40.0	0.008	15668	700	244	243	-1	0	1	66.74	66.74	66.74
juego1	easy	40.0	0.008	15676	700	244	244	0	0	1	66.58	66.58	66.58
juego1	easy	40.0	0.008	15685	700	244	244	0	0	1	66.25	66.25	66.25
juego1	easy	40.0	0.008	15694	700	244	246	2	0	1	65.86	65.86	65.86
juego1	easy	40.0	0.008	15702	700	245	246	1	0	1	65.64	65.64	65.64
juego1	easy	40.0	0.008	15711	700	245	247	2	0	1	65.22	65.22	65.22
juego1	easy	40.0	0.008	15720	700	245	248	3	0	1	64.78	64.78	64.78
juego1	easy	40.0	0.008	15729	700	246	249	3	0	1	64.4	64.4	64.4
juego1	easy	40.0	0.008	15738	700	246	250	4	0	1	64.16	64.16	64.16
juego1	easy	40.0	0.008	15745	700	246	250	4	0	1	64.07	64.07	64.07
juego1	easy	40.0	0.008	15754	700	247	250	3	0	1	63.99	63.99	63.99
juego1	easy	40.0	0.008	15761	700	247	250	3	0	1	63.98	63.98	63.98
juego1	easy	40.0	0.008	15770	700	247	250	3	0	1	63.96	63.96	63.96
juego1	easy	40.0	0.008	15778	700	247	251	4	0	1	63.87	63.87	63.87
juego1	easy	40.0	0.008	15787	700	248	251	3	0	1	63.81	63.81	63.81
juego1	easy	40.0	0.008	15794	700	248	251	3	0	1	63.72	63.72	63.72
juego1	easy	40.0	0.008	15803	700	248	251	3	0	1	63.63	63.63	63.63
juego1	easy	40.0	0.008	15811	700	249	251	2	0	1	63.57	63.57	63.57
juego1	easy	40.0	0.008	15819	700	249	252	3	0	1	63.45	63.45	63.45
juego1	easy	40.0	0.008	15828	700	249	252	3	0	1	63.31	63.31	63.31
juego1	easy	40.0	0.008	15837	700	250	252	2	0	1	63.23	63.23	63.23
juego1	easy	40.0	0.008	15846	700	250	253	3	0	1	63.12	63.12	63.12
juego1	easy	40.0	0.008	15854	700	250	253	3	0	1	63.07	63.07	63.07
juego1	easy	40.0	0.008	15863	700	251	253	2	0	1	63.01	63.01	63.01
juego1	easy	40.0	0.008	15872	700	251	253	2	0	1	62.97	62.97	62.97
juego1	easy	40.0	0.008	15881	700	251	253	2	0	1	62.87	62.87	62.87
juego1	easy	40.0	0.008	15890	700	252	254	2	0	1	62.75	62.75	62.75
juego1	easy	40.0	0.008	15899	700	252	254	2	0	1	62.64	62.64	62.64
juego1	easy	40.0	0.008	15908	700	252	254	2	0	1	62.56	62.56	62.56
juego1	easy	40.0	0.008	15916	700	253	254	1	0	1	62.52	62.52	62.52
juego1	easy	40.0	0.008	15925	700	253	255	2	0	1	62.36	62.36	62.36
juego1	easy	40.0	0.008	15934	700	253	256	3	0	1	62.02	62.02	62.02
juego1	easy	40.0	0.008	15943	700	254	257	3	0	1	61.52	61.52	61.52
juego1	easy	40.0	0.008	15952	700	254	257	3	0	1	61.29	61.29	61.29
juego1	easy	40.0	0.008	15961	700	255	258	3	0	1	60.97	60.97	60.97
juego1	easy	40.0	0.008	15970	700	255	259	4	0	1	60.81	60.81	60.81
juego1	easy	40.0	0.008	15978	700	255	259	4	0	1	60.73	60.73	60.73
juego1	easy	40.0	0.008	15987	700	256	259	3	0	1	60.6	60.6	60.6
juego1	easy	40.0	0.008	15995	700	256	260	4	0	1	60.48	60.48	60.48
juego1	easy	40.0	0.008	16004	700	256	260	4	0	1	60.24	60.24	60.24
juego1	easy	40.0	0.008	16012	700	257	261	4	0	1	60.06	60.06	60.06
juego1	easy	40.0	0.008	16021	700	257	262	5	0	1	59.63	59.63	59.63
juego1	easy	40.0	0.008	16029	700	257	263	6	0	1	59.32	59.32	59.32
juego1	easy	40.0	0.008	16037	700	258	263	5	0	1	59.23	59.23	59.23
juego1	easy	40.0	0.008	16046	700	258	263	5	0	1	59.0	59.0	59.0
juego1	easy	40.0	0.008	16055	700	259	264	5	0	1	58.73	58.73	58.73
juego1	easy	40.0	0.008	16064	700	259	265	6	0	1	58.55	58.55	58.55
juego1	easy	40.0	0.008	16073	700	259	265	6	0	1	58.48	58.48	58.48
juego1	easy	40.0	0.008	16081	700	260	265	5	0	1	58.28	58.28	58.28
juego1	easy	40.0	0.008	16090	700	260	266	6	0	1	57.98	57.98	57.98
juego1	easy	40.0	0.008	16099	700	261	267	6	0	1	57.7	57.7	57.7
juego1	easy	40.0	0.008	16107	700	261	267	6	0	1	57.58	57.58	57.58
juego1	easy	40.0	0.008	16116	700	261	268	7	0	1	57.37	57.37	57.37
juego1	easy	40.0	0.008	16124	700	262	268	6	0	1	57.1	57.1	57.1
juego1	easy	40.0	0.008	16133	700	262	269	7	0	1	56.94	56.94	56.94
juego1	easy	40.0	0.008	16141	700	262	269	7	0	1	56.75	56.75	56.75
juego1	easy	40.0	0.008	16150	700	263	269	6	0	1	56.71	56.71	56.71
juego1	easy	40.0	0.008	16158	700	263	269	6	0	1	56.67	56.67	56.67
juego1	easy	40.0	0.008	16166	700	264	270	6	0	1	56.55	56.55	56.55
juego1	easy	40.0	0.008	16175	700	264	271	7	0	1	56.28	56.28	56.28
juego1	easy	40.0	0.008	16185	700	264	271	7	0	1	56.15	56.15	56.15
juego1	easy	40.0	0.008	16193	700	265	271	6	0	1	56.07	56.07	56.07
juego1	easy	40.0	0.008	16202	700	265	272	7	0	1	55.84	55.84	55.84
juego1	easy	40.0	0.008	16211	700	266	272	6	0	1	55.59	55.59	55.59
juego1	easy	40.0	0.008	16219	700	266	273	7	0	1	55.48	55.48	55.48
juego1	easy	40.0	0.008	16227	700	266	273	7	0	1	55.43	55.43	55.43
juego1	easy	40.0	0.008	16236	700	267	273	6	0	1	55.25	55.25	55.25
juego1	easy	40.0	0.008	16244	700	267	274	7	0	1	55.05	55.05	55.05
juego1	easy	40.0	0.008	16252	700	268	274	6	0	1	55.0	55.0	55.0
juego1	easy	40.0	0.008	16261	700	268	274	6	0	1	54.98	54.98	54.98
juego1	easy	40.0	0.008	16270	700	268	274	6	0	1	54.95	54.95	54.95
juego1	easy	40.0	0.008	16278	700	269	274	5	0	1	54.91	54.91	54.91
juego1	easy	40.0	0.008	16286	700	269	274	5	0	1	54.81	54.81	54.81
juego1	easy	40.0	0.008	16295	700	270	275	5	0	1	54.67	54.67	54.67
juego1	easy	40.0	0.008	16305	700	270	275	5	0	1	54.52	54.52	54.52
juego1	easy	40.0	0.008	16312	700	270	275	5	0	1	54.45	54.45	54.45
juego1	easy	40.0	0.008	16321	700	271	276	5	0	1	54.33	54.33	54.33
juego1	easy	40.0	0.008	16330	700	271	276	5	0	1	54.2	54.2	54.2
juego1	easy	40.0	0.008	16340	700	272	276	4	0	1	54.13	54.13	54.13
juego1	easy	40.0	0.008	16346	700	272	276	4	0	1	54.12	54.12	54.12
juego1	easy	40.0	0.008	16355	700	273	276	3	0	1	54.15	54.15	54.15
juego1	easy	40.0	0.008	16365	700	273	276	3	0	1	54.09	54.09	54.09
juego1	easy	40.0	0.008	16373	700	273	276	3	0	1	54.03	54.03	54.03
juego1	easy	40.0	0.008	16381	700	274	277	3	0	1	53.9	53.9	53.9
juego1	easy	40.0	0.008	16390	700	274	277	3	0	1	53.75	53.75	53.75
juego1	easy	40.0	0.008	16398	700	275	277	2	0	1	53.64	53.64	53.64
juego1	easy	40.0	0.008	16407	700	275	278	3	0	1	53.27	53.27	53.27
juego1	easy	40.0	0.008	16416	700	275	279	4	0	1	52.96	52.96	52.96
juego1	easy	40.0	0.008	16424	700	276	279	3	0	1	52.92	52.92	52.92
juego1	easy	40.0	0.008	16434	700	276	279	3	0	1	52.89	52.89	52.89
juego1	easy	40.0	0.008	16442	700	277	279	2	0	1	52.84	52.84	52.84
juego1	easy	40.0	0.008	16452	700	277	280	3	0	1	52.66	52.66	52.66
juego1	easy	40.0	0.008	16460	700	278	280	2	0	1	52.53	52.53	52.53
juego1	easy	40.0	0.008	16468	700	278	281	3	0	1	52.39	52.39	52.39
juego1	easy	40.0	0.008	16476	700	278	282	4	0	1	51.99	51.99	51.99
juego1	easy	40.0	0.008	16485	700	279	282	3	0	1	51.72	51.72	51.72
juego1	easy	40.0	0.008	16492	700	279	282	3	0	1	51.71	51.71	51.71
juego1	easy	40.0	0.008	16501	700	280	282	2	0	1	51.73	51.73	51.73
juego1	easy	40.0	0.008	16509	700	280	282	2	0	1	51.73	51.73	51.73
juego1	easy	40.0	0.008	16517	700	281	283	2	0	1	51.68	51.68	51.68
juego1	easy	40.0	0.008	16525	700	281	283	2	0	1	51.61	51.61	51.61
juego1	easy	40.0	0.008	16535	700	281	283	2	0	1	51.51	51.51	51.51
juego1	easy	40.0	0.008	16543	700	282	283	1	0	1	51.46	51.46	51.46
juego1	easy	40.0	0.008	16551	700	282	283	1	0	1	51.35	51.35	51.35
juego1	easy	40.0	0.008	16560	700	283	284	1	0	1	51.19	51.19	51.19
juego1	easy	40.0	0.008	16567	700	283	284	1	0	1	51.03	51.03	51.03
juego1	easy	40.0	0.008	16576	700	284	285	1	0	1	50.66	50.66	50.66
juego1	easy	40.0	0.008	16584	700	284	285	1	0	1	50.55	50.55	50.55
juego1	easy	40.0	0.008	16593	700	285	286	1	0	1	50.51	50.51	50.51
juego1	easy	40.0	0.008	16602	700	285	286	1	0	1	50.48	50.48	50.48
juego1	easy	40.0	0.008	16610	700	286	286	0	0	1	50.36	50.36	50.36
juego1	easy	40.0	0.008	16618	700	286	287	1	0	1	50.15	50.15	50.15
juego1	easy	40.0	0.008	16627	700	287	288	1	0	1	49.55	49.55	49.55
juego1	easy	40.0	0.008	16636	700	287	290	3	0	1	48.86	48.86	48.86
juego1	easy	40.0	0.008	16644	700	288	290	2	0	1	48.63	48.63	48.63
juego1	easy	40.0	0.008	16652	700	289	291	2	0	1	48.25	48.25	48.25
juego1	easy	40.0	0.008	16660	700	289	292	3	0	1	47.98	47.98	47.98
juego1	easy	40.0	0.008	16669	700	290	292	2	0	1	47.89	47.89	47.89
juego1	easy	40.0	0.008	16678	700	290	293	3	0	1	47.75	47.75	47.75
juego1	easy	40.0	0.008	16686	700	291	293	2	0	1	47.6	47.6	47.6
juego1	easy	40.0	0.008	16694	700	291	293	2	0	1	47.5	47.5	47.5
juego1	easy	40.0	0.008	16703	700	292	294	2	0	1	47.25	47.25	47.25
juego1	easy	40.0	0.008	16712	700	292	295	3	0	1	46.99	46.99	46.99
juego1	easy	40.0	0.008	16721	700	293	296	3	0	1	46.62	46.62	46.62
juego1	easy	40.0	0.008	16729	700	293	296	3	0	1	46.41	46.41	46.41
juego1	easy	40.0	0.008	16737	700	294	297	3	0	1	46.08	46.08	46.08
juego1	easy	40.0	0.008	16746	700	294	297	3	0	1	46.06	46.06	46.06
juego1	easy	40.0	0.008	16756	700	295	297	2	0	1	46.06	46.06	46.06
juego1	easy	40.0	0.008	16763	700	295	297	2	0	1	46.02	46.02	46.02
juego1	easy	40.0	0.008	16772	700	296	298	2	0	1	45.91	45.91	45.91
juego1	easy	40.0	0.008	16781	700	297	298	1	0	1	45.79	45.79	45.79
juego1	easy	40.0	0.008	16791	700	297	298	1	0	1	45.59	45.59	45.59
juego1	easy	40.0	0.008	16799	700	298	299	1	0	1	45.5	45.5	45.5
juego1	easy	40.0	0.008	16808	700	298	299	1	0	1	45.39	45.39	45.39
juego1	easy	40.0	0.008	16816	700	299	299	0	0	1	45.34	45.34	45.34
juego1	easy	40.0	0.008	16824	700	299	299	0	0	1	45.34	45.34	45.34
juego1	easy	40.0	0.008	16832	700	300	299	-1	0	1	45.33	45.33	45.33
juego1	easy	40.0	0.008	16841	700	300	299	-1	0	1	45.32	45.32	45.32
juego1	easy	40.0	0.008	16848	700	300	299	-1	0	1	45.3	45.3	45.3
juego1	easy	40.0	0.008	16857	700	300	299	-1	0	1	45.25	45.25	45.25
juego1	easy	40.0	0.008	16866	700	301	299	-2	0	1	45.18	45.18	45.18
juego1	easy	40.0	0.008	16874	700	301	300	-1	0	1	45.15	45.15	45.15
juego1	easy	40.0	0.008	16882	700	302	300	-2	0	1	45.06	45.06	45.06
juego1	easy	40.0	0.008	16891	700	302	300	-2	0	1	44.97	44.97	44.97
juego1	easy	40.0	0.008	16899	700	303	300	-3	0	1	44.93	44.93	44.93
juego1	easy	40.0	0.008	16908	700	303	300	-3	0	1	44.83	44.83	44.83
juego1	easy	40.0	0.008	16917	700	304	300	-4	0	1	44.75	44.75	44.75
juego1	easy	40.0	0.008	16926	700	304	300	-4	0	1	44.68	44.68	44.68
juego1	easy	40.0	0.008	16935	700	305	300	-5	0	1	44.6	44.6	44.6
juego1	easy	40.0	0.008	16944	700	305	300	-5	0	1	44.56	44.56	44.56
juego1	easy	40.0	0.008	16953	700	306	300	-6	0	1	44.43	44.43	44.43
juego1	easy	40.0	0.008	16961	700	306	301	-5	0	1	44.29	44.29	44.29
juego1	easy	40.0	0.008	16969	700	307	301	-6	0	1	44.2	44.2	44.2
juego1	easy	40.0	0.008	16978	700	307	301	-6	0	1	44.02	44.02	44.02
juego1	easy	40.0	0.008	16986	700	308	302	-6	0	1	43.8	43.8	43.8
juego1	easy	40.0	0.008	16995	700	308	302	-6	0	1	43.68	43.68	43.68
juego1	easy	40.0	0.008	17004	700	309	303	-6	0	1	43.44	43.44	43.44
juego1	easy	40.0	0.008	17013	700	309	304	-5	0	1	43.16	43.16	43.16
juego1	easy	40.0	0.008	17023	700	310	304	-6	0	1	42.87	42.87	42.87
juego1	easy	40.0	0.008	17032	700	310	306	-4	0	1	42.44	42.44	42.44
juego1	easy	40.0	0.008	17040	700	311	306	-5	0	1	42.18	42.18	42.18
juego1	easy	40.0	0.008	17048	700	311	307	-4	0	1	41.83	41.83	41.83
juego1	easy	40.0	0.008	17056	700	312	308	-4	0	1	41.66	41.66	41.66
juego1	easy	40.0	0.008	17066	700	312	308	-4	0	1	41.36	41.36	41.36
juego1	easy	40.0	0.008	17073	700	313	309	-4	0	1	41.23	41.23	41.23
juego1	easy	40.0	0.008	17082	700	313	309	-4	0	1	40.96	40.96	40.96
juego1	easy	40.0	0.008	17090	700	314	310	-4	0	1	40.85	40.85	40.85
juego1	easy	40.0	0.008	17099	700	314	310	-4	0	1	40.66	40.66	40.66
juego1	easy	40.0	0.008	17108	700	315	311	-4	0	1	40.26	40.26	40.26
juego1	easy	40.0	0.008	17117	700	315	313	-2	0	1	39.68	39.68	39.68
juego1	easy	40.0	0.008	17124	700	315	314	-1	0	1	39.38	39.38	39.38
juego1	easy	40.0	0.008	17133	700	316	315	-1	0	1	39.01	39.01	39.01
juego1	easy	40.0	0.008	17142	700	316	316	0	0	1	38.63	38.63	38.63
juego1	easy	40.0	0.008	17151	700	317	316	-1	0	1	38.45	38.45	38.45
juego1	easy	40.0	0.008	17159	700	317	317	0	0	1	38.09	38.09	38.09
juego1	easy	40.0	0.008	17168	700	318	318	0	0	1	37.72	37.72	37.72
juego1	easy	40.0	0.008	17175	700	318	318	0	0	1	37.52	37.52	37.52
juego1	easy	40.0	0.008	17184	700	319	320	1	0	1	37.06	37.06	37.06
juego1	easy	40.0	0.008	17192	700	319	321	2	0	1	36.56	36.56	36.56
juego1	easy	40.0	0.008	17201	700	320	322	2	0	1	36.12	36.12	36.12
juego1	easy	40.0	0.008	17210	700	320	323	3	0	1	35.94	35.94	35.94
juego1	easy	40.0	0.008	17217	700	320	323	3	0	1	35.6	35.6	35.6
juego1	easy	40.0	0.008	17226	700	321	324	3	0	1	35.28	35.28	35.28
juego1	easy	40.0	0.008	17234	700	321	325	4	0	1	35.13	35.13	35.13
juego1	easy	40.0	0.008	17244	700	322	325	3	0	1	34.9	34.9	34.9
juego1	easy	40.0	0.008	17252	700	322	326	4	0	1	34.7	34.7	34.7
juego1	easy	40.0	0.008	17260	700	323	326	3	0	1	34.61	34.61	34.61
juego1	easy	40.0	0.008	17268	700	323	327	4	0	1	34.42	34.42	34.42
juego1	easy	40.0	0.008	17277	700	323	327	4	0	1	34.23	34.23	34.23
juego1	easy	40.0	0.008	17284	700	324	327	3	0	1	34.16	34.16	34.16
juego1	easy	40.0	0.008	17293	700	324	328	4	0	1	34.03	34.03	34.03
juego1	easy	40.0	0.008	17302	700	325	328	3	0	1	33.86	33.86	33.86
juego1	easy	40.0	0.008	17310	700	325	328	3	0	1	33.72	33.72	33.72
juego1	easy	40.0	0.008	17319	700	326	329	3	0	1	33.32	33.32	33.32
juego1	easy	40.0	0.008	17328	700	326	330	4	0	1	32.92	32.92	32.92
juego1	easy	40.0	0.008	17337	700	326	331	5	0	1	32.8	32.8	32.8
juego1	easy	40.0	0.008	17347	700	327	331	4	0	1	32.68	32.68	32.68
juego1	easy	40.0	0.008	17355	700	327	331	4	0	1	32.6	32.6	32.6
juego1	easy	40.0	0.008	17364	700	328	332	4	0	1	32.47	32.47	32.47
juego1	easy	40.0	0.008	17372	700	328	332	4	0	1	32.32	32.32	32.32
juego1	easy	40.0	0.008	17380	700	328	332	4	0	1	32.24	32.24	32.24
juego1	easy	40.0	0.008	17388	700	329	333	4	0	1	32.04	32.04	32.04
juego1	easy	40.0	0.008	17397	700	329	333	4	0	1	31.89	31.89	31.89
juego1	easy	40.0	0.008	17406	700	329	333	4	0	1	31.84	31.84	31.84
juego1	easy	40.0	0.008	17414	700	330	334	4	0	1	31.75	31.75	31.75
juego1	easy	40.0	0.008	17423	700	330	334	4	0	1	31.64	31.64	31.64
juego1	easy	40.0	0.008	17432	700	331	334	3	0	1	31.5	31.5	31.5
juego1	easy	40.0	0.008	17440	700	331	334	3	0	1	31.41	31.41	31.41
juego1	easy	40.0	0.008	17448	700	331	335	4	0	1	31.26	31.26	31.26
juego1	easy	40.0	0.008	17457	700	332	335	3	0	1	31.18	31.18	31.18
juego1	easy	40.0	0.008	17466	700	332	335	3	0	1	31.11	31.11	31.11
juego1	easy	40.0	0.008	17475	700	332	336	4	0	1	30.91	30.91	30.91
juego1	easy	40.0	0.008	17483	700	333	336	3	0	1	30.79	30.79	30.79
juego1	easy	40.0	0.008	17492	700	333	337	4	0	1	30.45	30.45	30.45
juego1	easy	40.0	0.008	17501	700	333	337	4	0	1	30.23	30.23	30.23
juego1	easy	40.0	0.008	17509	700	334	339	5	0	1	29.82	29.82	29.82
juego1	easy	40.0	0.008	17516	700	334	339	5	0	1	29.74	29.74	29.74
juego1	easy	40.0	0.008	17525	700	334	339	5	0	1	29.56	29.56	29.56
juego1	easy	40.0	0.008	17534	700	335	340	5	0	1	29.34	29.34	29.34
juego1	easy	40.0	0.008	17543	700	335	340	5	0	1	29.16	29.16	29.16
juego1	easy	40.0	0.008	17551	700	335	340	5	0	1	29.1	29.1	29.1
juego1	easy	40.0	0.008	17559	700	336	341	5	0	1	28.98	28.98	28.98
juego1	easy	40.0	0.008	17567	700	336	341	5	0	1	28.75	28.75	28.75
juego1	easy	40.0	0.008	17575	700	336	342	6	0	1	28.56	28.56	28.56
juego1	easy	40.0	0.008	17583	700	337	343	6	0	1	28.13	28.13	28.13
juego1	easy	40.0	0.008	17591	700	337	343	6	0	1	27.99	27.99	27.99
juego1	easy	40.0	0.008	17600	700	337	344	7	0	1	27.76	27.76	27.76
juego1	easy	40.0	0.008	17609	700	338	344	6	0	1	27.54	27.54	27.54
juego1	easy	40.0	0.008	17618	700	338	345	7	0	1	27.31	27.31	27.31
juego1	easy	40.0	0.008	17626	700	338	345	7	0	1	27.2	27.2	27.2
juego1	easy	40.0	0.008	17634	700	338	346	8	0	1	26.94	26.94	26.94
juego1	easy	40.0	0.008	17643	700	339	347	8	0	1	26.62	26.62	26.62
juego1	easy	40.0	0.008	17651	700	339	347	8	0	1	26.45	26.45	26.45
juego1	easy	40.0	0.008	17658	700	339	348	9	0	1	26.1	26.1	26.1
juego1	easy	40.0	0.008	17667	700	340	349	9	0	1	25.73	25.73	25.73
juego1	easy	40.0	0.008	17676	700	340	350	10	0	1	25.56	25.56	25.56
juego1	easy	40.0	0.008	17684	700	340	350	10	0	1	25.24	25.24	25.24
juego1	easy	40.0	0.008	17693	700	340	351	11	0	1	24.97	24.97	24.97
juego1	easy	40.0	0.008	17701	700	341	351	10	0	1	24.87	24.87	24.87
juego1	easy	40.0	0.008	17710	700	341	352	11	0	1	24.75	24.75	24.75
juego1	easy	40.0	0.008	17719	700	341	352	11	0	1	24.65	24.65	24.65
juego1	easy	40.0	0.008	17727	700	341	352	11	0	1	24.6	24.6	24.6
juego1	easy	40.0	0.008	17734	700	342	352	10	0	1	24.48	24.48	24.48
juego1	easy	40.0	0.008	17742	700	342	353	11	0	1	24.37	24.37	24.37
juego1	easy	40.0	0.008	17751	700	342	353	11	0	1	24.31	24.31	24.31
juego1	easy	40.0	0.008	17760	700	342	353	11	0	1	24.2	24.2	24.2
juego1	easy	40.0	0.008	17769	700	343	353	10	0	1	24.1	24.1	24.1
juego1	easy	40.0	0.008	17777	700	343	354	11	0	1	24.07	24.07	24.07
juego1	easy	40.0	0.008	17786	700	343	354	11	0	1	24.06	24.06	24.06
juego1	easy	40.0	0.008	17795	700	343	353	10	0	1	24.09	24.09	24.09
juego1	easy	40.0	0.008	17803	700	343	353	10	0	1	24.1	24.1	24.1
juego1	easy	40.0	0.008	17810	700	344	353	9	0	1	24.09	24.09	24.09
juego1	easy	40.0	0.008	17819	700	344	354	10	0	1	24.05	24.05	24.05
juego1	easy	40.0	0.008	17830	700	344	354	10	0	1	23.95	23.95	23.95
juego1	easy	40.0	0.008	17839	700	344	354	10	0	1	23.9	23.9	23.9
juego1	easy	40.0	0.008	17847	700	344	354	10	0	1	23.89	23.89	23.89
juego1	easy	40.0	0.008	17856	700	345	354	9	0	1	23.93	23.93	23.93
juego1	easy	40.0	0.008	17864	700	345	354	9	0	1	23.98	23.98	23.98
juego1	easy	40.0	0.008	17873	700	345	354	9	0	1	24.0	24.0	24.0
juego1	easy	40.0	0.008	17881	700	345	354	9	0	1	24.01	24.01	24.01
juego1	easy	40.0	0.008	17889	700	345	354	9	0	1	24.06	24.06	24.06
juego1	easy	40.0	0.008	17898	700	345	353	8	0	1	24.13	24.13	24.13
juego1	easy	40.0	0.008	17905	700	346	353	7	0	1	24.16	24.16	24.16
juego1	easy	40.0	0.008	17914	700	346	353	7	0	1	24.21	24.21	24.21
juego1	easy	40.0	0.008	17922	700	346	353	7	0	1	24.22	24.22	24.22
juego1	easy	40.0	0.008	17930	700	346	353	7	0	1	24.25	24.25	24.25
juego1	easy	40.0	0.008	17938	700	346	353	7	0	1	24.33	24.33	24.33
juego1	easy	40.0	0.008	17947	700	346	353	7	0	1	24.37	24.37	24.37
juego1	easy	40.0	0.008	17955	700	347	353	6	0	1	24.45	24.45	24.45
juego1	easy	40.0	0.008	17963	700	347	352	5	0	1	24.48	24.48	24.48
juego1	easy	40.0	0.008	17970	700	347	352	5	0	1	24.5	24.5	24.5
juego1	easy	40.0	0.008	17978	700	347	352	5	0	1	24.53	24.53	24.53
juego1	easy	40.0	0.008	17986	700	347	352	5	0	1	24.55	24.55	24.55
juego1	easy	40.0	0.008	17995	700	347	352	5	0	1	24.62	24.62	24.62
juego1	easy	40.0	0.008	18004	700	347	352	5	0	1	24.74	24.74	24.74
juego1	easy	40.0	0.008	18012	700	347	352	5	0	1	24.79	24.79	24.79
juego1	easy	40.0	0.008	18020	700	347	351	4	0	1	24.86	24.86	24.86
juego1	easy	40.0	0.008	18029	700	348	352	4	0	1	24.85	24.85	24.85
juego1	easy	40.0	0.008	18038	700	348	352	4	0	1	24.83	24.83	24.83
juego1	easy	40.0	0.008	18047	700	348	352	4	0	1	24.78	24.78	24.78
juego1	easy	40.0	0.008	18056	700	348	352	4	0	1	24.76	24.76	24.76
juego1	easy	40.0	0.008	18064	700	348	352	4	0	1	24.79	24.79	24.79
juego1	easy	40.0	0.008	18073	700	348	351	3	0	1	24.86	24.86	24.86
juego1	easy	40.0	0.008	18082	700	348	351	3	0	1	24.89	24.89	24.89
juego1	easy	40.0	0.008	18091	700	348	351	3	0	1	24.94	24.94	24.94
juego1	easy	40.0	0.008	18099	700	348	351	3	0	1	24.96	24.96	24.96
juego1	easy	40.0	0.008	18107	700	348	351	3	0	1	24.97	24.97	24.97
juego1	easy	40.0	0.008	18116	700	348	351	3	0	1	24.98	24.98	24.98
juego1	easy	40.0	0.008	18124	700	348	351	3	0	1	25.01	25.01	25.01
juego1	easy	40.0	0.008	18132	700	348	351	3	0	1	25.03	25.03	25.03
juego1	easy	40.0	0.008	18140	700	348	351	3	0	1	25.08	25.08	25.08
juego1	easy	40.0	0.008	18149	700	349	351	2	0	1	25.12	25.12	25.12
juego1	easy	40.0	0.008	18158	700	349	351	2	0	1	25.12	25.12	25.12
juego1	easy	40.0	0.008	18167	700	349	351	2	0	1	25.11	25.11	25.11
juego1	easy	40.0	0.008	18176	700	349	351	2	0	1	25.12	25.12	25.12
juego1	easy	40.0	0.008	18185	700	349	351	2	0	1	25.14	25.14	25.14
juego1	easy	40.0	0.008	18194	700	349	351	2	0	1	25.15	25.15	25.15
juego1	easy	40.0	0.008	18202	700	349	351	2	0	1	25.15	25.15	25.15
juego1	easy	40.0	0.008	18210	700	349	351	2	0	1	25.16	25.16	25.16
juego1	easy	40.0	0.008	18219	700	349	351	2	0	1	25.16	25.16	25.16
juego1	easy	40.0	0.008	18228	700	349	351	2	0	1	25.15	25.15	25.15
juego1	easy	40.0	0.008	18236	700	349	351	2	0	1	25.16	25.16	25.16
juego1	easy	40.0	0.008	18244	700	349	351	2	0	1	25.17	25.17	25.17
juego1	easy	40.0	0.008	18253	700	349	351	2	0	1	25.17	25.17	25.17
juego1	easy	40.0	0.008	18262	700	349	351	2	0	1	25.18	25.18	25.18
juego1	easy	40.0	0.008	18271	700	349	351	2	0	1	25.22	25.22	25.22
juego1	easy	40.0	0.008	18280	700	349	350	1	0	1	25.27	25.27	25.27
juego1	easy	40.0	0.008	18288	700	349	350	1	0	1	25.3	25.3	25.3
juego1	easy	40.0	0.008	18296	700	349	350	1	0	1	25.37	25.37	25.37
juego1	easy	40.0	0.008	18305	700	349	350	1	0	1	25.41	25.41	25.41
juego1	easy	40.0	0.008	18314	700	348	350	2	0	1	25.44	25.44	25.44
juego1	easy	40.0	0.008	18322	700	348	350	2	0	1	25.46	25.46	25.46
juego1	easy	40.0	0.008	18331	700	348	350	2	0	1	25.51	25.51	25.51
juego1	easy	40.0	0.008	18340	700	348	350	2	0	1	25.6	25.6	25.6
juego1	easy	40.0	0.008	18349	700	348	349	1	0	1	25.67	25.67	25.67
juego1	easy	40.0	0.008	18358	700	348	349	1	0	1	25.71	25.71	25.71
juego1	easy	40.0	0.008	18367	700	348	349	1	0	1	25.76	25.76	25.76
juego1	easy	40.0	0.008	18374	700	348	349	1	0	1	25.78	25.78	25.78
juego1	easy	40.0	0.008	18382	700	348	349	1	0	1	25.78	25.78	25.78
juego1	easy	40.0	0.008	18391	700	348	349	1	0	1	25.84	25.84	25.84
juego1	easy	40.0	0.008	18400	700	348	349	1	0	1	25.95	25.95	25.95
juego1	easy	40.0	0.008	18408	700	348	348	0	0	1	26.01	26.01	26.01
juego1	easy	40.0	0.008	18417	700	348	348	0	0	1	26.21	26.21	26.21
juego1	easy	40.0	0.008	18426	700	348	347	-1	0	1	26.48	26.48	26.48
juego1	easy	40.0	0.008	18435	700	347	347	0	0	1	26.62	26.62	26.62
juego1	easy	40.0	0.008	18443	700	347	347	0	0	1	26.68	26.68	26.68
juego1	easy	40.0	0.008	18452	700	347	346	-1	0	1	26.77	26.77	26.77
juego1	easy	40.0	0.008	18460	700	347	346	-1	0	1	26.87	26.87	26.87
juego1	easy	40.0	0.008	18470	700	347	346	-1	0	1	26.99	26.99	26.99
juego1	easy	40.0	0.008	18479	700	347	346	-1	0	1	27.05	27.05	27.05
juego1	easy	40.0	0.008	18488	700	347	345	-2	0	1	27.16	27.16	27.16
juego1	easy	40.0	0.008	18497	700	347	345	-2	0	1	27.29	27.29	27.29
juego1	easy	40.0	0.008	18506	700	347	345	-2	0	1	27.45	27.45	27.45
juego1	easy	40.0	0.008	18513	700	346	345	-1	0	1	27.5	27.5	27.5
juego1	easy	40.0	0.008	18522	700	346	345	-1	0	1	27.49	27.49	27.49
juego1	easy	40.0	0.008	18531	700	346	345	-1	0	1	27.49	27.49	27.49
juego1	easy	40.0	0.008	18540	700	346	344	-2	0	1	27.56	27.56	27.56
juego1	easy	40.0	0.008	18548	700	346	344	-2	0	1	27.6	27.6	27.6
juego1	easy	40.0	0.008	18556	700	346	344	-2	0	1	27.69	27.69	27.69
juego1	easy	40.0	0.008	18565	700	345	344	-1	0	1	27.74	27.74	27.74
juego1	easy	40.0	0.008	18574	700	345	344	-1	0	1	27.78	27.78	27.78
juego1	easy	40.0	0.008	18582	700	345	344	-1	0	1	27.84	27.84	27.84
juego1	easy	40.0	0.008	18591	700	345	344	-1	0	1	27.9	27.9	27.9
juego1	easy	40.0	0.008	18599	700	345	343	-2	0	1	27.92	27.92	27.92
juego1	easy	40.0	0.008	18607	700	345	343	-2	0	1	27.96	27.96	27.96
juego1	easy	40.0	0.008	18616	700	344	343	-1	0	1	28.0	28.0	28.0
juego1	easy	40.0	0.008	18625	700	344	343	-1	0	1	28.04	28.04	28.04
juego1	easy	40.0	0.008	18632	700	344	343	-1	0	1	28.06	28.06	28.06
juego1	easy	40.0	0.008	18641	700	344	343	-1	0	1	28.09	28.09	28.09
juego1	easy	40.0	0.008	18650	700	344	343	-1	0	1	28.12	28.12	28.12
juego1	easy	40.0	0.008	18659	700	343	343	0	0	1	28.17	28.17	28.17
juego1	easy	40.0	0.008	18668	700	343	343	0	0	1	28.23	28.23	28.23
juego1	easy	40.0	0.008	18675	700	343	343	0	0	1	28.3	28.3	28.3
juego1	easy	40.0	0.008	18684	700	343	342	-1	0	1	28.32	28.32	28.32
juego1	easy	40.0	0.008	18692	700	343	342	-1	0	1	28.36	28.36	28.36
juego1	easy	40.0	0.008	18700	700	342	342	0	0	1	28.43	28.43	28.43
juego1	easy	40.0	0.008	18709	700	342	342	0	0	1	28.49	28.49	28.49
juego1	easy	40.0	0.008	18718	700	342	342	0	0	1	28.5	28.5	28.5
juego1	easy	40.0	0.008	18727	700	342	342	0	0	1	28.54	28.54	28.54
juego1	easy	40.0	0.008	18735	700	341	342	1	0	1	28.6	28.6	28.6
juego1	easy	40.0	0.008	18744	700	341	342	1	0	1	28.63	28.63	28.63
juego1	easy	40.0	0.008	18753	700	341	341	0	0	1	28.69	28.69	28.69
juego1	easy	40.0	0.008	18760	700	341	341	0	0	1	28.76	28.76	28.76
juego1	easy	40.0	0.008	18770	700	340	341	1	0	1	28.83	28.83	28.83
juego1	easy	40.0	0.008	18777	700	340	341	1	0	1	28.88	28.88	28.88
juego1	easy	40.0	0.008	18786	700	340	341	1	0	1	28.99	28.99	28.99
juego1	easy	40.0	0.008	18795	700	340	340	0	0	1	29.09	29.09	29.09
juego1	easy	40.0	0.008	18804	700	339	340	1	0	1	29.13	29.13	29.13
juego1	easy	40.0	0.008	18811	700	339	340	1	0	1	29.34	29.34	29.34
juego1	easy	40.0	0.008	18820	700	339	339	0	0	1	29.68	29.68	29.68
juego1	easy	40.0	0.008	18829	700	338	338	0	0	1	29.84	29.84	29.84
juego1	easy	40.0	0.008	18837	700	338	338	0	0	1	29.92	29.92	29.92
juego1	easy	40.0	0.008	18846	700	338	338	0	0	1	29.93	29.93	29.93
juego1	easy	40.0	0.008	18854	700	338	338	0	0	1	29.96	29.96	29.96
juego1	easy	40.0	0.008	18862	700	337	338	1	0	1	30.08	30.08	30.08
juego1	easy	40.0	0.008	18871	700	337	337	0	0	1	30.24	30.24	30.24
juego1	easy	40.0	0.008	18880	700	337	337	0	0	1	30.4	30.4	30.4
juego1	easy	40.0	0.008	18889	700	336	337	1	0	1	30.52	30.52	30.52
juego1	easy	40.0	0.008	18898	700	336	336	0	0	1	30.87	30.87	30.87
juego1	easy	40.0	0.008	18907	700	336	335	-1	0	1	31.25	31.25	31.25
juego1	easy	40.0	0.008	18915	700	335	334	-1	0	1	31.37	31.37	31.37
juego1	easy	40.0	0.008	18924	700	335	334	-1	0	1	31.39	31.39	31.39
juego1	easy	40.0	0.008	18932	700	335	334	-1	0	1	31.49	31.49	31.49
juego1	easy	40.0	0.008	18941	700	334	334	0	0	1	31.66	31.66	31.66
juego1	easy	40.0	0.008	18949	700	334	333	-1	0	1	31.76	31.76	31.76
juego1	easy	40.0	0.008	18957	700	334	333	-1	0	1	31.91	31.91	31.91
juego1	easy	40.0	0.008	18966	700	333	333	0	0	1	32.06	32.06	32.06
juego1	easy	40.0	0.008	18976	700	333	332	-1	0	1	32.35	32.35	32.35
juego1	easy	40.0	0.008	18982	700	333	331	-2	0	1	32.54	32.54	32.54
juego1	easy	40.0	0.008	18991	700	332	331	-1	0	1	32.83	32.83	32.83
juego1	easy	40.0	0.008	18998	700	332	331	-1	0	1	32.87	32.87	32.87
juego1	easy	40.0	0.008	19006	700	332	330	-2	0	1	32.92	32.92	32.92
juego1	easy	40.0	0.008	19015	700	331	330	-1	0	1	32.94	32.94	32.94
juego1	easy	40.0	0.008	19023	700	331	330	-1	0	1	33.07	33.07	33.07
juego1	easy	40.0	0.008	19031	700	331	330	-1	0	1	33.19	33.19	33.19
juego1	easy	40.0	0.008	19040	700	330	330	0	0	1	33.25	33.25	33.25
juego1	easy	40.0	0.008	19048	700	330	329	-1	0	1	33.36	33.36	33.36
juego1	easy	40.0	0.008	19057	700	329	329	0	0	1	33.5	33.5	33.5
juego1	easy	40.0	0.008	19066	700	329	329	0	0	1	33.66	33.66	33.66
juego1	easy	40.0	0.008	19075	700	329	328	-1	0	1	33.75	33.75	33.75
juego1	easy	40.0	0.008	19083	700	328	328	0	0	1	33.93	33.93	33.93
juego1	easy	40.0	0.008	19091	700	328	327	-1	0	1	34.11	34.11	34.11
juego1	easy	40.0	0.008	19100	700	328	327	-1	0	1	34.21	34.21	34.21
juego1	easy	40.0	0.008	19109	700	327	327	0	0	1	34.36	34.36	34.36
juego1	easy	40.0	0.008	19117	700	327	326	-1	0	1	34.59	34.59	34.59
juego1	easy	40.0	0.008	19126	700	326	325	-1	0	1	34.94	34.94	34.94
juego1	easy	40.0	0.008	19134	700	326	325	-1	0	1	35.09	35.09	35.09
juego1	easy	40.0	0.008	19143	700	326	324	-2	0	1	35.21	35.21	35.21
juego1	easy	40.0	0.008	19150	700	325	324	-1	0	1	35.26	35.26	35.26
juego1	easy	40.0	0.008	19159	700	325	324	-1	0	1	35.29	35.29	35.29
juego1	easy	40.0	0.008	19167	700	324	324	0	0	1	35.46	35.46	35.46
juego1	easy	40.0	0.008	19176	700	324	323	-1	0	1	35.66	35.66	35.66
juego1	easy	40.0	0.008	19185	700	324	323	-1	0	1	35.76	35.76	35.76
juego1	easy	40.0	0.008	19193	700	323	323	0	0	1	35.88	35.88	35.88
juego1	easy	40.0	0.008	19202	700	323	322	-1	0	1	36.0	36.0	36.0
juego1	easy	40.0	0.008	19210	700	322	322	0	0	1	36.06	36.06	36.06
juego1	easy	40.0	0.008	19218	700	322	322	0	0	1	36.16	36.16	36.16
juego1	easy	40.0	0.008	19227	700	321	322	1	0	1	36.24	36.24	36.24
juego1	easy	40.0	0.008	19234	700	321	322	1	0	1	36.29	36.29	36.29
juego1	easy	40.0	0.008	19243	700	321	321	0	0	1	36.42	36.42	36.42
juego1	easy	40.0	0.008	19252	700	320	321	1	0	1	36.54	36.54	36.54
juego1	easy	40.0	0.008	19259	700	320	321	1	0	1	36.6	36.6	36.6
juego1	easy	40.0	0.008	19268	700	319	321	2	0	1	36.65	36.65	36.65
juego1	easy	40.0	0.008	19277	700	319	320	1	0	1	36.76	36.76	36.76
juego1	easy	40.0	0.008	19285	700	318	320	2	0	1	36.89	36.89	36.89
juego1	easy	40.0	0.008	19294	700	318	320	2	0	1	37.04	37.04	37.04
juego1	easy	40.0	0.008	19302	700	317	319	2	0	1	37.19	37.19	37.19
juego1	easy	40.0	0.008	19312	700	317	319	2	0	1	37.34	37.34	37.34
juego1	easy	40.0	0.008	19320	700	316	319	3	0	1	37.42	37.42	37.42
juego1	easy	40.0	0.008	19328	700	316	318	2	0	1	37.53	37.53	37.53
juego1	easy	40.0	0.008	19337	700	316	318	2	0	1	37.67	37.67	37.67
juego1	easy	40.0	0.008	19346	700	315	318	3	0	1	37.76	37.76	37.76
juego1	easy	40.0	0.008	19353	700	315	317	2	0	1	37.93	37.93	37.93
juego1	easy	40.0	0.008	19362	700	314	317	3	0	1	38.13	38.13	38.13
juego1	easy	40.0	0.008	19371	700	314	317	3	0	1	38.21	38.21	38.21
juego1	easy	40.0	0.008	19380	700	313	316	3	0	1	38.36	38.36	38.36
juego1	easy	40.0	0.008	19389	700	313	316	3	0	1	38.55	38.55	38.55
juego1	easy	40.0	0.008	19399	700	312	315	3	0	1	38.76	38.76	38.76
juego1	easy	40.0	0.008	19406	700	312	315	3	0	1	39.02	39.02	39.02
juego1	easy	40.0	0.008	19415	700	311	314	3	0	1	39.16	39.16	39.16
juego1	easy	40.0	0.008	19424	700	311	314	3	0	1	39.41	39.41	39.41
juego1	easy	40.0	0.008	19433	700	310	313	3	0	1	39.65	39.65	39.65
juego1	easy	40.0	0.008	19442	700	310	312	2	0	1	39.92	39.92	39.92
juego1	easy	40.0	0.008	19451	700	309	312	3	0	1	40.07	40.07	40.07
juego1	easy	40.0	0.008	19460	700	309	311	2	0	1	40.29	40.29	40.29
juego1	easy	40.0	0.008	19467	700	308	311	3	0	1	40.48	40.48	40.48
juego1	easy	40.0	0.008	19475	700	308	310	2	0	1	40.6	40.6	40.6
juego1	easy	40.0	0.008	19483	700	307	309	2	0	1	40.98	40.98	40.98
juego1	easy	40.0	0.008	19492	700	307	308	1	0	1	41.49	41.49	41.49
juego1	easy	40.0	0.008	19501	700	306	308	2	0	1	41.71	41.71	41.71
juego1	easy	40.0	0.008	19510	700	306	307	1	0	1	42.03	42.03	42.03
juego1	easy	40.0	0.008	19519	700	305	306	1	0	1	42.22	42.22	42.22
juego1	easy	40.0	0.008	19528	700	305	306	1	0	1	42.4	42.4	42.4
juego1	easy	40.0	0.008	19535	700	304	305	1	0	1	42.51	42.51	42.51
juego1	easy	40.0	0.008	19544	700	304	305	1	0	1	42.84	42.84	42.84
juego1	easy	40.0	0.008	19553	700	303	304	1	0	1	43.25	43.25	43.25
juego1	easy	40.0	0.008	19561	700	303	303	0	0	1	43.46	43.46	43.46
juego1	easy	40.0	0.008	19570	700	302	303	1	0	1	43.61	43.61	43.61
juego1	easy	40.0	0.008	19579	700	302	302	0	0	1	43.72	43.72	43.72
juego1	easy	40.0	0.008	19587	700	301	302	1	0	1	43.97	43.97	43.97
juego1	easy	40.0	0.008	19596	700	301	301	0	0	1	44.29	44.29	44.29
juego1	easy	40.0	0.008	19605	700	300	300	0	0	1	44.59	44.59	44.59
juego1	easy	40.0	0.008	19614	700	300	300	0	0	1	44.78	44.78	44.78
juego1	easy	40.0	0.008	19622	700	300	300	0	0	1	45.11	45.11	45.11
juego1	easy	40.0	0.008	19631	700	300	299	-1	0	1	45.31	45.31	45.31
juego1	easy	40.0	0.008	19639	700	299	298	-1	0	1	45.71	45.71	45.71
juego1	easy	40.0	0.008	19648	700	299	297	-2	0	1	46.01	46.01	46.01
juego1	easy	40.0	0.008	19655	700	298	297	-1	0	1	46.14	46.14	46.14
juego1	easy	40.0	0.008	19663	700	298	296	-2	0	1	46.38	46.38	46.38
juego1	easy	40.0	0.008	19672	700	297	296	-1	0	1	46.64	46.64	46.64
juego1	easy	40.0	0.008	19680	700	297	295	-2	0	1	46.77	46.77	46.77
juego1	easy	40.0	0.008	19689	700	296	294	-2	0	1	47.15	47.15	47.15
juego1	easy	40.0	0.008	19698	700	296	293	-3	0	1	47.61	47.61	47.61
juego1	easy	40.0	0.008	19707	700	295	291	-4	0	1	48.27	48.27	48.27
juego1	easy	40.0	0.008	19716	700	294	291	-3	0	1	48.56	48.56	48.56
juego1	easy	40.0	0.008	19724	700	294	290	-4	0	1	48.95	48.95	48.95
juego1	easy	40.0	0.008	19733	700	293	289	-4	0	1	49.25	49.25	49.25
juego1	easy	40.0	0.008	19741	700	293	288	-5	0	1	49.39	49.39	49.39
juego1	easy	40.0	0.008	19750	700	292	288	-4	0	1	49.68	49.68	49.68
juego1	easy	40.0	0.008	19757	700	292	287	-5	0	1	50.04	50.04	50.04
juego1	easy	40.0	0.008	19766	700	291	286	-5	0	1	50.2	50.2	50.2
juego1	easy	40.0	0.008	19775	700	291	286	-5	0	1	50.4	50.4	50.4
juego1	easy	40.0	0.008	19783	700	290	286	-4	0	1	50.52	50.52	50.52
juego1	easy	40.0	0.008	19792	700	290	285	-5	0	1	50.67	50.67	50.67
juego1	easy	40.0	0.008	19801	700	289	285	-4	0	1	50.77	50.77	50.77
juego1	easy	40.0	0.008	19810	700	289	284	-5	0	1	51.01	51.01	51.01
juego1	easy	40.0	0.008	19819	700	288	284	-4	0	1	51.13	51.13	51.13
juego1	easy	40.0	0.008	19826	700	288	284	-4	0	1	51.2	51.2	51.2
juego1	easy	40.0	0.008	19835	700	287	283	-4	0	1	51.39	51.39	51.39
juego1	easy	40.0	0.008	19843	700	286	282	-4	0	1	51.69	51.69	51.69
juego1	easy	40.0	0.008	19850	700	286	282	-4	0	1	51.83	51.83	51.83
juego1	easy	40.0	0.008	19859	700	285	281	-4	0	1	52.08	52.08	52.08
juego1	easy	40.0	0.008	19868	700	285	281	-4	0	1	52.31	52.31	52.31
juego1	easy	40.0	0.008	19877	700	284	281	-3	0	1	52.42	52.42	52.42
juego1	easy	40.0	0.008	19886	700	284	280	-4	0	1	52.62	52.62	52.62
juego1	easy	40.0	0.008	19895	700	283	280	-3	0	1	52.79	52.79	52.79
juego1	easy	40.0	0.008	19904	700	283	279	-4	1	1	52.97	52.97	52.97
juego1	easy	40.0	0.008	19913	700	282	279	-3	1	1	53.13	53.13	53.13
juego1	easy	40.0	0.008	19921	700	282	278	-4	1	1	53.39	53.39	53.39
juego1	easy	40.0	0.008	19929	700	282	277	-5	1	1	53.7	53.7	53.7
juego1	easy	40.0	0.008	19938	700	281	277	-4	1	1	53.87	53.87	53.87
juego1	easy	40.0	0.008	19947	700	281	277	-4	1	1	53.9	53.9	53.9
juego1	easy	40.0	0.008	19956	700	280	276	-4	1	1	54.13	54.13	54.13
juego1	easy	40.0	0.008	19964	700	280	275	-5	1	1	54.63	54.63	54.63
juego1	easy	40.0	0.008	19972	700	280	274	-6	1	1	54.88	54.88	54.88
juego1	easy	40.0	0.008	19981	700	279	273	-6	1	1	55.29	55.29	55.29
juego1	easy	40.0	0.008	19990	700	279	273	-6	1	1	55.42	55.42	55.42
juego1	easy	40.0	0.008	19998	700	278	273	-5	1	1	55.43	55.43	55.43
juego1	easy	40.0	0.008	20007	700	278	273	-5	1	1	55.44	55.44	55.44
juego1	easy	40.0	0.008	20016	700	277	273	-4	1	1	55.51	55.51	55.51
juego1	easy	40.0	0.008	20025	700	277	272	-5	1	1	55.63	55.63	55.63
juego1	easy	40.0	0.008	20034	700	277	272	-5	1	1	55.74	55.74	55.74
juego1	easy	40.0	0.008	20043	700	276	272	-4	1	1	55.8	55.8	55.8
juego1	easy	40.0	0.008	20052	700	276	272	-4	1	1	55.83	55.83	55.83
juego1	easy	40.0	0.008	20059	700	275	272	-3	1	1	55.87	55.87	55.87
juego1	easy	40.0	0.008	20068	700	275	271	-4	1	1	55.91	55.91	55.91
juego1	easy	40.0	0.008	20077	700	275	271	-4	1	1	55.94	55.94	55.94
juego1	easy	40.0	0.008	20086	700	274	271	-3	1	1	56.04	56.04	56.04
juego1	easy	40.0	0.008	20094	700	274	271	-3	1	1	56.15	56.15	56.15
juego1	easy	40.0	0.008	20102	700	273	271	-2	1	1	56.2	56.2	56.2
juego1	easy	40.0	0.008	20111	700	273	270	-3	1	1	56.39	56.39	56.39
juego1	easy	40.0	0.008	20119	700	272	269	-3	1	1	56.89	56.89	56.89
juego1	easy	40.0	0.008	20127	700	272	268	-4	1	1	57.2	57.2	57.2
juego1	easy	40.0	0.008	20136	700	272	267	-5	1	1	57.56	57.56	57.56
juego1	easy	40.0	0.008	20145	700	271	267	-4	1	1	57.5	57.5	57.5
juego1	easy	40.0	0.008	20154	700	271	268	-3	1	1	57.41	57.41	57.41
juego1	easy	40.0	0.008	20161	700	270	267	-3	1	1	57.47	57.47	57.47
juego1	easy	40.0	0.008	20170	700	270	267	-3	1	1	57.81	57.81	57.81
juego1	easy	40.0	0.008	20179	700	270	265	-5	1	1	58.24	58.24	58.24
juego1	easy	40.0	0.008	20188	700	269	265	-4	1	1	58.46	58.46	58.46
juego1	easy	40.0	0.008	20197	700	269	265	-4	1	1	58.46	58.46	58.46
juego1	easy	40.0	0.008	20206	700	268	265	-3	1	1	58.47	58.47	58.47
juego1	easy	40.0	0.008	20215	700	268	265	-3	1	1	58.56	58.56	58.56
juego1	easy	40.0	0.008	20224	700	268	264	-4	1	1	58.66	58.66	58.66
juego1	easy	40.0	0.008	20233	700	267	264	-3	1	1	58.74	58.74	58.74
juego1	easy	40.0	0.008	20241	700	267	264	-3	1	1	58.78	58.78	58.78
juego1	easy	40.0	0.008	20250	700	266	264	-2	1	1	58.85	58.85	58.85
juego1	easy	40.0	0.008	20259	700	266	264	-2	1	1	58.88	58.88	58.88
juego1	easy	40.0	0.008	20268	700	265	264	-1	1	1	58.91	58.91	58.91
juego1	easy	40.0	0.008	20277	700	265	263	-2	1	1	58.99	58.99	58.99
juego1	easy	40.0	0.008	20286	700	265	263	-2	1	1	59.12	59.12	59.12
juego1	easy	40.0	0.008	20295	700	264	263	-1	1	1	59.24	59.24	59.24
juego1	easy	40.0	0.008	20304	700	264	263	-1	1	1	59.28	59.28	59.28
juego1	easy	40.0	0.008	20311	700	264	263	-1	1	1	59.3	59.3	59.3
juego1	easy	40.0	0.008	20319	700	263	262	-1	1	1	59.36	59.36	59.36
juego1	easy	40.0	0.008	20328	700	263	262	-1	1	1	59.42	59.42	59.42
juego1	easy	40.0	0.008	20336	700	262	262	0	1	1	59.45	59.45	59.45
juego1	easy	40.0	0.008	20345	700	262	262	0	1	1	59.49	59.49	59.49
juego1	easy	40.0	0.008	20352	700	262	262	0	1	1	59.5	59.5	59.5
juego1	easy	40.0	0.008	20361	700	261	262	1	1	1	59.52	59.52	59.52
juego1	easy	40.0	0.008	20370	700	261	262	1	1	1	59.51	59.51	59.51
juego1	easy	40.0	0.008	20379	700	260	262	2	1	1	59.51	59.51	59.51
juego1	easy	40.0	0.008	20388	700	260	262	2	1	1	59.53	59.53	59.53
juego1	easy	40.0	0.008	20397	700	260	262	2	1	1	59.56	59.56	59.56
juego1	easy	40.0	0.008	20406	700	259	262	3	1	1	59.61	59.61	59.61
juego1	easy	40.0	0.008	20415	700	259	262	3	1	1	59.64	59.64	59.64
juego1	easy	40.0	0.008	20424	700	258	262	4	1	1	59.67	59.67	59.67
juego1	easy	40.0	0.008	20433	700	258	262	4	1	1	59.71	59.71	59.71
juego1	easy	40.0	0.008	20442	700	258	262	4	1	1	59.73	59.73	59.73
juego1	easy	40.0	0.008	20451	700	257	261	4	1	1	59.82	59.82	59.82
juego1	easy	40.0	0.008	20460	700	257	261	4	1	1	59.87	59.87	59.87
juego1	easy	40.0	0.008	20468	700	257	261	4	1	1	59.88	59.88	59.88
juego1	easy	40.0	0.008	20477	700	256	261	5	1	1	59.91	59.91	59.91
juego1	easy	40.0	0.008	20485	700	256	261	5	1	1	59.97	59.97	59.97
juego1	easy	40.0	0.008	20494	700	256	261	5	1	1	60.07	60.07	60.07
juego1	easy	40.0	0.008	20503	700	255	260	5	1	1	60.13	60.13	60.13
juego1	easy	40.0	0.008	20511	700	255	260	5	1	1	60.27	60.27	60.27
juego1	easy	40.0	0.008	20520	700	254	260	6	1	1	60.37	60.37	60.37
juego1	easy	40.0	0.008	20529	700	254	260	6	1	1	60.45	60.45	60.45
juego1	easy	40.0	0.008	20538	700	254	260	6	1	1	60.48	60.48	60.48
juego1	easy	40.0	0.008	20547	700	253	259	6	1	1	60.55	60.55	60.55
juego1	easy	40.0	0.008	20556	700	253	259	6	1	1	60.64	60.64	60.64
juego1	easy	40.0	0.008	20565	700	253	259	6	1	1	60.76	60.76	60.76
juego1	easy	40.0	0.008	20573	700	252	259	7	1	1	60.82	60.82	60.82
juego1	easy	40.0	0.008	20582	700	252	258	6	1	1	60.93	60.93	60.93
juego1	easy	40.0	0.008	20591	700	252	258	6	1	1	61.06	61.06	61.06
juego1	easy	40.0	0.008	20598	700	251	258	7	1	1	61.13	61.13	61.13
juego1	easy	40.0	0.008	20607	700	251	257	6	1	1	61.29	61.29	61.29
juego1	easy	40.0	0.008	20616	700	251	257	6	1	1	61.45	61.45	61.45
juego1	easy	40.0	0.008	20625	700	250	257	7	1	1	61.6	61.6	61.6
juego1	easy	40.0	0.008	20633	700	250	256	6	1	1	61.68	61.68	61.68
juego1	easy	40.0	0.008	20642	700	250	256	6	1	1	61.84	61.84	61.84
juego1	easy	40.0	0.008	20650	700	249	256	7	1	1	61.99	61.99	61.99
juego1	easy	40.0	0.008	20658	700	249	255	6	1	1	62.05	62.05	62.05
juego1	easy	40.0	0.008	20666	700	249	255	6	1	1	62.19	62.19	62.19
juego1	easy	40.0	0.008	20674	700	248	255	7	1	1	62.34	62.34	62.34
juego1	easy	40.0	0.008	20683	700	248	255	7	1	1	62.41	62.41	62.41
juego1	easy	40.0	0.008	20690	700	248	254	6	1	1	62.59	62.59	62.59
juego1	easy	40.0	0.008	20699	700	247	254	7	1	1	62.69	62.69	62.69
juego1	easy	40.0	0.008	20706	700	247	253	6	1	1	62.91	62.91	62.91
juego1	easy	40.0	0.008	20715	700	247	253	6	1	1	63.09	63.09	63.09
juego1	easy	40.0	0.008	20723	700	246	253	7	1	1	63.17	63.17	63.17
juego1	easy	40.0	0.008	20731	700	246	252	6	1	1	63.29	63.29	63.29
juego1	easy	40.0	0.008	20740	700	246	252	6	1	1	63.39	63.39	63.39
juego1	easy	40.0	0.008	20748	700	246	252	6	1	1	63.45	63.45	63.45
juego1	easy	40.0	0.008	20757	700	245	251	6	1	1	63.62	63.62	63.62
juego1	easy	40.0	0.008	20765	700	245	251	6	1	1	63.7	63.7	63.7
juego1	easy	40.0	0.008	20773	700	245	251	6	1	1	63.83	63.83	63.83
juego1	easy	40.0	0.008	20782	700	244	251	7	1	1	63.87	63.87	63.87
juego1	easy	40.0	0.008	20790	700	244	250	6	1	1	63.98	63.98	63.98
juego1	easy	40.0	0.008	20798	700	244	250	6	1	1	64.12	64.12	64.12
juego1	easy	40.0	0.008	20807	700	243	250	7	1	1	64.24	64.24	64.24
juego1	easy	40.0	0.008	20816	700	243	250	7	1	1	64.28	64.28	64.28
juego1	easy	40.0	0.008	20824	700	243	250	7	1	1	64.29	64.29	64.29
juego1	easy	40.0	0.008	20833	700	243	250	7	1	1	64.33	64.33	64.33
juego1	easy	40.0	0.008	20840	700	242	249	7	1	1	64.39	64.39	64.39
juego1	easy	40.0	0.008	20849	700	242	249	7	1	1	64.47	64.47	64.47
juego1	easy	40.0	0.008	20858	700	242	249	7	1	1	64.52	64.52	64.52
juego1	easy	40.0	0.008	20867	700	242	249	7	1	1	64.64	64.64	64.64
juego1	easy	40.0	0.008	20876	700	241	248	7	1	1	64.75	64.75	64.75
juego1	easy	40.0	0.008	20884	700	241	248	7	1	1	64.8	64.8	64.8
juego1	easy	40.0	0.008	20892	700	241	248	7	1	1	64.88	64.88	64.88
juego1	easy	40.0	0.008	20901	700	240	248	8	1	1	64.94	64.94	64.94
juego1	easy	40.0	0.008	20908	700	240	248	8	1	1	64.96	64.96	64.96
juego1	easy	40.0	0.008	20917	700	240	248	8	1	1	64.98	64.98	64.98
juego1	easy	40.0	0.008	20925	700	240	248	8	1	1	65.0	65.0	65.0
juego1	easy	40.0	0.008	20932	700	239	248	9	1	1	65.07	65.07	65.07
juego1	easy	40.0	0.008	20940	700	239	247	8	1	1	65.16	65.16	65.16
juego1	easy	40.0	0.008	20949	700	239	247	8	1	1	65.21	65.21	65.21
juego1	easy	40.0	0.008	20957	700	239	247	8	1	1	65.32	65.32	65.32
juego1	easy	40.0	0.008	20966	700	239	247	8	1	1	65.43	65.43	65.43
juego1	easy	40.0	0.008	20974	700	238	247	9	1	1	65.48	65.48	65.48
juego1	easy	40.0	0.008	20983	700	238	246	8	1	1	65.57	65.57	65.57
juego1	easy	40.0	0.008	20992	700	238	246	8	1	1	65.68	65.68	65.68
juego1	easy	40.0	0.008	21001	700	238	246	8	1	1	65.8	65.8	65.8
juego1	easy	40.0	0.008	21009	700	237	245	8	1	1	65.87	65.87	65.87
juego1	easy	40.0	0.008	21016	700	237	245	8	1	1	65.98	65.98	65.98
juego1	easy	40.0	0.008	21024	700	237	245	8	1	1	66.03	66.03	66.03
juego1	easy	40.0	0.008	21033	700	237	245	8	1	1	66.2	66.2	66.2
juego1	easy	40.0	0.008	21042	700	237	244	7	1	1	66.42	66.42	66.42
juego1	easy	40.0	0.008	21051	700	236	244	8	1	1	66.61	66.61	66.61
juego1	easy	40.0	0.008	21061	700	236	243	7	1	1	66.91	66.91	66.91
juego1	easy	40.0	0.008	21069	700	236	242	6	1	1	67.1	67.1	67.1
juego1	easy	40.0	0.008	21076	700	236	242	6	1	1	67.34	67.34	67.34
juego1	easy	40.0	0.008	21085	700	236	241	5	1	1	67.48	67.48	67.48
juego1	easy	40.0	0.008	21092	700	235	240	5	1	1	67.89	67.89	67.89
juego1	easy	40.0	0.008	21102	700	235	239	4	1	1	68.24	68.24	68.24
juego1	easy	40.0	0.008	21110	700	235	239	4	1	1	68.27	68.27	68.27
juego1	easy	40.0	0.008	21119	700	235	239	4	1	1	68.27	68.27	68.27
juego1	easy	40.0	0.008	21128	700	235	239	4	1	1	68.4	68.4	68.4
juego1	easy	40.0	0.008	21137	700	234	238	4	1	1	68.71	68.71	68.71
juego1	easy	40.0	0.008	21146	700	234	237	3	1	1	69.06	69.06	69.06
juego1	easy	40.0	0.008	21154	700	234	237	3	1	1	69.15	69.15	69.15
juego1	easy	40.0	0.008	21163	700	234	237	3	1	1	69.21	69.21	69.21
juego1	easy	40.0	0.008	21172	700	234	237	3	1	1	69.28	69.28	69.28
juego1	easy	40.0	0.008	21179	700	234	236	2	1	1	69.34	69.34	69.34
juego1	easy	40.0	0.008	21188	700	233	236	3	1	1	69.45	69.45	69.45
juego1	easy	40.0	0.008	21197	700	233	236	3	1	1	69.53	69.53	69.53
juego1	easy	40.0	0.008	21205	700	233	236	3	1	1	69.56	69.56	69.56
juego1	easy	40.0	0.008	21214	700	233	236	3	1	1	69.58	69.58	69.58
juego1	easy	40.0	0.008	21222	700	233	236	3	1	1	69.63	69.63	69.63
juego1	easy	40.0	0.008	21231	700	233	235	2	1	1	69.73	69.73	69.73
juego1	easy	40.0	0.008	21240	700	233	235	2	1	1	69.79	69.79	69.79
juego1	easy	40.0	0.008	21249	700	232	235	3	1	1	69.91	69.91	69.91
juego1	easy	40.0	0.008	21258	700	232	235	3	1	1	69.95	69.95	69.95
juego1	easy	40.0	0.008	21267	700	232	235	3	1	1	70.0	70.0	70.0
juego1	easy	40.0	0.008	21276	700	232	234	2	1	1	70.12	70.12	70.12
juego1	easy	40.0	0.008	21284	700	232	234	2	1	1	70.2	70.2	70.2
juego1	easy	40.0	0.008	21292	700	232	234	2	1	1	70.33	70.33	70.33
juego1	easy	40.0	0.008	21300	700	232	234	2	1	1	70.35	70.35	70.35
juego1	easy	40.0	0.008	21309	700	232	234	2	1	1	70.38	70.38	70.38
juego1	easy	40.0	0.008	21317	700	231	234	3	1	1	70.42	70.42	70.42
juego1	easy	40.0	0.008	21327	700	231	234	3	1	1	70.46	70.46	70.46
juego1	easy	40.0	0.008	21335	700	231	233	2	1	1	70.47	70.47	70.47
juego1	easy	40.0	0.008	21344	700	231	234	3	1	1	70.44	70.44	70.44
juego1	easy	40.0	0.008	21352	700	231	234	3	1	1	70.41	70.41	70.41
juego1	easy	40.0	0.008	21362	700	231	234	3	1	1	70.4	70.4	70.4
juego1	easy	40.0	0.008	21370	700	231	234	3	1	1	70.42	70.42	70.42
juego1	easy	40.0	0.008	21379	700	231	233	2	1	1	70.5	70.5	70.5
juego1	easy	40.0	0.008	21387	700	231	233	2	1	1	70.55	70.55	70.55
juego1	easy	40.0	0.008	21397	700	231	233	2	1	1	70.6	70.6	70.6
juego1	easy	40.0	0.008	21404	700	231	233	2	1	1	70.62	70.62	70.62
juego1	easy	40.0	0.008	21413	700	230	233	3	1	1	70.68	70.68	70.68
juego1	easy	40.0	0.008	21423	700	230	233	3	1	1	70.71	70.71	70.71
juego1	easy	40.0	0.008	21431	700	230	233	3	1	1	70.71	70.71	70.71
juego1	easy	40.0	0.008	21440	700	230	233	3	1	1	70.71	70.71	70.71
juego1	easy	40.0	0.008	21449	700	230	233	3	1	1	70.71	70.71	70.71
juego1	easy	40.0	0.008	21457	700	230	233	3	1	1	70.7	70.7	70.7
juego1	easy	40.0	0.008	21467	700	230	233	3	1	1	70.7	70.7	70.7
juego1	easy	40.0	0.008	21474	700	230	233	3	1	1	70.7	70.7	70.7
juego1	easy	40.0	0.008	21482	700	230	233	3	1	1	70.75	70.75	70.75
juego1	easy	40.0	0.008	21490	700	230	233	3	1	1	70.78	70.78	70.78
juego1	easy	40.0	0.008	21499	700	230	233	3	1	1	70.8	70.8	70.8
juego1	easy	40.0	0.008	21508	700	230	233	3	1	1	70.83	70.83	70.83
juego1	easy	40.0	0.008	21516	700	230	232	2	1	1	70.86	70.86	70.86
juego1	easy	40.0	0.008	21524	700	230	232	2	1	1	70.88	70.88	70.88
juego1	easy	40.0	0.008	21532	700	230	232	2	1	1	70.89	70.89	70.89
juego1	easy	40.0	0.008	21540	700	230	232	2	1	1	70.88	70.88	70.88
juego1	easy	40.0	0.008	21548	700	230	232	2	1	1	70.85	70.85	70.85
juego1	easy	40.0	0.008	21557	700	230	233	3	1	1	70.84	70.84	70.84
juego1	easy	40.0	0.008	21565	700	230	233	3	1	1	70.84	70.84	70.84
juego1	easy	40.0	0.008	21574	700	230	233	3	1	1	70.83	70.83	70.83
juego1	easy	40.0	0.008	21583	700	230	233	3	1	1	70.83	70.83	70.83
juego1	easy	40.0	0.008	21592	700	230	232	2	1	1	70.86	70.86	70.86
juego1	easy	40.0	0.008	21602	700	230	232	2	1	1	70.87	70.87	70.87
juego1	easy	40.0	0.008	21609	700	230	232	2	1	1	70.88	70.88	70.88
juego1	easy	40.0	0.008	21617	700	230	232	2	1	1	70.88	70.88	70.88
juego1	easy	40.0	0.008	21625	700	230	232	2	1	1	70.88	70.88	70.88
juego1	easy	40.0	0.008	21633	700	230	232	2	1	1	70.91	70.91	70.91
juego1	easy	40.0	0.008	21641	700	230	232	2	1	1	70.92	70.92	70.92
juego1	easy	40.0	0.008	21650	700	230	232	2	1	1	70.93	70.93	70.93
juego1	easy	40.0	0.008	21657	700	230	232	2	1	1	70.94	70.94	70.94
juego1	easy	40.0	0.008	21666	700	230	232	2	1	1	70.96	70.96	70.96
juego1	easy	40.0	0.008	21673	700	230	232	2	1	1	71.01	71.01	71.01
juego1	easy	40.0	0.008	21682	700	230	232	2	1	1	71.05	71.05	71.05
juego1	easy	40.0	0.008	21690	700	230	232	2	1	1	71.05	71.05	71.05
juego1	easy	40.0	0.008	21699	700	230	232	2	1	1	71.03	71.03	71.03
juego1	easy	40.0	0.008	21708	700	230	232	2	1	1	71.03	71.03	71.03
juego1	easy	40.0	0.008	21718	700	230	232	2	1	1	71.06	71.06	71.06
juego1	easy	40.0	0.008	21726	700	230	232	2	1	1	71.06	71.06	71.06
juego1	easy	40.0	0.008	21735	700	230	232	2	1	1	71.03	71.03	71.03
juego1	easy	40.0	0.008	21744	700	230	232	2	1	1	70.97	70.97	70.97
juego1	easy	40.0	0.008	21752	700	230	232	2	1	1	71.01	71.01	71.01
juego1	easy	40.0	0.008	21760	700	230	232	2	1	1	71.05	71.05	71.05
juego1	easy	40.0	0.008	21768	700	230	232	2	1	1	71.08	71.08	71.08
juego1	easy	40.0	0.008	21776	700	230	232	2	1	1	71.05	71.05	71.05
juego1	easy	40.0	0.008	21784	700	231	232	1	1	1	70.98	70.98	70.98
juego1	easy	40.0	0.008	21792	700	231	232	1	1	1	70.92	70.92	70.92
juego1	easy	40.0	0.008	21801	700	231	232	1	1	1	70.92	70.92	70.92
juego1	easy	40.0	0.008	21810	700	231	232	1	1	1	70.93	70.93	70.93
juego1	easy	40.0	0.008	21819	700	231	232	1	1	1	70.98	70.98	70.98
juego1	easy	40.0	0.008	21828	700	231	232	1	1	1	71.0	71.0	71.0
juego1	easy	40.0	0.008	21837	700	231	232	1	1	1	70.96	70.96	70.96
juego1	easy	40.0	0.008	21845	700	231	232	1	1	1	70.94	70.94	70.94
juego1	easy	40.0	0.008	21855	700	231	232	1	1	1	70.92	70.92	70.92
juego1	easy	40.0	0.008	21863	700	231	232	1	1	1	70.95	70.95	70.95
juego1	easy	40.0	0.008	21872	700	231	232	1	1	1	70.94	70.94	70.94
juego1	easy	40.0	0.008	21881	700	232	232	0	1	1	70.9	70.9	70.9
juego1	easy	40.0	0.008	21890	700	232	233	1	1	1	70.82	70.82	70.82
juego1	easy	40.0	0.008	21899	700	232	233	1	1	1	70.82	70.82	70.82
juego1	easy	40.0	0.008	21907	700	232	233	1	1	1	70.84	70.84	70.84
juego1	easy	40.0	0.008	21915	700	232	233	1	1	1	70.82	70.82	70.82
juego1	easy	40.0	0.008	21924	700	232	233	1	1	1	70.73	70.73	70.73
juego1	easy	40.0	0.008	21933	700	232	233	1	1	1	70.65	70.65	70.65
juego1	easy	40.0	0.008	21942	700	232	233	1	1	1	70.65	70.65	70.65
juego1	easy	40.0	0.008	21951	700	233	233	0	1	1	70.66	70.66	70.66
juego1	easy	40.0	0.008	21960	700	233	233	0	1	1	70.62	70.62	70.62
juego1	easy	40.0	0.008	21969	700	233	233	0	1	1	70.57	70.57	70.57
juego1	easy	40.0	0.008	21977	700	233	233	0	1	1	70.54	70.54	70.54
juego1	easy	40.0	0.008	21985	700	233	233	0	1	1	70.53	70.53	70.53
juego1	easy	40.0	0.008	21994	700	233	233	0	1	1	70.51	70.51	70.51
juego1	easy	40.0	0.008	22003	700	233	233	0	1	1	70.48	70.48	70.48
juego1	easy	40.0	0.008	22012	700	234	233	-1	1	1	70.47	70.47	70.47
juego1	easy	40.0	0.008	22020	700	234	233	-1	1	1	70.47	70.47	70.47
juego1	easy	40.0	0.008	22028	700	234	234	0	1	1	70.45	70.45	70.45
juego1	easy	40.0	0.008	22037	700	234	234	0	1	1	70.43	70.43	70.43
juego1	easy	40.0	0.008	22045	700	234	234	0	1	1	70.38	70.38	70.38
juego1	easy	40.0	0.008	22053	700	234	234	0	1	1	70.35	70.35	70.35
juego1	easy	40.0	0.008	22062	700	235	234	-1	1	1	70.33	70.33	70.33
juego1	easy	40.0	0.008	22070	700	235	234	-1	1	1	70.29	70.29	70.29
juego1	easy	40.0	0.008	22079	700	235	234	-1	1	1	70.21	70.21	70.21
juego1	easy	40.0	0.008	22088	700	235	234	-1	1	1	70.13	70.13	70.13
juego1	easy	40.0	0.008	22096	700	235	234	-1	1	1	70.1	70.1	70.1
juego1	easy	40.0	0.008	22104	700	236	235	-1	1	1	70.03	70.03	70.03
juego1	easy	40.0	0.008	22113	700	236	235	-1	1	1	69.94	69.94	69.94
juego1	easy	40.0	0.008	22122	700	236	235	-1	1	1	69.88	69.88	69.88
juego1	easy	40.0	0.008	22131	700	236	235	-1	1	1	69.75	69.75	69.75
juego1	easy	40.0	0.008	22140	700	236	236	0	1	1	69.6	69.6	69.6
juego1	easy	40.0	0.008	22148	700	237	236	-1	1	1	69.45	69.45	69.45
juego1	easy	40.0	0.008	22156	700	237	236	-1	1	1	69.38	69.38	69.38
juego1	easy	40.0	0.008	22165	700	237	237	0	1	1	69.21	69.21	69.21
juego1	easy	40.0	0.008	22173	700	237	237	0	1	1	69.05	69.05	69.05
juego1	easy	40.0	0.008	22181	700	237	237	0	1	1	68.98	68.98	68.98
juego1	easy	40.0	0.008	22190	700	238	238	0	1	1	68.85	68.85	68.85
juego1	easy	40.0	0.008	22199	700	238	238	0	1	1	68.7	68.7	68.7
juego1	easy	40.0	0.008	22207	700	238	238	0	1	1	68.64	68.64	68.64
juego1	easy	40.0	0.008	22215	700	238	239	1	1	1	68.53	68.53	68.53
juego1	easy	40.0	0.008	22223	700	239	239	0	1	1	68.4	68.4	68.4
juego1	easy	40.0	0.008	22232	700	239	239	0	1	1	68.35	68.35	68.35
juego1	easy	40.0	0.008	22241	700	239	239	0	1	1	68.28	68.28	68.28
juego1	easy	40.0	0.008	22248	700	239	239	0	1	1	68.26	68.26	68.26
juego1	easy	40.0	0.008	22256	700	240	239	-1	1	1	68.25	68.25	68.25
juego1	easy	40.0	0.008	22265	700	240	239	-1	1	1	68.19	68.19	68.19
juego1	easy	40.0	0.008	22274	700	240	240	0	1	1	68.11	68.11	68.11
juego1	easy	40.0	0.008	22283	700	240	240	0	1	1	68.03	68.03	68.03
juego1	easy	40.0	0.008	22292	700	241	240	-1	1	1	68.0	68.0	68.0
juego1	easy	40.0	0.008	22300	700	241	240	-1	1	1	67.91	67.91	67.91
juego1	easy	40.0	0.008	22308	700	241	240	-1	1	1	67.85	67.85	67.85
juego1	easy	40.0	0.008	22317	700	241	241	0	1	1	67.75	67.75	67.75
juego1	easy	40.0	0.008	22326	700	242	241	-1	1	1	67.67	67.67	67.67
juego1	easy	40.0	0.008	22334	700	242	241	-1	1	1	67.6	67.6	67.6
juego1	easy	40.0	0.008	22342	700	242	241	-1	1	1	67.57	67.57	67.57
juego1	easy	40.0	0.008	22351	700	242	241	-1	1	1	67.5	67.5	67.5
juego1	easy	40.0	0.008	22360	700	243	241	-2	1	1	67.45	67.45	67.45
juego1	easy	40.0	0.008	22369	700	243	241	-2	1	1	67.42	67.42	67.42
juego1	easy	40.0	0.008	22377	700	243	241	-2	1	1	67.4	67.4	67.4
juego1	easy	40.0	0.008	22385	700	244	242	-2	1	1	67.38	67.38	67.38
juego1	easy	40.0	0.008	22394	700	244	242	-2	1	1	67.34	67.34	67.34
juego1	easy	40.0	0.008	22403	700	244	242	-2	1	1	67.31	67.31	67.31
juego1	easy	40.0	0.008	22412	700	244	242	-2	1	1	67.24	67.24	67.24
juego1	easy	40.0	0.008	22420	700	245	242	-3	1	1	67.17	67.17	67.17
juego1	easy	40.0	0.008	22427	700	245	242	-3	1	1	67.14	67.14	67.14
juego1	easy	40.0	0.008	22436	700	245	242	-3	1	1	67.07	67.07	67.07
juego1	easy	40.0	0.008	22445	700	246	242	-4	1	1	67.02	67.02	67.02
juego1	easy	40.0	0.008	22453	700	246	243	-3	1	1	66.95	66.95	66.95
juego1	easy	40.0	0.008	22461	700	246	243	-3	1	1	66.91	66.91	66.91
juego1	easy	40.0	0.008	22470	700	247	243	-4	1	1	66.82	66.82	66.82
juego1	easy	40.0	0.008	22478	700	247	243	-4	1	1	66.77	66.77	66.77
juego1	easy	40.0	0.008	22487	700	247	243	-4	1	1	66.68	66.68	66.68
juego1	easy	40.0	0.008	22495	700	247	244	-3	1	1	66.6	66.6	66.6
juego1	easy	40.0	0.008	22504	700	248	244	-4	1	1	66.51	66.51	66.51
juego1	easy	40.0	0.008	22512	700	248	244	-4	1	1	66.46	66.46	66.46
juego1	easy	40.0	0.008	22521	700	248	244	-4	1	1	66.38	66.38	66.38
juego1	easy	40.0	0.008	22530	700	249	244	-5	1	1	66.28	66.28	66.28
juego1	easy	40.0	0.008	22539	700	249	245	-4	1	1	66.15	66.15	66.15
juego1	easy	40.0	0.008	22546	700	249	245	-4	1	1	66.09	66.09	66.09
juego1	easy	40.0	0.008	22555	700	250	245	-5	1	1	65.92	65.92	65.92
juego1	easy	40.0	0.008	22564	700	250	246	-4	1	1	65.74	65.74	65.74
juego1	easy	40.0	0.008	22573	700	250	246	-4	1	1	65.63	65.63	65.63
juego1	easy	40.0	0.008	22582	700	251	246	-5	1	1	65.53	65.53	65.53
juego1	easy	40.0	0.008	22590	700	251	247	-4	1	1	65.33	65.33	65.33
juego1	easy	40.0	0.008	22599	700	251	248	-3	1	1	65.06	65.06	65.06
juego1	easy	40.0	0.008	22608	700	252	248	-4	1	1	64.82	64.82	64.82
juego1	easy	40.0	0.008	22617	700	252	249	-3	1	1	64.57	64.57	64.57
juego1	easy	40.0	0.008	22625	700	252	250	-2	1	1	64.31	64.31	64.31
juego1	easy	40.0	0.008	22633	700	253	250	-3	1	1	64.17	64.17	64.17
juego1	easy	40.0	0.008	22642	700	253	251	-2	1	1	63.94	63.94	63.94
juego1	easy	40.0	0.008	22650	700	253	251	-2	1	1	63.75	63.75	63.75
juego1	easy	40.0	0.008	22658	700	254	251	-3	1	1	63.65	63.65	63.65
juego1	easy	40.0	0.008	22667	700	254	252	-2	1	1	63.42	63.42	63.42
juego1	easy	40.0	0.008	22676	700	255	252	-3	1	1	63.21	63.21	63.21
juego1	easy	40.0	0.008	22684	700	255	253	-2	1	1	63.02	63.02	63.02
juego1	easy	40.0	0.008	22692	700	255	253	-2	1	1	62.93	62.93	62.93
juego1	easy	40.0	0.008	22701	700	256	254	-2	1	1	62.77	62.77	62.77
juego1	easy	40.0	0.008	22710	700	256	254	-2	1	1	62.68	62.68	62.68
juego1	easy	40.0	0.008	22719	700	256	254	-2	1	1	62.56	62.56	62.56
juego1	easy	40.0	0.008	22727	700	257	254	-3	1	1	62.47	62.47	62.47
juego1	easy	40.0	0.008	22736	700	257	255	-2	1	1	62.19	62.19	62.19
juego1	easy	40.0	0.008	22744	700	257	256	-1	1	1	61.93	61.93	61.93
juego1	easy	40.0	0.008	22753	700	258	256	-2	1	1	61.84	61.84	61.84
juego1	easy	40.0	0.008	22762	700	258	257	-1	1	1	61.63	61.63	61.63
juego1	easy	40.0	0.008	22771	700	259	257	-2	1	1	61.38	61.38	61.38
juego1	easy	40.0	0.008	22780	700	259	258	-1	1	1	61.19	61.19	61.19
juego1	easy	40.0	0.008	22788	700	259	258	-1	1	1	61.09	61.09	61.09
juego1	easy	40.0	0.008	22797	700	260	258	-2	1	1	60.93	60.93	60.93
juego1	easy	40.0	0.008	22805	700	260	259	-1	1	1	60.72	60.72	60.72
juego1	easy	40.0	0.008	22815	700	261	260	-1	1	1	60.43	60.43	60.43
juego1	easy	40.0	0.008	22821	700	261	260	-1	1	1	60.27	60.27	60.27
juego1	easy	40.0	0.008	22831	700	261	261	0	1	1	59.97	59.97	59.97
juego1	easy	40.0	0.008	22838	700	262	261	-1	1	1	59.86	59.86	59.86
juego1	easy	40.0	0.008	22847	700	262	262	0	1	1	59.7	59.7	59.7
juego1	easy	40.0	0.008	22856	700	262	262	0	1	1	59.55	59.55	59.55
juego1	easy	40.0	0.008	22865	700	263	262	-1	1	1	59.47	59.47	59.47
juego1	easy	40.0	0.008	22875	700	263	263	0	1	1	59.25	59.25	59.25
juego1	easy	40.0	0.008	22883	700	264	263	-1	1	1	59.15	59.15	59.15
juego1	easy	40.0	0.008	22892	700	264	264	0	1	1	58.84	58.84	58.84
juego1	easy	40.0	0.008	22900	700	264	265	1	1	1	58.58	58.58	58.58
juego1	easy	40.0	0.008	22909	700	265	265	0	1	1	58.52	58.52	58.52
juego1	easy	40.0	0.008	22916	700	265	265	0	1	1	58.35	58.35	58.35
juego1	easy	40.0	0.008	22925	700	266	266	0	1	1	58.13	58.13	58.13
juego1	easy	40.0	0.008	22933	700	266	266	0	1	1	57.97	57.97	57.97
juego1	easy	40.0	0.008	22943	700	266	267	1	1	1	57.78	57.78	57.78
juego1	easy	40.0	0.008	22951	700	267	267	0	1	1	57.64	57.64	57.64
juego1	easy	40.0	0.008	22960	700	267	267	0	1	1	57.51	57.51	57.51
juego1	easy	40.0	0.008	22967	700	268	267	-1	1	1	57.44	57.44	57.44
juego1	easy	40.0	0.008	22976	700	268	268	0	1	1	57.27	57.27	57.27
juego1	easy	40.0	0.008	22984	700	268	268	0	1	1	57.18	57.18	57.18
juego1	easy	40.0	0.008	22993	700	269	269	0	1	1	56.97	56.97	56.97
juego1	easy	40.0	0.008	23001	700	269	269	0	1	1	56.76	56.76	56.76
juego1	easy	40.0	0.008	23011	700	270	270	0	1	1	56.64	56.64	56.64
juego1	easy	40.0	0.008	23017	700	270	270	0	1	1	56.57	56.57	56.57
juego1	easy	40.0	0.008	23026	700	270	270	0	1	1	56.44	56.44	56.44
juego1	easy	40.0	0.008	23033	700	271	270	-1	1	1	56.35	56.35	56.35
juego1	easy	40.0	0.008	23042	700	271	271	0	1	1	56.2	56.2	56.2
juego1	easy	40.0	0.008	23049	700	272	271	-1	1	1	56.16	56.16	56.16
juego1	easy	40.0	0.008	23058	700	272	271	-1	1	1	56.06	56.06	56.06
juego1	easy	40.0	0.008	23067	700	273	272	-1	1	1	55.87	55.87	55.87
juego1	easy	40.0	0.008	23076	700	273	272	-1	1	1	55.68	55.68	55.68
juego1	easy	40.0	0.008	23084	700	273	272	-1	1	1	55.64	55.64	55.64
juego1	easy	40.0	0.008	23093	700	274	272	-2	1	1	55.55	55.55	55.55
juego1	easy	40.0	0.008	23101	700	274	273	-1	1	1	55.44	55.44	55.44
juego1	easy	40.0	0.008	23111	700	275	273	-2	1	1	55.28	55.28	55.28
juego1	easy	40.0	0.008	23118	700	275	273	-2	1	1	55.2	55.2	55.2
juego1	easy	40.0	0.008	23127	700	275	274	-1	1	1	55.05	55.05	55.05
juego1	easy	40.0	0.008	23136	700	276	274	-2	1	1	54.87	54.87	54.87
juego1	easy	40.0	0.008	23146	700	276	275	-1	1	1	54.57	54.57	54.57
juego1	easy	40.0	0.008	23153	700	277	275	-2	1	1	54.57	54.57	54.57
juego1	easy	40.0	0.008	23161	700	277	276	-1	1	1	54.3	54.3	54.3
juego1	easy	40.0	0.008	23169	700	278	276	-2	1	1	54.15	54.15	54.15
juego1	easy	40.0	0.008	23178	700	278	277	-1	1	1	53.96	53.96	53.96
juego1	easy	40.0	0.008	23187	700	278	277	-1	1	1	53.72	53.72	53.72
juego1	easy	40.0	0.008	23195	700	279	278	-1	1	1	53.59	53.59	53.59
juego1	easy	40.0	0.008	23204	700	279	278	-1	1	1	53.54	53.54	53.54
juego1	easy	40.0	0.008	23213	700	280	278	-2	1	1	53.41	53.41	53.41
juego1	easy	40.0	0.008	23221	700	280	278	-2	1	1	53.24	53.24	53.24
juego1	easy	40.0	0.008	23230	700	281	279	-2	1	1	53.15	53.15	53.15
juego1	easy	40.0	0.008	23239	700	281	279	-2	1	1	53.01	53.01	53.01
juego1	easy	40.0	0.008	23246	700	281	279	-2	1	1	52.86	52.86	52.86
juego1	easy	40.0	0.008	23254	700	282	280	-2	1	1	52.78	52.78	52.78
juego1	easy	40.0	0.008	23263	700	282	280	-2	1	1	52.58	52.58	52.58
juego1	easy	40.0	0.008	23271	700	283	280	-3	1	1	52.47	52.47	52.47
juego1	easy	40.0	0.008	23279	700	283	281	-2	1	1	52.41	52.41	52.41
juego1	easy	40.0	0.008	23288	700	284	281	-3	1	1	52.21	52.21	52.21
juego1	easy	40.0	0.008	23296	700	284	282	-2	1	1	51.97	51.97	51.97
juego1	easy	40.0	0.008	23305	700	285	282	-3	1	1	51.88	51.88	51.88
juego1	easy	40.0	0.008	23312	700	285	282	-3	1	1	51.77	51.77	51.77
juego1	easy	40.0	0.008	23321	700	286	283	-3	1	1	51.64	51.64	51.64
juego1	easy	40.0	0.008	23330	700	286	283	-3	1	1	51.55	51.55	51.55
juego1	easy	40.0	0.008	23339	700	287	283	-4	1	1	51.35	51.35	51.35
juego1	easy	40.0	0.008	23348	700	287	284	-3	1	1	51.24	51.24	51.24
juego1	easy	40.0	0.008	23356	700	288	284	-4	1	1	51.17	51.17	51.17
juego1	easy	40.0	0.008	23365	700	289	284	-5	1	1	51.13	51.13	51.13
juego1	easy	40.0	0.008	23372	700	289	284	-5	1	1	51.01	51.01	51.01
juego1	easy	40.0	0.008	23380	700	290	285	-5	1	1	50.86	50.86	50.86
juego1	easy	40.0	0.008	23389	700	290	285	-5	1	1	50.8	50.8	50.8
juego1	easy	40.0	0.008	23398	700	291	285	-6	1	1	50.68	50.68	50.68
juego1	easy	40.0	0.008	23406	700	291	285	-6	1	1	50.56	50.56	50.56
juego1	easy	40.0	0.008	23415	700	292	286	-6	1	1	50.5	50.5	50.5
juego1	easy	40.0	0.008	23424	700	292	286	-6	1	1	50.36	50.36	50.36
juego1	easy	40.0	0.008	23432	700	293	286	-7	1	1	50.24	50.24	50.24
juego1	easy	40.0	0.008	23440	700	293	287	-6	1	1	50.14	50.14	50.14
juego1	easy	40.0	0.008	23449	700	294	287	-7	1	1	50.09	50.09	50.09
juego1	easy	40.0	0.008	23458	700	294	287	-7	1	1	49.99	49.99	49.99
juego1	easy	40.0	0.008	23466	700	295	287	-8	1	1	49.86	49.86	49.86
juego1	easy	40.0	0.008	23475	700	295	287	-8	1	1	49.77	49.77	49.77
juego1	easy	40.0	0.008	23483	700	296	288	-8	1	1	49.6	49.6	49.6
juego1	easy	40.0	0.008	23492	700	297	289	-8	1	1	49.34	49.34	49.34
juego1	easy	40.0	0.008	23500	700	297	289	-8	1	1	49.18	49.18	49.18
juego1	easy	40.0	0.008	23509	700	298	290	-8	1	1	48.79	48.79	48.79
juego1	easy	40.0	0.008	23517	700	298	291	-7	1	1	48.43	48.43	48.43
juego1	easy	40.0	0.008	23526	700	299	291	-8	1	1	48.32	48.32	48.32
juego1	easy	40.0	0.008	23536	700	299	292	-7	1	1	48.15	48.15	48.15
juego1	easy	40.0	0.008	23543	700	300	292	-8	1	1	47.98	47.98	47.98
juego1	easy	40.0	0.008	23552	700	300	293	-7	1	1	47.76	47.76	47.76
juego1	easy	40.0	0.008	23559	700	300	293	-7	1	1	47.65	47.65	47.65
juego1	easy	40.0	0.008	23568	700	300	293	-7	1	1	47.49	47.49	47.49
juego1	easy	40.0	0.008	23576	700	301	294	-7	1	1	47.28	47.28	47.28
juego1	easy	40.0	0.008	23585	700	301	294	-7	1	1	47.14	47.14	47.14
juego1	easy	40.0	0.008	23593	700	302	295	-7	1	1	46.81	46.81	46.81
juego1	easy	40.0	0.008	23602	700	302	296	-6	1	1	46.67	46.67	46.67
juego1	easy	40.0	0.008	23610	700	303	296	-7	1	1	46.62	46.62	46.62
juego1	easy	40.0	0.008	23618	700	303	296	-7	1	1	46.46	46.46	46.46
juego1	easy	40.0	0.008	23627	700	304	297	-7	1	1	46.21	46.21	46.21
juego1	easy	40.0	0.008	23635	700	304	297	-7	1	1	46.02	46.02	46.02
juego1	easy	40.0	0.008	23643	700	305	298	-7	1	1	45.67	45.67	45.67
juego1	easy	40.0	0.008	23652	700	305	299	-6	1	1	45.37	45.37	45.37
juego1	easy	40.0	0.008	23660	700	306	299	-7	1	1	45.25	45.25	45.25
juego1	easy	40.0	0.008	23669	700	306	300	-6	1	1	45.05	45.05	45.05
juego1	easy	40.0	0.008	23677	700	307	300	-7	1	1	44.84	44.84	44.84
juego1	easy	40.0	0.008	23686	700	307	300	-7	1	1	44.73	44.73	44.73
juego1	easy	40.0	0.008	23694	700	308	300	-8	1	1	44.52	44.52	44.52
juego1	easy	40.0	0.008	23703	700	308	300	-8	1	1	44.41	44.41	44.41
juego1	easy	40.0	0.008	23711	700	309	301	-8	1	1	44.29	44.29	44.29
juego1	easy	40.0	0.008	23720	700	309	302	-7	1	1	43.96	43.96	43.96
juego1	easy	40.0	0.008	23729	700	310	302	-8	1	1	43.73	43.73	43.73
juego1	easy	40.0	0.008	23737	700	310	303	-7	1	1	43.52	43.52	43.52
juego1	easy	40.0	0.008	23746	700	311	303	-8	1	1	43.41	43.41	43.41
juego1	easy	40.0	0.008	23754	700	311	304	-7	1	1	43.18	43.18	43.18
juego1	easy	40.0	0.008	23762	700	312	305	-7	1	1	42.82	42.82	42.82
juego1	easy	40.0	0.008	23770	700	312	305	-7	1	1	42.61	42.61	42.61
juego1	easy	40.0	0.008	23779	700	313	306	-7	1	1	42.33	42.33	42.33
juego1	easy	40.0	0.008	23788	700	313	306	-7	1	1	42.14	42.14	42.14
juego1	easy	40.0	0.008	23797	700	314	307	-7	1	1	41.96	41.96	41.96
juego1	easy	40.0	0.008	23805	700	314	307	-7	1	1	41.87	41.87	41.87
juego1	easy	40.0	0.008	23814	700	315	308	-7	1	1	41.67	41.67	41.67
juego1	easy	40.0	0.008	23823	700	315	308	-7	1	1	41.48	41.48	41.48
juego1	easy	40.0	0.008	23831	700	315	308	-7	1	1	41.4	41.4	41.4
juego1	easy	40.0	0.008	23840	700	316	309	-7	1	1	41.15	41.15	41.15
juego1	easy	40.0	0.008	23849	700	316	310	-6	1	1	40.82	40.82	40.82
juego1	easy	40.0	0.008	23858	700	317	310	-7	1	1	40.62	40.62	40.62
juego1	easy	40.0	0.008	23866	700	317	310	-7	1	1	40.57	40.57	40.57
juego1	easy	40.0	0.008	23875	700	318	311	-7	1	1	40.47	40.47	40.47
juego1	easy	40.0	0.008	23884	700	318	311	-7	1	1	40.31	40.31	40.31
juego1	easy	40.0	0.008	23893	700	319	312	-7	1	1	40.09	40.09	40.09
juego1	easy	40.0	0.008	23901	700	319	312	-7	1	1	39.97	39.97	39.97
juego1	easy	40.0	0.008	23910	700	320	313	-7	1	1	39.75	39.75	39.75
juego1	easy	40.0	0.008	23918	700	320	314	-6	1	1	39.4	39.4	39.4
juego1	easy	40.0	0.008	23928	700	320	315	-5	1	1	39.0	39.0	39.0
juego1	easy	40.0	0.008	23936	700	321	315	-6	1	1	38.88	38.88	38.88
juego1	easy	40.0	0.008	23945	700	321	315	-6	1	1	38.77	38.77	38.77
juego1	easy	40.0	0.008	23953	700	322	316	-6	1	1	38.61	38.61	38.61
juego1	easy	40.0	0.008	23962	700	322	316	-6	1	1	38.38	38.38	38.38
juego1	easy	40.0	0.008	23971	700	323	317	-6	1	1	38.24	38.24	38.24
juego1	easy	40.0	0.008	23980	700	323	317	-6	1	1	37.93	37.93	37.93
juego1	easy	40.0	0.008	23987	700	323	318	-5	1	1	37.65	37.65	37.65
juego1	easy	40.0	0.008	23996	700	324	318	-6	1	1	37.54	37.54	37.54
juego1	easy	40.0	0.008	24004	700	324	319	-5	1	1	37.35	37.35	37.35
juego1	easy	40.0	0.008	24013	700	325	319	-6	1	1	37.21	37.21	37.21
juego1	easy	40.0	0.008	24022	700	325	320	-5	1	1	37.03	37.03	37.03
juego1	easy	40.0	0.008	24029	700	326	320	-6	1	1	36.92	36.92	36.92
juego1	easy	40.0	0.008	24037	700	326	321	-5	1	1	36.72	36.72	36.72
juego1	easy	40.0	0.008	24046	700	326	321	-5	1	1	36.62	36.62	36.62
juego1	easy	40.0	0.008	24055	700	327	321	-6	1	1	36.41	36.41	36.41
juego1	easy	40.0	0.008	24063	700	327	322	-5	1	1	36.16	36.16	36.16
juego1	easy	40.0	0.008	24072	700	328	323	-5	1	1	35.91	35.91	35.91
juego1	easy	40.0	0.008	24080	700	328	323	-5	1	1	35.7	35.7	35.7
juego1	easy	40.0	0.008	24088	700	328	325	-3	1	1	35.17	35.17	35.17
juego1	easy	40.0	0.008	24097	700	329	326	-3	1	1	34.64	34.64	34.64
juego1	easy	40.0	0.008	24106	700	329	326	-3	1	1	34.55	34.55	34.55
juego1	easy	40.0	0.008	24114	700	329	326	-3	1	1	34.49	34.49	34.49
juego1	easy	40.0	0.008	24123	700	330	327	-3	1	1	34.36	34.36	34.36
juego1	easy	40.0	0.008	24131	700	330	327	-3	1	1	34.25	34.25	34.25
juego1	easy	40.0	0.008	24140	700	331	328	-3	1	1	33.97	33.97	33.97
juego1	easy	40.0	0.008	24149	700	331	329	-2	1	1	33.62	33.62	33.62
juego1	easy	40.0	0.008	24158	700	331	329	-2	1	1	33.46	33.46	33.46
juego1	easy	40.0	0.008	24167	700	332	330	-2	1	1	33.12	33.12	33.12
juego1	easy	40.0	0.008	24176	700	332	331	-1	1	1	32.61	32.61	32.61
juego1	easy	40.0	0.008	24184	700	332	333	1	1	1	32.05	32.05	32.05
juego1	easy	40.0	0.008	24192	700	333	333	0	1	1	31.87	31.87	31.87
juego1	easy	40.0	0.008	24200	700	333	334	1	1	1	31.55	31.55	31.55
juego1	easy	40.0	0.008	24208	700	333	335	2	1	1	31.26	31.26	31.26
juego1	easy	40.0	0.008	24217	700	334	335	1	1	1	31.1	31.1	31.1
juego1	easy	40.0	0.008	24226	700	334	336	2	1	1	30.77	30.77	30.77
juego1	easy	40.0	0.008	24234	700	334	337	3	1	1	30.41	30.41	30.41
juego1	easy	40.0	0.008	24243	700	335	338	3	1	1	30.09	30.09	30.09
juego1	easy	40.0	0.008	24250	700	335	338	3	1	1	29.95	29.95	29.95
juego1	easy	40.0	0.008	24259	700	335	339	4	1	1	29.7	29.7	29.7
juego1	easy	40.0	0.008	24267	700	336	339	3	1	1	29.58	29.58	29.58
juego1	easy	40.0	0.008	24275	700	336	340	4	1	1	29.34	29.34	29.34
juego1	easy	40.0	0.008	24284	700	336	341	5	1	1	29.05	29.05	29.05
juego1	easy	40.0	0.008	24292	700	337	341	4	1	1	28.9	28.9	28.9
juego1	easy	40.0	0.008	24301	700	337	342	5	1	1	28.52	28.52	28.52
juego1	easy	40.0	0.008	24310	700	337	343	6	1	1	28.13	28.13	28.13
juego1	easy	40.0	0.008	24317	700	338	343	5	1	1	27.96	27.96	27.96
juego1	easy	40.0	0.008	24325	700	338	344	6	1	1	27.63	27.63	27.63
juego1	easy	40.0	0.008	24333	700	338	345	7	1	1	27.32	27.32	27.32
juego1	easy	40.0	0.008	24342	700	338	345	7	1	1	27.18	27.18	27.18
juego1	easy	40.0	0.008	24349	700	339	346	7	1	1	26.93	26.93	26.93
juego1	easy	40.0	0.008	24358	700	339	346	7	1	1	26.83	26.83	26.83
juego1	easy	40.0	0.008	24365	700	339	347	8	1	1	26.67	26.67	26.67
juego1	easy	40.0	0.008	24374	700	340	347	7	1	1	26.54	26.54	26.54
juego1	easy	40.0	0.008	24382	700	340	347	7	1	1	26.46	26.46	26.46
juego1	easy	40.0	0.008	24391	700	340	348	8	1	1	26.29	26.29	26.29
juego1	easy	40.0	0.008	24400	700	340	348	8	1	1	26.09	26.09	26.09
juego1	easy	40.0	0.008	24408	700	341	349	8	1	1	25.89	25.89	25.89
juego1	easy	40.0	0.008	24417	700	341	349	8	1	1	25.77	25.77	25.77
juego1	easy	40.0	0.008	24426	700	341	350	9	1	1	25.56	25.56	25.56
juego1	easy	40.0	0.008	24435	700	341	350	9	1	1	25.38	25.38	25.38
juego1	easy	40.0	0.008	24443	700	342	351	9	1	1	25.23	25.23	25.23
juego1	easy	40.0	0.008	24452	700	342	351	9	1	1	25.17	25.17	25.17
juego1	easy	40.0	0.008	24460	700	342	351	9	1	1	25.01	25.01	25.01
juego1	easy	40.0	0.008	24468	700	342	352	10	1	1	24.8	24.8	24.8
juego1	easy	40.0	0.008	24477	700	343	352	9	1	1	24.68	24.68	24.68
juego1	easy	40.0	0.008	24486	700	343	353	10	1	1	24.43	24.43	24.43
juego1	easy	40.0	0.008	24494	700	343	353	10	1	1	24.14	24.14	24.14
juego1	easy	40.0	0.008	24503	700	343	354	11	1	1	23.85	23.85	23.85
juego1	easy	40.0	0.008	24511	700	343	354	11	1	1	23.72	23.72	23.72
juego1	easy	40.0	0.008	24520	700	344	355	11	1	1	23.54	23.54	23.54
juego1	easy	40.0	0.008	24528	700	344	355	11	1	1	23.48	23.48	23.48
juego1	easy	40.0	0.008	24536	700	344	355	11	1	1	23.39	23.39	23.39
juego1	easy	40.0	0.008	24544	700	344	356	12	1	1	23.3	23.3	23.3
juego1	easy	40.0	0.008	24552	700	344	356	12	1	1	23.25	23.25	23.25
juego1	easy	40.0	0.008	24560	700	345	356	11	1	1	23.22	23.22	23.22
juego1	easy	40.0	0.008	24569	700	345	356	11	1	1	23.23	23.23	23.23
juego1	easy	40.0	0.008	24577	700	345	356	11	1	1	23.24	23.24	23.24
juego1	easy	40.0	0.008	24586	700	345	356	11	1	1	23.24	23.24	23.24
juego1	easy	40.0	0.008	24593	700	345	356	11	1	1	23.17	23.17	23.17
juego1	easy	40.0	0.008	24602	700	345	356	11	1	1	23.13	23.13	23.13
juego1	easy	40.0	0.008	24611	700	346	356	10	1	1	23.08	23.08	23.08
juego1	easy	40.0	0.008	24620	700	346	356	10	1	1	23.07	23.07	23.07
juego1	easy	40.0	0.008	24628	700	346	356	10	1	1	23.07	23.07	23.07
juego1	easy	40.0	0.008	24637	700	346	356	10	1	1	23.08	23.08	23.08
juego1	easy	40.0	0.008	24645	700	346	356	10	1	1	23.12	23.12	23.12
juego1	easy	40.0	0.008	24654	700	346	356	10	1	1	23.15	23.15	23.15
juego1	easy	40.0	0.008	24662	700	347	356	9	1	1	23.15	23.15	23.15
juego1	easy	40.0	0.008	24671	700	347	356	9	1	1	23.11	23.11	23.11
juego1	easy	40.0	0.008	24679	700	347	356	9	1	1	23.08	23.08	23.08
juego1	easy	40.0	0.008	24688	700	347	356	9	1	1	23.07	23.07	23.07
juego1	easy	40.0	0.008	24696	700	347	356	9	1	1	23.08	23.08	23.08
juego1	easy	40.0	0.008	24705	700	347	356	9	1	1	23.07	23.07	23.07
juego1	easy	40.0	0.008	24713	700	347	356	9	1	1	23.06	23.06	23.06
juego1	easy	40.0	0.008	24722	700	347	356	9	1	1	23.02	23.02	23.02
juego1	easy	40.0	0.008	24731	700	347	356	9	1	1	23.0	23.0	23.0
juego1	easy	40.0	0.008	24740	700	348	356	8	1	1	23.01	23.01	23.01
juego1	easy	40.0	0.008	24749	700	348	356	8	1	1	23.05	23.05	23.05
juego1	easy	40.0	0.008	24758	700	348	356	8	1	1	23.08	23.08	23.08
juego1	easy	40.0	0.008	24766	700	348	356	8	1	1	23.13	23.13	23.13
juego1	easy	40.0	0.008	24775	700	348	356	8	1	1	23.21	23.21	23.21
juego1	easy	40.0	0.008	24784	700	348	356	8	1	1	23.3	23.3	23.3
juego1	easy	40.0	0.008	24792	700	348	355	7	1	1	23.34	23.34	23.34
juego1	easy	40.0	0.008	24800	700	348	355	7	1	1	23.4	23.4	23.4
juego1	easy	40.0	0.008	24809	700	348	355	7	1	1	23.43	23.43	23.43
juego1	easy	40.0	0.008	24817	700	348	355	7	1	1	23.45	23.45	23.45
juego1	easy	40.0	0.008	24826	700	348	355	7	1	1	23.5	23.5	23.5
juego1	easy	40.0	0.008	24834	700	348	355	7	1	1	23.52	23.52	23.52
juego1	easy	40.0	0.008	24843	700	348	355	7	1	1	23.53	23.53	23.53
juego1	easy	40.0	0.008	24852	700	348	355	7	1	1	23.57	23.57	23.57
juego1	easy	40.0	0.008	24860	700	349	355	6	1	1	23.61	23.61	23.61
juego1	easy	40.0	0.008	24869	700	349	355	6	1	1	23.63	23.63	23.63
juego1	easy	40.0	0.008	24877	700	349	355	6	1	1	23.66	23.66	23.66
juego1	easy	40.0	0.008	24886	700	349	355	6	1	1	23.68	23.68	23.68
juego1	easy	40.0	0.008	24895	700	349	354	5	1	1	23.72	23.72	23.72
juego1	easy	40.0	0.008	24903	700	349	354	5	1	1	23.73	23.73	23.73
juego1	easy	40.0	0.008	24912	700	349	354	5	1	1	23.74	23.74	23.74
juego1	easy	40.0	0.008	24920	700	349	354	5	1	1	23.72	23.72	23.72
juego1	easy	40.0	0.008	24928	700	349	354	5	1	1	23.72	23.72	23.72
juego1	easy	40.0	0.008	24937	700	349	354	5	1	1	23.72	23.72	23.72
juego1	easy	40.0	0.008	24946	700	349	354	5	1	1	23.72	23.72	23.72
juego1	easy	40.0	0.008	24955	700	349	354	5	1	1	23.73	23.73	23.73
juego1	easy	40.0	0.008	24964	700	349	354	5	1	1	23.76	23.76	23.76
juego1	easy	40.0	0.008	24972	700	349	354	5	1	1	23.76	23.76	23.76
juego1	easy	40.0	0.008	24981	700	349	354	5	1	1	23.77	23.77	23.77
juego1	easy	40.0	0.008	24989	700	349	354	5	1	1	23.78	23.78	23.78
juego1	easy	40.0	0.008	24998	700	349	354	5	1	1	23.79	23.79	23.79
juego1	easy	40.0	0.008	25006	700	349	354	5	1	1	23.8	23.8	23.8
juego1	easy	40.0	0.008	25015	700	349	354	5	1	1	23.82	23.82	23.82
juego1	easy	40.0	0.008	25025	700	348	354	6	1	1	23.85	23.85	23.85
juego1	easy	40.0	0.008	25032	700	348	354	6	1	1	23.86	23.86	23.86
juego1	easy	40.0	0.008	25041	700	348	354	6	1	1	23.89	23.89	23.89
juego1	easy	40.0	0.008	25049	700	348	354	6	1	1	23.9	23.9	23.9
juego1	easy	40.0	0.008	25058	700	348	354	6	1	1	23.93	23.93	23.93
juego1	easy	40.0	0.008	25067	700	348	354	6	1	1	23.96	23.96	23.96
juego1	easy	40.0	0.008	25074	700	348	354	6	1	1	23.97	23.97	23.97
juego1	easy	40.0	0.008	25083	700	348	354	6	1	1	23.99	23.99	23.99
juego1	easy	40.0	0.008	25092	700	348	354	6	1	1	24.02	24.02	24.02
juego1	easy	40.0	0.008	25100	700	348	354	6	1	1	24.04	24.04	24.04
juego1	easy	40.0	0.008	25109	700	348	354	6	1	1	24.04	24.04	24.04
juego1	easy	40.0	0.008	25117	700	348	354	6	1	1	24.06	24.06	24.06
juego1	easy	40.0	0.008	25125	700	348	353	5	1	1	24.11	24.11	24.11
juego1	easy	40.0	0.008	25134	700	348	353	5	1	1	24.13	24.13	24.13
juego1	easy	40.0	0.008	25143	700	347	353	6	1	1	24.19	24.19	24.19
juego1	easy	40.0	0.008	25151	700	347	353	6	1	1	24.22	24.22	24.22
juego1	easy	40.0	0.008	25159	700	347	353	6	1	1	24.21	24.21	24.21
juego1	easy	40.0	0.008	25168	700	347	353	6	1	1	24.19	24.19	24.19
juego1	easy	40.0	0.008	25176	700	347	353	6	1	1	24.22	24.22	24.22
juego1	easy	40.0	0.008	25185	700	347	353	6	1	1	24.29	24.29	24.29
juego1	easy	40.0	0.008	25193	700	347	353	6	1	1	24.33	24.33	24.33
juego1	easy	40.0	0.008	25202	700	347	353	6	1	1	24.41	24.41	24.41
juego1	easy	40.0	0.008	25211	700	347	353	6	1	1	24.45	24.45	24.45
juego1	easy	40.0	0.008	25219	700	346	352	6	1	1	24.48	24.48	24.48
juego1	easy	40.0	0.008	25227	700	346	352	6	1	1	24.61	24.61	24.61
juego1	easy	40.0	0.008	25236	700	346	352	6	1	1	24.84	24.84	24.84
juego1	easy	40.0	0.008	25246	700	346	351	5	1	1	25.05	25.05	25.05
juego1	easy	40.0	0.008	25253	700	346	351	5	1	1	25.13	25.13	25.13
juego1	easy	40.0	0.008	25262	700	346	350	4	1	1	25.27	25.27	25.27
juego1	easy	40.0	0.008	25270	700	345	350	5	1	1	25.45	25.45	25.45
juego1	easy	40.0	0.008	25279	700	345	350	5	1	1	25.57	25.57	25.57
juego1	easy	40.0	0.008	25287	700	345	349	4	1	1	25.86	25.86	25.86
juego1	easy	40.0	0.008	25296	700	345	348	3	1	1	26.02	26.02	26.02
juego1	easy	40.0	0.008	25304	700	345	348	3	1	1	26.05	26.05	26.05
juego1	easy	40.0	0.008	25313	700	345	348	3	1	1	26.1	26.1	26.1
juego1	easy	40.0	0.008	25321	700	344	348	4	1	1	26.2	26.2	26.2
juego1	easy	40.0	0.008	25331	700	344	348	4	1	1	26.32	26.32	26.32
juego1	easy	40.0	0.008	25338	700	344	348	4	1	1	26.37	26.37	26.37
juego1	easy	40.0	0.008	25346	700	344	347	3	1	1	26.5	26.5	26.5
juego1	easy	40.0	0.008	25355	700	344	347	3	1	1	26.6	26.6	26.6
juego1	easy	40.0	0.008	25364	700	343	347	4	1	1	26.63	26.63	26.63
juego1	easy	40.0	0.008	25373	700	343	347	4	1	1	26.67	26.67	26.67
juego1	easy	40.0	0.008	25380	700	343	347	4	1	1	26.72	26.72	26.72
juego1	easy	40.0	0.008	25389	700	343	347	4	1	1	26.76	26.76	26.76
juego1	easy	40.0	0.008	25398	700	343	346	3	1	1	26.9	26.9	26.9
juego1	easy	40.0	0.008	25405	700	342	346	4	1	1	27.03	27.03	27.03
juego1	easy	40.0	0.008	25414	700	342	346	4	1	1	27.08	27.08	27.08
juego1	easy	40.0	0.008	25422	700	342	345	3	1	1	27.16	27.16	27.16
juego1	easy	40.0	0.008	25431	700	342	345	3	1	1	27.24	27.24	27.24
juego1	easy	40.0	0.008	25439	700	341	345	4	1	1	27.3	27.3	27.3
juego1	easy	40.0	0.008	25448	700	341	345	4	1	1	27.41	27.41	27.41
juego1	easy	40.0	0.008	25457	700	341	345	4	1	1	27.47	27.47	27.47
juego1	easy	40.0	0.008	25465	700	341	345	4	1	1	27.5	27.5	27.5
juego1	easy	40.0	0.008	25474	700	340	345	5	1	1	27.5	27.5	27.5
juego1	easy	40.0	0.008	25482	700	340	345	5	1	1	27.51	27.51	27.51
juego1	easy	40.0	0.008	25491	700	340	344	4	1	1	27.54	27.54	27.54
juego1	easy	40.0	0.008	25499	700	340	344	4	1	1	27.57	27.57	27.57
juego1	easy	40.0	0.008	25508	700	339	344	5	1	1	27.68	27.68	27.68
juego1	easy	40.0	0.008	25517	700	339	343	4	1	1	27.92	27.92	27.92
juego1	easy	40.0	0.008	25525	700	339	343	4	1	1	28.06	28.06	28.06
juego1	easy	40.0	0.008	25534	700	338	343	5	1	1	28.13	28.13	28.13
juego1	easy	40.0	0.008	25542	700	338	343	5	1	1	28.07	28.07	28.07
juego1	easy	40.0	0.008	25551	700	338	343	5	1	1	28.1	28.1	28.1
juego1	easy	40.0	0.008	25559	700	338	343	5	1	1	28.16	28.16	28.16
juego1	easy	40.0	0.008	25568	700	337	342	5	1	1	28.31	28.31	28.31
juego1	easy	40.0	0.008	25576	700	337	342	5	1	1	28.38	28.38	28.38
juego1	easy	40.0	0.008	25585	700	337	342	5	1	1	28.37	28.37	28.37
juego1	easy	40.0	0.008	25594	700	336	342	6	1	1	28.38	28.38	28.38
juego1	easy	40.0	0.008	25603	700	336	342	6	1	1	28.46	28.46	28.46
juego1	easy	40.0	0.008	25612	700	336	342	6	1	1	28.57	28.57	28.57
juego1	easy	40.0	0.008	25619	700	335	342	7	1	1	28.59	28.59	28.59
juego1	easy	40.0	0.008	25628	700	335	342	7	1	1	28.59	28.59	28.59
juego1	easy	40.0	0.008	25635	700	335	342	7	1	1	28.58	28.58	28.58
juego1	easy	40.0	0.008	25644	700	334	342	8	1	1	28.59	28.59	28.59
juego1	easy	40.0	0.008	25653	700	334	342	8	1	1	28.65	28.65	28.65
juego1	easy	40.0	0.008	25661	700	334	341	7	1	1	28.71	28.71	28.71
juego1	easy	40.0	0.008	25670	700	333	341	8	1	1	28.74	28.74	28.74
juego1	easy	40.0	0.008	25677	700	333	341	8	1	1	28.79	28.79	28.79
juego1	easy	40.0	0.008	25687	700	333	341	8	1	1	28.84	28.84	28.84
juego1	easy	40.0	0.008	25694	700	332	341	9	1	1	28.85	28.85	28.85
juego1	easy	40.0	0.008	25703	700	332	341	9	1	1	28.88	28.88	28.88
juego1	easy	40.0	0.008	25712	700	332	341	9	1	1	28.88	28.88	28.88
juego1	easy	40.0	0.008	25719	700	331	341	10	1	1	28.88	28.88	28.88
juego1	easy	40.0	0.008	25728	700	331	341	10	1	1	28.91	28.91	28.91
juego1	easy	40.0	0.008	25737	700	331	341	10	1	1	28.93	28.93	28.93
juego1	easy	40.0	0.008	25745	700	330	341	11	1	1	28.95	28.95	28.95
juego1	easy	40.0	0.008	25754	700	330	341	11	1	1	28.96	28.96	28.96
juego1	easy	40.0	0.008	25763	700	329	341	12	1	1	28.97	28.97	28.97
juego1	easy	40.0	0.008	25772	700	329	341	12	1	1	29.02	29.02	29.02
juego1	easy	40.0	0.008	25780	700	329	341	12	1	1	29.05	29.05	29.05
juego1	easy	40.0	0.008	25789	700	328	340	12	1	1	29.11	29.11	29.11
juego1	easy	40.0	0.008	25797	700	328	340	12	1	1	29.17	29.17	29.17
juego1	easy	40.0	0.008	25805	700	328	340	12	1	1	29.2	29.2	29.2
juego1	easy	40.0	0.008	25813	700	327	340	13	1	1	29.26	29.26	29.26
juego1	easy	40.0	0.008	25822	700	327	340	13	1	1	29.29	29.29	29.29
juego1	easy	40.0	0.008	25830	700	326	340	14	1	1	29.3	29.3	29.3
juego1	easy	40.0	0.008	25839	700	326	340	14	1	1	29.35	29.35	29.35
juego1	easy	40.0	0.008	25848	700	326	340	14	1	1	29.42	29.42	29.42
juego1	easy	40.0	0.008	25856	700	325	339	14	1	1	29.5	29.5	29.5
juego1	easy	40.0	0.008	25865	700	325	339	14	1	1	29.54	29.54	29.54
juego1	easy	40.0	0.008	25873	700	324	339	15	1	1	29.6	29.6	29.6
juego1	easy	40.0	0.008	25882	700	324	339	15	1	1	29.62	29.62	29.62
juego1	easy	40.0	0.008	25891	700	324	339	15	1	1	29.67	29.67	29.67
juego1	easy	40.0	0.008	25899	700	323	339	16	1	1	29.73	29.73	29.73
juego1	easy	40.0	0.008	25908	700	323	339	16	1	1	29.82	29.82	29.82
juego1	easy	40.0	0.008	25917	700	322	338	16	1	1	29.95	29.95	29.95
juego1	easy	40.0	0.008	25925	700	322	338	16	1	1	30.03	30.03	30.03
juego1	easy	40.0	0.008	25934	700	321	337	16	1	1	30.24	30.24	30.24
juego1	easy	40.0	0.008	25942	700	321	337	16	1	1	30.5	30.5	30.5
juego1	easy	40.0	0.008	25951	700	321	336	15	1	1	30.63	30.63	30.63
juego1	easy	40.0	0.008	25960	700	320	336	16	1	1	30.94	30.94	30.94
juego1	easy	40.0	0.008	25968	700	320	335	15	1	1	31.29	31.29	31.29
juego1	easy	40.0	0.008	25978	700	319	334	15	1	1	31.53	31.53	31.53
juego1	easy	40.0	0.008	25985	700	319	334	15	1	1	31.62	31.62	31.62
juego1	easy	40.0	0.008	25994	700	318	333	15	1	1	31.76	31.76	31.76
juego1	easy	40.0	0.008	26003	700	318	333	15	1	1	31.92	31.92	31.92
juego1	easy	40.0	0.008	26010	700	317	333	16	1	1	32.02	32.02	32.02
juego1	easy	40.0	0.008	26019	700	317	332	15	1	1	32.22	32.22	32.22
juego1	easy	40.0	0.008	26028	700	316	332	16	1	1	32.4	32.4	32.4
juego1	easy	40.0	0.008	26036	700	316	332	16	1	1	32.48	32.48	32.48
juego1	easy	40.0	0.008	26044	700	316	331	15	1	1	32.59	32.59	32.59
juego1	easy	40.0	0.008	26053	700	315	331	16	1	1	32.72	32.72	32.72
juego1	easy	40.0	0.008	26060	700	315	331	16	1	1	32.8	32.8	32.8
juego1	easy	40.0	0.008	26069	700	314	330	16	1	1	32.99	32.99	32.99
juego1	easy	40.0	0.008	26078	700	314	330	16	1	1	33.24	33.24	33.24
juego1	easy	40.0	0.008	26087	700	313	329	16	1	1	33.49	33.49	33.49
juego1	easy	40.0	0.008	26094	700	313	329	16	1	1	33.61	33.61	33.61
juego1	easy	40.0	0.008	26103	700	312	328	16	1	1	33.85	33.85	33.85
juego1	easy	40.0	0.008	26113	700	312	327	15	1	1	34.06	34.06	34.06
juego1	easy	40.0	0.008	26119	700	311	327	16	1	1	34.23	34.23	34.23
juego1	easy	40.0	0.008	26128	700	311	326	15	1	1	34.51	34.51	34.51
juego1	easy	40.0	0.008	26137	700	310	326	16	1	1	34.63	34.63	34.63
juego1	easy	40.0	0.008	26144	700	310	326	16	1	1	34.76	34.76	34.76
juego1	easy	40.0	0.008	26153	700	309	325	16	1	1	34.89	34.89	34.89
juego1	easy	40.0	0.008	26161	700	309	325	16	1	1	35.02	35.02	35.02
juego1	easy	40.0	0.008	26170	700	308	324	16	1	1	35.29	35.29	35.29
juego1	easy	40.0	0.008	26178	700	308	323	15	1	1	35.64	35.64	35.64
juego1	easy	40.0	0.008	26185	700	307	323	16	1	1	35.8	35.8	35.8
juego1	easy	40.0	0.008	26194	700	307	322	15	1	1	36.1	36.1	36.1
juego1	easy	40.0	0.008	26203	700	306	322	16	1	1	36.32	36.32	36.32
juego1	easy	40.0	0.008	26211	700	306	321	15	1	1	36.37	36.37	36.37
juego1	easy	40.0	0.008	26219	700	305	321	16	1	1	36.46	36.46	36.46
juego1	easy	40.0	0.008	26228	700	305	321	16	1	1	36.59	36.59	36.59
juego1	easy	40.0	0.008	26236	700	304	321	17	1	1	36.68	36.68	36.68
juego1	easy	40.0	0.008	26245	700	304	320	16	1	1	36.91	36.91	36.91
juego1	easy	40.0	0.008	26253	700	303	320	17	1	1	37.07	37.07	37.07
juego1	easy	40.0	0.008	26262	700	303	319	16	1	1	37.16	37.16	37.16
juego1	easy	40.0	0.008	26271	700	302	319	17	1	1	37.32	37.32	37.32
juego1	easy	40.0	0.008	26279	700	302	318	16	1	1	37.51	37.51	37.51
juego1	easy	40.0	0.008	26288	700	301	317	16	1	1	38.14	38.14	38.14
juego1	easy	40.0	0.008	26298	700	301	316	15	1	1	38.6	38.6	38.6
juego1	easy	40.0	0.008	26306	700	300	315	15	1	1	38.89	38.89	38.89
juego1	easy	40.0	0.008	26314	700	300	313	13	1	1	39.63	39.63	39.63
juego1	easy	40.0	0.008	26323	700	300	311	11	1	1	40.24	40.24	40.24
juego1	easy	40.0	0.008	26332	700	300	311	11	1	1	40.56	40.56	40.56
juego1	easy	40.0	0.008	26339	700	299	309	10	1	1	41.16	41.16	41.16
juego1	easy	40.0	0.008	26348	700	299	307	8	1	1	41.79	41.79	41.79
juego1	easy	40.0	0.008	26356	700	298	307	9	1	1	42.1	42.1	42.1
juego1	easy	40.0	0.008	26365	700	298	305	7	1	1	42.68	42.68	42.68
juego1	easy	40.0	0.008	26372	700	297	304	7	1	1	43.18	43.18	43.18
juego1	easy	40.0	0.008	26380	700	297	303	6	1	1	43.41	43.41	43.41
juego1	easy	40.0	0.008	26389	700	296	302	6	1	1	43.86	43.86	43.86
juego1	easy	40.0	0.008	26398	700	296	301	5	1	1	44.34	44.34	44.34
juego1	easy	40.0	0.008	26407	700	295	300	5	1	1	44.56	44.56	44.56
juego1	easy	40.0	0.008	26414	700	294	300	6	1	1	44.89	44.89	44.89
juego1	easy	40.0	0.008	26423	700	294	300	6	1	1	45.07	45.07	45.07
juego1	easy	40.0	0.008	26431	700	293	299	6	1	1	45.18	45.18	45.18
juego1	easy	40.0	0.008	26440	700	293	299	6	1	1	45.42	45.42	45.42
juego1	easy	40.0	0.008	26448	700	292	298	6	1	1	45.72	45.72	45.72
juego1	easy	40.0	0.008	26457	700	292	298	6	1	1	45.86	45.86	45.86
juego1	easy	40.0	0.008	26466	700	291	297	6	1	1	46.04	46.04	46.04
juego1	easy	40.0	0.008	26475	700	291	297	6	1	1	46.23	46.23	46.23
juego1	easy	40.0	0.008	26482	700	290	296	6	1	1	46.35	46.35	46.35
juego1	easy	40.0	0.008	26491	700	290	296	6	1	1	46.65	46.65	46.65
juego1	easy	40.0	0.008	26500	700	289	295	6	1	1	46.95	46.95	46.95
juego1	easy	40.0	0.008	26509	700	289	294	5	1	1	47.26	47.26	47.26
juego1	easy	40.0	0.008	26518	700	288	293	5	1	1	47.68	47.68	47.68
juego1	easy	40.0	0.008	26527	700	288	292	4	1	1	47.96	47.96	47.96
juego1	easy	40.0	0.008	26535	700	287	291	4	1	1	48.55	48.55	48.55
juego1	easy	40.0	0.008	26543	700	286	290	4	1	1	48.75	48.75	48.75
juego1	easy	40.0	0.008	26552	700	286	290	4	1	1	48.75	48.75	48.75
juego1	easy	40.0	0.008	26561	700	285	288	3	1	1	49.5	49.5	49.5
juego1	easy	40.0	0.008	26570	700	285	287	2	1	1	49.94	49.94	49.94
juego1	easy	40.0	0.008	26579	700	284	286	2	1	1	50.2	50.2	50.2
juego1	easy	40.0	0.008	26588	700	284	286	2	1	1	50.37	50.37	50.37
juego1	easy	40.0	0.008	26597	700	283	286	3	1	1	50.47	50.47	50.47
juego1	easy	40.0	0.008	26605	700	283	285	2	2	1	50.72	50.72	50.72
juego1	easy	50.0	0.009	26614	700	282	285	3	2	1	50.9	50.9	50.9
juego1	easy	50.0	0.009	26623	700	282	285	3	2	1	50.91	50.91	50.91
juego1	easy	50.0	0.009	26630	700	281	285	4	2	1	50.89	50.89	50.89
juego1	easy	50.0	0.009	26638	700	281	285	4	2	1	50.9	50.9	50.9
juego1	easy	50.0	0.009	26647	700	280	284	4	2	1	50.92	50.92	50.92
juego1	easy	50.0	0.009	26655	700	280	284	4	2	1	51.01	51.01	51.01
juego1	easy	50.0	0.009	26663	700	279	284	5	2	1	51.13	51.13	51.13
juego1	easy	50.0	0.009	26671	700	278	284	6	2	1	51.19	51.19	51.19
juego1	easy	50.0	0.009	26686	700	278	283	5	2	1	51.37	51.37	51.37
juego1	easy	50.0	0.009	26694	700	277	283	6	2	1	51.49	51.49	51.49
juego1	easy	50.0	0.009	26703	700	277	283	6	2	1	51.55	51.55	51.55
juego1	easy	50.0	0.009	26712	700	276	283	7	2	1	51.66	51.66	51.66
juego1	easy	50.0	0.009	26721	700	275	282	7	2	1	51.75	51.75	51.75
juego1	easy	50.0	0.009	26729	700	275	282	7	2	1	51.8	51.8	51.8
juego1	easy	50.0	0.009	26738	700	274	282	8	2	1	51.83	51.83	51.83
juego1	easy	50.0	0.009	26747	700	274	282	8	2	1	51.86	51.86	51.86
juego1	easy	50.0	0.009	26756	700	273	282	9	2	1	51.91	51.91	51.91
juego1	easy	50.0	0.009	26765	700	272	282	10	2	1	52.0	52.0	52.0
juego1	easy	50.0	0.009	26773	700	272	281	9	2	1	52.16	52.16	52.16
juego1	easy	50.0	0.009	26782	700	271	281	10	2	1	52.25	52.25	52.25
juego1	easy	50.0	0.009	26789	700	271	280	9	2	1	52.46	52.46	52.46
juego1	easy	50.0	0.009	26798	700	270	280	10	2	1	52.6	52.6	52.6
juego1	easy	50.0	0.009	26806	700	270	279	9	2	1	52.99	52.99	52.99
juego1	easy	50.0	0.009	26814	700	269	278	9	2	1	53.35	53.35	53.35
juego1	easy	50.0	0.009	26822	700	268	278	10	2	1	53.59	53.59	53.59
juego1	easy	50.0	0.009	26831	700	268	276	8	2	1	54.13	54.13	54.13
juego1	easy	50.0	0.009	26839	700	267	275	8	2	1	54.43	54.43	54.43
juego1	easy	50.0	0.009	26848	700	267	274	7	2	1	54.91	54.91	54.91
juego1	easy	50.0	0.009	26855	700	266	273	7	2	1	55.27	55.27	55.27
juego1	easy	50.0	0.009	26864	700	265	272	7	2	1	55.67	55.67	55.67
juego1	easy	50.0	0.009	26873	700	265	272	7	2	1	55.89	55.89	55.89
juego1	easy	50.0	0.009	26882	700	264	270	6	2	1	56.39	56.39	56.39
juego1	easy	50.0	0.009	26890	700	264	269	5	2	1	56.9	56.9	56.9
juego1	easy	50.0	0.009	26899	700	263	268	5	2	1	57.33	57.33	57.33
juego1	easy	50.0	0.009	26908	700	263	267	4	2	1	57.48	57.48	57.48
juego1	easy	50.0	0.009	26917	700	262	267	5	2	1	57.67	57.67	57.67
juego1	easy	50.0	0.009	26925	700	261	267	6	2	1	57.8	57.8	57.8
juego1	easy	50.0	0.009	26934	700	261	266	5	2	1	57.96	57.96	57.96
juego1	easy	50.0	0.009	26942	700	260	266	6	2	1	58.06	58.06	58.06
juego1	easy	50.0	0.009	26950	700	260	265	5	2	1	58.28	58.28	58.28
juego1	easy	50.0	0.009	26959	700	259	265	6	2	1	58.41	58.41	58.41
juego1	easy	50.0	0.009	26968	700	259	264	5	2	1	58.9	58.9	58.9
juego1	easy	50.0	0.009	26976	700	258	262	4	2	1	59.49	59.49	59.49
juego1	easy	50.0	0.009	26984	700	258	262	4	2	1	59.66	59.66	59.66
juego1	easy	50.0	0.009	26993	700	257	262	5	2	1	59.6	59.6	59.6
juego1	easy	50.0	0.009	27002	700	256	262	6	2	1	59.47	59.47	59.47
juego1	easy	50.0	0.009	27011	700	256	262	6	2	1	59.45	59.45	59.45
juego1	easy	50.0	0.009	27020	700	255	262	7	2	1	59.52	59.52	59.52
juego1	easy	50.0	0.009	27029	700	255	262	7	2	1	59.68	59.68	59.68
juego1	easy	50.0	0.009	27036	700	254	261	7	2	1	59.8	59.8	59.8
juego1	easy	50.0	0.009	27045	700	254	261	7	2	1	59.84	59.84	59.84
juego1	easy	50.0	0.009	27054	700	253	261	8	2	1	59.89	59.89	59.89
juego1	easy	50.0	0.009	27063	700	253	261	8	2	1	59.98	59.98	59.98
juego1	easy	50.0	0.009	27071	700	252	261	9	2	1	60.04	60.04	60.04
juego1	easy	50.0	0.009	27080	700	252	261	9	2	1	60.08	60.08	60.08
juego1	easy	50.0	0.009	27088	700	251	261	10	2	1	60.11	60.11	60.11
juego1	easy	50.0	0.009	27096	700	251	260	9	2	1	60.17	60.17	60.17
juego1	easy	50.0	0.009	27105	700	250	260	10	2	1	60.27	60.27	60.27
juego1	easy	50.0	0.009	27114	700	250	260	10	2	1	60.32	60.32	60.32
juego1	easy	50.0	0.009	27122	700	249	260	11	2	1	60.43	60.43	60.43
juego1	easy	50.0	0.009	27131	700	249	260	11	2	1	60.5	60.5	60.5
juego1	easy	50.0	0.009	27138	700	248	259	11	2	1	60.53	60.53	60.53
juego1	easy	50.0	0.009	27146	700	248	259	11	2	1	60.59	60.59	60.59
juego1	easy	50.0	0.009	27154	700	247	259	12	2	1	60.63	60.63	60.63
juego1	easy	50.0	0.009	27163	700	247	259	12	2	1	60.74	60.74	60.74
juego1	easy	50.0	0.009	27171	700	246	259	13	2	1	60.86	60.86	60.86
juego1	easy	50.0	0.009	27179	700	246	258	12	2	1	60.91	60.91	60.91
juego1	easy	50.0	0.009	27188	700	245	258	13	2	1	60.97	60.97	60.97
juego1	easy	50.0	0.009	27196	700	245	258	13	2	1	61.01	61.01	61.01
juego1	easy	50.0	0.009	27204	700	244	258	14	2	1	61.03	61.03	61.03
juego1	easy	50.0	0.009	27212	700	244	258	14	2	1	61.12	61.12	61.12
juego1	easy	50.0	0.009	27221	700	243	258	15	2	1	61.21	61.21	61.21
juego1	easy	50.0	0.009	27229	700	243	258	15	2	1	61.25	61.25	61.25
juego1	easy	50.0	0.009	27238	700	242	257	15	2	1	61.34	61.34	61.34
juego1	easy	50.0	0.009	27247	700	242	257	15	2	1	61.45	61.45	61.45
juego1	easy	50.0	0.009	27256	700	241	257	16	2	1	61.56	61.56	61.56
juego1	easy	50.0	0.009	27264	700	241	257	16	2	1	61.6	61.6	61.6
juego1	easy	50.0	0.009	27273	700	240	256	16	2	1	61.67	61.67	61.67
juego1	easy	50.0	0.009	27282	700	240	256	16	2	1	61.77	61.77	61.77
juego1	easy	50.0	0.009	27291	700	239	256	17	2	1	61.91	61.91	61.91
juego1	easy	50.0	0.009	27300	700	239	255	16	2	1	62.1	62.1	62.1
juego1	easy	50.0	0.009	27307	700	239	255	16	2	1	62.21	62.21	62.21
juego1	easy	50.0	0.009	27316	700	238	254	16	2	1	62.44	62.44	62.44
juego1	easy	50.0	0.009	27323	700	238	254	16	2	1	62.56	62.56	62.56
juego1	easy	50.0	0.009	27332	700	237	253	16	2	1	62.83	62.83	62.83
juego1	easy	50.0	0.009	27341	700	237	253	16	2	1	63.09	63.09	63.09
juego1	easy	50.0	0.009	27350	700	236	252	16	2	1	63.31	63.31	63.31
juego1	easy	50.0	0.009	27358	700	236	252	16	2	1	63.41	63.41	63.41
juego1	easy	50.0	0.009	27366	700	236	251	15	2	1	63.62	63.62	63.62
juego1	easy	50.0	0.009	27375	700	235	251	16	2	1	63.86	63.86	63.86
juego1	easy	50.0	0.009	27383	700	235	250	15	2	1	63.95	63.95	63.95
juego1	easy	50.0	0.009	27392	700	234	250	16	2	1	64.14	64.14	64.14
juego1	easy	50.0	0.009	27401	700	234	249	15	2	1	64.34	64.34	64.34
juego1	easy	50.0	0.009	27409	700	233	249	16	2	1	64.46	64.46	64.46
juego1	easy	50.0	0.009	27418	700	233	249	16	2	1	64.7	64.7	64.7
juego1	easy	50.0	0.009	27426	700	233	248	15	2	1	64.91	64.91	64.91
juego1	easy	50.0	0.009	27434	700	232	248	16	2	1	65.01	65.01	65.01
juego1	easy	50.0	0.009	27443	700	232	247	15	2	1	65.2	65.2	65.2
juego1	easy	50.0	0.009	27452	700	232	247	15	2	1	65.44	65.44	65.44
juego1	easy	50.0	0.009	27459	700	231	246	15	2	1	65.58	65.58	65.58
juego1	easy	50.0	0.009	27468	700	231	245	14	2	1	65.91	65.91	65.91
juego1	easy	50.0	0.009	27475	700	230	245	15	2	1	66.06	66.06	66.06
juego1	easy	50.0	0.009	27484	700	230	245	15	2	1	66.22	66.22	66.22
juego1	easy	50.0	0.009	27493	700	230	244	14	2	1	66.35	66.35	66.35
juego1	easy	50.0	0.009	27501	700	229	244	15	2	1	66.55	66.55	66.55
juego1	easy	50.0	0.009	27510	700	229	243	14	2	1	66.7	66.7	66.7
juego1	easy	50.0	0.009	27518	700	229	242	13	2	1	67.05	67.05	67.05
juego1	easy	50.0	0.009	27526	700	228	241	13	2	1	67.4	67.4	67.4
juego1	easy	50.0	0.009	27534	700	228	241	13	2	1	67.58	67.58	67.58
juego1	easy	50.0	0.009	27542	700	228	240	12	2	1	68.01	68.01	68.01
juego1	easy	50.0	0.009	27550	700	227	239	12	2	1	68.29	68.29	68.29
juego1	easy	50.0	0.009	27559	700	227	238	11	2	1	68.84	68.84	68.84
juego1	easy	50.0	0.009	27568	700	227	237	10	2	1	69.0	69.0	69.0
juego1	easy	50.0	0.009	27577	700	226	237	11	2	1	69.02	69.02	69.02
juego1	easy	50.0	0.009	27586	700	226	237	11	2	1	69.18	69.18	69.18
juego1	easy	50.0	0.009	27593	700	226	237	11	2	1	69.29	69.29	69.29
juego1	easy	50.0	0.009	27601	700	225	236	11	2	1	69.54	69.54	69.54
juego1	easy	50.0	0.009	27610	700	225	236	11	2	1	69.64	69.64	69.64
juego1	easy	50.0	0.009	27619	700	225	235	10	2	1	69.78	69.78	69.78
juego1	easy	50.0	0.009	27627	700	225	235	10	2	1	69.91	69.91	69.91
juego1	easy	50.0	0.009	27636	700	224	235	11	2	1	70.05	70.05	70.05
juego1	easy	50.0	0.009	27645	700	224	234	10	2	1	70.12	70.12	70.12
juego1	easy	50.0	0.009	27654	700	224	234	10	2	1	70.27	70.27	70.27
juego1	easy	50.0	0.009	27662	700	223	234	11	2	1	70.44	70.44	70.44
juego1	easy	50.0	0.009	27669	700	223	233	10	2	1	70.54	70.54	70.54
juego1	easy	50.0	0.009	27678	700	223	233	10	2	1	70.76	70.76	70.76
juego1	easy	50.0	0.009	27687	700	223	232	9	2	1	70.95	70.95	70.95
juego1	easy	50.0	0.009	27695	700	222	232	10	2	1	71.04	71.04	71.04
juego1	easy	50.0	0.009	27704	700	222	231	9	2	1	71.24	71.24	71.24
juego1	easy	50.0	0.009	27713	700	222	231	9	2	1	71.43	71.43	71.43
juego1	easy	50.0	0.009	27722	700	222	230	8	2	1	71.64	71.64	71.64
juego1	easy	50.0	0.009	27731	700	222	230	8	2	1	71.93	71.93	71.93
juego1	easy	50.0	0.009	27739	700	221	229	8	2	1	72.05	72.05	72.05
juego1	easy	50.0	0.009	27747	700	221	229	8	2	1	72.37	72.37	72.37
juego1	easy	50.0	0.009	27757	700	221	227	6	2	1	72.94	72.94	72.94
juego1	easy	50.0	0.009	27765	700	221	226	5	2	1	73.25	73.25	73.25
juego1	easy	50.0	0.009	27774	700	220	225	5	2	1	73.83	73.83	73.83
juego1	easy	50.0	0.009	27782	700	220	224	4	2	1	74.18	74.18	74.18
juego1	easy	50.0	0.009	27791	700	220	223	3	2	1	74.56	74.56	74.56
juego1	easy	50.0	0.009	27799	700	220	222	2	2	1	74.78	74.78	74.78
juego1	easy	50.0	0.009	27808	700	220	221	1	2	1	75.1	75.1	75.1
juego1	easy	50.0	0.009	27817	700	219	222	3	2	1	75.04	75.04	75.04
juego1	easy	50.0	0.009	27825	700	219	222	3	2	1	75.01	75.01	75.01
juego1	easy	50.0	0.009	27833	700	219	222	3	2	1	75.05	75.05	75.05
juego1	easy	50.0	0.009	27841	700	219	221	2	2	1	75.2	75.2	75.2
juego1	easy	50.0	0.009	27850	700	219	221	2	2	1	75.26	75.26	75.26
juego1	easy	50.0	0.009	27859	700	219	221	2	2	1	75.25	75.25	75.25
juego1	easy	50.0	0.009	27868	700	219	221	2	2	1	75.26	75.26	75.26
juego1	easy	50.0	0.009	27877	700	218	221	3	2	1	75.29	75.29	75.29
juego1	easy	50.0	0.009	27886	700	218	220	2	2	1	75.48	75.48	75.48
juego1	easy	50.0	0.009	27895	700	218	220	2	2	1	75.49	75.49	75.49
juego1	easy	50.0	0.009	27904	700	218	220	2	2	1	75.47	75.47	75.47
juego1	easy	50.0	0.009	27912	700	218	220	2	2	1	75.51	75.51	75.51
juego1	easy	50.0	0.009	27920	700	218	220	2	2	1	75.56	75.56	75.56
juego1	easy	50.0	0.009	27928	700	218	220	2	2	1	75.69	75.69	75.69
juego1	easy	50.0	0.009	27937	700	218	220	2	2	1	75.79	75.79	75.79
juego1	easy	50.0	0.009	27944	700	217	220	3	2	1	75.81	75.81	75.81
juego1	easy	50.0	0.009	27953	700	217	220	3	2	1	75.83	75.83	75.83
juego1	easy	50.0	0.009	27962	700	217	219	2	2	1	75.87	75.87	75.87
juego1	easy	50.0	0.009	27971	700	217	219	2	2	1	75.91	75.91	75.91
juego1	easy	50.0	0.009	27980	700	217	219	2	2	1	75.99	75.99	75.99
juego1	easy	50.0	0.009	27989	700	217	219	2	2	1	75.99	75.99	75.99
juego1	easy	50.0	0.009	27997	700	217	219	2	2	1	76.0	76.0	76.0
juego1	easy	50.0	0.009	28006	700	217	219	2	2	1	76.08	76.08	76.08
juego1	easy	50.0	0.009	28015	700	217	218	1	2	1	76.24	76.24	76.24
juego1	easy	50.0	0.009	28024	700	217	219	2	2	1	76.2	76.2	76.2
juego1	easy	50.0	0.009	28032	700	217	219	2	2	1	76.04	76.04	76.04
juego1	easy	50.0	0.009	28041	700	217	219	2	2	1	75.99	75.99	75.99
juego1	easy	50.0	0.009	28050	700	217	219	2	2	1	76.06	76.06	76.06
juego1	easy	50.0	0.009	28058	700	217	219	2	2	1	76.13	76.13	76.13
juego1	easy	50.0	0.009	28067	700	217	219	2	2	1	76.06	76.06	76.06
juego1	easy	50.0	0.009	28076	700	217	219	2	2	1	76.02	76.02	76.02
juego1	easy	50.0	0.009	28083	700	217	219	2	2	1	76.0	76.0	76.0
juego1	easy	50.0	0.009	28092	700	217	219	2	2	1	76.06	76.06	76.06
juego1	easy	50.0	0.009	28100	700	217	219	2	2	1	76.07	76.07	76.07
juego1	easy	50.0	0.009	28109	700	217	219	2	2	1	76.04	76.04	76.04
juego1	easy	50.0	0.009	28117	700	217	219	2	2	1	76.04	76.04	76.04
juego1	easy	50.0	0.009	28125	700	217	219	2	2	1	76.06	76.06	76.06
juego1	easy	50.0	0.009	28134	700	217	219	2	2	1	76.12	76.12	76.12
juego1	easy	50.0	0.009	28143	700	217	219	2	2	1	76.12	76.12	76.12
juego1	easy	50.0	0.009	28150	700	217	219	2	2	1	76.1	76.1	76.1
juego1	easy	50.0	0.009	28158	700	217	219	2	2	1	76.07	76.07	76.07
juego1	easy	50.0	0.009	28166	700	217	219	2	2	1	76.08	76.08	76.08
juego1	easy	50.0	0.009	28175	700	217	219	2	2	1	76.09	76.09	76.09
juego1	easy	50.0	0.009	28183	700	217	219	2	2	1	76.09	76.09	76.09
juego1	easy	50.0	0.009	28192	700	217	219	2	2	1	76.07	76.07	76.07
juego1	easy	50.0	0.009	28201	700	217	219	2	2	1	76.04	76.04	76.04
juego1	easy	50.0	0.009	28210	700	217	219	2	2	1	76.04	76.04	76.04
juego1	easy	50.0	0.009	28218	700	217	219	2	2	1	76.07	76.07	76.07
juego1	easy	50.0	0.009	28228	700	217	219	2	2	1	76.1	76.1	76.1
juego1	easy	50.0	0.009	28235	700	217	219	2	2	1	76.09	76.09	76.09
juego1	easy	50.0	0.009	28243	700	217	219	2	2	1	76.08	76.08	76.08
juego1	easy	50.0	0.009	28253	700	217	219	2	2	1	76.09	76.09	76.09
juego1	easy	50.0	0.009	28260	700	217	219	2	2	1	76.1	76.1	76.1
juego1	easy	50.0	0.009	28268	700	218	219	1	2	1	76.07	76.07	76.07
juego1	easy	50.0	0.009	28277	700	218	219	1	2	1	75.99	75.99	75.99
juego1	easy	50.0	0.009	28285	700	218	219	1	2	1	75.96	75.96	75.96
juego1	easy	50.0	0.009	28293	700	218	219	1	2	1	75.91	75.91	75.91
juego1	easy	50.0	0.009	28303	700	218	219	1	2	1	75.9	75.9	75.9
juego1	easy	50.0	0.009	28310	700	218	219	1	2	1	75.92	75.92	75.92
juego1	easy	50.0	0.009	28319	700	218	219	1	2	1	75.94	75.94	75.94
juego1	easy	50.0	0.009	28328	700	218	219	1	2	1	75.91	75.91	75.91
juego1	easy	50.0	0.009	28336	700	219	219	0	2	1	75.88	75.88	75.88
juego1	easy	50.0	0.009	28344	700	219	220	1	2	1	75.83	75.83	75.83
juego1	easy	50.0	0.009	28353	700	219	220	1	2	1	75.83	75.83	75.83
juego1	easy	50.0	0.009	28362	700	219	220	1	2	1	75.8	75.8	75.8
juego1	easy	50.0	0.009	28371	700	219	220	1	2	1	75.73	75.73	75.73
juego1	easy	50.0	0.009	28379	700	219	220	1	2	1	75.68	75.68	75.68
juego1	easy	50.0	0.009	28388	700	219	220	1	2	1	75.63	75.63	75.63
juego1	easy	50.0	0.009	28396	700	220	220	0	2	1	75.6	75.6	75.6
juego1	easy	50.0	0.009	28405	700	220	220	0	2	1	75.52	75.52	75.52
juego1	easy	50.0	0.009	28413	700	220	221	1	2	1	75.42	75.42	75.42
juego1	easy	50.0	0.009	28422	700	220	221	1	2	1	75.38	75.38	75.38
juego1	easy	50.0	0.009	28431	700	220	221	1	2	1	75.31	75.31	75.31
juego1	easy	50.0	0.009	28440	700	221	221	0	2	1	75.23	75.23	75.23
juego1	easy	50.0	0.009	28448	700	221	221	0	2	1	75.16	75.16	75.16
juego1	easy	50.0	0.009	28457	700	221	221	0	2	1	75.11	75.11	75.11
juego1	easy	50.0	0.009	28466	700	221	222	1	2	1	75.03	75.03	75.03
juego1	easy	50.0	0.009	28475	700	221	222	1	2	1	74.96	74.96	74.96
juego1	easy	50.0	0.009	28483	700	222	222	0	2	1	74.88	74.88	74.88
juego1	easy	50.0	0.009	28491	700	222	222	0	2	1	74.85	74.85	74.85
juego1	easy	50.0	0.009	28500	700	222	222	0	2	1	74.76	74.76	74.76
juego1	easy	50.0	0.009	28509	700	222	223	1	2	1	74.66	74.66	74.66
juego1	easy	50.0	0.009	28517	700	223	223	0	2	1	74.58	74.58	74.58
juego1	easy	50.0	0.009	28526	700	223	223	0	2	1	74.44	74.44	74.44
juego1	easy	50.0	0.009	28534	700	223	223	0	2	1	74.3	74.3	74.3
juego1	easy	50.0	0.009	28543	700	223	224	1	2	1	74.09	74.09	74.09
juego1	easy	50.0	0.009	28552	700	224	224	0	2	1	73.95	73.95	73.95
juego1	easy	50.0	0.009	28559	700	224	225	1	2	1	73.57	73.57	73.57
juego1	easy	50.0	0.009	28568	700	224	227	3	2	1	73.13	73.13	73.13
juego1	easy	50.0	0.009	28576	700	225	227	2	2	1	72.91	72.91	72.91
juego1	easy	50.0	0.009	28585	700	225	228	3	2	1	72.51	72.51	72.51
juego1	easy	50.0	0.009	28594	700	225	229	4	2	1	72.12	72.12	72.12
juego1	easy	50.0	0.009	28602	700	225	230	5	2	1	71.95	71.95	71.95
juego1	easy	50.0	0.009	28610	700	226	231	5	2	1	71.61	71.61	71.61
juego1	easy	50.0	0.009	28618	700	226	231	5	2	1	71.41	71.41	71.41
juego1	easy	50.0	0.009	28627	700	226	231	5	2	1	71.31	71.31	71.31
juego1	easy	50.0	0.009	28636	700	227	232	5	2	1	71.15	71.15	71.15
juego1	easy	50.0	0.009	28644	700	227	232	5	2	1	70.98	70.98	70.98
juego1	easy	50.0	0.009	28653	700	227	232	5	2	1	70.91	70.91	70.91
juego1	easy	50.0	0.009	28661	700	228	233	5	2	1	70.81	70.81	70.81
juego1	easy	50.0	0.009	28670	700	228	233	5	2	1	70.69	70.69	70.69
juego1	easy	50.0	0.009	28678	700	228	233	5	2	1	70.55	70.55	70.55
juego1	easy	50.0	0.009	28687	700	229	233	4	2	1	70.48	70.48	70.48
juego1	easy	50.0	0.009	28696	700	229	234	5	2	1	70.38	70.38	70.38
juego1	easy	50.0	0.009	28705	700	229	234	5	2	1	70.29	70.29	70.29
juego1	easy	50.0	0.009	28714	700	230	234	4	2	1	70.21	70.21	70.21
juego1	easy	50.0	0.009	28723	700	230	234	4	2	1	70.17	70.17	70.17
juego1	easy	50.0	0.009	28732	700	230	235	5	2	1	70.07	70.07	70.07
juego1	easy	50.0	0.009	28740	700	231	235	4	2	1	70.02	70.02	70.02
juego1	easy	50.0	0.009	28749	700	231	235	4	2	1	69.98	69.98	69.98
juego1	easy	50.0	0.009	28757	700	232	235	3	2	1	69.96	69.96	69.96
juego1	easy	50.0	0.009	28765	700	232	235	3	2	1	69.89	69.89	69.89
juego1	easy	50.0	0.009	28774	700	232	235	3	2	1	69.78	69.78	69.78
juego1	easy	50.0	0.009	28782	700	233	235	2	2	1	69.71	69.71	69.71
juego1	easy	50.0	0.009	28791	700	233	236	3	2	1	69.52	69.52	69.52
juego1	easy	50.0	0.009	28799	700	233	237	4	2	1	69.25	69.25	69.25
juego1	easy	50.0	0.009	28808	700	234	237	3	2	1	69.11	69.11	69.11
juego1	easy	50.0	0.009	28816	700	234	238	4	2	1	68.82	68.82	68.82
juego1	easy	50.0	0.009	28825	700	235	239	4	2	1	68.52	68.52	68.52
juego1	easy	50.0	0.009	28833	700	235	240	5	2	1	68.16	68.16	68.16
juego1	easy	50.0	0.009	28842	700	235	240	5	2	1	67.95	67.95	67.95
juego1	easy	50.0	0.009	28850	700	236	241	5	2	1	67.55	67.55	67.55
juego1	easy	50.0	0.009	28859	700	236	242	6	2	1	67.24	67.24	67.24
juego1	easy	50.0	0.009	28867	700	237	242	5	2	1	67.11	67.11	67.11
juego1	easy	50.0	0.009	28875	700	237	243	6	2	1	66.89	66.89	66.89
juego1	easy	50.0	0.009	28884	700	238	244	6	2	1	66.63	66.63	66.63
juego1	easy	50.0	0.009	28892	700	238	244	6	2	1	66.5	66.5	66.5
juego1	easy	50.0	0.009	28901	700	239	245	6	2	1	66.23	66.23	66.23
juego1	easy	50.0	0.009	28910	700	239	245	6	2	1	65.98	65.98	65.98
juego1	easy	50.0	0.009	28918	700	239	246	7	2	1	65.86	65.86	65.86
juego1	easy	50.0	0.009	28926	700	240	246	6	2	1	65.62	65.62	65.62
juego1	easy	50.0	0.009	28935	700	240	247	7	2	1	65.29	65.29	65.29
juego1	easy	50.0	0.009	28944	700	241	247	6	2	1	65.11	65.11	65.11
juego1	easy	50.0	0.009	28953	700	241	248	7	2	1	64.93	64.93	64.93
juego1	easy	50.0	0.009	28960	700	242	249	7	2	1	64.44	64.44	64.44
juego1	easy	50.0	0.009	28969	700	242	250	8	2	1	64.13	64.13	64.13
juego1	easy	50.0	0.009	28977	700	243	250	7	2	1	63.99	63.99	63.99
juego1	easy	50.0	0.009	28986	700	243	251	8	2	1	63.79	63.79	63.79
juego1	easy	50.0	0.009	28995	700	244	251	7	2	1	63.65	63.65	63.65
juego1	easy	50.0	0.009	29003	700	244	251	7	2	1	63.61	63.61	63.61
juego1	easy	50.0	0.009	29011	700	245	252	7	2	1	63.52	63.52	63.52
juego1	easy	50.0	0.009	29020	700	245	252	7	2	1	63.32	63.32	63.32
juego1	easy	50.0	0.009	29028	700	246	253	7	2	1	63.18	63.18	63.18
juego1	easy	50.0	0.009	29036	700	246	253	7	2	1	62.93	62.93	62.93
juego1	easy	50.0	0.009	29045	700	247	253	6	2	1	62.81	62.81	62.81
juego1	easy	50.0	0.009	29054	700	247	254	7	2	1	62.71	62.71	62.71
juego1	easy	50.0	0.009	29062	700	248	254	6	2	1	62.47	62.47	62.47
juego1	easy	50.0	0.009	29070	700	248	255	7	2	1	62.24	62.24	62.24
juego1	easy	50.0	0.009	29079	700	249	256	7	2	1	61.98	61.98	61.98
juego1	easy	50.0	0.009	29086	700	249	256	7	2	1	61.82	61.82	61.82
juego1	easy	50.0	0.009	29095	700	250	257	7	2	1	61.45	61.45	61.45
juego1	easy	50.0	0.009	29103	700	250	257	7	2	1	61.31	61.31	61.31
juego1	easy	50.0	0.009	29112	700	251	258	7	2	1	61.11	61.11	61.11
juego1	easy	50.0	0.009	29120	700	251	258	7	2	1	60.9	60.9	60.9
juego1	easy	50.0	0.009	29129	700	252	259	7	2	1	60.78	60.78	60.78
juego1	easy	50.0	0.009	29137	700	252	260	8	2	1	60.48	60.48	60.48
juego1	easy	50.0	0.009	29146	700	253	260	7	2	1	60.31	60.31	60.31
juego1	easy	50.0	0.009	29155	700	253	260	7	2	1	60.15	60.15	60.15
juego1	easy	50.0	0.009	29163	700	254	261	7	2	1	60.06	60.06	60.06
juego1	easy	50.0	0.009	29172	700	254	262	8	2	1	59.72	59.72	59.72
juego1	easy	50.0	0.009	29180	700	255	263	8	2	1	59.28	59.28	59.28
juego1	easy	50.0	0.009	29189	700	255	263	8	2	1	59.09	59.09	59.09
juego1	easy	50.0	0.009	29197	700	256	264	8	2	1	58.78	58.78	58.78
juego1	easy	50.0	0.009	29206	700	256	265	9	2	1	58.52	58.52	58.52
juego1	easy	50.0	0.009	29215	700	257	265	8	2	1	58.3	58.3	58.3
juego1	easy	50.0	0.009	29223	700	258	266	8	2	1	58.19	58.19	58.19
juego1	easy	50.0	0.009	29232	700	258	266	8	2	1	57.87	57.87	57.87
juego1	easy	50.0	0.009	29240	700	259	267	8	2	1	57.49	57.49	57.49
juego1	easy	50.0	0.009	29249	700	259	268	9	2	1	57.24	57.24	57.24
juego1	easy	50.0	0.009	29258	700	260	268	8	2	1	57.13	57.13	57.13
juego1	easy	50.0	0.009	29266	700	260	269	9	2	1	56.94	56.94	56.94
juego1	easy	50.0	0.009	29275	700	261	269	8	2	1	56.68	56.68	56.68
juego1	easy	50.0	0.009	29283	700	261	270	9	2	1	56.54	56.54	56.54
juego1	easy	50.0	0.009	29292	700	262	271	9	2	1	56.25	56.25	56.25
juego1	easy	50.0	0.009	29301	700	263	271	8	2	1	55.98	55.98	55.98
juego1	easy	50.0	0.009	29308	700	263	272	9	2	1	55.85	55.85	55.85
juego1	easy	50.0	0.009	29316	700	264	272	8	2	1	55.57	55.57	55.57
juego1	easy	50.0	0.009	29325	700	264	273	9	2	1	55.24	55.24	55.24
juego1	easy	50.0	0.009	29333	700	265	274	9	2	1	55.06	55.06	55.06
juego1	easy	50.0	0.009	29342	700	265	275	10	2	1	54.65	54.65	54.65
juego1	easy	50.0	0.009	29350	700	266	276	10	2	1	54.28	54.28	54.28
juego1	easy	50.0	0.009	29359	700	267	276	9	2	1	54.11	54.11	54.11
juego1	easy	50.0	0.009	29368	700	267	277	10	2	1	53.75	53.75	53.75
juego1	easy	50.0	0.009	29376	700	268	278	10	2	1	53.45	53.45	53.45
juego1	easy	50.0	0.009	29384	700	268	278	10	2	1	53.28	53.28	53.28
juego1	easy	50.0	0.009	29393	700	269	279	10	2	1	52.93	52.93	52.93
juego1	easy	50.0	0.009	29402	700	269	280	11	2	1	52.71	52.71	52.71
juego1	easy	50.0	0.009	29410	700	270	280	10	2	1	52.52	52.52	52.52
juego1	easy	50.0	0.009	29419	700	271	281	10	2	1	52.42	52.42	52.42
juego1	easy	50.0	0.009	29427	700	271	281	10	2	1	52.17	52.17	52.17
juego1	easy	50.0	0.009	29435	700	272	282	10	2	1	51.93	51.93	51.93
juego1	easy	50.0	0.009	29444	700	272	282	10	2	1	51.86	51.86	51.86
juego1	easy	50.0	0.009	29452	700	273	282	9	2	1	51.7	51.7	51.7
juego1	easy	50.0	0.009	29461	700	274	283	9	2	1	51.52	51.52	51.52
juego1	easy	50.0	0.009	29469	700	274	283	9	2	1	51.42	51.42	51.42
juego1	easy	50.0	0.009	29478	700	275	284	9	2	1	51.26	51.26	51.26
juego1	easy	50.0	0.009	29486	700	275	284	9	2	1	51.15	51.15	51.15
juego1	easy	50.0	0.009	29495	700	276	284	8	2	1	51.05	51.05	51.05
juego1	easy	50.0	0.009	29503	700	277	284	7	2	1	50.99	50.99	50.99
juego1	easy	50.0	0.009	29512	700	277	285	8	2	1	50.86	50.86	50.86
juego1	easy	50.0	0.009	29520	700	278	285	7	2	1	50.82	50.82	50.82
juego1	easy	50.0	0.009	29529	700	278	285	7	2	1	50.77	50.77	50.77
juego1	easy	50.0	0.009	29537	700	279	285	6	2	1	50.65	50.65	50.65
juego1	easy	50.0	0.009	29546	700	279	286	7	2	1	50.5	50.5	50.5
juego1	easy	50.0	0.009	29554	700	280	286	6	2	1	50.44	50.44	50.44
juego1	easy	50.0	0.009	29562	700	281	286	5	2	1	50.37	50.37	50.37
juego1	easy	50.0	0.009	29571	700	281	286	5	2	1	50.31	50.31	50.31
juego1	easy	50.0	0.009	29579	700	282	286	4	2	1	50.26	50.26	50.26
juego1	easy	50.0	0.009	29588	700	282	286	4	2	1	50.17	50.17	50.17
juego1	easy	50.0	0.009	29596	700	283	287	4	2	1	50.09	50.09	50.09
juego1	easy	50.0	0.009	29605	700	284	287	3	2	1	50.05	50.05	50.05
juego1	easy	50.0	0.009	29614	700	285	287	2	2	1	49.95	49.95	49.95
juego1	easy	50.0	0.009	29623	700	285	287	2	2	1	49.84	49.84	49.84
juego1	easy	50.0	0.009	29630	700	286	288	2	2	1	49.75	49.75	49.75
juego1	easy	50.0	0.009	29639	700	287	288	1	2	1	49.69	49.69	49.69
juego1	easy	50.0	0.009	29648	700	288	288	0	2	1	49.61	49.61	49.61
juego1	easy	50.0	0.009	29656	700	288	288	0	2	1	49.53	49.53	49.53
juego1	easy	50.0	0.009	29665	700	289	288	-1	2	1	49.49	49.49	49.49
juego1	easy	50.0	0.009	29673	700	290	288	-2	2	1	49.39	49.39	49.39
juego1	easy	50.0	0.009	29681	700	291	289	-2	2	1	49.3	49.3	49.3
juego1	easy	50.0	0.009	29690	700	292	289	-3	2	1	49.27	49.27	49.27
juego1	easy	50.0	0.009	29699	700	292	289	-3	2	1	49.17	49.17	49.17
juego1	easy	50.0	0.009	29707	700	293	289	-4	2	1	49.07	49.07	49.07
juego1	easy	50.0	0.009	29716	700	294	290	-4	2	1	49.0	49.0	49.0
juego1	easy	50.0	0.009	29725	700	295	290	-5	2	1	48.96	48.96	48.96
juego1	easy	50.0	0.009	29734	700	295	290	-5	2	1	48.86	48.86	48.86
juego1	easy	50.0	0.009	29743	700	296	290	-6	2	1	48.74	48.74	48.74
juego1	easy	50.0	0.009	29751	700	297	290	-7	2	1	48.65	48.65	48.65
juego1	easy	50.0	0.009	29759	700	297	290	-7	2	1	48.62	48.62	48.62
juego1	easy	50.0	0.009	29768	700	298	291	-7	2	1	48.55	48.55	48.55
juego1	easy	50.0	0.009	29776	700	299	291	-8	2	1	48.45	48.45	48.45
juego1	easy	50.0	0.009	29785	700	300	291	-9	2	1	48.34	48.34	48.34
juego1	easy	50.0	0.009	29793	700	300	292	-8	2	1	48.21	48.21	48.21
juego1	easy	50.0	0.009	29802	700	300	292	-8	2	1	48.18	48.18	48.18
juego1	easy	50.0	0.009	29810	700	301	292	-9	2	1	48.17	48.17	48.17
juego1	easy	50.0	0.009	29819	700	302	292	-10	2	1	48.05	48.05	48.05
juego1	easy	50.0	0.009	29828	700	302	292	-10	2	1	47.89	47.89	47.89
juego1	easy	50.0	0.009	29835	700	303	293	-10	2	1	47.81	47.81	47.81
juego1	easy	50.0	0.009	29844	700	304	293	-11	2	1	47.73	47.73	47.73
juego1	easy	50.0	0.009	29853	700	305	293	-12	2	1	47.64	47.64	47.64
juego1	easy	50.0	0.009	29861	700	305	294	-11	2	1	47.44	47.44	47.44
juego1	easy	50.0	0.009	29870	700	306	294	-12	2	1	47.36	47.36	47.36
juego1	easy	50.0	0.009	29879	700	307	294	-13	2	1	47.23	47.23	47.23
juego1	easy	50.0	0.009	29887	700	307	294	-13	2	1	47.11	47.11	47.11
juego1	easy	50.0	0.009	29896	700	308	295	-13	2	1	46.95	46.95	46.95
juego1	easy	50.0	0.009	29904	700	309	295	-14	2	1	46.86	46.86	46.86
juego1	easy	50.0	0.009	29913	700	310	296	-14	2	1	46.54	46.54	46.54
juego1	easy	50.0	0.009	29922	700	310	297	-13	2	1	46.17	46.17	46.17
juego1	easy	50.0	0.009	29930	700	311	297	-14	2	1	46.03	46.03	46.03
juego1	easy	50.0	0.009	29938	700	312	298	-14	2	1	45.88	45.88	45.88
juego1	easy	50.0	0.009	29947	700	312	298	-14	2	1	45.7	45.7	45.7
juego1	easy	50.0	0.009	29956	700	313	298	-15	2	1	45.58	45.58	45.58
juego1	easy	50.0	0.009	29964	700	314	300	-14	2	1	45.15	45.15	45.15
juego1	easy	50.0	0.009	29973	700	315	300	-15	2	1	44.96	44.96	44.96
juego1	easy	50.0	0.009	29982	700	315	300	-15	2	1	44.76	44.76	44.76
juego1	easy	50.0	0.009	29989	700	316	300	-16	2	1	44.57	44.57	44.57
juego1	easy	50.0	0.009	29998	700	317	301	-16	2	1	44.21	44.21	44.21
juego1	easy	50.0	0.009	30007	700	317	302	-15	2	1	43.8	43.8	43.8
juego1	easy	50.0	0.009	30015	700	318	303	-15	2	1	43.6	43.6	43.6
juego1	easy	50.0	0.009	30024	700	319	303	-16	2	1	43.31	43.31	43.31
juego1	easy	50.0	0.009	30032	700	319	304	-15	2	1	43.1	43.1	43.1
juego1	easy	50.0	0.009	30041	700	320	304	-16	2	1	42.98	42.98	42.98
juego1	easy	50.0	0.009	30050	700	321	305	-16	2	1	42.75	42.75	42.75
juego1	easy	50.0	0.009	30058	700	321	305	-16	2	1	42.62	42.62	42.62
juego1	easy	50.0	0.009	30067	700	322	305	-17	2	1	42.53	42.53	42.53
juego1	easy	50.0	0.009	30076	700	323	306	-17	2	1	42.45	42.45	42.45
juego1	easy	50.0	0.009	30084	700	323	306	-17	2	1	42.22	42.22	42.22
juego1	easy	50.0	0.009	30092	700	324	307	-17	2	1	41.91	41.91	41.91
juego1	easy	50.0	0.009	30101	700	325	307	-18	2	1	41.8	41.8	41.8
juego1	easy	50.0	0.009	30110	700	325	308	-17	2	1	41.68	41.68	41.68
juego1	easy	50.0	0.009	30118	700	326	308	-18	2	1	41.58	41.58	41.58
juego1	easy	50.0	0.009	30128	700	327	308	-19	2	1	41.45	41.45	41.45
juego1	easy	50.0	0.009	30135	700	327	308	-19	2	1	41.36	41.36	41.36
juego1	easy	50.0	0.009	30144	700	328	309	-19	2	1	41.18	41.18	41.18
juego1	easy	50.0	0.009	30153	700	328	309	-19	2	1	41.05	41.05	41.05
juego1	easy	50.0	0.009	30161	700	329	309	-20	2	1	40.99	40.99	40.99
juego1	easy	50.0	0.009	30170	700	330	310	-20	2	1	40.83	40.83	40.83
juego1	easy	50.0	0.009	30178	700	330	310	-20	2	1	40.6	40.6	40.6
juego1	easy	50.0	0.009	30187	700	331	311	-20	2	1	40.49	40.49	40.49
juego1	easy	50.0	0.009	30195	700	332	311	-21	2	1	40.24	40.24	40.24
juego1	easy	50.0	0.009	30203	700	332	312	-20	2	1	39.92	39.92	39.92
juego1	easy	50.0	0.009	30213	700	333	313	-20	2	1	39.55	39.55	39.55
juego1	easy	50.0	0.009	30220	700	333	313	-20	2	1	39.42	39.42	39.42
juego1	easy	50.0	0.009	30228	700	334	314	-20	2	1	39.18	39.18	39.18
juego1	easy	50.0	0.009	30236	700	335	315	-20	2	1	38.9	38.9	38.9
juego1	easy	50.0	0.009	30245	700	335	315	-20	2	1	38.71	38.71	38.71
juego1	easy	50.0	0.009	30253	700	336	317	-19	2	1	38.25	38.25	38.25
juego1	easy	50.0	0.009	30263	700	336	318	-18	2	1	37.68	37.68	37.68
juego1	easy	50.0	0.009	30270	700	337	319	-18	2	1	37.32	37.32	37.32
juego1	easy	50.0	0.009	30279	700	337	321	-16	2	1	36.56	36.56	36.56
juego1	easy	50.0	0.009	30287	700	338	323	-15	2	1	35.86	35.86	35.86
juego1	easy	50.0	0.009	30296	700	339	323	-16	2	1	35.6	35.6	35.6
juego1	easy	50.0	0.009	30304	700	339	325	-14	2	1	35.13	35.13	35.13
juego1	easy	50.0	0.009	30312	700	340	325	-15	2	1	35.13	35.13	35.13
juego1	easy	50.0	0.009	30321	700	340	326	-14	2	1	34.7	34.7	34.7
juego1	easy	50.0	0.009	30330	700	341	328	-13	2	1	33.85	33.85	33.85
juego1	easy	50.0	0.009	30338	700	341	329	-12	2	1	33.29	33.29	33.29
juego1	easy	50.0	0.009	30348	700	342	330	-12	2	1	32.96	32.96	32.96
juego1	easy	50.0	0.009	30355	700	342	330	-12	2	1	32.91	32.91	32.91
juego1	easy	50.0	0.009	30363	700	343	331	-12	2	1	32.65	32.65	32.65
juego1	easy	50.0	0.009	30373	700	343	332	-11	2	1	32.33	32.33	32.33
juego1	easy	50.0	0.009	30380	700	344	332	-12	2	1	32.17	32.17	32.17
juego1	easy	50.0	0.009	30389	700	344	333	-11	2	1	31.87	31.87	31.87
juego1	easy	50.0	0.009	30398	700	345	334	-11	2	1	31.64	31.64	31.64
juego1	easy	50.0	0.009	30406	700	345	334	-11	2	1	31.53	31.53	31.53
juego1	easy	50.0	0.009	30414	700	346	335	-11	2	1	31.15	31.15	31.15
juego1	easy	50.0	0.009	30423	700	346	336	-10	2	1	30.68	30.68	30.68
juego1	easy	50.0	0.009	30431	700	347	337	-10	2	1	30.49	30.49	30.49
juego1	easy	50.0	0.009	30440	700	347	337	-10	2	1	30.32	30.32	30.32
juego1	easy	50.0	0.009	30448	700	348	338	-10	2	1	30.13	30.13	30.13
juego1	easy	50.0	0.009	30457	700	348	338	-10	2	1	30.0	30.0	30.0
juego1	easy	50.0	0.009	30466	700	349	339	-10	2	1	29.76	29.76	29.76
juego1	easy	50.0	0.009	30474	700	349	339	-10	2	1	29.5	29.5	29.5
juego1	easy	50.0	0.009	30483	700	350	340	-10	2	1	29.23	29.23	29.23
juego1	easy	50.0	0.009	30491	700	350	340	-10	2	1	29.1	29.1	29.1
juego1	easy	50.0	0.009	30500	700	350	341	-9	2	1	28.89	28.89	28.89
juego1	easy	50.0	0.009	30508	700	351	341	-10	2	1	28.75	28.75	28.75
juego1	easy	50.0	0.009	30517	700	351	342	-9	2	1	28.67	28.67	28.67
juego1	easy	50.0	0.009	30526	700	352	342	-10	2	1	28.49	28.49	28.49
juego1	easy	50.0	0.009	30535	700	352	343	-9	2	1	28.27	28.27	28.27
juego1	easy	50.0	0.009	30543	700	353	343	-10	2	1	28.03	28.03	28.03
juego1	easy	50.0	0.009	30552	700	353	343	-10	2	1	27.93	27.93	27.93
juego1	easy	50.0	0.009	30561	700	353	344	-9	2	1	27.73	27.73	27.73
juego1	easy	50.0	0.009	30569	700	354	345	-9	2	1	27.5	27.5	27.5
juego1	easy	50.0	0.009	30578	700	354	346	-8	2	1	27.1	27.1	27.1
juego1	easy	50.0	0.009	30587	700	354	346	-8	2	1	26.88	26.88	26.88
juego1	easy	50.0	0.009	30595	700	355	347	-8	2	1	26.48	26.48	26.48
juego1	easy	50.0	0.009	30604	700	355	347	-8	2	1	26.42	26.42	26.42
juego1	easy	50.0	0.009	30612	700	356	347	-9	2	1	26.4	26.4	26.4
juego1	easy	50.0	0.009	30621	700	356	348	-8	2	1	26.33	26.33	26.33
juego1	easy	50.0	0.009	30630	700	356	348	-8	2	1	26.14	26.14	26.14
juego1	easy	50.0	0.009	30637	700	357	348	-9	2	1	26.01	26.01	26.01
juego1	easy	50.0	0.009	30646	700	357	349	-8	2	1	25.69	25.69	25.69
juego1	easy	50.0	0.009	30654	700	357	350	-7	2	1	25.55	25.55	25.55
juego1	easy	50.0	0.009	30663	700	358	350	-8	2	1	25.36	25.36	25.36
juego1	easy	50.0	0.009	30671	700	358	350	-8	2	1	25.3	25.3	25.3
juego1	easy	50.0	0.009	30680	700	358	351	-7	2	1	25.05	25.05	25.05
juego1	easy	50.0	0.009	30689	700	359	352	-7	2	1	24.64	24.64	24.64
juego1	easy	50.0	0.009	30696	700	359	353	-6	2	1	24.47	24.47	24.47
juego1	easy	50.0	0.009	30705	700	359	353	-6	2	1	24.37	24.37	24.37
juego1	easy	50.0	0.009	30713	700	359	353	-6	2	1	24.29	24.29	24.29
juego1	easy	50.0	0.009	30722	700	360	353	-7	2	1	24.2	24.2	24.2
juego1	easy	50.0	0.009	30730	700	360	354	-6	2	1	23.99	23.99	23.99
juego1	easy	50.0	0.009	30739	700	360	354	-6	2	1	23.72	23.72	23.72
juego1	easy	50.0	0.009	30747	700	360	355	-5	2	1	23.54	23.54	23.54
juego1	easy	50.0	0.009	30755	700	361	356	-5	2	1	22.95	22.95	22.95
juego1	easy	50.0	0.009	30764	700	361	359	-2	2	1	22.14	22.14	22.14
juego1	easy	50.0	0.009	30772	700	361	360	-1	2	1	21.78	21.78	21.78
juego1	easy	50.0	0.009	30780	700	361	361	0	2	1	21.26	21.26	21.26
juego1	easy	50.0	0.009	30789	700	362	362	0	2	1	20.9	20.9	20.9
juego1	easy	50.0	0.009	30797	700	362	362	0	2	1	20.71	20.71	20.71
juego1	easy	50.0	0.009	30805	700	362	363	1	2	1	20.35	20.35	20.35
juego1	easy	50.0	0.009	30814	700	362	364	2	2	1	19.94	19.94	19.94
juego1	easy	50.0	0.009	30822	700	363	365	2	2	1	19.74	19.74	19.74
juego1	easy	50.0	0.009	30831	700	363	366	3	2	1	19.34	19.34	19.34
juego1	easy	50.0	0.009	30839	700	363	367	4	2	1	19.03	19.03	19.03
juego1	easy	50.0	0.009	30848	700	363	367	4	2	1	18.94	18.94	18.94
juego1	easy	50.0	0.009	30857	700	363	367	4	2	1	18.77	18.77	18.77
juego1	easy	50.0	0.009	30865	700	363	368	5	2	1	18.65	18.65	18.65
juego1	easy	50.0	0.009	30874	700	364	368	4	2	1	18.51	18.51	18.51
juego1	easy	50.0	0.009	30882	700	364	368	4	2	1	18.41	18.41	18.41
juego1	easy	50.0	0.009	30891	700	364	369	5	2	1	18.18	18.18	18.18
juego1	easy	50.0	0.009	30899	700	364	370	6	2	1	17.95	17.95	17.95
juego1	easy	50.0	0.009	30907	700	364	370	6	2	1	17.84	17.84	17.84
juego1	easy	50.0	0.009	30915	700	364	370	6	2	1	17.65	17.65	17.65
juego1	easy	50.0	0.009	30924	700	364	371	7	2	1	17.46	17.46	17.46
juego1	easy	50.0	0.009	30932	700	365	371	6	2	1	17.38	17.38	17.38
juego1	easy	50.0	0.009	30941	700	365	371	6	2	1	17.26	17.26	17.26
juego1	easy	50.0	0.009	30950	700	365	371	6	2	1	17.19	17.19	17.19
juego1	easy	50.0	0.009	30958	700	365	372	7	2	1	17.13	17.13	17.13
juego1	easy	50.0	0.009	30967	700	365	372	7	2	1	17.07	17.07	17.07
juego1	easy	50.0	0.009	30975	700	365	372	7	2	1	16.95	16.95	16.95
juego1	easy	50.0	0.009	30984	700	365	373	8	2	1	16.8	16.8	16.8
juego1	easy	50.0	0.009	30993	700	365	373	8	2	1	16.74	16.74	16.74
juego1	easy	50.0	0.009	31001	700	365	373	8	2	1	16.66	16.66	16.66
juego1	easy	50.0	0.009	31010	700	365	373	8	2	1	16.59	16.59	16.59
juego1	easy	50.0	0.009	31018	700	365	373	8	2	1	16.57	16.57	16.57
juego1	easy	50.0	0.009	31027	700	365	373	8	2	1	16.56	16.56	16.56
juego1	easy	50.0	0.009	31036	700	365	373	8	2	1	16.52	16.52	16.52
juego1	easy	50.0	0.009	31045	700	365	373	8	2	1	16.45	16.45	16.45
juego1	easy	50.0	0.009	31054	700	365	374	9	2	1	16.4	16.4	16.4
juego1	easy	50.0	0.009	31061	700	365	374	9	2	1	16.41	16.41	16.41
juego1	easy	50.0	0.009	31070	700	365	374	9	2	1	16.38	16.38	16.38
juego1	easy	50.0	0.009	31078	700	365	374	9	2	1	16.36	16.36	16.36
juego1	easy	50.0	0.009	31086	700	365	374	9	2	1	16.34	16.34	16.34
juego1	easy	50.0	0.009	31095	700	365	374	9	2	1	16.39	16.39	16.39
juego1	easy	50.0	0.009	31103	700	365	374	9	2	1	16.38	16.38	16.38
juego1	easy	50.0	0.009	31111	700	365	374	9	2	1	16.32	16.32	16.32
juego1	easy	50.0	0.009	31120	700	365	374	9	2	1	16.27	16.27	16.27
juego1	easy	50.0	0.009	31128	700	365	374	9	2	1	16.25	16.25	16.25
juego1	easy	50.0	0.009	31136	700	365	374	9	2	1	16.25	16.25	16.25
juego1	easy	50.0	0.009	31145	700	365	374	9	2	1	16.25	16.25	16.25
juego1	easy	50.0	0.009	31153	700	365	374	9	2	1	16.25	16.25	16.25
juego1	easy	50.0	0.009	31162	700	365	374	9	2	1	16.28	16.28	16.28
juego1	easy	50.0	0.009	31171	700	365	374	9	2	1	16.31	16.31	16.31
juego1	easy	50.0	0.009	31180	700	365	374	9	2	1	16.28	16.28	16.28
juego1	easy	50.0	0.009	31188	700	365	374	9	2	1	16.26	16.26	16.26
juego1	easy	50.0	0.009	31196	700	365	374	9	2	1	16.2	16.2	16.2
juego1	easy	50.0	0.009	31205	700	365	374	9	2	1	16.16	16.16	16.16
juego1	easy	50.0	0.009	31214	700	365	374	9	2	1	16.17	16.17	16.17
juego1	easy	50.0	0.009	31221	700	364	374	10	2	1	16.16	16.16	16.16
juego1	easy	50.0	0.009	31230	700	364	374	10	2	1	16.2	16.2	16.2
juego1	easy	50.0	0.009	31238	700	364	374	10	2	1	16.2	16.2	16.2
juego1	easy	50.0	0.009	31247	700	364	374	10	2	1	16.19	16.19	16.19
juego1	easy	50.0	0.009	31255	700	364	374	10	2	1	16.2	16.2	16.2
juego1	easy	50.0	0.009	31263	700	364	374	10	2	1	16.22	16.22	16.22
juego1	easy	50.0	0.009	31272	700	364	374	10	2	1	16.29	16.29	16.29
juego1	easy	50.0	0.009	31280	700	363	374	11	2	1	16.37	16.37	16.37
juego1	easy	50.0	0.009	31288	700	363	374	11	2	1	16.42	16.42	16.42
juego1	easy	50.0	0.009	31296	700	363	373	10	2	1	16.52	16.52	16.52
juego1	easy	50.0	0.009	31304	700	363	373	10	2	1	16.63	16.63	16.63
juego1	easy	50.0	0.009	31313	700	363	373	10	2	1	16.68	16.68	16.68
juego1	easy	50.0	0.009	31321	700	363	373	10	2	1	16.8	16.8	16.8
juego1	easy	50.0	0.009	31329	700	362	372	10	2	1	16.87	16.87	16.87
juego1	easy	50.0	0.009	31338	700	362	372	10	2	1	17.05	17.05	17.05
juego1	easy	50.0	0.009	31346	700	362	371	9	2	1	17.27	17.27	17.27
juego1	easy	50.0	0.009	31355	700	362	371	9	2	1	17.54	17.54	17.54
juego1	easy	50.0	0.009	31364	700	362	370	8	2	1	17.85	17.85	17.85
juego1	easy	50.0	0.009	31373	700	361	369	8	2	1	18.01	18.01	18.01
juego1	easy	50.0	0.009	31381	700	361	368	7	2	1	18.37	18.37	18.37
juego1	easy	50.0	0.009	31390	700	361	367	6	2	1	18.74	18.74	18.74
juego1	easy	50.0	0.009	31399	700	361	367	6	2	1	18.92	18.92	18.92
juego1	easy	50.0	0.009	31407	700	360	366	6	2	1	19.35	19.35	19.35
juego1	easy	50.0	0.009	31415	700	360	365	5	2	1	19.83	19.83	19.83
juego1	easy	50.0	0.009	31424	700	360	364	4	2	1	20.07	20.07	20.07
juego1	easy	50.0	0.009	31433	700	359	363	4	2	1	20.46	20.46	20.46
juego1	easy	50.0	0.009	31441	700	359	362	3	2	1	20.75	20.75	20.75
juego1	easy	50.0	0.009	31450	700	359	362	3	2	1	21.0	21.0	21.0
juego1	easy	50.0	0.009	31458	700	359	361	2	2	1	21.12	21.12	21.12
juego1	easy	50.0	0.009	31467	700	358	360	2	2	1	21.41	21.41	21.41
juego1	easy	50.0	0.009	31475	700	358	360	2	2	1	21.73	21.73	21.73
juego1	easy	50.0	0.009	31484	700	358	359	1	2	1	21.86	21.86	21.86
juego1	easy	50.0	0.009	31493	700	357	359	2	2	1	22.05	22.05	22.05
juego1	easy	50.0	0.009	31502	700	357	359	2	2	1	22.07	22.07	22.07
juego1	easy	50.0	0.009	31510	700	357	359	2	2	1	22.04	22.04	22.04
juego1	easy	50.0	0.009	31519	700	356	359	3	2	1	22.02	22.02	22.02
juego1	easy	50.0	0.009	31528	700	356	359	3	2	1	22.05	22.05	22.05
juego1	easy	50.0	0.009	31536	700	356	359	3	2	1	22.13	22.13	22.13
juego1	easy	50.0	0.009	31545	700	355	358	3	2	1	22.27	22.27	22.27
juego1	easy	50.0	0.009	31554	700	355	358	3	2	1	22.36	22.36	22.36
juego1	easy	50.0	0.009	31562	700	355	357	2	2	1	22.66	22.66	22.66
juego1	easy	50.0	0.009	31571	700	354	356	2	2	1	23.06	23.06	23.06
juego1	easy	50.0	0.009	31580	700	354	355	1	2	1	23.42	23.42	23.42
juego1	easy	50.0	0.009	31589	700	353	355	2	2	1	23.57	23.57	23.57
juego1	easy	50.0	0.009	31597	700	353	354	1	2	1	23.89	23.89	23.89
juego1	easy	50.0	0.009	31605	700	353	353	0	2	1	24.1	24.1	24.1
juego1	easy	50.0	0.009	31614	700	352	353	1	2	1	24.37	24.37	24.37
juego1	easy	50.0	0.009	31623	700	352	352	0	2	1	24.73	24.73	24.73
juego1	easy	50.0	0.009	31630	700	351	351	0	2	1	25.17	25.17	25.17
juego1	easy	50.0	0.009	31639	700	351	350	-1	2	1	25.42	25.42	25.42
juego1	easy	50.0	0.009	31646	700	351	349	-2	2	1	25.94	25.94	25.94
juego1	easy	50.0	0.009	31654	700	350	348	-2	2	1	26.15	26.15	26.15
juego1	easy	50.0	0.009	31662	700	350	348	-2	2	1	26.33	26.33	26.33
juego1	easy	50.0	0.009	31670	700	349	347	-2	2	1	26.5	26.5	26.5
juego1	easy	50.0	0.009	31678	700	349	347	-2	2	1	26.64	26.64	26.64
juego1	easy	50.0	0.009	31687	700	348	346	-2	2	1	27.0	27.0	27.0
juego1	easy	50.0	0.009	31694	700	348	345	-3	2	1	27.21	27.21	27.21
juego1	easy	50.0	0.009	31702	700	347	345	-2	2	1	27.53	27.53	27.53
juego1	easy	50.0	0.009	31711	700	347	344	-3	2	1	27.73	27.73	27.73
juego1	easy	50.0	0.009	31719	700	346	344	-2	2	1	27.82	27.82	27.82
juego1	easy	50.0	0.009	31728	700	346	343	-3	2	1	28.02	28.02	28.02
juego1	easy	50.0	0.009	31736	700	345	343	-2	2	1	28.25	28.25	28.25
juego1	easy	50.0	0.009	31745	700	345	342	-3	2	1	28.35	28.35	28.35
juego1	easy	50.0	0.009	31754	700	344	342	-2	2	1	28.62	28.62	28.62
juego1	easy	50.0	0.009	31762	700	344	341	-3	2	1	28.9	28.9	28.9
juego1	easy	50.0	0.009	31771	700	343	340	-3	2	1	29.07	29.07	29.07
juego1	easy	50.0	0.009	31779	700	343	340	-3	2	1	29.12	29.12	29.12
juego1	easy	50.0	0.009	31788	700	342	340	-2	2	1	29.25	29.25	29.25
juego1	easy	50.0	0.009	31796	700	342	340	-2	2	1	29.41	29.41	29.41
juego1	easy	50.0	0.009	31805	700	341	339	-2	2	1	29.53	29.53	29.53
juego1	easy	50.0	0.009	31814	700	341	339	-2	2	1	29.83	29.83	29.83
juego1	easy	50.0	0.009	31823	700	340	338	-2	2	1	30.04	30.04	30.04
juego1	easy	50.0	0.009	31831	700	340	337	-3	2	1	30.26	30.26	30.26
juego1	easy	50.0	0.009	31839	700	339	337	-2	2	1	30.39	30.39	30.39
juego1	easy	50.0	0.009	31848	700	339	336	-3	2	1	30.67	30.67	30.67
juego1	easy	50.0	0.009	31857	700	338	335	-3	2	1	31.01	31.01	31.01
juego1	easy	50.0	0.009	31865	700	338	335	-3	2	1	31.13	31.13	31.13
juego1	easy	50.0	0.009	31874	700	337	335	-2	2	1	31.28	31.28	31.28
juego1	easy	50.0	0.009	31882	700	336	334	-2	2	1	31.45	31.45	31.45
juego1	easy	50.0	0.009	31891	700	336	334	-2	2	1	31.69	31.69	31.69
juego1	easy	50.0	0.009	31900	700	335	333	-2	2	1	31.84	31.84	31.84
juego1	easy	50.0	0.009	31909	700	335	332	-3	2	1	32.17	32.17	32.17
juego1	easy	50.0	0.009	31917	700	334	332	-2	2	1	32.36	32.36	32.36
juego1	easy	50.0	0.009	31926	700	333	331	-2	2	1	32.55	32.55	32.55
juego1	easy	50.0	0.009	31934	700	333	331	-2	2	1	32.67	32.67	32.67
juego1	easy	50.0	0.009	31943	700	332	331	-1	2	1	32.8	32.8	32.8
juego1	easy	50.0	0.009	31951	700	332	330	-2	2	1	33.06	33.06	33.06
juego1	easy	50.0	0.009	31960	700	331	330	-1	2	1	33.22	33.22	33.22
juego1	easy	50.0	0.009	31968	700	330	329	-1	2	1	33.35	33.35	33.35
juego1	easy	50.0	0.009	31977	700	330	329	-1	2	1	33.58	33.58	33.58
juego1	easy	50.0	0.009	31986	700	329	328	-1	2	1	33.86	33.86	33.86
juego1	easy	50.0	0.009	31993	700	329	328	-1	2	1	33.94	33.94	33.94
juego1	easy	50.0	0.009	32002	700	328	327	-1	2	1	34.06	34.06	34.06
juego1	easy	50.0	0.009	32010	700	327	327	0	2	1	34.13	34.13	34.13
juego1	easy	50.0	0.009	32018	700	327	327	0	2	1	34.33	34.33	34.33
juego1	easy	50.0	0.009	32027	700	326	326	0	2	1	34.62	34.62	34.62
juego1	easy	50.0	0.009	32035	700	325	326	1	2	1	34.75	34.75	34.75
juego1	easy	50.0	0.009	32043	700	325	326	1	2	1	34.8	34.8	34.8
juego1	easy	50.0	0.009	32052	700	324	325	1	2	1	34.82	34.82	34.82
juego1	easy	50.0	0.009	32061	700	323	325	2	2	1	34.87	34.87	34.87
juego1	easy	50.0	0.009	32069	700	323	325	2	2	1	35.06	35.06	35.06
juego1	easy	50.0	0.009	32077	700	322	324	2	2	1	35.29	35.29	35.29
juego1	easy	50.0	0.009	32086	700	321	324	3	2	1	35.4	35.4	35.4
juego1	easy	50.0	0.009	32095	700	321	323	2	2	1	35.65	35.65	35.65
juego1	easy	50.0	0.009	32104	700	320	323	3	2	1	35.88	35.88	35.88
juego1	easy	50.0	0.009	32112	700	319	322	3	2	1	36.15	36.15	36.15
juego1	easy	50.0	0.009	32121	700	319	321	2	2	1	36.37	36.37	36.37
juego1	easy	50.0	0.009	32130	700	318	320	2	2	1	36.86	36.86	36.86
juego1	easy	50.0	0.009	32138	700	317	320	3	2	1	37.11	37.11	37.11
juego1	easy	50.0	0.009	32147	700	317	319	2	2	1	37.27	37.27	37.27
juego1	easy	50.0	0.009	32155	700	316	319	3	2	1	37.41	37.41	37.41
juego1	easy	50.0	0.009	32163	700	315	317	2	2	1	37.89	37.89	37.89
juego1	easy	50.0	0.009	32172	700	315	316	1	2	1	38.5	38.5	38.5
juego1	easy	50.0	0.009	32180	700	314	315	1	2	1	38.76	38.76	38.76
juego1	easy	50.0	0.009	32189	700	313	314	1	2	1	39.1	39.1	39.1
juego1	easy	50.0	0.009	32197	700	313	313	0	2	1	39.45	39.45	39.45
juego1	easy	50.0	0.009	32206	700	312	312	0	2	1	39.82	39.82	39.82
juego1	easy	50.0	0.009	32214	700	311	312	1	2	1	39.94	39.94	39.94
juego1	easy	50.0	0.009	32223	700	310	312	2	2	1	40.05	40.05	40.05
juego1	easy	50.0	0.009	32231	700	310	312	2	2	1	40.1	40.1	40.1
juego1	easy	50.0	0.009	32240	700	309	311	2	2	1	40.27	40.27	40.27
juego1	easy	50.0	0.009	32249	700	308	311	3	2	1	40.5	40.5	40.5
juego1	easy	50.0	0.009	32257	700	308	310	2	2	1	40.75	40.75	40.75
juego1	easy	50.0	0.009	32265	700	307	310	3	2	1	40.88	40.88	40.88
juego1	easy	50.0	0.009	32274	700	306	309	3	2	1	41.16	41.16	41.16
juego1	easy	50.0	0.009	32282	700	305	308	3	2	1	41.62	41.62	41.62
juego1	easy	50.0	0.009	32291	700	305	307	2	2	1	41.89	41.89	41.89
juego1	easy	50.0	0.009	32299	700	304	306	2	2	1	42.43	42.43	42.43
juego1	easy	50.0	0.009	32307	700	303	305	2	2	1	42.66	42.66	42.66
juego1	easy	50.0	0.009	32316	700	303	305	2	2	1	42.7	42.7	42.7
juego1	easy	50.0	0.009	32324	700	302	304	2	2	1	42.88	42.88	42.88
juego1	easy	50.0	0.009	32333	700	301	304	3	2	1	43.15	43.15	43.15
juego1	easy	50.0	0.009	32342	700	300	303	3	2	1	43.46	43.46	43.46
juego1	easy	50.0	0.009	32350	700	300	302	2	2	1	43.64	43.64	43.64
juego1	easy	50.0	0.009	32359	700	300	301	1	2	1	44.19	44.19	44.19
juego1	easy	50.0	0.009	32367	700	299	300	1	2	1	44.5	44.5	44.5
juego1	easy	50.0	0.009	32375	700	298	300	2	2	1	44.96	44.96	44.96
juego1	easy	50.0	0.009	32384	700	298	300	2	2	1	45.07	45.07	45.07
juego1	easy	50.0	0.009	32392	700	297	300	3	2	1	45.08	45.08	45.08
juego1	easy	50.0	0.009	32401	700	296	299	3	2	1	45.18	45.18	45.18
juego1	easy	50.0	0.009	32410	700	295	299	4	2	1	45.39	45.39	45.39
juego1	easy	50.0	0.009	32419	700	295	298	3	2	1	45.61	45.61	45.61
juego1	easy	50.0	0.009	32427	700	294	298	4	2	1	45.87	45.87	45.87
juego1	easy	50.0	0.009	32436	700	293	297	4	2	1	45.98	45.98	45.98
juego1	easy	50.0	0.009	32444	700	292	297	5	2	1	46.29	46.29	46.29
juego1	easy	50.0	0.009	32453	700	292	296	4	2	1	46.67	46.67	46.67
juego1	easy	50.0	0.009	32461	700	291	295	4	2	1	46.88	46.88	46.88
juego1	easy	50.0	0.009	32470	700	290	294	4	2	1	47.39	47.39	47.39
juego1	easy	50.0	0.009	32479	700	289	293	4	2	1	47.81	47.81	47.81
juego1	easy	50.0	0.009	32488	700	289	292	3	2	1	47.97	47.97	47.97
juego1	easy	50.0	0.009	32496	700	288	292	4	2	1	48.06	48.06	48.06
juego1	easy	50.0	0.009	32505	700	287	292	5	2	1	48.23	48.23	48.23
juego1	easy	50.0	0.009	32514	700	286	291	5	2	1	48.35	48.35	48.35
juego1	easy	50.0	0.009	32523	700	286	291	5	2	1	48.44	48.44	48.44
juego1	easy	50.0	0.009	32531	700	285	291	6	2	1	48.49	48.49	48.49
juego1	easy	50.0	0.009	32540	700	284	291	7	2	1	48.58	48.58	48.58
juego1	easy	50.0	0.009	32548	700	283	290	7	2	1	48.67	48.67	48.67
juego1	easy	50.0	0.009	32557	700	283	290	7	3	1	48.72	48.72	48.72
juego1	easy	30.0	0.007	32566	700	282	290	8	3	1	48.87	48.87	48.87
juego1	easy	30.0	0.007	32575	700	282	289	7	3	1	49.02	49.02	49.02
juego1	easy	30.0	0.007	32584	700	282	289	7	3	1	49.15	49.15	49.15
juego1	easy	30.0	0.007	32593	700	282	289	7	3	1	49.3	49.3	49.3
juego1	easy	30.0	0.007	32602	700	281	288	7	3	1	49.39	49.39	49.39
juego1	easy	30.0	0.007	32610	700	281	288	7	3	1	49.57	49.57	49.57
juego1	easy	30.0	0.007	32618	700	281	287	6	3	1	49.81	49.81	49.81
juego1	easy	30.0	0.007	32627	700	281	287	6	3	1	49.95	49.95	49.95
juego1	easy	30.0	0.007	32636	700	280	286	6	3	1	50.25	50.25	50.25
juego1	easy	30.0	0.007	32645	700	280	286	6	3	1	50.37	50.37	50.37
juego1	easy	30.0	0.007	32654	700	280	286	6	3	1	50.42	50.42	50.42
juego1	easy	30.0	0.007	32662	700	279	286	7	3	1	50.47	50.47	50.47
juego1	easy	30.0	0.007	32670	700	279	285	6	3	1	50.64	50.64	50.64
juego1	easy	30.0	0.007	32678	700	279	285	6	3	1	50.86	50.86	50.86
juego1	easy	30.0	0.007	32686	700	279	284	5	3	1	50.98	50.98	50.98
juego1	easy	30.0	0.007	32695	700	278	284	6	3	1	51.15	51.15	51.15
juego1	easy	30.0	0.007	32704	700	278	284	6	3	1	51.29	51.29	51.29
juego1	easy	30.0	0.007	32713	700	278	283	5	3	1	51.45	51.45	51.45
juego1	easy	30.0	0.007	32721	700	278	283	5	3	1	51.55	51.55	51.55
juego1	easy	30.0	0.007	32730	700	277	282	5	3	1	51.85	51.85	51.85
juego1	easy	30.0	0.007	32738	700	277	282	5	3	1	52.04	52.04	52.04
juego1	easy	30.0	0.007	32747	700	277	280	3	3	1	52.48	52.48	52.48
juego1	easy	30.0	0.007	32756	700	276	279	3	3	1	52.9	52.9	52.9
juego1	easy	30.0	0.007	32764	700	276	278	2	3	1	53.29	53.29	53.29
juego1	easy	30.0	0.007	32773	700	276	277	1	3	1	53.65	53.65	53.65
juego1	easy	30.0	0.007	32781	700	276	277	1	3	1	53.65	53.65	53.65
juego1	easy	30.0	0.007	32790	700	275	277	2	3	1	53.93	53.93	53.93
juego1	easy	30.0	0.007	32798	700	275	275	0	3	1	54.44	54.44	54.44
juego1	easy	30.0	0.007	32807	700	275	275	0	3	1	54.6	54.6	54.6
juego1	easy	30.0	0.007	32816	700	275	274	-1	3	1	54.96	54.96	54.96
juego1	easy	30.0	0.007	32825	700	274	273	-1	3	1	55.31	55.31	55.31
juego1	easy	30.0	0.007	32833	700	274	272	-2	3	1	55.53	55.53	55.53
juego1	easy	30.0	0.007	32842	700	274	272	-2	3	1	55.61	55.61	55.61
juego1	easy	30.0	0.007	32850	700	273	272	-1	3	1	55.81	55.81	55.81
juego1	easy	30.0	0.007	32859	700	273	271	-2	3	1	56.01	56.01	56.01
juego1	easy	30.0	0.007	32866	700	273	271	-2	3	1	56.11	56.11	56.11
juego1	easy	30.0	0.007	32875	700	273	270	-3	3	1	56.34	56.34	56.34
juego1	easy	30.0	0.007	32884	700	272	270	-2	3	1	56.62	56.62	56.62
juego1	easy	30.0	0.007	32891	700	272	269	-3	3	1	56.72	56.72	56.72
juego1	easy	30.0	0.007	32900	700	272	269	-3	3	1	56.91	56.91	56.91
juego1	easy	30.0	0.007	32909	700	272	268	-4	3	1	57.15	57.15	57.15
juego1	easy	30.0	0.007	32916	700	271	268	-3	3	1	57.28	57.28	57.28
juego1	easy	30.0	0.007	32925	700	271	267	-4	3	1	57.52	57.52	57.52
juego1	easy	30.0	0.007	32933	700	271	267	-4	3	1	57.61	57.61	57.61
juego1	easy	30.0	0.007	32942	700	270	267	-3	3	1	57.63	57.63	57.63
juego1	easy	30.0	0.007	32951	700	270	267	-3	3	1	57.67	57.67	57.67
juego1	easy	30.0	0.007	32960	700	270	267	-3	3	1	57.73	57.73	57.73
juego1	easy	30.0	0.007	32969	700	270	267	-3	3	1	57.78	57.78	57.78
juego1	easy	30.0	0.007	32976	700	269	267	-2	3	1	57.8	57.8	57.8
juego1	easy	30.0	0.007	32985	700	269	266	-3	3	1	57.85	57.85	57.85
juego1	easy	30.0	0.007	32994	700	269	266	-3	3	1	57.9	57.9	57.9
juego1	easy	30.0	0.007	33004	700	269	266	-3	3	1	57.93	57.93	57.93
juego1	easy	30.0	0.007	33011	700	268	266	-2	3	1	57.93	57.93	57.93
juego1	easy	30.0	0.007	33020	700	268	266	-2	3	1	57.89	57.89	57.89
juego1	easy	30.0	0.007	33028	700	268	266	-2	3	1	57.88	57.88	57.88
juego1	easy	30.0	0.007	33037	700	268	266	-2	3	1	57.88	57.88	57.88
juego1	easy	30.0	0.007	33045	700	267	266	-1	3	1	57.88	57.88	57.88
juego1	easy	30.0	0.007	33054	700	267	266	-1	3	1	57.89	57.89	57.89
juego1	easy	30.0	0.007	33062	700	267	266	-1	3	1	57.9	57.9	57.9
juego1	easy	30.0	0.007	33070	700	267	266	-1	3	1	57.91	57.91	57.91
juego1	easy	30.0	0.007	33079	700	266	266	0	3	1	57.93	57.93	57.93
juego1	easy	30.0	0.007	33089	700	266	266	0	3	1	57.95	57.95	57.95
juego1	easy	30.0	0.007	33097	700	266	266	0	3	1	57.94	57.94	57.94
juego1	easy	30.0	0.007	33106	700	266	266	0	3	1	57.92	57.92	57.92
juego1	easy	30.0	0.007	33114	700	265	266	1	3	1	57.89	57.89	57.89
juego1	easy	30.0	0.007	33123	700	265	266	1	3	1	57.89	57.89	57.89
juego1	easy	30.0	0.007	33132	700	265	266	1	3	1	57.89	57.89	57.89
juego1	easy	30.0	0.007	33141	700	265	266	1	3	1	57.91	57.91	57.91
juego1	easy	30.0	0.007	33148	700	264	266	2	3	1	57.91	57.91	57.91
juego1	easy	30.0	0.007	33157	700	264	266	2	3	1	57.94	57.94	57.94
juego1	easy	30.0	0.007	33166	700	264	266	2	3	1	58.0	58.0	58.0
juego1	easy	30.0	0.007	33175	700	264	266	2	3	1	58.09	58.09	58.09
juego1	easy	30.0	0.007	33182	700	263	266	3	3	1	58.12	58.12	58.12
juego1	easy	30.0	0.007	33190	700	263	266	3	3	1	58.2	58.2	58.2
juego1	easy	30.0	0.007	33199	700	263	265	2	3	1	58.25	58.25	58.25
juego1	easy	30.0	0.007	33207	700	263	265	2	3	1	58.28	58.28	58.28
juego1	easy	30.0	0.007	33216	700	262	265	3	3	1	58.35	58.35	58.35
juego1	easy	30.0	0.007	33225	700	262	265	3	3	1	58.38	58.38	58.38
juego1	easy	30.0	0.007	33234	700	262	265	3	3	1	58.39	58.39	58.39
juego1	easy	30.0	0.007	33242	700	262	265	3	3	1	58.41	58.41	58.41
juego1	easy	30.0	0.007	33250	700	261	265	4	3	1	58.43	58.43	58.43
juego1	easy	30.0	0.007	33258	700	261	265	4	3	1	58.43	58.43	58.43
juego1	easy	30.0	0.007	33266	700	261	265	4	3	1	58.46	58.46	58.46
juego1	easy	30.0	0.007	33275	700	261	265	4	3	1	58.52	58.52	58.52
juego1	easy	30.0	0.007	33283	700	261	265	4	3	1	58.57	58.57	58.57
juego1	easy	30.0	0.007	33291	700	260	264	4	3	1	58.68	58.68	58.68
juego1	easy	30.0	0.007	33300	700	260	264	4	3	1	58.78	58.78	58.78
juego1	easy	30.0	0.007	33308	700	260	264	4	3	1	58.82	58.82	58.82
juego1	easy	30.0	0.007	33316	700	260	264	4	3	1	58.91	58.91	58.91
juego1	easy	30.0	0.007	33325	700	259	263	4	3	1	59.01	59.01	59.01
juego1	easy	30.0	0.007	33334	700	259	263	4	3	1	59.07	59.07	59.07
juego1	easy	30.0	0.007	33342	700	259	263	4	3	1	59.16	59.16	59.16
juego1	easy	30.0	0.007	33350	700	259	263	4	3	1	59.24	59.24	59.24
juego1	easy	30.0	0.007	33359	700	259	263	4	3	1	59.31	59.31	59.31
juego1	easy	30.0	0.007	33367	700	258	263	5	3	1	59.35	59.35	59.35
juego1	easy	30.0	0.007	33375	700	258	262	4	3	1	59.41	59.41	59.41
juego1	easy	30.0	0.007	33383	700	258	262	4	3	1	59.46	59.46	59.46
juego1	easy	30.0	0.007	33391	700	258	262	4	3	1	59.6	59.6	59.6
juego1	easy	30.0	0.007	33399	700	257	261	4	3	1	59.77	59.77	59.77
juego1	easy	30.0	0.007	33407	700	257	261	4	3	1	59.85	59.85	59.85
juego1	easy	30.0	0.007	33415	700	257	261	4	3	1	59.94	59.94	59.94
juego1	easy	30.0	0.007	33424	700	257	261	4	3	1	60.0	60.0	60.0
juego1	easy	30.0	0.007	33431	700	257	260	3	3	1	60.13	60.13	60.13
juego1	easy	30.0	0.007	33440	700	256	260	4	3	1	60.27	60.27	60.27
juego1	easy	30.0	0.007	33448	700	256	260	4	3	1	60.34	60.34	60.34
juego1	easy	30.0	0.007	33457	700	256	260	4	3	1	60.46	60.46	60.46
juego1	easy	30.0	0.007	33464	700	256	259	3	3	1	60.63	60.63	60.63
juego1	easy	30.0	0.007	33472	700	256	259	3	3	1	60.7	60.7	60.7
juego1	easy	30.0	0.007	33481	700	255	259	4	3	1	60.68	60.68	60.68
juego1	easy	30.0	0.007	33488	700	255	259	4	3	1	60.64	60.64	60.64
juego1	easy	30.0	0.007	33497	700	255	259	4	3	1	60.59	60.59	60.59
juego1	easy	30.0	0.007	33505	700	255	259	4	3	1	60.72	60.72	60.72
juego1	easy	30.0	0.007	33514	700	255	259	4	3	1	60.79	60.79	60.79
juego1	easy	30.0	0.007	33523	700	254	258	4	3	1	60.92	60.92	60.92
juego1	easy	30.0	0.007	33531	700	254	258	4	3	1	61.06	61.06	61.06
juego1	easy	30.0	0.007	33539	700	254	258	4	3	1	61.2	61.2	61.2
juego1	easy	30.0	0.007	33548	700	254	258	4	3	1	61.26	61.26	61.26
juego1	easy	30.0	0.007	33556	700	254	257	3	3	1	61.31	61.31	61.31
juego1	easy	30.0	0.007	33565	700	253	257	4	3	1	61.35	61.35	61.35
juego1	easy	30.0	0.007	33574	700	253	257	4	3	1	61.38	61.38	61.38
juego1	easy	30.0	0.007	33583	700	253	257	4	3	1	61.45	61.45	61.45
juego1	easy	30.0	0.007	33591	700	253	257	4	3	1	61.53	61.53	61.53
juego1	easy	30.0	0.007	33600	700	253	257	4	3	1	61.64	61.64	61.64
juego1	easy	30.0	0.007	33608	700	252	256	4	3	1	61.71	61.71	61.71
juego1	easy	30.0	0.007	33617	700	252	256	4	3	1	61.79	61.79	61.79
juego1	easy	30.0	0.007	33624	700	252	256	4	3	1	61.81	61.81	61.81
juego1	easy	30.0	0.007	33633	700	252	256	4	3	1	61.86	61.86	61.86
juego1	easy	30.0	0.007	33641	700	252	256	4	3	1	61.93	61.93	61.93
juego1	easy	30.0	0.007	33650	700	252	256	4	3	1	62.02	62.02	62.02
juego1	easy	30.0	0.007	33659	700	251	255	4	3	1	62.04	62.04	62.04
juego1	easy	30.0	0.007	33668	700	251	255	4	3	1	62.04	62.04	62.04
juego1	easy	30.0	0.007	33676	700	251	256	5	3	1	62.0	62.0	62.0
juego1	easy	30.0	0.007	33685	700	251	255	4	3	1	62.05	62.05	62.05
juego1	easy	30.0	0.007	33693	700	251	255	4	3	1	62.11	62.11	62.11
juego1	easy	30.0	0.007	33702	700	251	255	4	3	1	62.16	62.16	62.16
juego1	easy	30.0	0.007	33711	700	250	255	5	3	1	62.17	62.17	62.17
juego1	easy	30.0	0.007	33720	700	250	255	5	3	1	62.18	62.18	62.18
juego1	easy	30.0	0.007	33729	700	250	255	5	3	1	62.22	62.22	62.22
juego1	easy	30.0	0.007	33737	700	250	255	5	3	1	62.34	62.34	62.34
juego1	easy	30.0	0.007	33746	700	250	254	4	3	1	62.46	62.46	62.46
juego1	easy	30.0	0.007	33754	700	250	254	4	3	1	62.51	62.51	62.51
juego1	easy	30.0	0.007	33763	700	249	254	5	3	1	62.61	62.61	62.61
juego1	easy	30.0	0.007	33771	700	249	254	5	3	1	62.69	62.69	62.69
juego1	easy	30.0	0.007	33779	700	249	254	5	3	1	62.72	62.72	62.72
juego1	easy	30.0	0.007	33788	700	249	254	5	3	1	62.74	62.74	62.74
juego1	easy	30.0	0.007	33797	700	249	254	5	3	1	62.75	62.75	62.75
juego1	easy	30.0	0.007	33806	700	249	254	5	3	1	62.78	62.78	62.78
juego1	easy	30.0	0.007	33815	700	249	254	5	3	1	62.79	62.79	62.79
juego1	easy	30.0	0.007	33824	700	248	253	5	3	1	62.81	62.81	62.81
juego1	easy	30.0	0.007	33833	700	248	253	5	3	1	62.83	62.83	62.83
juego1	easy	30.0	0.007	33841	700	248	253	5	3	1	62.91	62.91	62.91
juego1	easy	30.0	0.007	33850	700	248	253	5	3	1	62.94	62.94	62.94
juego1	easy	30.0	0.007	33858	700	248	253	5	3	1	63.01	63.01	63.01
juego1	easy	30.0	0.007	33867	700	248	253	5	3	1	63.05	63.05	63.05
juego1	easy	30.0	0.007	33876	700	248	253	5	3	1	63.12	63.12	63.12
juego1	easy	30.0	0.007	33885	700	247	252	5	3	1	63.23	63.23	63.23
juego1	easy	30.0	0.007	33893	700	247	252	5	3	1	63.28	63.28	63.28
juego1	easy	30.0	0.007	33902	700	247	252	5	3	1	63.36	63.36	63.36
juego1	easy	30.0	0.007	33909	700	247	252	5	3	1	63.39	63.39	63.39
juego1	easy	30.0	0.007	33917	700	247	252	5	3	1	63.48	63.48	63.48
juego1	easy	30.0	0.007	33926	700	247	251	4	3	1	63.6	63.6	63.6
juego1	easy	30.0	0.007	33935	700	247	251	4	3	1	63.66	63.66	63.66
juego1	easy	30.0	0.007	33944	700	247	251	4	3	1	63.81	63.81	63.81
juego1	easy	30.0	0.007	33953	700	247	251	4	3	1	63.94	63.94	63.94
juego1	easy	30.0	0.007	33961	700	246	250	4	3	1	64.04	64.04	64.04
juego1	easy	30.0	0.007	33969	700	246	250	4	3	1	64.07	64.07	64.07
juego1	easy	30.0	0.007	33978	700	246	250	4	3	1	64.14	64.14	64.14
juego1	easy	30.0	0.007	33987	700	246	250	4	3	1	64.23	64.23	64.23
juego1	easy	30.0	0.007	33995	700	246	250	4	3	1	64.31	64.31	64.31
juego1	easy	30.0	0.007	34004	700	246	250	4	3	1	64.32	64.32	64.32
juego1	easy	30.0	0.007	34013	700	246	250	4	3	1	64.26	64.26	64.26
juego1	easy	30.0	0.007	34021	700	246	250	4	3	1	64.24	64.24	64.24
juego1	easy	30.0	0.007	34030	700	246	250	4	3	1	64.28	64.28	64.28
juego1	easy	30.0	0.007	34039	700	245	249	4	3	1	64.43	64.43	64.43
juego1	easy	30.0	0.007	34047	700	245	249	4	3	1	64.55	64.55	64.55
juego1	easy	30.0	0.007	34056	700	245	249	4	3	1	64.63	64.63	64.63
juego1	easy	30.0	0.007	34065	700	245	249	4	3	1	64.67	64.67	64.67
juego1	easy	30.0	0.007	34073	700	245	248	3	3	1	64.75	64.75	64.75
juego1	easy	30.0	0.007	34081	700	245	248	3	3	1	64.82	64.82	64.82
juego1	easy	30.0	0.007	34090	700	245	248	3	3	1	64.85	64.85	64.85
juego1	easy	30.0	0.007	34097	700	245	248	3	3	1	64.91	64.91	64.91
juego1	easy	30.0	0.007	34105	700	245	248	3	3	1	64.95	64.95	64.95
juego1	easy	30.0	0.007	34114	700	245	248	3	3	1	65.03	65.03	65.03
juego1	easy	30.0	0.007	34123	700	245	248	3	3	1	65.05	65.05	65.05
juego1	easy	30.0	0.007	34133	700	244	248	4	3	1	65.06	65.06	65.06
juego1	easy	30.0	0.007	34141	700	244	247	3	3	1	65.12	65.12	65.12
juego1	easy	30.0	0.007	34149	700	244	247	3	3	1	65.14	65.14	65.14
juego1	easy	30.0	0.007	34158	700	244	247	3	3	1	65.18	65.18	65.18
juego1	easy	30.0	0.007	34167	700	244	247	3	3	1	65.22	65.22	65.22
juego1	easy	30.0	0.007	34175	700	244	247	3	3	1	65.25	65.25	65.25
juego1	easy	30.0	0.007	34183	700	244	247	3	3	1	65.35	65.35	65.35
juego1	easy	30.0	0.007	34192	700	244	247	3	3	1	65.44	65.44	65.44
juego1	easy	30.0	0.007	34201	700	244	247	3	3	1	65.45	65.45	65.45
juego1	easy	30.0	0.007	34209	700	244	247	3	3	1	65.48	65.48	65.48
juego1	easy	30.0	0.007	34218	700	244	246	2	3	1	65.54	65.54	65.54
juego1	easy	30.0	0.007	34226	700	244	246	2	3	1	65.61	65.61	65.61
juego1	easy	30.0	0.007	34235	700	244	246	2	3	1	65.64	65.64	65.64
juego1	easy	30.0	0.007	34244	700	244	246	2	3	1	65.69	65.69	65.69
juego1	easy	30.0	0.007	34252	700	244	246	2	3	1	65.75	65.75	65.75
juego1	easy	30.0	0.007	34261	700	244	246	2	3	1	65.77	65.77	65.77
juego1	easy	30.0	0.007	34269	700	243	246	3	3	1	65.8	65.8	65.8
juego1	easy	30.0	0.007	34278	700	243	246	3	3	1	65.82	65.82	65.82
juego1	easy	30.0	0.007	34286	700	243	246	3	3	1	65.83	65.83	65.83
juego1	easy	30.0	0.007	34295	700	243	246	3	3	1	65.84	65.84	65.84
juego1	easy	30.0	0.007	34303	700	243	246	3	3	1	65.85	65.85	65.85
juego1	easy	30.0	0.007	34312	700	243	246	3	3	1	65.83	65.83	65.83
juego1	easy	30.0	0.007	34320	700	243	246	3	3	1	65.83	65.83	65.83
juego1	easy	30.0	0.007	34329	700	243	246	3	3	1	65.82	65.82	65.82
juego1	easy	30.0	0.007	34338	700	243	246	3	3	1	65.82	65.82	65.82
juego1	easy	30.0	0.007	34347	700	243	246	3	3	1	65.81	65.81	65.81
juego1	easy	30.0	0.007	34355	700	243	246	3	3	1	65.8	65.8	65.8
juego1	easy	30.0	0.007	34364	700	243	246	3	3	1	65.79	65.79	65.79
juego1	easy	30.0	0.007	34371	700	243	246	3	3	1	65.78	65.78	65.78
juego1	easy	30.0	0.007	34380	700	243	246	3	3	1	65.76	65.76	65.76
juego1	easy	30.0	0.007	34388	700	243	246	3	3	1	65.74	65.74	65.74
juego1	easy	30.0	0.007	34397	700	243	246	3	3	1	65.75	65.75	65.75
juego1	easy	30.0	0.007	34405	700	243	246	3	3	1	65.75	65.75	65.75
juego1	easy	30.0	0.007	34414	700	243	246	3	3	1	65.75	65.75	65.75
juego1	easy	30.0	0.007	34423	700	243	246	3	3	1	65.73	65.73	65.73
juego1	easy	30.0	0.007	34432	700	243	246	3	3	1	65.7	65.7	65.7
juego1	easy	30.0	0.007	34440	700	243	246	3	3	1	65.69	65.69	65.69
juego1	easy	30.0	0.007	34449	700	243	246	3	3	1	65.65	65.65	65.65
juego1	easy	30.0	0.007	34458	700	243	246	3	3	1	65.63	65.63	65.63
juego1	easy	30.0	0.007	34466	700	243	246	3	3	1	65.61	65.61	65.61
juego1	easy	30.0	0.007	34475	700	243	246	3	3	1	65.58	65.58	65.58
juego1	easy	30.0	0.007	34483	700	243	246	3	3	1	65.54	65.54	65.54
juego1	easy	30.0	0.007	34492	700	243	246	3	3	1	65.5	65.5	65.5
juego1	easy	30.0	0.007	34500	700	243	246	3	3	1	65.49	65.49	65.49
juego1	easy	30.0	0.007	34509	700	243	247	4	3	1	65.47	65.47	65.47
juego1	easy	30.0	0.007	34517	700	243	247	4	3	1	65.44	65.44	65.44
juego1	easy	30.0	0.007	34526	700	243	247	4	3	1	65.41	65.41	65.41
juego1	easy	30.0	0.007	34535	700	243	247	4	3	1	65.35	65.35	65.35
juego1	easy	30.0	0.007	34544	700	243	247	4	3	1	65.34	65.34	65.34
juego1	easy	30.0	0.007	34553	700	243	247	4	3	1	65.34	65.34	65.34
juego1	easy	30.0	0.007	34561	700	243	247	4	3	1	65.34	65.34	65.34
juego1	easy	30.0	0.007	34570	700	243	247	4	3	1	65.31	65.31	65.31
juego1	easy	30.0	0.007	34579	700	243	247	4	3	1	65.3	65.3	65.3
juego1	easy	30.0	0.007	34588	700	243	247	4	3	1	65.27	65.27	65.27
juego1	easy	30.0	0.007	34595	700	243	247	4	3	1	65.27	65.27	65.27
juego1	easy	30.0	0.007	34604	700	243	247	4	3	1	65.24	65.24	65.24
juego1	easy	30.0	0.007	34611	700	243	247	4	3	1	65.23	65.23	65.23
juego1	easy	30.0	0.007	34619	700	243	247	4	3	1	65.21	65.21	65.21
juego1	easy	30.0	0.007	34628	700	243	247	4	3	1	65.16	65.16	65.16
juego1	easy	30.0	0.007	34637	700	243	247	4	3	1	65.14	65.14	65.14
juego1	easy	30.0	0.007	34645	700	243	248	5	3	1	65.09	65.09	65.09
juego1	easy	30.0	0.007	34654	700	243	248	5	3	1	65.05	65.05	65.05
juego1	easy	30.0	0.007	34663	700	243	248	5	3	1	64.99	64.99	64.99
juego1	easy	30.0	0.007	34671	700	243	248	5	3	1	64.97	64.97	64.97
juego1	easy	30.0	0.007	34679	700	243	248	5	3	1	64.91	64.91	64.91
juego1	easy	30.0	0.007	34688	700	243	248	5	3	1	64.8	64.8	64.8
juego1	easy	30.0	0.007	34696	700	244	248	4	3	1	64.75	64.75	64.75
juego1	easy	30.0	0.007	34705	700	244	249	5	3	1	64.67	64.67	64.67
juego1	easy	30.0	0.007	34713	700	244	249	5	3	1	64.61	64.61	64.61
juego1	easy	30.0	0.007	34722	700	244	249	5	3	1	64.57	64.57	64.57
juego1	easy	30.0	0.007	34731	700	244	249	5	3	1	64.5	64.5	64.5
juego1	easy	30.0	0.007	34739	700	244	249	5	3	1	64.4	64.4	64.4
juego1	easy	30.0	0.007	34748	700	244	250	6	3	1	64.29	64.29	64.29
juego1	easy	30.0	0.007	34757	700	244	250	6	3	1	64.22	64.22	64.22
juego1	easy	30.0	0.007	34766	700	244	250	6	3	1	64.11	64.11	64.11
juego1	easy	30.0	0.007	34774	700	244	250	6	3	1	64.01	64.01	64.01
juego1	easy	30.0	0.007	34783	700	244	251	7	3	1	63.89	63.89	63.89
juego1	easy	30.0	0.007	34791	700	244	251	7	3	1	63.82	63.82	63.82
juego1	easy	30.0	0.007	34800	700	244	251	7	3	1	63.68	63.68	63.68
juego1	easy	30.0	0.007	34808	700	244	251	7	3	1	63.57	63.57	63.57
juego1	easy	30.0	0.007	34817	700	244	252	8	3	1	63.52	63.52	63.52
juego1	easy	30.0	0.007	34826	700	244	252	8	3	1	63.44	63.44	63.44
juego1	easy	30.0	0.007	34834	700	245	252	7	3	1	63.32	63.32	63.32
juego1	easy	30.0	0.007	34843	700	245	253	8	3	1	63.17	63.17	63.17
juego1	easy	30.0	0.007	34852	700	245	253	8	3	1	63.08	63.08	63.08
juego1	easy	30.0	0.007	34860	700	245	253	8	3	1	62.83	62.83	62.83
juego1	easy	30.0	0.007	34868	700	245	254	9	3	1	62.61	62.61	62.61
juego1	easy	30.0	0.007	34877	700	245	254	9	3	1	62.54	62.54	62.54
juego1	easy	30.0	0.007	34886	700	245	254	9	3	1	62.44	62.44	62.44
juego1	easy	30.0	0.007	34895	700	245	255	10	3	1	62.3	62.3	62.3
juego1	easy	30.0	0.007	34903	700	245	255	10	3	1	62.16	62.16	62.16
juego1	easy	30.0	0.007	34912	700	245	255	10	3	1	62.12	62.12	62.12
juego1	easy	30.0	0.007	34920	700	245	255	10	3	1	62.06	62.06	62.06
juego1	easy	30.0	0.007	34929	700	246	256	10	3	1	61.95	61.95	61.95
juego1	easy	30.0	0.007	34938	700	246	256	10	3	1	61.83	61.83	61.83
juego1	easy	30.0	0.007	34947	700	246	256	10	3	1	61.77	61.77	61.77
juego1	easy	30.0	0.007	34955	700	246	256	10	3	1	61.67	61.67	61.67
juego1	easy	30.0	0.007	34964	700	246	257	11	3	1	61.59	61.59	61.59
juego1	easy	30.0	0.007	34971	700	246	257	11	3	1	61.52	61.52	61.52
juego1	easy	30.0	0.007	34980	700	246	257	11	3	1	61.43	61.43	61.43
juego1	easy	30.0	0.007	34988	700	246	257	11	3	1	61.34	61.34	61.34
juego1	easy	30.0	0.007	34996	700	246	258	12	3	1	61.14	61.14	61.14
juego1	easy	30.0	0.007	35005	700	247	258	11	3	1	61.08	61.08	61.08
juego1	easy	30.0	0.007	35014	700	247	258	11	3	1	60.95	60.95	60.95
juego1	easy	30.0	0.007	35021	700	247	259	12	3	1	60.86	60.86	60.86
juego1	easy	30.0	0.007	35030	700	247	259	12	3	1	60.74	60.74	60.74
juego1	easy	30.0	0.007	35038	700	247	259	12	3	1	60.57	60.57	60.57
juego1	easy	30.0	0.007	35046	700	247	260	13	3	1	60.49	60.49	60.49
juego1	easy	30.0	0.007	35055	700	247	260	13	3	1	60.31	60.31	60.31
juego1	easy	30.0	0.007	35064	700	247	260	13	3	1	60.15	60.15	60.15
juego1	easy	30.0	0.007	35072	700	248	261	13	3	1	60.07	60.07	60.07
juego1	easy	30.0	0.007	35080	700	248	261	13	3	1	59.92	59.92	59.92
juego1	easy	30.0	0.007	35089	700	248	261	13	3	1	59.76	59.76	59.76
juego1	easy	30.0	0.007	35097	700	248	262	14	3	1	59.68	59.68	59.68
juego1	easy	30.0	0.007	35106	700	248	262	14	3	1	59.51	59.51	59.51
juego1	easy	30.0	0.007	35114	700	248	263	15	3	1	59.32	59.32	59.32
juego1	easy	30.0	0.007	35123	700	248	263	15	3	1	59.23	59.23	59.23
juego1	easy	30.0	0.007	35132	700	248	263	15	3	1	59.01	59.01	59.01
juego1	easy	30.0	0.007	35140	700	249	264	15	3	1	58.74	58.74	58.74
juego1	easy	30.0	0.007	35149	700	249	265	16	3	1	58.42	58.42	58.42
juego1	easy	30.0	0.007	35157	700	249	265	16	3	1	58.26	58.26	58.26
juego1	easy	30.0	0.007	35165	700	249	266	17	3	1	57.97	57.97	57.97
juego1	easy	30.0	0.007	35174	700	249	267	18	3	1	57.66	57.66	57.66
juego1	easy	30.0	0.007	35182	700	249	267	18	3	1	57.51	57.51	57.51
juego1	easy	30.0	0.007	35191	700	249	268	19	3	1	57.24	57.24	57.24
juego1	easy	30.0	0.007	35199	700	250	269	19	3	1	56.97	56.97	56.97
juego1	easy	30.0	0.007	35208	700	250	269	19	3	1	56.83	56.83	56.83
juego1	easy	30.0	0.007	35217	700	250	270	20	3	1	56.52	56.52	56.52
juego1	easy	30.0	0.007	35225	700	250	271	21	3	1	56.25	56.25	56.25
juego1	easy	30.0	0.007	35234	700	250	271	21	3	1	55.98	55.98	55.98
juego1	easy	30.0	0.007	35242	700	250	272	22	3	1	55.87	55.87	55.87
juego1	easy	30.0	0.007	35251	700	251	272	21	3	1	55.62	55.62	55.62
juego1	easy	30.0	0.007	35259	700	251	273	22	3	1	55.39	55.39	55.39
juego1	easy	30.0	0.007	35268	700	251	273	22	3	1	55.26	55.26	55.26
juego1	easy	30.0	0.007	35277	700	251	274	23	3	1	54.99	54.99	54.99
juego1	easy	30.0	0.007	35285	700	251	275	24	3	1	54.72	54.72	54.72
juego1	easy	30.0	0.007	35294	700	251	275	24	3	1	54.46	54.46	54.46
juego1	easy	30.0	0.007	35302	700	252	276	24	3	1	54.34	54.34	54.34
juego1	easy	30.0	0.007	35310	700	252	276	24	3	1	54.03	54.03	54.03
juego1	easy	30.0	0.007	35319	700	252	277	25	3	1	53.84	53.84	53.84
juego1	easy	30.0	0.007	35328	700	252	278	26	3	1	53.42	53.42	53.42
juego1	easy	30.0	0.007	35337	700	252	279	27	3	1	53.01	53.01	53.01
juego1	easy	30.0	0.007	35345	700	252	280	28	3	1	52.68	52.68	52.68
juego1	easy	30.0	0.007	35354	700	253	281	28	3	1	52.44	52.44	52.44
juego1	easy	30.0	0.007	35362	700	253	281	28	3	1	52.35	52.35	52.35
juego1	easy	30.0	0.007	35371	700	253	281	28	3	1	52.14	52.14	52.14
juego1	easy	30.0	0.007	35380	700	253	282	29	3	1	51.91	51.91	51.91
juego1	easy	30.0	0.007	35387	700	253	282	29	3	1	51.79	51.79	51.79
juego1	easy	30.0	0.007	35396	700	254	283	29	3	1	51.64	51.64	51.64
juego1	easy	30.0	0.007	35405	700	254	283	29	3	1	51.48	51.48	51.48
juego1	easy	30.0	0.007	35413	700	254	283	29	3	1	51.36	51.36	51.36
juego1	easy	30.0	0.007	35421	700	254	284	30	3	1	51.11	51.11	51.11
juego1	easy	30.0	0.007	35430	700	254	284	30	3	1	50.96	50.96	50.96
juego1	easy	30.0	0.007	35438	700	255	285	30	3	1	50.89	50.89	50.89
juego1	easy	30.0	0.007	35447	700	255	285	30	3	1	50.73	50.73	50.73
juego1	easy	30.0	0.007	35455	700	255	286	31	3	1	50.51	50.51	50.51
juego1	easy	30.0	0.007	35464	700	255	286	31	3	1	50.39	50.39	50.39
juego1	easy	30.0	0.007	35472	700	255	286	31	3	1	50.22	50.22	50.22
juego1	easy	30.0	0.007	35481	700	256	287	31	3	1	50.12	50.12	50.12
juego1	easy	30.0	0.007	35490	700	256	288	32	3	1	49.76	49.76	49.76
juego1	easy	30.0	0.007	35498	700	256	288	32	3	1	49.68	49.68	49.68
juego1	easy	30.0	0.007	35506	700	256	288	32	3	1	49.62	49.62	49.62
juego1	easy	30.0	0.007	35515	700	256	288	32	3	1	49.52	49.52	49.52
juego1	easy	30.0	0.007	35524	700	257	288	31	3	1	49.39	49.39	49.39
juego1	easy	30.0	0.007	35533	700	257	289	32	3	1	49.32	49.32	49.32
juego1	easy	30.0	0.007	35541	700	257	289	32	3	1	49.25	49.25	49.25
juego1	easy	30.0	0.007	35550	700	257	289	32	3	1	49.14	49.14	49.14
juego1	easy	30.0	0.007	35559	700	257	290	33	3	1	48.97	48.97	48.97
juego1	easy	30.0	0.007	35568	700	258	291	33	3	1	48.38	48.38	48.38
juego1	easy	30.0	0.007	35577	700	258	293	35	3	1	47.75	47.75	47.75
juego1	easy	30.0	0.007	35586	700	258	294	36	3	1	47.44	47.44	47.44
juego1	easy	30.0	0.007	35593	700	258	294	36	3	1	47.39	47.39	47.39
juego1	easy	30.0	0.007	35601	700	259	294	35	3	1	47.36	47.36	47.36
juego1	easy	30.0	0.007	35609	700	259	294	35	3	1	47.3	47.3	47.3
juego1	easy	30.0	0.007	35618	700	259	294	35	3	1	47.25	47.25	47.25
juego1	easy	30.0	0.007	35626	700	259	294	35	3	1	47.14	47.14	47.14
juego1	easy	30.0	0.007	35634	700	259	294	35	3	1	47.12	47.12	47.12
juego1	easy	30.0	0.007	35643	700	260	294	34	3	1	47.09	47.09	47.09
juego1	easy	30.0	0.007	35652	700	260	295	35	3	1	47.02	47.02	47.02
juego1	easy	30.0	0.007	35661	700	260	295	35	3	1	46.94	46.94	46.94
juego1	easy	30.0	0.007	35669	700	260	295	35	3	1	46.92	46.92	46.92
juego1	easy	30.0	0.007	35678	700	261	295	34	3	1	46.94	46.94	46.94
juego1	easy	30.0	0.007	35687	700	261	295	34	3	1	46.95	46.95	46.95
juego1	easy	30.0	0.007	35695	700	261	295	34	3	1	46.94	46.94	46.94
juego1	easy	30.0	0.007	35704	700	261	295	34	3	1	46.98	46.98	46.98
juego1	easy	30.0	0.007	35713	700	262	295	33	3	1	46.99	46.99	46.99
juego1	easy	30.0	0.007	35722	700	262	295	33	3	1	47.01	47.01	47.01
juego1	easy	30.0	0.007	35731	700	262	295	33	3	1	47.08	47.08	47.08
juego1	easy	30.0	0.007	35740	700	262	294	32	3	1	47.19	47.19	47.19
juego1	easy	30.0	0.007	35749	700	262	294	32	3	1	47.27	47.27	47.27
juego1	easy	30.0	0.007	35758	700	263	293	30	3	1	47.5	47.5	47.5
juego1	easy	30.0	0.007	35767	700	263	293	30	3	1	47.78	47.78	47.78
juego1	easy	30.0	0.007	35776	700	263	292	29	3	1	48.06	48.06	48.06
juego1	easy	30.0	0.007	35785	700	263	291	28	3	1	48.3	48.3	48.3
juego1	easy	30.0	0.007	35794	700	264	291	27	3	1	48.42	48.42	48.42
juego1	easy	30.0	0.007	35802	700	264	290	26	3	1	48.65	48.65	48.65
juego1	easy	30.0	0.007	35811	700	264	290	26	3	1	48.92	48.92	48.92
juego1	easy	30.0	0.007	35819	700	264	289	25	3	1	49.08	49.08	49.08
juego1	easy	30.0	0.007	35827	700	265	288	23	3	1	49.55	49.55	49.55
juego1	easy	30.0	0.007	35836	700	265	286	21	3	1	50.28	50.28	50.28
juego1	easy	30.0	0.007	35844	700	265	285	20	3	1	50.72	50.72	50.72
juego1	easy	30.0	0.007	35852	700	265	283	18	3	1	51.63	51.63	51.63
juego1	easy	30.0	0.007	35861	700	266	281	15	3	1	52.4	52.4	52.4
juego1	easy	30.0	0.007	35868	700	266	280	14	3	1	52.69	52.69	52.69
juego1	easy	30.0	0.007	35877	700	266	279	13	3	1	53.07	53.07	53.07
juego1	easy	30.0	0.007	35886	700	266	278	12	3	1	53.32	53.32	53.32
juego1	easy	30.0	0.007	35894	700	267	278	11	3	1	53.43	53.43	53.43
juego1	easy	30.0	0.007	35903	700	267	277	10	3	1	53.63	53.63	53.63
juego1	easy	30.0	0.007	35911	700	267	277	10	3	1	53.8	53.8	53.8
juego1	easy	30.0	0.007	35920	700	267	277	10	3	1	53.86	53.86	53.86
juego1	easy	30.0	0.007	35928	700	268	277	9	3	1	53.96	53.96	53.96
juego1	easy	30.0	0.007	35936	700	268	277	9	3	1	53.97	53.97	53.97
juego1	easy	30.0	0.007	35945	700	268	277	9	3	1	53.96	53.96	53.96
juego1	easy	30.0	0.007	35953	700	268	277	9	3	1	53.93	53.93	53.93
juego1	easy	30.0	0.007	35962	700	269	277	8	3	1	53.95	53.95	53.95
juego1	easy	30.0	0.007	35970	700	269	277	8	3	1	53.97	53.97	53.97
juego1	easy	30.0	0.007	35979	700	269	276	7	3	1	54.0	54.0	54.0
juego1	easy	30.0	0.007	35987	700	269	276	7	3	1	54.01	54.01	54.01
juego1	easy	30.0	0.007	35996	700	270	276	6	3	1	54.04	54.04	54.04
juego1	easy	30.0	0.007	36004	700	270	276	6	3	1	54.06	54.06	54.06
juego1	easy	30.0	0.007	36013	700	270	276	6	3	1	54.11	54.11	54.11
juego1	easy	30.0	0.007	36022	700	271	276	5	3	1	54.13	54.13	54.13
juego1	easy	30.0	0.007	36030	700	271	276	5	3	1	54.14	54.14	54.14
juego1	easy	30.0	0.007	36039	700	271	276	5	3	1	54.17	54.17	54.17
juego1	easy	30.0	0.007	36048	700	271	276	5	3	1	54.21	54.21	54.21
juego1	easy	30.0	0.007	36056	700	272	276	4	3	1	54.24	54.24	54.24
juego1	easy	30.0	0.007	36065	700	272	276	4	3	1	54.23	54.23	54.23
juego1	easy	30.0	0.007	36073	700	272	276	4	3	1	54.15	54.15	54.15
juego1	easy	30.0	0.007	36081	700	272	276	4	3	1	54.03	54.03	54.03
juego1	easy	30.0	0.007	36090	700	273	276	3	3	1	53.99	53.99	53.99
juego1	easy	30.0	0.007	36099	700	273	277	4	3	1	53.91	53.91	53.91
juego1	easy	30.0	0.007	36108	700	273	277	4	3	1	53.8	53.8	53.8
juego1	easy	30.0	0.007	36116	700	273	277	4	3	1	53.62	53.62	53.62
juego1	easy	30.0	0.007	36125	700	274	278	4	3	1	53.49	53.49	53.49
juego1	easy	30.0	0.007	36133	700	274	279	5	3	1	53.18	53.18	53.18
juego1	easy	30.0	0.007	36142	700	274	280	6	3	1	52.81	52.81	52.81
juego1	easy	30.0	0.007	36149	700	275	280	5	3	1	52.61	52.61	52.61
juego1	easy	30.0	0.007	36158	700	275	281	6	3	1	52.2	52.2	52.2
juego1	easy	30.0	0.007	36166	700	275	282	7	3	1	51.82	51.82	51.82
juego1	easy	30.0	0.007	36175	700	275	283	8	3	1	51.63	51.63	51.63
juego1	easy	30.0	0.007	36183	700	276	284	8	3	1	51.26	51.26	51.26
juego1	easy	30.0	0.007	36192	700	276	284	8	3	1	50.92	50.92	50.92
juego1	easy	30.0	0.007	36200	700	276	285	9	3	1	50.79	50.79	50.79
juego1	easy	30.0	0.007	36209	700	276	285	9	3	1	50.57	50.57	50.57
juego1	easy	30.0	0.007	36217	700	277	286	9	3	1	50.37	50.37	50.37
juego1	easy	30.0	0.007	36226	700	277	286	9	3	1	50.18	50.18	50.18
juego1	easy	30.0	0.007	36234	700	277	287	10	3	1	50.1	50.1	50.1
juego1	easy	30.0	0.007	36243	700	278	287	9	3	1	49.98	49.98	49.98
juego1	easy	30.0	0.007	36251	700	278	287	9	3	1	49.89	49.89	49.89
juego1	easy	30.0	0.007	36260	700	278	287	9	3	1	49.85	49.85	49.85
juego1	easy	30.0	0.007	36268	700	278	287	9	3	1	49.77	49.77	49.77
juego1	easy	30.0	0.007	36277	700	279	288	9	3	1	49.65	49.65	49.65
juego1	easy	30.0	0.007	36285	700	279	288	9	3	1	49.57	49.57	49.57
juego1	easy	30.0	0.007	36294	700	279	288	9	3	1	49.4	49.4	49.4
juego1	easy	30.0	0.007	36302	700	280	289	9	3	1	49.26	49.26	49.26
juego1	easy	30.0	0.007	36312	700	280	289	9	3	1	49.13	49.13	49.13
juego1	easy	30.0	0.007	36320	700	280	289	9	3	1	49.07	49.07	49.07
juego1	easy	30.0	0.007	36328	700	280	290	10	3	1	48.98	48.98	48.98
juego1	easy	30.0	0.007	36337	700	281	290	9	3	1	48.9	48.9	48.9
juego1	easy	30.0	0.007	36346	700	281	290	9	3	1	48.86	48.86	48.86
juego1	easy	30.0	0.007	36354	700	281	290	9	3	1	48.75	48.75	48.75
juego1	easy	30.0	0.007	36362	700	281	290	9	3	1	48.64	48.64	48.64
juego1	easy	30.0	0.007	36371	700	282	291	9	3	1	48.51	48.51	48.51
juego1	easy	30.0	0.007	36380	700	282	291	9	3	1	48.44	48.44	48.44
juego1	easy	30.0	0.007	36388	700	282	291	9	3	1	48.44	48.44	48.44
juego1	easy	30.0	0.007	36397	700	283	292	9	3	1	48.09	48.09	48.09
juego1	easy	30.0	0.007	36406	700	283	292	9	3	1	48.0	48.0	48.0
juego1	easy	30.0	0.007	36413	700	283	293	10	3	1	47.81	47.81	47.81
juego1	easy	30.0	0.007	36422	700	284	293	9	3	1	47.62	47.62	47.62
juego1	easy	30.0	0.007	36431	700	284	293	9	3	1	47.54	47.54	47.54
juego1	easy	30.0	0.007	36439	700	284	294	10	3	1	47.39	47.39	47.39
juego1	easy	30.0	0.007	36447	700	285	294	9	3	1	47.29	47.29	47.29
juego1	easy	30.0	0.007	36456	700	285	294	9	3	1	47.27	47.27	47.27
juego1	easy	30.0	0.007	36465	700	285	294	9	3	1	47.21	47.21	47.21
juego1	easy	30.0	0.007	36474	700	286	294	8	3	1	47.13	47.13	47.13
juego1	easy	30.0	0.007	36481	700	286	295	9	3	1	47.06	47.06	47.06
juego1	easy	30.0	0.007	36490	700	286	295	9	3	1	46.93	46.93	46.93
juego1	easy	30.0	0.007	36499	700	287	295	8	3	1	46.79	46.79	46.79
juego1	easy	30.0	0.007	36507	700	287	296	9	3	1	46.63	46.63	46.63
juego1	easy	30.0	0.007	36516	700	288	296	8	3	1	46.56	46.56	46.56
juego1	easy	30.0	0.007	36525	700	288	296	8	3	1	46.39	46.39	46.39
juego1	easy	30.0	0.007	36533	700	288	297	9	3	1	46.23	46.23	46.23
juego1	easy	30.0	0.007	36542	700	289	297	8	3	1	46.08	46.08	46.08
juego1	easy	30.0	0.007	36550	700	289	297	8	3	1	46.02	46.02	46.02
juego1	easy	30.0	0.007	36559	700	289	298	9	3	1	45.85	45.85	45.85
juego1	easy	30.0	0.007	36568	700	290	298	8	3	1	45.66	45.66	45.66
juego1	easy	30.0	0.007	36576	700	290	298	8	3	1	45.57	45.57	45.57
juego1	easy	30.0	0.007	36585	700	290	299	9	3	1	45.4	45.4	45.4
juego1	easy	30.0	0.007	36594	700	291	300	9	3	1	45.13	45.13	45.13
juego1	easy	30.0	0.007	36603	700	291	300	9	3	1	44.84	44.84	44.84
juego1	easy	30.0	0.007	36611	700	291	300	9	3	1	44.73	44.73	44.73
juego1	easy	30.0	0.007	36620	700	292	300	8	3	1	44.63	44.63	44.63
juego1	easy	30.0	0.007	36629	700	292	300	8	3	1	44.47	44.47	44.47
juego1	easy	30.0	0.007	36637	700	292	301	9	3	1	44.25	44.25	44.25
juego1	easy	30.0	0.007	36646	700	293	301	8	3	1	44.13	44.13	44.13
juego1	easy	30.0	0.007	36654	700	293	302	9	3	1	43.97	43.97	43.97
juego1	easy	30.0	0.007	36663	700	293	302	9	3	1	43.83	43.83	43.83
juego1	easy	30.0	0.007	36670	700	294	302	8	3	1	43.76	43.76	43.76
juego1	easy	30.0	0.007	36679	700	294	302	8	3	1	43.66	43.66	43.66
juego1	easy	30.0	0.007	36686	700	294	303	9	3	1	43.62	43.62	43.62
juego1	easy	30.0	0.007	36694	700	295	303	8	3	1	43.54	43.54	43.54
juego1	easy	30.0	0.007	36703	700	295	303	8	3	1	43.45	43.45	43.45
juego1	easy	30.0	0.007	36711	700	295	303	8	3	1	43.37	43.37	43.37
juego1	easy	30.0	0.007	36719	700	296	304	8	3	1	43.22	43.22	43.22
juego1	easy	30.0	0.007	36728	700	296	304	8	3	1	43.15	43.15	43.15
juego1	easy	30.0	0.007	36736	700	296	304	8	3	1	43.1	43.1	43.1
juego1	easy	30.0	0.007	36744	700	297	304	7	3	1	43.0	43.0	43.0
juego1	easy	30.0	0.007	36753	700	297	305	8	3	1	42.83	42.83	42.83
juego1	easy	30.0	0.007	36761	700	298	305	7	3	1	42.7	42.7	42.7
juego1	easy	30.0	0.007	36770	700	298	305	7	3	1	42.52	42.52	42.52
juego1	easy	30.0	0.007	36778	700	298	306	8	3	1	42.33	42.33	42.33
juego1	easy	30.0	0.007	36788	700	299	307	8	3	1	42.06	42.06	42.06
juego1	easy	30.0	0.007	36795	700	299	307	8	3	1	41.89	41.89	41.89
juego1	easy	30.0	0.007	36804	700	299	308	9	3	1	41.57	41.57	41.57
juego1	easy	30.0	0.007	36813	700	300	309	9	3	1	41.23	41.23	41.23
juego1	easy	30.0	0.007	36821	700	300	309	9	3	1	41.07	41.07	41.07
juego1	easy	30.0	0.007	36830	700	300	310	10	3	1	40.76	40.76	40.76
juego1	easy	30.0	0.007	36838	700	300	311	11	3	1	40.55	40.55	40.55
juego1	easy	30.0	0.007	36847	700	300	311	11	3	1	40.49	40.49	40.49
juego1	easy	30.0	0.007	36856	700	300	311	11	3	1	40.41	40.41	40.41
juego1	easy	30.0	0.007	36864	700	300	311	11	3	1	40.29	40.29	40.29
juego1	easy	30.0	0.007	36873	700	301	312	11	3	1	40.13	40.13	40.13
juego1	easy	30.0	0.007	36882	700	301	312	11	3	1	40.04	40.04	40.04
juego1	easy	30.0	0.007	36890	700	301	312	11	3	1	39.91	39.91	39.91
juego1	easy	30.0	0.007	36899	700	302	313	11	3	1	39.76	39.76	39.76
juego1	easy	30.0	0.007	36906	700	302	313	11	3	1	39.68	39.68	39.68
juego1	easy	30.0	0.007	36915	700	302	313	11	3	1	39.52	39.52	39.52
juego1	easy	30.0	0.007	36923	700	303	314	11	3	1	39.41	39.41	39.41
juego1	easy	30.0	0.007	36932	700	303	314	11	3	1	39.36	39.36	39.36
juego1	easy	30.0	0.007	36940	700	303	314	11	3	1	39.26	39.26	39.26
juego1	easy	30.0	0.007	36949	700	304	314	10	3	1	39.12	39.12	39.12
juego1	easy	30.0	0.007	36958	700	304	315	11	3	1	38.93	38.93	38.93
juego1	easy	30.0	0.007	36966	700	304	315	11	3	1	38.82	38.82	38.82
juego1	easy	30.0	0.007	36975	700	305	316	11	3	1	38.62	38.62	38.62
juego1	easy	30.0	0.007	36982	700	305	316	11	3	1	38.58	38.58	38.58
juego1	easy	30.0	0.007	36990	700	305	316	11	3	1	38.53	38.53	38.53
juego1	easy	30.0	0.007	36999	700	306	316	10	3	1	38.42	38.42	38.42
juego1	easy	30.0	0.007	37007	700	306	316	10	3	1	38.35	38.35	38.35
juego1	easy	30.0	0.007	37016	700	306	317	11	3	1	38.21	38.21	38.21
juego1	easy	30.0	0.007	37025	700	307	317	10	3	1	38.14	38.14	38.14
juego1	easy	30.0	0.007	37032	700	307	317	10	3	1	38.12	38.12	38.12
juego1	easy	30.0	0.007	37041	700	307	317	10	3	1	38.07	38.07	38.07
juego1	easy	30.0	0.007	37050	700	307	317	10	3	1	38.0	38.0	38.0
juego1	easy	30.0	0.007	37058	700	308	317	9	3	1	37.92	37.92	37.92
juego1	easy	30.0	0.007	37067	700	308	317	9	3	1	37.9	37.9	37.9
juego1	easy	30.0	0.007	37075	700	308	318	10	3	1	37.85	37.85	37.85
juego1	easy	30.0	0.007	37084	700	309	318	9	3	1	37.78	37.78	37.78
juego1	easy	30.0	0.007	37093	700	309	318	9	3	1	37.66	37.66	37.66
juego1	easy	30.0	0.007	37100	700	309	318	9	3	1	37.6	37.6	37.6
juego1	easy	30.0	0.007	37109	700	310	318	8	3	1	37.55	37.55	37.55
juego1	easy	30.0	0.007	37117	700	310	318	8	3	1	37.52	37.52	37.52
juego1	easy	30.0	0.007	37125	700	310	319	9	3	1	37.41	37.41	37.41
juego1	easy	30.0	0.007	37134	700	310	319	9	3	1	37.26	37.26	37.26
juego1	easy	30.0	0.007	37142	700	311	319	8	3	1	37.23	37.23	37.23
juego1	easy	30.0	0.007	37151	700	311	319	8	3	1	37.21	37.21	37.21
juego1	easy	30.0	0.007	37160	700	311	319	8	3	1	37.17	37.17	37.17
juego1	easy	30.0	0.007	37169	700	312	320	8	3	1	37.1	37.1	37.1
juego1	easy	30.0	0.007	37176	700	312	320	8	3	1	37.06	37.06	37.06
juego1	easy	30.0	0.007	37185	700	312	320	8	3	1	37.03	37.03	37.03
juego1	easy	30.0	0.007	37194	700	312	320	8	3	1	37.03	37.03	37.03
juego1	easy	30.0	0.007	37202	700	313	320	7	3	1	37.02	37.02	37.02
juego1	easy	30.0	0.007	37211	700	313	320	7	3	1	36.94	36.94	36.94
juego1	easy	30.0	0.007	37219	700	313	320	7	3	1	36.85	36.85	36.85
juego1	easy	30.0	0.007	37228	700	313	320	7	3	1	36.8	36.8	36.8
juego1	easy	30.0	0.007	37237	700	314	321	7	3	1	36.72	36.72	36.72
juego1	easy	30.0	0.007	37245	700	314	321	7	3	1	36.63	36.63	36.63
juego1	easy	30.0	0.007	37254	700	314	321	7	3	1	36.51	36.51	36.51
juego1	easy	30.0	0.007	37262	700	315	321	6	3	1	36.44	36.44	36.44
juego1	easy	30.0	0.007	37271	700	315	322	7	3	1	36.33	36.33	36.33
juego1	easy	30.0	0.007	37279	700	315	322	7	3	1	36.22	36.22	36.22
juego1	easy	30.0	0.007	37288	700	315	322	7	3	1	36.16	36.16	36.16
juego1	easy	30.0	0.007	37297	700	316	322	6	3	1	36.05	36.05	36.05
juego1	easy	30.0	0.007	37306	700	316	323	7	3	1	35.94	35.94	35.94
juego1	easy	30.0	0.007	37313	700	316	323	7	3	1	35.88	35.88	35.88
juego1	easy	30.0	0.007	37322	700	316	323	7	3	1	35.77	35.77	35.77
juego1	easy	30.0	0.007	37331	700	317	323	6	3	1	35.64	35.64	35.64
juego1	easy	30.0	0.007	37339	700	317	324	7	3	1	35.51	35.51	35.51
juego1	easy	30.0	0.007	37348	700	317	324	7	3	1	35.45	35.45	35.45
juego1	easy	30.0	0.007	37357	700	317	324	7	3	1	35.33	35.33	35.33
juego1	easy	30.0	0.007	37366	700	318	324	6	3	1	35.21	35.21	35.21
juego1	easy	30.0	0.007	37374	700	318	325	7	3	1	35.09	35.09	35.09
juego1	easy	30.0	0.007	37383	700	318	325	7	3	1	35.03	35.03	35.03
juego1	easy	30.0	0.007	37392	700	318	325	7	3	1	34.89	34.89	34.89
juego1	easy	30.0	0.007	37401	700	319	326	7	3	1	34.76	34.76	34.76
juego1	easy	30.0	0.007	37410	700	319	326	7	3	1	34.71	34.71	34.71
juego1	easy	30.0	0.007	37417	700	319	326	7	3	1	34.67	34.67	34.67
juego1	easy	30.0	0.007	37426	700	319	326	7	3	1	34.52	34.52	34.52
juego1	easy	30.0	0.007	37434	700	320	327	7	3	1	34.34	34.34	34.34
juego1	easy	30.0	0.007	37442	700	320	327	7	3	1	34.28	34.28	34.28
juego1	easy	30.0	0.007	37451	700	320	327	7	3	1	34.2	34.2	34.2
juego1	easy	30.0	0.007	37460	700	320	327	7	3	1	34.13	34.13	34.13
juego1	easy	30.0	0.007	37467	700	320	327	7	3	1	34.1	34.1	34.1
juego1	easy	30.0	0.007	37476	700	321	328	7	3	1	33.97	33.97	33.97
juego1	easy	30.0	0.007	37485	700	321	328	7	3	1	33.84	33.84	33.84
juego1	easy	30.0	0.007	37492	700	321	328	7	3	1	33.79	33.79	33.79
juego1	easy	30.0	0.007	37501	700	321	328	7	3	1	33.72	33.72	33.72
juego1	easy	30.0	0.007	37510	700	322	329	7	3	1	33.64	33.64	33.64
juego1	easy	30.0	0.007	37517	700	322	329	7	3	1	33.59	33.59	33.59
juego1	easy	30.0	0.007	37526	700	322	329	7	3	1	33.47	33.47	33.47
juego1	easy	30.0	0.007	37535	700	322	329	7	3	1	33.36	33.36	33.36
juego1	easy	30.0	0.007	37545	700	322	330	8	3	1	33.28	33.28	33.28
juego1	easy	30.0	0.007	37552	700	323	330	7	3	1	33.25	33.25	33.25
juego1	easy	30.0	0.007	37561	700	323	330	7	3	1	33.17	33.17	33.17
juego1	easy	30.0	0.007	37569	700	323	330	7	3	1	33.1	33.1	33.1
juego1	easy	30.0	0.007	37577	700	323	330	7	3	1	33.08	33.08	33.08
juego1	easy	30.0	0.007	37586	700	323	330	7	3	1	33.04	33.04	33.04
juego1	easy	30.0	0.007	37595	700	324	330	6	3	1	33.01	33.01	33.01
juego1	easy	30.0	0.007	37603	700	324	330	6	3	1	32.99	32.99	32.99
juego1	easy	30.0	0.007	37612	700	324	330	6	3	1	32.95	32.95	32.95
juego1	easy	30.0	0.007	37620	700	324	330	6	3	1	32.91	32.91	32.91
juego1	easy	30.0	0.007	37629	700	324	331	7	3	1	32.87	32.87	32.87
juego1	easy	30.0	0.007	37637	700	325	331	6	3	1	32.82	32.82	32.82
juego1	easy	30.0	0.007	37644	700	325	331	6	3	1	32.78	32.78	32.78
juego1	easy	30.0	0.007	37653	700	325	331	6	3	1	32.69	32.69	32.69
juego1	easy	30.0	0.007	37661	700	325	331	6	3	1	32.63	32.63	32.63
juego1	easy	30.0	0.007	37670	700	325	331	6	3	1	32.56	32.56	32.56
juego1	easy	30.0	0.007	37678	700	325	331	6	3	1	32.52	32.52	32.52
juego1	easy	30.0	0.007	37687	700	326	332	6	3	1	32.45	32.45	32.45
juego1	easy	30.0	0.007	37695	700	326	332	6	3	1	32.38	32.38	32.38
juego1	easy	30.0	0.007	37703	700	326	332	6	3	1	32.35	32.35	32.35
juego1	easy	30.0	0.007	37711	700	326	332	6	3	1	32.31	32.31	32.31
juego1	easy	30.0	0.007	37720	700	326	332	6	3	1	32.27	32.27	32.27
juego1	easy	30.0	0.007	37728	700	326	332	6	3	1	32.25	32.25	32.25
juego1	easy	30.0	0.007	37737	700	327	332	5	3	1	32.22	32.22	32.22
juego1	easy	30.0	0.007	37745	700	327	332	5	3	1	32.19	32.19	32.19
juego1	easy	30.0	0.007	37754	700	327	332	5	3	1	32.17	32.17	32.17
juego1	easy	30.0	0.007	37763	700	327	333	6	3	1	32.12	32.12	32.12
juego1	easy	30.0	0.007	37772	700	327	333	6	3	1	32.07	32.07	32.07
juego1	easy	30.0	0.007	37779	700	327	333	6	3	1	32.02	32.02	32.02
juego1	easy	30.0	0.007	37789	700	327	333	6	3	1	31.93	31.93	31.93
juego1	easy	30.0	0.007	37797	700	328	333	5	3	1	31.88	31.88	31.88
juego1	easy	30.0	0.007	37804	700	328	333	5	3	1	31.89	31.89	31.89
juego1	easy	30.0	0.007	37813	700	328	333	5	3	1	31.86	31.86	31.86
juego1	easy	30.0	0.007	37821	700	328	333	5	3	1	31.81	31.81	31.81
juego1	easy	30.0	0.007	37830	700	328	333	5	3	1	31.77	31.77	31.77
juego1	easy	30.0	0.007	37838	700	328	334	6	3	1	31.75	31.75	31.75
juego1	easy	30.0	0.007	37847	700	328	334	6	3	1	31.73	31.73	31.73
juego1	easy	30.0	0.007	37856	700	329	334	5	3	1	31.71	31.71	31.71
juego1	easy	30.0	0.007	37864	700	329	334	5	3	1	31.68	31.68	31.68
juego1	easy	30.0	0.007	37873	700	329	334	5	3	1	31.63	31.63	31.63
juego1	easy	30.0	0.007	37881	700	329	334	5	3	1	31.58	31.58	31.58
juego1	easy	30.0	0.007	37890	700	329	334	5	3	1	31.56	31.56	31.56
juego1	easy	30.0	0.007	37898	700	329	334	5	3	1	31.5	31.5	31.5
juego1	easy	30.0	0.007	37907	700	329	334	5	3	1	31.41	31.41	31.41
juego1	easy	30.0	0.007	37916	700	329	335	6	3	1	31.35	31.35	31.35
juego1	easy	30.0	0.007	37924	700	330	335	5	3	1	31.32	31.32	31.32
juego1	easy	30.0	0.007	37932	700	330	335	5	3	1	31.24	31.24	31.24
juego1	easy	30.0	0.007	37941	700	330	335	5	3	1	31.15	31.15	31.15
juego1	easy	30.0	0.007	37949	700	330	335	5	3	1	31.1	31.1	31.1
juego1	easy	30.0	0.007	37957	700	330	335	5	3	1	31.03	31.03	31.03
juego1	easy	30.0	0.007	37966	700	330	336	6	3	1	30.94	30.94	30.94
juego1	easy	30.0	0.007	37975	700	330	336	6	3	1	30.88	30.88	30.88
juego1	easy	30.0	0.007	37982	700	330	336	6	3	1	30.77	30.77	30.77
juego1	easy	30.0	0.007	37991	700	330	336	6	3	1	30.66	30.66	30.66
juego1	easy	30.0	0.007	37999	700	330	336	6	3	1	30.61	30.61	30.61
juego1	easy	30.0	0.007	38007	700	330	337	7	3	1	30.49	30.49	30.49
juego1	easy	30.0	0.007	38016	700	331	337	6	3	1	30.37	30.37	30.37
juego1	easy	30.0	0.007	38024	700	331	337	6	3	1	30.32	30.32	30.32
juego1	easy	30.0	0.007	38033	700	331	337	6	3	1	30.28	30.28	30.28
juego1	easy	30.0	0.007	38041	700	331	337	6	3	1	30.26	30.26	30.26
juego1	easy	30.0	0.007	38050	700	331	338	7	3	1	30.19	30.19	30.19
juego1	easy	30.0	0.007	38059	700	331	338	7	3	1	29.98	29.98	29.98
juego1	easy	30.0	0.007	38067	700	331	338	7	3	1	29.91	29.91	29.91
juego1	easy	30.0	0.007	38076	700	331	338	7	3	1	29.93	29.93	29.93
juego1	easy	30.0	0.007	38085	700	331	338	7	3	1	29.89	29.89	29.89
juego1	easy	30.0	0.007	38094	700	331	339	8	3	1	29.69	29.69	29.69
juego1	easy	30.0	0.007	38103	700	331	339	8	3	1	29.49	29.49	29.49
juego1	easy	30.0	0.007	38111	700	331	339	8	3	1	29.53	29.53	29.53
juego1	easy	30.0	0.007	38119	700	331	339	8	3	1	29.54	29.54	29.54
juego1	easy	30.0	0.007	38128	700	331	339	8	3	1	29.48	29.48	29.48
juego1	easy	30.0	0.007	38137	700	331	340	9	3	1	29.31	29.31	29.31
juego1	easy	30.0	0.007	38145	700	331	340	9	3	1	29.21	29.21	29.21
juego1	easy	30.0	0.007	38154	700	332	340	8	3	1	29.13	29.13	29.13
juego1	easy	30.0	0.007	38162	700	332	340	8	3	1	29.12	29.12	29.12
juego1	easy	30.0	0.007	38171	700	332	340	8	3	1	29.07	29.07	29.07
juego1	easy	30.0	0.007	38179	700	332	341	9	3	1	29.03	29.03	29.03
juego1	easy	30.0	0.007	38188	700	332	341	9	3	1	28.95	28.95	28.95
juego1	easy	30.0	0.007	38196	700	332	341	9	3	1	28.87	28.87	28.87
juego1	easy	30.0	0.007	38204	700	332	341	9	3	1	28.84	28.84	28.84
juego1	easy	30.0	0.007	38213	700	332	341	9	3	1	28.78	28.78	28.78
juego1	easy	30.0	0.007	38221	700	332	341	9	3	1	28.73	28.73	28.73
juego1	easy	30.0	0.007	38229	700	332	341	9	3	1	28.71	28.71	28.71
juego1	easy	30.0	0.007	38238	700	332	342	10	3	1	28.66	28.66	28.66
juego1	easy	30.0	0.007	38247	700	332	342	10	3	1	28.63	28.63	28.63
juego1	easy	30.0	0.007	38255	700	332	342	10	3	1	28.59	28.59	28.59
juego1	easy	30.0	0.007	38263	700	332	342	10	3	1	28.56	28.56	28.56
juego1	easy	30.0	0.007	38272	700	332	342	10	3	1	28.57	28.57	28.57
juego1	easy	30.0	0.007	38281	700	332	342	10	3	1	28.6	28.6	28.6
juego1	easy	30.0	0.007	38289	700	332	342	10	3	1	28.6	28.6	28.6
juego1	easy	30.0	0.007	38298	700	332	342	10	3	1	28.6	28.6	28.6
juego1	easy	30.0	0.007	38306	700	332	342	10	3	1	28.57	28.57	28.57
juego1	easy	30.0	0.007	38315	700	332	342	10	3	1	28.55	28.55	28.55
juego1	easy	30.0	0.007	38324	700	332	342	10	3	1	28.54	28.54	28.54
juego1	easy	30.0	0.007	38332	700	332	342	10	3	1	28.52	28.52	28.52
juego1	easy	30.0	0.007	38341	700	332	342	10	3	1	28.49	28.49	28.49
juego1	easy	30.0	0.007	38349	700	332	342	10	3	1	28.46	28.46	28.46
juego1	easy	30.0	0.007	38357	700	332	342	10	3	1	28.39	28.39	28.39
juego1	easy	30.0	0.007	38366	700	332	342	10	3	1	28.32	28.32	28.32
juego1	easy	30.0	0.007	38375	700	332	343	11	3	1	28.28	28.28	28.28
juego1	easy	30.0	0.007	38382	700	332	343	11	3	1	28.2	28.2	28.2
juego1	easy	30.0	0.007	38391	700	332	343	11	3	1	28.16	28.16	28.16
juego1	easy	30.0	0.007	38399	700	332	343	11	3	1	28.07	28.07	28.07
juego1	easy	30.0	0.007	38407	700	332	343	11	3	1	28.0	28.0	28.0
juego1	easy	30.0	0.007	38416	700	332	343	11	3	1	27.94	27.94	27.94
juego1	easy	30.0	0.007	38425	700	332	344	12	3	1	27.91	27.91	27.91
juego1	easy	30.0	0.007	38433	700	332	344	12	3	1	27.85	27.85	27.85
juego1	easy	30.0	0.007	38442	700	332	344	12	3	1	27.81	27.81	27.81
juego1	easy	30.0	0.007	38450	700	332	344	12	3	1	27.79	27.79	27.79
juego1	easy	30.0	0.007	38459	700	331	344	13	3	1	27.78	27.78	27.78
juego1	easy	30.0	0.007	38467	700	331	344	13	3	1	27.77	27.77	27.77
juego1	easy	30.0	0.007	38476	700	331	344	13	3	1	27.75	27.75	27.75
juego1	easy	30.0	0.007	38485	700	331	344	13	3	1	27.75	27.75	27.75
juego1	easy	30.0	0.007	38493	700	331	344	13	3	1	27.75	27.75	27.75
juego1	easy	30.0	0.007	38502	700	331	344	13	3	1	27.79	27.79	27.79
juego1	easy	30.0	0.007	38510	700	331	344	13	3	1	27.8	27.8	27.8
juego1	easy	30.0	0.007	38519	700	331	344	13	3	1	27.86	27.86	27.86
juego1	easy	30.0	0.007	38527	700	331	343	12	3	1	27.94	27.94	27.94
juego1	easy	30.0	0.007	38536	700	331	343	12	3	1	28.0	28.0	28.0
juego1	easy	30.0	0.007	38545	700	331	343	12	3	1	28.11	28.11	28.11
juego1	easy	30.0	0.007	38554	700	331	343	12	3	1	28.2	28.2	28.2
juego1	easy	30.0	0.007	38562	700	331	343	12	3	1	28.27	28.27	28.27
juego1	easy	30.0	0.007	38571	700	331	342	11	3	1	28.39	28.39	28.39
juego1	easy	30.0	0.007	38579	700	331	342	11	3	1	28.46	28.46	28.46
juego1	easy	30.0	0.007	38588	700	330	341	11	3	1	28.69	28.69	28.69
juego1	easy	30.0	0.007	38596	700	330	341	11	3	1	28.81	28.81	28.81
juego1	easy	30.0	0.007	38605	700	330	341	11	3	1	29.06	29.06	29.06
juego1	easy	30.0	0.007	38614	700	330	340	10	3	1	29.32	29.32	29.32
juego1	easy	30.0	0.007	38621	700	330	340	10	3	1	29.44	29.44	29.44
juego1	easy	30.0	0.007	38630	700	330	339	9	3	1	29.65	29.65	29.65
juego1	easy	30.0	0.007	38639	700	330	339	9	3	1	29.83	29.83	29.83
juego1	easy	30.0	0.007	38647	700	330	338	8	3	1	30.03	30.03	30.03
juego1	easy	30.0	0.007	38656	700	330	338	8	3	1	30.13	30.13	30.13
juego1	easy	30.0	0.007	38665	700	330	337	7	3	1	30.36	30.36	30.36
juego1	easy	30.0	0.007	38673	700	330	337	7	3	1	30.56	30.56	30.56
juego1	easy	30.0	0.007	38682	700	329	336	7	3	1	30.77	30.77	30.77
juego1	easy	30.0	0.007	38690	700	329	336	7	3	1	30.89	30.89	30.89
juego1	easy	30.0	0.007	38699	700	329	335	6	3	1	31.13	31.13	31.13
juego1	easy	30.0	0.007	38707	700	329	335	6	3	1	31.32	31.32	31.32
juego1	easy	30.0	0.007	38716	700	329	334	5	3	1	31.38	31.38	31.38
juego1	easy	30.0	0.007	38724	700	329	334	5	3	1	31.52	31.52	31.52
juego1	easy	30.0	0.007	38733	700	329	334	5	3	1	31.65	31.65	31.65
juego1	easy	30.0	0.007	38742	700	329	333	4	3	1	31.77	31.77	31.77
juego1	easy	30.0	0.007	38749	700	328	333	5	3	1	31.81	31.81	31.81
juego1	easy	30.0	0.007	38758	700	328	333	5	3	1	31.9	31.9	31.9
juego1	easy	30.0	0.007	38766	700	328	333	5	3	1	31.95	31.95	31.95
juego1	easy	30.0	0.007	38775	700	328	333	5	3	1	32.04	32.04	32.04
juego1	easy	30.0	0.007	38783	700	328	333	5	3	1	32.12	32.12	32.12
juego1	easy	30.0	0.007	38792	700	328	332	4	3	1	32.14	32.14	32.14
juego1	easy	30.0	0.007	38801	700	328	332	4	3	1	32.17	32.17	32.17
juego1	easy	30.0	0.007	38810	700	328	332	4	3	1	32.23	32.23	32.23
juego1	easy	30.0	0.007	38819	700	327	332	5	3	1	32.31	32.31	32.31
juego1	easy	30.0	0.007	38828	700	327	332	5	3	1	32.38	32.38	32.38
juego1	easy	30.0	0.007	38836	700	327	332	5	3	1	32.41	32.41	32.41
juego1	easy	30.0	0.007	38845	700	327	332	5	3	1	32.44	32.44	32.44
juego1	easy	30.0	0.007	38853	700	327	332	5	3	1	32.46	32.46	32.46
juego1	easy	30.0	0.007	38862	700	327	332	5	3	1	32.48	32.48	32.48
juego1	easy	30.0	0.007	38871	700	326	332	6	3	1	32.51	32.51	32.51
juego1	easy	30.0	0.007	38879	700	326	331	5	3	1	32.55	32.55	32.55
juego1	easy	30.0	0.007	38888	700	326	331	5	3	1	32.59	32.59	32.59
juego1	easy	30.0	0.007	38897	700	326	331	5	3	1	32.7	32.7	32.7
juego1	easy	30.0	0.007	38906	700	326	331	5	3	1	32.84	32.84	32.84
juego1	easy	30.0	0.007	38915	700	326	331	5	3	1	32.89	32.89	32.89
juego1	easy	30.0	0.007	38923	700	325	330	5	3	1	32.95	32.95	32.95
juego1	easy	30.0	0.007	38932	700	325	330	5	3	1	32.98	32.98	32.98
juego1	easy	30.0	0.007	38940	700	325	330	5	3	1	33.08	33.08	33.08
juego1	easy	30.0	0.007	38949	700	325	330	5	3	1	33.2	33.2	33.2
juego1	easy	30.0	0.007	38958	700	325	329	4	3	1	33.31	33.31	33.31
juego1	easy	30.0	0.007	38966	700	325	329	4	3	1	33.37	33.37	33.37
juego1	easy	30.0	0.007	38975	700	324	329	5	3	1	33.55	33.55	33.55
juego1	easy	30.0	0.007	38983	700	324	328	4	3	1	33.76	33.76	33.76
juego1	easy	30.0	0.007	38992	700	324	328	4	3	1	33.86	33.86	33.86
juego1	easy	30.0	0.007	39001	700	324	327	3	3	1	34.06	34.06	34.06
juego1	easy	30.0	0.007	39009	700	324	327	3	3	1	34.26	34.26	34.26
juego1	easy	30.0	0.007	39018	700	323	326	3	3	1	34.5	34.5	34.5
juego1	easy	30.0	0.007	39027	700	323	326	3	3	1	34.62	34.62	34.62
juego1	easy	30.0	0.007	39035	700	323	325	2	3	1	34.85	34.85	34.85
juego1	easy	30.0	0.007	39044	700	323	325	2	3	1	35.03	35.03	35.03
juego1	easy	30.0	0.007	39052	700	323	325	2	3	1	35.1	35.1	35.1
juego1	easy	30.0	0.007	39061	700	322	324	2	3	1	35.27	35.27	35.27
juego1	easy	30.0	0.007	39069	700	322	324	2	3	1	35.47	35.47	35.47
juego1	easy	30.0	0.007	39078	700	322	323	1	3	1	35.67	35.67	35.67
juego1	easy	30.0	0.007	39086	700	322	323	1	3	1	35.76	35.76	35.76
juego1	easy	30.0	0.007	39095	700	322	323	1	3	1	35.94	35.94	35.94
juego1	easy	30.0	0.007	39103	700	321	322	1	3	1	36.12	36.12	36.12
juego1	easy	30.0	0.007	39112	700	321	322	1	3	1	36.2	36.2	36.2
juego1	easy	30.0	0.007	39121	700	321	321	0	3	1	36.36	36.36	36.36
juego1	easy	30.0	0.007	39129	700	321	321	0	3	1	36.67	36.67	36.67
juego1	easy	30.0	0.007	39137	700	321	320	-1	3	1	36.87	36.87	36.87
juego1	easy	30.0	0.007	39146	700	320	319	-1	3	1	37.22	37.22	37.22
juego1	easy	30.0	0.007	39155	700	320	319	-1	3	1	37.34	37.34	37.34
juego1	easy	30.0	0.007	39164	700	320	318	-2	3	1	37.51	37.51	37.51
juego1	easy	30.0	0.007	39172	700	320	318	-2	3	1	37.62	37.62	37.62
juego1	easy	30.0	0.007	39181	700	319	318	-1	3	1	37.87	37.87	37.87
juego1	easy	30.0	0.007	39190	700	319	317	-2	3	1	37.97	37.97	37.97
juego1	easy	30.0	0.007	39198	700	319	317	-2	3	1	38.03	38.03	38.03
juego1	easy	30.0	0.007	39207	700	319	317	-2	3	1	38.09	38.09	38.09
juego1	easy	30.0	0.007	39216	700	318	317	-1	3	1	38.25	38.25	38.25
juego1	easy	30.0	0.007	39225	700	318	316	-2	3	1	38.42	38.42	38.42
juego1	easy	30.0	0.007	39234	700	318	316	-2	3	1	38.52	38.52	38.52
juego1	easy	30.0	0.007	39241	700	318	316	-2	3	1	38.57	38.57	38.57
juego1	easy	30.0	0.007	39250	700	317	315	-2	3	1	38.76	38.76	38.76
juego1	easy	30.0	0.007	39257	700	317	315	-2	3	1	38.91	38.91	38.91
juego1	easy	30.0	0.007	39266	700	317	314	-3	3	1	39.22	39.22	39.22
juego1	easy	30.0	0.007	39275	700	317	314	-3	3	1	39.31	39.31	39.31
juego1	easy	30.0	0.007	39282	700	316	314	-2	3	1	39.34	39.34	39.34
juego1	easy	30.0	0.007	39291	700	316	313	-3	3	1	39.46	39.46	39.46
juego1	easy	30.0	0.007	39299	700	316	313	-3	3	1	39.65	39.65	39.65
juego1	easy	30.0	0.007	39308	700	316	313	-3	3	1	39.74	39.74	39.74
juego1	easy	30.0	0.007	39317	700	315	313	-2	3	1	39.79	39.79	39.79
juego1	easy	30.0	0.007	39325	700	315	313	-2	3	1	39.79	39.79	39.79
juego1	easy	30.0	0.007	39334	700	315	312	-3	3	1	39.86	39.86	39.86
juego1	easy	30.0	0.007	39342	700	315	312	-3	3	1	39.92	39.92	39.92
juego1	easy	30.0	0.007	39351	700	314	312	-2	3	1	40.01	40.01	40.01
juego1	easy	30.0	0.007	39359	700	314	312	-2	3	1	40.03	40.03	40.03
juego1	easy	30.0	0.007	39368	700	314	312	-2	3	1	40.04	40.04	40.04
juego1	easy	30.0	0.007	39377	700	314	312	-2	3	1	40.12	40.12	40.12
juego1	easy	30.0	0.007	39386	700	313	311	-2	3	1	40.27	40.27	40.27
juego1	easy	30.0	0.007	39394	700	313	311	-2	3	1	40.42	40.42	40.42
juego1	easy	30.0	0.007	39403	700	313	311	-2	3	1	40.47	40.47	40.47
juego1	easy	30.0	0.007	39412	700	312	310	-2	3	1	40.6	40.6	40.6
juego1	easy	30.0	0.007	39421	700	312	310	-2	3	1	40.74	40.74	40.74
juego1	easy	30.0	0.007	39429	700	312	310	-2	3	1	40.95	40.95	40.95
juego1	easy	30.0	0.007	39438	700	312	309	-3	3	1	41.05	41.05	41.05
juego1	easy	30.0	0.007	39446	700	311	309	-2	3	1	41.19	41.19	41.19
juego1	easy	30.0	0.007	39454	700	311	309	-2	3	1	41.26	41.26	41.26
juego1	easy	30.0	0.007	39463	700	311	309	-2	3	1	41.3	41.3	41.3
juego1	easy	30.0	0.007	39472	700	311	308	-3	3	1	41.45	41.45	41.45
juego1	easy	30.0	0.007	39481	700	310	308	-2	3	1	41.67	41.67	41.67
juego1	easy	30.0	0.007	39490	700	310	307	-3	3	1	41.96	41.96	41.96
juego1	easy	30.0	0.007	39497	700	310	307	-3	3	1	42.1	42.1	42.1
juego1	easy	30.0	0.007	39506	700	309	306	-3	3	1	42.45	42.45	42.45
juego1	easy	30.0	0.007	39514	700	309	305	-4	3	1	42.68	42.68	42.68
juego1	easy	30.0	0.007	39523	700	309	304	-5	3	1	43.24	43.24	43.24
juego1	easy	30.0	0.007	39532	700	308	301	-7	3	1	44.33	44.33	44.33
juego1	easy	30.0	0.007	39541	700	308	298	-10	3	1	45.9	45.9	45.9
juego1	easy	30.0	0.007	39548	700	308	295	-13	3	1	46.77	46.77	46.77
juego1	easy	30.0	0.007	39557	700	308	295	-13	3	1	46.77	46.77	46.77
juego1	easy	30.0	0.007	39566	700	307	292	-15	3	1	48.18	48.18	48.18
juego1	easy	30.0	0.007	39574	700	307	292	-15	3	1	48.23	48.23	48.23
juego1	easy	30.0	0.007	39583	700	307	291	-16	3	1	48.25	48.25	48.25
juego1	easy	30.0	0.007	39592	700	306	291	-15	3	1	48.36	48.36	48.36
juego1	easy	30.0	0.007	39601	700	306	291	-15	3	1	48.54	48.54	48.54
juego1	easy	30.0	0.007	39609	700	306	290	-16	3	1	48.67	48.67	48.67
juego1	easy	30.0	0.007	39618	700	305	290	-15	3	1	48.68	48.68	48.68
juego1	easy	30.0	0.007	39626	700	305	290	-15	3	1	48.65	48.65	48.65
juego1	easy	30.0	0.007	39635	700	305	290	-15	3	1	48.62	48.62	48.62
juego1	easy	30.0	0.007	39643	700	304	290	-14	3	1	48.64	48.64	48.64
juego1	easy	30.0	0.007	39651	700	304	290	-14	3	1	48.77	48.77	48.77
juego1	easy	30.0	0.007	39660	700	304	290	-14	3	1	48.98	48.98	48.98
juego1	easy	30.0	0.007	39668	700	304	289	-15	3	1	49.07	49.07	49.07
juego1	easy	30.0	0.007	39675	700	303	289	-14	3	1	49.21	49.21	49.21
juego1	easy	30.0	0.007	39684	700	303	288	-15	3	1	49.39	49.39	49.39
juego1	easy	30.0	0.007	39692	700	303	288	-15	3	1	49.5	49.5	49.5
juego1	easy	30.0	0.007	39701	700	302	288	-14	3	1	49.74	49.74	49.74
juego1	easy	30.0	0.007	39710	700	302	287	-15	3	1	49.96	49.96	49.96
juego1	easy	30.0	0.007	39717	700	302	287	-15	3	1	50.04	50.04	50.04
juego1	easy	30.0	0.007	39726	700	301	286	-15	3	1	50.16	50.16	50.16
juego1	easy	30.0	0.007	39733	700	301	286	-15	3	1	50.19	50.19	50.19
juego1	easy	30.0	0.007	39742	700	301	286	-15	3	1	50.22	50.22	50.22
juego1	easy	30.0	0.007	39751	700	300	286	-14	3	1	50.23	50.23	50.23
juego1	easy	30.0	0.007	39760	700	300	286	-14	3	1	50.23	50.23	50.23
juego1	easy	30.0	0.007	39768	700	300	286	-14	3	1	50.23	50.23	50.23
juego1	easy	30.0	0.007	39777	700	300	286	-14	3	1	50.2	50.2	50.2
juego1	easy	30.0	0.007	39784	700	300	286	-14	3	1	50.18	50.18	50.18
juego1	easy	30.0	0.007	39793	700	300	286	-14	3	1	50.19	50.19	50.19
juego1	easy	30.0	0.007	39801	700	299	286	-13	3	1	50.24	50.24	50.24
juego1	easy	30.0	0.007	39810	700	299	286	-13	3	1	50.31	50.31	50.31
juego1	easy	30.0	0.007	39818	700	299	286	-13	3	1	50.38	50.38	50.38
juego1	easy	30.0	0.007	39827	700	298	286	-12	3	1	50.52	50.52	50.52
juego1	easy	30.0	0.007	39835	700	298	285	-13	3	1	50.73	50.73	50.73
juego1	easy	30.0	0.007	39844	700	298	285	-13	3	1	50.83	50.83	50.83
juego1	easy	30.0	0.007	39852	700	297	284	-13	3	1	50.96	50.96	50.96
juego1	easy	30.0	0.007	39860	700	297	284	-13	3	1	51.08	51.08	51.08
juego1	easy	30.0	0.007	39869	700	297	284	-13	3	1	51.18	51.18	51.18
juego1	easy	30.0	0.007	39878	700	296	283	-13	3	1	51.53	51.53	51.53
juego1	easy	30.0	0.007	39886	700	296	282	-14	3	1	51.99	51.99	51.99
juego1	easy	30.0	0.007	39895	700	296	281	-15	3	1	52.35	52.35	52.35
juego1	easy	30.0	0.007	39904	700	295	281	-14	3	1	52.44	52.44	52.44
juego1	easy	30.0	0.007	39912	700	295	280	-15	3	1	52.54	52.54	52.54
juego1	easy	30.0	0.007	39920	700	295	280	-15	3	1	52.66	52.66	52.66
juego1	easy	30.0	0.007	39929	700	294	280	-14	3	1	52.73	52.73	52.73
juego1	easy	30.0	0.007	39938	700	294	279	-15	3	1	52.94	52.94	52.94
juego1	easy	30.0	0.007	39947	700	294	279	-15	3	1	53.18	53.18	53.18
juego1	easy	30.0	0.007	39955	700	293	278	-15	3	1	53.46	53.46	53.46
juego1	easy	30.0	0.007	39964	700	293	278	-15	3	1	53.58	53.58	53.58
juego1	easy	30.0	0.007	39973	700	293	277	-16	3	1	53.76	53.76	53.76
juego1	easy	30.0	0.007	39982	700	292	277	-15	3	1	53.84	53.84	53.84
juego1	easy	30.0	0.007	39990	700	292	277	-15	3	1	53.84	53.84	53.84
juego1	easy	30.0	0.007	39999	700	291	277	-14	3	1	53.84	53.84	53.84
juego1	easy	30.0	0.007	40006	700	291	276	-15	3	1	54.02	54.02	54.02
juego1	easy	30.0	0.007	40015	700	291	275	-16	3	1	54.74	54.74	54.74
juego1	easy	30.0	0.007	40023	700	290	273	-17	3	1	55.33	55.33	55.33
juego1	easy	30.0	0.007	40032	700	290	271	-19	3	1	56.03	56.03	56.03
juego1	easy	30.0	0.007	40040	700	290	271	-19	3	1	56.03	56.03	56.03
juego1	easy	30.0	0.007	40048	700	289	268	-21	3	1	57.36	57.36	57.36
juego1	easy	30.0	0.007	40057	700	289	267	-22	3	1	57.48	57.48	57.48
juego1	easy	30.0	0.007	40065	700	289	268	-21	3	1	57.39	57.39	57.39
juego1	easy	30.0	0.007	40074	700	288	268	-20	3	1	57.33	57.33	57.33
juego1	easy	30.0	0.007	40082	700	288	268	-20	3	1	57.25	57.25	57.25
juego1	easy	30.0	0.007	40091	700	288	268	-20	3	1	57.28	57.28	57.28
juego1	easy	30.0	0.007	40099	700	287	268	-19	3	1	57.31	57.31	57.31
juego1	easy	30.0	0.007	40107	700	287	268	-19	3	1	57.39	57.39	57.39
juego1	easy	30.0	0.007	40116	700	287	267	-20	3	1	57.47	57.47	57.47
juego1	easy	30.0	0.007	40124	700	286	267	-19	3	1	57.51	57.51	57.51
juego1	easy	30.0	0.007	40132	700	286	267	-19	3	1	57.54	57.54	57.54
juego1	easy	30.0	0.007	40141	700	286	267	-19	3	1	57.53	57.53	57.53
juego1	easy	30.0	0.007	40149	700	285	267	-18	3	1	57.49	57.49	57.49
juego1	easy	30.0	0.007	40158	700	285	268	-17	3	1	57.4	57.4	57.4
juego1	easy	30.0	0.007	40166	700	284	268	-16	3	1	57.33	57.33	57.33
juego1	easy	30.0	0.007	40175	700	284	268	-16	3	1	57.32	57.32	57.32
juego1	easy	30.0	0.007	40184	700	284	268	-16	3	1	57.35	57.35	57.35
juego1	easy	30.0	0.007	40192	700	283	268	-15	3	1	57.4	57.4	57.4
juego1	easy	30.0	0.007	40201	700	283	267	-16	3	1	57.48	57.48	57.48
juego1	easy	30.0	0.007	40209	700	283	267	-16	4	1	57.52	57.52	57.52
juego1	easy	20.0	0.006	40218	700	282	267	-15	4	1	57.61	57.61	57.61
juego1	easy	20.0	0.006	40227	700	282	267	-15	4	1	57.66	57.66	57.66
juego1	easy	20.0	0.006	40234	700	282	267	-15	4	1	57.66	57.66	57.66
juego1	easy	20.0	0.006	40243	700	282	267	-15	4	1	57.65	57.65	57.65
juego1	easy	20.0	0.006	40252	700	282	267	-15	4	1	57.64	57.64	57.64
juego1	easy	20.0	0.006	40261	700	282	267	-15	4	1	57.64	57.64	57.64
juego1	easy	20.0	0.006	40270	700	282	267	-15	4	1	57.63	57.63	57.63
juego1	easy	20.0	0.006	40279	700	281	267	-14	4	1	57.64	57.64	57.64
juego1	easy	20.0	0.006	40288	700	281	267	-14	4	1	57.66	57.66	57.66
juego1	easy	20.0	0.006	40297	700	281	267	-14	4	1	57.68	57.68	57.68
juego1	easy	20.0	0.006	40305	700	281	267	-14	4	1	57.69	57.69	57.69
juego1	easy	20.0	0.006	40314	700	281	267	-14	4	1	57.75	57.75	57.75
juego1	easy	20.0	0.006	40322	700	281	266	-15	4	1	57.85	57.85	57.85
juego1	easy	20.0	0.006	40331	700	280	266	-14	4	1	57.88	57.88	57.88
juego1	easy	20.0	0.006	40340	700	280	266	-14	4	1	57.95	57.95	57.95
juego1	easy	20.0	0.006	40348	700	280	266	-14	4	1	57.98	57.98	57.98
juego1	easy	20.0	0.006	40356	700	280	266	-14	4	1	57.98	57.98	57.98
juego1	easy	20.0	0.006	40365	700	280	266	-14	4	1	57.98	57.98	57.98
juego1	easy	20.0	0.006	40374	700	280	266	-14	4	1	57.97	57.97	57.97
juego1	easy	20.0	0.006	40383	700	279	266	-13	4	1	57.95	57.95	57.95
juego1	easy	20.0	0.006	40391	700	279	266	-13	4	1	57.92	57.92	57.92
juego1	easy	20.0	0.006	40399	700	279	266	-13	4	1	57.92	57.92	57.92
juego1	easy	20.0	0.006	40408	700	279	266	-13	4	1	57.94	57.94	57.94
juego1	easy	20.0	0.006	40416	700	279	266	-13	4	1	57.97	57.97	57.97
juego1	easy	20.0	0.006	40425	700	279	266	-13	4	1	57.97	57.97	57.97
juego1	easy	20.0	0.006	40434	700	279	266	-13	4	1	57.95	57.95	57.95
juego1	easy	20.0	0.006	40442	700	278	266	-12	4	1	57.93	57.93	57.93
juego1	easy	20.0	0.006	40451	700	278	266	-12	4	1	57.9	57.9	57.9
juego1	easy	20.0	0.006	40460	700	278	266	-12	4	1	57.87	57.87	57.87
juego1	easy	20.0	0.006	40468	700	278	266	-12	4	1	57.85	57.85	57.85
juego1	easy	20.0	0.006	40477	700	278	267	-11	4	1	57.81	57.81	57.81
juego1	easy	20.0	0.006	40485	700	278	267	-11	4	1	57.8	57.8	57.8
juego1	easy	20.0	0.006	40494	700	277	267	-10	4	1	57.8	57.8	57.8
juego1	easy	20.0	0.006	40502	700	277	267	-10	4	1	57.8	57.8	57.8
juego1	easy	20.0	0.006	40511	700	277	267	-10	4	1	57.79	57.79	57.79
juego1	easy	20.0	0.006	40519	700	277	267	-10	4	1	57.77	57.77	57.77
juego1	easy	20.0	0.006	40527	700	277	267	-10	4	1	57.71	57.71	57.71
juego1	easy	20.0	0.006	40536	700	277	267	-10	4	1	57.69	57.69	57.69
juego1	easy	20.0	0.006	40545	700	277	267	-10	4	1	57.69	57.69	57.69
juego1	easy	20.0	0.006	40552	700	276	267	-9	4	1	57.71	57.71	57.71
juego1	easy	20.0	0.006	40561	700	276	267	-9	4	1	57.73	57.73	57.73
juego1	easy	20.0	0.006	40569	700	276	267	-9	4	1	57.75	57.75	57.75
juego1	easy	20.0	0.006	40578	700	276	267	-9	4	1	57.77	57.77	57.77
juego1	easy	20.0	0.006	40587	700	276	266	-10	4	1	57.82	57.82	57.82
juego1	easy	20.0	0.006	40595	700	276	266	-10	4	1	57.86	57.86	57.86
juego1	easy	20.0	0.006	40604	700	275	266	-9	4	1	57.94	57.94	57.94
juego1	easy	20.0	0.006	40613	700	275	266	-9	4	1	58.01	58.01	58.01
juego1	easy	20.0	0.006	40622	700	275	266	-9	4	1	58.05	58.05	58.05
juego1	easy	20.0	0.006	40630	700	275	266	-9	4	1	58.08	58.08	58.08
juego1	easy	20.0	0.006	40638	700	275	266	-9	4	1	58.15	58.15	58.15
juego1	easy	20.0	0.006	40647	700	275	265	-10	4	1	58.22	58.22	58.22
juego1	easy	20.0	0.006	40655	700	275	265	-10	4	1	58.24	58.24	58.24
juego1	easy	20.0	0.006	40664	700	274	265	-9	4	1	58.27	58.27	58.27
juego1	easy	20.0	0.006	40673	700	274	265	-9	4	1	58.28	58.28	58.28
juego1	easy	20.0	0.006	40682	700	274	265	-9	4	1	58.28	58.28	58.28
juego1	easy	20.0	0.006	40690	700	274	265	-9	4	1	58.26	58.26	58.26
juego1	easy	20.0	0.006	40698	700	274	265	-9	4	1	58.3	58.3	58.3
juego1	easy	20.0	0.006	40707	700	274	265	-9	4	1	58.37	58.37	58.37
juego1	easy	20.0	0.006	40716	700	273	265	-8	4	1	58.39	58.39	58.39
juego1	easy	20.0	0.006	40724	700	273	265	-8	4	1	58.42	58.42	58.42
juego1	easy	20.0	0.006	40733	700	273	265	-8	4	1	58.43	58.43	58.43
juego1	easy	20.0	0.006	40742	700	273	265	-8	4	1	58.43	58.43	58.43
juego1	easy	20.0	0.006	40750	700	273	265	-8	4	1	58.43	58.43	58.43
juego1	easy	20.0	0.006	40758	700	273	265	-8	4	1	58.43	58.43	58.43
juego1	easy	20.0	0.006	40766	700	273	265	-8	4	1	58.42	58.42	58.42
juego1	easy	20.0	0.006	40774	700	272	265	-7	4	1	58.42	58.42	58.42
juego1	easy	20.0	0.006	40783	700	272	265	-7	4	1	58.43	58.43	58.43
juego1	easy	20.0	0.006	40791	700	272	265	-7	4	1	58.44	58.44	58.44
juego1	easy	20.0	0.006	40799	700	272	265	-7	4	1	58.45	58.45	58.45
juego1	easy	20.0	0.006	40808	700	272	265	-7	4	1	58.48	58.48	58.48
juego1	easy	20.0	0.006	40816	700	272	265	-7	4	1	58.5	58.5	58.5
juego1	easy	20.0	0.006	40824	700	272	265	-7	4	1	58.51	58.51	58.51
juego1	easy	20.0	0.006	40833	700	271	265	-6	4	1	58.51	58.51	58.51
juego1	easy	20.0	0.006	40841	700	271	265	-6	4	1	58.51	58.51	58.51
juego1	easy	20.0	0.006	40849	700	271	265	-6	4	1	58.5	58.5	58.5
juego1	easy	20.0	0.006	40857	700	271	265	-6	4	1	58.51	58.51	58.51
juego1	easy	20.0	0.006	40866	700	271	265	-6	4	1	58.51	58.51	58.51
juego1	easy	20.0	0.006	40873	700	271	265	-6	4	1	58.51	58.51	58.51
juego1	easy	20.0	0.006	40882	700	271	265	-6	4	1	58.5	58.5	58.5
juego1	easy	20.0	0.006	40891	700	270	265	-5	4	1	58.51	58.51	58.51
juego1	easy	20.0	0.006	40900	700	270	265	-5	4	1	58.56	58.56	58.56
juego1	easy	20.0	0.006	40908	700	270	264	-6	4	1	58.62	58.62	58.62
juego1	easy	20.0	0.006	40917	700	270	264	-6	4	1	58.64	58.64	58.64
juego1	easy	20.0	0.006	40925	700	270	264	-6	4	1	58.67	58.67	58.67
juego1	easy	20.0	0.006	40933	700	270	264	-6	4	1	58.67	58.67	58.67
juego1	easy	20.0	0.006	40942	700	270	264	-6	4	1	58.7	58.7	58.7
juego1	easy	20.0	0.006	40951	700	269	264	-5	4	1	58.72	58.72	58.72
juego1	easy	20.0	0.006	40960	700	269	264	-5	4	1	58.77	58.77	58.77
juego1	easy	20.0	0.006	40969	700	269	264	-5	4	1	58.82	58.82	58.82
juego1	easy	20.0	0.006	40977	700	269	264	-5	4	1	58.91	58.91	58.91
juego1	easy	20.0	0.006	40986	700	269	263	-6	4	1	58.98	58.98	58.98
juego1	easy	20.0	0.006	40994	700	269	263	-6	4	1	59.12	59.12	59.12
juego1	easy	20.0	0.006	41003	700	269	263	-6	4	1	59.24	59.24	59.24
juego1	easy	20.0	0.006	41012	700	269	263	-6	4	1	59.28	59.28	59.28
juego1	easy	20.0	0.006	41020	700	268	263	-5	4	1	59.34	59.34	59.34
juego1	easy	20.0	0.006	41028	700	268	262	-6	4	1	59.41	59.41	59.41
juego1	easy	20.0	0.006	41037	700	268	262	-6	4	1	59.49	59.49	59.49
juego1	easy	20.0	0.006	41045	700	268	262	-6	4	1	59.52	59.52	59.52
juego1	easy	20.0	0.006	41054	700	268	262	-6	4	1	59.61	59.61	59.61
juego1	easy	20.0	0.006	41063	700	268	262	-6	4	1	59.72	59.72	59.72
juego1	easy	20.0	0.006	41071	700	268	261	-7	4	1	59.78	59.78	59.78
juego1	easy	20.0	0.006	41079	700	267	261	-6	4	1	59.91	59.91	59.91
juego1	easy	20.0	0.006	41088	700	267	261	-6	4	1	60.04	60.04	60.04
juego1	easy	20.0	0.006	41096	700	267	261	-6	4	1	60.09	60.09	60.09
juego1	easy	20.0	0.006	41104	700	267	260	-7	4	1	60.18	60.18	60.18
juego1	easy	20.0	0.006	41113	700	267	260	-7	4	1	60.23	60.23	60.23
juego1	easy	20.0	0.006	41121	700	267	260	-7	4	1	60.27	60.27	60.27
juego1	easy	20.0	0.006	41130	700	267	260	-7	4	1	60.35	60.35	60.35
juego1	easy	20.0	0.006	41139	700	267	260	-7	4	1	60.47	60.47	60.47
juego1	easy	20.0	0.006	41147	700	266	259	-7	4	1	60.54	60.54	60.54
juego1	easy	20.0	0.006	41156	700	266	259	-7	4	1	60.72	60.72	60.72
juego1	easy	20.0	0.006	41164	700	266	258	-8	4	1	60.9	60.9	60.9
juego1	easy	20.0	0.006	41173	700	266	258	-8	4	1	61.08	61.08	61.08
juego1	easy	20.0	0.006	41182	700	266	258	-8	4	1	61.16	61.16	61.16
juego1	easy	20.0	0.006	41189	700	266	257	-9	4	1	61.3	61.3	61.3
juego1	easy	20.0	0.006	41198	700	266	257	-9	4	1	61.37	61.37	61.37
juego1	easy	20.0	0.006	41206	700	266	257	-9	4	1	61.52	61.52	61.52
juego1	easy	20.0	0.006	41214	700	265	256	-9	4	1	61.66	61.66	61.66
juego1	easy	20.0	0.006	41223	700	265	256	-9	4	1	61.75	61.75	61.75
juego1	easy	20.0	0.006	41231	700	265	256	-9	4	1	61.8	61.8	61.8
juego1	easy	20.0	0.006	41240	700	265	256	-9	4	1	61.91	61.91	61.91
juego1	easy	20.0	0.006	41249	700	265	256	-9	4	1	62.0	62.0	62.0
juego1	easy	20.0	0.006	41257	700	265	256	-9	4	1	62.03	62.03	62.03
juego1	easy	20.0	0.006	41266	700	265	255	-10	4	1	62.09	62.09	62.09
juego1	easy	20.0	0.006	41274	700	265	255	-10	4	1	62.15	62.15	62.15
juego1	easy	20.0	0.006	41281	700	265	255	-10	4	1	62.18	62.18	62.18
juego1	easy	20.0	0.006	41290	700	264	255	-9	4	1	62.25	62.25	62.25
juego1	easy	20.0	0.006	41298	700	264	255	-9	4	1	62.31	62.31	62.31
juego1	easy	20.0	0.006	41306	700	264	255	-9	4	1	62.35	62.35	62.35
juego1	easy	20.0	0.006	41315	700	264	254	-10	4	1	62.43	62.43	62.43
juego1	easy	20.0	0.006	41324	700	264	254	-10	4	1	62.54	62.54	62.54
juego1	easy	20.0	0.006	41332	700	264	254	-10	4	1	62.59	62.59	62.59
juego1	easy	20.0	0.006	41341	700	264	254	-10	4	1	62.67	62.67	62.67
juego1	easy	20.0	0.006	41350	700	264	254	-10	4	1	62.75	62.75	62.75
juego1	easy	20.0	0.006	41358	700	263	253	-10	4	1	62.82	62.82	62.82
juego1	easy	20.0	0.006	41367	700	263	253	-10	4	1	62.86	62.86	62.86
juego1	easy	20.0	0.006	41376	700	263	253	-10	4	1	62.94	62.94	62.94
juego1	easy	20.0	0.006	41385	700	263	253	-10	4	1	63.02	63.02	63.02
juego1	easy	20.0	0.006	41394	700	263	253	-10	4	1	63.11	63.11	63.11
juego1	easy	20.0	0.006	41404	700	263	252	-11	4	1	63.19	63.19	63.19
juego1	easy	20.0	0.006	41411	700	263	252	-11	4	1	63.24	63.24	63.24
juego1	easy	20.0	0.006	41420	700	263	252	-11	4	1	63.31	63.31	63.31
juego1	easy	20.0	0.006	41428	700	263	252	-11	4	1	63.4	63.4	63.4
juego1	easy	20.0	0.006	41437	700	263	252	-11	4	1	63.45	63.45	63.45
juego1	easy	20.0	0.006	41445	700	262	251	-11	4	1	63.57	63.57	63.57
juego1	easy	20.0	0.006	41454	700	262	251	-11	4	1	63.68	63.68	63.68
juego1	easy	20.0	0.006	41463	700	262	251	-11	4	1	63.79	63.79	63.79
juego1	easy	20.0	0.006	41471	700	262	251	-11	4	1	63.85	63.85	63.85
juego1	easy	20.0	0.006	41479	700	262	251	-11	4	1	63.94	63.94	63.94
juego1	easy	20.0	0.006	41487	700	262	250	-12	4	1	64.0	64.0	64.0
juego1	easy	20.0	0.006	41495	700	262	250	-12	4	1	64.0	64.0	64.0
juego1	easy	20.0	0.006	41504	700	262	250	-12	4	1	64.17	64.17	64.17
juego1	easy	20.0	0.006	41512	700	262	250	-12	4	1	64.29	64.29	64.29
juego1	easy	20.0	0.006	41521	700	262	249	-13	4	1	64.41	64.41	64.41
juego1	easy	20.0	0.006	41529	700	261	249	-12	4	1	64.53	64.53	64.53
juego1	easy	20.0	0.006	41538	700	261	249	-12	4	1	64.58	64.58	64.58
juego1	easy	20.0	0.006	41546	700	261	249	-12	4	1	64.67	64.67	64.67
juego1	easy	20.0	0.006	41555	700	261	248	-13	4	1	64.75	64.75	64.75
juego1	easy	20.0	0.006	41564	700	261	248	-13	4	1	64.83	64.83	64.83
juego1	easy	20.0	0.006	41572	700	261	248	-13	4	1	64.86	64.86	64.86
juego1	easy	20.0	0.006	41581	700	261	248	-13	4	1	64.96	64.96	64.96
juego1	easy	20.0	0.006	41590	700	261	248	-13	4	1	65.08	65.08	65.08
juego1	easy	20.0	0.006	41598	700	261	247	-14	4	1	65.15	65.15	65.15
juego1	easy	20.0	0.006	41607	700	261	247	-14	4	1	65.27	65.27	65.27
juego1	easy	20.0	0.006	41616	700	261	247	-14	4	1	65.38	65.38	65.38
juego1	easy	20.0	0.006	41624	700	260	247	-13	4	1	65.48	65.48	65.48
juego1	easy	20.0	0.006	41633	700	260	246	-14	4	1	65.51	65.51	65.51
juego1	easy	20.0	0.006	41642	700	260	246	-14	4	1	65.57	65.57	65.57
juego1	easy	20.0	0.006	41651	700	260	246	-14	4	1	65.66	65.66	65.66
juego1	easy	20.0	0.006	41659	700	260	246	-14	4	1	65.76	65.76	65.76
juego1	easy	20.0	0.006	41667	700	260	246	-14	4	1	65.8	65.8	65.8
juego1	easy	20.0	0.006	41676	700	260	246	-14	4	1	65.85	65.85	65.85
juego1	easy	20.0	0.006	41684	700	260	246	-14	4	1	65.84	65.84	65.84
juego1	easy	20.0	0.006	41693	700	260	246	-14	4	1	65.83	65.83	65.83
juego1	easy	20.0	0.006	41700	700	260	246	-14	4	1	65.78	65.78	65.78
juego1	easy	20.0	0.006	41708	700	260	246	-14	4	1	65.75	65.75	65.75
juego1	easy	20.0	0.006	41716	700	260	246	-14	4	1	65.68	65.68	65.68
juego1	easy	20.0	0.006	41725	700	259	246	-13	4	1	65.61	65.61	65.61
juego1	easy	20.0	0.006	41733	700	259	246	-13	4	1	65.57	65.57	65.57
juego1	easy	20.0	0.006	41741	700	259	246	-13	4	1	65.49	65.49	65.49
juego1	easy	20.0	0.006	41750	700	259	247	-12	4	1	65.38	65.38	65.38
juego1	easy	20.0	0.006	41758	700	259	247	-12	4	1	65.31	65.31	65.31
juego1	easy	20.0	0.006	41767	700	259	247	-12	4	1	65.17	65.17	65.17
juego1	easy	20.0	0.006	41775	700	259	248	-11	4	1	64.99	64.99	64.99
juego1	easy	20.0	0.006	41784	700	259	248	-11	4	1	64.72	64.72	64.72
juego1	easy	20.0	0.006	41793	700	259	249	-10	4	1	64.54	64.54	64.54
juego1	easy	20.0	0.006	41802	700	259	250	-9	4	1	64.1	64.1	64.1
juego1	easy	20.0	0.006	41811	700	259	251	-8	4	1	63.57	63.57	63.57
juego1	easy	20.0	0.006	41820	700	259	253	-6	4	1	62.97	62.97	62.97
juego1	easy	20.0	0.006	41829	700	259	254	-5	4	1	62.69	62.69	62.69
juego1	easy	20.0	0.006	41838	700	259	255	-4	4	1	62.2	62.2	62.2
juego1	easy	20.0	0.006	41846	700	258	256	-2	4	1	61.87	61.87	61.87
juego1	easy	20.0	0.006	41855	700	258	256	-2	4	1	61.73	61.73	61.73
juego1	easy	20.0	0.006	41863	700	258	256	-2	4	1	61.73	61.73	61.73
juego1	easy	20.0	0.006	41872	700	258	256	-2	4	1	61.81	61.81	61.81
juego1	easy	20.0	0.006	41881	700	258	256	-2	4	1	61.94	61.94	61.94
juego1	easy	20.0	0.006	41890	700	258	256	-2	4	1	61.99	61.99	61.99
juego1	easy	20.0	0.006	41898	700	258	255	-3	4	1	62.05	62.05	62.05
juego1	easy	20.0	0.006	41907	700	258	255	-3	4	1	62.05	62.05	62.05
juego1	easy	20.0	0.006	41915	700	258	256	-2	4	1	62.02	62.02	62.02
juego1	easy	20.0	0.006	41924	700	258	256	-2	4	1	62.0	62.0	62.0
juego1	easy	20.0	0.006	41933	700	258	256	-2	4	1	61.93	61.93	61.93
juego1	easy	20.0	0.006	41941	700	258	256	-2	4	1	61.86	61.86	61.86
juego1	easy	20.0	0.006	41950	700	258	256	-2	4	1	61.9	61.9	61.9
juego1	easy	20.0	0.006	41958	700	258	256	-2	4	1	61.95	61.95	61.95
juego1	easy	20.0	0.006	41967	700	258	255	-3	4	1	62.06	62.06	62.06
juego1	easy	20.0	0.006	41975	700	258	255	-3	4	1	62.14	62.14	62.14
juego1	easy	20.0	0.006	41983	700	258	255	-3	4	1	62.15	62.15	62.15
juego1	easy	20.0	0.006	41991	700	257	255	-2	4	1	62.16	62.16	62.16
juego1	easy	20.0	0.006	42000	700	257	255	-2	4	1	62.12	62.12	62.12
juego1	easy	20.0	0.006	42007	700	257	255	-2	4	1	62.09	62.09	62.09
juego1	easy	20.0	0.006	42016	700	257	256	-1	4	1	62.01	62.01	62.01
juego1	easy	20.0	0.006	42025	700	257	256	-1	4	1	61.95	61.95	61.95
juego1	easy	20.0	0.006	42034	700	257	256	-1	4	1	61.94	61.94	61.94
juego1	easy	20.0	0.006	42043	700	257	256	-1	4	1	61.96	61.96	61.96
juego1	easy	20.0	0.006	42052	700	257	256	-1	4	1	62.02	62.02	62.02
juego1	easy	20.0	0.006	42060	700	257	255	-2	4	1	62.1	62.1	62.1
juego1	easy	20.0	0.006	42069	700	257	255	-2	4	1	62.15	62.15	62.15
juego1	easy	20.0	0.006	42077	700	257	255	-2	4	1	62.23	62.23	62.23
juego1	easy	20.0	0.006	42086	700	257	255	-2	4	1	62.28	62.28	62.28
juego1	easy	20.0	0.006	42094	700	257	255	-2	4	1	62.31	62.31	62.31
juego1	easy	20.0	0.006	42102	700	257	255	-2	4	1	62.35	62.35	62.35
juego1	easy	20.0	0.006	42111	700	257	255	-2	4	1	62.4	62.4	62.4
juego1	easy	20.0	0.006	42120	700	257	254	-3	4	1	62.48	62.48	62.48
juego1	easy	20.0	0.006	42129	700	257	254	-3	4	1	62.55	62.55	62.55
juego1	easy	20.0	0.006	42137	700	257	254	-3	4	1	62.73	62.73	62.73
juego1	easy	20.0	0.006	42146	700	257	253	-4	4	1	62.91	62.91	62.91
juego1	easy	20.0	0.006	42154	700	257	253	-4	4	1	62.99	62.99	62.99
juego1	easy	20.0	0.006	42162	700	257	253	-4	4	1	63.17	63.17	63.17
juego1	easy	20.0	0.006	42171	700	257	252	-5	4	1	63.37	63.37	63.37
juego1	easy	20.0	0.006	42179	700	257	252	-5	4	1	63.46	63.46	63.46
juego1	easy	20.0	0.006	42187	700	257	251	-6	4	1	63.61	63.61	63.61
juego1	easy	20.0	0.006	42196	700	257	251	-6	4	1	63.72	63.72	63.72
juego1	easy	20.0	0.006	42204	700	256	251	-5	4	1	63.79	63.79	63.79
juego1	easy	20.0	0.006	42212	700	256	251	-5	4	1	63.86	63.86	63.86
juego1	easy	20.0	0.006	42221	700	256	251	-5	4	1	63.87	63.87	63.87
juego1	easy	20.0	0.006	42228	700	256	251	-5	4	1	63.88	63.88	63.88
juego1	easy	20.0	0.006	42237	700	256	251	-5	4	1	63.88	63.88	63.88
juego1	easy	20.0	0.006	42245	700	256	251	-5	4	1	63.86	63.86	63.86
juego1	easy	20.0	0.006	42254	700	256	251	-5	4	1	63.84	63.84	63.84
juego1	easy	20.0	0.006	42262	700	256	251	-5	4	1	63.82	63.82	63.82
juego1	easy	20.0	0.006	42271	700	256	251	-5	4	1	63.79	63.79	63.79
juego1	easy	20.0	0.006	42280	700	256	251	-5	4	1	63.79	63.79	63.79
juego1	easy	20.0	0.006	42288	700	256	251	-5	4	1	63.81	63.81	63.81
juego1	easy	20.0	0.006	42297	700	256	251	-5	4	1	63.83	63.83	63.83
juego1	easy	20.0	0.006	42305	700	256	251	-5	4	1	63.85	63.85	63.85
juego1	easy	20.0	0.006	42314	700	256	251	-5	4	1	63.89	63.89	63.89
juego1	easy	20.0	0.006	42323	700	256	251	-5	4	1	63.91	63.91	63.91
juego1	easy	20.0	0.006	42332	700	256	251	-5	4	1	63.92	63.92	63.92
juego1	easy	20.0	0.006	42341	700	256	251	-5	4	1	63.93	63.93	63.93
juego1	easy	20.0	0.006	42349	700	256	251	-5	4	1	63.93	63.93	63.93
juego1	easy	20.0	0.006	42357	700	256	251	-5	4	1	63.9	63.9	63.9
juego1	easy	20.0	0.006	42366	700	256	251	-5	4	1	63.87	63.87	63.87
juego1	easy	20.0	0.006	42374	700	256	251	-5	4	1	63.85	63.85	63.85
juego1	easy	20.0	0.006	42383	700	256	251	-5	4	1	63.82	63.82	63.82
juego1	easy	20.0	0.006	42391	700	256	251	-5	4	1	63.77	63.77	63.77
juego1	easy	20.0	0.006	42400	700	256	251	-5	4	1	63.76	63.76	63.76
juego1	easy	20.0	0.006	42409	700	256	251	-5	4	1	63.72	63.72	63.72
juego1	easy	20.0	0.006	42417	700	256	251	-5	4	1	63.67	63.67	63.67
juego1	easy	20.0	0.006	42426	700	256	251	-5	4	1	63.6	63.6	63.6
juego1	easy	20.0	0.006	42435	700	256	252	-4	4	1	63.55	63.55	63.55
juego1	easy	20.0	0.006	42444	700	256	252	-4	4	1	63.41	63.41	63.41
juego1	easy	20.0	0.006	42453	700	256	252	-4	4	1	63.23	63.23	63.23
juego1	easy	20.0	0.006	42461	700	256	253	-3	4	1	63.0	63.0	63.0
juego1	easy	20.0	0.006	42470	700	256	253	-3	4	1	62.87	62.87	62.87
juego1	easy	20.0	0.006	42478	700	256	254	-2	4	1	62.62	62.62	62.62
juego1	easy	20.0	0.006	42487	700	256	255	-1	4	1	62.38	62.38	62.38
juego1	easy	20.0	0.006	42496	700	256	255	-1	4	1	62.18	62.18	62.18
juego1	easy	20.0	0.006	42503	700	256	255	-1	4	1	62.11	62.11	62.11
juego1	easy	20.0	0.006	42512	700	256	255	-1	4	1	62.07	62.07	62.07
juego1	easy	20.0	0.006	42520	700	256	255	-1	4	1	62.07	62.07	62.07
juego1	easy	20.0	0.006	42529	700	256	255	-1	4	1	62.12	62.12	62.12
juego1	easy	20.0	0.006	42538	700	256	255	-1	4	1	62.2	62.2	62.2
juego1	easy	20.0	0.006	42546	700	256	255	-1	4	1	62.27	62.27	62.27
juego1	easy	20.0	0.006	42555	700	256	255	-1	4	1	62.3	62.3	62.3
juego1	easy	20.0	0.006	42564	700	256	255	-1	4	1	62.29	62.29	62.29
juego1	easy	20.0	0.006	42572	700	256	255	-1	4	1	62.23	62.23	62.23
juego1	easy	20.0	0.006	42581	700	256	255	-1	4	1	62.15	62.15	62.15
juego1	easy	20.0	0.006	42590	700	256	255	-1	4	1	62.11	62.11	62.11
juego1	easy	20.0	0.006	42598	700	256	255	-1	4	1	62.05	62.05	62.05
juego1	easy	20.0	0.006	42606	700	256	255	-1	4	1	62.04	62.04	62.04
juego1	easy	20.0	0.006	42614	700	256	255	-1	4	1	62.05	62.05	62.05
juego1	easy	20.0	0.006	42622	700	256	255	-1	4	1	62.1	62.1	62.1
juego1	easy	20.0	0.006	42630	700	256	255	-1	4	1	62.13	62.13	62.13
juego1	easy	20.0	0.006	42638	700	256	255	-1	4	1	62.18	62.18	62.18
juego1	easy	20.0	0.006	42647	700	256	255	-1	4	1	62.19	62.19	62.19
juego1	easy	20.0	0.006	42656	700	256	255	-1	4	1	62.17	62.17	62.17
juego1	easy	20.0	0.006	42665	700	256	255	-1	4	1	62.14	62.14	62.14
juego1	easy	20.0	0.006	42673	700	256	255	-1	4	1	62.05	62.05	62.05
juego1	easy	20.0	0.006	42682	700	256	256	0	4	1	61.96	61.96	61.96
juego1	easy	20.0	0.006	42690	700	256	256	0	4	1	61.92	61.92	61.92
juego1	easy	20.0	0.006	42699	700	257	256	-1	4	1	61.87	61.87	61.87
juego1	easy	20.0	0.006	42708	700	257	256	-1	4	1	61.82	61.82	61.82
juego1	easy	20.0	0.006	42716	700	257	256	-1	4	1	61.79	61.79	61.79
juego1	easy	20.0	0.006	42725	700	257	256	-1	4	1	61.78	61.78	61.78
juego1	easy	20.0	0.006	42734	700	257	256	-1	4	1	61.77	61.77	61.77
juego1	easy	20.0	0.006	42742	700	257	256	-1	4	1	61.77	61.77	61.77
juego1	easy	20.0	0.006	42751	700	257	256	-1	4	1	61.76	61.76	61.76
juego1	easy	20.0	0.006	42760	700	257	256	-1	4	1	61.74	61.74	61.74
juego1	easy	20.0	0.006	42768	700	257	256	-1	4	1	61.75	61.75	61.75
juego1	easy	20.0	0.006	42777	700	257	256	-1	4	1	61.78	61.78	61.78
juego1	easy	20.0	0.006	42785	700	257	256	-1	4	1	61.78	61.78	61.78
juego1	easy	20.0	0.006	42794	700	257	256	-1	4	1	61.77	61.77	61.77
juego1	easy	20.0	0.006	42802	700	257	256	-1	4	1	61.76	61.76	61.76
juego1	easy	20.0	0.006	42811	700	257	256	-1	4	1	61.76	61.76	61.76
juego1	easy	20.0	0.006	42819	700	257	256	-1	4	1	61.76	61.76	61.76
juego1	easy	20.0	0.006	42828	700	257	256	-1	4	1	61.75	61.75	61.75
juego1	easy	20.0	0.006	42837	700	257	256	-1	4	1	61.73	61.73	61.73
juego1	easy	20.0	0.006	42845	700	257	256	-1	4	1	61.73	61.73	61.73
juego1	easy	20.0	0.006	42854	700	257	256	-1	4	1	61.73	61.73	61.73
juego1	easy	20.0	0.006	42862	700	257	256	-1	4	1	61.73	61.73	61.73
juego1	easy	20.0	0.006	42871	700	257	256	-1	4	1	61.73	61.73	61.73
juego1	easy	20.0	0.006	42880	700	257	256	-1	4	1	61.73	61.73	61.73
juego1	easy	20.0	0.006	42888	700	257	256	-1	4	1	61.73	61.73	61.73
juego1	easy	20.0	0.006	42897	700	257	256	-1	4	1	61.74	61.74	61.74
juego1	easy	20.0	0.006	42906	700	257	256	-1	4	1	61.74	61.74	61.74
juego1	easy	20.0	0.006	42914	700	257	256	-1	4	1	61.76	61.76	61.76
juego1	easy	20.0	0.006	42923	700	258	256	-2	4	1	61.8	61.8	61.8
juego1	easy	20.0	0.006	42931	700	258	256	-2	4	1	61.83	61.83	61.83
juego1	easy	20.0	0.006	42940	700	258	256	-2	4	1	61.86	61.86	61.86
juego1	easy	20.0	0.006	42949	700	258	256	-2	4	1	61.9	61.9	61.9
juego1	easy	20.0	0.006	42957	700	258	256	-2	4	1	61.94	61.94	61.94
juego1	easy	20.0	0.006	42966	700	258	256	-2	4	1	61.96	61.96	61.96
juego1	easy	20.0	0.006	42974	700	258	256	-2	4	1	61.96	61.96	61.96
juego1	easy	20.0	0.006	42983	700	258	256	-2	4	1	61.96	61.96	61.96
juego1	easy	20.0	0.006	42991	700	258	256	-2	4	1	61.96	61.96	61.96
juego1	easy	20.0	0.006	43000	700	258	256	-2	4	1	61.95	61.95	61.95
juego1	easy	20.0	0.006	43008	700	258	256	-2	4	1	61.95	61.95	61.95
juego1	easy	20.0	0.006	43017	700	258	256	-2	4	1	61.93	61.93	61.93
juego1	easy	20.0	0.006	43026	700	258	256	-2	4	1	61.93	61.93	61.93
juego1	easy	20.0	0.006	43034	700	258	256	-2	4	1	61.91	61.91	61.91
juego1	easy	20.0	0.006	43043	700	258	256	-2	4	1	61.89	61.89	61.89
juego1	easy	20.0	0.006	43051	700	258	256	-2	4	1	61.88	61.88	61.88
juego1	easy	20.0	0.006	43059	700	258	256	-2	4	1	61.84	61.84	61.84
juego1	easy	20.0	0.006	43068	700	259	256	-3	4	1	61.77	61.77	61.77
juego1	easy	20.0	0.006	43076	700	259	256	-3	4	1	61.74	61.74	61.74
juego1	easy	20.0	0.006	43085	700	259	256	-3	4	1	61.67	61.67	61.67
juego1	easy	20.0	0.006	43093	700	259	257	-2	4	1	61.6	61.6	61.6
juego1	easy	20.0	0.006	43102	700	259	257	-2	4	1	61.58	61.58	61.58
juego1	easy	20.0	0.006	43111	700	259	257	-2	4	1	61.53	61.53	61.53
juego1	easy	20.0	0.006	43119	700	259	257	-2	4	1	61.48	61.48	61.48
juego1	easy	20.0	0.006	43128	700	259	257	-2	4	1	61.46	61.46	61.46
juego1	easy	20.0	0.006	43138	700	259	257	-2	4	1	61.43	61.43	61.43
juego1	easy	20.0	0.006	43146	700	259	257	-2	4	1	61.42	61.42	61.42
juego1	easy	20.0	0.006	43154	700	259	257	-2	4	1	61.45	61.45	61.45
juego1	easy	20.0	0.006	43163	700	259	257	-2	4	1	61.46	61.46	61.46
juego1	easy	20.0	0.006	43171	700	259	257	-2	4	1	61.46	61.46	61.46
juego1	easy	20.0	0.006	43180	700	259	257	-2	4	1	61.45	61.45	61.45
juego1	easy	20.0	0.006	43188	700	260	257	-3	4	1	61.45	61.45	61.45
juego1	easy	20.0	0.006	43197	700	260	257	-3	4	1	61.45	61.45	61.45
juego1	easy	20.0	0.006	43206	700	260	257	-3	4	1	61.43	61.43	61.43
juego1	easy	20.0	0.006	43215	700	260	257	-3	4	1	61.39	61.39	61.39
juego1	easy	20.0	0.006	43223	700	260	257	-3	4	1	61.36	61.36	61.36
juego1	easy	20.0	0.006	43232	700	260	257	-3	4	1	61.34	61.34	61.34
juego1	easy	20.0	0.006	43241	700	260	257	-3	4	1	61.31	61.31	61.31
juego1	easy	20.0	0.006	43249	700	260	258	-2	4	1	61.25	61.25	61.25
juego1	easy	20.0	0.006	43258	700	260	258	-2	4	1	61.16	61.16	61.16
juego1	easy	20.0	0.006	43266	700	260	258	-2	4	1	61.1	61.1	61.1
juego1	easy	20.0	0.006	43275	700	260	258	-2	4	1	60.98	60.98	60.98
juego1	easy	20.0	0.006	43283	700	260	259	-1	4	1	60.82	60.82	60.82
juego1	easy	20.0	0.006	43292	700	261	259	-2	4	1	60.74	60.74	60.74
juego1	easy	20.0	0.006	43301	700	261	259	-2	4	1	60.59	60.59	60.59
juego1	easy	20.0	0.006	43310	700	261	259	-2	4	1	60.53	60.53	60.53
juego1	easy	20.0	0.006	43318	700	261	259	-2	4	1	60.53	60.53	60.53
juego1	easy	20.0	0.006	43326	700	261	259	-2	4	1	60.52	60.52	60.52
juego1	easy	20.0	0.006	43335	700	261	259	-2	4	1	60.53	60.53	60.53
juego1	easy	20.0	0.006	43344	700	261	259	-2	4	1	60.52	60.52	60.52
juego1	easy	20.0	0.006	43352	700	261	260	-1	4	1	60.49	60.49	60.49
juego1	easy	20.0	0.006	43361	700	261	260	-1	4	1	60.47	60.47	60.47
juego1	easy	20.0	0.006	43370	700	261	260	-1	4	1	60.42	60.42	60.42
juego1	easy	20.0	0.006	43379	700	261	260	-1	4	1	60.34	60.34	60.34
juego1	easy	20.0	0.006	43388	700	262	260	-2	4	1	60.25	60.25	60.25
juego1	easy	20.0	0.006	43396	700	262	260	-2	4	1	60.2	60.2	60.2
juego1	easy	20.0	0.006	43405	700	262	260	-2	4	1	60.12	60.12	60.12
juego1	easy	20.0	0.006	43413	700	262	261	-1	4	1	60.07	60.07	60.07
juego1	easy	20.0	0.006	43422	700	262	261	-1	4	1	60.05	60.05	60.05
juego1	easy	20.0	0.006	43431	700	262	261	-1	4	1	60.02	60.02	60.02
juego1	easy	20.0	0.006	43440	700	262	261	-1	4	1	59.95	59.95	59.95
juego1	easy	20.0	0.006	43447	700	262	261	-1	4	1	59.91	59.91	59.91
juego1	easy	20.0	0.006	43455	700	262	261	-1	4	1	59.83	59.83	59.83
juego1	easy	20.0	0.006	43464	700	262	261	-1	4	1	59.77	59.77	59.77
juego1	easy	20.0	0.006	43472	700	263	262	-1	4	1	59.73	59.73	59.73
juego1	easy	20.0	0.006	43480	700	263	262	-1	4	1	59.61	59.61	59.61
juego1	easy	20.0	0.006	43489	700	263	262	-1	4	1	59.48	59.48	59.48
juego1	easy	20.0	0.006	43497	700	263	262	-1	4	1	59.42	59.42	59.42
juego1	easy	20.0	0.006	43506	700	263	263	0	4	1	59.28	59.28	59.28
juego1	easy	20.0	0.006	43514	700	263	263	0	4	1	59.1	59.1	59.1
juego1	easy	20.0	0.006	43523	700	263	263	0	4	1	59.0	59.0	59.0
juego1	easy	20.0	0.006	43531	700	263	264	1	4	1	58.84	58.84	58.84
juego1	easy	20.0	0.006	43540	700	263	264	1	4	1	58.78	58.78	58.78
juego1	easy	20.0	0.006	43549	700	264	264	0	4	1	58.78	58.78	58.78
juego1	easy	20.0	0.006	43557	700	264	264	0	4	1	58.78	58.78	58.78
juego1	easy	20.0	0.006	43566	700	264	264	0	4	1	58.78	58.78	58.78
juego1	easy	20.0	0.006	43574	700	264	264	0	4	1	58.76	58.76	58.76
juego1	easy	20.0	0.006	43583	700	264	264	0	4	1	58.74	58.74	58.74
juego1	easy	20.0	0.006	43591	700	264	264	0	4	1	58.68	58.68	58.68
juego1	easy	20.0	0.006	43600	700	264	264	0	4	1	58.6	58.6	58.6
juego1	easy	20.0	0.006	43607	700	264	265	1	4	1	58.55	58.55	58.55
juego1	easy	20.0	0.006	43616	700	264	265	1	4	1	58.45	58.45	58.45
juego1	easy	20.0	0.006	43624	700	265	265	0	4	1	58.33	58.33	58.33
juego1	easy	20.0	0.006	43632	700	265	265	0	4	1	58.28	58.28	58.28
juego1	easy	20.0	0.006	43641	700	265	266	1	4	1	58.18	58.18	58.18
juego1	easy	20.0	0.006	43649	700	265	266	1	4	1	58.09	58.09	58.09
juego1	easy	20.0	0.006	43658	700	265	266	1	4	1	58.04	58.04	58.04
juego1	easy	20.0	0.006	43667	700	265	266	1	4	1	57.94	57.94	57.94
juego1	easy	20.0	0.006	43675	700	265	266	1	4	1	57.87	57.87	57.87
juego1	easy	20.0	0.006	43684	700	265	266	1	4	1	57.82	57.82	57.82
juego1	easy	20.0	0.006	43692	700	266	267	1	4	1	57.81	57.81	57.81
juego1	easy	20.0	0.006	43701	700	266	267	1	4	1	57.77	57.77	57.77
juego1	easy	20.0	0.006	43709	700	266	267	1	4	1	57.7	57.7	57.7
juego1	easy	20.0	0.006	43718	700	266	267	1	4	1	57.65	57.65	57.65
juego1	easy	20.0	0.006	43727	700	266	267	1	4	1	57.57	57.57	57.57
juego1	easy	20.0	0.006	43735	700	266	267	1	4	1	57.52	57.52	57.52
juego1	easy	20.0	0.006	43744	700	266	267	1	4	1	57.5	57.5	57.5
juego1	easy	20.0	0.006	43753	700	266	268	2	4	1	57.43	57.43	57.43
juego1	easy	20.0	0.006	43762	700	266	268	2	4	1	57.41	57.41	57.41
juego1	easy	20.0	0.006	43770	700	267	268	1	4	1	57.37	57.37	57.37
juego1	easy	20.0	0.006	43779	700	267	268	1	4	1	57.36	57.36	57.36
juego1	easy	20.0	0.006	43788	700	267	268	1	4	1	57.34	57.34	57.34
juego1	easy	20.0	0.006	43796	700	267	268	1	4	1	57.32	57.32	57.32
juego1	easy	20.0	0.006	43805	700	267	268	1	4	1	57.28	57.28	57.28
juego1	easy	20.0	0.006	43813	700	267	268	1	4	1	57.24	57.24	57.24
juego1	easy	20.0	0.006	43822	700	267	268	1	4	1	57.16	57.16	57.16
juego1	easy	20.0	0.006	43830	700	268	268	0	4	1	57.06	57.06	57.06
juego1	easy	20.0	0.006	43840	700	268	269	1	4	1	56.95	56.95	56.95
juego1	easy	20.0	0.006	43847	700	268	269	1	4	1	56.88	56.88	56.88
juego1	easy	20.0	0.006	43855	700	268	269	1	4	1	56.79	56.79	56.79
juego1	easy	20.0	0.006	43864	700	268	269	1	4	1	56.75	56.75	56.75
juego1	easy	20.0	0.006	43872	700	268	269	1	4	1	56.68	56.68	56.68
juego1	easy	20.0	0.006	43881	700	268	270	2	4	1	56.66	56.66	56.66
juego1	easy	20.0	0.006	43890	700	268	270	2	4	1	56.66	56.66	56.66
juego1	easy	20.0	0.006	43897	700	269	270	1	4	1	56.64	56.64	56.64
juego1	easy	20.0	0.006	43906	700	269	270	1	4	1	56.61	56.61	56.61
juego1	easy	20.0	0.006	43915	700	269	270	1	4	1	56.56	56.56	56.56
juego1	easy	20.0	0.006	43922	700	269	270	1	4	1	56.54	56.54	56.54
juego1	easy	20.0	0.006	43931	700	269	270	1	4	1	56.48	56.48	56.48
juego1	easy	20.0	0.006	43940	700	269	270	1	4	1	56.46	56.46	56.46
juego1	easy	20.0	0.006	43949	700	269	270	1	4	1	56.45	56.45	56.45
juego1	easy	20.0	0.006	43958	700	270	270	0	4	1	56.44	56.44	56.44
juego1	easy	20.0	0.006	43966	700	270	270	0	4	1	56.42	56.42	56.42
juego1	easy	20.0	0.006	43975	700	270	270	0	4	1	56.4	56.4	56.4
juego1	easy	20.0	0.006	43983	700	270	270	0	4	1	56.39	56.39	56.39
juego1	easy	20.0	0.006	43991	700	270	270	0	4	1	56.38	56.38	56.38
juego1	easy	20.0	0.006	44000	700	270	270	0	4	1	56.38	56.38	56.38
juego1	easy	20.0	0.006	44008	700	270	270	0	4	1	56.37	56.37	56.37
juego1	easy	20.0	0.006	44017	700	271	270	-1	4	1	56.34	56.34	56.34
juego1	easy	20.0	0.006	44026	700	271	270	-1	4	1	56.33	56.33	56.33
juego1	easy	20.0	0.006	44035	700	271	270	-1	4	1	56.34	56.34	56.34
juego1	easy	20.0	0.006	44044	700	271	270	-1	4	1	56.35	56.35	56.35
juego1	easy	20.0	0.006	44051	700	271	270	-1	4	1	56.36	56.36	56.36
juego1	easy	20.0	0.006	44060	700	271	270	-1	4	1	56.39	56.39	56.39
juego1	easy	20.0	0.006	44068	700	271	270	-1	4	1	56.42	56.42	56.42
juego1	easy	20.0	0.006	44077	700	272	270	-2	4	1	56.48	56.48	56.48
juego1	easy	20.0	0.006	44086	700	272	270	-2	4	1	56.52	56.52	56.52
juego1	easy	20.0	0.006	44094	700	272	270	-2	4	1	56.54	56.54	56.54
juego1	easy	20.0	0.006	44103	700	272	270	-2	4	1	56.56	56.56	56.56
juego1	easy	20.0	0.006	44112	700	272	270	-2	4	1	56.58	56.58	56.58
juego1	easy	20.0	0.006	44119	700	272	270	-2	4	1	56.59	56.59	56.59
juego1	easy	20.0	0.006	44127	700	272	270	-2	4	1	56.55	56.55	56.55
juego1	easy	20.0	0.006	44136	700	273	270	-3	4	1	56.48	56.48	56.48
juego1	easy	20.0	0.006	44144	700	273	270	-3	4	1	56.43	56.43	56.43
juego1	easy	20.0	0.006	44153	700	273	270	-3	4	1	56.38	56.38	56.38
juego1	easy	20.0	0.006	44162	700	273	270	-3	4	1	56.33	56.33	56.33
juego1	easy	20.0	0.006	44170	700	273	271	-2	4	1	56.28	56.28	56.28
juego1	easy	20.0	0.006	44179	700	273	271	-2	4	1	56.25	56.25	56.25
juego1	easy	20.0	0.006	44188	700	273	271	-2	4	1	56.2	56.2	56.2
juego1	easy	20.0	0.006	44197	700	274	271	-3	4	1	56.14	56.14	56.14
juego1	easy	20.0	0.006	44205	700	274	271	-3	4	1	56.06	56.06	56.06
juego1	easy	20.0	0.006	44214	700	274	271	-3	4	1	56.02	56.02	56.02
juego1	easy	20.0	0.006	44222	700	274	271	-3	4	1	55.94	55.94	55.94
juego1	easy	20.0	0.006	44231	700	274	272	-2	4	1	55.85	55.85	55.85
juego1	easy	20.0	0.006	44239	700	274	272	-2	4	1	55.81	55.81	55.81
juego1	easy	20.0	0.006	44247	700	274	272	-2	4	1	55.75	55.75	55.75
juego1	easy	20.0	0.006	44256	700	275	272	-3	4	1	55.7	55.7	55.7
juego1	easy	20.0	0.006	44264	700	275	272	-3	4	1	55.69	55.69	55.69
juego1	easy	20.0	0.006	44272	700	275	272	-3	4	1	55.67	55.67	55.67
juego1	easy	20.0	0.006	44281	700	275	272	-3	4	1	55.64	55.64	55.64
juego1	easy	20.0	0.006	44289	700	275	272	-3	4	1	55.61	55.61	55.61
juego1	easy	20.0	0.006	44297	700	275	272	-3	4	1	55.56	55.56	55.56
juego1	easy	20.0	0.006	44306	700	276	273	-3	4	1	55.5	55.5	55.5
juego1	easy	20.0	0.006	44314	700	276	273	-3	4	1	55.46	55.46	55.46
juego1	easy	20.0	0.006	44322	700	276	273	-3	4	1	55.39	55.39	55.39
juego1	easy	20.0	0.006	44331	700	276	273	-3	4	1	55.32	55.32	55.32
juego1	easy	20.0	0.006	44339	700	276	273	-3	4	1	55.29	55.29	55.29
juego1	easy	20.0	0.006	44348	700	276	273	-3	4	1	55.24	55.24	55.24
juego1	easy	20.0	0.006	44356	700	276	273	-3	4	1	55.21	55.21	55.21
juego1	easy	20.0	0.006	44365	700	277	273	-4	4	1	55.2	55.2	55.2
juego1	easy	20.0	0.006	44374	700	277	273	-4	4	1	55.18	55.18	55.18
juego1	easy	20.0	0.006	44383	700	277	273	-4	4	1	55.16	55.16	55.16
juego1	easy	20.0	0.006	44392	700	277	273	-4	4	1	55.14	55.14	55.14
juego1	easy	20.0	0.006	44401	700	277	274	-3	4	1	55.11	55.11	55.11
juego1	easy	20.0	0.006	44409	700	277	274	-3	4	1	55.09	55.09	55.09
juego1	easy	20.0	0.006	44418	700	278	274	-4	4	1	55.05	55.05	55.05
juego1	easy	20.0	0.006	44427	700	278	274	-4	4	1	55.01	55.01	55.01
juego1	easy	20.0	0.006	44436	700	278	274	-4	4	1	54.94	54.94	54.94
juego1	easy	20.0	0.006	44444	700	278	274	-4	4	1	54.89	54.89	54.89
juego1	easy	20.0	0.006	44453	700	278	274	-4	4	1	54.76	54.76	54.76
juego1	easy	20.0	0.006	44462	700	278	275	-3	4	1	54.64	54.64	54.64
juego1	easy	20.0	0.006	44470	700	278	275	-3	4	1	54.6	54.6	54.6
juego1	easy	20.0	0.006	44479	700	279	275	-4	4	1	54.54	54.54	54.54
juego1	easy	20.0	0.006	44488	700	279	275	-4	4	1	54.51	54.51	54.51
juego1	easy	20.0	0.006	44496	700	279	275	-4	4	1	54.48	54.48	54.48
juego1	easy	20.0	0.006	44505	700	279	275	-4	4	1	54.47	54.47	54.47
juego1	easy	20.0	0.006	44513	700	279	275	-4	4	1	54.44	54.44	54.44
juego1	easy	20.0	0.006	44521	700	279	275	-4	4	1	54.41	54.41	54.41
juego1	easy	20.0	0.006	44530	700	280	275	-5	4	1	54.38	54.38	54.38
juego1	easy	20.0	0.006	44539	700	280	276	-4	4	1	54.35	54.35	54.35
juego1	easy	20.0	0.006	44547	700	280	276	-4	4	1	54.26	54.26	54.26
juego1	easy	20.0	0.006	44556	700	280	276	-4	4	1	54.21	54.21	54.21
juego1	easy	20.0	0.006	44565	700	280	276	-4	4	1	54.18	54.18	54.18
juego1	easy	20.0	0.006	44573	700	280	276	-4	4	1	54.1	54.1	54.1
juego1	easy	20.0	0.006	44582	700	281	276	-5	4	1	54.05	54.05	54.05
juego1	easy	20.0	0.006	44590	700	281	276	-5	4	1	53.99	53.99	53.99
juego1	easy	20.0	0.006	44599	700	281	277	-4	4	1	53.93	53.93	53.93
juego1	easy	20.0	0.006	44608	700	281	277	-4	4	1	53.84	53.84	53.84
juego1	easy	20.0	0.006	44616	700	281	277	-4	4	1	53.76	53.76	53.76
juego1	easy	20.0	0.006	44625	700	281	277	-4	4	1	53.72	53.72	53.72
juego1	easy	20.0	0.006	44633	700	281	277	-4	4	1	53.68	53.68	53.68
juego1	easy	20.0	0.006	44642	700	282	277	-5	4	1	53.67	53.67	53.67
juego1	easy	20.0	0.006	44651	700	282	277	-5	4	1	53.66	53.66	53.66
juego1	easy	20.0	0.006	44660	700	282	277	-5	4	1	53.65	53.65	53.65
juego1	easy	20.0	0.006	44669	700	282	278	-4	4	1	53.6	53.6	53.6
juego1	easy	20.0	0.006	44678	700	282	278	-4	4	1	53.6	53.6	53.6
juego1	easy	20.0	0.006	44686	700	282	277	-5	4	1	53.61	53.61	53.61
juego1	easy	20.0	0.006	44695	700	283	278	-5	4	1	53.6	53.6	53.6
juego1	easy	20.0	0.006	44703	700	283	278	-5	4	1	53.6	53.6	53.6
juego1	easy	20.0	0.006	44712	700	283	278	-5	4	1	53.59	53.59	53.59
juego1	easy	20.0	0.006	44720	700	283	278	-5	4	1	53.58	53.58	53.58
juego1	easy	20.0	0.006	44729	700	283	278	-5	4	1	53.54	53.54	53.54
juego1	easy	20.0	0.006	44737	700	284	278	-6	4	1	53.5	53.5	53.5
juego1	easy	20.0	0.006	44745	700	284	278	-6	4	1	53.48	53.48	53.48
juego1	easy	20.0	0.006	44753	700	284	278	-6	4	1	53.46	53.46	53.46
juego1	easy	20.0	0.006	44762	700	284	278	-6	4	1	53.45	53.45	53.45
juego1	easy	20.0	0.006	44770	700	284	278	-6	4	1	53.43	53.43	53.43
juego1	easy	20.0	0.006	44779	700	285	278	-7	4	1	53.41	53.41	53.41
juego1	easy	20.0	0.006	44787	700	285	278	-7	4	1	53.39	53.39	53.39
juego1	easy	20.0	0.006	44796	700	285	278	-7	4	1	53.35	53.35	53.35
juego1	easy	20.0	0.006	44805	700	285	278	-7	4	1	53.32	53.32	53.32
juego1	easy	20.0	0.006	44813	700	285	278	-7	4	1	53.25	53.25	53.25
juego1	easy	20.0	0.006	44822	700	286	279	-7	4	1	53.16	53.16	53.16
juego1	easy	20.0	0.006	44830	700	286	279	-7	4	1	53.11	53.11	53.11
juego1	easy	20.0	0.006	44838	700	286	279	-7	4	1	52.99	52.99	52.99
juego1	easy	20.0	0.006	44847	700	286	279	-7	4	1	52.88	52.88	52.88
juego1	easy	20.0	0.006	44855	700	286	280	-6	4	1	52.83	52.83	52.83
juego1	easy	20.0	0.006	44864	700	287	280	-7	4	1	52.73	52.73	52.73
juego1	easy	20.0	0.006	44872	700	287	280	-7	4	1	52.64	52.64	52.64
juego1	easy	20.0	0.006	44881	700	287	280	-7	4	1	52.59	52.59	52.59
juego1	easy	20.0	0.006	44889	700	287	280	-7	4	1	52.48	52.48	52.48
juego1	easy	20.0	0.006	44898	700	287	281	-6	4	1	52.39	52.39	52.39
juego1	easy	20.0	0.006	44907	700	288	281	-7	4	1	52.27	52.27	52.27
juego1	easy	20.0	0.006	44915	700	288	281	-7	4	1	52.21	52.21	52.21
juego1	easy	20.0	0.006	44923	700	288	282	-6	4	1	52.04	52.04	52.04
juego1	easy	20.0	0.006	44932	700	288	282	-6	4	1	51.8	51.8	51.8
juego1	easy	20.0	0.006	44940	700	288	283	-5	4	1	51.64	51.64	51.64
juego1	easy	20.0	0.006	44949	700	289	283	-6	4	1	51.34	51.34	51.34
juego1	easy	20.0	0.006	44957	700	289	284	-5	4	1	51.06	51.06	51.06
juego1	easy	20.0	0.006	44966	700	289	284	-5	4	1	50.95	50.95	50.95
juego1	easy	20.0	0.006	44975	700	289	285	-4	4	1	50.71	50.71	50.71
juego1	easy	20.0	0.006	44983	700	289	285	-4	4	1	50.55	50.55	50.55
juego1	easy	20.0	0.006	44992	700	290	286	-4	4	1	50.43	50.43	50.43
juego1	easy	20.0	0.006	45000	700	290	286	-4	4	1	50.38	50.38	50.38
juego1	easy	20.0	0.006	45009	700	290	286	-4	4	1	50.33	50.33	50.33
juego1	easy	20.0	0.006	45018	700	290	286	-4	4	1	50.23	50.23	50.23
juego1	easy	20.0	0.006	45026	700	290	286	-4	4	1	50.18	50.18	50.18
juego1	easy	20.0	0.006	45035	700	291	287	-4	4	1	50.06	50.06	50.06
juego1	easy	20.0	0.006	45043	700	291	287	-4	4	1	49.98	49.98	49.98
juego1	easy	20.0	0.006	45052	700	291	287	-4	4	1	49.97	49.97	49.97
juego1	easy	20.0	0.006	45061	700	291	287	-4	4	1	49.96	49.96	49.96
juego1	easy	20.0	0.006	45068	700	291	287	-4	4	1	49.94	49.94	49.94
juego1	easy	20.0	0.006	45077	700	292	287	-5	4	1	49.91	49.91	49.91
juego1	easy	20.0	0.006	45085	700	292	287	-5	4	1	49.88	49.88	49.88
juego1	easy	20.0	0.006	45094	700	292	287	-5	4	1	49.82	49.82	49.82
juego1	easy	20.0	0.006	45103	700	292	288	-4	4	1	49.76	49.76	49.76
juego1	easy	20.0	0.006	45111	700	292	288	-4	4	1	49.72	49.72	49.72
juego1	easy	20.0	0.006	45119	700	293	288	-5	4	1	49.63	49.63	49.63
juego1	easy	20.0	0.006	45128	700	293	288	-5	4	1	49.52	49.52	49.52
juego1	easy	20.0	0.006	45136	700	293	288	-5	4	1	49.45	49.45	49.45
juego1	easy	20.0	0.006	45144	700	293	289	-4	4	1	49.28	49.28	49.28
juego1	easy	20.0	0.006	45153	700	293	289	-4	4	1	49.11	49.11	49.11
juego1	easy	20.0	0.006	45161	700	293	289	-4	4	1	49.04	49.04	49.04
juego1	easy	20.0	0.006	45170	700	294	290	-4	4	1	48.88	48.88	48.88
juego1	easy	20.0	0.006	45178	700	294	290	-4	4	1	48.7	48.7	48.7
juego1	easy	20.0	0.006	45187	700	294	291	-3	4	1	48.46	48.46	48.46
juego1	easy	20.0	0.006	45196	700	294	291	-3	4	1	48.35	48.35	48.35
juego1	easy	20.0	0.006	45204	700	294	292	-2	4	1	48.15	48.15	48.15
juego1	easy	20.0	0.006	45213	700	295	292	-3	4	1	48.0	48.0	48.0
juego1	easy	20.0	0.006	45221	700	295	292	-3	4	1	47.96	47.96	47.96
juego1	easy	20.0	0.006	45230	700	295	292	-3	4	1	47.92	47.92	47.92
juego1	easy	20.0	0.006	45238	700	295	292	-3	4	1	47.92	47.92	47.92
juego1	easy	20.0	0.006	45247	700	295	292	-3	4	1	47.92	47.92	47.92
juego1	easy	20.0	0.006	45256	700	296	292	-4	4	1	47.91	47.91	47.91
juego1	easy	20.0	0.006	45264	700	296	293	-3	4	1	47.84	47.84	47.84
juego1	easy	20.0	0.006	45273	700	296	293	-3	4	1	47.79	47.79	47.79
juego1	easy	20.0	0.006	45282	700	296	293	-3	4	1	47.77	47.77	47.77
juego1	easy	20.0	0.006	45290	700	296	293	-3	4	1	47.75	47.75	47.75
juego1	easy	20.0	0.006	45299	700	296	293	-3	4	1	47.74	47.74	47.74
juego1	easy	20.0	0.006	45307	700	297	293	-4	4	1	47.75	47.75	47.75
juego1	easy	20.0	0.006	45316	700	297	293	-4	4	1	47.76	47.76	47.76
juego1	easy	20.0	0.006	45324	700	297	293	-4	4	1	47.75	47.75	47.75
juego1	easy	20.0	0.006	45333	700	297	293	-4	4	1	47.72	47.72	47.72
juego1	easy	20.0	0.006	45340	700	297	293	-4	4	1	47.7	47.7	47.7
juego1	easy	20.0	0.006	45349	700	298	293	-5	4	1	47.66	47.66	47.66
juego1	easy	20.0	0.006	45357	700	298	293	-5	4	1	47.63	47.63	47.63
juego1	easy	20.0	0.006	45366	700	298	293	-5	4	1	47.59	47.59	47.59
juego1	easy	20.0	0.006	45374	700	298	293	-5	4	1	47.59	47.59	47.59
juego1	easy	20.0	0.006	45383	700	298	293	-5	4	1	47.55	47.55	47.55
juego1	easy	20.0	0.006	45391	700	298	293	-5	4	1	47.54	47.54	47.54
juego1	easy	20.0	0.006	45400	700	299	293	-6	4	1	47.52	47.52	47.52
juego1	easy	20.0	0.006	45408	700	299	293	-6	4	1	47.49	47.49	47.49
juego1	easy	20.0	0.006	45417	700	299	294	-5	4	1	47.46	47.46	47.46
juego1	easy	20.0	0.006	45426	700	299	294	-5	4	1	47.39	47.39	47.39
juego1	easy	20.0	0.006	45434	700	299	294	-5	4	1	47.34	47.34	47.34
juego1	easy	20.0	0.006	45443	700	299	294	-5	4	1	47.31	47.31	47.31
juego1	easy	20.0	0.006	45451	700	300	294	-6	4	1	47.29	47.29	47.29
juego1	easy	20.0	0.006	45460	700	300	294	-6	4	1	47.27	47.27	47.27
juego1	easy	20.0	0.006	45468	700	300	294	-6	4	1	47.19	47.19	47.19
juego1	easy	20.0	0.006	45477	700	300	294	-6	4	1	47.12	47.12	47.12
juego1	easy	20.0	0.006	45486	700	300	295	-5	4	1	47.0	47.0	47.0
juego1	easy	20.0	0.006	45495	700	300	295	-5	4	1	46.87	46.87	46.87
juego1	easy	20.0	0.006	45503	700	300	295	-5	4	1	46.73	46.73	46.73
juego1	easy	20.0	0.006	45512	700	300	296	-4	4	1	46.67	46.67	46.67
juego1	easy	20.0	0.006	45520	700	300	296	-4	4	1	46.58	46.58	46.58
juego1	easy	20.0	0.006	45529	700	300	296	-4	4	1	46.53	46.53	46.53
juego1	easy	20.0	0.006	45537	700	300	296	-4	4	1	46.5	46.5	46.5
juego1	easy	20.0	0.006	45545	700	301	296	-5	4	1	46.4	46.4	46.4
juego1	easy	20.0	0.006	45554	700	301	297	-4	4	1	46.21	46.21	46.21
juego1	easy	20.0	0.006	45562	700	301	297	-4	4	1	46.11	46.11	46.11
juego1	easy	20.0	0.006	45571	700	301	298	-3	4	1	45.87	45.87	45.87
juego1	easy	20.0	0.006	45579	700	301	298	-3	4	1	45.58	45.58	45.58
juego1	easy	20.0	0.006	45588	700	301	299	-2	4	1	45.46	45.46	45.46
juego1	easy	20.0	0.006	45595	700	302	299	-3	4	1	45.25	45.25	45.25
juego1	easy	20.0	0.006	45604	700	302	300	-2	4	1	44.92	44.92	44.92
juego1	easy	20.0	0.006	45612	700	302	300	-2	4	1	44.75	44.75	44.75
juego1	easy	20.0	0.006	45621	700	302	300	-2	4	1	44.47	44.47	44.47
juego1	easy	20.0	0.006	45629	700	302	300	-2	4	1	44.42	44.42	44.42
juego1	easy	20.0	0.006	45638	700	302	300	-2	4	1	44.47	44.47	44.47
juego1	easy	20.0	0.006	45647	700	302	300	-2	4	1	44.55	44.55	44.55
juego1	easy	20.0	0.006	45655	700	303	300	-3	4	1	44.6	44.6	44.6
juego1	easy	20.0	0.006	45664	700	303	300	-3	4	1	44.59	44.59	44.59
juego1	easy	20.0	0.006	45672	700	303	300	-3	4	1	44.56	44.56	44.56
juego1	easy	20.0	0.006	45681	700	303	300	-3	4	1	44.46	44.46	44.46
juego1	easy	20.0	0.006	45689	700	303	301	-2	4	1	44.38	44.38	44.38
juego1	easy	20.0	0.006	45698	700	303	301	-2	4	1	44.35	44.35	44.35
juego1	easy	20.0	0.006	45707	700	304	301	-3	4	1	44.29	44.29	44.29
juego1	easy	20.0	0.006	45716	700	304	301	-3	4	1	44.24	44.24	44.24
juego1	easy	20.0	0.006	45725	700	304	301	-3	4	1	44.23	44.23	44.23
juego1	easy	20.0	0.006	45734	700	304	301	-3	4	1	44.27	44.27	44.27
juego1	easy	20.0	0.006	45742	700	304	301	-3	4	1	44.28	44.28	44.28
juego1	easy	20.0	0.006	45751	700	304	301	-3	4	1	44.27	44.27	44.27
juego1	easy	20.0	0.006	45759	700	304	301	-3	4	1	44.23	44.23	44.23
juego1	easy	20.0	0.006	45768	700	305	301	-4	4	1	44.18	44.18	44.18
juego1	easy	20.0	0.006	45777	700	305	301	-4	4	1	44.1	44.1	44.1
juego1	easy	20.0	0.006	45785	700	305	301	-4	4	1	44.04	44.04	44.04
juego1	easy	20.0	0.006	45794	700	305	302	-3	4	1	44.01	44.01	44.01
juego1	easy	20.0	0.006	45802	700	305	302	-3	4	1	44.0	44.0	44.0
juego1	easy	20.0	0.006	45811	700	305	302	-3	4	1	43.95	43.95	43.95
juego1	easy	20.0	0.006	45818	700	305	302	-3	4	1	43.92	43.92	43.92
juego1	easy	20.0	0.006	45827	700	306	302	-4	4	1	43.86	43.86	43.86
juego1	easy	20.0	0.006	45835	700	306	302	-4	4	1	43.76	43.76	43.76
juego1	easy	20.0	0.006	45844	700	306	302	-4	4	1	43.64	43.64	43.64
juego1	easy	20.0	0.006	45852	700	306	303	-3	4	1	43.57	43.57	43.57
juego1	easy	20.0	0.006	45861	700	306	303	-3	4	1	43.42	43.42	43.42
juego1	easy	20.0	0.006	45870	700	306	303	-3	4	1	43.28	43.28	43.28
juego1	easy	20.0	0.006	45878	700	306	304	-2	4	1	43.22	43.22	43.22
juego1	easy	20.0	0.006	45887	700	307	304	-3	4	1	43.12	43.12	43.12
juego1	easy	20.0	0.006	45896	700	307	304	-3	4	1	43.03	43.03	43.03
juego1	easy	20.0	0.006	45904	700	307	304	-3	4	1	42.99	42.99	42.99
juego1	easy	20.0	0.006	45911	700	307	304	-3	4	1	42.89	42.89	42.89
juego1	easy	20.0	0.006	45920	700	307	305	-2	4	1	42.77	42.77	42.77
juego1	easy	20.0	0.006	45928	700	307	305	-2	4	1	42.68	42.68	42.68
juego1	easy	20.0	0.006	45936	700	307	306	-1	4	1	42.48	42.48	42.48
juego1	easy	20.0	0.006	45945	700	307	306	-1	4	1	42.29	42.29	42.29
juego1	easy	20.0	0.006	45953	700	308	306	-2	4	1	42.2	42.2	42.2
juego1	easy	20.0	0.006	45961	700	308	307	-1	4	1	42.01	42.01	42.01
juego1	easy	20.0	0.006	45970	700	308	307	-1	4	1	41.87	41.87	41.87
juego1	easy	20.0	0.006	45978	700	308	307	-1	4	1	41.81	41.81	41.81
juego1	easy	20.0	0.006	45986	700	308	307	-1	4	1	41.73	41.73	41.73
juego1	easy	20.0	0.006	45995	700	308	308	0	4	1	41.63	41.63	41.63
juego1	easy	20.0	0.006	46003	700	308	308	0	4	1	41.57	41.57	41.57
juego1	easy	20.0	0.006	46012	700	308	308	0	4	1	41.44	41.44	41.44
juego1	easy	20.0	0.006	46021	700	309	308	-1	4	1	41.35	41.35	41.35
juego1	easy	20.0	0.006	46029	700	309	309	0	4	1	41.26	41.26	41.26
juego1	easy	20.0	0.006	46037	700	309	309	0	4	1	41.22	41.22	41.22
juego1	easy	20.0	0.006	46046	700	309	309	0	4	1	41.13	41.13	41.13
juego1	easy	20.0	0.006	46055	700	309	309	0	4	1	41.07	41.07	41.07
juego1	easy	20.0	0.006	46062	700	309	309	0	4	1	41.05	41.05	41.05
juego1	easy	20.0	0.006	46071	700	309	309	0	4	1	41.04	41.04	41.04
juego1	easy	20.0	0.006	46080	700	309	309	0	4	1	41.01	41.01	41.01
juego1	easy	20.0	0.006	46087	700	310	309	-1	4	1	40.99	40.99	40.99
juego1	easy	20.0	0.006	46096	700	310	310	0	4	1	40.93	40.93	40.93
juego1	easy	20.0	0.006	46104	700	310	310	0	4	1	40.91	40.91	40.91
juego1	easy	20.0	0.006	46113	700	310	310	0	4	1	40.86	40.86	40.86
juego1	easy	20.0	0.006	46121	700	310	310	0	4	1	40.84	40.84	40.84
juego1	easy	20.0	0.006	46130	700	310	310	0	4	1	40.78	40.78	40.78
juego1	easy	20.0	0.006	46138	700	310	310	0	4	1	40.73	40.73	40.73
juego1	easy	20.0	0.006	46147	700	310	310	0	4	1	40.63	40.63	40.63
juego1	easy	20.0	0.006	46155	700	310	310	0	4	1	40.59	40.59	40.59
juego1	easy	20.0	0.006	46164	700	310	311	1	4	1	40.56	40.56	40.56
juego1	easy	20.0	0.006	46173	700	311	311	0	4	1	40.5	40.5	40.5
juego1	easy	20.0	0.006	46181	700	311	311	0	4	1	40.45	40.45	40.45
juego1	easy	20.0	0.006	46190	700	311	311	0	4	1	40.43	40.43	40.43
juego1	easy	20.0	0.006	46198	700	311	311	0	4	1	40.4	40.4	40.4
juego1	easy	20.0	0.006	46206	700	311	311	0	4	1	40.31	40.31	40.31
juego1	easy	20.0	0.006	46215	700	311	311	0	4	1	40.27	40.27	40.27
juego1	easy	20.0	0.006	46223	700	311	311	0	4	1	40.26	40.26	40.26
juego1	easy	20.0	0.006	46232	700	311	311	0	4	1	40.24	40.24	40.24
juego1	easy	20.0	0.006	46240	700	311	312	1	4	1	40.18	40.18	40.18
juego1	easy	20.0	0.006	46249	700	311	312	1	4	1	40.15	40.15	40.15
juego1	easy	20.0	0.006	46258	700	312	312	0	4	1	40.05	40.05	40.05
juego1	easy	20.0	0.006	46267	700	312	312	0	4	1	39.94	39.94	39.94
juego1	easy	20.0	0.006	46275	700	312	312	0	4	1	39.9	39.9	39.9
juego1	easy	20.0	0.006	46284	700	312	312	0	4	1	39.9	39.9	39.9
juego1	easy	20.0	0.006	46292	700	312	312	0	4	1	39.87	39.87	39.87
juego1	easy	20.0	0.006	46301	700	312	312	0	4	1	39.85	39.85	39.85
juego1	easy	20.0	0.006	46310	700	312	312	0	4	1	39.85	39.85	39.85
juego1	easy	20.0	0.006	46318	700	312	312	0	4	1	39.84	39.84	39.84
juego1	easy	20.0	0.006	46327	700	312	312	0	4	1	39.83	39.83	39.83
juego1	easy	20.0	0.006	46335	700	312	313	1	4	1	39.79	39.79	39.79
juego1	easy	20.0	0.006	46343	700	312	313	1	4	1	39.77	39.77	39.77
juego1	easy	20.0	0.006	46352	700	312	313	1	4	1	39.73	39.73	39.73
juego1	easy	20.0	0.006	46361	700	313	313	0	4	1	39.7	39.7	39.7
juego1	easy	20.0	0.006	46369	700	313	313	0	4	1	39.68	39.68	39.68
juego1	easy	20.0	0.006	46378	700	313	313	0	4	1	39.66	39.66	39.66
juego1	easy	20.0	0.006	46387	700	313	313	0	4	1	39.65	39.65	39.65
juego1	easy	20.0	0.006	46395	700	313	313	0	4	1	39.62	39.62	39.62
juego1	easy	20.0	0.006	46404	700	313	313	0	4	1	39.59	39.59	39.59
juego1	easy	20.0	0.006	46413	700	313	313	0	4	1	39.55	39.55	39.55
juego1	easy	20.0	0.006	46422	700	313	313	0	4	1	39.5	39.5	39.5
juego1	easy	20.0	0.006	46430	700	313	313	0	4	1	39.44	39.44	39.44
juego1	easy	20.0	0.006	46439	700	313	313	0	4	1	39.42	39.42	39.42
juego1	easy	20.0	0.006	46447	700	313	314	1	4	1	39.34	39.34	39.34
juego1	easy	20.0	0.006	46456	700	313	314	1	4	1	39.26	39.26	39.26
juego1	easy	20.0	0.006	46464	700	313	314	1	4	1	39.2	39.2	39.2
juego1	easy	20.0	0.006	46473	700	313	314	1	4	1	39.05	39.05	39.05
juego1	easy	20.0	0.006	46481	700	314	315	1	4	1	38.97	38.97	38.97
juego1	easy	20.0	0.006	46491	700	314	315	1	4	1	38.95	38.95	38.95
juego1	easy	20.0	0.006	46498	700	314	315	1	4	1	38.92	38.92	38.92
juego1	easy	20.0	0.006	46507	700	314	315	1	4	1	38.86	38.86	38.86
juego1	easy	20.0	0.006	46516	700	314	315	1	4	1	38.81	38.81	38.81
juego1	easy	20.0	0.006	46524	700	314	315	1	4	1	38.8	38.8	38.8
juego1	easy	20.0	0.006	46533	700	314	315	1	4	1	38.79	38.79	38.79
juego1	easy	20.0	0.006	46540	700	314	315	1	4	1	38.75	38.75	38.75
juego1	easy	20.0	0.006	46549	700	314	315	1	4	1	38.72	38.72	38.72
juego1	easy	20.0	0.006	46557	700	314	316	2	4	1	38.65	38.65	38.65
juego1	easy	20.0	0.006	46566	700	314	316	2	4	1	38.57	38.57	38.57
juego1	easy	20.0	0.006	46574	700	314	316	2	4	1	38.53	38.53	38.53
juego1	easy	20.0	0.006	46583	700	314	316	2	4	1	38.45	38.45	38.45
juego1	easy	20.0	0.006	46592	700	314	316	2	4	1	38.39	38.39	38.39
juego1	easy	20.0	0.006	46600	700	314	316	2	4	1	38.37	38.37	38.37
juego1	easy	20.0	0.006	46608	700	314	316	2	4	1	38.36	38.36	38.36
juego1	easy	20.0	0.006	46617	700	314	316	2	4	1	38.34	38.34	38.34
juego1	easy	20.0	0.006	46626	700	314	316	2	4	1	38.3	38.3	38.3
juego1	easy	20.0	0.006	46634	700	314	316	2	4	1	38.28	38.28	38.28
juego1	easy	20.0	0.006	46643	700	314	317	3	4	1	38.24	38.24	38.24
juego1	easy	20.0	0.006	46651	700	315	317	2	4	1	38.21	38.21	38.21
juego1	easy	20.0	0.006	46659	700	315	317	2	4	1	38.2	38.2	38.2
juego1	easy	20.0	0.006	46668	700	315	317	2	4	1	38.16	38.16	38.16
juego1	easy	20.0	0.006	46676	700	315	317	2	4	1	38.12	38.12	38.12
juego1	easy	20.0	0.006	46685	700	315	317	2	4	1	38.1	38.1	38.1
juego1	easy	20.0	0.006	46693	700	315	317	2	4	1	38.05	38.05	38.05
juego1	easy	20.0	0.006	46702	700	315	317	2	4	1	38.0	38.0	38.0
juego1	easy	20.0	0.006	46711	700	315	317	2	4	1	37.97	37.97	37.97
juego1	easy	20.0	0.006	46719	700	315	317	2	4	1	37.91	37.91	37.91
juego1	easy	20.0	0.006	46727	700	315	318	3	4	1	37.86	37.86	37.86
juego1	easy	20.0	0.006	46736	700	315	318	3	4	1	37.83	37.83	37.83
juego1	easy	20.0	0.006	46744	700	315	318	3	4	1	37.8	37.8	37.8
juego1	easy	20.0	0.006	46753	700	315	318	3	4	1	37.75	37.75	37.75
juego1	easy	20.0	0.006	46761	700	315	318	3	4	1	37.67	37.67	37.67
juego1	easy	20.0	0.006	46770	700	315	318	3	4	1	37.64	37.64	37.64
juego1	easy	20.0	0.006	46779	700	315	318	3	4	1	37.57	37.57	37.57
juego1	easy	20.0	0.006	46788	700	315	318	3	4	1	37.53	37.53	37.53
juego1	easy	20.0	0.006	46796	700	315	318	3	4	1	37.51	37.51	37.51
juego1	easy	20.0	0.006	46805	700	315	319	4	4	1	37.5	37.5	37.5
juego1	easy	20.0	0.006	46813	700	315	318	3	4	1	37.53	37.53	37.53
juego1	easy	20.0	0.006	46822	700	315	318	3	4	1	37.55	37.55	37.55
juego1	easy	20.0	0.006	46829	700	315	318	3	4	1	37.55	37.55	37.55
juego1	easy	20.0	0.006	46838	700	315	318	3	4	1	37.55	37.55	37.55
juego1	easy	20.0	0.006	46845	700	315	318	3	4	1	37.54	37.54	37.54
juego1	easy	20.0	0.006	46853	700	315	318	3	4	1	37.53	37.53	37.53
juego1	easy	20.0	0.006	46862	700	315	318	3	4	1	37.52	37.52	37.52
juego1	easy	20.0	0.006	46871	700	315	318	3	4	1	37.51	37.51	37.51
juego1	easy	20.0	0.006	46878	700	315	318	3	4	1	37.52	37.52	37.52
juego1	easy	20.0	0.006	46887	700	315	318	3	4	1	37.53	37.53	37.53
juego1	easy	20.0	0.006	46896	700	315	318	3	4	1	37.53	37.53	37.53
juego1	easy	20.0	0.006	46903	700	315	318	3	4	1	37.53	37.53	37.53
juego1	easy	20.0	0.006	46912	700	315	318	3	4	1	37.53	37.53	37.53
juego1	easy	20.0	0.006	46920	700	315	318	3	4	1	37.53	37.53	37.53
juego1	easy	20.0	0.006	46928	700	315	318	3	4	1	37.54	37.54	37.54
juego1	easy	20.0	0.006	46937	700	315	318	3	4	1	37.56	37.56	37.56
juego1	easy	20.0	0.006	46945	700	315	318	3	4	1	37.57	37.57	37.57
juego1	easy	20.0	0.006	46954	700	315	318	3	4	1	37.6	37.6	37.6
juego1	easy	20.0	0.006	46962	700	315	318	3	4	1	37.62	37.62	37.62
juego1	easy	20.0	0.006	46971	700	315	318	3	4	1	37.64	37.64	37.64
juego1	easy	20.0	0.006	46980	700	315	318	3	4	1	37.67	37.67	37.67
juego1	easy	20.0	0.006	46988	700	315	318	3	4	1	37.71	37.71	37.71
juego1	easy	20.0	0.006	46997	700	315	318	3	4	1	37.73	37.73	37.73
juego1	easy	20.0	0.006	47005	700	315	318	3	4	1	37.72	37.72	37.72
juego1	easy	20.0	0.006	47014	700	315	318	3	4	1	37.75	37.75	37.75
juego1	easy	20.0	0.006	47022	700	315	318	3	4	1	37.8	37.8	37.8
juego1	easy	20.0	0.006	47031	700	315	318	3	4	1	37.82	37.82	37.82
juego1	easy	20.0	0.006	47040	700	315	318	3	4	1	37.84	37.84	37.84
juego1	easy	20.0	0.006	47048	700	315	318	3	4	1	37.87	37.87	37.87
juego1	easy	20.0	0.006	47057	700	315	317	2	4	1	37.91	37.91	37.91
juego1	easy	20.0	0.006	47065	700	315	317	2	4	1	37.92	37.92	37.92
juego1	easy	20.0	0.006	47074	700	315	317	2	4	1	37.92	37.92	37.92
juego1	easy	20.0	0.006	47082	700	315	317	2	4	1	37.93	37.93	37.93
juego1	easy	20.0	0.006	47091	700	315	317	2	4	1	37.93	37.93	37.93
juego1	easy	20.0	0.006	47100	700	315	317	2	4	1	37.95	37.95	37.95
juego1	easy	20.0	0.006	47109	700	315	317	2	4	1	37.96	37.96	37.96
juego1	easy	20.0	0.006	47117	700	315	317	2	4	1	37.95	37.95	37.95
juego1	easy	20.0	0.006	47126	700	315	317	2	4	1	37.95	37.95	37.95
juego1	easy	20.0	0.006	47134	700	315	317	2	4	1	37.96	37.96	37.96
juego1	easy	20.0	0.006	47143	700	315	317	2	4	1	37.98	37.98	37.98
juego1	easy	20.0	0.006	47151	700	315	317	2	4	1	38.0	38.0	38.0
juego1	easy	20.0	0.006	47160	700	315	317	2	4	1	38.01	38.01	38.01
juego1	easy	20.0	0.006	47168	700	315	317	2	4	1	38.05	38.05	38.05
juego1	easy	20.0	0.006	47177	700	315	317	2	4	1	38.1	38.1	38.1
juego1	easy	20.0	0.006	47186	700	314	317	3	4	1	38.11	38.11	38.11
juego1	easy	20.0	0.006	47194	700	314	317	3	4	1	38.12	38.12	38.12
juego1	easy	20.0	0.006	47203	700	314	317	3	4	1	38.15	38.15	38.15
juego1	easy	20.0	0.006	47211	700	314	317	3	4	1	38.16	38.16	38.16
juego1	easy	20.0	0.006	47220	700	314	317	3	4	1	38.2	38.2	38.2
juego1	easy	20.0	0.006	47229	700	314	317	3	4	1	38.24	38.24	38.24
juego1	easy	20.0	0.006	47238	700	314	317	3	4	1	38.25	38.25	38.25
juego1	easy	20.0	0.006	47245	700	314	317	3	4	1	38.25	38.25	38.25
juego1	easy	20.0	0.006	47253	700	314	317	3	4	1	38.26	38.26	38.26
juego1	easy	20.0	0.006	47261	700	314	316	2	4	1	38.29	38.29	38.29
juego1	easy	20.0	0.006	47270	700	314	316	2	4	1	38.34	38.34	38.34
juego1	easy	20.0	0.006	47278	700	314	316	2	4	1	38.42	38.42	38.42
juego1	easy	20.0	0.006	47287	700	314	316	2	4	1	38.48	38.48	38.48
juego1	easy	20.0	0.006	47296	700	314	316	2	4	1	38.59	38.59	38.59
juego1	easy	20.0	0.006	47305	700	314	315	1	4	1	38.71	38.71	38.71
juego1	easy	20.0	0.006	47313	700	314	315	1	4	1	38.79	38.79	38.79
juego1	easy	20.0	0.006	47322	700	314	315	1	4	1	38.81	38.81	38.81
juego1	easy	20.0	0.006	47331	700	314	315	1	4	1	38.8	38.8	38.8
juego1	easy	20.0	0.006	47339	700	314	315	1	4	1	38.78	38.78	38.78
juego1	easy	20.0	0.006	47348	700	314	315	1	4	1	38.76	38.76	38.76
juego1	easy	20.0	0.006	47357	700	314	315	1	4	1	38.76	38.76	38.76
juego1	easy	20.0	0.006	47366	700	313	315	2	4	1	38.77	38.77	38.77
juego1	easy	20.0	0.006	47374	700	313	315	2	4	1	38.79	38.79	38.79
juego1	easy	20.0	0.006	47382	700	313	315	2	4	1	38.78	38.78	38.78
juego1	easy	20.0	0.006	47390	700	313	315	2	4	1	38.77	38.77	38.77
juego1	easy	20.0	0.006	47398	700	313	315	2	4	1	38.73	38.73	38.73
juego1	easy	20.0	0.006	47407	700	313	315	2	4	1	38.71	38.71	38.71
juego1	easy	20.0	0.006	47415	700	313	315	2	4	1	38.71	38.71	38.71
juego1	easy	20.0	0.006	47424	700	313	315	2	4	1	38.74	38.74	38.74
juego1	easy	20.0	0.006	47433	700	313	315	2	4	1	38.79	38.79	38.79
juego1	easy	20.0	0.006	47442	700	313	315	2	4	1	38.81	38.81	38.81
juego1	easy	20.0	0.006	47450	700	313	315	2	4	1	38.83	38.83	38.83
juego1	easy	20.0	0.006	47459	700	313	315	2	4	1	38.82	38.82	38.82
juego1	easy	20.0	0.006	47468	700	313	315	2	4	1	38.84	38.84	38.84
juego1	easy	20.0	0.006	47476	700	313	315	2	4	1	38.86	38.86	38.86
juego1	easy	20.0	0.006	47485	700	312	315	3	4	1	38.89	38.89	38.89
juego1	easy	20.0	0.006	47493	700	312	315	3	4	1	38.94	38.94	38.94
juego1	easy	20.0	0.006	47502	700	312	315	3	4	1	38.98	38.98	38.98
juego1	easy	20.0	0.006	47510	700	312	314	2	4	1	39.05	39.05	39.05
juego1	easy	20.0	0.006	47519	700	312	314	2	4	1	39.15	39.15	39.15
juego1	easy	20.0	0.006	47527	700	312	314	2	4	1	39.2	39.2	39.2
juego1	easy	20.0	0.006	47535	700	312	314	2	4	1	39.29	39.29	39.29
juego1	easy	20.0	0.006	47544	700	312	314	2	4	1	39.38	39.38	39.38
juego1	easy	20.0	0.006	47553	700	312	313	1	4	1	39.48	39.48	39.48
juego1	easy	20.0	0.006	47561	700	312	313	1	4	1	39.54	39.54	39.54
juego1	easy	20.0	0.006	47570	700	312	313	1	4	1	39.66	39.66	39.66
juego1	easy	20.0	0.006	47578	700	312	313	1	4	1	39.79	39.79	39.79
juego1	easy	20.0	0.006	47587	700	311	312	1	4	1	39.85	39.85	39.85
juego1	easy	20.0	0.006	47596	700	311	312	1	4	1	39.95	39.95	39.95
juego1	easy	20.0	0.006	47604	700	311	312	1	4	1	40.06	40.06	40.06
juego1	easy	20.0	0.006	47613	700	311	312	1	4	1	40.18	40.18	40.18
juego1	easy	20.0	0.006	47621	700	311	311	0	4	1	40.23	40.23	40.23
juego1	easy	20.0	0.006	47630	700	311	311	0	4	1	40.32	40.32	40.32
juego1	easy	20.0	0.006	47638	700	311	311	0	4	1	40.41	40.41	40.41
juego1	easy	20.0	0.006	47647	700	311	311	0	4	1	40.46	40.46	40.46
juego1	easy	20.0	0.006	47655	700	311	310	-1	4	1	40.62	40.62	40.62
juego1	easy	20.0	0.006	47664	700	311	310	-1	4	1	40.79	40.79	40.79
juego1	easy	20.0	0.006	47672	700	310	310	0	4	1	40.88	40.88	40.88
juego1	easy	20.0	0.006	47681	700	310	309	-1	4	1	41.02	41.02	41.02
juego1	easy	20.0	0.006	47689	700	310	309	-1	4	1	41.12	41.12	41.12
juego1	easy	20.0	0.006	47698	700	310	309	-1	4	1	41.23	41.23	41.23
juego1	easy	20.0	0.006	47706	700	310	309	-1	4	1	41.31	41.31	41.31
juego1	easy	20.0	0.006	47715	700	310	308	-2	4	1	41.51	41.51	41.51
juego1	easy	20.0	0.006	47724	700	310	307	-3	4	1	41.77	41.77	41.77
juego1	easy	20.0	0.006	47733	700	310	307	-3	4	1	41.9	41.9	41.9
juego1	easy	20.0	0.006	47740	700	310	306	-4	4	1	42.16	42.16	42.16
juego1	easy	20.0	0.006	47749	700	310	306	-4	4	1	42.42	42.42	42.42
juego1	easy	20.0	0.006	47757	700	309	305	-4	4	1	42.55	42.55	42.55
juego1	easy	20.0	0.006	47765	700	309	305	-4	4	1	42.7	42.7	42.7
juego1	easy	20.0	0.006	47774	700	309	305	-4	4	1	42.8	42.8	42.8
juego1	easy	20.0	0.006	47782	700	309	305	-4	4	1	42.86	42.86	42.86
juego1	easy	20.0	0.006	47791	700	309	304	-5	4	1	43.0	43.0	43.0
juego1	easy	20.0	0.006	47799	700	309	304	-5	4	1	43.18	43.18	43.18
juego1	easy	20.0	0.006	47808	700	309	303	-6	4	1	43.28	43.28	43.28
juego1	easy	20.0	0.006	47817	700	309	303	-6	4	1	43.45	43.45	43.45
juego1	easy	20.0	0.006	47825	700	308	303	-5	4	1	43.53	43.53	43.53
juego1	easy	20.0	0.006	47834	700	308	303	-5	4	1	43.58	43.58	43.58
juego1	easy	20.0	0.006	47842	700	308	303	-5	4	1	43.59	43.59	43.59
juego1	easy	20.0	0.006	47851	700	308	303	-5	4	1	43.61	43.61	43.61
juego1	easy	20.0	0.006	47859	700	308	302	-6	4	1	43.64	43.64	43.64
juego1	easy	20.0	0.006	47867	700	308	302	-6	4	1	43.67	43.67	43.67
juego1	easy	20.0	0.006	47876	700	308	302	-6	4	1	43.71	43.71	43.71
juego1	easy	20.0	0.006	47884	700	308	302	-6	4	1	43.75	43.75	43.75
juego1	easy	20.0	0.006	47893	700	307	302	-5	4	1	43.75	43.75	43.75
juego1	easy	20.0	0.006	47902	700	307	302	-5	4	1	43.73	43.73	43.73
juego1	easy	20.0	0.006	47911	700	307	302	-5	4	1	43.71	43.71	43.71
juego1	easy	20.0	0.006	47919	700	307	302	-5	4	1	43.72	43.72	43.72
juego1	easy	20.0	0.006	47928	700	307	302	-5	4	1	43.74	43.74	43.74
juego1	easy	20.0	0.006	47937	700	307	302	-5	4	1	43.78	43.78	43.78
juego1	easy	20.0	0.006	47946	700	307	302	-5	4	1	43.83	43.83	43.83
juego1	easy	20.0	0.006	47953	700	307	302	-5	4	1	43.85	43.85	43.85
juego1	easy	20.0	0.006	47962	700	306	302	-4	4	1	43.88	43.88	43.88
juego1	easy	20.0	0.006	47971	700	306	302	-4	4	1	43.87	43.87	43.87
juego1	easy	20.0	0.006	47979	700	306	302	-4	4	1	43.88	43.88	43.88
juego1	easy	20.0	0.006	47988	700	306	302	-4	4	1	43.89	43.89	43.89
juego1	easy	20.0	0.006	47996	700	306	302	-4	4	1	43.91	43.91	43.91
juego1	easy	20.0	0.006	48005	700	306	302	-4	4	1	43.93	43.93	43.93
juego1	easy	20.0	0.006	48013	700	306	302	-4	4	1	43.93	43.93	43.93
juego1	easy	20.0	0.006	48022	700	305	302	-3	4	1	43.93	43.93	43.93
juego1	easy	20.0	0.006	48031	700	305	302	-3	4	1	43.92	43.92	43.92
juego1	easy	20.0	0.006	48038	700	305	302	-3	4	1	43.92	43.92	43.92
juego1	easy	20.0	0.006	48047	700	305	302	-3	4	1	43.91	43.91	43.91
juego1	easy	20.0	0.006	48056	700	305	302	-3	4	1	43.9	43.9	43.9
juego1	easy	20.0	0.006	48064	700	305	302	-3	4	1	43.93	43.93	43.93
juego1	easy	20.0	0.006	48073	700	305	302	-3	4	1	43.95	43.95	43.95
juego1	easy	20.0	0.006	48082	700	304	302	-2	4	1	44.0	44.0	44.0
juego1	easy	20.0	0.006	48091	700	304	302	-2	4	1	44.01	44.01	44.01
juego1	easy	20.0	0.006	48099	700	304	302	-2	4	1	44.0	44.0	44.0
juego1	easy	20.0	0.006	48108	700	304	302	-2	4	1	44.0	44.0	44.0
juego1	easy	20.0	0.006	48116	700	304	302	-2	4	1	44.0	44.0	44.0
juego1	easy	20.0	0.006	48125	700	304	301	-3	4	1	44.03	44.03	44.03
juego1	easy	20.0	0.006	48133	700	304	301	-3	4	1	44.05	44.05	44.05
juego1	easy	20.0	0.006	48141	700	303	301	-2	4	1	44.08	44.08	44.08
juego1	easy	20.0	0.006	48150	700	303	301	-2	4	1	44.09	44.09	44.09
juego1	easy	20.0	0.006	48158	700	303	301	-2	4	1	44.09	44.09	44.09
juego1	easy	20.0	0.006	48167	700	303	301	-2	4	1	44.09	44.09	44.09
juego1	easy	20.0	0.006	48176	700	303	301	-2	4	1	44.07	44.07	44.07
juego1	easy	20.0	0.006	48184	700	303	301	-2	4	1	44.05	44.05	44.05
juego1	easy	20.0	0.006	48193	700	302	301	-1	4	1	44.04	44.04	44.04
juego1	easy	20.0	0.006	48200	700	302	301	-1	4	1	44.03	44.03	44.03
juego1	easy	20.0	0.006	48209	700	302	301	-1	4	1	44.04	44.04	44.04
juego1	easy	20.0	0.006	48217	700	302	301	-1	4	1	44.06	44.06	44.06
juego1	easy	20.0	0.006	48225	700	302	301	-1	4	1	44.09	44.09	44.09
juego1	easy	20.0	0.006	48235	700	302	301	-1	4	1	44.13	44.13	44.13
juego1	easy	20.0	0.006	48242	700	301	301	0	4	1	44.15	44.15	44.15
juego1	easy	20.0	0.006	48251	700	301	301	0	4	1	44.19	44.19	44.19
juego1	easy	20.0	0.006	48259	700	301	301	0	4	1	44.24	44.24	44.24
juego1	easy	20.0	0.006	48268	700	301	301	0	4	1	44.25	44.25	44.25
juego1	easy	20.0	0.006	48276	700	301	301	0	4	1	44.29	44.29	44.29
juego1	easy	20.0	0.006	48285	700	301	301	0	4	1	44.33	44.33	44.33
juego1	easy	20.0	0.006	48293	700	301	301	0	4	1	44.34	44.34	44.34
juego1	easy	20.0	0.006	48302	700	300	301	1	4	1	44.39	44.39	44.39
juego1	easy	20.0	0.006	48310	700	300	300	0	4	1	44.47	44.47	44.47
juego1	easy	20.0	0.006	48319	700	300	300	0	4	1	44.5	44.5	44.5
juego1	easy	20.0	0.006	48328	700	300	300	0	4	1	44.52	44.52	44.52
juego1	easy	20.0	0.006	48336	700	300	300	0	4	1	44.54	44.54	44.54
juego1	easy	20.0	0.006	48345	700	300	300	0	4	1	44.56	44.56	44.56
juego1	easy	20.0	0.006	48353	700	300	300	0	4	1	44.57	44.57	44.57
juego1	easy	20.0	0.006	48362	700	300	300	0	4	1	44.6	44.6	44.6
juego1	easy	20.0	0.006	48371	700	300	300	0	4	1	44.62	44.62	44.62
juego1	easy	20.0	0.006	48379	700	300	300	0	4	1	44.63	44.63	44.63
juego1	easy	20.0	0.006	48388	700	300	300	0	4	1	44.65	44.65	44.65
juego1	easy	20.0	0.006	48396	700	299	300	1	4	1	44.68	44.68	44.68
juego1	easy	20.0	0.006	48405	700	299	300	1	4	1	44.73	44.73	44.73
juego1	easy	20.0	0.006	48413	700	299	300	1	4	1	44.77	44.77	44.77
juego1	easy	20.0	0.006	48422	700	299	300	1	4	1	44.83	44.83	44.83
juego1	easy	20.0	0.006	48429	700	299	300	1	4	1	44.83	44.83	44.83
juego1	easy	20.0	0.006	48437	700	299	300	1	4	1	44.85	44.85	44.85
juego1	easy	20.0	0.006	48446	700	298	300	2	4	1	44.88	44.88	44.88
juego1	easy	20.0	0.006	48455	700	298	300	2	4	1	44.91	44.91	44.91
juego1	easy	20.0	0.006	48463	700	298	300	2	4	1	44.93	44.93	44.93
juego1	easy	20.0	0.006	48472	700	298	300	2	4	1	45.0	45.0	45.0
juego1	easy	20.0	0.006	48480	700	298	300	2	4	1	45.07	45.07	45.07
juego1	easy	20.0	0.006	48489	700	298	300	2	4	1	45.1	45.1	45.1
juego1	easy	20.0	0.006	48497	700	297	299	2	4	1	45.18	45.18	45.18
juego1	easy	20.0	0.006	48506	700	297	299	2	4	1	45.23	45.23	45.23
juego1	easy	20.0	0.006	48514	700	297	299	2	4	1	45.25	45.25	45.25
juego1	easy	20.0	0.006	48522	700	297	299	2	4	1	45.29	45.29	45.29
juego1	easy	20.0	0.006	48531	700	297	299	2	4	1	45.34	45.34	45.34
juego1	easy	20.0	0.006	48539	700	296	299	3	4	1	45.37	45.37	45.37
juego1	easy	20.0	0.006	48547	700	296	299	3	4	1	45.44	45.44	45.44
juego1	easy	20.0	0.006	48556	700	296	299	3	4	1	45.51	45.51	45.51
juego1	easy	20.0	0.006	48564	700	296	299	3	4	1	45.55	45.55	45.55
juego1	easy	20.0	0.006	48573	700	296	298	2	4	1	45.6	45.6	45.6
juego1	easy	20.0	0.006	48581	700	295	298	3	4	1	45.69	45.69	45.69
juego1	easy	20.0	0.006	48590	700	295	298	3	4	1	45.81	45.81	45.81
juego1	easy	20.0	0.006	48599	700	295	297	2	4	1	46.11	46.11	46.11
juego1	easy	20.0	0.006	48607	700	295	296	1	4	1	46.36	46.36	46.36
juego1	easy	20.0	0.006	48616	700	295	296	1	4	1	46.46	46.46	46.46
juego1	easy	20.0	0.006	48624	700	295	296	1	4	1	46.45	46.45	46.45
juego1	easy	20.0	0.006	48633	700	294	296	2	4	1	46.42	46.42	46.42
juego1	easy	20.0	0.006	48641	700	294	296	2	4	1	46.45	46.45	46.45
juego1	easy	20.0	0.006	48650	700	294	296	2	4	1	46.49	46.49	46.49
juego1	easy	20.0	0.006	48659	700	294	296	2	4	1	46.61	46.61	46.61
juego1	easy	20.0	0.006	48668	700	294	295	1	4	1	46.71	46.71	46.71
juego1	easy	20.0	0.006	48676	700	293	295	2	4	1	46.8	46.8	46.8
juego1	easy	20.0	0.006	48685	700	293	295	2	4	1	46.85	46.85	46.85
juego1	easy	20.0	0.006	48692	700	293	295	2	4	1	46.91	46.91	46.91
juego1	easy	20.0	0.006	48701	700	293	295	2	4	1	46.96	46.96	46.96
juego1	easy	20.0	0.006	48709	700	293	295	2	4	1	47.0	47.0	47.0
juego1	easy	20.0	0.006	48718	700	292	295	3	4	1	47.02	47.02	47.02
juego1	easy	20.0	0.006	48725	700	292	295	3	4	1	47.08	47.08	47.08
juego1	easy	20.0	0.006	48734	700	292	294	2	4	1	47.12	47.12	47.12
juego1	easy	20.0	0.006	48742	700	292	294	2	4	1	47.21	47.21	47.21
juego1	easy	20.0	0.006	48751	700	292	294	2	4	1	47.25	47.25	47.25
juego1	easy	20.0	0.006	48759	700	292	294	2	4	1	47.26	47.26	47.26
juego1	easy	20.0	0.006	48768	700	291	294	3	4	1	47.28	47.28	47.28
juego1	easy	20.0	0.006	48776	700	291	294	3	4	1	47.33	47.33	47.33
juego1	easy	20.0	0.006	48785	700	291	294	3	4	1	47.36	47.36	47.36
juego1	easy	20.0	0.006	48794	700	291	294	3	4	1	47.42	47.42	47.42
juego1	easy	20.0	0.006	48802	700	291	294	3	4	1	47.44	47.44	47.44
juego1	easy	20.0	0.006	48811	700	290	294	4	4	1	47.46	47.46	47.46
juego1	easy	20.0	0.006	48818	700	290	293	3	4	1	47.48	47.48	47.48
juego1	easy	20.0	0.006	48827	700	290	293	3	4	1	47.53	47.53	47.53
juego1	easy	20.0	0.006	48836	700	290	293	3	4	1	47.57	47.57	47.57
juego1	easy	20.0	0.006	48843	700	290	293	3	4	1	47.66	47.66	47.66
juego1	easy	20.0	0.006	48852	700	289	293	4	4	1	47.73	47.73	47.73
juego1	easy	20.0	0.006	48861	700	289	293	4	4	1	47.77	47.77	47.77
juego1	easy	20.0	0.006	48869	700	289	293	4	4	1	47.79	47.79	47.79
juego1	easy	20.0	0.006	48878	700	289	293	4	4	1	47.84	47.84	47.84
juego1	easy	20.0	0.006	48886	700	289	292	3	4	1	47.93	47.93	47.93
juego1	easy	20.0	0.006	48895	700	288	292	4	4	1	47.99	47.99	47.99
juego1	easy	20.0	0.006	48903	700	288	292	4	4	1	48.1	48.1	48.1
juego1	easy	20.0	0.006	48912	700	288	292	4	4	1	48.19	48.19	48.19
juego1	easy	20.0	0.006	48920	700	288	291	3	4	1	48.26	48.26	48.26
juego1	easy	20.0	0.006	48928	700	288	291	3	4	1	48.43	48.43	48.43
juego1	easy	20.0	0.006	48937	700	287	290	3	4	1	48.65	48.65	48.65
juego1	easy	20.0	0.006	48946	700	287	290	3	4	1	48.73	48.73	48.73
juego1	easy	20.0	0.006	48953	700	287	290	3	4	1	48.81	48.81	48.81
juego1	easy	20.0	0.006	48962	700	287	290	3	4	1	48.83	48.83	48.83
juego1	easy	20.0	0.006	48970	700	287	290	3	4	1	48.87	48.87	48.87
juego1	easy	20.0	0.006	48979	700	286	290	4	4	1	48.96	48.96	48.96
juego1	easy	20.0	0.006	48987	700	286	289	3	4	1	49.13	49.13	49.13
juego1	easy	20.0	0.006	48996	700	286	289	3	4	1	49.31	49.31	49.31
juego1	easy	20.0	0.006	49004	700	286	288	2	4	1	49.39	49.39	49.39
juego1	easy	20.0	0.006	49013	700	286	288	2	4	1	49.53	49.53	49.53
juego1	easy	20.0	0.006	49022	700	285	288	3	4	1	49.65	49.65	49.65
juego1	easy	20.0	0.006	49030	700	285	288	3	4	1	49.72	49.72	49.72
juego1	easy	20.0	0.006	49039	700	285	287	2	4	1	49.83	49.83	49.83
juego1	easy	20.0	0.006	49047	700	285	287	2	4	1	49.93	49.93	49.93
juego1	easy	20.0	0.006	49056	700	285	287	2	4	1	50.0	50.0	50.0
juego1	easy	20.0	0.006	49064	700	284	287	3	4	1	50.11	50.11	50.11
juego1	easy	20.0	0.006	49072	700	284	286	2	4	1	50.22	50.22	50.22
juego1	easy	20.0	0.006	49081	700	284	286	2	4	1	50.27	50.27	50.27
juego1	easy	20.0	0.006	49090	700	284	286	2	4	1	50.33	50.33	50.33
juego1	easy	20.0	0.006	49098	700	284	286	2	4	1	50.36	50.36	50.36
juego1	easy	20.0	0.006	49107	700	283	286	3	4	1	50.38	50.38	50.38
juego1	easy	20.0	0.006	49116	700	283	286	3	4	1	50.39	50.39	50.39
juego1	easy	20.0	0.006	49124	700	283	286	3	4	1	50.46	50.46	50.46
juego1	easy	20.0	0.006	49133	700	283	285	2	4	1	50.55	50.55	50.55
juego1	easy	20.0	0.006	49141	700	283	285	2	5	0	50.61	50.61	50.61
juego1	easy	40.0	0.008	49150	700	282	285	3	5	0	50.7	50.7	50.7
juego1	easy	40.0	0.008	49159	700	282	285	3	5	0	50.78	50.78	50.78
juego1	easy	40.0	0.008	49168	700	282	285	3	5	0	50.85	50.85	50.85
juego1	easy	40.0	0.008	49177	700	281	284	3	5	0	50.94	50.94	50.94
juego1	easy	40.0	0.008	49186	700	281	284	3	5	0	50.99	50.99	50.99
juego1	easy	40.0	0.008	49195	700	280	284	4	5	0	51.06	51.06	51.06
juego1	easy	40.0	0.008	49204	700	280	284	4	5	0	51.13	51.13	51.13
juego1	easy	40.0	0.008	49213	700	280	284	4	5	0	51.18	51.18	51.18
juego1	easy	40.0	0.008	49222	700	279	284	5	5	0	51.23	51.23	51.23
juego1	easy	40.0	0.008	49231	700	279	284	5	5	0	51.26	51.26	51.26
juego1	easy	40.0	0.008	49240	700	278	283	5	5	0	51.32	51.32	51.32
juego1	easy	40.0	0.008	49249	700	278	283	5	5	0	51.4	51.4	51.4
juego1	easy	40.0	0.008	49258	700	277	283	6	5	0	51.49	51.49	51.49
juego1	easy	40.0	0.008	49267	700	277	283	6	5	0	51.57	51.57	51.57
juego1	easy	40.0	0.008	49276	700	277	283	6	5	0	51.61	51.61	51.61
juego1	easy	40.0	0.008	49285	700	276	282	6	5	0	51.73	51.73	51.73
juego1	easy	40.0	0.008	49294	700	276	282	6	5	0	51.83	51.83	51.83
juego1	easy	40.0	0.008	49303	700	275	282	7	5	0	51.92	51.92	51.92
juego1	easy	40.0	0.008	49312	700	275	282	7	5	0	51.94	51.94	51.94
juego1	easy	40.0	0.008	49320	700	275	282	7	5	0	51.98	51.98	51.98
juego1	easy	40.0	0.008	49329	700	274	282	8	5	0	51.99	51.99	51.99
juego1	easy	40.0	0.008	49338	700	274	282	8	5	0	52.0	52.0	52.0
juego1	easy	40.0	0.008	49346	700	273	282	9	5	0	52.02	52.02	52.02
juego1	easy	40.0	0.008	49354	700	273	282	9	5	0	52.04	52.04	52.04
juego1	easy	40.0	0.008	49363	700	272	281	9	5	0	52.07	52.07	52.07
juego1	easy	40.0	0.008	49370	700	272	281	9	5	0	52.1	52.1	52.1
juego1	easy	40.0	0.008	49379	700	272	281	9	5	0	52.15	52.15	52.15
juego1	easy	40.0	0.008	49388	700	271	281	10	5	0	52.16	52.16	52.16
juego1	easy	40.0	0.008	49397	700	271	281	10	5	0	52.16	52.16	52.16
juego1	easy	40.0	0.008	49404	700	270	281	11	5	0	52.17	52.17	52.17
juego1	easy	40.0	0.008	49413	700	270	281	11	5	0	52.22	52.22	52.22
juego1	easy	40.0	0.008	49422	700	270	281	11	5	0	52.27	52.27	52.27
juego1	easy	40.0	0.008	49431	700	269	281	12	5	0	52.3	52.3	52.3
juego1	easy	40.0	0.008	49440	700	269	281	12	5	0	52.34	52.34	52.34
juego1	easy	40.0	0.008	49448	700	268	281	13	5	0	52.36	52.36	52.36
juego1	easy	40.0	0.008	49458	700	268	281	13	5	0	52.35	52.35	52.35
juego1	easy	40.0	0.008	49465	700	268	281	13	5	0	52.36	52.36	52.36
juego1	easy	40.0	0.008	49474	700	267	281	14	5	0	52.4	52.4	52.4
juego1	easy	40.0	0.008	49483	700	267	281	14	5	0	52.44	52.44	52.44
juego1	easy	40.0	0.008	49492	700	266	280	14	5	0	52.5	52.5	52.5
juego1	easy	40.0	0.008	49500	700	266	280	14	5	0	52.57	52.57	52.57
juego1	easy	40.0	0.008	49509	700	265	280	15	5	0	52.65	52.65	52.65
juego1	easy	40.0	0.008	49518	700	265	280	15	5	0	52.69	52.69	52.69
juego1	easy	40.0	0.008	49526	700	265	280	15	5	0	52.7	52.7	52.7
juego1	easy	40.0	0.008	49534	700	264	280	16	5	0	52.73	52.73	52.73
juego1	easy	40.0	0.008	49543	700	264	280	16	5	0	52.76	52.76	52.76
juego1	easy	40.0	0.008	49552	700	264	280	16	5	0	52.79	52.79	52.79
juego1	easy	40.0	0.008	49560	700	263	279	16	5	0	52.87	52.87	52.87
juego1	easy	40.0	0.008	49568	700	263	279	16	5	0	53.01	53.01	53.01
juego1	easy	40.0	0.008	49576	700	262	279	17	5	0	53.1	53.1	53.1
juego1	easy	40.0	0.008	49585	700	262	278	16	5	0	53.29	53.29	53.29
juego1	easy	40.0	0.008	49594	700	262	278	16	5	0	53.46	53.46	53.46
juego1	easy	40.0	0.008	49603	700	261	278	17	5	0	53.51	53.51	53.51
juego1	easy	40.0	0.008	49612	700	261	278	17	5	0	53.54	53.54	53.54
juego1	easy	40.0	0.008	49620	700	260	278	18	5	0	53.56	53.56	53.56
juego1	easy	40.0	0.008	49629	700	260	277	17	5	0	53.61	53.61	53.61
juego1	easy	40.0	0.008	49638	700	260	277	17	5	0	53.77	53.77	53.77
juego1	easy	40.0	0.008	49646	700	259	277	18	5	0	53.89	53.89	53.89
juego1	easy	40.0	0.008	49655	700	259	276	17	5	0	54.16	54.16	54.16
juego1	easy	40.0	0.008	49664	700	258	275	17	5	0	54.43	54.43	54.43
juego1	easy	40.0	0.008	49673	700	258	275	17	5	0	54.58	54.58	54.58
juego1	easy	40.0	0.008	49681	700	258	274	16	5	0	54.76	54.76	54.76
juego1	easy	40.0	0.008	49690	700	257	274	17	5	0	54.85	54.85	54.85
juego1	easy	40.0	0.008	49699	700	257	274	17	5	0	54.9	54.9	54.9
juego1	easy	40.0	0.008	49708	700	257	274	17	5	0	54.96	54.96	54.96
juego1	easy	40.0	0.008	49716	700	256	274	18	5	0	55.01	55.01	55.01
juego1	easy	40.0	0.008	49725	700	256	274	18	5	0	55.12	55.12	55.12
juego1	easy	40.0	0.008	49734	700	256	273	17	5	0	55.3	55.3	55.3
juego1	easy	40.0	0.008	49743	700	255	272	17	5	0	55.52	55.52	55.52
juego1	easy	40.0	0.008	49750	700	255	272	17	5	0	55.64	55.64	55.64
juego1	easy	40.0	0.008	49759	700	254	272	18	5	0	55.85	55.85	55.85
juego1	easy	40.0	0.008	49767	700	254	271	17	5	0	55.93	55.93	55.93
juego1	easy	40.0	0.008	49776	700	254	271	17	5	0	56.08	56.08	56.08
juego1	easy	40.0	0.008	49785	700	253	271	18	5	0	56.19	56.19	56.19
juego1	easy	40.0	0.008	49794	700	253	270	17	5	0	56.32	56.32	56.32
juego1	easy	40.0	0.008	49801	700	253	270	17	5	0	56.4	56.4	56.4
juego1	easy	40.0	0.008	49810	700	252	270	18	5	0	56.58	56.58	56.58
juego1	easy	40.0	0.008	49818	700	252	269	17	5	0	56.79	56.79	56.79
juego1	easy	40.0	0.008	49826	700	252	269	17	5	0	56.91	56.91	56.91
juego1	easy	40.0	0.008	49835	700	251	268	17	5	0	57.15	57.15	57.15
juego1	easy	40.0	0.008	49843	700	251	268	17	5	0	57.37	57.37	57.37
juego1	easy	40.0	0.008	49852	700	251	267	16	5	0	57.47	57.47	57.47
juego1	easy	40.0	0.008	49861	700	250	267	17	5	0	57.64	57.64	57.64
juego1	easy	40.0	0.008	49869	700	250	267	17	5	0	57.78	57.78	57.78
juego1	easy	40.0	0.008	49878	700	250	266	16	5	0	57.89	57.89	57.89
juego1	easy	40.0	0.008	49887	700	249	266	17	5	0	57.94	57.94	57.94
juego1	easy	40.0	0.008	49896	700	249	266	17	5	0	58.1	58.1	58.1
juego1	easy	40.0	0.008	49905	700	249	265	16	5	0	58.3	58.3	58.3
juego1	easy	40.0	0.008	49915	700	248	265	17	5	0	58.51	58.51	58.51
juego1	easy	40.0	0.008	49922	700	248	264	16	5	0	58.61	58.61	58.61
juego1	easy	40.0	0.008	49930	700	248	264	16	5	0	58.81	58.81	58.81
juego1	easy	40.0	0.008	49939	700	247	263	16	5	0	58.99	58.99	58.99
juego1	easy	40.0	0.008	49948	700	247	263	16	5	0	59.08	59.08	59.08
juego1	easy	40.0	0.008	49956	700	247	263	16	5	0	59.26	59.26	59.26
juego1	easy	40.0	0.008	49965	700	246	262	16	5	0	59.47	59.47	59.47
juego1	easy	40.0	0.008	49974	700	246	262	16	5	0	59.69	59.69	59.69
juego1	easy	40.0	0.008	49981	700	246	261	15	5	0	59.8	59.8	59.8
juego1	easy	40.0	0.008	49990	700	246	261	15	5	0	60.03	60.03	60.03
juego1	easy	40.0	0.008	49999	700	245	260	15	5	0	60.28	60.28	60.28
juego1	easy	40.0	0.008	50008	700	245	260	15	5	0	60.41	60.41	60.41
juego1	easy	40.0	0.008	50015	700	245	259	14	5	0	60.71	60.71	60.71
juego1	easy	40.0	0.008	50024	700	244	258	14	5	0	60.99	60.99	60.99
juego1	easy	40.0	0.008	50033	700	244	258	14	5	0	61.13	61.13	61.13
juego1	easy	40.0	0.008	50041	700	244	257	13	5	0	61.41	61.41	61.41
juego1	easy	40.0	0.008	50050	700	243	256	13	5	0	61.67	61.67	61.67
juego1	easy	40.0	0.008	50059	700	243	256	13	5	0	61.93	61.93	61.93
juego1	easy	40.0	0.008	50068	700	243	255	12	5	0	62.19	62.19	62.19
juego1	easy	40.0	0.008	50077	700	243	255	12	5	0	62.34	62.34	62.34
juego1	easy	40.0	0.008	50086	700	242	254	12	5	0	62.59	62.59	62.59
juego1	easy	40.0	0.008	50095	700	242	253	11	5	0	62.83	62.83	62.83
juego1	easy	40.0	0.008	50103	700	242	253	11	5	0	62.94	62.94	62.94
juego1	easy	40.0	0.008	50112	700	242	253	11	5	0	63.17	63.17	63.17
juego1	easy	40.0	0.008	50120	700	241	252	11	5	0	63.39	63.39	63.39
juego1	easy	40.0	0.008	50128	700	241	252	11	5	0	63.51	63.51	63.51
juego1	easy	40.0	0.008	50135	700	241	251	10	5	0	63.72	63.72	63.72
juego1	easy	40.0	0.008	50144	700	240	250	10	5	0	63.95	63.95	63.95
juego1	easy	40.0	0.008	50152	700	240	250	10	5	0	64.06	64.06	64.06
juego1	easy	40.0	0.008	50161	700	240	250	10	5	0	64.3	64.3	64.3
juego1	easy	40.0	0.008	50168	700	240	249	9	5	0	64.42	64.42	64.42
juego1	easy	40.0	0.008	50177	700	239	249	10	5	0	64.64	64.64	64.64
juego1	easy	40.0	0.008	50185	700	239	248	9	5	0	64.84	64.84	64.84
juego1	easy	40.0	0.008	50193	700	239	248	9	5	0	64.93	64.93	64.93
juego1	easy	40.0	0.008	50201	700	239	248	9	5	0	65.09	65.09	65.09
juego1	easy	40.0	0.008	50210	700	239	247	8	5	0	65.23	65.23	65.23
juego1	easy	40.0	0.008	50218	700	238	247	9	5	0	65.3	65.3	65.3
juego1	easy	40.0	0.008	50227	700	238	247	9	5	0	65.43	65.43	65.43
juego1	easy	40.0	0.008	50235	700	238	246	8	5	0	65.56	65.56	65.56
juego1	easy	40.0	0.008	50243	700	238	246	8	5	0	65.64	65.64	65.64
juego1	easy	40.0	0.008	50252	700	237	246	9	5	0	65.81	65.81	65.81
juego1	easy	40.0	0.008	50261	700	237	245	8	5	0	65.99	65.99	65.99
juego1	easy	40.0	0.008	50269	700	237	245	8	5	0	66.17	66.17	66.17
juego1	easy	40.0	0.008	50278	700	237	244	7	5	0	66.26	66.26	66.26
juego1	easy	40.0	0.008	50288	700	237	244	7	5	0	66.42	66.42	66.42
juego1	easy	40.0	0.008	50296	700	236	244	8	5	0	66.55	66.55	66.55
juego1	easy	40.0	0.008	50304	700	236	244	8	5	0	66.6	66.6	66.6
juego1	easy	40.0	0.008	50312	700	236	243	7	5	0	66.72	66.72	66.72
juego1	easy	40.0	0.008	50321	700	236	243	7	5	0	66.84	66.84	66.84
juego1	easy	40.0	0.008	50330	700	236	243	7	5	0	66.98	66.98	66.98
juego1	easy	40.0	0.008	50340	700	235	242	7	5	0	67.1	67.1	67.1
juego1	easy	40.0	0.008	50348	700	235	242	7	5	0	67.16	67.16	67.16
juego1	easy	40.0	0.008	50357	700	235	242	7	5	0	67.25	67.25	67.25
juego1	easy	40.0	0.008	50366	700	235	242	7	5	0	67.34	67.34	67.34
juego1	easy	40.0	0.008	50374	700	235	242	7	5	0	67.37	67.37	67.37
juego1	easy	40.0	0.008	50383	700	234	241	7	5	0	67.46	67.46	67.46
juego1	easy	40.0	0.008	50391	700	234	241	7	5	0	67.59	67.59	67.59
juego1	easy	40.0	0.008	50400	700	234	241	7	5	0	67.76	67.76	67.76
juego1	easy	40.0	0.008	50409	700	234	240	6	5	0	67.96	67.96	67.96
juego1	easy	40.0	0.008	50418	700	234	240	6	5	0	68.04	68.04	68.04
juego1	easy	40.0	0.008	50427	700	234	239	5	5	0	68.22	68.22	68.22
juego1	easy	40.0	0.008	50435	700	233	239	6	5	0	68.39	68.39	68.39
juego1	easy	40.0	0.008	50444	700	233	239	6	5	0	68.47	68.47	68.47
juego1	easy	40.0	0.008	50454	700	233	238	5	5	0	68.64	68.64	68.64
juego1	easy	40.0	0.008	50461	700	233	238	5	5	0	68.78	68.78	68.78
juego1	easy	40.0	0.008	50470	700	233	238	5	5	0	68.93	68.93	68.93
juego1	easy	40.0	0.008	50479	700	233	237	4	5	0	68.98	68.98	68.98
juego1	easy	40.0	0.008	50487	700	233	237	4	5	0	69.06	69.06	69.06
juego1	easy	40.0	0.008	50496	700	232	237	5	5	0	69.16	69.16	69.16
juego1	easy	40.0	0.008	50505	700	232	237	5	5	0	69.27	69.27	69.27
juego1	easy	40.0	0.008	50514	700	232	236	4	5	0	69.33	69.33	69.33
juego1	easy	40.0	0.008	50523	700	232	236	4	5	0	69.46	69.46	69.46
juego1	easy	40.0	0.008	50530	700	232	236	4	5	0	69.58	69.58	69.58
juego1	easy	40.0	0.008	50539	700	232	236	4	5	0	69.64	69.64	69.64
juego1	easy	40.0	0.008	50546	700	232	235	3	5	0	69.75	69.75	69.75
juego1	easy	40.0	0.008	50555	700	232	235	3	5	0	69.87	69.87	69.87
juego1	easy	40.0	0.008	50565	700	231	235	4	5	0	70.0	70.0	70.0
juego1	easy	40.0	0.008	50573	700	231	235	4	5	0	70.08	70.08	70.08
juego1	easy	40.0	0.008	50582	700	231	234	3	5	0	70.2	70.2	70.2
juego1	easy	40.0	0.008	50590	700	231	234	3	5	0	70.31	70.31	70.31
juego1	easy	40.0	0.008	50599	700	231	234	3	5	0	70.36	70.36	70.36
juego1	easy	40.0	0.008	50608	700	231	234	3	5	0	70.43	70.43	70.43
juego1	easy	40.0	0.008	50616	700	231	233	2	5	0	70.49	70.49	70.49
juego1	easy	40.0	0.008	50625	700	231	233	2	5	0	70.55	70.55	70.55
juego1	easy	40.0	0.008	50634	700	231	233	2	5	0	70.58	70.58	70.58
juego1	easy	40.0	0.008	50642	700	231	233	2	5	0	70.66	70.66	70.66
juego1	easy	40.0	0.008	50651	700	231	233	2	5	0	70.77	70.77	70.77
juego1	easy	40.0	0.008	50658	700	230	233	3	5	0	70.84	70.84	70.84
juego1	easy	40.0	0.008	50667	700	230	232	2	5	0	70.95	70.95	70.95
juego1	easy	40.0	0.008	50676	700	230	232	2	5	0	71.05	71.05	71.05
juego1	easy	40.0	0.008	50684	700	230	232	2	5	0	71.1	71.1	71.1
juego1	easy	40.0	0.008	50693	700	230	232	2	5	0	71.17	71.17	71.17
juego1	easy	40.0	0.008	50701	700	230	231	1	5	0	71.26	71.26	71.26
juego1	easy	40.0	0.008	50709	700	230	231	1	5	0	71.3	71.3	71.3
juego1	easy	40.0	0.008	50718	700	230	231	1	5	0	71.42	71.42	71.42
juego1	easy	40.0	0.008	50727	700	230	231	1	5	0	71.53	71.53	71.53
juego1	easy	40.0	0.008	50734	700	230	231	1	5	0	71.6	71.6	71.6
juego1	easy	40.0	0.008	50743	700	230	230	0	5	0	71.69	71.69	71.69
juego1	easy	40.0	0.008	50752	700	230	230	0	5	0	71.76	71.76	71.76
juego1	easy	40.0	0.008	50759	700	230	230	0	5	0	71.78	71.78	71.78
juego1	easy	40.0	0.008	50768	700	230	230	0	5	0	71.83	71.83	71.83
juego1	easy	40.0	0.008	50776	700	230	230	0	5	0	71.91	71.91	71.91
juego1	easy	40.0	0.008	50783	700	230	230	0	5	0	71.96	71.96	71.96
juego1	easy	40.0	0.008	50792	700	230	229	-1	5	0	72.06	72.06	72.06
juego1	easy	40.0	0.008	50801	700	230	229	-1	5	0	72.16	72.16	72.16
juego1	easy	40.0	0.008	50809	700	230	229	-1	5	0	72.2	72.2	72.2
juego1	easy	40.0	0.008	50818	700	230	229	-1	5	0	72.26	72.26	72.26
juego1	easy	40.0	0.008	50826	700	230	229	-1	5	0	72.31	72.31	72.31
juego1	easy	40.0	0.008	50834	700	230	229	-1	5	0	72.33	72.33	72.33
juego1	easy	40.0	0.008	50843	700	230	229	-1	5	0	72.36	72.36	72.36
juego1	easy	40.0	0.008	50852	700	230	228	-2	5	0	72.4	72.4	72.4
juego1	easy	40.0	0.008	50859	700	230	228	-2	5	0	72.42	72.42	72.42
juego1	easy	40.0	0.008	50868	700	230	228	-2	5	0	72.44	72.44	72.44
juego1	easy	40.0	0.008	50877	700	230	228	-2	5	0	72.47	72.47	72.47
juego1	easy	40.0	0.008	50886	700	230	228	-2	5	0	72.48	72.48	72.48
juego1	easy	40.0	0.008	50895	700	230	228	-2	5	0	72.5	72.5	72.5
juego1	easy	40.0	0.008	50903	700	230	228	-2	5	0	72.5	72.5	72.5
juego1	easy	40.0	0.008	50911	700	230	228	-2	5	0	72.49	72.49	72.49
juego1	easy	40.0	0.008	50920	700	230	228	-2	5	0	72.48	72.48	72.48
juego1	easy	40.0	0.008	50929	700	230	228	-2	5	0	72.47	72.47	72.47
juego1	easy	40.0	0.008	50938	700	230	228	-2	5	0	72.49	72.49	72.49
juego1	easy	40.0	0.008	50946	700	230	228	-2	5	0	72.53	72.53	72.53
juego1	easy	40.0	0.008	50954	700	230	228	-2	5	0	72.55	72.55	72.55
juego1	easy	40.0	0.008	50963	700	230	228	-2	5	0	72.58	72.58	72.58
juego1	easy	40.0	0.008	50972	700	230	228	-2	5	0	72.57	72.57	72.57
juego1	easy	40.0	0.008	50980	700	230	228	-2	5	0	72.58	72.58	72.58
juego1	easy	40.0	0.008	50989	700	230	228	-2	5	0	72.58	72.58	72.58
juego1	easy	40.0	0.008	50998	700	230	228	-2	5	0	72.58	72.58	72.58
juego1	easy	40.0	0.008	51007	700	230	228	-2	5	0	72.6	72.6	72.6
juego1	easy	40.0	0.008	51014	700	230	228	-2	5	0	72.61	72.61	72.61
juego1	easy	40.0	0.008	51023	700	230	228	-2	5	0	72.6	72.6	72.6
juego1	easy	40.0	0.008	51032	700	231	228	-3	5	0	72.61	72.61	72.61
juego1	easy	40.0	0.008	51041	700	231	228	-3	5	0	72.62	72.62	72.62
juego1	easy	40.0	0.008	51049	700	231	228	-3	5	0	72.61	72.61	72.61
juego1	easy	40.0	0.008	51058	700	231	228	-3	5	0	72.57	72.57	72.57
juego1	easy	40.0	0.008	51067	700	231	228	-3	5	0	72.53	72.53	72.53
juego1	easy	40.0	0.008	51075	700	231	228	-3	5	0	72.51	72.51	72.51
juego1	easy	40.0	0.008	51084	700	231	228	-3	5	0	72.49	72.49	72.49
juego1	easy	40.0	0.008	51092	700	231	228	-3	5	0	72.51	72.51	72.51
juego1	easy	40.0	0.008	51102	700	231	228	-3	5	0	72.52	72.52	72.52
juego1	easy	40.0	0.008	51109	700	231	228	-3	5	0	72.54	72.54	72.54
juego1	easy	40.0	0.008	51118	700	231	228	-3	5	0	72.53	72.53	72.53
juego1	easy	40.0	0.008	51127	700	232	228	-4	5	0	72.49	72.49	72.49
juego1	easy	40.0	0.008	51136	700	232	228	-4	5	0	72.48	72.48	72.48
juego1	easy	40.0	0.008	51144	700	232	228	-4	5	0	72.44	72.44	72.44
juego1	easy	40.0	0.008	51151	700	232	228	-4	5	0	72.42	72.42	72.42
juego1	easy	40.0	0.008	51160	700	232	228	-4	5	0	72.42	72.42	72.42
juego1	easy	40.0	0.008	51169	700	232	228	-4	5	0	72.43	72.43	72.43
juego1	easy	40.0	0.008	51177	700	232	228	-4	5	0	72.45	72.45	72.45
juego1	easy	40.0	0.008	51185	700	232	228	-4	5	0	72.47	72.47	72.47
juego1	easy	40.0	0.008	51194	700	233	228	-5	5	0	72.48	72.48	72.48
juego1	easy	40.0	0.008	51203	700	233	228	-5	5	0	72.47	72.47	72.47
juego1	easy	40.0	0.008	51212	700	233	228	-5	5	0	72.46	72.46	72.46
juego1	easy	40.0	0.008	51221	700	233	228	-5	5	0	72.45	72.45	72.45
juego1	easy	40.0	0.008	51230	700	233	228	-5	5	0	72.44	72.44	72.44
juego1	easy	40.0	0.008	51239	700	233	228	-5	5	0	72.43	72.43	72.43
juego1	easy	40.0	0.008	51248	700	233	228	-5	5	0	72.42	72.42	72.42
juego1	easy	40.0	0.008	51257	700	234	228	-6	5	0	72.42	72.42	72.42
juego1	easy	40.0	0.008	51266	700	234	228	-6	5	0	72.41	72.41	72.41
juego1	easy	40.0	0.008	51275	700	234	228	-6	5	0	72.39	72.39	72.39
juego1	easy	40.0	0.008	51283	700	234	229	-5	5	0	72.33	72.33	72.33
juego1	easy	40.0	0.008	51292	700	234	229	-5	5	0	72.27	72.27	72.27
juego1	easy	40.0	0.008	51300	700	234	229	-5	5	0	72.22	72.22	72.22
juego1	easy	40.0	0.008	51308	700	235	229	-6	5	0	72.1	72.1	72.1
juego1	easy	40.0	0.008	51317	700	235	230	-5	5	0	71.97	71.97	71.97
juego1	easy	40.0	0.008	51326	700	235	230	-5	5	0	71.91	71.91	71.91
juego1	easy	40.0	0.008	51335	700	235	230	-5	5	0	71.77	71.77	71.77
juego1	easy	40.0	0.008	51343	700	235	231	-4	5	0	71.6	71.6	71.6
juego1	easy	40.0	0.008	51352	700	236	231	-5	5	0	71.36	71.36	71.36
juego1	easy	40.0	0.008	51360	700	236	232	-4	5	0	71.22	71.22	71.22
juego1	easy	40.0	0.008	51369	700	236	232	-4	5	0	70.93	70.93	70.93
juego1	easy	40.0	0.008	51378	700	236	233	-3	5	0	70.55	70.55	70.55
juego1	easy	40.0	0.008	51387	700	236	234	-2	5	0	70.1	70.1	70.1
juego1	easy	40.0	0.008	51394	700	237	235	-2	5	0	69.84	69.84	69.84
juego1	easy	40.0	0.008	51403	700	237	237	0	5	0	69.31	69.31	69.31
juego1	easy	40.0	0.008	51412	700	237	238	1	5	0	68.78	68.78	68.78
juego1	easy	40.0	0.008	51420	700	237	239	2	5	0	68.53	68.53	68.53
juego1	easy	40.0	0.008	51428	700	237	240	3	5	0	68.15	68.15	68.15
juego1	easy	40.0	0.008	51437	700	238	240	2	5	0	68.05	68.05	68.05
juego1	easy	40.0	0.008	51445	700	238	240	2	5	0	67.79	67.79	67.79
juego1	easy	40.0	0.008	51454	700	238	241	3	5	0	67.54	67.54	67.54
juego1	easy	40.0	0.008	51461	700	238	242	4	5	0	67.39	67.39	67.39
juego1	easy	40.0	0.008	51470	700	239	242	3	5	0	67.11	67.11	67.11
juego1	easy	40.0	0.008	51479	700	239	243	4	5	0	66.93	66.93	66.93
juego1	easy	40.0	0.008	51486	700	239	243	4	5	0	66.86	66.86	66.86
juego1	easy	40.0	0.008	51495	700	239	243	4	5	0	66.81	66.81	66.81
juego1	easy	40.0	0.008	51504	700	240	243	3	5	0	66.82	66.82	66.82
juego1	easy	40.0	0.008	51513	700	240	243	3	5	0	66.88	66.88	66.88
juego1	easy	40.0	0.008	51522	700	240	243	3	5	0	66.92	66.92	66.92
juego1	easy	40.0	0.008	51529	700	240	243	3	5	0	66.92	66.92	66.92
juego1	easy	40.0	0.008	51537	700	241	243	2	5	0	66.91	66.91	66.91
juego1	easy	40.0	0.008	51546	700	241	243	2	5	0	66.9	66.9	66.9
juego1	easy	40.0	0.008	51554	700	241	243	2	5	0	66.87	66.87	66.87
juego1	easy	40.0	0.008	51563	700	241	243	2	5	0	66.83	66.83	66.83
juego1	easy	40.0	0.008	51572	700	242	243	1	5	0	66.78	66.78	66.78
juego1	easy	40.0	0.008	51580	700	242	243	1	5	0	66.75	66.75	66.75
juego1	easy	40.0	0.008	51588	700	242	243	1	5	0	66.7	66.7	66.7
juego1	easy	40.0	0.008	51596	700	242	243	1	5	0	66.67	66.67	66.67
juego1	easy	40.0	0.008	51604	700	243	244	1	5	0	66.6	66.6	66.6
juego1	easy	40.0	0.008	51613	700	243	244	1	5	0	66.51	66.51	66.51
juego1	easy	40.0	0.008	51621	700	243	244	1	5	0	66.45	66.45	66.45
juego1	easy	40.0	0.008	51629	700	244	244	0	5	0	66.32	66.32	66.32
juego1	easy	40.0	0.008	51638	700	244	245	1	5	0	66.15	66.15	66.15
juego1	easy	40.0	0.008	51647	700	244	245	1	5	0	65.94	65.94	65.94
juego1	easy	40.0	0.008	51656	700	244	246	2	5	0	65.84	65.84	65.84
juego1	easy	40.0	0.008	51665	700	245	246	1	5	0	65.64	65.64	65.64
juego1	easy	40.0	0.008	51673	700	245	246	1	5	0	65.54	65.54	65.54
juego1	easy	40.0	0.008	51682	700	245	247	2	5	0	65.28	65.28	65.28
juego1	easy	40.0	0.008	51689	700	246	248	2	5	0	64.95	64.95	64.95
juego1	easy	40.0	0.008	51698	700	246	249	3	5	0	64.54	64.54	64.54
juego1	easy	40.0	0.008	51705	700	246	250	4	5	0	64.33	64.33	64.33
juego1	easy	40.0	0.008	51714	700	247	251	4	5	0	63.86	63.86	63.86
juego1	easy	40.0	0.008	51722	700	247	252	5	5	0	63.36	63.36	63.36
juego1	easy	40.0	0.008	51731	700	247	253	6	5	0	63.09	63.09	63.09
juego1	easy	40.0	0.008	51740	700	247	254	7	5	0	62.51	62.51	62.51
juego1	easy	40.0	0.008	51749	700	248	256	8	5	0	61.96	61.96	61.96
juego1	easy	40.0	0.008	51757	700	248	256	8	5	0	61.73	61.73	61.73
juego1	easy	40.0	0.008	51765	700	248	257	9	5	0	61.34	61.34	61.34
juego1	easy	40.0	0.008	51773	700	249	258	9	5	0	61.06	61.06	61.06
juego1	easy	40.0	0.008	51782	700	249	258	9	5	0	60.96	60.96	60.96
juego1	easy	40.0	0.008	51790	700	249	259	10	5	0	60.87	60.87	60.87
juego1	easy	40.0	0.008	51799	700	250	259	9	5	0	60.82	60.82	60.82
juego1	easy	40.0	0.008	51808	700	250	259	9	5	0	60.7	60.7	60.7
juego1	easy	40.0	0.008	51816	700	250	259	9	5	0	60.62	60.62	60.62
juego1	easy	40.0	0.008	51824	700	251	260	9	5	0	60.35	60.35	60.35
juego1	easy	40.0	0.008	51831	700	251	260	9	5	0	60.19	60.19	60.19
juego1	easy	40.0	0.008	51840	700	251	261	10	5	0	59.89	59.89	59.89
juego1	easy	40.0	0.008	51847	700	252	261	9	5	0	59.75	59.75	59.75
juego1	easy	40.0	0.008	51856	700	252	262	10	5	0	59.51	59.51	59.51
juego1	easy	40.0	0.008	51863	700	252	263	11	5	0	59.28	59.28	59.28
juego1	easy	40.0	0.008	51872	700	253	263	10	5	0	59.16	59.16	59.16
juego1	easy	40.0	0.008	51880	700	253	264	11	5	0	58.92	58.92	58.92
juego1	easy	40.0	0.008	51889	700	253	264	11	5	0	58.66	58.66	58.66
juego1	easy	40.0	0.008	51898	700	254	265	11	5	0	58.52	58.52	58.52
juego1	easy	40.0	0.008	51906	700	254	265	11	5	0	58.37	58.37	58.37
juego1	easy	40.0	0.008	51915	700	255	266	11	5	0	57.89	57.89	57.89
juego1	easy	40.0	0.008	51924	700	255	267	12	5	0	57.57	57.57	57.57
juego1	easy	40.0	0.008	51933	700	255	268	13	5	0	57.29	57.29	57.29
juego1	easy	40.0	0.008	51942	700	256	268	12	5	0	57.15	57.15	57.15
juego1	easy	40.0	0.008	51950	700	256	269	13	5	0	56.86	56.86	56.86
juego1	easy	40.0	0.008	51959	700	256	270	14	5	0	56.55	56.55	56.55
juego1	easy	40.0	0.008	51967	700	257	270	13	5	0	56.38	56.38	56.38
juego1	easy	40.0	0.008	51975	700	257	271	14	5	0	56.1	56.1	56.1
juego1	easy	40.0	0.008	51985	700	257	271	14	5	0	55.96	55.96	55.96
juego1	easy	40.0	0.008	51993	700	258	272	14	5	0	55.8	55.8	55.8
juego1	easy	40.0	0.008	52002	700	258	272	14	5	0	55.69	55.69	55.69
juego1	easy	40.0	0.008	52009	700	259	273	14	5	0	55.32	55.32	55.32
juego1	easy	40.0	0.008	52018	700	259	273	14	5	0	55.15	55.15	55.15
juego1	easy	40.0	0.008	52026	700	259	274	15	5	0	54.88	54.88	54.88
juego1	easy	40.0	0.008	52035	700	260	274	14	5	0	54.85	54.85	54.85
juego1	easy	40.0	0.008	52044	700	260	274	14	5	0	54.83	54.83	54.83
juego1	easy	40.0	0.008	52053	700	261	275	14	5	0	54.75	54.75	54.75
juego1	easy	40.0	0.008	52062	700	261	275	14	5	0	54.51	54.51	54.51
juego1	easy	40.0	0.008	52070	700	261	276	15	5	0	54.25	54.25	54.25
juego1	easy	40.0	0.008	52079	700	262	276	14	5	0	54.07	54.07	54.07
juego1	easy	40.0	0.008	52088	700	262	277	15	5	0	53.97	53.97	53.97
juego1	easy	40.0	0.008	52096	700	262	277	15	5	0	53.85	53.85	53.85
juego1	easy	40.0	0.008	52104	700	263	277	14	5	0	53.77	53.77	53.77
juego1	easy	40.0	0.008	52113	700	263	277	14	5	0	53.72	53.72	53.72
juego1	easy	40.0	0.008	52122	700	264	278	14	5	0	53.56	53.56	53.56
juego1	easy	40.0	0.008	52131	700	264	278	14	5	0	53.39	53.39	53.39
juego1	easy	40.0	0.008	52140	700	264	278	14	5	0	53.28	53.28	53.28
juego1	easy	40.0	0.008	52147	700	265	278	13	5	0	53.25	53.25	53.25
juego1	easy	40.0	0.008	52156	700	265	279	14	5	0	53.18	53.18	53.18
juego1	easy	40.0	0.008	52165	700	266	279	13	5	0	53.07	53.07	53.07
juego1	easy	40.0	0.008	52173	700	266	279	13	5	0	52.93	52.93	52.93
juego1	easy	40.0	0.008	52181	700	266	280	14	5	0	52.57	52.57	52.57
juego1	easy	40.0	0.008	52190	700	267	281	14	5	0	52.14	52.14	52.14
juego1	easy	40.0	0.008	52198	700	267	282	15	5	0	51.94	51.94	51.94
juego1	easy	40.0	0.008	52207	700	268	283	15	5	0	51.58	51.58	51.58
juego1	easy	40.0	0.008	52216	700	268	284	16	5	0	51.1	51.1	51.1
juego1	easy	40.0	0.008	52224	700	268	285	17	5	0	50.55	50.55	50.55
juego1	easy	40.0	0.008	52233	700	269	286	17	5	0	50.28	50.28	50.28
juego1	easy	40.0	0.008	52240	700	269	287	18	5	0	50.01	50.01	50.01
juego1	easy	40.0	0.008	52249	700	270	288	18	5	0	49.76	49.76	49.76
juego1	easy	40.0	0.008	52258	700	270	290	20	5	0	48.97	48.97	48.97
juego1	easy	40.0	0.008	52267	700	270	291	21	5	0	48.46	48.46	48.46
juego1	easy	40.0	0.008	52276	700	271	292	21	5	0	48.03	48.03	48.03
juego1	easy	40.0	0.008	52285	700	271	293	22	5	0	47.57	47.57	47.57
juego1	easy	40.0	0.008	52294	700	272	295	23	5	0	46.99	46.99	46.99
juego1	easy	40.0	0.008	52302	700	272	296	24	5	0	46.69	46.69	46.69
juego1	easy	40.0	0.008	52311	700	273	297	24	5	0	46.23	46.23	46.23
juego1	easy	40.0	0.008	52321	700	273	298	25	5	0	45.8	45.8	45.8
juego1	easy	40.0	0.008	52329	700	273	299	26	5	0	45.47	45.47	45.47
juego1	easy	40.0	0.008	52338	700	274	299	25	5	0	45.32	45.32	45.32
juego1	easy	40.0	0.008	52347	700	274	300	26	5	0	45.09	45.09	45.09
juego1	easy	40.0	0.008	52356	700	275	300	25	5	0	44.87	44.87	44.87
juego1	easy	40.0	0.008	52365	700	275	300	25	5	0	44.57	44.57	44.57
juego1	easy	40.0	0.008	52374	700	275	301	26	5	0	44.22	44.22	44.22
juego1	easy	40.0	0.008	52381	700	276	301	25	5	0	44.05	44.05	44.05
juego1	easy	40.0	0.008	52390	700	276	302	26	5	0	43.67	43.67	43.67
juego1	easy	40.0	0.008	52399	700	277	303	26	5	0	43.46	43.46	43.46
juego1	easy	40.0	0.008	52408	700	277	303	26	5	0	43.46	43.46	43.46
juego1	easy	40.0	0.008	52417	700	278	305	27	5	0	42.55	42.55	42.55
juego1	easy	40.0	0.008	52426	700	278	307	29	5	0	42.01	42.01	42.01
juego1	easy	40.0	0.008	52434	700	278	308	30	5	0	41.49	41.49	41.49
juego1	easy	40.0	0.008	52443	700	279	309	30	5	0	41.23	41.23	41.23
juego1	easy	40.0	0.008	52451	700	279	310	31	5	0	40.59	40.59	40.59
juego1	easy	40.0	0.008	52460	700	280	311	31	5	0	40.26	40.26	40.26
juego1	easy	40.0	0.008	52469	700	280	311	31	5	0	40.23	40.23	40.23
juego1	easy	40.0	0.008	52478	700	281	312	31	5	0	40.16	40.16	40.16
juego1	easy	40.0	0.008	52486	700	281	312	31	5	0	40.0	40.0	40.0
juego1	easy	40.0	0.008	52495	700	281	313	32	5	0	39.79	39.79	39.79
juego1	easy	40.0	0.008	52504	700	282	313	31	5	0	39.58	39.58	39.58
juego1	easy	40.0	0.008	52513	700	282	313	31	5	0	39.49	39.49	39.49
juego1	easy	40.0	0.008	52522	700	283	314	31	5	0	39.3	39.3	39.3
juego1	easy	40.0	0.008	52531	700	283	315	32	5	0	39.01	39.01	39.01
juego1	easy	40.0	0.008	52539	700	284	315	31	5	0	38.84	38.84	38.84
juego1	easy	40.0	0.008	52548	700	284	316	32	5	0	38.47	38.47	38.47
juego1	easy	40.0	0.008	52557	700	285	317	32	5	0	38.09	38.09	38.09
juego1	easy	40.0	0.008	52565	700	285	318	33	5	0	37.73	37.73	37.73
juego1	easy	40.0	0.008	52574	700	286	318	32	5	0	37.59	37.59	37.59
juego1	easy	40.0	0.008	52582	700	286	319	33	5	0	37.34	37.34	37.34
juego1	easy	40.0	0.008	52591	700	287	319	32	5	0	37.13	37.13	37.13
juego1	easy	40.0	0.008	52600	700	287	320	33	5	0	36.89	36.89	36.89
juego1	easy	40.0	0.008	52609	700	288	320	32	5	0	36.78	36.78	36.78
juego1	easy	40.0	0.008	52617	700	289	321	32	5	0	36.61	36.61	36.61
juego1	easy	40.0	0.008	52626	700	289	321	32	5	0	36.49	36.49	36.49
juego1	easy	40.0	0.008	52635	700	290	321	31	5	0	36.37	36.37	36.37
juego1	easy	40.0	0.008	52644	700	290	322	32	5	0	36.28	36.28	36.28
juego1	easy	40.0	0.008	52654	700	291	322	31	5	0	36.07	36.07	36.07
juego1	easy	40.0	0.008	52661	700	291	323	32	5	0	35.86	35.86	35.86
juego1	easy	40.0	0.008	52670	700	292	323	31	5	0	35.76	35.76	35.76
juego1	easy	40.0	0.008	52680	700	292	323	31	5	0	35.61	35.61	35.61
juego1	easy	40.0	0.008	52687	700	293	324	31	5	0	35.48	35.48	35.48
juego1	easy	40.0	0.008	52696	700	293	324	31	5	0	35.42	35.42	35.42
juego1	easy	40.0	0.008	52706	700	294	324	30	5	0	35.35	35.35	35.35
juego1	easy	40.0	0.008	52713	700	294	324	30	5	0	35.29	35.29	35.29
juego1	easy	40.0	0.008	52722	700	295	325	30	5	0	35.16	35.16	35.16
juego1	easy	40.0	0.008	52730	700	295	325	30	5	0	35.06	35.06	35.06
juego1	easy	40.0	0.008	52739	700	296	325	29	5	0	35.04	35.04	35.04
juego1	easy	40.0	0.008	52748	700	297	325	28	5	0	35.0	35.0	35.0
juego1	easy	40.0	0.008	52756	700	297	325	28	5	0	34.87	34.87	34.87
juego1	easy	40.0	0.008	52766	700	298	326	28	5	0	34.67	34.67	34.67
juego1	easy	40.0	0.008	52773	700	298	326	28	5	0	34.56	34.56	34.56
juego1	easy	40.0	0.008	52782	700	299	327	28	5	0	34.39	34.39	34.39
juego1	easy	40.0	0.008	52791	700	299	327	28	5	0	34.25	34.25	34.25
juego1	easy	40.0	0.008	52798	700	300	327	27	5	0	34.18	34.18	34.18
juego1	easy	40.0	0.008	52807	700	300	328	28	5	0	33.97	33.97	33.97
juego1	easy	40.0	0.008	52814	700	300	328	28	5	0	33.85	33.85	33.85
juego1	easy	40.0	0.008	52822	700	300	329	29	5	0	33.65	33.65	33.65
juego1	easy	40.0	0.008	52831	700	301	329	28	5	0	33.52	33.52	33.52
juego1	easy	40.0	0.008	52841	700	301	329	28	5	0	33.41	33.41	33.41
juego1	easy	40.0	0.008	52848	700	302	329	27	5	0	33.36	33.36	33.36
juego1	easy	40.0	0.008	52857	700	302	330	28	5	0	33.22	33.22	33.22
juego1	easy	40.0	0.008	52866	700	303	330	27	5	0	33.07	33.07	33.07
juego1	easy	40.0	0.008	52875	700	303	330	27	5	0	32.98	32.98	32.98
juego1	easy	40.0	0.008	52883	700	304	331	27	5	0	32.76	32.76	32.76
juego1	easy	40.0	0.008	52892	700	304	331	27	5	0	32.55	32.55	32.55
juego1	easy	40.0	0.008	52900	700	305	332	27	5	0	32.33	32.33	32.33
juego1	easy	40.0	0.008	52909	700	305	332	27	5	0	32.22	32.22	32.22
juego1	easy	40.0	0.008	52918	700	306	333	27	5	0	31.98	31.98	31.98
juego1	easy	40.0	0.008	52927	700	306	334	28	5	0	31.67	31.67	31.67
juego1	easy	40.0	0.008	52936	700	307	335	28	5	0	31.3	31.3	31.3
juego1	easy	40.0	0.008	52944	700	307	335	28	5	0	31.1	31.1	31.1
juego1	easy	40.0	0.008	52952	700	308	336	28	5	0	30.74	30.74	30.74
juego1	easy	40.0	0.008	52961	700	308	337	29	5	0	30.36	30.36	30.36
juego1	easy	40.0	0.008	52970	700	309	338	29	5	0	30.16	30.16	30.16
juego1	easy	40.0	0.008	52978	700	309	339	30	5	0	29.8	29.8	29.8
juego1	easy	40.0	0.008	52987	700	310	340	30	5	0	29.38	29.38	29.38
juego1	easy	40.0	0.008	52996	700	310	341	31	5	0	28.93	28.93	28.93
juego1	easy	40.0	0.008	53005	700	311	341	30	5	0	28.79	28.79	28.79
juego1	easy	40.0	0.008	53013	700	311	342	31	5	0	28.66	28.66	28.66
juego1	easy	40.0	0.008	53022	700	312	342	30	5	0	28.48	28.48	28.48
juego1	easy	40.0	0.008	53030	700	312	342	30	5	0	28.38	28.38	28.38
juego1	easy	40.0	0.008	53039	700	313	343	30	5	0	28.13	28.13	28.13
juego1	easy	40.0	0.008	53048	700	313	343	30	5	0	27.94	27.94	27.94
juego1	easy	40.0	0.008	53057	700	314	344	30	5	0	27.83	27.83	27.83
juego1	easy	40.0	0.008	53064	700	314	344	30	5	0	27.77	27.77	27.77
juego1	easy	40.0	0.008	53073	700	315	344	29	5	0	27.6	27.6	27.6
juego1	easy	40.0	0.008	53082	700	315	345	30	5	0	27.4	27.4	27.4
juego1	easy	40.0	0.008	53091	700	315	345	30	5	0	27.29	27.29	27.29
juego1	easy	40.0	0.008	53099	700	316	345	29	5	0	27.25	27.25	27.25
juego1	easy	40.0	0.008	53108	700	316	345	29	5	0	27.16	27.16	27.16
juego1	easy	40.0	0.008	53116	700	317	346	29	5	0	27.03	27.03	27.03
juego1	easy	40.0	0.008	53125	700	317	346	29	5	0	26.96	26.96	26.96
juego1	easy	40.0	0.008	53132	700	318	347	29	5	0	26.72	26.72	26.72
juego1	easy	40.0	0.008	53142	700	318	347	29	5	0	26.52	26.52	26.52
juego1	easy	40.0	0.008	53149	700	319	347	28	5	0	26.42	26.42	26.42
juego1	easy	40.0	0.008	53158	700	319	348	29	5	0	26.29	26.29	26.29
juego1	easy	40.0	0.008	53167	700	320	348	28	5	0	26.2	26.2	26.2
juego1	easy	40.0	0.008	53175	700	320	348	28	5	0	26.12	26.12	26.12
juego1	easy	40.0	0.008	53183	700	320	349	29	5	0	25.96	25.96	25.96
juego1	easy	40.0	0.008	53192	700	321	349	28	5	0	25.89	25.89	25.89
juego1	easy	40.0	0.008	53202	700	321	349	28	5	0	25.82	25.82	25.82
juego1	easy	40.0	0.008	53210	700	322	349	27	5	0	25.76	25.76	25.76
juego1	easy	40.0	0.008	53219	700	322	350	28	5	0	25.56	25.56	25.56
juego1	easy	40.0	0.008	53228	700	323	350	27	5	0	25.34	25.34	25.34
juego1	easy	40.0	0.008	53236	700	323	351	28	5	0	25.19	25.19	25.19
juego1	easy	40.0	0.008	53245	700	323	351	28	5	0	25.11	25.11	25.11
juego1	easy	40.0	0.008	53254	700	324	351	27	5	0	24.89	24.89	24.89
juego1	easy	40.0	0.008	53263	700	324	352	28	5	0	24.61	24.61	24.61
juego1	easy	40.0	0.008	53272	700	325	353	28	5	0	24.35	24.35	24.35
juego1	easy	40.0	0.008	53280	700	325	353	28	5	0	24.22	24.22	24.22
juego1	easy	40.0	0.008	53289	700	326	354	28	5	0	23.84	23.84	23.84
juego1	easy	40.0	0.008	53298	700	326	355	29	5	0	23.37	23.37	23.37
juego1	easy	40.0	0.008	53307	700	326	356	30	5	0	22.95	22.95	22.95
juego1	easy	40.0	0.008	53317	700	327	357	30	5	0	22.75	22.75	22.75
juego1	easy	40.0	0.008	53324	700	327	357	30	5	0	22.62	22.62	22.62
juego1	easy	40.0	0.008	53332	700	328	358	30	5	0	22.28	22.28	22.28
juego1	easy	40.0	0.008	53341	700	328	359	31	5	0	22.12	22.12	22.12
juego1	easy	40.0	0.008	53350	700	328	359	31	5	0	21.9	21.9	21.9
juego1	easy	40.0	0.008	53358	700	329	359	30	5	0	21.83	21.83	21.83
juego1	easy	40.0	0.008	53367	700	329	360	31	5	0	21.6	21.6	21.6
juego1	easy	40.0	0.008	53376	700	329	360	31	5	0	21.49	21.49	21.49
juego1	easy	40.0	0.008	53384	700	330	361	31	5	0	21.32	21.32	21.32
juego1	easy	40.0	0.008	53392	700	330	361	31	5	0	21.27	21.27	21.27
juego1	easy	40.0	0.008	53401	700	331	361	30	5	0	21.23	21.23	21.23
juego1	easy	40.0	0.008	53410	700	331	361	30	5	0	21.07	21.07	21.07
juego1	easy	40.0	0.008	53419	700	331	362	31	5	0	20.91	20.91	20.91
juego1	easy	40.0	0.008	53428	700	332	362	30	5	0	20.84	20.84	20.84
juego1	easy	40.0	0.008	53437	700	332	362	30	5	0	20.75	20.75	20.75
juego1	easy	40.0	0.008	53445	700	332	362	30	5	0	20.69	20.69	20.69
juego1	easy	40.0	0.008	53454	700	333	363	30	5	0	20.56	20.56	20.56
juego1	easy	40.0	0.008	53463	700	333	363	30	5	0	20.52	20.52	20.52
juego1	easy	40.0	0.008	53472	700	333	363	30	5	0	20.46	20.46	20.46
juego1	easy	40.0	0.008	53479	700	334	363	29	5	0	20.41	20.41	20.41
juego1	easy	40.0	0.008	53488	700	334	363	29	5	0	20.3	20.3	20.3
juego1	easy	40.0	0.008	53497	700	334	364	30	5	0	20.25	20.25	20.25
juego1	easy	40.0	0.008	53506	700	335	364	29	5	0	20.21	20.21	20.21
juego1	easy	40.0	0.008	53515	700	335	364	29	5	0	20.14	20.14	20.14
juego1	easy	40.0	0.008	53523	700	335	364	29	5	0	20.08	20.08	20.08
juego1	easy	40.0	0.008	53532	700	336	364	28	5	0	20.08	20.08	20.08
juego1	easy	40.0	0.008	53539	700	336	364	28	5	0	20.07	20.07	20.07
juego1	easy	40.0	0.008	53548	700	336	364	28	5	0	20.06	20.06	20.06
juego1	easy	40.0	0.008	53555	700	337	364	27	5	0	20.04	20.04	20.04
juego1	easy	40.0	0.008	53564	700	337	364	27	5	0	20.01	20.01	20.01
juego1	easy	40.0	0.008	53573	700	337	364	27	5	0	19.98	19.98	19.98
juego1	easy	40.0	0.008	53582	700	338	364	26	5	0	19.98	19.98	19.98
juego1	easy	40.0	0.008	53590	700	338	364	26	5	0	19.98	19.98	19.98
juego1	easy	40.0	0.008	53598	700	338	364	26	5	0	19.94	19.94	19.94
juego1	easy	40.0	0.008	53606	700	338	364	26	5	0	19.92	19.92	19.92
juego1	easy	40.0	0.008	53615	700	339	364	25	5	0	19.9	19.9	19.9
juego1	easy	40.0	0.008	53623	700	339	364	25	5	0	19.92	19.92	19.92
juego1	easy	40.0	0.008	53631	700	339	364	25	5	0	19.95	19.95	19.95
juego1	easy	40.0	0.008	53638	700	340	364	24	5	0	19.98	19.98	19.98
juego1	easy	40.0	0.008	53647	700	340	364	24	5	0	19.94	19.94	19.94
juego1	easy	40.0	0.008	53656	700	340	364	24	5	0	19.9	19.9	19.9
juego1	easy	40.0	0.008	53665	700	340	365	25	5	0	19.83	19.83	19.83
juego1	easy	40.0	0.008	53674	700	341	365	24	5	0	19.81	19.81	19.81
juego1	easy	40.0	0.008	53683	700	341	365	24	5	0	19.82	19.82	19.82
juego1	easy	40.0	0.008	53691	700	341	365	24	5	0	19.82	19.82	19.82
juego1	easy	40.0	0.008	53700	700	341	365	24	5	0	19.82	19.82	19.82
juego1	easy	40.0	0.008	53709	700	342	365	23	5	0	19.83	19.83	19.83
juego1	easy	40.0	0.008	53718	700	342	365	23	5	0	19.86	19.86	19.86
juego1	easy	40.0	0.008	53727	700	342	365	23	5	0	19.87	19.87	19.87
juego1	easy	40.0	0.008	53736	700	342	365	23	5	0	19.84	19.84	19.84
juego1	easy	40.0	0.008	53745	700	343	365	22	5	0	19.79	19.79	19.79
juego1	easy	40.0	0.008	53754	700	343	365	22	5	0	19.81	19.81	19.81
juego1	easy	40.0	0.008	53763	700	343	365	22	5	0	19.84	19.84	19.84
juego1	easy	40.0	0.008	53772	700	343	365	22	5	0	19.85	19.85	19.85
juego1	easy	40.0	0.008	53780	700	343	365	22	5	0	19.84	19.84	19.84
juego1	easy	40.0	0.008	53789	700	344	365	21	5	0	19.83	19.83	19.83
juego1	easy	40.0	0.008	53796	700	344	365	21	5	0	19.82	19.82	19.82
juego1	easy	40.0	0.008	53805	700	344	365	21	5	0	19.81	19.81	19.81
juego1	easy	40.0	0.008	53814	700	344	365	21	5	0	19.8	19.8	19.8
juego1	easy	40.0	0.008	53823	700	344	365	21	5	0	19.83	19.83	19.83
juego1	easy	40.0	0.008	53831	700	345	365	20	5	0	19.85	19.85	19.85
juego1	easy	40.0	0.008	53840	700	345	364	19	5	0	19.92	19.92	19.92
juego1	easy	40.0	0.008	53848	700	345	364	19	5	0	19.97	19.97	19.97
juego1	easy	40.0	0.008	53857	700	345	364	19	5	0	19.97	19.97	19.97
juego1	easy	40.0	0.008	53866	700	345	364	19	5	0	19.93	19.93	19.93
juego1	easy	40.0	0.008	53875	700	345	364	19	5	0	19.94	19.94	19.94
juego1	easy	40.0	0.008	53883	700	346	364	18	5	0	19.97	19.97	19.97
juego1	easy	40.0	0.008	53891	700	346	364	18	5	0	19.99	19.99	19.99
juego1	easy	40.0	0.008	53898	700	346	364	18	5	0	20.01	20.01	20.01
juego1	easy	40.0	0.008	53906	700	346	364	18	5	0	20.01	20.01	20.01
juego1	easy	40.0	0.008	53915	700	346	364	18	5	0	19.97	19.97	19.97
juego1	easy	40.0	0.008	53924	700	346	364	18	5	0	19.91	19.91	19.91
juego1	easy	40.0	0.008	53932	700	347	364	17	5	0	19.89	19.89	19.89
juego1	easy	40.0	0.008	53941	700	347	365	18	5	0	19.86	19.86	19.86
juego1	easy	40.0	0.008	53950	700	347	365	18	5	0	19.81	19.81	19.81
juego1	easy	40.0	0.008	53959	700	347	365	18	5	0	19.75	19.75	19.75
juego1	easy	40.0	0.008	53966	700	347	365	18	5	0	19.74	19.74	19.74
juego1	easy	40.0	0.008	53975	700	347	365	18	5	0	19.75	19.75	19.75
juego1	easy	40.0	0.008	53984	700	347	365	18	5	0	19.74	19.74	19.74
juego1	easy	40.0	0.008	53991	700	347	365	18	5	0	19.73	19.73	19.73
juego1	easy	40.0	0.008	54000	700	347	365	18	5	0	19.71	19.71	19.71
juego1	easy	40.0	0.008	54009	700	348	365	17	5	0	19.7	19.7	19.7
juego1	easy	40.0	0.008	54017	700	348	365	17	5	0	19.7	19.7	19.7
juego1	easy	40.0	0.008	54026	700	348	365	17	5	0	19.7	19.7	19.7
juego1	easy	40.0	0.008	54035	700	348	365	17	5	0	19.71	19.71	19.71
juego1	easy	40.0	0.008	54044	700	348	365	17	5	0	19.74	19.74	19.74
juego1	easy	40.0	0.008	54053	700	348	365	17	5	0	19.76	19.76	19.76
juego1	easy	40.0	0.008	54060	700	348	365	17	5	0	19.77	19.77	19.77
juego1	easy	40.0	0.008	54069	700	348	365	17	5	0	19.76	19.76	19.76
juego1	easy	40.0	0.008	54078	700	348	365	17	5	0	19.75	19.75	19.75
juego1	easy	40.0	0.008	54087	700	348	365	17	5	0	19.76	19.76	19.76
juego1	easy	40.0	0.008	54096	700	348	365	17	5	0	19.77	19.77	19.77
juego1	easy	40.0	0.008	54104	700	348	365	17	5	0	19.74	19.74	19.74
juego1	easy	40.0	0.008	54113	700	348	365	17	5	0	19.72	19.72	19.72
juego1	easy	40.0	0.008	54122	700	348	365	17	5	0	19.7	19.7	19.7
juego1	easy	40.0	0.008	54131	700	349	365	16	5	0	19.71	19.71	19.71
juego1	easy	40.0	0.008	54138	700	349	365	16	5	0	19.7	19.7	19.7
juego1	easy	40.0	0.008	54147	700	349	365	16	5	0	19.69	19.69	19.69
juego1	easy	40.0	0.008	54156	700	349	365	16	5	0	19.69	19.69	19.69
juego1	easy	40.0	0.008	54165	700	349	365	16	5	0	19.71	19.71	19.71
juego1	easy	40.0	0.008	54173	700	349	365	16	5	0	19.72	19.72	19.72
juego1	easy	40.0	0.008	54181	700	349	365	16	5	0	19.71	19.71	19.71
juego1	easy	40.0	0.008	54190	700	349	365	16	5	0	19.68	19.68	19.68
juego1	easy	40.0	0.008	54199	700	349	365	16	5	0	19.67	19.67	19.67
juego1	easy	40.0	0.008	54207	700	349	365	16	5	0	19.66	19.66	19.66
juego1	easy	40.0	0.008	54216	700	349	365	16	5	0	19.64	19.64	19.64
juego1	easy	40.0	0.008	54225	700	349	365	16	5	0	19.61	19.61	19.61
juego1	easy	40.0	0.008	54233	700	349	365	16	5	0	19.6	19.6	19.6
juego1	easy	40.0	0.008	54242	700	349	365	16	5	0	19.61	19.61	19.61
juego1	easy	40.0	0.008	54251	700	349	365	16	5	0	19.63	19.63	19.63
juego1	easy	40.0	0.008	54259	700	349	365	16	5	0	19.63	19.63	19.63
juego1	easy	40.0	0.008	54268	700	349	365	16	5	0	19.62	19.62	19.62
juego1	easy	40.0	0.008	54276	700	349	365	16	5	0	19.61	19.61	19.61
juego1	easy	40.0	0.008	54285	700	349	365	16	5	0	19.61	19.61	19.61
juego1	easy	40.0	0.008	54294	700	348	365	17	5	0	19.62	19.62	19.62
juego1	easy	40.0	0.008	54302	700	348	365	17	5	0	19.61	19.61	19.61
juego1	easy	40.0	0.008	54311	700	348	365	17	5	0	19.6	19.6	19.6
juego1	easy	40.0	0.008	54319	700	348	365	17	5	0	19.59	19.59	19.59
juego1	easy	40.0	0.008	54328	700	348	365	17	5	0	19.59	19.59	19.59
juego1	easy	40.0	0.008	54335	700	348	365	17	5	0	19.6	19.6	19.6
juego1	easy	40.0	0.008	54343	700	348	365	17	5	0	19.6	19.6	19.6
juego1	easy	40.0	0.008	54351	700	348	365	17	5	0	19.58	19.58	19.58
juego1	easy	40.0	0.008	54360	700	348	365	17	5	0	19.57	19.57	19.57
juego1	easy	40.0	0.008	54369	700	348	365	17	5	0	19.56	19.56	19.56
juego1	easy	40.0	0.008	54376	700	348	365	17	5	0	19.55	19.55	19.55
juego1	easy	40.0	0.008	54385	700	348	365	17	5	0	19.56	19.56	19.56
juego1	easy	40.0	0.008	54395	700	348	365	17	5	0	19.58	19.58	19.58
juego1	easy	40.0	0.008	54403	700	348	365	17	5	0	19.6	19.6	19.6
juego1	easy	40.0	0.008	54412	700	347	365	18	5	0	19.61	19.61	19.61
juego1	easy	40.0	0.008	54420	700	347	365	18	5	0	19.64	19.64	19.64
juego1	easy	40.0	0.008	54429	700	347	365	18	5	0	19.66	19.66	19.66
juego1	easy	40.0	0.008	54438	700	347	365	18	5	0	19.68	19.68	19.68
juego1	easy	40.0	0.008	54447	700	347	365	18	5	0	19.72	19.72	19.72
juego1	easy	40.0	0.008	54456	700	347	365	18	5	0	19.78	19.78	19.78
juego1	easy	40.0	0.008	54464	700	347	365	18	5	0	19.85	19.85	19.85
juego1	easy	40.0	0.008	54472	700	347	364	17	5	0	19.88	19.88	19.88
juego1	easy	40.0	0.008	54481	700	347	364	17	5	0	19.95	19.95	19.95
juego1	easy	40.0	0.008	54490	700	346	364	18	5	0	20.03	20.03	20.03
juego1	easy	40.0	0.008	54498	700	346	364	18	5	0	20.08	20.08	20.08
juego1	easy	40.0	0.008	54507	700	346	364	18	5	0	20.17	20.17	20.17
juego1	easy	40.0	0.008	54515	700	346	363	17	5	0	20.31	20.31	20.31
juego1	easy	40.0	0.008	54524	700	346	363	17	5	0	20.4	20.4	20.4
juego1	easy	40.0	0.008	54533	700	346	362	16	5	0	20.64	20.64	20.64
juego1	easy	40.0	0.008	54541	700	345	362	17	5	0	20.93	20.93	20.93
juego1	easy	40.0	0.008	54550	700	345	361	16	5	0	21.22	21.22	21.22
juego1	easy	40.0	0.008	54558	700	345	361	16	5	0	21.36	21.36	21.36
juego1	easy	40.0	0.008	54567	700	345	360	15	5	0	21.68	21.68	21.68
juego1	easy	40.0	0.008	54576	700	345	359	14	5	0	22.06	22.06	22.06
juego1	easy	40.0	0.008	54584	700	345	358	13	5	0	22.26	22.26	22.26
juego1	easy	40.0	0.008	54593	700	344	357	13	5	0	22.68	22.68	22.68
juego1	easy	40.0	0.008	54602	700	344	356	12	5	0	23.14	23.14	23.14
juego1	easy	40.0	0.008	54611	700	344	355	11	5	0	23.62	23.62	23.62
juego1	easy	40.0	0.008	54619	700	344	354	10	5	0	23.87	23.87	23.87
juego1	easy	40.0	0.008	54628	700	344	353	9	5	0	24.37	24.37	24.37
juego1	easy	40.0	0.008	54636	700	343	351	8	5	0	24.87	24.87	24.87
juego1	easy	40.0	0.008	54645	700	343	350	7	5	0	25.35	25.35	25.35
juego1	easy	40.0	0.008	54653	700	343	350	7	5	0	25.6	25.6	25.6
juego1	easy	40.0	0.008	54662	700	343	348	5	5	0	26.09	26.09	26.09
juego1	easy	40.0	0.008	54670	700	343	347	4	5	0	26.58	26.58	26.58
juego1	easy	40.0	0.008	54679	700	342	346	4	5	0	26.83	26.83	26.83
juego1	easy	40.0	0.008	54688	700	342	345	3	5	0	27.3	27.3	27.3
juego1	easy	40.0	0.008	54697	700	342	344	2	5	0	27.77	27.77	27.77
juego1	easy	40.0	0.008	54706	700	342	343	1	5	0	28.2	28.2	28.2
juego1	easy	40.0	0.008	54713	700	341	342	1	5	0	28.42	28.42	28.42
juego1	easy	40.0	0.008	54722	700	341	341	0	5	0	28.86	28.86	28.86
juego1	easy	40.0	0.008	54729	700	341	340	-1	5	0	29.08	29.08	29.08
juego1	easy	40.0	0.008	54738	700	341	339	-2	5	0	29.57	29.57	29.57
juego1	easy	40.0	0.008	54746	700	340	338	-2	5	0	30.09	30.09	30.09
juego1	easy	40.0	0.008	54755	700	340	337	-3	5	0	30.59	30.59	30.59
juego1	easy	40.0	0.008	54764	700	340	336	-4	5	0	30.83	30.83	30.83
juego1	easy	40.0	0.008	54771	700	340	335	-5	5	0	31.26	31.26	31.26
juego1	easy	40.0	0.008	54780	700	339	334	-5	5	0	31.71	31.71	31.71
juego1	easy	40.0	0.008	54787	700	339	333	-6	5	0	31.98	31.98	31.98
juego1	easy	40.0	0.008	54796	700	339	332	-7	5	0	32.51	32.51	32.51
juego1	easy	40.0	0.008	54803	700	338	331	-7	5	0	32.78	32.78	32.78
juego1	easy	40.0	0.008	54812	700	338	329	-9	5	0	33.32	33.32	33.32
juego1	easy	40.0	0.008	54821	700	338	328	-10	5	0	33.89	33.89	33.89
juego1	easy	40.0	0.008	54828	700	338	327	-11	5	0	34.21	34.21	34.21
juego1	easy	40.0	0.008	54837	700	337	326	-11	5	0	34.8	34.8	34.8
juego1	easy	40.0	0.008	54845	700	337	325	-12	5	0	35.09	35.09	35.09
juego1	easy	40.0	0.008	54854	700	337	324	-13	5	0	35.52	35.52	35.52
juego1	easy	40.0	0.008	54862	700	336	323	-13	5	0	35.8	35.8	35.8
juego1	easy	40.0	0.008	54871	700	336	322	-14	5	0	35.99	35.99	35.99
juego1	easy	40.0	0.008	54879	700	336	322	-14	5	0	36.11	36.11	36.11
juego1	easy	40.0	0.008	54887	700	335	321	-14	5	0	36.39	36.39	36.39
juego1	easy	40.0	0.008	54896	700	335	321	-14	5	0	36.67	36.67	36.67
juego1	easy	40.0	0.008	54904	700	335	320	-15	5	0	36.77	36.77	36.77
juego1	easy	40.0	0.008	54913	700	334	320	-14	5	0	37.0	37.0	37.0
juego1	easy	40.0	0.008	54922	700	334	319	-15	5	0	37.35	37.35	37.35
juego1	easy	40.0	0.008	54931	700	334	318	-16	5	0	37.75	37.75	37.75
juego1	easy	40.0	0.008	54938	700	333	317	-16	5	0	37.95	37.95	37.95
juego1	easy	40.0	0.008	54947	700	333	317	-16	5	0	38.11	38.11	38.11
juego1	easy	40.0	0.008	54956	700	333	317	-16	5	0	38.23	38.23	38.23
juego1	easy	40.0	0.008	54965	700	332	316	-16	5	0	38.32	38.32	38.32
juego1	easy	40.0	0.008	54974	700	332	316	-16	5	0	38.55	38.55	38.55
juego1	easy	40.0	0.008	54982	700	332	315	-17	5	0	38.78	38.78	38.78
juego1	easy	40.0	0.008	54991	700	331	314	-17	5	0	39.09	39.09	39.09
juego1	easy	40.0	0.008	54999	700	331	314	-17	5	0	39.26	39.26	39.26
juego1	easy	40.0	0.008	55008	700	331	313	-18	5	0	39.56	39.56	39.56
juego1	easy	40.0	0.008	55016	700	330	313	-17	5	0	39.59	39.59	39.59
juego1	easy	40.0	0.008	55024	700	330	313	-17	5	0	39.56	39.56	39.56
juego1	easy	40.0	0.008	55033	700	329	313	-16	5	0	39.53	39.53	39.53
juego1	easy	40.0	0.008	55041	700	329	313	-16	5	0	39.68	39.68	39.68
juego1	easy	40.0	0.008	55050	700	329	313	-16	5	0	39.77	39.77	39.77
juego1	easy	40.0	0.008	55059	700	328	312	-16	5	0	39.95	39.95	39.95
juego1	easy	40.0	0.008	55068	700	328	312	-16	5	0	40.09	40.09	40.09
juego1	easy	40.0	0.008	55075	700	328	312	-16	5	0	40.17	40.17	40.17
juego1	easy	40.0	0.008	55084	700	327	311	-16	5	0	40.45	40.45	40.45
juego1	easy	40.0	0.008	55093	700	327	310	-17	5	0	40.78	40.78	40.78
juego1	easy	40.0	0.008	55102	700	326	309	-17	5	0	40.99	40.99	40.99
juego1	easy	40.0	0.008	55110	700	326	309	-17	5	0	41.02	41.02	41.02
juego1	easy	40.0	0.008	55119	700	326	309	-17	5	0	41.09	41.09	41.09
juego1	easy	40.0	0.008	55128	700	325	309	-16	5	0	41.21	41.21	41.21
juego1	easy	40.0	0.008	55136	700	325	308	-17	5	0	41.37	41.37	41.37
juego1	easy	40.0	0.008	55145	700	324	308	-16	5	0	41.46	41.46	41.46
juego1	easy	40.0	0.008	55154	700	324	308	-16	5	0	41.68	41.68	41.68
juego1	easy	40.0	0.008	55163	700	324	307	-17	5	0	41.87	41.87	41.87
juego1	easy	40.0	0.008	55171	700	323	307	-16	5	0	42.03	42.03	42.03
juego1	easy	40.0	0.008	55180	700	323	306	-17	5	0	42.13	42.13	42.13
juego1	easy	40.0	0.008	55189	700	322	306	-16	5	0	42.36	42.36	42.36
juego1	easy	40.0	0.008	55198	700	322	305	-17	5	0	42.57	42.57	42.57
juego1	easy	40.0	0.008	55206	700	321	305	-16	5	0	42.68	42.68	42.68
juego1	easy	40.0	0.008	55215	700	321	305	-16	5	0	42.71	42.71	42.71
juego1	easy	40.0	0.008	55223	700	321	305	-16	5	0	42.78	42.78	42.78
juego1	easy	40.0	0.008	55232	700	320	305	-15	5	0	42.84	42.84	42.84
juego1	easy	40.0	0.008	55241	700	320	304	-16	5	0	42.88	42.88	42.88
juego1	easy	40.0	0.008	55248	700	319	304	-15	5	0	42.97	42.97	42.97
juego1	easy	40.0	0.008	55257	700	319	304	-15	5	0	43.03	43.03	43.03
juego1	easy	40.0	0.008	55265	700	318	304	-14	5	0	43.05	43.05	43.05
juego1	easy	40.0	0.008	55273	700	318	304	-14	5	0	43.06	43.06	43.06
juego1	easy	40.0	0.008	55282	700	317	304	-13	5	0	43.07	43.07	43.07
juego1	easy	40.0	0.008	55290	700	317	304	-13	5	0	43.08	43.08	43.08
juego1	easy	40.0	0.008	55298	700	316	304	-12	5	0	43.14	43.14	43.14
juego1	easy	40.0	0.008	55307	700	316	304	-12	5	0	43.22	43.22	43.22
juego1	easy	40.0	0.008	55316	700	316	303	-13	5	0	43.26	43.26	43.26
juego1	easy	40.0	0.008	55323	700	315	303	-12	5	0	43.33	43.33	43.33
juego1	easy	40.0	0.008	55332	700	315	303	-12	5	0	43.43	43.43	43.43
juego1	easy	40.0	0.008	55341	700	314	303	-11	5	0	43.49	43.49	43.49
juego1	easy	40.0	0.008	55348	700	314	303	-11	5	0	43.61	43.61	43.61
juego1	easy	40.0	0.008	55357	700	313	302	-11	5	0	43.67	43.67	43.67
juego1	easy	40.0	0.008	55365	700	313	302	-11	5	0	43.69	43.69	43.69
juego1	easy	40.0	0.008	55374	700	312	302	-10	5	0	43.76	43.76	43.76
juego1	easy	40.0	0.008	55383	700	312	302	-10	5	0	43.84	43.84	43.84
juego1	easy	40.0	0.008	55392	700	311	302	-9	5	0	43.92	43.92	43.92
juego1	easy	40.0	0.008	55401	700	311	302	-9	5	0	43.95	43.95	43.95
juego1	easy	40.0	0.008	55410	700	310	301	-9	5	0	44.04	44.04	44.04
juego1	easy	40.0	0.008	55418	700	310	301	-9	5	0	44.12	44.12	44.12
juego1	easy	40.0	0.008	55427	700	309	301	-8	5	0	44.26	44.26	44.26
juego1	easy	40.0	0.008	55435	700	309	300	-9	5	0	44.44	44.44	44.44
juego1	easy	40.0	0.008	55444	700	308	300	-8	5	0	44.59	44.59	44.59
juego1	easy	40.0	0.008	55453	700	308	300	-8	5	0	44.67	44.67	44.67
juego1	easy	40.0	0.008	55460	700	307	300	-7	5	0	44.68	44.68	44.68
juego1	easy	40.0	0.008	55469	700	307	300	-7	5	0	44.72	44.72	44.72
juego1	easy	40.0	0.008	55476	700	306	300	-6	5	0	44.74	44.74	44.74
juego1	easy	40.0	0.008	55485	700	306	300	-6	5	0	44.82	44.82	44.82
juego1	easy	40.0	0.008	55494	700	305	300	-5	5	0	44.93	44.93	44.93
juego1	easy	40.0	0.008	55502	700	305	300	-5	5	0	45.09	45.09	45.09
juego1	easy	40.0	0.008	55511	700	304	299	-5	5	0	45.19	45.19	45.19
juego1	easy	40.0	0.008	55519	700	304	299	-5	5	0	45.36	45.36	45.36
juego1	easy	40.0	0.008	55528	700	303	299	-4	5	0	45.48	45.48	45.48
juego1	easy	40.0	0.008	55536	700	303	299	-4	5	0	45.52	45.52	45.52
juego1	easy	40.0	0.008	55545	700	302	298	-4	5	0	45.6	45.6	45.6
juego1	easy	40.0	0.008	55554	700	302	298	-4	5	0	45.68	45.68	45.68
juego1	easy	40.0	0.008	55562	700	301	298	-3	5	0	45.81	45.81	45.81
juego1	easy	40.0	0.008	55571	700	301	298	-3	5	0	45.88	45.88	45.88
juego1	easy	40.0	0.008	55580	700	300	297	-3	5	0	46.0	46.0	46.0
juego1	easy	40.0	0.008	55589	700	300	297	-3	5	0	46.11	46.11	46.11
juego1	easy	40.0	0.008	55597	700	300	297	-3	5	0	46.18	46.18	46.18
juego1	easy	40.0	0.008	55606	700	300	297	-3	5	0	46.22	46.22	46.22
juego1	easy	40.0	0.008	55614	700	299	297	-2	5	0	46.3	46.3	46.3
juego1	easy	40.0	0.008	55623	700	299	296	-3	5	0	46.4	46.4	46.4
juego1	easy	40.0	0.008	55631	700	298	296	-2	5	0	46.46	46.46	46.46
juego1	easy	40.0	0.008	55640	700	298	296	-2	5	0	46.61	46.61	46.61
juego1	easy	40.0	0.008	55649	700	297	295	-2	5	0	46.75	46.75	46.75
juego1	easy	40.0	0.008	55658	700	297	295	-2	5	0	46.86	46.86	46.86
juego1	easy	40.0	0.008	55667	700	296	295	-1	5	0	46.95	46.95	46.95
juego1	easy	40.0	0.008	55675	700	296	295	-1	5	0	46.99	46.99	46.99
juego1	easy	40.0	0.008	55684	700	295	295	0	5	0	47.06	47.06	47.06
juego1	easy	40.0	0.008	55692	700	294	294	0	5	0	47.16	47.16	47.16
juego1	easy	40.0	0.008	55701	700	294	294	0	5	0	47.22	47.22	47.22
juego1	easy	40.0	0.008	55709	700	293	294	1	5	0	47.37	47.37	47.37
juego1	easy	40.0	0.008	55718	700	293	293	0	5	0	47.5	47.5	47.5
juego1	easy	40.0	0.008	55727	700	292	293	1	5	0	47.56	47.56	47.56
juego1	easy	40.0	0.008	55735	700	292	293	1	5	0	47.71	47.71	47.71
juego1	easy	40.0	0.008	55744	700	291	293	2	5	0	47.84	47.84	47.84
juego1	easy	40.0	0.008	55752	700	291	292	1	5	0	47.95	47.95	47.95
juego1	easy	40.0	0.008	55761	700	290	292	2	5	0	48.01	48.01	48.01
juego1	easy	40.0	0.008	55769	700	290	292	2	5	0	48.16	48.16	48.16
juego1	easy	40.0	0.008	55778	700	289	291	2	5	0	48.36	48.36	48.36
juego1	easy	40.0	0.008	55786	700	289	291	2	5	0	48.48	48.48	48.48
juego1	easy	40.0	0.008	55795	700	288	290	2	5	0	48.68	48.68	48.68
juego1	easy	40.0	0.008	55803	700	288	290	2	5	0	48.87	48.87	48.87
juego1	easy	40.0	0.008	55812	700	287	290	3	5	0	48.95	48.95	48.95
juego1	easy	40.0	0.008	55821	700	286	289	3	5	0	49.08	49.08	49.08
juego1	easy	40.0	0.008	55829	700	286	289	3	5	0	49.2	49.2	49.2
juego1	easy	40.0	0.008	55838	700	285	289	4	5	0	49.31	49.31	49.31
juego1	easy	40.0	0.008	55845	700	285	289	4	5	0	49.38	49.38	49.38
juego1	easy	40.0	0.008	55853	700	284	288	4	5	0	49.53	49.53	49.53
juego1	easy	40.0	0.008	55862	700	284	288	4	5	0	49.72	49.72	49.72
juego1	easy	40.0	0.008	55871	700	283	287	4	5	0	49.84	49.84	49.84
juego1	easy	40.0	0.008	55879	700	283	287	4	6	0	50.09	50.09	50.09
juego1	easy	40.0	0.008	55888	700	282	286	4	6	0	50.32	50.32	50.32
juego1	easy	40.0	0.008	55896	700	282	286	4	6	0	50.42	50.42	50.42
juego1	easy	40.0	0.008	55905	700	282	285	3	6	0	50.57	50.57	50.57
juego1	easy	40.0	0.008	55914	700	281	285	4	6	0	50.68	50.68	50.68
juego1	easy	40.0	0.008	55923	700	281	285	4	6	0	50.78	50.78	50.78
juego1	easy	40.0	0.008	55932	700	280	285	5	6	0	50.84	50.84	50.84
juego1	easy	40.0	0.008	55941	700	280	284	4	6	0	50.94	50.94	50.94
juego1	easy	40.0	0.008	55949	700	280	284	4	6	0	50.97	50.97	50.97
juego1	easy	40.0	0.008	55958	700	279	284	5	6	0	50.98	50.98	50.98
juego1	easy	40.0	0.008	55966	700	279	284	5	6	0	50.97	50.97	50.97
juego1	easy	40.0	0.008	55975	700	278	284	6	6	0	50.98	50.98	50.98
juego1	easy	40.0	0.008	55984	700	278	284	6	6	0	51.03	51.03	51.03
juego1	easy	40.0	0.008	55993	700	277	284	7	6	0	51.12	51.12	51.12
juego1	easy	40.0	0.008	56001	700	277	284	7	6	0	51.17	51.17	51.17
juego1	easy	40.0	0.008	56010	700	277	284	7	6	0	51.22	51.22	51.22
juego1	easy	40.0	0.008	56018	700	276	284	8	6	0	51.25	51.25	51.25
juego1	easy	40.0	0.008	56027	700	276	284	8	6	0	51.28	51.28	51.28
juego1	easy	40.0	0.008	56036	700	275	283	8	6	0	51.34	51.34	51.34
juego1	easy	40.0	0.008	56045	700	275	283	8	6	0	51.39	51.39	51.39
juego1	easy	40.0	0.008	56054	700	275	283	8	6	0	51.45	51.45	51.45
juego1	easy	40.0	0.008	56062	700	274	283	9	6	0	51.48	51.48	51.48
juego1	easy	40.0	0.008	56072	700	274	283	9	6	0	51.57	51.57	51.57
juego1	easy	40.0	0.008	56079	700	273	283	10	6	0	51.65	51.65	51.65
juego1	easy	40.0	0.008	56088	700	273	282	9	6	0	51.75	51.75	51.75
juego1	easy	40.0	0.008	56097	700	272	282	10	6	0	51.8	51.8	51.8
juego1	easy	40.0	0.008	56105	700	272	282	10	6	0	51.87	51.87	51.87
juego1	easy	40.0	0.008	56114	700	272	282	10	6	0	51.96	51.96	51.96
juego1	easy	40.0	0.008	56123	700	271	281	10	6	0	52.08	52.08	52.08
juego1	easy	40.0	0.008	56132	700	271	281	10	6	0	52.16	52.16	52.16
juego1	easy	40.0	0.008	56141	700	270	281	11	6	0	52.36	52.36	52.36
juego1	easy	40.0	0.008	56149	700	270	280	10	6	0	52.5	52.5	52.5
juego1	easy	40.0	0.008	56158	700	270	280	10	6	0	52.53	52.53	52.53
juego1	easy	40.0	0.008	56167	700	269	280	11	6	0	52.59	52.59	52.59
juego1	easy	40.0	0.008	56176	700	269	280	11	6	0	52.69	52.69	52.69
juego1	easy	40.0	0.008	56184	700	268	280	12	6	0	52.82	52.82	52.82
juego1	easy	40.0	0.008	56193	700	268	279	11	6	0	52.89	52.89	52.89
juego1	easy	40.0	0.008	56200	700	268	279	11	6	0	53.0	53.0	53.0
juego1	easy	40.0	0.008	56209	700	267	279	12	6	0	53.06	53.06	53.06
juego1	easy	40.0	0.008	56216	700	267	279	12	6	0	53.1	53.1	53.1
juego1	easy	40.0	0.008	56225	700	266	279	13	6	0	53.18	53.18	53.18
juego1	easy	40.0	0.008	56234	700	266	278	12	6	0	53.29	53.29	53.29
juego1	easy	40.0	0.008	56241	700	265	278	13	6	0	53.33	53.33	53.33
juego1	easy	40.0	0.008	56249	700	265	278	13	6	0	53.42	53.42	53.42
juego1	easy	40.0	0.008	56258	700	265	278	13	6	0	53.45	53.45	53.45
juego1	easy	40.0	0.008	56267	700	264	278	14	6	0	53.52	53.52	53.52
juego1	easy	40.0	0.008	56275	700	264	278	14	6	0	53.57	53.57	53.57
juego1	easy	40.0	0.008	56284	700	264	277	13	6	0	53.62	53.62	53.62
juego1	easy	40.0	0.008	56291	700	263	277	14	6	0	53.65	53.65	53.65
juego1	easy	40.0	0.008	56299	700	263	277	14	6	0	53.71	53.71	53.71
juego1	easy	40.0	0.008	56308	700	262	277	15	6	0	53.74	53.74	53.74
juego1	easy	40.0	0.008	56317	700	262	277	15	6	0	53.79	53.79	53.79
juego1	easy	40.0	0.008	56326	700	262	277	15	6	0	53.86	53.86	53.86
juego1	easy	40.0	0.008	56335	700	261	277	16	6	0	53.91	53.91	53.91
juego1	easy	40.0	0.008	56342	700	261	277	16	6	0	53.95	53.95	53.95
juego1	easy	40.0	0.008	56351	700	260	276	16	6	0	54.01	54.01	54.01
juego1	easy	40.0	0.008	56360	700	260	276	16	6	0	54.05	54.05	54.05
juego1	easy	40.0	0.008	56369	700	260	276	16	6	0	54.1	54.1	54.1
juego1	easy	40.0	0.008	56377	700	259	276	17	6	0	54.11	54.11	54.11
juego1	easy	40.0	0.008	56385	700	259	276	17	6	0	54.17	54.17	54.17
juego1	easy	40.0	0.008	56394	700	258	276	18	6	0	54.22	54.22	54.22
juego1	easy	40.0	0.008	56403	700	258	276	18	6	0	54.32	54.32	54.32
juego1	easy	40.0	0.008	56412	700	258	275	17	6	0	54.41	54.41	54.41
juego1	easy	40.0	0.008	56421	700	257	275	18	6	0	54.47	54.47	54.47
juego1	easy	40.0	0.008	56430	700	257	275	18	6	0	54.5	54.5	54.5
juego1	easy	40.0	0.008	56437	700	257	275	18	6	0	54.51	54.51	54.51
juego1	easy	40.0	0.008	56445	700	256	275	19	6	0	54.54	54.54	54.54
juego1	easy	40.0	0.008	56453	700	256	275	19	6	0	54.56	54.56	54.56
juego1	easy	40.0	0.008	56461	700	256	275	19	6	0	54.61	54.61	54.61
juego1	easy	40.0	0.008	56469	700	255	275	20	6	0	54.67	54.67	54.67
juego1	easy	40.0	0.008	56478	700	255	275	20	6	0	54.72	54.72	54.72
juego1	easy	40.0	0.008	56486	700	254	274	20	6	0	54.94	54.94	54.94
juego1	easy	40.0	0.008	56495	700	254	273	19	6	0	55.26	55.26	55.26
juego1	easy	40.0	0.008	56504	700	254	273	19	6	0	55.44	55.44	55.44
juego1	easy	40.0	0.008	56512	700	253	272	19	6	0	55.78	55.78	55.78
juego1	easy	40.0	0.008	56520	700	253	271	18	6	0	56.09	56.09	56.09
juego1	easy	40.0	0.008	56529	700	253	270	17	6	0	56.41	56.41	56.41
juego1	easy	40.0	0.008	56536	700	252	270	18	6	0	56.57	56.57	56.57
juego1	easy	40.0	0.008	56545	700	252	269	17	6	0	56.96	56.96	56.96
juego1	easy	40.0	0.008	56553	700	252	268	16	6	0	57.16	57.16	57.16
juego1	easy	40.0	0.008	56561	700	251	267	16	6	0	57.55	57.55	57.55
juego1	easy	40.0	0.008	56569	700	251	266	15	6	0	57.92	57.92	57.92
juego1	easy	40.0	0.008	56578	700	251	266	15	6	0	58.11	58.11	58.11
juego1	easy	40.0	0.008	56586	700	250	265	15	6	0	58.47	58.47	58.47
juego1	easy	40.0	0.008	56594	700	250	264	14	6	0	58.79	58.79	58.79
juego1	easy	40.0	0.008	56603	700	250	264	14	6	0	58.95	58.95	58.95
juego1	easy	40.0	0.008	56611	700	249	263	14	6	0	59.23	59.23	59.23
juego1	easy	40.0	0.008	56620	700	249	262	13	6	0	59.54	59.54	59.54
juego1	easy	40.0	0.008	56629	700	249	262	13	6	0	59.72	59.72	59.72
juego1	easy	40.0	0.008	56638	700	248	261	13	6	0	60.11	60.11	60.11
juego1	easy	40.0	0.008	56647	700	248	259	11	6	0	60.54	60.54	60.54
juego1	easy	40.0	0.008	56656	700	248	258	10	6	0	60.95	60.95	60.95
juego1	easy	40.0	0.008	56664	700	247	257	10	6	0	61.33	61.33	61.33
juego1	easy	40.0	0.008	56673	700	247	257	10	6	0	61.5	61.5	61.5
juego1	easy	40.0	0.008	56682	700	247	256	9	6	0	61.83	61.83	61.83
juego1	easy	40.0	0.008	56689	700	246	255	9	6	0	62.16	62.16	62.16
juego1	easy	40.0	0.008	56698	700	246	255	9	6	0	62.33	62.33	62.33
juego1	easy	40.0	0.008	56706	700	246	254	8	6	0	62.68	62.68	62.68
juego1	easy	40.0	0.008	56715	700	246	253	7	6	0	62.85	62.85	62.85
juego1	easy	40.0	0.008	56724	700	245	252	7	6	0	63.19	63.19	63.19
juego1	easy	40.0	0.008	56733	700	245	252	7	6	0	63.49	63.49	63.49
juego1	easy	40.0	0.008	56742	700	245	251	6	6	0	63.74	63.74	63.74
juego1	easy	40.0	0.008	56749	700	244	251	7	6	0	63.85	63.85	63.85
juego1	easy	40.0	0.008	56758	700	244	250	6	6	0	64.05	64.05	64.05
juego1	easy	40.0	0.008	56767	700	244	250	6	6	0	64.27	64.27	64.27
juego1	easy	40.0	0.008	56775	700	243	249	6	6	0	64.52	64.52	64.52
juego1	easy	40.0	0.008	56783	700	243	249	6	6	0	64.67	64.67	64.67
juego1	easy	40.0	0.008	56792	700	243	248	5	6	0	64.97	64.97	64.97
juego1	easy	40.0	0.008	56801	700	243	247	4	6	0	65.24	65.24	65.24
juego1	easy	40.0	0.008	56811	700	242	247	5	6	0	65.47	65.47	65.47
juego1	easy	40.0	0.008	56819	700	242	246	4	6	0	65.68	65.68	65.68
juego1	easy	40.0	0.008	56828	700	242	246	4	6	0	65.77	65.77	65.77
juego1	easy	40.0	0.008	56837	700	242	245	3	6	0	65.97	65.97	65.97
juego1	easy	40.0	0.008	56846	700	241	245	4	6	0	66.17	66.17	66.17
juego1	easy	40.0	0.008	56854	700	241	244	3	6	0	66.27	66.27	66.27
juego1	easy	40.0	0.008	56863	700	241	244	3	6	0	66.46	66.46	66.46
juego1	easy	40.0	0.008	56872	700	240	243	3	6	0	66.65	66.65	66.65
juego1	easy	40.0	0.008	56881	700	240	243	3	6	0	66.88	66.88	66.88
juego1	easy	40.0	0.008	56890	700	240	243	3	6	0	67.0	67.0	67.0
juego1	easy	40.0	0.008	56899	700	240	242	2	6	0	67.28	67.28	67.28
juego1	easy	40.0	0.008	56908	700	239	241	2	6	0	67.58	67.58	67.58
juego1	easy	40.0	0.008	56917	700	239	240	1	6	0	67.89	67.89	67.89
juego1	easy	40.0	0.008	56925	700	239	239	0	6	0	68.2	68.2	68.2
juego1	easy	40.0	0.008	56934	700	239	239	0	6	0	68.34	68.34	68.34
juego1	easy	40.0	0.008	56942	700	239	238	-1	6	0	68.66	68.66	68.66
juego1	easy	40.0	0.008	56951	700	238	237	-1	6	0	68.97	68.97	68.97
juego1	easy	40.0	0.008	56959	700	238	237	-1	6	0	69.12	69.12	69.12
juego1	easy	40.0	0.008	56968	700	238	236	-2	6	0	69.41	69.41	69.41
juego1	easy	40.0	0.008	56977	700	238	235	-3	6	0	69.7	69.7	69.7
juego1	easy	40.0	0.008	56986	700	237	235	-2	6	0	69.97	69.97	69.97
juego1	easy	40.0	0.008	56995	700	237	234	-3	6	0	70.23	70.23	70.23
juego1	easy	40.0	0.008	57004	700	237	234	-3	6	0	70.35	70.35	70.35
juego1	easy	40.0	0.008	57013	700	237	233	-4	6	0	70.57	70.57	70.57
juego1	easy	40.0	0.008	57022	700	237	233	-4	6	0	70.74	70.74	70.74
juego1	easy	40.0	0.008	57029	700	236	233	-3	6	0	70.81	70.81	70.81
juego1	easy	40.0	0.008	57037	700	236	232	-4	6	0	70.94	70.94	70.94
juego1	easy	40.0	0.008	57046	700	236	232	-4	6	0	71.07	71.07	71.07
juego1	easy	40.0	0.008	57054	700	236	232	-4	6	0	71.14	71.14	71.14
juego1	easy	40.0	0.008	57061	700	236	232	-4	6	0	71.21	71.21	71.21
juego1	easy	40.0	0.008	57069	700	235	231	-4	6	0	71.4	71.4	71.4
juego1	easy	40.0	0.008	57077	700	235	230	-5	6	0	71.62	71.62	71.62
juego1	easy	40.0	0.008	57085	700	235	230	-5	6	0	71.83	71.83	71.83
juego1	easy	40.0	0.008	57094	700	235	230	-5	6	0	71.92	71.92	71.92
juego1	easy	40.0	0.008	57103	700	235	229	-6	6	0	72.06	72.06	72.06
juego1	easy	40.0	0.008	57112	700	234	229	-5	6	0	72.13	72.13	72.13
juego1	easy	40.0	0.008	57121	700	234	229	-5	6	0	72.2	72.2	72.2
juego1	easy	40.0	0.008	57129	700	234	229	-5	6	0	72.25	72.25	72.25
juego1	easy	40.0	0.008	57138	700	234	228	-6	6	0	72.39	72.39	72.39
juego1	easy	40.0	0.008	57147	700	234	228	-6	6	0	72.58	72.58	72.58
juego1	easy	40.0	0.008	57156	700	234	227	-7	6	0	72.79	72.79	72.79
juego1	easy	40.0	0.008	57164	700	233	227	-6	6	0	72.88	72.88	72.88
juego1	easy	40.0	0.008	57173	700	233	227	-6	6	0	73.04	73.04	73.04
juego1	easy	40.0	0.008	57181	700	233	227	-6	6	0	73.14	73.14	73.14
juego1	easy	40.0	0.008	57190	700	233	226	-7	6	0	73.18	73.18	73.18
juego1	easy	40.0	0.008	57199	700	233	226	-7	6	0	73.26	73.26	73.26
juego1	easy	40.0	0.008	57208	700	233	226	-7	6	0	73.37	73.37	73.37
juego1	easy	40.0	0.008	57216	700	233	226	-7	6	0	73.5	73.5	73.5
juego1	easy	40.0	0.008	57225	700	232	225	-7	6	0	73.57	73.57	73.57
juego1	easy	40.0	0.008	57232	700	232	225	-7	6	0	73.66	73.66	73.66
juego1	easy	40.0	0.008	57242	700	232	225	-7	6	0	73.72	73.72	73.72
juego1	easy	40.0	0.008	57250	700	232	225	-7	6	0	73.74	73.74	73.74
juego1	easy	40.0	0.008	57258	700	232	225	-7	6	0	73.77	73.77	73.77
juego1	easy	40.0	0.008	57266	700	232	225	-7	6	0	73.8	73.8	73.8
juego1	easy	40.0	0.008	57275	700	232	225	-7	6	0	73.81	73.81	73.81
juego1	easy	40.0	0.008	57283	700	232	225	-7	6	0	73.83	73.83	73.83
juego1	easy	40.0	0.008	57292	700	231	225	-6	6	0	73.84	73.84	73.84
juego1	easy	40.0	0.008	57302	700	231	225	-6	6	0	73.89	73.89	73.89
juego1	easy	40.0	0.008	57310	700	231	225	-6	6	0	73.91	73.91	73.91
juego1	easy	40.0	0.008	57319	700	231	224	-7	6	0	73.96	73.96	73.96
juego1	easy	40.0	0.008	57327	700	231	224	-7	6	0	73.97	73.97	73.97
juego1	easy	40.0	0.008	57335	700	231	224	-7	6	0	73.97	73.97	73.97
juego1	easy	40.0	0.008	57344	700	231	224	-7	6	0	73.96	73.96	73.96
juego1	easy	40.0	0.008	57351	700	231	224	-7	6	0	73.96	73.96	73.96
juego1	easy	40.0	0.008	57360	700	231	224	-7	6	0	73.98	73.98	73.98
juego1	easy	40.0	0.008	57369	700	231	224	-7	6	0	74.01	74.01	74.01
juego1	easy	40.0	0.008	57376	700	231	224	-7	6	0	74.04	74.04	74.04
juego1	easy	40.0	0.008	57385	700	230	224	-6	6	0	74.04	74.04	74.04
juego1	easy	40.0	0.008	57394	700	230	224	-6	6	0	74.04	74.04	74.04
juego1	easy	40.0	0.008	57403	700	230	224	-6	6	0	74.04	74.04	74.04
juego1	easy	40.0	0.008	57412	700	230	224	-6	6	0	74.02	74.02	74.02
juego1	easy	40.0	0.008	57419	700	230	224	-6	6	0	74.02	74.02	74.02
juego1	easy	40.0	0.008	57428	700	230	224	-6	6	0	74.03	74.03	74.03
juego1	easy	40.0	0.008	57437	700	230	224	-6	6	0	74.02	74.02	74.02
juego1	easy	40.0	0.008	57445	700	230	224	-6	6	0	74.01	74.01	74.01
juego1	easy	40.0	0.008	57453	700	230	224	-6	6	0	73.97	73.97	73.97
juego1	easy	40.0	0.008	57461	700	230	224	-6	6	0	73.95	73.95	73.95
juego1	easy	40.0	0.008	57469	700	230	225	-5	6	0	73.91	73.91	73.91
juego1	easy	40.0	0.008	57477	700	230	225	-5	6	0	73.88	73.88	73.88
juego1	easy	40.0	0.008	57486	700	230	225	-5	6	0	73.87	73.87	73.87
juego1	easy	40.0	0.008	57495	700	230	225	-5	6	0	73.84	73.84	73.84
juego1	easy	40.0	0.008	57503	700	230	225	-5	6	0	73.81	73.81	73.81
juego1	easy	40.0	0.008	57511	700	230	225	-5	6	0	73.77	73.77	73.77
juego1	easy	40.0	0.008	57520	700	230	225	-5	6	0	73.74	73.74	73.74
juego1	easy	40.0	0.008	57529	700	230	225	-5	6	0	73.65	73.65	73.65
juego1	easy	40.0	0.008	57536	700	230	225	-5	6	0	73.56	73.56	73.56
juego1	easy	40.0	0.008	57545	700	230	226	-4	6	0	73.51	73.51	73.51
juego1	easy	40.0	0.008	57554	700	230	226	-4	6	0	73.4	73.4	73.4
juego1	easy	40.0	0.008	57562	700	230	226	-4	6	0	73.27	73.27	73.27
juego1	easy	40.0	0.008	57571	700	230	226	-4	6	0	73.19	73.19	73.19
juego1	easy	40.0	0.008	57580	700	230	227	-3	6	0	73.01	73.01	73.01
juego1	easy	40.0	0.008	57589	700	230	227	-3	6	0	72.78	72.78	72.78
juego1	easy	40.0	0.008	57597	700	230	228	-2	6	0	72.51	72.51	72.51
juego1	easy	40.0	0.008	57605	700	230	229	-1	6	0	72.37	72.37	72.37
juego1	easy	40.0	0.008	57614	700	230	229	-1	6	0	72.06	72.06	72.06
juego1	easy	40.0	0.008	57621	700	230	230	0	6	0	71.9	71.9	71.9
juego1	easy	40.0	0.008	57630	700	230	231	1	6	0	71.55	71.55	71.55
juego1	easy	40.0	0.008	57639	700	230	232	2	6	0	71.2	71.2	71.2
juego1	easy	40.0	0.008	57647	700	230	232	2	6	0	70.87	70.87	70.87
juego1	easy	40.0	0.008	57656	700	230	233	3	6	0	70.69	70.69	70.69
juego1	easy	40.0	0.008	57665	700	230	234	4	6	0	70.33	70.33	70.33
juego1	easy	40.0	0.008	57674	700	230	235	5	6	0	69.97	69.97	69.97
juego1	easy	40.0	0.008	57682	700	230	236	6	6	0	69.65	69.65	69.65
juego1	easy	40.0	0.008	57689	700	230	236	6	6	0	69.53	69.53	69.53
juego1	easy	40.0	0.008	57698	700	230	236	6	6	0	69.36	69.36	69.36
juego1	easy	40.0	0.008	57707	700	230	237	7	6	0	69.26	69.26	69.26
juego1	easy	40.0	0.008	57715	700	230	237	7	6	0	69.22	69.22	69.22
juego1	easy	40.0	0.008	57724	700	230	237	7	6	0	69.13	69.13	69.13
juego1	easy	40.0	0.008	57732	700	230	237	7	6	0	68.98	68.98	68.98
juego1	easy	40.0	0.008	57740	700	230	238	8	6	0	68.89	68.89	68.89
juego1	easy	40.0	0.008	57749	700	230	238	8	6	0	68.69	68.69	68.69
juego1	easy	40.0	0.008	57758	700	231	239	8	6	0	68.52	68.52	68.52
juego1	easy	40.0	0.008	57766	700	231	239	8	6	0	68.46	68.46	68.46
juego1	easy	40.0	0.008	57775	700	231	239	8	6	0	68.38	68.38	68.38
juego1	easy	40.0	0.008	57783	700	231	239	8	6	0	68.34	68.34	68.34
juego1	easy	40.0	0.008	57792	700	231	239	8	6	0	68.31	68.31	68.31
juego1	easy	40.0	0.008	57800	700	231	239	8	6	0	68.3	68.3	68.3
juego1	easy	40.0	0.008	57809	700	231	239	8	6	0	68.3	68.3	68.3
juego1	easy	40.0	0.008	57817	700	231	239	8	6	0	68.29	68.29	68.29
juego1	easy	40.0	0.008	57826	700	231	239	8	6	0	68.27	68.27	68.27
juego1	easy	40.0	0.008	57834	700	231	239	8	6	0	68.25	68.25	68.25
juego1	easy	40.0	0.008	57843	700	231	239	8	6	0	68.22	68.22	68.22
juego1	easy	40.0	0.008	57851	700	232	239	7	6	0	68.2	68.2	68.2
juego1	easy	40.0	0.008	57859	700	232	239	7	6	0	68.17	68.17	68.17
juego1	easy	40.0	0.008	57868	700	232	240	8	6	0	68.15	68.15	68.15
juego1	easy	40.0	0.008	57876	700	232	240	8	6	0	68.14	68.14	68.14
juego1	easy	40.0	0.008	57885	700	232	240	8	6	0	68.1	68.1	68.1
juego1	easy	40.0	0.008	57894	700	232	240	8	6	0	68.05	68.05	68.05
juego1	easy	40.0	0.008	57902	700	232	240	8	6	0	68.02	68.02	68.02
juego1	easy	40.0	0.008	57911	700	232	240	8	6	0	67.87	67.87	67.87
juego1	easy	40.0	0.008	57919	700	233	241	8	6	0	67.69	67.69	67.69
juego1	easy	40.0	0.008	57928	700	233	241	8	6	0	67.51	67.51	67.51
juego1	easy	40.0	0.008	57936	700	233	241	8	6	0	67.45	67.45	67.45
juego1	easy	40.0	0.008	57945	700	233	242	9	6	0	67.38	67.38	67.38
juego1	easy	40.0	0.008	57954	700	233	242	9	6	0	67.34	67.34	67.34
juego1	easy	40.0	0.008	57962	700	233	242	9	6	0	67.32	67.32	67.32
juego1	easy	40.0	0.008	57970	700	233	242	9	6	0	67.3	67.3	67.3
juego1	easy	40.0	0.008	57978	700	234	242	8	6	0	67.22	67.22	67.22
juego1	easy	40.0	0.008	57987	700	234	242	8	6	0	67.17	67.17	67.17
juego1	easy	40.0	0.008	57995	700	234	242	8	6	0	67.02	67.02	67.02
juego1	easy	40.0	0.008	58004	700	234	243	9	6	0	66.85	66.85	66.85
juego1	easy	40.0	0.008	58013	700	234	243	9	6	0	66.71	66.71	66.71
juego1	easy	40.0	0.008	58021	700	234	243	9	6	0	66.66	66.66	66.66
juego1	easy	40.0	0.008	58030	700	235	244	9	6	0	66.59	66.59	66.59
juego1	easy	40.0	0.008	58039	700	235	244	9	6	0	66.53	66.53	66.53
juego1	easy	40.0	0.008	58048	700	235	244	9	6	0	66.46	66.46	66.46
juego1	easy	40.0	0.008	58057	700	235	244	9	6	0	66.42	66.42	66.42
juego1	easy	40.0	0.008	58065	700	235	244	9	6	0	66.34	66.34	66.34
juego1	easy	40.0	0.008	58074	700	236	244	8	6	0	66.27	66.27	66.27
juego1	easy	40.0	0.008	58082	700	236	244	8	6	0	66.25	66.25	66.25
juego1	easy	40.0	0.008	58091	700	236	245	9	6	0	66.22	66.22	66.22
juego1	easy	40.0	0.008	58100	700	236	245	9	6	0	66.19	66.19	66.19
juego1	easy	40.0	0.008	58109	700	236	245	9	6	0	66.18	66.18	66.18
juego1	easy	40.0	0.008	58118	700	237	245	8	6	0	66.18	66.18	66.18
juego1	easy	40.0	0.008	58125	700	237	245	8	6	0	66.18	66.18	66.18
juego1	easy	40.0	0.008	58134	700	237	245	8	6	0	66.13	66.13	66.13
juego1	easy	40.0	0.008	58143	700	237	245	8	6	0	66.07	66.07	66.07
juego1	easy	40.0	0.008	58151	700	237	245	8	6	0	66.04	66.04	66.04
juego1	easy	40.0	0.008	58159	700	238	245	7	6	0	65.96	65.96	65.96
juego1	easy	40.0	0.008	58168	700	238	246	8	6	0	65.85	65.85	65.85
juego1	easy	40.0	0.008	58177	700	238	246	8	6	0	65.81	65.81	65.81
juego1	easy	40.0	0.008	58185	700	238	246	8	6	0	65.76	65.76	65.76
juego1	easy	40.0	0.008	58195	700	239	246	7	6	0	65.69	65.69	65.69
juego1	easy	40.0	0.008	58202	700	239	246	7	6	0	65.64	65.64	65.64
juego1	easy	40.0	0.008	58212	700	239	246	7	6	0	65.5	65.5	65.5
juego1	easy	40.0	0.008	58219	700	239	247	8	6	0	65.32	65.32	65.32
juego1	easy	40.0	0.008	58228	700	240	247	7	6	0	65.15	65.15	65.15
juego1	easy	40.0	0.008	58236	700	240	248	8	6	0	65.08	65.08	65.08
juego1	easy	40.0	0.008	58244	700	240	248	8	6	0	64.99	64.99	64.99
juego1	easy	40.0	0.008	58253	700	240	248	8	6	0	64.96	64.96	64.96
juego1	easy	40.0	0.008	58261	700	241	248	7	6	0	64.93	64.93	64.93
juego1	easy	40.0	0.008	58270	700	241	248	7	6	0	64.92	64.92	64.92
juego1	easy	40.0	0.008	58278	700	241	248	7	6	0	64.9	64.9	64.9
juego1	easy	40.0	0.008	58287	700	241	248	7	6	0	64.89	64.89	64.89
juego1	easy	40.0	0.008	58296	700	242	248	6	6	0	64.87	64.87	64.87
juego1	easy	40.0	0.008	58303	700	242	248	6	6	0	64.88	64.88	64.88
juego1	easy	40.0	0.008	58312	700	242	248	6	6	0	64.9	64.9	64.9
juego1	easy	40.0	0.008	58321	700	242	248	6	6	0	64.94	64.94	64.94
juego1	easy	40.0	0.008	58330	700	243	248	5	6	0	64.96	64.96	64.96
juego1	easy	40.0	0.008	58339	700	243	248	5	6	0	64.98	64.98	64.98
juego1	easy	40.0	0.008	58347	700	243	248	5	6	0	64.97	64.97	64.97
juego1	easy	40.0	0.008	58355	700	244	248	4	6	0	64.97	64.97	64.97
juego1	easy	40.0	0.008	58364	700	244	248	4	6	0	64.93	64.93	64.93
juego1	easy	40.0	0.008	58373	700	244	248	4	6	0	64.9	64.9	64.9
juego1	easy	40.0	0.008	58382	700	244	248	4	6	0	64.84	64.84	64.84
juego1	easy	40.0	0.008	58391	700	245	248	3	6	0	64.79	64.79	64.79
juego1	easy	40.0	0.008	58400	700	245	248	3	6	0	64.72	64.72	64.72
juego1	easy	40.0	0.008	58408	700	245	249	4	6	0	64.6	64.6	64.6
juego1	easy	40.0	0.008	58417	700	246	249	3	6	0	64.52	64.52	64.52
juego1	easy	40.0	0.008	58424	700	246	249	3	6	0	64.35	64.35	64.35
juego1	easy	40.0	0.008	58433	700	246	250	4	6	0	64.26	64.26	64.26
juego1	easy	40.0	0.008	58441	700	247	250	3	6	0	64.14	64.14	64.14
juego1	easy	40.0	0.008	58450	700	247	250	3	6	0	64.08	64.08	64.08
juego1	easy	40.0	0.008	58458	700	247	250	3	6	0	64.07	64.07	64.07
juego1	easy	40.0	0.008	58466	700	247	250	3	6	0	64.14	64.14	64.14
juego1	easy	40.0	0.008	58475	700	248	250	2	6	0	64.29	64.29	64.29
juego1	easy	40.0	0.008	58484	700	248	249	1	6	0	64.43	64.43	64.43
juego1	easy	40.0	0.008	58493	700	248	249	1	6	0	64.43	64.43	64.43
juego1	easy	40.0	0.008	58502	700	249	249	0	6	0	64.39	64.39	64.39
juego1	easy	40.0	0.008	58511	700	249	250	1	6	0	64.33	64.33	64.33
juego1	easy	40.0	0.008	58518	700	249	250	1	6	0	64.33	64.33	64.33
juego1	easy	40.0	0.008	58526	700	250	250	0	6	0	64.32	64.32	64.32
juego1	easy	40.0	0.008	58536	700	250	250	0	6	0	64.31	64.31	64.31
juego1	easy	40.0	0.008	58543	700	250	250	0	6	0	64.32	64.32	64.32
juego1	easy	40.0	0.008	58552	700	251	250	-1	6	0	64.31	64.31	64.31
juego1	easy	40.0	0.008	58561	700	251	250	-1	6	0	64.32	64.32	64.32
juego1	easy	40.0	0.008	58570	700	251	250	-1	6	0	64.32	64.32	64.32
juego1	easy	40.0	0.008	58578	700	252	250	-2	6	0	64.31	64.31	64.31
juego1	easy	40.0	0.008	58587	700	252	250	-2	6	0	64.31	64.31	64.31
juego1	easy	40.0	0.008	58594	700	252	249	-3	6	0	64.37	64.37	64.37
juego1	easy	40.0	0.008	58603	700	253	249	-4	6	0	64.4	64.4	64.4
juego1	easy	40.0	0.008	58612	700	253	249	-4	6	0	64.5	64.5	64.5
juego1	easy	40.0	0.008	58621	700	253	249	-4	6	0	64.59	64.59	64.59
juego1	easy	40.0	0.008	58630	700	254	249	-5	6	0	64.66	64.66	64.66
juego1	easy	40.0	0.008	58638	700	254	249	-5	6	0	64.68	64.68	64.68
juego1	easy	40.0	0.008	58646	700	255	248	-7	6	0	64.72	64.72	64.72
juego1	easy	40.0	0.008	58655	700	255	248	-7	6	0	64.75	64.75	64.75
juego1	easy	40.0	0.008	58664	700	255	248	-7	6	0	64.78	64.78	64.78
juego1	easy	40.0	0.008	58673	700	256	248	-8	6	0	64.78	64.78	64.78
juego1	easy	40.0	0.008	58680	700	256	248	-8	6	0	64.76	64.76	64.76
juego1	easy	40.0	0.008	58689	700	256	249	-7	6	0	64.68	64.68	64.68
juego1	easy	40.0	0.008	58698	700	257	249	-8	6	0	64.63	64.63	64.63
juego1	easy	40.0	0.008	58707	700	257	249	-8	6	0	64.54	64.54	64.54
juego1	easy	40.0	0.008	58715	700	257	249	-8	6	0	64.44	64.44	64.44
juego1	easy	40.0	0.008	58723	700	258	249	-9	6	0	64.39	64.39	64.39
juego1	easy	40.0	0.008	58732	700	258	250	-8	6	0	64.28	64.28	64.28
juego1	easy	40.0	0.008	58741	700	259	250	-9	6	0	64.14	64.14	64.14
juego1	easy	40.0	0.008	58749	700	259	250	-9	6	0	63.98	63.98	63.98
juego1	easy	40.0	0.008	58758	700	259	251	-8	6	0	63.89	63.89	63.89
juego1	easy	40.0	0.008	58766	700	260	251	-9	6	0	63.74	63.74	63.74
juego1	easy	40.0	0.008	58775	700	260	251	-9	6	0	63.64	63.64	63.64
juego1	easy	40.0	0.008	58785	700	261	251	-10	6	0	63.61	63.61	63.61
juego1	easy	40.0	0.008	58793	700	261	251	-10	6	0	63.6	63.6	63.6
juego1	easy	40.0	0.008	58801	700	261	252	-9	6	0	63.56	63.56	63.56
juego1	easy	40.0	0.008	58811	700	262	252	-10	6	0	63.52	63.52	63.52
juego1	easy	40.0	0.008	58819	700	262	252	-10	6	0	63.51	63.51	63.51
juego1	easy	40.0	0.008	58828	700	262	252	-10	6	0	63.5	63.5	63.5
juego1	easy	40.0	0.008	58837	700	263	252	-11	6	0	63.51	63.51	63.51
juego1	easy	40.0	0.008	58846	700	263	252	-11	6	0	63.54	63.54	63.54
juego1	easy	40.0	0.008	58855	700	264	251	-13	6	0	63.57	63.57	63.57
juego1	easy	40.0	0.008	58863	700	264	251	-13	6	0	63.59	63.59	63.59
juego1	easy	40.0	0.008	58872	700	264	251	-13	6	0	63.6	63.6	63.6
juego1	easy	40.0	0.008	58881	700	265	251	-14	6	0	63.6	63.6	63.6
juego1	easy	40.0	0.008	58890	700	265	251	-14	6	0	63.6	63.6	63.6
juego1	easy	40.0	0.008	58898	700	266	251	-15	6	0	63.6	63.6	63.6
juego1	easy	40.0	0.008	58906	700	266	251	-15	6	0	63.64	63.64	63.64
juego1	easy	40.0	0.008	58915	700	266	251	-15	6	0	63.71	63.71	63.71
juego1	easy	40.0	0.008	58924	700	267	251	-16	6	0	63.76	63.76	63.76
juego1	easy	40.0	0.008	58933	700	267	251	-16	6	0	63.88	63.88	63.88
juego1	easy	40.0	0.008	58942	700	268	250	-18	6	0	64.03	64.03	64.03
juego1	easy	40.0	0.008	58950	700	268	250	-18	6	0	64.14	64.14	64.14
juego1	easy	40.0	0.008	58959	700	268	250	-18	6	0	64.15	64.15	64.15
juego1	easy	40.0	0.008	58968	700	269	250	-19	6	0	64.12	64.12	64.12
juego1	easy	40.0	0.008	58976	700	269	250	-19	6	0	64.04	64.04	64.04
juego1	easy	40.0	0.008	58985	700	270	251	-19	6	0	63.94	63.94	63.94
juego1	easy	40.0	0.008	58992	700	270	251	-19	6	0	63.9	63.9	63.9
juego1	easy	40.0	0.008	59001	700	270	251	-19	6	0	63.83	63.83	63.83
juego1	easy	40.0	0.008	59010	700	271	251	-20	6	0	63.76	63.76	63.76
juego1	easy	40.0	0.008	59019	700	271	251	-20	6	0	63.74	63.74	63.74
juego1	easy	40.0	0.008	59027	700	272	251	-21	6	0	63.7	63.7	63.7
juego1	easy	40.0	0.008	59036	700	272	251	-21	6	0	63.66	63.66	63.66
juego1	easy	40.0	0.008	59045	700	273	251	-22	6	0	63.64	63.64	63.64
juego1	easy	40.0	0.008	59054	700	273	251	-22	6	0	63.63	63.63	63.63
juego1	easy	40.0	0.008	59063	700	273	251	-22	6	0	63.61	63.61	63.61
juego1	easy	40.0	0.008	59072	700	274	251	-23	6	0	63.58	63.58	63.58
juego1	easy	40.0	0.008	59080	700	274	252	-22	6	0	63.55	63.55	63.55
juego1	easy	40.0	0.008	59088	700	275	252	-23	6	0	63.54	63.54	63.54
juego1	easy	40.0	0.008	59097	700	275	252	-23	6	0	63.5	63.5	63.5
juego1	easy	40.0	0.008	59104	700	275	252	-23	6	0	63.48	63.48	63.48
juego1	easy	40.0	0.008	59113	700	276	252	-24	6	0	63.41	63.41	63.41
juego1	easy	40.0	0.008	59122	700	276	252	-24	6	0	63.34	63.34	63.34
juego1	easy	40.0	0.008	59131	700	277	252	-25	6	0	63.28	63.28	63.28
juego1	easy	40.0	0.008	59139	700	277	252	-25	6	0	63.25	63.25	63.25
juego1	easy	40.0	0.008	59148	700	278	252	-26	6	0	63.2	63.2	63.2
juego1	easy	40.0	0.008	59156	700	278	253	-25	6	0	63.15	63.15	63.15
juego1	easy	40.0	0.008	59166	700	278	253	-25	6	0	63.12	63.12	63.12
juego1	easy	40.0	0.008	59173	700	279	253	-26	6	0	63.1	63.1	63.1
juego1	easy	40.0	0.008	59182	700	279	253	-26	6	0	63.06	63.06	63.06
juego1	easy	40.0	0.008	59191	700	280	253	-27	6	0	63.0	63.0	63.0
juego1	easy	40.0	0.008	59200	700	280	253	-27	6	0	62.97	62.97	62.97
juego1	easy	40.0	0.008	59208	700	281	253	-28	6	0	62.89	62.89	62.89
juego1	easy	40.0	0.008	59217	700	281	253	-28	6	0	62.81	62.81	62.81
juego1	easy	40.0	0.008	59224	700	281	254	-27	6	0	62.76	62.76	62.76
juego1	easy	40.0	0.008	59233	700	282	254	-28	6	0	62.66	62.66	62.66
juego1	easy	40.0	0.008	59242	700	282	254	-28	6	0	62.59	62.59	62.59
juego1	easy	40.0	0.008	59251	700	283	254	-29	6	0	62.55	62.55	62.55
juego1	easy	40.0	0.008	59258	700	283	254	-29	6	0	62.55	62.55	62.55
juego1	easy	40.0	0.008	59267	700	284	254	-30	6	0	62.6	62.6	62.6
juego1	easy	40.0	0.008	59275	700	284	254	-30	6	0	62.65	62.65	62.65
juego1	easy	40.0	0.008	59285	700	285	254	-31	6	0	62.68	62.68	62.68
juego1	easy	40.0	0.008	59292	700	285	254	-31	6	0	62.72	62.72	62.72
juego1	easy	40.0	0.008	59301	700	286	254	-32	6	0	62.76	62.76	62.76
juego1	easy	40.0	0.008	59308	700	286	254	-32	6	0	62.76	62.76	62.76
juego1	easy	40.0	0.008	59316	700	287	254	-33	6	0	62.75	62.75	62.75
juego1	easy	40.0	0.008	59325	700	287	254	-33	6	0	62.75	62.75	62.75
juego1	easy	40.0	0.008	59334	700	288	254	-34	6	0	62.73	62.73	62.73
juego1	easy	40.0	0.008	59343	700	289	254	-35	6	0	62.69	62.69	62.69
juego1	easy	40.0	0.008	59351	700	289	254	-35	6	0	62.63	62.63	62.63
juego1	easy	40.0	0.008	59360	700	290	254	-36	6	0	62.58	62.58	62.58
juego1	easy	40.0	0.008	59367	700	290	254	-36	6	0	62.49	62.49	62.49
juego1	easy	40.0	0.008	59376	700	291	255	-36	6	0	62.39	62.39	62.39
juego1	easy	40.0	0.008	59385	700	291	255	-36	6	0	62.34	62.34	62.34
juego1	easy	40.0	0.008	59394	700	292	255	-37	6	0	62.27	62.27	62.27
juego1	easy	40.0	0.008	59402	700	292	255	-37	6	0	62.23	62.23	62.23
juego1	easy	40.0	0.008	59410	700	293	255	-38	6	0	62.22	62.22	62.22
juego1	easy	40.0	0.008	59419	700	293	255	-38	6	0	62.22	62.22	62.22
juego1	easy	40.0	0.008	59428	700	294	255	-39	6	0	62.21	62.21	62.21
juego1	easy	40.0	0.008	59437	700	294	255	-39	6	0	62.22	62.22	62.22
juego1	easy	40.0	0.008	59447	700	295	255	-40	6	0	62.22	62.22	62.22
juego1	easy	40.0	0.008	59453	700	295	255	-40	6	0	62.22	62.22	62.22
juego1	easy	40.0	0.008	59462	700	296	255	-41	6	0	62.23	62.23	62.23
juego1	easy	40.0	0.008	59470	700	297	255	-42	6	0	62.24	62.24	62.24
juego1	easy	40.0	0.008	59479	700	297	255	-42	6	0	62.26	62.26	62.26
juego1	easy	40.0	0.008	59487	700	298	255	-43	6	0	62.27	62.27	62.27
juego1	easy	40.0	0.008	59496	700	298	255	-43	6	0	62.28	62.28	62.28
juego1	easy	40.0	0.008	59504	700	299	255	-44	6	0	62.32	62.32	62.32
juego1	easy	40.0	0.008	59512	700	299	255	-44	6	0	62.37	62.37	62.37
juego1	easy	40.0	0.008	59520	700	300	255	-45	6	0	62.4	62.4	62.4
juego1	easy	40.0	0.008	59528	700	300	254	-46	6	0	62.46	62.46	62.46
juego1	easy	40.0	0.008	59537	700	300	254	-46	6	0	62.51	62.51	62.51
juego1	easy	40.0	0.008	59545	700	300	254	-46	6	0	62.53	62.53	62.53
juego1	easy	40.0	0.008	59553	700	301	254	-47	6	0	62.57	62.57	62.57
juego1	easy	40.0	0.008	59562	700	301	254	-47	6	0	62.6	62.6	62.6
juego1	easy	40.0	0.008	59571	700	302	254	-48	6	0	62.61	62.61	62.61
juego1	easy	40.0	0.008	59578	700	302	254	-48	6	0	62.58	62.58	62.58
juego1	easy	40.0	0.008	59586	700	303	254	-49	6	0	62.51	62.51	62.51
juego1	easy	40.0	0.008	59595	700	303	254	-49	6	0	62.47	62.47	62.47
juego1	easy	40.0	0.008	59604	700	304	255	-49	6	0	62.35	62.35	62.35
juego1	easy	40.0	0.008	59613	700	304	255	-49	6	0	62.2	62.2	62.2
juego1	easy	40.0	0.008	59622	700	305	255	-50	6	0	62.04	62.04	62.04
juego1	easy	40.0	0.008	59631	700	305	256	-49	6	0	61.95	61.95	61.95
juego1	easy	40.0	0.008	59639	700	306	256	-50	6	0	61.75	61.75	61.75
juego1	easy	40.0	0.008	59647	700	306	257	-49	6	0	61.5	61.5	61.5
juego1	easy	40.0	0.008	59655	700	307	257	-50	6	0	61.36	61.36	61.36
juego1	easy	40.0	0.008	59664	700	307	258	-49	6	0	61.21	61.21	61.21
juego1	easy	40.0	0.008	59673	700	308	259	-49	6	0	60.88	60.88	60.88
juego1	easy	40.0	0.008	59682	700	308	260	-48	6	0	60.19	60.19	60.19
juego1	easy	40.0	0.008	59691	700	309	261	-48	6	0	59.97	59.97	59.97
juego1	easy	40.0	0.008	59698	700	309	262	-47	6	0	59.58	59.58	59.58
juego1	easy	40.0	0.008	59707	700	310	263	-47	6	0	59.14	59.14	59.14
juego1	easy	40.0	0.008	59714	700	310	264	-46	6	0	58.9	58.9	58.9
juego1	easy	40.0	0.008	59723	700	311	265	-46	6	0	58.28	58.28	58.28
juego1	easy	40.0	0.008	59732	700	311	267	-44	6	0	57.5	57.5	57.5
juego1	easy	40.0	0.008	59740	700	312	268	-44	6	0	57.1	57.1	57.1
juego1	easy	40.0	0.008	59749	700	312	270	-42	6	0	56.32	56.32	56.32
juego1	easy	40.0	0.008	59756	700	313	271	-42	6	0	55.95	55.95	55.95
juego1	easy	40.0	0.008	59764	700	313	273	-40	6	0	55.26	55.26	55.26
juego1	easy	40.0	0.008	59773	700	314	275	-39	6	0	54.61	54.61	54.61
juego1	easy	40.0	0.008	59782	700	314	276	-38	6	0	53.99	53.99	53.99
juego1	easy	40.0	0.008	59791	700	315	277	-38	6	0	53.72	53.72	53.72
juego1	easy	40.0	0.008	59800	700	315	278	-37	6	0	53.25	53.25	53.25
juego1	easy	40.0	0.008	59810	700	315	279	-36	6	0	52.92	52.92	52.92
juego1	easy	40.0	0.008	59818	700	316	280	-36	6	0	52.66	52.66	52.66
juego1	easy	40.0	0.008	59825	700	316	280	-36	6	0	52.56	52.56	52.56
juego1	easy	40.0	0.008	59834	700	317	281	-36	6	0	52.42	52.42	52.42
juego1	easy	40.0	0.008	59843	700	317	281	-36	6	0	52.27	52.27	52.27
juego1	easy	40.0	0.008	59852	700	318	281	-37	6	0	52.1	52.1	52.1
juego1	easy	40.0	0.008	59859	700	318	282	-36	6	0	52.01	52.01	52.01
juego1	easy	40.0	0.008	59868	700	319	282	-37	6	0	51.74	51.74	51.74
juego1	easy	40.0	0.008	59876	700	319	283	-36	6	0	51.57	51.57	51.57
juego1	easy	40.0	0.008	59885	700	320	284	-36	6	0	51.19	51.19	51.19
juego1	easy	40.0	0.008	59894	700	320	285	-35	6	0	50.75	50.75	50.75
juego1	easy	40.0	0.008	59902	700	320	285	-35	6	0	50.54	50.54	50.54
juego1	easy	40.0	0.008	59911	700	321	286	-35	6	0	50.25	50.25	50.25
juego1	easy	40.0	0.008	59919	700	321	287	-34	6	0	49.98	49.98	49.98
juego1	easy	40.0	0.008	59926	700	322	287	-35	6	0	49.89	49.89	49.89
juego1	easy	40.0	0.008	59935	700	322	288	-34	6	0	49.75	49.75	49.75
juego1	easy	40.0	0.008	59942	700	323	288	-35	6	0	49.55	49.55	49.55
juego1	easy	40.0	0.008	59951	700	323	288	-35	6	0	49.4	49.4	49.4
juego1	easy	40.0	0.008	59960	700	323	289	-34	6	0	49.03	49.03	49.03
juego1	easy	40.0	0.008	59967	700	324	291	-33	6	0	48.57	48.57	48.57
juego1	easy	40.0	0.008	59976	700	324	291	-33	6	0	48.32	48.32	48.32
juego1	easy	40.0	0.008	59985	700	325	293	-32	6	0	47.81	47.81	47.81
juego1	easy	40.0	0.008	59993	700	325	294	-31	6	0	47.35	47.35	47.35
juego1	easy	40.0	0.008	60002	700	326	295	-31	6	0	46.98	46.98	46.98
juego1	easy	40.0	0.008	60011	700	326	295	-31	6	0	46.84	46.84	46.84
juego1	easy	40.0	0.008	60020	700	326	296	-30	6	0	46.54	46.54	46.54
juego1	easy	40.0	0.008	60028	700	327	297	-30	6	0	46.23	46.23	46.23
juego1	easy	40.0	0.008	60037	700	327	297	-30	6	0	46.05	46.05	46.05
juego1	easy	40.0	0.008	60046	700	328	298	-30	6	0	45.64	45.64	45.64
juego1	easy	40.0	0.008	60054	700	328	299	-29	6	0	45.21	45.21	45.21
juego1	easy	40.0	0.008	60062	700	328	300	-28	6	0	44.81	44.81	44.81
juego1	easy	40.0	0.008	60071	700	329	300	-29	6	0	44.62	44.62	44.62
juego1	easy	40.0	0.008	60079	700	329	301	-28	6	0	44.29	44.29	44.29
juego1	easy	40.0	0.008	60088	700	329	301	-28	6	0	44.03	44.03	44.03
juego1	easy	40.0	0.008	60096	700	330	302	-28	6	0	43.92	43.92	43.92
juego1	easy	40.0	0.008	60105	700	330	302	-28	6	0	43.72	43.72	43.72
juego1	easy	40.0	0.008	60112	700	331	303	-28	6	0	43.6	43.6	43.6
juego1	easy	40.0	0.008	60120	700	331	303	-28	6	0	43.41	43.41	43.41
juego1	easy	40.0	0.008	60129	700	331	304	-27	6	0	43.24	43.24	43.24
juego1	easy	40.0	0.008	60138	700	332	304	-28	6	0	43.12	43.12	43.12
juego1	easy	40.0	0.008	60147	700	332	304	-28	6	0	43.06	43.06	43.06
juego1	easy	40.0	0.008	60156	700	332	304	-28	6	0	42.92	42.92	42.92
juego1	easy	40.0	0.008	60165	700	333	305	-28	6	0	42.72	42.72	42.72
juego1	easy	40.0	0.008	60174	700	333	305	-28	6	0	42.52	42.52	42.52
juego1	easy	40.0	0.008	60181	700	333	306	-27	6	0	42.42	42.42	42.42
juego1	easy	40.0	0.008	60190	700	334	306	-28	6	0	42.25	42.25	42.25
juego1	easy	40.0	0.008	60199	700	334	307	-27	6	0	42.08	42.08	42.08
juego1	easy	40.0	0.008	60208	700	334	307	-27	6	0	41.96	41.96	41.96
juego1	easy	40.0	0.008	60215	700	335	307	-28	6	0	41.91	41.91	41.91
juego1	easy	40.0	0.008	60224	700	335	307	-28	6	0	41.9	41.9	41.9
juego1	easy	40.0	0.008	60231	700	335	307	-28	6	0	41.91	41.91	41.91
juego1	easy	40.0	0.008	60240	700	336	307	-29	6	0	41.94	41.94	41.94
juego1	easy	40.0	0.008	60249	700	336	307	-29	6	0	41.86	41.86	41.86
juego1	easy	40.0	0.008	60258	700	336	307	-29	6	0	41.81	41.81	41.81
juego1	easy	40.0	0.008	60266	700	337	307	-30	6	0	41.79	41.79	41.79
juego1	easy	40.0	0.008	60275	700	337	307	-30	6	0	41.75	41.75	41.75
juego1	easy	40.0	0.008	60283	700	337	308	-29	6	0	41.63	41.63	41.63
juego1	easy	40.0	0.008	60290	700	338	308	-30	6	0	41.56	41.56	41.56
juego1	easy	40.0	0.008	60299	700	338	308	-30	6	0	41.44	41.44	41.44
juego1	easy	40.0	0.008	60308	700	338	309	-29	6	0	41.29	41.29	41.29
juego1	easy	40.0	0.008	60316	700	338	309	-29	6	0	41.22	41.22	41.22
juego1	easy	40.0	0.008	60324	700	339	309	-30	6	0	41.11	41.11	41.11
juego1	easy	40.0	0.008	60333	700	339	309	-30	6	0	41.07	41.07	41.07
juego1	easy	40.0	0.008	60341	700	339	309	-30	6	0	41.04	41.04	41.04
juego1	easy	40.0	0.008	60350	700	340	310	-30	6	0	40.93	40.93	40.93
juego1	easy	40.0	0.008	60359	700	340	310	-30	6	0	40.8	40.8	40.8
juego1	easy	40.0	0.008	60368	700	340	310	-30	6	0	40.7	40.7	40.7
juego1	easy	40.0	0.008	60376	700	340	310	-30	6	0	40.66	40.66	40.66
juego1	easy	40.0	0.008	60383	700	341	310	-31	6	0	40.62	40.62	40.62
juego1	easy	40.0	0.008	60392	700	341	310	-31	6	0	40.61	40.61	40.61
juego1	easy	40.0	0.008	60401	700	341	310	-31	6	0	40.57	40.57	40.57
juego1	easy	40.0	0.008	60409	700	341	310	-31	6	0	40.57	40.57	40.57
juego1	easy	40.0	0.008	60417	700	342	310	-32	6	0	40.58	40.58	40.58
juego1	easy	40.0	0.008	60426	700	342	310	-32	6	0	40.63	40.63	40.63
juego1	easy	40.0	0.008	60435	700	342	310	-32	6	0	40.69	40.69	40.69
juego1	easy	40.0	0.008	60444	700	342	310	-32	6	0	40.7	40.7	40.7
juego1	easy	40.0	0.008	60452	700	343	310	-33	6	0	40.66	40.66	40.66
juego1	easy	40.0	0.008	60460	700	343	310	-33	6	0	40.6	40.6	40.6
juego1	easy	40.0	0.008	60468	700	343	310	-33	6	0	40.57	40.57	40.57
juego1	easy	40.0	0.008	60477	700	343	311	-32	6	0	40.56	40.56	40.56
juego1	easy	40.0	0.008	60486	700	343	311	-32	6	0	40.51	40.51	40.51
juego1	easy	40.0	0.008	60495	700	344	311	-33	6	0	40.42	40.42	40.42
juego1	easy	40.0	0.008	60504	700	344	311	-33	6	0	40.3	40.3	40.3
juego1	easy	40.0	0.008	60512	700	344	311	-33	6	0	40.21	40.21	40.21
juego1	easy	40.0	0.008	60520	700	344	312	-32	6	0	40.01	40.01	40.01
juego1	easy	40.0	0.008	60529	700	344	312	-32	6	0	39.83	39.83	39.83
juego1	easy	40.0	0.008	60537	700	345	313	-32	6	0	39.77	39.77	39.77
juego1	easy	40.0	0.008	60546	700	345	313	-32	6	0	39.64	39.64	39.64
juego1	easy	40.0	0.008	60555	700	345	313	-32	6	0	39.42	39.42	39.42
juego1	easy	40.0	0.008	60564	700	345	314	-31	6	0	39.17	39.17	39.17
juego1	easy	40.0	0.008	60572	700	345	315	-30	6	0	39.03	39.03	39.03
juego1	easy	40.0	0.008	60581	700	345	315	-30	6	0	38.83	38.83	38.83
juego1	easy	40.0	0.008	60590	700	346	316	-30	6	0	38.65	38.65	38.65
juego1	easy	40.0	0.008	60599	700	346	316	-30	6	0	38.51	38.51	38.51
juego1	easy	40.0	0.008	60608	700	346	316	-30	6	0	38.41	38.41	38.41
juego1	easy	40.0	0.008	60617	700	346	317	-29	6	0	38.2	38.2	38.2
juego1	easy	40.0	0.008	60626	700	346	317	-29	6	0	38.2	38.2	38.2
juego1	easy	40.0	0.008	60635	700	346	317	-29	6	0	38.0	38.0	38.0
juego1	easy	40.0	0.008	60644	700	347	319	-28	6	0	37.41	37.41	37.41
juego1	easy	40.0	0.008	60653	700	347	320	-27	6	0	37.03	37.03	37.03
juego1	easy	40.0	0.008	60662	700	347	322	-25	6	0	36.13	36.13	36.13
juego1	easy	40.0	0.008	60670	700	347	324	-23	6	0	35.37	35.37	35.37
juego1	easy	40.0	0.008	60679	700	347	325	-22	6	0	34.9	34.9	34.9
juego1	easy	40.0	0.008	60686	700	347	326	-21	6	0	34.75	34.75	34.75
juego1	easy	40.0	0.008	60695	700	347	326	-21	6	0	34.54	34.54	34.54
juego1	easy	40.0	0.008	60703	700	347	326	-21	6	0	34.46	34.46	34.46
juego1	easy	40.0	0.008	60711	700	347	327	-20	6	0	34.23	34.23	34.23
juego1	easy	40.0	0.008	60721	700	348	328	-20	6	0	33.88	33.88	33.88
juego1	easy	40.0	0.008	60729	700	348	329	-19	6	0	33.62	33.62	33.62
juego1	easy	40.0	0.008	60738	700	348	329	-19	6	0	33.49	33.49	33.49
juego1	easy	40.0	0.008	60747	700	348	329	-19	6	0	33.32	33.32	33.32
juego1	easy	40.0	0.008	60756	700	348	330	-18	6	0	33.25	33.25	33.25
juego1	easy	40.0	0.008	60765	700	348	330	-18	6	0	33.22	33.22	33.22
juego1	easy	40.0	0.008	60772	700	348	330	-18	6	0	33.2	33.2	33.2
juego1	easy	40.0	0.008	60781	700	348	330	-18	6	0	33.12	33.12	33.12
juego1	easy	40.0	0.008	60790	700	348	330	-18	6	0	33.05	33.05	33.05
juego1	easy	40.0	0.008	60799	700	348	330	-18	6	0	33.03	33.03	33.03
juego1	easy	40.0	0.008	60806	700	348	330	-18	6	0	33.03	33.03	33.03
juego1	easy	40.0	0.008	60815	700	348	330	-18	6	0	33.02	33.02	33.02
juego1	easy	40.0	0.008	60824	700	348	330	-18	6	0	33.04	33.04	33.04
juego1	easy	40.0	0.008	60832	700	348	330	-18	6	0	33.06	33.06	33.06
juego1	easy	40.0	0.008	60841	700	349	330	-19	6	0	33.08	33.08	33.08
juego1	easy	40.0	0.008	60850	700	349	330	-19	6	0	33.06	33.06	33.06
juego1	easy	40.0	0.008	60858	700	349	330	-19	6	0	33.03	33.03	33.03
juego1	easy	40.0	0.008	60867	700	349	330	-19	6	0	33.1	33.1	33.1
juego1	easy	40.0	0.008	60875	700	349	330	-19	6	0	33.19	33.19	33.19
juego1	easy	40.0	0.008	60884	700	349	330	-19	6	0	33.21	33.21	33.21
juego1	easy	40.0	0.008	60893	700	349	330	-19	6	0	33.18	33.18	33.18
juego1	easy	40.0	0.008	60902	700	349	330	-19	6	0	33.15	33.15	33.15
juego1	easy	40.0	0.008	60911	700	349	330	-19	6	0	33.18	33.18	33.18
juego1	easy	40.0	0.008	60920	700	349	330	-19	6	0	33.16	33.16	33.16
juego1	easy	40.0	0.008	60927	700	349	330	-19	6	0	33.13	33.13	33.13
juego1	easy	40.0	0.008	60935	700	349	330	-19	6	0	33.09	33.09	33.09
juego1	easy	40.0	0.008	60944	700	349	330	-19	6	0	33.1	33.1	33.1
juego1	easy	40.0	0.008	60953	700	349	330	-19	6	0	33.08	33.08	33.08
juego1	easy	40.0	0.008	60962	700	349	330	-19	6	0	33.05	33.05	33.05
juego1	easy	40.0	0.008	60971	700	349	330	-19	6	0	33.09	33.09	33.09
juego1	easy	40.0	0.008	60979	700	349	330	-19	6	0	33.1	33.1	33.1
juego1	easy	40.0	0.008	60988	700	349	330	-19	6	0	33.14	33.14	33.14
juego1	easy	40.0	0.008	60996	700	349	330	-19	6	0	33.14	33.14	33.14
juego1	easy	40.0	0.008	61005	700	348	330	-18	6	0	33.15	33.15	33.15
juego1	easy	40.0	0.008	61014	700	348	330	-18	6	0	33.17	33.17	33.17
juego1	easy	40.0	0.008	61023	700	348	330	-18	6	0	33.17	33.17	33.17
juego1	easy	40.0	0.008	61032	700	348	330	-18	6	0	33.06	33.06	33.06
juego1	easy	40.0	0.008	61041	700	348	330	-18	6	0	32.91	32.91	32.91
juego1	easy	40.0	0.008	61048	700	348	331	-17	6	0	32.85	32.85	32.85
juego1	easy	40.0	0.008	61057	700	348	331	-17	6	0	32.83	32.83	32.83
juego1	easy	40.0	0.008	61066	700	348	331	-17	6	0	32.82	32.82	32.82
juego1	easy	40.0	0.008	61076	700	348	331	-17	6	0	32.76	32.76	32.76
juego1	easy	40.0	0.008	61083	700	348	331	-17	6	0	32.71	32.71	32.71
juego1	easy	40.0	0.008	61092	700	348	331	-17	6	0	32.68	32.68	32.68
juego1	easy	40.0	0.008	61099	700	348	331	-17	6	0	32.67	32.67	32.67
juego1	easy	40.0	0.008	61107	700	348	331	-17	6	0	32.64	32.64	32.64
juego1	easy	40.0	0.008	61116	700	348	331	-17	6	0	32.57	32.57	32.57
juego1	easy	40.0	0.008	61124	700	347	331	-16	6	0	32.52	32.52	32.52
juego1	easy	40.0	0.008	61132	700	347	332	-15	6	0	32.42	32.42	32.42
juego1	easy	40.0	0.008	61141	700	347	332	-15	6	0	32.36	32.36	32.36
juego1	easy	40.0	0.008	61149	700	347	332	-15	6	0	32.34	32.34	32.34
juego1	easy	40.0	0.008	61158	700	347	332	-15	6	0	32.24	32.24	32.24
juego1	easy	40.0	0.008	61167	700	347	332	-15	6	0	32.14	32.14	32.14
juego1	easy	40.0	0.008	61176	700	347	333	-14	6	0	32.13	32.13	32.13
juego1	easy	40.0	0.008	61184	700	347	332	-15	6	0	32.14	32.14	32.14
juego1	easy	40.0	0.008	61193	700	347	332	-15	6	0	32.16	32.16	32.16
juego1	easy	40.0	0.008	61201	700	346	332	-14	6	0	32.16	32.16	32.16
juego1	easy	40.0	0.008	61210	700	346	332	-14	6	0	32.15	32.15	32.15
juego1	easy	40.0	0.008	61219	700	346	332	-14	6	0	32.16	32.16	32.16
juego1	easy	40.0	0.008	61227	700	346	332	-14	6	0	32.2	32.2	32.2
juego1	easy	40.0	0.008	61236	700	346	332	-14	6	0	32.25	32.25	32.25
juego1	easy	40.0	0.008	61244	700	346	332	-14	6	0	32.27	32.27	32.27
juego1	easy	40.0	0.008	61253	700	345	332	-13	6	0	32.3	32.3	32.3
juego1	easy	40.0	0.008	61261	700	345	332	-13	6	0	32.33	32.33	32.33
juego1	easy	40.0	0.008	61269	700	345	332	-13	6	0	32.35	32.35	32.35
juego1	easy	40.0	0.008	61277	700	345	332	-13	6	0	32.4	32.4	32.4
juego1	easy	40.0	0.008	61286	700	345	332	-13	6	0	32.42	32.42	32.42
juego1	easy	40.0	0.008	61295	700	345	332	-13	6	0	32.41	32.41	32.41
juego1	easy	40.0	0.008	61304	700	344	332	-12	6	0	32.41	32.41	32.41
juego1	easy	40.0	0.008	61311	700	344	332	-12	6	0	32.45	32.45	32.45
juego1	easy	40.0	0.008	61320	700	344	332	-12	6	0	32.47	32.47	32.47
juego1	easy	40.0	0.008	61329	700	344	332	-12	6	0	32.51	32.51	32.51
juego1	easy	40.0	0.008	61338	700	344	331	-13	6	0	32.55	32.55	32.55
juego1	easy	40.0	0.008	61348	700	343	331	-12	6	0	32.59	32.59	32.59
juego1	easy	40.0	0.008	61355	700	343	331	-12	6	0	32.61	32.61	32.61
juego1	easy	40.0	0.008	61364	700	343	331	-12	6	0	32.66	32.66	32.66
juego1	easy	40.0	0.008	61372	700	343	331	-12	6	0	32.7	32.7	32.7
juego1	easy	40.0	0.008	61381	700	343	331	-12	6	0	32.75	32.75	32.75
juego1	easy	40.0	0.008	61388	700	342	331	-11	6	0	32.77	32.77	32.77
juego1	easy	40.0	0.008	61397	700	342	331	-11	6	0	32.81	32.81	32.81
juego1	easy	40.0	0.008	61406	700	342	331	-11	6	0	32.83	32.83	32.83
juego1	easy	40.0	0.008	61414	700	342	331	-11	6	0	32.85	32.85	32.85
juego1	easy	40.0	0.008	61423	700	341	330	-11	6	0	32.94	32.94	32.94
juego1	easy	40.0	0.008	61431	700	341	330	-11	6	0	33.06	33.06	33.06
juego1	easy	40.0	0.008	61440	700	341	330	-11	6	0	33.14	33.14	33.14
juego1	easy	40.0	0.008	61448	700	341	329	-12	6	0	33.38	33.38	33.38
juego1	easy	40.0	0.008	61457	700	340	328	-12	6	0	33.68	33.68	33.68
juego1	easy	40.0	0.008	61466	700	340	328	-12	6	0	33.94	33.94	33.94
juego1	easy	40.0	0.008	61475	700	340	327	-13	6	0	34.08	34.08	34.08
juego1	easy	40.0	0.008	61484	700	340	327	-13	6	0	34.38	34.38	34.38
juego1	easy	40.0	0.008	61493	700	339	326	-13	6	0	34.76	34.76	34.76
juego1	easy	40.0	0.008	61501	700	339	325	-14	6	0	35.07	35.07	35.07
juego1	easy	40.0	0.008	61510	700	339	325	-14	6	0	35.15	35.15	35.15
juego1	easy	40.0	0.008	61519	700	338	324	-14	6	0	35.25	35.25	35.25
juego1	easy	40.0	0.008	61527	700	338	324	-14	6	0	35.38	35.38	35.38
juego1	easy	40.0	0.008	61536	700	338	323	-15	6	0	35.61	35.61	35.61
juego1	easy	40.0	0.008	61545	700	338	323	-15	6	0	35.73	35.73	35.73
juego1	easy	40.0	0.008	61553	700	337	323	-14	6	0	35.95	35.95	35.95
juego1	easy	40.0	0.008	61561	700	337	322	-15	6	0	36.17	36.17	36.17
juego1	easy	40.0	0.008	61570	700	337	322	-15	6	0	36.28	36.28	36.28
juego1	easy	40.0	0.008	61579	700	336	321	-15	6	0	36.51	36.51	36.51
juego1	easy	40.0	0.008	61588	700	336	320	-16	6	0	36.78	36.78	36.78
juego1	easy	40.0	0.008	61596	700	336	320	-16	6	0	37.09	37.09	37.09
juego1	easy	40.0	0.008	61605	700	335	319	-16	6	0	37.21	37.21	37.21
juego1	easy	40.0	0.008	61613	700	335	319	-16	6	0	37.45	37.45	37.45
juego1	easy	40.0	0.008	61622	700	335	318	-17	6	0	37.77	37.77	37.77
juego1	easy	40.0	0.008	61631	700	334	317	-17	6	0	37.92	37.92	37.92
juego1	easy	40.0	0.008	61638	700	334	317	-17	6	0	38.16	38.16	38.16
juego1	easy	40.0	0.008	61647	700	334	316	-18	6	0	38.38	38.38	38.38
juego1	easy	40.0	0.008	61655	700	333	316	-17	6	0	38.5	38.5	38.5
juego1	easy	40.0	0.008	61663	700	333	315	-18	6	0	38.74	38.74	38.74
juego1	easy	40.0	0.008	61672	700	333	315	-18	6	0	38.97	38.97	38.97
juego1	easy	40.0	0.008	61680	700	332	314	-18	6	0	39.09	39.09	39.09
juego1	easy	40.0	0.008	61689	700	332	314	-18	6	0	39.37	39.37	39.37
juego1	easy	40.0	0.008	61697	700	332	313	-19	6	0	39.61	39.61	39.61
juego1	easy	40.0	0.008	61706	700	331	312	-19	6	0	39.81	39.81	39.81
juego1	easy	40.0	0.008	61715	700	331	312	-19	6	0	39.91	39.91	39.91
juego1	easy	40.0	0.008	61723	700	331	312	-19	6	0	40.09	40.09	40.09
juego1	easy	40.0	0.008	61732	700	330	311	-19	6	0	40.23	40.23	40.23
juego1	easy	40.0	0.008	61740	700	330	311	-19	6	0	40.3	40.3	40.3
juego1	easy	40.0	0.008	61748	700	329	311	-18	6	0	40.43	40.43	40.43
juego1	easy	40.0	0.008	61757	700	329	311	-18	6	0	40.56	40.56	40.56
juego1	easy	40.0	0.008	61766	700	329	310	-19	6	0	40.62	40.62	40.62
juego1	easy	40.0	0.008	61773	700	328	310	-18	6	0	40.73	40.73	40.73
juego1	easy	40.0	0.008	61782	700	328	310	-18	6	0	40.83	40.83	40.83
juego1	easy	40.0	0.008	61791	700	328	310	-18	6	0	40.9	40.9	40.9
juego1	easy	40.0	0.008	61799	700	327	309	-18	6	0	41.06	41.06	41.06
juego1	easy	40.0	0.008	61808	700	327	309	-18	6	0	41.26	41.26	41.26
juego1	easy	40.0	0.008	61816	700	326	308	-18	6	0	41.49	41.49	41.49
juego1	easy	40.0	0.008	61825	700	326	308	-18	6	0	41.61	41.61	41.61
juego1	easy	40.0	0.008	61834	700	326	307	-19	6	0	41.85	41.85	41.85
juego1	easy	40.0	0.008	61842	700	325	307	-18	6	0	41.98	41.98	41.98
juego1	easy	40.0	0.008	61851	700	325	307	-18	6	0	42.09	42.09	42.09
juego1	easy	40.0	0.008	61860	700	324	306	-18	6	0	42.42	42.42	42.42
juego1	easy	40.0	0.008	61869	700	324	305	-19	6	0	42.73	42.73	42.73
juego1	easy	40.0	0.008	61877	700	324	304	-20	6	0	43.01	43.01	43.01
juego1	easy	40.0	0.008	61886	700	323	304	-19	6	0	43.12	43.12	43.12
juego1	easy	40.0	0.008	61895	700	323	304	-19	6	0	43.25	43.25	43.25
juego1	easy	40.0	0.008	61903	700	322	303	-19	6	0	43.37	43.37	43.37
juego1	easy	40.0	0.008	61912	700	322	303	-19	6	0	43.54	43.54	43.54
juego1	easy	40.0	0.008	61920	700	321	303	-18	6	0	43.63	43.63	43.63
juego1	easy	40.0	0.008	61929	700	321	302	-19	6	0	43.86	43.86	43.86
juego1	easy	40.0	0.008	61937	700	321	301	-20	6	0	44.1	44.1	44.1
juego1	easy	40.0	0.008	61946	700	320	301	-19	6	0	44.23	44.23	44.23
juego1	easy	40.0	0.008	61954	700	320	301	-19	6	0	44.39	44.39	44.39
juego1	easy	40.0	0.008	61963	700	319	300	-19	6	0	44.57	44.57	44.57
juego1	easy	40.0	0.008	61972	700	319	300	-19	6	0	44.69	44.69	44.69
juego1	easy	40.0	0.008	61980	700	318	300	-18	6	0	44.96	44.96	44.96
juego1	easy	40.0	0.008	61988	700	318	299	-19	6	0	45.26	45.26	45.26
juego1	easy	40.0	0.008	61997	700	317	299	-18	6	0	45.5	45.5	45.5
juego1	easy	40.0	0.008	62005	700	317	298	-19	6	0	45.59	45.59	45.59
juego1	easy	40.0	0.008	62014	700	316	298	-18	6	0	45.73	45.73	45.73
juego1	easy	40.0	0.008	62023	700	316	298	-18	6	0	45.85	45.85	45.85
juego1	easy	40.0	0.008	62030	700	316	298	-18	6	0	45.92	45.92	45.92
juego1	easy	40.0	0.008	62039	700	315	297	-18	6	0	46.04	46.04	46.04
juego1	easy	40.0	0.008	62047	700	315	297	-18	6	0	46.19	46.19	46.19
juego1	easy	40.0	0.008	62055	700	314	297	-17	6	0	46.26	46.26	46.26
juego1	easy	40.0	0.008	62064	700	314	296	-18	6	0	46.41	46.41	46.41
juego1	easy	40.0	0.008	62073	700	313	296	-17	6	0	46.59	46.59	46.59
juego1	easy	40.0	0.008	62081	700	313	296	-17	6	0	46.67	46.67	46.67
juego1	easy	40.0	0.008	62090	700	312	295	-17	6	0	46.87	46.87	46.87
juego1	easy	40.0	0.008	62099	700	312	294	-18	6	0	47.14	47.14	47.14
juego1	easy	40.0	0.008	62108	700	311	294	-17	6	0	47.44	47.44	47.44
juego1	easy	40.0	0.008	62117	700	311	293	-18	6	0	47.56	47.56	47.56
juego1	easy	40.0	0.008	62126	700	310	293	-17	6	0	47.73	47.73	47.73
juego1	easy	40.0	0.008	62134	700	310	292	-18	6	0	47.87	47.87	47.87
juego1	easy	40.0	0.008	62143	700	309	292	-17	6	0	48.04	48.04	48.04
juego1	easy	40.0	0.008	62151	700	309	292	-17	6	0	48.15	48.15	48.15
juego1	easy	40.0	0.008	62160	700	308	291	-17	6	0	48.36	48.36	48.36
juego1	easy	40.0	0.008	62168	700	308	291	-17	6	0	48.56	48.56	48.56
juego1	easy	40.0	0.008	62177	700	307	290	-17	6	0	48.63	48.63	48.63
juego1	easy	40.0	0.008	62186	700	307	290	-17	6	0	48.85	48.85	48.85
juego1	easy	40.0	0.008	62194	700	306	289	-17	6	0	49.12	49.12	49.12
juego1	easy	40.0	0.008	62203	700	306	288	-18	6	0	49.46	49.46	49.46
juego1	easy	40.0	0.008	62211	700	305	288	-17	6	0	49.57	49.57	49.57
juego1	easy	40.0	0.008	62220	700	305	287	-18	6	0	49.79	49.79	49.79
juego1	easy	40.0	0.008	62229	700	304	287	-17	6	0	49.94	49.94	49.94
juego1	easy	40.0	0.008	62237	700	304	287	-17	6	0	50.13	50.13	50.13
juego1	easy	40.0	0.008	62246	700	303	286	-17	6	0	50.26	50.26	50.26
juego1	easy	40.0	0.008	62254	700	303	285	-18	6	0	50.59	50.59	50.59
juego1	easy	40.0	0.008	62262	700	302	285	-17	6	0	50.79	50.79	50.79
juego1	easy	40.0	0.008	62271	700	302	284	-18	6	0	51.18	51.18	51.18
juego1	easy	40.0	0.008	62280	700	301	283	-18	6	0	51.53	51.53	51.53
juego1	easy	40.0	0.008	62288	700	301	283	-18	6	0	51.68	51.68	51.68
juego1	easy	40.0	0.008	62298	700	300	282	-18	6	0	52.01	52.01	52.01
juego1	easy	40.0	0.008	62306	700	300	281	-19	6	0	52.09	52.09	52.09
juego1	easy	40.0	0.008	62315	700	300	281	-19	6	0	52.26	52.26	52.26
juego1	easy	40.0	0.008	62322	700	300	281	-19	6	0	52.35	52.35	52.35
juego1	easy	40.0	0.008	62331	700	299	280	-19	6	0	52.55	52.55	52.55
juego1	easy	40.0	0.008	62340	700	299	279	-20	6	0	52.84	52.84	52.84
juego1	easy	40.0	0.008	62347	700	298	279	-19	6	0	53.01	53.01	53.01
juego1	easy	40.0	0.008	62356	700	298	278	-20	6	0	53.35	53.35	53.35
juego1	easy	40.0	0.008	62365	700	297	277	-20	6	0	53.64	53.64	53.64
juego1	easy	40.0	0.008	62373	700	297	277	-20	6	0	53.89	53.89	53.89
juego1	easy	40.0	0.008	62382	700	296	276	-20	6	0	54.0	54.0	54.0
juego1	easy	40.0	0.008	62390	700	296	276	-20	6	0	54.18	54.18	54.18
juego1	easy	40.0	0.008	62399	700	295	276	-19	6	0	54.32	54.32	54.32
juego1	easy	40.0	0.008	62406	700	294	275	-19	6	0	54.4	54.4	54.4
juego1	easy	40.0	0.008	62415	700	294	275	-19	6	0	54.57	54.57	54.57
juego1	easy	40.0	0.008	62424	700	293	275	-18	6	0	54.72	54.72	54.72
juego1	easy	40.0	0.008	62431	700	293	274	-19	6	0	54.79	54.79	54.79
juego1	easy	40.0	0.008	62440	700	292	274	-18	6	0	54.94	54.94	54.94
juego1	easy	40.0	0.008	62448	700	292	274	-18	6	0	55.07	55.07	55.07
juego1	easy	40.0	0.008	62457	700	291	273	-18	6	0	55.14	55.14	55.14
juego1	easy	40.0	0.008	62466	700	291	273	-18	6	0	55.23	55.23	55.23
juego1	easy	40.0	0.008	62474	700	290	273	-17	6	0	55.3	55.3	55.3
juego1	easy	40.0	0.008	62483	700	290	273	-17	6	0	55.33	55.33	55.33
juego1	easy	40.0	0.008	62492	700	289	273	-16	6	0	55.43	55.43	55.43
juego1	easy	40.0	0.008	62500	700	289	272	-17	6	0	55.53	55.53	55.53
juego1	easy	40.0	0.008	62509	700	288	272	-16	6	0	55.65	55.65	55.65
juego1	easy	40.0	0.008	62518	700	288	272	-16	6	0	55.81	55.81	55.81
juego1	easy	40.0	0.008	62527	700	287	272	-15	6	0	55.88	55.88	55.88
juego1	easy	40.0	0.008	62536	700	286	271	-15	6	0	56.03	56.03	56.03
juego1	easy	40.0	0.008	62544	700	286	271	-15	6	0	56.14	56.14	56.14
juego1	easy	40.0	0.008	62553	700	285	271	-14	6	0	56.18	56.18	56.18
juego1	easy	40.0	0.008	62562	700	285	271	-14	6	0	56.25	56.25	56.25
juego1	easy	40.0	0.008	62571	700	284	270	-14	6	0	56.33	56.33	56.33
juego1	easy	40.0	0.008	62579	700	284	270	-14	6	0	56.39	56.39	56.39
juego1	easy	40.0	0.008	62588	700	283	270	-13	6	0	56.43	56.43	56.43
juego1	easy	40.0	0.008	62596	700	283	270	-13	7	0	56.51	56.51	56.51
juego1	easy	50.0	0.009	62604	700	282	270	-12	7	0	56.59	56.59	56.59
juego1	easy	50.0	0.009	62613	700	282	270	-12	7	0	56.62	56.62	56.62
juego1	easy	50.0	0.009	62622	700	281	270	-11	7	0	56.65	56.65	56.65
juego1	easy	50.0	0.009	62630	700	281	269	-12	7	0	56.68	56.68	56.68
juego1	easy	50.0	0.009	62639	700	280	269	-11	7	0	56.72	56.72	56.72
juego1	easy	50.0	0.009	62648	700	280	269	-11	7	0	56.73	56.73	56.73
juego1	easy	50.0	0.009	62656	700	279	269	-10	7	0	56.76	56.76	56.76
juego1	easy	50.0	0.009	62665	700	278	269	-9	7	0	56.77	56.77	56.77
juego1	easy	50.0	0.009	62674	700	278	269	-9	7	0	56.81	56.81	56.81
juego1	easy	50.0	0.009	62682	700	277	269	-8	7	0	56.84	56.84	56.84
juego1	easy	50.0	0.009	62691	700	277	269	-8	7	0	56.92	56.92	56.92
juego1	easy	50.0	0.009	62698	700	276	269	-7	7	0	57.01	57.01	57.01
juego1	easy	50.0	0.009	62707	700	275	269	-6	7	0	57.04	57.04	57.04
juego1	easy	50.0	0.009	62716	700	275	268	-7	7	0	57.09	57.09	57.09
juego1	easy	50.0	0.009	62724	700	274	268	-6	7	0	57.13	57.13	57.13
juego1	easy	50.0	0.009	62732	700	274	268	-6	7	0	57.15	57.15	57.15
juego1	easy	50.0	0.009	62741	700	273	268	-5	7	0	57.19	57.19	57.19
juego1	easy	50.0	0.009	62750	700	272	268	-4	7	0	57.25	57.25	57.25
juego1	easy	50.0	0.009	62757	700	272	268	-4	7	0	57.27	57.27	57.27
juego1	easy	50.0	0.009	62766	700	271	268	-3	7	0	57.32	57.32	57.32
juego1	easy	50.0	0.009	62775	700	271	268	-3	7	0	57.36	57.36	57.36
juego1	easy	50.0	0.009	62784	700	270	268	-2	7	0	57.42	57.42	57.42
juego1	easy	50.0	0.009	62792	700	270	267	-3	7	0	57.45	57.45	57.45
juego1	easy	50.0	0.009	62801	700	269	267	-2	7	0	57.54	57.54	57.54
juego1	easy	50.0	0.009	62808	700	268	267	-1	7	0	57.59	57.59	57.59
juego1	easy	50.0	0.009	62817	700	268	267	-1	7	0	57.71	57.71	57.71
juego1	easy	50.0	0.009	62824	700	267	266	-1	7	0	57.85	57.85	57.85
juego1	easy	50.0	0.009	62832	700	267	266	-1	7	0	57.93	57.93	57.93
juego1	easy	50.0	0.009	62841	700	266	266	0	7	0	58.1	58.1	58.1
juego1	easy	50.0	0.009	62849	700	265	265	0	7	0	58.23	58.23	58.23
juego1	easy	50.0	0.009	62857	700	265	265	0	7	0	58.28	58.28	58.28
juego1	easy	50.0	0.009	62866	700	264	265	1	7	0	58.38	58.38	58.38
juego1	easy	50.0	0.009	62874	700	264	265	1	7	0	58.49	58.49	58.49
juego1	easy	50.0	0.009	62883	700	263	265	2	7	0	58.54	58.54	58.54
juego1	easy	50.0	0.009	62892	700	263	264	1	7	0	58.63	58.63	58.63
juego1	easy	50.0	0.009	62901	700	262	264	2	7	0	58.73	58.73	58.73
juego1	easy	50.0	0.009	62909	700	261	264	3	7	0	58.78	58.78	58.78
juego1	easy	50.0	0.009	62917	700	261	264	3	7	0	58.87	58.87	58.87
juego1	easy	50.0	0.009	62926	700	260	264	4	7	0	58.95	58.95	58.95
juego1	easy	50.0	0.009	62935	700	260	263	3	7	0	59.05	59.05	59.05
juego1	easy	50.0	0.009	62943	700	259	263	4	7	0	59.09	59.09	59.09
juego1	easy	50.0	0.009	62951	700	259	263	4	7	0	59.19	59.19	59.19
juego1	easy	50.0	0.009	62960	700	258	263	5	7	0	59.31	59.31	59.31
juego1	easy	50.0	0.009	62968	700	258	262	4	7	0	59.37	59.37	59.37
juego1	easy	50.0	0.009	62977	700	257	262	5	7	0	59.49	59.49	59.49
juego1	easy	50.0	0.009	62986	700	256	262	6	7	0	59.58	59.58	59.58
juego1	easy	50.0	0.009	62995	700	256	262	6	7	0	59.64	59.64	59.64
juego1	easy	50.0	0.009	63003	700	255	262	7	7	0	59.67	59.67	59.67
juego1	easy	50.0	0.009	63012	700	255	261	6	7	0	59.74	59.74	59.74
juego1	easy	50.0	0.009	63019	700	254	261	7	7	0	59.85	59.85	59.85
juego1	easy	50.0	0.009	63028	700	254	261	7	7	0	59.91	59.91	59.91
juego1	easy	50.0	0.009	63037	700	253	261	8	7	0	60.03	60.03	60.03
juego1	easy	50.0	0.009	63046	700	253	260	7	7	0	60.15	60.15	60.15
juego1	easy	50.0	0.009	63054	700	252	260	8	7	0	60.25	60.25	60.25
juego1	easy	50.0	0.009	63062	700	252	260	8	7	0	60.29	60.29	60.29
juego1	easy	50.0	0.009	63071	700	251	260	9	7	0	60.36	60.36	60.36
juego1	easy	50.0	0.009	63080	700	251	260	9	7	0	60.43	60.43	60.43
juego1	easy	50.0	0.009	63088	700	250	260	10	7	0	60.46	60.46	60.46
juego1	easy	50.0	0.009	63097	700	250	259	9	7	0	60.54	60.54	60.54
juego1	easy	50.0	0.009	63105	700	249	259	10	7	0	60.65	60.65	60.65
juego1	easy	50.0	0.009	63113	700	249	259	10	7	0	60.72	60.72	60.72
juego1	easy	50.0	0.009	63122	700	248	259	11	7	0	60.86	60.86	60.86
juego1	easy	50.0	0.009	63131	700	248	258	10	7	0	60.98	60.98	60.98
juego1	easy	50.0	0.009	63140	700	247	258	11	7	0	61.11	61.11	61.11
juego1	easy	50.0	0.009	63148	700	247	258	11	7	0	61.19	61.19	61.19
juego1	easy	50.0	0.009	63157	700	246	257	11	7	0	61.32	61.32	61.32
juego1	easy	50.0	0.009	63166	700	246	257	11	7	0	61.45	61.45	61.45
juego1	easy	50.0	0.009	63175	700	245	257	12	7	0	61.55	61.55	61.55
juego1	easy	50.0	0.009	63184	700	245	256	11	7	0	61.7	61.7	61.7
juego1	easy	50.0	0.009	63192	700	244	256	12	7	0	61.87	61.87	61.87
juego1	easy	50.0	0.009	63201	700	244	256	12	7	0	62.01	62.01	62.01
juego1	easy	50.0	0.009	63210	700	243	255	12	7	0	62.15	62.15	62.15
juego1	easy	50.0	0.009	63219	700	243	255	12	7	0	62.21	62.21	62.21
juego1	easy	50.0	0.009	63227	700	242	255	13	7	0	62.33	62.33	62.33
juego1	easy	50.0	0.009	63238	700	242	254	12	7	0	62.45	62.45	62.45
juego1	easy	50.0	0.009	63247	700	241	254	13	7	0	62.56	62.56	62.56
juego1	easy	50.0	0.009	63255	700	241	254	13	7	0	62.7	62.7	62.7
juego1	easy	50.0	0.009	63264	700	240	254	14	7	0	62.78	62.78	62.78
juego1	easy	50.0	0.009	63272	700	240	253	13	7	0	62.9	62.9	62.9
juego1	easy	50.0	0.009	63284	700	239	253	14	7	0	63.01	63.01	63.01
juego1	easy	50.0	0.009	63292	700	239	253	14	7	0	63.11	63.11	63.11
juego1	easy	50.0	0.009	63301	700	239	252	13	7	0	63.21	63.21	63.21
juego1	easy	50.0	0.009	63309	700	238	252	14	7	0	63.28	63.28	63.28
juego1	easy	50.0	0.009	63318	700	238	252	14	7	0	63.41	63.41	63.41
juego1	easy	50.0	0.009	63327	700	237	252	15	7	0	63.56	63.56	63.56
juego1	easy	50.0	0.009	63336	700	237	251	14	7	0	63.74	63.74	63.74
juego1	easy	50.0	0.009	63344	700	236	251	15	7	0	63.84	63.84	63.84
juego1	easy	50.0	0.009	63352	700	236	250	14	7	0	64.07	64.07	64.07
juego1	easy	50.0	0.009	63361	700	236	250	14	7	0	64.32	64.32	64.32
juego1	easy	50.0	0.009	63368	700	235	249	14	7	0	64.45	64.45	64.45
juego1	easy	50.0	0.009	63378	700	235	249	14	7	0	64.7	64.7	64.7
juego1	easy	50.0	0.009	63386	700	234	248	14	7	0	64.88	64.88	64.88
juego1	easy	50.0	0.009	63395	700	234	248	14	7	0	65.0	65.0	65.0
juego1	easy	50.0	0.009	63402	700	233	248	15	7	0	65.06	65.06	65.06
juego1	easy	50.0	0.009	63411	700	233	247	14	7	0	65.18	65.18	65.18
juego1	easy	50.0	0.009	63421	700	233	247	14	7	0	65.28	65.28	65.28
juego1	easy	50.0	0.009	63429	700	232	247	15	7	0	65.34	65.34	65.34
juego1	easy	50.0	0.009	63438	700	232	247	15	7	0	65.44	65.44	65.44
juego1	easy	50.0	0.009	63447	700	232	246	14	7	0	65.53	65.53	65.53
juego1	easy	50.0	0.009	63456	700	231	246	15	7	0	65.63	65.63	65.63
juego1	easy	50.0	0.009	63464	700	231	246	15	7	0	65.68	65.68	65.68
juego1	easy	50.0	0.009	63472	700	230	246	16	7	0	65.79	65.79	65.79
juego1	easy	50.0	0.009	63481	700	230	245	15	7	0	65.89	65.89	65.89
juego1	easy	50.0	0.009	63489	700	230	245	15	7	0	65.94	65.94	65.94
juego1	easy	50.0	0.009	63498	700	229	245	16	7	0	66.06	66.06	66.06
juego1	easy	50.0	0.009	63507	700	229	245	16	7	0	66.18	66.18	66.18
juego1	easy	50.0	0.009	63516	700	229	244	15	7	0	66.27	66.27	66.27
juego1	easy	50.0	0.009	63525	700	228	244	16	7	0	66.31	66.31	66.31
juego1	easy	50.0	0.009	63534	700	228	244	16	7	0	66.39	66.39	66.39
juego1	easy	50.0	0.009	63542	700	228	244	16	7	0	66.48	66.48	66.48
juego1	easy	50.0	0.009	63550	700	227	244	17	7	0	66.58	66.58	66.58
juego1	easy	50.0	0.009	63558	700	227	244	17	7	0	66.62	66.62	66.62
juego1	easy	50.0	0.009	63567	700	227	243	16	7	0	66.73	66.73	66.73
juego1	easy	50.0	0.009	63576	700	226	243	17	7	0	66.83	66.83	66.83
juego1	easy	50.0	0.009	63585	700	226	243	17	7	0	66.87	66.87	66.87
juego1	easy	50.0	0.009	63593	700	226	243	17	7	0	66.94	66.94	66.94
juego1	easy	50.0	0.009	63603	700	225	243	18	7	0	67.01	67.01	67.01
juego1	easy	50.0	0.009	63610	700	225	242	17	7	0	67.09	67.09	67.09
juego1	easy	50.0	0.009	63619	700	225	242	17	7	0	67.13	67.13	67.13
juego1	easy	50.0	0.009	63627	700	225	242	17	7	0	67.22	67.22	67.22
juego1	easy	50.0	0.009	63637	700	224	242	18	7	0	67.32	67.32	67.32
juego1	easy	50.0	0.009	63644	700	224	242	18	7	0	67.37	67.37	67.37
juego1	easy	50.0	0.009	63652	700	224	241	17	7	0	67.48	67.48	67.48
juego1	easy	50.0	0.009	63661	700	223	241	18	7	0	67.58	67.58	67.58
juego1	easy	50.0	0.009	63670	700	223	241	18	7	0	67.64	67.64	67.64
juego1	easy	50.0	0.009	63678	700	223	241	18	7	0	67.76	67.76	67.76
juego1	easy	50.0	0.009	63686	700	223	240	17	7	0	67.91	67.91	67.91
juego1	easy	50.0	0.009	63695	700	222	240	18	7	0	68.0	68.0	68.0
juego1	easy	50.0	0.009	63704	700	222	239	17	7	0	68.19	68.19	68.19
juego1	easy	50.0	0.009	63712	700	222	239	17	7	0	68.39	68.39	68.39
juego1	easy	50.0	0.009	63721	700	222	238	16	7	0	68.57	68.57	68.57
juego1	easy	50.0	0.009	63730	700	222	238	16	7	0	68.64	68.64	68.64
juego1	easy	50.0	0.009	63739	700	221	238	17	7	0	68.79	68.79	68.79
juego1	easy	50.0	0.009	63748	700	221	237	16	7	0	68.99	68.99	68.99
juego1	easy	50.0	0.009	63756	700	221	237	16	7	0	69.23	69.23	69.23
juego1	easy	50.0	0.009	63764	700	221	236	15	7	0	69.4	69.4	69.4
juego1	easy	50.0	0.009	63772	700	220	235	15	7	0	69.75	69.75	69.75
juego1	easy	50.0	0.009	63780	700	220	235	15	7	0	69.93	69.93	69.93
juego1	easy	50.0	0.009	63789	700	220	234	14	7	0	70.31	70.31	70.31
juego1	easy	50.0	0.009	63797	700	220	233	13	7	0	70.62	70.62	70.62
juego1	easy	50.0	0.009	63805	700	220	233	13	7	0	70.77	70.77	70.77
juego1	easy	50.0	0.009	63813	700	219	232	13	7	0	70.89	70.89	70.89
juego1	easy	50.0	0.009	63822	700	219	232	13	7	0	71.09	71.09	71.09
juego1	easy	50.0	0.009	63831	700	219	231	12	7	0	71.51	71.51	71.51
juego1	easy	50.0	0.009	63839	700	219	230	11	7	0	71.63	71.63	71.63
juego1	easy	50.0	0.009	63848	700	219	230	11	7	0	71.86	71.86	71.86
juego1	easy	50.0	0.009	63857	700	219	229	10	7	0	72.09	72.09	72.09
juego1	easy	50.0	0.009	63865	700	219	229	10	7	0	72.18	72.18	72.18
juego1	easy	50.0	0.009	63874	700	218	229	11	7	0	72.32	72.32	72.32
juego1	easy	50.0	0.009	63883	700	218	228	10	7	0	72.44	72.44	72.44
juego1	easy	50.0	0.009	63890	700	218	228	10	7	0	72.51	72.51	72.51
juego1	easy	50.0	0.009	63899	700	218	228	10	7	0	72.63	72.63	72.63
juego1	easy	50.0	0.009	63908	700	218	228	10	7	0	72.75	72.75	72.75
juego1	easy	50.0	0.009	63917	700	218	227	9	7	0	72.86	72.86	72.86
juego1	easy	50.0	0.009	63924	700	218	227	9	7	0	72.92	72.92	72.92
juego1	easy	50.0	0.009	63933	700	218	227	9	7	0	73.04	73.04	73.04
juego1	easy	50.0	0.009	63942	700	217	227	10	7	0	73.13	73.13	73.13
juego1	easy	50.0	0.009	63950	700	217	226	9	7	0	73.16	73.16	73.16
juego1	easy	50.0	0.009	63959	700	217	226	9	7	0	73.2	73.2	73.2
juego1	easy	50.0	0.009	63968	700	217	226	9	7	0	73.22	73.22	73.22
juego1	easy	50.0	0.009	63977	700	217	226	9	7	0	73.21	73.21	73.21
juego1	easy	50.0	0.009	63986	700	217	226	9	7	0	73.21	73.21	73.21
juego1	easy	50.0	0.009	63994	700	217	226	9	7	0	73.21	73.21	73.21
juego1	easy	50.0	0.009	64003	700	217	226	9	7	0	73.23	73.23	73.23
juego1	easy	50.0	0.009	64011	700	217	226	9	7	0	73.23	73.23	73.23
juego1	easy	50.0	0.009	64019	700	217	226	9	7	0	73.22	73.22	73.22
juego1	easy	50.0	0.009	64028	700	217	226	9	7	0	73.18	73.18	73.18
juego1	easy	50.0	0.009	64037	700	217	227	10	7	0	73.14	73.14	73.14
juego1	easy	50.0	0.009	64045	700	217	227	10	7	0	73.11	73.11	73.11
juego1	easy	50.0	0.009	64053	700	217	227	10	7	0	73.06	73.06	73.06
juego1	easy	50.0	0.009	64061	700	217	227	10	7	0	73.0	73.0	73.0
juego1	easy	50.0	0.009	64070	700	217	227	10	7	0	72.97	72.97	72.97
juego1	easy	50.0	0.009	64079	700	217	227	10	7	0	72.92	72.92	72.92
juego1	easy	50.0	0.009	64088	700	217	227	10	7	0	72.83	72.83	72.83
juego1	easy	50.0	0.009	64097	700	217	228	11	7	0	72.69	72.69	72.69
juego1	easy	50.0	0.009	64105	700	217	228	11	7	0	72.59	72.59	72.59
juego1	easy	50.0	0.009	64114	700	217	229	12	7	0	72.37	72.37	72.37
juego1	easy	50.0	0.009	64122	700	217	229	12	7	0	72.09	72.09	72.09
juego1	easy	50.0	0.009	64130	700	217	230	13	7	0	71.94	71.94	71.94
juego1	easy	50.0	0.009	64138	700	217	230	13	7	0	71.62	71.62	71.62
juego1	easy	50.0	0.009	64147	700	217	231	14	7	0	71.32	71.32	71.32
juego1	easy	50.0	0.009	64156	700	217	232	15	7	0	71.2	71.2	71.2
juego1	easy	50.0	0.009	64165	700	217	232	15	7	0	70.98	70.98	70.98
juego1	easy	50.0	0.009	64173	700	217	233	16	7	0	70.76	70.76	70.76
juego1	easy	50.0	0.009	64182	700	217	233	16	7	0	70.63	70.63	70.63
juego1	easy	50.0	0.009	64190	700	217	234	17	7	0	70.36	70.36	70.36
juego1	easy	50.0	0.009	64199	700	217	234	17	7	0	70.13	70.13	70.13
juego1	easy	50.0	0.009	64207	700	217	235	18	7	0	70.02	70.02	70.02
juego1	easy	50.0	0.009	64215	700	217	235	18	7	0	69.8	69.8	69.8
juego1	easy	50.0	0.009	64224	700	217	236	19	7	0	69.59	69.59	69.59
juego1	easy	50.0	0.009	64233	700	217	236	19	7	0	69.37	69.37	69.37
juego1	easy	50.0	0.009	64241	700	217	237	20	7	0	69.28	69.28	69.28
juego1	easy	50.0	0.009	64250	700	217	237	20	7	0	69.11	69.11	69.11
juego1	easy	50.0	0.009	64259	700	217	238	21	7	0	68.93	68.93	68.93
juego1	easy	50.0	0.009	64268	700	218	238	20	7	0	68.74	68.74	68.74
juego1	easy	50.0	0.009	64276	700	218	238	20	7	0	68.66	68.66	68.66
juego1	easy	50.0	0.009	64284	700	218	239	21	7	0	68.52	68.52	68.52
juego1	easy	50.0	0.009	64293	700	218	239	21	7	0	68.39	68.39	68.39
juego1	easy	50.0	0.009	64302	700	218	239	21	7	0	68.34	68.34	68.34
juego1	easy	50.0	0.009	64311	700	218	239	21	7	0	68.23	68.23	68.23
juego1	easy	50.0	0.009	64319	700	218	240	22	7	0	68.13	68.13	68.13
juego1	easy	50.0	0.009	64329	700	218	240	22	7	0	68.02	68.02	68.02
juego1	easy	50.0	0.009	64337	700	219	240	21	7	0	67.95	67.95	67.95
juego1	easy	50.0	0.009	64346	700	219	241	22	7	0	67.78	67.78	67.78
juego1	easy	50.0	0.009	64355	700	219	241	22	7	0	67.56	67.56	67.56
juego1	easy	50.0	0.009	64363	700	219	242	23	7	0	67.23	67.23	67.23
juego1	easy	50.0	0.009	64372	700	219	243	24	7	0	66.99	66.99	66.99
juego1	easy	50.0	0.009	64381	700	219	244	25	7	0	66.32	66.32	66.32
juego1	easy	50.0	0.009	64390	700	219	247	28	7	0	65.48	65.48	65.48
juego1	easy	50.0	0.009	64399	700	220	249	29	7	0	64.69	64.69	64.69
juego1	easy	50.0	0.009	64408	700	220	251	31	7	0	63.92	63.92	63.92
juego1	easy	50.0	0.009	64416	700	220	252	32	7	0	63.55	63.55	63.55
juego1	easy	50.0	0.009	64425	700	220	253	33	7	0	62.86	62.86	62.86
juego1	easy	50.0	0.009	64433	700	220	255	35	7	0	62.19	62.19	62.19
juego1	easy	50.0	0.009	64441	700	221	256	35	7	0	61.83	61.83	61.83
juego1	easy	50.0	0.009	64450	700	221	258	37	7	0	61.0	61.0	61.0
juego1	easy	50.0	0.009	64459	700	221	261	40	7	0	59.98	59.98	59.98
juego1	easy	50.0	0.009	64468	700	221	264	43	7	0	58.92	58.92	58.92
juego1	easy	50.0	0.009	64477	700	221	265	44	7	0	58.45	58.45	58.45
juego1	easy	50.0	0.009	64485	700	222	267	45	7	0	57.65	57.65	57.65
juego1	easy	50.0	0.009	64494	700	222	268	46	7	0	57.1	57.1	57.1
juego1	easy	50.0	0.009	64503	700	222	269	47	7	0	56.68	56.68	56.68
juego1	easy	50.0	0.009	64511	700	222	270	48	7	0	56.53	56.53	56.53
juego1	easy	50.0	0.009	64519	700	223	271	48	7	0	56.25	56.25	56.25
juego1	easy	50.0	0.009	64528	700	223	271	48	7	0	55.98	55.98	55.98
juego1	easy	50.0	0.009	64537	700	223	272	49	7	0	55.83	55.83	55.83
juego1	easy	50.0	0.009	64545	700	223	273	50	7	0	55.49	55.49	55.49
juego1	easy	50.0	0.009	64554	700	224	274	50	7	0	55.13	55.13	55.13
juego1	easy	50.0	0.009	64563	700	224	274	50	7	0	54.96	54.96	54.96
juego1	easy	50.0	0.009	64572	700	224	275	51	7	0	54.61	54.61	54.61
juego1	easy	50.0	0.009	64581	700	225	276	51	7	0	54.25	54.25	54.25
juego1	easy	50.0	0.009	64590	700	225	277	52	7	0	53.89	53.89	53.89
juego1	easy	50.0	0.009	64599	700	225	278	53	7	0	53.5	53.5	53.5
juego1	easy	50.0	0.009	64607	700	225	278	53	7	0	53.3	53.3	53.3
juego1	easy	50.0	0.009	64616	700	226	279	53	7	0	52.92	52.92	52.92
juego1	easy	50.0	0.009	64623	700	226	280	54	7	0	52.46	52.46	52.46
juego1	easy	50.0	0.009	64632	700	226	281	55	7	0	52.2	52.2	52.2
juego1	easy	50.0	0.009	64641	700	227	283	56	7	0	51.68	51.68	51.68
juego1	easy	50.0	0.009	64648	700	227	283	56	7	0	51.46	51.46	51.46
juego1	easy	50.0	0.009	64657	700	227	283	56	7	0	51.33	51.33	51.33
juego1	easy	50.0	0.009	64667	700	228	284	56	7	0	51.28	51.28	51.28
juego1	easy	50.0	0.009	64675	700	228	284	56	7	0	51.27	51.27	51.27
juego1	easy	50.0	0.009	64683	700	228	284	56	7	0	51.17	51.17	51.17
juego1	easy	50.0	0.009	64692	700	229	284	55	7	0	51.07	51.07	51.07
juego1	easy	50.0	0.009	64701	700	229	285	56	7	0	50.82	50.82	50.82
juego1	easy	50.0	0.009	64710	700	229	285	56	7	0	50.61	50.61	50.61
juego1	easy	50.0	0.009	64719	700	230	286	56	7	0	50.37	50.37	50.37
juego1	easy	50.0	0.009	64728	700	230	286	56	7	0	50.27	50.27	50.27
juego1	easy	50.0	0.009	64737	700	230	287	57	7	0	50.02	50.02	50.02
juego1	easy	50.0	0.009	64746	700	231	287	56	7	0	49.8	49.8	49.8
juego1	easy	50.0	0.009	64755	700	231	288	57	7	0	49.61	49.61	49.61
juego1	easy	50.0	0.009	64763	700	232	288	56	7	0	49.49	49.49	49.49
juego1	easy	50.0	0.009	64772	700	232	288	56	7	0	49.45	49.45	49.45
juego1	easy	50.0	0.009	64781	700	232	288	56	7	0	49.4	49.4	49.4
juego1	easy	50.0	0.009	64789	700	233	289	56	7	0	49.32	49.32	49.32
juego1	easy	50.0	0.009	64796	700	233	289	56	7	0	49.28	49.28	49.28
juego1	easy	50.0	0.009	64805	700	233	289	56	7	0	49.13	49.13	49.13
juego1	easy	50.0	0.009	64812	700	234	290	56	7	0	48.99	48.99	48.99
juego1	easy	50.0	0.009	64820	700	234	290	56	7	0	48.68	48.68	48.68
juego1	easy	50.0	0.009	64829	700	235	291	56	7	0	48.43	48.43	48.43
juego1	easy	50.0	0.009	64836	700	235	291	56	7	0	48.36	48.36	48.36
juego1	easy	50.0	0.009	64845	700	235	291	56	7	0	48.25	48.25	48.25
juego1	easy	50.0	0.009	64853	700	236	292	56	7	0	48.18	48.18	48.18
juego1	easy	50.0	0.009	64861	700	236	292	56	7	0	48.02	48.02	48.02
juego1	easy	50.0	0.009	64870	700	237	293	56	7	0	47.81	47.81	47.81
juego1	easy	50.0	0.009	64879	700	237	294	57	7	0	47.46	47.46	47.46
juego1	easy	50.0	0.009	64887	700	238	294	56	7	0	47.27	47.27	47.27
juego1	easy	50.0	0.009	64896	700	238	295	57	7	0	46.91	46.91	46.91
juego1	easy	50.0	0.009	64905	700	239	296	57	7	0	46.58	46.58	46.58
juego1	easy	50.0	0.009	64913	700	239	296	57	7	0	46.42	46.42	46.42
juego1	easy	50.0	0.009	64921	700	239	297	58	7	0	46.05	46.05	46.05
juego1	easy	50.0	0.009	64930	700	240	298	58	7	0	45.67	45.67	45.67
juego1	easy	50.0	0.009	64938	700	240	299	59	7	0	45.47	45.47	45.47
juego1	easy	50.0	0.009	64947	700	241	300	59	7	0	44.99	44.99	44.99
juego1	easy	50.0	0.009	64955	700	241	300	59	7	0	44.46	44.46	44.46
juego1	easy	50.0	0.009	64964	700	242	302	60	7	0	43.94	43.94	43.94
juego1	easy	50.0	0.009	64971	700	242	302	60	7	0	43.71	43.71	43.71
juego1	easy	50.0	0.009	64980	700	243	303	60	7	0	43.37	43.37	43.37
juego1	easy	50.0	0.009	64988	700	243	304	61	7	0	43.25	43.25	43.25
juego1	easy	50.0	0.009	64997	700	244	304	60	7	0	43.06	43.06	43.06
juego1	easy	50.0	0.009	65006	700	244	305	61	7	0	42.82	42.82	42.82
juego1	easy	50.0	0.009	65015	700	245	305	60	7	0	42.61	42.61	42.61
juego1	easy	50.0	0.009	65024	700	245	306	61	7	0	42.44	42.44	42.44
juego1	easy	50.0	0.009	65033	700	246	306	60	7	0	42.33	42.33	42.33
juego1	easy	50.0	0.009	65041	700	246	307	61	7	0	42.1	42.1	42.1
juego1	easy	50.0	0.009	65050	700	247	307	60	7	0	41.95	41.95	41.95
juego1	easy	50.0	0.009	65059	700	247	307	60	7	0	41.89	41.89	41.89
juego1	easy	50.0	0.009	65066	700	248	307	59	7	0	41.82	41.82	41.82
juego1	easy	50.0	0.009	65075	700	248	307	59	7	0	41.75	41.75	41.75
juego1	easy	50.0	0.009	65083	700	249	308	59	7	0	41.71	41.71	41.71
juego1	easy	50.0	0.009	65092	700	249	308	59	7	0	41.56	41.56	41.56
juego1	easy	50.0	0.009	65100	700	250	308	58	7	0	41.36	41.36	41.36
juego1	easy	50.0	0.009	65109	700	250	309	59	7	0	41.17	41.17	41.17
juego1	easy	50.0	0.009	65118	700	251	309	58	7	0	41.11	41.11	41.11
juego1	easy	50.0	0.009	65126	700	251	309	58	7	0	41.01	41.01	41.01
juego1	easy	50.0	0.009	65134	700	252	310	58	7	0	40.9	40.9	40.9
juego1	easy	50.0	0.009	65143	700	252	310	58	7	0	40.83	40.83	40.83
juego1	easy	50.0	0.009	65152	700	253	310	57	7	0	40.65	40.65	40.65
juego1	easy	50.0	0.009	65161	700	253	311	58	7	0	40.49	40.49	40.49
juego1	easy	50.0	0.009	65170	700	254	311	57	7	0	40.32	40.32	40.32
juego1	easy	50.0	0.009	65178	700	254	311	57	7	0	40.22	40.22	40.22
juego1	easy	50.0	0.009	65187	700	255	312	57	7	0	39.98	39.98	39.98
juego1	easy	50.0	0.009	65196	700	255	313	58	7	0	39.69	39.69	39.69
juego1	easy	50.0	0.009	65205	700	256	314	58	7	0	39.38	39.38	39.38
juego1	easy	50.0	0.009	65212	700	256	314	58	7	0	39.22	39.22	39.22
juego1	easy	50.0	0.009	65221	700	257	315	58	7	0	38.93	38.93	38.93
juego1	easy	50.0	0.009	65230	700	258	316	58	7	0	38.63	38.63	38.63
juego1	easy	50.0	0.009	65239	700	258	316	58	7	0	38.48	38.48	38.48
juego1	easy	50.0	0.009	65249	700	259	317	58	7	0	38.26	38.26	38.26
juego1	easy	50.0	0.009	65257	700	259	317	58	7	0	38.06	38.06	38.06
juego1	easy	50.0	0.009	65266	700	260	318	58	7	0	37.84	37.84	37.84
juego1	easy	50.0	0.009	65275	700	260	318	58	7	0	37.64	37.64	37.64
juego1	easy	50.0	0.009	65283	700	261	318	57	7	0	37.55	37.55	37.55
juego1	easy	50.0	0.009	65292	700	261	319	58	7	0	37.39	37.39	37.39
juego1	easy	50.0	0.009	65301	700	262	319	57	7	0	37.25	37.25	37.25
juego1	easy	50.0	0.009	65310	700	263	319	56	7	0	37.17	37.17	37.17
juego1	easy	50.0	0.009	65319	700	263	320	57	7	0	36.99	36.99	36.99
juego1	easy	50.0	0.009	65326	700	264	320	56	7	0	36.77	36.77	36.77
juego1	easy	50.0	0.009	65335	700	264	321	57	7	0	36.58	36.58	36.58
juego1	easy	50.0	0.009	65344	700	265	321	56	7	0	36.49	36.49	36.49
juego1	easy	50.0	0.009	65353	700	265	322	57	7	0	36.29	36.29	36.29
juego1	easy	50.0	0.009	65362	700	266	322	56	7	0	36.1	36.1	36.1
juego1	easy	50.0	0.009	65371	700	267	323	56	7	0	35.91	35.91	35.91
juego1	easy	50.0	0.009	65379	700	267	323	56	7	0	35.8	35.8	35.8
juego1	easy	50.0	0.009	65388	700	268	323	55	7	0	35.61	35.61	35.61
juego1	easy	50.0	0.009	65396	700	268	324	56	7	0	35.41	35.41	35.41
juego1	easy	50.0	0.009	65405	700	269	324	55	7	0	35.3	35.3	35.3
juego1	easy	50.0	0.009	65413	700	269	324	55	7	0	35.3	35.3	35.3
juego1	easy	50.0	0.009	65420	700	270	324	54	7	0	35.3	35.3	35.3
juego1	easy	50.0	0.009	65429	700	271	326	55	7	0	34.64	34.64	34.64
juego1	easy	50.0	0.009	65438	700	271	326	55	7	0	34.48	34.48	34.48
juego1	easy	50.0	0.009	65446	700	272	327	55	7	0	34.3	34.3	34.3
juego1	easy	50.0	0.009	65456	700	272	327	55	7	0	34.07	34.07	34.07
juego1	easy	50.0	0.009	65464	700	273	328	55	7	0	33.97	33.97	33.97
juego1	easy	50.0	0.009	65473	700	274	328	54	7	0	33.8	33.8	33.8
juego1	easy	50.0	0.009	65481	700	274	329	55	7	0	33.66	33.66	33.66
juego1	easy	50.0	0.009	65491	700	275	329	54	7	0	33.52	33.52	33.52
juego1	easy	50.0	0.009	65499	700	275	329	54	7	0	33.44	33.44	33.44
juego1	easy	50.0	0.009	65508	700	276	329	53	7	0	33.29	33.29	33.29
juego1	easy	50.0	0.009	65517	700	277	330	53	7	0	33.17	33.17	33.17
juego1	easy	50.0	0.009	65526	700	277	330	53	7	0	33.03	33.03	33.03
juego1	easy	50.0	0.009	65533	700	278	330	52	7	0	32.95	32.95	32.95
juego1	easy	50.0	0.009	65542	700	278	331	53	7	0	32.77	32.77	32.77
juego1	easy	50.0	0.009	65551	700	279	331	52	7	0	32.58	32.58	32.58
juego1	easy	50.0	0.009	65558	700	279	332	53	7	0	32.47	32.47	32.47
juego1	easy	50.0	0.009	65567	700	280	332	52	7	0	32.2	32.2	32.2
juego1	easy	50.0	0.009	65576	700	281	333	52	7	0	31.89	31.89	31.89
juego1	easy	50.0	0.009	65585	700	281	334	53	7	0	31.69	31.69	31.69
juego1	easy	50.0	0.009	65595	700	282	334	52	7	0	31.37	31.37	31.37
juego1	easy	50.0	0.009	65603	700	282	335	53	7	0	31.16	31.16	31.16
juego1	easy	50.0	0.009	65611	700	283	335	52	7	0	31.01	31.01	31.01
juego1	easy	50.0	0.009	65620	700	284	336	52	7	0	30.93	30.93	30.93
juego1	easy	50.0	0.009	65629	700	285	336	51	7	0	30.78	30.78	30.78
juego1	easy	50.0	0.009	65637	700	285	336	51	7	0	30.65	30.65	30.65
juego1	easy	50.0	0.009	65646	700	286	337	51	7	0	30.55	30.55	30.55
juego1	easy	50.0	0.009	65655	700	287	337	50	7	0	30.48	30.48	30.48
juego1	easy	50.0	0.009	65664	700	288	337	49	7	0	30.36	30.36	30.36
juego1	easy	50.0	0.009	65673	700	288	337	49	7	0	30.23	30.23	30.23
juego1	easy	50.0	0.009	65682	700	289	338	49	7	0	30.14	30.14	30.14
juego1	easy	50.0	0.009	65692	700	290	338	48	7	0	30.04	30.04	30.04
juego1	easy	50.0	0.009	65699	700	291	338	47	7	0	29.99	29.99	29.99
juego1	easy	50.0	0.009	65708	700	292	338	46	7	0	29.84	29.84	29.84
juego1	easy	50.0	0.009	65716	700	292	339	47	7	0	29.7	29.7	29.7
juego1	easy	50.0	0.009	65724	700	293	339	46	7	0	29.65	29.65	29.65
juego1	easy	50.0	0.009	65732	700	294	339	45	7	0	29.53	29.53	29.53
juego1	easy	50.0	0.009	65741	700	295	340	45	7	0	29.4	29.4	29.4
juego1	easy	50.0	0.009	65750	700	295	340	45	7	0	29.33	29.33	29.33
juego1	easy	50.0	0.009	65757	700	296	340	44	7	0	29.11	29.11	29.11
juego1	easy	50.0	0.009	65766	700	297	341	44	7	0	28.88	28.88	28.88
juego1	easy	50.0	0.009	65775	700	297	341	44	7	0	28.8	28.8	28.8
juego1	easy	50.0	0.009	65783	700	298	342	44	7	0	28.66	28.66	28.66
juego1	easy	50.0	0.009	65792	700	299	342	43	7	0	28.53	28.53	28.53
juego1	easy	50.0	0.009	65800	700	300	342	42	7	0	28.46	28.46	28.46
juego1	easy	50.0	0.009	65808	700	300	342	42	7	0	28.33	28.33	28.33
juego1	easy	50.0	0.009	65817	700	300	343	43	7	0	28.19	28.19	28.19
juego1	easy	50.0	0.009	65825	700	301	343	42	7	0	28.12	28.12	28.12
juego1	easy	50.0	0.009	65834	700	302	343	41	7	0	27.96	27.96	27.96
juego1	easy	50.0	0.009	65843	700	302	344	42	7	0	27.83	27.83	27.83
juego1	easy	50.0	0.009	65852	700	303	344	41	7	0	27.72	27.72	27.72
juego1	easy	50.0	0.009	65861	700	304	344	40	7	0	27.6	27.6	27.6
juego1	easy	50.0	0.009	65868	700	305	345	40	7	0	27.52	27.52	27.52
juego1	easy	50.0	0.009	65877	700	305	345	40	7	0	27.37	27.37	27.37
juego1	easy	50.0	0.009	65885	700	306	345	39	7	0	27.3	27.3	27.3
juego1	easy	50.0	0.009	65895	700	307	346	39	7	0	27.13	27.13	27.13
juego1	easy	50.0	0.009	65902	700	307	346	39	7	0	26.96	26.96	26.96
juego1	easy	50.0	0.009	65910	700	308	346	38	7	0	26.87	26.87	26.87
juego1	easy	50.0	0.009	65919	700	309	347	38	7	0	26.69	26.69	26.69
juego1	easy	50.0	0.009	65928	700	310	347	37	7	0	26.51	26.51	26.51
juego1	easy	50.0	0.009	65937	700	310	348	38	7	0	26.34	26.34	26.34
juego1	easy	50.0	0.009	65944	700	311	348	37	7	0	26.26	26.26	26.26
juego1	easy	50.0	0.009	65953	700	312	348	36	7	0	26.1	26.1	26.1
juego1	easy	50.0	0.009	65962	700	312	349	37	7	0	25.93	25.93	25.93
juego1	easy	50.0	0.009	65970	700	313	349	36	7	0	25.86	25.86	25.86
juego1	easy	50.0	0.009	65978	700	314	349	35	7	0	25.73	25.73	25.73
juego1	easy	50.0	0.009	65987	700	315	350	35	7	0	25.6	25.6	25.6
juego1	easy	50.0	0.009	65996	700	315	350	35	7	0	25.5	25.5	25.5
juego1	easy	50.0	0.009	66005	700	316	350	34	7	0	25.33	25.33	25.33
juego1	easy	50.0	0.009	66014	700	317	351	34	7	0	25.17	25.17	25.17
juego1	easy	50.0	0.009	66023	700	317	351	34	7	0	24.99	24.99	24.99
juego1	easy	50.0	0.009	66032	700	318	352	34	7	0	24.77	24.77	24.77
juego1	easy	50.0	0.009	66040	700	319	352	33	7	0	24.59	24.59	24.59
juego1	easy	50.0	0.009	66047	700	319	353	34	7	0	24.4	24.4	24.4
juego1	easy	50.0	0.009	66057	700	320	353	33	7	0	24.35	24.35	24.35
juego1	easy	50.0	0.009	66064	700	321	353	32	7	0	24.34	24.34	24.34
juego1	easy	50.0	0.009	66073	700	321	353	32	7	0	24.26	24.26	24.26
juego1	easy	50.0	0.009	66083	700	322	354	32	7	0	24.05	24.05	24.05
juego1	easy	50.0	0.009	66090	700	323	354	31	7	0	23.95	23.95	23.95
juego1	easy	50.0	0.009	66099	700	323	354	31	7	0	23.83	23.83	23.83
juego1	easy	50.0	0.009	66108	700	324	354	30	7	0	23.73	23.73	23.73
juego1	easy	50.0	0.009	66117	700	325	355	30	7	0	23.6	23.6	23.6
juego1	easy	50.0	0.009	66126	700	325	355	30	7	0	23.52	23.52	23.52
juego1	easy	50.0	0.009	66134	700	326	355	29	7	0	23.39	23.39	23.39
juego1	easy	50.0	0.009	66143	700	327	356	29	7	0	23.27	23.27	23.27
juego1	easy	50.0	0.009	66152	700	327	356	29	7	0	23.19	23.19	23.19
juego1	easy	50.0	0.009	66160	700	328	356	28	7	0	23.04	23.04	23.04
juego1	easy	50.0	0.009	66169	700	328	357	29	7	0	22.91	22.91	22.91
juego1	easy	50.0	0.009	66177	700	329	357	28	7	0	22.82	22.82	22.82
juego1	easy	50.0	0.009	66186	700	330	357	27	7	0	22.78	22.78	22.78
juego1	easy	50.0	0.009	66195	700	330	357	27	7	0	22.68	22.68	22.68
juego1	easy	50.0	0.009	66203	700	331	357	26	7	0	22.57	22.57	22.57
juego1	easy	50.0	0.009	66211	700	332	358	26	7	0	22.53	22.53	22.53
juego1	easy	50.0	0.009	66219	700	332	358	26	7	0	22.44	22.44	22.44
juego1	easy	50.0	0.009	66228	700	333	358	25	7	0	22.32	22.32	22.32
juego1	easy	50.0	0.009	66238	700	333	359	26	7	0	22.08	22.08	22.08
juego1	easy	50.0	0.009	66245	700	334	359	25	7	0	22.01	22.01	22.01
juego1	easy	50.0	0.009	66254	700	335	359	24	7	0	21.99	21.99	21.99
juego1	easy	50.0	0.009	66262	700	335	359	24	7	0	21.98	21.98	21.98
juego1	easy	50.0	0.009	66272	700	336	359	23	7	0	21.9	21.9	21.9
juego1	easy	50.0	0.009	66280	700	336	360	24	7	0	21.72	21.72	21.72
juego1	easy	50.0	0.009	66289	700	337	360	23	7	0	21.56	21.56	21.56
juego1	easy	50.0	0.009	66298	700	337	360	23	7	0	21.47	21.47	21.47
juego1	easy	50.0	0.009	66305	700	338	360	22	7	0	21.42	21.42	21.42
juego1	easy	50.0	0.009	66313	700	339	361	22	7	0	21.27	21.27	21.27
juego1	easy	50.0	0.009	66323	700	339	361	22	7	0	21.09	21.09	21.09
juego1	easy	50.0	0.009	66330	700	340	361	21	7	0	21.03	21.03	21.03
juego1	easy	50.0	0.009	66339	700	340	362	22	7	0	20.93	20.93	20.93
juego1	easy	50.0	0.009	66348	700	341	362	21	7	0	20.84	20.84	20.84
juego1	easy	50.0	0.009	66356	700	341	362	21	7	0	20.8	20.8	20.8
juego1	easy	50.0	0.009	66364	700	342	362	20	7	0	20.72	20.72	20.72
juego1	easy	50.0	0.009	66373	700	342	362	20	7	0	20.68	20.68	20.68
juego1	easy	50.0	0.009	66380	700	343	363	20	7	0	20.6	20.6	20.6
juego1	easy	50.0	0.009	66389	700	343	363	20	7	0	20.47	20.47	20.47
juego1	easy	50.0	0.009	66398	700	344	363	19	7	0	20.3	20.3	20.3
juego1	easy	50.0	0.009	66406	700	344	364	20	7	0	20.22	20.22	20.22
juego1	easy	50.0	0.009	66415	700	345	364	19	7	0	20.04	20.04	20.04
juego1	easy	50.0	0.009	66424	700	345	365	20	7	0	19.83	19.83	19.83
juego1	easy	50.0	0.009	66433	700	346	365	19	7	0	19.59	19.59	19.59
juego1	easy	50.0	0.009	66442	700	346	365	19	7	0	19.52	19.52	19.52
juego1	easy	50.0	0.009	66449	700	347	366	19	7	0	19.47	19.47	19.47
juego1	easy	50.0	0.009	66459	700	347	366	19	7	0	19.45	19.45	19.45
juego1	easy	50.0	0.009	66468	700	348	366	18	7	0	19.32	19.32	19.32
juego1	easy	50.0	0.009	66475	700	348	366	18	7	0	19.23	19.23	19.23
juego1	easy	50.0	0.009	66483	700	349	366	17	7	0	19.13	19.13	19.13
juego1	easy	50.0	0.009	66491	700	349	366	17	7	0	19.13	19.13	19.13
juego1	easy	50.0	0.009	66500	700	350	367	17	7	0	19.1	19.1	19.1
juego1	easy	50.0	0.009	66508	700	350	367	17	7	0	19.0	19.0	19.0
juego1	easy	50.0	0.009	66517	700	350	367	17	7	0	18.93	18.93	18.93
juego1	easy	50.0	0.009	66526	700	351	367	16	7	0	18.83	18.83	18.83
juego1	easy	50.0	0.009	66535	700	351	367	16	7	0	18.73	18.73	18.73
juego1	easy	50.0	0.009	66544	700	352	368	16	7	0	18.54	18.54	18.54
juego1	easy	50.0	0.009	66553	700	352	368	16	7	0	18.36	18.36	18.36
juego1	easy	50.0	0.009	66561	700	353	368	15	7	0	18.34	18.34	18.34
juego1	easy	50.0	0.009	66568	700	353	369	16	7	0	18.28	18.28	18.28
juego1	easy	50.0	0.009	66577	700	353	369	16	7	0	18.22	18.22	18.22
juego1	easy	50.0	0.009	66585	700	354	369	15	7	0	18.07	18.07	18.07
juego1	easy	50.0	0.009	66594	700	354	369	15	7	0	17.99	17.99	17.99
juego1	easy	50.0	0.009	66603	700	354	370	16	7	0	17.95	17.95	17.95
juego1	easy	50.0	0.009	66611	700	355	370	15	7	0	17.85	17.85	17.85
juego1	easy	50.0	0.009	66619	700	355	370	15	7	0	17.71	17.71	17.71
juego1	easy	50.0	0.009	66628	700	356	370	14	7	0	17.66	17.66	17.66
juego1	easy	50.0	0.009	66637	700	356	370	14	7	0	17.66	17.66	17.66
juego1	easy	50.0	0.009	66644	700	356	370	14	7	0	17.6	17.6	17.6
juego1	easy	50.0	0.009	66654	700	357	371	14	7	0	17.53	17.53	17.53
juego1	easy	50.0	0.009	66662	700	357	371	14	7	0	17.51	17.51	17.51
juego1	easy	50.0	0.009	66669	700	357	371	14	7	0	17.47	17.47	17.47
juego1	easy	50.0	0.009	66678	700	358	371	13	7	0	17.38	17.38	17.38
juego1	easy	50.0	0.009	66687	700	358	371	13	7	0	17.31	17.31	17.31
juego1	easy	50.0	0.009	66696	700	358	372	14	7	0	17.12	17.12	17.12
juego1	easy	50.0	0.009	66704	700	359	372	13	7	0	16.97	16.97	16.97
juego1	easy	50.0	0.009	66713	700	359	372	13	7	0	16.94	16.94	16.94
juego1	easy	50.0	0.009	66722	700	359	372	13	7	0	16.91	16.91	16.91
juego1	easy	50.0	0.009	66731	700	359	373	14	7	0	16.8	16.8	16.8
juego1	easy	50.0	0.009	66740	700	360	373	13	7	0	16.69	16.69	16.69
juego1	easy	50.0	0.009	66749	700	360	373	13	7	0	16.66	16.66	16.66
juego1	easy	50.0	0.009	66758	700	360	373	13	7	0	16.64	16.64	16.64
juego1	easy	50.0	0.009	66766	700	360	373	13	7	0	16.56	16.56	16.56
juego1	easy	50.0	0.009	66775	700	361	373	12	7	0	16.48	16.48	16.48
juego1	easy	50.0	0.009	66784	700	361	373	12	7	0	16.46	16.46	16.46
juego1	easy	50.0	0.009	66792	700	361	373	12	7	0	16.45	16.45	16.45
juego1	easy	50.0	0.009	66801	700	361	374	13	7	0	16.38	16.38	16.38
juego1	easy	50.0	0.009	66810	700	362	374	12	7	0	16.35	16.35	16.35
juego1	easy	50.0	0.009	66818	700	362	374	12	7	0	16.37	16.37	16.37
juego1	easy	50.0	0.009	66827	700	362	374	12	7	0	16.39	16.39	16.39
juego1	easy	50.0	0.009	66836	700	362	374	12	7	0	16.35	16.35	16.35
juego1	easy	50.0	0.009	66844	700	363	374	11	7	0	16.31	16.31	16.31
juego1	easy	50.0	0.009	66853	700	363	374	11	7	0	16.27	16.27	16.27
juego1	easy	50.0	0.009	66862	700	363	374	11	7	0	16.25	16.25	16.25
juego1	easy	50.0	0.009	66871	700	363	374	11	7	0	16.27	16.27	16.27
juego1	easy	50.0	0.009	66879	700	363	374	11	7	0	16.25	16.25	16.25
juego1	easy	50.0	0.009	66888	700	363	374	11	7	0	16.22	16.22	16.22
juego1	easy	50.0	0.009	66896	700	364	374	10	7	0	16.17	16.17	16.17
juego1	easy	50.0	0.009	66905	700	364	374	10	7	0	16.16	16.16	16.16
juego1	easy	50.0	0.009	66912	700	364	374	10	7	0	16.18	16.18	16.18
juego1	easy	50.0	0.009	66921	700	364	374	10	7	0	16.2	16.2	16.2
juego1	easy	50.0	0.009	66928	700	364	374	10	7	0	16.18	16.18	16.18
juego1	easy	50.0	0.009	66937	700	364	374	10	7	0	16.17	16.17	16.17
juego1	easy	50.0	0.009	66945	700	364	374	10	7	0	16.17	16.17	16.17
juego1	easy	50.0	0.009	66954	700	365	374	9	7	0	16.15	16.15	16.15
juego1	easy	50.0	0.009	66963	700	365	374	9	7	0	16.15	16.15	16.15
juego1	easy	50.0	0.009	66972	700	365	374	9	7	0	16.17	16.17	16.17
juego1	easy	50.0	0.009	66980	700	365	374	9	7	0	16.19	16.19	16.19
juego1	easy	50.0	0.009	66989	700	365	374	9	7	0	16.17	16.17	16.17
juego1	easy	50.0	0.009	66998	700	365	374	9	7	0	16.17	16.17	16.17
juego1	easy	50.0	0.009	67006	700	365	374	9	7	0	16.17	16.17	16.17
juego1	easy	50.0	0.009	67014	700	365	374	9	7	0	16.18	16.18	16.18
juego1	easy	50.0	0.009	67022	700	365	374	9	7	0	16.18	16.18	16.18
juego1	easy	50.0	0.009	67030	700	365	374	9	7	0	16.19	16.19	16.19
juego1	easy	50.0	0.009	67039	700	365	374	9	7	0	16.19	16.19	16.19
juego1	easy	50.0	0.009	67048	700	365	374	9	7	0	16.19	16.19	16.19
juego1	easy	50.0	0.009	67056	700	365	374	9	7	0	16.21	16.21	16.21
juego1	easy	50.0	0.009	67064	700	365	374	9	7	0	16.22	16.22	16.22
juego1	easy	50.0	0.009	67073	700	365	374	9	7	0	16.21	16.21	16.21
juego1	easy	50.0	0.009	67081	700	365	374	9	7	0	16.21	16.21	16.21
juego1	easy	50.0	0.009	67090	700	365	374	9	7	0	16.22	16.22	16.22
juego1	easy	50.0	0.009	67099	700	365	374	9	7	0	16.22	16.22	16.22
juego1	easy	50.0	0.009	67107	700	365	374	9	7	0	16.21	16.21	16.21
juego1	easy	50.0	0.009	67115	700	365	374	9	7	0	16.21	16.21	16.21
juego1	easy	50.0	0.009	67124	700	365	374	9	7	0	16.21	16.21	16.21
juego1	easy	50.0	0.009	67132	700	365	374	9	7	0	16.2	16.2	16.2
juego1	easy	50.0	0.009	67141	700	365	374	9	7	0	16.19	16.19	16.19
juego1	easy	50.0	0.009	67149	700	365	374	9	7	0	16.19	16.19	16.19
juego1	easy	50.0	0.009	67158	700	365	374	9	7	0	16.17	16.17	16.17
juego1	easy	50.0	0.009	67166	700	365	374	9	7	0	16.15	16.15	16.15
juego1	easy	50.0	0.009	67175	700	365	374	9	7	0	16.16	16.16	16.16
juego1	easy	50.0	0.009	67183	700	365	374	9	7	0	16.16	16.16	16.16
juego1	easy	50.0	0.009	67192	700	365	374	9	7	0	16.17	16.17	16.17
juego1	easy	50.0	0.009	67200	700	365	374	9	7	0	16.17	16.17	16.17
juego1	easy	50.0	0.009	67209	700	365	374	9	7	0	16.17	16.17	16.17
juego1	easy	50.0	0.009	67217	700	365	374	9	7	0	16.18	16.18	16.18
juego1	easy	50.0	0.009	67226	700	365	374	9	7	0	16.21	16.21	16.21
juego1	easy	50.0	0.009	67235	700	365	374	9	7	0	16.22	16.22	16.22
juego1	easy	50.0	0.009	67242	700	364	374	10	7	0	16.22	16.22	16.22
juego1	easy	50.0	0.009	67251	700	364	374	10	7	0	16.2	16.2	16.2
juego1	easy	50.0	0.009	67259	700	364	374	10	7	0	16.19	16.19	16.19
juego1	easy	50.0	0.009	67268	700	364	374	10	7	0	16.17	16.17	16.17
juego1	easy	50.0	0.009	67277	700	364	374	10	7	0	16.19	16.19	16.19
juego1	easy	50.0	0.009	67285	700	364	374	10	7	0	16.21	16.21	16.21
juego1	easy	50.0	0.009	67294	700	364	374	10	7	0	16.21	16.21	16.21
juego1	easy	50.0	0.009	67303	700	363	374	11	7	0	16.18	16.18	16.18
juego1	easy	50.0	0.009	67312	700	363	374	11	7	0	16.18	16.18	16.18
juego1	easy	50.0	0.009	67320	700	363	374	11	7	0	16.23	16.23	16.23
juego1	easy	50.0	0.009	67329	700	363	374	11	7	0	16.25	16.25	16.25
juego1	easy	50.0	0.009	67338	700	363	374	11	7	0	16.3	16.3	16.3
juego1	easy	50.0	0.009	67347	700	363	374	11	7	0	16.33	16.33	16.33
juego1	easy	50.0	0.009	67356	700	362	374	12	7	0	16.39	16.39	16.39
juego1	easy	50.0	0.009	67363	700	362	374	12	7	0	16.42	16.42	16.42
juego1	easy	50.0	0.009	67372	700	362	373	11	7	0	16.5	16.5	16.5
juego1	easy	50.0	0.009	67380	700	362	373	11	7	0	16.58	16.58	16.58
juego1	easy	50.0	0.009	67389	700	362	373	11	7	0	16.64	16.64	16.64
juego1	easy	50.0	0.009	67398	700	361	373	12	7	0	16.75	16.75	16.75
juego1	easy	50.0	0.009	67407	700	361	372	11	7	0	16.86	16.86	16.86
juego1	easy	50.0	0.009	67416	700	361	372	11	7	0	17.01	17.01	17.01
juego1	easy	50.0	0.009	67423	700	361	372	11	7	0	17.1	17.1	17.1
juego1	easy	50.0	0.009	67432	700	360	371	11	7	0	17.29	17.29	17.29
juego1	easy	50.0	0.009	67441	700	360	371	11	7	0	17.48	17.48	17.48
juego1	easy	50.0	0.009	67450	700	360	370	10	7	0	17.67	17.67	17.67
juego1	easy	50.0	0.009	67457	700	359	370	11	7	0	17.78	17.78	17.78
juego1	easy	50.0	0.009	67466	700	359	369	10	7	0	18.06	18.06	18.06
juego1	easy	50.0	0.009	67474	700	359	369	10	7	0	18.2	18.2	18.2
juego1	easy	50.0	0.009	67483	700	359	368	9	7	0	18.5	18.5	18.5
juego1	easy	50.0	0.009	67491	700	358	367	9	7	0	18.82	18.82	18.82
juego1	easy	50.0	0.009	67500	700	358	367	9	7	0	19.1	19.1	19.1
juego1	easy	50.0	0.009	67507	700	358	366	8	7	0	19.22	19.22	19.22
juego1	easy	50.0	0.009	67516	700	357	366	9	7	0	19.45	19.45	19.45
juego1	easy	50.0	0.009	67524	700	357	365	8	7	0	19.58	19.58	19.58
juego1	easy	50.0	0.009	67533	700	357	365	8	7	0	19.83	19.83	19.83
juego1	easy	50.0	0.009	67542	700	356	364	8	7	0	20.04	20.04	20.04
juego1	easy	50.0	0.009	67550	700	356	364	8	7	0	20.25	20.25	20.25
juego1	easy	50.0	0.009	67559	700	356	363	7	7	0	20.37	20.37	20.37
juego1	easy	50.0	0.009	67568	700	355	363	8	7	0	20.62	20.62	20.62
juego1	easy	50.0	0.009	67577	700	355	362	7	7	0	20.87	20.87	20.87
juego1	easy	50.0	0.009	67586	700	355	361	6	7	0	21.09	21.09	21.09
juego1	easy	50.0	0.009	67594	700	354	361	7	7	0	21.2	21.2	21.2
juego1	easy	50.0	0.009	67603	700	354	360	6	7	0	21.42	21.42	21.42
juego1	easy	50.0	0.009	67611	700	353	360	7	7	0	21.65	21.65	21.65
juego1	easy	50.0	0.009	67620	700	353	360	7	7	0	21.77	21.77	21.77
juego1	easy	50.0	0.009	67629	700	353	359	6	7	0	22.0	22.0	22.0
juego1	easy	50.0	0.009	67638	700	352	358	6	7	0	22.21	22.21	22.21
juego1	easy	50.0	0.009	67647	700	352	358	6	7	0	22.42	22.42	22.42
juego1	easy	50.0	0.009	67654	700	351	358	7	7	0	22.51	22.51	22.51
juego1	easy	50.0	0.009	67663	700	351	357	6	7	0	22.72	22.72	22.72
juego1	easy	50.0	0.009	67671	700	351	356	5	7	0	22.94	22.94	22.94
juego1	easy	50.0	0.009	67680	700	350	356	6	7	0	23.06	23.06	23.06
juego1	easy	50.0	0.009	67689	700	350	356	6	7	0	23.32	23.32	23.32
juego1	easy	50.0	0.009	67698	700	349	355	6	7	0	23.58	23.58	23.58
juego1	easy	50.0	0.009	67706	700	349	354	5	7	0	23.77	23.77	23.77
juego1	easy	50.0	0.009	67715	700	348	354	6	7	0	23.87	23.87	23.87
juego1	easy	50.0	0.009	67724	700	348	354	6	7	0	24.08	24.08	24.08
juego1	easy	50.0	0.009	67733	700	347	353	6	7	0	24.31	24.31	24.31
juego1	easy	50.0	0.009	67742	700	347	352	5	7	0	24.57	24.57	24.57
juego1	easy	50.0	0.009	67749	700	346	352	6	7	0	24.7	24.7	24.7
juego1	easy	50.0	0.009	67758	700	346	351	5	7	0	24.94	24.94	24.94
juego1	easy	50.0	0.009	67766	700	345	351	6	7	0	25.11	25.11	25.11
juego1	easy	50.0	0.009	67775	700	345	350	5	7	0	25.27	25.27	25.27
juego1	easy	50.0	0.009	67783	700	344	350	6	7	0	25.51	25.51	25.51
juego1	easy	50.0	0.009	67792	700	344	349	5	7	0	25.73	25.73	25.73
juego1	easy	50.0	0.009	67801	700	343	349	6	7	0	25.97	25.97	25.97
juego1	easy	50.0	0.009	67808	700	343	348	5	7	0	26.1	26.1	26.1
juego1	easy	50.0	0.009	67817	700	342	348	6	7	0	26.36	26.36	26.36
juego1	easy	50.0	0.009	67825	700	342	347	5	7	0	26.47	26.47	26.47
juego1	easy	50.0	0.009	67833	700	341	347	6	7	0	26.68	26.68	26.68
juego1	easy	50.0	0.009	67841	700	341	346	5	7	0	26.92	26.92	26.92
juego1	easy	50.0	0.009	67850	700	340	346	6	7	0	27.05	27.05	27.05
juego1	easy	50.0	0.009	67858	700	340	345	5	7	0	27.33	27.33	27.33
juego1	easy	50.0	0.009	67867	700	339	344	5	7	0	27.57	27.57	27.57
juego1	easy	50.0	0.009	67874	700	339	344	5	7	0	27.68	27.68	27.68
juego1	easy	50.0	0.009	67883	700	338	343	5	7	0	27.92	27.92	27.92
juego1	easy	50.0	0.009	67890	700	338	343	5	7	0	28.07	28.07	28.07
juego1	easy	50.0	0.009	67898	700	337	342	5	7	0	28.4	28.4	28.4
juego1	easy	50.0	0.009	67907	700	336	341	5	7	0	28.77	28.77	28.77
juego1	easy	50.0	0.009	67914	700	336	341	5	7	0	28.95	28.95	28.95
juego1	easy	50.0	0.009	67923	700	335	340	5	7	0	29.33	29.33	29.33
juego1	easy	50.0	0.009	67930	700	335	339	4	7	0	29.52	29.52	29.52
juego1	easy	50.0	0.009	67938	700	334	338	4	7	0	29.86	29.86	29.86
juego1	easy	50.0	0.009	67947	700	333	338	5	7	0	30.21	30.21	30.21
juego1	easy	50.0	0.009	67957	700	333	337	4	7	0	30.57	30.57	30.57
juego1	easy	50.0	0.009	67964	700	332	336	4	7	0	30.77	30.77	30.77
juego1	easy	50.0	0.009	67973	700	332	335	3	7	0	31.17	31.17	31.17
juego1	easy	50.0	0.009	67980	700	331	335	4	7	0	31.36	31.36	31.36
juego1	easy	50.0	0.009	67989	700	330	333	3	7	0	31.76	31.76	31.76
juego1	easy	50.0	0.009	67997	700	330	332	2	7	0	32.19	32.19	32.19
juego1	easy	50.0	0.009	68006	700	329	331	2	7	0	32.65	32.65	32.65
juego1	easy	50.0	0.009	68014	700	329	331	2	7	0	32.89	32.89	32.89
juego1	easy	50.0	0.009	68022	700	328	329	1	7	0	33.45	33.45	33.45
juego1	easy	50.0	0.009	68032	700	327	328	1	7	0	33.87	33.87	33.87
juego1	easy	50.0	0.009	68040	700	327	328	1	7	0	34.05	34.05	34.05
juego1	easy	50.0	0.009	68047	700	326	327	1	7	0	34.2	34.2	34.2
juego1	easy	50.0	0.009	68055	700	325	326	1	7	0	34.52	34.52	34.52
juego1	easy	50.0	0.009	68063	700	325	325	0	7	0	34.91	34.91	34.91
juego1	easy	50.0	0.009	68072	700	324	324	0	7	0	35.34	35.34	35.34
juego1	easy	50.0	0.009	68080	700	323	324	1	7	0	35.55	35.55	35.55
juego1	easy	50.0	0.009	68088	700	323	323	0	7	0	35.9	35.9	35.9
juego1	easy	50.0	0.009	68097	700	322	322	0	7	0	36.18	36.18	36.18
juego1	easy	50.0	0.009	68107	700	321	321	0	7	0	36.39	36.39	36.39
juego1	easy	50.0	0.009	68115	700	321	321	0	7	0	36.5	36.5	36.5
juego1	easy	50.0	0.009	68124	700	320	321	1	7	0	36.73	36.73	36.73
juego1	easy	50.0	0.009	68132	700	319	320	1	7	0	36.95	36.95	36.95
juego1	easy	50.0	0.009	68141	700	319	320	1	7	0	37.07	37.07	37.07
juego1	easy	50.0	0.009	68150	700	318	319	1	7	0	37.34	37.34	37.34
juego1	easy	50.0	0.009	68159	700	317	318	1	7	0	37.68	37.68	37.68
juego1	easy	50.0	0.009	68167	700	317	317	0	7	0	38.1	38.1	38.1
juego1	easy	50.0	0.009	68176	700	316	316	0	7	0	38.36	38.36	38.36
juego1	easy	50.0	0.009	68185	700	315	315	0	7	0	38.83	38.83	38.83
juego1	easy	50.0	0.009	68194	700	315	314	-1	7	0	39.23	39.23	39.23
juego1	easy	50.0	0.009	68202	700	314	314	0	7	0	39.39	39.39	39.39
juego1	easy	50.0	0.009	68211	700	313	313	0	7	0	39.5	39.5	39.5
juego1	easy	50.0	0.009	68220	700	313	313	0	7	0	39.75	39.75	39.75
juego1	easy	50.0	0.009	68229	700	312	312	0	7	0	40.08	40.08	40.08
juego1	easy	50.0	0.009	68236	700	311	311	0	7	0	40.21	40.21	40.21
juego1	easy	50.0	0.009	68245	700	310	311	1	7	0	40.43	40.43	40.43
juego1	easy	50.0	0.009	68254	700	310	310	0	7	0	40.64	40.64	40.64
juego1	easy	50.0	0.009	68263	700	309	310	1	7	0	40.83	40.83	40.83
juego1	easy	50.0	0.009	68271	700	308	310	2	7	0	40.9	40.9	40.9
juego1	easy	50.0	0.009	68279	700	308	309	1	7	0	41.03	41.03	41.03
juego1	easy	50.0	0.009	68288	700	307	309	2	7	0	41.18	41.18	41.18
juego1	easy	50.0	0.009	68297	700	306	308	2	7	0	41.35	41.35	41.35
juego1	easy	50.0	0.009	68304	700	305	308	3	7	0	41.43	41.43	41.43
juego1	easy	50.0	0.009	68313	700	305	308	3	7	0	41.54	41.54	41.54
juego1	easy	50.0	0.009	68323	700	304	308	4	7	0	41.63	41.63	41.63
juego1	easy	50.0	0.009	68330	700	303	308	5	7	0	41.69	41.69	41.69
juego1	easy	50.0	0.009	68339	700	303	307	4	7	0	41.89	41.89	41.89
juego1	easy	50.0	0.009	68348	700	302	306	4	7	0	42.18	42.18	42.18
juego1	easy	50.0	0.009	68356	700	301	306	5	7	0	42.33	42.33	42.33
juego1	easy	50.0	0.009	68364	700	300	305	5	7	0	42.61	42.61	42.61
juego1	easy	50.0	0.009	68372	700	300	305	5	7	0	42.72	42.72	42.72
juego1	easy	50.0	0.009	68381	700	300	305	5	7	0	42.76	42.76	42.76
juego1	easy	50.0	0.009	68389	700	299	305	6	7	0	42.86	42.86	42.86
juego1	easy	50.0	0.009	68398	700	298	304	6	7	0	42.99	42.99	42.99
juego1	easy	50.0	0.009	68407	700	298	304	6	7	0	43.04	43.04	43.04
juego1	easy	50.0	0.009	68415	700	297	304	7	7	0	43.17	43.17	43.17
juego1	easy	50.0	0.009	68424	700	296	303	7	7	0	43.31	43.31	43.31
juego1	easy	50.0	0.009	68431	700	295	303	8	7	0	43.37	43.37	43.37
juego1	easy	50.0	0.009	68439	700	295	303	8	7	0	43.48	43.48	43.48
juego1	easy	50.0	0.009	68448	700	294	303	9	7	0	43.6	43.6	43.6
juego1	easy	50.0	0.009	68457	700	293	302	9	7	0	43.64	43.64	43.64
juego1	easy	50.0	0.009	68465	700	292	302	10	7	0	43.68	43.68	43.68
juego1	easy	50.0	0.009	68474	700	292	302	10	7	0	43.76	43.76	43.76
juego1	easy	50.0	0.009	68481	700	291	302	11	7	0	43.89	43.89	43.89
juego1	easy	50.0	0.009	68489	700	290	302	12	7	0	44.0	44.0	44.0
juego1	easy	50.0	0.009	68498	700	289	301	12	7	0	44.1	44.1	44.1
juego1	easy	50.0	0.009	68506	700	289	301	12	7	0	44.15	44.15	44.15
juego1	easy	50.0	0.009	68515	700	288	301	13	7	0	44.24	44.24	44.24
juego1	easy	50.0	0.009	68523	700	287	301	14	7	0	44.4	44.4	44.4
juego1	easy	50.0	0.009	68532	700	286	300	14	7	0	44.49	44.49	44.49
juego1	easy	50.0	0.009	68541	700	286	300	14	7	0	44.73	44.73	44.73
juego1	easy	50.0	0.009	68550	700	285	300	15	7	0	44.98	44.98	44.98
juego1	easy	50.0	0.009	68558	700	284	300	16	7	0	45.13	45.13	45.13
juego1	easy	50.0	0.009	68567	700	283	299	16	7	0	45.31	45.31	45.31
juego1	easy	50.0	0.009	68575	700	283	299	16	8	0	45.51	45.51	45.51
juego1	easy	30.0	0.007	68584	700	282	298	16	8	0	45.8	45.8	45.8
juego1	easy	30.0	0.007	68593	700	282	297	15	8	0	46.14	46.14	46.14
juego1	easy	30.0	0.007	68600	700	282	297	15	8	0	46.3	46.3	46.3
juego1	easy	30.0	0.007	68609	700	282	296	14	8	0	46.55	46.55	46.55
juego1	easy	30.0	0.007	68617	700	281	296	15	8	0	46.64	46.64	46.64
juego1	easy	30.0	0.007	68626	700	281	295	14	8	0	46.81	46.81	46.81
juego1	easy	30.0	0.007	68635	700	281	295	14	8	0	47.0	47.0	47.0
juego1	easy	30.0	0.007	68643	700	281	294	13	8	0	47.22	47.22	47.22
juego1	easy	30.0	0.007	68651	700	280	294	14	8	0	47.33	47.33	47.33
juego1	easy	30.0	0.007	68660	700	280	293	13	8	0	47.61	47.61	47.61
juego1	easy	30.0	0.007	68667	700	280	293	13	8	0	47.76	47.76	47.76
juego1	easy	30.0	0.007	68676	700	279	292	13	8	0	48.06	48.06	48.06
juego1	easy	30.0	0.007	68683	700	279	291	12	8	0	48.34	48.34	48.34
juego1	easy	30.0	0.007	68691	700	279	291	12	8	0	48.48	48.48	48.48
juego1	easy	30.0	0.007	68699	700	279	290	11	8	0	48.74	48.74	48.74
juego1	easy	30.0	0.007	68708	700	278	290	12	8	0	48.95	48.95	48.95
juego1	easy	30.0	0.007	68716	700	278	289	11	8	0	49.07	49.07	49.07
juego1	easy	30.0	0.007	68724	700	278	289	11	8	0	49.36	49.36	49.36
juego1	easy	30.0	0.007	68732	700	278	288	10	8	0	49.64	49.64	49.64
juego1	easy	30.0	0.007	68740	700	277	287	10	8	0	49.78	49.78	49.78
juego1	easy	30.0	0.007	68748	700	277	287	10	8	0	50.03	50.03	50.03
juego1	easy	30.0	0.007	68756	700	277	286	9	8	0	50.16	50.16	50.16
juego1	easy	30.0	0.007	68764	700	276	286	10	8	0	50.36	50.36	50.36
juego1	easy	30.0	0.007	68773	700	276	285	9	8	0	50.54	50.54	50.54
juego1	easy	30.0	0.007	68782	700	276	285	9	8	0	50.62	50.62	50.62
juego1	easy	30.0	0.007	68791	700	276	285	9	8	0	50.83	50.83	50.83
juego1	easy	30.0	0.007	68800	700	275	284	9	8	0	51.12	51.12	51.12
juego1	easy	30.0	0.007	68809	700	275	283	8	8	0	51.39	51.39	51.39
juego1	easy	30.0	0.007	68818	700	275	283	8	8	0	51.52	51.52	51.52
juego1	easy	30.0	0.007	68825	700	275	282	7	8	0	51.76	51.76	51.76
juego1	easy	30.0	0.007	68834	700	274	282	8	8	0	52.01	52.01	52.01
juego1	easy	30.0	0.007	68843	700	274	281	7	8	0	52.32	52.32	52.32
juego1	easy	30.0	0.007	68850	700	274	280	6	8	0	52.5	52.5	52.5
juego1	easy	30.0	0.007	68859	700	273	279	6	8	0	52.92	52.92	52.92
juego1	easy	30.0	0.007	68867	700	273	279	6	8	0	53.12	53.12	53.12
juego1	easy	30.0	0.007	68874	700	273	278	5	8	0	53.5	53.5	53.5
juego1	easy	30.0	0.007	68883	700	273	277	4	8	0	53.67	53.67	53.67
juego1	easy	30.0	0.007	68892	700	272	277	5	8	0	53.92	53.92	53.92
juego1	easy	30.0	0.007	68901	700	272	276	4	8	0	54.24	54.24	54.24
juego1	easy	30.0	0.007	68910	700	272	275	3	8	0	54.48	54.48	54.48
juego1	easy	30.0	0.007	68919	700	272	275	3	8	0	54.55	54.55	54.55
juego1	easy	30.0	0.007	68928	700	271	275	4	8	0	54.56	54.56	54.56
juego1	easy	30.0	0.007	68937	700	271	275	4	8	0	54.57	54.57	54.57
juego1	easy	30.0	0.007	68944	700	271	275	4	8	0	54.69	54.69	54.69
juego1	easy	30.0	0.007	68954	700	270	274	4	8	0	54.89	54.89	54.89
juego1	easy	30.0	0.007	68961	700	270	274	4	8	0	55.03	55.03	55.03
juego1	easy	30.0	0.007	68970	700	270	273	3	8	0	55.35	55.35	55.35
juego1	easy	30.0	0.007	68979	700	270	272	2	8	0	55.69	55.69	55.69
juego1	easy	30.0	0.007	68988	700	269	272	3	8	0	55.84	55.84	55.84
juego1	easy	30.0	0.007	68996	700	269	271	2	8	0	56.1	56.1	56.1
juego1	easy	30.0	0.007	69004	700	269	271	2	8	0	56.24	56.24	56.24
juego1	easy	30.0	0.007	69013	700	269	271	2	8	0	56.27	56.27	56.27
juego1	easy	30.0	0.007	69022	700	268	270	2	8	0	56.34	56.34	56.34
juego1	easy	30.0	0.007	69031	700	268	270	2	8	0	56.41	56.41	56.41
juego1	easy	30.0	0.007	69040	700	268	270	2	8	0	56.51	56.51	56.51
juego1	easy	30.0	0.007	69047	700	268	270	2	8	0	56.57	56.57	56.57
juego1	easy	30.0	0.007	69056	700	267	269	2	8	0	56.68	56.68	56.68
juego1	easy	30.0	0.007	69065	700	267	269	2	8	0	56.81	56.81	56.81
juego1	easy	30.0	0.007	69074	700	267	269	2	8	0	56.94	56.94	56.94
juego1	easy	30.0	0.007	69081	700	267	269	2	8	0	57.01	57.01	57.01
juego1	easy	30.0	0.007	69090	700	266	268	2	8	0	57.18	57.18	57.18
juego1	easy	30.0	0.007	69098	700	266	268	2	8	0	57.28	57.28	57.28
juego1	easy	30.0	0.007	69107	700	266	267	1	8	0	57.45	57.45	57.45
juego1	easy	30.0	0.007	69116	700	266	267	1	8	0	57.58	57.58	57.58
juego1	easy	30.0	0.007	69123	700	265	267	2	8	0	57.65	57.65	57.65
juego1	easy	30.0	0.007	69132	700	265	266	1	8	0	57.87	57.87	57.87
juego1	easy	30.0	0.007	69141	700	265	265	0	8	0	58.22	58.22	58.22
juego1	easy	30.0	0.007	69150	700	265	264	-1	8	0	58.59	58.59	58.59
juego1	easy	30.0	0.007	69157	700	264	264	0	8	0	58.74	58.74	58.74
juego1	easy	30.0	0.007	69166	700	264	263	-1	8	0	58.99	58.99	58.99
juego1	easy	30.0	0.007	69175	700	264	263	-1	8	0	59.16	59.16	59.16
juego1	easy	30.0	0.007	69184	700	264	263	-1	8	0	59.29	59.29	59.29
juego1	easy	30.0	0.007	69192	700	263	263	0	8	0	59.35	59.35	59.35
juego1	easy	30.0	0.007	69200	700	263	262	-1	8	0	59.53	59.53	59.53
juego1	easy	30.0	0.007	69209	700	263	261	-2	8	0	59.86	59.86	59.86
juego1	easy	30.0	0.007	69218	700	263	261	-2	8	0	60.02	60.02	60.02
juego1	easy	30.0	0.007	69226	700	262	260	-2	8	0	60.24	60.24	60.24
juego1	easy	30.0	0.007	69235	700	262	260	-2	8	0	60.31	60.31	60.31
juego1	easy	30.0	0.007	69244	700	262	260	-2	8	0	60.36	60.36	60.36
juego1	easy	30.0	0.007	69253	700	262	260	-2	8	0	60.4	60.4	60.4
juego1	easy	30.0	0.007	69262	700	261	259	-2	8	0	60.51	60.51	60.51
juego1	easy	30.0	0.007	69271	700	261	259	-2	8	0	60.64	60.64	60.64
juego1	easy	30.0	0.007	69278	700	261	259	-2	8	0	60.73	60.73	60.73
juego1	easy	30.0	0.007	69287	700	261	258	-3	8	0	60.95	60.95	60.95
juego1	easy	30.0	0.007	69296	700	261	258	-3	8	0	61.21	61.21	61.21
juego1	easy	30.0	0.007	69305	700	260	257	-3	8	0	61.4	61.4	61.4
juego1	easy	30.0	0.007	69314	700	260	257	-3	8	0	61.47	61.47	61.47
juego1	easy	30.0	0.007	69322	700	260	257	-3	8	0	61.52	61.52	61.52
juego1	easy	30.0	0.007	69330	700	260	257	-3	8	0	61.58	61.58	61.58
juego1	easy	30.0	0.007	69338	700	259	257	-2	8	0	61.61	61.61	61.61
juego1	easy	30.0	0.007	69347	700	259	257	-2	8	0	61.65	61.65	61.65
juego1	easy	30.0	0.007	69355	700	259	256	-3	8	0	61.69	61.69	61.69
juego1	easy	30.0	0.007	69363	700	259	256	-3	8	0	61.71	61.71	61.71
juego1	easy	30.0	0.007	69372	700	259	256	-3	8	0	61.75	61.75	61.75
juego1	easy	30.0	0.007	69381	700	258	256	-2	8	0	61.8	61.8	61.8
juego1	easy	30.0	0.007	69390	700	258	256	-2	8	0	61.86	61.86	61.86
juego1	easy	30.0	0.007	69399	700	258	256	-2	8	0	61.92	61.92	61.92
juego1	easy	30.0	0.007	69408	700	258	255	-3	8	0	62.09	62.09	62.09
juego1	easy	30.0	0.007	69416	700	257	255	-2	8	0	62.3	62.3	62.3
juego1	easy	30.0	0.007	69425	700	257	254	-3	8	0	62.43	62.43	62.43
juego1	easy	30.0	0.007	69433	700	257	254	-3	8	0	62.47	62.47	62.47
juego1	easy	30.0	0.007	69442	700	257	254	-3	8	0	62.51	62.51	62.51
juego1	easy	30.0	0.007	69451	700	257	254	-3	8	0	62.57	62.57	62.57
juego1	easy	30.0	0.007	69460	700	256	254	-2	8	0	62.65	62.65	62.65
juego1	easy	30.0	0.007	69469	700	256	254	-2	8	0	62.68	62.68	62.68
juego1	easy	30.0	0.007	69477	700	256	254	-2	8	0	62.75	62.75	62.75
juego1	easy	30.0	0.007	69486	700	256	253	-3	8	0	62.9	62.9	62.9
juego1	easy	30.0	0.007	69495	700	256	253	-3	8	0	62.98	62.98	62.98
juego1	easy	30.0	0.007	69504	700	255	253	-2	8	0	63.18	63.18	63.18
juego1	easy	30.0	0.007	69513	700	255	252	-3	8	0	63.27	63.27	63.27
juego1	easy	30.0	0.007	69522	700	255	252	-3	8	0	63.28	63.28	63.28
juego1	easy	30.0	0.007	69531	700	255	252	-3	8	0	63.28	63.28	63.28
juego1	easy	30.0	0.007	69538	700	255	252	-3	8	0	63.29	63.29	63.29
juego1	easy	30.0	0.007	69547	700	254	252	-2	8	0	63.34	63.34	63.34
juego1	easy	30.0	0.007	69556	700	254	252	-2	8	0	63.39	63.39	63.39
juego1	easy	30.0	0.007	69564	700	254	252	-2	8	0	63.41	63.41	63.41
juego1	easy	30.0	0.007	69573	700	254	252	-2	8	0	63.43	63.43	63.43
juego1	easy	30.0	0.007	69581	700	254	252	-2	8	0	63.45	63.45	63.45
juego1	easy	30.0	0.007	69590	700	253	252	-1	8	0	63.48	63.48	63.48
juego1	easy	30.0	0.007	69599	700	253	252	-1	8	0	63.49	63.49	63.49
juego1	easy	30.0	0.007	69608	700	253	252	-1	8	0	63.53	63.53	63.53
juego1	easy	30.0	0.007	69617	700	253	251	-2	8	0	63.59	63.59	63.59
juego1	easy	30.0	0.007	69626	700	253	251	-2	8	0	63.66	63.66	63.66
juego1	easy	30.0	0.007	69635	700	252	251	-1	8	0	63.68	63.68	63.68
juego1	easy	30.0	0.007	69644	700	252	251	-1	8	0	63.67	63.67	63.67
juego1	easy	30.0	0.007	69652	700	252	251	-1	8	0	63.67	63.67	63.67
juego1	easy	30.0	0.007	69661	700	252	251	-1	8	0	63.68	63.68	63.68
juego1	easy	30.0	0.007	69670	700	252	251	-1	8	0	63.69	63.69	63.69
juego1	easy	30.0	0.007	69679	700	252	251	-1	8	0	63.7	63.7	63.7
juego1	easy	30.0	0.007	69687	700	251	251	0	8	0	63.71	63.71	63.71
juego1	easy	30.0	0.007	69696	700	251	251	0	8	0	63.72	63.72	63.72
juego1	easy	30.0	0.007	69705	700	251	251	0	8	0	63.72	63.72	63.72
juego1	easy	30.0	0.007	69713	700	251	251	0	8	0	63.71	63.71	63.71
juego1	easy	30.0	0.007	69722	700	251	251	0	8	0	63.71	63.71	63.71
juego1	easy	30.0	0.007	69731	700	251	251	0	8	0	63.7	63.7	63.7
juego1	easy	30.0	0.007	69740	700	250	251	1	8	0	63.7	63.7	63.7
juego1	easy	30.0	0.007	69749	700	250	251	1	8	0	63.7	63.7	63.7
juego1	easy	30.0	0.007	69758	700	250	251	1	8	0	63.7	63.7	63.7
juego1	easy	30.0	0.007	69767	700	250	251	1	8	0	63.71	63.71	63.71
juego1	easy	30.0	0.007	69776	700	250	251	1	8	0	63.75	63.75	63.75
juego1	easy	30.0	0.007	69784	700	250	251	1	8	0	63.76	63.76	63.76
juego1	easy	30.0	0.007	69793	700	249	251	2	8	0	63.81	63.81	63.81
juego1	easy	30.0	0.007	69801	700	249	251	2	8	0	63.91	63.91	63.91
juego1	easy	30.0	0.007	69809	700	249	250	1	8	0	63.96	63.96	63.96
juego1	easy	30.0	0.007	69817	700	249	250	1	8	0	64.07	64.07	64.07
juego1	easy	30.0	0.007	69825	700	249	250	1	8	0	64.12	64.12	64.12
juego1	easy	30.0	0.007	69833	700	249	250	1	8	0	64.11	64.11	64.11
juego1	easy	30.0	0.007	69842	700	249	250	1	8	0	64.07	64.07	64.07
juego1	easy	30.0	0.007	69851	700	248	250	2	8	0	64.01	64.01	64.01
juego1	easy	30.0	0.007	69861	700	248	250	2	8	0	63.98	63.98	63.98
juego1	easy	30.0	0.007	69869	700	248	250	2	8	0	63.99	63.99	63.99
juego1	easy	30.0	0.007	69877	700	248	250	2	8	0	64.03	64.03	64.03
juego1	easy	30.0	0.007	69886	700	248	250	2	8	0	64.05	64.05	64.05
juego1	easy	30.0	0.007	69894	700	248	250	2	8	0	64.07	64.07	64.07
juego1	easy	30.0	0.007	69903	700	248	250	2	8	0	64.1	64.1	64.1
juego1	easy	30.0	0.007	69912	700	247	250	3	8	0	64.11	64.11	64.11
juego1	easy	30.0	0.007	69921	700	247	250	3	8	0	64.11	64.11	64.11
juego1	easy	30.0	0.007	69930	700	247	250	3	8	0	64.12	64.12	64.12
juego1	easy	30.0	0.007	69938	700	247	250	3	8	0	64.16	64.16	64.16
juego1	easy	30.0	0.007	69947	700	247	250	3	8	0	64.21	64.21	64.21
juego1	easy	30.0	0.007	69956	700	247	250	3	8	0	64.22	64.22	64.22
juego1	easy	30.0	0.007	69963	700	247	250	3	8	0	64.22	64.22	64.22
juego1	easy	30.0	0.007	69972	700	247	250	3	8	0	64.21	64.21	64.21
juego1	easy	30.0	0.007	69981	700	247	250	3	8	0	64.21	64.21	64.21
juego1	easy	30.0	0.007	69989	700	246	250	4	8	0	64.2	64.2	64.2
juego1	easy	30.0	0.007	69997	700	246	250	4	8	0	64.16	64.16	64.16
juego1	easy	30.0	0.007	70006	700	246	250	4	8	0	64.12	64.12	64.12
juego1	easy	30.0	0.007	70014	700	246	250	4	8	0	64.11	64.11	64.11
juego1	easy	30.0	0.007	70023	700	246	250	4	8	0	64.13	64.13	64.13
juego1	easy	30.0	0.007	70032	700	246	250	4	8	0	64.16	64.16	64.16
juego1	easy	30.0	0.007	70040	700	246	250	4	8	0	64.18	64.18	64.18
juego1	easy	30.0	0.007	70049	700	246	250	4	8	0	64.2	64.2	64.2
juego1	easy	30.0	0.007	70058	700	246	250	4	8	0	64.19	64.19	64.19
juego1	easy	30.0	0.007	70066	700	245	250	5	8	0	64.21	64.21	64.21
juego1	easy	30.0	0.007	70075	700	245	250	5	8	0	64.22	64.22	64.22
juego1	easy	30.0	0.007	70084	700	245	250	5	8	0	64.25	64.25	64.25
juego1	easy	30.0	0.007	70093	700	245	250	5	8	0	64.26	64.26	64.26
juego1	easy	30.0	0.007	70101	700	245	250	5	8	0	64.28	64.28	64.28
juego1	easy	30.0	0.007	70110	700	245	250	5	8	0	64.29	64.29	64.29
juego1	easy	30.0	0.007	70119	700	245	250	5	8	0	64.31	64.31	64.31
juego1	easy	30.0	0.007	70128	700	245	250	5	8	0	64.32	64.32	64.32
juego1	easy	30.0	0.007	70135	700	245	250	5	8	0	64.31	64.31	64.31
juego1	easy	30.0	0.007	70144	700	245	250	5	8	0	64.3	64.3	64.3
juego1	easy	30.0	0.007	70151	700	245	250	5	8	0	64.31	64.31	64.31
juego1	easy	30.0	0.007	70160	700	244	250	6	8	0	64.3	64.3	64.3
juego1	easy	30.0	0.007	70168	700	244	250	6	8	0	64.27	64.27	64.27
juego1	easy	30.0	0.007	70177	700	244	250	6	8	0	64.26	64.26	64.26
juego1	easy	30.0	0.007	70186	700	244	250	6	8	0	64.26	64.26	64.26
juego1	easy	30.0	0.007	70194	700	244	250	6	8	0	64.26	64.26	64.26
juego1	easy	30.0	0.007	70203	700	244	250	6	8	0	64.23	64.23	64.23
juego1	easy	30.0	0.007	70212	700	244	250	6	8	0	64.23	64.23	64.23
juego1	easy	30.0	0.007	70220	700	244	250	6	8	0	64.23	64.23	64.23
juego1	easy	30.0	0.007	70228	700	244	250	6	8	0	64.24	64.24	64.24
juego1	easy	30.0	0.007	70237	700	244	250	6	8	0	64.24	64.24	64.24
juego1	easy	30.0	0.007	70244	700	244	250	6	8	0	64.25	64.25	64.25
juego1	easy	30.0	0.007	70252	700	244	250	6	8	0	64.26	64.26	64.26
juego1	easy	30.0	0.007	70261	700	244	250	6	8	0	64.26	64.26	64.26
juego1	easy	30.0	0.007	70270	700	244	250	6	8	0	64.28	64.28	64.28
juego1	easy	30.0	0.007	70279	700	244	250	6	8	0	64.29	64.29	64.29
juego1	easy	30.0	0.007	70286	700	244	250	6	8	0	64.3	64.3	64.3
juego1	easy	30.0	0.007	70295	700	243	250	7	8	0	64.28	64.28	64.28
juego1	easy	30.0	0.007	70304	700	243	250	7	8	0	64.22	64.22	64.22
juego1	easy	30.0	0.007	70311	700	243	250	7	8	0	64.18	64.18	64.18
juego1	easy	30.0	0.007	70320	700	243	250	7	8	0	64.17	64.17	64.17
juego1	easy	30.0	0.007	70329	700	243	250	7	8	0	64.16	64.16	64.16
juego1	easy	30.0	0.007	70337	700	243	250	7	8	0	64.16	64.16	64.16
juego1	easy	30.0	0.007	70345	700	243	250	7	8	0	64.17	64.17	64.17
juego1	easy	30.0	0.007	70354	700	243	250	7	8	0	64.19	64.19	64.19
juego1	easy	30.0	0.007	70363	700	243	250	7	8	0	64.22	64.22	64.22
juego1	easy	30.0	0.007	70372	700	243	249	6	8	0	64.43	64.43	64.43
juego1	easy	30.0	0.007	70381	700	243	249	6	8	0	64.64	64.64	64.64
juego1	easy	30.0	0.007	70390	700	243	247	4	8	0	65.11	65.11	65.11
juego1	easy	30.0	0.007	70398	700	243	247	4	8	0	65.47	65.47	65.47
juego1	easy	30.0	0.007	70405	700	243	246	3	8	0	65.58	65.58	65.58
juego1	easy	30.0	0.007	70414	700	243	246	3	8	0	65.64	65.64	65.64
juego1	easy	30.0	0.007	70423	700	243	246	3	8	0	65.67	65.67	65.67
juego1	easy	30.0	0.007	70432	700	243	246	3	8	0	65.75	65.75	65.75
juego1	easy	30.0	0.007	70441	700	243	246	3	8	0	65.8	65.8	65.8
juego1	easy	30.0	0.007	70450	700	243	245	2	8	0	65.94	65.94	65.94
juego1	easy	30.0	0.007	70459	700	243	245	2	8	0	66.09	66.09	66.09
juego1	easy	30.0	0.007	70467	700	243	245	2	8	0	66.24	66.24	66.24
juego1	easy	30.0	0.007	70476	700	243	244	1	8	0	66.29	66.29	66.29
juego1	easy	30.0	0.007	70485	700	243	244	1	8	0	66.29	66.29	66.29
juego1	easy	30.0	0.007	70494	700	243	245	2	8	0	66.24	66.24	66.24
juego1	easy	30.0	0.007	70501	700	243	245	2	8	0	66.24	66.24	66.24
juego1	easy	30.0	0.007	70510	700	243	244	1	8	0	66.27	66.27	66.27
juego1	easy	30.0	0.007	70519	700	243	244	1	8	0	66.31	66.31	66.31
juego1	easy	30.0	0.007	70528	700	243	244	1	8	0	66.31	66.31	66.31
juego1	easy	30.0	0.007	70535	700	243	244	1	8	0	66.3	66.3	66.3
juego1	easy	30.0	0.007	70545	700	243	244	1	8	0	66.28	66.28	66.28
juego1	easy	30.0	0.007	70553	700	243	244	1	8	0	66.28	66.28	66.28
juego1	easy	30.0	0.007	70562	700	243	244	1	8	0	66.29	66.29	66.29
juego1	easy	30.0	0.007	70571	700	243	244	1	8	0	66.27	66.27	66.27
juego1	easy	30.0	0.007	70579	700	243	245	2	8	0	66.24	66.24	66.24
juego1	easy	30.0	0.007	70588	700	243	245	2	8	0	66.22	66.22	66.22
juego1	easy	30.0	0.007	70597	700	243	245	2	8	0	66.2	66.2	66.2
juego1	easy	30.0	0.007	70605	700	243	245	2	8	0	66.18	66.18	66.18
juego1	easy	30.0	0.007	70614	700	243	245	2	8	0	66.12	66.12	66.12
juego1	easy	30.0	0.007	70623	700	243	245	2	8	0	66.06	66.06	66.06
juego1	easy	30.0	0.007	70632	700	243	245	2	8	0	66.04	66.04	66.04
juego1	easy	30.0	0.007	70641	700	243	245	2	8	0	66.01	66.01	66.01
juego1	easy	30.0	0.007	70649	700	243	245	2	8	0	66.0	66.0	66.0
juego1	easy	30.0	0.007	70658	700	243	245	2	8	0	65.96	65.96	65.96
juego1	easy	30.0	0.007	70668	700	243	245	2	8	0	65.91	65.91	65.91
juego1	easy	30.0	0.007	70676	700	243	245	2	8	0	65.89	65.89	65.89
juego1	easy	30.0	0.007	70684	700	243	246	3	8	0	65.84	65.84	65.84
juego1	easy	30.0	0.007	70692	700	243	246	3	8	0	65.8	65.8	65.8
juego1	easy	30.0	0.007	70701	700	243	246	3	8	0	65.78	65.78	65.78
juego1	easy	30.0	0.007	70710	700	243	246	3	8	0	65.75	65.75	65.75
juego1	easy	30.0	0.007	70719	700	243	246	3	8	0	65.69	65.69	65.69
juego1	easy	30.0	0.007	70728	700	244	246	2	8	0	65.6	65.6	65.6
juego1	easy	30.0	0.007	70735	700	244	246	2	8	0	65.54	65.54	65.54
juego1	easy	30.0	0.007	70744	700	244	247	3	8	0	65.41	65.41	65.41
juego1	easy	30.0	0.007	70754	700	244	247	3	8	0	65.31	65.31	65.31
juego1	easy	30.0	0.007	70761	700	244	247	3	8	0	65.27	65.27	65.27
juego1	easy	30.0	0.007	70770	700	244	247	3	8	0	65.23	65.23	65.23
juego1	easy	30.0	0.007	70778	700	244	247	3	8	0	65.19	65.19	65.19
juego1	easy	30.0	0.007	70786	700	244	247	3	8	0	65.17	65.17	65.17
juego1	easy	30.0	0.007	70795	700	244	247	3	8	0	65.12	65.12	65.12
juego1	easy	30.0	0.007	70804	700	244	248	4	8	0	65.06	65.06	65.06
juego1	easy	30.0	0.007	70813	700	244	248	4	8	0	64.99	64.99	64.99
juego1	easy	30.0	0.007	70821	700	244	248	4	8	0	64.95	64.95	64.95
juego1	easy	30.0	0.007	70830	700	244	248	4	8	0	64.87	64.87	64.87
juego1	easy	30.0	0.007	70839	700	244	248	4	8	0	64.79	64.79	64.79
juego1	easy	30.0	0.007	70847	700	244	248	4	8	0	64.74	64.74	64.74
juego1	easy	30.0	0.007	70856	700	244	249	5	8	0	64.64	64.64	64.64
juego1	easy	30.0	0.007	70865	700	245	249	4	8	0	64.52	64.52	64.52
juego1	easy	30.0	0.007	70873	700	245	249	4	8	0	64.41	64.41	64.41
juego1	easy	30.0	0.007	70882	700	245	249	4	8	0	64.36	64.36	64.36
juego1	easy	30.0	0.007	70891	700	245	250	5	8	0	64.26	64.26	64.26
juego1	easy	30.0	0.007	70899	700	245	250	5	8	0	64.12	64.12	64.12
juego1	easy	30.0	0.007	70908	700	245	250	5	8	0	64.04	64.04	64.04
juego1	easy	30.0	0.007	70916	700	245	251	6	8	0	63.88	63.88	63.88
juego1	easy	30.0	0.007	70925	700	245	251	6	8	0	63.64	63.64	63.64
juego1	easy	30.0	0.007	70932	700	245	252	7	8	0	63.49	63.49	63.49
juego1	easy	30.0	0.007	70941	700	245	253	8	8	0	63.18	63.18	63.18
juego1	easy	30.0	0.007	70949	700	245	253	8	8	0	62.85	62.85	62.85
juego1	easy	30.0	0.007	70958	700	246	254	8	8	0	62.43	62.43	62.43
juego1	easy	30.0	0.007	70966	700	246	255	9	8	0	62.17	62.17	62.17
juego1	easy	30.0	0.007	70975	700	246	257	11	8	0	61.55	61.55	61.55
juego1	easy	30.0	0.007	70984	700	246	258	12	8	0	60.91	60.91	60.91
juego1	easy	30.0	0.007	70992	700	246	259	13	8	0	60.63	60.63	60.63
juego1	easy	30.0	0.007	71001	700	246	260	14	8	0	60.13	60.13	60.13
juego1	easy	30.0	0.007	71010	700	246	262	16	8	0	59.69	59.69	59.69
juego1	easy	30.0	0.007	71019	700	246	263	17	8	0	59.32	59.32	59.32
juego1	easy	30.0	0.007	71027	700	246	263	17	8	0	59.15	59.15	59.15
juego1	easy	30.0	0.007	71035	700	247	264	17	8	0	58.87	58.87	58.87
juego1	easy	30.0	0.007	71044	700	247	264	17	8	0	58.59	58.59	58.59
juego1	easy	30.0	0.007	71051	700	247	265	18	8	0	58.46	58.46	58.46
juego1	easy	30.0	0.007	71060	700	247	266	19	8	0	58.18	58.18	58.18
juego1	easy	30.0	0.007	71069	700	247	266	19	8	0	57.9	57.9	57.9
juego1	easy	30.0	0.007	71077	700	247	267	20	8	0	57.76	57.76	57.76
juego1	easy	30.0	0.007	71086	700	247	267	20	8	0	57.49	57.49	57.49
juego1	easy	30.0	0.007	71095	700	247	268	21	8	0	57.26	57.26	57.26
juego1	easy	30.0	0.007	71104	700	248	268	20	8	0	57.17	57.17	57.17
juego1	easy	30.0	0.007	71112	700	248	269	21	8	0	57.0	57.0	57.0
juego1	easy	30.0	0.007	71121	700	248	269	21	8	0	56.79	56.79	56.79
juego1	easy	30.0	0.007	71130	700	248	270	22	8	0	56.62	56.62	56.62
juego1	easy	30.0	0.007	71139	700	248	270	22	8	0	56.46	56.46	56.46
juego1	easy	30.0	0.007	71148	700	248	270	22	8	0	56.38	56.38	56.38
juego1	easy	30.0	0.007	71157	700	248	271	23	8	0	56.22	56.22	56.22
juego1	easy	30.0	0.007	71166	700	248	271	23	8	0	56.1	56.1	56.1
juego1	easy	30.0	0.007	71173	700	249	271	22	8	0	56.07	56.07	56.07
juego1	easy	30.0	0.007	71182	700	249	271	22	8	0	55.99	55.99	55.99
juego1	easy	30.0	0.007	71191	700	249	272	23	8	0	55.88	55.88	55.88
juego1	easy	30.0	0.007	71200	700	249	272	23	8	0	55.75	55.75	55.75
juego1	easy	30.0	0.007	71208	700	249	272	23	8	0	55.68	55.68	55.68
juego1	easy	30.0	0.007	71217	700	249	272	23	8	0	55.53	55.53	55.53
juego1	easy	30.0	0.007	71226	700	249	273	24	8	0	55.38	55.38	55.38
juego1	easy	30.0	0.007	71234	700	250	273	23	8	0	55.22	55.22	55.22
juego1	easy	30.0	0.007	71243	700	250	273	23	8	0	55.15	55.15	55.15
juego1	easy	30.0	0.007	71251	700	250	274	24	8	0	55.03	55.03	55.03
juego1	easy	30.0	0.007	71259	700	250	274	24	8	0	54.96	54.96	54.96
juego1	easy	30.0	0.007	71268	700	250	274	24	8	0	54.91	54.91	54.91
juego1	easy	30.0	0.007	71276	700	250	274	24	8	0	54.8	54.8	54.8
juego1	easy	30.0	0.007	71284	700	251	275	24	8	0	54.69	54.69	54.69
juego1	easy	30.0	0.007	71293	700	251	275	24	8	0	54.66	54.66	54.66
juego1	easy	30.0	0.007	71302	700	251	275	24	8	0	54.58	54.58	54.58
juego1	easy	30.0	0.007	71311	700	251	275	24	8	0	54.44	54.44	54.44
juego1	easy	30.0	0.007	71320	700	251	276	25	8	0	54.27	54.27	54.27
juego1	easy	30.0	0.007	71327	700	251	276	25	8	0	54.19	54.19	54.19
juego1	easy	30.0	0.007	71336	700	252	276	24	8	0	54.05	54.05	54.05
juego1	easy	30.0	0.007	71345	700	252	277	25	8	0	53.92	53.92	53.92
juego1	easy	30.0	0.007	71353	700	252	277	25	8	0	53.92	53.92	53.92
juego1	easy	30.0	0.007	71362	700	252	277	25	8	0	53.75	53.75	53.75
juego1	easy	30.0	0.007	71371	700	252	277	25	8	0	53.68	53.68	53.68
juego1	easy	30.0	0.007	71380	700	252	278	26	8	0	53.58	53.58	53.58
juego1	easy	30.0	0.007	71388	700	253	278	25	8	0	53.52	53.52	53.52
juego1	easy	30.0	0.007	71396	700	253	278	25	8	0	53.38	53.38	53.38
juego1	easy	30.0	0.007	71404	700	253	279	26	8	0	53.19	53.19	53.19
juego1	easy	30.0	0.007	71413	700	253	279	26	8	0	53.08	53.08	53.08
juego1	easy	30.0	0.007	71421	700	253	279	26	8	0	52.84	52.84	52.84
juego1	easy	30.0	0.007	71430	700	254	280	26	8	0	52.59	52.59	52.59
juego1	easy	30.0	0.007	71438	700	254	280	26	8	0	52.47	52.47	52.47
juego1	easy	30.0	0.007	71446	700	254	281	27	8	0	52.22	52.22	52.22
juego1	easy	30.0	0.007	71455	700	254	282	28	8	0	51.98	51.98	51.98
juego1	easy	30.0	0.007	71464	700	254	282	28	8	0	51.87	51.87	51.87
juego1	easy	30.0	0.007	71473	700	255	283	28	8	0	51.65	51.65	51.65
juego1	easy	30.0	0.007	71482	700	255	283	28	8	0	51.45	51.45	51.45
juego1	easy	30.0	0.007	71491	700	255	284	29	8	0	51.27	51.27	51.27
juego1	easy	30.0	0.007	71500	700	255	284	29	8	0	51.1	51.1	51.1
juego1	easy	30.0	0.007	71508	700	255	284	29	8	0	50.98	50.98	50.98
juego1	easy	30.0	0.007	71517	700	256	285	29	8	0	50.72	50.72	50.72
juego1	easy	30.0	0.007	71526	700	256	286	30	8	0	50.41	50.41	50.41
juego1	easy	30.0	0.007	71533	700	256	286	30	8	0	50.25	50.25	50.25
juego1	easy	30.0	0.007	71542	700	256	287	31	8	0	49.92	49.92	49.92
juego1	easy	30.0	0.007	71551	700	256	288	32	8	0	49.58	49.58	49.58
juego1	easy	30.0	0.007	71560	700	257	289	32	8	0	49.25	49.25	49.25
juego1	easy	30.0	0.007	71569	700	257	289	32	8	0	49.09	49.09	49.09
juego1	easy	30.0	0.007	71579	700	257	290	33	8	0	48.84	48.84	48.84
juego1	easy	30.0	0.007	71587	700	257	290	33	8	0	48.65	48.65	48.65
juego1	easy	30.0	0.007	71596	700	257	291	34	8	0	48.48	48.48	48.48
juego1	easy	30.0	0.007	71605	700	258	291	33	8	0	48.32	48.32	48.32
juego1	easy	30.0	0.007	71613	700	258	291	33	8	0	48.28	48.28	48.28
juego1	easy	30.0	0.007	71621	700	258	292	34	8	0	48.2	48.2	48.2
juego1	easy	30.0	0.007	71629	700	258	292	34	8	0	48.15	48.15	48.15
juego1	easy	30.0	0.007	71639	700	259	292	33	8	0	48.02	48.02	48.02
juego1	easy	30.0	0.007	71647	700	259	293	34	8	0	47.85	47.85	47.85
juego1	easy	30.0	0.007	71656	700	259	293	34	8	0	47.68	47.68	47.68
juego1	easy	30.0	0.007	71664	700	259	293	34	8	0	47.61	47.61	47.61
juego1	easy	30.0	0.007	71672	700	259	294	35	8	0	47.46	47.46	47.46
juego1	easy	30.0	0.007	71681	700	260	294	34	8	0	47.33	47.33	47.33
juego1	easy	30.0	0.007	71690	700	260	294	34	8	0	47.21	47.21	47.21
juego1	easy	30.0	0.007	71697	700	260	294	34	8	0	47.16	47.16	47.16
juego1	easy	30.0	0.007	71706	700	260	295	35	8	0	47.05	47.05	47.05
juego1	easy	30.0	0.007	71713	700	261	295	34	8	0	46.99	46.99	46.99
juego1	easy	30.0	0.007	71722	700	261	295	34	8	0	46.86	46.86	46.86
juego1	easy	30.0	0.007	71731	700	261	296	35	8	0	46.62	46.62	46.62
juego1	easy	30.0	0.007	71740	700	261	296	35	8	0	46.45	46.45	46.45
juego1	easy	30.0	0.007	71749	700	262	297	35	8	0	46.02	46.02	46.02
juego1	easy	30.0	0.007	71758	700	262	298	36	8	0	45.61	45.61	45.61
juego1	easy	30.0	0.007	71766	700	262	299	37	8	0	45.25	45.25	45.25
juego1	easy	30.0	0.007	71775	700	262	300	38	8	0	44.96	44.96	44.96
juego1	easy	30.0	0.007	71784	700	262	300	38	8	0	44.83	44.83	44.83
juego1	easy	30.0	0.007	71793	700	263	300	37	8	0	44.58	44.58	44.58
juego1	easy	30.0	0.007	71802	700	263	301	38	8	0	44.35	44.35	44.35
juego1	easy	30.0	0.007	71811	700	263	301	38	8	0	44.24	44.24	44.24
juego1	easy	30.0	0.007	71819	700	263	301	38	8	0	44.1	44.1	44.1
juego1	easy	30.0	0.007	71826	700	264	302	38	8	0	43.79	43.79	43.79
juego1	easy	30.0	0.007	71835	700	264	303	39	8	0	43.6	43.6	43.6
juego1	easy	30.0	0.007	71843	700	264	303	39	8	0	43.54	43.54	43.54
juego1	easy	30.0	0.007	71851	700	264	303	39	8	0	43.41	43.41	43.41
juego1	easy	30.0	0.007	71861	700	265	304	39	8	0	43.23	43.23	43.23
juego1	easy	30.0	0.007	71869	700	265	304	39	8	0	43.14	43.14	43.14
juego1	easy	30.0	0.007	71878	700	265	304	39	8	0	43.04	43.04	43.04
juego1	easy	30.0	0.007	71887	700	265	304	39	8	0	42.9	42.9	42.9
juego1	easy	30.0	0.007	71896	700	266	305	39	8	0	42.66	42.66	42.66
juego1	easy	30.0	0.007	71904	700	266	305	39	8	0	42.55	42.55	42.55
juego1	easy	30.0	0.007	71912	700	266	306	40	8	0	42.35	42.35	42.35
juego1	easy	30.0	0.007	71920	700	266	306	40	8	0	42.16	42.16	42.16
juego1	easy	30.0	0.007	71928	700	267	307	40	8	0	42.06	42.06	42.06
juego1	easy	30.0	0.007	71937	700	267	307	40	8	0	41.89	41.89	41.89
juego1	easy	30.0	0.007	71946	700	267	307	40	8	0	41.81	41.81	41.81
juego1	easy	30.0	0.007	71954	700	267	307	40	8	0	41.78	41.78	41.78
juego1	easy	30.0	0.007	71962	700	268	308	40	8	0	41.71	41.71	41.71
juego1	easy	30.0	0.007	71971	700	268	308	40	8	0	41.56	41.56	41.56
juego1	easy	30.0	0.007	71980	700	268	308	40	8	0	41.5	41.5	41.5
juego1	easy	30.0	0.007	71989	700	268	308	40	8	0	41.36	41.36	41.36
juego1	easy	30.0	0.007	71998	700	269	309	40	8	0	41.21	41.21	41.21
juego1	easy	30.0	0.007	72007	700	269	309	40	8	0	41.05	41.05	41.05
juego1	easy	30.0	0.007	72016	700	269	310	41	8	0	40.83	40.83	40.83
juego1	easy	30.0	0.007	72024	700	269	310	41	8	0	40.74	40.74	40.74
juego1	easy	30.0	0.007	72033	700	270	310	40	8	0	40.61	40.61	40.61
juego1	easy	30.0	0.007	72041	700	270	311	41	8	0	40.54	40.54	40.54
juego1	easy	30.0	0.007	72050	700	270	311	41	8	0	40.5	40.5	40.5
juego1	easy	30.0	0.007	72058	700	271	311	40	8	0	40.37	40.37	40.37
juego1	easy	30.0	0.007	72067	700	271	311	40	8	0	40.22	40.22	40.22
juego1	easy	30.0	0.007	72076	700	271	312	41	8	0	40.09	40.09	40.09
juego1	easy	30.0	0.007	72085	700	271	312	41	8	0	40.03	40.03	40.03
juego1	easy	30.0	0.007	72092	700	272	312	40	8	0	39.89	39.89	39.89
juego1	easy	30.0	0.007	72102	700	272	313	41	8	0	39.74	39.74	39.74
juego1	easy	30.0	0.007	72109	700	272	313	41	8	0	39.67	39.67	39.67
juego1	easy	30.0	0.007	72118	700	272	313	41	8	0	39.55	39.55	39.55
juego1	easy	30.0	0.007	72127	700	273	314	41	8	0	39.41	39.41	39.41
juego1	easy	30.0	0.007	72135	700	273	314	41	8	0	39.32	39.32	39.32
juego1	easy	30.0	0.007	72144	700	273	314	41	8	0	39.17	39.17	39.17
juego1	easy	30.0	0.007	72153	700	273	314	41	8	0	39.1	39.1	39.1
juego1	easy	30.0	0.007	72161	700	274	314	40	8	0	39.06	39.06	39.06
juego1	easy	30.0	0.007	72169	700	274	315	41	8	0	38.96	38.96	38.96
juego1	easy	30.0	0.007	72178	700	274	315	41	8	0	38.81	38.81	38.81
juego1	easy	30.0	0.007	72186	700	275	315	40	8	0	38.67	38.67	38.67
juego1	easy	30.0	0.007	72195	700	275	316	41	8	0	38.62	38.62	38.62
juego1	easy	30.0	0.007	72204	700	275	316	41	8	0	38.55	38.55	38.55
juego1	easy	30.0	0.007	72213	700	275	316	41	8	0	38.45	38.45	38.45
juego1	easy	30.0	0.007	72222	700	276	316	40	8	0	38.33	38.33	38.33
juego1	easy	30.0	0.007	72229	700	276	316	40	8	0	38.27	38.27	38.27
juego1	easy	30.0	0.007	72238	700	276	317	41	8	0	38.16	38.16	38.16
juego1	easy	30.0	0.007	72247	700	276	317	41	8	0	38.02	38.02	38.02
juego1	easy	30.0	0.007	72257	700	277	318	41	8	0	37.82	37.82	37.82
juego1	easy	30.0	0.007	72264	700	277	318	41	8	0	37.71	37.71	37.71
juego1	easy	30.0	0.007	72273	700	277	318	41	8	0	37.6	37.6	37.6
juego1	easy	30.0	0.007	72283	700	278	319	41	8	0	37.5	37.5	37.5
juego1	easy	30.0	0.007	72291	700	278	319	41	8	0	37.45	37.45	37.45
juego1	easy	30.0	0.007	72300	700	278	319	41	8	0	37.31	37.31	37.31
juego1	easy	30.0	0.007	72309	700	278	320	42	8	0	37.1	37.1	37.1
juego1	easy	30.0	0.007	72318	700	279	320	41	8	0	36.9	36.9	36.9
juego1	easy	30.0	0.007	72325	700	279	320	41	8	0	36.79	36.79	36.79
juego1	easy	30.0	0.007	72333	700	279	321	42	8	0	36.65	36.65	36.65
juego1	easy	30.0	0.007	72342	700	280	321	41	8	0	36.53	36.53	36.53
juego1	easy	30.0	0.007	72351	700	280	321	41	8	0	36.46	36.46	36.46
juego1	easy	30.0	0.007	72361	700	280	322	42	8	0	36.3	36.3	36.3
juego1	easy	30.0	0.007	72368	700	280	322	42	8	0	36.13	36.13	36.13
juego1	easy	30.0	0.007	72377	700	281	322	41	8	0	36.03	36.03	36.03
juego1	easy	30.0	0.007	72386	700	281	322	41	8	0	35.99	35.99	35.99
juego1	easy	30.0	0.007	72394	700	281	323	42	8	0	35.91	35.91	35.91
juego1	easy	30.0	0.007	72403	700	281	323	42	8	0	35.78	35.78	35.78
juego1	easy	30.0	0.007	72412	700	282	323	41	8	0	35.71	35.71	35.71
juego1	easy	30.0	0.007	72422	700	282	323	41	8	0	35.6	35.6	35.6
juego1	easy	30.0	0.007	72429	700	282	324	42	8	0	35.48	35.48	35.48
juego1	easy	30.0	0.007	72438	700	283	324	41	8	0	35.36	35.36	35.36
juego1	easy	30.0	0.007	72447	700	283	324	41	8	0	35.25	35.25	35.25
juego1	easy	30.0	0.007	72456	700	283	325	42	8	0	35.17	35.17	35.17
juego1	easy	30.0	0.007	72465	700	284	325	41	8	0	34.99	34.99	34.99
juego1	easy	30.0	0.007	72474	700	284	326	42	8	0	34.73	34.73	34.73
juego1	easy	30.0	0.007	72482	700	284	326	42	8	0	34.57	34.57	34.57
juego1	easy	30.0	0.007	72490	700	285	326	41	8	0	34.52	34.52	34.52
juego1	easy	30.0	0.007	72499	700	285	327	42	8	0	34.42	34.42	34.42
juego1	easy	30.0	0.007	72508	700	285	327	42	8	0	34.28	34.28	34.28
juego1	easy	30.0	0.007	72516	700	286	327	41	8	0	34.2	34.2	34.2
juego1	easy	30.0	0.007	72525	700	286	327	41	8	0	34.06	34.06	34.06
juego1	easy	30.0	0.007	72534	700	286	328	42	8	0	33.93	33.93	33.93
juego1	easy	30.0	0.007	72543	700	287	328	41	8	0	33.82	33.82	33.82
juego1	easy	30.0	0.007	72550	700	287	328	41	8	0	33.74	33.74	33.74
juego1	easy	30.0	0.007	72559	700	288	329	41	8	0	33.6	33.6	33.6
juego1	easy	30.0	0.007	72568	700	288	329	41	8	0	33.47	33.47	33.47
juego1	easy	30.0	0.007	72576	700	288	329	41	8	0	33.41	33.41	33.41
juego1	easy	30.0	0.007	72583	700	289	329	40	8	0	33.31	33.31	33.31
juego1	easy	30.0	0.007	72593	700	289	330	41	8	0	33.19	33.19	33.19
juego1	easy	30.0	0.007	72601	700	289	330	41	8	0	33.1	33.1	33.1
juego1	easy	30.0	0.007	72609	700	290	330	40	8	0	32.93	32.93	32.93
juego1	easy	30.0	0.007	72618	700	290	331	41	8	0	32.78	32.78	32.78
juego1	easy	30.0	0.007	72627	700	290	331	41	8	0	32.72	32.72	32.72
juego1	easy	30.0	0.007	72634	700	291	331	40	8	0	32.63	32.63	32.63
juego1	easy	30.0	0.007	72644	700	291	331	40	8	0	32.54	32.54	32.54
juego1	easy	30.0	0.007	72651	700	291	332	41	8	0	32.5	32.5	32.5
juego1	easy	30.0	0.007	72660	700	292	332	40	8	0	32.4	32.4	32.4
juego1	easy	30.0	0.007	72668	700	292	332	40	8	0	32.27	32.27	32.27
juego1	easy	30.0	0.007	72677	700	292	332	40	8	0	32.15	32.15	32.15
juego1	easy	30.0	0.007	72686	700	293	333	40	8	0	32.1	32.1	32.1
juego1	easy	30.0	0.007	72695	700	293	333	40	8	0	32.0	32.0	32.0
juego1	easy	30.0	0.007	72703	700	293	333	40	8	0	31.92	31.92	31.92
juego1	easy	30.0	0.007	72710	700	294	333	39	8	0	31.88	31.88	31.88
juego1	easy	30.0	0.007	72719	700	294	333	39	8	0	31.76	31.76	31.76
juego1	easy	30.0	0.007	72728	700	294	334	40	8	0	31.64	31.64	31.64
juego1	easy	30.0	0.007	72736	700	295	334	39	8	0	31.59	31.59	31.59
juego1	easy	30.0	0.007	72744	700	295	334	39	8	0	31.5	31.5	31.5
juego1	easy	30.0	0.007	72753	700	295	334	39	8	0	31.4	31.4	31.4
juego1	easy	30.0	0.007	72761	700	296	335	39	8	0	31.35	31.35	31.35
juego1	easy	30.0	0.007	72769	700	296	335	39	8	0	31.26	31.26	31.26
juego1	easy	30.0	0.007	72778	700	296	335	39	8	0	31.2	31.2	31.2
juego1	easy	30.0	0.007	72787	700	297	335	38	8	0	31.16	31.16	31.16
juego1	easy	30.0	0.007	72794	700	297	335	38	8	0	31.06	31.06	31.06
juego1	easy	30.0	0.007	72803	700	298	335	37	8	0	30.99	30.99	30.99
juego1	easy	30.0	0.007	72812	700	298	336	38	8	0	30.96	30.96	30.96
juego1	easy	30.0	0.007	72821	700	298	336	38	8	0	30.9	30.9	30.9
juego1	easy	30.0	0.007	72829	700	299	336	37	8	0	30.8	30.8	30.8
juego1	easy	30.0	0.007	72838	700	299	336	37	8	0	30.72	30.72	30.72
juego1	easy	30.0	0.007	72847	700	299	336	37	8	0	30.69	30.69	30.69
juego1	easy	30.0	0.007	72855	700	300	336	36	8	0	30.65	30.65	30.65
juego1	easy	30.0	0.007	72864	700	300	337	37	8	0	30.57	30.57	30.57
juego1	easy	30.0	0.007	72873	700	300	337	37	8	0	30.47	30.47	30.47
juego1	easy	30.0	0.007	72882	700	300	337	37	8	0	30.44	30.44	30.44
juego1	easy	30.0	0.007	72890	700	300	337	37	8	0	30.37	30.37	30.37
juego1	easy	30.0	0.007	72899	700	300	337	37	8	0	30.25	30.25	30.25
juego1	easy	30.0	0.007	72907	700	300	338	38	8	0	30.17	30.17	30.17
juego1	easy	30.0	0.007	72915	700	301	338	37	8	0	30.06	30.06	30.06
juego1	easy	30.0	0.007	72924	700	301	338	37	8	0	29.99	29.99	29.99
juego1	easy	30.0	0.007	72933	700	301	338	37	8	0	29.91	29.91	29.91
juego1	easy	30.0	0.007	72941	700	302	338	36	8	0	29.87	29.87	29.87
juego1	easy	30.0	0.007	72950	700	302	339	37	8	0	29.78	29.78	29.78
juego1	easy	30.0	0.007	72958	700	302	339	37	8	0	29.73	29.73	29.73
juego1	easy	30.0	0.007	72967	700	303	339	36	8	0	29.71	29.71	29.71
juego1	easy	30.0	0.007	72976	700	303	339	36	8	0	29.69	29.69	29.69
juego1	easy	30.0	0.007	72985	700	303	339	36	8	0	29.66	29.66	29.66
juego1	easy	30.0	0.007	72994	700	304	339	35	8	0	29.62	29.62	29.62
juego1	easy	30.0	0.007	73001	700	304	339	35	8	0	29.6	29.6	29.6
juego1	easy	30.0	0.007	73010	700	304	339	35	8	0	29.57	29.57	29.57
juego1	easy	30.0	0.007	73019	700	305	339	34	8	0	29.53	29.53	29.53
juego1	easy	30.0	0.007	73027	700	305	339	34	8	0	29.51	29.51	29.51
juego1	easy	30.0	0.007	73036	700	305	340	35	8	0	29.45	29.45	29.45
juego1	easy	30.0	0.007	73045	700	306	340	34	8	0	29.39	29.39	29.39
juego1	easy	30.0	0.007	73052	700	306	340	34	8	0	29.36	29.36	29.36
juego1	easy	30.0	0.007	73061	700	306	340	34	8	0	29.29	29.29	29.29
juego1	easy	30.0	0.007	73069	700	307	340	33	8	0	29.25	29.25	29.25
juego1	easy	30.0	0.007	73077	700	307	340	33	8	0	29.2	29.2	29.2
juego1	easy	30.0	0.007	73086	700	307	340	33	8	0	29.12	29.12	29.12
juego1	easy	30.0	0.007	73095	700	307	341	34	8	0	29.03	29.03	29.03
juego1	easy	30.0	0.007	73104	700	308	341	33	8	0	28.98	28.98	28.98
juego1	easy	30.0	0.007	73112	700	308	341	33	8	0	28.95	28.95	28.95
juego1	easy	30.0	0.007	73121	700	308	341	33	8	0	28.86	28.86	28.86
juego1	easy	30.0	0.007	73130	700	309	341	32	8	0	28.77	28.77	28.77
juego1	easy	30.0	0.007	73139	700	309	341	32	8	0	28.69	28.69	28.69
juego1	easy	30.0	0.007	73147	700	309	342	33	8	0	28.65	28.65	28.65
juego1	easy	30.0	0.007	73154	700	310	342	32	8	0	28.53	28.53	28.53
juego1	easy	30.0	0.007	73162	700	310	342	32	8	0	28.45	28.45	28.45
juego1	easy	30.0	0.007	73171	700	310	343	33	8	0	28.25	28.25	28.25
juego1	easy	30.0	0.007	73180	700	310	343	33	8	0	28.09	28.09	28.09
juego1	easy	30.0	0.007	73189	700	311	344	33	8	0	27.83	27.83	27.83
juego1	easy	30.0	0.007	73197	700	311	344	33	8	0	27.69	27.69	27.69
juego1	easy	30.0	0.007	73204	700	311	345	34	8	0	27.46	27.46	27.46
juego1	easy	30.0	0.007	73213	700	312	345	33	8	0	27.39	27.39	27.39
juego1	easy	30.0	0.007	73222	700	312	345	33	8	0	27.32	27.32	27.32
juego1	easy	30.0	0.007	73231	700	312	345	33	8	0	27.25	27.25	27.25
juego1	easy	30.0	0.007	73240	700	312	345	33	8	0	27.16	27.16	27.16
juego1	easy	30.0	0.007	73248	700	313	346	33	8	0	27.1	27.1	27.1
juego1	easy	30.0	0.007	73257	700	313	346	33	8	0	27.04	27.04	27.04
juego1	easy	30.0	0.007	73265	700	313	346	33	8	0	26.98	26.98	26.98
juego1	easy	30.0	0.007	73274	700	313	346	33	8	0	26.94	26.94	26.94
juego1	easy	30.0	0.007	73282	700	314	346	32	8	0	26.92	26.92	26.92
juego1	easy	30.0	0.007	73291	700	314	346	32	8	0	26.9	26.9	26.9
juego1	easy	30.0	0.007	73299	700	314	346	32	8	0	26.87	26.87	26.87
juego1	easy	30.0	0.007	73308	700	315	346	31	8	0	26.85	26.85	26.85
juego1	easy	30.0	0.007	73317	700	315	346	31	8	0	26.82	26.82	26.82
juego1	easy	30.0	0.007	73325	700	315	346	31	8	0	26.77	26.77	26.77
juego1	easy	30.0	0.007	73334	700	315	347	32	8	0	26.73	26.73	26.73
juego1	easy	30.0	0.007	73343	700	316	347	31	8	0	26.71	26.71	26.71
juego1	easy	30.0	0.007	73351	700	316	347	31	8	0	26.68	26.68	26.68
juego1	easy	30.0	0.007	73360	700	316	347	31	8	0	26.66	26.66	26.66
juego1	easy	30.0	0.007	73369	700	316	347	31	8	0	26.62	26.62	26.62
juego1	easy	30.0	0.007	73378	700	317	347	30	8	0	26.59	26.59	26.59
juego1	easy	30.0	0.007	73387	700	317	347	30	8	0	26.56	26.56	26.56
juego1	easy	30.0	0.007	73396	700	317	347	30	8	0	26.54	26.54	26.54
juego1	easy	30.0	0.007	73404	700	317	347	30	8	0	26.52	26.52	26.52
juego1	easy	30.0	0.007	73413	700	318	347	29	8	0	26.51	26.51	26.51
juego1	easy	30.0	0.007	73422	700	318	347	29	8	0	26.49	26.49	26.49
juego1	easy	30.0	0.007	73429	700	318	347	29	8	0	26.47	26.47	26.47
juego1	easy	30.0	0.007	73437	700	318	347	29	8	0	26.46	26.46	26.46
juego1	easy	30.0	0.007	73445	700	319	347	28	8	0	26.43	26.43	26.43
juego1	easy	30.0	0.007	73454	700	319	347	28	8	0	26.39	26.39	26.39
juego1	easy	30.0	0.007	73462	700	319	348	29	8	0	26.38	26.38	26.38
juego1	easy	30.0	0.007	73471	700	319	348	29	8	0	26.35	26.35	26.35
juego1	easy	30.0	0.007	73478	700	320	348	28	8	0	26.34	26.34	26.34
juego1	easy	30.0	0.007	73487	700	320	348	28	8	0	26.29	26.29	26.29
juego1	easy	30.0	0.007	73496	700	320	348	28	8	0	26.28	26.28	26.28
juego1	easy	30.0	0.007	73504	700	320	348	28	8	0	26.28	26.28	26.28
juego1	easy	30.0	0.007	73513	700	320	348	28	8	0	26.28	26.28	26.28
juego1	easy	30.0	0.007	73521	700	321	348	27	8	0	26.26	26.26	26.26
juego1	easy	30.0	0.007	73530	700	321	348	27	8	0	26.24	26.24	26.24
juego1	easy	30.0	0.007	73538	700	321	348	27	8	0	26.23	26.23	26.23
juego1	easy	30.0	0.007	73547	700	321	348	27	8	0	26.22	26.22	26.22
juego1	easy	30.0	0.007	73555	700	322	348	26	8	0	26.21	26.21	26.21
juego1	easy	30.0	0.007	73565	700	322	348	26	8	0	26.16	26.16	26.16
juego1	easy	30.0	0.007	73573	700	322	348	26	8	0	26.14	26.14	26.14
juego1	easy	30.0	0.007	73581	700	322	348	26	8	0	26.13	26.13	26.13
juego1	easy	30.0	0.007	73590	700	322	348	26	8	0	26.1	26.1	26.1
juego1	easy	30.0	0.007	73599	700	323	348	25	8	0	26.07	26.07	26.07
juego1	easy	30.0	0.007	73608	700	323	348	25	8	0	26.02	26.02	26.02
juego1	easy	30.0	0.007	73616	700	323	349	26	8	0	26.0	26.0	26.0
juego1	easy	30.0	0.007	73625	700	323	349	26	8	0	25.98	25.98	25.98
juego1	easy	30.0	0.007	73634	700	323	349	26	8	0	25.96	25.96	25.96
juego1	easy	30.0	0.007	73643	700	324	349	25	8	0	25.91	25.91	25.91
juego1	easy	30.0	0.007	73652	700	324	349	25	8	0	25.89	25.89	25.89
juego1	easy	30.0	0.007	73661	700	324	349	25	8	0	25.85	25.85	25.85
juego1	easy	30.0	0.007	73670	700	324	349	25	8	0	25.82	25.82	25.82
juego1	easy	30.0	0.007	73677	700	324	349	25	8	0	25.81	25.81	25.81
juego1	easy	30.0	0.007	73686	700	325	349	24	8	0	25.78	25.78	25.78
juego1	easy	30.0	0.007	73695	700	325	349	24	8	0	25.74	25.74	25.74
juego1	easy	30.0	0.007	73704	700	325	349	24	8	0	25.72	25.72	25.72
juego1	easy	30.0	0.007	73711	700	325	349	24	8	0	25.68	25.68	25.68
juego1	easy	30.0	0.007	73720	700	325	349	24	8	0	25.64	25.64	25.64
juego1	easy	30.0	0.007	73729	700	325	349	24	8	0	25.62	25.62	25.62
juego1	easy	30.0	0.007	73736	700	326	350	24	8	0	25.57	25.57	25.57
juego1	easy	30.0	0.007	73745	700	326	350	24	8	0	25.52	25.52	25.52
juego1	easy	30.0	0.007	73754	700	326	350	24	8	0	25.5	25.5	25.5
juego1	easy	30.0	0.007	73763	700	326	350	24	8	0	25.48	25.48	25.48
juego1	easy	30.0	0.007	73772	700	326	350	24	8	0	25.45	25.45	25.45
juego1	easy	30.0	0.007	73781	700	326	350	24	8	0	25.42	25.42	25.42
juego1	easy	30.0	0.007	73790	700	327	350	23	8	0	25.4	25.4	25.4
juego1	easy	30.0	0.007	73797	700	327	350	23	8	0	25.39	25.39	25.39
juego1	easy	30.0	0.007	73806	700	327	350	23	8	0	25.38	25.38	25.38
juego1	easy	30.0	0.007	73815	700	327	350	23	8	0	25.38	25.38	25.38
juego1	easy	30.0	0.007	73822	700	327	350	23	8	0	25.38	25.38	25.38
juego1	easy	30.0	0.007	73831	700	327	350	23	8	0	25.37	25.37	25.37
juego1	easy	30.0	0.007	73839	700	327	350	23	8	0	25.36	25.36	25.36
juego1	easy	30.0	0.007	73848	700	328	350	22	8	0	25.36	25.36	25.36
juego1	easy	30.0	0.007	73855	700	328	350	22	8	0	25.34	25.34	25.34
juego1	easy	30.0	0.007	73864	700	328	350	22	8	0	25.33	25.33	25.33
juego1	easy	30.0	0.007	73873	700	328	350	22	8	0	25.32	25.32	25.32
juego1	easy	30.0	0.007	73882	700	328	350	22	8	0	25.31	25.31	25.31
juego1	easy	30.0	0.007	73891	700	328	350	22	8	0	25.28	25.28	25.28
juego1	easy	30.0	0.007	73898	700	328	350	22	8	0	25.27	25.27	25.27
juego1	easy	30.0	0.007	73907	700	329	350	21	8	0	25.27	25.27	25.27
juego1	easy	30.0	0.007	73914	700	329	350	21	8	0	25.26	25.26	25.26
juego1	easy	30.0	0.007	73923	700	329	351	22	8	0	25.23	25.23	25.23
juego1	easy	30.0	0.007	73930	700	329	351	22	8	0	25.22	25.22	25.22
juego1	easy	30.0	0.007	73939	700	329	351	22	8	0	25.23	25.23	25.23
juego1	easy	30.0	0.007	73948	700	329	350	21	8	0	25.26	25.26	25.26
juego1	easy	30.0	0.007	73957	700	329	350	21	8	0	25.27	25.27	25.27
juego1	easy	30.0	0.007	73966	700	329	350	21	8	0	25.27	25.27	25.27
juego1	easy	30.0	0.007	73973	700	330	350	20	8	0	25.25	25.25	25.25
juego1	easy	30.0	0.007	73982	700	330	350	20	8	0	25.25	25.25	25.25
juego1	easy	30.0	0.007	73991	700	330	350	20	8	0	25.26	25.26	25.26
juego1	easy	30.0	0.007	73999	700	330	350	20	8	0	25.27	25.27	25.27
juego1	easy	30.0	0.007	74008	700	330	350	20	8	0	25.25	25.25	25.25
juego1	easy	30.0	0.007	74017	700	330	351	21	8	0	25.23	25.23	25.23
juego1	easy	30.0	0.007	74026	700	330	351	21	8	0	25.22	25.22	25.22
juego1	easy	30.0	0.007	74035	700	330	351	21	8	0	25.21	25.21	25.21
juego1	easy	30.0	0.007	74043	700	330	351	21	8	0	25.2	25.2	25.2
juego1	easy	30.0	0.007	74052	700	330	351	21	8	0	25.19	25.19	25.19
juego1	easy	30.0	0.007	74060	700	330	351	21	8	0	25.18	25.18	25.18
juego1	easy	30.0	0.007	74068	700	331	351	20	8	0	25.17	25.17	25.17
juego1	easy	30.0	0.007	74077	700	331	351	20	8	0	25.16	25.16	25.16
juego1	easy	30.0	0.007	74086	700	331	351	20	8	0	25.15	25.15	25.15
juego1	easy	30.0	0.007	74095	700	331	351	20	8	0	25.14	25.14	25.14
juego1	easy	30.0	0.007	74104	700	331	351	20	8	0	25.11	25.11	25.11
juego1	easy	30.0	0.007	74113	700	331	351	20	8	0	25.09	25.09	25.09
juego1	easy	30.0	0.007	74121	700	331	351	20	8	0	25.1	25.1	25.1
juego1	easy	30.0	0.007	74130	700	331	351	20	8	0	25.1	25.1	25.1
juego1	easy	30.0	0.007	74138	700	331	351	20	8	0	25.09	25.09	25.09
juego1	easy	30.0	0.007	74146	700	331	351	20	8	0	25.08	25.08	25.08
juego1	easy	30.0	0.007	74155	700	331	351	20	8	0	25.07	25.07	25.07
juego1	easy	30.0	0.007	74164	700	331	351	20	8	0	25.07	25.07	25.07
juego1	easy	30.0	0.007	74173	700	331	351	20	8	0	25.07	25.07	25.07
juego1	easy	30.0	0.007	74182	700	331	351	20	8	0	25.08	25.08	25.08
juego1	easy	30.0	0.007	74189	700	331	351	20	8	0	25.09	25.09	25.09
juego1	easy	30.0	0.007	74198	700	331	351	20	8	0	25.08	25.08	25.08
juego1	easy	30.0	0.007	74207	700	332	351	19	8	0	25.08	25.08	25.08
juego1	easy	30.0	0.007	74216	700	332	351	19	8	0	25.08	25.08	25.08
juego1	easy	30.0	0.007	74225	700	332	351	19	8	0	25.08	25.08	25.08
juego1	easy	30.0	0.007	74233	700	332	351	19	8	0	25.07	25.07	25.07
juego1	easy	30.0	0.007	74241	700	332	351	19	8	0	25.06	25.06	25.06
juego1	easy	30.0	0.007	74250	700	332	351	19	8	0	25.07	25.07	25.07
juego1	easy	30.0	0.007	74259	700	332	351	19	8	0	25.05	25.05	25.05
juego1	easy	30.0	0.007	74268	700	332	351	19	8	0	25.03	25.03	25.03
juego1	easy	30.0	0.007	74277	700	332	351	19	8	0	25.04	25.04	25.04
juego1	easy	30.0	0.007	74285	700	332	351	19	8	0	25.04	25.04	25.04
juego1	easy	30.0	0.007	74294	700	332	351	19	8	0	25.04	25.04	25.04
juego1	easy	30.0	0.007	74303	700	332	351	19	8	0	25.04	25.04	25.04
juego1	easy	30.0	0.007	74312	700	332	351	19	8	0	25.04	25.04	25.04
juego1	easy	30.0	0.007	74319	700	332	351	19	8	0	25.04	25.04	25.04
juego1	easy	30.0	0.007	74328	700	332	351	19	8	0	25.04	25.04	25.04
juego1	easy	30.0	0.007	74337	700	332	351	19	8	0	25.03	25.03	25.03
juego1	easy	30.0	0.007	74345	700	332	351	19	8	0	25.03	25.03	25.03
juego1	easy	30.0	0.007	74354	700	332	351	19	8	0	25.03	25.03	25.03
juego1	easy	30.0	0.007	74362	700	332	351	19	8	0	25.03	25.03	25.03
juego1	easy	30.0	0.007	74371	700	332	351	19	8	0	25.03	25.03	25.03
juego1	easy	30.0	0.007	74379	700	332	351	19	8	0	25.03	25.03	25.03
juego1	easy	30.0	0.007	74388	700	332	351	19	8	0	25.03	25.03	25.03
juego1	easy	30.0	0.007	74397	700	332	351	19	8	0	25.03	25.03	25.03
juego1	easy	30.0	0.007	74404	700	332	351	19	8	0	25.04	25.04	25.04
juego1	easy	30.0	0.007	74413	700	332	351	19	8	0	25.03	25.03	25.03
juego1	easy	30.0	0.007	74422	700	332	351	19	8	0	25.03	25.03	25.03
juego1	easy	30.0	0.007	74431	700	332	351	19	8	0	25.03	25.03	25.03
juego1	easy	30.0	0.007	74439	700	332	351	19	8	0	25.04	25.04	25.04
juego1	easy	30.0	0.007	74448	700	332	351	19	8	0	25.04	25.04	25.04
juego1	easy	30.0	0.007	74457	700	332	351	19	8	0	25.04	25.04	25.04
juego1	easy	30.0	0.007	74465	700	332	351	19	8	0	25.03	25.03	25.03
juego1	easy	30.0	0.007	74473	700	332	351	19	8	0	25.03	25.03	25.03
juego1	easy	30.0	0.007	74482	700	332	351	19	8	0	25.03	25.03	25.03
juego1	easy	30.0	0.007	74490	700	332	351	19	8	0	25.03	25.03	25.03
juego1	easy	30.0	0.007	74499	700	332	351	19	8	0	25.04	25.04	25.04
juego1	easy	30.0	0.007	74508	700	332	351	19	8	0	25.05	25.05	25.05
juego1	easy	30.0	0.007	74515	700	331	351	20	8	0	25.06	25.06	25.06
juego1	easy	30.0	0.007	74523	700	331	351	20	8	0	25.06	25.06	25.06
juego1	easy	30.0	0.007	74532	700	331	351	20	8	0	25.08	25.08	25.08
juego1	easy	30.0	0.007	74540	700	331	351	20	8	0	25.1	25.1	25.1
juego1	easy	30.0	0.007	74549	700	331	351	20	8	0	25.11	25.11	25.11
juego1	easy	30.0	0.007	74557	700	331	351	20	8	0	25.1	25.1	25.1
juego1	easy	30.0	0.007	74566	700	331	351	20	8	0	25.1	25.1	25.1
juego1	easy	30.0	0.007	74575	700	331	351	20	8	0	25.12	25.12	25.12
juego1	easy	30.0	0.007	74583	700	331	351	20	8	0	25.15	25.15	25.15
juego1	easy	30.0	0.007	74592	700	331	351	20	8	0	25.19	25.19	25.19
juego1	easy	30.0	0.007	74600	700	331	351	20	8	0	25.2	25.2	25.2
juego1	easy	30.0	0.007	74609	700	331	350	19	8	0	25.24	25.24	25.24
juego1	easy	30.0	0.007	74617	700	331	350	19	8	0	25.28	25.28	25.28
juego1	easy	30.0	0.007	74626	700	331	350	19	8	0	25.3	25.3	25.3
juego1	easy	30.0	0.007	74635	700	331	350	19	8	0	25.33	25.33	25.33
juego1	easy	30.0	0.007	74644	700	330	350	20	8	0	25.35	25.35	25.35
juego1	easy	30.0	0.007	74652	700	330	350	20	8	0	25.38	25.38	25.38
juego1	easy	30.0	0.007	74661	700	330	350	20	8	0	25.4	25.4	25.4
juego1	easy	30.0	0.007	74670	700	330	350	20	8	0	25.42	25.42	25.42
juego1	easy	30.0	0.007	74679	700	330	350	20	8	0	25.45	25.45	25.45
juego1	easy	30.0	0.007	74687	700	330	350	20	8	0	25.47	25.47	25.47
juego1	easy	30.0	0.007	74695	700	330	350	20	8	0	25.48	25.48	25.48
juego1	easy	30.0	0.007	74704	700	330	350	20	8	0	25.49	25.49	25.49
juego1	easy	30.0	0.007	74713	700	330	350	20	8	0	25.53	25.53	25.53
juego1	easy	30.0	0.007	74720	700	330	350	20	8	0	25.54	25.54	25.54
juego1	easy	30.0	0.007	74728	700	330	350	20	8	0	25.57	25.57	25.57
juego1	easy	30.0	0.007	74737	700	329	350	21	8	0	25.61	25.61	25.61
juego1	easy	30.0	0.007	74745	700	329	349	20	8	0	25.62	25.62	25.62
juego1	easy	30.0	0.007	74754	700	329	349	20	8	0	25.69	25.69	25.69
juego1	easy	30.0	0.007	74763	700	329	349	20	8	0	25.73	25.73	25.73
juego1	easy	30.0	0.007	74770	700	329	349	20	8	0	25.74	25.74	25.74
juego1	easy	30.0	0.007	74779	700	329	349	20	8	0	25.79	25.79	25.79
juego1	easy	30.0	0.007	74788	700	329	349	20	8	0	25.89	25.89	25.89
juego1	easy	30.0	0.007	74795	700	329	349	20	8	0	25.96	25.96	25.96
juego1	easy	30.0	0.007	74803	700	328	348	20	8	0	26.08	26.08	26.08
juego1	easy	30.0	0.007	74812	700	328	348	20	8	0	26.14	26.14	26.14
juego1	easy	30.0	0.007	74821	700	328	348	20	8	0	26.27	26.27	26.27
juego1	easy	30.0	0.007	74829	700	328	347	19	8	0	26.39	26.39	26.39
juego1	easy	30.0	0.007	74838	700	328	347	19	8	0	26.53	26.53	26.53
juego1	easy	30.0	0.007	74846	700	328	347	19	8	0	26.61	26.61	26.61
juego1	easy	30.0	0.007	74854	700	328	347	19	8	0	26.73	26.73	26.73
juego1	easy	30.0	0.007	74863	700	328	346	18	8	0	26.84	26.84	26.84
juego1	easy	30.0	0.007	74871	700	327	346	19	8	0	26.9	26.9	26.9
juego1	easy	30.0	0.007	74880	700	327	346	19	8	0	27.09	27.09	27.09
juego1	easy	30.0	0.007	74889	700	327	345	18	8	0	27.27	27.27	27.27
juego1	easy	30.0	0.007	74896	700	327	345	18	8	0	27.35	27.35	27.35
juego1	easy	30.0	0.007	74905	700	327	345	18	8	0	27.5	27.5	27.5
juego1	easy	30.0	0.007	74912	700	327	344	17	8	0	27.57	27.57	27.57
juego1	easy	30.0	0.007	74921	700	326	344	18	8	0	27.7	27.7	27.7
juego1	easy	30.0	0.007	74930	700	326	344	18	8	0	27.85	27.85	27.85
juego1	easy	30.0	0.007	74938	700	326	343	17	8	0	28.0	28.0	28.0
juego1	easy	30.0	0.007	74947	700	326	343	17	8	0	28.06	28.06	28.06
juego1	easy	30.0	0.007	74956	700	326	343	17	8	0	28.19	28.19	28.19
juego1	easy	30.0	0.007	74964	700	326	343	17	8	0	28.29	28.29	28.29
juego1	easy	30.0	0.007	74973	700	325	342	17	8	0	28.39	28.39	28.39
juego1	easy	30.0	0.007	74982	700	325	342	17	8	0	28.44	28.44	28.44
juego1	easy	30.0	0.007	74990	700	325	342	17	8	0	28.58	28.58	28.58
juego1	easy	30.0	0.007	74998	700	325	341	16	8	0	28.75	28.75	28.75
juego1	easy	30.0	0.007	75007	700	325	341	16	8	0	28.86	28.86	28.86
juego1	easy	30.0	0.007	75016	700	325	340	15	8	0	29.12	29.12	29.12
juego1	easy	30.0	0.007	75025	700	324	339	15	8	0	29.47	29.47	29.47
juego1	easy	30.0	0.007	75034	700	324	338	14	8	0	29.84	29.84	29.84
juego1	easy	30.0	0.007	75041	700	324	338	14	8	0	30.02	30.02	30.02
juego1	easy	30.0	0.007	75050	700	324	337	13	8	0	30.38	30.38	30.38
juego1	easy	30.0	0.007	75059	700	324	336	12	8	0	30.75	30.75	30.75
juego1	easy	30.0	0.007	75067	700	323	336	13	8	0	30.94	30.94	30.94
juego1	easy	30.0	0.007	75075	700	323	335	12	8	0	31.36	31.36	31.36
juego1	easy	30.0	0.007	75084	700	323	333	10	8	0	31.79	31.79	31.79
juego1	easy	30.0	0.007	75093	700	323	333	10	8	0	32.0	32.0	32.0
juego1	easy	30.0	0.007	75101	700	323	332	9	8	0	32.22	32.22	32.22
juego1	easy	30.0	0.007	75109	700	322	331	9	8	0	32.89	32.89	32.89
juego1	easy	30.0	0.007	75118	700	322	329	7	8	0	33.36	33.36	33.36
juego1	easy	30.0	0.007	75127	700	322	329	7	8	0	33.58	33.58	33.58
juego1	easy	30.0	0.007	75135	700	322	328	6	8	0	34.0	34.0	34.0
juego1	easy	30.0	0.007	75144	700	322	326	4	8	0	34.45	34.45	34.45
juego1	easy	30.0	0.007	75152	700	321	326	5	8	0	34.68	34.68	34.68
juego1	easy	30.0	0.007	75160	700	321	325	4	8	0	35.16	35.16	35.16
juego1	easy	30.0	0.007	75169	700	321	323	2	8	0	35.64	35.64	35.64
juego1	easy	30.0	0.007	75177	700	321	323	2	8	0	35.9	35.9	35.9
juego1	easy	30.0	0.007	75185	700	321	321	0	8	0	36.41	36.41	36.41
juego1	easy	30.0	0.007	75194	700	320	320	0	8	0	36.87	36.87	36.87
juego1	easy	30.0	0.007	75203	700	320	320	0	8	0	37.08	37.08	37.08
juego1	easy	30.0	0.007	75211	700	320	319	-1	8	0	37.48	37.48	37.48
juego1	easy	30.0	0.007	75220	700	320	318	-2	8	0	37.85	37.85	37.85
juego1	easy	30.0	0.007	75229	700	319	317	-2	8	0	38.2	38.2	38.2
juego1	easy	30.0	0.007	75237	700	319	316	-3	8	0	38.38	38.38	38.38
juego1	easy	30.0	0.007	75245	700	319	315	-4	8	0	38.72	38.72	38.72
juego1	easy	30.0	0.007	75254	700	319	315	-4	8	0	39.0	39.0	39.0
juego1	easy	30.0	0.007	75262	700	318	314	-4	8	0	39.11	39.11	39.11
juego1	easy	30.0	0.007	75270	700	318	314	-4	8	0	39.29	39.29	39.29
juego1	easy	30.0	0.007	75279	700	318	313	-5	8	0	39.47	39.47	39.47
juego1	easy	30.0	0.007	75287	700	318	313	-5	8	0	39.55	39.55	39.55
juego1	easy	30.0	0.007	75296	700	317	313	-4	8	0	39.72	39.72	39.72
juego1	easy	30.0	0.007	75304	700	317	312	-5	8	0	39.9	39.9	39.9
juego1	easy	30.0	0.007	75313	700	317	312	-5	8	0	39.98	39.98	39.98
juego1	easy	30.0	0.007	75322	700	317	312	-5	8	0	40.13	40.13	40.13
juego1	easy	30.0	0.007	75330	700	316	311	-5	8	0	40.27	40.27	40.27
juego1	easy	30.0	0.007	75339	700	316	311	-5	8	0	40.32	40.32	40.32
juego1	easy	30.0	0.007	75348	700	316	311	-5	8	0	40.4	40.4	40.4
juego1	easy	30.0	0.007	75356	700	316	311	-5	8	0	40.5	40.5	40.5
juego1	easy	30.0	0.007	75365	700	315	310	-5	8	0	40.62	40.62	40.62
juego1	easy	30.0	0.007	75374	700	315	310	-5	8	0	40.76	40.76	40.76
juego1	easy	30.0	0.007	75382	700	315	310	-5	8	0	40.84	40.84	40.84
juego1	easy	30.0	0.007	75391	700	315	309	-6	8	0	41.01	41.01	41.01
juego1	easy	30.0	0.007	75400	700	314	309	-5	8	0	41.19	41.19	41.19
juego1	easy	30.0	0.007	75408	700	314	309	-5	8	0	41.26	41.26	41.26
juego1	easy	30.0	0.007	75417	700	314	308	-6	8	0	41.41	41.41	41.41
juego1	easy	30.0	0.007	75426	700	314	308	-6	8	0	41.55	41.55	41.55
juego1	easy	30.0	0.007	75434	700	313	308	-5	8	0	41.7	41.7	41.7
juego1	easy	30.0	0.007	75443	700	313	307	-6	8	0	41.76	41.76	41.76
juego1	easy	30.0	0.007	75452	700	313	307	-6	8	0	41.87	41.87	41.87
juego1	easy	30.0	0.007	75461	700	312	307	-5	8	0	42.01	42.01	42.01
juego1	easy	30.0	0.007	75469	700	312	306	-6	8	0	42.14	42.14	42.14
juego1	easy	30.0	0.007	75478	700	312	306	-6	8	0	42.22	42.22	42.22
juego1	easy	30.0	0.007	75487	700	312	306	-6	8	0	42.39	42.39	42.39
juego1	easy	30.0	0.007	75495	700	311	305	-6	8	0	42.52	42.52	42.52
juego1	easy	30.0	0.007	75504	700	311	305	-6	8	0	42.56	42.56	42.56
juego1	easy	30.0	0.007	75513	700	311	305	-6	8	0	42.59	42.59	42.59
juego1	easy	30.0	0.007	75520	700	311	305	-6	8	0	42.69	42.69	42.69
juego1	easy	30.0	0.007	75529	700	310	305	-5	8	0	42.75	42.75	42.75
juego1	easy	30.0	0.007	75537	700	310	304	-6	8	0	42.89	42.89	42.89
juego1	easy	30.0	0.007	75546	700	310	304	-6	8	0	43.02	43.02	43.02
juego1	easy	30.0	0.007	75555	700	309	304	-5	8	0	43.12	43.12	43.12
juego1	easy	30.0	0.007	75563	700	309	304	-5	8	0	43.17	43.17	43.17
juego1	easy	30.0	0.007	75571	700	309	304	-5	8	0	43.23	43.23	43.23
juego1	easy	30.0	0.007	75580	700	308	303	-5	8	0	43.32	43.32	43.32
juego1	easy	30.0	0.007	75588	700	308	303	-5	8	0	43.37	43.37	43.37
juego1	easy	30.0	0.007	75597	700	308	303	-5	8	0	43.49	43.49	43.49
juego1	easy	30.0	0.007	75604	700	308	303	-5	8	0	43.6	43.6	43.6
juego1	easy	30.0	0.007	75613	700	307	302	-5	8	0	43.64	43.64	43.64
juego1	easy	30.0	0.007	75622	700	307	302	-5	8	0	43.8	43.8	43.8
juego1	easy	30.0	0.007	75630	700	307	301	-6	8	0	44.09	44.09	44.09
juego1	easy	30.0	0.007	75639	700	306	301	-5	8	0	44.23	44.23	44.23
juego1	easy	30.0	0.007	75648	700	306	300	-6	8	0	44.44	44.44	44.44
juego1	easy	30.0	0.007	75656	700	306	300	-6	8	0	44.59	44.59	44.59
juego1	easy	30.0	0.007	75665	700	305	300	-5	8	0	44.66	44.66	44.66
juego1	easy	30.0	0.007	75673	700	305	300	-5	8	0	44.69	44.69	44.69
juego1	easy	30.0	0.007	75681	700	305	300	-5	8	0	44.76	44.76	44.76
juego1	easy	30.0	0.007	75690	700	304	300	-4	8	0	44.88	44.88	44.88
juego1	easy	30.0	0.007	75699	700	304	300	-4	8	0	44.94	44.94	44.94
juego1	easy	30.0	0.007	75707	700	304	300	-4	8	0	45.08	45.08	45.08
juego1	easy	30.0	0.007	75716	700	304	299	-5	8	0	45.17	45.17	45.17
juego1	easy	30.0	0.007	75725	700	303	299	-4	8	0	45.21	45.21	45.21
juego1	easy	30.0	0.007	75733	700	303	299	-4	8	0	45.28	45.28	45.28
juego1	easy	30.0	0.007	75742	700	303	299	-4	8	0	45.38	45.38	45.38
juego1	easy	30.0	0.007	75750	700	302	299	-3	8	0	45.49	45.49	45.49
juego1	easy	30.0	0.007	75759	700	302	298	-4	8	0	45.56	45.56	45.56
juego1	easy	30.0	0.007	75767	700	302	298	-4	8	0	45.73	45.73	45.73
juego1	easy	30.0	0.007	75775	700	301	298	-3	8	0	45.9	45.9	45.9
juego1	easy	30.0	0.007	75784	700	301	297	-4	8	0	45.99	45.99	45.99
juego1	easy	30.0	0.007	75793	700	301	297	-4	8	0	46.18	46.18	46.18
juego1	easy	30.0	0.007	75802	700	300	296	-4	8	0	46.38	46.38	46.38
juego1	easy	30.0	0.007	75810	700	300	296	-4	8	0	46.56	46.56	46.56
juego1	easy	30.0	0.007	75818	700	300	296	-4	8	0	46.62	46.62	46.62
juego1	easy	30.0	0.007	75826	700	300	295	-5	8	0	46.75	46.75	46.75
juego1	easy	30.0	0.007	75835	700	300	295	-5	8	0	46.89	46.89	46.89
juego1	easy	30.0	0.007	75842	700	300	295	-5	8	0	46.96	46.96	46.96
juego1	easy	30.0	0.007	75851	700	299	294	-5	8	0	47.11	47.11	47.11
juego1	easy	30.0	0.007	75859	700	299	294	-5	8	0	47.19	47.19	47.19
juego1	easy	30.0	0.007	75868	700	299	294	-5	8	0	47.37	47.37	47.37
juego1	easy	30.0	0.007	75877	700	298	293	-5	8	0	47.57	47.57	47.57
juego1	easy	30.0	0.007	75885	700	298	293	-5	8	0	47.8	47.8	47.8
juego1	easy	30.0	0.007	75893	700	298	292	-6	8	0	47.91	47.91	47.91
juego1	easy	30.0	0.007	75902	700	297	292	-5	8	0	48.09	48.09	48.09
juego1	easy	30.0	0.007	75910	700	297	291	-6	8	0	48.25	48.25	48.25
juego1	easy	30.0	0.007	75919	700	297	291	-6	8	0	48.36	48.36	48.36
juego1	easy	30.0	0.007	75928	700	296	290	-6	8	0	48.63	48.63	48.63
juego1	easy	30.0	0.007	75937	700	296	290	-6	8	0	48.97	48.97	48.97
juego1	easy	30.0	0.007	75946	700	296	289	-7	8	0	49.28	49.28	49.28
juego1	easy	30.0	0.007	75955	700	295	288	-7	8	0	49.54	49.54	49.54
juego1	easy	30.0	0.007	75964	700	295	288	-7	8	0	49.64	49.64	49.64
juego1	easy	30.0	0.007	75972	700	295	287	-8	8	0	49.8	49.8	49.8
juego1	easy	30.0	0.007	75980	700	294	287	-7	8	0	49.87	49.87	49.87
juego1	easy	30.0	0.007	75989	700	294	287	-7	8	0	50.0	50.0	50.0
juego1	easy	30.0	0.007	75998	700	294	286	-8	8	0	50.21	50.21	50.21
juego1	easy	30.0	0.007	76005	700	293	286	-7	8	0	50.38	50.38	50.38
juego1	easy	30.0	0.007	76014	700	293	286	-7	8	0	50.45	50.45	50.45
juego1	easy	30.0	0.007	76022	700	293	286	-7	8	0	50.5	50.5	50.5
juego1	easy	30.0	0.007	76031	700	292	286	-6	8	0	50.51	50.51	50.51
juego1	easy	30.0	0.007	76039	700	292	286	-6	8	0	50.51	50.51	50.51
juego1	easy	30.0	0.007	76047	700	291	286	-5	8	0	50.53	50.53	50.53
juego1	easy	30.0	0.007	76056	700	291	285	-6	8	0	50.57	50.57	50.57
juego1	easy	30.0	0.007	76064	700	291	285	-6	8	0	50.58	50.58	50.58
juego1	easy	30.0	0.007	76073	700	290	285	-5	8	0	50.59	50.59	50.59
juego1	easy	30.0	0.007	76081	700	290	285	-5	8	0	50.6	50.6	50.6
juego1	easy	30.0	0.007	76090	700	290	285	-5	8	0	50.6	50.6	50.6
juego1	easy	30.0	0.007	76098	700	289	285	-4	8	0	50.6	50.6	50.6
juego1	easy	30.0	0.007	76107	700	289	285	-4	8	0	50.62	50.62	50.62
juego1	easy	30.0	0.007	76116	700	289	285	-4	8	0	50.64	50.64	50.64
juego1	easy	30.0	0.007	76124	700	288	285	-3	8	0	50.65	50.65	50.65
juego1	easy	30.0	0.007	76133	700	288	285	-3	8	0	50.67	50.67	50.67
juego1	easy	30.0	0.007	76141	700	288	285	-3	8	0	50.7	50.7	50.7
juego1	easy	30.0	0.007	76150	700	287	285	-2	8	0	50.72	50.72	50.72
juego1	easy	30.0	0.007	76159	700	287	285	-2	8	0	50.76	50.76	50.76
juego1	easy	30.0	0.007	76168	700	287	285	-2	8	0	50.78	50.78	50.78
juego1	easy	30.0	0.007	76176	700	286	285	-1	8	0	50.79	50.79	50.79
juego1	easy	30.0	0.007	76185	700	286	285	-1	8	0	50.8	50.8	50.8
juego1	easy	30.0	0.007	76194	700	286	285	-1	8	0	50.83	50.83	50.83
juego1	easy	30.0	0.007	76202	700	285	285	0	8	0	50.85	50.85	50.85
juego1	easy	30.0	0.007	76211	700	285	285	0	8	0	50.85	50.85	50.85
juego1	easy	30.0	0.007	76219	700	284	285	1	8	0	50.84	50.84	50.84
juego1	easy	30.0	0.007	76228	700	284	285	1	8	0	50.86	50.86	50.86
juego1	easy	30.0	0.007	76236	700	284	285	1	8	0	50.89	50.89	50.89
juego1	easy	30.0	0.007	76245	700	283	285	2	8	0	50.89	50.89	50.89
juego1	easy	30.0	0.007	76254	700	283	284	1	8	0	50.93	50.93	50.93
juego1	easy	30.0	0.007	76263	700	283	284	1	9	0	50.96	50.96	50.96
juego1	easy	20.0	0.006	76270	700	282	284	2	9	0	50.99	50.99	50.99
juego1	easy	20.0	0.006	76278	700	282	284	2	9	0	51.01	51.01	51.01
juego1	easy	20.0	0.006	76287	700	282	284	2	9	0	51.04	51.04	51.04
juego1	easy	20.0	0.006	76295	700	282	284	2	9	0	51.06	51.06	51.06
juego1	easy	20.0	0.006	76304	700	282	284	2	9	0	51.14	51.14	51.14
juego1	easy	20.0	0.006	76313	700	282	284	2	9	0	51.22	51.22	51.22
juego1	easy	20.0	0.006	76322	700	282	284	2	9	0	51.24	51.24	51.24
juego1	easy	20.0	0.006	76331	700	281	284	3	9	0	51.24	51.24	51.24
juego1	easy	20.0	0.006	76340	700	281	284	3	9	0	51.24	51.24	51.24
juego1	easy	20.0	0.006	76349	700	281	284	3	9	0	51.27	51.27	51.27
juego1	easy	20.0	0.006	76358	700	281	283	2	9	0	51.34	51.34	51.34
juego1	easy	20.0	0.006	76367	700	281	283	2	9	0	51.44	51.44	51.44
juego1	easy	20.0	0.006	76374	700	281	283	2	9	0	51.47	51.47	51.47
juego1	easy	20.0	0.006	76383	700	280	283	3	9	0	51.49	51.49	51.49
juego1	easy	20.0	0.006	76392	700	280	283	3	9	0	51.48	51.48	51.48
juego1	easy	20.0	0.006	76401	700	280	283	3	9	0	51.48	51.48	51.48
juego1	easy	20.0	0.006	76409	700	280	283	3	9	0	51.49	51.49	51.49
juego1	easy	20.0	0.006	76418	700	280	283	3	9	0	51.53	51.53	51.53
juego1	easy	20.0	0.006	76427	700	280	283	3	9	0	51.6	51.6	51.6
juego1	easy	20.0	0.006	76435	700	279	283	4	9	0	51.63	51.63	51.63
juego1	easy	20.0	0.006	76444	700	279	283	4	9	0	51.68	51.68	51.68
juego1	easy	20.0	0.006	76453	700	279	282	3	9	0	51.72	51.72	51.72
juego1	easy	20.0	0.006	76460	700	279	282	3	9	0	51.74	51.74	51.74
juego1	easy	20.0	0.006	76469	700	279	282	3	9	0	51.79	51.79	51.79
juego1	easy	20.0	0.006	76478	700	279	282	3	9	0	51.86	51.86	51.86
juego1	easy	20.0	0.006	76487	700	279	282	3	9	0	51.94	51.94	51.94
juego1	easy	20.0	0.006	76496	700	278	282	4	9	0	51.99	51.99	51.99
juego1	easy	20.0	0.006	76505	700	278	281	3	9	0	52.07	52.07	52.07
juego1	easy	20.0	0.006	76514	700	278	281	3	9	0	52.12	52.12	52.12
juego1	easy	20.0	0.006	76523	700	278	281	3	9	0	52.18	52.18	52.18
juego1	easy	20.0	0.006	76532	700	278	281	3	9	0	52.24	52.24	52.24
juego1	easy	20.0	0.006	76540	700	278	281	3	9	0	52.27	52.27	52.27
juego1	easy	20.0	0.006	76549	700	277	281	4	9	0	52.32	52.32	52.32
juego1	easy	20.0	0.006	76558	700	277	281	4	9	0	52.38	52.38	52.38
juego1	easy	20.0	0.006	76565	700	277	281	4	9	0	52.41	52.41	52.41
juego1	easy	20.0	0.006	76574	700	277	280	3	9	0	52.48	52.48	52.48
juego1	easy	20.0	0.006	76582	700	277	280	3	9	0	52.53	52.53	52.53
juego1	easy	20.0	0.006	76592	700	277	280	3	9	0	52.57	52.57	52.57
juego1	easy	20.0	0.006	76600	700	277	280	3	9	0	52.59	52.59	52.59
juego1	easy	20.0	0.006	76609	700	276	280	4	9	0	52.65	52.65	52.65
juego1	easy	20.0	0.006	76618	700	276	280	4	9	0	52.73	52.73	52.73
juego1	easy	20.0	0.006	76627	700	276	280	4	9	0	52.83	52.83	52.83
juego1	easy	20.0	0.006	76634	700	276	279	3	9	0	52.89	52.89	52.89
juego1	easy	20.0	0.006	76643	700	276	279	3	9	0	52.97	52.97	52.97
juego1	easy	20.0	0.006	76652	700	276	279	3	9	0	53.02	53.02	53.02
juego1	easy	20.0	0.006	76661	700	275	279	4	9	0	53.04	53.04	53.04
juego1	easy	20.0	0.006	76670	700	275	279	4	9	0	53.09	53.09	53.09
juego1	easy	20.0	0.006	76679	700	275	279	4	9	0	53.15	53.15	53.15
juego1	easy	20.0	0.006	76687	700	275	279	4	9	0	53.2	53.2	53.2
juego1	easy	20.0	0.006	76696	700	275	278	3	9	0	53.23	53.23	53.23
juego1	easy	20.0	0.006	76704	700	275	278	3	9	0	53.32	53.32	53.32
juego1	easy	20.0	0.006	76713	700	275	278	3	9	0	53.42	53.42	53.42
juego1	easy	20.0	0.006	76722	700	274	278	4	9	0	53.46	53.46	53.46
juego1	easy	20.0	0.006	76731	700	274	278	4	9	0	53.46	53.46	53.46
juego1	easy	20.0	0.006	76738	700	274	278	4	9	0	53.46	53.46	53.46
juego1	easy	20.0	0.006	76747	700	274	278	4	9	0	53.48	53.48	53.48
juego1	easy	20.0	0.006	76755	700	274	278	4	9	0	53.51	53.51	53.51
juego1	easy	20.0	0.006	76764	700	274	277	3	9	0	53.62	53.62	53.62
juego1	easy	20.0	0.006	76773	700	273	277	4	9	0	53.75	53.75	53.75
juego1	easy	20.0	0.006	76782	700	273	277	4	9	0	53.85	53.85	53.85
juego1	easy	20.0	0.006	76791	700	273	277	4	9	0	53.88	53.88	53.88
juego1	easy	20.0	0.006	76800	700	273	277	4	9	0	53.96	53.96	53.96
juego1	easy	20.0	0.006	76808	700	273	276	3	9	0	54.07	54.07	54.07
juego1	easy	20.0	0.006	76817	700	273	276	3	9	0	54.13	54.13	54.13
juego1	easy	20.0	0.006	76825	700	273	276	3	9	0	54.23	54.23	54.23
juego1	easy	20.0	0.006	76834	700	272	276	4	9	0	54.33	54.33	54.33
juego1	easy	20.0	0.006	76842	700	272	275	3	9	0	54.42	54.42	54.42
juego1	easy	20.0	0.006	76850	700	272	275	3	9	0	54.46	54.46	54.46
juego1	easy	20.0	0.006	76858	700	272	275	3	9	0	54.56	54.56	54.56
juego1	easy	20.0	0.006	76867	700	272	275	3	9	0	54.61	54.61	54.61
juego1	easy	20.0	0.006	76876	700	272	275	3	9	0	54.7	54.7	54.7
juego1	easy	20.0	0.006	76884	700	272	274	2	9	0	54.79	54.79	54.79
juego1	easy	20.0	0.006	76893	700	271	274	3	9	0	54.91	54.91	54.91
juego1	easy	20.0	0.006	76901	700	271	274	3	9	0	54.99	54.99	54.99
juego1	easy	20.0	0.006	76910	700	271	273	2	9	0	55.15	55.15	55.15
juego1	easy	20.0	0.006	76919	700	271	273	2	9	0	55.32	55.32	55.32
juego1	easy	20.0	0.006	76928	700	271	273	2	9	0	55.49	55.49	55.49
juego1	easy	20.0	0.006	76937	700	271	272	1	9	0	55.56	55.56	55.56
juego1	easy	20.0	0.006	76946	700	271	272	1	9	0	55.66	55.66	55.66
juego1	easy	20.0	0.006	76954	700	270	272	2	9	0	55.75	55.75	55.75
juego1	easy	20.0	0.006	76963	700	270	272	2	9	0	55.82	55.82	55.82
juego1	easy	20.0	0.006	76971	700	270	272	2	9	0	55.87	55.87	55.87
juego1	easy	20.0	0.006	76980	700	270	271	1	9	0	55.98	55.98	55.98
juego1	easy	20.0	0.006	76987	700	270	271	1	9	0	56.14	56.14	56.14
juego1	easy	20.0	0.006	76996	700	270	271	1	9	0	56.21	56.21	56.21
juego1	easy	20.0	0.006	77004	700	270	270	0	9	0	56.33	56.33	56.33
juego1	easy	20.0	0.006	77011	700	269	270	1	9	0	56.38	56.38	56.38
juego1	easy	20.0	0.006	77020	700	269	270	1	9	0	56.47	56.47	56.47
juego1	easy	20.0	0.006	77028	700	269	270	1	9	0	56.56	56.56	56.56
juego1	easy	20.0	0.006	77037	700	269	270	1	9	0	56.61	56.61	56.61
juego1	easy	20.0	0.006	77044	700	269	269	0	9	0	56.71	56.71	56.71
juego1	easy	20.0	0.006	77053	700	269	269	0	9	0	56.85	56.85	56.85
juego1	easy	20.0	0.006	77061	700	269	269	0	9	0	56.91	56.91	56.91
juego1	easy	20.0	0.006	77070	700	269	269	0	9	0	57.02	57.02	57.02
juego1	easy	20.0	0.006	77078	700	268	268	0	9	0	57.12	57.12	57.12
juego1	easy	20.0	0.006	77087	700	268	268	0	9	0	57.17	57.17	57.17
juego1	easy	20.0	0.006	77096	700	268	268	0	9	0	57.28	57.28	57.28
juego1	easy	20.0	0.006	77104	700	268	268	0	9	0	57.39	57.39	57.39
juego1	easy	20.0	0.006	77111	700	268	267	-1	9	0	57.46	57.46	57.46
juego1	easy	20.0	0.006	77119	700	268	267	-1	9	0	57.55	57.55	57.55
juego1	easy	20.0	0.006	77127	700	268	267	-1	9	0	57.59	57.59	57.59
juego1	easy	20.0	0.006	77136	700	267	267	0	9	0	57.68	57.68	57.68
juego1	easy	20.0	0.006	77143	700	267	267	0	9	0	57.8	57.8	57.8
juego1	easy	20.0	0.006	77152	700	267	266	-1	9	0	57.87	57.87	57.87
juego1	easy	20.0	0.006	77161	700	267	266	-1	9	0	58.06	58.06	58.06
juego1	easy	20.0	0.006	77170	700	267	265	-2	9	0	58.34	58.34	58.34
juego1	easy	20.0	0.006	77179	700	267	264	-3	9	0	58.75	58.75	58.75
juego1	easy	20.0	0.006	77188	700	267	263	-4	9	0	59.13	59.13	59.13
juego1	easy	20.0	0.006	77197	700	267	263	-4	9	0	59.25	59.25	59.25
juego1	easy	20.0	0.006	77206	700	266	263	-3	9	0	59.29	59.29	59.29
juego1	easy	20.0	0.006	77215	700	266	263	-3	9	0	59.26	59.26	59.26
juego1	easy	20.0	0.006	77224	700	266	263	-3	9	0	59.35	59.35	59.35
juego1	easy	20.0	0.006	77234	700	266	262	-4	9	0	59.55	59.55	59.55
juego1	easy	20.0	0.006	77242	700	266	262	-4	9	0	59.66	59.66	59.66
juego1	easy	20.0	0.006	77251	700	266	261	-5	9	0	59.85	59.85	59.85
juego1	easy	20.0	0.006	77259	700	266	261	-5	9	0	59.99	59.99	59.99
juego1	easy	20.0	0.006	77267	700	266	261	-5	9	0	60.06	60.06	60.06
juego1	easy	20.0	0.006	77276	700	265	260	-5	9	0	60.18	60.18	60.18
juego1	easy	20.0	0.006	77284	700	265	260	-5	9	0	60.34	60.34	60.34
juego1	easy	20.0	0.006	77293	700	265	260	-5	9	0	60.41	60.41	60.41
juego1	easy	20.0	0.006	77301	700	265	259	-6	9	0	60.62	60.62	60.62
juego1	easy	20.0	0.006	77310	700	265	259	-6	9	0	60.82	60.82	60.82
juego1	easy	20.0	0.006	77318	700	265	258	-7	9	0	60.93	60.93	60.93
juego1	easy	20.0	0.006	77327	700	265	258	-7	9	0	60.97	60.97	60.97
juego1	easy	20.0	0.006	77335	700	265	258	-7	9	0	61.11	61.11	61.11
juego1	easy	20.0	0.006	77344	700	265	257	-8	9	0	61.28	61.28	61.28
juego1	easy	20.0	0.006	77351	700	264	257	-7	9	0	61.35	61.35	61.35
juego1	easy	20.0	0.006	77359	700	264	257	-7	9	0	61.49	61.49	61.49
juego1	easy	20.0	0.006	77369	700	264	257	-7	9	0	61.62	61.62	61.62
juego1	easy	20.0	0.006	77377	700	264	256	-8	9	0	61.67	61.67	61.67
juego1	easy	20.0	0.006	77386	700	264	256	-8	9	0	61.74	61.74	61.74
juego1	easy	20.0	0.006	77394	700	264	256	-8	9	0	61.82	61.82	61.82
juego1	easy	20.0	0.006	77404	700	264	256	-8	9	0	61.94	61.94	61.94
juego1	easy	20.0	0.006	77412	700	264	256	-8	9	0	61.99	61.99	61.99
juego1	easy	20.0	0.006	77420	700	263	255	-8	9	0	62.07	62.07	62.07
juego1	easy	20.0	0.006	77429	700	263	255	-8	9	0	62.15	62.15	62.15
juego1	easy	20.0	0.006	77438	700	263	255	-8	9	0	62.19	62.19	62.19
juego1	easy	20.0	0.006	77447	700	263	255	-8	9	0	62.31	62.31	62.31
juego1	easy	20.0	0.006	77456	700	263	254	-9	9	0	62.46	62.46	62.46
juego1	easy	20.0	0.006	77464	700	263	254	-9	9	0	62.63	62.63	62.63
juego1	easy	20.0	0.006	77472	700	263	254	-9	9	0	62.71	62.71	62.71
juego1	easy	20.0	0.006	77480	700	263	253	-10	9	0	62.89	62.89	62.89
juego1	easy	20.0	0.006	77489	700	263	253	-10	9	0	63.04	63.04	63.04
juego1	easy	20.0	0.006	77497	700	263	253	-10	9	0	63.09	63.09	63.09
juego1	easy	20.0	0.006	77506	700	262	252	-10	9	0	63.2	63.2	63.2
juego1	easy	20.0	0.006	77515	700	262	252	-10	9	0	63.32	63.32	63.32
juego1	easy	20.0	0.006	77524	700	262	252	-10	9	0	63.47	63.47	63.47
juego1	easy	20.0	0.006	77532	700	262	251	-11	9	0	63.57	63.57	63.57
juego1	easy	20.0	0.006	77540	700	262	251	-11	9	0	63.77	63.77	63.77
juego1	easy	20.0	0.006	77549	700	262	250	-12	9	0	63.99	63.99	63.99
juego1	easy	20.0	0.006	77558	700	262	250	-12	9	0	64.11	64.11	64.11
juego1	easy	20.0	0.006	77566	700	262	249	-13	9	0	64.34	64.34	64.34
juego1	easy	20.0	0.006	77575	700	262	249	-13	9	0	64.55	64.55	64.55
juego1	easy	20.0	0.006	77584	700	262	248	-14	9	0	64.74	64.74	64.74
juego1	easy	20.0	0.006	77593	700	261	248	-13	9	0	64.85	64.85	64.85
juego1	easy	20.0	0.006	77602	700	261	247	-14	9	0	65.11	65.11	65.11
juego1	easy	20.0	0.006	77611	700	261	247	-14	9	0	65.31	65.31	65.31
juego1	easy	20.0	0.006	77619	700	261	246	-15	9	0	65.5	65.5	65.5
juego1	easy	20.0	0.006	77628	700	261	246	-15	9	0	65.58	65.58	65.58
juego1	easy	20.0	0.006	77637	700	261	246	-15	9	0	65.69	65.69	65.69
juego1	easy	20.0	0.006	77646	700	261	246	-15	9	0	65.83	65.83	65.83
juego1	easy	20.0	0.006	77654	700	261	245	-16	9	0	65.98	65.98	65.98
juego1	easy	20.0	0.006	77661	700	261	245	-16	9	0	66.06	66.06	66.06
juego1	easy	20.0	0.006	77671	700	261	245	-16	9	0	66.22	66.22	66.22
juego1	easy	20.0	0.006	77679	700	261	244	-17	9	0	66.29	66.29	66.29
juego1	easy	20.0	0.006	77688	700	260	244	-16	9	0	66.42	66.42	66.42
juego1	easy	20.0	0.006	77697	700	260	244	-16	9	0	66.56	66.56	66.56
juego1	easy	20.0	0.006	77706	700	260	243	-17	9	0	66.67	66.67	66.67
juego1	easy	20.0	0.006	77715	700	260	243	-17	9	0	66.8	66.8	66.8
juego1	easy	20.0	0.006	77723	700	260	243	-17	9	0	66.86	66.86	66.86
juego1	easy	20.0	0.006	77732	700	260	243	-17	9	0	66.94	66.94	66.94
juego1	easy	20.0	0.006	77739	700	260	243	-17	9	0	66.98	66.98	66.98
juego1	easy	20.0	0.006	77748	700	260	242	-18	9	0	67.04	67.04	67.04
juego1	easy	20.0	0.006	77757	700	260	242	-18	9	0	67.11	67.11	67.11
juego1	easy	20.0	0.006	77766	700	260	242	-18	9	0	67.17	67.17	67.17
juego1	easy	20.0	0.006	77775	700	260	242	-18	9	0	67.21	67.21	67.21
juego1	easy	20.0	0.006	77783	700	260	242	-18	9	0	67.23	67.23	67.23
juego1	easy	20.0	0.006	77792	700	259	242	-17	9	0	67.26	67.26	67.26
juego1	easy	20.0	0.006	77800	700	259	242	-17	9	0	67.29	67.29	67.29
juego1	easy	20.0	0.006	77809	700	259	242	-17	9	0	67.31	67.31	67.31
juego1	easy	20.0	0.006	77818	700	259	242	-17	9	0	67.32	67.32	67.32
juego1	easy	20.0	0.006	77827	700	259	242	-17	9	0	67.31	67.31	67.31
juego1	easy	20.0	0.006	77836	700	259	242	-17	9	0	67.31	67.31	67.31
juego1	easy	20.0	0.006	77843	700	259	242	-17	9	0	67.32	67.32	67.32
juego1	easy	20.0	0.006	77851	700	259	242	-17	9	0	67.37	67.37	67.37
juego1	easy	20.0	0.006	77860	700	259	241	-18	9	0	67.43	67.43	67.43
juego1	easy	20.0	0.006	77869	700	259	241	-18	9	0	67.47	67.47	67.47
juego1	easy	20.0	0.006	77878	700	259	241	-18	9	0	67.55	67.55	67.55
juego1	easy	20.0	0.006	77887	700	259	241	-18	9	0	67.64	67.64	67.64
juego1	easy	20.0	0.006	77895	700	259	241	-18	9	0	67.75	67.75	67.75
juego1	easy	20.0	0.006	77903	700	259	240	-19	9	0	67.8	67.8	67.8
juego1	easy	20.0	0.006	77912	700	258	240	-18	9	0	67.93	67.93	67.93
juego1	easy	20.0	0.006	77921	700	258	240	-18	9	0	68.05	68.05	68.05
juego1	easy	20.0	0.006	77929	700	258	240	-18	9	0	68.11	68.11	68.11
juego1	easy	20.0	0.006	77938	700	258	239	-19	9	0	68.2	68.2	68.2
juego1	easy	20.0	0.006	77946	700	258	239	-19	9	0	68.28	68.28	68.28
juego1	easy	20.0	0.006	77955	700	258	239	-19	9	0	68.37	68.37	68.37
juego1	easy	20.0	0.006	77964	700	258	239	-19	9	0	68.42	68.42	68.42
juego1	easy	20.0	0.006	77973	700	258	238	-20	9	0	68.56	68.56	68.56
juego1	easy	20.0	0.006	77981	700	258	238	-20	9	0	68.77	68.77	68.77
juego1	easy	20.0	0.006	77990	700	258	237	-21	9	0	69.02	69.02	69.02
juego1	easy	20.0	0.006	77999	700	258	237	-21	9	0	69.14	69.14	69.14
juego1	easy	20.0	0.006	78006	700	258	236	-22	9	0	69.37	69.37	69.37
juego1	easy	20.0	0.006	78015	700	258	236	-22	9	0	69.55	69.55	69.55
juego1	easy	20.0	0.006	78024	700	258	236	-22	9	0	69.63	69.63	69.63
juego1	easy	20.0	0.006	78033	700	258	235	-23	9	0	69.74	69.74	69.74
juego1	easy	20.0	0.006	78042	700	258	235	-23	9	0	69.79	69.79	69.79
juego1	easy	20.0	0.006	78050	700	258	235	-23	9	0	69.85	69.85	69.85
juego1	easy	20.0	0.006	78059	700	257	235	-22	9	0	69.87	69.87	69.87
juego1	easy	20.0	0.006	78068	700	257	235	-22	9	0	69.86	69.86	69.86
juego1	easy	20.0	0.006	78077	700	257	235	-22	9	0	69.85	69.85	69.85
juego1	easy	20.0	0.006	78085	700	257	235	-22	9	0	69.88	69.88	69.88
juego1	easy	20.0	0.006	78093	700	257	235	-22	9	0	69.88	69.88	69.88
juego1	easy	20.0	0.006	78102	700	257	235	-22	9	0	69.9	69.9	69.9
juego1	easy	20.0	0.006	78110	700	257	235	-22	9	0	69.92	69.92	69.92
juego1	easy	20.0	0.006	78119	700	257	235	-22	9	0	69.94	69.94	69.94
juego1	easy	20.0	0.006	78127	700	257	235	-22	9	0	69.98	69.98	69.98
juego1	easy	20.0	0.006	78136	700	257	235	-22	9	0	70.05	70.05	70.05
juego1	easy	20.0	0.006	78144	700	257	234	-23	9	0	70.09	70.09	70.09
juego1	easy	20.0	0.006	78153	700	257	234	-23	9	0	70.19	70.19	70.19
juego1	easy	20.0	0.006	78161	700	257	234	-23	9	0	70.27	70.27	70.27
juego1	easy	20.0	0.006	78170	700	257	234	-23	9	0	70.34	70.34	70.34
juego1	easy	20.0	0.006	78179	700	257	234	-23	9	0	70.38	70.38	70.38
juego1	easy	20.0	0.006	78187	700	257	234	-23	9	0	70.46	70.46	70.46
juego1	easy	20.0	0.006	78196	700	257	233	-24	9	0	70.53	70.53	70.53
juego1	easy	20.0	0.006	78205	700	257	233	-24	9	0	70.59	70.59	70.59
juego1	easy	20.0	0.006	78214	700	257	233	-24	9	0	70.62	70.62	70.62
juego1	easy	20.0	0.006	78223	700	257	233	-24	9	0	70.71	70.71	70.71
juego1	easy	20.0	0.006	78232	700	257	232	-25	9	0	70.88	70.88	70.88
juego1	easy	20.0	0.006	78241	700	257	232	-25	9	0	71.13	71.13	71.13
juego1	easy	20.0	0.006	78248	700	257	231	-26	9	0	71.3	71.3	71.3
juego1	easy	20.0	0.006	78257	700	257	231	-26	9	0	71.44	71.44	71.44
juego1	easy	20.0	0.006	78266	700	257	231	-26	9	0	71.41	71.41	71.41
juego1	easy	20.0	0.006	78275	700	256	231	-25	9	0	71.38	71.38	71.38
juego1	easy	20.0	0.006	78285	700	256	231	-25	9	0	71.38	71.38	71.38
juego1	easy	20.0	0.006	78292	700	256	231	-25	9	0	71.49	71.49	71.49
juego1	easy	20.0	0.006	78301	700	256	230	-26	9	0	71.65	71.65	71.65
juego1	easy	20.0	0.006	78310	700	256	230	-26	9	0	71.7	71.7	71.7
juego1	easy	20.0	0.006	78317	700	256	230	-26	9	0	71.76	71.76	71.76
juego1	easy	20.0	0.006	78327	700	256	230	-26	9	0	71.78	71.78	71.78
juego1	easy	20.0	0.006	78334	700	256	230	-26	9	0	71.81	71.81	71.81
juego1	easy	20.0	0.006	78343	700	256	230	-26	9	0	71.9	71.9	71.9
juego1	easy	20.0	0.006	78352	700	256	229	-27	9	0	72.0	72.0	72.0
juego1	easy	20.0	0.006	78359	700	256	229	-27	9	0	72.04	72.04	72.04
juego1	easy	20.0	0.006	78368	700	256	229	-27	9	0	72.1	72.1	72.1
juego1	easy	20.0	0.006	78377	700	256	229	-27	9	0	72.18	72.18	72.18
juego1	easy	20.0	0.006	78385	700	256	229	-27	9	0	72.22	72.22	72.22
juego1	easy	20.0	0.006	78394	700	256	229	-27	9	0	72.3	72.3	72.3
juego1	easy	20.0	0.006	78403	700	256	229	-27	9	0	72.35	72.35	72.35
juego1	easy	20.0	0.006	78411	700	256	229	-27	9	0	72.38	72.38	72.38
juego1	easy	20.0	0.006	78420	700	256	228	-28	9	0	72.39	72.39	72.39
juego1	easy	20.0	0.006	78428	700	256	229	-27	9	0	72.38	72.38	72.38
juego1	easy	20.0	0.006	78437	700	256	229	-27	9	0	72.36	72.36	72.36
juego1	easy	20.0	0.006	78446	700	256	229	-27	9	0	72.35	72.35	72.35
juego1	easy	20.0	0.006	78455	700	256	229	-27	9	0	72.35	72.35	72.35
juego1	easy	20.0	0.006	78464	700	256	229	-27	9	0	72.36	72.36	72.36
juego1	easy	20.0	0.006	78473	700	256	229	-27	9	0	72.32	72.32	72.32
juego1	easy	20.0	0.006	78481	700	256	229	-27	9	0	72.19	72.19	72.19
juego1	easy	20.0	0.006	78490	700	256	229	-27	9	0	72.13	72.13	72.13
juego1	easy	20.0	0.006	78499	700	256	229	-27	9	0	72.01	72.01	72.01
juego1	easy	20.0	0.006	78508	700	256	230	-26	9	0	71.96	71.96	71.96
juego1	easy	20.0	0.006	78517	700	256	230	-26	9	0	71.96	71.96	71.96
juego1	easy	20.0	0.006	78526	700	256	230	-26	9	0	71.94	71.94	71.94
juego1	easy	20.0	0.006	78534	700	256	230	-26	9	0	71.89	71.89	71.89
juego1	easy	20.0	0.006	78543	700	256	230	-26	9	0	71.81	71.81	71.81
juego1	easy	20.0	0.006	78552	700	256	230	-26	9	0	71.74	71.74	71.74
juego1	easy	20.0	0.006	78560	700	256	230	-26	9	0	71.7	71.7	71.7
juego1	easy	20.0	0.006	78569	700	256	230	-26	9	0	71.64	71.64	71.64
juego1	easy	20.0	0.006	78577	700	256	231	-25	9	0	71.54	71.54	71.54
juego1	easy	20.0	0.006	78586	700	256	231	-25	9	0	71.41	71.41	71.41
juego1	easy	20.0	0.006	78594	700	256	231	-25	9	0	71.34	71.34	71.34
juego1	easy	20.0	0.006	78603	700	256	232	-24	9	0	71.18	71.18	71.18
juego1	easy	20.0	0.006	78611	700	256	232	-24	9	0	71.11	71.11	71.11
juego1	easy	20.0	0.006	78619	700	256	232	-24	9	0	71.0	71.0	71.0
juego1	easy	20.0	0.006	78628	700	256	232	-24	9	0	70.93	70.93	70.93
juego1	easy	20.0	0.006	78637	700	256	232	-24	9	0	70.9	70.9	70.9
juego1	easy	20.0	0.006	78644	700	256	232	-24	9	0	70.89	70.89	70.89
juego1	easy	20.0	0.006	78653	700	256	232	-24	9	0	70.87	70.87	70.87
juego1	easy	20.0	0.006	78662	700	256	233	-23	9	0	70.84	70.84	70.84
juego1	easy	20.0	0.006	78670	700	256	233	-23	9	0	70.81	70.81	70.81
juego1	easy	20.0	0.006	78679	700	256	233	-23	9	0	70.72	70.72	70.72
juego1	easy	20.0	0.006	78688	700	256	233	-23	9	0	70.61	70.61	70.61
juego1	easy	20.0	0.006	78697	700	256	234	-22	9	0	70.45	70.45	70.45
juego1	easy	20.0	0.006	78705	700	256	234	-22	9	0	70.36	70.36	70.36
juego1	easy	20.0	0.006	78714	700	256	234	-22	9	0	70.18	70.18	70.18
juego1	easy	20.0	0.006	78723	700	256	235	-21	9	0	69.98	69.98	69.98
juego1	easy	20.0	0.006	78732	700	256	235	-21	9	0	69.77	69.77	69.77
juego1	easy	20.0	0.006	78740	700	256	236	-20	9	0	69.64	69.64	69.64
juego1	easy	20.0	0.006	78749	700	256	236	-20	9	0	69.42	69.42	69.42
juego1	easy	20.0	0.006	78758	700	256	237	-19	9	0	69.2	69.2	69.2
juego1	easy	20.0	0.006	78767	700	256	237	-19	9	0	68.95	68.95	68.95
juego1	easy	20.0	0.006	78774	700	257	238	-19	9	0	68.83	68.83	68.83
juego1	easy	20.0	0.006	78783	700	257	238	-19	9	0	68.58	68.58	68.58
juego1	easy	20.0	0.006	78791	700	257	239	-18	9	0	68.45	68.45	68.45
juego1	easy	20.0	0.006	78800	700	257	239	-18	9	0	68.22	68.22	68.22
juego1	easy	20.0	0.006	78809	700	257	240	-17	9	0	67.98	67.98	67.98
juego1	easy	20.0	0.006	78818	700	257	241	-16	9	0	67.74	67.74	67.74
juego1	easy	20.0	0.006	78827	700	257	241	-16	9	0	67.51	67.51	67.51
juego1	easy	20.0	0.006	78835	700	257	241	-16	9	0	67.41	67.41	67.41
juego1	easy	20.0	0.006	78844	700	257	242	-15	9	0	67.23	67.23	67.23
juego1	easy	20.0	0.006	78853	700	257	242	-15	9	0	67.06	67.06	67.06
juego1	easy	20.0	0.006	78862	700	257	243	-14	9	0	66.96	66.96	66.96
juego1	easy	20.0	0.006	78870	700	257	243	-14	9	0	66.75	66.75	66.75
juego1	easy	20.0	0.006	78878	700	257	244	-13	9	0	66.49	66.49	66.49
juego1	easy	20.0	0.006	78887	700	257	244	-13	9	0	66.34	66.34	66.34
juego1	easy	20.0	0.006	78895	700	257	245	-12	9	0	66.08	66.08	66.08
juego1	easy	20.0	0.006	78902	700	257	246	-11	9	0	65.84	65.84	65.84
juego1	easy	20.0	0.006	78911	700	257	246	-11	9	0	65.73	65.73	65.73
juego1	easy	20.0	0.006	78920	700	257	246	-11	9	0	65.53	65.53	65.53
juego1	easy	20.0	0.006	78927	700	257	247	-10	9	0	65.32	65.32	65.32
juego1	easy	20.0	0.006	78936	700	257	247	-10	9	0	65.2	65.2	65.2
juego1	easy	20.0	0.006	78945	700	257	248	-9	9	0	64.99	64.99	64.99
juego1	easy	20.0	0.006	78954	700	257	248	-9	9	0	64.82	64.82	64.82
juego1	easy	20.0	0.006	78963	700	257	248	-9	9	0	64.78	64.78	64.78
juego1	easy	20.0	0.006	78972	700	257	248	-9	9	0	64.74	64.74	64.74
juego1	easy	20.0	0.006	78980	700	257	249	-8	9	0	64.59	64.59	64.59
juego1	easy	20.0	0.006	78989	700	257	249	-8	9	0	64.36	64.36	64.36
juego1	easy	20.0	0.006	78998	700	258	250	-8	9	0	64.09	64.09	64.09
juego1	easy	20.0	0.006	79006	700	258	250	-8	9	0	63.95	63.95	63.95
juego1	easy	20.0	0.006	79015	700	258	251	-7	9	0	63.7	63.7	63.7
juego1	easy	20.0	0.006	79024	700	258	252	-6	9	0	63.49	63.49	63.49
juego1	easy	20.0	0.006	79032	700	258	252	-6	9	0	63.39	63.39	63.39
juego1	easy	20.0	0.006	79042	700	258	252	-6	9	0	63.19	63.19	63.19
juego1	easy	20.0	0.006	79050	700	258	253	-5	9	0	63.01	63.01	63.01
juego1	easy	20.0	0.006	79058	700	258	253	-5	9	0	62.85	62.85	62.85
juego1	easy	20.0	0.006	79066	700	258	254	-4	9	0	62.75	62.75	62.75
juego1	easy	20.0	0.006	79075	700	258	254	-4	9	0	62.51	62.51	62.51
juego1	easy	20.0	0.006	79083	700	258	255	-3	9	0	62.3	62.3	62.3
juego1	easy	20.0	0.006	79091	700	258	255	-3	9	0	62.2	62.2	62.2
juego1	easy	20.0	0.006	79100	700	258	256	-2	9	0	62.01	62.01	62.01
juego1	easy	20.0	0.006	79109	700	258	256	-2	9	0	61.82	61.82	61.82
juego1	easy	20.0	0.006	79118	700	258	257	-1	9	0	61.64	61.64	61.64
juego1	easy	20.0	0.006	79125	700	258	257	-1	9	0	61.56	61.56	61.56
juego1	easy	20.0	0.006	79133	700	258	257	-1	9	0	61.41	61.41	61.41
juego1	easy	20.0	0.006	79142	700	259	257	-2	9	0	61.37	61.37	61.37
juego1	easy	20.0	0.006	79151	700	259	257	-2	9	0	61.32	61.32	61.32
juego1	easy	20.0	0.006	79159	700	259	257	-2	9	0	61.27	61.27	61.27
juego1	easy	20.0	0.006	79168	700	259	258	-1	9	0	61.17	61.17	61.17
juego1	easy	20.0	0.006	79177	700	259	258	-1	9	0	61.12	61.12	61.12
juego1	easy	20.0	0.006	79186	700	259	258	-1	9	0	61.02	61.02	61.02
juego1	easy	20.0	0.006	79195	700	259	259	0	9	0	60.88	60.88	60.88
juego1	easy	20.0	0.006	79204	700	259	259	0	9	0	60.7	60.7	60.7
juego1	easy	20.0	0.006	79211	700	259	259	0	9	0	60.64	60.64	60.64
juego1	easy	20.0	0.006	79220	700	259	259	0	9	0	60.54	60.54	60.54
juego1	easy	20.0	0.006	79229	700	259	260	1	9	0	60.47	60.47	60.47
juego1	easy	20.0	0.006	79238	700	259	260	1	9	0	60.41	60.41	60.41
juego1	easy	20.0	0.006	79246	700	259	260	1	9	0	60.38	60.38	60.38
juego1	easy	20.0	0.006	79253	700	259	260	1	9	0	60.3	60.3	60.3
juego1	easy	20.0	0.006	79262	700	260	260	0	9	0	60.28	60.28	60.28
juego1	easy	20.0	0.006	79271	700	260	260	0	9	0	60.25	60.25	60.25
juego1	easy	20.0	0.006	79280	700	260	260	0	9	0	60.23	60.23	60.23
juego1	easy	20.0	0.006	79289	700	260	260	0	9	0	60.19	60.19	60.19
juego1	easy	20.0	0.006	79296	700	260	260	0	9	0	60.15	60.15	60.15
juego1	easy	20.0	0.006	79304	700	260	260	0	9	0	60.15	60.15	60.15
juego1	easy	20.0	0.006	79314	700	260	261	1	9	0	60.03	60.03	60.03
juego1	easy	20.0	0.006	79322	700	260	261	1	9	0	59.99	59.99	59.99
juego1	easy	20.0	0.006	79331	700	260	261	1	9	0	59.94	59.94	59.94
juego1	easy	20.0	0.006	79338	700	260	261	1	9	0	59.9	59.9	59.9
juego1	easy	20.0	0.006	79347	700	260	261	1	9	0	59.88	59.88	59.88
juego1	easy	20.0	0.006	79356	700	260	261	1	9	0	59.84	59.84	59.84
juego1	easy	20.0	0.006	79364	700	261	261	0	9	0	59.81	59.81	59.81
juego1	easy	20.0	0.006	79373	700	261	261	0	9	0	59.78	59.78	59.78
juego1	easy	20.0	0.006	79381	700	261	261	0	9	0	59.76	59.76	59.76
juego1	easy	20.0	0.006	79390	700	261	262	1	9	0	59.7	59.7	59.7
juego1	easy	20.0	0.006	79399	700	261	262	1	9	0	59.6	59.6	59.6
juego1	easy	20.0	0.006	79407	700	261	262	1	9	0	59.53	59.53	59.53
juego1	easy	20.0	0.006	79414	700	261	262	1	9	0	59.39	59.39	59.39
juego1	easy	20.0	0.006	79423	700	261	263	2	9	0	59.32	59.32	59.32
juego1	easy	20.0	0.006	79432	700	261	263	2	9	0	59.22	59.22	59.22
juego1	easy	20.0	0.006	79441	700	261	263	2	9	0	59.13	59.13	59.13
juego1	easy	20.0	0.006	79450	700	261	263	2	9	0	59.07	59.07	59.07
juego1	easy	20.0	0.006	79459	700	262	263	1	9	0	59.03	59.03	59.03
juego1	easy	20.0	0.006	79466	700	262	263	1	9	0	58.99	58.99	58.99
juego1	easy	20.0	0.006	79475	700	262	264	2	9	0	58.9	58.9	58.9
juego1	easy	20.0	0.006	79483	700	262	264	2	9	0	58.86	58.86	58.86
juego1	easy	20.0	0.006	79492	700	262	264	2	9	0	58.78	58.78	58.78
juego1	easy	20.0	0.006	79500	700	262	264	2	9	0	58.72	58.72	58.72
juego1	easy	20.0	0.006	79508	700	262	264	2	9	0	58.69	58.69	58.69
juego1	easy	20.0	0.006	79517	700	262	264	2	9	0	58.68	58.68	58.68
juego1	easy	20.0	0.006	79526	700	262	264	2	9	0	58.65	58.65	58.65
juego1	easy	20.0	0.006	79535	700	262	264	2	9	0	58.62	58.62	58.62
juego1	easy	20.0	0.006	79544	700	263	265	2	9	0	58.55	58.55	58.55
juego1	easy	20.0	0.006	79553	700	263	265	2	9	0	58.5	58.5	58.5
juego1	easy	20.0	0.006	79561	700	263	265	2	9	0	58.37	58.37	58.37
juego1	easy	20.0	0.006	79569	700	263	265	2	9	0	58.27	58.27	58.27
juego1	easy	20.0	0.006	79578	700	263	265	2	9	0	58.22	58.22	58.22
juego1	easy	20.0	0.006	79587	700	263	266	3	9	0	58.19	58.19	58.19
juego1	easy	20.0	0.006	79596	700	263	266	3	9	0	58.16	58.16	58.16
juego1	easy	20.0	0.006	79604	700	263	266	3	9	0	58.11	58.11	58.11
juego1	easy	20.0	0.006	79613	700	263	266	3	9	0	58.08	58.08	58.08
juego1	easy	20.0	0.006	79622	700	264	266	2	9	0	58.0	58.0	58.0
juego1	easy	20.0	0.006	79629	700	264	266	2	9	0	57.91	57.91	57.91
juego1	easy	20.0	0.006	79638	700	264	266	2	9	0	57.86	57.86	57.86
juego1	easy	20.0	0.006	79647	700	264	267	3	9	0	57.72	57.72	57.72
juego1	easy	20.0	0.006	79654	700	264	267	3	9	0	57.59	57.59	57.59
juego1	easy	20.0	0.006	79663	700	264	267	3	9	0	57.52	57.52	57.52
juego1	easy	20.0	0.006	79671	700	264	268	4	9	0	57.36	57.36	57.36
juego1	easy	20.0	0.006	79680	700	264	268	4	9	0	57.21	57.21	57.21
juego1	easy	20.0	0.006	79689	700	264	268	4	9	0	57.06	57.06	57.06
juego1	easy	20.0	0.006	79697	700	265	269	4	9	0	56.98	56.98	56.98
juego1	easy	20.0	0.006	79706	700	265	269	4	9	0	56.85	56.85	56.85
juego1	easy	20.0	0.006	79715	700	265	269	4	9	0	56.74	56.74	56.74
juego1	easy	20.0	0.006	79722	700	265	269	4	9	0	56.71	56.71	56.71
juego1	easy	20.0	0.006	79731	700	265	270	5	9	0	56.65	56.65	56.65
juego1	easy	20.0	0.006	79740	700	265	270	5	9	0	56.59	56.59	56.59
juego1	easy	20.0	0.006	79748	700	265	270	5	9	0	56.56	56.56	56.56
juego1	easy	20.0	0.006	79758	700	265	270	5	9	0	56.51	56.51	56.51
juego1	easy	20.0	0.006	79766	700	266	270	4	9	0	56.47	56.47	56.47
juego1	easy	20.0	0.006	79774	700	266	270	4	9	0	56.41	56.41	56.41
juego1	easy	20.0	0.006	79783	700	266	270	4	9	0	56.38	56.38	56.38
juego1	easy	20.0	0.006	79792	700	266	270	4	9	0	56.33	56.33	56.33
juego1	easy	20.0	0.006	79801	700	266	271	5	9	0	56.28	56.28	56.28
juego1	easy	20.0	0.006	79809	700	266	271	5	9	0	56.26	56.26	56.26
juego1	easy	20.0	0.006	79818	700	266	271	5	9	0	56.22	56.22	56.22
juego1	easy	20.0	0.006	79826	700	266	271	5	9	0	56.17	56.17	56.17
juego1	easy	20.0	0.006	79835	700	266	271	5	9	0	56.12	56.12	56.12
juego1	easy	20.0	0.006	79844	700	267	271	4	9	0	56.08	56.08	56.08
juego1	easy	20.0	0.006	79853	700	267	271	4	9	0	55.99	55.99	55.99
juego1	easy	20.0	0.006	79862	700	267	271	4	9	0	55.92	55.92	55.92
juego1	easy	20.0	0.006	79870	700	267	272	5	9	0	55.88	55.88	55.88
juego1	easy	20.0	0.006	79878	700	267	272	5	9	0	55.87	55.87	55.87
juego1	easy	20.0	0.006	79886	700	267	272	5	9	0	55.86	55.86	55.86
juego1	easy	20.0	0.006	79895	700	267	272	5	9	0	55.84	55.84	55.84
juego1	easy	20.0	0.006	79904	700	268	272	4	9	0	55.83	55.83	55.83
juego1	easy	20.0	0.006	79913	700	268	272	4	9	0	55.77	55.77	55.77
juego1	easy	20.0	0.006	79921	700	268	272	4	9	0	55.69	55.69	55.69
juego1	easy	20.0	0.006	79930	700	268	272	4	9	0	55.61	55.61	55.61
juego1	easy	20.0	0.006	79939	700	268	272	4	9	0	55.56	55.56	55.56
juego1	easy	20.0	0.006	79948	700	268	273	5	9	0	55.45	55.45	55.45
juego1	easy	20.0	0.006	79956	700	268	273	5	9	0	55.3	55.3	55.3
juego1	easy	20.0	0.006	79965	700	268	274	6	9	0	55.09	55.09	55.09
juego1	easy	20.0	0.006	79973	700	269	274	5	9	0	55.01	55.01	55.01
juego1	easy	20.0	0.006	79982	700	269	274	5	9	0	54.84	54.84	54.84
juego1	easy	20.0	0.006	79990	700	269	275	6	9	0	54.64	54.64	54.64
juego1	easy	20.0	0.006	79999	700	269	275	6	9	0	54.54	54.54	54.54
juego1	easy	20.0	0.006	80009	700	269	276	7	9	0	54.34	54.34	54.34
juego1	easy	20.0	0.006	80016	700	269	276	7	9	0	54.21	54.21	54.21
juego1	easy	20.0	0.006	80025	700	269	276	7	9	0	54.16	54.16	54.16
juego1	easy	20.0	0.006	80034	700	270	276	6	9	0	54.03	54.03	54.03
juego1	easy	20.0	0.006	80043	700	270	277	7	9	0	53.95	53.95	53.95
juego1	easy	20.0	0.006	80052	700	270	277	7	9	0	53.88	53.88	53.88
juego1	easy	20.0	0.006	80061	700	270	277	7	9	0	53.83	53.83	53.83
juego1	easy	20.0	0.006	80070	700	270	277	7	9	0	53.72	53.72	53.72
juego1	easy	20.0	0.006	80077	700	270	277	7	9	0	53.66	53.66	53.66
juego1	easy	20.0	0.006	80086	700	270	278	8	9	0	53.54	53.54	53.54
juego1	easy	20.0	0.006	80095	700	271	278	7	9	0	53.45	53.45	53.45
juego1	easy	20.0	0.006	80104	700	271	278	7	9	0	53.41	53.41	53.41
juego1	easy	20.0	0.006	80112	700	271	278	7	9	0	53.33	53.33	53.33
juego1	easy	20.0	0.006	80121	700	271	278	7	9	0	53.28	53.28	53.28
juego1	easy	20.0	0.006	80130	700	271	278	7	9	0	53.23	53.23	53.23
juego1	easy	20.0	0.006	80138	700	271	279	8	9	0	53.21	53.21	53.21
juego1	easy	20.0	0.006	80147	700	271	279	8	9	0	53.17	53.17	53.17
juego1	easy	20.0	0.006	80156	700	272	279	7	9	0	53.13	53.13	53.13
juego1	easy	20.0	0.006	80163	700	272	279	7	9	0	53.11	53.11	53.11
juego1	easy	20.0	0.006	80172	700	272	279	7	9	0	53.05	53.05	53.05
juego1	easy	20.0	0.006	80181	700	272	279	7	9	0	53.0	53.0	53.0
juego1	easy	20.0	0.006	80189	700	272	279	7	9	0	52.99	52.99	52.99
juego1	easy	20.0	0.006	80198	700	272	279	7	9	0	52.98	52.98	52.98
juego1	easy	20.0	0.006	80205	700	272	279	7	9	0	52.98	52.98	52.98
juego1	easy	20.0	0.006	80214	700	273	279	6	9	0	52.97	52.97	52.97
juego1	easy	20.0	0.006	80222	700	273	279	6	9	0	52.96	52.96	52.96
juego1	easy	20.0	0.006	80231	700	273	279	6	9	0	52.93	52.93	52.93
juego1	easy	20.0	0.006	80238	700	273	279	6	9	0	52.91	52.91	52.91
juego1	easy	20.0	0.006	80247	700	273	279	6	9	0	52.88	52.88	52.88
juego1	easy	20.0	0.006	80256	700	273	279	6	9	0	52.85	52.85	52.85
juego1	easy	20.0	0.006	80265	700	273	279	6	9	0	52.84	52.84	52.84
juego1	easy	20.0	0.006	80273	700	274	280	6	9	0	52.82	52.82	52.82
juego1	easy	20.0	0.006	80282	700	274	280	6	9	0	52.79	52.79	52.79
juego1	easy	20.0	0.006	80291	700	274	280	6	9	0	52.75	52.75	52.75
juego1	easy	20.0	0.006	80300	700	274	280	6	9	0	52.75	52.75	52.75
juego1	easy	20.0	0.006	80309	700	274	280	6	9	0	52.7	52.7	52.7
juego1	easy	20.0	0.006	80316	700	274	280	6	9	0	52.61	52.61	52.61
juego1	easy	20.0	0.006	80325	700	274	280	6	9	0	52.53	52.53	52.53
juego1	easy	20.0	0.006	80333	700	275	280	5	9	0	52.48	52.48	52.48
juego1	easy	20.0	0.006	80342	700	275	281	6	9	0	52.42	52.42	52.42
juego1	easy	20.0	0.006	80351	700	275	281	6	9	0	52.36	52.36	52.36
juego1	easy	20.0	0.006	80359	700	275	281	6	9	0	52.34	52.34	52.34
juego1	easy	20.0	0.006	80368	700	275	281	6	9	0	52.26	52.26	52.26
juego1	easy	20.0	0.006	80377	700	275	281	6	9	0	52.16	52.16	52.16
juego1	easy	20.0	0.006	80385	700	276	281	5	9	0	52.11	52.11	52.11
juego1	easy	20.0	0.006	80394	700	276	282	6	9	0	52.02	52.02	52.02
juego1	easy	20.0	0.006	80401	700	276	282	6	9	0	51.96	51.96	51.96
juego1	easy	20.0	0.006	80410	700	276	282	6	9	0	51.92	51.92	51.92
juego1	easy	20.0	0.006	80419	700	276	282	6	9	0	51.86	51.86	51.86
juego1	easy	20.0	0.006	80427	700	276	282	6	9	0	51.82	51.82	51.82
juego1	easy	20.0	0.006	80436	700	276	282	6	9	0	51.78	51.78	51.78
juego1	easy	20.0	0.006	80445	700	277	282	5	9	0	51.75	51.75	51.75
juego1	easy	20.0	0.006	80454	700	277	283	6	9	0	51.67	51.67	51.67
juego1	easy	20.0	0.006	80463	700	277	283	6	9	0	51.57	51.57	51.57
juego1	easy	20.0	0.006	80471	700	277	283	6	9	0	51.48	51.48	51.48
juego1	easy	20.0	0.006	80479	700	277	283	6	9	0	51.44	51.44	51.44
juego1	easy	20.0	0.006	80487	700	277	283	6	9	0	51.36	51.36	51.36
juego1	easy	20.0	0.006	80496	700	278	284	6	9	0	51.22	51.22	51.22
juego1	easy	20.0	0.006	80505	700	278	284	6	9	0	51.16	51.16	51.16
juego1	easy	20.0	0.006	80514	700	278	284	6	9	0	51.05	51.05	51.05
juego1	easy	20.0	0.006	80522	700	278	284	6	9	0	50.99	50.99	50.99
juego1	easy	20.0	0.006	80531	700	278	284	6	9	0	50.97	50.97	50.97
juego1	easy	20.0	0.006	80540	700	278	284	6	9	0	50.97	50.97	50.97
juego1	easy	20.0	0.006	80549	700	278	285	7	9	0	50.84	50.84	50.84
juego1	easy	20.0	0.006	80558	700	279	285	6	9	0	50.74	50.74	50.74
juego1	easy	20.0	0.006	80565	700	279	285	6	9	0	50.69	50.69	50.69
juego1	easy	20.0	0.006	80574	700	279	285	6	9	0	50.58	50.58	50.58
juego1	easy	20.0	0.006	80583	700	279	286	7	9	0	50.49	50.49	50.49
juego1	easy	20.0	0.006	80591	700	279	286	7	9	0	50.42	50.42	50.42
juego1	easy	20.0	0.006	80599	700	279	286	7	9	0	50.41	50.41	50.41
juego1	easy	20.0	0.006	80608	700	280	286	6	9	0	50.39	50.39	50.39
juego1	easy	20.0	0.006	80616	700	280	286	6	9	0	50.38	50.38	50.38
juego1	easy	20.0	0.006	80625	700	280	286	6	9	0	50.37	50.37	50.37
juego1	easy	20.0	0.006	80633	700	280	286	6	9	0	50.34	50.34	50.34
juego1	easy	20.0	0.006	80642	700	280	286	6	9	0	50.29	50.29	50.29
juego1	easy	20.0	0.006	80650	700	280	286	6	9	0	50.28	50.28	50.28
juego1	easy	20.0	0.006	80659	700	281	286	5	9	0	50.25	50.25	50.25
juego1	easy	20.0	0.006	80668	700	281	286	5	9	0	50.22	50.22	50.22
juego1	easy	20.0	0.006	80676	700	281	286	5	9	0	50.19	50.19	50.19
juego1	easy	20.0	0.006	80685	700	281	286	5	9	0	50.17	50.17	50.17
juego1	easy	20.0	0.006	80694	700	281	287	6	9	0	50.1	50.1	50.1
juego1	easy	20.0	0.006	80703	700	281	287	6	9	0	50.01	50.01	50.01
juego1	easy	20.0	0.006	80710	700	281	287	6	9	0	49.96	49.96	49.96
juego1	easy	20.0	0.006	80719	700	282	287	5	9	0	49.86	49.86	49.86
juego1	easy	20.0	0.006	80728	700	282	288	6	9	0	49.75	49.75	49.75
juego1	easy	20.0	0.006	80736	700	282	288	6	9	0	49.7	49.7	49.7
juego1	easy	20.0	0.006	80743	700	282	288	6	9	0	49.62	49.62	49.62
juego1	easy	20.0	0.006	80752	700	282	288	6	9	0	49.56	49.56	49.56
juego1	easy	20.0	0.006	80761	700	282	288	6	9	0	49.52	49.52	49.52
juego1	easy	20.0	0.006	80769	700	283	288	5	9	0	49.45	49.45	49.45
juego1	easy	20.0	0.006	80777	700	283	288	5	9	0	49.43	49.43	49.43
juego1	easy	20.0	0.006	80786	700	283	288	5	9	0	49.42	49.42	49.42
juego1	easy	20.0	0.006	80794	700	283	289	6	9	0	49.38	49.38	49.38
juego1	easy	20.0	0.006	80803	700	283	289	6	9	0	49.26	49.26	49.26
juego1	easy	20.0	0.006	80812	700	284	289	5	9	0	49.13	49.13	49.13
juego1	easy	20.0	0.006	80819	700	284	289	5	9	0	49.07	49.07	49.07
juego1	easy	20.0	0.006	80828	700	284	290	6	9	0	48.96	48.96	48.96
juego1	easy	20.0	0.006	80837	700	284	290	6	9	0	48.85	48.85	48.85
juego1	easy	20.0	0.006	80845	700	284	290	6	9	0	48.82	48.82	48.82
juego1	easy	20.0	0.006	80854	700	285	290	5	9	0	48.72	48.72	48.72
juego1	easy	20.0	0.006	80861	700	285	291	6	9	0	48.59	48.59	48.59
juego1	easy	20.0	0.006	80870	700	285	291	6	9	0	48.33	48.33	48.33
juego1	easy	20.0	0.006	80879	700	285	292	7	9	0	48.2	48.2	48.2
juego1	easy	20.0	0.006	80887	700	285	292	7	9	0	48.15	48.15	48.15
juego1	easy	20.0	0.006	80894	700	286	292	6	9	0	48.14	48.14	48.14
juego1	easy	20.0	0.006	80903	700	286	292	6	9	0	48.06	48.06	48.06
juego1	easy	20.0	0.006	80912	700	286	292	6	9	0	47.99	47.99	47.99
juego1	easy	20.0	0.006	80920	700	286	293	7	9	0	47.82	47.82	47.82
juego1	easy	20.0	0.006	80928	700	286	293	7	9	0	47.58	47.58	47.58
juego1	easy	20.0	0.006	80937	700	287	294	7	9	0	47.4	47.4	47.4
juego1	easy	20.0	0.006	80945	700	287	294	7	9	0	47.35	47.35	47.35
juego1	easy	20.0	0.006	80954	700	287	294	7	9	0	47.33	47.33	47.33
juego1	easy	20.0	0.006	80963	700	287	294	7	9	0	47.3	47.3	47.3
juego1	easy	20.0	0.006	80971	700	287	294	7	9	0	47.28	47.28	47.28
juego1	easy	20.0	0.006	80980	700	288	294	6	9	0	47.21	47.21	47.21
juego1	easy	20.0	0.006	80988	700	288	294	6	9	0	47.13	47.13	47.13
juego1	easy	20.0	0.006	80997	700	288	295	7	9	0	47.08	47.08	47.08
juego1	easy	20.0	0.006	81007	700	288	295	7	9	0	46.98	46.98	46.98
juego1	easy	20.0	0.006	81015	700	288	295	7	9	0	46.84	46.84	46.84
juego1	easy	20.0	0.006	81024	700	289	296	7	9	0	46.69	46.69	46.69
juego1	easy	20.0	0.006	81033	700	289	296	7	9	0	46.62	46.62	46.62
juego1	easy	20.0	0.006	81041	700	289	296	7	9	0	46.62	46.62	46.62
juego1	easy	20.0	0.006	81049	700	289	296	7	9	0	46.6	46.6	46.6
juego1	easy	20.0	0.006	81058	700	289	296	7	9	0	46.52	46.52	46.52
juego1	easy	20.0	0.006	81067	700	290	296	6	9	0	46.47	46.47	46.47
juego1	easy	20.0	0.006	81076	700	290	296	6	9	0	46.4	46.4	46.4
juego1	easy	20.0	0.006	81084	700	290	296	6	9	0	46.33	46.33	46.33
juego1	easy	20.0	0.006	81093	700	290	297	7	9	0	46.27	46.27	46.27
juego1	easy	20.0	0.006	81102	700	290	297	7	9	0	46.22	46.22	46.22
juego1	easy	20.0	0.006	81111	700	291	297	6	9	0	46.11	46.11	46.11
juego1	easy	20.0	0.006	81120	700	291	297	6	9	0	46.02	46.02	46.02
juego1	easy	20.0	0.006	81128	700	291	297	6	9	0	45.94	45.94	45.94
juego1	easy	20.0	0.006	81137	700	291	298	7	9	0	45.86	45.86	45.86
juego1	easy	20.0	0.006	81146	700	291	298	7	9	0	45.8	45.8	45.8
juego1	easy	20.0	0.006	81154	700	292	298	6	9	0	45.69	45.69	45.69
juego1	easy	20.0	0.006	81163	700	292	299	7	9	0	45.55	45.55	45.55
juego1	easy	20.0	0.006	81172	700	292	299	7	9	0	45.46	45.46	45.46
juego1	easy	20.0	0.006	81179	700	292	299	7	9	0	45.27	45.27	45.27
juego1	easy	20.0	0.006	81188	700	292	300	8	9	0	45.01	45.01	45.01
juego1	easy	20.0	0.006	81197	700	293	300	7	9	0	44.86	44.86	44.86
juego1	easy	20.0	0.006	81206	700	293	300	7	9	0	44.7	44.7	44.7
juego1	easy	20.0	0.006	81214	700	293	300	7	9	0	44.69	44.69	44.69
juego1	easy	20.0	0.006	81223	700	293	300	7	9	0	44.67	44.67	44.67
juego1	easy	20.0	0.006	81231	700	293	300	7	9	0	44.62	44.62	44.62
juego1	easy	20.0	0.006	81240	700	293	300	7	9	0	44.48	44.48	44.48
juego1	easy	20.0	0.006	81247	700	294	300	6	9	0	44.42	44.42	44.42
juego1	easy	20.0	0.006	81256	700	294	301	7	9	0	44.31	44.31	44.31
juego1	easy	20.0	0.006	81265	700	294	301	7	9	0	44.25	44.25	44.25
juego1	easy	20.0	0.006	81274	700	294	301	7	9	0	44.19	44.19	44.19
juego1	easy	20.0	0.006	81283	700	294	301	7	9	0	44.13	44.13	44.13
juego1	easy	20.0	0.006	81291	700	295	301	6	9	0	44.1	44.1	44.1
juego1	easy	20.0	0.006	81300	700	295	301	6	9	0	44.02	44.02	44.02
juego1	easy	20.0	0.006	81308	700	295	302	7	9	0	43.93	43.93	43.93
juego1	easy	20.0	0.006	81316	700	295	302	7	9	0	43.87	43.87	43.87
juego1	easy	20.0	0.006	81325	700	295	302	7	9	0	43.7	43.7	43.7
juego1	easy	20.0	0.006	81333	700	296	303	7	9	0	43.43	43.43	43.43
juego1	easy	20.0	0.006	81342	700	296	304	8	9	0	43.25	43.25	43.25
juego1	easy	20.0	0.006	81351	700	296	304	8	9	0	42.96	42.96	42.96
juego1	easy	20.0	0.006	81359	700	296	305	9	9	0	42.83	42.83	42.83
juego1	easy	20.0	0.006	81369	700	296	305	9	9	0	42.81	42.81	42.81
juego1	easy	20.0	0.006	81377	700	296	305	9	9	0	42.81	42.81	42.81
juego1	easy	20.0	0.006	81386	700	297	305	8	9	0	42.74	42.74	42.74
juego1	easy	20.0	0.006	81395	700	297	305	8	9	0	42.66	42.66	42.66
juego1	easy	20.0	0.006	81404	700	297	305	8	9	0	42.59	42.59	42.59
juego1	easy	20.0	0.006	81413	700	297	306	9	9	0	42.43	42.43	42.43
juego1	easy	20.0	0.006	81422	700	297	306	9	9	0	42.31	42.31	42.31
juego1	easy	20.0	0.006	81430	700	298	307	9	9	0	42.05	42.05	42.05
juego1	easy	20.0	0.006	81439	700	298	307	9	9	0	41.9	41.9	41.9
juego1	easy	20.0	0.006	81447	700	298	307	9	9	0	41.87	41.87	41.87
juego1	easy	20.0	0.006	81456	700	298	307	9	9	0	41.83	41.83	41.83
juego1	easy	20.0	0.006	81464	700	298	307	9	9	0	41.74	41.74	41.74
juego1	easy	20.0	0.006	81473	700	298	308	10	9	0	41.63	41.63	41.63
juego1	easy	20.0	0.006	81481	700	299	309	10	9	0	41.28	41.28	41.28
juego1	easy	20.0	0.006	81490	700	299	310	11	9	0	40.86	40.86	40.86
juego1	easy	20.0	0.006	81499	700	299	311	12	9	0	40.52	40.52	40.52
juego1	easy	20.0	0.006	81508	700	299	311	12	9	0	40.43	40.43	40.43
juego1	easy	20.0	0.006	81516	700	299	311	12	9	0	40.28	40.28	40.28
juego1	easy	20.0	0.006	81524	700	299	312	13	9	0	40.11	40.11	40.11
juego1	easy	20.0	0.006	81532	700	300	312	12	9	0	40.04	40.04	40.04
juego1	easy	20.0	0.006	81541	700	300	312	12	9	0	39.87	39.87	39.87
juego1	easy	20.0	0.006	81549	700	300	313	13	9	0	39.74	39.74	39.74
juego1	easy	20.0	0.006	81557	700	300	313	13	9	0	39.68	39.68	39.68
juego1	easy	20.0	0.006	81566	700	300	313	13	9	0	39.52	39.52	39.52
juego1	easy	20.0	0.006	81574	700	300	314	14	9	0	39.25	39.25	39.25
juego1	easy	20.0	0.006	81582	700	300	314	14	9	0	39.14	39.14	39.14
juego1	easy	20.0	0.006	81591	700	300	315	15	9	0	39.0	39.0	39.0
juego1	easy	20.0	0.006	81600	700	300	315	15	9	0	38.96	38.96	38.96
juego1	easy	20.0	0.006	81608	700	300	315	15	9	0	38.92	38.92	38.92
juego1	easy	20.0	0.006	81617	700	300	315	15	9	0	38.78	38.78	38.78
juego1	easy	20.0	0.006	81626	700	301	316	15	9	0	38.53	38.53	38.53
juego1	easy	20.0	0.006	81635	700	301	316	15	9	0	38.33	38.33	38.33
juego1	easy	20.0	0.006	81642	700	301	316	15	9	0	38.28	38.28	38.28
juego1	easy	20.0	0.006	81651	700	301	317	16	9	0	38.22	38.22	38.22
juego1	easy	20.0	0.006	81659	700	301	317	16	9	0	38.06	38.06	38.06
juego1	easy	20.0	0.006	81667	700	301	317	16	9	0	37.92	37.92	37.92
juego1	easy	20.0	0.006	81674	700	302	318	16	9	0	37.7	37.7	37.7
juego1	easy	20.0	0.006	81683	700	302	318	16	9	0	37.66	37.66	37.66
juego1	easy	20.0	0.006	81692	700	302	318	16	9	0	37.52	37.52	37.52
juego1	easy	20.0	0.006	81701	700	302	319	17	9	0	37.35	37.35	37.35
juego1	easy	20.0	0.006	81710	700	302	319	17	9	0	37.18	37.18	37.18
juego1	easy	20.0	0.006	81719	700	302	320	18	9	0	36.93	36.93	36.93
juego1	easy	20.0	0.006	81726	700	302	320	18	9	0	36.8	36.8	36.8
juego1	easy	20.0	0.006	81735	700	303	321	18	9	0	36.59	36.59	36.59
juego1	easy	20.0	0.006	81743	700	303	321	18	9	0	36.55	36.55	36.55
juego1	easy	20.0	0.006	81751	700	303	321	18	9	0	36.46	36.46	36.46
juego1	easy	20.0	0.006	81760	700	303	322	19	9	0	36.31	36.31	36.31
juego1	easy	20.0	0.006	81769	700	303	322	19	9	0	36.16	36.16	36.16
juego1	easy	20.0	0.006	81777	700	303	322	19	9	0	36.16	36.16	36.16
juego1	easy	20.0	0.006	81786	700	304	322	18	9	0	36.07	36.07	36.07
juego1	easy	20.0	0.006	81795	700	304	322	18	9	0	36.01	36.01	36.01
juego1	easy	20.0	0.006	81803	700	304	322	18	9	0	35.98	35.98	35.98
juego1	easy	20.0	0.006	81811	700	304	323	19	9	0	35.91	35.91	35.91
juego1	easy	20.0	0.006	81820	700	304	323	19	9	0	35.85	35.85	35.85
juego1	easy	20.0	0.006	81829	700	304	323	19	9	0	35.82	35.82	35.82
juego1	easy	20.0	0.006	81837	700	304	323	19	9	0	35.78	35.78	35.78
juego1	easy	20.0	0.006	81845	700	305	323	18	9	0	35.69	35.69	35.69
juego1	easy	20.0	0.006	81853	700	305	323	18	9	0	35.65	35.65	35.65
juego1	easy	20.0	0.006	81861	700	305	324	19	9	0	35.57	35.57	35.57
juego1	easy	20.0	0.006	81870	700	305	324	19	9	0	35.49	35.49	35.49
juego1	easy	20.0	0.006	81878	700	305	324	19	9	0	35.45	35.45	35.45
juego1	easy	20.0	0.006	81887	700	305	324	19	9	0	35.35	35.35	35.35
juego1	easy	20.0	0.006	81894	700	305	324	19	9	0	35.29	35.29	35.29
juego1	easy	20.0	0.006	81903	700	306	324	18	9	0	35.27	35.27	35.27
juego1	easy	20.0	0.006	81912	700	306	324	18	9	0	35.23	35.23	35.23
juego1	easy	20.0	0.006	81920	700	306	325	19	9	0	35.18	35.18	35.18
juego1	easy	20.0	0.006	81929	700	306	325	19	9	0	35.15	35.15	35.15
juego1	easy	20.0	0.006	81938	700	306	325	19	9	0	35.14	35.14	35.14
juego1	easy	20.0	0.006	81946	700	306	325	19	9	0	35.09	35.09	35.09
juego1	easy	20.0	0.006	81955	700	306	325	19	9	0	35.05	35.05	35.05
juego1	easy	20.0	0.006	81963	700	307	325	18	9	0	35.02	35.02	35.02
juego1	easy	20.0	0.006	81972	700	307	325	18	9	0	34.94	34.94	34.94
juego1	easy	20.0	0.006	81981	700	307	325	18	9	0	34.86	34.86	34.86
juego1	easy	20.0	0.006	81990	700	307	326	19	9	0	34.79	34.79	34.79
juego1	easy	20.0	0.006	81999	700	307	326	19	9	0	34.72	34.72	34.72
juego1	easy	20.0	0.006	82006	700	307	326	19	9	0	34.69	34.69	34.69
juego1	easy	20.0	0.006	82015	700	307	326	19	9	0	34.62	34.62	34.62
juego1	easy	20.0	0.006	82025	700	307	326	19	9	0	34.57	34.57	34.57
juego1	easy	20.0	0.006	82032	700	308	326	18	9	0	34.54	34.54	34.54
juego1	easy	20.0	0.006	82041	700	308	326	18	9	0	34.46	34.46	34.46
juego1	easy	20.0	0.006	82050	700	308	327	19	9	0	34.37	34.37	34.37
juego1	easy	20.0	0.006	82058	700	308	327	19	9	0	34.33	34.33	34.33
juego1	easy	20.0	0.006	82067	700	308	327	19	9	0	34.26	34.26	34.26
juego1	easy	20.0	0.006	82076	700	308	327	19	9	0	34.14	34.14	34.14
juego1	easy	20.0	0.006	82085	700	308	328	20	9	0	34.0	34.0	34.0
juego1	easy	20.0	0.006	82092	700	308	328	20	9	0	33.93	33.93	33.93
juego1	easy	20.0	0.006	82101	700	309	328	19	9	0	33.84	33.84	33.84
juego1	easy	20.0	0.006	82110	700	309	328	19	9	0	33.76	33.76	33.76
juego1	easy	20.0	0.006	82118	700	309	328	19	9	0	33.72	33.72	33.72
juego1	easy	20.0	0.006	82127	700	309	329	20	9	0	33.65	33.65	33.65
juego1	easy	20.0	0.006	82135	700	309	329	20	9	0	33.58	33.58	33.58
juego1	easy	20.0	0.006	82144	700	309	329	20	9	0	33.54	33.54	33.54
juego1	easy	20.0	0.006	82153	700	309	329	20	9	0	33.45	33.45	33.45
juego1	easy	20.0	0.006	82162	700	309	329	20	9	0	33.36	33.36	33.36
juego1	easy	20.0	0.006	82171	700	310	329	19	9	0	33.29	33.29	33.29
juego1	easy	20.0	0.006	82179	700	310	330	20	9	0	33.24	33.24	33.24
juego1	easy	20.0	0.006	82188	700	310	330	20	9	0	33.15	33.15	33.15
juego1	easy	20.0	0.006	82197	700	310	330	20	9	0	33.04	33.04	33.04
juego1	easy	20.0	0.006	82205	700	310	330	20	9	0	32.93	32.93	32.93
juego1	easy	20.0	0.006	82213	700	310	331	21	9	0	32.88	32.88	32.88
juego1	easy	20.0	0.006	82221	700	310	331	21	9	0	32.78	32.78	32.78
juego1	easy	20.0	0.006	82229	700	310	331	21	9	0	32.73	32.73	32.73
juego1	easy	20.0	0.006	82238	700	310	331	21	9	0	32.6	32.6	32.6
juego1	easy	20.0	0.006	82247	700	310	332	22	9	0	32.46	32.46	32.46
juego1	easy	20.0	0.006	82256	700	311	332	21	9	0	32.34	32.34	32.34
juego1	easy	20.0	0.006	82265	700	311	332	21	9	0	32.21	32.21	32.21
juego1	easy	20.0	0.006	82274	700	311	333	22	9	0	32.11	32.11	32.11
juego1	easy	20.0	0.006	82283	700	311	333	22	9	0	31.93	31.93	31.93
juego1	easy	20.0	0.006	82291	700	311	333	22	9	0	31.77	31.77	31.77
juego1	easy	20.0	0.006	82300	700	311	334	23	9	0	31.72	31.72	31.72
juego1	easy	20.0	0.006	82309	700	311	334	23	9	0	31.64	31.64	31.64
juego1	easy	20.0	0.006	82317	700	311	334	23	9	0	31.52	31.52	31.52
juego1	easy	20.0	0.006	82326	700	311	335	24	9	0	31.35	31.35	31.35
juego1	easy	20.0	0.006	82335	700	311	335	24	9	0	31.22	31.22	31.22
juego1	easy	20.0	0.006	82343	700	312	335	23	9	0	31.18	31.18	31.18
juego1	easy	20.0	0.006	82352	700	312	335	23	9	0	31.11	31.11	31.11
juego1	easy	20.0	0.006	82360	700	312	335	23	9	0	31.03	31.03	31.03
juego1	easy	20.0	0.006	82369	700	312	336	24	9	0	30.98	30.98	30.98
juego1	easy	20.0	0.006	82378	700	312	336	24	9	0	30.91	30.91	30.91
juego1	easy	20.0	0.006	82387	700	312	336	24	9	0	30.85	30.85	30.85
juego1	easy	20.0	0.006	82395	700	312	336	24	9	0	30.82	30.82	30.82
juego1	easy	20.0	0.006	82403	700	312	336	24	9	0	30.76	30.76	30.76
juego1	easy	20.0	0.006	82411	700	312	336	24	9	0	30.68	30.68	30.68
juego1	easy	20.0	0.006	82420	700	312	336	24	9	0	30.61	30.61	30.61
juego1	easy	20.0	0.006	82429	700	312	337	25	9	0	30.59	30.59	30.59
juego1	easy	20.0	0.006	82438	700	312	337	25	9	0	30.52	30.52	30.52
juego1	easy	20.0	0.006	82447	700	313	337	24	9	0	30.42	30.42	30.42
juego1	easy	20.0	0.006	82456	700	313	337	24	9	0	30.28	30.28	30.28
juego1	easy	20.0	0.006	82464	700	313	337	24	9	0	30.22	30.22	30.22
juego1	easy	20.0	0.006	82472	700	313	338	25	9	0	30.05	30.05	30.05
juego1	easy	20.0	0.006	82481	700	313	338	25	9	0	29.86	29.86	29.86
juego1	easy	20.0	0.006	82490	700	313	339	26	9	0	29.76	29.76	29.76
juego1	easy	20.0	0.006	82499	700	313	339	26	9	0	29.59	29.59	29.59
juego1	easy	20.0	0.006	82506	700	313	340	27	9	0	29.44	29.44	29.44
juego1	easy	20.0	0.006	82515	700	313	340	27	9	0	29.3	29.3	29.3
juego1	easy	20.0	0.006	82524	700	313	340	27	9	0	29.22	29.22	29.22
juego1	easy	20.0	0.006	82533	700	313	340	27	9	0	29.07	29.07	29.07
juego1	easy	20.0	0.006	82542	700	313	341	28	9	0	28.96	28.96	28.96
juego1	easy	20.0	0.006	82551	700	313	341	28	9	0	28.9	28.9	28.9
juego1	easy	20.0	0.006	82559	700	313	341	28	9	0	28.88	28.88	28.88
juego1	easy	20.0	0.006	82566	700	314	341	27	9	0	28.85	28.85	28.85
juego1	easy	20.0	0.006	82575	700	314	341	27	9	0	28.83	28.83	28.83
juego1	easy	20.0	0.006	82582	700	314	341	27	9	0	28.79	28.79	28.79
juego1	easy	20.0	0.006	82591	700	314	341	27	9	0	28.76	28.76	28.76
juego1	easy	20.0	0.006	82600	700	314	341	27	9	0	28.75	28.75	28.75
juego1	easy	20.0	0.006	82608	700	314	341	27	9	0	28.71	28.71	28.71
juego1	easy	20.0	0.006	82617	700	314	342	28	9	0	28.67	28.67	28.67
juego1	easy	20.0	0.006	82625	700	314	342	28	9	0	28.66	28.66	28.66
juego1	easy	20.0	0.006	82634	700	314	342	28	9	0	28.61	28.61	28.61
juego1	easy	20.0	0.006	82642	700	314	342	28	9	0	28.58	28.58	28.58
juego1	easy	20.0	0.006	82650	700	314	342	28	9	0	28.58	28.58	28.58
juego1	easy	20.0	0.006	82660	700	314	342	28	9	0	28.59	28.59	28.59
juego1	easy	20.0	0.006	82668	700	314	342	28	9	0	28.58	28.58	28.58
juego1	easy	20.0	0.006	82676	700	314	342	28	9	0	28.56	28.56	28.56
juego1	easy	20.0	0.006	82685	700	314	342	28	9	0	28.54	28.54	28.54
juego1	easy	20.0	0.006	82693	700	314	342	28	9	0	28.51	28.51	28.51
juego1	easy	20.0	0.006	82702	700	314	342	28	9	0	28.49	28.49	28.49
juego1	easy	20.0	0.006	82709	700	314	342	28	9	0	28.49	28.49	28.49
juego1	easy	20.0	0.006	82718	700	314	342	28	9	0	28.49	28.49	28.49
juego1	easy	20.0	0.006	82727	700	314	342	28	9	0	28.47	28.47	28.47
juego1	easy	20.0	0.006	82736	700	315	342	27	9	0	28.46	28.46	28.46
juego1	easy	20.0	0.006	82744	700	315	342	27	9	0	28.45	28.45	28.45
juego1	easy	20.0	0.006	82753	700	315	342	27	9	0	28.4	28.4	28.4
juego1	easy	20.0	0.006	82761	700	315	342	27	9	0	28.32	28.32	28.32
juego1	easy	20.0	0.006	82770	700	315	343	28	9	0	28.28	28.28	28.28
juego1	easy	20.0	0.006	82779	700	315	343	28	9	0	28.23	28.23	28.23
juego1	easy	20.0	0.006	82786	700	315	343	28	9	0	28.19	28.19	28.19
juego1	easy	20.0	0.006	82794	700	315	343	28	9	0	28.17	28.17	28.17
juego1	easy	20.0	0.006	82803	700	315	343	28	9	0	28.16	28.16	28.16
juego1	easy	20.0	0.006	82812	700	315	343	28	9	0	28.15	28.15	28.15
juego1	easy	20.0	0.006	82822	700	315	343	28	9	0	28.14	28.14	28.14
juego1	easy	20.0	0.006	82830	700	315	343	28	9	0	28.12	28.12	28.12
juego1	easy	20.0	0.006	82839	700	315	343	28	9	0	28.09	28.09	28.09
juego1	easy	20.0	0.006	82848	700	315	343	28	9	0	28.08	28.08	28.08
juego1	easy	20.0	0.006	82856	700	315	343	28	9	0	28.08	28.08	28.08
juego1	easy	20.0	0.006	82865	700	315	343	28	9	0	28.07	28.07	28.07
juego1	easy	20.0	0.006	82874	700	315	343	28	9	0	28.06	28.06	28.06
juego1	easy	20.0	0.006	82883	700	315	343	28	9	0	28.05	28.05	28.05
juego1	easy	20.0	0.006	82891	700	315	343	28	9	0	28.05	28.05	28.05
juego1	easy	20.0	0.006	82900	700	315	343	28	9	0	28.04	28.04	28.04
juego1	easy	20.0	0.006	82909	700	315	343	28	9	0	28.03	28.03	28.03
juego1	easy	20.0	0.006	82919	700	315	343	28	9	0	28.01	28.01	28.01
juego1	easy	20.0	0.006	82927	700	315	343	28	9	0	27.98	27.98	27.98
juego1	easy	20.0	0.006	82936	700	315	343	28	9	0	27.97	27.97	27.97
juego1	easy	20.0	0.006	82944	700	315	343	28	9	0	27.96	27.96	27.96
juego1	easy	20.0	0.006	82953	700	315	343	28	9	0	27.97	27.97	27.97
juego1	easy	20.0	0.006	82962	700	315	343	28	9	0	27.96	27.96	27.96
juego1	easy	20.0	0.006	82970	700	315	343	28	9	0	27.96	27.96	27.96
juego1	easy	20.0	0.006	82979	700	315	343	28	9	0	27.94	27.94	27.94
juego1	easy	20.0	0.006	82988	700	315	344	29	9	0	27.91	27.91	27.91
juego1	easy	20.0	0.006	82997	700	315	344	29	9	0	27.9	27.9	27.9
juego1	easy	20.0	0.006	83004	700	315	344	29	9	0	27.9	27.9	27.9
juego1	easy	20.0	0.006	83013	700	315	344	29	9	0	27.91	27.91	27.91
juego1	easy	20.0	0.006	83020	700	315	344	29	9	0	27.91	27.91	27.91
juego1	easy	20.0	0.006	83029	700	315	344	29	9	0	27.88	27.88	27.88
juego1	easy	20.0	0.006	83036	700	315	344	29	9	0	27.86	27.86	27.86
juego1	easy	20.0	0.006	83044	700	315	344	29	9	0	27.86	27.86	27.86
juego1	easy	20.0	0.006	83053	700	315	344	29	9	0	27.86	27.86	27.86
juego1	easy	20.0	0.006	83061	700	315	344	29	9	0	27.86	27.86	27.86
juego1	easy	20.0	0.006	83070	700	315	344	29	9	0	27.85	27.85	27.85
juego1	easy	20.0	0.006	83078	700	315	344	29	9	0	27.82	27.82	27.82
juego1	easy	20.0	0.006	83087	700	315	344	29	9	0	27.8	27.8	27.8
juego1	easy	20.0	0.006	83096	700	315	344	29	9	0	27.79	27.79	27.79
juego1	easy	20.0	0.006	83104	700	315	344	29	9	0	27.79	27.79	27.79
juego1	easy	20.0	0.006	83113	700	315	344	29	9	0	27.81	27.81	27.81
juego1	easy	20.0	0.006	83122	700	315	344	29	9	0	27.82	27.82	27.82
juego1	easy	20.0	0.006	83130	700	315	344	29	9	0	27.83	27.83	27.83
juego1	easy	20.0	0.006	83139	700	315	344	29	9	0	27.84	27.84	27.84
juego1	easy	20.0	0.006	83147	700	315	344	29	9	0	27.85	27.85	27.85
juego1	easy	20.0	0.006	83156	700	315	344	29	9	0	27.86	27.86	27.86
juego1	easy	20.0	0.006	83164	700	315	344	29	9	0	27.87	27.87	27.87
juego1	easy	20.0	0.006	83172	700	315	344	29	9	0	27.87	27.87	27.87
juego1	easy	20.0	0.006	83181	700	315	344	29	9	0	27.86	27.86	27.86
juego1	easy	20.0	0.006	83190	700	315	344	29	9	0	27.86	27.86	27.86
juego1	easy	20.0	0.006	83199	700	315	344	29	9	0	27.87	27.87	27.87
juego1	easy	20.0	0.006	83207	700	315	344	29	9	0	27.88	27.88	27.88
juego1	easy	20.0	0.006	83216	700	315	344	29	9	0	27.89	27.89	27.89
juego1	easy	20.0	0.006	83224	700	315	344	29	9	0	27.9	27.9	27.9
juego1	easy	20.0	0.006	83233	700	315	343	28	9	0	27.93	27.93	27.93
juego1	easy	20.0	0.006	83241	700	315	343	28	9	0	27.95	27.95	27.95
juego1	easy	20.0	0.006	83249	700	315	343	28	9	0	27.98	27.98	27.98
juego1	easy	20.0	0.006	83258	700	315	343	28	9	0	28.02	28.02	28.02
juego1	easy	20.0	0.006	83266	700	315	343	28	9	0	28.04	28.04	28.04
juego1	easy	20.0	0.006	83275	700	314	343	29	9	0	28.08	28.08	28.08
juego1	easy	20.0	0.006	83284	700	314	343	29	9	0	28.13	28.13	28.13
juego1	easy	20.0	0.006	83292	700	314	343	29	9	0	28.15	28.15	28.15
juego1	easy	20.0	0.006	83301	700	314	343	29	9	0	28.23	28.23	28.23
juego1	easy	20.0	0.006	83309	700	314	342	28	9	0	28.33	28.33	28.33
juego1	easy	20.0	0.006	83318	700	314	342	28	9	0	28.47	28.47	28.47
juego1	easy	20.0	0.006	83325	700	314	342	28	9	0	28.54	28.54	28.54
juego1	easy	20.0	0.006	83334	700	314	341	27	9	0	28.7	28.7	28.7
juego1	easy	20.0	0.006	83342	700	314	341	27	9	0	28.78	28.78	28.78
juego1	easy	20.0	0.006	83351	700	314	341	27	9	0	28.96	28.96	28.96
juego1	easy	20.0	0.006	83359	700	314	340	26	9	0	29.16	29.16	29.16
juego1	easy	20.0	0.006	83368	700	314	340	26	9	0	29.44	29.44	29.44
juego1	easy	20.0	0.006	83377	700	314	339	25	9	0	29.61	29.61	29.61
juego1	easy	20.0	0.006	83386	700	314	338	24	9	0	29.97	29.97	29.97
juego1	easy	20.0	0.006	83395	700	314	337	23	9	0	30.38	30.38	30.38
juego1	easy	20.0	0.006	83403	700	314	336	22	9	0	30.87	30.87	30.87
juego1	easy	20.0	0.006	83412	700	314	335	21	9	0	31.12	31.12	31.12
juego1	easy	20.0	0.006	83421	700	314	334	20	9	0	31.66	31.66	31.66
juego1	easy	20.0	0.006	83430	700	314	332	18	9	0	32.19	32.19	32.19
juego1	easy	20.0	0.006	83438	700	314	331	17	9	0	32.69	32.69	32.69
juego1	easy	20.0	0.006	83447	700	314	330	16	9	0	32.96	32.96	32.96
juego1	easy	20.0	0.006	83456	700	313	329	16	9	0	33.46	33.46	33.46
juego1	easy	20.0	0.006	83464	700	313	328	15	9	0	33.95	33.95	33.95
juego1	easy	20.0	0.006	83473	700	313	327	14	9	0	34.19	34.19	34.19
juego1	easy	20.0	0.006	83482	700	313	326	13	9	0	34.67	34.67	34.67
juego1	easy	20.0	0.006	83491	700	313	325	12	9	0	35.17	35.17	35.17
juego1	easy	20.0	0.006	83500	700	313	323	10	9	0	35.66	35.66	35.66
juego1	easy	20.0	0.006	83508	700	313	322	9	9	0	36.2	36.2	36.2
juego1	easy	20.0	0.006	83517	700	313	321	8	9	0	36.5	36.5	36.5
juego1	easy	20.0	0.006	83526	700	313	319	6	9	0	37.12	37.12	37.12
juego1	easy	20.0	0.006	83535	700	313	318	5	9	0	37.79	37.79	37.79
juego1	easy	20.0	0.006	83543	700	313	316	3	9	0	38.53	38.53	38.53
juego1	easy	20.0	0.006	83551	700	313	315	2	9	0	38.9	38.9	38.9
juego1	easy	20.0	0.006	83560	700	313	313	0	9	0	39.6	39.6	39.6
juego1	easy	20.0	0.006	83569	700	313	312	-1	9	0	40.11	40.11	40.11
juego1	easy	20.0	0.006	83577	700	312	311	-1	9	0	40.27	40.27	40.27
juego1	easy	20.0	0.006	83586	700	312	310	-2	9	0	40.66	40.66	40.66
juego1	easy	20.0	0.006	83594	700	312	309	-3	9	0	41.31	41.31	41.31
juego1	easy	20.0	0.006	83602	700	312	307	-5	9	0	41.72	41.72	41.72
juego1	easy	20.0	0.006	83610	700	312	305	-7	9	0	42.57	42.57	42.57
juego1	easy	20.0	0.006	83619	700	312	303	-9	9	0	43.27	43.27	43.27
juego1	easy	20.0	0.006	83626	700	312	303	-9	9	0	43.57	43.57	43.57
juego1	easy	20.0	0.006	83635	700	312	302	-10	9	0	43.86	43.86	43.86
juego1	easy	20.0	0.006	83644	700	312	300	-12	9	0	44.5	44.5	44.5
juego1	easy	20.0	0.006	83652	700	312	300	-12	9	0	45.01	45.01	45.01
juego1	easy	20.0	0.006	83660	700	312	299	-13	9	0	45.5	45.5	45.5
juego1	easy	20.0	0.006	83668	700	312	297	-15	9	0	45.94	45.94	45.94
juego1	easy	20.0	0.006	83677	700	311	297	-14	9	0	46.14	46.14	46.14
juego1	easy	20.0	0.006	83685	700	311	296	-15	9	0	46.46	46.46	46.46
juego1	easy	20.0	0.006	83694	700	311	295	-16	9	0	46.74	46.74	46.74
juego1	easy	20.0	0.006	83702	700	311	295	-16	9	0	46.9	46.9	46.9
juego1	easy	20.0	0.006	83711	700	311	294	-17	9	0	47.23	47.23	47.23
juego1	easy	20.0	0.006	83719	700	311	293	-18	9	0	47.61	47.61	47.61
juego1	easy	20.0	0.006	83728	700	311	292	-19	9	0	48.04	48.04	48.04
juego1	easy	20.0	0.006	83737	700	311	292	-19	9	0	48.23	48.23	48.23
juego1	easy	20.0	0.006	83745	700	311	291	-20	9	0	48.42	48.42	48.42
juego1	easy	20.0	0.006	83754	700	311	291	-20	9	0	48.4	48.4	48.4
juego1	easy	20.0	0.006	83762	700	310	291	-19	9	0	48.36	48.36	48.36
juego1	easy	20.0	0.006	83771	700	310	291	-19	9	0	48.36	48.36	48.36
juego1	easy	20.0	0.006	83780	700	310	291	-19	9	0	48.44	48.44	48.44
juego1	easy	20.0	0.006	83788	700	310	291	-19	9	0	48.47	48.47	48.47
juego1	easy	20.0	0.006	83797	700	310	291	-19	9	0	48.51	48.51	48.51
juego1	easy	20.0	0.006	83805	700	310	291	-19	9	0	48.55	48.55	48.55
juego1	easy	20.0	0.006	83814	700	310	291	-19	9	0	48.58	48.58	48.58
juego1	easy	20.0	0.006	83823	700	310	290	-20	9	0	48.65	48.65	48.65
juego1	easy	20.0	0.006	83832	700	310	290	-20	9	0	48.74	48.74	48.74
juego1	easy	20.0	0.006	83841	700	310	290	-20	9	0	48.85	48.85	48.85
juego1	easy	20.0	0.006	83849	700	309	290	-19	9	0	48.91	48.91	48.91
juego1	easy	20.0	0.006	83858	700	309	290	-19	9	0	48.94	48.94	48.94
juego1	easy	20.0	0.006	83867	700	309	290	-19	9	0	48.98	48.98	48.98
juego1	easy	20.0	0.006	83876	700	309	289	-20	9	0	49.01	49.01	49.01
juego1	easy	20.0	0.006	83884	700	309	289	-20	9	0	49.01	49.01	49.01
juego1	easy	20.0	0.006	83893	700	309	289	-20	9	0	49.01	49.01	49.01
juego1	easy	20.0	0.006	83902	700	309	290	-19	9	0	48.98	48.98	48.98
juego1	easy	20.0	0.006	83911	700	309	290	-19	9	0	48.97	48.97	48.97
juego1	easy	20.0	0.006	83919	700	308	290	-18	9	0	48.97	48.97	48.97
juego1	easy	20.0	0.006	83928	700	308	290	-18	9	0	48.98	48.98	48.98
juego1	easy	20.0	0.006	83937	700	308	289	-19	9	0	49.01	49.01	49.01
juego1	easy	20.0	0.006	83946	700	308	289	-19	9	0	49.04	49.04	49.04
juego1	easy	20.0	0.006	83954	700	308	289	-19	9	0	49.05	49.05	49.05
juego1	easy	20.0	0.006	83963	700	308	289	-19	9	0	49.08	49.08	49.08
juego1	easy	20.0	0.006	83972	700	308	289	-19	9	0	49.11	49.11	49.11
juego1	easy	20.0	0.006	83980	700	308	289	-19	9	0	49.15	49.15	49.15
juego1	easy	20.0	0.006	83990	700	307	289	-18	9	0	49.2	49.2	49.2
juego1	easy	20.0	0.006	83998	700	307	289	-18	9	0	49.21	49.21	49.21
juego1	easy	20.0	0.006	84006	700	307	289	-18	9	0	49.24	49.24	49.24
juego1	easy	20.0	0.006	84015	700	307	289	-18	9	0	49.25	49.25	49.25
juego1	easy	20.0	0.006	84024	700	307	289	-18	9	0	49.25	49.25	49.25
juego1	easy	20.0	0.006	84031	700	307	289	-18	9	0	49.22	49.22	49.22
juego1	easy	20.0	0.006	84040	700	307	289	-18	9	0	49.19	49.19	49.19
juego1	easy	20.0	0.006	84049	700	307	289	-18	9	0	49.18	49.18	49.18
juego1	easy	20.0	0.006	84057	700	306	289	-17	9	0	49.2	49.2	49.2
juego1	easy	20.0	0.006	84066	700	306	289	-17	9	0	49.19	49.19	49.19
juego1	easy	20.0	0.006	84075	700	306	289	-17	9	0	49.19	49.19	49.19
juego1	easy	20.0	0.006	84082	700	306	289	-17	9	0	49.18	49.18	49.18
juego1	easy	20.0	0.006	84091	700	306	289	-17	9	0	49.18	49.18	49.18
juego1	easy	20.0	0.006	84100	700	306	289	-17	9	0	49.21	49.21	49.21
juego1	easy	20.0	0.006	84108	700	306	289	-17	9	0	49.23	49.23	49.23
juego1	easy	20.0	0.006	84116	700	305	289	-16	9	0	49.26	49.26	49.26
juego1	easy	20.0	0.006	84125	700	305	289	-16	9	0	49.25	49.25	49.25
juego1	easy	20.0	0.006	84134	700	305	289	-16	9	0	49.26	49.26	49.26
juego1	easy	20.0	0.006	84142	700	305	289	-16	9	0	49.33	49.33	49.33
juego1	easy	20.0	0.006	84150	700	305	288	-17	9	0	49.44	49.44	49.44
juego1	easy	20.0	0.006	84159	700	305	288	-17	9	0	49.57	49.57	49.57
juego1	easy	20.0	0.006	84168	700	305	288	-17	9	0	49.61	49.61	49.61
juego1	easy	20.0	0.006	84176	700	304	288	-16	9	0	49.65	49.65	49.65
juego1	easy	20.0	0.006	84185	700	304	288	-16	9	0	49.69	49.69	49.69
juego1	easy	20.0	0.006	84193	700	304	288	-16	9	0	49.72	49.72	49.72
juego1	easy	20.0	0.006	84202	700	304	287	-17	9	0	49.84	49.84	49.84
juego1	easy	20.0	0.006	84211	700	304	287	-17	9	0	49.96	49.96	49.96
juego1	easy	20.0	0.006	84219	700	304	287	-17	9	0	50.01	50.01	50.01
juego1	easy	20.0	0.006	84228	700	304	287	-17	9	0	50.06	50.06	50.06
juego1	easy	20.0	0.006	84237	700	303	287	-16	9	0	50.09	50.09	50.09
juego1	easy	20.0	0.006	84245	700	303	287	-16	9	0	50.07	50.07	50.07
juego1	easy	20.0	0.006	84254	700	303	287	-16	9	0	50.09	50.09	50.09
juego1	easy	20.0	0.006	84263	700	303	287	-16	9	0	50.13	50.13	50.13
juego1	easy	20.0	0.006	84272	700	303	286	-17	9	0	50.2	50.2	50.2
juego1	easy	20.0	0.006	84280	700	303	286	-17	9	0	50.29	50.29	50.29
juego1	easy	20.0	0.006	84289	700	302	286	-16	9	0	50.33	50.33	50.33
juego1	easy	20.0	0.006	84298	700	302	286	-16	9	0	50.41	50.41	50.41
juego1	easy	20.0	0.006	84307	700	302	286	-16	9	0	50.49	50.49	50.49
juego1	easy	20.0	0.006	84315	700	302	285	-17	9	0	50.59	50.59	50.59
juego1	easy	20.0	0.006	84324	700	302	285	-17	9	0	50.64	50.64	50.64
juego1	easy	20.0	0.006	84332	700	302	285	-17	9	0	50.73	50.73	50.73
juego1	easy	20.0	0.006	84341	700	301	285	-16	9	0	50.84	50.84	50.84
juego1	easy	20.0	0.006	84350	700	301	284	-17	9	0	50.99	50.99	50.99
juego1	easy	20.0	0.006	84357	700	301	284	-17	9	0	51.07	51.07	51.07
juego1	easy	20.0	0.006	84366	700	301	284	-17	9	0	51.21	51.21	51.21
juego1	easy	20.0	0.006	84374	700	301	284	-17	9	0	51.26	51.26	51.26
juego1	easy	20.0	0.006	84383	700	301	283	-18	9	0	51.37	51.37	51.37
juego1	easy	20.0	0.006	84392	700	301	283	-18	9	0	51.52	51.52	51.52
juego1	easy	20.0	0.006	84400	700	300	283	-17	9	0	51.68	51.68	51.68
juego1	easy	20.0	0.006	84409	700	300	282	-18	9	0	51.76	51.76	51.76
juego1	easy	20.0	0.006	84417	700	300	282	-18	9	0	51.92	51.92	51.92
juego1	easy	20.0	0.006	84426	700	300	281	-19	9	0	52.1	52.1	52.1
juego1	easy	20.0	0.006	84434	700	300	281	-19	9	0	52.25	52.25	52.25
juego1	easy	20.0	0.006	84443	700	300	280	-20	9	0	52.55	52.55	52.55
juego1	easy	20.0	0.006	84451	700	300	280	-20	9	0	52.63	52.63	52.63
juego1	easy	20.0	0.006	84460	700	300	280	-20	9	0	52.71	52.71	52.71
juego1	easy	20.0	0.006	84469	700	300	280	-20	9	0	52.71	52.71	52.71
juego1	easy	20.0	0.006	84477	700	300	280	-20	9	0	52.78	52.78	52.78
juego1	easy	20.0	0.006	84486	700	300	279	-21	9	0	52.89	52.89	52.89
juego1	easy	20.0	0.006	84494	700	299	279	-20	9	0	52.94	52.94	52.94
juego1	easy	20.0	0.006	84503	700	299	279	-20	9	0	53.01	53.01	53.01
juego1	easy	20.0	0.006	84512	700	299	279	-20	9	0	53.05	53.05	53.05
juego1	easy	20.0	0.006	84520	700	299	279	-20	9	0	53.09	53.09	53.09
juego1	easy	20.0	0.006	84529	700	299	279	-20	9	0	53.12	53.12	53.12
juego1	easy	20.0	0.006	84537	700	299	279	-20	9	0	53.16	53.16	53.16
juego1	easy	20.0	0.006	84546	700	298	279	-19	9	0	53.2	53.2	53.2
juego1	easy	20.0	0.006	84554	700	298	278	-20	9	0	53.22	53.22	53.22
juego1	easy	20.0	0.006	84563	700	298	278	-20	9	0	53.25	53.25	53.25
juego1	easy	20.0	0.006	84571	700	298	278	-20	9	0	53.28	53.28	53.28
juego1	easy	20.0	0.006	84580	700	298	278	-20	9	0	53.31	53.31	53.31
juego1	easy	20.0	0.006	84589	700	298	278	-20	9	0	53.31	53.31	53.31
juego1	easy	20.0	0.006	84597	700	297	278	-19	9	0	53.32	53.32	53.32
juego1	easy	20.0	0.006	84606	700	297	278	-19	9	0	53.31	53.31	53.31
juego1	easy	20.0	0.006	84614	700	297	278	-19	9	0	53.32	53.32	53.32
juego1	easy	20.0	0.006	84623	700	297	278	-19	9	0	53.36	53.36	53.36
juego1	easy	20.0	0.006	84631	700	297	278	-19	9	0	53.41	53.41	53.41
juego1	easy	20.0	0.006	84640	700	296	278	-18	9	0	53.46	53.46	53.46
juego1	easy	20.0	0.006	84649	700	296	278	-18	9	0	53.48	53.48	53.48
juego1	easy	20.0	0.006	84657	700	296	278	-18	9	0	53.52	53.52	53.52
juego1	easy	20.0	0.006	84666	700	296	278	-18	9	0	53.53	53.53	53.53
juego1	easy	20.0	0.006	84674	700	296	278	-18	9	0	53.54	53.54	53.54
juego1	easy	20.0	0.006	84682	700	295	278	-17	9	0	53.54	53.54	53.54
juego1	easy	20.0	0.006	84691	700	295	278	-17	9	0	53.52	53.52	53.52
juego1	easy	20.0	0.006	84698	700	295	278	-17	9	0	53.49	53.49	53.49
juego1	easy	20.0	0.006	84706	700	295	278	-17	9	0	53.48	53.48	53.48
juego1	easy	20.0	0.006	84715	700	295	278	-17	9	0	53.47	53.47	53.47
juego1	easy	20.0	0.006	84723	700	295	278	-17	9	0	53.42	53.42	53.42
juego1	easy	20.0	0.006	84732	700	294	278	-16	9	0	53.34	53.34	53.34
juego1	easy	20.0	0.006	84740	700	294	278	-16	9	0	53.31	53.31	53.31
juego1	easy	20.0	0.006	84749	700	294	278	-16	9	0	53.28	53.28	53.28
juego1	easy	20.0	0.006	84758	700	294	278	-16	9	0	53.29	53.29	53.29
juego1	easy	20.0	0.006	84767	700	294	278	-16	9	0	53.3	53.3	53.3
juego1	easy	20.0	0.006	84775	700	293	278	-15	9	0	53.27	53.27	53.27
juego1	easy	20.0	0.006	84783	700	293	278	-15	9	0	53.23	53.23	53.23
juego1	easy	20.0	0.006	84792	700	293	278	-15	9	0	53.23	53.23	53.23
juego1	easy	20.0	0.006	84800	700	293	278	-15	9	0	53.23	53.23	53.23
juego1	easy	20.0	0.006	84808	700	293	278	-15	9	0	53.25	53.25	53.25
juego1	easy	20.0	0.006	84817	700	292	278	-14	9	0	53.28	53.28	53.28
juego1	easy	20.0	0.006	84826	700	292	278	-14	9	0	53.3	53.3	53.3
juego1	easy	20.0	0.006	84833	700	292	278	-14	9	0	53.3	53.3	53.3
juego1	easy	20.0	0.006	84842	700	292	278	-14	9	0	53.32	53.32	53.32
juego1	easy	20.0	0.006	84850	700	292	278	-14	9	0	53.34	53.34	53.34
juego1	easy	20.0	0.006	84858	700	292	278	-14	9	0	53.37	53.37	53.37
juego1	easy	20.0	0.006	84867	700	291	278	-13	9	0	53.39	53.39	53.39
juego1	easy	20.0	0.006	84875	700	291	278	-13	9	0	53.42	53.42	53.42
juego1	easy	20.0	0.006	84884	700	291	278	-13	9	0	53.45	53.45	53.45
juego1	easy	20.0	0.006	84892	700	291	278	-13	9	0	53.49	53.49	53.49
juego1	easy	20.0	0.006	84901	700	291	278	-13	9	0	53.56	53.56	53.56
juego1	easy	20.0	0.006	84909	700	290	278	-12	9	0	53.59	53.59	53.59
juego1	easy	20.0	0.006	84918	700	290	277	-13	9	0	53.64	53.64	53.64
juego1	easy	20.0	0.006	84927	700	290	277	-13	9	0	53.69	53.69	53.69
juego1	easy	20.0	0.006	84934	700	290	277	-13	9	0	53.71	53.71	53.71
juego1	easy	20.0	0.006	84943	700	290	277	-13	9	0	53.73	53.73	53.73
juego1	easy	20.0	0.006	84951	700	289	277	-12	9	0	53.73	53.73	53.73
juego1	easy	20.0	0.006	84960	700	289	277	-12	9	0	53.78	53.78	53.78
juego1	easy	20.0	0.006	84969	700	289	277	-12	9	0	53.85	53.85	53.85
juego1	easy	20.0	0.006	84977	700	289	277	-12	9	0	53.93	53.93	53.93
juego1	easy	20.0	0.006	84986	700	289	276	-13	9	0	54.0	54.0	54.0
juego1	easy	20.0	0.006	84995	700	288	276	-12	9	0	54.03	54.03	54.03
juego1	easy	20.0	0.006	85003	700	288	276	-12	9	0	54.11	54.11	54.11
juego1	easy	20.0	0.006	85012	700	288	276	-12	9	0	54.16	54.16	54.16
juego1	easy	20.0	0.006	85019	700	288	276	-12	9	0	54.18	54.18	54.18
juego1	easy	20.0	0.006	85028	700	288	276	-12	9	0	54.21	54.21	54.21
juego1	easy	20.0	0.006	85037	700	287	276	-11	9	0	54.23	54.23	54.23
juego1	easy	20.0	0.006	85045	700	287	276	-11	9	0	54.3	54.3	54.3
juego1	easy	20.0	0.006	85054	700	287	275	-12	9	0	54.4	54.4	54.4
juego1	easy	20.0	0.006	85063	700	287	275	-12	9	0	54.48	54.48	54.48
juego1	easy	20.0	0.006	85072	700	287	275	-12	9	0	54.5	54.5	54.5
juego1	easy	20.0	0.006	85080	700	286	275	-11	9	0	54.5	54.5	54.5
juego1	easy	20.0	0.006	85089	700	286	275	-11	9	0	54.49	54.49	54.49
juego1	easy	20.0	0.006	85098	700	286	275	-11	9	0	54.57	54.57	54.57
juego1	easy	20.0	0.006	85106	700	286	275	-11	9	0	54.63	54.63	54.63
juego1	easy	20.0	0.006	85115	700	286	274	-12	9	0	54.77	54.77	54.77
juego1	easy	20.0	0.006	85124	700	285	274	-11	9	0	54.85	54.85	54.85
juego1	easy	20.0	0.006	85133	700	285	274	-11	9	0	54.85	54.85	54.85
juego1	easy	20.0	0.006	85141	700	285	274	-11	9	0	54.86	54.86	54.86
juego1	easy	20.0	0.006	85150	700	285	274	-11	9	0	54.86	54.86	54.86
juego1	easy	20.0	0.006	85158	700	285	274	-11	9	0	54.87	54.87	54.87
juego1	easy	20.0	0.006	85166	700	284	274	-10	9	0	54.87	54.87	54.87
juego1	easy	20.0	0.006	85175	700	284	274	-10	9	0	54.9	54.9	54.9
juego1	easy	20.0	0.006	85183	700	284	274	-10	9	0	54.94	54.94	54.94
juego1	easy	20.0	0.006	85192	700	284	274	-10	9	0	54.96	54.96	54.96
juego1	easy	20.0	0.006	85201	700	284	274	-10	9	0	54.97	54.97	54.97
juego1	easy	20.0	0.006	85209	700	283	274	-9	9	0	54.96	54.96	54.96
juego1	easy	20.0	0.006	85217	700	283	274	-9	9	0	54.93	54.93	54.93
juego1	easy	20.0	0.006	85226	700	283	274	-9	9	0	54.92	54.92	54.92
juego1	easy	20.0	0.006	85235	700	283	274	-9	9	0	54.93	54.93	54.93
Pausa_juego1	easy	20.0	0.006	85244	700	283	274	-9	-1	0	54.98	54.98	54.98
