game	difficulty	amplitude	velocity	time	xpos	y_computer	y_human	y_error	trial	kp	x	y	z
juego1	easy	40.0	0.008	12879	700	301	337	36	0	1	57.28	57.28	57.28
juego1	easy	40.0	0.008	12885	700	301	335	34	0	1	58.32	58.32	58.32
juego1	easy	40.0	0.008	12893	700	301	334	33	0	1	58.48	58.48	58.48
juego1	easy	40.0	0.008	12902	700	301	334	33	0	1	58.63	58.63	58.63
juego1	easy	40.0	0.008	12911	700	301	334	33	0	1	58.69	58.69	58.69
juego1	easy	40.0	0.008	12918	700	301	334	33	0	1	58.79	58.79	58.79
juego1	easy	40.0	0.008	12926	700	301	333	32	0	1	58.87	58.87	58.87
juego1	easy	40.0	0.008	12935	700	301	333	32	0	1	58.9	58.9	58.9
juego1	easy	40.0	0.008	12944	700	301	333	32	0	1	58.98	58.98	58.98
juego1	easy	40.0	0.008	12953	700	301	333	32	0	1	59.03	59.03	59.03
juego1	easy	40.0	0.008	12962	700	301	333	32	0	1	59.04	59.04	59.04
juego1	easy	40.0	0.008	12970	700	301	333	32	0	1	59.04	59.04	59.04
juego1	easy	40.0	0.008	12979	700	301	333	32	0	1	59.04	59.04	59.04
juego1	easy	40.0	0.008	12988	700	301	333	32	0	1	59.05	59.05	59.05
juego1	easy	40.0	0.008	12996	700	301	333	32	0	1	59.07	59.07	59.07
juego1	easy	40.0	0.008	13005	700	301	333	32	0	1	59.09	59.09	59.09
juego1	easy	40.0	0.008	13014	700	301	333	32	0	1	59.14	59.14	59.14
juego1	easy	40.0	0.008	13022	700	301	333	32	0	1	59.19	59.19	59.19
juego1	easy	40.0	0.008	13030	700	301	333	32	0	1	59.19	59.19	59.19
juego1	easy	40.0	0.008	13038	700	301	333	32	0	1	59.18	59.18	59.18
juego1	easy	40.0	0.008	13047	700	301	333	32	0	1	59.18	59.18	59.18
juego1	easy	40.0	0.008	13056	700	301	333	32	0	1	59.19	59.19	59.19
juego1	easy	40.0	0.008	13064	700	301	332	31	0	1	59.27	59.27	59.27
juego1	easy	40.0	0.008	13073	700	301	332	31	0	1	59.37	59.37	59.37
juego1	easy	40.0	0.008	13082	700	301	332	31	0	1	59.46	59.46	59.46
juego1	easy	40.0	0.008	13089	700	301	332	31	0	1	59.53	59.53	59.53
juego1	easy	40.0	0.008	13098	700	301	331	30	0	1	59.68	59.68	59.68
juego1	easy	40.0	0.008	13107	700	301	331	30	0	1	59.83	59.83	59.83
juego1	easy	40.0	0.008	13115	700	301	331	30	0	1	59.88	59.88	59.88
juego1	easy	40.0	0.008	13123	700	301	331	30	0	1	59.98	59.98	59.98
juego1	easy	40.0	0.008	13132	700	301	331	30	0	1	60.05	60.05	60.05
juego1	easy	40.0	0.008	13140	700	301	330	29	0	1	60.24	60.24	60.24
juego1	easy	40.0	0.008	13149	700	301	329	28	0	1	60.67	60.67	60.67
juego1	easy	40.0	0.008	13157	700	301	327	26	0	1	61.41	61.41	61.41
juego1	easy	40.0	0.008	13166	700	301	326	25	0	1	61.83	61.83	61.83
juego1	easy	40.0	0.008	13173	700	301	324	23	0	1	62.75	62.75	62.75
juego1	easy	40.0	0.008	13182	700	301	322	21	0	1	63.71	63.71	63.71
juego1	easy	40.0	0.008	13192	700	301	320	19	0	1	64.72	64.72	64.72
juego1	easy	40.0	0.008	13200	700	301	318	17	0	1	65.32	65.32	65.32
juego1	easy	40.0	0.008	13209	700	301	315	14	0	1	66.65	66.65	66.65
juego1	easy	40.0	0.008	13217	700	301	312	11	0	1	68.23	68.23	68.23
juego1	easy	40.0	0.008	13225	700	301	310	9	0	1	69.04	69.04	69.04
juego1	easy	40.0	0.008	13234	700	301	307	6	0	1	70.46	70.46	70.46
juego1	easy	40.0	0.008	13242	700	301	305	4	0	1	71.24	71.24	71.24
juego1	easy	40.0	0.008	13251	700	301	303	2	0	1	71.92	71.92	71.92
juego1	easy	40.0	0.008	13259	700	301	301	0	0	1	72.71	72.71	72.71
juego1	easy	40.0	0.008	13268	700	301	300	-1	0	1	73.33	73.33	73.33
juego1	easy	40.0	0.008	13275	700	301	300	-1	0	1	73.65	73.65	73.65
juego1	easy	40.0	0.008	13284	700	301	298	-3	0	1	74.43	74.43	74.43
juego1	easy	40.0	0.008	13293	700	301	296	-5	0	1	75.48	75.48	75.48
juego1	easy	40.0	0.008	13303	700	301	293	-8	0	1	76.65	76.65	76.65
juego1	easy	40.0	0.008	13311	700	301	292	-9	0	1	77.23	77.23	77.23
juego1	easy	40.0	0.008	13319	700	301	290	-11	0	1	78.24	78.24	78.24
juego1	easy	40.0	0.008	13326	700	301	288	-13	0	1	78.73	78.73	78.73
juego1	easy	40.0	0.008	13335	700	301	286	-15	0	1	79.8	79.8	79.8
juego1	easy	40.0	0.008	13343	700	301	283	-18	0	1	80.89	80.89	80.89
juego1	easy	40.0	0.008	13351	700	301	282	-19	0	1	81.45	81.45	81.45
juego1	easy	40.0	0.008	13361	700	301	280	-21	0	1	82.5	82.5	82.5
juego1	easy	40.0	0.008	13369	700	301	277	-24	0	1	83.52	83.52	83.52
juego1	easy	40.0	0.008	13378	700	301	275	-26	0	1	84.65	84.65	84.65
juego1	easy	40.0	0.008	13386	700	301	273	-28	0	1	85.24	85.24	85.24
juego1	easy	40.0	0.008	13395	700	301	271	-30	0	1	86.45	86.45	86.45
juego1	easy	40.0	0.008	13403	700	301	268	-33	0	1	87.5	87.5	87.5
juego1	easy	40.0	0.008	13410	700	301	267	-34	0	1	87.92	87.92	87.92
juego1	easy	40.0	0.008	13418	700	301	265	-36	0	1	88.65	88.65	88.65
juego1	easy	40.0	0.008	13427	700	301	265	-36	0	1	88.97	88.97	88.97
juego1	easy	40.0	0.008	13436	700	301	263	-38	0	1	89.61	89.61	89.61
juego1	easy	40.0	0.008	13444	700	301	262	-39	0	1	90.21	90.21	90.21
juego1	easy	40.0	0.008	13453	700	301	260	-41	0	1	90.86	90.86	90.86
juego1	easy	40.0	0.008	13463	700	301	259	-42	0	1	91.24	91.24	91.24
juego1	easy	40.0	0.008	13470	700	301	257	-44	0	1	92.13	92.13	92.13
juego1	easy	40.0	0.008	13479	700	301	255	-46	0	1	93.07	93.07	93.07
juego1	easy	40.0	0.008	13487	700	301	254	-47	0	1	93.56	93.56	93.56
juego1	easy	40.0	0.008	13495	700	301	251	-50	0	1	94.7	94.7	94.7
juego1	easy	40.0	0.008	13504	700	301	250	-51	0	1	95.38	95.38	95.38
juego1	easy	40.0	0.008	13513	700	301	247	-54	0	1	96.72	96.72	96.72
juego1	easy	40.0	0.008	13522	700	301	243	-58	0	1	98.37	98.37	98.37
juego1	easy	40.0	0.008	13531	700	301	241	-60	0	1	99.4	99.4	99.4
juego1	easy	40.0	0.008	13540	700	301	239	-62	0	1	100.04	100.04	100.04
juego1	easy	40.0	0.008	13548	700	301	238	-63	0	1	100.58	100.58	100.58
juego1	easy	40.0	0.008	13556	700	301	237	-64	0	1	100.92	100.92	100.92
juego1	easy	40.0	0.008	13564	700	301	235	-66	0	1	101.62	101.62	101.62
juego1	easy	40.0	0.008	13572	700	301	235	-66	0	1	101.93	101.93	101.93
juego1	easy	40.0	0.008	13581	700	301	233	-68	0	1	102.48	102.48	102.48
juego1	easy	40.0	0.008	13589	700	301	232	-69	0	1	102.94	102.94	102.94
juego1	easy	40.0	0.008	13598	700	301	231	-70	0	1	103.36	103.36	103.36
juego1	easy	40.0	0.008	13606	700	301	231	-70	0	1	103.61	103.61	103.61
juego1	easy	40.0	0.008	13614	700	301	229	-72	0	1	104.22	104.22	104.22
juego1	easy	40.0	0.008	13622	700	301	229	-72	0	1	104.58	104.58	104.58
juego1	easy	40.0	0.008	13631	700	301	227	-74	0	1	105.37	105.37	105.37
juego1	easy	40.0	0.008	13639	700	301	226	-75	0	1	105.74	105.74	105.74
juego1	easy	40.0	0.008	13647	700	301	226	-75	0	1	105.74	105.74	105.74
juego1	easy	40.0	0.008	13656	700	301	223	-78	0	1	107.07	107.07	107.07
juego1	easy	40.0	0.008	13664	700	301	222	-79	0	1	107.65	107.65	107.65
juego1	easy	40.0	0.008	13672	700	301	221	-80	0	1	107.93	107.93	107.93
juego1	easy	40.0	0.008	13680	700	301	220	-81	0	1	108.39	108.39	108.39
juego1	easy	40.0	0.008	13688	700	301	219	-82	0	1	108.55	108.55	108.55
juego1	easy	40.0	0.008	13697	700	301	219	-82	0	1	108.72	108.72	108.72
juego1	easy	40.0	0.008	13705	700	301	219	-82	0	1	108.84	108.84	108.84
juego1	easy	40.0	0.008	13713	700	301	218	-83	0	1	108.97	108.97	108.97
juego1	easy	40.0	0.008	13721	700	301	218	-83	0	1	109.08	109.08	109.08
juego1	easy	40.0	0.008	13730	700	301	217	-84	0	1	109.5	109.5	109.5
juego1	easy	40.0	0.008	13737	700	301	217	-84	0	1	109.81	109.81	109.81
juego1	easy	40.0	0.008	13745	700	301	215	-86	0	1	110.59	110.59	110.59
juego1	easy	40.0	0.008	13756	700	301	213	-88	0	1	111.46	111.46	111.46
juego1	easy	40.0	0.008	13765	700	301	211	-90	0	1	112.39	112.39	112.39
juego1	easy	40.0	0.008	13774	700	301	208	-93	0	1	113.31	113.31	113.31
juego1	easy	40.0	0.008	13782	700	301	207	-94	0	1	113.73	113.73	113.73
juego1	easy	40.0	0.008	13790	700	301	206	-95	0	1	114.43	114.43	114.43
juego1	easy	40.0	0.008	13799	700	301	205	-96	0	1	114.94	114.94	114.94
juego1	easy	40.0	0.008	13806	700	301	204	-97	0	1	115.16	115.16	115.16
juego1	easy	40.0	0.008	13815	700	301	204	-97	0	1	115.4	115.4	115.4
juego1	easy	40.0	0.008	13824	700	301	202	-99	0	1	116.06	116.06	116.06
juego1	easy	40.0	0.008	13832	700	301	200	-101	0	1	116.96	116.96	116.96
juego1	easy	40.0	0.008	13840	700	301	198	-103	0	1	117.96	117.96	117.96
juego1	easy	40.0	0.008	13849	700	301	195	-106	0	1	118.91	118.91	118.91
juego1	easy	40.0	0.008	13856	700	301	194	-107	0	1	119.33	119.33	119.33
juego1	easy	40.0	0.008	13865	700	301	193	-108	0	1	120.08	120.08	120.08
juego1	easy	40.0	0.008	13873	700	301	192	-109	0	1	120.4	120.4	120.4
juego1	easy	40.0	0.008	13881	700	301	191	-110	0	1	120.99	120.99	120.99
juego1	easy	40.0	0.008	13889	700	301	189	-112	0	1	121.58	121.58	121.58
juego1	easy	40.0	0.008	13898	700	301	189	-112	0	1	121.89	121.89	121.89
juego1	easy	40.0	0.008	13907	700	301	187	-114	0	1	122.5	122.5	122.5
juego1	easy	40.0	0.008	13916	700	301	186	-115	0	1	123.07	123.07	123.07
juego1	easy	40.0	0.008	13924	700	301	185	-116	0	1	123.57	123.57	123.57
juego1	easy	40.0	0.008	13932	700	301	184	-117	0	1	123.82	123.82	123.82
juego1	easy	40.0	0.008	13941	700	301	183	-118	0	1	124.24	124.24	124.24
juego1	easy	40.0	0.008	13949	700	301	182	-119	0	1	124.63	124.63	124.63
juego1	easy	40.0	0.008	13957	700	301	182	-119	0	1	124.85	124.85	124.85
juego1	easy	40.0	0.008	13965	700	301	181	-120	0	1	125.32	125.32	125.32
juego1	easy	40.0	0.008	13974	700	301	180	-121	0	1	125.81	125.81	125.81
juego1	easy	40.0	0.008	13982	700	301	179	-122	0	1	126.03	126.03	126.03
juego1	easy	40.0	0.008	13990	700	301	178	-123	0	1	126.42	126.42	126.42
juego1	easy	40.0	0.008	13999	700	301	177	-124	0	1	126.76	126.76	126.76
juego1	easy	40.0	0.008	14007	700	301	177	-124	0	1	126.89	126.89	126.89
juego1	easy	40.0	0.008	14016	700	301	177	-124	0	1	127.1	127.1	127.1
juego1	easy	40.0	0.008	14024	700	301	176	-125	0	1	127.34	127.34	127.34
juego1	easy	40.0	0.008	14032	700	301	176	-125	0	1	127.47	127.47	127.47
juego1	easy	40.0	0.008	14041	700	301	175	-126	0	1	127.63	127.63	127.63
juego1	easy	40.0	0.008	14049	700	301	175	-126	0	1	127.92	127.92	127.92
juego1	easy	40.0	0.008	14057	700	301	174	-127	0	1	128.11	128.11	128.11
juego1	easy	40.0	0.008	14066	700	301	174	-127	0	1	128.24	128.24	128.24
juego1	easy	40.0	0.008	14074	700	301	174	-127	0	1	128.25	128.25	128.25
juego1	easy	40.0	0.008	14083	700	301	174	-127	0	1	128.23	128.23	128.23
juego1	easy	40.0	0.008	14091	700	301	174	-127	0	1	128.16	128.16	128.16
juego1	easy	40.0	0.008	14098	700	301	174	-127	0	1	128.14	128.14	128.14
juego1	easy	40.0	0.008	14106	700	301	174	-127	0	1	128.17	128.17	128.17
juego1	easy	40.0	0.008	14115	700	301	174	-127	0	1	128.33	128.33	128.33
juego1	easy	40.0	0.008	14123	700	301	173	-128	0	1	128.46	128.46	128.46
juego1	easy	40.0	0.008	14131	700	301	173	-128	0	1	128.83	128.83	128.83
juego1	easy	40.0	0.008	14140	700	301	172	-129	0	1	129.19	129.19	129.19
juego1	easy	40.0	0.008	14149	700	301	171	-130	0	1	129.34	129.34	129.34
juego1	easy	40.0	0.008	14157	700	301	171	-130	0	1	129.53	129.53	129.53
juego1	easy	40.0	0.008	14166	700	301	171	-130	0	1	129.66	129.66	129.66
juego1	easy	40.0	0.008	14175	700	301	170	-131	0	1	129.73	129.73	129.73
juego1	easy	40.0	0.008	14182	700	301	170	-131	0	1	129.71	129.71	129.71
juego1	easy	40.0	0.008	14191	700	301	171	-130	0	1	129.62	129.62	129.62
juego1	easy	40.0	0.008	14200	700	301	171	-130	0	1	129.57	129.57	129.57
juego1	easy	40.0	0.008	14207	700	301	171	-130	0	1	129.57	129.57	129.57
juego1	easy	40.0	0.008	14216	700	301	171	-130	0	1	129.52	129.52	129.52
juego1	easy	40.0	0.008	14225	700	301	171	-130	0	1	129.38	129.38	129.38
juego1	easy	40.0	0.008	14233	700	301	171	-130	0	1	129.28	129.28	129.28
juego1	easy	40.0	0.008	14241	700	301	172	-129	0	1	128.99	128.99	128.99
juego1	easy	40.0	0.008	14250	700	301	173	-128	0	1	128.55	128.55	128.55
juego1	easy	40.0	0.008	14257	700	301	174	-127	0	1	128.26	128.26	128.26
juego1	easy	40.0	0.008	14265	700	301	175	-126	0	1	127.61	127.61	127.61
juego1	easy	40.0	0.008	14274	700	301	176	-125	0	1	127.27	127.27	127.27
juego1	easy	40.0	0.008	14283	700	301	178	-123	0	1	126.54	126.54	126.54
juego1	easy	40.0	0.008	14292	700	301	180	-121	0	1	125.79	125.79	125.79
juego1	easy	40.0	0.008	14301	700	301	181	-120	0	1	125.04	125.04	125.04
juego1	easy	40.0	0.008	14309	700	301	182	-119	0	1	124.64	124.64	124.64
juego1	easy	40.0	0.008	14318	700	301	184	-117	0	1	123.87	123.87	123.87
juego1	easy	40.0	0.008	14326	700	301	184	-117	0	1	123.87	123.87	123.87
juego1	easy	40.0	0.008	14335	700	301	188	-113	0	1	122.16	122.16	122.16
juego1	easy	40.0	0.008	14342	700	301	189	-112	0	1	121.66	121.66	121.66
juego1	easy	40.0	0.008	14351	700	301	192	-109	0	1	120.54	120.54	120.54
juego1	easy	40.0	0.008	14359	700	301	193	-108	0	1	119.93	119.93	119.93
juego1	easy	40.0	0.008	14368	700	301	196	-105	0	1	118.62	118.62	118.62
juego1	easy	40.0	0.008	14376	700	301	199	-102	0	1	117.21	117.21	117.21
juego1	easy	40.0	0.008	14384	700	301	201	-100	0	1	116.49	116.49	116.49
juego1	easy	40.0	0.008	14392	700	301	204	-97	0	1	115.04	115.04	115.04
juego1	easy	40.0	0.008	14401	700	301	208	-93	0	1	113.63	113.63	113.63
juego1	easy	40.0	0.008	14409	700	301	209	-92	0	1	112.93	112.93	112.93
juego1	easy	40.0	0.008	14418	700	301	209	-92	0	1	112.93	112.93	112.93
juego1	easy	40.0	0.008	14427	700	301	216	-85	0	1	110.15	110.15	110.15
juego1	easy	40.0	0.008	14436	700	301	219	-82	0	1	108.78	108.78	108.78
juego1	easy	40.0	0.008	14444	700	301	220	-81	0	1	108.14	108.14	108.14
juego1	easy	40.0	0.008	14452	700	301	223	-78	0	1	106.93	106.93	106.93
juego1	easy	40.0	0.008	14461	700	301	226	-75	0	1	105.73	105.73	105.73
juego1	easy	40.0	0.008	14470	700	301	227	-74	0	1	105.12	105.12	105.12
juego1	easy	40.0	0.008	14478	700	301	230	-71	0	1	104.02	104.02	104.02
juego1	easy	40.0	0.008	14487	700	301	232	-69	0	1	103.04	103.04	103.04
juego1	easy	40.0	0.008	14496	700	301	234	-67	0	1	102.09	102.09	102.09
juego1	easy	40.0	0.008	14504	700	301	236	-65	0	1	101.58	101.58	101.58
juego1	easy	40.0	0.008	14513	700	301	238	-63	0	1	100.46	100.46	100.46
juego1	easy	40.0	0.008	14521	700	301	241	-60	0	1	99.38	99.38	99.38
juego1	easy	40.0	0.008	14529	700	301	242	-59	0	1	98.87	98.87	98.87
juego1	easy	40.0	0.008	14537	700	301	243	-58	0	1	98.35	98.35	98.35
juego1	easy	40.0	0.008	14545	700	301	246	-55	0	1	97.26	97.26	97.26
juego1	easy	40.0	0.008	14554	700	301	248	-53	0	1	96.26	96.26	96.26
juego1	easy	40.0	0.008	14563	700	301	250	-51	0	1	95.39	95.39	95.39
juego1	easy	40.0	0.008	14571	700	301	252	-49	0	1	94.57	94.57	94.57
juego1	easy	40.0	0.008	14579	700	301	253	-48	0	1	94.11	94.11	94.11
juego1	easy	40.0	0.008	14588	700	301	255	-46	0	1	93.11	93.11	93.11
juego1	easy	40.0	0.008	14597	700	301	258	-43	0	1	91.88	91.88	91.88
juego1	easy	40.0	0.008	14606	700	301	261	-40	0	1	90.47	90.47	90.47
juego1	easy	40.0	0.008	14614	700	301	263	-38	0	1	89.76	89.76	89.76
juego1	easy	40.0	0.008	14622	700	301	266	-35	0	1	88.37	88.37	88.37
juego1	easy	40.0	0.008	14631	700	301	269	-32	0	1	87.21	87.21	87.21
juego1	easy	40.0	0.008	14640	700	301	271	-30	0	1	86.29	86.29	86.29
juego1	easy	40.0	0.008	14648	700	301	272	-29	0	1	85.88	85.88	85.88
juego1	easy	40.0	0.008	14656	700	301	274	-27	0	1	85.02	85.02	85.02
juego1	easy	40.0	0.008	14665	700	301	274	-27	0	1	85.02	85.02	85.02
juego1	easy	40.0	0.008	14673	700	301	277	-24	0	1	83.69	83.69	83.69
juego1	easy	40.0	0.008	14681	700	301	279	-22	0	1	82.67	82.67	82.67
juego1	easy	40.0	0.008	14689	700	301	280	-21	0	1	82.21	82.21	82.21
juego1	easy	40.0	0.008	14698	700	301	282	-19	0	1	81.32	81.32	81.32
juego1	easy	40.0	0.008	14706	700	301	284	-17	0	1	80.59	80.59	80.59
juego1	easy	40.0	0.008	14715	700	301	285	-16	0	1	80.26	80.26	80.26
juego1	easy	40.0	0.008	14724	700	301	286	-15	0	1	79.71	79.71	79.71
juego1	easy	40.0	0.008	14732	700	301	287	-14	0	1	79.26	79.26	79.26
juego1	easy	40.0	0.008	14743	700	301	288	-13	0	1	78.81	78.81	78.81
juego1	easy	40.0	0.008	14751	700	301	289	-12	0	1	78.44	78.44	78.44
juego1	easy	40.0	0.008	14759	700	301	289	-12	0	1	78.31	78.31	78.31
juego1	easy	40.0	0.008	14768	700	301	290	-11	0	1	78.08	78.08	78.08
juego1	easy	40.0	0.008	14777	700	301	290	-11	0	1	77.82	77.82	77.82
juego1	easy	40.0	0.008	14786	700	301	291	-10	0	1	77.51	77.51	77.51
juego1	easy	40.0	0.008	14794	700	301	292	-9	0	1	77.35	77.35	77.35
juego1	easy	40.0	0.008	14803	700	301	292	-9	0	1	77.07	77.07	77.07
juego1	easy	40.0	0.008	14811	700	301	293	-8	0	1	76.78	76.78	76.78
juego1	easy	40.0	0.008	14820	700	301	293	-8	0	1	76.62	76.62	76.62
juego1	easy	40.0	0.008	14829	700	301	294	-7	0	1	76.3	76.3	76.3
juego1	easy	40.0	0.008	14838	700	301	295	-6	0	1	75.98	75.98	75.98
juego1	easy	40.0	0.008	14846	700	301	295	-6	0	1	75.75	75.75	75.75
juego1	easy	40.0	0.008	14854	700	301	295	-6	0	1	75.66	75.66	75.66
juego1	easy	40.0	0.008	14863	700	301	296	-5	0	1	75.47	75.47	75.47
juego1	easy	40.0	0.008	14872	700	301	296	-5	0	1	75.3	75.3	75.3
juego1	easy	40.0	0.008	14881	700	301	297	-4	0	1	75.17	75.17	75.17
juego1	easy	40.0	0.008	14889	700	301	297	-4	0	1	75.11	75.11	75.11
juego1	easy	40.0	0.008	14898	700	301	297	-4	0	1	74.98	74.98	74.98
juego1	easy	40.0	0.008	14906	700	301	297	-4	0	1	74.9	74.9	74.9
juego1	easy	40.0	0.008	14913	700	301	298	-3	0	1	74.75	74.75	74.75
juego1	easy	40.0	0.008	14922	700	301	298	-3	0	1	74.6	74.6	74.6
juego1	easy	40.0	0.008	14931	700	301	298	-3	0	1	74.53	74.53	74.53
juego1	easy	40.0	0.008	14940	700	301	298	-3	0	1	74.4	74.4	74.4
juego1	easy	40.0	0.008	14948	700	301	299	-2	0	1	74.34	74.34	74.34
juego1	easy	40.0	0.008	14957	700	301	299	-2	0	1	74.15	74.15	74.15
juego1	easy	40.0	0.008	14966	700	301	299	-2	0	1	73.98	73.98	73.98
juego1	easy	40.0	0.008	14975	700	301	300	-1	0	1	73.86	73.86	73.86
juego1	easy	40.0	0.008	14983	700	301	300	-1	0	1	73.57	73.57	73.57
juego1	easy	40.0	0.008	14992	700	301	300	-1	0	1	73.29	73.29	73.29
juego1	easy	40.0	0.008	15001	700	301	300	-1	0	1	73.17	73.17	73.17
juego1	easy	40.0	0.008	15008	700	301	301	0	0	1	72.87	72.87	72.87
juego1	easy	40.0	0.008	15017	700	301	302	1	0	1	72.52	72.52	72.52
juego1	easy	40.0	0.008	15025	700	301	302	1	0	1	72.31	72.31	72.31
juego1	easy	40.0	0.008	15034	700	301	303	2	0	1	71.91	71.91	71.91
juego1	easy	40.0	0.008	15043	700	301	304	3	0	1	71.44	71.44	71.44
juego1	easy	40.0	0.008	15051	700	301	305	4	0	1	71.13	71.13	71.13
juego1	easy	40.0	0.008	15060	700	301	307	6	0	1	70.42	70.42	70.42
juego1	easy	40.0	0.008	15068	700	301	308	7	0	1	69.69	69.69	69.69
juego1	easy	40.0	0.008	15077	700	301	310	9	0	1	68.99	68.99	68.99
juego1	easy	40.0	0.008	15086	700	301	312	11	0	1	68.08	68.08	68.08
juego1	easy	40.0	0.008	15094	700	301	313	12	0	1	67.51	67.51	67.51
juego1	easy	40.0	0.008	15103	700	301	317	16	0	1	66.12	66.12	66.12
juego1	easy	40.0	0.008	15112	700	301	320	19	0	1	64.49	64.49	64.49
juego1	easy	40.0	0.008	15119	700	301	320	19	0	1	64.49	64.49	64.49
juego1	easy	40.0	0.008	15128	700	301	325	24	0	1	62.63	62.63	62.63
juego1	easy	40.0	0.008	15137	700	301	331	30	0	1	59.85	59.85	59.85
juego1	easy	40.0	0.008	15146	700	301	333	32	0	1	58.9	58.9	58.9
juego1	easy	40.0	0.008	15154	700	301	338	37	0	1	56.93	56.93	56.93
juego1	easy	40.0	0.008	15162	700	301	343	42	0	1	54.86	54.86	54.86
juego1	easy	40.0	0.008	15171	700	301	345	44	0	1	53.87	53.87	53.87
juego1	easy	40.0	0.008	15179	700	301	345	44	0	1	53.87	53.87	53.87
juego1	easy	40.0	0.008	15188	700	301	350	49	0	1	51.66	51.66	51.66
juego1	easy	40.0	0.008	15197	700	301	354	53	0	1	49.73	49.73	49.73
juego1	easy	40.0	0.008	15205	700	301	356	55	0	1	49.04	49.04	49.04
juego1	easy	40.0	0.008	15213	700	301	359	58	0	1	47.79	47.79	47.79
juego1	easy	40.0	0.008	15222	700	301	362	61	0	1	46.65	46.65	46.65
juego1	easy	40.0	0.008	15229	700	301	363	62	0	1	46.09	46.09	46.09
juego1	easy	40.0	0.008	15237	700	301	366	65	0	1	44.87	44.87	44.87
juego1	easy	40.0	0.008	15246	700	301	367	66	0	1	44.23	44.23	44.23
juego1	easy	40.0	0.008	15258	700	301	371	70	0	1	42.77	42.77	42.77
juego1	easy	40.0	0.008	15266	700	301	375	74	0	1	40.94	40.94	40.94
juego1	easy	40.0	0.008	15275	700	301	379	78	0	1	38.93	38.93	38.93
juego1	easy	40.0	0.008	15284	700	301	383	82	0	1	37.21	37.21	37.21
juego1	easy	40.0	0.008	15293	700	301	387	86	0	1	35.8	35.8	35.8
juego1	easy	40.0	0.008	15302	700	301	388	87	0	1	35.25	35.25	35.25
juego1	easy	40.0	0.008	15310	700	301	390	89	0	1	34.37	34.37	34.37
juego1	easy	40.0	0.008	15318	700	301	392	91	0	1	33.45	33.45	33.45
juego1	easy	40.0	0.008	15325	700	301	393	92	0	1	33.05	33.05	33.05
juego1	easy	40.0	0.008	15334	700	301	393	92	0	1	33.05	33.05	33.05
juego1	easy	40.0	0.008	15343	700	301	396	95	0	1	31.8	31.8	31.8
juego1	easy	40.0	0.008	15350	700	301	396	95	0	1	31.8	31.8	31.8
juego1	easy	40.0	0.008	15360	700	301	400	99	0	1	30.05	30.05	30.05
juego1	easy	40.0	0.008	15368	700	301	402	101	0	1	29.04	29.04	29.04
juego1	easy	40.0	0.008	15376	700	301	403	102	0	1	28.56	28.56	28.56
juego1	easy	40.0	0.008	15385	700	301	405	104	0	1	27.71	27.71	27.71
juego1	easy	40.0	0.008	15394	700	301	407	106	0	1	27.04	27.04	27.04
juego1	easy	40.0	0.008	15403	700	301	408	107	0	1	26.49	26.49	26.49
juego1	easy	40.0	0.008	15411	700	301	409	108	0	1	26.18	26.18	26.18
juego1	easy	40.0	0.008	15419	700	301	411	110	0	1	25.47	25.47	25.47
juego1	easy	40.0	0.008	15427	700	301	412	111	0	1	24.78	24.78	24.78
juego1	easy	40.0	0.008	15435	700	301	413	112	0	1	24.44	24.44	24.44
juego1	easy	40.0	0.008	15444	700	301	414	113	0	1	23.83	23.83	23.83
juego1	easy	40.0	0.008	15452	700	301	416	115	0	1	23.24	23.24	23.24
juego1	easy	40.0	0.008	15461	700	301	416	115	0	1	22.96	22.96	22.96
juego1	easy	40.0	0.008	15470	700	301	418	117	0	1	22.42	22.42	22.42
juego1	easy	40.0	0.008	15478	700	301	419	118	0	1	21.87	21.87	21.87
juego1	easy	40.0	0.008	15487	700	301	420	119	0	1	21.6	21.6	21.6
juego1	easy	40.0	0.008	15496	700	301	421	120	0	1	21.03	21.03	21.03
juego1	easy	40.0	0.008	15504	700	301	422	121	0	1	20.63	20.63	20.63
juego1	easy	40.0	0.008	15513	700	301	423	122	0	1	20.19	20.19	20.19
juego1	easy	40.0	0.008	15522	700	301	425	124	0	1	19.36	19.36	19.36
juego1	easy	40.0	0.008	15530	700	301	425	124	0	1	19.09	19.09	19.09
juego1	easy	40.0	0.008	15539	700	301	427	126	0	1	18.57	18.57	18.57
juego1	easy	40.0	0.008	15548	700	301	428	127	0	1	18.04	18.04	18.04
juego1	easy	40.0	0.008	15557	700	301	428	127	0	1	17.77	17.77	17.77
juego1	easy	40.0	0.008	15566	700	301	429	128	0	1	17.3	17.3	17.3
juego1	easy	40.0	0.008	15575	700	301	430	129	0	1	16.86	16.86	16.86
juego1	easy	40.0	0.008	15584	700	301	431	130	0	1	16.47	16.47	16.47
juego1	easy	40.0	0.008	15591	700	301	432	131	0	1	16.27	16.27	16.27
juego1	easy	40.0	0.008	15600	700	301	433	132	0	1	15.86	15.86	15.86
juego1	easy	40.0	0.008	15609	700	301	434	133	0	1	15.38	15.38	15.38
juego1	easy	40.0	0.008	15618	700	301	435	134	0	1	14.9	14.9	14.9
juego1	easy	40.0	0.008	15626	700	301	436	135	0	1	14.66	14.66	14.66
juego1	easy	40.0	0.008	15635	700	301	437	136	0	1	14.18	14.18	14.18
juego1	easy	40.0	0.008	15643	700	301	437	136	0	1	13.84	13.84	13.84
juego1	easy	40.0	0.008	15651	700	301	438	137	0	1	13.68	13.68	13.68
juego1	easy	40.0	0.008	15659	700	301	438	137	0	1	13.47	13.47	13.47
juego1	easy	40.0	0.008	15668	700	301	439	138	0	1	13.32	13.32	13.32
juego1	easy	40.0	0.008	15676	700	301	439	138	0	1	13.24	13.24	13.24
juego1	easy	40.0	0.008	15684	700	301	439	138	0	1	13.09	13.09	13.09
juego1	easy	40.0	0.008	15693	700	301	439	138	0	1	12.99	12.99	12.99
juego1	easy	40.0	0.008	15702	700	301	440	139	0	1	12.95	12.95	12.95
juego1	easy	40.0	0.008	15710	700	301	440	139	0	1	12.89	12.89	12.89
juego1	easy	40.0	0.008	15719	700	301	440	139	0	1	12.85	12.85	12.85
juego1	easy	40.0	0.008	15728	700	301	440	139	0	1	12.85	12.85	12.85
juego1	easy	40.0	0.008	15735	700	301	440	139	0	1	12.88	12.88	12.88
juego1	easy	40.0	0.008	15743	700	301	439	138	0	1	12.97	12.97	12.97
juego1	easy	40.0	0.008	15751	700	301	439	138	0	1	13.05	13.05	13.05
juego1	easy	40.0	0.008	15760	700	301	439	138	0	1	13.24	13.24	13.24
juego1	easy	40.0	0.008	15769	700	301	438	137	0	1	13.48	13.48	13.48
juego1	easy	40.0	0.008	15778	700	301	438	137	0	1	13.64	13.64	13.64
juego1	easy	40.0	0.008	15786	700	301	437	136	0	1	14.05	14.05	14.05
juego1	easy	40.0	0.008	15795	700	301	436	135	0	1	14.59	14.59	14.59
juego1	easy	40.0	0.008	15803	700	301	434	133	0	1	15.25	15.25	15.25
juego1	easy	40.0	0.008	15812	700	301	433	132	0	1	15.61	15.61	15.61
juego1	easy	40.0	0.008	15821	700	301	433	132	0	1	15.96	15.96	15.96
juego1	easy	40.0	0.008	15829	700	301	431	130	0	1	16.63	16.63	16.63
juego1	easy	40.0	0.008	15837	700	301	429	128	0	1	17.5	17.5	17.5
juego1	easy	40.0	0.008	15846	700	301	427	126	0	1	18.57	18.57	18.57
juego1	easy	40.0	0.008	15855	700	301	424	123	0	1	19.62	19.62	19.62
juego1	easy	40.0	0.008	15864	700	301	421	120	0	1	20.75	20.75	20.75
juego1	easy	40.0	0.008	15873	700	301	419	118	0	1	22.0	22.0	22.0
juego1	easy	40.0	0.008	15881	700	301	417	116	0	1	22.73	22.73	22.73
juego1	easy	40.0	0.008	15890	700	301	413	112	0	1	24.33	24.33	24.33
juego1	easy	40.0	0.008	15899	700	301	409	108	0	1	26.15	26.15	26.15
juego1	easy	40.0	0.008	15907	700	301	407	106	0	1	27.1	27.1	27.1
juego1	easy	40.0	0.008	15915	700	301	407	106	0	1	27.1	27.1	27.1
juego1	easy	40.0	0.008	15924	700	301	400	99	0	1	29.95	29.95	29.95
juego1	easy	40.0	0.008	15933	700	301	396	95	0	1	31.58	31.58	31.58
juego1	easy	40.0	0.008	15941	700	301	393	92	0	1	33.12	33.12	33.12
juego1	easy	40.0	0.008	15950	700	301	390	89	0	1	34.58	34.58	34.58
juego1	easy	40.0	0.008	15959	700	301	386	85	0	1	36.12	36.12	36.12
juego1	easy	40.0	0.008	15966	700	301	384	83	0	1	36.85	36.85	36.85
juego1	easy	40.0	0.008	15975	700	301	380	79	0	1	38.53	38.53	38.53
juego1	easy	40.0	0.008	15984	700	301	376	75	0	1	40.39	40.39	40.39
juego1	easy	40.0	0.008	15992	700	301	374	73	0	1	41.37	41.37	41.37
juego1	easy	40.0	0.008	16001	700	301	372	71	0	1	42.31	42.31	42.31
juego1	easy	40.0	0.008	16010	700	301	367	66	0	1	44.24	44.24	44.24
juego1	easy	40.0	0.008	16019	700	301	362	61	0	1	46.62	46.62	46.62
juego1	easy	40.0	0.008	16029	700	301	358	57	0	1	47.99	47.99	47.99
juego1	easy	40.0	0.008	16036	700	301	357	56	0	1	48.55	48.55	48.55
juego1	easy	40.0	0.008	16044	700	301	355	54	0	1	49.55	49.55	49.55
juego1	easy	40.0	0.008	16052	700	301	354	53	0	1	50.01	50.01	50.01
juego1	easy	40.0	0.008	16061	700	301	352	51	0	1	51.0	51.0	51.0
juego1	easy	40.0	0.008	16070	700	301	349	48	0	1	52.13	52.13	52.13
juego1	easy	40.0	0.008	16078	700	301	347	46	0	1	52.77	52.77	52.77
juego1	easy	40.0	0.008	16086	700	301	346	45	0	1	53.49	53.49	53.49
juego1	easy	40.0	0.008	16094	700	301	343	42	0	1	54.88	54.88	54.88
juego1	easy	40.0	0.008	16102	700	301	337	36	0	1	57.09	57.09	57.09
juego1	easy	40.0	0.008	16110	700	301	333	32	0	1	58.96	58.96	58.96
juego1	easy	40.0	0.008	16119	700	301	329	28	0	1	60.83	60.83	60.83
juego1	easy	40.0	0.008	16127	700	301	327	26	0	1	61.67	61.67	61.67
juego1	easy	40.0	0.008	16135	700	301	325	24	0	1	62.44	62.44	62.44
juego1	easy	40.0	0.008	16144	700	301	322	21	0	1	63.85	63.85	63.85
juego1	easy	40.0	0.008	16153	700	301	319	18	0	1	65.06	65.06	65.06
juego1	easy	40.0	0.008	16161	700	301	315	14	0	1	66.85	66.85	66.85
juego1	easy	40.0	0.008	16170	700	301	311	10	0	1	68.48	68.48	68.48
juego1	easy	40.0	0.008	16178	700	301	309	8	0	1	69.25	69.25	69.25
juego1	easy	40.0	0.008	16187	700	301	306	5	0	1	70.68	70.68	70.68
juego1	easy	40.0	0.008	16194	700	301	303	2	0	1	71.96	71.96	71.96
juego1	easy	40.0	0.008	16203	700	301	302	1	0	1	72.54	72.54	72.54
juego1	easy	40.0	0.008	16212	700	301	300	-1	0	1	73.63	73.63	73.63
juego1	easy	40.0	0.008	16221	700	301	299	-2	0	1	74.12	74.12	74.12
juego1	easy	40.0	0.008	16230	700	301	297	-4	0	1	74.85	74.85	74.85
juego1	easy	40.0	0.008	16239	700	301	296	-5	0	1	75.65	75.65	75.65
juego1	easy	40.0	0.008	16246	700	301	294	-7	0	1	76.41	76.41	76.41
juego1	easy	40.0	0.008	16255	700	301	292	-9	0	1	77.0	77.0	77.0
juego1	easy	40.0	0.008	16265	700	301	291	-10	0	1	77.46	77.46	77.46
juego1	easy	40.0	0.008	16273	700	301	291	-10	0	1	77.63	77.63	77.63
juego1	easy	40.0	0.008	16281	700	301	290	-11	0	1	77.84	77.84	77.84
juego1	easy	40.0	0.008	16290	700	301	290	-11	0	1	78.04	78.04	78.04
juego1	easy	40.0	0.008	16300	700	301	290	-11	0	1	78.23	78.23	78.23
juego1	easy	40.0	0.008	16308	700	301	289	-12	0	1	78.33	78.33	78.33
juego1	easy	40.0	0.008	16316	700	301	289	-12	0	1	78.58	78.58	78.58
juego1	easy	40.0	0.008	16325	700	301	288	-13	0	1	78.83	78.83	78.83
juego1	easy	40.0	0.008	16333	700	301	288	-13	0	1	78.94	78.94	78.94
juego1	easy	40.0	0.008	16342	700	301	288	-13	0	1	79.02	79.02	79.02
juego1	easy	40.0	0.008	16351	700	301	288	-13	0	1	79.02	79.02	79.02
juego1	easy	40.0	0.008	16360	700	301	288	-13	0	1	79.02	79.02	79.02
juego1	easy	40.0	0.008	16368	700	301	288	-13	0	1	79.02	79.02	79.02
juego1	easy	40.0	0.008	16377	700	301	288	-13	0	1	79.01	79.01	79.01
juego1	easy	40.0	0.008	16384	700	301	288	-13	0	1	79.01	79.01	79.01
juego1	easy	40.0	0.008	16393	700	301	288	-13	0	1	79.02	79.02	79.02
juego1	easy	40.0	0.008	16402	700	301	288	-13	0	1	79.07	79.07	79.07
juego1	easy	40.0	0.008	16410	700	301	288	-13	0	1	79.11	79.11	79.11
juego1	easy	40.0	0.008	16418	700	301	287	-14	0	1	79.12	79.12	79.12
juego1	easy	40.0	0.008	16426	700	301	287	-14	0	1	79.14	79.14	79.14
juego1	easy	40.0	0.008	16434	700	301	287	-14	0	1	79.16	79.16	79.16
juego1	easy	40.0	0.008	16443	700	301	287	-14	0	1	79.18	79.18	79.18
juego1	easy	40.0	0.008	16450	700	301	287	-14	0	1	79.26	79.26	79.26
juego1	easy	40.0	0.008	16459	700	301	287	-14	0	1	79.33	79.33	79.33
juego1	easy	40.0	0.008	16468	700	301	287	-14	0	1	79.5	79.5	79.5
juego1	easy	40.0	0.008	16476	700	301	286	-15	0	1	79.63	79.63	79.63
juego1	easy	40.0	0.008	16485	700	301	286	-15	0	1	79.64	79.64	79.64
juego1	easy	40.0	0.008	16492	700	301	286	-15	0	1	79.6	79.6	79.6
juego1	easy	40.0	0.008	16501	700	301	287	-14	0	1	79.52	79.52	79.52
juego1	easy	40.0	0.008	16510	700	301	287	-14	0	1	79.47	79.47	79.47
juego1	easy	40.0	0.008	16517	700	301	287	-14	0	1	79.47	79.47	79.47
juego1	easy	40.0	0.008	16526	700	301	287	-14	0	1	79.53	79.53	79.53
juego1	easy	40.0	0.008	16534	700	301	286	-15	0	1	79.56	79.56	79.56
juego1	easy	40.0	0.008	16542	700	301	286	-15	0	1	79.6	79.6	79.6
juego1	easy	40.0	0.008	16551	700	301	286	-15	0	1	79.61	79.61	79.61
juego1	easy	40.0	0.008	16560	700	301	286	-15	0	1	79.64	79.64	79.64
juego1	easy	40.0	0.008	16567	700	301	286	-15	0	1	79.67	79.67	79.67
juego1	easy	40.0	0.008	16575	700	301	286	-15	0	1	79.79	79.79	79.79
juego1	easy	40.0	0.008	16584	700	301	286	-15	0	1	79.88	79.88	79.88
juego1	easy	40.0	0.008	16593	700	301	285	-16	0	1	80.12	80.12	80.12
juego1	easy	40.0	0.008	16601	700	301	284	-17	0	1	80.44	80.44	80.44
juego1	easy	40.0	0.008	16610	700	301	284	-17	0	1	80.83	80.83	80.83
juego1	easy	40.0	0.008	16618	700	301	283	-18	0	1	81.06	81.06	81.06
juego1	easy	40.0	0.008	16627	700	301	282	-19	0	1	81.59	81.59	81.59
juego1	easy	40.0	0.008	16634	700	301	281	-20	0	1	81.91	81.91	81.91
juego1	easy	40.0	0.008	16643	700	301	280	-21	0	1	82.53	82.53	82.53
juego1	easy	40.0	0.008	16650	700	301	278	-23	0	1	83.11	83.11	83.11
juego1	easy	40.0	0.008	16659	700	301	278	-23	0	1	83.4	83.4	83.4
juego1	easy	40.0	0.008	16667	700	301	276	-25	0	1	84.07	84.07	84.07
juego1	easy	40.0	0.008	16676	700	301	274	-27	0	1	84.92	84.92	84.92
juego1	easy	40.0	0.008	16684	700	301	273	-28	0	1	85.41	85.41	85.41
juego1	easy	40.0	0.008	16692	700	301	271	-30	0	1	86.4	86.4	86.4
juego1	easy	40.0	0.008	16701	700	301	269	-32	0	1	86.92	86.92	86.92
juego1	easy	40.0	0.008	16710	700	301	267	-34	0	1	87.83	87.83	87.83
juego1	easy	40.0	0.008	16719	700	301	266	-35	0	1	88.59	88.59	88.59
juego1	easy	40.0	0.008	16727	700	301	264	-37	0	1	89.32	89.32	89.32
juego1	easy	40.0	0.008	16735	700	301	262	-39	0	1	90.24	90.24	90.24
juego1	easy	40.0	0.008	16744	700	301	261	-40	0	1	90.78	90.78	90.78
juego1	easy	40.0	0.008	16753	700	301	258	-43	0	1	92.04	92.04	92.04
juego1	easy	40.0	0.008	16762	700	301	254	-47	0	1	93.43	93.43	93.43
juego1	easy	40.0	0.008	16770	700	301	251	-50	0	1	94.76	94.76	94.76
juego1	easy	40.0	0.008	16779	700	301	250	-51	0	1	95.38	95.38	95.38
juego1	easy	40.0	0.008	16788	700	301	248	-53	0	1	96.35	96.35	96.35
juego1	easy	40.0	0.008	16796	700	301	246	-55	0	1	97.14	97.14	97.14
juego1	easy	40.0	0.008	16804	700	301	245	-56	0	1	97.53	97.53	97.53
juego1	easy	40.0	0.008	16812	700	301	243	-58	0	1	98.38	98.38	98.38
juego1	easy	40.0	0.008	16820	700	301	242	-59	0	1	98.89	98.89	98.89
juego1	easy	40.0	0.008	16829	700	301	242	-59	0	1	98.89	98.89	98.89
juego1	easy	40.0	0.008	16838	700	301	237	-64	0	1	101.01	101.01	101.01
juego1	easy	40.0	0.008	16845	700	301	236	-65	0	1	101.59	101.59	101.59
juego1	easy	40.0	0.008	16854	700	301	233	-68	0	1	102.78	102.78	102.78
juego1	easy	40.0	0.008	16863	700	301	230	-71	0	1	104.0	104.0	104.0
juego1	easy	40.0	0.008	16870	700	301	228	-73	0	1	104.84	104.84	104.84
juego1	easy	40.0	0.008	16879	700	301	227	-74	0	1	105.22	105.22	105.22
juego1	easy	40.0	0.008	16888	700	301	225	-76	0	1	105.97	105.97	105.97
juego1	easy	40.0	0.008	16897	700	301	223	-78	0	1	106.9	106.9	106.9
juego1	easy	40.0	0.008	16906	700	301	222	-79	0	1	107.35	107.35	107.35
juego1	easy	40.0	0.008	16914	700	301	220	-81	0	1	108.2	108.2	108.2
juego1	easy	40.0	0.008	16922	700	301	218	-83	0	1	109.14	109.14	109.14
juego1	easy	40.0	0.008	16931	700	301	216	-85	0	1	110.18	110.18	110.18
juego1	easy	40.0	0.008	16940	700	301	214	-87	0	1	110.71	110.71	110.71
juego1	easy	40.0	0.008	16948	700	301	212	-89	0	1	111.75	111.75	111.75
juego1	easy	40.0	0.008	16957	700	301	209	-92	0	1	112.85	112.85	112.85
juego1	easy	40.0	0.008	16966	700	301	208	-93	0	1	113.62	113.62	113.62
juego1	easy	40.0	0.008	16975	700	301	205	-96	0	1	114.59	114.59	114.59
juego1	easy	40.0	0.008	16984	700	301	203	-98	0	1	115.75	115.75	115.75
juego1	easy	40.0	0.008	16992	700	301	200	-101	0	1	116.81	116.81	116.81
juego1	easy	40.0	0.008	17001	700	301	197	-104	0	1	118.14	118.14	118.14
juego1	easy	40.0	0.008	17009	700	301	196	-105	0	1	118.77	118.77	118.77
juego1	easy	40.0	0.008	17018	700	301	194	-107	0	1	119.68	119.68	119.68
juego1	easy	40.0	0.008	17027	700	301	192	-109	0	1	120.38	120.38	120.38
juego1	easy	40.0	0.008	17036	700	301	191	-110	0	1	120.7	120.7	120.7
juego1	easy	40.0	0.008	17045	700	301	190	-111	0	1	121.39	121.39	121.39
juego1	easy	40.0	0.008	17052	700	301	188	-113	0	1	122.0	122.0	122.0
juego1	easy	40.0	0.008	17060	700	301	187	-114	0	1	122.5	122.5	122.5
juego1	easy	40.0	0.008	17069	700	301	187	-114	0	1	122.78	122.78	122.78
juego1	easy	40.0	0.008	17078	700	301	185	-116	0	1	123.39	123.39	123.39
juego1	easy	40.0	0.008	17085	700	301	184	-117	0	1	123.7	123.7	123.7
juego1	easy	40.0	0.008	17094	700	301	183	-118	0	1	124.29	124.29	124.29
juego1	easy	40.0	0.008	17101	700	301	182	-119	0	1	124.89	124.89	124.89
juego1	easy	40.0	0.008	17110	700	301	181	-120	0	1	125.26	125.26	125.26
juego1	easy	40.0	0.008	17119	700	301	179	-122	0	1	126.18	126.18	126.18
juego1	easy	40.0	0.008	17128	700	301	176	-125	0	1	127.26	127.26	127.26
juego1	easy	40.0	0.008	17137	700	301	175	-126	0	1	127.97	127.97	127.97
juego1	easy	40.0	0.008	17145	700	301	172	-129	0	1	128.96	128.96	128.96
juego1	easy	40.0	0.008	17154	700	301	169	-132	0	1	130.18	130.18	130.18
juego1	easy	40.0	0.008	17163	700	301	166	-135	0	1	131.56	131.56	131.56
juego1	easy	40.0	0.008	17172	700	301	164	-137	0	1	132.63	132.63	132.63
juego1	easy	40.0	0.008	17182	700	301	162	-139	0	1	133.4	133.4	133.4
juego1	easy	40.0	0.008	17190	700	301	161	-140	0	1	133.8	133.8	133.8
juego1	easy	40.0	0.008	17199	700	301	159	-142	0	1	134.6	134.6	134.6
juego1	easy	40.0	0.008	17208	700	301	158	-143	0	1	135.29	135.29	135.29
juego1	easy	40.0	0.008	17215	700	301	157	-144	0	1	135.6	135.6	135.6
juego1	easy	40.0	0.008	17224	700	301	155	-146	0	1	136.2	136.2	136.2
juego1	easy	40.0	0.008	17233	700	301	154	-147	0	1	136.72	136.72	136.72
juego1	easy	40.0	0.008	17242	700	301	154	-147	0	1	137.01	137.01	137.01
juego1	easy	40.0	0.008	17251	700	301	153	-148	0	1	137.37	137.37	137.37
juego1	easy	40.0	0.008	17260	700	301	152	-149	0	1	137.55	137.55	137.55
juego1	easy	40.0	0.008	17269	700	301	152	-149	0	1	137.8	137.8	137.8
juego1	easy	40.0	0.008	17278	700	301	152	-149	0	1	137.9	137.9	137.9
juego1	easy	40.0	0.008	17285	700	301	151	-150	0	1	137.97	137.97	137.97
juego1	easy	40.0	0.008	17294	700	301	151	-150	0	1	138.14	138.14	138.14
juego1	easy	40.0	0.008	17302	700	301	151	-150	0	1	138.25	138.25	138.25
juego1	easy	40.0	0.008	17311	700	301	151	-150	0	1	138.26	138.26	138.26
juego1	easy	40.0	0.008	17320	700	301	151	-150	0	1	138.28	138.28	138.28
juego1	easy	40.0	0.008	17328	700	301	151	-150	0	1	138.3	138.3	138.3
juego1	easy	40.0	0.008	17337	700	301	151	-150	0	1	138.23	138.23	138.23
juego1	easy	40.0	0.008	17345	700	301	151	-150	0	1	138.15	138.15	138.15
juego1	easy	40.0	0.008	17354	700	301	151	-150	0	1	138.0	138.0	138.0
juego1	easy	40.0	0.008	17362	700	301	152	-149	0	1	137.87	137.87	137.87
juego1	easy	40.0	0.008	17371	700	301	152	-149	0	1	137.8	137.8	137.8
juego1	easy	40.0	0.008	17380	700	301	152	-149	0	1	137.64	137.64	137.64
juego1	easy	40.0	0.008	17389	700	301	153	-148	0	1	137.45	137.45	137.45
juego1	easy	40.0	0.008	17398	700	301	153	-148	0	1	137.2	137.2	137.2
juego1	easy	40.0	0.008	17406	700	301	154	-147	0	1	137.04	137.04	137.04
juego1	easy	40.0	0.008	17415	700	301	155	-146	0	1	136.61	136.61	136.61
juego1	easy	40.0	0.008	17424	700	301	156	-145	0	1	135.95	135.95	135.95
juego1	easy	40.0	0.008	17432	700	301	158	-143	0	1	135.11	135.11	135.11
juego1	easy	40.0	0.008	17441	700	301	159	-142	0	1	134.67	134.67	134.67
juego1	easy	40.0	0.008	17450	700	301	161	-140	0	1	133.78	133.78	133.78
juego1	easy	40.0	0.008	17459	700	301	163	-138	0	1	132.77	132.77	132.77
juego1	easy	40.0	0.008	17466	700	301	165	-136	0	1	132.19	132.19	132.19
juego1	easy	40.0	0.008	17474	700	301	168	-133	0	1	130.83	130.83	130.83
juego1	easy	40.0	0.008	17482	700	301	171	-130	0	1	129.3	129.3	129.3
juego1	easy	40.0	0.008	17491	700	301	173	-128	0	1	128.51	128.51	128.51
juego1	easy	40.0	0.008	17500	700	301	177	-124	0	1	126.81	126.81	126.81
juego1	easy	40.0	0.008	17509	700	301	181	-120	0	1	125.06	125.06	125.06
juego1	easy	40.0	0.008	17517	700	301	184	-117	0	1	123.89	123.89	123.89
juego1	easy	40.0	0.008	17526	700	301	187	-114	0	1	122.55	122.55	122.55
juego1	easy	40.0	0.008	17534	700	301	190	-111	0	1	121.14	121.14	121.14
juego1	easy	40.0	0.008	17543	700	301	193	-108	0	1	119.96	119.96	119.96
juego1	easy	40.0	0.008	17551	700	301	194	-107	0	1	119.38	119.38	119.38
juego1	easy	40.0	0.008	17560	700	301	197	-104	0	1	118.12	118.12	118.12
juego1	easy	40.0	0.008	17569	700	301	200	-101	0	1	116.76	116.76	116.76
juego1	easy	40.0	0.008	17578	700	301	204	-97	0	1	115.37	115.37	115.37
juego1	easy	40.0	0.008	17586	700	301	205	-96	0	1	114.68	114.68	114.68
juego1	easy	40.0	0.008	17595	700	301	209	-92	0	1	113.25	113.25	113.25
juego1	easy	40.0	0.008	17603	700	301	212	-89	0	1	111.74	111.74	111.74
juego1	easy	40.0	0.008	17610	700	301	214	-87	0	1	110.96	110.96	110.96
juego1	easy	40.0	0.008	17619	700	301	218	-83	0	1	109.38	109.38	109.38
juego1	easy	40.0	0.008	17626	700	301	218	-83	0	1	109.38	109.38	109.38
juego1	easy	40.0	0.008	17634	700	301	220	-81	0	1	108.15	108.15	108.15
juego1	easy	40.0	0.008	17643	700	301	224	-77	0	1	106.78	106.78	106.78
juego1	easy	40.0	0.008	17652	700	301	228	-73	0	1	104.99	104.99	104.99
juego1	easy	40.0	0.008	17661	700	301	229	-72	0	1	104.43	104.43	104.43
juego1	easy	40.0	0.008	17670	700	301	231	-70	0	1	103.36	103.36	103.36
juego1	easy	40.0	0.008	17678	700	301	234	-67	0	1	102.3	102.3	102.3
juego1	easy	40.0	0.008	17687	700	301	236	-65	0	1	101.3	101.3	101.3
juego1	easy	40.0	0.008	17696	700	301	237	-64	0	1	100.83	100.83	100.83
juego1	easy	40.0	0.008	17704	700	301	239	-62	0	1	99.89	99.89	99.89
juego1	easy	40.0	0.008	17713	700	301	242	-59	0	1	99.0	99.0	99.0
juego1	easy	40.0	0.008	17721	700	301	243	-58	0	1	98.55	98.55	98.55
juego1	easy	40.0	0.008	17729	700	301	245	-56	0	1	97.64	97.64	97.64
juego1	easy	40.0	0.008	17738	700	301	247	-54	0	1	96.74	96.74	96.74
juego1	easy	40.0	0.008	17746	700	301	248	-53	0	1	96.33	96.33	96.33
juego1	easy	40.0	0.008	17754	700	301	250	-51	0	1	95.51	95.51	95.51
juego1	easy	40.0	0.008	17763	700	301	251	-50	0	1	95.09	95.09	95.09
juego1	easy	40.0	0.008	17771	700	301	253	-48	0	1	94.17	94.17	94.17
juego1	easy	40.0	0.008	17780	700	301	255	-46	0	1	93.13	93.13	93.13
juego1	easy	40.0	0.008	17788	700	301	258	-43	0	1	91.96	91.96	91.96
juego1	easy	40.0	0.008	17797	700	301	259	-42	0	1	91.35	91.35	91.35
juego1	easy	40.0	0.008	17806	700	301	262	-39	0	1	90.25	90.25	90.25
juego1	easy	40.0	0.008	17815	700	301	264	-37	0	1	89.28	89.28	89.28
juego1	easy	40.0	0.008	17823	700	301	266	-35	0	1	88.43	88.43	88.43
juego1	easy	40.0	0.008	17832	700	301	267	-34	0	1	88.04	88.04	88.04
juego1	easy	40.0	0.008	17841	700	301	269	-32	0	1	87.2	87.2	87.2
juego1	easy	40.0	0.008	17848	700	301	271	-30	0	1	86.38	86.38	86.38
juego1	easy	40.0	0.008	17857	700	301	272	-29	0	1	85.95	85.95	85.95
juego1	easy	40.0	0.008	17865	700	301	274	-27	0	1	84.97	84.97	84.97
juego1	easy	40.0	0.008	17873	700	301	276	-25	0	1	83.92	83.92	83.92
juego1	easy	40.0	0.008	17881	700	301	278	-23	0	1	83.41	83.41	83.41
juego1	easy	40.0	0.008	17890	700	301	280	-21	0	1	82.46	82.46	82.46
juego1	easy	40.0	0.008	17899	700	301	281	-20	0	1	81.96	81.96	81.96
juego1	easy	40.0	0.008	17907	700	301	282	-19	0	1	81.33	81.33	81.33
juego1	easy	40.0	0.008	17916	700	301	284	-17	0	1	80.73	80.73	80.73
juego1	easy	40.0	0.008	17925	700	301	285	-16	0	1	80.24	80.24	80.24
juego1	easy	40.0	0.008	17932	700	301	285	-16	0	1	80.0	80.0	80.0
juego1	easy	40.0	0.008	17941	700	301	287	-14	0	1	79.5	79.5	79.5
juego1	easy	40.0	0.008	17950	700	301	288	-13	0	1	78.96	78.96	78.96
juego1	easy	40.0	0.008	17958	700	301	288	-13	0	1	78.71	78.71	78.71
juego1	easy	40.0	0.008	17967	700	301	289	-12	0	1	78.32	78.32	78.32
juego1	easy	40.0	0.008	17976	700	301	290	-11	0	1	78.03	78.03	78.03
juego1	easy	40.0	0.008	17985	700	301	291	-10	0	1	77.7	77.7	77.7
juego1	easy	40.0	0.008	17994	700	301	292	-9	0	1	77.31	77.31	77.31
juego1	easy	40.0	0.008	18001	700	301	292	-9	0	1	77.1	77.1	77.1
juego1	easy	40.0	0.008	18009	700	301	293	-8	0	1	76.62	76.62	76.62
juego1	easy	40.0	0.008	18018	700	301	294	-7	0	1	76.11	76.11	76.11
juego1	easy	40.0	0.008	18027	700	301	295	-6	0	1	75.84	75.84	75.84
juego1	easy	40.0	0.008	18035	700	301	296	-5	0	1	75.37	75.37	75.37
juego1	easy	40.0	0.008	18044	700	301	297	-4	0	1	74.93	74.93	74.93
juego1	easy	40.0	0.008	18054	700	301	298	-3	0	1	74.59	74.59	74.59
juego1	easy	40.0	0.008	18062	700	301	298	-3	0	1	74.44	74.44	74.44
juego1	easy	40.0	0.008	18070	700	301	299	-2	0	1	74.09	74.09	74.09
juego1	easy	40.0	0.008	18079	700	301	300	-1	0	1	73.89	73.89	73.89
juego1	easy	40.0	0.008	18088	700	301	300	-1	0	1	73.45	73.45	73.45
juego1	easy	40.0	0.008	18096	700	301	301	0	0	1	73.03	73.03	73.03
juego1	easy	40.0	0.008	18104	700	301	301	0	0	1	72.65	72.65	72.65
juego1	easy	40.0	0.008	18113	700	301	302	1	0	1	72.31	72.31	72.31
juego1	easy	40.0	0.008	18121	700	301	303	2	0	1	72.13	72.13	72.13
juego1	easy	40.0	0.008	18130	700	301	303	2	0	1	71.79	71.79	71.79
juego1	easy	40.0	0.008	18137	700	301	304	3	0	1	71.6	71.6	71.6
juego1	easy	40.0	0.008	18146	700	301	305	4	0	1	71.22	71.22	71.22
juego1	easy	40.0	0.008	18153	700	301	305	4	0	1	71.02	71.02	71.02
juego1	easy	40.0	0.008	18162	700	301	306	5	0	1	70.63	70.63	70.63
juego1	easy	40.0	0.008	18171	700	301	307	6	0	1	70.31	70.31	70.31
juego1	easy	40.0	0.008	18178	700	301	307	6	0	1	70.16	70.16	70.16
juego1	easy	40.0	0.008	18187	700	301	308	7	0	1	69.82	69.82	69.82
juego1	easy	40.0	0.008	18196	700	301	309	8	0	1	69.58	69.58	69.58
juego1	easy	40.0	0.008	18204	700	301	309	8	0	1	69.36	69.36	69.36
juego1	easy	40.0	0.008	18213	700	301	309	8	0	1	69.27	69.27	69.27
juego1	easy	40.0	0.008	18221	700	301	310	9	0	1	69.08	69.08	69.08
juego1	easy	40.0	0.008	18229	700	301	310	9	0	1	68.92	68.92	68.92
juego1	easy	40.0	0.008	18238	700	301	310	9	0	1	68.84	68.84	68.84
juego1	easy	40.0	0.008	18246	700	301	311	10	0	1	68.71	68.71	68.71
juego1	easy	40.0	0.008	18254	700	301	311	10	0	1	68.56	68.56	68.56
juego1	easy	40.0	0.008	18263	700	301	311	10	0	1	68.43	68.43	68.43
juego1	easy	40.0	0.008	18272	700	301	312	11	0	1	68.1	68.1	68.1
juego1	easy	40.0	0.008	18281	700	301	313	12	0	1	67.75	67.75	67.75
juego1	easy	40.0	0.008	18289	700	301	313	12	0	1	67.47	67.47	67.47
juego1	easy	40.0	0.008	18298	700	301	314	13	0	1	67.35	67.35	67.35
juego1	easy	40.0	0.008	18307	700	301	314	13	0	1	67.38	67.38	67.38
juego1	easy	40.0	0.008	18316	700	301	314	13	0	1	67.38	67.38	67.38
juego1	easy	40.0	0.008	18325	700	301	314	13	0	1	67.36	67.36	67.36
juego1	easy	40.0	0.008	18335	700	301	314	13	0	1	67.32	67.32	67.32
juego1	easy	40.0	0.008	18343	700	301	314	13	0	1	67.23	67.23	67.23
juego1	easy	40.0	0.008	18350	700	301	315	14	0	1	66.93	66.93	66.93
juego1	easy	40.0	0.008	18360	700	301	315	14	0	1	66.78	66.78	66.78
juego1	easy	40.0	0.008	18368	700	301	315	14	0	1	66.78	66.78	66.78
juego1	easy	40.0	0.008	18376	700	301	315	14	0	1	66.78	66.78	66.78
juego1	easy	40.0	0.008	18384	700	301	315	14	0	1	66.86	66.86	66.86
juego1	easy	40.0	0.008	18393	700	301	315	14	0	1	66.94	66.94	66.94
juego1	easy	40.0	0.008	18402	700	301	315	14	0	1	66.97	66.97	66.97
juego1	easy	40.0	0.008	18409	700	301	315	14	0	1	66.93	66.93	66.93
juego1	easy	40.0	0.008	18418	700	301	315	14	0	1	66.89	66.89	66.89
juego1	easy	40.0	0.008	18426	700	301	315	14	0	1	66.87	66.87	66.87
juego1	easy	40.0	0.008	18435	700	301	315	14	0	1	66.9	66.9	66.9
juego1	easy	40.0	0.008	18444	700	301	315	14	0	1	66.92	66.92	66.92
juego1	easy	40.0	0.008	18453	700	301	315	14	0	1	66.96	66.96	66.96
juego1	easy	40.0	0.008	18461	700	301	315	14	0	1	66.98	66.98	66.98
juego1	easy	40.0	0.008	18470	700	301	315	14	0	1	66.97	66.97	66.97
juego1	easy	40.0	0.008	18479	700	301	315	14	0	1	66.96	66.96	66.96
juego1	easy	40.0	0.008	18488	700	301	315	14	0	1	66.96	66.96	66.96
juego1	easy	40.0	0.008	21167	700	301	390	89	0	1	34.44	34.44	34.44
juego1	easy	40.0	0.008	21172	700	301	390	89	0	1	34.53	34.53	34.53
juego1	easy	40.0	0.008	21181	700	301	389	88	0	1	34.64	34.64	34.64
juego1	easy	40.0	0.008	21189	700	301	389	88	0	1	34.7	34.7	34.7
juego1	easy	40.0	0.008	21198	700	301	389	88	0	1	34.84	34.84	34.84
juego1	easy	40.0	0.008	21207	700	301	389	88	0	1	34.95	34.95	34.95
juego1	easy	40.0	0.008	21216	700	301	388	87	0	1	35.03	35.03	35.03
juego1	easy	40.0	0.008	21223	700	301	388	87	0	1	35.09	35.09	35.09
juego1	easy	40.0	0.008	21232	700	301	388	87	0	1	35.21	35.21	35.21
juego1	easy	40.0	0.008	21241	700	301	388	87	0	1	35.34	35.34	35.34
juego1	easy	40.0	0.008	21249	700	301	388	87	0	1	35.4	35.4	35.4
juego1	easy	40.0	0.008	21258	700	301	387	86	0	1	35.53	35.53	35.53
juego1	easy	40.0	0.008	21267	700	301	387	86	0	1	35.68	35.68	35.68
juego1	easy	40.0	0.008	21274	700	301	387	86	0	1	35.75	35.75	35.75
juego1	easy	40.0	0.008	21283	700	301	386	85	0	1	35.91	35.91	35.91
juego1	easy	40.0	0.008	21290	700	301	386	85	0	1	35.98	35.98	35.98
juego1	easy	40.0	0.008	21299	700	301	386	85	0	1	36.14	36.14	36.14
juego1	easy	40.0	0.008	21308	700	301	385	84	0	1	36.34	36.34	36.34
juego1	easy	40.0	0.008	21315	700	301	385	84	0	1	36.46	36.46	36.46
juego1	easy	40.0	0.008	21324	700	301	385	84	0	1	36.73	36.73	36.73
juego1	easy	40.0	0.008	21333	700	301	384	83	0	1	36.98	36.98	36.98
juego1	easy	40.0	0.008	21342	700	301	383	82	0	1	37.24	37.24	37.24
juego1	easy	40.0	0.008	21350	700	301	383	82	0	1	37.39	37.39	37.39
juego1	easy	40.0	0.008	21359	700	301	382	81	0	1	37.72	37.72	37.72
juego1	easy	40.0	0.008	21366	700	301	381	80	0	1	38.14	38.14	38.14
juego1	easy	40.0	0.008	21374	700	301	381	80	0	1	38.36	38.36	38.36
juego1	easy	40.0	0.008	21383	700	301	380	79	0	1	38.88	38.88	38.88
juego1	easy	40.0	0.008	21392	700	301	378	77	0	1	39.53	39.53	39.53
juego1	easy	40.0	0.008	21401	700	301	377	76	0	1	39.88	39.88	39.88
juego1	easy	40.0	0.008	21410	700	301	376	75	0	1	40.63	40.63	40.63
juego1	easy	40.0	0.008	21418	700	301	374	73	0	1	41.07	41.07	41.07
juego1	easy	40.0	0.008	21427	700	301	373	72	0	1	41.77	41.77	41.77
juego1	easy	40.0	0.008	21436	700	301	371	70	0	1	42.73	42.73	42.73
juego1	easy	40.0	0.008	21445	700	301	368	67	0	1	43.98	43.98	43.98
juego1	easy	40.0	0.008	21454	700	301	365	64	0	1	45.33	45.33	45.33
juego1	easy	40.0	0.008	21463	700	301	361	60	0	1	46.71	46.71	46.71
juego1	easy	40.0	0.008	21472	700	301	358	57	0	1	48.11	48.11	48.11
juego1	easy	40.0	0.008	21479	700	301	357	56	0	1	48.8	48.8	48.8
juego1	easy	40.0	0.008	21488	700	301	355	54	0	1	49.53	49.53	49.53
juego1	easy	40.0	0.008	21497	700	301	352	51	0	1	50.97	50.97	50.97
juego1	easy	40.0	0.008	21506	700	301	348	47	0	1	52.65	52.65	52.65
juego1	easy	40.0	0.008	21513	700	301	343	42	0	1	54.54	54.54	54.54
juego1	easy	40.0	0.008	21522	700	301	339	38	0	1	56.61	56.61	56.61
juego1	easy	40.0	0.008	21531	700	301	336	35	0	1	57.7	57.7	57.7
juego1	easy	40.0	0.008	21540	700	301	331	30	0	1	60.05	60.05	60.05
juego1	easy	40.0	0.008	21549	700	301	325	24	0	1	62.34	62.34	62.34
juego1	easy	40.0	0.008	21558	700	301	320	19	0	1	64.46	64.46	64.46
juego1	easy	40.0	0.008	21565	700	301	318	17	0	1	65.39	65.39	65.39
juego1	easy	40.0	0.008	21574	700	301	314	13	0	1	67.14	67.14	67.14
juego1	easy	40.0	0.008	21582	700	301	312	11	0	1	68.25	68.25	68.25
juego1	easy	40.0	0.008	21591	700	301	309	8	0	1	69.39	69.39	69.39
juego1	easy	40.0	0.008	21600	700	301	306	5	0	1	70.87	70.87	70.87
juego1	easy	40.0	0.008	21608	700	301	303	2	0	1	72.11	72.11	72.11
juego1	easy	40.0	0.008	21617	700	301	300	-1	0	1	73.66	73.66	73.66
juego1	easy	40.0	0.008	21626	700	301	298	-3	0	1	74.57	74.57	74.57
juego1	easy	40.0	0.008	21634	700	301	298	-3	0	1	74.57	74.57	74.57
juego1	easy	40.0	0.008	21643	700	301	291	-10	0	1	77.52	77.52	77.52
juego1	easy	40.0	0.008	21651	700	301	287	-14	0	1	79.31	79.31	79.31
juego1	easy	40.0	0.008	21660	700	301	284	-17	0	1	80.8	80.8	80.8
juego1	easy	40.0	0.008	21669	700	301	281	-20	0	1	82.09	82.09	82.09
juego1	easy	40.0	0.008	21678	700	301	278	-23	0	1	83.35	83.35	83.35
juego1	easy	40.0	0.008	21687	700	301	275	-26	0	1	84.7	84.7	84.7
juego1	easy	40.0	0.008	21696	700	301	273	-28	0	1	85.42	85.42	85.42
juego1	easy	40.0	0.008	21705	700	301	269	-32	0	1	86.9	86.9	86.9
juego1	easy	40.0	0.008	21712	700	301	269	-32	0	1	86.9	86.9	86.9
juego1	easy	40.0	0.008	21720	700	301	266	-35	0	1	88.21	88.21	88.21
juego1	easy	40.0	0.008	21728	700	301	261	-40	0	1	90.66	90.66	90.66
juego1	easy	40.0	0.008	21737	700	301	258	-43	0	1	91.98	91.98	91.98
juego1	easy	40.0	0.008	21746	700	301	256	-45	0	1	92.67	92.67	92.67
juego1	easy	40.0	0.008	21754	700	301	253	-48	0	1	94.15	94.15	94.15
juego1	easy	40.0	0.008	21763	700	301	249	-52	0	1	95.61	95.61	95.61
juego1	easy	40.0	0.008	21772	700	301	246	-55	0	1	96.92	96.92	96.92
juego1	easy	40.0	0.008	21780	700	301	245	-56	0	1	97.57	97.57	97.57
juego1	easy	40.0	0.008	21789	700	301	243	-58	0	1	98.3	98.3	98.3
juego1	easy	40.0	0.008	21797	700	301	239	-62	0	1	99.96	99.96	99.96
juego1	easy	40.0	0.008	21806	700	301	235	-66	0	1	101.71	101.71	101.71
juego1	easy	40.0	0.008	21815	700	301	232	-69	0	1	103.32	103.32	103.32
juego1	easy	40.0	0.008	21824	700	301	228	-73	0	1	104.68	104.68	104.68
juego1	easy	40.0	0.008	21833	700	301	226	-75	0	1	105.89	105.89	105.89
juego1	easy	40.0	0.008	21841	700	301	224	-77	0	1	106.45	106.45	106.45
juego1	easy	40.0	0.008	21850	700	301	222	-79	0	1	107.51	107.51	107.51
juego1	easy	40.0	0.008	21859	700	301	219	-82	0	1	108.6	108.6	108.6
juego1	easy	40.0	0.008	21868	700	301	216	-85	0	1	109.89	109.89	109.89
juego1	easy	40.0	0.008	21877	700	301	215	-86	0	1	110.54	110.54	110.54
juego1	easy	40.0	0.008	21885	700	301	212	-89	0	1	111.8	111.8	111.8
juego1	easy	40.0	0.008	21894	700	301	209	-92	0	1	112.92	112.92	112.92
juego1	easy	40.0	0.008	21903	700	301	207	-94	0	1	113.91	113.91	113.91
juego1	easy	40.0	0.008	21911	700	301	206	-95	0	1	114.32	114.32	114.32
juego1	easy	40.0	0.008	21920	700	301	205	-96	0	1	114.71	114.71	114.71
juego1	easy	40.0	0.008	21929	700	301	204	-97	0	1	115.33	115.33	115.33
juego1	easy	40.0	0.008	21937	700	301	201	-100	0	1	116.67	116.67	116.67
juego1	easy	40.0	0.008	21946	700	301	200	-101	0	1	117.12	117.12	117.12
juego1	easy	40.0	0.008	21955	700	301	197	-104	0	1	118.13	118.13	118.13
juego1	easy	40.0	0.008	21964	700	301	194	-107	0	1	119.39	119.39	119.39
juego1	easy	40.0	0.008	21973	700	301	191	-110	0	1	120.85	120.85	120.85
juego1	easy	40.0	0.008	21980	700	301	189	-112	0	1	121.62	121.62	121.62
juego1	easy	40.0	0.008	21989	700	301	186	-115	0	1	123.18	123.18	123.18
juego1	easy	40.0	0.008	21998	700	301	182	-119	0	1	124.68	124.68	124.68
juego1	easy	40.0	0.008	22006	700	301	180	-121	0	1	125.4	125.4	125.4
juego1	easy	40.0	0.008	22014	700	301	177	-124	0	1	126.82	126.82	126.82
juego1	easy	40.0	0.008	22022	700	301	176	-125	0	1	127.4	127.4	127.4
juego1	easy	40.0	0.008	22030	700	301	174	-127	0	1	128.25	128.25	128.25
juego1	easy	40.0	0.008	22039	700	301	172	-129	0	1	129.05	129.05	129.05
juego1	easy	40.0	0.008	22048	700	301	170	-131	0	1	129.94	129.94	129.94
juego1	easy	40.0	0.008	22057	700	301	169	-132	0	1	130.41	130.41	130.41
juego1	easy	40.0	0.008	22065	700	301	167	-134	0	1	131.3	131.3	131.3
juego1	easy	40.0	0.008	22073	700	301	165	-136	0	1	132.18	132.18	132.18
juego1	easy	40.0	0.008	22081	700	301	164	-137	0	1	132.66	132.66	132.66
juego1	easy	40.0	0.008	22090	700	301	162	-139	0	1	133.53	133.53	133.53
juego1	easy	40.0	0.008	22099	700	301	160	-141	0	1	134.25	134.25	134.25
juego1	easy	40.0	0.008	22107	700	301	159	-142	0	1	134.58	134.58	134.58
juego1	easy	40.0	0.008	22116	700	301	158	-143	0	1	135.16	135.16	135.16
juego1	easy	40.0	0.008	22125	700	301	157	-144	0	1	135.6	135.6	135.6
juego1	easy	40.0	0.008	22134	700	301	157	-144	0	1	135.7	135.7	135.7
juego1	easy	40.0	0.008	22142	700	301	157	-144	0	1	135.65	135.65	135.65
juego1	easy	40.0	0.008	22149	700	301	157	-144	0	1	135.47	135.47	135.47
juego1	easy	40.0	0.008	22159	700	301	158	-143	0	1	135.22	135.22	135.22
juego1	easy	40.0	0.008	22167	700	301	158	-143	0	1	135.06	135.06	135.06
juego1	easy	40.0	0.008	22176	700	301	159	-142	0	1	134.67	134.67	134.67
juego1	easy	40.0	0.008	22185	700	301	160	-141	0	1	134.17	134.17	134.17
juego1	easy	40.0	0.008	22194	700	301	162	-139	0	1	133.54	133.54	133.54
juego1	easy	40.0	0.008	22203	700	301	163	-138	0	1	132.82	132.82	132.82
juego1	easy	40.0	0.008	22210	700	301	164	-137	0	1	132.4	132.4	132.4
juego1	easy	40.0	0.008	22219	700	301	167	-134	0	1	131.41	131.41	131.41
juego1	easy	40.0	0.008	22228	700	301	169	-132	0	1	130.22	130.22	130.22
juego1	easy	40.0	0.008	22237	700	301	171	-130	0	1	129.56	129.56	129.56
juego1	easy	40.0	0.008	22246	700	301	174	-127	0	1	128.02	128.02	128.02
juego1	easy	40.0	0.008	22255	700	301	179	-122	0	1	126.23	126.23	126.23
juego1	easy	40.0	0.008	22263	700	301	183	-118	0	1	124.26	124.26	124.26
juego1	easy	40.0	0.008	22271	700	301	186	-115	0	1	123.16	123.16	123.16
juego1	easy	40.0	0.008	22279	700	301	191	-110	0	1	120.93	120.93	120.93
juego1	easy	40.0	0.008	22288	700	301	193	-108	0	1	119.81	119.81	119.81
juego1	easy	40.0	0.008	22295	700	301	199	-102	0	1	117.5	117.5	117.5
juego1	easy	40.0	0.008	22304	700	301	204	-97	0	1	115.32	115.32	115.32
juego1	easy	40.0	0.008	22311	700	301	206	-95	0	1	114.26	114.26	114.26
juego1	easy	40.0	0.008	22320	700	301	209	-92	0	1	113.27	113.27	113.27
juego1	easy	40.0	0.008	22328	700	301	213	-88	0	1	111.28	111.28	111.28
juego1	easy	40.0	0.008	22336	700	301	218	-83	0	1	109.24	109.24	109.24
juego1	easy	40.0	0.008	22345	700	301	223	-78	0	1	107.05	107.05	107.05
juego1	easy	40.0	0.008	22354	700	301	228	-73	0	1	104.67	104.67	104.67
juego1	easy	40.0	0.008	22361	700	301	231	-70	0	1	103.43	103.43	103.43
juego1	easy	40.0	0.008	22370	700	301	237	-64	0	1	100.86	100.86	100.86
juego1	easy	40.0	0.008	22379	700	301	243	-58	0	1	98.37	98.37	98.37
juego1	easy	40.0	0.008	22388	700	301	246	-55	0	1	97.19	97.19	97.19
juego1	easy	40.0	0.008	22397	700	301	246	-55	0	1	97.19	97.19	97.19
juego1	easy	40.0	0.008	22405	700	301	256	-45	0	1	92.57	92.57	92.57
juego1	easy	40.0	0.008	22413	700	301	262	-39	0	1	90.35	90.35	90.35
juego1	easy	40.0	0.008	22422	700	301	264	-37	0	1	89.3	89.3	89.3
juego1	easy	40.0	0.008	22431	700	301	269	-32	0	1	87.25	87.25	87.25
juego1	easy	40.0	0.008	22440	700	301	273	-28	0	1	85.38	85.38	85.38
juego1	easy	40.0	0.008	22447	700	301	275	-26	0	1	84.45	84.45	84.45
juego1	easy	40.0	0.008	22456	700	301	279	-22	0	1	82.59	82.59	82.59
juego1	easy	40.0	0.008	22465	700	301	284	-17	0	1	80.77	80.77	80.77
juego1	easy	40.0	0.008	22474	700	301	286	-15	0	1	79.87	79.87	79.87
juego1	easy	40.0	0.008	22483	700	301	289	-12	0	1	78.4	78.4	78.4
juego1	easy	40.0	0.008	22492	700	301	293	-8	0	1	76.64	76.64	76.64
juego1	easy	40.0	0.008	22501	700	301	297	-4	0	1	75.11	75.11	75.11
juego1	easy	40.0	0.008	22510	700	301	300	-1	0	1	73.6	73.6	73.6
juego1	easy	40.0	0.008	22517	700	301	301	0	0	1	72.88	72.88	72.88
juego1	easy	40.0	0.008	22526	700	301	304	3	0	1	71.51	71.51	71.51
juego1	easy	40.0	0.008	22535	700	301	307	6	0	1	70.31	70.31	70.31
juego1	easy	40.0	0.008	22544	700	301	309	8	0	1	69.19	69.19	69.19
juego1	easy	40.0	0.008	22551	700	301	311	10	0	1	68.62	68.62	68.62
juego1	easy	40.0	0.008	22560	700	301	313	12	0	1	67.46	67.46	67.46
juego1	easy	40.0	0.008	22569	700	301	316	15	0	1	66.28	66.28	66.28
juego1	easy	40.0	0.008	22577	700	301	317	16	0	1	65.72	65.72	65.72
juego1	easy	40.0	0.008	22585	700	301	320	19	0	1	64.6	64.6	64.6
juego1	easy	40.0	0.008	22594	700	301	323	22	0	1	63.49	63.49	63.49
juego1	easy	40.0	0.008	22602	700	301	324	23	0	1	62.97	62.97	62.97
juego1	easy	40.0	0.008	22610	700	301	326	25	0	1	61.95	61.95	61.95
juego1	easy	40.0	0.008	22618	700	301	327	26	0	1	61.4	61.4	61.4
juego1	easy	40.0	0.008	22627	700	301	330	29	0	1	60.24	60.24	60.24
juego1	easy	40.0	0.008	22636	700	301	333	32	0	1	59.12	59.12	59.12
juego1	easy	40.0	0.008	22643	700	301	334	33	0	1	58.62	58.62	58.62
juego1	easy	40.0	0.008	22652	700	301	336	35	0	1	57.65	57.65	57.65
juego1	easy	40.0	0.008	22661	700	301	338	37	0	1	56.65	56.65	56.65
juego1	easy	40.0	0.008	22669	700	301	340	39	0	1	56.1	56.1	56.1
juego1	easy	40.0	0.008	22677	700	301	343	42	0	1	54.82	54.82	54.82
juego1	easy	40.0	0.008	22685	700	301	346	45	0	1	53.36	53.36	53.36
juego1	easy	40.0	0.008	22696	700	301	349	48	0	1	51.91	51.91	51.91
juego1	easy	40.0	0.008	22705	700	301	349	48	0	1	51.91	51.91	51.91
juego1	easy	40.0	0.008	22712	700	301	354	53	0	1	49.74	49.74	49.74
juego1	easy	40.0	0.008	22720	700	301	358	57	0	1	48.09	48.09	48.09
juego1	easy	40.0	0.008	22728	700	301	360	59	0	1	47.38	47.38	47.38
juego1	easy	40.0	0.008	22737	700	301	363	62	0	1	46.05	46.05	46.05
juego1	easy	40.0	0.008	22746	700	301	365	64	0	1	44.97	44.97	44.97
juego1	easy	40.0	0.008	22753	700	301	366	65	0	1	44.53	44.53	44.53
juego1	easy	40.0	0.008	22762	700	301	368	67	0	1	43.72	43.72	43.72
juego1	easy	40.0	0.008	22770	700	301	370	69	0	1	42.9	42.9	42.9
juego1	easy	40.0	0.008	22778	700	301	370	69	0	1	42.9	42.9	42.9
juego1	easy	40.0	0.008	22786	700	301	372	71	0	1	42.09	42.09	42.09
juego1	easy	40.0	0.008	22795	700	301	376	75	0	1	40.32	40.32	40.32
juego1	easy	40.0	0.008	22803	700	301	378	77	0	1	39.66	39.66	39.66
juego1	easy	40.0	0.008	22812	700	301	380	79	0	1	38.86	38.86	38.86
juego1	easy	40.0	0.008	22821	700	301	381	80	0	1	38.14	38.14	38.14
juego1	easy	40.0	0.008	22830	700	301	383	82	0	1	37.51	37.51	37.51
juego1	easy	40.0	0.008	22839	700	301	383	82	0	1	37.28	37.28	37.28
juego1	easy	40.0	0.008	22847	700	301	385	84	0	1	36.68	36.68	36.68
juego1	easy	40.0	0.008	22856	700	301	386	85	0	1	36.02	36.02	36.02
juego1	easy	40.0	0.008	22865	700	301	388	87	0	1	35.35	35.35	35.35
juego1	easy	40.0	0.008	22873	700	301	388	87	0	1	35.06	35.06	35.06
juego1	easy	40.0	0.008	22882	700	301	390	89	0	1	34.55	34.55	34.55
juego1	easy	40.0	0.008	22889	700	301	390	89	0	1	34.29	34.29	34.29
juego1	easy	40.0	0.008	22898	700	301	391	90	0	1	34.03	34.03	34.03
juego1	easy	40.0	0.008	22905	700	301	392	91	0	1	33.53	33.53	33.53
juego1	easy	40.0	0.008	22914	700	301	393	92	0	1	33.19	33.19	33.19
juego1	easy	40.0	0.008	22922	700	301	394	93	0	1	32.81	32.81	32.81
juego1	easy	40.0	0.008	22931	700	301	395	94	0	1	32.41	32.41	32.41
juego1	easy	40.0	0.008	22939	700	301	395	94	0	1	32.29	32.29	32.29
juego1	easy	40.0	0.008	22947	700	301	395	94	0	1	32.09	32.09	32.09
juego1	easy	40.0	0.008	22956	700	301	396	95	0	1	31.94	31.94	31.94
juego1	easy	40.0	0.008	22965	700	301	396	95	0	1	31.8	31.8	31.8
juego1	easy	40.0	0.008	22972	700	301	396	95	0	1	31.76	31.76	31.76
juego1	easy	40.0	0.008	22981	700	301	396	95	0	1	31.73	31.73	31.73
juego1	easy	40.0	0.008	22990	700	301	396	95	0	1	31.75	31.75	31.75
juego1	easy	40.0	0.008	22998	700	301	396	95	0	1	31.79	31.79	31.79
juego1	easy	40.0	0.008	23006	700	301	396	95	0	1	31.77	31.77	31.77
juego1	easy	40.0	0.008	23015	700	301	396	95	0	1	31.65	31.65	31.65
juego1	easy	40.0	0.008	23024	700	301	396	95	0	1	31.56	31.56	31.56
juego1	easy	40.0	0.008	23033	700	301	397	96	0	1	31.36	31.36	31.36
juego1	easy	40.0	0.008	23042	700	301	397	96	0	1	31.22	31.22	31.22
juego1	easy	40.0	0.008	23051	700	301	398	97	0	1	31.1	31.1	31.1
juego1	easy	40.0	0.008	23061	700	301	398	97	0	1	30.98	30.98	30.98
juego1	easy	40.0	0.008	23069	700	301	398	97	0	1	30.94	30.94	30.94
juego1	easy	40.0	0.008	23078	700	301	398	97	0	1	30.91	30.91	30.91
juego1	easy	40.0	0.008	23086	700	301	398	97	0	1	30.93	30.93	30.93
juego1	easy	40.0	0.008	23094	700	301	398	97	0	1	30.96	30.96	30.96
juego1	easy	40.0	0.008	23103	700	301	398	97	0	1	31.05	31.05	31.05
juego1	easy	40.0	0.008	23112	700	301	397	96	0	1	31.25	31.25	31.25
juego1	easy	40.0	0.008	23121	700	301	397	96	0	1	31.51	31.51	31.51
juego1	easy	40.0	0.008	23129	700	301	396	95	0	1	31.66	31.66	31.66
juego1	easy	40.0	0.008	23137	700	301	395	94	0	1	32.06	32.06	32.06
juego1	easy	40.0	0.008	23145	700	301	394	93	0	1	32.67	32.67	32.67
juego1	easy	40.0	0.008	23154	700	301	393	92	0	1	33.06	33.06	33.06
juego1	easy	40.0	0.008	23163	700	301	391	90	0	1	34.0	34.0	34.0
juego1	easy	40.0	0.008	23170	700	301	389	88	0	1	34.6	34.6	34.6
juego1	easy	40.0	0.008	23178	700	301	386	85	0	1	36.04	36.04	36.04
juego1	easy	40.0	0.008	23186	700	301	382	81	0	1	37.97	37.97	37.97
juego1	easy	40.0	0.008	23195	700	301	379	78	0	1	39.14	39.14	39.14
juego1	easy	40.0	0.008	23204	700	301	374	73	0	1	41.45	41.45	41.45
juego1	easy	40.0	0.008	23211	700	301	370	69	0	1	43.19	43.19	43.19
juego1	easy	40.0	0.008	23220	700	301	363	62	0	1	46.17	46.17	46.17
juego1	easy	40.0	0.008	23228	700	301	356	55	0	1	49.11	49.11	49.11
juego1	easy	40.0	0.008	23236	700	301	352	51	0	1	50.58	50.58	50.58
juego1	easy	40.0	0.008	23244	700	301	346	45	0	1	53.41	53.41	53.41
juego1	easy	40.0	0.008	23253	700	301	340	39	0	1	56.09	56.09	56.09
juego1	easy	40.0	0.008	23262	700	301	334	33	0	1	58.42	58.42	58.42
juego1	easy	40.0	0.008	23271	700	301	332	31	0	1	59.45	59.45	59.45
juego1	easy	40.0	0.008	23279	700	301	327	26	0	1	61.63	61.63	61.63
juego1	easy	40.0	0.008	23287	700	301	324	23	0	1	62.82	62.82	62.82
juego1	easy	40.0	0.008	23296	700	301	315	14	0	1	66.74	66.74	66.74
juego1	easy	40.0	0.008	23305	700	301	312	11	0	1	68.05	68.05	68.05
juego1	easy	40.0	0.008	23313	700	301	307	6	0	1	70.19	70.19	70.19
juego1	easy	40.0	0.008	23321	700	301	304	3	0	1	71.65	71.65	71.65
juego1	easy	40.0	0.008	23328	700	301	303	2	0	1	72.14	72.14	72.14
juego1	easy	40.0	0.008	23336	700	301	301	0	0	1	72.78	72.78	72.78
juego1	easy	40.0	0.008	23344	700	301	301	0	0	1	73.04	73.04	73.04
juego1	easy	40.0	0.008	23353	700	301	300	-1	0	1	73.56	73.56	73.56
juego1	easy	40.0	0.008	23361	700	301	299	-2	0	1	74.32	74.32	74.32
juego1	easy	40.0	0.008	23370	700	301	297	-4	0	1	74.85	74.85	74.85
juego1	easy	40.0	0.008	23379	700	301	294	-7	0	1	76.19	76.19	76.19
juego1	easy	40.0	0.008	23387	700	301	292	-9	0	1	77.02	77.02	77.02
juego1	easy	40.0	0.008	23395	700	301	288	-13	0	1	78.69	78.69	78.69
juego1	easy	40.0	0.008	23403	700	301	285	-16	0	1	80.17	80.17	80.17
juego1	easy	40.0	0.008	23412	700	301	283	-18	0	1	81.21	81.21	81.21
juego1	easy	40.0	0.008	23421	700	301	281	-20	0	1	81.99	81.99	81.99
juego1	easy	40.0	0.008	23430	700	301	280	-21	0	1	82.36	82.36	82.36
juego1	easy	40.0	0.008	23439	700	301	278	-23	0	1	83.16	83.16	83.16
juego1	easy	40.0	0.008	23446	700	301	276	-25	0	1	84.04	84.04	84.04
juego1	easy	40.0	0.008	23454	700	301	275	-26	0	1	84.63	84.63	84.63
juego1	easy	40.0	0.008	23463	700	301	271	-30	0	1	86.11	86.11	86.11
juego1	easy	40.0	0.008	23472	700	301	268	-33	0	1	87.69	87.69	87.69
juego1	easy	40.0	0.008	23481	700	301	266	-35	0	1	88.47	88.47	88.47
juego1	easy	40.0	0.008	23490	700	301	263	-38	0	1	89.81	89.81	89.81
juego1	easy	40.0	0.008	23499	700	301	263	-38	0	1	89.81	89.81	89.81
juego1	easy	40.0	0.008	23508	700	301	257	-44	0	1	92.44	92.44	92.44
juego1	easy	40.0	0.008	23516	700	301	253	-48	0	1	94.1	94.1	94.1
juego1	easy	40.0	0.008	23524	700	301	251	-50	0	1	95.03	95.03	95.03
juego1	easy	40.0	0.008	23532	700	301	246	-55	0	1	97.19	97.19	97.19
juego1	easy	40.0	0.008	23541	700	301	240	-61	0	1	99.51	99.51	99.51
juego1	easy	40.0	0.008	23550	700	301	238	-63	0	1	100.65	100.65	100.65
juego1	easy	40.0	0.008	23559	700	301	233	-68	0	1	102.71	102.71	102.71
juego1	easy	40.0	0.008	23566	700	301	229	-72	0	1	104.24	104.24	104.24
juego1	easy	40.0	0.008	23575	700	301	228	-73	0	1	104.92	104.92	104.92
juego1	easy	40.0	0.008	23584	700	301	225	-76	0	1	106.19	106.19	106.19
juego1	easy	40.0	0.008	23592	700	301	222	-79	0	1	107.33	107.33	107.33
juego1	easy	40.0	0.008	23601	700	301	221	-80	0	1	107.86	107.86	107.86
juego1	easy	40.0	0.008	23610	700	301	219	-82	0	1	108.87	108.87	108.87
juego1	easy	40.0	0.008	23618	700	301	217	-84	0	1	109.41	109.41	109.41
juego1	easy	40.0	0.008	23627	700	301	215	-86	0	1	110.5	110.5	110.5
juego1	easy	40.0	0.008	23635	700	301	212	-89	0	1	111.68	111.68	111.68
juego1	easy	40.0	0.008	23644	700	301	210	-91	0	1	112.81	112.81	112.81
juego1	easy	40.0	0.008	23653	700	301	207	-94	0	1	113.93	113.93	113.93
juego1	easy	40.0	0.008	23660	700	301	206	-95	0	1	114.51	114.51	114.51
juego1	easy	40.0	0.008	23669	700	301	203	-98	0	1	115.85	115.85	115.85
juego1	easy	40.0	0.008	23677	700	301	199	-102	0	1	117.45	117.45	117.45
juego1	easy	40.0	0.008	23686	700	301	197	-104	0	1	118.27	118.27	118.27
juego1	easy	40.0	0.008	23695	700	301	193	-108	0	1	120.05	120.05	120.05
juego1	easy	40.0	0.008	23703	700	301	189	-112	0	1	121.77	121.77	121.77
juego1	easy	40.0	0.008	23712	700	301	185	-116	0	1	123.31	123.31	123.31
juego1	easy	40.0	0.008	23720	700	301	184	-117	0	1	124.0	124.0	124.0
juego1	easy	40.0	0.008	23728	700	301	181	-120	0	1	125.14	125.14	125.14
juego1	easy	40.0	0.008	23737	700	301	179	-122	0	1	125.89	125.89	125.89
juego1	easy	40.0	0.008	23746	700	301	179	-122	0	1	126.05	126.05	126.05
juego1	easy	40.0	0.008	23754	700	301	178	-123	0	1	126.45	126.45	126.45
juego1	easy	40.0	0.008	23763	700	301	178	-123	0	1	126.66	126.66	126.66
juego1	easy	40.0	0.008	23772	700	301	176	-125	0	1	127.18	127.18	127.18
juego1	easy	40.0	0.008	23781	700	301	175	-126	0	1	127.82	127.82	127.82
juego1	easy	40.0	0.008	23790	700	301	174	-127	0	1	128.17	128.17	128.17
juego1	easy	40.0	0.008	23799	700	301	174	-127	0	1	128.37	128.37	128.37
juego1	easy	40.0	0.008	23806	700	301	173	-128	0	1	128.45	128.45	128.45
juego1	easy	40.0	0.008	23814	700	301	173	-128	0	1	128.48	128.48	128.48
juego1	easy	40.0	0.008	23823	700	301	173	-128	0	1	128.57	128.57	128.57
juego1	easy	40.0	0.008	23831	700	301	173	-128	0	1	128.61	128.61	128.61
juego1	easy	40.0	0.008	23840	700	301	173	-128	0	1	128.71	128.71	128.71
juego1	easy	40.0	0.008	23849	700	301	173	-128	0	1	128.72	128.72	128.72
juego1	easy	40.0	0.008	23858	700	301	173	-128	0	1	128.61	128.61	128.61
juego1	easy	40.0	0.008	23866	700	301	173	-128	0	1	128.51	128.51	128.51
juego1	easy	40.0	0.008	23875	700	301	174	-127	0	1	128.2	128.2	128.2
juego1	easy	40.0	0.008	23882	700	301	175	-126	0	1	127.68	127.68	127.68
juego1	easy	40.0	0.008	23890	700	301	176	-125	0	1	127.36	127.36	127.36
juego1	easy	40.0	0.008	23899	700	301	178	-123	0	1	126.59	126.59	126.59
juego1	easy	40.0	0.008	23908	700	301	180	-121	0	1	125.7	125.7	125.7
juego1	easy	40.0	0.008	23917	700	301	181	-120	0	1	125.23	125.23	125.23
juego1	easy	40.0	0.008	23926	700	301	183	-118	0	1	124.23	124.23	124.23
juego1	easy	40.0	0.008	23934	700	301	186	-115	0	1	123.1	123.1	123.1
juego1	easy	40.0	0.008	23942	700	301	189	-112	0	1	121.77	121.77	121.77
juego1	easy	40.0	0.008	23950	700	301	191	-110	0	1	121.0	121.0	121.0
juego1	easy	40.0	0.008	23959	700	301	194	-107	0	1	119.37	119.37	119.37
juego1	easy	40.0	0.008	23968	700	301	198	-103	0	1	117.61	117.61	117.61
juego1	easy	40.0	0.008	23977	700	301	203	-98	0	1	115.74	115.74	115.74
juego1	easy	40.0	0.008	23986	700	301	205	-96	0	1	114.74	114.74	114.74
juego1	easy	40.0	0.008	23995	700	301	210	-91	0	1	112.54	112.54	112.54
juego1	easy	40.0	0.008	24004	700	301	215	-86	0	1	110.29	110.29	110.29
juego1	easy	40.0	0.008	24013	700	301	218	-83	0	1	109.18	109.18	109.18
juego1	easy	40.0	0.008	24022	700	301	224	-77	0	1	106.77	106.77	106.77
juego1	easy	40.0	0.008	24029	700	301	229	-72	0	1	104.23	104.23	104.23
juego1	easy	40.0	0.008	24037	700	301	235	-66	0	1	101.67	101.67	101.67
juego1	easy	40.0	0.008	24045	700	301	239	-62	0	1	100.27	100.27	100.27
juego1	easy	40.0	0.008	24054	700	301	245	-56	0	1	97.47	97.47	97.47
juego1	easy	40.0	0.008	24063	700	301	252	-49	0	1	94.6	94.6	94.6
juego1	easy	40.0	0.008	24071	700	301	255	-46	0	1	93.26	93.26	93.26
juego1	easy	40.0	0.008	24080	700	301	261	-40	0	1	90.53	90.53	90.53
juego1	easy	40.0	0.008	24088	700	301	267	-34	0	1	87.8	87.8	87.8
juego1	easy	40.0	0.008	24096	700	301	270	-31	0	1	86.48	86.48	86.48
juego1	easy	40.0	0.008	24105	700	301	273	-28	0	1	85.18	85.18	85.18
juego1	easy	40.0	0.008	24114	700	301	281	-20	0	1	81.8	81.8	81.8
juego1	easy	40.0	0.008	24123	700	301	286	-15	0	1	79.72	79.72	79.72
juego1	easy	40.0	0.008	24130	700	301	289	-12	0	1	78.68	78.68	78.68
juego1	easy	40.0	0.008	24139	700	301	293	-8	0	1	76.55	76.55	76.55
juego1	easy	40.0	0.008	24147	700	301	296	-5	0	1	75.54	75.54	75.54
juego1	easy	40.0	0.008	24156	700	301	300	-1	0	1	73.6	73.6	73.6
juego1	easy	40.0	0.008	24164	700	301	303	2	0	1	71.95	71.95	71.95
juego1	easy	40.0	0.008	24173	700	301	306	5	0	1	70.62	70.62	70.62
juego1	easy	40.0	0.008	24181	700	301	306	5	0	1	70.62	70.62	70.62
juego1	easy	40.0	0.008	24190	700	301	310	9	0	1	68.94	68.94	68.94
juego1	easy	40.0	0.008	24199	700	301	313	12	0	1	67.7	67.7	67.7
juego1	easy	40.0	0.008	24207	700	301	315	14	0	1	66.93	66.93	66.93
juego1	easy	40.0	0.008	24216	700	301	318	17	0	1	65.37	65.37	65.37
juego1	easy	40.0	0.008	24225	700	301	322	21	0	1	63.97	63.97	63.97
juego1	easy	40.0	0.008	24234	700	301	324	23	0	1	62.73	62.73	62.73
juego1	easy	40.0	0.008	24243	700	301	327	26	0	1	61.54	61.54	61.54
juego1	easy	40.0	0.008	24252	700	301	328	27	0	1	61.01	61.01	61.01
juego1	easy	40.0	0.008	24260	700	301	330	29	0	1	60.16	60.16	60.16
juego1	easy	40.0	0.008	24269	700	301	332	31	0	1	59.38	59.38	59.38
juego1	easy	40.0	0.008	24278	700	301	333	32	0	1	58.89	58.89	58.89
juego1	easy	40.0	0.008	24287	700	301	336	35	0	1	57.86	57.86	57.86
juego1	easy	40.0	0.008	24296	700	301	339	38	0	1	56.35	56.35	56.35
juego1	easy	40.0	0.008	24305	700	301	343	42	0	1	54.89	54.89	54.89
juego1	easy	40.0	0.008	24314	700	301	346	45	0	1	53.38	53.38	53.38
juego1	easy	40.0	0.008	24323	700	301	348	47	0	1	52.67	52.67	52.67
juego1	easy	40.0	0.008	24331	700	301	351	50	0	1	51.35	51.35	51.35
juego1	easy	40.0	0.008	24340	700	301	352	51	0	1	50.66	50.66	50.66
juego1	easy	40.0	0.008	24348	700	301	356	55	0	1	49.07	49.07	49.07
juego1	easy	40.0	0.008	24356	700	301	360	59	0	1	47.36	47.36	47.36
juego1	easy	40.0	0.008	24365	700	301	364	63	0	1	45.68	45.68	45.68
juego1	easy	40.0	0.008	24374	700	301	368	67	0	1	43.96	43.96	43.96
juego1	easy	40.0	0.008	24382	700	301	370	69	0	1	43.16	43.16	43.16
juego1	easy	40.0	0.008	24390	700	301	373	72	0	1	41.85	41.85	41.85
juego1	easy	40.0	0.008	24399	700	301	374	73	0	1	41.3	41.3	41.3
juego1	easy	40.0	0.008	24408	700	301	376	75	0	1	40.43	40.43	40.43
juego1	easy	40.0	0.008	24417	700	301	378	77	0	1	39.58	39.58	39.58
juego1	easy	40.0	0.008	24425	700	301	380	79	0	1	38.74	38.74	38.74
juego1	easy	40.0	0.008	24434	700	301	381	80	0	1	38.25	38.25	38.25
juego1	easy	40.0	0.008	24443	700	301	384	83	0	1	37.17	37.17	37.17
juego1	easy	40.0	0.008	24452	700	301	387	86	0	1	35.78	35.78	35.78
juego1	easy	40.0	0.008	24461	700	301	389	88	0	1	34.61	34.61	34.61
juego1	easy	40.0	0.008	24470	700	301	391	90	0	1	33.93	33.93	33.93
juego1	easy	40.0	0.008	24479	700	301	392	91	0	1	33.29	33.29	33.29
juego1	easy	40.0	0.008	24487	700	301	394	93	0	1	32.44	32.44	32.44
juego1	easy	40.0	0.008	24496	700	301	396	95	0	1	31.59	31.59	31.59
juego1	easy	40.0	0.008	24504	700	301	398	97	0	1	30.86	30.86	30.86
juego1	easy	40.0	0.008	24512	700	301	399	98	0	1	30.52	30.52	30.52
juego1	easy	40.0	0.008	24520	700	301	400	99	0	1	29.89	29.89	29.89
juego1	easy	40.0	0.008	24528	700	301	401	100	0	1	29.62	29.62	29.62
juego1	easy	40.0	0.008	24537	700	301	402	101	0	1	29.12	29.12	29.12
juego1	easy	40.0	0.008	24544	700	301	403	102	0	1	28.66	28.66	28.66
juego1	easy	40.0	0.008	24553	700	301	404	103	0	1	28.43	28.43	28.43
juego1	easy	40.0	0.008	24561	700	301	405	104	0	1	28.0	28.0	28.0
juego1	easy	40.0	0.008	24571	700	301	406	105	0	1	27.66	27.66	27.66
juego1	easy	40.0	0.008	24580	700	301	406	105	0	1	27.42	27.42	27.42
juego1	easy	40.0	0.008	24589	700	301	407	106	0	1	27.17	27.17	27.17
juego1	easy	40.0	0.008	24598	700	301	407	106	0	1	27.08	27.08	27.08
juego1	easy	40.0	0.008	24606	700	301	407	106	0	1	26.88	26.88	26.88
juego1	easy	40.0	0.008	24615	700	301	408	107	0	1	26.79	26.79	26.79
juego1	easy	40.0	0.008	24623	700	301	408	107	0	1	26.75	26.75	26.75
juego1	easy	40.0	0.008	24630	700	301	408	107	0	1	26.63	26.63	26.63
juego1	easy	40.0	0.008	24639	700	301	408	107	0	1	26.46	26.46	26.46
juego1	easy	40.0	0.008	24648	700	301	409	108	0	1	26.35	26.35	26.35
juego1	easy	40.0	0.008	24657	700	301	409	108	0	1	26.05	26.05	26.05
juego1	easy	40.0	0.008	24666	700	301	410	109	0	1	25.71	25.71	25.71
juego1	easy	40.0	0.008	24673	700	301	410	109	0	1	25.54	25.54	25.54
juego1	easy	40.0	0.008	24681	700	301	411	110	0	1	25.38	25.38	25.38
juego1	easy	40.0	0.008	24689	700	301	411	110	0	1	25.08	25.08	25.08
juego1	easy	40.0	0.008	24698	700	301	412	111	0	1	24.85	24.85	24.85
juego1	easy	40.0	0.008	24707	700	301	412	111	0	1	24.65	24.65	24.65
juego1	easy	40.0	0.008	24716	700	301	413	112	0	1	24.5	24.5	24.5
juego1	easy	40.0	0.008	24724	700	301	413	112	0	1	24.43	24.43	24.43
juego1	easy	40.0	0.008	24732	700	301	413	112	0	1	24.42	24.42	24.42
juego1	easy	40.0	0.008	24741	700	301	413	112	0	1	24.41	24.41	24.41
juego1	easy	40.0	0.008	24750	700	301	413	112	0	1	24.38	24.38	24.38
juego1	easy	40.0	0.008	24759	700	301	413	112	0	1	24.3	24.3	24.3
juego1	easy	40.0	0.008	24768	700	301	413	112	0	1	24.23	24.23	24.23
juego1	easy	40.0	0.008	24778	700	301	414	113	0	1	24.02	24.02	24.02
juego1	easy	40.0	0.008	24787	700	301	415	114	0	1	23.71	23.71	23.71
juego1	easy	40.0	0.008	24796	700	301	415	114	0	1	23.54	23.54	23.54
juego1	easy	40.0	0.008	24805	700	301	415	114	0	1	23.49	23.49	23.49
juego1	easy	40.0	0.008	24815	700	301	415	114	0	1	23.4	23.4	23.4
juego1	easy	40.0	0.008	24823	700	301	416	115	0	1	23.32	23.32	23.32
juego1	easy	40.0	0.008	24832	700	301	416	115	0	1	23.21	23.21	23.21
juego1	easy	40.0	0.008	24841	700	301	416	115	0	1	23.23	23.23	23.23
juego1	easy	40.0	0.008	24848	700	301	416	115	0	1	23.26	23.26	23.26
juego1	easy	40.0	0.008	24856	700	301	416	115	0	1	23.31	23.31	23.31
juego1	easy	40.0	0.008	24865	700	301	415	114	0	1	23.39	23.39	23.39
juego1	easy	40.0	0.008	24873	700	301	415	114	0	1	23.48	23.48	23.48
juego1	easy	40.0	0.008	24882	700	301	415	114	0	1	23.69	23.69	23.69
juego1	easy	40.0	0.008	24891	700	301	414	113	0	1	24.0	24.0	24.0
juego1	easy	40.0	0.008	24900	700	301	413	112	0	1	24.51	24.51	24.51
juego1	easy	40.0	0.008	24908	700	301	412	111	0	1	24.85	24.85	24.85
juego1	easy	40.0	0.008	24917	700	301	410	109	0	1	25.73	25.73	25.73
juego1	easy	40.0	0.008	24926	700	301	407	106	0	1	26.91	26.91	26.91
juego1	easy	40.0	0.008	24935	700	301	406	105	0	1	27.62	27.62	27.62
juego1	easy	40.0	0.008	24945	700	301	399	98	0	1	30.47	30.47	30.47
juego1	easy	40.0	0.008	24953	700	301	396	95	0	1	31.75	31.75	31.75
juego1	easy	40.0	0.008	24962	700	301	389	88	0	1	34.74	34.74	34.74
juego1	easy	40.0	0.008	24970	700	301	381	80	0	1	38.28	38.28	38.28
juego1	easy	40.0	0.008	24979	700	301	381	80	0	1	38.28	38.28	38.28
juego1	easy	40.0	0.008	24987	700	301	373	72	0	1	41.66	41.66	41.66
juego1	easy	40.0	0.008	24995	700	301	362	61	0	1	46.57	46.57	46.57
juego1	easy	40.0	0.008	25003	700	301	353	52	0	1	50.57	50.57	50.57
juego1	easy	40.0	0.008	25011	700	301	345	44	0	1	53.76	53.76	53.76
juego1	easy	40.0	0.008	25019	700	301	342	41	0	1	55.13	55.13	55.13
juego1	easy	40.0	0.008	25027	700	301	339	38	0	1	56.38	56.38	56.38
juego1	easy	40.0	0.008	25035	700	301	335	34	0	1	58.07	58.07	58.07
juego1	easy	40.0	0.008	25043	700	301	331	30	0	1	59.91	59.91	59.91
juego1	easy	40.0	0.008	25052	700	301	327	26	0	1	61.6	61.6	61.6
juego1	easy	40.0	0.008	25061	700	301	323	22	0	1	63.32	63.32	63.32
juego1	easy	40.0	0.008	25070	700	301	319	18	0	1	65.17	65.17	65.17
juego1	easy	40.0	0.008	25079	700	301	317	16	0	1	66.13	66.13	66.13
juego1	easy	40.0	0.008	25088	700	301	312	11	0	1	68.1	68.1	68.1
juego1	easy	40.0	0.008	25097	700	301	308	7	0	1	69.85	69.85	69.85
juego1	easy	40.0	0.008	25106	700	301	305	4	0	1	71.1	71.1	71.1
juego1	easy	40.0	0.008	25113	700	301	304	3	0	1	71.58	71.58	71.58
juego1	easy	40.0	0.008	25122	700	301	302	1	0	1	72.32	72.32	72.32
juego1	easy	40.0	0.008	25130	700	301	301	0	0	1	73.0	73.0	73.0
juego1	easy	40.0	0.008	25139	700	301	300	-1	0	1	73.4	73.4	73.4
juego1	easy	40.0	0.008	25148	700	301	299	-2	0	1	74.3	74.3	74.3
juego1	easy	40.0	0.008	25156	700	301	296	-5	0	1	75.42	75.42	75.42
juego1	easy	40.0	0.008	25164	700	301	295	-6	0	1	75.99	75.99	75.99
juego1	easy	40.0	0.008	25173	700	301	292	-9	0	1	77.03	77.03	77.03
juego1	easy	40.0	0.008	25180	700	301	290	-11	0	1	77.99	77.99	77.99
juego1	easy	40.0	0.008	25189	700	301	289	-12	0	1	78.49	78.49	78.49
juego1	easy	40.0	0.008	25198	700	301	286	-15	0	1	79.59	79.59	79.59
juego1	easy	40.0	0.008	25206	700	301	285	-16	0	1	80.18	80.18	80.18
juego1	easy	40.0	0.008	25215	700	301	282	-19	0	1	81.35	81.35	81.35
juego1	easy	40.0	0.008	25224	700	301	279	-22	0	1	82.94	82.94	82.94
juego1	easy	40.0	0.008	25232	700	301	276	-25	0	1	84.26	84.26	84.26
juego1	easy	40.0	0.008	25240	700	301	273	-28	0	1	85.47	85.47	85.47
juego1	easy	40.0	0.008	25248	700	301	271	-30	0	1	86.12	86.12	86.12
juego1	easy	40.0	0.008	25257	700	301	268	-33	0	1	87.59	87.59	87.59
juego1	easy	40.0	0.008	25266	700	301	264	-37	0	1	89.4	89.4	89.4
juego1	easy	40.0	0.008	25273	700	301	261	-40	0	1	90.44	90.44	90.44
juego1	easy	40.0	0.008	25281	700	301	256	-45	0	1	92.57	92.57	92.57
juego1	easy	40.0	0.008	25289	700	301	254	-47	0	1	93.68	93.68	93.68
juego1	easy	40.0	0.008	25297	700	301	249	-52	0	1	95.7	95.7	95.7
juego1	easy	40.0	0.008	25305	700	301	247	-54	0	1	96.65	96.65	96.65
juego1	easy	40.0	0.008	25314	700	301	243	-58	0	1	98.35	98.35	98.35
juego1	easy	40.0	0.008	25322	700	301	239	-62	0	1	99.99	99.99	99.99
juego1	easy	40.0	0.008	25331	700	301	235	-66	0	1	101.8	101.8	101.8
juego1	easy	40.0	0.008	25340	700	301	231	-70	0	1	103.71	103.71	103.71
juego1	easy	40.0	0.008	25349	700	301	228	-73	0	1	104.64	104.64	104.64
juego1	easy	40.0	0.008	25358	700	301	224	-77	0	1	106.54	106.54	106.54
juego1	easy	40.0	0.008	25367	700	301	220	-81	0	1	108.27	108.27	108.27
juego1	easy	40.0	0.008	25376	700	301	217	-84	0	1	109.69	109.69	109.69
juego1	easy	40.0	0.008	25385	700	301	215	-86	0	1	110.37	110.37	110.37
juego1	easy	40.0	0.008	25394	700	301	212	-89	0	1	111.7	111.7	111.7
juego1	easy	40.0	0.008	25403	700	301	210	-91	0	1	112.41	112.41	112.41
juego1	easy	40.0	0.008	25412	700	301	205	-96	0	1	114.62	114.62	114.62
juego1	easy	40.0	0.008	25421	700	301	202	-99	0	1	116.06	116.06	116.06
juego1	easy	40.0	0.008	25430	700	301	201	-100	0	1	116.69	116.69	116.69
juego1	easy	40.0	0.008	25438	700	301	198	-103	0	1	117.96	117.96	117.96
juego1	easy	40.0	0.008	25446	700	301	195	-106	0	1	119.31	119.31	119.31
juego1	easy	40.0	0.008	25455	700	301	193	-108	0	1	119.93	119.93	119.93
juego1	easy	40.0	0.008	25464	700	301	191	-110	0	1	121.03	121.03	121.03
juego1	easy	40.0	0.008	25473	700	301	188	-113	0	1	122.07	122.07	122.07
juego1	easy	40.0	0.008	25480	700	301	187	-114	0	1	122.67	122.67	122.67
juego1	easy	40.0	0.008	25489	700	301	184	-117	0	1	123.94	123.94	123.94
juego1	easy	40.0	0.008	25498	700	301	181	-120	0	1	125.17	125.17	125.17
juego1	easy	40.0	0.008	25507	700	301	179	-122	0	1	126.18	126.18	126.18
juego1	easy	40.0	0.008	25516	700	301	178	-123	0	1	126.57	126.57	126.57
juego1	easy	40.0	0.008	25523	700	301	176	-125	0	1	127.28	127.28	127.28
juego1	easy	40.0	0.008	25532	700	301	175	-126	0	1	127.77	127.77	127.77
juego1	easy	40.0	0.008	25541	700	301	174	-127	0	1	128.24	128.24	128.24
juego1	easy	40.0	0.008	25550	700	301	172	-129	0	1	128.84	128.84	128.84
juego1	easy	40.0	0.008	25558	700	301	172	-129	0	1	129.26	129.26	129.26
juego1	easy	40.0	0.008	25567	700	301	171	-130	0	1	129.61	129.61	129.61
juego1	easy	40.0	0.008	25576	700	301	170	-131	0	1	129.77	129.77	129.77
juego1	easy	40.0	0.008	25585	700	301	170	-131	0	1	130.02	130.02	130.02
juego1	easy	40.0	0.008	25593	700	301	169	-132	0	1	130.17	130.17	130.17
juego1	easy	40.0	0.008	25602	700	301	169	-132	0	1	130.26	130.26	130.26
juego1	easy	40.0	0.008	25611	700	301	169	-132	0	1	130.27	130.27	130.27
juego1	easy	40.0	0.008	25620	700	301	169	-132	0	1	130.23	130.23	130.23
juego1	easy	40.0	0.008	25629	700	301	170	-131	0	1	130.06	130.06	130.06
juego1	easy	40.0	0.008	25638	700	301	170	-131	0	1	129.79	129.79	129.79
juego1	easy	40.0	0.008	25646	700	301	171	-130	0	1	129.48	129.48	129.48
juego1	easy	40.0	0.008	25654	700	301	171	-130	0	1	129.31	129.31	129.31
juego1	easy	40.0	0.008	25662	700	301	172	-129	0	1	128.9	128.9	128.9
juego1	easy	40.0	0.008	25670	700	301	173	-128	0	1	128.65	128.65	128.65
juego1	easy	40.0	0.008	25679	700	301	174	-127	0	1	128.12	128.12	128.12
juego1	easy	40.0	0.008	25687	700	301	176	-125	0	1	127.49	127.49	127.49
juego1	easy	40.0	0.008	25696	700	301	177	-124	0	1	126.73	126.73	126.73
juego1	easy	40.0	0.008	25705	700	301	178	-123	0	1	126.31	126.31	126.31
juego1	easy	40.0	0.008	25713	700	301	180	-121	0	1	125.39	125.39	125.39
juego1	easy	40.0	0.008	25722	700	301	183	-118	0	1	124.39	124.39	124.39
juego1	easy	40.0	0.008	25730	700	301	184	-117	0	1	123.82	123.82	123.82
juego1	easy	40.0	0.008	25739	700	301	187	-114	0	1	122.5	122.5	122.5
juego1	easy	40.0	0.008	25747	700	301	191	-110	0	1	121.02	121.02	121.02
juego1	easy	40.0	0.008	25756	700	301	192	-109	0	1	120.21	120.21	120.21
juego1	easy	40.0	0.008	25764	700	301	197	-104	0	1	118.4	118.4	118.4
juego1	easy	40.0	0.008	25773	700	301	201	-100	0	1	116.47	116.47	116.47
juego1	easy	40.0	0.008	25782	700	301	205	-96	0	1	114.63	114.63	114.63
juego1	easy	40.0	0.008	25789	700	301	208	-93	0	1	113.69	113.69	113.69
juego1	easy	40.0	0.008	25798	700	301	212	-89	0	1	111.74	111.74	111.74
juego1	easy	40.0	0.008	25807	700	301	217	-84	0	1	109.62	109.62	109.62
juego1	easy	40.0	0.008	25816	700	301	220	-81	0	1	108.37	108.37	108.37
juego1	easy	40.0	0.008	25824	700	301	223	-78	0	1	107.08	107.08	107.08
juego1	easy	40.0	0.008	25832	700	301	229	-72	0	1	104.31	104.31	104.31
juego1	easy	40.0	0.008	25840	700	301	235	-66	0	1	101.63	101.63	101.63
juego1	easy	40.0	0.008	25848	700	301	242	-59	0	1	98.93	98.93	98.93
juego1	easy	40.0	0.008	25856	700	301	245	-56	0	1	97.47	97.47	97.47
juego1	easy	40.0	0.008	25864	700	301	252	-49	0	1	94.43	94.43	94.43
juego1	easy	40.0	0.008	25873	700	301	259	-42	0	1	91.27	91.27	91.27
juego1	easy	40.0	0.008	25882	700	301	266	-35	0	1	88.35	88.35	88.35
juego1	easy	40.0	0.008	25889	700	301	269	-32	0	1	87.05	87.05	87.05
juego1	easy	40.0	0.008	25898	700	301	272	-29	0	1	85.8	85.8	85.8
juego1	easy	40.0	0.008	25906	700	301	277	-24	0	1	83.63	83.63	83.63
juego1	easy	40.0	0.008	25915	700	301	281	-20	0	1	82.03	82.03	82.03
juego1	easy	40.0	0.008	25923	700	301	285	-16	0	1	80.01	80.01	80.01
juego1	easy	40.0	0.008	25932	700	301	289	-12	0	1	78.36	78.36	78.36
juego1	easy	40.0	0.008	25940	700	301	291	-10	0	1	77.58	77.58	77.58
juego1	easy	40.0	0.008	25947	700	301	295	-6	0	1	76.04	76.04	76.04
juego1	easy	40.0	0.008	25956	700	301	296	-5	0	1	75.35	75.35	75.35
juego1	easy	40.0	0.008	25965	700	301	299	-2	0	1	74.14	74.14	74.14
juego1	easy	40.0	0.008	25974	700	301	301	0	0	1	73.03	73.03	73.03
juego1	easy	40.0	0.008	25983	700	301	302	1	0	1	72.47	72.47	72.47
juego1	easy	40.0	0.008	25992	700	301	304	3	0	1	71.73	71.73	71.73
juego1	easy	40.0	0.008	26001	700	301	306	5	0	1	70.48	70.48	70.48
juego1	easy	40.0	0.008	26009	700	301	309	8	0	1	69.49	69.49	69.49
juego1	easy	40.0	0.008	26017	700	301	311	10	0	1	68.41	68.41	68.41
juego1	easy	40.0	0.008	26025	700	301	312	11	0	1	67.88	67.88	67.88
juego1	easy	40.0	0.008	26033	700	301	315	14	0	1	66.83	66.83	66.83
juego1	easy	40.0	0.008	26042	700	301	317	16	0	1	65.72	65.72	65.72
juego1	easy	40.0	0.008	26051	700	301	319	18	0	1	65.15	65.15	65.15
juego1	easy	40.0	0.008	26060	700	301	321	20	0	1	64.06	64.06	64.06
juego1	easy	40.0	0.008	26069	700	301	324	23	0	1	63.1	63.1	63.1
juego1	easy	40.0	0.008	26078	700	301	326	25	0	1	62.16	62.16	62.16
juego1	easy	40.0	0.008	26087	700	301	327	26	0	1	61.67	61.67	61.67
juego1	easy	40.0	0.008	26096	700	301	329	28	0	1	60.74	60.74	60.74
juego1	easy	40.0	0.008	26104	700	301	331	30	0	1	59.85	59.85	59.85
juego1	easy	40.0	0.008	26112	700	301	333	32	0	1	59.03	59.03	59.03
juego1	easy	40.0	0.008	26121	700	301	334	33	0	1	58.64	58.64	58.64
juego1	easy	40.0	0.008	26130	700	301	336	35	0	1	57.75	57.75	57.75
juego1	easy	40.0	0.008	26139	700	301	338	37	0	1	56.82	56.82	56.82
juego1	easy	40.0	0.008	26148	700	301	340	39	0	1	55.84	55.84	55.84
juego1	easy	40.0	0.008	26155	700	301	342	41	0	1	55.3	55.3	55.3
juego1	easy	40.0	0.008	26164	700	301	344	43	0	1	54.21	54.21	54.21
juego1	easy	40.0	0.008	26173	700	301	346	45	0	1	53.26	53.26	53.26
juego1	easy	40.0	0.008	26180	700	301	347	46	0	1	52.79	52.79	52.79
juego1	easy	40.0	0.008	26188	700	301	350	49	0	1	51.86	51.86	51.86
juego1	easy	40.0	0.008	26197	700	301	351	50	0	1	51.31	51.31	51.31
juego1	easy	40.0	0.008	26206	700	301	353	52	0	1	50.2	50.2	50.2
juego1	easy	40.0	0.008	26213	700	301	355	54	0	1	49.69	49.69	49.69
juego1	easy	40.0	0.008	26222	700	301	357	56	0	1	48.8	48.8	48.8
juego1	easy	40.0	0.008	26230	700	301	359	58	0	1	47.91	47.91	47.91
juego1	easy	40.0	0.008	26238	700	301	361	60	0	1	46.92	46.92	46.92
juego1	easy	40.0	0.008	26247	700	301	362	61	0	1	46.37	46.37	46.37
juego1	easy	40.0	0.008	26256	700	301	365	64	0	1	45.33	45.33	45.33
juego1	easy	40.0	0.008	26265	700	301	367	66	0	1	44.19	44.19	44.19
juego1	easy	40.0	0.008	26273	700	301	370	69	0	1	43.04	43.04	43.04
juego1	easy	40.0	0.008	26281	700	301	371	70	0	1	42.5	42.5	42.5
juego1	easy	40.0	0.008	26290	700	301	374	73	0	1	41.43	41.43	41.43
juego1	easy	40.0	0.008	26298	700	301	375	74	0	1	40.96	40.96	40.96
juego1	easy	40.0	0.008	26306	700	301	377	76	0	1	40.16	40.16	40.16
juego1	easy	40.0	0.008	26315	700	301	378	77	0	1	39.43	39.43	39.43
juego1	easy	40.0	0.008	26323	700	301	380	79	0	1	38.6	38.6	38.6
juego1	easy	40.0	0.008	26331	700	301	381	80	0	1	38.14	38.14	38.14
juego1	easy	40.0	0.008	26339	700	301	384	83	0	1	37.17	37.17	37.17
juego1	easy	40.0	0.008	26348	700	301	386	85	0	1	36.05	36.05	36.05
juego1	easy	40.0	0.008	26356	700	301	387	86	0	1	35.5	35.5	35.5
juego1	easy	40.0	0.008	26364	700	301	390	89	0	1	34.51	34.51	34.51
juego1	easy	40.0	0.008	26373	700	301	392	91	0	1	33.69	33.69	33.69
juego1	easy	40.0	0.008	26381	700	301	392	91	0	1	33.35	33.35	33.35
juego1	easy	40.0	0.008	26390	700	301	394	93	0	1	32.71	32.71	32.71
juego1	easy	40.0	0.008	26399	700	301	396	95	0	1	31.82	31.82	31.82
juego1	easy	40.0	0.008	26406	700	301	397	96	0	1	31.38	31.38	31.38
juego1	easy	40.0	0.008	26415	700	301	399	98	0	1	30.53	30.53	30.53
juego1	easy	40.0	0.008	26423	700	301	400	99	0	1	30.16	30.16	30.16
juego1	easy	40.0	0.008	26432	700	301	401	100	0	1	29.65	29.65	29.65
juego1	easy	40.0	0.008	26440	700	301	402	101	0	1	29.02	29.02	29.02
juego1	easy	40.0	0.008	26448	700	301	404	103	0	1	28.4	28.4	28.4
juego1	easy	40.0	0.008	26456	700	301	404	103	0	1	28.11	28.11	28.11
juego1	easy	40.0	0.008	26465	700	301	406	105	0	1	27.54	27.54	27.54
juego1	easy	40.0	0.008	26474	700	301	407	106	0	1	27.03	27.03	27.03
juego1	easy	40.0	0.008	26482	700	301	408	107	0	1	26.74	26.74	26.74
juego1	easy	40.0	0.008	26490	700	301	409	108	0	1	26.14	26.14	26.14
juego1	easy	40.0	0.008	26498	700	301	410	109	0	1	25.82	25.82	25.82
juego1	easy	40.0	0.008	26506	700	301	411	110	0	1	25.24	25.24	25.24
juego1	easy	40.0	0.008	26515	700	301	412	111	0	1	24.66	24.66	24.66
juego1	easy	40.0	0.008	26524	700	301	414	113	0	1	23.94	23.94	23.94
juego1	easy	40.0	0.008	26534	700	301	416	115	0	1	23.23	23.23	23.23
juego1	easy	40.0	0.008	26542	700	301	416	115	0	1	22.93	22.93	22.93
juego1	easy	40.0	0.008	26551	700	301	418	117	0	1	22.39	22.39	22.39
juego1	easy	40.0	0.008	26559	700	301	419	118	0	1	21.9	21.9	21.9
juego1	easy	40.0	0.008	26567	700	301	419	118	0	1	21.67	21.67	21.67
juego1	easy	40.0	0.008	26575	700	301	420	119	0	1	21.24	21.24	21.24
juego1	easy	40.0	0.008	26584	700	301	421	120	0	1	21.03	21.03	21.03
juego1	easy	40.0	0.008	26593	700	301	422	121	0	1	20.6	20.6	20.6
juego1	easy	40.0	0.008	26601	700	301	423	122	0	1	20.18	20.18	20.18
juego1	easy	40.0	0.008	26609	700	301	424	123	0	1	19.85	19.85	19.85
juego1	easy	40.0	0.008	26617	700	301	424	123	0	1	19.72	19.72	19.72
juego1	easy	40.0	0.008	26625	700	301	424	123	0	1	19.57	19.57	19.57
juego1	easy	40.0	0.008	26633	700	301	424	123	0	1	19.51	19.51	19.51
juego1	easy	40.0	0.008	26642	700	301	424	123	0	1	19.48	19.48	19.48
juego1	easy	40.0	0.008	26651	700	301	425	124	0	1	19.44	19.44	19.44
juego1	easy	40.0	0.008	26659	700	301	424	123	0	1	19.45	19.45	19.45
juego1	easy	40.0	0.008	26667	700	301	424	123	0	1	19.46	19.46	19.46
juego1	easy	40.0	0.008	26675	700	301	425	124	0	1	19.42	19.42	19.42
juego1	easy	40.0	0.008	26683	700	301	425	124	0	1	19.32	19.32	19.32
juego1	easy	40.0	0.008	26692	700	301	425	124	0	1	19.26	19.26	19.26
juego1	easy	40.0	0.008	26701	700	301	425	124	0	1	19.2	19.2	19.2
juego1	easy	40.0	0.008	26709	700	301	425	124	0	1	19.16	19.16	19.16
juego1	easy	40.0	0.008	26717	700	301	425	124	0	1	19.13	19.13	19.13
juego1	easy	40.0	0.008	26726	700	301	425	124	0	1	19.03	19.03	19.03
juego1	easy	40.0	0.008	26734	700	301	426	125	0	1	18.96	18.96	18.96
juego1	easy	40.0	0.008	26742	700	301	426	125	0	1	18.94	18.94	18.94
juego1	easy	40.0	0.008	26751	700	301	426	125	0	1	18.94	18.94	18.94
juego1	easy	40.0	0.008	26759	700	301	426	125	0	1	18.97	18.97	18.97
juego1	easy	40.0	0.008	26767	700	301	425	124	0	1	19.03	19.03	19.03
juego1	easy	40.0	0.008	26776	700	301	425	124	0	1	19.23	19.23	19.23
juego1	easy	40.0	0.008	26785	700	301	424	123	0	1	19.51	19.51	19.51
juego1	easy	40.0	0.008	26792	700	301	424	123	0	1	19.65	19.65	19.65
juego1	easy	40.0	0.008	26801	700	301	423	122	0	1	19.91	19.91	19.91
juego1	easy	40.0	0.008	26810	700	301	423	122	0	1	20.18	20.18	20.18
juego1	easy	40.0	0.008	26818	700	301	422	121	0	1	20.33	20.33	20.33
juego1	easy	40.0	0.008	26826	700	301	422	121	0	1	20.57	20.57	20.57
juego1	easy	40.0	0.008	26834	700	301	421	120	0	1	20.91	20.91	20.91
juego1	easy	40.0	0.008	26843	700	301	421	120	0	1	21.15	21.15	21.15
juego1	easy	40.0	0.008	26852	700	301	419	118	0	1	21.74	21.74	21.74
juego1	easy	40.0	0.008	26859	700	301	417	116	0	1	22.59	22.59	22.59
juego1	easy	40.0	0.008	26868	700	301	416	115	0	1	23.15	23.15	23.15
juego1	easy	40.0	0.008	26877	700	301	413	112	0	1	24.6	24.6	24.6
juego1	easy	40.0	0.008	26885	700	301	409	108	0	1	26.34	26.34	26.34
juego1	easy	40.0	0.008	26893	700	301	407	106	0	1	27.21	27.21	27.21
juego1	easy	40.0	0.008	26901	700	301	402	101	0	1	28.99	28.99	28.99
juego1	easy	40.0	0.008	26910	700	301	398	97	0	1	30.78	30.78	30.78
juego1	easy	40.0	0.008	26919	700	301	396	95	0	1	31.67	31.67	31.67
juego1	easy	40.0	0.008	26926	700	301	392	91	0	1	33.65	33.65	33.65
juego1	easy	40.0	0.008	26935	700	301	386	85	0	1	36.0	36.0	36.0
juego1	easy	40.0	0.008	26944	700	301	383	82	0	1	37.29	37.29	37.29
juego1	easy	40.0	0.008	26952	700	301	377	76	0	1	40.15	40.15	40.15
juego1	easy	40.0	0.008	26960	700	301	373	72	0	1	41.57	41.57	41.57
juego1	easy	40.0	0.008	26968	700	301	367	66	0	1	44.27	44.27	44.27
juego1	easy	40.0	0.008	26977	700	301	361	60	0	1	46.81	46.81	46.81
juego1	easy	40.0	0.008	26986	700	301	356	55	0	1	49.21	49.21	49.21
juego1	easy	40.0	0.008	26994	700	301	350	49	0	1	51.5	51.5	51.5
juego1	easy	40.0	0.008	27003	700	301	348	47	0	1	52.6	52.6	52.6
juego1	easy	40.0	0.008	27012	700	301	343	42	0	1	54.89	54.89	54.89
juego1	easy	40.0	0.008	27021	700	301	337	36	0	1	57.3	57.3	57.3
juego1	easy	40.0	0.008	27030	700	301	332	31	0	1	59.59	59.59	59.59
juego1	easy	40.0	0.008	27038	700	301	329	28	0	1	60.62	60.62	60.62
juego1	easy	40.0	0.008	27047	700	301	325	24	0	1	62.48	62.48	62.48
juego1	easy	40.0	0.008	27056	700	301	321	20	0	1	64.03	64.03	64.03
juego1	easy	40.0	0.008	27064	700	301	320	19	0	1	64.77	64.77	64.77
juego1	easy	40.0	0.008	27072	700	301	316	15	0	1	66.26	66.26	66.26
juego1	easy	40.0	0.008	27081	700	301	312	11	0	1	67.9	67.9	67.9
juego1	easy	40.0	0.008	27090	700	301	308	7	0	1	69.61	69.61	69.61
juego1	easy	40.0	0.008	27098	700	301	307	6	0	1	70.36	70.36	70.36
juego1	easy	40.0	0.008	27106	700	301	304	3	0	1	71.63	71.63	71.63
juego1	easy	40.0	0.008	27115	700	301	301	0	0	1	72.66	72.66	72.66
juego1	easy	40.0	0.008	27124	700	301	300	-1	0	1	73.16	73.16	73.16
juego1	easy	40.0	0.008	27132	700	301	299	-2	0	1	74.29	74.29	74.29
juego1	easy	40.0	0.008	27141	700	301	295	-6	0	1	75.68	75.68	75.68
juego1	easy	40.0	0.008	27150	700	301	292	-9	0	1	77.36	77.36	77.36
juego1	easy	40.0	0.008	27158	700	301	290	-11	0	1	78.2	78.2	78.2
juego1	easy	40.0	0.008	27166	700	301	290	-11	0	1	78.2	78.2	78.2
juego1	easy	40.0	0.008	27175	700	301	285	-16	0	1	80.36	80.36	80.36
juego1	easy	40.0	0.008	27184	700	301	282	-19	0	1	81.52	81.52	81.52
juego1	easy	40.0	0.008	27193	700	301	279	-22	0	1	82.66	82.66	82.66
juego1	easy	40.0	0.008	27202	700	301	277	-24	0	1	83.86	83.86	83.86
juego1	easy	40.0	0.008	27211	700	301	273	-28	0	1	85.19	85.19	85.19
juego1	easy	40.0	0.008	27220	700	301	272	-29	0	1	85.92	85.92	85.92
juego1	easy	40.0	0.008	27228	700	301	268	-33	0	1	87.56	87.56	87.56
juego1	easy	40.0	0.008	27237	700	301	264	-37	0	1	89.08	89.08	89.08
juego1	easy	40.0	0.008	27246	700	301	261	-40	0	1	90.41	90.41	90.41
juego1	easy	40.0	0.008	27255	700	301	260	-41	0	1	91.05	91.05	91.05
juego1	easy	40.0	0.008	27263	700	301	257	-44	0	1	92.4	92.4	92.4
juego1	easy	40.0	0.008	27271	700	301	253	-48	0	1	93.93	93.93	93.93
juego1	easy	40.0	0.008	27279	700	301	251	-50	0	1	94.71	94.71	94.71
juego1	easy	40.0	0.008	27288	700	301	248	-53	0	1	96.11	96.11	96.11
juego1	easy	40.0	0.008	27297	700	301	245	-56	0	1	97.33	97.33	97.33
juego1	easy	40.0	0.008	27305	700	301	242	-59	0	1	98.62	98.62	98.62
juego1	easy	40.0	0.008	27313	700	301	241	-60	0	1	99.3	99.3	99.3
juego1	easy	40.0	0.008	27322	700	301	238	-63	0	1	100.65	100.65	100.65
juego1	easy	40.0	0.008	27331	700	301	235	-66	0	1	102.03	102.03	102.03
juego1	easy	40.0	0.008	27340	700	301	233	-68	0	1	102.77	102.77	102.77
juego1	easy	40.0	0.008	27348	700	301	229	-72	0	1	104.49	104.49	104.49
juego1	easy	40.0	0.008	27356	700	301	225	-76	0	1	106.21	106.21	106.21
juego1	easy	40.0	0.008	27366	700	301	222	-79	0	1	107.64	107.64	107.64
juego1	easy	40.0	0.008	27373	700	301	220	-81	0	1	108.32	108.32	108.32
juego1	easy	40.0	0.008	27382	700	301	217	-84	0	1	109.71	109.71	109.71
juego1	easy	40.0	0.008	27391	700	301	213	-88	0	1	111.18	111.18	111.18
juego1	easy	40.0	0.008	27400	700	301	212	-89	0	1	111.97	111.97	111.97
juego1	easy	40.0	0.008	27409	700	301	208	-93	0	1	113.39	113.39	113.39
juego1	easy	40.0	0.008	27418	700	301	206	-95	0	1	114.55	114.55	114.55
juego1	easy	40.0	0.008	27426	700	301	203	-98	0	1	115.69	115.69	115.69
juego1	easy	40.0	0.008	27435	700	301	200	-101	0	1	116.93	116.93	116.93
juego1	easy	40.0	0.008	27444	700	301	199	-102	0	1	117.49	117.49	117.49
juego1	easy	40.0	0.008	27453	700	301	196	-105	0	1	118.48	118.48	118.48
juego1	easy	40.0	0.008	27461	700	301	194	-107	0	1	119.34	119.34	119.34
juego1	easy	40.0	0.008	27468	700	301	193	-108	0	1	119.78	119.78	119.78
juego1	easy	40.0	0.008	27477	700	301	191	-110	0	1	120.65	120.65	120.65
juego1	easy	40.0	0.008	27486	700	301	190	-111	0	1	121.1	121.1	121.1
juego1	easy	40.0	0.008	27495	700	301	188	-113	0	1	122.07	122.07	122.07
juego1	easy	40.0	0.008	27504	700	301	186	-115	0	1	123.15	123.15	123.15
juego1	easy	40.0	0.008	27513	700	301	183	-118	0	1	124.22	124.22	124.22
juego1	easy	40.0	0.008	27522	700	301	181	-120	0	1	125.11	125.11	125.11
juego1	easy	40.0	0.008	27531	700	301	179	-122	0	1	125.84	125.84	125.84
juego1	easy	40.0	0.008	27539	700	301	179	-122	0	1	126.15	126.15	126.15
juego1	easy	40.0	0.008	27547	700	301	177	-124	0	1	126.68	126.68	126.68
juego1	easy	40.0	0.008	27556	700	301	177	-124	0	1	127.08	127.08	127.08
juego1	easy	40.0	0.008	27565	700	301	176	-125	0	1	127.27	127.27	127.27
juego1	easy	40.0	0.008	27574	700	301	175	-126	0	1	127.67	127.67	127.67
juego1	easy	40.0	0.008	27583	700	301	175	-126	0	1	127.89	127.89	127.89
juego1	easy	40.0	0.008	27591	700	301	173	-128	0	1	128.49	128.49	128.49
juego1	easy	40.0	0.008	27599	700	301	173	-128	0	1	128.66	128.66	128.66
juego1	easy	40.0	0.008	27608	700	301	172	-129	0	1	128.93	128.93	128.93
juego1	easy	40.0	0.008	27617	700	301	172	-129	0	1	129.09	129.09	129.09
juego1	easy	40.0	0.008	27626	700	301	172	-129	0	1	129.12	129.12	129.12
juego1	easy	40.0	0.008	27635	700	301	172	-129	0	1	129.11	129.11	129.11
juego1	easy	40.0	0.008	27644	700	301	172	-129	0	1	129.0	129.0	129.0
juego1	easy	40.0	0.008	27653	700	301	173	-128	0	1	128.82	128.82	128.82
juego1	easy	40.0	0.008	27661	700	301	173	-128	0	1	128.49	128.49	128.49
juego1	easy	40.0	0.008	27669	700	301	174	-127	0	1	128.23	128.23	128.23
juego1	easy	40.0	0.008	27678	700	301	175	-126	0	1	127.6	127.6	127.6
juego1	easy	40.0	0.008	27687	700	301	177	-124	0	1	126.91	126.91	126.91
juego1	easy	40.0	0.008	27696	700	301	178	-123	0	1	126.25	126.25	126.25
juego1	easy	40.0	0.008	27704	700	301	179	-122	0	1	125.88	125.88	125.88
juego1	easy	40.0	0.008	27713	700	301	182	-119	0	1	124.94	124.94	124.94
juego1	easy	40.0	0.008	27721	700	301	184	-117	0	1	123.76	123.76	123.76
juego1	easy	40.0	0.008	27729	700	301	186	-115	0	1	123.12	123.12	123.12
juego1	easy	40.0	0.008	27738	700	301	189	-112	0	1	121.62	121.62	121.62
juego1	easy	40.0	0.008	27745	700	301	191	-110	0	1	120.72	120.72	120.72
juego1	easy	40.0	0.008	27754	700	301	196	-105	0	1	118.52	118.52	118.52
juego1	easy	40.0	0.008	27763	700	301	202	-99	0	1	116.14	116.14	116.14
juego1	easy	40.0	0.008	27770	700	301	204	-97	0	1	115.02	115.02	115.02
juego1	easy	40.0	0.008	27779	700	301	209	-92	0	1	112.98	112.98	112.98
juego1	easy	40.0	0.008	27786	700	301	211	-90	0	1	112.09	112.09	112.09
juego1	easy	40.0	0.008	27795	700	301	211	-90	0	1	112.09	112.09	112.09
juego1	easy	40.0	0.008	27803	700	301	220	-81	0	1	108.24	108.24	108.24
juego1	easy	40.0	0.008	27811	700	301	226	-75	0	1	105.74	105.74	105.74
juego1	easy	40.0	0.008	27820	700	301	229	-72	0	1	104.36	104.36	104.36
juego1	easy	40.0	0.008	27829	700	301	236	-65	0	1	101.55	101.55	101.55
juego1	easy	40.0	0.008	27838	700	301	242	-59	0	1	98.97	98.97	98.97
juego1	easy	40.0	0.008	27845	700	301	245	-56	0	1	97.67	97.67	97.67
juego1	easy	40.0	0.008	27854	700	301	251	-50	0	1	95.07	95.07	95.07
juego1	easy	40.0	0.008	27863	700	301	257	-44	0	1	92.42	92.42	92.42
juego1	easy	40.0	0.008	27870	700	301	257	-44	0	1	92.42	92.42	92.42
juego1	easy	40.0	0.008	27879	700	301	265	-36	0	1	88.72	88.72	88.72
juego1	easy	40.0	0.008	27888	700	301	271	-30	0	1	86.08	86.08	86.08
juego1	easy	40.0	0.008	27895	700	301	274	-27	0	1	84.89	84.89	84.89
juego1	easy	40.0	0.008	27904	700	301	279	-22	0	1	82.64	82.64	82.64
juego1	easy	40.0	0.008	27913	700	301	284	-17	0	1	80.66	80.66	80.66
juego1	easy	40.0	0.008	27922	700	301	288	-13	0	1	78.86	78.86	78.86
juego1	easy	40.0	0.008	27929	700	301	290	-11	0	1	78.04	78.04	78.04
juego1	easy	40.0	0.008	27937	700	301	294	-7	0	1	76.43	76.43	76.43
juego1	easy	40.0	0.008	27945	700	301	295	-6	0	1	75.7	75.7	75.7
juego1	easy	40.0	0.008	27954	700	301	298	-3	0	1	74.79	74.79	74.79
juego1	easy	40.0	0.008	27963	700	301	301	0	0	1	72.81	72.81	72.81
juego1	easy	40.0	0.008	27972	700	301	304	3	0	1	71.61	71.61	71.61
juego1	easy	40.0	0.008	27981	700	301	305	4	0	1	71.08	71.08	71.08
juego1	easy	40.0	0.008	27989	700	301	307	6	0	1	70.12	70.12	70.12
juego1	easy	40.0	0.008	27997	700	301	310	9	0	1	68.99	68.99	68.99
juego1	easy	40.0	0.008	28006	700	301	311	10	0	1	68.37	68.37	68.37
juego1	easy	40.0	0.008	28014	700	301	314	13	0	1	67.23	67.23	67.23
juego1	easy	40.0	0.008	28022	700	301	315	14	0	1	66.71	66.71	66.71
juego1	easy	40.0	0.008	28031	700	301	317	16	0	1	65.72	65.72	65.72
juego1	easy	40.0	0.008	28040	700	301	320	19	0	1	64.75	64.75	64.75
juego1	easy	40.0	0.008	28049	700	301	322	21	0	1	63.88	63.88	63.88
juego1	easy	40.0	0.008	28058	700	301	323	22	0	1	63.14	63.14	63.14
juego1	easy	40.0	0.008	28067	700	301	325	24	0	1	62.41	62.41	62.41
juego1	easy	40.0	0.008	28076	700	301	326	25	0	1	62.02	62.02	62.02
juego1	easy	40.0	0.008	28084	700	301	328	27	0	1	61.23	61.23	61.23
juego1	easy	40.0	0.008	28092	700	301	330	29	0	1	60.38	60.38	60.38
juego1	easy	40.0	0.008	28101	700	301	331	30	0	1	59.95	59.95	59.95
juego1	easy	40.0	0.008	28110	700	301	332	31	0	1	59.33	59.33	59.33
juego1	easy	40.0	0.008	28119	700	301	334	33	0	1	58.74	58.74	58.74
juego1	easy	40.0	0.008	28128	700	301	335	34	0	1	58.04	58.04	58.04
juego1	easy	40.0	0.008	28136	700	301	336	35	0	1	57.69	57.69	57.69
juego1	easy	40.0	0.008	28145	700	301	338	37	0	1	56.94	56.94	56.94
juego1	easy	40.0	0.008	28154	700	301	339	38	0	1	56.57	56.57	56.57
juego1	easy	40.0	0.008	28163	700	301	339	38	0	1	56.57	56.57	56.57
juego1	easy	40.0	0.008	28171	700	301	341	40	0	1	55.36	55.36	55.36
juego1	easy	40.0	0.008	28180	700	301	343	42	0	1	54.9	54.9	54.9
juego1	easy	40.0	0.008	28188	700	301	344	43	0	1	54.45	54.45	54.45
juego1	easy	40.0	0.008	28197	700	301	345	44	0	1	53.99	53.99	53.99
juego1	easy	40.0	0.008	28206	700	301	345	44	0	1	53.76	53.76	53.76
juego1	easy	40.0	0.008	28215	700	301	346	45	0	1	53.36	53.36	53.36
juego1	easy	40.0	0.008	28223	700	301	347	46	0	1	53.11	53.11	53.11
juego1	easy	40.0	0.008	28231	700	301	347	46	0	1	53.05	53.05	53.05
juego1	easy	40.0	0.008	28240	700	301	347	46	0	1	52.89	52.89	52.89
juego1	easy	40.0	0.008	28249	700	301	348	47	0	1	52.64	52.64	52.64
juego1	easy	40.0	0.008	28258	700	301	349	48	0	1	52.24	52.24	52.24
juego1	easy	40.0	0.008	28265	700	301	349	48	0	1	52.03	52.03	52.03
juego1	easy	40.0	0.008	28273	700	301	350	49	0	1	51.5	51.5	51.5
juego1	easy	40.0	0.008	28281	700	301	351	50	0	1	51.19	51.19	51.19
juego1	easy	40.0	0.008	28289	700	301	352	51	0	1	50.85	50.85	50.85
juego1	easy	40.0	0.008	28298	700	301	353	52	0	1	50.2	50.2	50.2
juego1	easy	40.0	0.008	28307	700	301	355	54	0	1	49.35	49.35	49.35
juego1	easy	40.0	0.008	28315	700	301	357	56	0	1	48.73	48.73	48.73
juego1	easy	40.0	0.008	28324	700	301	359	58	0	1	47.93	47.93	47.93
juego1	easy	40.0	0.008	28333	700	301	361	60	0	1	46.95	46.95	46.95
juego1	easy	40.0	0.008	28342	700	301	362	61	0	1	46.48	46.48	46.48
juego1	easy	40.0	0.008	28349	700	301	364	63	0	1	45.49	45.49	45.49
juego1	easy	40.0	0.008	28358	700	301	367	66	0	1	44.37	44.37	44.37
juego1	easy	40.0	0.008	28367	700	301	368	67	0	1	43.72	43.72	43.72
juego1	easy	40.0	0.008	28375	700	301	372	71	0	1	42.33	42.33	42.33
juego1	easy	40.0	0.008	28384	700	301	373	72	0	1	41.72	41.72	41.72
juego1	easy	40.0	0.008	28392	700	301	376	75	0	1	40.62	40.62	40.62
juego1	easy	40.0	0.008	28401	700	301	378	77	0	1	39.7	39.7	39.7
juego1	easy	40.0	0.008	28409	700	301	380	79	0	1	38.89	38.89	38.89
juego1	easy	40.0	0.008	28417	700	301	380	79	0	1	38.51	38.51	38.51
juego1	easy	40.0	0.008	28426	700	301	382	81	0	1	37.74	37.74	37.74
juego1	easy	40.0	0.008	28435	700	301	384	83	0	1	36.98	36.98	36.98
juego1	easy	40.0	0.008	28443	700	301	386	85	0	1	36.21	36.21	36.21
juego1	easy	40.0	0.008	28451	700	301	387	86	0	1	35.74	35.74	35.74
juego1	easy	40.0	0.008	28459	700	301	389	88	0	1	34.81	34.81	34.81
juego1	easy	40.0	0.008	28468	700	301	391	90	0	1	33.9	33.9	33.9
juego1	easy	40.0	0.008	28477	700	301	392	91	0	1	33.51	33.51	33.51
juego1	easy	40.0	0.008	28486	700	301	392	91	0	1	33.51	33.51	33.51
juego1	easy	40.0	0.008	28493	700	301	394	93	0	1	32.83	32.83	32.83
juego1	easy	40.0	0.008	28502	700	301	395	94	0	1	32.37	32.37	32.37
juego1	easy	40.0	0.008	28511	700	301	396	95	0	1	31.8	31.8	31.8
juego1	easy	40.0	0.008	28520	700	301	397	96	0	1	31.18	31.18	31.18
juego1	easy	40.0	0.008	28528	700	301	399	98	0	1	30.56	30.56	30.56
juego1	easy	40.0	0.008	28536	700	301	399	98	0	1	30.35	30.35	30.35
juego1	easy	40.0	0.008	28544	700	301	400	99	0	1	29.92	29.92	29.92
juego1	easy	40.0	0.008	28553	700	301	401	100	0	1	29.52	29.52	29.52
juego1	easy	40.0	0.008	28561	700	301	402	101	0	1	29.24	29.24	29.24
juego1	easy	40.0	0.008	28570	700	301	403	102	0	1	28.79	28.79	28.79
juego1	easy	40.0	0.008	28579	700	301	404	103	0	1	28.35	28.35	28.35
juego1	easy	40.0	0.008	28587	700	301	404	103	0	1	28.11	28.11	28.11
juego1	easy	40.0	0.008	28596	700	301	406	105	0	1	27.54	27.54	27.54
juego1	easy	40.0	0.008	28603	700	301	407	106	0	1	26.9	26.9	26.9
juego1	easy	40.0	0.008	28612	700	301	408	107	0	1	26.56	26.56	26.56
juego1	easy	40.0	0.008	28621	700	301	410	109	0	1	25.92	25.92	25.92
juego1	easy	40.0	0.008	28630	700	301	411	110	0	1	25.41	25.41	25.41
juego1	easy	40.0	0.008	28639	700	301	412	111	0	1	24.87	24.87	24.87
juego1	easy	40.0	0.008	28646	700	301	413	112	0	1	24.54	24.54	24.54
juego1	easy	40.0	0.008	28655	700	301	414	113	0	1	23.82	23.82	23.82
juego1	easy	40.0	0.008	28664	700	301	415	114	0	1	23.54	23.54	23.54
juego1	easy	40.0	0.008	28673	700	301	416	115	0	1	23.33	23.33	23.33
juego1	easy	40.0	0.008	28682	700	301	417	116	0	1	22.58	22.58	22.58
juego1	easy	40.0	0.008	28691	700	301	419	118	0	1	21.99	21.99	21.99
juego1	easy	40.0	0.008	28699	700	301	420	119	0	1	21.41	21.41	21.41
juego1	easy	40.0	0.008	28707	700	301	421	120	0	1	21.12	21.12	21.12
juego1	easy	40.0	0.008	28715	700	301	422	121	0	1	20.59	20.59	20.59
juego1	easy	40.0	0.008	28724	700	301	423	122	0	1	20.06	20.06	20.06
juego1	easy	40.0	0.008	28732	700	301	424	123	0	1	19.79	19.79	19.79
juego1	easy	40.0	0.008	28741	700	301	425	124	0	1	19.18	19.18	19.18
juego1	easy	40.0	0.008	28750	700	301	427	126	0	1	18.56	18.56	18.56
juego1	easy	40.0	0.008	28759	700	301	428	127	0	1	17.99	17.99	17.99
juego1	easy	40.0	0.008	28766	700	301	429	128	0	1	17.71	17.71	17.71
juego1	easy	40.0	0.008	28774	700	301	430	129	0	1	17.13	17.13	17.13
juego1	easy	40.0	0.008	28783	700	301	431	130	0	1	16.84	16.84	16.84
juego1	easy	40.0	0.008	28791	700	301	432	131	0	1	16.33	16.33	16.33
juego1	easy	40.0	0.008	28799	700	301	433	132	0	1	15.88	15.88	15.88
juego1	easy	40.0	0.008	28807	700	301	433	132	0	1	15.68	15.68	15.68
juego1	easy	40.0	0.008	28816	700	301	434	133	0	1	15.27	15.27	15.27
juego1	easy	40.0	0.008	28825	700	301	435	134	0	1	14.85	14.85	14.85
juego1	easy	40.0	0.008	28834	700	301	436	135	0	1	14.4	14.4	14.4
juego1	easy	40.0	0.008	28841	700	301	437	136	0	1	14.18	14.18	14.18
juego1	easy	40.0	0.008	28850	700	301	438	137	0	1	13.8	13.8	13.8
juego1	easy	40.0	0.008	28859	700	301	438	137	0	1	13.64	13.64	13.64
juego1	easy	40.0	0.008	28866	700	301	439	138	0	1	13.38	13.38	13.38
juego1	easy	40.0	0.008	28875	700	301	439	138	0	1	13.19	13.19	13.19
juego1	easy	40.0	0.008	28884	700	301	439	138	0	1	13.12	13.12	13.12
juego1	easy	40.0	0.008	28893	700	301	439	138	0	1	13.09	13.09	13.09
juego1	easy	40.0	0.008	28902	700	301	439	138	0	1	13.11	13.11	13.11
juego1	easy	40.0	0.008	28911	700	301	439	138	0	1	13.39	13.39	13.39
juego1	easy	40.0	0.008	28919	700	301	438	137	0	1	13.79	13.79	13.79
juego1	easy	40.0	0.008	28928	700	301	437	136	0	1	14.06	14.06	14.06
juego1	easy	40.0	0.008	28936	700	301	435	134	0	1	14.77	14.77	14.77
juego1	easy	40.0	0.008	28945	700	301	433	132	0	1	15.69	15.69	15.69
juego1	easy	40.0	0.008	28954	700	301	430	129	0	1	16.89	16.89	16.89
juego1	easy	40.0	0.008	28962	700	301	429	128	0	1	17.58	17.58	17.58
juego1	easy	40.0	0.008	28971	700	301	425	124	0	1	19.16	19.16	19.16
juego1	easy	40.0	0.008	28980	700	301	421	120	0	1	21.07	21.07	21.07
juego1	easy	40.0	0.008	28988	700	301	418	117	0	1	22.13	22.13	22.13
juego1	easy	40.0	0.008	28996	700	301	413	112	0	1	24.38	24.38	24.38
juego1	easy	40.0	0.008	29005	700	301	411	110	0	1	25.47	25.47	25.47
juego1	easy	40.0	0.008	29014	700	301	406	105	0	1	27.63	27.63	27.63
juego1	easy	40.0	0.008	29023	700	301	400	99	0	1	29.95	29.95	29.95
juego1	easy	40.0	0.008	29032	700	301	394	93	0	1	32.53	32.53	32.53
juego1	easy	40.0	0.008	29041	700	301	388	87	0	1	35.2	35.2	35.2
juego1	easy	40.0	0.008	29050	700	301	385	84	0	1	36.51	36.51	36.51
juego1	easy	40.0	0.008	29058	700	301	380	79	0	1	38.65	38.65	38.65
juego1	easy	40.0	0.008	29067	700	301	375	74	0	1	40.98	40.98	40.98
juego1	easy	40.0	0.008	29075	700	301	370	69	0	1	43.07	43.07	43.07
juego1	easy	40.0	0.008	29084	700	301	368	67	0	1	44.06	44.06	44.06
juego1	easy	40.0	0.008	29093	700	301	365	64	0	1	45.08	45.08	45.08
juego1	easy	40.0	0.008	29102	700	301	358	57	0	1	48.14	48.14	48.14
juego1	easy	40.0	0.008	29110	700	301	353	52	0	1	50.15	50.15	50.15
juego1	easy	40.0	0.008	29118	700	301	351	50	0	1	51.07	51.07	51.07
juego1	easy	40.0	0.008	29126	700	301	348	47	0	1	52.66	52.66	52.66
juego1	easy	40.0	0.008	29135	700	301	345	44	0	1	53.85	53.85	53.85
juego1	easy	40.0	0.008	29142	700	301	344	43	0	1	54.32	54.32	54.32
juego1	easy	40.0	0.008	29151	700	301	342	41	0	1	55.02	55.02	55.02
juego1	easy	40.0	0.008	29160	700	301	341	40	0	1	55.57	55.57	55.57
juego1	easy	40.0	0.008	29168	700	301	340	39	0	1	55.86	55.86	55.86
juego1	easy	40.0	0.008	29176	700	301	340	39	0	1	56.16	56.16	56.16
juego1	easy	40.0	0.008	29185	700	301	338	37	0	1	56.72	56.72	56.72
juego1	easy	40.0	0.008	29193	700	301	336	35	0	1	57.65	57.65	57.65
juego1	easy	40.0	0.008	29202	700	301	334	33	0	1	58.61	58.61	58.61
juego1	easy	40.0	0.008	29210	700	301	331	30	0	1	59.79	59.79	59.79
juego1	easy	40.0	0.008	29220	700	301	328	27	0	1	61.06	61.06	61.06
juego1	easy	40.0	0.008	29227	700	301	327	26	0	1	61.66	61.66	61.66
juego1	easy	40.0	0.008	29236	700	301	324	23	0	1	62.79	62.79	62.79
juego1	easy	40.0	0.008	29244	700	301	323	22	0	1	63.29	63.29	63.29
juego1	easy	40.0	0.008	29252	700	301	321	20	0	1	64.23	64.23	64.23
juego1	easy	40.0	0.008	29260	700	301	319	18	0	1	65.03	65.03	65.03
juego1	easy	40.0	0.008	29268	700	301	318	17	0	1	65.41	65.41	65.41
juego1	easy	40.0	0.008	29277	700	301	317	16	0	1	65.96	65.96	65.96
juego1	easy	40.0	0.008	29286	700	301	316	15	0	1	66.54	66.54	66.54
juego1	easy	40.0	0.008	29295	700	301	313	12	0	1	67.83	67.83	67.83
juego1	easy	40.0	0.008	29304	700	301	311	10	0	1	68.32	68.32	68.32
juego1	easy	40.0	0.008	29312	700	301	309	8	0	1	69.32	69.32	69.32
juego1	easy	40.0	0.008	29321	700	301	307	6	0	1	70.28	70.28	70.28
juego1	easy	40.0	0.008	29328	700	301	306	5	0	1	70.73	70.73	70.73
juego1	easy	40.0	0.008	29337	700	301	304	3	0	1	71.47	71.47	71.47
juego1	easy	40.0	0.008	29346	700	301	303	2	0	1	71.95	71.95	71.95
juego1	easy	40.0	0.008	29355	700	301	302	1	0	1	72.28	72.28	72.28
juego1	easy	40.0	0.008	29364	700	301	302	1	0	1	72.44	72.44	72.44
juego1	easy	40.0	0.008	29373	700	301	301	0	0	1	72.89	72.89	72.89
juego1	easy	40.0	0.008	29382	700	301	300	-1	0	1	73.54	73.54	73.54
juego1	easy	40.0	0.008	29390	700	301	299	-2	0	1	73.94	73.94	73.94
juego1	easy	40.0	0.008	29397	700	301	297	-4	0	1	74.92	74.92	74.92
juego1	easy	40.0	0.008	29406	700	301	296	-5	0	1	75.46	75.46	75.46
juego1	easy	40.0	0.008	29415	700	301	295	-6	0	1	76.0	76.0	76.0
juego1	easy	40.0	0.008	29424	700	301	291	-10	0	1	77.55	77.55	77.55
juego1	easy	40.0	0.008	29432	700	301	289	-12	0	1	78.45	78.45	78.45
juego1	easy	40.0	0.008	29440	700	301	288	-13	0	1	79.02	79.02	79.02
juego1	easy	40.0	0.008	29449	700	301	287	-14	0	1	79.19	79.19	79.19
juego1	easy	40.0	0.008	29457	700	301	287	-14	0	1	79.43	79.43	79.43
juego1	easy	40.0	0.008	29465	700	301	286	-15	0	1	79.82	79.82	79.82
juego1	easy	40.0	0.008	29474	700	301	285	-16	0	1	80.04	80.04	80.04
juego1	easy	40.0	0.008	29482	700	301	284	-17	0	1	80.56	80.56	80.56
juego1	easy	40.0	0.008	29491	700	301	283	-18	0	1	81.13	81.13	81.13
juego1	easy	40.0	0.008	29499	700	301	282	-19	0	1	81.43	81.43	81.43
juego1	easy	40.0	0.008	29508	700	301	281	-20	0	1	82.05	82.05	82.05
juego1	easy	40.0	0.008	29516	700	301	279	-22	0	1	82.71	82.71	82.71
juego1	easy	40.0	0.008	29523	700	301	278	-23	0	1	83.05	83.05	83.05
juego1	easy	40.0	0.008	29532	700	301	277	-24	0	1	83.76	83.76	83.76
juego1	easy	40.0	0.008	29541	700	301	275	-26	0	1	84.44	84.44	84.44
juego1	easy	40.0	0.008	29548	700	301	274	-27	0	1	84.78	84.78	84.78
juego1	easy	40.0	0.008	29557	700	301	273	-28	0	1	85.47	85.47	85.47
juego1	easy	40.0	0.008	29566	700	301	272	-29	0	1	85.8	85.8	85.8
juego1	easy	40.0	0.008	29575	700	301	270	-31	0	1	86.53	86.53	86.53
juego1	easy	40.0	0.008	29585	700	301	269	-32	0	1	87.08	87.08	87.08
juego1	easy	40.0	0.008	29592	700	301	267	-34	0	1	87.82	87.82	87.82
juego1	easy	40.0	0.008	29601	700	301	266	-35	0	1	88.43	88.43	88.43
juego1	easy	40.0	0.008	29610	700	301	265	-36	0	1	88.73	88.73	88.73
juego1	easy	40.0	0.008	29618	700	301	264	-37	0	1	89.26	89.26	89.26
juego1	easy	40.0	0.008	29626	700	301	263	-38	0	1	89.71	89.71	89.71
juego1	easy	40.0	0.008	29634	700	301	262	-39	0	1	89.95	89.95	89.95
juego1	easy	40.0	0.008	29643	700	301	261	-40	0	1	90.49	90.49	90.49
juego1	easy	40.0	0.008	29652	700	301	260	-41	0	1	91.16	91.16	91.16
juego1	easy	40.0	0.008	29661	700	301	258	-43	0	1	91.96	91.96	91.96
juego1	easy	40.0	0.008	29670	700	301	257	-44	0	1	92.41	92.41	92.41
juego1	easy	40.0	0.008	29679	700	301	254	-47	0	1	93.48	93.48	93.48
juego1	easy	40.0	0.008	29687	700	301	252	-49	0	1	94.6	94.6	94.6
juego1	easy	40.0	0.008	29696	700	301	250	-51	0	1	95.5	95.5	95.5
juego1	easy	40.0	0.008	29705	700	301	249	-52	0	1	95.87	95.87	95.87
juego1	easy	40.0	0.008	29713	700	301	247	-54	0	1	96.47	96.47	96.47
juego1	easy	40.0	0.008	29721	700	301	246	-55	0	1	96.95	96.95	96.95
juego1	easy	40.0	0.008	29730	700	301	246	-55	0	1	97.17	97.17	97.17
juego1	easy	40.0	0.008	29739	700	301	245	-56	0	1	97.63	97.63	97.63
juego1	easy	40.0	0.008	29746	700	301	244	-57	0	1	97.93	97.93	97.93
juego1	easy	40.0	0.008	29755	700	301	243	-58	0	1	98.24	98.24	98.24
juego1	easy	40.0	0.008	29764	700	301	241	-60	0	1	99.26	99.26	99.26
juego1	easy	40.0	0.008	29772	700	301	239	-62	0	1	99.97	99.97	99.97
juego1	easy	40.0	0.008	29780	700	301	238	-63	0	1	100.33	100.33	100.33
juego1	easy	40.0	0.008	29789	700	301	237	-64	0	1	101.09	101.09	101.09
juego1	easy	40.0	0.008	29797	700	301	235	-66	0	1	101.89	101.89	101.89
juego1	easy	40.0	0.008	29805	700	301	234	-67	0	1	102.3	102.3	102.3
juego1	easy	40.0	0.008	29814	700	301	232	-69	0	1	103.16	103.16	103.16
juego1	easy	40.0	0.008	29822	700	301	230	-71	0	1	104.06	104.06	104.06
juego1	easy	40.0	0.008	29830	700	301	229	-72	0	1	104.54	104.54	104.54
juego1	easy	40.0	0.008	29838	700	301	226	-75	0	1	105.71	105.71	105.71
juego1	easy	40.0	0.008	29847	700	301	223	-78	0	1	107.04	107.04	107.04
juego1	easy	40.0	0.008	29856	700	301	221	-80	0	1	107.72	107.72	107.72
juego1	easy	40.0	0.008	29865	700	301	218	-83	0	1	108.95	108.95	108.95
juego1	easy	40.0	0.008	29874	700	301	216	-85	0	1	110.1	110.1	110.1
juego1	easy	40.0	0.008	29883	700	301	213	-88	0	1	111.31	111.31	111.31
juego1	easy	40.0	0.008	29892	700	301	212	-89	0	1	111.94	111.94	111.94
juego1	easy	40.0	0.008	29901	700	301	208	-93	0	1	113.35	113.35	113.35
juego1	easy	40.0	0.008	29909	700	301	205	-96	0	1	114.91	114.91	114.91
juego1	easy	40.0	0.008	29918	700	301	201	-100	0	1	116.45	116.45	116.45
juego1	easy	40.0	0.008	29927	700	301	198	-103	0	1	117.71	117.71	117.71
juego1	easy	40.0	0.008	29936	700	301	196	-105	0	1	118.83	118.83	118.83
juego1	easy	40.0	0.008	29945	700	301	194	-107	0	1	119.43	119.43	119.43
juego1	easy	40.0	0.008	29954	700	301	191	-110	0	1	120.73	120.73	120.73
juego1	easy	40.0	0.008	29963	700	301	188	-113	0	1	122.3	122.3	122.3
juego1	easy	40.0	0.008	29972	700	301	184	-117	0	1	123.97	123.97	123.97
juego1	easy	40.0	0.008	29981	700	301	182	-119	0	1	124.77	124.77	124.77
juego1	easy	40.0	0.008	29990	700	301	178	-123	0	1	126.39	126.39	126.39
juego1	easy	40.0	0.008	29997	700	301	176	-125	0	1	127.15	127.15	127.15
juego1	easy	40.0	0.008	30006	700	301	175	-126	0	1	127.89	127.89	127.89
juego1	easy	40.0	0.008	30015	700	301	171	-130	0	1	129.56	129.56	129.56
juego1	easy	40.0	0.008	30023	700	301	168	-133	0	1	130.62	130.62	130.62
juego1	easy	40.0	0.008	30032	700	301	166	-135	0	1	131.86	131.86	131.86
juego1	easy	40.0	0.008	30041	700	301	164	-137	0	1	132.46	132.46	132.46
juego1	easy	40.0	0.008	30049	700	301	162	-139	0	1	133.45	133.45	133.45
juego1	easy	40.0	0.008	30057	700	301	160	-141	0	1	134.29	134.29	134.29
juego1	easy	40.0	0.008	30065	700	301	159	-142	0	1	134.7	134.7	134.7
juego1	easy	40.0	0.008	30074	700	301	157	-144	0	1	135.34	135.34	135.34
juego1	easy	40.0	0.008	30083	700	301	156	-145	0	1	135.82	135.82	135.82
juego1	easy	40.0	0.008	30092	700	301	155	-146	0	1	136.22	136.22	136.22
juego1	easy	40.0	0.008	30100	700	301	155	-146	0	1	136.4	136.4	136.4
juego1	easy	40.0	0.008	30109	700	301	154	-147	0	1	136.83	136.83	136.83
juego1	easy	40.0	0.008	30118	700	301	153	-148	0	1	137.28	137.28	137.28
juego1	easy	40.0	0.008	30127	700	301	152	-149	0	1	137.69	137.69	137.69
juego1	easy	40.0	0.008	30135	700	301	151	-150	0	1	137.92	137.92	137.92
juego1	easy	40.0	0.008	30144	700	301	150	-151	0	1	138.38	138.38	138.38
juego1	easy	40.0	0.008	30153	700	301	150	-151	0	1	138.77	138.77	138.77
juego1	easy	40.0	0.008	30162	700	301	149	-152	0	1	138.89	138.89	138.89
juego1	easy	40.0	0.008	30171	700	301	149	-152	0	1	139.05	139.05	139.05
juego1	easy	40.0	0.008	30180	700	301	149	-152	0	1	139.16	139.16	139.16
juego1	easy	40.0	0.008	30188	700	301	148	-153	0	1	139.26	139.26	139.26
juego1	easy	40.0	0.008	30197	700	301	148	-153	0	1	139.29	139.29	139.29
juego1	easy	40.0	0.008	30206	700	301	148	-153	0	1	139.34	139.34	139.34
juego1	easy	40.0	0.008	30214	700	301	148	-153	0	1	139.38	139.38	139.38
juego1	easy	40.0	0.008	30223	700	301	148	-153	0	1	139.44	139.44	139.44
juego1	easy	40.0	0.008	30231	700	301	148	-153	0	1	139.45	139.45	139.45
juego1	easy	40.0	0.008	30240	700	301	148	-153	0	1	139.42	139.42	139.42
juego1	easy	40.0	0.008	30249	700	301	148	-153	0	1	139.36	139.36	139.36
juego1	easy	40.0	0.008	30256	700	301	148	-153	0	1	139.33	139.33	139.33
juego1	easy	40.0	0.008	30265	700	301	148	-153	0	1	139.27	139.27	139.27
juego1	easy	40.0	0.008	30272	700	301	149	-152	0	1	139.18	139.18	139.18
juego1	easy	40.0	0.008	30281	700	301	149	-152	0	1	139.13	139.13	139.13
juego1	easy	40.0	0.008	30289	700	301	149	-152	0	1	139.07	139.07	139.07
juego1	easy	40.0	0.008	30297	700	301	149	-152	0	1	139.01	139.01	139.01
juego1	easy	40.0	0.008	30306	700	301	149	-152	0	1	138.99	138.99	138.99
juego1	easy	40.0	0.008	30315	700	301	149	-152	0	1	139.01	139.01	139.01
juego1	easy	40.0	0.008	30324	700	301	149	-152	0	1	139.07	139.07	139.07
juego1	easy	40.0	0.008	30333	700	301	149	-152	0	1	139.1	139.1	139.1
juego1	easy	40.0	0.008	30342	700	301	149	-152	0	1	139.06	139.06	139.06
juego1	easy	40.0	0.008	30350	700	301	149	-152	0	1	139.05	139.05	139.05
juego1	easy	40.0	0.008	30359	700	301	149	-152	0	1	139.01	139.01	139.01
juego1	easy	40.0	0.008	30368	700	301	149	-152	0	1	138.93	138.93	138.93
juego1	easy	40.0	0.008	30377	700	301	150	-151	0	1	138.77	138.77	138.77
juego1	easy	40.0	0.008	30385	700	301	150	-151	0	1	138.62	138.62	138.62
juego1	easy	40.0	0.008	30394	700	301	151	-150	0	1	138.13	138.13	138.13
juego1	easy	40.0	0.008	30403	700	301	152	-149	0	1	137.55	137.55	137.55
juego1	easy	40.0	0.008	30412	700	301	154	-147	0	1	137.03	137.03	137.03
juego1	easy	40.0	0.008	30420	700	301	154	-147	0	1	136.75	136.75	136.75
juego1	easy	40.0	0.008	30429	700	301	156	-145	0	1	136.0	136.0	136.0
juego1	easy	40.0	0.008	30438	700	301	158	-143	0	1	134.97	134.97	134.97
juego1	easy	40.0	0.008	30447	700	301	160	-141	0	1	134.33	134.33	134.33
juego1	easy	40.0	0.008	30455	700	301	163	-138	0	1	132.92	132.92	132.92
juego1	easy	40.0	0.008	30463	700	301	167	-134	0	1	131.3	131.3	131.3
juego1	easy	40.0	0.008	30472	700	301	169	-132	0	1	130.39	130.39	130.39
juego1	easy	40.0	0.008	30480	700	301	174	-127	0	1	128.29	128.29	128.29
juego1	easy	40.0	0.008	30488	700	301	180	-121	0	1	125.78	125.78	125.78
juego1	easy	40.0	0.008	30497	700	301	183	-118	0	1	124.47	124.47	124.47
juego1	easy	40.0	0.008	30505	700	301	189	-112	0	1	121.72	121.72	121.72
juego1	easy	40.0	0.008	30514	700	301	192	-109	0	1	120.38	120.38	120.38
juego1	easy	40.0	0.008	30523	700	301	197	-104	0	1	118.17	118.17	118.17
juego1	easy	40.0	0.008	30532	700	301	203	-98	0	1	115.78	115.78	115.78
juego1	easy	40.0	0.008	30540	700	301	207	-94	0	1	113.87	113.87	113.87
juego1	easy	40.0	0.008	30548	700	301	212	-89	0	1	111.92	111.92	111.92
juego1	easy	40.0	0.008	30557	700	301	214	-87	0	1	110.91	110.91	110.91
juego1	easy	40.0	0.008	30566	700	301	219	-82	0	1	108.9	108.9	108.9
juego1	easy	40.0	0.008	30575	700	301	223	-78	0	1	106.92	106.92	106.92
juego1	easy	40.0	0.008	30583	700	301	228	-73	0	1	104.86	104.86	104.86
juego1	easy	40.0	0.008	30592	700	301	230	-71	0	1	103.86	103.86	103.86
juego1	easy	40.0	0.008	30601	700	301	235	-66	0	1	101.8	101.8	101.8
juego1	easy	40.0	0.008	30610	700	301	240	-61	0	1	99.68	99.68	99.68
juego1	easy	40.0	0.008	30619	700	301	245	-56	0	1	97.55	97.55	97.55
juego1	easy	40.0	0.008	30627	700	301	247	-54	0	1	96.56	96.56	96.56
juego1	easy	40.0	0.008	30635	700	301	252	-49	0	1	94.63	94.63	94.63
juego1	easy	40.0	0.008	30644	700	301	256	-45	0	1	92.67	92.67	92.67
juego1	easy	40.0	0.008	30653	700	301	259	-42	0	1	91.59	91.59	91.59
juego1	easy	40.0	0.008	30662	700	301	264	-37	0	1	89.34	89.34	89.34
juego1	easy	40.0	0.008	30670	700	301	269	-32	0	1	87.08	87.08	87.08
juego1	easy	40.0	0.008	30678	700	301	272	-29	0	1	85.9	85.9	85.9
juego1	easy	40.0	0.008	30687	700	301	276	-25	0	1	84.1	84.1	84.1
juego1	easy	40.0	0.008	30696	700	301	281	-20	0	1	81.9	81.9	81.9
juego1	easy	40.0	0.008	30705	700	301	285	-16	0	1	80.12	80.12	80.12
juego1	easy	40.0	0.008	30714	700	301	290	-11	0	1	78.22	78.22	78.22
juego1	easy	40.0	0.008	30723	700	301	294	-7	0	1	76.18	76.18	76.18
juego1	easy	40.0	0.008	30732	700	301	297	-4	0	1	75.15	75.15	75.15
juego1	easy	40.0	0.008	30741	700	301	301	0	0	1	72.99	72.99	72.99
juego1	easy	40.0	0.008	30750	700	301	305	4	0	1	70.92	70.92	70.92
juego1	easy	40.0	0.008	30759	700	301	308	7	0	1	69.64	69.64	69.64
juego1	easy	40.0	0.008	30768	700	301	311	10	0	1	68.52	68.52	68.52
juego1	easy	40.0	0.008	30775	700	301	315	14	0	1	66.79	66.79	66.79
juego1	easy	40.0	0.008	30784	700	301	317	16	0	1	66.1	66.1	66.1
juego1	easy	40.0	0.008	30791	700	301	319	18	0	1	64.94	64.94	64.94
juego1	easy	40.0	0.008	30800	700	301	321	20	0	1	64.21	64.21	64.21
juego1	easy	40.0	0.008	30809	700	301	322	21	0	1	63.64	63.64	63.64
juego1	easy	40.0	0.008	30818	700	301	324	23	0	1	62.84	62.84	62.84
juego1	easy	40.0	0.008	30827	700	301	325	24	0	1	62.36	62.36	62.36
juego1	easy	40.0	0.008	30836	700	301	327	26	0	1	61.43	61.43	61.43
juego1	easy	40.0	0.008	30845	700	301	329	28	0	1	60.95	60.95	60.95
juego1	easy	40.0	0.008	30852	700	301	331	30	0	1	59.97	59.97	59.97
juego1	easy	40.0	0.008	30861	700	301	333	32	0	1	58.81	58.81	58.81
juego1	easy	40.0	0.008	30870	700	301	336	35	0	1	57.58	57.58	57.58
juego1	easy	40.0	0.008	30878	700	301	338	37	0	1	56.96	56.96	56.96
juego1	easy	40.0	0.008	30887	700	301	341	40	0	1	55.36	55.36	55.36
juego1	easy	40.0	0.008	30895	700	301	347	46	0	1	53.02	53.02	53.02
juego1	easy	40.0	0.008	30904	700	301	353	52	0	1	50.56	50.56	50.56
juego1	easy	40.0	0.008	30913	700	301	355	54	0	1	49.39	49.39	49.39
juego1	easy	40.0	0.008	30922	700	301	360	59	0	1	47.17	47.17	47.17
juego1	easy	40.0	0.008	30930	700	301	365	64	0	1	44.98	44.98	44.98
juego1	easy	40.0	0.008	30939	700	301	370	69	0	1	43.09	43.09	43.09
juego1	easy	40.0	0.008	30946	700	301	372	71	0	1	42.31	42.31	42.31
juego1	easy	40.0	0.008	30954	700	301	375	74	0	1	40.92	40.92	40.92
juego1	easy	40.0	0.008	30963	700	301	376	75	0	1	40.29	40.29	40.29
juego1	easy	40.0	0.008	30971	700	301	379	78	0	1	39.13	39.13	39.13
juego1	easy	40.0	0.008	30980	700	301	382	81	0	1	37.92	37.92	37.92
juego1	easy	40.0	0.008	30988	700	301	383	82	0	1	37.32	37.32	37.32
juego1	easy	40.0	0.008	30997	700	301	386	85	0	1	36.01	36.01	36.01
juego1	easy	40.0	0.008	31005	700	301	388	87	0	1	35.32	35.32	35.32
juego1	easy	40.0	0.008	31014	700	301	391	90	0	1	34.11	34.11	34.11
juego1	easy	40.0	0.008	31022	700	301	392	91	0	1	33.33	33.33	33.33
juego1	easy	40.0	0.008	31031	700	301	394	93	0	1	32.83	32.83	32.83
juego1	easy	40.0	0.008	31039	700	301	395	94	0	1	32.35	32.35	32.35
juego1	easy	40.0	0.008	31047	700	301	395	94	0	1	32.01	32.01	32.01
juego1	easy	40.0	0.008	31056	700	301	397	96	0	1	31.37	31.37	31.37
juego1	easy	40.0	0.008	31065	700	301	398	97	0	1	30.72	30.72	30.72
juego1	easy	40.0	0.008	31072	700	301	399	98	0	1	30.37	30.37	30.37
juego1	easy	40.0	0.008	31080	700	301	401	100	0	1	29.69	29.69	29.69
juego1	easy	40.0	0.008	31089	700	301	402	101	0	1	29.28	29.28	29.28
juego1	easy	40.0	0.008	31098	700	301	404	103	0	1	28.24	28.24	28.24
juego1	easy	40.0	0.008	31106	700	301	407	106	0	1	27.08	27.08	27.08
juego1	easy	40.0	0.008	31115	700	301	408	107	0	1	26.62	26.62	26.62
juego1	easy	40.0	0.008	31124	700	301	409	108	0	1	26.02	26.02	26.02
juego1	easy	40.0	0.008	31133	700	301	410	109	0	1	25.67	25.67	25.67
juego1	easy	40.0	0.008	31142	700	301	411	110	0	1	25.21	25.21	25.21
juego1	easy	40.0	0.008	31150	700	301	413	112	0	1	24.48	24.48	24.48
juego1	easy	40.0	0.008	31157	700	301	414	113	0	1	24.18	24.18	24.18
juego1	easy	40.0	0.008	31165	700	301	415	114	0	1	23.75	23.75	23.75
juego1	easy	40.0	0.008	31174	700	301	415	114	0	1	23.36	23.36	23.36
juego1	easy	40.0	0.008	31183	700	301	416	115	0	1	23.15	23.15	23.15
juego1	easy	40.0	0.008	31191	700	301	417	116	0	1	22.68	22.68	22.68
juego1	easy	40.0	0.008	31200	700	301	418	117	0	1	22.28	22.28	22.28
juego1	easy	40.0	0.008	31209	700	301	418	117	0	1	22.13	22.13	22.13
juego1	easy	40.0	0.008	31217	700	301	419	118	0	1	21.95	21.95	21.95
juego1	easy	40.0	0.008	31226	700	301	419	118	0	1	21.83	21.83	21.83
juego1	easy	40.0	0.008	31235	700	301	419	118	0	1	21.77	21.77	21.77
juego1	easy	40.0	0.008	31243	700	301	419	118	0	1	21.78	21.78	21.78
juego1	easy	40.0	0.008	31251	700	301	419	118	0	1	21.87	21.87	21.87
juego1	easy	40.0	0.008	31260	700	301	418	117	0	1	22.06	22.06	22.06
juego1	easy	40.0	0.008	31269	700	301	418	117	0	1	22.18	22.18	22.18
juego1	easy	40.0	0.008	31277	700	301	418	117	0	1	22.46	22.46	22.46
juego1	easy	40.0	0.008	31286	700	301	417	116	0	1	22.78	22.78	22.78
juego1	easy	40.0	0.008	31293	700	301	416	115	0	1	22.97	22.97	22.97
juego1	easy	40.0	0.008	31301	700	301	415	114	0	1	23.41	23.41	23.41
juego1	easy	40.0	0.008	31310	700	301	414	113	0	1	23.89	23.89	23.89
juego1	easy	40.0	0.008	31319	700	301	414	113	0	1	24.15	24.15	24.15
juego1	easy	40.0	0.008	31327	700	301	412	111	0	1	24.73	24.73	24.73
juego1	easy	40.0	0.008	31336	700	301	411	110	0	1	25.45	25.45	25.45
juego1	easy	40.0	0.008	31345	700	301	408	107	0	1	26.4	26.4	26.4
juego1	easy	40.0	0.008	31354	700	301	407	106	0	1	26.93	26.93	26.93
juego1	easy	40.0	0.008	31362	700	301	404	103	0	1	28.14	28.14	28.14
juego1	easy	40.0	0.008	31370	700	301	403	102	0	1	28.83	28.83	28.83
juego1	easy	40.0	0.008	31378	700	301	399	98	0	1	30.26	30.26	30.26
juego1	easy	40.0	0.008	31387	700	301	396	95	0	1	31.73	31.73	31.73
juego1	easy	40.0	0.008	31396	700	301	393	92	0	1	33.11	33.11	33.11
juego1	easy	40.0	0.008	31405	700	301	390	89	0	1	34.45	34.45	34.45
juego1	easy	40.0	0.008	31413	700	301	388	87	0	1	35.14	35.14	35.14
juego1	easy	40.0	0.008	31421	700	301	385	84	0	1	36.62	36.62	36.62
juego1	easy	40.0	0.008	31430	700	301	383	82	0	1	37.41	37.41	37.41
juego1	easy	40.0	0.008	31439	700	301	379	78	0	1	39.16	39.16	39.16
juego1	easy	40.0	0.008	31447	700	301	376	75	0	1	40.39	40.39	40.39
juego1	easy	40.0	0.008	31455	700	301	372	71	0	1	41.98	41.98	41.98
juego1	easy	40.0	0.008	31464	700	301	368	67	0	1	44.09	44.09	44.09
juego1	easy	40.0	0.008	31472	700	301	363	62	0	1	45.93	45.93	45.93
juego1	easy	40.0	0.008	31481	700	301	361	60	0	1	47.12	47.12	47.12
juego1	easy	40.0	0.008	31490	700	301	358	57	0	1	48.11	48.11	48.11
juego1	easy	40.0	0.008	31497	700	301	355	54	0	1	49.39	49.39	49.39
juego1	easy	40.0	0.008	31506	700	301	353	52	0	1	50.22	50.22	50.22
juego1	easy	40.0	0.008	31515	700	301	353	52	0	1	50.53	50.53	50.53
juego1	easy	40.0	0.008	31522	700	301	352	51	0	1	50.89	50.89	50.89
juego1	easy	40.0	0.008	31531	700	301	351	50	0	1	51.21	51.21	51.21
juego1	easy	40.0	0.008	31540	700	301	350	49	0	1	51.5	51.5	51.5
juego1	easy	40.0	0.008	31549	700	301	350	49	0	1	51.64	51.64	51.64
juego1	easy	40.0	0.008	31557	700	301	349	48	0	1	51.98	51.98	51.98
juego1	easy	40.0	0.008	31566	700	301	349	48	0	1	52.21	52.21	52.21
juego1	easy	40.0	0.008	31576	700	301	348	47	0	1	52.45	52.45	52.45
juego1	easy	40.0	0.008	31584	700	301	348	47	0	1	52.57	52.57	52.57
juego1	easy	40.0	0.008	31591	700	301	347	46	0	1	52.76	52.76	52.76
juego1	easy	40.0	0.008	31600	700	301	347	46	0	1	52.84	52.84	52.84
juego1	easy	40.0	0.008	31608	700	301	347	46	0	1	53.03	53.03	53.03
juego1	easy	40.0	0.008	31617	700	301	346	45	0	1	53.22	53.22	53.22
juego1	easy	40.0	0.008	31626	700	301	346	45	0	1	53.49	53.49	53.49
juego1	easy	40.0	0.008	31635	700	301	345	44	0	1	53.69	53.69	53.69
juego1	easy	40.0	0.008	31644	700	301	344	43	0	1	54.4	54.4	54.4
juego1	easy	40.0	0.008	31652	700	301	343	42	0	1	54.88	54.88	54.88
juego1	easy	40.0	0.008	31661	700	301	343	42	0	1	54.88	54.88	54.88
juego1	easy	40.0	0.008	31668	700	301	337	36	0	1	57.26	57.26	57.26
juego1	easy	40.0	0.008	31677	700	301	334	33	0	1	58.65	58.65	58.65
juego1	easy	40.0	0.008	31686	700	301	330	29	0	1	60.1	60.1	60.1
juego1	easy	40.0	0.008	31695	700	301	329	28	0	1	60.86	60.86	60.86
juego1	easy	40.0	0.008	31702	700	301	326	25	0	1	62.25	62.25	62.25
juego1	easy	40.0	0.008	31711	700	301	324	23	0	1	62.9	62.9	62.9
juego1	easy	40.0	0.008	31720	700	301	321	20	0	1	64.04	64.04	64.04
juego1	easy	40.0	0.008	31727	700	301	320	19	0	1	64.55	64.55	64.55
juego1	easy	40.0	0.008	31736	700	301	317	16	0	1	66.08	66.08	66.08
juego1	easy	40.0	0.008	31745	700	301	316	15	0	1	66.56	66.56	66.56
juego1	easy	40.0	0.008	31754	700	301	314	13	0	1	67.36	67.36	67.36
juego1	easy	40.0	0.008	31763	700	301	312	11	0	1	67.94	67.94	67.94
juego1	easy	40.0	0.008	31771	700	301	312	11	0	1	68.22	68.22	68.22
juego1	easy	40.0	0.008	31779	700	301	310	9	0	1	68.79	68.79	68.79
juego1	easy	40.0	0.008	31788	700	301	309	8	0	1	69.2	69.2	69.2
juego1	easy	40.0	0.008	31797	700	301	309	8	0	1	69.6	69.6	69.6
juego1	easy	40.0	0.008	31805	700	301	307	6	0	1	70.11	70.11	70.11
juego1	easy	40.0	0.008	31813	700	301	307	6	0	1	70.33	70.33	70.33
juego1	easy	40.0	0.008	31822	700	301	307	6	0	1	70.36	70.36	70.36
juego1	easy	40.0	0.008	31831	700	301	307	6	0	1	70.35	70.35	70.35
juego1	easy	40.0	0.008	31839	700	301	307	6	0	1	70.37	70.37	70.37
juego1	easy	40.0	0.008	31848	700	301	307	6	0	1	70.45	70.45	70.45
juego1	easy	40.0	0.008	31857	700	301	306	5	0	1	70.53	70.53	70.53
juego1	easy	40.0	0.008	31866	700	301	306	5	0	1	70.64	70.64	70.64
juego1	easy	40.0	0.008	31873	700	301	306	5	0	1	70.73	70.73	70.73
juego1	easy	40.0	0.008	31882	700	301	305	4	0	1	70.94	70.94	70.94
juego1	easy	40.0	0.008	31891	700	301	305	4	0	1	71.07	71.07	71.07
juego1	easy	40.0	0.008	31900	700	301	305	4	0	1	71.12	71.12	71.12
juego1	easy	40.0	0.008	31907	700	301	305	4	0	1	71.18	71.18	71.18
juego1	easy	40.0	0.008	31916	700	301	305	4	0	1	71.18	71.18	71.18
juego1	easy	40.0	0.008	31925	700	301	305	4	0	1	71.16	71.16	71.16
juego1	easy	40.0	0.008	31933	700	301	305	4	0	1	71.07	71.07	71.07
juego1	easy	40.0	0.008	31942	700	301	305	4	0	1	70.99	70.99	70.99
juego1	easy	40.0	0.008	31952	700	301	305	4	0	1	70.99	70.99	70.99
juego1	easy	40.0	0.008	31960	700	301	305	4	0	1	71.03	71.03	71.03
juego1	easy	40.0	0.008	31968	700	301	305	4	0	1	71.1	71.1	71.1
juego1	easy	40.0	0.008	31977	700	301	305	4	0	1	71.11	71.11	71.11
juego1	easy	40.0	0.008	31985	700	301	305	4	0	1	71.11	71.11	71.11
juego1	easy	40.0	0.008	31993	700	301	305	4	0	1	71.17	71.17	71.17
juego1	easy	40.0	0.008	32001	700	301	305	4	0	1	71.22	71.22	71.22
juego1	easy	40.0	0.008	32010	700	301	304	3	0	1	71.35	71.35	71.35
juego1	easy	40.0	0.008	32019	700	301	304	3	0	1	71.47	71.47	71.47
juego1	easy	40.0	0.008	32027	700	301	304	3	0	1	71.56	71.56	71.56
juego1	easy	40.0	0.008	32035	700	301	304	3	0	1	71.57	71.57	71.57
juego1	easy	40.0	0.008	32044	700	301	304	3	0	1	71.61	71.61	71.61
juego1	easy	40.0	0.008	32052	700	301	304	3	0	1	71.75	71.75	71.75
juego1	easy	40.0	0.008	32060	700	301	303	2	0	1	71.92	71.92	71.92
juego1	easy	40.0	0.008	32068	700	301	302	1	0	1	72.38	72.38	72.38
juego1	easy	40.0	0.008	32076	700	301	301	0	0	1	72.65	72.65	72.65
juego1	easy	40.0	0.008	32085	700	301	300	-1	0	1	73.16	73.16	73.16
juego1	easy	40.0	0.008	32094	700	301	300	-1	0	1	73.52	73.52	73.52
juego1	easy	40.0	0.008	32101	700	301	300	-1	0	1	73.64	73.64	73.64
juego1	easy	40.0	0.008	32110	700	301	300	-1	0	1	73.69	73.69	73.69
juego1	easy	40.0	0.008	32119	700	301	300	-1	0	1	73.54	73.54	73.54
juego1	easy	40.0	0.008	32128	700	301	300	-1	0	1	73.29	73.29	73.29
juego1	easy	40.0	0.008	32137	700	301	300	-1	0	1	73.07	73.07	73.07
juego1	easy	40.0	0.008	32144	700	301	301	0	0	1	72.98	72.98	72.98
juego1	easy	40.0	0.008	32152	700	301	301	0	0	1	72.91	72.91	72.91
juego1	easy	40.0	0.008	32161	700	301	301	0	0	1	72.92	72.92	72.92
juego1	easy	40.0	0.008	32170	700	301	301	0	0	1	73.03	73.03	73.03
juego1	easy	40.0	0.008	32179	700	301	300	-1	0	1	73.19	73.19	73.19
juego1	easy	40.0	0.008	32188	700	301	300	-1	0	1	73.34	73.34	73.34
juego1	easy	40.0	0.008	32195	700	301	300	-1	0	1	73.41	73.41	73.41
juego1	easy	40.0	0.008	32204	700	301	300	-1	0	1	73.44	73.44	73.44
juego1	easy	40.0	0.008	32213	700	301	300	-1	0	1	73.36	73.36	73.36
juego1	easy	40.0	0.008	32221	700	301	300	-1	0	1	73.29	73.29	73.29
juego1	easy	40.0	0.008	32229	700	301	300	-1	0	1	73.08	73.08	73.08
juego1	easy	40.0	0.008	32238	700	301	301	0	0	1	72.83	72.83	72.83
juego1	easy	40.0	0.008	32247	700	301	301	0	0	1	72.71	72.71	72.71
juego1	easy	40.0	0.008	32256	700	301	301	0	0	1	72.68	72.68	72.68
juego1	easy	40.0	0.008	32263	700	301	301	0	0	1	72.64	72.64	72.64
juego1	easy	40.0	0.008	32271	700	301	302	1	0	1	72.6	72.6	72.6
juego1	easy	40.0	0.008	32279	700	301	302	1	0	1	72.58	72.58	72.58
juego1	easy	40.0	0.008	32288	700	301	301	0	0	1	72.69	72.69	72.69
juego1	easy	40.0	0.008	32297	700	301	301	0	0	1	72.88	72.88	72.88
juego1	easy	40.0	0.008	32306	700	301	301	0	0	1	72.98	72.98	72.98
juego1	easy	40.0	0.008	32315	700	301	300	-1	0	1	73.17	73.17	73.17
juego1	easy	40.0	0.008	32322	700	301	300	-1	0	1	73.26	73.26	73.26
juego1	easy	40.0	0.008	32331	700	301	300	-1	0	1	73.29	73.29	73.29
juego1	easy	40.0	0.008	32340	700	301	300	-1	0	1	73.3	73.3	73.3
juego1	easy	40.0	0.008	32348	700	301	300	-1	0	1	73.26	73.26	73.26
juego1	easy	40.0	0.008	32357	700	301	300	-1	0	1	73.18	73.18	73.18
juego1	easy	40.0	0.008	32366	700	301	300	-1	0	1	73.15	73.15	73.15
juego1	easy	40.0	0.008	32375	700	301	300	-1	0	1	73.12	73.12	73.12
juego1	easy	40.0	0.008	32383	700	301	300	-1	0	1	73.11	73.11	73.11
juego1	easy	40.0	0.008	32392	700	301	300	-1	0	1	73.12	73.12	73.12
juego1	easy	40.0	0.008	32401	700	301	300	-1	0	1	73.12	73.12	73.12
juego1	easy	40.0	0.008	32410	700	301	300	-1	0	1	73.14	73.14	73.14
juego1	easy	40.0	0.008	32417	700	301	300	-1	0	1	73.15	73.15	73.15
juego1	easy	40.0	0.008	32426	700	301	300	-1	0	1	73.15	73.15	73.15
juego1	easy	40.0	0.008	32435	700	301	300	-1	0	1	73.12	73.12	73.12
juego1	easy	40.0	0.008	32442	700	301	301	0	0	1	73.05	73.05	73.05
juego1	easy	40.0	0.008	32451	700	301	301	0	0	1	73.0	73.0	73.0
juego1	easy	40.0	0.008	32459	700	301	301	0	0	1	72.89	72.89	72.89
juego1	easy	40.0	0.008	32467	700	301	301	0	0	1	72.8	72.8	72.8
juego1	easy	40.0	0.008	32476	700	301	301	0	0	1	72.75	72.75	72.75
juego1	easy	40.0	0.008	32485	700	301	301	0	0	1	72.68	72.68	72.68
juego1	easy	40.0	0.008	32493	700	301	302	1	0	1	72.58	72.58	72.58
juego1	easy	40.0	0.008	32500	700	301	302	1	0	1	72.52	72.52	72.52
juego1	easy	40.0	0.008	32508	700	301	302	1	0	1	72.4	72.4	72.4
juego1	easy	40.0	0.008	32517	700	301	302	1	0	1	72.33	72.33	72.33
juego1	easy	40.0	0.008	32526	700	301	302	1	0	1	72.21	72.21	72.21
juego1	easy	40.0	0.008	32534	700	301	303	2	0	1	72.08	72.08	72.08
juego1	easy	40.0	0.008	32543	700	301	303	2	0	1	71.93	71.93	71.93
juego1	easy	40.0	0.008	32552	700	301	303	2	0	1	71.86	71.86	71.86
juego1	easy	40.0	0.008	32560	700	301	304	3	0	1	71.74	71.74	71.74
juego1	easy	40.0	0.008	32568	700	301	304	3	0	1	71.67	71.67	71.67
juego1	easy	40.0	0.008	32577	700	301	304	3	0	1	71.64	71.64	71.64
juego1	easy	40.0	0.008	32586	700	301	304	3	0	1	71.55	71.55	71.55
juego1	easy	40.0	0.008	32595	700	301	304	3	0	1	71.4	71.4	71.4
juego1	easy	40.0	0.008	32602	700	301	305	4	0	1	71.3	71.3	71.3
juego1	easy	40.0	0.008	32611	700	301	305	4	0	1	71.07	71.07	71.07
juego1	easy	40.0	0.008	32620	700	301	305	4	0	1	71.07	71.07	71.07
juego1	easy	40.0	0.008	32629	700	301	306	5	0	1	70.75	70.75	70.75
juego1	easy	40.0	0.008	32638	700	301	306	5	0	1	70.7	70.7	70.7
juego1	easy	40.0	0.008	32646	700	301	306	5	0	1	70.74	70.74	70.74
juego1	easy	40.0	0.008	32655	700	301	306	5	0	1	70.81	70.81	70.81
juego1	easy	40.0	0.008	32664	700	301	306	5	0	1	70.85	70.85	70.85
juego1	easy	40.0	0.008	32672	700	301	306	5	0	1	70.86	70.86	70.86
juego1	easy	40.0	0.008	32680	700	301	305	4	0	1	70.91	70.91	70.91
juego1	easy	40.0	0.008	32689	700	301	305	4	0	1	71.11	71.11	71.11
juego1	easy	40.0	0.008	32698	700	301	304	3	0	1	71.56	71.56	71.56
juego1	easy	40.0	0.008	32707	700	301	303	2	0	1	71.88	71.88	71.88
juego1	easy	40.0	0.008	32715	700	301	302	1	0	1	72.61	72.61	72.61
juego1	easy	40.0	0.008	32723	700	301	300	-1	0	1	73.32	73.32	73.32
juego1	easy	40.0	0.008	32731	700	301	300	-1	0	1	73.63	73.63	73.63
juego1	easy	40.0	0.008	32740	700	301	299	-2	0	1	74.17	74.17	74.17
juego1	easy	40.0	0.008	32748	700	301	298	-3	0	1	74.61	74.61	74.61
juego1	easy	40.0	0.008	32757	700	301	297	-4	0	1	74.8	74.8	74.8
juego1	easy	40.0	0.008	32766	700	301	297	-4	0	1	75.1	75.1	75.1
juego1	easy	40.0	0.008	32775	700	301	296	-5	0	1	75.3	75.3	75.3
juego1	easy	40.0	0.008	32784	700	301	296	-5	0	1	75.41	75.41	75.41
juego1	easy	40.0	0.008	32793	700	301	296	-5	0	1	75.47	75.47	75.47
juego1	easy	40.0	0.008	32800	700	301	296	-5	0	1	75.5	75.5	75.5
juego1	easy	40.0	0.008	32809	700	301	296	-5	0	1	75.53	75.53	75.53
juego1	easy	40.0	0.008	32818	700	301	296	-5	0	1	75.58	75.58	75.58
juego1	easy	40.0	0.008	32827	700	301	296	-5	0	1	75.6	75.6	75.6
juego1	easy	40.0	0.008	32835	700	301	296	-5	0	1	75.61	75.61	75.61
juego1	easy	40.0	0.008	32844	700	301	295	-6	0	1	75.68	75.68	75.68
juego1	easy	40.0	0.008	32852	700	301	295	-6	0	1	75.75	75.75	75.75
juego1	easy	40.0	0.008	32861	700	301	295	-6	0	1	75.94	75.94	75.94
juego1	easy	40.0	0.008	32869	700	301	294	-7	0	1	76.22	76.22	76.22
juego1	easy	40.0	0.008	32878	700	301	294	-7	0	1	76.5	76.5	76.5
juego1	easy	40.0	0.008	32886	700	301	293	-8	0	1	76.56	76.56	76.56
juego1	easy	40.0	0.008	32895	700	301	293	-8	0	1	76.58	76.58	76.58
juego1	easy	40.0	0.008	32903	700	301	293	-8	0	1	76.57	76.57	76.57
juego1	easy	40.0	0.008	32912	700	301	293	-8	0	1	76.59	76.59	76.59
juego1	easy	40.0	0.008	32921	700	301	293	-8	0	1	76.6	76.6	76.6
juego1	easy	40.0	0.008	32929	700	301	293	-8	0	1	76.61	76.61	76.61
juego1	easy	40.0	0.008	32936	700	301	293	-8	0	1	76.63	76.63	76.63
juego1	easy	40.0	0.008	32945	700	301	293	-8	0	1	76.7	76.7	76.7
juego1	easy	40.0	0.008	32954	700	301	293	-8	0	1	76.77	76.77	76.77
juego1	easy	40.0	0.008	32963	700	301	293	-8	0	1	76.81	76.81	76.81
juego1	easy	40.0	0.008	32971	700	301	293	-8	0	1	76.8	76.8	76.8
juego1	easy	40.0	0.008	32979	700	301	293	-8	0	1	76.72	76.72	76.72
juego1	easy	40.0	0.008	32987	700	301	293	-8	0	1	76.68	76.68	76.68
juego1	easy	40.0	0.008	32996	700	301	293	-8	0	1	76.64	76.64	76.64
juego1	easy	40.0	0.008	33004	700	301	293	-8	0	1	76.71	76.71	76.71
juego1	easy	40.0	0.008	33013	700	301	293	-8	0	1	76.75	76.75	76.75
juego1	easy	40.0	0.008	33022	700	301	293	-8	0	1	76.84	76.84	76.84
juego1	easy	40.0	0.008	33030	700	301	293	-8	0	1	76.88	76.88	76.88
juego1	easy	40.0	0.008	33039	700	301	293	-8	0	1	76.85	76.85	76.85
juego1	easy	40.0	0.008	33049	700	301	293	-8	0	1	76.8	76.8	76.8
juego1	easy	40.0	0.008	33056	700	301	293	-8	0	1	76.63	76.63	76.63
juego1	easy	40.0	0.008	33064	700	301	294	-7	0	1	76.41	76.41	76.41
juego1	easy	40.0	0.008	33072	700	301	294	-7	0	1	76.27	76.27	76.27
juego1	easy	40.0	0.008	33081	700	301	295	-6	0	1	76.03	76.03	76.03
juego1	easy	40.0	0.008	33090	700	301	295	-6	0	1	75.84	75.84	75.84
juego1	easy	40.0	0.008	33097	700	301	295	-6	0	1	75.75	75.75	75.75
juego1	easy	40.0	0.008	33105	700	301	296	-5	0	1	75.59	75.59	75.59
juego1	easy	40.0	0.008	33113	700	301	296	-5	0	1	75.5	75.5	75.5
juego1	easy	40.0	0.008	33121	700	301	296	-5	0	1	75.31	75.31	75.31
juego1	easy	40.0	0.008	33129	700	301	297	-4	0	1	75.2	75.2	75.2
juego1	easy	40.0	0.008	33137	700	301	297	-4	0	1	75.01	75.01	75.01
juego1	easy	40.0	0.008	33146	700	301	297	-4	0	1	74.83	74.83	74.83
juego1	easy	40.0	0.008	33154	700	301	298	-3	0	1	74.77	74.77	74.77
juego1	easy	40.0	0.008	33161	700	301	298	-3	0	1	74.74	74.74	74.74
juego1	easy	40.0	0.008	33170	700	301	298	-3	0	1	74.79	74.79	74.79
juego1	easy	40.0	0.008	33180	700	301	297	-4	0	1	74.88	74.88	74.88
juego1	easy	40.0	0.008	33187	700	301	297	-4	0	1	74.94	74.94	74.94
juego1	easy	40.0	0.008	33196	700	301	297	-4	0	1	75.02	75.02	75.02
juego1	easy	40.0	0.008	33204	700	301	297	-4	0	1	74.98	74.98	74.98
juego1	easy	40.0	0.008	33213	700	301	297	-4	0	1	74.94	74.94	74.94
juego1	easy	40.0	0.008	33222	700	301	297	-4	0	1	74.8	74.8	74.8
juego1	easy	40.0	0.008	33231	700	301	298	-3	0	1	74.68	74.68	74.68
juego1	easy	40.0	0.008	33238	700	301	298	-3	0	1	74.67	74.67	74.67
juego1	easy	40.0	0.008	33246	700	301	298	-3	0	1	74.79	74.79	74.79
juego1	easy	40.0	0.008	33254	700	301	297	-4	0	1	74.87	74.87	74.87
juego1	easy	40.0	0.008	33263	700	301	297	-4	0	1	75.08	75.08	75.08
juego1	easy	40.0	0.008	33272	700	301	296	-5	0	1	75.24	75.24	75.24
juego1	easy	40.0	0.008	33281	700	301	296	-5	0	1	75.29	75.29	75.29
juego1	easy	40.0	0.008	33289	700	301	296	-5	0	1	75.27	75.27	75.27
juego1	easy	40.0	0.008	33298	700	301	296	-5	0	1	75.25	75.25	75.25
juego1	easy	40.0	0.008	33306	700	301	297	-4	0	1	75.18	75.18	75.18
juego1	easy	40.0	0.008	33315	700	301	297	-4	0	1	75.19	75.19	75.19
juego1	easy	40.0	0.008	33324	700	301	296	-5	0	1	75.24	75.24	75.24
juego1	easy	40.0	0.008	33333	700	301	296	-5	0	1	75.37	75.37	75.37
juego1	easy	40.0	0.008	33341	700	301	296	-5	0	1	75.56	75.56	75.56
juego1	easy	40.0	0.008	33350	700	301	295	-6	0	1	75.7	75.7	75.7
juego1	easy	40.0	0.008	33359	700	301	295	-6	0	1	75.75	75.75	75.75
juego1	easy	40.0	0.008	33367	700	301	295	-6	0	1	75.74	75.74	75.74
juego1	easy	40.0	0.008	33376	700	301	295	-6	0	1	75.72	75.72	75.72
juego1	easy	40.0	0.008	33384	700	301	295	-6	0	1	75.69	75.69	75.69
juego1	easy	40.0	0.008	33393	700	301	295	-6	0	1	75.71	75.71	75.71
juego1	easy	40.0	0.008	33402	700	301	295	-6	0	1	75.86	75.86	75.86
juego1	easy	40.0	0.008	33410	700	301	295	-6	0	1	76.08	76.08	76.08
juego1	easy	40.0	0.008	33420	700	301	294	-7	0	1	76.34	76.34	76.34
juego1	easy	40.0	0.008	33428	700	301	294	-7	0	1	76.45	76.45	76.45
juego1	easy	40.0	0.008	33435	700	301	293	-8	0	1	76.63	76.63	76.63
juego1	easy	40.0	0.008	33444	700	301	293	-8	0	1	76.7	76.7	76.7
juego1	easy	40.0	0.008	33452	700	301	293	-8	0	1	76.8	76.8	76.8
juego1	easy	40.0	0.008	33460	700	301	293	-8	0	1	76.87	76.87	76.87
juego1	easy	40.0	0.008	33469	700	301	293	-8	0	1	76.9	76.9	76.9
juego1	easy	40.0	0.008	33477	700	301	292	-9	0	1	76.97	76.97	76.97
juego1	easy	40.0	0.008	33486	700	301	292	-9	0	1	77.01	77.01	77.01
juego1	easy	40.0	0.008	33495	700	301	292	-9	0	1	77.07	77.07	77.07
juego1	easy	40.0	0.008	33504	700	301	292	-9	0	1	77.09	77.09	77.09
juego1	easy	40.0	0.008	33512	700	301	292	-9	0	1	77.16	77.16	77.16
juego1	easy	40.0	0.008	33520	700	301	292	-9	0	1	77.21	77.21	77.21
juego1	easy	40.0	0.008	33529	700	301	292	-9	0	1	77.21	77.21	77.21
juego1	easy	40.0	0.008	33538	700	301	292	-9	0	1	77.22	77.22	77.22
juego1	easy	40.0	0.008	33546	700	301	292	-9	0	1	77.24	77.24	77.24
juego1	easy	40.0	0.008	33554	700	301	292	-9	0	1	77.26	77.26	77.26
juego1	easy	40.0	0.008	33562	700	301	292	-9	0	1	77.33	77.33	77.33
juego1	easy	40.0	0.008	33570	700	301	291	-10	0	1	77.4	77.4	77.4
juego1	easy	40.0	0.008	33579	700	301	291	-10	0	1	77.44	77.44	77.44
juego1	easy	40.0	0.008	33587	700	301	291	-10	0	1	77.5	77.5	77.5
juego1	easy	40.0	0.008	33596	700	301	291	-10	0	1	77.52	77.52	77.52
juego1	easy	40.0	0.008	33605	700	301	291	-10	0	1	77.52	77.52	77.52
juego1	easy	40.0	0.008	33614	700	301	291	-10	0	1	77.51	77.51	77.51
juego1	easy	40.0	0.008	33622	700	301	291	-10	0	1	77.49	77.49	77.49
juego1	easy	40.0	0.008	33631	700	301	291	-10	0	1	77.48	77.48	77.48
juego1	easy	40.0	0.008	33639	700	301	291	-10	0	1	77.49	77.49	77.49
juego1	easy	40.0	0.008	33647	700	301	291	-10	0	1	77.55	77.55	77.55
juego1	easy	40.0	0.008	33656	700	301	291	-10	0	1	77.6	77.6	77.6
juego1	easy	40.0	0.008	33665	700	301	291	-10	0	1	77.6	77.6	77.6
juego1	easy	40.0	0.008	33673	700	301	291	-10	0	1	77.6	77.6	77.6
juego1	easy	40.0	0.008	33682	700	301	291	-10	0	1	77.55	77.55	77.55
juego1	easy	40.0	0.008	33691	700	301	291	-10	0	1	77.49	77.49	77.49
juego1	easy	40.0	0.008	33699	700	301	291	-10	0	1	77.47	77.47	77.47
juego1	easy	40.0	0.008	33708	700	301	291	-10	0	1	77.45	77.45	77.45
juego1	easy	40.0	0.008	33717	700	301	291	-10	0	1	77.45	77.45	77.45
juego1	easy	40.0	0.008	33726	700	301	291	-10	0	1	77.48	77.48	77.48
juego1	easy	40.0	0.008	33735	700	301	291	-10	0	1	77.49	77.49	77.49
juego1	easy	40.0	0.008	33743	700	301	291	-10	0	1	77.53	77.53	77.53
juego1	easy	40.0	0.008	33751	700	301	291	-10	0	1	77.58	77.58	77.58
juego1	easy	40.0	0.008	33761	700	301	291	-10	0	1	77.63	77.63	77.63
juego1	easy	40.0	0.008	33768	700	301	291	-10	0	1	77.64	77.64	77.64
juego1	easy	40.0	0.008	33777	700	301	291	-10	0	1	77.63	77.63	77.63
juego1	easy	40.0	0.008	33786	700	301	291	-10	0	1	77.58	77.58	77.58
juego1	easy	40.0	0.008	33795	700	301	291	-10	0	1	77.58	77.58	77.58
juego1	easy	40.0	0.008	33804	700	301	291	-10	0	1	77.56	77.56	77.56
juego1	easy	40.0	0.008	33811	700	301	291	-10	0	1	77.57	77.57	77.57
juego1	easy	40.0	0.008	33821	700	301	291	-10	0	1	77.67	77.67	77.67
juego1	easy	40.0	0.008	33828	700	301	291	-10	0	1	77.67	77.67	77.67
juego1	easy	40.0	0.008	33837	700	301	292	-9	0	1	77.3	77.3	77.3
juego1	easy	40.0	0.008	33846	700	301	293	-8	0	1	76.64	76.64	76.64
juego1	easy	40.0	0.008	33853	700	301	294	-7	0	1	76.37	76.37	76.37
juego1	easy	40.0	0.008	33862	700	301	295	-6	0	1	75.98	75.98	75.98
juego1	easy	40.0	0.008	33869	700	301	295	-6	0	1	75.9	75.9	75.9
juego1	easy	40.0	0.008	33878	700	301	295	-6	0	1	75.92	75.92	75.92
juego1	easy	40.0	0.008	33887	700	301	294	-7	0	1	76.13	76.13	76.13
juego1	easy	40.0	0.008	33896	700	301	294	-7	0	1	76.26	76.26	76.26
juego1	easy	40.0	0.008	33903	700	301	294	-7	0	1	76.3	76.3	76.3
juego1	easy	40.0	0.008	33912	700	301	294	-7	0	1	76.46	76.46	76.46
juego1	easy	40.0	0.008	33921	700	301	293	-8	0	1	76.57	76.57	76.57
juego1	easy	40.0	0.008	33929	700	301	293	-8	0	1	76.59	76.59	76.59
juego1	easy	40.0	0.008	33938	700	301	294	-7	0	1	76.48	76.48	76.48
juego1	easy	40.0	0.008	33947	700	301	294	-7	0	1	76.38	76.38	76.38
juego1	easy	40.0	0.008	33955	700	301	294	-7	0	1	76.36	76.36	76.36
juego1	easy	40.0	0.008	33963	700	301	294	-7	0	1	76.38	76.38	76.38
juego1	easy	40.0	0.008	33972	700	301	294	-7	0	1	76.39	76.39	76.39
juego1	easy	40.0	0.008	33981	700	301	294	-7	0	1	76.5	76.5	76.5
juego1	easy	40.0	0.008	33990	700	301	293	-8	0	1	76.57	76.57	76.57
juego1	easy	40.0	0.008	33999	700	301	293	-8	0	1	76.66	76.66	76.66
juego1	easy	40.0	0.008	34007	700	301	293	-8	0	1	76.67	76.67	76.67
juego1	easy	40.0	0.008	34015	700	301	293	-8	0	1	76.68	76.68	76.68
juego1	easy	40.0	0.008	34024	700	301	293	-8	0	1	76.7	76.7	76.7
juego1	easy	40.0	0.008	34032	700	301	293	-8	0	1	76.65	76.65	76.65
juego1	easy	40.0	0.008	34040	700	301	293	-8	0	1	76.6	76.6	76.6
juego1	easy	40.0	0.008	34049	700	301	293	-8	0	1	76.53	76.53	76.53
juego1	easy	40.0	0.008	34058	700	301	293	-8	0	1	76.53	76.53	76.53
juego1	easy	40.0	0.008	34067	700	301	293	-8	0	1	76.57	76.57	76.57
juego1	easy	40.0	0.008	34076	700	301	293	-8	0	1	76.59	76.59	76.59
juego1	easy	40.0	0.008	34083	700	301	293	-8	0	1	76.64	76.64	76.64
juego1	easy	40.0	0.008	34091	700	301	293	-8	0	1	76.62	76.62	76.62
juego1	easy	40.0	0.008	34100	700	301	293	-8	0	1	76.58	76.58	76.58
juego1	easy	40.0	0.008	34109	700	301	293	-8	0	1	76.55	76.55	76.55
juego1	easy	40.0	0.008	34118	700	301	294	-7	0	1	76.49	76.49	76.49
juego1	easy	40.0	0.008	34127	700	301	294	-7	0	1	76.42	76.42	76.42
juego1	easy	40.0	0.008	34135	700	301	294	-7	0	1	76.41	76.41	76.41
juego1	easy	40.0	0.008	34144	700	301	294	-7	0	1	76.46	76.46	76.46
juego1	easy	40.0	0.008	34153	700	301	293	-8	0	1	76.57	76.57	76.57
juego1	easy	40.0	0.008	34161	700	301	293	-8	0	1	76.74	76.74	76.74
juego1	easy	40.0	0.008	34170	700	301	293	-8	0	1	76.83	76.83	76.83
juego1	easy	40.0	0.008	34178	700	301	292	-9	0	1	76.96	76.96	76.96
juego1	easy	40.0	0.008	34187	700	301	292	-9	0	1	76.99	76.99	76.99
juego1	easy	40.0	0.008	34196	700	301	292	-9	0	1	77.0	77.0	77.0
juego1	easy	40.0	0.008	34205	700	301	292	-9	0	1	77.08	77.08	77.08
juego1	easy	40.0	0.008	34214	700	301	292	-9	0	1	77.19	77.19	77.19
juego1	easy	40.0	0.008	34223	700	301	292	-9	0	1	77.31	77.31	77.31
juego1	easy	40.0	0.008	34232	700	301	291	-10	0	1	77.46	77.46	77.46
juego1	easy	40.0	0.008	34241	700	301	291	-10	0	1	77.57	77.57	77.57
juego1	easy	40.0	0.008	34249	700	301	291	-10	0	1	77.81	77.81	77.81
juego1	easy	40.0	0.008	34257	700	301	290	-11	0	1	78.02	78.02	78.02
juego1	easy	40.0	0.008	34266	700	301	290	-11	0	1	78.09	78.09	78.09
juego1	easy	40.0	0.008	34275	700	301	290	-11	0	1	78.18	78.18	78.18
juego1	easy	40.0	0.008	34283	700	301	289	-12	0	1	78.27	78.27	78.27
juego1	easy	40.0	0.008	34292	700	301	289	-12	0	1	78.33	78.33	78.33
juego1	easy	40.0	0.008	34301	700	301	289	-12	0	1	78.33	78.33	78.33
juego1	easy	40.0	0.008	34310	700	301	289	-12	0	1	78.29	78.29	78.29
juego1	easy	40.0	0.008	34318	700	301	289	-12	0	1	78.28	78.28	78.28
juego1	easy	40.0	0.008	34327	700	301	289	-12	0	1	78.33	78.33	78.33
juego1	easy	40.0	0.008	34336	700	301	289	-12	0	1	78.35	78.35	78.35
juego1	easy	40.0	0.008	34345	700	301	289	-12	0	1	78.34	78.34	78.34
juego1	easy	40.0	0.008	34353	700	301	289	-12	0	1	78.27	78.27	78.27
juego1	easy	40.0	0.008	34362	700	301	290	-11	0	1	78.21	78.21	78.21
juego1	easy	40.0	0.008	34370	700	301	290	-11	0	1	78.22	78.22	78.22
juego1	easy	40.0	0.008	34379	700	301	289	-12	0	1	78.28	78.28	78.28
juego1	easy	40.0	0.008	34387	700	301	289	-12	0	1	78.3	78.3	78.3
juego1	easy	40.0	0.008	34396	700	301	289	-12	0	1	78.29	78.29	78.29
juego1	easy	40.0	0.008	34404	700	301	290	-11	0	1	78.23	78.23	78.23
juego1	easy	40.0	0.008	34413	700	301	290	-11	0	1	78.21	78.21	78.21
juego1	easy	40.0	0.008	34422	700	301	289	-12	0	1	78.27	78.27	78.27
juego1	easy	40.0	0.008	34430	700	301	289	-12	0	1	78.3	78.3	78.3
juego1	easy	40.0	0.008	34439	700	301	289	-12	0	1	78.32	78.32	78.32
juego1	easy	40.0	0.008	34448	700	301	289	-12	0	1	78.26	78.26	78.26
juego1	easy	40.0	0.008	34457	700	301	290	-11	0	1	78.21	78.21	78.21
juego1	easy	40.0	0.008	34466	700	301	290	-11	0	1	78.22	78.22	78.22
juego1	easy	40.0	0.008	34475	700	301	289	-12	0	1	78.31	78.31	78.31
juego1	easy	40.0	0.008	34483	700	301	289	-12	0	1	78.34	78.34	78.34
juego1	easy	40.0	0.008	34493	700	301	289	-12	0	1	78.32	78.32	78.32
juego1	easy	40.0	0.008	34501	700	301	289	-12	0	1	78.29	78.29	78.29
juego1	easy	40.0	0.008	34510	700	301	289	-12	0	1	78.27	78.27	78.27
juego1	easy	40.0	0.008	34519	700	301	289	-12	0	1	78.27	78.27	78.27
juego1	easy	40.0	0.008	34528	700	301	290	-11	0	1	78.25	78.25	78.25
juego1	easy	40.0	0.008	34537	700	301	290	-11	0	1	78.23	78.23	78.23
juego1	easy	40.0	0.008	34545	700	301	290	-11	0	1	78.22	78.22	78.22
juego1	easy	40.0	0.008	34554	700	301	289	-12	0	1	78.26	78.26	78.26
juego1	easy	40.0	0.008	34563	700	301	289	-12	0	1	78.28	78.28	78.28
juego1	easy	40.0	0.008	34572	700	301	289	-12	0	1	78.29	78.29	78.29
juego1	easy	40.0	0.008	34581	700	301	289	-12	0	1	78.26	78.26	78.26
juego1	easy	40.0	0.008	34590	700	301	290	-11	0	1	78.24	78.24	78.24
juego1	easy	40.0	0.008	34599	700	301	290	-11	0	1	78.2	78.2	78.2
juego1	easy	40.0	0.008	34606	700	301	290	-11	0	1	78.18	78.18	78.18
juego1	easy	40.0	0.008	34615	700	301	290	-11	0	1	78.15	78.15	78.15
juego1	easy	40.0	0.008	34624	700	301	290	-11	0	1	78.12	78.12	78.12
juego1	easy	40.0	0.008	34633	700	301	290	-11	0	1	78.11	78.11	78.11
juego1	easy	40.0	0.008	34642	700	301	290	-11	0	1	78.13	78.13	78.13
juego1	easy	40.0	0.008	34651	700	301	290	-11	0	1	78.16	78.16	78.16
juego1	easy	40.0	0.008	34659	700	301	290	-11	0	1	78.18	78.18	78.18
juego1	easy	40.0	0.008	34668	700	301	290	-11	0	1	78.18	78.18	78.18
juego1	easy	40.0	0.008	34677	700	301	290	-11	0	1	78.17	78.17	78.17
juego1	easy	40.0	0.008	34685	700	301	290	-11	0	1	78.13	78.13	78.13
juego1	easy	40.0	0.008	34694	700	301	290	-11	0	1	78.04	78.04	78.04
juego1	easy	40.0	0.008	34703	700	301	290	-11	0	1	77.91	77.91	77.91
juego1	easy	40.0	0.008	34710	700	301	290	-11	0	1	77.86	77.86	77.86
juego1	easy	40.0	0.008	34719	700	301	291	-10	0	1	77.77	77.77	77.77
juego1	easy	40.0	0.008	34727	700	301	291	-10	0	1	77.74	77.74	77.74
juego1	easy	40.0	0.008	34736	700	301	291	-10	0	1	77.67	77.67	77.67
juego1	easy	40.0	0.008	34745	700	301	291	-10	0	1	77.53	77.53	77.53
juego1	easy	40.0	0.008	34752	700	301	291	-10	0	1	77.42	77.42	77.42
juego1	easy	40.0	0.008	34760	700	301	292	-9	0	1	77.16	77.16	77.16
juego1	easy	40.0	0.008	34769	700	301	293	-8	0	1	76.87	76.87	76.87
juego1	easy	40.0	0.008	34778	700	301	293	-8	0	1	76.58	76.58	76.58
juego1	easy	40.0	0.008	34786	700	301	294	-7	0	1	76.41	76.41	76.41
juego1	easy	40.0	0.008	34795	700	301	294	-7	0	1	76.09	76.09	76.09
juego1	easy	40.0	0.008	34803	700	301	295	-6	0	1	75.78	75.78	75.78
juego1	easy	40.0	0.008	34811	700	301	296	-5	0	1	75.65	75.65	75.65
juego1	easy	40.0	0.008	34819	700	301	296	-5	0	1	75.45	75.45	75.45
juego1	easy	40.0	0.008	34828	700	301	296	-5	0	1	75.32	75.32	75.32
juego1	easy	40.0	0.008	34837	700	301	296	-5	0	1	75.26	75.26	75.26
juego1	easy	40.0	0.008	34845	700	301	297	-4	0	1	75.04	75.04	75.04
juego1	easy	40.0	0.008	34853	700	301	298	-3	0	1	74.75	74.75	74.75
juego1	easy	40.0	0.008	34862	700	301	298	-3	0	1	74.58	74.58	74.58
juego1	easy	40.0	0.008	34870	700	301	299	-2	0	1	74.21	74.21	74.21
juego1	easy	40.0	0.008	34878	700	301	299	-2	0	1	74.03	74.03	74.03
juego1	easy	40.0	0.008	34887	700	301	300	-1	0	1	73.83	73.83	73.83
juego1	easy	40.0	0.008	34896	700	301	300	-1	0	1	73.31	73.31	73.31
juego1	easy	40.0	0.008	34904	700	301	301	0	0	1	73.01	73.01	73.01
juego1	easy	40.0	0.008	34913	700	301	301	0	0	1	72.75	72.75	72.75
juego1	easy	40.0	0.008	34921	700	301	302	1	0	1	72.61	72.61	72.61
juego1	easy	40.0	0.008	34930	700	301	302	1	0	1	72.35	72.35	72.35
juego1	easy	40.0	0.008	34939	700	301	303	2	0	1	72.07	72.07	72.07
juego1	easy	40.0	0.008	34947	700	301	303	2	0	1	71.92	71.92	71.92
juego1	easy	40.0	0.008	34955	700	301	304	3	0	1	71.66	71.66	71.66
juego1	easy	40.0	0.008	34964	700	301	304	3	0	1	71.42	71.42	71.42
juego1	easy	40.0	0.008	34973	700	301	305	4	0	1	71.2	71.2	71.2
juego1	easy	40.0	0.008	34982	700	301	305	4	0	1	71.09	71.09	71.09
juego1	easy	40.0	0.008	34990	700	301	306	5	0	1	70.85	70.85	70.85
juego1	easy	40.0	0.008	34999	700	301	306	5	0	1	70.56	70.56	70.56
juego1	easy	40.0	0.008	35007	700	301	307	6	0	1	70.41	70.41	70.41
juego1	easy	40.0	0.008	35016	700	301	307	6	0	1	70.13	70.13	70.13
juego1	easy	40.0	0.008	35025	700	301	308	7	0	1	69.86	69.86	69.86
juego1	easy	40.0	0.008	35033	700	301	309	8	0	1	69.58	69.58	69.58
juego1	easy	40.0	0.008	35041	700	301	309	8	0	1	69.42	69.42	69.42
juego1	easy	40.0	0.008	35050	700	301	310	9	0	1	69.12	69.12	69.12
juego1	easy	40.0	0.008	35059	700	301	310	9	0	1	68.81	68.81	68.81
juego1	easy	40.0	0.008	35066	700	301	311	10	0	1	68.67	68.67	68.67
juego1	easy	40.0	0.008	35075	700	301	311	10	0	1	68.37	68.37	68.37
juego1	easy	40.0	0.008	35084	700	301	312	11	0	1	68.08	68.08	68.08
juego1	easy	40.0	0.008	35092	700	301	312	11	0	1	67.91	67.91	67.91
juego1	easy	40.0	0.008	35101	700	301	314	13	0	1	67.44	67.44	67.44
juego1	easy	40.0	0.008	35109	700	301	315	14	0	1	66.8	66.8	66.8
juego1	easy	40.0	0.008	35117	700	301	316	15	0	1	66.43	66.43	66.43
juego1	easy	40.0	0.008	35126	700	301	317	16	0	1	66.03	66.03	66.03
juego1	easy	40.0	0.008	35134	700	301	319	18	0	1	65.04	65.04	65.04
juego1	easy	40.0	0.008	35143	700	301	321	20	0	1	64.38	64.38	64.38
juego1	easy	40.0	0.008	35152	700	301	322	21	0	1	63.74	63.74	63.74
juego1	easy	40.0	0.008	35159	700	301	323	22	0	1	63.28	63.28	63.28
juego1	easy	40.0	0.008	35168	700	301	324	23	0	1	63.09	63.09	63.09
juego1	easy	40.0	0.008	35176	700	301	324	23	0	1	62.74	62.74	62.74
juego1	easy	40.0	0.008	35184	700	301	325	24	0	1	62.45	62.45	62.45
juego1	easy	40.0	0.008	35193	700	301	325	24	0	1	62.32	62.32	62.32
juego1	easy	40.0	0.008	35201	700	301	326	25	0	1	62.11	62.11	62.11
juego1	easy	40.0	0.008	35210	700	301	326	25	0	1	61.95	61.95	61.95
juego1	easy	40.0	0.008	35219	700	301	326	25	0	1	61.89	61.89	61.89
juego1	easy	40.0	0.008	35227	700	301	327	26	0	1	61.67	61.67	61.67
juego1	easy	40.0	0.008	35236	700	301	328	27	0	1	61.25	61.25	61.25
juego1	easy	40.0	0.008	35245	700	301	329	28	0	1	60.67	60.67	60.67
juego1	easy	40.0	0.008	35252	700	301	330	29	0	1	60.38	60.38	60.38
juego1	easy	40.0	0.008	35261	700	301	331	30	0	1	59.84	59.84	59.84
juego1	easy	40.0	0.008	35269	700	301	332	31	0	1	59.45	59.45	59.45
juego1	easy	40.0	0.008	35278	700	301	332	31	0	1	59.34	59.34	59.34
juego1	easy	40.0	0.008	35286	700	301	332	31	0	1	59.26	59.26	59.26
juego1	easy	40.0	0.008	35295	700	301	333	32	0	1	59.19	59.19	59.19
juego1	easy	40.0	0.008	35303	700	301	333	32	0	1	59.16	59.16	59.16
juego1	easy	40.0	0.008	35312	700	301	333	32	0	1	59.18	59.18	59.18
juego1	easy	40.0	0.008	35320	700	301	332	31	0	1	59.26	59.26	59.26
juego1	easy	40.0	0.008	35329	700	301	332	31	0	1	59.34	59.34	59.34
juego1	easy	40.0	0.008	35336	700	301	332	31	0	1	59.38	59.38	59.38
juego1	easy	40.0	0.008	35345	700	301	332	31	0	1	59.5	59.5	59.5
juego1	easy	40.0	0.008	35353	700	301	332	31	0	1	59.58	59.58	59.58
juego1	easy	40.0	0.008	35361	700	301	331	30	0	1	59.86	59.86	59.86
juego1	easy	40.0	0.008	35369	700	301	330	29	0	1	60.35	60.35	60.35
juego1	easy	40.0	0.008	35378	700	301	329	28	0	1	60.67	60.67	60.67
juego1	easy	40.0	0.008	35386	700	301	327	26	0	1	61.48	61.48	61.48
juego1	easy	40.0	0.008	35395	700	301	325	24	0	1	62.38	62.38	62.38
juego1	easy	40.0	0.008	35403	700	301	324	23	0	1	62.84	62.84	62.84
juego1	easy	40.0	0.008	35411	700	301	322	21	0	1	63.82	63.82	63.82
juego1	easy	40.0	0.008	35420	700	301	320	19	0	1	64.82	64.82	64.82
juego1	easy	40.0	0.008	35429	700	301	317	16	0	1	65.78	65.78	65.78
juego1	easy	40.0	0.008	35438	700	301	316	15	0	1	66.27	66.27	66.27
juego1	easy	40.0	0.008	35447	700	301	314	13	0	1	67.22	67.22	67.22
juego1	easy	40.0	0.008	35455	700	301	312	11	0	1	68.07	68.07	68.07
juego1	easy	40.0	0.008	35463	700	301	311	10	0	1	68.45	68.45	68.45
juego1	easy	40.0	0.008	35472	700	301	310	9	0	1	68.94	68.94	68.94
juego1	easy	40.0	0.008	35481	700	301	309	8	0	1	69.53	69.53	69.53
juego1	easy	40.0	0.008	35488	700	301	308	7	0	1	69.76	69.76	69.76
juego1	easy	40.0	0.008	35497	700	301	307	6	0	1	70.18	70.18	70.18
juego1	easy	40.0	0.008	35504	700	301	306	5	0	1	70.52	70.52	70.52
juego1	easy	40.0	0.008	35513	700	301	306	5	0	1	70.71	70.71	70.71
juego1	easy	40.0	0.008	35522	700	301	305	4	0	1	71.17	71.17	71.17
juego1	easy	40.0	0.008	35530	700	301	303	2	0	1	71.77	71.77	71.77
juego1	easy	40.0	0.008	35537	700	301	303	2	0	1	72.09	72.09	72.09
juego1	easy	40.0	0.008	35546	700	301	301	0	0	1	72.7	72.7	72.7
juego1	easy	40.0	0.008	35555	700	301	300	-1	0	1	73.13	73.13	73.13
juego1	easy	40.0	0.008	35562	700	301	300	-1	0	1	73.26	73.26	73.26
juego1	easy	40.0	0.008	35571	700	301	300	-1	0	1	73.41	73.41	73.41
juego1	easy	40.0	0.008	35580	700	301	300	-1	0	1	73.46	73.46	73.46
juego1	easy	40.0	0.008	35588	700	301	300	-1	0	1	73.46	73.46	73.46
juego1	easy	40.0	0.008	35595	700	301	300	-1	0	1	73.47	73.47	73.47
juego1	easy	40.0	0.008	35604	700	301	300	-1	0	1	73.5	73.5	73.5
juego1	easy	40.0	0.008	35611	700	301	300	-1	0	1	73.65	73.65	73.65
juego1	easy	40.0	0.008	35619	700	301	300	-1	0	1	73.76	73.76	73.76
juego1	easy	40.0	0.008	35628	700	301	299	-2	0	1	74.09	74.09	74.09
juego1	easy	40.0	0.008	35636	700	301	298	-3	0	1	74.45	74.45	74.45
juego1	easy	40.0	0.008	35645	700	301	298	-3	0	1	74.78	74.78	74.78
juego1	easy	40.0	0.008	35654	700	301	297	-4	0	1	74.89	74.89	74.89
juego1	easy	40.0	0.008	35663	700	301	297	-4	0	1	74.89	74.89	74.89
juego1	easy	40.0	0.008	35671	700	301	297	-4	0	1	74.96	74.96	74.96
juego1	easy	40.0	0.008	35680	700	301	297	-4	0	1	74.93	74.93	74.93
juego1	easy	40.0	0.008	35689	700	301	297	-4	0	1	74.91	74.91	74.91
juego1	easy	40.0	0.008	35697	700	301	297	-4	0	1	74.95	74.95	74.95
juego1	easy	40.0	0.008	35706	700	301	297	-4	0	1	75.06	75.06	75.06
juego1	easy	40.0	0.008	35713	700	301	297	-4	0	1	75.13	75.13	75.13
juego1	easy	40.0	0.008	35722	700	301	296	-5	0	1	75.38	75.38	75.38
juego1	easy	40.0	0.008	35731	700	301	295	-6	0	1	75.66	75.66	75.66
juego1	easy	40.0	0.008	35738	700	301	295	-6	0	1	75.76	75.76	75.76
juego1	easy	40.0	0.008	35747	700	301	295	-6	0	1	75.92	75.92	75.92
juego1	easy	40.0	0.008	35756	700	301	295	-6	0	1	76.06	76.06	76.06
juego1	easy	40.0	0.008	35764	700	301	294	-7	0	1	76.15	76.15	76.15
juego1	easy	40.0	0.008	35772	700	301	294	-7	0	1	76.36	76.36	76.36
juego1	easy	40.0	0.008	35780	700	301	293	-8	0	1	76.56	76.56	76.56
juego1	easy	40.0	0.008	35789	700	301	293	-8	0	1	76.67	76.67	76.67
juego1	easy	40.0	0.008	35798	700	301	293	-8	0	1	76.92	76.92	76.92
juego1	easy	40.0	0.008	35805	700	301	292	-9	0	1	77.21	77.21	77.21
juego1	easy	40.0	0.008	35814	700	301	292	-9	0	1	77.38	77.38	77.38
juego1	easy	40.0	0.008	35822	700	301	291	-10	0	1	77.71	77.71	77.71
juego1	easy	40.0	0.008	35831	700	301	290	-11	0	1	77.98	77.98	77.98
juego1	easy	40.0	0.008	35838	700	301	290	-11	0	1	78.08	78.08	78.08
juego1	easy	40.0	0.008	35847	700	301	289	-12	0	1	78.27	78.27	78.27
juego1	easy	40.0	0.008	35856	700	301	289	-12	0	1	78.6	78.6	78.6
juego1	easy	40.0	0.008	35864	700	301	288	-13	0	1	78.82	78.82	78.82
juego1	easy	40.0	0.008	35873	700	301	287	-14	0	1	79.28	79.28	79.28
juego1	easy	40.0	0.008	35881	700	301	286	-15	0	1	79.69	79.69	79.69
juego1	easy	40.0	0.008	35890	700	301	286	-15	0	1	79.85	79.85	79.85
juego1	easy	40.0	0.008	35898	700	301	285	-16	0	1	80.11	80.11	80.11
juego1	easy	40.0	0.008	35906	700	301	285	-16	0	1	80.34	80.34	80.34
juego1	easy	40.0	0.008	35915	700	301	284	-17	0	1	80.44	80.44	80.44
juego1	easy	40.0	0.008	35922	700	301	284	-17	0	1	80.59	80.59	80.59
juego1	easy	40.0	0.008	35931	700	301	284	-17	0	1	80.74	80.74	80.74
juego1	easy	40.0	0.008	35939	700	301	284	-17	0	1	80.84	80.84	80.84
juego1	easy	40.0	0.008	35948	700	301	283	-18	0	1	81.09	81.09	81.09
juego1	easy	40.0	0.008	35957	700	301	282	-19	0	1	81.43	81.43	81.43
juego1	easy	40.0	0.008	35964	700	301	282	-19	0	1	81.65	81.65	81.65
juego1	easy	40.0	0.008	35972	700	301	281	-20	0	1	81.88	81.88	81.88
juego1	easy	40.0	0.008	35981	700	301	280	-21	0	1	82.18	82.18	82.18
juego1	easy	40.0	0.008	35990	700	301	280	-21	0	1	82.56	82.56	82.56
juego1	easy	40.0	0.008	35999	700	301	279	-22	0	1	82.91	82.91	82.91
juego1	easy	40.0	0.008	36007	700	301	278	-23	0	1	83.26	83.26	83.26
juego1	easy	40.0	0.008	36016	700	301	277	-24	0	1	83.52	83.52	83.52
juego1	easy	40.0	0.008	36024	700	301	277	-24	0	1	83.62	83.62	83.62
juego1	easy	40.0	0.008	36033	700	301	277	-24	0	1	83.8	83.8	83.8
juego1	easy	40.0	0.008	36042	700	301	276	-25	0	1	84.01	84.01	84.01
juego1	easy	40.0	0.008	36050	700	301	276	-25	0	1	84.14	84.14	84.14
juego1	easy	40.0	0.008	36059	700	301	275	-26	0	1	84.45	84.45	84.45
juego1	easy	40.0	0.008	36068	700	301	274	-27	0	1	84.85	84.85	84.85
juego1	easy	40.0	0.008	36077	700	301	273	-28	0	1	85.3	85.3	85.3
juego1	easy	40.0	0.008	36086	700	301	272	-29	0	1	85.8	85.8	85.8
juego1	easy	40.0	0.008	36093	700	301	271	-30	0	1	86.07	86.07	86.07
juego1	easy	40.0	0.008	36102	700	301	270	-31	0	1	86.69	86.69	86.69
juego1	easy	40.0	0.008	36111	700	301	268	-33	0	1	87.38	87.38	87.38
juego1	easy	40.0	0.008	36118	700	301	268	-33	0	1	87.73	87.73	87.73
juego1	easy	40.0	0.008	36127	700	301	266	-35	0	1	88.48	88.48	88.48
juego1	easy	40.0	0.008	36134	700	301	265	-36	0	1	88.85	88.85	88.85
juego1	easy	40.0	0.008	36143	700	301	264	-37	0	1	89.48	89.48	89.48
juego1	easy	40.0	0.008	36151	700	301	262	-39	0	1	90.2	90.2	90.2
juego1	easy	40.0	0.008	36160	700	301	261	-40	0	1	90.56	90.56	90.56
juego1	easy	40.0	0.008	36169	700	301	259	-42	0	1	91.24	91.24	91.24
juego1	easy	40.0	0.008	36178	700	301	258	-43	0	1	91.8	91.8	91.8
juego1	easy	40.0	0.008	36187	700	301	257	-44	0	1	92.35	92.35	92.35
juego1	easy	40.0	0.008	36194	700	301	257	-44	0	1	92.35	92.35	92.35
juego1	easy	40.0	0.008	36202	700	301	255	-46	0	1	93.16	93.16	93.16
juego1	easy	40.0	0.008	36212	700	301	254	-47	0	1	93.78	93.78	93.78
juego1	easy	40.0	0.008	36219	700	301	253	-48	0	1	94.17	94.17	94.17
juego1	easy	40.0	0.008	36228	700	301	251	-50	0	1	94.76	94.76	94.76
juego1	easy	40.0	0.008	36237	700	301	250	-51	0	1	95.2	95.2	95.2
juego1	easy	40.0	0.008	36245	700	301	250	-51	0	1	95.37	95.37	95.37
juego1	easy	40.0	0.008	36253	700	301	249	-52	0	1	95.61	95.61	95.61
juego1	easy	40.0	0.008	36262	700	301	249	-52	0	1	95.91	95.91	95.91
juego1	easy	40.0	0.008	36272	700	301	248	-53	0	1	96.23	96.23	96.23
juego1	easy	40.0	0.008	36279	700	301	248	-53	0	1	96.36	96.36	96.36
juego1	easy	40.0	0.008	36288	700	301	247	-54	0	1	96.54	96.54	96.54
juego1	easy	40.0	0.008	36297	700	301	247	-54	0	1	96.73	96.73	96.73
juego1	easy	40.0	0.008	36305	700	301	247	-54	0	1	96.8	96.8	96.8
juego1	easy	40.0	0.008	36313	700	301	246	-55	0	1	96.96	96.96	96.96
juego1	easy	40.0	0.008	36322	700	301	246	-55	0	1	97.18	97.18	97.18
juego1	easy	40.0	0.008	36331	700	301	245	-56	0	1	97.29	97.29	97.29
juego1	easy	40.0	0.008	36340	700	301	245	-56	0	1	97.55	97.55	97.55
juego1	easy	40.0	0.008	36349	700	301	244	-57	0	1	97.87	97.87	97.87
juego1	easy	40.0	0.008	36358	700	301	243	-58	0	1	98.2	98.2	98.2
juego1	easy	40.0	0.008	36367	700	301	243	-58	0	1	98.55	98.55	98.55
juego1	easy	40.0	0.008	36375	700	301	242	-59	0	1	98.71	98.71	98.71
juego1	easy	40.0	0.008	36384	700	301	242	-59	0	1	98.95	98.95	98.95
juego1	easy	40.0	0.008	36393	700	301	241	-60	0	1	99.04	99.04	99.04
juego1	easy	40.0	0.008	36402	700	301	241	-60	0	1	99.1	99.1	99.1
juego1	easy	40.0	0.008	36409	700	301	241	-60	0	1	99.16	99.16	99.16
juego1	easy	40.0	0.008	36418	700	301	241	-60	0	1	99.3	99.3	99.3
juego1	easy	40.0	0.008	36426	700	301	241	-60	0	1	99.39	99.39	99.39
juego1	easy	40.0	0.008	36434	700	301	240	-61	0	1	99.61	99.61	99.61
juego1	easy	40.0	0.008	36443	700	301	239	-62	0	1	99.87	99.87	99.87
juego1	easy	40.0	0.008	36451	700	301	239	-62	0	1	100.01	100.01	100.01
juego1	easy	40.0	0.008	36459	700	301	239	-62	0	1	100.3	100.3	100.3
juego1	easy	40.0	0.008	36468	700	301	238	-63	0	1	100.57	100.57	100.57
juego1	easy	40.0	0.008	36476	700	301	237	-64	0	1	100.83	100.83	100.83
juego1	easy	40.0	0.008	36485	700	301	237	-64	0	1	100.96	100.96	100.96
juego1	easy	40.0	0.008	36494	700	301	236	-65	0	1	101.25	101.25	101.25
juego1	easy	40.0	0.008	36501	700	301	236	-65	0	1	101.38	101.38	101.38
juego1	easy	40.0	0.008	36510	700	301	235	-66	0	1	101.65	101.65	101.65
juego1	easy	40.0	0.008	36518	700	301	235	-66	0	1	101.83	101.83	101.83
juego1	easy	40.0	0.008	36527	700	301	235	-66	0	1	102.0	102.0	102.0
juego1	easy	40.0	0.008	36535	700	301	234	-67	0	1	102.23	102.23	102.23
juego1	easy	40.0	0.008	36544	700	301	234	-67	0	1	102.44	102.44	102.44
juego1	easy	40.0	0.008	36553	700	301	233	-68	0	1	102.67	102.67	102.67
juego1	easy	40.0	0.008	36561	700	301	233	-68	0	1	102.82	102.82	102.82
juego1	easy	40.0	0.008	36569	700	301	232	-69	0	1	103.13	103.13	103.13
juego1	easy	40.0	0.008	36578	700	301	231	-70	0	1	103.39	103.39	103.39
juego1	easy	40.0	0.008	36587	700	301	231	-70	0	1	103.5	103.5	103.5
juego1	easy	40.0	0.008	36596	700	301	231	-70	0	1	103.53	103.53	103.53
juego1	easy	40.0	0.008	36604	700	301	231	-70	0	1	103.54	103.54	103.54
juego1	easy	40.0	0.008	36613	700	301	231	-70	0	1	103.56	103.56	103.56
juego1	easy	40.0	0.008	36622	700	301	231	-70	0	1	103.6	103.6	103.6
juego1	easy	40.0	0.008	36630	700	301	231	-70	0	1	103.72	103.72	103.72
juego1	easy	40.0	0.008	36639	700	301	230	-71	0	1	103.86	103.86	103.86
juego1	easy	40.0	0.008	36647	700	301	230	-71	0	1	104.04	104.04	104.04
juego1	easy	40.0	0.008	36656	700	301	230	-71	0	1	104.15	104.15	104.15
juego1	easy	40.0	0.008	36664	700	301	229	-72	0	1	104.27	104.27	104.27
juego1	easy	40.0	0.008	36673	700	301	229	-72	0	1	104.29	104.29	104.29
juego1	easy	40.0	0.008	36682	700	301	229	-72	0	1	104.27	104.27	104.27
juego1	easy	40.0	0.008	36689	700	301	229	-72	0	1	104.22	104.22	104.22
juego1	easy	40.0	0.008	36698	700	301	230	-71	0	1	104.15	104.15	104.15
juego1	easy	40.0	0.008	36707	700	301	230	-71	0	1	104.14	104.14	104.14
juego1	easy	40.0	0.008	36714	700	301	230	-71	0	1	104.17	104.17	104.17
juego1	easy	40.0	0.008	36723	700	301	229	-72	0	1	104.24	104.24	104.24
juego1	easy	40.0	0.008	36732	700	301	229	-72	0	1	104.29	104.29	104.29
juego1	easy	40.0	0.008	36741	700	301	229	-72	0	1	104.37	104.37	104.37
juego1	easy	40.0	0.008	36750	700	301	229	-72	0	1	104.41	104.41	104.41
juego1	easy	40.0	0.008	36758	700	301	229	-72	0	1	104.42	104.42	104.42
juego1	easy	40.0	0.008	36766	700	301	229	-72	0	1	104.43	104.43	104.43
juego1	easy	40.0	0.008	36774	700	301	229	-72	0	1	104.47	104.47	104.47
juego1	easy	40.0	0.008	36783	700	301	229	-72	0	1	104.49	104.49	104.49
juego1	easy	40.0	0.008	36792	700	301	229	-72	0	1	104.49	104.49	104.49
juego1	easy	40.0	0.008	36801	700	301	229	-72	0	1	104.47	104.47	104.47
juego1	easy	40.0	0.008	36809	700	301	229	-72	0	1	104.43	104.43	104.43
juego1	easy	40.0	0.008	36818	700	301	229	-72	0	1	104.36	104.36	104.36
juego1	easy	40.0	0.008	36827	700	301	229	-72	0	1	104.32	104.32	104.32
juego1	easy	40.0	0.008	36836	700	301	229	-72	0	1	104.21	104.21	104.21
juego1	easy	40.0	0.008	36845	700	301	230	-71	0	1	104.11	104.11	104.11
juego1	easy	40.0	0.008	36853	700	301	230	-71	0	1	104.01	104.01	104.01
juego1	easy	40.0	0.008	36861	700	301	230	-71	0	1	103.96	103.96	103.96
juego1	easy	40.0	0.008	36869	700	301	230	-71	0	1	103.82	103.82	103.82
juego1	easy	40.0	0.008	36878	700	301	231	-70	0	1	103.65	103.65	103.65
juego1	easy	40.0	0.008	36887	700	301	231	-70	0	1	103.56	103.56	103.56
juego1	easy	40.0	0.008	36895	700	301	231	-70	0	1	103.34	103.34	103.34
juego1	easy	40.0	0.008	36904	700	301	232	-69	0	1	103.06	103.06	103.06
juego1	easy	40.0	0.008	36911	700	301	233	-68	0	1	102.89	102.89	102.89
juego1	easy	40.0	0.008	36920	700	301	233	-68	0	1	102.55	102.55	102.55
juego1	easy	40.0	0.008	36927	700	301	234	-67	0	1	102.37	102.37	102.37
juego1	easy	40.0	0.008	36936	700	301	235	-66	0	1	102.02	102.02	102.02
juego1	easy	40.0	0.008	36945	700	301	235	-66	0	1	101.63	101.63	101.63
juego1	easy	40.0	0.008	36953	700	301	236	-65	0	1	101.18	101.18	101.18
juego1	easy	40.0	0.008	36962	700	301	237	-64	0	1	100.91	100.91	100.91
juego1	easy	40.0	0.008	36971	700	301	239	-62	0	1	100.25	100.25	100.25
juego1	easy	40.0	0.008	36980	700	301	241	-60	0	1	99.42	99.42	99.42
juego1	easy	40.0	0.008	36988	700	301	243	-58	0	1	98.48	98.48	98.48
juego1	easy	40.0	0.008	36996	700	301	244	-57	0	1	98.02	98.02	98.02
juego1	easy	40.0	0.008	37005	700	301	246	-55	0	1	97.13	97.13	97.13
juego1	easy	40.0	0.008	37013	700	301	248	-53	0	1	96.41	96.41	96.41
juego1	easy	40.0	0.008	37021	700	301	248	-53	0	1	96.07	96.07	96.07
juego1	easy	40.0	0.008	37030	700	301	249	-52	0	1	95.61	95.61	95.61
juego1	easy	40.0	0.008	37038	700	301	251	-50	0	1	95.05	95.05	95.05
juego1	easy	40.0	0.008	37046	700	301	253	-48	0	1	94.22	94.22	94.22
juego1	easy	40.0	0.008	37055	700	301	255	-46	0	1	93.29	93.29	93.29
juego1	easy	40.0	0.008	37063	700	301	257	-44	0	1	92.33	92.33	92.33
juego1	easy	40.0	0.008	37072	700	301	258	-43	0	1	91.9	91.9	91.9
juego1	easy	40.0	0.008	37081	700	301	260	-41	0	1	91.11	91.11	91.11
juego1	easy	40.0	0.008	37089	700	301	261	-40	0	1	90.45	90.45	90.45
juego1	easy	40.0	0.008	37098	700	301	262	-39	0	1	89.94	89.94	89.94
juego1	easy	40.0	0.008	37107	700	301	263	-38	0	1	89.72	89.72	89.72
juego1	easy	40.0	0.008	37115	700	301	264	-37	0	1	89.35	89.35	89.35
juego1	easy	40.0	0.008	37124	700	301	265	-36	0	1	89.03	89.03	89.03
juego1	easy	40.0	0.008	37132	700	301	265	-36	0	1	88.89	88.89	88.89
juego1	easy	40.0	0.008	37140	700	301	266	-35	0	1	88.6	88.6	88.6
juego1	easy	40.0	0.008	37149	700	301	266	-35	0	1	88.32	88.32	88.32
juego1	easy	40.0	0.008	37157	700	301	267	-34	0	1	88.19	88.19	88.19
juego1	easy	40.0	0.008	37166	700	301	267	-34	0	1	87.94	87.94	87.94
juego1	easy	40.0	0.008	37174	700	301	268	-33	0	1	87.68	87.68	87.68
juego1	easy	40.0	0.008	37183	700	301	268	-33	0	1	87.53	87.53	87.53
juego1	easy	40.0	0.008	37191	700	301	269	-32	0	1	87.16	87.16	87.16
juego1	easy	40.0	0.008	37199	700	301	269	-32	0	1	86.94	86.94	86.94
juego1	easy	40.0	0.008	37208	700	301	270	-31	0	1	86.49	86.49	86.49
juego1	easy	40.0	0.008	37217	700	301	271	-30	0	1	86.06	86.06	86.06
juego1	easy	40.0	0.008	37226	700	301	272	-29	0	1	85.67	85.67	85.67
juego1	easy	40.0	0.008	37235	700	301	273	-28	0	1	85.33	85.33	85.33
juego1	easy	40.0	0.008	37244	700	301	274	-27	0	1	84.99	84.99	84.99
juego1	easy	40.0	0.008	37251	700	301	274	-27	0	1	84.81	84.81	84.81
juego1	easy	40.0	0.008	37260	700	301	275	-26	0	1	84.44	84.44	84.44
juego1	easy	40.0	0.008	37269	700	301	276	-25	0	1	84.05	84.05	84.05
juego1	easy	40.0	0.008	37276	700	301	277	-24	0	1	83.83	83.83	83.83
juego1	easy	40.0	0.008	37285	700	301	278	-23	0	1	83.37	83.37	83.37
juego1	easy	40.0	0.008	37293	700	301	278	-23	0	1	83.13	83.13	83.13
juego1	easy	40.0	0.008	37302	700	301	279	-22	0	1	82.67	82.67	82.67
juego1	easy	40.0	0.008	37311	700	301	280	-21	0	1	82.19	82.19	82.19
juego1	easy	40.0	0.008	37319	700	301	281	-20	0	1	81.71	81.71	81.71
juego1	easy	40.0	0.008	37327	700	301	282	-19	0	1	81.46	81.46	81.46
juego1	easy	40.0	0.008	37336	700	301	283	-18	0	1	80.96	80.96	80.96
juego1	easy	40.0	0.008	37344	700	301	285	-16	0	1	80.39	80.39	80.39
juego1	easy	40.0	0.008	37353	700	301	285	-16	0	1	80.07	80.07	80.07
juego1	easy	40.0	0.008	37362	700	301	287	-14	0	1	79.29	79.29	79.29
juego1	easy	40.0	0.008	37371	700	301	289	-12	0	1	78.4	78.4	78.4
juego1	easy	40.0	0.008	37380	700	301	291	-10	0	1	77.5	77.5	77.5
juego1	easy	40.0	0.008	37388	700	301	291	-10	0	1	77.5	77.5	77.5
juego1	easy	40.0	0.008	37397	700	301	293	-8	0	1	76.86	76.86	76.86
juego1	easy	40.0	0.008	37405	700	301	295	-6	0	1	76.01	76.01	76.01
juego1	easy	40.0	0.008	37413	700	301	295	-6	0	1	75.83	75.83	75.83
juego1	easy	40.0	0.008	37421	700	301	296	-5	0	1	75.53	75.53	75.53
juego1	easy	40.0	0.008	37430	700	301	297	-4	0	1	75.2	75.2	75.2
juego1	easy	40.0	0.008	37439	700	301	298	-3	0	1	74.61	74.61	74.61
juego1	easy	40.0	0.008	37448	700	301	299	-2	0	1	74.23	74.23	74.23
juego1	easy	40.0	0.008	37455	700	301	300	-1	0	1	73.45	73.45	73.45
juego1	easy	40.0	0.008	37463	700	301	300	-1	0	1	73.11	73.11	73.11
juego1	easy	40.0	0.008	37472	700	301	302	1	0	1	72.53	72.53	72.53
juego1	easy	40.0	0.008	37480	700	301	303	2	0	1	72.07	72.07	72.07
juego1	easy	40.0	0.008	37489	700	301	304	3	0	1	71.63	71.63	71.63
juego1	easy	40.0	0.008	37498	700	301	304	3	0	1	71.38	71.38	71.38
juego1	easy	40.0	0.008	37507	700	301	306	5	0	1	70.71	70.71	70.71
juego1	easy	40.0	0.008	37515	700	301	308	7	0	1	69.82	69.82	69.82
juego1	easy	40.0	0.008	37524	700	301	310	9	0	1	68.88	68.88	68.88
juego1	easy	40.0	0.008	37533	700	301	311	10	0	1	68.45	68.45	68.45
juego1	easy	40.0	0.008	37542	700	301	313	12	0	1	67.79	67.79	67.79
juego1	easy	40.0	0.008	37551	700	301	314	13	0	1	67.32	67.32	67.32
juego1	easy	40.0	0.008	37558	700	301	314	13	0	1	67.13	67.13	67.13
juego1	easy	40.0	0.008	37567	700	301	315	14	0	1	66.66	66.66	66.66
juego1	easy	40.0	0.008	37575	700	301	317	16	0	1	66.05	66.05	66.05
juego1	easy	40.0	0.008	37582	700	301	317	16	0	1	65.75	65.75	65.75
juego1	easy	40.0	0.008	37590	700	301	319	18	0	1	65.14	65.14	65.14
juego1	easy	40.0	0.008	37600	700	301	320	19	0	1	64.53	64.53	64.53
juego1	easy	40.0	0.008	37607	700	301	321	20	0	1	64.25	64.25	64.25
juego1	easy	40.0	0.008	37616	700	301	322	21	0	1	63.72	63.72	63.72
juego1	easy	40.0	0.008	37626	700	301	324	23	0	1	62.99	62.99	62.99
juego1	easy	40.0	0.008	37633	700	301	325	24	0	1	62.59	62.59	62.59
juego1	easy	40.0	0.008	37642	700	301	326	25	0	1	61.83	61.83	61.83
juego1	easy	40.0	0.008	37651	700	301	328	27	0	1	61.28	61.28	61.28
juego1	easy	40.0	0.008	37660	700	301	328	27	0	1	60.96	60.96	60.96
juego1	easy	40.0	0.008	37667	700	301	329	28	0	1	60.8	60.8	60.8
juego1	easy	40.0	0.008	37675	700	301	330	29	0	1	60.3	60.3	60.3
juego1	easy	40.0	0.008	37684	700	301	331	30	0	1	59.94	59.94	59.94
juego1	easy	40.0	0.008	37693	700	301	333	32	0	1	59.2	59.2	59.2
juego1	easy	40.0	0.008	37701	700	301	334	33	0	1	58.51	58.51	58.51
juego1	easy	40.0	0.008	37710	700	301	335	34	0	1	58.09	58.09	58.09
juego1	easy	40.0	0.008	37718	700	301	337	36	0	1	57.18	57.18	57.18
juego1	easy	40.0	0.008	37727	700	301	339	38	0	1	56.33	56.33	56.33
juego1	easy	40.0	0.008	37735	700	301	341	40	0	1	55.69	55.69	55.69
juego1	easy	40.0	0.008	37744	700	301	341	40	0	1	55.39	55.39	55.39
juego1	easy	40.0	0.008	37753	700	301	343	42	0	1	54.71	54.71	54.71
juego1	easy	40.0	0.008	37762	700	301	345	44	0	1	53.87	53.87	53.87
juego1	easy	40.0	0.008	37770	700	301	347	46	0	1	53.11	53.11	53.11
juego1	easy	40.0	0.008	37779	700	301	347	46	0	1	52.77	52.77	52.77
juego1	easy	40.0	0.008	37788	700	301	349	48	0	1	52.1	52.1	52.1
juego1	easy	40.0	0.008	37796	700	301	351	50	0	1	51.26	51.26	51.26
juego1	easy	40.0	0.008	37805	700	301	353	52	0	1	50.45	50.45	50.45
juego1	easy	40.0	0.008	37813	700	301	354	53	0	1	50.1	50.1	50.1
juego1	easy	40.0	0.008	37822	700	301	355	54	0	1	49.47	49.47	49.47
juego1	easy	40.0	0.008	37831	700	301	357	56	0	1	48.78	48.78	48.78
juego1	easy	40.0	0.008	37838	700	301	358	57	0	1	48.4	48.4	48.4
juego1	easy	40.0	0.008	37846	700	301	359	58	0	1	47.97	47.97	47.97
juego1	easy	40.0	0.008	37855	700	301	361	60	0	1	47.12	47.12	47.12
juego1	easy	40.0	0.008	37863	700	301	362	61	0	1	46.45	46.45	46.45
juego1	easy	40.0	0.008	37872	700	301	363	62	0	1	45.86	45.86	45.86
juego1	easy	40.0	0.008	37881	700	301	365	64	0	1	45.32	45.32	45.32
juego1	easy	40.0	0.008	37890	700	301	365	64	0	1	44.98	44.98	44.98
juego1	easy	40.0	0.008	37897	700	301	366	65	0	1	44.65	44.65	44.65
juego1	easy	40.0	0.008	37906	700	301	366	65	0	1	44.53	44.53	44.53
juego1	easy	40.0	0.008	37914	700	301	367	66	0	1	44.2	44.2	44.2
juego1	easy	40.0	0.008	37923	700	301	369	68	0	1	43.62	43.62	43.62
juego1	easy	40.0	0.008	37932	700	301	370	69	0	1	43.09	43.09	43.09
juego1	easy	40.0	0.008	37941	700	301	371	70	0	1	42.44	42.44	42.44
juego1	easy	40.0	0.008	37950	700	301	373	72	0	1	41.82	41.82	41.82
juego1	easy	40.0	0.008	37959	700	301	373	72	0	1	41.61	41.61	41.61
juego1	easy	40.0	0.008	37967	700	301	374	73	0	1	41.22	41.22	41.22
juego1	easy	40.0	0.008	37976	700	301	375	74	0	1	40.87	40.87	40.87
juego1	easy	40.0	0.008	37984	700	301	375	74	0	1	40.67	40.67	40.67
juego1	easy	40.0	0.008	37992	700	301	376	75	0	1	40.36	40.36	40.36
juego1	easy	40.0	0.008	38001	700	301	376	75	0	1	40.36	40.36	40.36
juego1	easy	40.0	0.008	38010	700	301	377	76	0	1	39.88	39.88	39.88
juego1	easy	40.0	0.008	38019	700	301	377	76	0	1	39.78	39.78	39.78
juego1	easy	40.0	0.008	38027	700	301	378	77	0	1	39.63	39.63	39.63
juego1	easy	40.0	0.008	38036	700	301	378	77	0	1	39.54	39.54	39.54
juego1	easy	40.0	0.008	38044	700	301	378	77	0	1	39.49	39.49	39.49
juego1	easy	40.0	0.008	38053	700	301	378	77	0	1	39.4	39.4	39.4
juego1	easy	40.0	0.008	38061	700	301	379	78	0	1	39.27	39.27	39.27
juego1	easy	40.0	0.008	38070	700	301	379	78	0	1	39.19	39.19	39.19
juego1	easy	40.0	0.008	38078	700	301	379	78	0	1	39.04	39.04	39.04
juego1	easy	40.0	0.008	38086	700	301	379	78	0	1	39.0	39.0	39.0
juego1	easy	40.0	0.008	38094	700	301	379	78	0	1	38.99	38.99	38.99
juego1	easy	40.0	0.008	38103	700	301	379	78	0	1	38.94	38.94	38.94
juego1	easy	40.0	0.008	38111	700	301	380	79	0	1	38.88	38.88	38.88
juego1	easy	40.0	0.008	38120	700	301	380	79	0	1	38.87	38.87	38.87
juego1	easy	40.0	0.008	38127	700	301	380	79	0	1	38.9	38.9	38.9
juego1	easy	40.0	0.008	38136	700	301	379	78	0	1	38.97	38.97	38.97
juego1	easy	40.0	0.008	38145	700	301	379	78	0	1	39.03	39.03	39.03
juego1	easy	40.0	0.008	38153	700	301	379	78	0	1	39.22	39.22	39.22
juego1	easy	40.0	0.008	38162	700	301	378	77	0	1	39.44	39.44	39.44
juego1	easy	40.0	0.008	38171	700	301	378	77	0	1	39.71	39.71	39.71
juego1	easy	40.0	0.008	38178	700	301	377	76	0	1	39.87	39.87	39.87
juego1	easy	40.0	0.008	38187	700	301	376	75	0	1	40.21	40.21	40.21
juego1	easy	40.0	0.008	38196	700	301	376	75	0	1	40.58	40.58	40.58
juego1	easy	40.0	0.008	38205	700	301	375	74	0	1	40.79	40.79	40.79
juego1	easy	40.0	0.008	38213	700	301	374	73	0	1	41.32	41.32	41.32
juego1	easy	40.0	0.008	38222	700	301	372	71	0	1	42.01	42.01	42.01
juego1	easy	40.0	0.008	38231	700	301	371	70	0	1	42.38	42.38	42.38
juego1	easy	40.0	0.008	38238	700	301	370	69	0	1	43.1	43.1	43.1
juego1	easy	40.0	0.008	38247	700	301	368	67	0	1	43.77	43.77	43.77
juego1	easy	40.0	0.008	38256	700	301	367	66	0	1	44.47	44.47	44.47
juego1	easy	40.0	0.008	38264	700	301	366	65	0	1	44.83	44.83	44.83
juego1	easy	40.0	0.008	38272	700	301	365	64	0	1	45.29	45.29	45.29
juego1	easy	40.0	0.008	38281	700	301	365	64	0	1	45.27	45.27	45.27
juego1	easy	40.0	0.008	38289	700	301	365	64	0	1	45.19	45.19	45.19
juego1	easy	40.0	0.008	38297	700	301	365	64	0	1	45.0	45.0	45.0
juego1	easy	40.0	0.008	38306	700	301	366	65	0	1	44.92	44.92	44.92
juego1	easy	40.0	0.008	38313	700	301	366	65	0	1	44.85	44.85	44.85
juego1	easy	40.0	0.008	38322	700	301	366	65	0	1	44.88	44.88	44.88
juego1	easy	40.0	0.008	38329	700	301	366	65	0	1	44.92	44.92	44.92
juego1	easy	40.0	0.008	38338	700	301	366	65	0	1	44.95	44.95	44.95
juego1	easy	40.0	0.008	38347	700	301	365	64	0	1	44.98	44.98	44.98
juego1	easy	40.0	0.008	38355	700	301	365	64	0	1	45.02	45.02	45.02
juego1	easy	40.0	0.008	38364	700	301	365	64	0	1	45.2	45.2	45.2
juego1	easy	40.0	0.008	38372	700	301	364	63	0	1	45.55	45.55	45.55
juego1	easy	40.0	0.008	38382	700	301	363	62	0	1	46.03	46.03	46.03
juego1	easy	40.0	0.008	38389	700	301	362	61	0	1	46.26	46.26	46.26
juego1	easy	40.0	0.008	38398	700	301	362	61	0	1	46.67	46.67	46.67
juego1	easy	40.0	0.008	38407	700	301	361	60	0	1	46.99	46.99	46.99
juego1	easy	40.0	0.008	38414	700	301	360	59	0	1	47.13	47.13	47.13
juego1	easy	40.0	0.008	38423	700	301	360	59	0	1	47.38	47.38	47.38
juego1	easy	40.0	0.008	38431	700	301	360	59	0	1	47.51	47.51	47.51
juego1	easy	40.0	0.008	38439	700	301	359	58	0	1	47.75	47.75	47.75
juego1	easy	40.0	0.008	38448	700	301	358	57	0	1	48.11	48.11	48.11
juego1	easy	40.0	0.008	38457	700	301	357	56	0	1	48.44	48.44	48.44
juego1	easy	40.0	0.008	38466	700	301	357	56	0	1	48.61	48.61	48.61
juego1	easy	40.0	0.008	38474	700	301	356	55	0	1	48.95	48.95	48.95
juego1	easy	40.0	0.008	38482	700	301	355	54	0	1	49.31	49.31	49.31
juego1	easy	40.0	0.008	38491	700	301	355	54	0	1	49.68	49.68	49.68
juego1	easy	40.0	0.008	38499	700	301	354	53	0	1	49.87	49.87	49.87
juego1	easy	40.0	0.008	38508	700	301	353	52	0	1	50.23	50.23	50.23
juego1	easy	40.0	0.008	38517	700	301	352	51	0	1	50.58	50.58	50.58
juego1	easy	40.0	0.008	38525	700	301	352	51	0	1	50.75	50.75	50.75
juego1	easy	40.0	0.008	38533	700	301	351	50	0	1	51.11	51.11	51.11
juego1	easy	40.0	0.008	38542	700	301	350	49	0	1	51.48	51.48	51.48
juego1	easy	40.0	0.008	38550	700	301	350	49	0	1	51.67	51.67	51.67
juego1	easy	40.0	0.008	38558	700	301	349	48	0	1	52.11	52.11	52.11
juego1	easy	40.0	0.008	38567	700	301	348	47	0	1	52.62	52.62	52.62
juego1	easy	40.0	0.008	38576	700	301	347	46	0	1	52.88	52.88	52.88
juego1	easy	40.0	0.008	38585	700	301	346	45	0	1	53.32	53.32	53.32
juego1	easy	40.0	0.008	38594	700	301	345	44	0	1	53.64	53.64	53.64
juego1	easy	40.0	0.008	38602	700	301	345	44	0	1	53.8	53.8	53.8
juego1	easy	40.0	0.008	38611	700	301	345	44	0	1	53.83	53.83	53.83
juego1	easy	40.0	0.008	38620	700	301	345	44	0	1	53.85	53.85	53.85
juego1	easy	40.0	0.008	38629	700	301	345	44	0	1	53.9	53.9	53.9
juego1	easy	40.0	0.008	38638	700	301	345	44	0	1	54.03	54.03	54.03
juego1	easy	40.0	0.008	38647	700	301	344	43	0	1	54.14	54.14	54.14
juego1	easy	40.0	0.008	38654	700	301	344	43	0	1	54.39	54.39	54.39
juego1	easy	40.0	0.008	38663	700	301	343	42	0	1	54.57	54.57	54.57
juego1	easy	40.0	0.008	38672	700	301	343	42	0	1	54.76	54.76	54.76
juego1	easy	40.0	0.008	38680	700	301	343	42	0	1	54.84	54.84	54.84
juego1	easy	40.0	0.008	38688	700	301	342	41	0	1	55.06	55.06	55.06
juego1	easy	40.0	0.008	38697	700	301	342	41	0	1	55.25	55.25	55.25
juego1	easy	40.0	0.008	38705	700	301	342	41	0	1	55.32	55.32	55.32
juego1	easy	40.0	0.008	38714	700	301	341	40	0	1	55.52	55.52	55.52
juego1	easy	40.0	0.008	38723	700	301	341	40	0	1	55.73	55.73	55.73
juego1	easy	40.0	0.008	38732	700	301	340	39	0	1	55.97	55.97	55.97
juego1	easy	40.0	0.008	38741	700	301	340	39	0	1	56.11	56.11	56.11
juego1	easy	40.0	0.008	38750	700	301	339	38	0	1	56.42	56.42	56.42
juego1	easy	40.0	0.008	38758	700	301	339	38	0	1	56.6	56.6	56.6
juego1	easy	40.0	0.008	38767	700	301	338	37	0	1	56.77	56.77	56.77
juego1	easy	40.0	0.008	38776	700	301	338	37	0	1	57.02	57.02	57.02
juego1	easy	40.0	0.008	38783	700	301	337	36	0	1	57.27	57.27	57.27
juego1	easy	40.0	0.008	38792	700	301	337	36	0	1	57.42	57.42	57.42
juego1	easy	40.0	0.008	38801	700	301	336	35	0	1	57.75	57.75	57.75
juego1	easy	40.0	0.008	38808	700	301	335	34	0	1	58.12	58.12	58.12
juego1	easy	40.0	0.008	38816	700	301	335	34	0	1	58.32	58.32	58.32
juego1	easy	40.0	0.008	38825	700	301	334	33	0	1	58.73	58.73	58.73
juego1	easy	40.0	0.008	38833	700	301	333	32	0	1	59.1	59.1	59.1
juego1	easy	40.0	0.008	38841	700	301	332	31	0	1	59.28	59.28	59.28
juego1	easy	40.0	0.008	38849	700	301	332	31	0	1	59.64	59.64	59.64
juego1	easy	40.0	0.008	38858	700	301	331	30	0	1	59.99	59.99	59.99
juego1	easy	40.0	0.008	38867	700	301	330	29	0	1	60.14	60.14	60.14
juego1	easy	40.0	0.008	38876	700	301	330	29	0	1	60.4	60.4	60.4
juego1	easy	40.0	0.008	38885	700	301	329	28	0	1	60.66	60.66	60.66
juego1	easy	40.0	0.008	38893	700	301	329	28	0	1	60.89	60.89	60.89
juego1	easy	40.0	0.008	38902	700	301	328	27	0	1	61.0	61.0	61.0
juego1	easy	40.0	0.008	38911	700	301	328	27	0	1	61.23	61.23	61.23
juego1	easy	40.0	0.008	38919	700	301	327	26	0	1	61.45	61.45	61.45
juego1	easy	40.0	0.008	38928	700	301	327	26	0	1	61.68	61.68	61.68
juego1	easy	40.0	0.008	38937	700	301	327	26	0	1	61.8	61.8	61.8
juego1	easy	40.0	0.008	38946	700	301	326	25	0	1	61.99	61.99	61.99
juego1	easy	40.0	0.008	38955	700	301	326	25	0	1	62.18	62.18	62.18
juego1	easy	40.0	0.008	38963	700	301	325	24	0	1	62.36	62.36	62.36
juego1	easy	40.0	0.008	38972	700	301	325	24	0	1	62.48	62.48	62.48
juego1	easy	40.0	0.008	38980	700	301	325	24	0	1	62.66	62.66	62.66
juego1	easy	40.0	0.008	38989	700	301	324	23	0	1	62.8	62.8	62.8
juego1	easy	40.0	0.008	38998	700	301	324	23	0	1	62.91	62.91	62.91
juego1	easy	40.0	0.008	39005	700	301	324	23	0	1	62.95	62.95	62.95
juego1	easy	40.0	0.008	39014	700	301	324	23	0	1	63.0	63.0	63.0
juego1	easy	40.0	0.008	39023	700	301	324	23	0	1	63.04	63.04	63.04
juego1	easy	40.0	0.008	39030	700	301	324	23	0	1	63.05	63.05	63.05
juego1	easy	40.0	0.008	39039	700	301	324	23	0	1	63.06	63.06	63.06
juego1	easy	40.0	0.008	39048	700	301	324	23	0	1	63.03	63.03	63.03
juego1	easy	40.0	0.008	39055	700	301	324	23	0	1	63.02	63.02	63.02
juego1	easy	40.0	0.008	39064	700	301	324	23	0	1	63.0	63.0	63.0
juego1	easy	40.0	0.008	39072	700	301	324	23	0	1	62.99	62.99	62.99
juego1	easy	40.0	0.008	39080	700	301	324	23	0	1	62.98	62.98	62.98
juego1	easy	40.0	0.008	39088	700	301	324	23	0	1	62.99	62.99	62.99
juego1	easy	40.0	0.008	39096	700	301	324	23	0	1	63.0	63.0	63.0
juego1	easy	40.0	0.008	39105	700	301	324	23	0	1	63.01	63.01	63.01
juego1	easy	40.0	0.008	39112	700	301	324	23	0	1	63.01	63.01	63.01
juego1	easy	40.0	0.008	39120	700	301	324	23	0	1	63.03	63.03	63.03
juego1	easy	40.0	0.008	39129	700	301	324	23	0	1	63.03	63.03	63.03
juego1	easy	40.0	0.008	39136	700	301	324	23	0	1	63.04	63.04	63.04
juego1	easy	40.0	0.008	39145	700	301	324	23	0	1	63.05	63.05	63.05
juego1	easy	40.0	0.008	39153	700	301	324	23	0	1	63.06	63.06	63.06
juego1	easy	40.0	0.008	39162	700	301	324	23	0	1	63.08	63.08	63.08
juego1	easy	40.0	0.008	39170	700	301	324	23	0	1	63.08	63.08	63.08
juego1	easy	40.0	0.008	39179	700	301	324	23	0	1	63.06	63.06	63.06
juego1	easy	40.0	0.008	39187	700	301	324	23	0	1	63.05	63.05	63.05
juego1	easy	40.0	0.008	39195	700	301	324	23	0	1	63.03	63.03	63.03
juego1	easy	40.0	0.008	39204	700	301	324	23	0	1	63.01	63.01	63.01
juego1	easy	40.0	0.008	39213	700	301	324	23	0	1	63.02	63.02	63.02
juego1	easy	40.0	0.008	39222	700	301	324	23	0	1	63.04	63.04	63.04
juego1	easy	40.0	0.008	39229	700	301	324	23	0	1	63.08	63.08	63.08
juego1	easy	40.0	0.008	39238	700	301	324	23	0	1	63.1	63.1	63.1
juego1	easy	40.0	0.008	39246	700	301	323	22	0	1	63.13	63.13	63.13
juego1	easy	40.0	0.008	39255	700	301	323	22	0	1	63.13	63.13	63.13
juego1	easy	40.0	0.008	39263	700	301	324	23	0	1	63.11	63.11	63.11
juego1	easy	40.0	0.008	39272	700	301	324	23	0	1	63.11	63.11	63.11
juego1	easy	40.0	0.008	39281	700	301	324	23	0	1	63.11	63.11	63.11
juego1	easy	40.0	0.008	39289	700	301	323	22	0	1	63.12	63.12	63.12
juego1	easy	40.0	0.008	39298	700	301	323	22	0	1	63.13	63.13	63.13
juego1	easy	40.0	0.008	39307	700	301	323	22	0	1	63.13	63.13	63.13
juego1	easy	40.0	0.008	39316	700	301	323	22	0	1	63.14	63.14	63.14
juego1	easy	40.0	0.008	39323	700	301	323	22	0	1	63.16	63.16	63.16
juego1	easy	40.0	0.008	39331	700	301	323	22	0	1	63.18	63.18	63.18
juego1	easy	40.0	0.008	39340	700	301	323	22	0	1	63.19	63.19	63.19
juego1	easy	40.0	0.008	39349	700	301	323	22	0	1	63.21	63.21	63.21
juego1	easy	40.0	0.008	39356	700	301	323	22	0	1	63.23	63.23	63.23
juego1	easy	40.0	0.008	39365	700	301	323	22	0	1	63.28	63.28	63.28
juego1	easy	40.0	0.008	39374	700	301	323	22	0	1	63.32	63.32	63.32
juego1	easy	40.0	0.008	39382	700	301	323	22	0	1	63.41	63.41	63.41
juego1	easy	40.0	0.008	39391	700	301	323	22	0	1	63.51	63.51	63.51
juego1	easy	40.0	0.008	39399	700	301	322	21	0	1	63.7	63.7	63.7
juego1	easy	40.0	0.008	39408	700	301	322	21	0	1	63.82	63.82	63.82
juego1	easy	40.0	0.008	39417	700	301	321	20	0	1	64.08	64.08	64.08
juego1	easy	40.0	0.008	39425	700	301	321	20	0	1	64.29	64.29	64.29
juego1	easy	40.0	0.008	39434	700	301	320	19	0	1	64.5	64.5	64.5
juego1	easy	40.0	0.008	39442	700	301	320	19	0	1	64.65	64.65	64.65
juego1	easy	40.0	0.008	39451	700	301	319	18	0	1	65.01	65.01	65.01
juego1	easy	40.0	0.008	39459	700	301	319	18	0	1	65.23	65.23	65.23
juego1	easy	40.0	0.008	39468	700	301	318	17	0	1	65.48	65.48	65.48
juego1	easy	40.0	0.008	39476	700	301	316	15	0	1	66.29	66.29	66.29
juego1	easy	40.0	0.008	39485	700	301	315	14	0	1	66.69	66.69	66.69
juego1	easy	40.0	0.008	39494	700	301	315	14	0	1	67.0	67.0	67.0
juego1	easy	40.0	0.008	39502	700	301	314	13	0	1	67.15	67.15	67.15
juego1	easy	40.0	0.008	39511	700	301	313	12	0	1	67.53	67.53	67.53
juego1	easy	40.0	0.008	39519	700	301	312	11	0	1	67.99	67.99	67.99
juego1	easy	40.0	0.008	39528	700	301	312	11	0	1	68.25	68.25	68.25
juego1	easy	40.0	0.008	39536	700	301	310	9	0	1	68.77	68.77	68.77
juego1	easy	40.0	0.008	39545	700	301	309	8	0	1	69.27	69.27	69.27
juego1	easy	40.0	0.008	39552	700	301	309	8	0	1	69.52	69.52	69.52
juego1	easy	40.0	0.008	39561	700	301	307	6	0	1	70.06	70.06	70.06
juego1	easy	40.0	0.008	39569	700	301	306	5	0	1	70.67	70.67	70.67
juego1	easy	40.0	0.008	39578	700	301	305	4	0	1	70.97	70.97	70.97
juego1	easy	40.0	0.008	39586	700	301	304	3	0	1	71.58	71.58	71.58
juego1	easy	40.0	0.008	39595	700	301	303	2	0	1	72.17	72.17	72.17
juego1	easy	40.0	0.008	39604	700	301	302	1	0	1	72.45	72.45	72.45
juego1	easy	40.0	0.008	39611	700	301	301	0	0	1	72.97	72.97	72.97
juego1	easy	40.0	0.008	39620	700	301	300	-1	0	1	73.42	73.42	73.42
juego1	easy	40.0	0.008	39629	700	301	300	-1	0	1	73.66	73.66	73.66
juego1	easy	40.0	0.008	39637	700	301	300	-1	0	1	73.88	73.88	73.88
juego1	easy	40.0	0.008	39646	700	301	298	-3	0	1	74.52	74.52	74.52
juego1	easy	40.0	0.008	39653	700	301	298	-3	0	1	74.71	74.71	74.71
juego1	easy	40.0	0.008	39662	700	301	297	-4	0	1	75.0	75.0	75.0
juego1	easy	40.0	0.008	39670	700	301	296	-5	0	1	75.25	75.25	75.25
juego1	easy	40.0	0.008	39679	700	301	296	-5	0	1	75.54	75.54	75.54
juego1	easy	40.0	0.008	39688	700	301	295	-6	0	1	75.69	75.69	75.69
juego1	easy	40.0	0.008	39697	700	301	295	-6	0	1	76.0	76.0	76.0
juego1	easy	40.0	0.008	39705	700	301	294	-7	0	1	76.29	76.29	76.29
juego1	easy	40.0	0.008	39714	700	301	294	-7	0	1	76.43	76.43	76.43
juego1	easy	40.0	0.008	39723	700	301	293	-8	0	1	76.66	76.66	76.66
juego1	easy	40.0	0.008	39732	700	301	293	-8	0	1	76.82	76.82	76.82
juego1	easy	40.0	0.008	39740	700	301	293	-8	0	1	76.89	76.89	76.89
juego1	easy	40.0	0.008	39748	700	301	293	-8	0	1	76.92	76.92	76.92
juego1	easy	40.0	0.008	39757	700	301	293	-8	0	1	76.95	76.95	76.95
juego1	easy	40.0	0.008	39765	700	301	292	-9	0	1	77.01	77.01	77.01
juego1	easy	40.0	0.008	39774	700	301	292	-9	0	1	77.04	77.04	77.04
juego1	easy	40.0	0.008	39782	700	301	292	-9	0	1	77.08	77.08	77.08
juego1	easy	40.0	0.008	39791	700	301	292	-9	0	1	77.09	77.09	77.09
juego1	easy	40.0	0.008	39800	700	301	292	-9	0	1	77.08	77.08	77.08
juego1	easy	40.0	0.008	39808	700	301	292	-9	0	1	77.07	77.07	77.07
juego1	easy	40.0	0.008	39816	700	301	292	-9	0	1	77.07	77.07	77.07
juego1	easy	40.0	0.008	39825	700	301	292	-9	0	1	77.07	77.07	77.07
juego1	easy	40.0	0.008	39833	700	301	292	-9	0	1	77.07	77.07	77.07
juego1	easy	40.0	0.008	39842	700	301	292	-9	0	1	77.08	77.08	77.08
juego1	easy	40.0	0.008	39850	700	301	292	-9	0	1	77.07	77.07	77.07
juego1	easy	40.0	0.008	39859	700	301	292	-9	0	1	77.07	77.07	77.07
juego1	easy	40.0	0.008	39867	700	301	292	-9	0	1	77.07	77.07	77.07
juego1	easy	40.0	0.008	39876	700	301	292	-9	0	1	77.06	77.06	77.06
juego1	easy	40.0	0.008	39885	700	301	292	-9	0	1	77.02	77.02	77.02
juego1	easy	40.0	0.008	39893	700	301	292	-9	0	1	77.0	77.0	77.0
juego1	easy	40.0	0.008	39902	700	301	293	-8	0	1	76.94	76.94	76.94
juego1	easy	40.0	0.008	39911	700	301	293	-8	0	1	76.92	76.92	76.92
juego1	easy	40.0	0.008	39918	700	301	293	-8	0	1	76.9	76.9	76.9
juego1	easy	40.0	0.008	39927	700	301	293	-8	0	1	76.9	76.9	76.9
juego1	easy	40.0	0.008	39935	700	301	293	-8	0	1	76.87	76.87	76.87
juego1	easy	40.0	0.008	39943	700	301	293	-8	0	1	76.85	76.85	76.85
juego1	easy	40.0	0.008	39952	700	301	293	-8	0	1	76.8	76.8	76.8
juego1	easy	40.0	0.008	39961	700	301	293	-8	0	1	76.74	76.74	76.74
juego1	easy	40.0	0.008	39969	700	301	293	-8	0	1	76.71	76.71	76.71
juego1	easy	40.0	0.008	39978	700	301	293	-8	0	1	76.65	76.65	76.65
juego1	easy	40.0	0.008	39987	700	301	293	-8	0	1	76.62	76.62	76.62
juego1	easy	40.0	0.008	39996	700	301	293	-8	0	1	76.6	76.6	76.6
juego1	easy	40.0	0.008	40003	700	301	293	-8	0	1	76.59	76.59	76.59
juego1	easy	40.0	0.008	40012	700	301	293	-8	0	1	76.57	76.57	76.57
juego1	easy	40.0	0.008	40021	700	301	293	-8	0	1	76.55	76.55	76.55
juego1	easy	40.0	0.008	40028	700	301	293	-8	0	1	76.54	76.54	76.54
juego1	easy	40.0	0.008	40037	700	301	293	-8	0	1	76.53	76.53	76.53
juego1	easy	40.0	0.008	40046	700	301	293	-8	0	1	76.53	76.53	76.53
juego1	easy	40.0	0.008	40054	700	301	294	-7	0	1	76.52	76.52	76.52
juego1	easy	40.0	0.008	40063	700	301	293	-8	0	1	76.53	76.53	76.53
juego1	easy	40.0	0.008	40071	700	301	294	-7	0	1	76.52	76.52	76.52
juego1	easy	40.0	0.008	40079	700	301	294	-7	0	1	76.51	76.51	76.51
juego1	easy	40.0	0.008	40088	700	301	294	-7	0	1	76.49	76.49	76.49
juego1	easy	40.0	0.008	40095	700	301	294	-7	0	1	76.46	76.46	76.46
juego1	easy	40.0	0.008	40104	700	301	294	-7	0	1	76.44	76.44	76.44
juego1	easy	40.0	0.008	40112	700	301	294	-7	0	1	76.38	76.38	76.38
juego1	easy	40.0	0.008	40121	700	301	294	-7	0	1	76.32	76.32	76.32
juego1	easy	40.0	0.008	40129	700	301	294	-7	0	1	76.29	76.29	76.29
juego1	easy	40.0	0.008	40138	700	301	294	-7	0	1	76.23	76.23	76.23
juego1	easy	40.0	0.008	40146	700	301	294	-7	0	1	76.17	76.17	76.17
juego1	easy	40.0	0.008	40155	700	301	294	-7	0	1	76.13	76.13	76.13
juego1	easy	40.0	0.008	40164	700	301	295	-6	0	1	76.06	76.06	76.06
juego1	easy	40.0	0.008	40172	700	301	295	-6	0	1	75.95	75.95	75.95
juego1	easy	40.0	0.008	40181	700	301	295	-6	0	1	75.8	75.8	75.8
juego1	easy	40.0	0.008	40189	700	301	295	-6	0	1	75.71	75.71	75.71
juego1	easy	40.0	0.008	40198	700	301	296	-5	0	1	75.54	75.54	75.54
juego1	easy	40.0	0.008	40206	700	301	296	-5	0	1	75.4	75.4	75.4
juego1	easy	40.0	0.008	40215	700	301	296	-5	0	1	75.35	75.35	75.35
juego1	easy	40.0	0.008	40224	700	301	296	-5	0	1	75.23	75.23	75.23
juego1	easy	40.0	0.008	40233	700	301	297	-4	0	1	75.05	75.05	75.05
juego1	easy	40.0	0.008	40241	700	301	298	-3	0	1	74.74	74.74	74.74
juego1	easy	40.0	0.008	40249	700	301	298	-3	0	1	74.54	74.54	74.54
juego1	easy	40.0	0.008	40258	700	301	299	-2	0	1	74.15	74.15	74.15
juego1	easy	40.0	0.008	40267	700	301	300	-1	0	1	73.79	73.79	73.79
juego1	easy	40.0	0.008	40276	700	301	300	-1	0	1	73.46	73.46	73.46
juego1	easy	40.0	0.008	40284	700	301	300	-1	0	1	73.3	73.3	73.3
juego1	easy	40.0	0.008	40293	700	301	301	0	0	1	72.97	72.97	72.97
juego1	easy	40.0	0.008	40301	700	301	302	1	0	1	72.6	72.6	72.6
juego1	easy	40.0	0.008	40310	700	301	302	1	0	1	72.43	72.43	72.43
juego1	easy	40.0	0.008	40319	700	301	303	2	0	1	72.12	72.12	72.12
juego1	easy	40.0	0.008	40328	700	301	303	2	0	1	71.91	71.91	71.91
juego1	easy	40.0	0.008	40335	700	301	303	2	0	1	71.84	71.84	71.84
juego1	easy	40.0	0.008	40343	700	301	304	3	0	1	71.73	71.73	71.73
juego1	easy	40.0	0.008	40352	700	301	304	3	0	1	71.66	71.66	71.66
juego1	easy	40.0	0.008	40360	700	301	304	3	0	1	71.62	71.62	71.62
juego1	easy	40.0	0.008	40369	700	301	304	3	0	1	71.51	71.51	71.51
juego1	easy	40.0	0.008	40378	700	301	304	3	0	1	71.37	71.37	71.37
juego1	easy	40.0	0.008	40386	700	301	305	4	0	1	71.19	71.19	71.19
juego1	easy	40.0	0.008	40394	700	301	305	4	0	1	71.07	71.07	71.07
juego1	easy	40.0	0.008	40403	700	301	306	5	0	1	70.83	70.83	70.83
juego1	easy	40.0	0.008	40411	700	301	306	5	0	1	70.57	70.57	70.57
juego1	easy	40.0	0.008	40420	700	301	307	6	0	1	70.45	70.45	70.45
juego1	easy	40.0	0.008	40428	700	301	307	6	0	1	70.26	70.26	70.26
juego1	easy	40.0	0.008	40437	700	301	307	6	0	1	70.09	70.09	70.09
juego1	easy	40.0	0.008	40444	700	301	308	7	0	1	70.01	70.01	70.01
juego1	easy	40.0	0.008	40452	700	301	308	7	0	1	69.86	69.86	69.86
juego1	easy	40.0	0.008	40461	700	301	308	7	0	1	69.73	69.73	69.73
juego1	easy	40.0	0.008	40469	700	301	308	7	0	1	69.68	69.68	69.68
juego1	easy	40.0	0.008	40478	700	301	309	8	0	1	69.56	69.56	69.56
juego1	easy	40.0	0.008	40486	700	301	309	8	0	1	69.44	69.44	69.44
juego1	easy	40.0	0.008	40495	700	301	309	8	0	1	69.4	69.4	69.4
juego1	easy	40.0	0.008	40503	700	301	309	8	0	1	69.31	69.31	69.31
juego1	easy	40.0	0.008	40512	700	301	309	8	0	1	69.22	69.22	69.22
juego1	easy	40.0	0.008	40520	700	301	310	9	0	1	69.17	69.17	69.17
juego1	easy	40.0	0.008	40529	700	301	310	9	0	1	69.14	69.14	69.14
juego1	easy	40.0	0.008	40537	700	301	310	9	0	1	69.13	69.13	69.13
juego1	easy	40.0	0.008	40546	700	301	310	9	0	1	69.13	69.13	69.13
juego1	easy	40.0	0.008	40554	700	301	310	9	0	1	69.13	69.13	69.13
juego1	easy	40.0	0.008	40563	700	301	310	9	0	1	69.12	69.12	69.12
juego1	easy	40.0	0.008	40571	700	301	310	9	0	1	69.1	69.1	69.1
juego1	easy	40.0	0.008	40580	700	301	310	9	0	1	69.06	69.06	69.06
juego1	easy	40.0	0.008	40588	700	301	310	9	0	1	69.03	69.03	69.03
juego1	easy	40.0	0.008	40596	700	301	310	9	0	1	69.01	69.01	69.01
juego1	easy	40.0	0.008	40605	700	301	310	9	0	1	69.01	69.01	69.01
juego1	easy	40.0	0.008	40614	700	301	310	9	0	1	68.98	68.98	68.98
juego1	easy	40.0	0.008	40623	700	301	310	9	0	1	68.96	68.96	68.96
juego1	easy	40.0	0.008	40632	700	301	310	9	0	1	68.94	68.94	68.94
juego1	easy	40.0	0.008	40641	700	301	310	9	0	1	68.94	68.94	68.94
juego1	easy	40.0	0.008	40649	700	301	310	9	0	1	68.92	68.92	68.92
juego1	easy	40.0	0.008	40658	700	301	310	9	0	1	68.89	68.89	68.89
juego1	easy	40.0	0.008	40666	700	301	310	9	0	1	68.88	68.88	68.88
juego1	easy	40.0	0.008	40675	700	301	310	9	0	1	68.88	68.88	68.88
juego1	easy	40.0	0.008	40683	700	301	310	9	0	1	68.88	68.88	68.88
juego1	easy	40.0	0.008	40692	700	301	310	9	0	1	68.88	68.88	68.88
juego1	easy	40.0	0.008	40702	700	301	310	9	0	1	68.87	68.87	68.87
juego1	easy	40.0	0.008	40709	700	301	310	9	0	1	68.88	68.88	68.88
juego1	easy	40.0	0.008	40717	700	301	310	9	0	1	68.87	68.87	68.87
juego1	easy	40.0	0.008	40726	700	301	310	9	0	1	68.86	68.86	68.86
juego1	easy	40.0	0.008	40734	700	301	310	9	0	1	68.83	68.83	68.83
juego1	easy	40.0	0.008	40743	700	301	310	9	0	1	68.8	68.8	68.8
juego1	easy	40.0	0.008	40752	700	301	310	9	0	1	68.78	68.78	68.78
juego1	easy	40.0	0.008	40760	700	301	310	9	0	1	68.78	68.78	68.78
juego1	easy	40.0	0.008	40768	700	301	310	9	0	1	68.79	68.79	68.79
juego1	easy	40.0	0.008	40777	700	301	310	9	0	1	68.86	68.86	68.86
juego1	easy	40.0	0.008	40785	700	301	310	9	0	1	68.9	68.9	68.9
juego1	easy	40.0	0.008	40793	700	301	310	9	0	1	68.96	68.96	68.96
juego1	easy	40.0	0.008	40802	700	301	310	9	0	1	69.04	69.04	69.04
juego1	easy	40.0	0.008	40811	700	301	310	9	0	1	69.08	69.08	69.08
juego1	easy	40.0	0.008	40820	700	301	310	9	0	1	69.08	69.08	69.08
juego1	easy	40.0	0.008	40828	700	301	310	9	0	1	69.11	69.11	69.11
juego1	easy	40.0	0.008	40837	700	301	310	9	0	1	69.13	69.13	69.13
juego1	easy	40.0	0.008	40845	700	301	310	9	0	1	69.12	69.12	69.12
juego1	easy	40.0	0.008	40854	700	301	310	9	0	1	69.05	69.05	69.05
juego1	easy	40.0	0.008	40863	700	301	310	9	0	1	68.95	68.95	68.95
juego1	easy	40.0	0.008	40870	700	301	310	9	0	1	68.91	68.91	68.91
juego1	easy	40.0	0.008	40879	700	301	310	9	0	1	68.86	68.86	68.86
juego1	easy	40.0	0.008	40888	700	301	310	9	0	1	68.81	68.81	68.81
juego1	easy	40.0	0.008	40895	700	301	310	9	0	1	68.79	68.79	68.79
juego1	easy	40.0	0.008	40904	700	301	310	9	0	1	68.78	68.78	68.78
juego1	easy	40.0	0.008	40912	700	301	310	9	0	1	68.79	68.79	68.79
juego1	easy	40.0	0.008	40921	700	301	310	9	0	1	68.81	68.81	68.81
juego1	easy	40.0	0.008	40930	700	301	310	9	0	1	68.82	68.82	68.82
juego1	easy	40.0	0.008	40938	700	301	310	9	0	1	68.78	68.78	68.78
juego1	easy	40.0	0.008	40947	700	301	310	9	0	1	68.76	68.76	68.76
juego1	easy	40.0	0.008	40954	700	301	310	9	0	1	68.74	68.74	68.74
juego1	easy	40.0	0.008	40963	700	301	311	10	0	1	68.72	68.72	68.72
juego1	easy	40.0	0.008	40970	700	301	311	10	0	1	68.72	68.72	68.72
juego1	easy	40.0	0.008	40979	700	301	311	10	0	1	68.72	68.72	68.72
juego1	easy	40.0	0.008	40988	700	301	310	9	0	1	68.75	68.75	68.75
juego1	easy	40.0	0.008	40997	700	301	310	9	0	1	68.77	68.77	68.77
juego1	easy	40.0	0.008	41005	700	301	310	9	0	1	68.81	68.81	68.81
juego1	easy	40.0	0.008	41014	700	301	310	9	0	1	68.86	68.86	68.86
juego1	easy	40.0	0.008	41023	700	301	310	9	0	1	68.86	68.86	68.86
juego1	easy	40.0	0.008	41031	700	301	310	9	0	1	68.85	68.85	68.85
juego1	easy	40.0	0.008	41040	700	301	310	9	0	1	68.82	68.82	68.82
juego1	easy	40.0	0.008	41049	700	301	310	9	0	1	68.8	68.8	68.8
juego1	easy	40.0	0.008	41058	700	301	310	9	0	1	68.83	68.83	68.83
juego1	easy	40.0	0.008	41067	700	301	310	9	0	1	68.86	68.86	68.86
juego1	easy	40.0	0.008	41075	700	301	310	9	0	1	68.93	68.93	68.93
juego1	easy	40.0	0.008	41084	700	301	310	9	0	1	68.98	68.98	68.98
juego1	easy	40.0	0.008	41093	700	301	310	9	0	1	68.98	68.98	68.98
juego1	easy	40.0	0.008	41100	700	301	310	9	0	1	68.97	68.97	68.97
juego1	easy	40.0	0.008	41108	700	301	310	9	0	1	68.94	68.94	68.94
juego1	easy	40.0	0.008	41117	700	301	310	9	0	1	68.92	68.92	68.92
juego1	easy	40.0	0.008	41126	700	301	310	9	0	1	68.89	68.89	68.89
juego1	easy	40.0	0.008	41134	700	301	310	9	0	1	68.9	68.9	68.9
juego1	easy	40.0	0.008	42148	700	301	309	8	0	1	69.31	69.31	69.31
juego1	easy	40.0	0.008	42156	700	301	309	8	0	1	69.35	69.35	69.35
juego1	easy	40.0	0.008	42164	700	301	309	8	0	1	69.37	69.37	69.37
juego1	easy	40.0	0.008	42172	700	301	309	8	0	1	69.34	69.34	69.34
juego1	easy	40.0	0.008	42180	700	301	309	8	0	1	69.3	69.3	69.3
juego1	easy	40.0	0.008	42189	700	301	309	8	0	1	69.29	69.29	69.29
juego1	easy	40.0	0.008	42198	700	301	309	8	0	1	69.29	69.29	69.29
juego1	easy	40.0	0.008	42206	700	301	309	8	0	1	69.28	69.28	69.28
juego1	easy	40.0	0.008	42215	700	301	309	8	0	1	69.27	69.27	69.27
juego1	easy	40.0	0.008	42223	700	301	309	8	0	1	69.22	69.22	69.22
juego1	easy	40.0	0.008	42232	700	301	309	8	0	1	69.22	69.22	69.22
juego1	easy	40.0	0.008	42241	700	301	309	8	0	1	69.25	69.25	69.25
juego1	easy	40.0	0.008	42250	700	301	309	8	0	1	69.29	69.29	69.29
juego1	easy	40.0	0.008	42259	700	301	309	8	0	1	69.31	69.31	69.31
juego1	easy	40.0	0.008	42269	700	301	309	8	0	1	69.31	69.31	69.31
juego1	easy	40.0	0.008	42277	700	301	309	8	0	1	69.26	69.26	69.26
juego1	easy	40.0	0.008	42286	700	301	309	8	0	1	69.23	69.23	69.23
juego1	easy	40.0	0.008	42293	700	301	310	9	0	1	69.16	69.16	69.16
juego1	easy	40.0	0.008	42302	700	301	310	9	0	1	69.13	69.13	69.13
juego1	easy	40.0	0.008	42311	700	301	310	9	0	1	69.13	69.13	69.13
juego1	easy	40.0	0.008	42320	700	301	310	9	0	1	69.13	69.13	69.13
juego1	easy	40.0	0.008	42329	700	301	310	9	0	1	69.16	69.16	69.16
juego1	easy	40.0	0.008	42338	700	301	309	8	0	1	69.18	69.18	69.18
juego1	easy	40.0	0.008	42346	700	301	309	8	0	1	69.18	69.18	69.18
juego1	easy	40.0	0.008	42355	700	301	309	8	0	1	69.18	69.18	69.18
juego1	easy	40.0	0.008	42363	700	301	310	9	0	1	69.13	69.13	69.13
juego1	easy	40.0	0.008	42372	700	301	310	9	0	1	69.08	69.08	69.08
juego1	easy	40.0	0.008	42380	700	301	310	9	0	1	69.07	69.07	69.07
juego1	easy	40.0	0.008	42389	700	301	310	9	0	1	69.1	69.1	69.1
juego1	easy	40.0	0.008	42397	700	301	310	9	0	1	69.16	69.16	69.16
juego1	easy	40.0	0.008	42406	700	301	309	8	0	1	69.23	69.23	69.23
juego1	easy	40.0	0.008	42414	700	301	309	8	0	1	69.28	69.28	69.28
juego1	easy	40.0	0.008	42423	700	301	309	8	0	1	69.38	69.38	69.38
juego1	easy	40.0	0.008	42430	700	301	309	8	0	1	69.43	69.43	69.43
juego1	easy	40.0	0.008	42439	700	301	309	8	0	1	69.51	69.51	69.51
juego1	easy	40.0	0.008	42448	700	301	308	7	0	1	69.62	69.62	69.62
juego1	easy	40.0	0.008	42456	700	301	308	7	0	1	69.67	69.67	69.67
juego1	easy	40.0	0.008	42465	700	301	308	7	0	1	69.79	69.79	69.79
juego1	easy	40.0	0.008	42474	700	301	308	7	0	1	69.96	69.96	69.96
juego1	easy	40.0	0.008	42483	700	301	307	6	0	1	70.23	70.23	70.23
juego1	easy	40.0	0.008	42491	700	301	306	5	0	1	70.67	70.67	70.67
juego1	easy	40.0	0.008	42499	700	301	305	4	0	1	70.92	70.92	70.92
juego1	easy	40.0	0.008	42508	700	301	304	3	0	1	71.41	71.41	71.41
juego1	easy	40.0	0.008	42516	700	301	303	2	0	1	71.8	71.8	71.8
juego1	easy	40.0	0.008	42525	700	301	303	2	0	1	71.97	71.97	71.97
juego1	easy	40.0	0.008	42534	700	301	302	1	0	1	72.34	72.34	72.34
juego1	easy	40.0	0.008	42543	700	301	301	0	0	1	72.82	72.82	72.82
juego1	easy	40.0	0.008	42551	700	301	300	-1	0	1	73.39	73.39	73.39
juego1	easy	40.0	0.008	42560	700	301	300	-1	0	1	73.69	73.69	73.69
juego1	easy	40.0	0.008	42568	700	301	299	-2	0	1	74.3	74.3	74.3
juego1	easy	40.0	0.008	42577	700	301	297	-4	0	1	74.92	74.92	74.92
juego1	easy	40.0	0.008	42585	700	301	296	-5	0	1	75.25	75.25	75.25
juego1	easy	40.0	0.008	42593	700	301	295	-6	0	1	75.88	75.88	75.88
juego1	easy	40.0	0.008	42602	700	301	294	-7	0	1	76.5	76.5	76.5
juego1	easy	40.0	0.008	42610	700	301	293	-8	0	1	76.81	76.81	76.81
juego1	easy	40.0	0.008	42619	700	301	291	-10	0	1	77.41	77.41	77.41
juego1	easy	40.0	0.008	42627	700	301	290	-11	0	1	78.03	78.03	78.03
juego1	easy	40.0	0.008	42636	700	301	289	-12	0	1	78.35	78.35	78.35
juego1	easy	40.0	0.008	42645	700	301	288	-13	0	1	79.0	79.0	79.0
juego1	easy	40.0	0.008	42653	700	301	287	-14	0	1	79.44	79.44	79.44
juego1	easy	40.0	0.008	42662	700	301	285	-16	0	1	80.27	80.27	80.27
juego1	easy	40.0	0.008	42670	700	301	284	-17	0	1	80.58	80.58	80.58
juego1	easy	40.0	0.008	42678	700	301	283	-18	0	1	81.15	81.15	81.15
juego1	easy	40.0	0.008	42687	700	301	282	-19	0	1	81.63	81.63	81.63
juego1	easy	40.0	0.008	42696	700	301	281	-20	0	1	81.88	81.88	81.88
juego1	easy	40.0	0.008	42705	700	301	280	-21	0	1	82.37	82.37	82.37
juego1	easy	40.0	0.008	42714	700	301	279	-22	0	1	82.81	82.81	82.81
juego1	easy	40.0	0.008	42722	700	301	278	-23	0	1	83.18	83.18	83.18
juego1	easy	40.0	0.008	42732	700	301	277	-24	0	1	83.54	83.54	83.54
juego1	easy	40.0	0.008	42740	700	301	277	-24	0	1	83.73	83.73	83.73
juego1	easy	40.0	0.008	42747	700	301	276	-25	0	1	84.17	84.17	84.17
juego1	easy	40.0	0.008	42756	700	301	275	-26	0	1	84.39	84.39	84.39
juego1	easy	40.0	0.008	42765	700	301	274	-27	0	1	84.85	84.85	84.85
juego1	easy	40.0	0.008	42774	700	301	273	-28	0	1	85.35	85.35	85.35
juego1	easy	40.0	0.008	42782	700	301	272	-29	0	1	85.77	85.77	85.77
juego1	easy	40.0	0.008	42791	700	301	272	-29	0	1	85.97	85.97	85.97
juego1	easy	40.0	0.008	42800	700	301	271	-30	0	1	86.31	86.31	86.31
juego1	easy	40.0	0.008	42808	700	301	270	-31	0	1	86.64	86.64	86.64
juego1	easy	40.0	0.008	42817	700	301	269	-32	0	1	87.0	87.0	87.0
juego1	easy	40.0	0.008	42825	700	301	269	-32	0	1	87.0	87.0	87.0
juego1	easy	40.0	0.008	42833	700	301	268	-33	0	1	87.34	87.34	87.34
juego1	easy	40.0	0.008	42842	700	301	267	-34	0	1	88.03	88.03	88.03
juego1	easy	40.0	0.008	42849	700	301	266	-35	0	1	88.21	88.21	88.21
juego1	easy	40.0	0.008	42857	700	301	266	-35	0	1	88.53	88.53	88.53
juego1	easy	40.0	0.008	42866	700	301	265	-36	0	1	88.71	88.71	88.71
juego1	easy	40.0	0.008	42875	700	301	264	-37	0	1	89.11	89.11	89.11
juego1	easy	40.0	0.008	42884	700	301	263	-38	0	1	89.5	89.5	89.5
juego1	easy	40.0	0.008	42892	700	301	263	-38	0	1	89.81	89.81	89.81
juego1	easy	40.0	0.008	42901	700	301	263	-38	0	1	89.92	89.92	89.92
juego1	easy	40.0	0.008	42909	700	301	262	-39	0	1	90.1	90.1	90.1
juego1	easy	40.0	0.008	42918	700	301	262	-39	0	1	90.14	90.14	90.14
juego1	easy	40.0	0.008	42927	700	301	262	-39	0	1	90.14	90.14	90.14
juego1	easy	40.0	0.008	42935	700	301	262	-39	0	1	90.14	90.14	90.14
juego1	easy	40.0	0.008	42944	700	301	262	-39	0	1	90.16	90.16	90.16
juego1	easy	40.0	0.008	42953	700	301	262	-39	0	1	90.16	90.16	90.16
juego1	easy	40.0	0.008	42961	700	301	262	-39	0	1	90.13	90.13	90.13
juego1	easy	40.0	0.008	42969	700	301	262	-39	0	1	90.0	90.0	90.0
juego1	easy	40.0	0.008	42978	700	301	263	-38	0	1	89.8	89.8	89.8
juego1	easy	40.0	0.008	42986	700	301	263	-38	0	1	89.66	89.66	89.66
juego1	easy	40.0	0.008	42993	700	301	264	-37	0	1	89.37	89.37	89.37
juego1	easy	40.0	0.008	43001	700	301	264	-37	0	1	89.23	89.23	89.23
juego1	easy	40.0	0.008	43010	700	301	265	-36	0	1	89.0	89.0	89.0
juego1	easy	40.0	0.008	43019	700	301	265	-36	0	1	88.79	88.79	88.79
juego1	easy	40.0	0.008	43028	700	301	266	-35	0	1	88.56	88.56	88.56
juego1	easy	40.0	0.008	43037	700	301	266	-35	0	1	88.31	88.31	88.31
juego1	easy	40.0	0.008	43045	700	301	267	-34	0	1	88.16	88.16	88.16
juego1	easy	40.0	0.008	43054	700	301	267	-34	0	1	87.84	87.84	87.84
juego1	easy	40.0	0.008	43063	700	301	268	-33	0	1	87.51	87.51	87.51
juego1	easy	40.0	0.008	43072	700	301	269	-32	0	1	87.17	87.17	87.17
juego1	easy	40.0	0.008	43080	700	301	269	-32	0	1	87.01	87.01	87.01
juego1	easy	40.0	0.008	43089	700	301	270	-31	0	1	86.73	86.73	86.73
juego1	easy	40.0	0.008	43097	700	301	270	-31	0	1	86.6	86.6	86.6
juego1	easy	40.0	0.008	43106	700	301	271	-30	0	1	86.38	86.38	86.38
juego1	easy	40.0	0.008	43114	700	301	271	-30	0	1	86.13	86.13	86.13
juego1	easy	40.0	0.008	43122	700	301	272	-29	0	1	85.82	85.82	85.82
juego1	easy	40.0	0.008	43131	700	301	272	-29	0	1	85.65	85.65	85.65
juego1	easy	40.0	0.008	43139	700	301	273	-28	0	1	85.32	85.32	85.32
juego1	easy	40.0	0.008	43148	700	301	274	-27	0	1	85.02	85.02	85.02
juego1	easy	40.0	0.008	43157	700	301	274	-27	0	1	84.88	84.88	84.88
juego1	easy	40.0	0.008	43165	700	301	275	-26	0	1	84.64	84.64	84.64
juego1	easy	40.0	0.008	43173	700	301	275	-26	0	1	84.47	84.47	84.47
juego1	easy	40.0	0.008	43181	700	301	275	-26	0	1	84.4	84.4	84.4
juego1	easy	40.0	0.008	43189	700	301	276	-25	0	1	84.26	84.26	84.26
juego1	easy	40.0	0.008	43198	700	301	276	-25	0	1	84.04	84.04	84.04
juego1	easy	40.0	0.008	43206	700	301	276	-25	0	1	83.9	83.9	83.9
juego1	easy	40.0	0.008	43214	700	301	277	-24	0	1	83.63	83.63	83.63
juego1	easy	40.0	0.008	43223	700	301	278	-23	0	1	83.34	83.34	83.34
juego1	easy	40.0	0.008	43230	700	301	278	-23	0	1	83.2	83.2	83.2
juego1	easy	40.0	0.008	43239	700	301	279	-22	0	1	82.86	82.86	82.86
juego1	easy	40.0	0.008	43247	700	301	279	-22	0	1	82.67	82.67	82.67
juego1	easy	40.0	0.008	43256	700	301	280	-21	0	1	82.31	82.31	82.31
juego1	easy	40.0	0.008	43265	700	301	281	-20	0	1	81.95	81.95	81.95
juego1	easy	40.0	0.008	43273	700	301	282	-19	0	1	81.56	81.56	81.56
juego1	easy	40.0	0.008	43282	700	301	282	-19	0	1	81.34	81.34	81.34
juego1	easy	40.0	0.008	43291	700	301	284	-17	0	1	80.84	80.84	80.84
juego1	easy	40.0	0.008	43299	700	301	285	-16	0	1	80.28	80.28	80.28
juego1	easy	40.0	0.008	43307	700	301	285	-16	0	1	80.01	80.01	80.01
juego1	easy	40.0	0.008	43316	700	301	287	-14	0	1	79.45	79.45	79.45
juego1	easy	40.0	0.008	43324	700	301	288	-13	0	1	78.92	78.92	78.92
juego1	easy	40.0	0.008	43333	700	301	289	-12	0	1	78.38	78.38	78.38
juego1	easy	40.0	0.008	43342	700	301	290	-11	0	1	78.1	78.1	78.1
juego1	easy	40.0	0.008	43350	700	301	291	-10	0	1	77.54	77.54	77.54
juego1	easy	40.0	0.008	43359	700	301	292	-9	0	1	77.01	77.01	77.01
juego1	easy	40.0	0.008	43366	700	301	293	-8	0	1	76.78	76.78	76.78
juego1	easy	40.0	0.008	43375	700	301	294	-7	0	1	76.44	76.44	76.44
juego1	easy	40.0	0.008	43383	700	301	294	-7	0	1	76.21	76.21	76.21
juego1	easy	40.0	0.008	43391	700	301	294	-7	0	1	76.09	76.09	76.09
juego1	easy	40.0	0.008	43400	700	301	295	-6	0	1	75.72	75.72	75.72
juego1	easy	40.0	0.008	43407	700	301	296	-5	0	1	75.49	75.49	75.49
juego1	easy	40.0	0.008	43416	700	301	297	-4	0	1	74.92	74.92	74.92
juego1	easy	40.0	0.008	43424	700	301	299	-2	0	1	74.23	74.23	74.23
juego1	easy	40.0	0.008	43433	700	301	300	-1	0	1	73.87	73.87	73.87
juego1	easy	40.0	0.008	43441	700	301	300	-1	0	1	73.14	73.14	73.14
juego1	easy	40.0	0.008	43450	700	301	302	1	0	1	72.47	72.47	72.47
juego1	easy	40.0	0.008	43458	700	301	303	2	0	1	72.18	72.18	72.18
juego1	easy	40.0	0.008	43467	700	301	303	2	0	1	72.18	72.18	72.18
juego1	easy	40.0	0.008	43476	700	301	304	3	0	1	71.45	71.45	71.45
juego1	easy	40.0	0.008	43485	700	301	306	5	0	1	70.58	70.58	70.58
juego1	easy	40.0	0.008	43494	700	301	307	6	0	1	70.16	70.16	70.16
juego1	easy	40.0	0.008	43502	700	301	308	7	0	1	70.0	70.0	70.0
juego1	easy	40.0	0.008	43510	700	301	308	7	0	1	69.77	69.77	69.77
juego1	easy	40.0	0.008	43518	700	301	309	8	0	1	69.53	69.53	69.53
juego1	easy	40.0	0.008	43527	700	301	309	8	0	1	69.37	69.37	69.37
juego1	easy	40.0	0.008	43535	700	301	310	9	0	1	68.94	68.94	68.94
juego1	easy	40.0	0.008	43544	700	301	311	10	0	1	68.44	68.44	68.44
juego1	easy	40.0	0.008	43552	700	301	312	11	0	1	68.22	68.22	68.22
juego1	easy	40.0	0.008	43560	700	301	313	12	0	1	67.8	67.8	67.8
juego1	easy	40.0	0.008	43568	700	301	314	13	0	1	67.44	67.44	67.44
juego1	easy	40.0	0.008	43576	700	301	314	13	0	1	67.29	67.29	67.29
juego1	easy	40.0	0.008	43584	700	301	315	14	0	1	66.97	66.97	66.97
juego1	easy	40.0	0.008	43593	700	301	315	14	0	1	66.77	66.77	66.77
juego1	easy	40.0	0.008	43601	700	301	316	15	0	1	66.29	66.29	66.29
juego1	easy	40.0	0.008	43609	700	301	317	16	0	1	65.76	65.76	65.76
juego1	easy	40.0	0.008	43617	700	301	318	17	0	1	65.48	65.48	65.48
juego1	easy	40.0	0.008	43625	700	301	319	18	0	1	64.95	64.95	64.95
juego1	easy	40.0	0.008	43634	700	301	320	19	0	1	64.56	64.56	64.56
juego1	easy	40.0	0.008	43642	700	301	321	20	0	1	64.41	64.41	64.41
juego1	easy	40.0	0.008	43651	700	301	321	20	0	1	64.13	64.13	64.13
juego1	easy	40.0	0.008	43659	700	301	321	20	0	1	63.99	63.99	63.99
juego1	easy	40.0	0.008	43667	700	301	322	21	0	1	63.72	63.72	63.72
juego1	easy	40.0	0.008	43675	700	301	322	21	0	1	63.61	63.61	63.61
juego1	easy	40.0	0.008	43683	700	301	323	22	0	1	63.38	63.38	63.38
juego1	easy	40.0	0.008	43692	700	301	323	22	0	1	63.19	63.19	63.19
juego1	easy	40.0	0.008	43700	700	301	324	23	0	1	63.06	63.06	63.06
juego1	easy	40.0	0.008	43709	700	301	324	23	0	1	62.99	62.99	62.99
juego1	easy	40.0	0.008	43717	700	301	324	23	0	1	62.96	62.96	62.96
juego1	easy	40.0	0.008	43726	700	301	324	23	0	1	62.86	62.86	62.86
juego1	easy	40.0	0.008	43734	700	301	324	23	0	1	62.71	62.71	62.71
juego1	easy	40.0	0.008	43744	700	301	325	24	0	1	62.62	62.62	62.62
juego1	easy	40.0	0.008	43752	700	301	325	24	0	1	62.44	62.44	62.44
juego1	easy	40.0	0.008	43760	700	301	325	24	0	1	62.36	62.36	62.36
juego1	easy	40.0	0.008	43769	700	301	325	24	0	1	62.37	62.37	62.37
juego1	easy	40.0	0.008	43777	700	301	325	24	0	1	62.39	62.39	62.39
juego1	easy	40.0	0.008	43786	700	301	325	24	0	1	62.39	62.39	62.39
juego1	easy	40.0	0.008	43795	700	301	325	24	0	1	62.4	62.4	62.4
juego1	easy	40.0	0.008	43803	700	301	325	24	0	1	62.4	62.4	62.4
juego1	easy	40.0	0.008	43812	700	301	325	24	0	1	62.42	62.42	62.42
juego1	easy	40.0	0.008	43821	700	301	325	24	0	1	62.48	62.48	62.48
juego1	easy	40.0	0.008	43829	700	301	325	24	0	1	62.6	62.6	62.6
juego1	easy	40.0	0.008	43838	700	301	325	24	0	1	62.68	62.68	62.68
juego1	easy	40.0	0.008	43845	700	301	324	23	0	1	62.91	62.91	62.91
juego1	easy	40.0	0.008	43853	700	301	324	23	0	1	63.06	63.06	63.06
juego1	easy	40.0	0.008	43862	700	301	323	22	0	1	63.43	63.43	63.43
juego1	easy	40.0	0.008	43871	700	301	322	21	0	1	63.85	63.85	63.85
juego1	easy	40.0	0.008	43879	700	301	321	20	0	1	64.29	64.29	64.29
juego1	easy	40.0	0.008	43887	700	301	320	19	0	1	64.51	64.51	64.51
juego1	easy	40.0	0.008	43896	700	301	319	18	0	1	64.95	64.95	64.95
juego1	easy	40.0	0.008	43904	700	301	318	17	0	1	65.33	65.33	65.33
juego1	easy	40.0	0.008	43913	700	301	318	17	0	1	65.51	65.51	65.51
juego1	easy	40.0	0.008	43921	700	301	317	16	0	1	65.89	65.89	65.89
juego1	easy	40.0	0.008	43930	700	301	316	15	0	1	66.29	66.29	66.29
juego1	easy	40.0	0.008	43938	700	301	316	15	0	1	66.5	66.5	66.5
juego1	easy	40.0	0.008	43946	700	301	315	14	0	1	66.9	66.9	66.9
juego1	easy	40.0	0.008	43955	700	301	314	13	0	1	67.3	67.3	67.3
juego1	easy	40.0	0.008	43963	700	301	313	12	0	1	67.52	67.52	67.52
juego1	easy	40.0	0.008	43971	700	301	312	11	0	1	67.96	67.96	67.96
juego1	easy	40.0	0.008	43980	700	301	311	10	0	1	68.42	68.42	68.42
juego1	easy	40.0	0.008	43990	700	301	311	10	0	1	68.64	68.64	68.64
juego1	easy	40.0	0.008	43998	700	301	310	9	0	1	69.06	69.06	69.06
juego1	easy	40.0	0.008	44007	700	301	309	8	0	1	69.4	69.4	69.4
juego1	easy	40.0	0.008	44016	700	301	308	7	0	1	69.67	69.67	69.67
juego1	easy	40.0	0.008	44025	700	301	308	7	0	1	69.78	69.78	69.78
juego1	easy	40.0	0.008	44032	700	301	308	7	0	1	69.96	69.96	69.96
