game	difficulty	amplitude	velocity	time	xpos	y_computer	y_human	y_error	trial	x	y	z
juego1	easy	40.0	0.008	223475	700	289	267	-22	0	88.16	88.16	88.16
juego1	easy	40.0	0.008	223476	700	289	267	-22	0	88.16	88.16	88.16
juego1	easy	40.0	0.008	223484	700	289	267	-22	0	88.17	88.17	88.17
juego1	easy	40.0	0.008	223493	700	288	267	-21	0	88.12	88.12	88.12
juego1	easy	40.0	0.008	223502	700	288	267	-21	0	88.08	88.08	88.08
juego1	easy	40.0	0.008	223511	700	287	267	-20	0	88.11	88.11	88.11
juego1	easy	40.0	0.008	223520	700	287	267	-20	0	88.18	88.18	88.18
juego1	easy	40.0	0.008	223529	700	286	267	-19	0	88.21	88.21	88.21
juego1	easy	40.0	0.008	223537	700	286	267	-19	0	88.27	88.27	88.27
juego1	easy	40.0	0.008	223545	700	286	267	-19	0	88.27	88.27	88.27
juego1	easy	40.0	0.008	223554	700	285	267	-18	0	88.25	88.25	88.25
juego1	easy	40.0	0.008	223563	700	285	267	-18	0	88.2	88.2	88.2
juego1	easy	40.0	0.008	223571	700	284	267	-17	0	88.16	88.16	88.16
juego1	easy	40.0	0.008	223580	700	284	267	-17	0	88.16	88.16	88.16
juego1	easy	40.0	0.008	223589	700	283	267	-16	0	88.19	88.19	88.19
juego1	easy	40.0	0.008	223598	700	283	267	-16	0	88.27	88.27	88.27
juego1	easy	40.0	0.008	223607	700	282	267	-15	0	88.37	88.37	88.37
juego1	easy	40.0	0.008	223616	700	282	266	-16	0	88.44	88.44	88.44
juego1	easy	40.0	0.008	223625	700	282	266	-16	0	88.46	88.46	88.46
juego1	easy	40.0	0.008	223633	700	281	266	-15	0	88.46	88.46	88.46
juego1	easy	40.0	0.008	223641	700	281	266	-15	0	88.43	88.43	88.43
juego1	easy	40.0	0.008	223651	700	280	266	-14	0	88.42	88.42	88.42
juego1	easy	40.0	0.008	223659	700	280	266	-14	0	88.43	88.43	88.43
juego1	easy	40.0	0.008	223667	700	279	266	-13	0	88.48	88.48	88.48
juego1	easy	40.0	0.008	223674	700	279	266	-13	0	88.51	88.51	88.51
juego1	easy	40.0	0.008	223682	700	278	266	-12	0	88.57	88.57	88.57
juego1	easy	40.0	0.008	223691	700	278	266	-12	0	88.55	88.55	88.55
juego1	easy	40.0	0.008	223700	700	278	266	-12	0	88.53	88.53	88.53
juego1	easy	40.0	0.008	223708	700	277	266	-11	0	88.48	88.48	88.48
juego1	easy	40.0	0.008	223717	700	277	266	-11	0	88.46	88.46	88.46
juego1	easy	40.0	0.008	223725	700	276	266	-10	0	88.47	88.47	88.47
juego1	easy	40.0	0.008	223733	700	276	266	-10	0	88.51	88.51	88.51
juego1	easy	40.0	0.008	223741	700	275	266	-9	0	88.58	88.58	88.58
juego1	easy	40.0	0.008	223751	700	275	266	-9	0	88.62	88.62	88.62
juego1	easy	40.0	0.008	223758	700	275	266	-9	0	88.63	88.63	88.63
juego1	easy	40.0	0.008	223767	700	274	266	-8	0	88.63	88.63	88.63
juego1	easy	40.0	0.008	223776	700	274	266	-8	0	88.63	88.63	88.63
juego1	easy	40.0	0.008	223784	700	273	266	-7	0	88.63	88.63	88.63
juego1	easy	40.0	0.008	223793	700	273	266	-7	0	88.65	88.65	88.65
juego1	easy	40.0	0.008	223802	700	272	266	-6	0	88.69	88.69	88.69
juego1	easy	40.0	0.008	223811	700	272	266	-6	0	88.73	88.73	88.73
juego1	easy	40.0	0.008	223818	700	272	266	-6	0	88.74	88.74	88.74
juego1	easy	40.0	0.008	223827	700	271	265	-6	0	88.79	88.79	88.79
juego1	easy	40.0	0.008	223834	700	271	265	-6	0	88.82	88.82	88.82
juego1	easy	40.0	0.008	223843	700	270	265	-5	0	88.88	88.88	88.88
juego1	easy	40.0	0.008	223852	700	270	265	-5	0	88.95	88.95	88.95
juego1	easy	40.0	0.008	223861	700	269	265	-4	0	89.01	89.01	89.01
juego1	easy	40.0	0.008	223869	700	269	265	-4	0	89.02	89.02	89.02
juego1	easy	40.0	0.008	223877	700	269	265	-4	0	89.04	89.04	89.04
juego1	easy	40.0	0.008	223887	700	268	265	-3	0	89.04	89.04	89.04
juego1	easy	40.0	0.008	223894	700	268	265	-3	0	89.05	89.05	89.05
juego1	easy	40.0	0.008	223903	700	267	265	-2	0	89.11	89.11	89.11
juego1	easy	40.0	0.008	223912	700	267	264	-3	0	89.21	89.21	89.21
juego1	easy	40.0	0.008	223921	700	267	264	-3	0	89.36	89.36	89.36
juego1	easy	40.0	0.008	223929	700	266	264	-2	0	89.45	89.45	89.45
juego1	easy	40.0	0.008	223938	700	266	263	-3	0	89.67	89.67	89.67
juego1	easy	40.0	0.008	223947	700	265	263	-2	0	89.95	89.95	89.95
juego1	easy	40.0	0.008	223954	700	265	262	-3	0	90.12	90.12	90.12
juego1	easy	40.0	0.008	223963	700	265	261	-4	0	90.5	90.5	90.5
juego1	easy	40.0	0.008	223972	700	264	260	-4	0	90.93	90.93	90.93
juego1	easy	40.0	0.008	223980	700	264	259	-5	0	91.15	91.15	91.15
juego1	easy	40.0	0.008	223990	700	263	258	-5	0	91.82	91.82	91.82
juego1	easy	40.0	0.008	223998	700	263	255	-8	0	92.82	92.82	92.82
juego1	easy	40.0	0.008	224007	700	263	253	-10	0	93.69	93.69	93.69
juego1	easy	40.0	0.008	224015	700	262	250	-12	0	94.78	94.78	94.78
juego1	easy	40.0	0.008	224023	700	262	247	-15	0	96.24	96.24	96.24
juego1	easy	40.0	0.008	224030	700	261	245	-16	0	97.01	97.01	97.01
juego1	easy	40.0	0.008	224039	700	261	240	-21	0	98.61	98.61	98.61
juego1	easy	40.0	0.008	224048	700	261	236	-25	0	100.19	100.19	100.19
juego1	easy	40.0	0.008	224056	700	260	233	-27	0	101.74	101.74	101.74
juego1	easy	40.0	0.008	224064	700	260	230	-30	0	102.55	102.55	102.55
juego1	easy	40.0	0.008	224073	700	260	227	-33	0	104.06	104.06	104.06
juego1	easy	40.0	0.008	224082	700	259	225	-34	0	104.8	104.8	104.8
juego1	easy	40.0	0.008	224091	700	259	221	-38	0	106.14	106.14	106.14
juego1	easy	40.0	0.008	224100	700	258	218	-40	0	107.29	107.29	107.29
juego1	easy	40.0	0.008	224109	700	258	216	-42	0	108.32	108.32	108.32
juego1	easy	40.0	0.008	224118	700	258	213	-45	0	109.31	109.31	109.31
juego1	easy	40.0	0.008	224127	700	257	211	-46	0	110.22	110.22	110.22
juego1	easy	40.0	0.008	224135	700	257	210	-47	0	110.64	110.64	110.64
juego1	easy	40.0	0.008	224144	700	257	208	-49	0	111.52	111.52	111.52
juego1	easy	40.0	0.008	224153	700	256	205	-51	0	112.42	112.42	112.42
juego1	easy	40.0	0.008	224162	700	256	204	-52	0	112.9	112.9	112.9
juego1	easy	40.0	0.008	224172	700	256	202	-54	0	113.79	113.79	113.79
juego1	easy	40.0	0.008	224179	700	255	200	-55	0	114.4	114.4	114.4
juego1	easy	40.0	0.008	224188	700	255	198	-57	0	115.36	115.36	115.36
juego1	easy	40.0	0.008	224197	700	255	196	-59	0	116.06	116.06	116.06
juego1	easy	40.0	0.008	224206	700	254	195	-59	0	116.41	116.41	116.41
juego1	easy	40.0	0.008	224215	700	254	193	-61	0	117.11	117.11	117.11
juego1	easy	40.0	0.008	224224	700	254	192	-62	0	117.82	117.82	117.82
juego1	easy	40.0	0.008	224233	700	253	190	-63	0	118.47	118.47	118.47
juego1	easy	40.0	0.008	224243	700	253	188	-65	0	119.06	119.06	119.06
juego1	easy	40.0	0.008	224250	700	253	188	-65	0	119.36	119.36	119.36
juego1	easy	40.0	0.008	224259	700	252	186	-66	0	120.06	120.06	120.06
juego1	easy	40.0	0.008	224267	700	252	184	-68	0	120.77	120.77	120.77
juego1	easy	40.0	0.008	224275	700	252	183	-69	0	121.12	121.12	121.12
juego1	easy	40.0	0.008	224284	700	251	182	-69	0	121.74	121.74	121.74
juego1	easy	40.0	0.008	224291	700	251	180	-71	0	122.23	122.23	122.23
juego1	easy	40.0	0.008	224300	700	251	180	-71	0	122.44	122.44	122.44
juego1	easy	40.0	0.008	224308	700	250	179	-71	0	122.6	122.6	122.6
juego1	easy	40.0	0.008	224316	700	250	179	-71	0	122.91	122.91	122.91
juego1	easy	40.0	0.008	224324	700	250	178	-72	0	123.24	123.24	123.24
juego1	easy	40.0	0.008	224332	700	249	177	-72	0	123.61	123.61	123.61
juego1	easy	40.0	0.008	224341	700	249	176	-73	0	123.8	123.8	123.8
juego1	easy	40.0	0.008	224350	700	249	175	-74	0	124.14	124.14	124.14
juego1	easy	40.0	0.008	224358	700	248	175	-73	0	124.37	124.37	124.37
juego1	easy	40.0	0.008	224367	700	248	174	-74	0	124.54	124.54	124.54
juego1	easy	40.0	0.008	224375	700	248	174	-74	0	124.63	124.63	124.63
juego1	easy	40.0	0.008	224384	700	248	174	-74	0	124.87	124.87	124.87
juego1	easy	40.0	0.008	224393	700	247	173	-74	0	125.0	125.0	125.0
juego1	easy	40.0	0.008	224402	700	247	173	-74	0	124.96	124.96	124.96
juego1	easy	40.0	0.008	224410	700	247	174	-73	0	124.9	124.9	124.9
juego1	easy	40.0	0.008	224419	700	246	174	-72	0	124.69	124.69	124.69
juego1	easy	40.0	0.008	224427	700	246	175	-71	0	124.44	124.44	124.44
juego1	easy	40.0	0.008	224437	700	246	175	-71	0	124.33	124.33	124.33
juego1	easy	40.0	0.008	224445	700	246	175	-71	0	124.14	124.14	124.14
juego1	easy	40.0	0.008	224453	700	245	176	-69	0	124.02	124.02	124.02
juego1	easy	40.0	0.008	224461	700	245	176	-69	0	123.97	123.97	123.97
juego1	easy	40.0	0.008	224470	700	245	176	-69	0	123.9	123.9	123.9
juego1	easy	40.0	0.008	224479	700	244	176	-68	0	123.82	123.82	123.82
juego1	easy	40.0	0.008	224487	700	244	177	-67	0	123.73	123.73	123.73
juego1	easy	40.0	0.008	224496	700	244	177	-67	0	123.66	123.66	123.66
juego1	easy	40.0	0.008	224505	700	244	177	-67	0	123.5	123.5	123.5
juego1	easy	40.0	0.008	224513	700	243	178	-65	0	123.28	123.28	123.28
juego1	easy	40.0	0.008	224520	700	243	178	-65	0	123.16	123.16	123.16
juego1	easy	40.0	0.008	224529	700	243	179	-64	0	122.91	122.91	122.91
juego1	easy	40.0	0.008	224538	700	243	179	-64	0	122.65	122.65	122.65
juego1	easy	40.0	0.008	224545	700	242	180	-62	0	122.52	122.52	122.52
juego1	easy	40.0	0.008	224554	700	242	180	-62	0	122.22	122.22	122.22
juego1	easy	40.0	0.008	224561	700	242	181	-61	0	122.05	122.05	122.05
juego1	easy	40.0	0.008	224569	700	242	182	-60	0	121.64	121.64	121.64
juego1	easy	40.0	0.008	224578	700	242	183	-59	0	121.08	121.08	121.08
juego1	easy	40.0	0.008	224586	700	241	184	-57	0	120.72	120.72	120.72
juego1	easy	40.0	0.008	224595	700	241	187	-54	0	119.79	119.79	119.79
juego1	easy	40.0	0.008	224604	700	241	189	-52	0	118.63	118.63	118.63
juego1	easy	40.0	0.008	224612	700	241	193	-48	0	117.24	117.24	117.24
juego1	easy	40.0	0.008	224621	700	240	195	-45	0	116.46	116.46	116.46
juego1	easy	40.0	0.008	224630	700	240	197	-43	0	115.66	115.66	115.66
juego1	easy	40.0	0.008	224639	700	240	201	-39	0	114.09	114.09	114.09
juego1	easy	40.0	0.008	224648	700	240	209	-31	0	111.06	111.06	111.06
juego1	easy	40.0	0.008	224657	700	240	211	-29	0	110.08	110.08	110.08
juego1	easy	40.0	0.008	224666	700	239	216	-23	0	108.24	108.24	108.24
juego1	easy	40.0	0.008	224675	700	239	221	-18	0	106.43	106.43	106.43
juego1	easy	40.0	0.008	224684	700	239	223	-16	0	105.5	105.5	105.5
juego1	easy	40.0	0.008	224693	700	239	227	-12	0	103.75	103.75	103.75
juego1	easy	40.0	0.008	224701	700	239	231	-8	0	102.52	102.52	102.52
juego1	easy	40.0	0.008	224710	700	239	232	-7	0	101.82	101.82	101.82
juego1	easy	40.0	0.008	224718	700	238	233	-5	0	101.46	101.46	101.46
juego1	easy	40.0	0.008	224726	700	238	234	-4	0	101.32	101.32	101.32
juego1	easy	40.0	0.008	224733	700	238	235	-3	0	100.94	100.94	100.94
juego1	easy	40.0	0.008	224741	700	238	235	-3	0	100.74	100.74	100.74
juego1	easy	40.0	0.008	224750	700	238	236	-2	0	100.29	100.29	100.29
juego1	easy	40.0	0.008	224759	700	238	237	-1	0	99.83	99.83	99.83
juego1	easy	40.0	0.008	224768	700	237	238	1	0	99.5	99.5	99.5
juego1	easy	40.0	0.008	224777	700	237	239	2	0	99.33	99.33	99.33
juego1	easy	40.0	0.008	224786	700	237	239	2	0	99.05	99.05	99.05
juego1	easy	40.0	0.008	224795	700	237	240	3	0	98.88	98.88	98.88
juego1	easy	40.0	0.008	224803	700	237	240	3	0	98.76	98.76	98.76
juego1	easy	40.0	0.008	224810	700	237	240	3	0	98.71	98.71	98.71
juego1	easy	40.0	0.008	224820	700	236	240	4	0	98.67	98.67	98.67
juego1	easy	40.0	0.008	224828	700	236	241	5	0	98.59	98.59	98.59
juego1	easy	40.0	0.008	224837	700	236	241	5	0	98.5	98.5	98.5
juego1	easy	40.0	0.008	224846	700	236	241	5	0	98.44	98.44	98.44
juego1	easy	40.0	0.008	224855	700	236	241	5	0	98.38	98.38	98.38
juego1	easy	40.0	0.008	224864	700	236	241	5	0	98.34	98.34	98.34
juego1	easy	40.0	0.008	224871	700	236	241	5	0	98.32	98.32	98.32
juego1	easy	40.0	0.008	224881	700	236	241	5	0	98.32	98.32	98.32
juego1	easy	40.0	0.008	224888	700	236	241	5	0	98.35	98.35	98.35
juego1	easy	40.0	0.008	224897	700	235	241	6	0	98.37	98.37	98.37
juego1	easy	40.0	0.008	224906	700	235	241	6	0	98.4	98.4	98.4
juego1	easy	40.0	0.008	224914	700	235	241	6	0	98.38	98.38	98.38
juego1	easy	40.0	0.008	224924	700	235	241	6	0	98.33	98.33	98.33
juego1	easy	40.0	0.008	224932	700	235	241	6	0	98.3	98.3	98.3
juego1	easy	40.0	0.008	224941	700	235	242	7	0	98.21	98.21	98.21
juego1	easy	40.0	0.008	224949	700	235	242	7	0	98.18	98.18	98.18
juego1	easy	40.0	0.008	224957	700	235	242	7	0	98.19	98.19	98.19
juego1	easy	40.0	0.008	224965	700	235	241	6	0	98.24	98.24	98.24
juego1	easy	40.0	0.008	224974	700	235	241	6	0	98.31	98.31	98.31
juego1	easy	40.0	0.008	224982	700	235	241	6	0	98.34	98.34	98.34
juego1	easy	40.0	0.008	224992	700	234	241	7	0	98.39	98.39	98.39
juego1	easy	40.0	0.008	225000	700	234	241	7	0	98.39	98.39	98.39
juego1	easy	40.0	0.008	225008	700	234	241	7	0	98.38	98.38	98.38
juego1	easy	40.0	0.008	225016	700	234	241	7	0	98.33	98.33	98.33
juego1	easy	40.0	0.008	225024	700	234	241	7	0	98.26	98.26	98.26
juego1	easy	40.0	0.008	225034	700	234	242	8	0	98.18	98.18	98.18
juego1	easy	40.0	0.008	225041	700	234	242	8	0	98.17	98.17	98.17
juego1	easy	40.0	0.008	225050	700	234	242	8	0	98.16	98.16	98.16
juego1	easy	40.0	0.008	225058	700	234	242	8	0	98.17	98.17	98.17
juego1	easy	40.0	0.008	225065	700	234	242	8	0	98.2	98.2	98.2
juego1	easy	40.0	0.008	225074	700	234	242	8	0	98.21	98.21	98.21
juego1	easy	40.0	0.008	225082	700	234	242	8	0	98.21	98.21	98.21
juego1	easy	40.0	0.008	225091	700	234	242	8	0	98.2	98.2	98.2
juego1	easy	40.0	0.008	225100	700	234	242	8	0	98.15	98.15	98.15
juego1	easy	40.0	0.008	225108	700	234	242	8	0	98.12	98.12	98.12
juego1	easy	40.0	0.008	225116	700	234	242	8	0	98.05	98.05	98.05
juego1	easy	40.0	0.008	225125	700	234	242	8	0	97.95	97.95	97.95
juego1	easy	40.0	0.008	225134	700	234	242	8	0	97.83	97.83	97.83
juego1	easy	40.0	0.008	225142	700	234	243	9	0	97.76	97.76	97.76
juego1	easy	40.0	0.008	225151	700	234	243	9	0	97.62	97.62	97.62
juego1	easy	40.0	0.008	225160	700	234	243	9	0	97.51	97.51	97.51
juego1	easy	40.0	0.008	225169	700	234	243	9	0	97.48	97.48	97.48
juego1	easy	40.0	0.008	225178	700	234	243	9	0	97.5	97.5	97.5
juego1	easy	40.0	0.008	225187	700	234	243	9	0	97.56	97.56	97.56
juego1	easy	40.0	0.008	225196	700	234	243	9	0	97.62	97.62	97.62
juego1	easy	40.0	0.008	225203	700	234	243	9	0	97.63	97.63	97.63
juego1	easy	40.0	0.008	225212	700	234	243	9	0	97.63	97.63	97.63
juego1	easy	40.0	0.008	225221	700	234	243	9	0	97.62	97.62	97.62
juego1	easy	40.0	0.008	225228	700	234	243	9	0	97.62	97.62	97.62
juego1	easy	40.0	0.008	225237	700	234	243	9	0	97.6	97.6	97.6
juego1	easy	40.0	0.008	225246	700	234	243	9	0	97.58	97.58	97.58
juego1	easy	40.0	0.008	225255	700	234	243	9	0	97.54	97.54	97.54
juego1	easy	40.0	0.008	225264	700	234	243	9	0	97.5	97.5	97.5
juego1	easy	40.0	0.008	225272	700	234	243	9	0	97.48	97.48	97.48
juego1	easy	40.0	0.008	225281	700	234	243	9	0	97.46	97.46	97.46
juego1	easy	40.0	0.008	225290	700	234	244	10	0	97.42	97.42	97.42
juego1	easy	40.0	0.008	225297	700	234	244	10	0	97.37	97.37	97.37
juego1	easy	40.0	0.008	225306	700	235	244	9	0	97.25	97.25	97.25
juego1	easy	40.0	0.008	225314	700	235	244	9	0	97.06	97.06	97.06
juego1	easy	40.0	0.008	225323	700	235	245	10	0	96.95	96.95	96.95
juego1	easy	40.0	0.008	225330	700	235	245	10	0	96.77	96.77	96.77
juego1	easy	40.0	0.008	225340	700	235	246	11	0	96.6	96.6	96.6
juego1	easy	40.0	0.008	225348	700	235	246	11	0	96.5	96.5	96.5
juego1	easy	40.0	0.008	225357	700	235	246	11	0	96.36	96.36	96.36
juego1	easy	40.0	0.008	225366	700	235	247	12	0	96.14	96.14	96.14
juego1	easy	40.0	0.008	225375	700	235	248	13	0	95.85	95.85	95.85
juego1	easy	40.0	0.008	225384	700	235	248	13	0	95.48	95.48	95.48
juego1	easy	40.0	0.008	225394	700	235	249	14	0	95.32	95.32	95.32
juego1	easy	40.0	0.008	225402	700	235	250	15	0	94.96	94.96	94.96
juego1	easy	40.0	0.008	225411	700	236	251	15	0	94.54	94.54	94.54
juego1	easy	40.0	0.008	225420	700	236	252	16	0	94.02	94.02	94.02
juego1	easy	40.0	0.008	225429	700	236	253	17	0	93.68	93.68	93.68
juego1	easy	40.0	0.008	225438	700	236	255	19	0	92.83	92.83	92.83
juego1	easy	40.0	0.008	225447	700	236	255	19	0	92.83	92.83	92.83
juego1	easy	40.0	0.008	225456	700	236	258	22	0	91.61	91.61	91.61
juego1	easy	40.0	0.008	225465	700	236	260	24	0	90.9	90.9	90.9
juego1	easy	40.0	0.008	225473	700	236	261	25	0	90.75	90.75	90.75
juego1	easy	40.0	0.008	225481	700	237	261	24	0	90.53	90.53	90.53
juego1	easy	40.0	0.008	225489	700	237	261	24	0	90.41	90.41	90.41
juego1	easy	40.0	0.008	225496	700	237	262	25	0	90.24	90.24	90.24
juego1	easy	40.0	0.008	225505	700	237	262	25	0	90.24	90.24	90.24
juego1	easy	40.0	0.008	225513	700	237	262	25	0	90.29	90.29	90.29
juego1	easy	40.0	0.008	225522	700	237	261	24	0	90.37	90.37	90.37
juego1	easy	40.0	0.008	225531	700	237	262	25	0	90.33	90.33	90.33
juego1	easy	40.0	0.008	225540	700	238	262	24	0	90.32	90.32	90.32
juego1	easy	40.0	0.008	225547	700	238	262	24	0	90.33	90.33	90.33
juego1	easy	40.0	0.008	225555	700	238	261	23	0	90.47	90.47	90.47
juego1	easy	40.0	0.008	225564	700	238	261	23	0	90.5	90.5	90.5
juego1	easy	40.0	0.008	225571	700	238	262	24	0	90.19	90.19	90.19
juego1	easy	40.0	0.008	225579	700	238	262	24	0	89.98	89.98	89.98
juego1	easy	40.0	0.008	225587	700	239	264	25	0	89.51	89.51	89.51
juego1	easy	40.0	0.008	225596	700	239	265	26	0	89.14	89.14	89.14
juego1	easy	40.0	0.008	225605	700	239	265	26	0	89.1	89.1	89.1
juego1	easy	40.0	0.008	225613	700	239	265	26	0	89.15	89.15	89.15
juego1	easy	40.0	0.008	225622	700	239	264	25	0	89.29	89.29	89.29
juego1	easy	40.0	0.008	225631	700	240	264	24	0	89.41	89.41	89.41
juego1	easy	40.0	0.008	225638	700	240	264	24	0	89.43	89.43	89.43
juego1	easy	40.0	0.008	225647	700	240	264	24	0	89.31	89.31	89.31
juego1	easy	40.0	0.008	225654	700	240	264	24	0	89.21	89.21	89.21
juego1	easy	40.0	0.008	225662	700	240	265	25	0	88.91	88.91	88.91
juego1	easy	40.0	0.008	225671	700	241	266	25	0	88.62	88.62	88.62
juego1	easy	40.0	0.008	225680	700	241	266	25	0	88.49	88.49	88.49
juego1	easy	40.0	0.008	225688	700	241	267	26	0	88.22	88.22	88.22
juego1	easy	40.0	0.008	225696	700	241	268	27	0	87.89	87.89	87.89
juego1	easy	40.0	0.008	225705	700	241	269	28	0	87.55	87.55	87.55
juego1	easy	40.0	0.008	225713	700	242	269	27	0	87.36	87.36	87.36
juego1	easy	40.0	0.008	225723	700	242	270	28	0	86.98	86.98	86.98
juego1	easy	40.0	0.008	225731	700	242	271	29	0	86.69	86.69	86.69
juego1	easy	40.0	0.008	225740	700	242	271	29	0	86.55	86.55	86.55
juego1	easy	40.0	0.008	225749	700	243	272	29	0	86.32	86.32	86.32
juego1	easy	40.0	0.008	225758	700	243	272	29	0	86.04	86.04	86.04
juego1	easy	40.0	0.008	225767	700	243	273	30	0	85.67	85.67	85.67
juego1	easy	40.0	0.008	225776	700	243	275	32	0	85.21	85.21	85.21
juego1	easy	40.0	0.008	225783	700	244	275	31	0	84.98	84.98	84.98
juego1	easy	40.0	0.008	225791	700	244	276	32	0	84.64	84.64	84.64
juego1	easy	40.0	0.008	225800	700	244	276	32	0	84.48	84.48	84.48
juego1	easy	40.0	0.008	225807	700	244	277	33	0	84.28	84.28	84.28
juego1	easy	40.0	0.008	225816	700	245	277	32	0	84.18	84.18	84.18
juego1	easy	40.0	0.008	225825	700	245	277	32	0	84.15	84.15	84.15
juego1	easy	40.0	0.008	225834	700	245	278	33	0	84.03	84.03	84.03
juego1	easy	40.0	0.008	225843	700	245	278	33	0	83.75	83.75	83.75
juego1	easy	40.0	0.008	225852	700	246	279	33	0	83.35	83.35	83.35
juego1	easy	40.0	0.008	225861	700	246	281	35	0	82.84	82.84	82.84
juego1	easy	40.0	0.008	225868	700	246	281	35	0	82.56	82.56	82.56
juego1	easy	40.0	0.008	225877	700	246	283	37	0	82.03	82.03	82.03
juego1	easy	40.0	0.008	225885	700	247	284	37	0	81.59	81.59	81.59
juego1	easy	40.0	0.008	225893	700	247	284	37	0	81.4	81.4	81.4
juego1	easy	40.0	0.008	225902	700	247	285	38	0	81.07	81.07	81.07
juego1	easy	40.0	0.008	225911	700	248	286	38	0	80.76	80.76	80.76
juego1	easy	40.0	0.008	225920	700	248	286	38	0	80.61	80.61	80.61
juego1	easy	40.0	0.008	225928	700	248	287	39	0	80.36	80.36	80.36
juego1	easy	40.0	0.008	225937	700	248	288	40	0	80.14	80.14	80.14
juego1	easy	40.0	0.008	225945	700	249	288	39	0	80.02	80.02	80.02
juego1	easy	40.0	0.008	225952	700	249	289	40	0	79.74	79.74	79.74
juego1	easy	40.0	0.008	225960	700	249	289	40	0	79.74	79.74	79.74
juego1	easy	40.0	0.008	225968	700	250	287	37	0	80.32	80.32	80.32
juego1	easy	40.0	0.008	225977	700	250	285	35	0	81.26	81.26	81.26
juego1	easy	40.0	0.008	225986	700	250	282	32	0	82.13	82.13	82.13
juego1	easy	40.0	0.008	225995	700	251	281	30	0	82.57	82.57	82.57
juego1	easy	40.0	0.008	226004	700	251	280	29	0	82.9	82.9	82.9
juego1	easy	40.0	0.008	226013	700	251	280	29	0	83.0	83.0	83.0
juego1	easy	40.0	0.008	226022	700	252	280	28	0	83.18	83.18	83.18
juego1	easy	40.0	0.008	226031	700	252	279	27	0	83.41	83.41	83.41
juego1	easy	40.0	0.008	226040	700	252	279	27	0	83.46	83.46	83.46
juego1	easy	40.0	0.008	226048	700	253	279	26	0	83.4	83.4	83.4
juego1	easy	40.0	0.008	226057	700	253	280	27	0	83.22	83.22	83.22
juego1	easy	40.0	0.008	226066	700	253	280	27	0	83.17	83.17	83.17
juego1	easy	40.0	0.008	226074	700	254	280	26	0	83.13	83.13	83.13
juego1	easy	40.0	0.008	226083	700	254	280	26	0	82.9	82.9	82.9
juego1	easy	40.0	0.008	226092	700	254	282	28	0	82.32	82.32	82.32
juego1	easy	40.0	0.008	226100	700	255	283	28	0	81.92	81.92	81.92
juego1	easy	40.0	0.008	226109	700	255	285	30	0	80.98	80.98	80.98
juego1	easy	40.0	0.008	226118	700	255	288	33	0	79.93	79.93	79.93
juego1	easy	40.0	0.008	226127	700	256	291	35	0	78.82	78.82	78.82
juego1	easy	40.0	0.008	226135	700	256	292	36	0	78.28	78.28	78.28
juego1	easy	40.0	0.008	226143	700	256	295	39	0	77.31	77.31	77.31
juego1	easy	40.0	0.008	226152	700	257	296	39	0	76.77	76.77	76.77
juego1	easy	40.0	0.008	226161	700	257	298	41	0	76.09	76.09	76.09
juego1	easy	40.0	0.008	226170	700	257	300	43	0	75.4	75.4	75.4
juego1	easy	40.0	0.008	226179	700	258	300	42	0	74.94	74.94	74.94
juego1	easy	40.0	0.008	226188	700	258	301	43	0	74.63	74.63	74.63
juego1	easy	40.0	0.008	226197	700	259	301	42	0	74.41	74.41	74.41
juego1	easy	40.0	0.008	226206	700	259	301	42	0	74.28	74.28	74.28
juego1	easy	40.0	0.008	226214	700	259	302	43	0	73.96	73.96	73.96
juego1	easy	40.0	0.008	226224	700	260	303	43	0	73.51	73.51	73.51
juego1	easy	40.0	0.008	226233	700	260	305	45	0	72.98	72.98	72.98
juego1	easy	40.0	0.008	226241	700	260	306	46	0	72.47	72.47	72.47
juego1	easy	40.0	0.008	226249	700	261	307	46	0	72.28	72.28	72.28
juego1	easy	40.0	0.008	226258	700	261	307	46	0	71.96	71.96	71.96
juego1	easy	40.0	0.008	226268	700	262	308	46	0	71.71	71.71	71.71
juego1	easy	40.0	0.008	226278	700	262	308	46	0	71.54	71.54	71.54
juego1	easy	40.0	0.008	226285	700	262	309	47	0	71.47	71.47	71.47
juego1	easy	40.0	0.008	226293	700	263	309	46	0	71.28	71.28	71.28
juego1	easy	40.0	0.008	226303	700	263	309	46	0	71.15	71.15	71.15
juego1	easy	40.0	0.008	226310	700	264	310	46	0	71.11	71.11	71.11
juego1	easy	40.0	0.008	226318	700	264	310	46	0	71.11	71.11	71.11
juego1	easy	40.0	0.008	226328	700	264	310	46	0	71.07	71.07	71.07
juego1	easy	40.0	0.008	226335	700	265	310	45	0	71.07	71.07	71.07
juego1	easy	40.0	0.008	226344	700	265	310	45	0	71.08	71.08	71.08
juego1	easy	40.0	0.008	226352	700	266	310	44	0	71.08	71.08	71.08
juego1	easy	40.0	0.008	226360	700	266	310	44	0	71.09	71.09	71.09
juego1	easy	40.0	0.008	226369	700	266	309	43	0	71.16	71.16	71.16
juego1	easy	40.0	0.008	226377	700	267	309	42	0	71.21	71.21	71.21
juego1	easy	40.0	0.008	226386	700	267	309	42	0	71.27	71.27	71.27
juego1	easy	40.0	0.008	226395	700	268	309	41	0	71.34	71.34	71.34
juego1	easy	40.0	0.008	226402	700	268	309	41	0	71.44	71.44	71.44
juego1	easy	40.0	0.008	226410	700	268	308	40	0	71.53	71.53	71.53
juego1	easy	40.0	0.008	226419	700	269	308	39	0	71.77	71.77	71.77
juego1	easy	40.0	0.008	226428	700	269	307	38	0	72.05	72.05	72.05
juego1	easy	40.0	0.008	226436	700	270	307	37	0	72.14	72.14	72.14
juego1	easy	40.0	0.008	226445	700	270	306	36	0	72.3	72.3	72.3
juego1	easy	40.0	0.008	226453	700	270	306	36	0	72.46	72.46	72.46
juego1	easy	40.0	0.008	226462	700	271	306	35	0	72.53	72.53	72.53
juego1	easy	40.0	0.008	226471	700	271	306	35	0	72.53	72.53	72.53
juego1	easy	40.0	0.008	226480	700	272	306	34	0	72.45	72.45	72.45
juego1	easy	40.0	0.008	226487	700	272	307	35	0	72.27	72.27	72.27
juego1	easy	40.0	0.008	226496	700	273	307	34	0	72.17	72.17	72.17
juego1	easy	40.0	0.008	226505	700	273	308	35	0	71.86	71.86	71.86
juego1	easy	40.0	0.008	226513	700	273	309	36	0	71.47	71.47	71.47
juego1	easy	40.0	0.008	226522	700	274	309	35	0	71.17	71.17	71.17
juego1	easy	40.0	0.008	226531	700	274	310	36	0	71.06	71.06	71.06
juego1	easy	40.0	0.008	226539	700	275	310	35	0	70.84	70.84	70.84
juego1	easy	40.0	0.008	226547	700	275	311	36	0	70.6	70.6	70.6
juego1	easy	40.0	0.008	226555	700	276	311	35	0	70.49	70.49	70.49
juego1	easy	40.0	0.008	226564	700	276	312	36	0	70.33	70.33	70.33
juego1	easy	40.0	0.008	226573	700	276	312	36	0	70.24	70.24	70.24
juego1	easy	40.0	0.008	226581	700	277	312	35	0	70.21	70.21	70.21
juego1	easy	40.0	0.008	226589	700	277	312	35	0	70.2	70.2	70.2
juego1	easy	40.0	0.008	226598	700	278	312	34	0	70.17	70.17	70.17
juego1	easy	40.0	0.008	226607	700	278	312	34	0	70.09	70.09	70.09
juego1	easy	40.0	0.008	226615	700	279	313	34	0	69.91	69.91	69.91
juego1	easy	40.0	0.008	226624	700	279	312	33	0	69.95	69.95	69.95
juego1	easy	40.0	0.008	226633	700	279	311	32	0	70.37	70.37	70.37
juego1	easy	40.0	0.008	226641	700	280	311	31	0	70.63	70.63	70.63
juego1	easy	40.0	0.008	226649	700	280	309	29	0	71.35	71.35	71.35
juego1	easy	40.0	0.008	226657	700	281	308	27	0	71.73	71.73	71.73
juego1	easy	40.0	0.008	226665	700	281	306	25	0	72.47	72.47	72.47
juego1	easy	40.0	0.008	226674	700	282	306	24	0	72.45	72.45	72.45
juego1	easy	40.0	0.008	226682	700	282	306	24	0	72.31	72.31	72.31
juego1	easy	40.0	0.008	226690	700	283	307	24	0	72.11	72.11	72.11
juego1	easy	40.0	0.008	226698	700	283	306	23	0	72.49	72.49	72.49
juego1	easy	40.0	0.008	226706	700	283	305	22	0	72.81	72.81	72.81
juego1	easy	40.0	0.008	226715	700	284	303	19	0	73.59	73.59	73.59
juego1	easy	40.0	0.008	226724	700	284	301	17	0	74.46	74.46	74.46
juego1	easy	40.0	0.008	226732	700	285	300	15	0	74.97	74.97	74.97
juego1	easy	40.0	0.008	226741	700	285	298	13	0	75.88	75.88	75.88
juego1	easy	40.0	0.008	226750	700	286	296	10	0	76.77	76.77	76.77
juego1	easy	40.0	0.008	226758	700	286	295	9	0	77.16	77.16	77.16
juego1	easy	40.0	0.008	226766	700	287	294	7	0	77.72	77.72	77.72
juego1	easy	40.0	0.008	226774	700	287	292	5	0	78.19	78.19	78.19
juego1	easy	40.0	0.008	226783	700	287	291	4	0	78.68	78.68	78.68
juego1	easy	40.0	0.008	226791	700	288	291	3	0	78.93	78.93	78.93
juego1	easy	40.0	0.008	226799	700	288	289	1	0	79.46	79.46	79.46
juego1	easy	40.0	0.008	226808	700	289	288	-1	0	79.97	79.97	79.97
juego1	easy	40.0	0.008	226817	700	289	287	-2	0	80.19	80.19	80.19
juego1	easy	40.0	0.008	226826	700	290	287	-3	0	80.52	80.52	80.52
juego1	easy	40.0	0.008	226834	700	290	286	-4	0	80.67	80.67	80.67
juego1	easy	40.0	0.008	226842	700	291	286	-5	0	80.79	80.79	80.79
juego1	easy	40.0	0.008	226851	700	291	285	-6	0	80.95	80.95	80.95
juego1	easy	40.0	0.008	226858	700	292	285	-7	0	81.07	81.07	81.07
juego1	easy	40.0	0.008	226866	700	292	285	-7	0	81.16	81.16	81.16
juego1	easy	40.0	0.008	226875	700	293	284	-9	0	81.38	81.38	81.38
juego1	easy	40.0	0.008	226883	700	293	284	-9	0	81.5	81.5	81.5
juego1	easy	40.0	0.008	226890	700	294	284	-10	0	81.7	81.7	81.7
juego1	easy	40.0	0.008	226899	700	294	283	-11	0	81.84	81.84	81.84
juego1	easy	40.0	0.008	226908	700	295	283	-12	0	81.94	81.94	81.94
juego1	easy	40.0	0.008	226917	700	295	283	-12	0	81.98	81.98	81.98
juego1	easy	40.0	0.008	226926	700	296	283	-13	0	82.08	82.08	82.08
juego1	easy	40.0	0.008	226935	700	296	282	-14	0	82.24	82.24	82.24
juego1	easy	40.0	0.008	226943	700	297	282	-15	0	82.42	82.42	82.42
juego1	easy	40.0	0.008	226951	700	297	281	-16	0	82.51	82.51	82.51
juego1	easy	40.0	0.008	226960	700	298	281	-17	0	82.69	82.69	82.69
juego1	easy	40.0	0.008	226968	700	298	281	-17	0	82.85	82.85	82.85
juego1	easy	40.0	0.008	226977	700	299	280	-19	0	82.92	82.92	82.92
juego1	easy	40.0	0.008	226984	700	299	280	-19	0	82.92	82.92	82.92
juego1	easy	40.0	0.008	226993	700	300	280	-20	0	83.13	83.13	83.13
juego1	easy	40.0	0.008	227002	700	300	280	-20	0	83.13	83.13	83.13
juego1	easy	40.0	0.008	227010	700	300	279	-21	0	83.37	83.37	83.37
juego1	easy	40.0	0.008	227018	700	300	279	-21	0	83.49	83.49	83.49
juego1	easy	40.0	0.008	227027	700	301	279	-22	0	83.55	83.55	83.55
juego1	easy	40.0	0.008	227034	700	301	279	-22	0	83.66	83.66	83.66
juego1	easy	40.0	0.008	227043	700	302	278	-24	0	83.71	83.71	83.71
juego1	easy	40.0	0.008	227051	700	302	278	-24	0	83.79	83.79	83.79
juego1	easy	40.0	0.008	227059	700	303	278	-25	0	83.83	83.83	83.83
juego1	easy	40.0	0.008	227068	700	303	278	-25	0	83.87	83.87	83.87
juego1	easy	40.0	0.008	227077	700	304	278	-26	0	83.88	83.88	83.88
juego1	easy	40.0	0.008	227085	700	304	278	-26	0	83.83	83.83	83.83
juego1	easy	40.0	0.008	227093	700	305	278	-27	0	83.73	83.73	83.73
juego1	easy	40.0	0.008	227102	700	305	279	-26	0	83.66	83.66	83.66
juego1	easy	40.0	0.008	227110	700	306	279	-27	0	83.47	83.47	83.47
juego1	easy	40.0	0.008	227119	700	306	280	-26	0	83.26	83.26	83.26
juego1	easy	40.0	0.008	227127	700	307	280	-27	0	83.15	83.15	83.15
juego1	easy	40.0	0.008	227136	700	307	280	-27	0	82.93	82.93	82.93
juego1	easy	40.0	0.008	227145	700	308	281	-27	0	82.56	82.56	82.56
juego1	easy	40.0	0.008	227154	700	308	282	-26	0	82.34	82.34	82.34
juego1	easy	40.0	0.008	227162	700	309	282	-27	0	82.28	82.28	82.28
juego1	easy	40.0	0.008	227170	700	309	282	-27	0	82.22	82.22	82.22
juego1	easy	40.0	0.008	227179	700	310	282	-28	0	82.13	82.13	82.13
juego1	easy	40.0	0.008	227187	700	310	283	-27	0	82.07	82.07	82.07
juego1	easy	40.0	0.008	227196	700	311	283	-28	0	82.01	82.01	82.01
juego1	easy	40.0	0.008	227203	700	311	283	-28	0	81.97	81.97	81.97
juego1	easy	40.0	0.008	227212	700	312	283	-29	0	81.84	81.84	81.84
juego1	easy	40.0	0.008	227221	700	312	283	-29	0	81.74	81.74	81.74
juego1	easy	40.0	0.008	227229	700	313	283	-30	0	81.74	81.74	81.74
juego1	easy	40.0	0.008	227238	700	313	283	-30	0	81.74	81.74	81.74
juego1	easy	40.0	0.008	227247	700	314	283	-31	0	81.75	81.75	81.75
juego1	easy	40.0	0.008	227255	700	314	283	-31	0	81.77	81.77	81.77
juego1	easy	40.0	0.008	227264	700	315	283	-32	0	81.79	81.79	81.79
juego1	easy	40.0	0.008	227272	700	315	284	-31	0	81.63	81.63	81.63
juego1	easy	40.0	0.008	227281	700	316	285	-31	0	81.22	81.22	81.22
juego1	easy	40.0	0.008	227290	700	316	285	-31	0	81.0	81.0	81.0
juego1	easy	40.0	0.008	227299	700	317	286	-31	0	80.61	80.61	80.61
juego1	easy	40.0	0.008	227307	700	317	287	-30	0	80.36	80.36	80.36
juego1	easy	40.0	0.008	227314	700	317	287	-30	0	80.25	80.25	80.25
juego1	easy	40.0	0.008	227323	700	318	287	-31	0	80.19	80.19	80.19
juego1	easy	40.0	0.008	227331	700	318	288	-30	0	80.07	80.07	80.07
juego1	easy	40.0	0.008	227340	700	319	288	-31	0	79.95	79.95	79.95
juego1	easy	40.0	0.008	227349	700	319	288	-31	0	79.8	79.8	79.8
juego1	easy	40.0	0.008	227358	700	320	289	-31	0	79.74	79.74	79.74
juego1	easy	40.0	0.008	227367	700	320	289	-31	0	79.7	79.7	79.7
juego1	easy	40.0	0.008	227376	700	321	289	-32	0	79.69	79.69	79.69
juego1	easy	40.0	0.008	227385	700	321	289	-32	0	79.66	79.66	79.66
juego1	easy	40.0	0.008	227392	700	322	289	-33	0	79.64	79.64	79.64
juego1	easy	40.0	0.008	227400	700	322	289	-33	0	79.54	79.54	79.54
juego1	easy	40.0	0.008	227408	700	322	289	-33	0	79.45	79.45	79.45
juego1	easy	40.0	0.008	227417	700	323	290	-33	0	79.35	79.35	79.35
juego1	easy	40.0	0.008	227425	700	323	290	-33	0	79.19	79.19	79.19
juego1	easy	40.0	0.008	227434	700	324	290	-34	0	79.13	79.13	79.13
juego1	easy	40.0	0.008	227443	700	324	290	-34	0	79.1	79.1	79.1
juego1	easy	40.0	0.008	227450	700	325	291	-34	0	78.97	78.97	78.97
juego1	easy	40.0	0.008	227458	700	325	291	-34	0	78.86	78.86	78.86
juego1	easy	40.0	0.008	227466	700	325	291	-34	0	78.65	78.65	78.65
juego1	easy	40.0	0.008	227475	700	326	292	-34	0	78.5	78.5	78.5
juego1	easy	40.0	0.008	227483	700	326	292	-34	0	78.43	78.43	78.43
juego1	easy	40.0	0.008	227491	700	327	292	-35	0	78.25	78.25	78.25
juego1	easy	40.0	0.008	227500	700	327	293	-34	0	78.1	78.1	78.1
juego1	easy	40.0	0.008	227508	700	327	293	-34	0	77.97	77.97	77.97
juego1	easy	40.0	0.008	227516	700	328	294	-34	0	77.75	77.75	77.75
juego1	easy	40.0	0.008	227525	700	328	294	-34	0	77.47	77.47	77.47
juego1	easy	40.0	0.008	227534	700	329	294	-35	0	77.42	77.42	77.42
juego1	easy	40.0	0.008	227542	700	329	295	-34	0	77.33	77.33	77.33
juego1	easy	40.0	0.008	227551	700	330	295	-35	0	77.25	77.25	77.25
juego1	easy	40.0	0.008	227558	700	330	295	-35	0	77.21	77.21	77.21
juego1	easy	40.0	0.008	227566	700	330	295	-35	0	77.15	77.15	77.15
juego1	easy	40.0	0.008	227575	700	331	295	-36	0	77.1	77.1	77.1
juego1	easy	40.0	0.008	227582	700	331	295	-36	0	77.08	77.08	77.08
juego1	easy	40.0	0.008	227591	700	331	296	-35	0	77.0	77.0	77.0
juego1	easy	40.0	0.008	227599	700	332	296	-36	0	76.94	76.94	76.94
juego1	easy	40.0	0.008	227608	700	332	296	-36	0	76.77	76.77	76.77
juego1	easy	40.0	0.008	227616	700	333	296	-37	0	76.62	76.62	76.62
juego1	easy	40.0	0.008	227625	700	333	297	-36	0	76.51	76.51	76.51
juego1	easy	40.0	0.008	227634	700	333	297	-36	0	76.49	76.49	76.49
juego1	easy	40.0	0.008	227641	700	334	297	-37	0	76.39	76.39	76.39
juego1	easy	40.0	0.008	227650	700	334	297	-37	0	76.29	76.29	76.29
juego1	easy	40.0	0.008	227658	700	334	298	-36	0	76.17	76.17	76.17
juego1	easy	40.0	0.008	227666	700	335	298	-37	0	76.2	76.2	76.2
juego1	easy	40.0	0.008	227674	700	335	297	-38	0	76.23	76.23	76.23
juego1	easy	40.0	0.008	227683	700	336	297	-39	0	76.24	76.24	76.24
juego1	easy	40.0	0.008	227690	700	336	298	-38	0	76.21	76.21	76.21
juego1	easy	40.0	0.008	227699	700	336	298	-38	0	76.19	76.19	76.19
juego1	easy	40.0	0.008	227707	700	337	298	-39	0	76.14	76.14	76.14
juego1	easy	40.0	0.008	227715	700	337	298	-39	0	76.14	76.14	76.14
juego1	easy	40.0	0.008	227723	700	337	298	-39	0	76.13	76.13	76.13
juego1	easy	40.0	0.008	227732	700	338	298	-40	0	76.01	76.01	76.01
juego1	easy	40.0	0.008	227741	700	338	298	-40	0	75.87	75.87	75.87
juego1	easy	40.0	0.008	227748	700	338	298	-40	0	75.85	75.85	75.85
juego1	easy	40.0	0.008	227757	700	339	299	-40	0	75.73	75.73	75.73
juego1	easy	40.0	0.008	227765	700	339	299	-40	0	75.65	75.65	75.65
juego1	easy	40.0	0.008	227773	700	339	299	-40	0	75.63	75.63	75.63
juego1	easy	40.0	0.008	227782	700	340	299	-41	0	75.68	75.68	75.68
juego1	easy	40.0	0.008	227789	700	340	299	-41	0	75.6	75.6	75.6
juego1	easy	40.0	0.008	227797	700	340	299	-41	0	75.48	75.48	75.48
juego1	easy	40.0	0.008	227806	700	340	300	-40	0	75.42	75.42	75.42
juego1	easy	40.0	0.008	227816	700	341	300	-41	0	75.31	75.31	75.31
juego1	easy	40.0	0.008	227824	700	341	300	-41	0	75.27	75.27	75.27
juego1	easy	40.0	0.008	227833	700	341	300	-41	0	75.19	75.19	75.19
juego1	easy	40.0	0.008	227841	700	342	300	-42	0	75.12	75.12	75.12
juego1	easy	40.0	0.008	227849	700	342	300	-42	0	75.15	75.15	75.15
juego1	easy	40.0	0.008	227858	700	342	300	-42	0	75.29	75.29	75.29
juego1	easy	40.0	0.008	227867	700	342	300	-42	0	75.29	75.29	75.29
juego1	easy	40.0	0.008	227874	700	343	300	-43	0	75.29	75.29	75.29
juego1	easy	40.0	0.008	227883	700	343	300	-43	0	75.02	75.02	75.02
juego1	easy	40.0	0.008	227892	700	343	301	-42	0	74.49	74.49	74.49
juego1	easy	40.0	0.008	227899	700	344	301	-43	0	74.33	74.33	74.33
juego1	easy	40.0	0.008	227907	700	344	302	-42	0	74.25	74.25	74.25
juego1	easy	40.0	0.008	227916	700	344	301	-43	0	74.26	74.26	74.26
juego1	easy	40.0	0.008	227925	700	344	302	-42	0	74.22	74.22	74.22
juego1	easy	40.0	0.008	227934	700	345	302	-43	0	74.03	74.03	74.03
juego1	easy	40.0	0.008	227943	700	345	302	-43	0	73.98	73.98	73.98
juego1	easy	40.0	0.008	227952	700	345	302	-43	0	74.11	74.11	74.11
juego1	easy	40.0	0.008	227961	700	345	302	-43	0	74.11	74.11	74.11
juego1	easy	40.0	0.008	227970	700	346	302	-44	0	74.08	74.08	74.08
juego1	easy	40.0	0.008	227978	700	346	302	-44	0	74.01	74.01	74.01
juego1	easy	40.0	0.008	227987	700	346	302	-44	0	73.94	73.94	73.94
juego1	easy	40.0	0.008	227996	700	346	302	-44	0	73.88	73.88	73.88
juego1	easy	40.0	0.008	228005	700	347	303	-44	0	73.86	73.86	73.86
juego1	easy	40.0	0.008	228012	700	347	303	-44	0	73.84	73.84	73.84
juego1	easy	40.0	0.008	228021	700	347	303	-44	0	73.84	73.84	73.84
juego1	easy	40.0	0.008	228030	700	347	302	-45	0	73.94	73.94	73.94
juego1	easy	40.0	0.008	228039	700	347	302	-45	0	73.93	73.93	73.93
juego1	easy	40.0	0.008	228047	700	348	303	-45	0	73.77	73.77	73.77
juego1	easy	40.0	0.008	228056	700	348	303	-45	0	73.79	73.79	73.79
juego1	easy	40.0	0.008	228065	700	348	303	-45	0	73.86	73.86	73.86
juego1	easy	40.0	0.008	228073	700	348	302	-46	0	73.95	73.95	73.95
juego1	easy	40.0	0.008	228082	700	348	303	-45	0	73.63	73.63	73.63
juego1	easy	40.0	0.008	228090	700	349	304	-45	0	73.45	73.45	73.45
juego1	easy	40.0	0.008	228099	700	349	304	-45	0	73.22	73.22	73.22
juego1	easy	40.0	0.008	228107	700	349	304	-45	0	73.16	73.16	73.16
juego1	easy	40.0	0.008	228116	700	349	304	-45	0	73.12	73.12	73.12
juego1	easy	40.0	0.008	228124	700	349	305	-44	0	73.05	73.05	73.05
juego1	easy	40.0	0.008	228133	700	349	305	-44	0	72.92	72.92	72.92
juego1	easy	40.0	0.008	228141	700	350	305	-45	0	72.9	72.9	72.9
juego1	easy	40.0	0.008	228150	700	350	305	-45	0	72.9	72.9	72.9
juego1	easy	40.0	0.008	228159	700	350	305	-45	0	72.86	72.86	72.86
juego1	easy	40.0	0.008	228166	700	350	305	-45	0	72.87	72.87	72.87
juego1	easy	40.0	0.008	228174	700	350	305	-45	0	72.86	72.86	72.86
juego1	easy	40.0	0.008	228183	700	350	305	-45	0	72.83	72.83	72.83
juego1	easy	40.0	0.008	228192	700	351	305	-46	0	72.78	72.78	72.78
juego1	easy	40.0	0.008	228201	700	351	305	-46	0	72.75	72.75	72.75
juego1	easy	40.0	0.008	228210	700	351	305	-46	0	72.69	72.69	72.69
juego1	easy	40.0	0.008	228217	700	351	306	-45	0	72.64	72.64	72.64
juego1	easy	40.0	0.008	228226	700	351	306	-45	0	72.61	72.61	72.61
juego1	easy	40.0	0.008	228233	700	351	306	-45	0	72.51	72.51	72.51
juego1	easy	40.0	0.008	228242	700	351	306	-45	0	72.34	72.34	72.34
juego1	easy	40.0	0.008	228250	700	351	307	-44	0	72.22	72.22	72.22
juego1	easy	40.0	0.008	228259	700	352	307	-45	0	72.07	72.07	72.07
juego1	easy	40.0	0.008	228268	700	352	307	-45	0	72.06	72.06	72.06
juego1	easy	40.0	0.008	228277	700	352	307	-45	0	72.03	72.03	72.03
juego1	easy	40.0	0.008	228285	700	352	307	-45	0	71.98	71.98	71.98
juego1	easy	40.0	0.008	228293	700	352	307	-45	0	71.92	71.92	71.92
juego1	easy	40.0	0.008	228301	700	352	308	-44	0	71.89	71.89	71.89
juego1	easy	40.0	0.008	228309	700	352	308	-44	0	71.7	71.7	71.7
juego1	easy	40.0	0.008	228318	700	352	309	-43	0	71.43	71.43	71.43
juego1	easy	40.0	0.008	228327	700	352	309	-43	0	71.17	71.17	71.17
juego1	easy	40.0	0.008	228335	700	352	310	-42	0	71.04	71.04	71.04
juego1	easy	40.0	0.008	228343	700	352	310	-42	0	70.82	70.82	70.82
juego1	easy	40.0	0.008	228353	700	352	311	-41	0	70.71	70.71	70.71
juego1	easy	40.0	0.008	228360	700	352	311	-41	0	70.66	70.66	70.66
juego1	easy	40.0	0.008	228368	700	353	311	-42	0	70.48	70.48	70.48
juego1	easy	40.0	0.008	228378	700	353	312	-41	0	70.24	70.24	70.24
juego1	easy	40.0	0.008	228384	700	353	312	-41	0	70.11	70.11	70.11
juego1	easy	40.0	0.008	228393	700	353	313	-40	0	69.87	69.87	69.87
juego1	easy	40.0	0.008	228403	700	353	313	-40	0	69.62	69.62	69.62
juego1	easy	40.0	0.008	228410	700	353	314	-39	0	69.51	69.51	69.51
juego1	easy	40.0	0.008	228418	700	353	314	-39	0	69.42	69.42	69.42
juego1	easy	40.0	0.008	228427	700	353	314	-39	0	69.38	69.38	69.38
juego1	easy	40.0	0.008	228436	700	353	314	-39	0	69.27	69.27	69.27
juego1	easy	40.0	0.008	228443	700	353	315	-38	0	69.07	69.07	69.07
juego1	easy	40.0	0.008	228452	700	353	315	-38	0	68.81	68.81	68.81
juego1	easy	40.0	0.008	228461	700	353	316	-37	0	68.48	68.48	68.48
juego1	easy	40.0	0.008	228470	700	353	317	-36	0	68.23	68.23	68.23
juego1	easy	40.0	0.008	228479	700	353	317	-36	0	68.01	68.01	68.01
juego1	easy	40.0	0.008	228488	700	353	318	-35	0	67.8	67.8	67.8
juego1	easy	40.0	0.008	228495	700	353	318	-35	0	67.72	67.72	67.72
juego1	easy	40.0	0.008	228503	700	353	318	-35	0	67.62	67.62	67.62
juego1	easy	40.0	0.008	228512	700	353	319	-34	0	67.53	67.53	67.53
juego1	easy	40.0	0.008	228520	700	353	319	-34	0	67.36	67.36	67.36
juego1	easy	40.0	0.008	228529	700	353	319	-34	0	67.2	67.2	67.2
juego1	easy	40.0	0.008	228538	700	353	320	-33	0	67.05	67.05	67.05
juego1	easy	40.0	0.008	228548	700	353	320	-33	0	66.81	66.81	66.81
juego1	easy	40.0	0.008	228556	700	353	321	-32	0	66.73	66.73	66.73
juego1	easy	40.0	0.008	228565	700	353	321	-32	0	66.53	66.53	66.53
juego1	easy	40.0	0.008	228574	700	353	322	-31	0	66.33	66.33	66.33
juego1	easy	40.0	0.008	228583	700	353	322	-31	0	66.13	66.13	66.13
juego1	easy	40.0	0.008	228592	700	353	323	-30	0	65.97	65.97	65.97
juego1	easy	40.0	0.008	228599	700	352	323	-29	0	65.87	65.87	65.87
juego1	easy	40.0	0.008	228608	700	352	323	-29	0	65.65	65.65	65.65
juego1	easy	40.0	0.008	228617	700	352	324	-28	0	65.44	65.44	65.44
juego1	easy	40.0	0.008	228626	700	352	324	-28	0	65.27	65.27	65.27
juego1	easy	40.0	0.008	228634	700	352	326	-26	0	64.76	64.76	64.76
juego1	easy	40.0	0.008	228643	700	352	328	-24	0	64.05	64.05	64.05
juego1	easy	40.0	0.008	228652	700	352	329	-23	0	63.4	63.4	63.4
juego1	easy	40.0	0.008	228661	700	352	330	-22	0	63.16	63.16	63.16
juego1	easy	40.0	0.008	228670	700	352	331	-21	0	62.82	62.82	62.82
juego1	easy	40.0	0.008	228679	700	352	331	-21	0	62.63	62.63	62.63
juego1	easy	40.0	0.008	228688	700	352	332	-20	0	62.4	62.4	62.4
juego1	easy	40.0	0.008	228696	700	352	332	-20	0	62.26	62.26	62.26
juego1	easy	40.0	0.008	228704	700	352	333	-19	0	61.89	61.89	61.89
juego1	easy	40.0	0.008	228712	700	351	334	-17	0	61.45	61.45	61.45
juego1	easy	40.0	0.008	228720	700	351	335	-16	0	61.22	61.22	61.22
juego1	easy	40.0	0.008	228729	700	351	336	-15	0	60.84	60.84	60.84
juego1	easy	40.0	0.008	228738	700	351	336	-15	0	60.53	60.53	60.53
juego1	easy	40.0	0.008	228745	700	351	337	-14	0	60.42	60.42	60.42
juego1	easy	40.0	0.008	228754	700	351	337	-14	0	60.24	60.24	60.24
juego1	easy	40.0	0.008	228764	700	351	338	-13	0	60.01	60.01	60.01
juego1	easy	40.0	0.008	228771	700	351	338	-13	0	59.87	59.87	59.87
juego1	easy	40.0	0.008	228780	700	350	339	-11	0	59.52	59.52	59.52
juego1	easy	40.0	0.008	228788	700	350	340	-10	0	59.3	59.3	59.3
juego1	easy	40.0	0.008	228796	700	350	341	-9	0	58.78	58.78	58.78
juego1	easy	40.0	0.008	228805	700	350	342	-8	0	58.47	58.47	58.47
juego1	easy	40.0	0.008	228814	700	350	343	-7	0	58.11	58.11	58.11
juego1	easy	40.0	0.008	228822	700	350	344	-6	0	57.66	57.66	57.66
juego1	easy	40.0	0.008	228831	700	349	345	-4	0	57.26	57.26	57.26
juego1	easy	40.0	0.008	228840	700	349	346	-3	0	56.8	56.8	56.8
juego1	easy	40.0	0.008	228849	700	349	347	-2	0	56.32	56.32	56.32
juego1	easy	40.0	0.008	228857	700	349	348	-1	0	56.07	56.07	56.07
juego1	easy	40.0	0.008	228866	700	349	349	0	0	55.68	55.68	55.68
juego1	easy	40.0	0.008	228875	700	349	349	0	0	55.43	55.43	55.43
juego1	easy	40.0	0.008	228884	700	348	350	2	0	55.33	55.33	55.33
juego1	easy	40.0	0.008	228892	700	348	350	2	0	55.26	55.26	55.26
juego1	easy	40.0	0.008	228901	700	348	350	2	0	55.13	55.13	55.13
juego1	easy	40.0	0.008	228910	700	348	351	3	0	54.96	54.96	54.96
juego1	easy	40.0	0.008	228918	700	348	351	3	0	54.66	54.66	54.66
juego1	easy	40.0	0.008	228927	700	347	352	5	0	54.49	54.49	54.49
juego1	easy	40.0	0.008	228936	700	347	353	6	0	54.21	54.21	54.21
juego1	easy	40.0	0.008	228945	700	347	353	6	0	54.02	54.02	54.02
juego1	easy	40.0	0.008	228953	700	347	353	6	0	53.98	53.98	53.98
juego1	easy	40.0	0.008	228961	700	347	353	6	0	53.96	53.96	53.96
juego1	easy	40.0	0.008	228970	700	346	353	7	0	53.97	53.97	53.97
juego1	easy	40.0	0.008	228979	700	346	353	7	0	53.96	53.96	53.96
juego1	easy	40.0	0.008	228988	700	346	353	7	0	53.89	53.89	53.89
juego1	easy	40.0	0.008	228997	700	346	354	8	0	53.84	53.84	53.84
juego1	easy	40.0	0.008	229006	700	345	354	9	0	53.77	53.77	53.77
juego1	easy	40.0	0.008	229014	700	345	354	9	0	53.68	53.68	53.68
juego1	easy	40.0	0.008	229023	700	345	354	9	0	53.62	53.62	53.62
juego1	easy	40.0	0.008	229032	700	345	354	9	0	53.61	53.61	53.61
juego1	easy	40.0	0.008	229041	700	344	354	10	0	53.56	53.56	53.56
juego1	easy	40.0	0.008	229050	700	344	355	11	0	53.44	53.44	53.44
juego1	easy	40.0	0.008	229058	700	344	355	11	0	53.37	53.37	53.37
juego1	easy	40.0	0.008	229066	700	344	355	11	0	53.21	53.21	53.21
juego1	easy	40.0	0.008	229074	700	343	355	12	0	53.06	53.06	53.06
juego1	easy	40.0	0.008	229082	700	343	356	13	0	53.04	53.04	53.04
juego1	easy	40.0	0.008	229091	700	343	356	13	0	52.97	52.97	52.97
juego1	easy	40.0	0.008	229099	700	343	356	13	0	52.85	52.85	52.85
juego1	easy	40.0	0.008	229107	700	342	356	14	0	52.77	52.77	52.77
juego1	easy	40.0	0.008	229116	700	342	357	15	0	52.49	52.49	52.49
juego1	easy	40.0	0.008	229123	700	342	358	16	0	52.08	52.08	52.08
juego1	easy	40.0	0.008	229132	700	341	358	17	0	51.88	51.88	51.88
juego1	easy	40.0	0.008	229141	700	341	359	18	0	51.55	51.55	51.55
juego1	easy	40.0	0.008	229150	700	341	360	19	0	51.32	51.32	51.32
juego1	easy	40.0	0.008	229158	700	340	360	20	0	51.1	51.1	51.1
juego1	easy	40.0	0.008	229167	700	340	361	21	0	51.0	51.0	51.0
juego1	easy	40.0	0.008	229174	700	340	361	21	0	50.76	50.76	50.76
juego1	easy	40.0	0.008	229183	700	340	362	22	0	50.63	50.63	50.63
juego1	easy	40.0	0.008	229190	700	339	362	23	0	50.32	50.32	50.32
juego1	easy	40.0	0.008	229199	700	339	363	24	0	50.02	50.02	50.02
juego1	easy	40.0	0.008	229208	700	339	364	25	0	49.88	49.88	49.88
juego1	easy	40.0	0.008	229217	700	338	364	26	0	49.61	49.61	49.61
juego1	easy	40.0	0.008	229225	700	338	365	27	0	49.44	49.44	49.44
juego1	easy	40.0	0.008	229234	700	338	365	27	0	49.36	49.36	49.36
juego1	easy	40.0	0.008	229241	700	337	365	28	0	49.18	49.18	49.18
juego1	easy	40.0	0.008	229250	700	337	366	29	0	48.94	48.94	48.94
juego1	easy	40.0	0.008	229257	700	337	366	29	0	48.82	48.82	48.82
juego1	easy	40.0	0.008	229266	700	336	367	31	0	48.57	48.57	48.57
juego1	easy	40.0	0.008	229274	700	336	367	31	0	48.37	48.37	48.37
juego1	easy	40.0	0.008	229282	700	336	368	32	0	48.29	48.29	48.29
juego1	easy	40.0	0.008	229291	700	335	368	33	0	48.15	48.15	48.15
juego1	easy	40.0	0.008	229300	700	335	368	33	0	48.0	48.0	48.0
juego1	easy	40.0	0.008	229308	700	334	369	35	0	47.92	47.92	47.92
juego1	easy	40.0	0.008	229317	700	334	369	35	0	47.76	47.76	47.76
juego1	easy	40.0	0.008	229326	700	334	369	35	0	47.58	47.58	47.58
juego1	easy	40.0	0.008	229335	700	333	370	37	0	47.46	47.46	47.46
juego1	easy	40.0	0.008	229343	700	333	370	37	0	47.41	47.41	47.41
juego1	easy	40.0	0.008	229352	700	333	370	37	0	47.27	47.27	47.27
juego1	easy	40.0	0.008	229361	700	332	371	39	0	47.09	47.09	47.09
juego1	easy	40.0	0.008	229369	700	332	371	39	0	46.84	46.84	46.84
juego1	easy	40.0	0.008	229378	700	332	372	40	0	46.73	46.73	46.73
juego1	easy	40.0	0.008	229387	700	331	372	41	0	46.54	46.54	46.54
juego1	easy	40.0	0.008	229395	700	331	373	42	0	46.37	46.37	46.37
juego1	easy	40.0	0.008	229403	700	330	373	43	0	46.32	46.32	46.32
juego1	easy	40.0	0.008	229412	700	330	373	43	0	46.22	46.22	46.22
juego1	easy	40.0	0.008	229421	700	330	373	43	0	46.13	46.13	46.13
juego1	easy	40.0	0.008	229430	700	329	374	45	0	45.99	45.99	45.99
juego1	easy	40.0	0.008	229437	700	329	374	45	0	45.91	45.91	45.91
juego1	easy	40.0	0.008	229446	700	328	374	46	0	45.69	45.69	45.69
juego1	easy	40.0	0.008	229453	700	328	374	46	0	45.62	45.62	45.62
juego1	easy	40.0	0.008	229462	700	328	375	47	0	45.56	45.56	45.56
juego1	easy	40.0	0.008	229470	700	327	375	48	0	45.52	45.52	45.52
juego1	easy	40.0	0.008	229479	700	327	375	48	0	45.44	45.44	45.44
juego1	easy	40.0	0.008	229487	700	326	375	49	0	45.34	45.34	45.34
juego1	easy	40.0	0.008	229495	700	326	376	50	0	45.07	45.07	45.07
juego1	easy	40.0	0.008	229504	700	325	376	51	0	44.87	44.87	44.87
juego1	easy	40.0	0.008	229513	700	325	378	53	0	44.4	44.4	44.4
juego1	easy	40.0	0.008	229521	700	325	379	54	0	43.93	43.93	43.93
juego1	easy	40.0	0.008	229530	700	324	380	56	0	43.54	43.54	43.54
juego1	easy	40.0	0.008	229538	700	324	380	56	0	43.38	43.38	43.38
juego1	easy	40.0	0.008	229546	700	323	381	58	0	43.2	43.2	43.2
juego1	easy	40.0	0.008	229555	700	323	381	58	0	43.15	43.15	43.15
juego1	easy	40.0	0.008	229563	700	322	381	59	0	43.15	43.15	43.15
juego1	easy	40.0	0.008	229572	700	322	381	59	0	43.14	43.14	43.14
juego1	easy	40.0	0.008	229581	700	322	381	59	0	43.11	43.11	43.11
juego1	easy	40.0	0.008	229590	700	321	381	60	0	42.93	42.93	42.93
juego1	easy	40.0	0.008	229598	700	321	382	61	0	42.8	42.8	42.8
juego1	easy	40.0	0.008	229607	700	320	382	62	0	42.49	42.49	42.49
juego1	easy	40.0	0.008	229616	700	320	384	64	0	42.01	42.01	42.01
juego1	easy	40.0	0.008	229624	700	319	384	65	0	41.71	41.71	41.71
juego1	easy	40.0	0.008	229632	700	319	386	67	0	41.19	41.19	41.19
juego1	easy	40.0	0.008	229641	700	318	387	69	0	40.8	40.8	40.8
juego1	easy	40.0	0.008	229649	700	318	387	69	0	40.7	40.7	40.7
juego1	easy	40.0	0.008	229658	700	318	387	69	0	40.7	40.7	40.7
juego1	easy	40.0	0.008	229666	700	317	387	70	0	40.73	40.73	40.73
juego1	easy	40.0	0.008	229675	700	317	387	70	0	40.59	40.59	40.59
juego1	easy	40.0	0.008	229684	700	316	388	72	0	40.41	40.41	40.41
juego1	easy	40.0	0.008	229691	700	316	387	71	0	40.52	40.52	40.52
juego1	easy	40.0	0.008	229699	700	315	387	72	0	40.52	40.52	40.52
juego1	easy	40.0	0.008	229707	700	315	388	73	0	40.46	40.46	40.46
juego1	easy	40.0	0.008	229715	700	314	388	74	0	40.3	40.3	40.3
juego1	easy	40.0	0.008	229725	700	314	389	75	0	40.06	40.06	40.06
juego1	easy	40.0	0.008	229733	700	313	389	76	0	39.8	39.8	39.8
juego1	easy	40.0	0.008	229742	700	313	391	78	0	39.31	39.31	39.31
juego1	easy	40.0	0.008	229751	700	312	391	79	0	39.14	39.14	39.14
juego1	easy	40.0	0.008	229759	700	312	392	80	0	38.88	38.88	38.88
juego1	easy	40.0	0.008	229769	700	311	393	82	0	38.51	38.51	38.51
juego1	easy	40.0	0.008	229777	700	311	394	83	0	37.97	37.97	37.97
juego1	easy	40.0	0.008	229786	700	310	395	85	0	37.39	37.39	37.39
juego1	easy	40.0	0.008	229794	700	310	396	86	0	37.11	37.11	37.11
juego1	easy	40.0	0.008	229802	700	309	397	88	0	36.64	36.64	36.64
juego1	easy	40.0	0.008	229811	700	309	399	90	0	36.08	36.08	36.08
juego1	easy	40.0	0.008	229819	700	308	400	92	0	35.71	35.71	35.71
juego1	easy	40.0	0.008	229828	700	308	402	94	0	34.93	34.93	34.93
juego1	easy	40.0	0.008	229837	700	307	403	96	0	34.32	34.32	34.32
juego1	easy	40.0	0.008	229846	700	307	405	98	0	33.78	33.78	33.78
juego1	easy	40.0	0.008	229855	700	306	405	99	0	33.5	33.5	33.5
juego1	easy	40.0	0.008	229862	700	306	407	101	0	33.01	33.01	33.01
juego1	easy	40.0	0.008	229871	700	306	408	102	0	32.5	32.5	32.5
juego1	easy	40.0	0.008	229880	700	305	409	104	0	32.02	32.02	32.02
juego1	easy	40.0	0.008	229889	700	305	410	105	0	31.78	31.78	31.78
juego1	easy	40.0	0.008	229897	700	304	411	107	0	31.44	31.44	31.44
juego1	easy	40.0	0.008	229906	700	304	411	107	0	31.17	31.17	31.17
juego1	easy	40.0	0.008	229914	700	303	412	109	0	31.04	31.04	31.04
juego1	easy	40.0	0.008	229923	700	303	412	109	0	30.91	30.91	30.91
juego1	easy	40.0	0.008	229931	700	302	412	110	0	30.91	30.91	30.91
juego1	easy	40.0	0.008	229938	700	301	412	111	0	30.89	30.89	30.89
juego1	easy	40.0	0.008	229947	700	301	412	111	0	30.88	30.88	30.88
juego1	easy	40.0	0.008	229956	700	300	412	112	0	30.92	30.92	30.92
juego1	easy	40.0	0.008	229964	700	300	412	112	0	30.92	30.92	30.92
juego1	easy	40.0	0.008	229973	700	300	412	112	0	30.9	30.9	30.9
juego1	easy	40.0	0.008	229982	700	300	412	112	0	30.91	30.91	30.91
juego1	easy	40.0	0.008	229991	700	299	412	113	0	30.89	30.89	30.89
juego1	easy	40.0	0.008	230000	700	299	412	113	0	30.87	30.87	30.87
juego1	easy	40.0	0.008	230009	700	298	412	114	0	30.86	30.86	30.86
juego1	easy	40.0	0.008	230018	700	298	412	114	0	30.86	30.86	30.86
juego1	easy	40.0	0.008	230026	700	297	412	115	0	30.88	30.88	30.88
juego1	easy	40.0	0.008	230036	700	297	412	115	0	30.89	30.89	30.89
juego1	easy	40.0	0.008	230044	700	296	412	116	0	30.89	30.89	30.89
juego1	easy	40.0	0.008	230052	700	296	412	116	0	30.89	30.89	30.89
juego1	easy	40.0	0.008	230061	700	295	412	117	0	30.89	30.89	30.89
juego1	easy	40.0	0.008	230070	700	295	412	117	0	30.88	30.88	30.88
juego1	easy	40.0	0.008	230079	700	294	412	118	0	30.87	30.87	30.87
juego1	easy	40.0	0.008	230086	700	294	412	118	0	30.87	30.87	30.87
juego1	easy	40.0	0.008	230094	700	293	412	119	0	30.88	30.88	30.88
juego1	easy	40.0	0.008	230103	700	293	412	119	0	30.88	30.88	30.88
juego1	easy	40.0	0.008	230112	700	292	412	120	0	30.89	30.89	30.89
juego1	easy	40.0	0.008	230121	700	292	412	120	0	30.89	30.89	30.89
juego1	easy	40.0	0.008	230130	700	291	412	121	0	30.89	30.89	30.89
juego1	easy	40.0	0.008	230139	700	291	412	121	0	30.89	30.89	30.89
juego1	easy	40.0	0.008	230147	700	290	412	122	0	30.89	30.89	30.89
juego1	easy	40.0	0.008	230156	700	290	412	122	1	30.88	30.88	30.88
juego1	easy	40.0	0.008	230166	700	289	412	123	1	30.88	30.88	30.88
juego1	easy	40.0	0.008	230174	700	289	412	123	1	30.89	30.89	30.89
juego1	easy	40.0	0.008	230182	700	289	412	123	1	30.89	30.89	30.89
juego1	easy	40.0	0.008	230191	700	288	412	124	1	30.89	30.89	30.89
juego1	easy	40.0	0.008	230200	700	288	412	124	1	30.89	30.89	30.89
juego1	easy	40.0	0.008	230209	700	287	412	125	1	30.9	30.9	30.9
juego1	easy	40.0	0.008	230218	700	287	412	125	1	30.89	30.89	30.89
juego1	easy	40.0	0.008	230227	700	286	412	126	1	30.89	30.89	30.89
juego1	easy	40.0	0.008	230236	700	286	412	126	1	30.89	30.89	30.89
juego1	easy	40.0	0.008	230246	700	286	412	126	1	30.89	30.89	30.89
juego1	easy	40.0	0.008	230254	700	285	412	127	1	30.89	30.89	30.89
juego1	easy	40.0	0.008	230263	700	285	412	127	1	30.89	30.89	30.89
juego1	easy	40.0	0.008	230272	700	284	412	128	1	30.89	30.89	30.89
juego1	easy	40.0	0.008	230281	700	284	412	128	1	30.89	30.89	30.89
juego1	easy	40.0	0.008	230290	700	283	412	129	1	30.89	30.89	30.89
juego1	easy	40.0	0.008	230299	700	283	412	129	1	30.89	30.89	30.89
juego1	easy	40.0	0.008	230308	700	282	412	130	1	30.89	30.89	30.89
juego1	easy	40.0	0.008	230315	700	282	412	130	1	30.89	30.89	30.89
juego1	easy	40.0	0.008	230323	700	282	412	130	1	30.89	30.89	30.89
juego1	easy	40.0	0.008	230332	700	281	412	131	1	30.89	30.89	30.89
juego1	easy	40.0	0.008	230341	700	281	412	131	1	30.89	30.89	30.89
juego1	easy	40.0	0.008	230350	700	280	412	132	1	30.89	30.89	30.89
juego1	easy	40.0	0.008	230359	700	280	412	132	1	30.89	30.89	30.89
juego1	easy	40.0	0.008	230367	700	279	412	133	1	30.89	30.89	30.89
juego1	easy	40.0	0.008	230376	700	279	412	133	1	30.89	30.89	30.89
juego1	easy	40.0	0.008	230385	700	278	412	134	1	30.89	30.89	30.89
juego1	easy	40.0	0.008	230394	700	278	412	134	1	30.89	30.89	30.89
juego1	easy	40.0	0.008	230403	700	278	412	134	1	30.89	30.89	30.89
juego1	easy	40.0	0.008	230411	700	277	412	135	1	30.89	30.89	30.89
juego1	easy	40.0	0.008	230420	700	277	412	135	1	30.89	30.89	30.89
juego1	easy	40.0	0.008	230428	700	276	412	136	1	30.88	30.88	30.88
juego1	easy	40.0	0.008	230437	700	276	412	136	1	30.89	30.89	30.89
juego1	easy	40.0	0.008	230446	700	275	412	137	1	30.89	30.89	30.89
juego1	easy	40.0	0.008	230455	700	275	412	137	1	30.89	30.89	30.89
juego1	easy	40.0	0.008	230464	700	275	412	137	1	30.89	30.89	30.89
juego1	easy	40.0	0.008	230473	700	274	412	138	1	30.89	30.89	30.89
juego1	easy	40.0	0.008	230482	700	274	412	138	1	30.89	30.89	30.89
juego1	easy	40.0	0.008	230490	700	273	412	139	1	30.88	30.88	30.88
juego1	easy	40.0	0.008	230499	700	273	412	139	1	30.88	30.88	30.88
juego1	easy	40.0	0.008	230508	700	272	412	140	1	30.88	30.88	30.88
juego1	easy	40.0	0.008	230517	700	272	412	140	1	30.89	30.89	30.89
juego1	easy	40.0	0.008	230526	700	272	412	140	1	30.89	30.89	30.89
juego1	easy	40.0	0.008	230534	700	271	412	141	1	30.89	30.89	30.89
juego1	easy	40.0	0.008	230543	700	271	412	141	1	30.88	30.88	30.88
juego1	easy	40.0	0.008	230552	700	270	412	142	1	30.88	30.88	30.88
juego1	easy	40.0	0.008	230562	700	270	412	142	1	30.89	30.89	30.89
juego1	easy	40.0	0.008	230569	700	269	412	143	1	30.88	30.88	30.88
juego1	easy	40.0	0.008	230578	700	269	412	143	1	30.88	30.88	30.88
juego1	easy	40.0	0.008	230587	700	269	412	143	1	30.88	30.88	30.88
juego1	easy	40.0	0.008	230596	700	268	412	144	1	30.89	30.89	30.89
juego1	easy	40.0	0.008	230604	700	268	412	144	1	30.88	30.88	30.88
juego1	easy	40.0	0.008	230613	700	267	412	145	1	30.88	30.88	30.88
juego1	easy	40.0	0.008	230622	700	267	412	145	1	30.88	30.88	30.88
juego1	easy	40.0	0.008	230631	700	267	412	145	1	30.88	30.88	30.88
juego1	easy	40.0	0.008	230640	700	266	412	146	1	30.88	30.88	30.88
juego1	easy	40.0	0.008	230649	700	266	412	146	1	30.88	30.88	30.88
juego1	easy	40.0	0.008	230658	700	265	412	147	1	30.88	30.88	30.88
juego1	easy	40.0	0.008	230667	700	265	412	147	1	30.88	30.88	30.88
juego1	easy	40.0	0.008	230676	700	265	412	147	1	30.88	30.88	30.88
juego1	easy	40.0	0.008	230685	700	264	412	148	1	30.89	30.89	30.89
juego1	easy	40.0	0.008	230694	700	264	412	148	1	30.89	30.89	30.89
juego1	easy	40.0	0.008	230703	700	263	412	149	1	30.88	30.88	30.88
juego1	easy	40.0	0.008	230712	700	263	412	149	1	30.89	30.89	30.89
juego1	easy	40.0	0.008	230720	700	263	412	149	1	30.89	30.89	30.89
juego1	easy	40.0	0.008	230728	700	262	412	150	1	30.88	30.88	30.88
juego1	easy	40.0	0.008	230737	700	262	412	150	1	30.88	30.88	30.88
juego1	easy	40.0	0.008	230746	700	261	412	151	1	30.88	30.88	30.88
juego1	easy	40.0	0.008	230754	700	261	412	151	1	30.88	30.88	30.88
juego1	easy	40.0	0.008	230763	700	261	412	151	1	30.88	30.88	30.88
juego1	easy	40.0	0.008	230771	700	260	412	152	1	30.88	30.88	30.88
juego1	easy	40.0	0.008	230780	700	260	412	152	1	30.88	30.88	30.88
juego1	easy	40.0	0.008	230788	700	260	412	152	1	30.88	30.88	30.88
juego1	easy	40.0	0.008	230797	700	259	412	153	1	30.88	30.88	30.88
juego1	easy	40.0	0.008	230805	700	259	412	153	1	30.88	30.88	30.88
juego1	easy	40.0	0.008	230814	700	258	412	154	1	30.88	30.88	30.88
juego1	easy	40.0	0.008	230824	700	258	412	154	1	30.88	30.88	30.88
juego1	easy	40.0	0.008	230832	700	258	412	154	1	30.87	30.87	30.87
juego1	easy	40.0	0.008	230840	700	257	412	155	1	30.88	30.88	30.88
juego1	easy	40.0	0.008	230849	700	257	412	155	1	30.88	30.88	30.88
juego1	easy	40.0	0.008	230857	700	257	412	155	1	30.88	30.88	30.88
juego1	easy	40.0	0.008	230866	700	256	412	156	1	30.88	30.88	30.88
juego1	easy	40.0	0.008	230875	700	256	412	156	1	30.87	30.87	30.87
juego1	easy	40.0	0.008	230885	700	256	412	156	1	30.87	30.87	30.87
juego1	easy	40.0	0.008	230892	700	255	412	157	1	30.87	30.87	30.87
juego1	easy	40.0	0.008	230901	700	255	412	157	1	30.87	30.87	30.87
juego1	easy	40.0	0.008	230910	700	255	412	157	1	30.88	30.88	30.88
juego1	easy	40.0	0.008	230919	700	254	412	158	1	30.88	30.88	30.88
juego1	easy	40.0	0.008	230929	700	254	412	158	1	30.88	30.88	30.88
juego1	easy	40.0	0.008	230937	700	254	412	158	1	30.88	30.88	30.88
juego1	easy	40.0	0.008	230946	700	253	412	159	1	30.88	30.88	30.88
juego1	easy	40.0	0.008	230955	700	253	412	159	1	30.88	30.88	30.88
juego1	easy	40.0	0.008	230963	700	253	412	159	1	30.88	30.88	30.88
juego1	easy	40.0	0.008	230972	700	252	412	160	1	30.88	30.88	30.88
juego1	easy	40.0	0.008	230981	700	252	412	160	1	30.88	30.88	30.88
juego1	easy	40.0	0.008	230990	700	252	412	160	1	30.88	30.88	30.88
juego1	easy	40.0	0.008	230999	700	251	412	161	1	30.88	30.88	30.88
juego1	easy	40.0	0.008	231008	700	251	412	161	1	30.87	30.87	30.87
juego1	easy	40.0	0.008	231018	700	251	412	161	1	30.87	30.87	30.87
juego1	easy	40.0	0.008	231025	700	250	412	162	1	30.88	30.88	30.88
juego1	easy	40.0	0.008	231034	700	250	412	162	1	30.88	30.88	30.88
juego1	easy	40.0	0.008	231043	700	250	412	162	1	30.87	30.87	30.87
juego1	easy	40.0	0.008	231051	700	249	412	163	1	30.87	30.87	30.87
juego1	easy	40.0	0.008	231060	700	249	412	163	1	30.87	30.87	30.87
juego1	easy	40.0	0.008	231069	700	249	412	163	1	30.87	30.87	30.87
juego1	easy	40.0	0.008	231078	700	248	412	164	1	30.87	30.87	30.87
juego1	easy	40.0	0.008	231087	700	248	412	164	1	30.87	30.87	30.87
juego1	easy	40.0	0.008	231096	700	248	412	164	1	30.87	30.87	30.87
juego1	easy	40.0	0.008	231105	700	248	412	164	1	30.87	30.87	30.87
juego1	easy	40.0	0.008	231114	700	247	412	165	1	30.87	30.87	30.87
juego1	easy	40.0	0.008	231122	700	247	412	165	1	30.87	30.87	30.87
juego1	easy	40.0	0.008	231131	700	247	412	165	1	30.87	30.87	30.87
juego1	easy	40.0	0.008	231139	700	246	412	166	1	30.87	30.87	30.87
juego1	easy	40.0	0.008	231148	700	246	412	166	1	30.87	30.87	30.87
juego1	easy	40.0	0.008	231155	700	246	412	166	1	30.87	30.87	30.87
juego1	easy	40.0	0.008	231164	700	246	412	166	1	30.87	30.87	30.87
juego1	easy	40.0	0.008	231171	700	245	412	167	1	30.87	30.87	30.87
juego1	easy	40.0	0.008	231179	700	245	412	167	1	30.87	30.87	30.87
juego1	easy	40.0	0.008	231188	700	245	412	167	1	30.87	30.87	30.87
juego1	easy	40.0	0.008	231197	700	244	412	168	1	30.87	30.87	30.87
juego1	easy	40.0	0.008	231206	700	244	412	168	1	30.87	30.87	30.87
juego1	easy	40.0	0.008	231214	700	244	412	168	1	30.87	30.87	30.87
juego1	easy	40.0	0.008	231223	700	244	412	168	1	30.87	30.87	30.87
juego1	easy	40.0	0.008	231232	700	243	412	169	1	30.87	30.87	30.87
juego1	easy	40.0	0.008	231240	700	243	412	169	1	30.87	30.87	30.87
juego1	easy	40.0	0.008	231249	700	243	412	169	1	30.87	30.87	30.87
juego1	easy	40.0	0.008	231257	700	243	412	169	1	30.87	30.87	30.87
juego1	easy	40.0	0.008	231265	700	242	412	170	1	30.88	30.88	30.88
juego1	easy	40.0	0.008	231274	700	242	412	170	1	30.88	30.88	30.88
juego1	easy	40.0	0.008	231283	700	242	412	170	1	30.88	30.88	30.88
juego1	easy	40.0	0.008	231291	700	242	412	170	1	30.88	30.88	30.88
juego1	easy	40.0	0.008	231300	700	242	412	170	1	30.88	30.88	30.88
juego1	easy	40.0	0.008	231309	700	241	412	171	1	30.88	30.88	30.88
juego1	easy	40.0	0.008	231317	700	241	412	171	1	30.88	30.88	30.88
juego1	easy	40.0	0.008	231325	700	241	412	171	1	30.88	30.88	30.88
juego1	easy	40.0	0.008	231334	700	241	412	171	1	30.88	30.88	30.88
juego1	easy	40.0	0.008	231341	700	240	412	172	1	30.88	30.88	30.88
juego1	easy	40.0	0.008	231350	700	240	412	172	1	30.88	30.88	30.88
juego1	easy	40.0	0.008	231358	700	240	412	172	1	30.88	30.88	30.88
juego1	easy	40.0	0.008	231366	700	240	412	172	1	30.88	30.88	30.88
juego1	easy	40.0	0.008	231375	700	240	412	172	1	30.88	30.88	30.88
juego1	easy	40.0	0.008	231382	700	239	412	173	1	30.88	30.88	30.88
juego1	easy	40.0	0.008	231391	700	239	412	173	1	30.88	30.88	30.88
juego1	easy	40.0	0.008	231400	700	239	412	173	1	30.88	30.88	30.88
juego1	easy	40.0	0.008	231408	700	239	412	173	1	30.88	30.88	30.88
juego1	easy	40.0	0.008	231416	700	239	412	173	1	30.88	30.88	30.88
juego1	easy	40.0	0.008	231424	700	239	412	173	1	30.88	30.88	30.88
juego1	easy	40.0	0.008	231433	700	238	412	174	1	30.88	30.88	30.88
juego1	easy	40.0	0.008	231441	700	238	412	174	1	30.88	30.88	30.88
juego1	easy	40.0	0.008	231449	700	238	412	174	1	30.88	30.88	30.88
juego1	easy	40.0	0.008	231456	700	238	412	174	1	30.88	30.88	30.88
juego1	easy	40.0	0.008	231465	700	238	412	174	1	30.88	30.88	30.88
juego1	easy	40.0	0.008	231474	700	238	412	174	1	30.88	30.88	30.88
juego1	easy	40.0	0.008	231481	700	237	412	175	1	30.88	30.88	30.88
juego1	easy	40.0	0.008	231490	700	237	412	175	1	30.88	30.88	30.88
juego1	easy	40.0	0.008	231499	700	237	412	175	1	30.88	30.88	30.88
juego1	easy	40.0	0.008	231508	700	237	412	175	1	30.88	30.88	30.88
juego1	easy	40.0	0.008	231516	700	237	412	175	1	30.88	30.88	30.88
juego1	easy	40.0	0.008	231524	700	237	412	175	1	30.88	30.88	30.88
juego1	easy	40.0	0.008	231533	700	236	412	176	1	30.88	30.88	30.88
juego1	easy	40.0	0.008	231542	700	236	412	176	1	30.88	30.88	30.88
juego1	easy	40.0	0.008	231551	700	236	412	176	1	30.88	30.88	30.88
juego1	easy	40.0	0.008	231559	700	236	412	176	1	30.88	30.88	30.88
juego1	easy	40.0	0.008	231567	700	236	412	176	1	30.88	30.88	30.88
juego1	easy	40.0	0.008	231575	700	236	412	176	1	30.88	30.88	30.88
juego1	easy	40.0	0.008	231584	700	236	412	176	1	30.88	30.88	30.88
juego1	easy	40.0	0.008	231592	700	236	412	176	1	30.88	30.88	30.88
juego1	easy	40.0	0.008	231601	700	236	412	176	1	30.88	30.88	30.88
juego1	easy	40.0	0.008	231610	700	235	412	177	1	30.88	30.88	30.88
juego1	easy	40.0	0.008	231619	700	235	412	177	1	30.88	30.88	30.88
juego1	easy	40.0	0.008	231626	700	235	412	177	1	30.88	30.88	30.88
juego1	easy	40.0	0.008	231635	700	235	412	177	1	30.88	30.88	30.88
juego1	easy	40.0	0.008	231643	700	235	412	177	1	30.88	30.88	30.88
juego1	easy	40.0	0.008	231651	700	235	412	177	1	30.88	30.88	30.88
juego1	easy	40.0	0.008	231660	700	235	412	177	1	30.88	30.88	30.88
juego1	easy	40.0	0.008	231668	700	235	412	177	1	30.88	30.88	30.88
juego1	easy	40.0	0.008	231677	700	235	412	177	1	30.88	30.88	30.88
juego1	easy	40.0	0.008	231685	700	235	412	177	1	30.87	30.87	30.87
juego1	easy	40.0	0.008	231694	700	235	412	177	1	30.87	30.87	30.87
juego1	easy	40.0	0.008	231703	700	234	412	178	1	30.88	30.88	30.88
juego1	easy	40.0	0.008	231710	700	234	412	178	1	30.89	30.89	30.89
juego1	easy	40.0	0.008	231719	700	234	412	178	1	30.88	30.88	30.88
juego1	easy	40.0	0.008	231728	700	234	412	178	1	30.88	30.88	30.88
juego1	easy	40.0	0.008	231736	700	234	412	178	1	30.88	30.88	30.88
juego1	easy	40.0	0.008	231745	700	234	412	178	1	30.88	30.88	30.88
juego1	easy	40.0	0.008	231752	700	234	412	178	1	30.88	30.88	30.88
juego1	easy	40.0	0.008	231761	700	234	412	178	1	30.88	30.88	30.88
juego1	easy	40.0	0.008	231768	700	234	412	178	1	30.88	30.88	30.88
juego1	easy	40.0	0.008	231777	700	234	412	178	1	30.88	30.88	30.88
juego1	easy	40.0	0.008	231785	700	234	412	178	1	30.88	30.88	30.88
juego1	easy	40.0	0.008	231794	700	234	412	178	1	30.88	30.88	30.88
juego1	easy	40.0	0.008	231802	700	234	412	178	1	30.88	30.88	30.88
juego1	easy	40.0	0.008	231810	700	234	412	178	1	30.88	30.88	30.88
juego1	easy	40.0	0.008	231818	700	234	412	178	1	30.88	30.88	30.88
juego1	easy	40.0	0.008	231827	700	234	412	178	1	30.88	30.88	30.88
juego1	easy	40.0	0.008	231836	700	234	412	178	1	30.89	30.89	30.89
juego1	easy	40.0	0.008	231845	700	234	412	178	1	30.88	30.88	30.88
juego1	easy	40.0	0.008	231854	700	234	412	178	1	30.89	30.89	30.89
juego1	easy	40.0	0.008	231863	700	234	412	178	1	30.88	30.88	30.88
juego1	easy	40.0	0.008	231872	700	234	412	178	1	30.88	30.88	30.88
juego1	easy	40.0	0.008	231881	700	234	412	178	1	30.88	30.88	30.88
juego1	easy	40.0	0.008	231890	700	234	412	178	1	30.88	30.88	30.88
juego1	easy	40.0	0.008	231899	700	234	412	178	1	30.88	30.88	30.88
juego1	easy	40.0	0.008	231908	700	234	412	178	1	30.88	30.88	30.88
juego1	easy	40.0	0.008	231915	700	234	412	178	1	30.88	30.88	30.88
juego1	easy	40.0	0.008	231924	700	234	412	178	1	30.88	30.88	30.88
juego1	easy	40.0	0.008	231931	700	234	412	178	1	30.88	30.88	30.88
juego1	easy	40.0	0.008	231939	700	234	412	178	1	30.88	30.88	30.88
juego1	easy	40.0	0.008	231947	700	234	412	178	1	30.89	30.89	30.89
juego1	easy	40.0	0.008	231956	700	234	412	178	1	30.89	30.89	30.89
juego1	easy	40.0	0.008	231965	700	234	412	178	1	30.88	30.88	30.88
juego1	easy	40.0	0.008	231973	700	234	412	178	1	30.88	30.88	30.88
juego1	easy	40.0	0.008	231981	700	234	412	178	1	30.89	30.89	30.89
juego1	easy	40.0	0.008	231990	700	234	412	178	1	30.88	30.88	30.88
juego1	easy	40.0	0.008	231999	700	234	412	178	1	30.89	30.89	30.89
juego1	easy	40.0	0.008	232007	700	234	412	178	1	30.88	30.88	30.88
juego1	easy	40.0	0.008	232014	700	235	412	177	1	30.88	30.88	30.88
juego1	easy	40.0	0.008	232023	700	235	412	177	1	30.88	30.88	30.88
juego1	easy	40.0	0.008	232031	700	235	412	177	1	30.89	30.89	30.89
juego1	easy	40.0	0.008	232039	700	235	412	177	1	30.88	30.88	30.88
juego1	easy	40.0	0.008	232048	700	235	412	177	1	30.88	30.88	30.88
juego1	easy	40.0	0.008	232057	700	235	412	177	1	30.88	30.88	30.88
juego1	easy	40.0	0.008	232066	700	235	412	177	1	30.88	30.88	30.88
juego1	easy	40.0	0.008	232074	700	235	412	177	1	30.88	30.88	30.88
juego1	easy	40.0	0.008	232082	700	235	412	177	1	30.89	30.89	30.89
juego1	easy	40.0	0.008	232090	700	235	412	177	1	30.89	30.89	30.89
juego1	easy	40.0	0.008	232099	700	235	412	177	1	30.89	30.89	30.89
juego1	easy	40.0	0.008	232108	700	235	412	177	1	30.89	30.89	30.89
juego1	easy	40.0	0.008	232117	700	236	412	176	1	30.88	30.88	30.88
juego1	easy	40.0	0.008	232126	700	236	412	176	1	30.88	30.88	30.88
juego1	easy	40.0	0.008	232134	700	236	412	176	1	30.88	30.88	30.88
juego1	easy	40.0	0.008	232142	700	236	412	176	1	30.88	30.88	30.88
juego1	easy	40.0	0.008	232150	700	236	412	176	1	30.89	30.89	30.89
juego1	easy	40.0	0.008	232158	700	236	412	176	1	30.89	30.89	30.89
juego1	easy	40.0	0.008	232166	700	236	412	176	1	30.88	30.88	30.88
juego1	easy	40.0	0.008	232174	700	236	412	176	1	30.88	30.88	30.88
juego1	easy	40.0	0.008	232183	700	237	412	175	1	30.88	30.88	30.88
juego1	easy	40.0	0.008	232192	700	237	412	175	1	30.89	30.89	30.89
juego1	easy	40.0	0.008	232201	700	237	412	175	1	30.89	30.89	30.89
juego1	easy	40.0	0.008	232209	700	237	412	175	1	30.88	30.88	30.88
juego1	easy	40.0	0.008	232218	700	237	412	175	1	30.88	30.88	30.88
juego1	easy	40.0	0.008	232227	700	237	412	175	1	30.88	30.88	30.88
juego1	easy	40.0	0.008	232237	700	237	412	175	1	30.88	30.88	30.88
juego1	easy	40.0	0.008	232244	700	238	412	174	1	30.88	30.88	30.88
juego1	easy	40.0	0.008	232252	700	238	412	174	1	30.88	30.88	30.88
juego1	easy	40.0	0.008	232261	700	238	412	174	1	30.89	30.89	30.89
juego1	easy	40.0	0.008	232269	700	238	412	174	1	30.89	30.89	30.89
juego1	easy	40.0	0.008	232277	700	238	412	174	1	30.89	30.89	30.89
juego1	easy	40.0	0.008	232285	700	238	412	174	1	30.89	30.89	30.89
juego1	easy	40.0	0.008	232293	700	239	412	173	1	30.88	30.88	30.88
juego1	easy	40.0	0.008	232301	700	239	412	173	1	30.88	30.88	30.88
juego1	easy	40.0	0.008	232309	700	239	412	173	1	30.88	30.88	30.88
juego1	easy	40.0	0.008	232318	700	239	412	173	1	30.89	30.89	30.89
juego1	easy	40.0	0.008	232325	700	239	412	173	1	30.89	30.89	30.89
juego1	easy	40.0	0.008	232333	700	240	412	172	1	30.88	30.88	30.88
juego1	easy	40.0	0.008	232341	700	240	412	172	1	30.88	30.88	30.88
juego1	easy	40.0	0.008	232350	700	240	412	172	1	30.88	30.88	30.88
juego1	easy	40.0	0.008	232358	700	240	412	172	1	30.88	30.88	30.88
juego1	easy	40.0	0.008	232366	700	240	412	172	1	30.88	30.88	30.88
juego1	easy	40.0	0.008	232375	700	241	412	171	1	30.88	30.88	30.88
juego1	easy	40.0	0.008	232383	700	241	412	171	1	30.89	30.89	30.89
juego1	easy	40.0	0.008	232391	700	241	412	171	1	30.89	30.89	30.89
juego1	easy	40.0	0.008	232400	700	241	412	171	1	30.89	30.89	30.89
juego1	easy	40.0	0.008	232409	700	241	412	171	1	30.89	30.89	30.89
juego1	easy	40.0	0.008	232418	700	242	412	170	1	30.89	30.89	30.89
juego1	easy	40.0	0.008	232426	700	242	412	170	1	30.89	30.89	30.89
juego1	easy	40.0	0.008	232435	700	242	412	170	1	30.89	30.89	30.89
juego1	easy	40.0	0.008	232444	700	242	412	170	1	30.89	30.89	30.89
juego1	easy	40.0	0.008	232453	700	243	412	169	1	30.89	30.89	30.89
juego1	easy	40.0	0.008	232462	700	243	412	169	1	30.89	30.89	30.89
juego1	easy	40.0	0.008	232470	700	243	412	169	1	30.88	30.88	30.88
juego1	easy	40.0	0.008	232479	700	243	412	169	1	30.89	30.89	30.89
juego1	easy	40.0	0.008	232487	700	244	412	168	1	30.88	30.88	30.88
juego1	easy	40.0	0.008	232494	700	244	412	168	1	30.89	30.89	30.89
juego1	easy	40.0	0.008	232503	700	244	412	168	1	30.88	30.88	30.88
juego1	easy	40.0	0.008	232512	700	244	412	168	1	30.88	30.88	30.88
juego1	easy	40.0	0.008	232522	700	245	412	167	1	30.88	30.88	30.88
juego1	easy	40.0	0.008	232530	700	245	412	167	1	30.88	30.88	30.88
juego1	easy	40.0	0.008	232539	700	245	412	167	1	30.88	30.88	30.88
juego1	easy	40.0	0.008	232548	700	245	412	167	1	30.89	30.89	30.89
juego1	easy	40.0	0.008	232557	700	246	412	166	1	30.89	30.89	30.89
juego1	easy	40.0	0.008	232567	700	246	412	166	1	30.89	30.89	30.89
juego1	easy	40.0	0.008	232575	700	246	412	166	1	30.89	30.89	30.89
juego1	easy	40.0	0.008	232584	700	246	412	166	1	30.89	30.89	30.89
juego1	easy	40.0	0.008	232593	700	247	412	165	1	30.89	30.89	30.89
juego1	easy	40.0	0.008	232602	700	247	412	165	1	30.89	30.89	30.89
juego1	easy	40.0	0.008	232612	700	247	412	165	1	30.89	30.89	30.89
juego1	easy	40.0	0.008	232620	700	248	412	164	1	30.89	30.89	30.89
juego1	easy	40.0	0.008	232629	700	248	412	164	1	30.89	30.89	30.89
juego1	easy	40.0	0.008	232638	700	248	412	164	1	30.89	30.89	30.89
juego1	easy	40.0	0.008	232647	700	248	412	164	1	30.89	30.89	30.89
juego1	easy	40.0	0.008	232655	700	249	412	163	1	30.89	30.89	30.89
juego1	easy	40.0	0.008	232664	700	249	412	163	1	30.88	30.88	30.88
juego1	easy	40.0	0.008	232673	700	249	412	163	1	30.89	30.89	30.89
juego1	easy	40.0	0.008	232682	700	250	412	162	1	30.89	30.89	30.89
juego1	easy	40.0	0.008	232691	700	250	412	162	1	30.89	30.89	30.89
juego1	easy	40.0	0.008	232700	700	250	412	162	1	30.89	30.89	30.89
juego1	easy	40.0	0.008	232709	700	251	412	161	1	30.89	30.89	30.89
juego1	easy	40.0	0.008	232717	700	251	412	161	1	30.89	30.89	30.89
juego1	easy	40.0	0.008	232725	700	251	412	161	1	30.89	30.89	30.89
juego1	easy	40.0	0.008	232733	700	252	412	160	1	30.89	30.89	30.89
juego1	easy	40.0	0.008	232742	700	252	412	160	1	30.89	30.89	30.89
juego1	easy	40.0	0.008	232751	700	252	412	160	1	30.89	30.89	30.89
juego1	easy	40.0	0.008	232760	700	253	412	159	1	30.89	30.89	30.89
juego1	easy	40.0	0.008	232769	700	253	412	159	1	30.89	30.89	30.89
juego1	easy	40.0	0.008	232778	700	253	412	159	1	30.89	30.89	30.89
juego1	easy	40.0	0.008	232787	700	254	412	158	1	30.89	30.89	30.89
juego1	easy	40.0	0.008	232795	700	254	412	158	1	30.89	30.89	30.89
juego1	easy	40.0	0.008	232804	700	254	412	158	1	30.89	30.89	30.89
juego1	easy	40.0	0.008	232813	700	255	412	157	1	30.89	30.89	30.89
juego1	easy	40.0	0.008	232822	700	255	412	157	1	30.89	30.89	30.89
juego1	easy	40.0	0.008	232830	700	255	412	157	1	30.89	30.89	30.89
juego1	easy	40.0	0.008	232838	700	256	412	156	1	30.89	30.89	30.89
juego1	easy	40.0	0.008	232846	700	256	412	156	1	30.89	30.89	30.89
juego1	easy	40.0	0.008	232854	700	256	412	156	1	30.89	30.89	30.89
juego1	easy	40.0	0.008	232863	700	257	412	155	1	30.89	30.89	30.89
juego1	easy	40.0	0.008	232871	700	257	412	155	1	30.89	30.89	30.89
juego1	easy	40.0	0.008	232880	700	257	412	155	1	30.89	30.89	30.89
juego1	easy	40.0	0.008	232889	700	258	412	154	1	30.89	30.89	30.89
juego1	easy	40.0	0.008	232898	700	258	412	154	1	30.89	30.89	30.89
juego1	easy	40.0	0.008	232907	700	259	412	153	1	30.89	30.89	30.89
juego1	easy	40.0	0.008	232914	700	259	412	153	1	30.89	30.89	30.89
juego1	easy	40.0	0.008	232923	700	259	412	153	1	30.9	30.9	30.9
juego1	easy	40.0	0.008	232932	700	260	412	152	1	30.89	30.89	30.89
juego1	easy	40.0	0.008	232940	700	260	412	152	1	30.89	30.89	30.89
juego1	easy	40.0	0.008	232948	700	260	412	152	1	30.89	30.89	30.89
juego1	easy	40.0	0.008	232957	700	261	412	151	1	30.9	30.9	30.9
juego1	easy	40.0	0.008	232966	700	261	412	151	1	30.89	30.89	30.89
juego1	easy	40.0	0.008	232975	700	262	412	150	1	30.89	30.89	30.89
juego1	easy	40.0	0.008	232984	700	262	412	150	1	30.9	30.9	30.9
juego1	easy	40.0	0.008	232993	700	262	412	150	1	30.9	30.9	30.9
juego1	easy	40.0	0.008	233002	700	263	412	149	1	30.9	30.9	30.9
juego1	easy	40.0	0.008	233011	700	263	412	149	1	30.89	30.89	30.89
juego1	easy	40.0	0.008	233020	700	264	412	148	1	30.9	30.9	30.9
juego1	easy	40.0	0.008	233029	700	264	412	148	1	30.9	30.9	30.9
juego1	easy	40.0	0.008	233037	700	264	412	148	1	30.9	30.9	30.9
juego1	easy	40.0	0.008	233045	700	265	412	147	1	30.91	30.91	30.91
juego1	easy	40.0	0.008	233054	700	265	412	147	1	30.9	30.9	30.9
juego1	easy	40.0	0.008	233064	700	266	412	146	1	30.9	30.9	30.9
juego1	easy	40.0	0.008	233071	700	266	412	146	1	30.91	30.91	30.91
juego1	easy	40.0	0.008	233079	700	266	412	146	1	30.9	30.9	30.9
juego1	easy	40.0	0.008	233089	700	267	412	145	1	30.9	30.9	30.9
juego1	easy	40.0	0.008	233097	700	267	412	145	1	30.91	30.91	30.91
juego1	easy	40.0	0.008	233106	700	268	412	144	1	30.9	30.9	30.9
juego1	easy	40.0	0.008	233115	700	268	412	144	1	30.91	30.91	30.91
juego1	easy	40.0	0.008	233124	700	268	412	144	1	30.9	30.9	30.9
juego1	easy	40.0	0.008	233132	700	269	412	143	1	30.9	30.9	30.9
juego1	easy	40.0	0.008	233141	700	269	412	143	1	30.91	30.91	30.91
juego1	easy	40.0	0.008	233150	700	270	412	142	1	30.9	30.9	30.9
juego1	easy	40.0	0.008	233158	700	270	412	142	1	30.9	30.9	30.9
juego1	easy	40.0	0.008	233167	700	270	412	142	1	30.91	30.91	30.91
juego1	easy	40.0	0.008	233175	700	271	412	141	1	30.89	30.89	30.89
juego1	easy	40.0	0.008	233183	700	271	412	141	1	30.9	30.9	30.9
juego1	easy	40.0	0.008	233192	700	272	412	140	1	30.9	30.9	30.9
juego1	easy	40.0	0.008	233200	700	272	412	140	1	30.9	30.9	30.9
juego1	easy	40.0	0.008	233208	700	273	412	139	1	30.91	30.91	30.91
juego1	easy	40.0	0.008	233217	700	273	412	139	1	30.91	30.91	30.91
juego1	easy	40.0	0.008	233226	700	273	412	139	1	30.9	30.9	30.9
juego1	easy	40.0	0.008	233235	700	274	412	138	1	30.9	30.9	30.9
juego1	easy	40.0	0.008	233243	700	274	412	138	1	30.9	30.9	30.9
juego1	easy	40.0	0.008	233251	700	275	412	137	1	30.9	30.9	30.9
juego1	easy	40.0	0.008	233259	700	275	412	137	1	30.91	30.91	30.91
juego1	easy	40.0	0.008	233268	700	276	412	136	1	30.91	30.91	30.91
juego1	easy	40.0	0.008	233277	700	276	412	136	1	30.91	30.91	30.91
juego1	easy	40.0	0.008	233286	700	276	412	136	1	30.9	30.9	30.9
juego1	easy	40.0	0.008	233295	700	277	412	135	1	30.9	30.9	30.9
juego1	easy	40.0	0.008	233305	700	277	412	135	1	30.9	30.9	30.9
juego1	easy	40.0	0.008	233315	700	278	412	134	1	30.91	30.91	30.91
juego1	easy	40.0	0.008	233322	700	278	412	134	1	30.9	30.9	30.9
juego1	easy	40.0	0.008	233330	700	279	412	133	1	30.9	30.9	30.9
juego1	easy	40.0	0.008	233338	700	279	412	133	1	30.91	30.91	30.91
juego1	easy	40.0	0.008	233347	700	279	412	133	1	30.9	30.9	30.9
juego1	easy	40.0	0.008	233355	700	280	412	132	1	30.91	30.91	30.91
juego1	easy	40.0	0.008	233364	700	280	412	132	1	30.91	30.91	30.91
juego1	easy	40.0	0.008	233373	700	281	412	131	1	30.9	30.9	30.9
juego1	easy	40.0	0.008	233395	700	281	412	131	1	30.91	30.91	30.91
juego1	easy	40.0	0.008	233396	700	282	412	130	1	30.9	30.9	30.9
juego1	easy	40.0	0.008	233404	700	282	412	130	1	30.91	30.91	30.91
juego1	easy	40.0	0.008	233414	700	283	412	129	1	30.9	30.9	30.9
juego1	easy	40.0	0.008	233422	700	283	412	129	1	30.9	30.9	30.9
juego1	easy	40.0	0.008	233430	700	283	412	129	1	30.92	30.92	30.92
juego1	easy	40.0	0.008	233439	700	284	412	128	1	30.91	30.91	30.91
juego1	easy	40.0	0.008	233448	700	284	412	128	1	30.91	30.91	30.91
juego1	easy	40.0	0.008	233456	700	285	412	127	1	30.92	30.92	30.92
juego1	easy	40.0	0.008	233465	700	285	412	127	1	30.91	30.91	30.91
juego1	easy	40.0	0.008	233473	700	286	412	126	1	30.91	30.91	30.91
juego1	easy	40.0	0.008	233482	700	286	412	126	1	30.91	30.91	30.91
juego1	easy	40.0	0.008	233491	700	287	412	125	1	30.91	30.91	30.91
juego1	easy	40.0	0.008	233500	700	287	412	125	1	30.92	30.92	30.92
juego1	easy	40.0	0.008	233508	700	287	412	125	1	30.92	30.92	30.92
juego1	easy	40.0	0.008	233517	700	288	412	124	1	30.92	30.92	30.92
juego1	easy	40.0	0.008	233526	700	288	412	124	1	30.93	30.93	30.93
juego1	easy	40.0	0.008	233535	700	289	412	123	1	30.92	30.92	30.92
juego1	easy	40.0	0.008	233544	700	289	412	123	1	30.92	30.92	30.92
juego1	easy	40.0	0.008	233553	700	290	412	122	1	30.93	30.93	30.93
juego1	easy	40.0	0.008	233562	700	290	412	122	1	30.92	30.92	30.92
juego1	easy	40.0	0.008	233571	700	291	412	121	1	30.93	30.93	30.93
juego1	easy	40.0	0.008	233579	700	291	412	121	1	30.92	30.92	30.92
juego1	easy	40.0	0.008	233588	700	292	412	120	1	30.92	30.92	30.92
juego1	easy	40.0	0.008	233595	700	292	412	120	1	30.93	30.93	30.93
juego1	easy	40.0	0.008	233604	700	293	412	119	1	30.93	30.93	30.93
juego1	easy	40.0	0.008	233612	700	293	412	119	1	30.93	30.93	30.93
juego1	easy	40.0	0.008	233620	700	294	412	118	1	30.93	30.93	30.93
juego1	easy	40.0	0.008	233629	700	294	412	118	1	30.92	30.92	30.92
juego1	easy	40.0	0.008	233637	700	295	412	117	1	30.93	30.93	30.93
juego1	easy	40.0	0.008	233646	700	295	412	117	1	30.92	30.92	30.92
juego1	easy	40.0	0.008	233654	700	296	412	116	1	30.93	30.93	30.93
juego1	easy	40.0	0.008	233662	700	296	412	116	1	30.94	30.94	30.94
juego1	easy	40.0	0.008	233673	700	297	412	115	1	30.93	30.93	30.93
juego1	easy	40.0	0.008	233680	700	297	412	115	1	30.94	30.94	30.94
juego1	easy	40.0	0.008	233691	700	298	412	114	1	30.94	30.94	30.94
juego1	easy	40.0	0.008	233697	700	298	412	114	1	30.93	30.93	30.93
juego1	easy	40.0	0.008	233705	700	299	412	113	1	30.94	30.94	30.94
juego1	easy	40.0	0.008	233715	700	299	412	113	1	30.94	30.94	30.94
juego1	easy	40.0	0.008	233722	700	300	412	112	1	30.92	30.92	30.92
juego1	easy	40.0	0.008	233731	700	300	412	112	1	30.94	30.94	30.94
juego1	easy	40.0	0.008	233740	700	300	412	112	1	30.93	30.93	30.93
juego1	easy	40.0	0.008	233748	700	300	412	112	1	30.93	30.93	30.93
juego1	easy	40.0	0.008	233757	700	301	412	111	1	30.94	30.94	30.94
juego1	easy	40.0	0.008	233765	700	301	412	111	1	30.93	30.93	30.93
juego1	easy	40.0	0.008	233775	700	302	412	110	1	30.93	30.93	30.93
juego1	easy	40.0	0.008	233783	700	302	412	110	1	30.93	30.93	30.93
juego1	easy	40.0	0.008	233792	700	303	412	109	1	30.93	30.93	30.93
juego1	easy	40.0	0.008	233801	700	303	412	109	1	30.94	30.94	30.94
juego1	easy	40.0	0.008	233810	700	304	412	108	1	30.93	30.93	30.93
juego1	easy	40.0	0.008	233818	700	304	412	108	1	30.93	30.93	30.93
juego1	easy	40.0	0.008	233826	700	305	412	107	1	30.94	30.94	30.94
juego1	easy	40.0	0.008	233835	700	305	412	107	1	30.94	30.94	30.94
juego1	easy	40.0	0.008	233843	700	306	412	106	1	30.94	30.94	30.94
juego1	easy	40.0	0.008	233852	700	306	412	106	1	30.94	30.94	30.94
juego1	easy	40.0	0.008	233860	700	307	412	105	1	30.94	30.94	30.94
juego1	easy	40.0	0.008	233868	700	307	412	105	1	30.94	30.94	30.94
juego1	easy	40.0	0.008	233877	700	308	412	104	1	30.93	30.93	30.93
juego1	easy	40.0	0.008	233886	700	308	412	104	1	30.94	30.94	30.94
juego1	easy	40.0	0.008	233894	700	309	412	103	1	30.94	30.94	30.94
juego1	easy	40.0	0.008	233903	700	309	412	103	1	30.93	30.93	30.93
juego1	easy	40.0	0.008	233912	700	310	412	102	1	30.94	30.94	30.94
juego1	easy	40.0	0.008	233920	700	310	412	102	1	30.94	30.94	30.94
juego1	easy	40.0	0.008	233930	700	311	412	101	1	30.93	30.93	30.93
juego1	easy	40.0	0.008	233938	700	311	412	101	1	30.94	30.94	30.94
juego1	easy	40.0	0.008	233945	700	312	412	100	1	30.93	30.93	30.93
juego1	easy	40.0	0.008	233954	700	312	412	100	1	30.93	30.93	30.93
juego1	easy	40.0	0.008	233963	700	313	412	99	1	30.94	30.94	30.94
juego1	easy	40.0	0.008	233972	700	313	412	99	1	30.93	30.93	30.93
juego1	easy	40.0	0.008	233980	700	314	412	98	1	30.93	30.93	30.93
juego1	easy	40.0	0.008	233989	700	314	412	98	1	30.94	30.94	30.94
juego1	easy	40.0	0.008	233996	700	315	412	97	1	30.93	30.93	30.93
juego1	easy	40.0	0.008	234007	700	315	412	97	1	30.93	30.93	30.93
juego1	easy	40.0	0.008	234013	700	316	412	96	1	30.93	30.93	30.93
juego1	easy	40.0	0.008	234022	700	316	412	96	1	30.93	30.93	30.93
juego1	easy	40.0	0.008	234030	700	317	412	95	1	30.93	30.93	30.93
juego1	easy	40.0	0.008	234039	700	317	412	95	1	30.94	30.94	30.94
juego1	easy	40.0	0.008	234047	700	317	412	95	1	30.92	30.92	30.92
juego1	easy	40.0	0.008	234055	700	318	412	94	1	30.94	30.94	30.94
juego1	easy	40.0	0.008	234064	700	318	412	94	1	30.94	30.94	30.94
juego1	easy	40.0	0.008	234079	700	319	412	93	1	30.93	30.93	30.93
juego1	easy	40.0	0.008	234081	700	319	412	93	1	30.93	30.93	30.93
juego1	easy	40.0	0.008	234090	700	320	412	92	1	30.93	30.93	30.93
juego1	easy	40.0	0.008	234098	700	320	412	92	1	30.93	30.93	30.93
juego1	easy	40.0	0.008	234107	700	321	412	91	1	30.93	30.93	30.93
juego1	easy	40.0	0.008	234116	700	321	412	91	1	30.93	30.93	30.93
juego1	easy	40.0	0.008	234123	700	322	412	90	1	30.93	30.93	30.93
juego1	easy	40.0	0.008	234132	700	322	412	90	1	30.94	30.94	30.94
juego1	easy	40.0	0.008	234141	700	322	412	90	1	30.93	30.93	30.93
juego1	easy	40.0	0.008	234149	700	323	412	89	1	30.93	30.93	30.93
juego1	easy	40.0	0.008	234158	700	323	412	89	1	30.93	30.93	30.93
juego1	easy	40.0	0.008	234166	700	324	412	88	1	30.93	30.93	30.93
juego1	easy	40.0	0.008	234175	700	324	412	88	1	30.93	30.93	30.93
juego1	easy	40.0	0.008	234184	700	325	412	87	1	30.93	30.93	30.93
juego1	easy	40.0	0.008	234192	700	325	412	87	1	30.94	30.94	30.94
juego1	easy	40.0	0.008	234201	700	325	412	87	1	30.94	30.94	30.94
juego1	easy	40.0	0.008	234209	700	326	412	86	1	30.93	30.93	30.93
juego1	easy	40.0	0.008	234217	700	326	412	86	1	30.94	30.94	30.94
juego1	easy	40.0	0.008	234226	700	327	412	85	1	30.94	30.94	30.94
juego1	easy	40.0	0.008	234234	700	327	412	85	1	30.94	30.94	30.94
juego1	easy	40.0	0.008	234243	700	327	412	85	1	30.93	30.93	30.93
juego1	easy	40.0	0.008	234251	700	328	412	84	1	30.94	30.94	30.94
juego1	easy	40.0	0.008	234260	700	328	412	84	1	30.94	30.94	30.94
juego1	easy	40.0	0.008	234269	700	329	412	83	1	30.94	30.94	30.94
juego1	easy	40.0	0.008	234277	700	329	412	83	1	30.95	30.95	30.95
juego1	easy	40.0	0.008	234285	700	330	412	82	1	30.94	30.94	30.94
juego1	easy	40.0	0.008	234294	700	330	412	82	1	30.94	30.94	30.94
juego1	easy	40.0	0.008	234302	700	330	412	82	1	30.95	30.95	30.95
juego1	easy	40.0	0.008	234311	700	331	412	81	1	30.93	30.93	30.93
juego1	easy	40.0	0.008	234319	700	331	412	81	1	30.94	30.94	30.94
juego1	easy	40.0	0.008	234329	700	331	412	81	1	30.94	30.94	30.94
juego1	easy	40.0	0.008	234336	700	332	412	80	1	30.93	30.93	30.93
juego1	easy	40.0	0.008	234346	700	332	412	80	1	30.93	30.93	30.93
juego1	easy	40.0	0.008	234354	700	333	412	79	1	30.94	30.94	30.94
juego1	easy	40.0	0.008	234364	700	333	412	79	1	30.94	30.94	30.94
juego1	easy	40.0	0.008	234372	700	333	412	79	1	30.94	30.94	30.94
juego1	easy	40.0	0.008	234381	700	334	412	78	1	30.93	30.93	30.93
juego1	easy	40.0	0.008	234391	700	334	412	78	1	30.93	30.93	30.93
juego1	easy	40.0	0.008	234398	700	334	412	78	1	30.94	30.94	30.94
juego1	easy	40.0	0.008	234407	700	335	412	77	1	30.93	30.93	30.93
juego1	easy	40.0	0.008	234416	700	335	412	77	1	30.93	30.93	30.93
juego1	easy	40.0	0.008	234424	700	336	412	76	1	30.93	30.93	30.93
juego1	easy	40.0	0.008	234432	700	336	412	76	1	30.93	30.93	30.93
juego1	easy	40.0	0.008	234441	700	336	412	76	1	30.93	30.93	30.93
juego1	easy	40.0	0.008	234450	700	337	412	75	1	30.93	30.93	30.93
juego1	easy	40.0	0.008	234459	700	337	412	75	1	30.93	30.93	30.93
juego1	easy	40.0	0.008	234467	700	337	412	75	1	30.93	30.93	30.93
juego1	easy	40.0	0.008	234476	700	338	412	74	1	30.93	30.93	30.93
juego1	easy	40.0	0.008	234485	700	338	412	74	1	30.93	30.93	30.93
juego1	easy	40.0	0.008	234493	700	338	412	74	1	30.93	30.93	30.93
juego1	easy	40.0	0.008	234501	700	339	412	73	1	30.94	30.94	30.94
juego1	easy	40.0	0.008	234510	700	339	412	73	1	30.94	30.94	30.94
juego1	easy	40.0	0.008	234519	700	339	412	73	1	30.94	30.94	30.94
juego1	easy	40.0	0.008	234529	700	340	412	72	1	30.94	30.94	30.94
juego1	easy	40.0	0.008	234539	700	340	412	72	1	30.94	30.94	30.94
juego1	easy	40.0	0.008	234544	700	340	412	72	1	30.94	30.94	30.94
juego1	easy	40.0	0.008	234553	700	340	412	72	1	30.93	30.93	30.93
juego1	easy	40.0	0.008	234562	700	341	412	71	1	30.94	30.94	30.94
juego1	easy	40.0	0.008	234570	700	341	412	71	1	30.94	30.94	30.94
juego1	easy	40.0	0.008	234579	700	341	412	71	1	30.94	30.94	30.94
juego1	easy	40.0	0.008	234588	700	342	412	70	1	30.93	30.93	30.93
juego1	easy	40.0	0.008	234597	700	342	412	70	1	30.94	30.94	30.94
juego1	easy	40.0	0.008	234607	700	342	412	70	1	30.94	30.94	30.94
juego1	easy	40.0	0.008	234614	700	342	412	70	1	30.93	30.93	30.93
juego1	easy	40.0	0.008	234622	700	343	412	69	1	30.93	30.93	30.93
juego1	easy	40.0	0.008	234636	700	343	412	69	1	30.93	30.93	30.93
juego1	easy	40.0	0.008	234639	700	343	412	69	1	30.93	30.93	30.93
juego1	easy	40.0	0.008	234647	700	344	412	68	1	30.92	30.92	30.92
juego1	easy	40.0	0.008	234658	700	344	412	68	1	30.92	30.92	30.92
juego1	easy	40.0	0.008	234664	700	344	412	68	1	30.92	30.92	30.92
juego1	easy	40.0	0.008	234673	700	344	412	68	1	30.93	30.93	30.93
juego1	easy	40.0	0.008	234682	700	345	412	67	1	30.93	30.93	30.93
juego1	easy	40.0	0.008	234690	700	345	412	67	1	30.93	30.93	30.93
juego1	easy	40.0	0.008	234699	700	345	412	67	1	30.93	30.93	30.93
juego1	easy	40.0	0.008	234707	700	345	412	67	1	30.92	30.92	30.92
juego1	easy	40.0	0.008	234715	700	346	412	66	1	30.92	30.92	30.92
juego1	easy	40.0	0.008	234724	700	346	412	66	1	30.92	30.92	30.92
juego1	easy	40.0	0.008	234733	700	346	412	66	1	30.92	30.92	30.92
juego1	easy	40.0	0.008	234742	700	346	412	66	1	30.93	30.93	30.93
juego1	easy	40.0	0.008	234751	700	347	412	65	1	30.93	30.93	30.93
juego1	easy	40.0	0.008	234759	700	347	412	65	1	30.93	30.93	30.93
juego1	easy	40.0	0.008	234767	700	347	412	65	1	30.93	30.93	30.93
juego1	easy	40.0	0.008	234776	700	347	412	65	1	30.93	30.93	30.93
juego1	easy	40.0	0.008	234784	700	347	412	65	1	30.93	30.93	30.93
juego1	easy	40.0	0.008	234793	700	348	412	64	1	30.93	30.93	30.93
juego1	easy	40.0	0.008	234802	700	348	412	64	1	30.93	30.93	30.93
juego1	easy	40.0	0.008	234811	700	348	412	64	1	30.93	30.93	30.93
juego1	easy	40.0	0.008	234820	700	348	412	64	1	30.93	30.93	30.93
juego1	easy	40.0	0.008	234828	700	348	412	64	1	30.93	30.93	30.93
juego1	easy	40.0	0.008	234836	700	349	412	63	1	30.93	30.93	30.93
juego1	easy	40.0	0.008	234844	700	349	412	63	1	30.93	30.93	30.93
juego1	easy	40.0	0.008	234852	700	349	412	63	1	30.93	30.93	30.93
juego1	easy	40.0	0.008	234861	700	349	412	63	1	30.93	30.93	30.93
juego1	easy	40.0	0.008	234869	700	349	412	63	1	30.93	30.93	30.93
juego1	easy	40.0	0.008	234878	700	349	412	63	1	30.92	30.92	30.92
juego1	easy	40.0	0.008	234887	700	350	412	62	1	30.93	30.93	30.93
juego1	easy	40.0	0.008	234895	700	350	412	62	1	30.93	30.93	30.93
juego1	easy	40.0	0.008	234904	700	350	412	62	1	30.92	30.92	30.92
juego1	easy	40.0	0.008	234913	700	350	412	62	1	30.92	30.92	30.92
juego1	easy	40.0	0.008	234922	700	350	412	62	1	30.92	30.92	30.92
juego1	easy	40.0	0.008	234930	700	350	412	62	1	30.92	30.92	30.92
juego1	easy	40.0	0.008	234939	700	351	412	61	1	30.92	30.92	30.92
juego1	easy	40.0	0.008	234948	700	351	412	61	1	30.92	30.92	30.92
juego1	easy	40.0	0.008	234956	700	351	412	61	1	30.92	30.92	30.92
juego1	easy	40.0	0.008	234964	700	351	412	61	1	30.92	30.92	30.92
juego1	easy	40.0	0.008	234973	700	351	412	61	1	30.92	30.92	30.92
juego1	easy	40.0	0.008	234981	700	351	412	61	1	30.92	30.92	30.92
juego1	easy	40.0	0.008	234990	700	351	412	61	1	30.92	30.92	30.92
juego1	easy	40.0	0.008	234997	700	351	412	61	1	30.92	30.92	30.92
juego1	easy	40.0	0.008	235005	700	352	412	60	1	30.92	30.92	30.92
juego1	easy	40.0	0.008	235014	700	352	412	60	1	30.92	30.92	30.92
juego1	easy	40.0	0.008	235024	700	352	412	60	1	30.93	30.93	30.93
juego1	easy	40.0	0.008	235032	700	352	412	60	1	30.92	30.92	30.92
juego1	easy	40.0	0.008	235040	700	352	412	60	1	30.92	30.92	30.92
juego1	easy	40.0	0.008	235048	700	352	412	60	1	30.93	30.93	30.93
juego1	easy	40.0	0.008	235055	700	352	412	60	1	30.92	30.92	30.92
juego1	easy	40.0	0.008	235064	700	352	412	60	1	30.92	30.92	30.92
juego1	easy	40.0	0.008	235073	700	352	412	60	1	30.92	30.92	30.92
juego1	easy	40.0	0.008	235080	700	352	412	60	1	30.92	30.92	30.92
juego1	easy	40.0	0.008	235089	700	352	412	60	1	30.92	30.92	30.92
juego1	easy	40.0	0.008	235097	700	352	412	60	1	30.92	30.92	30.92
juego1	easy	40.0	0.008	235105	700	352	412	60	1	30.92	30.92	30.92
juego1	easy	40.0	0.008	235114	700	353	412	59	1	30.92	30.92	30.92
juego1	easy	40.0	0.008	235123	700	353	412	59	1	30.92	30.92	30.92
juego1	easy	40.0	0.008	235131	700	353	412	59	1	30.92	30.92	30.92
juego1	easy	40.0	0.008	235140	700	353	412	59	1	30.92	30.92	30.92
juego1	easy	40.0	0.008	235149	700	353	412	59	1	30.92	30.92	30.92
juego1	easy	40.0	0.008	235157	700	353	412	59	1	30.92	30.92	30.92
juego1	easy	40.0	0.008	235166	700	353	412	59	1	30.92	30.92	30.92
juego1	easy	40.0	0.008	235174	700	353	412	59	1	30.92	30.92	30.92
juego1	easy	40.0	0.008	235183	700	353	412	59	1	30.92	30.92	30.92
juego1	easy	40.0	0.008	235191	700	353	412	59	1	30.92	30.92	30.92
juego1	easy	40.0	0.008	235199	700	353	412	59	1	30.92	30.92	30.92
juego1	easy	40.0	0.008	235208	700	353	412	59	1	30.91	30.91	30.91
juego1	easy	40.0	0.008	235216	700	353	412	59	1	30.91	30.91	30.91
juego1	easy	40.0	0.008	235224	700	353	412	59	1	30.92	30.92	30.92
juego1	easy	40.0	0.008	235233	700	353	412	59	1	30.92	30.92	30.92
juego1	easy	40.0	0.008	235242	700	353	412	59	1	30.92	30.92	30.92
juego1	easy	40.0	0.008	235251	700	353	412	59	1	30.91	30.91	30.91
juego1	easy	40.0	0.008	235259	700	353	412	59	1	30.91	30.91	30.91
juego1	easy	40.0	0.008	235269	700	353	412	59	1	30.91	30.91	30.91
juego1	easy	40.0	0.008	235276	700	353	412	59	1	30.91	30.91	30.91
juego1	easy	40.0	0.008	235285	700	353	412	59	1	30.91	30.91	30.91
juego1	easy	40.0	0.008	235294	700	353	412	59	1	30.91	30.91	30.91
juego1	easy	40.0	0.008	235302	700	353	412	59	1	30.91	30.91	30.91
juego1	easy	40.0	0.008	235310	700	353	412	59	1	30.91	30.91	30.91
juego1	easy	40.0	0.008	235317	700	353	412	59	1	30.91	30.91	30.91
juego1	easy	40.0	0.008	235326	700	353	412	59	1	30.91	30.91	30.91
juego1	easy	40.0	0.008	235333	700	353	412	59	1	30.91	30.91	30.91
juego1	easy	40.0	0.008	235342	700	352	412	60	1	30.91	30.91	30.91
juego1	easy	40.0	0.008	235351	700	352	412	60	1	30.92	30.92	30.92
juego1	easy	40.0	0.008	235359	700	352	412	60	1	30.92	30.92	30.92
juego1	easy	40.0	0.008	235369	700	352	412	60	1	30.92	30.92	30.92
juego1	easy	40.0	0.008	235377	700	352	412	60	1	30.92	30.92	30.92
juego1	easy	40.0	0.008	235385	700	352	412	60	1	30.92	30.92	30.92
juego1	easy	40.0	0.008	235392	700	352	412	60	1	30.91	30.91	30.91
juego1	easy	40.0	0.008	235401	700	352	412	60	1	30.92	30.92	30.92
juego1	easy	40.0	0.008	235410	700	352	412	60	1	30.92	30.92	30.92
juego1	easy	40.0	0.008	235418	700	352	412	60	1	30.92	30.92	30.92
juego1	easy	40.0	0.008	235426	700	352	412	60	1	30.92	30.92	30.92
juego1	easy	40.0	0.008	235435	700	352	412	60	1	30.92	30.92	30.92
juego1	easy	40.0	0.008	235445	700	352	412	60	1	30.92	30.92	30.92
juego1	easy	40.0	0.008	235452	700	351	412	61	1	30.92	30.92	30.92
juego1	easy	40.0	0.008	235460	700	351	412	61	1	30.92	30.92	30.92
juego1	easy	40.0	0.008	235468	700	351	412	61	1	30.92	30.92	30.92
juego1	easy	40.0	0.008	235477	700	351	412	61	1	30.92	30.92	30.92
juego1	easy	40.0	0.008	235485	700	351	412	61	1	30.92	30.92	30.92
juego1	easy	40.0	0.008	235495	700	351	412	61	1	30.92	30.92	30.92
juego1	easy	40.0	0.008	235502	700	351	412	61	1	30.92	30.92	30.92
juego1	easy	40.0	0.008	235511	700	351	412	61	1	30.92	30.92	30.92
juego1	easy	40.0	0.008	235520	700	350	412	62	1	30.91	30.91	30.91
juego1	easy	40.0	0.008	235527	700	350	412	62	1	30.91	30.91	30.91
juego1	easy	40.0	0.008	235536	700	350	412	62	1	30.91	30.91	30.91
juego1	easy	40.0	0.008	235545	700	350	412	62	1	30.91	30.91	30.91
juego1	easy	40.0	0.008	235552	700	350	412	62	1	30.91	30.91	30.91
juego1	easy	40.0	0.008	235562	700	350	412	62	1	30.92	30.92	30.92
juego1	easy	40.0	0.008	235570	700	349	412	63	1	30.92	30.92	30.92
juego1	easy	40.0	0.008	235579	700	349	412	63	1	30.91	30.91	30.91
juego1	easy	40.0	0.008	235587	700	349	412	63	1	30.91	30.91	30.91
juego1	easy	40.0	0.008	235595	700	349	412	63	1	30.91	30.91	30.91
juego1	easy	40.0	0.008	235605	700	349	412	63	1	30.92	30.92	30.92
juego1	easy	40.0	0.008	235611	700	349	412	63	1	30.92	30.92	30.92
juego1	easy	40.0	0.008	235619	700	348	412	64	1	30.91	30.91	30.91
juego1	easy	40.0	0.008	235628	700	348	412	64	1	30.92	30.92	30.92
juego1	easy	40.0	0.008	235636	700	348	412	64	1	30.92	30.92	30.92
juego1	easy	40.0	0.008	235645	700	348	412	64	1	30.92	30.92	30.92
juego1	easy	40.0	0.008	235654	700	348	412	64	1	30.92	30.92	30.92
juego1	easy	40.0	0.008	235661	700	347	412	65	1	30.91	30.91	30.91
juego1	easy	40.0	0.008	235670	700	347	412	65	1	30.92	30.92	30.92
juego1	easy	40.0	0.008	235678	700	347	412	65	1	30.91	30.91	30.91
juego1	easy	40.0	0.008	235686	700	347	412	65	1	30.91	30.91	30.91
juego1	easy	40.0	0.008	235695	700	347	412	65	1	30.91	30.91	30.91
juego1	easy	40.0	0.008	235703	700	346	412	66	1	30.91	30.91	30.91
juego1	easy	40.0	0.008	235711	700	346	412	66	1	30.92	30.92	30.92
juego1	easy	40.0	0.008	235720	700	346	412	66	1	30.92	30.92	30.92
juego1	easy	40.0	0.008	235728	700	346	412	66	1	30.92	30.92	30.92
juego1	easy	40.0	0.008	235737	700	345	412	67	1	30.91	30.91	30.91
juego1	easy	40.0	0.008	235745	700	345	412	67	1	30.92	30.92	30.92
juego1	easy	40.0	0.008	235754	700	345	412	67	1	30.91	30.91	30.91
juego1	easy	40.0	0.008	235763	700	345	412	67	1	30.91	30.91	30.91
juego1	easy	40.0	0.008	235771	700	344	412	68	1	30.91	30.91	30.91
juego1	easy	40.0	0.008	235781	700	344	412	68	1	30.91	30.91	30.91
juego1	easy	40.0	0.008	235788	700	344	412	68	1	30.91	30.91	30.91
juego1	easy	40.0	0.008	235798	700	344	412	68	1	30.91	30.91	30.91
juego1	easy	40.0	0.008	235806	700	343	412	69	1	30.91	30.91	30.91
juego1	easy	40.0	0.008	235815	700	343	412	69	1	30.91	30.91	30.91
juego1	easy	40.0	0.008	235823	700	343	412	69	1	30.92	30.92	30.92
juego1	easy	40.0	0.008	235831	700	343	412	69	1	30.91	30.91	30.91
juego1	easy	40.0	0.008	235840	700	342	412	70	1	30.91	30.91	30.91
juego1	easy	40.0	0.008	235849	700	342	412	70	1	30.91	30.91	30.91
juego1	easy	40.0	0.008	235858	700	342	412	70	1	30.91	30.91	30.91
juego1	easy	40.0	0.008	235866	700	341	412	71	1	30.91	30.91	30.91
juego1	easy	40.0	0.008	235880	700	341	412	71	1	30.91	30.91	30.91
juego1	easy	40.0	0.008	235883	700	341	412	71	1	30.91	30.91	30.91
juego1	easy	40.0	0.008	235893	700	340	412	72	1	30.91	30.91	30.91
juego1	easy	40.0	0.008	235900	700	340	412	72	1	30.9	30.9	30.9
juego1	easy	40.0	0.008	235910	700	340	412	72	1	30.9	30.9	30.9
juego1	easy	40.0	0.008	235918	700	340	412	72	1	30.91	30.91	30.91
juego1	easy	40.0	0.008	235925	700	339	412	73	1	30.9	30.9	30.9
juego1	easy	40.0	0.008	235934	700	339	412	73	1	30.9	30.9	30.9
juego1	easy	40.0	0.008	235943	700	339	412	73	1	30.91	30.91	30.91
juego1	easy	40.0	0.008	235952	700	338	412	74	1	30.91	30.91	30.91
juego1	easy	40.0	0.008	235961	700	338	412	74	1	30.91	30.91	30.91
juego1	easy	40.0	0.008	235970	700	338	412	74	1	30.91	30.91	30.91
juego1	easy	40.0	0.008	235979	700	337	412	75	1	30.91	30.91	30.91
juego1	easy	40.0	0.008	235988	700	337	412	75	1	30.91	30.91	30.91
juego1	easy	40.0	0.008	235997	700	337	412	75	1	30.91	30.91	30.91
juego1	easy	40.0	0.008	236006	700	336	412	76	1	30.91	30.91	30.91
juego1	easy	40.0	0.008	236014	700	336	412	76	1	30.91	30.91	30.91
juego1	easy	40.0	0.008	236022	700	336	412	76	1	30.9	30.9	30.9
juego1	easy	40.0	0.008	236031	700	335	412	77	1	30.9	30.9	30.9
juego1	easy	40.0	0.008	236039	700	335	412	77	1	30.9	30.9	30.9
juego1	easy	40.0	0.008	236048	700	334	412	78	1	30.9	30.9	30.9
juego1	easy	40.0	0.008	236057	700	334	412	78	1	30.9	30.9	30.9
juego1	easy	40.0	0.008	236065	700	334	412	78	1	30.9	30.9	30.9
juego1	easy	40.0	0.008	236074	700	333	412	79	1	30.91	30.91	30.91
juego1	easy	40.0	0.008	236082	700	333	412	79	1	30.9	30.9	30.9
juego1	easy	40.0	0.008	236091	700	333	412	79	1	30.9	30.9	30.9
juego1	easy	40.0	0.008	236100	700	332	412	80	1	30.91	30.91	30.91
juego1	easy	40.0	0.008	236109	700	332	412	80	1	30.9	30.9	30.9
juego1	easy	40.0	0.008	236118	700	332	412	80	1	30.9	30.9	30.9
juego1	easy	40.0	0.008	236126	700	331	412	81	1	30.9	30.9	30.9
juego1	easy	40.0	0.008	236134	700	331	412	81	1	30.91	30.91	30.91
juego1	easy	40.0	0.008	236143	700	330	412	82	1	30.91	30.91	30.91
juego1	easy	40.0	0.008	236152	700	330	412	82	1	30.91	30.91	30.91
juego1	easy	40.0	0.008	236161	700	330	412	82	1	30.91	30.91	30.91
juego1	easy	40.0	0.008	236170	700	329	412	83	1	30.91	30.91	30.91
juego1	easy	40.0	0.008	236179	700	329	412	83	1	30.91	30.91	30.91
juego1	easy	40.0	0.008	236188	700	328	412	84	1	30.91	30.91	30.91
juego1	easy	40.0	0.008	236197	700	328	412	84	1	30.9	30.9	30.9
juego1	easy	40.0	0.008	236205	700	328	412	84	1	30.9	30.9	30.9
juego1	easy	40.0	0.008	236214	700	327	412	85	1	30.9	30.9	30.9
juego1	easy	40.0	0.008	236223	700	327	412	85	1	30.9	30.9	30.9
juego1	easy	40.0	0.008	236232	700	326	412	86	1	30.91	30.91	30.91
juego1	easy	40.0	0.008	236241	700	326	412	86	1	30.91	30.91	30.91
juego1	easy	40.0	0.008	236250	700	325	412	87	1	30.91	30.91	30.91
juego1	easy	40.0	0.008	236259	700	325	412	87	1	30.91	30.91	30.91
juego1	easy	40.0	0.008	236267	700	325	412	87	1	30.91	30.91	30.91
juego1	easy	40.0	0.008	236275	700	324	412	88	1	30.91	30.91	30.91
juego1	easy	40.0	0.008	236284	700	324	412	88	1	30.91	30.91	30.91
juego1	easy	40.0	0.008	236293	700	323	412	89	1	30.9	30.9	30.9
juego1	easy	40.0	0.008	236301	700	323	412	89	1	30.9	30.9	30.9
juego1	easy	40.0	0.008	236310	700	322	412	90	1	30.9	30.9	30.9
juego1	easy	40.0	0.008	236319	700	322	412	90	1	30.9	30.9	30.9
juego1	easy	40.0	0.008	236327	700	322	412	90	1	30.9	30.9	30.9
juego1	easy	40.0	0.008	236336	700	321	412	91	1	30.9	30.9	30.9
juego1	easy	40.0	0.008	236343	700	321	412	91	1	30.9	30.9	30.9
juego1	easy	40.0	0.008	236352	700	320	412	92	1	30.9	30.9	30.9
juego1	easy	40.0	0.008	236361	700	320	412	92	1	30.9	30.9	30.9
juego1	easy	40.0	0.008	236368	700	319	412	93	1	30.9	30.9	30.9
juego1	easy	40.0	0.008	236376	700	319	412	93	1	30.9	30.9	30.9
juego1	easy	40.0	0.008	236384	700	318	412	94	1	30.9	30.9	30.9
juego1	easy	40.0	0.008	236393	700	318	412	94	1	30.9	30.9	30.9
juego1	easy	40.0	0.008	236401	700	318	412	94	1	30.9	30.9	30.9
juego1	easy	40.0	0.008	236410	700	317	412	95	1	30.9	30.9	30.9
juego1	easy	40.0	0.008	236418	700	317	412	95	1	30.9	30.9	30.9
juego1	easy	40.0	0.008	236427	700	316	412	96	1	30.9	30.9	30.9
juego1	easy	40.0	0.008	236436	700	316	412	96	1	30.9	30.9	30.9
juego1	easy	40.0	0.008	236443	700	315	412	97	1	30.9	30.9	30.9
juego1	easy	40.0	0.008	236452	700	315	412	97	1	30.91	30.91	30.91
juego1	easy	40.0	0.008	236461	700	314	412	98	1	30.91	30.91	30.91
juego1	easy	40.0	0.008	236468	700	314	412	98	1	30.9	30.9	30.9
juego1	easy	40.0	0.008	236477	700	313	412	99	1	30.91	30.91	30.91
juego1	easy	40.0	0.008	236485	700	313	412	99	1	30.91	30.91	30.91
juego1	easy	40.0	0.008	236493	700	312	412	100	1	30.9	30.9	30.9
juego1	easy	40.0	0.008	236502	700	312	412	100	1	30.9	30.9	30.9
juego1	easy	40.0	0.008	236510	700	311	412	101	1	30.9	30.9	30.9
juego1	easy	40.0	0.008	236519	700	311	412	101	1	30.9	30.9	30.9
juego1	easy	40.0	0.008	236528	700	310	412	102	1	30.9	30.9	30.9
juego1	easy	40.0	0.008	236536	700	310	412	102	1	30.91	30.91	30.91
juego1	easy	40.0	0.008	236545	700	309	412	103	1	30.91	30.91	30.91
juego1	easy	40.0	0.008	236553	700	309	412	103	1	30.91	30.91	30.91
juego1	easy	40.0	0.008	236562	700	308	412	104	1	30.91	30.91	30.91
juego1	easy	40.0	0.008	236570	700	308	412	104	1	30.91	30.91	30.91
juego1	easy	40.0	0.008	236579	700	307	412	105	1	30.91	30.91	30.91
juego1	easy	40.0	0.008	236587	700	307	412	105	1	30.91	30.91	30.91
juego1	easy	40.0	0.008	236595	700	306	412	106	1	30.91	30.91	30.91
juego1	easy	40.0	0.008	236604	700	306	412	106	1	30.91	30.91	30.91
juego1	easy	40.0	0.008	236613	700	306	412	106	1	30.91	30.91	30.91
juego1	easy	40.0	0.008	236622	700	305	412	107	1	30.92	30.92	30.92
juego1	easy	40.0	0.008	236629	700	305	412	107	1	30.91	30.91	30.91
juego1	easy	40.0	0.008	236638	700	304	412	108	1	30.92	30.92	30.92
juego1	easy	40.0	0.008	236646	700	304	412	108	1	30.92	30.92	30.92
juego1	easy	40.0	0.008	236655	700	303	412	109	1	30.92	30.92	30.92
juego1	easy	40.0	0.008	236663	700	303	412	109	1	30.91	30.91	30.91
juego1	easy	40.0	0.008	236672	700	302	412	110	1	30.91	30.91	30.91
juego1	easy	40.0	0.008	236680	700	301	412	111	1	30.91	30.91	30.91
juego1	easy	40.0	0.008	236688	700	301	412	111	1	30.91	30.91	30.91
juego1	easy	40.0	0.008	236697	700	300	412	112	1	30.92	30.92	30.92
juego1	easy	40.0	0.008	236706	700	300	412	112	1	30.91	30.91	30.91
juego1	easy	40.0	0.008	236715	700	300	412	112	1	30.91	30.91	30.91
juego1	easy	40.0	0.008	236723	700	300	412	112	1	30.91	30.91	30.91
juego1	easy	40.0	0.008	236730	700	299	412	113	1	30.91	30.91	30.91
juego1	easy	40.0	0.008	236739	700	299	412	113	1	30.91	30.91	30.91
juego1	easy	40.0	0.008	236747	700	298	412	114	1	30.91	30.91	30.91
juego1	easy	40.0	0.008	236756	700	298	412	114	1	30.91	30.91	30.91
juego1	easy	40.0	0.008	236764	700	297	412	115	1	30.91	30.91	30.91
juego1	easy	40.0	0.008	236773	700	297	412	115	1	30.91	30.91	30.91
juego1	easy	40.0	0.008	236782	700	296	412	116	1	30.91	30.91	30.91
juego1	easy	40.0	0.008	236791	700	296	412	116	1	30.91	30.91	30.91
juego1	easy	40.0	0.008	236798	700	295	412	117	1	30.91	30.91	30.91
juego1	easy	40.0	0.008	236807	700	295	412	117	1	30.91	30.91	30.91
juego1	easy	40.0	0.008	236816	700	294	412	118	1	30.91	30.91	30.91
juego1	easy	40.0	0.008	236824	700	294	412	118	1	30.91	30.91	30.91
juego1	easy	40.0	0.008	236832	700	293	412	119	1	30.91	30.91	30.91
juego1	easy	40.0	0.008	236841	700	293	412	119	1	30.91	30.91	30.91
juego1	easy	40.0	0.008	236849	700	292	412	120	1	30.91	30.91	30.91
juego1	easy	40.0	0.008	236858	700	292	412	120	1	30.91	30.91	30.91
juego1	easy	40.0	0.008	236867	700	291	412	121	1	30.91	30.91	30.91
juego1	easy	40.0	0.008	236874	700	291	412	121	1	30.91	30.91	30.91
juego1	easy	40.0	0.008	236883	700	290	412	122	1	30.91	30.91	30.91
juego1	easy	40.0	0.008	236891	700	290	412	122	2	30.91	30.91	30.91
juego1	easy	50.0	0.009	236899	700	289	412	123	2	30.91	30.91	30.91
juego1	easy	50.0	0.009	236908	700	289	412	123	2	30.91	30.91	30.91
juego1	easy	50.0	0.009	236916	700	288	412	124	2	30.91	30.91	30.91
juego1	easy	50.0	0.009	236924	700	288	412	124	2	30.91	30.91	30.91
juego1	easy	50.0	0.009	236932	700	287	412	125	2	30.91	30.91	30.91
juego1	easy	50.0	0.009	236941	700	286	412	126	2	30.91	30.91	30.91
juego1	easy	50.0	0.009	236950	700	286	412	126	2	30.91	30.91	30.91
juego1	easy	50.0	0.009	236958	700	285	412	127	2	30.91	30.91	30.91
juego1	easy	50.0	0.009	236966	700	285	412	127	2	30.91	30.91	30.91
juego1	easy	50.0	0.009	236974	700	284	412	128	2	30.91	30.91	30.91
juego1	easy	50.0	0.009	236983	700	283	412	129	2	30.91	30.91	30.91
juego1	easy	50.0	0.009	236992	700	283	412	129	2	30.91	30.91	30.91
juego1	easy	50.0	0.009	237000	700	282	412	130	2	30.91	30.91	30.91
juego1	easy	50.0	0.009	237009	700	281	412	131	2	30.91	30.91	30.91
juego1	easy	50.0	0.009	237017	700	281	412	131	2	30.91	30.91	30.91
juego1	easy	50.0	0.009	237025	700	280	412	132	2	30.91	30.91	30.91
juego1	easy	50.0	0.009	237033	700	280	412	132	2	30.91	30.91	30.91
juego1	easy	50.0	0.009	237041	700	279	412	133	2	30.92	30.92	30.92
juego1	easy	50.0	0.009	237050	700	278	412	134	2	30.92	30.92	30.92
juego1	easy	50.0	0.009	237059	700	278	412	134	2	30.92	30.92	30.92
juego1	easy	50.0	0.009	237067	700	277	412	135	2	30.92	30.92	30.92
juego1	easy	50.0	0.009	237075	700	276	412	136	2	30.92	30.92	30.92
juego1	easy	50.0	0.009	237084	700	276	412	136	2	30.91	30.91	30.91
juego1	easy	50.0	0.009	237092	700	275	412	137	2	30.91	30.91	30.91
juego1	easy	50.0	0.009	237100	700	275	412	137	2	30.91	30.91	30.91
juego1	easy	50.0	0.009	237108	700	274	412	138	2	30.92	30.92	30.92
juego1	easy	50.0	0.009	237117	700	273	412	139	2	30.92	30.92	30.92
juego1	easy	50.0	0.009	237126	700	273	412	139	2	30.92	30.92	30.92
juego1	easy	50.0	0.009	237135	700	272	412	140	2	30.92	30.92	30.92
juego1	easy	50.0	0.009	237144	700	272	412	140	2	30.92	30.92	30.92
juego1	easy	50.0	0.009	237153	700	271	412	141	2	30.92	30.92	30.92
juego1	easy	50.0	0.009	237161	700	270	412	142	2	30.92	30.92	30.92
juego1	easy	50.0	0.009	237169	700	270	412	142	2	30.92	30.92	30.92
juego1	easy	50.0	0.009	237178	700	269	412	143	2	30.91	30.91	30.91
juego1	easy	50.0	0.009	237187	700	269	412	143	2	30.91	30.91	30.91
juego1	easy	50.0	0.009	237195	700	268	412	144	2	30.92	30.92	30.92
juego1	easy	50.0	0.009	237204	700	267	412	145	2	30.92	30.92	30.92
juego1	easy	50.0	0.009	237213	700	267	412	145	2	30.92	30.92	30.92
juego1	easy	50.0	0.009	237221	700	266	412	146	2	30.92	30.92	30.92
juego1	easy	50.0	0.009	237230	700	266	412	146	2	30.92	30.92	30.92
juego1	easy	50.0	0.009	237238	700	265	412	147	2	30.92	30.92	30.92
juego1	easy	50.0	0.009	237247	700	264	412	148	2	30.92	30.92	30.92
juego1	easy	50.0	0.009	237255	700	264	412	148	2	30.91	30.91	30.91
juego1	easy	50.0	0.009	237264	700	263	412	149	2	30.91	30.91	30.91
juego1	easy	50.0	0.009	237273	700	263	412	149	2	30.91	30.91	30.91
juego1	easy	50.0	0.009	237282	700	262	412	150	2	30.91	30.91	30.91
juego1	easy	50.0	0.009	237291	700	262	412	150	2	30.91	30.91	30.91
juego1	easy	50.0	0.009	237300	700	261	412	151	2	30.92	30.92	30.92
juego1	easy	50.0	0.009	237309	700	260	412	152	2	30.91	30.91	30.91
juego1	easy	50.0	0.009	237316	700	260	412	152	2	30.91	30.91	30.91
juego1	easy	50.0	0.009	237325	700	259	412	153	2	30.91	30.91	30.91
juego1	easy	50.0	0.009	237333	700	259	412	153	2	30.91	30.91	30.91
juego1	easy	50.0	0.009	237342	700	258	412	154	2	30.91	30.91	30.91
juego1	easy	50.0	0.009	237350	700	258	412	154	2	30.91	30.91	30.91
juego1	easy	50.0	0.009	237359	700	257	412	155	2	30.91	30.91	30.91
juego1	easy	50.0	0.009	237368	700	256	412	156	2	30.91	30.91	30.91
juego1	easy	50.0	0.009	237375	700	256	412	156	2	30.91	30.91	30.91
juego1	easy	50.0	0.009	237384	700	255	412	157	2	30.91	30.91	30.91
juego1	easy	50.0	0.009	237393	700	255	412	157	2	30.91	30.91	30.91
juego1	easy	50.0	0.009	237401	700	254	412	158	2	30.91	30.91	30.91
juego1	easy	50.0	0.009	237410	700	254	412	158	2	30.91	30.91	30.91
juego1	easy	50.0	0.009	237418	700	253	412	159	2	30.91	30.91	30.91
juego1	easy	50.0	0.009	237427	700	253	412	159	2	30.91	30.91	30.91
juego1	easy	50.0	0.009	237435	700	252	412	160	2	30.91	30.91	30.91
juego1	easy	50.0	0.009	237444	700	252	412	160	2	30.92	30.92	30.92
juego1	easy	50.0	0.009	237453	700	251	412	161	2	30.92	30.92	30.92
juego1	easy	50.0	0.009	237461	700	251	412	161	2	30.92	30.92	30.92
juego1	easy	50.0	0.009	237470	700	250	412	162	2	30.92	30.92	30.92
juego1	easy	50.0	0.009	237478	700	250	412	162	2	30.92	30.92	30.92
juego1	easy	50.0	0.009	237487	700	249	412	163	2	30.92	30.92	30.92
juego1	easy	50.0	0.009	237495	700	249	412	163	2	30.91	30.91	30.91
juego1	easy	50.0	0.009	237504	700	248	412	164	2	30.92	30.92	30.92
juego1	easy	50.0	0.009	237512	700	248	412	164	2	30.91	30.91	30.91
juego1	easy	50.0	0.009	237521	700	247	412	165	2	30.92	30.92	30.92
juego1	easy	50.0	0.009	237530	700	247	412	165	2	30.92	30.92	30.92
juego1	easy	50.0	0.009	237540	700	246	412	166	2	30.92	30.92	30.92
juego1	easy	50.0	0.009	237547	700	246	412	166	2	30.92	30.92	30.92
juego1	easy	50.0	0.009	237556	700	245	412	167	2	30.91	30.91	30.91
juego1	easy	50.0	0.009	237565	700	245	412	167	2	30.92	30.92	30.92
juego1	easy	50.0	0.009	237574	700	244	412	168	2	30.91	30.91	30.91
juego1	easy	50.0	0.009	237582	700	244	412	168	2	30.92	30.92	30.92
juego1	easy	50.0	0.009	237590	700	243	412	169	2	30.92	30.92	30.92
juego1	easy	50.0	0.009	237600	700	243	412	169	2	30.92	30.92	30.92
juego1	easy	50.0	0.009	237608	700	242	412	170	2	30.92	30.92	30.92
juego1	easy	50.0	0.009	237616	700	242	412	170	2	30.92	30.92	30.92
juego1	easy	50.0	0.009	237625	700	241	412	171	2	30.92	30.92	30.92
juego1	easy	50.0	0.009	237635	700	241	412	171	2	30.91	30.91	30.91
juego1	easy	50.0	0.009	237642	700	240	412	172	2	30.91	30.91	30.91
juego1	easy	50.0	0.009	237650	700	240	412	172	2	30.91	30.91	30.91
juego1	easy	50.0	0.009	237660	700	240	412	172	2	30.92	30.92	30.92
juego1	easy	50.0	0.009	237667	700	239	412	173	2	30.91	30.91	30.91
juego1	easy	50.0	0.009	237675	700	239	412	173	2	30.91	30.91	30.91
juego1	easy	50.0	0.009	237683	700	238	412	174	2	30.91	30.91	30.91
juego1	easy	50.0	0.009	237691	700	238	412	174	2	30.91	30.91	30.91
juego1	easy	50.0	0.009	237700	700	237	412	175	2	30.91	30.91	30.91
juego1	easy	50.0	0.009	237708	700	237	412	175	2	30.91	30.91	30.91
juego1	easy	50.0	0.009	237716	700	237	412	175	2	30.91	30.91	30.91
juego1	easy	50.0	0.009	237725	700	236	412	176	2	30.91	30.91	30.91
juego1	easy	50.0	0.009	237733	700	236	412	176	2	30.91	30.91	30.91
juego1	easy	50.0	0.009	237742	700	235	412	177	2	30.92	30.92	30.92
juego1	easy	50.0	0.009	237751	700	235	412	177	2	30.92	30.92	30.92
juego1	easy	50.0	0.009	237759	700	235	412	177	2	30.92	30.92	30.92
juego1	easy	50.0	0.009	237768	700	234	412	178	2	30.92	30.92	30.92
juego1	easy	50.0	0.009	237777	700	234	412	178	2	30.92	30.92	30.92
juego1	easy	50.0	0.009	237785	700	234	412	178	2	30.92	30.92	30.92
juego1	easy	50.0	0.009	237794	700	233	412	179	2	30.92	30.92	30.92
juego1	easy	50.0	0.009	237801	700	233	412	179	2	30.91	30.91	30.91
juego1	easy	50.0	0.009	237810	700	232	412	180	2	30.91	30.91	30.91
juego1	easy	50.0	0.009	237818	700	232	412	180	2	30.91	30.91	30.91
juego1	easy	50.0	0.009	237826	700	232	412	180	2	30.91	30.91	30.91
juego1	easy	50.0	0.009	237835	700	231	412	181	2	30.91	30.91	30.91
juego1	easy	50.0	0.009	237844	700	231	412	181	2	30.91	30.91	30.91
juego1	easy	50.0	0.009	237852	700	231	412	181	2	30.91	30.91	30.91
juego1	easy	50.0	0.009	237861	700	230	412	182	2	30.91	30.91	30.91
juego1	easy	50.0	0.009	237869	700	230	412	182	2	30.91	30.91	30.91
juego1	easy	50.0	0.009	237878	700	230	412	182	2	30.91	30.91	30.91
juego1	easy	50.0	0.009	237886	700	229	412	183	2	30.91	30.91	30.91
juego1	easy	50.0	0.009	237895	700	229	412	183	2	30.91	30.91	30.91
juego1	easy	50.0	0.009	237903	700	229	412	183	2	30.91	30.91	30.91
juego1	easy	50.0	0.009	237911	700	229	412	183	2	30.92	30.92	30.92
juego1	easy	50.0	0.009	237920	700	228	412	184	2	30.91	30.91	30.91
juego1	easy	50.0	0.009	237929	700	228	412	184	2	30.91	30.91	30.91
juego1	easy	50.0	0.009	237938	700	228	412	184	2	30.91	30.91	30.91
juego1	easy	50.0	0.009	237947	700	227	412	185	2	30.91	30.91	30.91
juego1	easy	50.0	0.009	237955	700	227	412	185	2	30.91	30.91	30.91
juego1	easy	50.0	0.009	237963	700	227	412	185	2	30.91	30.91	30.91
juego1	easy	50.0	0.009	237972	700	227	412	185	2	30.92	30.92	30.92
juego1	easy	50.0	0.009	237981	700	226	412	186	2	30.92	30.92	30.92
juego1	easy	50.0	0.009	237989	700	226	412	186	2	30.91	30.91	30.91
juego1	easy	50.0	0.009	237998	700	226	412	186	2	30.92	30.92	30.92
juego1	easy	50.0	0.009	238006	700	226	412	186	2	30.92	30.92	30.92
juego1	easy	50.0	0.009	238015	700	225	412	187	2	30.92	30.92	30.92
juego1	easy	50.0	0.009	238023	700	225	412	187	2	30.92	30.92	30.92
juego1	easy	50.0	0.009	238032	700	225	412	187	2	30.92	30.92	30.92
juego1	easy	50.0	0.009	238040	700	225	412	187	2	30.92	30.92	30.92
juego1	easy	50.0	0.009	238049	700	224	412	188	2	30.92	30.92	30.92
juego1	easy	50.0	0.009	238058	700	224	412	188	2	30.92	30.92	30.92
juego1	easy	50.0	0.009	238066	700	224	412	188	2	30.92	30.92	30.92
juego1	easy	50.0	0.009	238075	700	224	412	188	2	30.92	30.92	30.92
juego1	easy	50.0	0.009	238084	700	224	412	188	2	30.92	30.92	30.92
juego1	easy	50.0	0.009	238093	700	223	412	189	2	30.92	30.92	30.92
juego1	easy	50.0	0.009	238102	700	223	412	189	2	30.92	30.92	30.92
juego1	easy	50.0	0.009	238109	700	223	412	189	2	30.92	30.92	30.92
juego1	easy	50.0	0.009	238117	700	223	412	189	2	30.92	30.92	30.92
juego1	easy	50.0	0.009	238126	700	223	412	189	2	30.92	30.92	30.92
juego1	easy	50.0	0.009	238134	700	222	412	190	2	30.92	30.92	30.92
juego1	easy	50.0	0.009	238143	700	222	412	190	2	30.92	30.92	30.92
juego1	easy	50.0	0.009	238152	700	222	412	190	2	30.92	30.92	30.92
juego1	easy	50.0	0.009	238160	700	222	412	190	2	30.92	30.92	30.92
juego1	easy	50.0	0.009	238169	700	222	412	190	2	30.92	30.92	30.92
juego1	easy	50.0	0.009	238178	700	222	412	190	2	30.92	30.92	30.92
juego1	easy	50.0	0.009	238186	700	222	412	190	2	30.92	30.92	30.92
juego1	easy	50.0	0.009	238195	700	221	412	191	2	30.92	30.92	30.92
juego1	easy	50.0	0.009	238203	700	221	412	191	2	30.92	30.92	30.92
juego1	easy	50.0	0.009	238212	700	221	412	191	2	30.92	30.92	30.92
juego1	easy	50.0	0.009	238220	700	221	412	191	2	30.92	30.92	30.92
juego1	easy	50.0	0.009	238229	700	221	412	191	2	30.92	30.92	30.92
juego1	easy	50.0	0.009	238237	700	221	412	191	2	30.92	30.92	30.92
juego1	easy	50.0	0.009	238246	700	221	412	191	2	30.92	30.92	30.92
juego1	easy	50.0	0.009	238254	700	221	412	191	2	30.92	30.92	30.92
juego1	easy	50.0	0.009	238263	700	221	412	191	2	30.92	30.92	30.92
juego1	easy	50.0	0.009	238271	700	221	412	191	2	30.92	30.92	30.92
juego1	easy	50.0	0.009	238280	700	220	412	192	2	30.92	30.92	30.92
juego1	easy	50.0	0.009	238288	700	220	412	192	2	30.92	30.92	30.92
juego1	easy	50.0	0.009	238297	700	220	412	192	2	30.92	30.92	30.92
juego1	easy	50.0	0.009	238305	700	220	412	192	2	30.92	30.92	30.92
juego1	easy	50.0	0.009	238314	700	220	412	192	2	30.92	30.92	30.92
juego1	easy	50.0	0.009	238323	700	220	412	192	2	30.92	30.92	30.92
juego1	easy	50.0	0.009	238332	700	220	412	192	2	30.92	30.92	30.92
juego1	easy	50.0	0.009	238341	700	220	412	192	2	30.92	30.92	30.92
juego1	easy	50.0	0.009	238349	700	220	412	192	2	30.92	30.92	30.92
juego1	easy	50.0	0.009	238358	700	220	412	192	2	30.92	30.92	30.92
juego1	easy	50.0	0.009	238366	700	220	412	192	2	30.92	30.92	30.92
juego1	easy	50.0	0.009	238374	700	220	412	192	2	30.92	30.92	30.92
juego1	easy	50.0	0.009	238383	700	220	412	192	2	30.92	30.92	30.92
juego1	easy	50.0	0.009	238391	700	220	412	192	2	30.92	30.92	30.92
juego1	easy	50.0	0.009	238399	700	220	412	192	2	30.92	30.92	30.92
juego1	easy	50.0	0.009	238407	700	220	412	192	2	30.92	30.92	30.92
juego1	easy	50.0	0.009	238416	700	220	412	192	2	30.92	30.92	30.92
juego1	easy	50.0	0.009	238424	700	220	412	192	2	30.92	30.92	30.92
juego1	easy	50.0	0.009	238432	700	220	412	192	2	30.92	30.92	30.92
juego1	easy	50.0	0.009	238441	700	220	412	192	2	30.92	30.92	30.92
juego1	easy	50.0	0.009	238448	700	220	412	192	2	30.92	30.92	30.92
juego1	easy	50.0	0.009	238457	700	220	412	192	2	30.92	30.92	30.92
juego1	easy	50.0	0.009	238464	700	220	412	192	2	30.92	30.92	30.92
juego1	easy	50.0	0.009	238472	700	220	412	192	2	30.92	30.92	30.92
juego1	easy	50.0	0.009	238481	700	220	412	192	2	30.92	30.92	30.92
juego1	easy	50.0	0.009	238489	700	220	412	192	2	30.92	30.92	30.92
juego1	easy	50.0	0.009	238497	700	221	412	191	2	30.92	30.92	30.92
juego1	easy	50.0	0.009	238506	700	221	412	191	2	30.92	30.92	30.92
juego1	easy	50.0	0.009	238514	700	221	412	191	2	30.92	30.92	30.92
juego1	easy	50.0	0.009	238522	700	221	412	191	2	30.92	30.92	30.92
juego1	easy	50.0	0.009	238531	700	221	412	191	2	30.92	30.92	30.92
juego1	easy	50.0	0.009	238538	700	221	412	191	2	30.92	30.92	30.92
juego1	easy	50.0	0.009	238547	700	221	412	191	2	30.92	30.92	30.92
juego1	easy	50.0	0.009	238555	700	221	412	191	2	30.92	30.92	30.92
juego1	easy	50.0	0.009	238563	700	221	412	191	2	30.92	30.92	30.92
juego1	easy	50.0	0.009	238572	700	221	412	191	2	30.92	30.92	30.92
juego1	easy	50.0	0.009	238581	700	222	412	190	2	30.92	30.92	30.92
juego1	easy	50.0	0.009	238588	700	222	412	190	2	30.92	30.92	30.92
juego1	easy	50.0	0.009	238596	700	222	412	190	2	30.92	30.92	30.92
juego1	easy	50.0	0.009	238605	700	222	412	190	2	30.92	30.92	30.92
juego1	easy	50.0	0.009	238614	700	222	412	190	2	30.92	30.92	30.92
juego1	easy	50.0	0.009	238623	700	222	412	190	2	30.92	30.92	30.92
juego1	easy	50.0	0.009	238632	700	222	412	190	2	30.92	30.92	30.92
juego1	easy	50.0	0.009	238641	700	223	412	189	2	30.92	30.92	30.92
juego1	easy	50.0	0.009	238649	700	223	412	189	2	30.92	30.92	30.92
juego1	easy	50.0	0.009	238657	700	223	412	189	2	30.92	30.92	30.92
juego1	easy	50.0	0.009	238666	700	223	412	189	2	30.92	30.92	30.92
juego1	easy	50.0	0.009	238674	700	223	412	189	2	30.92	30.92	30.92
juego1	easy	50.0	0.009	238683	700	224	412	188	2	30.92	30.92	30.92
juego1	easy	50.0	0.009	238691	700	224	412	188	2	30.92	30.92	30.92
juego1	easy	50.0	0.009	238700	700	224	412	188	2	30.92	30.92	30.92
juego1	easy	50.0	0.009	238708	700	224	412	188	2	30.92	30.92	30.92
juego1	easy	50.0	0.009	238717	700	224	412	188	2	30.92	30.92	30.92
juego1	easy	50.0	0.009	238725	700	225	412	187	2	30.92	30.92	30.92
juego1	easy	50.0	0.009	238733	700	225	412	187	2	30.92	30.92	30.92
juego1	easy	50.0	0.009	238742	700	225	412	187	2	30.92	30.92	30.92
juego1	easy	50.0	0.009	238750	700	225	412	187	2	30.92	30.92	30.92
juego1	easy	50.0	0.009	238758	700	225	412	187	2	30.92	30.92	30.92
juego1	easy	50.0	0.009	238767	700	226	412	186	2	30.92	30.92	30.92
juego1	easy	50.0	0.009	238775	700	226	412	186	2	30.92	30.92	30.92
juego1	easy	50.0	0.009	238784	700	226	412	186	2	30.92	30.92	30.92
juego1	easy	50.0	0.009	238793	700	227	412	185	2	30.92	30.92	30.92
juego1	easy	50.0	0.009	238802	700	227	412	185	2	30.92	30.92	30.92
juego1	easy	50.0	0.009	238811	700	227	412	185	2	30.92	30.92	30.92
juego1	easy	50.0	0.009	238819	700	227	412	185	2	30.92	30.92	30.92
juego1	easy	50.0	0.009	238827	700	228	412	184	2	30.92	30.92	30.92
juego1	easy	50.0	0.009	238836	700	228	412	184	2	30.92	30.92	30.92
juego1	easy	50.0	0.009	238844	700	228	412	184	2	30.92	30.92	30.92
juego1	easy	50.0	0.009	238853	700	228	412	184	2	30.92	30.92	30.92
juego1	easy	50.0	0.009	238861	700	229	412	183	2	30.92	30.92	30.92
juego1	easy	50.0	0.009	238870	700	229	412	183	2	30.92	30.92	30.92
juego1	easy	50.0	0.009	238879	700	229	412	183	2	30.92	30.92	30.92
juego1	easy	50.0	0.009	238888	700	230	412	182	2	30.92	30.92	30.92
juego1	easy	50.0	0.009	238897	700	230	412	182	2	30.92	30.92	30.92
juego1	easy	50.0	0.009	238904	700	230	412	182	2	30.92	30.92	30.92
juego1	easy	50.0	0.009	238913	700	231	412	181	2	30.92	30.92	30.92
juego1	easy	50.0	0.009	238922	700	231	412	181	2	30.92	30.92	30.92
juego1	easy	50.0	0.009	238929	700	231	412	181	2	30.92	30.92	30.92
juego1	easy	50.0	0.009	238938	700	232	412	180	2	30.92	30.92	30.92
juego1	easy	50.0	0.009	238947	700	232	412	180	2	30.92	30.92	30.92
juego1	easy	50.0	0.009	238955	700	232	412	180	2	30.92	30.92	30.92
juego1	easy	50.0	0.009	238963	700	233	412	179	2	30.92	30.92	30.92
juego1	easy	50.0	0.009	238972	700	233	412	179	2	30.92	30.92	30.92
juego1	easy	50.0	0.009	238980	700	234	412	178	2	30.92	30.92	30.92
juego1	easy	50.0	0.009	238988	700	234	412	178	2	30.92	30.92	30.92
juego1	easy	50.0	0.009	238997	700	234	412	178	2	30.92	30.92	30.92
juego1	easy	50.0	0.009	239006	700	235	412	177	2	30.92	30.92	30.92
juego1	easy	50.0	0.009	239013	700	235	412	177	2	30.92	30.92	30.92
juego1	easy	50.0	0.009	239022	700	235	412	177	2	30.92	30.92	30.92
juego1	easy	50.0	0.009	239030	700	236	412	176	2	30.92	30.92	30.92
juego1	easy	50.0	0.009	239039	700	236	412	176	2	30.92	30.92	30.92
juego1	easy	50.0	0.009	239047	700	237	412	175	2	30.92	30.92	30.92
juego1	easy	50.0	0.009	239056	700	237	412	175	2	30.92	30.92	30.92
juego1	easy	50.0	0.009	239065	700	237	412	175	2	30.92	30.92	30.92
juego1	easy	50.0	0.009	239074	700	238	412	174	2	30.92	30.92	30.92
juego1	easy	50.0	0.009	239082	700	238	412	174	2	30.91	30.91	30.91
juego1	easy	50.0	0.009	239091	700	239	412	173	2	30.91	30.91	30.91
juego1	easy	50.0	0.009	239099	700	239	412	173	2	30.92	30.92	30.92
juego1	easy	50.0	0.009	239108	700	240	412	172	2	30.92	30.92	30.92
juego1	easy	50.0	0.009	239116	700	240	412	172	2	30.91	30.91	30.91
juego1	easy	50.0	0.009	239124	700	240	412	172	2	30.91	30.91	30.91
juego1	easy	50.0	0.009	239133	700	241	412	171	2	30.91	30.91	30.91
juego1	easy	50.0	0.009	239141	700	241	412	171	2	30.91	30.91	30.91
juego1	easy	50.0	0.009	239150	700	242	412	170	2	30.91	30.91	30.91
juego1	easy	50.0	0.009	239158	700	242	412	170	2	30.91	30.91	30.91
juego1	easy	50.0	0.009	239166	700	243	412	169	2	30.91	30.91	30.91
juego1	easy	50.0	0.009	239175	700	243	412	169	2	30.91	30.91	30.91
juego1	easy	50.0	0.009	239184	700	244	412	168	2	30.9	30.9	30.9
juego1	easy	50.0	0.009	239193	700	244	412	168	2	30.91	30.91	30.91
juego1	easy	50.0	0.009	239202	700	245	412	167	2	30.91	30.91	30.91
juego1	easy	50.0	0.009	239211	700	245	412	167	2	30.91	30.91	30.91
juego1	easy	50.0	0.009	239218	700	246	412	166	2	30.91	30.91	30.91
juego1	easy	50.0	0.009	239227	700	246	412	166	2	30.91	30.91	30.91
juego1	easy	50.0	0.009	239235	700	247	412	165	2	30.91	30.91	30.91
juego1	easy	50.0	0.009	239244	700	247	412	165	2	30.91	30.91	30.91
juego1	easy	50.0	0.009	239253	700	248	412	164	2	30.91	30.91	30.91
juego1	easy	50.0	0.009	239261	700	248	412	164	2	30.91	30.91	30.91
juego1	easy	50.0	0.009	239270	700	249	412	163	2	30.91	30.91	30.91
juego1	easy	50.0	0.009	239279	700	249	412	163	2	30.91	30.91	30.91
juego1	easy	50.0	0.009	239288	700	250	412	162	2	30.91	30.91	30.91
juego1	easy	50.0	0.009	239297	700	250	412	162	2	30.91	30.91	30.91
juego1	easy	50.0	0.009	239305	700	251	412	161	2	30.91	30.91	30.91
juego1	easy	50.0	0.009	239314	700	251	412	161	2	30.91	30.91	30.91
juego1	easy	50.0	0.009	239323	700	252	412	160	2	30.91	30.91	30.91
juego1	easy	50.0	0.009	239331	700	252	412	160	2	30.91	30.91	30.91
juego1	easy	50.0	0.009	239339	700	253	412	159	2	30.91	30.91	30.91
juego1	easy	50.0	0.009	239348	700	253	412	159	2	30.91	30.91	30.91
juego1	easy	50.0	0.009	239357	700	254	412	158	2	30.91	30.91	30.91
juego1	easy	50.0	0.009	239366	700	254	412	158	2	30.91	30.91	30.91
juego1	easy	50.0	0.009	239375	700	255	412	157	2	30.91	30.91	30.91
juego1	easy	50.0	0.009	239384	700	255	412	157	2	30.91	30.91	30.91
juego1	easy	50.0	0.009	239392	700	256	412	156	2	30.91	30.91	30.91
juego1	easy	50.0	0.009	239401	700	256	412	156	2	30.91	30.91	30.91
juego1	easy	50.0	0.009	239410	700	257	412	155	2	30.91	30.91	30.91
juego1	easy	50.0	0.009	239418	700	258	412	154	2	30.91	30.91	30.91
juego1	easy	50.0	0.009	239427	700	258	412	154	2	30.91	30.91	30.91
juego1	easy	50.0	0.009	239435	700	259	412	153	2	30.91	30.91	30.91
juego1	easy	50.0	0.009	239444	700	259	412	153	2	30.92	30.92	30.92
juego1	easy	50.0	0.009	239452	700	260	412	152	2	30.92	30.92	30.92
juego1	easy	50.0	0.009	239461	700	260	412	152	2	30.92	30.92	30.92
juego1	easy	50.0	0.009	239469	700	261	412	151	2	30.92	30.92	30.92
juego1	easy	50.0	0.009	239478	700	262	412	150	2	30.92	30.92	30.92
juego1	easy	50.0	0.009	239485	700	262	412	150	2	30.92	30.92	30.92
juego1	easy	50.0	0.009	239494	700	263	412	149	2	30.92	30.92	30.92
juego1	easy	50.0	0.009	239501	700	263	412	149	2	30.92	30.92	30.92
juego1	easy	50.0	0.009	239510	700	264	412	148	2	30.92	30.92	30.92
juego1	easy	50.0	0.009	239518	700	264	412	148	2	30.91	30.91	30.91
juego1	easy	50.0	0.009	239527	700	265	412	147	2	30.91	30.91	30.91
juego1	easy	50.0	0.009	239535	700	266	412	146	2	30.91	30.91	30.91
juego1	easy	50.0	0.009	239545	700	266	412	146	2	30.91	30.91	30.91
juego1	easy	50.0	0.009	239553	700	267	412	145	2	30.91	30.91	30.91
juego1	easy	50.0	0.009	239562	700	267	412	145	2	30.91	30.91	30.91
juego1	easy	50.0	0.009	239570	700	268	412	144	2	30.91	30.91	30.91
juego1	easy	50.0	0.009	239580	700	269	412	143	2	30.91	30.91	30.91
juego1	easy	50.0	0.009	239588	700	269	412	143	2	30.91	30.91	30.91
juego1	easy	50.0	0.009	239597	700	270	412	142	2	30.91	30.91	30.91
juego1	easy	50.0	0.009	239606	700	270	412	142	2	30.92	30.92	30.92
juego1	easy	50.0	0.009	239615	700	271	412	141	2	30.91	30.91	30.91
juego1	easy	50.0	0.009	239625	700	272	412	140	2	30.92	30.92	30.92
juego1	easy	50.0	0.009	239632	700	272	412	140	2	30.92	30.92	30.92
juego1	easy	50.0	0.009	239641	700	273	412	139	2	30.91	30.91	30.91
juego1	easy	50.0	0.009	239650	700	273	412	139	2	30.92	30.92	30.92
juego1	easy	50.0	0.009	239657	700	274	412	138	2	30.92	30.92	30.92
juego1	easy	50.0	0.009	239666	700	275	412	137	2	30.92	30.92	30.92
juego1	easy	50.0	0.009	239674	700	275	412	137	2	30.91	30.91	30.91
juego1	easy	50.0	0.009	239683	700	276	412	136	2	30.91	30.91	30.91
juego1	easy	50.0	0.009	239692	700	276	412	136	2	30.92	30.92	30.92
juego1	easy	50.0	0.009	239700	700	277	412	135	2	30.92	30.92	30.92
juego1	easy	50.0	0.009	239710	700	278	412	134	2	30.91	30.91	30.91
juego1	easy	50.0	0.009	239718	700	278	412	134	2	30.91	30.91	30.91
juego1	easy	50.0	0.009	239727	700	279	412	133	2	30.91	30.91	30.91
juego1	easy	50.0	0.009	239735	700	279	412	133	2	30.91	30.91	30.91
juego1	easy	50.0	0.009	239745	700	280	412	132	2	30.91	30.91	30.91
juego1	easy	50.0	0.009	239753	700	281	412	131	2	30.91	30.91	30.91
juego1	easy	50.0	0.009	239762	700	281	412	131	2	30.91	30.91	30.91
juego1	easy	50.0	0.009	239770	700	282	412	130	2	30.91	30.91	30.91
juego1	easy	50.0	0.009	239780	700	283	412	129	2	30.91	30.91	30.91
juego1	easy	50.0	0.009	239788	700	283	412	129	2	30.91	30.91	30.91
juego1	easy	50.0	0.009	239796	700	284	412	128	2	30.91	30.91	30.91
juego1	easy	50.0	0.009	239805	700	284	412	128	2	30.91	30.91	30.91
juego1	easy	50.0	0.009	239813	700	285	412	127	2	30.91	30.91	30.91
juego1	easy	50.0	0.009	239821	700	286	412	126	2	30.91	30.91	30.91
juego1	easy	50.0	0.009	239830	700	286	412	126	2	30.91	30.91	30.91
juego1	easy	50.0	0.009	239839	700	287	412	125	2	30.91	30.91	30.91
juego1	easy	50.0	0.009	239847	700	288	412	124	2	30.91	30.91	30.91
juego1	easy	50.0	0.009	239856	700	288	412	124	2	30.91	30.91	30.91
juego1	easy	50.0	0.009	239863	700	289	412	123	2	30.91	30.91	30.91
juego1	easy	50.0	0.009	239872	700	289	412	123	2	30.91	30.91	30.91
juego1	easy	50.0	0.009	239880	700	290	412	122	2	30.91	30.91	30.91
juego1	easy	50.0	0.009	239889	700	291	412	121	2	30.91	30.91	30.91
juego1	easy	50.0	0.009	239897	700	292	412	120	2	30.91	30.91	30.91
juego1	easy	50.0	0.009	239906	700	292	412	120	2	30.91	30.91	30.91
juego1	easy	50.0	0.009	239914	700	293	412	119	2	30.91	30.91	30.91
juego1	easy	50.0	0.009	239923	700	294	412	118	2	30.91	30.91	30.91
juego1	easy	50.0	0.009	239932	700	295	412	117	2	30.91	30.91	30.91
juego1	easy	50.0	0.009	239939	700	295	412	117	2	30.91	30.91	30.91
juego1	easy	50.0	0.009	239948	700	296	412	116	2	30.91	30.91	30.91
juego1	easy	50.0	0.009	239956	700	297	412	115	2	30.91	30.91	30.91
juego1	easy	50.0	0.009	239965	700	297	412	115	2	30.91	30.91	30.91
juego1	easy	50.0	0.009	239973	700	298	412	114	2	30.91	30.91	30.91
juego1	easy	50.0	0.009	239982	700	299	412	113	2	30.91	30.91	30.91
juego1	easy	50.0	0.009	239990	700	300	412	112	2	30.91	30.91	30.91
juego1	easy	50.0	0.009	239999	700	300	412	112	2	30.91	30.91	30.91
juego1	easy	50.0	0.009	240008	700	300	412	112	2	30.91	30.91	30.91
juego1	easy	50.0	0.009	240015	700	301	412	111	2	30.91	30.91	30.91
juego1	easy	50.0	0.009	240024	700	301	412	111	2	30.91	30.91	30.91
juego1	easy	50.0	0.009	240032	700	302	412	110	2	30.91	30.91	30.91
juego1	easy	50.0	0.009	240040	700	303	412	109	2	30.91	30.91	30.91
juego1	easy	50.0	0.009	240049	700	304	412	108	2	30.91	30.91	30.91
juego1	easy	50.0	0.009	240058	700	304	412	108	2	30.91	30.91	30.91
juego1	easy	50.0	0.009	240067	700	305	412	107	2	30.91	30.91	30.91
juego1	easy	50.0	0.009	240076	700	306	412	106	2	30.91	30.91	30.91
juego1	easy	50.0	0.009	240084	700	306	412	106	2	30.91	30.91	30.91
juego1	easy	50.0	0.009	240093	700	307	412	105	2	30.91	30.91	30.91
juego1	easy	50.0	0.009	240102	700	308	412	104	2	30.91	30.91	30.91
juego1	easy	50.0	0.009	240109	700	309	412	103	2	30.91	30.91	30.91
juego1	easy	50.0	0.009	240118	700	309	412	103	2	30.91	30.91	30.91
juego1	easy	50.0	0.009	240126	700	310	412	102	2	30.91	30.91	30.91
juego1	easy	50.0	0.009	240135	700	311	412	101	2	30.91	30.91	30.91
juego1	easy	50.0	0.009	240143	700	311	412	101	2	30.91	30.91	30.91
juego1	easy	50.0	0.009	240152	700	312	412	100	2	30.92	30.92	30.92
juego1	easy	50.0	0.009	240160	700	313	412	99	2	30.91	30.91	30.91
juego1	easy	50.0	0.009	240169	700	313	412	99	2	30.91	30.91	30.91
juego1	easy	50.0	0.009	240178	700	314	412	98	2	30.92	30.92	30.92
juego1	easy	50.0	0.009	240187	700	315	412	97	2	30.92	30.92	30.92
juego1	easy	50.0	0.009	240196	700	315	412	97	2	30.92	30.92	30.92
juego1	easy	50.0	0.009	240204	700	316	412	96	2	30.92	30.92	30.92
juego1	easy	50.0	0.009	240212	700	317	412	95	2	30.92	30.92	30.92
juego1	easy	50.0	0.009	240221	700	317	412	95	2	30.92	30.92	30.92
juego1	easy	50.0	0.009	240230	700	318	412	94	2	30.92	30.92	30.92
juego1	easy	50.0	0.009	240237	700	319	412	93	2	30.92	30.92	30.92
juego1	easy	50.0	0.009	240246	700	320	412	92	2	30.92	30.92	30.92
juego1	easy	50.0	0.009	240254	700	320	412	92	2	30.92	30.92	30.92
juego1	easy	50.0	0.009	240263	700	321	412	91	2	30.92	30.92	30.92
juego1	easy	50.0	0.009	240271	700	322	412	90	2	30.91	30.91	30.91
juego1	easy	50.0	0.009	240281	700	322	412	90	2	30.91	30.91	30.91
juego1	easy	50.0	0.009	240289	700	323	412	89	2	30.91	30.91	30.91
juego1	easy	50.0	0.009	240297	700	323	412	89	2	30.91	30.91	30.91
juego1	easy	50.0	0.009	240306	700	324	412	88	2	30.91	30.91	30.91
juego1	easy	50.0	0.009	240314	700	325	412	87	2	30.91	30.91	30.91
juego1	easy	50.0	0.009	240322	700	325	412	87	2	30.92	30.92	30.92
juego1	easy	50.0	0.009	240331	700	326	412	86	2	30.92	30.92	30.92
juego1	easy	50.0	0.009	240339	700	327	412	85	2	30.92	30.92	30.92
juego1	easy	50.0	0.009	240348	700	327	412	85	2	30.91	30.91	30.91
juego1	easy	50.0	0.009	240356	700	328	412	84	2	30.91	30.91	30.91
juego1	easy	50.0	0.009	240364	700	329	412	83	2	30.91	30.91	30.91
juego1	easy	50.0	0.009	240372	700	329	412	83	2	30.91	30.91	30.91
juego1	easy	50.0	0.009	240381	700	330	412	82	2	30.91	30.91	30.91
juego1	easy	50.0	0.009	240390	700	330	412	82	2	30.91	30.91	30.91
juego1	easy	50.0	0.009	240399	700	331	412	81	2	30.91	30.91	30.91
juego1	easy	50.0	0.009	240407	700	332	412	80	2	30.91	30.91	30.91
juego1	easy	50.0	0.009	240416	700	332	412	80	2	30.91	30.91	30.91
juego1	easy	50.0	0.009	240424	700	333	412	79	2	30.91	30.91	30.91
juego1	easy	50.0	0.009	240433	700	334	412	78	2	30.91	30.91	30.91
juego1	easy	50.0	0.009	240440	700	334	412	78	2	30.91	30.91	30.91
juego1	easy	50.0	0.009	240449	700	335	412	77	2	30.91	30.91	30.91
juego1	easy	50.0	0.009	240457	700	335	412	77	2	30.91	30.91	30.91
juego1	easy	50.0	0.009	240466	700	336	412	76	2	30.91	30.91	30.91
juego1	easy	50.0	0.009	240475	700	336	412	76	2	30.91	30.91	30.91
juego1	easy	50.0	0.009	240484	700	337	412	75	2	30.91	30.91	30.91
juego1	easy	50.0	0.009	240493	700	338	412	74	2	30.91	30.91	30.91
juego1	easy	50.0	0.009	240502	700	338	412	74	2	30.91	30.91	30.91
juego1	easy	50.0	0.009	240509	700	339	412	73	2	30.91	30.91	30.91
juego1	easy	50.0	0.009	240518	700	339	412	73	2	30.91	30.91	30.91
juego1	easy	50.0	0.009	240526	700	340	412	72	2	30.91	30.91	30.91
juego1	easy	50.0	0.009	240535	700	340	412	72	2	30.91	30.91	30.91
juego1	easy	50.0	0.009	240543	700	341	412	71	2	30.91	30.91	30.91
juego1	easy	50.0	0.009	240552	700	342	412	70	2	30.91	30.91	30.91
juego1	easy	50.0	0.009	240561	700	342	412	70	2	30.91	30.91	30.91
juego1	easy	50.0	0.009	240568	700	343	412	69	2	30.91	30.91	30.91
juego1	easy	50.0	0.009	240577	700	343	412	69	2	30.91	30.91	30.91
juego1	easy	50.0	0.009	240586	700	344	412	68	2	30.91	30.91	30.91
juego1	easy	50.0	0.009	240593	700	344	412	68	2	30.91	30.91	30.91
juego1	easy	50.0	0.009	240602	700	345	412	67	2	30.91	30.91	30.91
juego1	easy	50.0	0.009	240611	700	345	412	67	2	30.91	30.91	30.91
juego1	easy	50.0	0.009	240618	700	346	412	66	2	30.91	30.91	30.91
juego1	easy	50.0	0.009	240627	700	346	412	66	2	30.91	30.91	30.91
juego1	easy	50.0	0.009	240636	700	347	412	65	2	30.91	30.91	30.91
juego1	easy	50.0	0.009	240643	700	347	412	65	2	30.91	30.91	30.91
juego1	easy	50.0	0.009	240652	700	348	412	64	2	30.91	30.91	30.91
juego1	easy	50.0	0.009	240660	700	348	412	64	2	30.91	30.91	30.91
juego1	easy	50.0	0.009	240668	700	349	412	63	2	30.91	30.91	30.91
juego1	easy	50.0	0.009	240677	700	349	412	63	2	30.91	30.91	30.91
juego1	easy	50.0	0.009	240686	700	350	412	62	2	30.91	30.91	30.91
juego1	easy	50.0	0.009	240693	700	350	412	62	2	30.91	30.91	30.91
juego1	easy	50.0	0.009	240702	700	351	412	61	2	30.91	30.91	30.91
juego1	easy	50.0	0.009	240711	700	351	412	61	2	30.91	30.91	30.91
juego1	easy	50.0	0.009	240718	700	352	412	60	2	30.91	30.91	30.91
juego1	easy	50.0	0.009	240727	700	352	412	60	2	30.91	30.91	30.91
juego1	easy	50.0	0.009	240736	700	352	412	60	2	30.91	30.91	30.91
juego1	easy	50.0	0.009	240745	700	353	412	59	2	30.91	30.91	30.91
juego1	easy	50.0	0.009	240754	700	353	412	59	2	30.91	30.91	30.91
juego1	easy	50.0	0.009	240763	700	354	412	58	2	30.91	30.91	30.91
juego1	easy	50.0	0.009	240771	700	354	412	58	2	30.91	30.91	30.91
juego1	easy	50.0	0.009	240780	700	355	412	57	2	30.91	30.91	30.91
juego1	easy	50.0	0.009	240788	700	355	412	57	2	30.91	30.91	30.91
juego1	easy	50.0	0.009	240797	700	355	412	57	2	30.91	30.91	30.91
juego1	easy	50.0	0.009	240806	700	356	412	56	2	30.91	30.91	30.91
juego1	easy	50.0	0.009	240813	700	356	412	56	2	30.91	30.91	30.91
juego1	easy	50.0	0.009	240821	700	357	412	55	2	30.91	30.91	30.91
juego1	easy	50.0	0.009	240829	700	357	412	55	2	30.91	30.91	30.91
juego1	easy	50.0	0.009	240838	700	357	412	55	2	30.91	30.91	30.91
juego1	easy	50.0	0.009	240846	700	358	412	54	2	30.91	30.91	30.91
juego1	easy	50.0	0.009	240855	700	358	412	54	2	30.91	30.91	30.91
juego1	easy	50.0	0.009	240864	700	358	412	54	2	30.91	30.91	30.91
juego1	easy	50.0	0.009	240872	700	359	412	53	2	30.91	30.91	30.91
juego1	easy	50.0	0.009	240881	700	359	412	53	2	30.91	30.91	30.91
juego1	easy	50.0	0.009	240889	700	359	412	53	2	30.91	30.91	30.91
juego1	easy	50.0	0.009	240898	700	360	412	52	2	30.91	30.91	30.91
juego1	easy	50.0	0.009	240907	700	360	412	52	2	30.91	30.91	30.91
juego1	easy	50.0	0.009	240915	700	360	412	52	2	30.91	30.91	30.91
juego1	easy	50.0	0.009	240923	700	361	412	51	2	30.91	30.91	30.91
juego1	easy	50.0	0.009	240932	700	361	412	51	2	30.91	30.91	30.91
juego1	easy	50.0	0.009	240940	700	361	412	51	2	30.91	30.91	30.91
juego1	easy	50.0	0.009	240949	700	362	412	50	2	30.91	30.91	30.91
juego1	easy	50.0	0.009	240958	700	362	412	50	2	30.91	30.91	30.91
juego1	easy	50.0	0.009	240966	700	362	412	50	2	30.91	30.91	30.91
juego1	easy	50.0	0.009	240975	700	363	412	49	2	30.91	30.91	30.91
juego1	easy	50.0	0.009	240983	700	363	412	49	2	30.91	30.91	30.91
juego1	easy	50.0	0.009	240992	700	363	412	49	2	30.91	30.91	30.91
juego1	easy	50.0	0.009	241000	700	363	412	49	2	30.91	30.91	30.91
juego1	easy	50.0	0.009	241009	700	364	412	48	2	30.91	30.91	30.91
juego1	easy	50.0	0.009	241018	700	364	412	48	2	30.91	30.91	30.91
juego1	easy	50.0	0.009	241026	700	364	412	48	2	30.91	30.91	30.91
juego1	easy	50.0	0.009	241035	700	364	412	48	2	30.91	30.91	30.91
juego1	easy	50.0	0.009	241043	700	365	412	47	2	30.91	30.91	30.91
juego1	easy	50.0	0.009	241052	700	365	412	47	2	30.91	30.91	30.91
juego1	easy	50.0	0.009	241060	700	365	412	47	2	30.91	30.91	30.91
juego1	easy	50.0	0.009	241069	700	365	412	47	2	30.91	30.91	30.91
juego1	easy	50.0	0.009	241078	700	366	412	46	2	30.91	30.91	30.91
juego1	easy	50.0	0.009	241087	700	366	412	46	2	30.91	30.91	30.91
juego1	easy	50.0	0.009	241094	700	366	412	46	2	30.91	30.91	30.91
juego1	easy	50.0	0.009	241102	700	366	412	46	2	30.91	30.91	30.91
juego1	easy	50.0	0.009	241111	700	366	412	46	2	30.91	30.91	30.91
juego1	easy	50.0	0.009	241119	700	367	412	45	2	30.91	30.91	30.91
juego1	easy	50.0	0.009	241128	700	367	412	45	2	30.91	30.91	30.91
juego1	easy	50.0	0.009	241137	700	367	412	45	2	30.91	30.91	30.91
juego1	easy	50.0	0.009	241146	700	367	412	45	2	30.91	30.91	30.91
juego1	easy	50.0	0.009	241155	700	367	412	45	2	30.91	30.91	30.91
juego1	easy	50.0	0.009	241163	700	367	412	45	2	30.91	30.91	30.91
juego1	easy	50.0	0.009	241172	700	367	412	45	2	30.91	30.91	30.91
juego1	easy	50.0	0.009	241181	700	368	412	44	2	30.91	30.91	30.91
juego1	easy	50.0	0.009	241190	700	368	412	44	2	30.91	30.91	30.91
juego1	easy	50.0	0.009	241199	700	368	412	44	2	30.91	30.91	30.91
juego1	easy	50.0	0.009	241208	700	368	412	44	2	30.91	30.91	30.91
juego1	easy	50.0	0.009	241217	700	368	412	44	2	30.91	30.91	30.91
juego1	easy	50.0	0.009	241226	700	368	412	44	2	30.91	30.91	30.91
juego1	easy	50.0	0.009	241235	700	368	412	44	2	30.91	30.91	30.91
juego1	easy	50.0	0.009	241243	700	368	412	44	2	30.91	30.91	30.91
juego1	easy	50.0	0.009	241251	700	368	412	44	2	30.91	30.91	30.91
juego1	easy	50.0	0.009	241259	700	369	412	43	2	30.91	30.91	30.91
juego1	easy	50.0	0.009	241268	700	369	412	43	2	30.91	30.91	30.91
juego1	easy	50.0	0.009	241276	700	369	412	43	2	30.91	30.91	30.91
juego1	easy	50.0	0.009	241284	700	369	412	43	2	30.91	30.91	30.91
juego1	easy	50.0	0.009	241293	700	369	412	43	2	30.91	30.91	30.91
juego1	easy	50.0	0.009	241301	700	369	412	43	2	30.91	30.91	30.91
juego1	easy	50.0	0.009	241309	700	369	412	43	2	30.91	30.91	30.91
juego1	easy	50.0	0.009	241317	700	369	412	43	2	30.91	30.91	30.91
juego1	easy	50.0	0.009	241326	700	369	412	43	2	30.91	30.91	30.91
juego1	easy	50.0	0.009	241334	700	369	412	43	2	30.91	30.91	30.91
juego1	easy	50.0	0.009	241343	700	369	412	43	2	30.91	30.91	30.91
juego1	easy	50.0	0.009	241352	700	369	412	43	2	30.91	30.91	30.91
juego1	easy	50.0	0.009	241361	700	369	412	43	2	30.91	30.91	30.91
juego1	easy	50.0	0.009	241369	700	369	412	43	2	30.91	30.91	30.91
juego1	easy	50.0	0.009	241378	700	369	412	43	2	30.91	30.91	30.91
juego1	easy	50.0	0.009	241386	700	369	412	43	2	30.91	30.91	30.91
juego1	easy	50.0	0.009	241394	700	369	412	43	2	30.91	30.91	30.91
juego1	easy	50.0	0.009	241403	700	369	412	43	2	30.91	30.91	30.91
juego1	easy	50.0	0.009	241412	700	369	412	43	2	30.91	30.91	30.91
juego1	easy	50.0	0.009	241421	700	369	412	43	2	30.91	30.91	30.91
juego1	easy	50.0	0.009	241429	700	369	412	43	2	30.91	30.91	30.91
juego1	easy	50.0	0.009	241438	700	369	412	43	2	30.91	30.91	30.91
juego1	easy	50.0	0.009	241446	700	369	412	43	2	30.91	30.91	30.91
juego1	easy	50.0	0.009	241454	700	369	412	43	2	30.91	30.91	30.91
juego1	easy	50.0	0.009	241463	700	368	412	44	2	30.91	30.91	30.91
juego1	easy	50.0	0.009	241472	700	368	412	44	2	30.91	30.91	30.91
juego1	easy	50.0	0.009	241481	700	368	412	44	2	30.91	30.91	30.91
juego1	easy	50.0	0.009	241489	700	368	412	44	2	30.91	30.91	30.91
juego1	easy	50.0	0.009	241498	700	368	412	44	2	30.91	30.91	30.91
juego1	easy	50.0	0.009	241506	700	368	412	44	2	30.91	30.91	30.91
juego1	easy	50.0	0.009	241514	700	368	412	44	2	30.91	30.91	30.91
juego1	easy	50.0	0.009	241523	700	368	412	44	2	30.91	30.91	30.91
juego1	easy	50.0	0.009	241531	700	368	412	44	2	30.91	30.91	30.91
juego1	easy	50.0	0.009	241540	700	368	412	44	2	30.91	30.91	30.91
juego1	easy	50.0	0.009	241548	700	367	412	45	2	30.91	30.91	30.91
juego1	easy	50.0	0.009	241557	700	367	412	45	2	30.91	30.91	30.91
juego1	easy	50.0	0.009	241565	700	367	412	45	2	30.91	30.91	30.91
juego1	easy	50.0	0.009	241574	700	367	412	45	2	30.91	30.91	30.91
juego1	easy	50.0	0.009	241583	700	367	412	45	2	30.91	30.91	30.91
juego1	easy	50.0	0.009	241591	700	367	412	45	2	30.91	30.91	30.91
juego1	easy	50.0	0.009	241599	700	366	412	46	2	30.91	30.91	30.91
juego1	easy	50.0	0.009	241608	700	366	412	46	2	30.91	30.91	30.91
juego1	easy	50.0	0.009	241617	700	366	412	46	2	30.91	30.91	30.91
juego1	easy	50.0	0.009	241624	700	366	412	46	2	30.91	30.91	30.91
juego1	easy	50.0	0.009	241633	700	366	412	46	2	30.91	30.91	30.91
juego1	easy	50.0	0.009	241642	700	365	412	47	2	30.91	30.91	30.91
juego1	easy	50.0	0.009	241651	700	365	412	47	2	30.91	30.91	30.91
juego1	easy	50.0	0.009	241660	700	365	412	47	2	30.91	30.91	30.91
juego1	easy	50.0	0.009	241668	700	365	412	47	2	30.91	30.91	30.91
juego1	easy	50.0	0.009	241677	700	364	412	48	2	30.91	30.91	30.91
juego1	easy	50.0	0.009	241685	700	364	412	48	2	30.91	30.91	30.91
juego1	easy	50.0	0.009	241694	700	364	412	48	2	30.91	30.91	30.91
juego1	easy	50.0	0.009	241702	700	364	412	48	2	30.91	30.91	30.91
juego1	easy	50.0	0.009	241711	700	363	412	49	2	30.91	30.91	30.91
juego1	easy	50.0	0.009	241720	700	363	412	49	2	30.91	30.91	30.91
juego1	easy	50.0	0.009	241728	700	363	412	49	2	30.91	30.91	30.91
juego1	easy	50.0	0.009	241737	700	363	412	49	2	30.91	30.91	30.91
juego1	easy	50.0	0.009	241745	700	362	412	50	2	30.91	30.91	30.91
juego1	easy	50.0	0.009	241754	700	362	412	50	2	30.91	30.91	30.91
juego1	easy	50.0	0.009	241763	700	362	412	50	2	30.91	30.91	30.91
juego1	easy	50.0	0.009	241771	700	361	412	51	2	30.91	30.91	30.91
juego1	easy	50.0	0.009	241779	700	361	412	51	2	30.91	30.91	30.91
juego1	easy	50.0	0.009	241788	700	361	412	51	2	30.91	30.91	30.91
juego1	easy	50.0	0.009	241796	700	361	412	51	2	30.91	30.91	30.91
juego1	easy	50.0	0.009	241805	700	360	412	52	2	30.91	30.91	30.91
juego1	easy	50.0	0.009	241813	700	360	412	52	2	30.91	30.91	30.91
juego1	easy	50.0	0.009	241822	700	360	412	52	2	30.91	30.91	30.91
juego1	easy	50.0	0.009	241831	700	359	412	53	2	30.91	30.91	30.91
juego1	easy	50.0	0.009	241840	700	359	412	53	2	30.91	30.91	30.91
juego1	easy	50.0	0.009	241849	700	358	412	54	2	30.91	30.91	30.91
juego1	easy	50.0	0.009	241857	700	358	412	54	2	30.91	30.91	30.91
juego1	easy	50.0	0.009	241865	700	358	412	54	2	30.91	30.91	30.91
juego1	easy	50.0	0.009	241874	700	357	412	55	2	30.91	30.91	30.91
juego1	easy	50.0	0.009	241883	700	357	412	55	2	30.91	30.91	30.91
juego1	easy	50.0	0.009	241892	700	357	412	55	2	30.91	30.91	30.91
juego1	easy	50.0	0.009	241900	700	356	412	56	2	30.91	30.91	30.91
juego1	easy	50.0	0.009	241910	700	356	412	56	2	30.91	30.91	30.91
juego1	easy	50.0	0.009	241918	700	355	412	57	2	30.91	30.91	30.91
juego1	easy	50.0	0.009	241926	700	355	412	57	2	30.91	30.91	30.91
juego1	easy	50.0	0.009	241935	700	355	412	57	2	30.91	30.91	30.91
juego1	easy	50.0	0.009	241943	700	354	412	58	2	30.91	30.91	30.91
juego1	easy	50.0	0.009	241952	700	354	412	58	2	30.91	30.91	30.91
juego1	easy	50.0	0.009	241960	700	353	412	59	2	30.91	30.91	30.91
juego1	easy	50.0	0.009	241969	700	353	412	59	2	30.91	30.91	30.91
juego1	easy	50.0	0.009	241977	700	353	412	59	2	30.91	30.91	30.91
juego1	easy	50.0	0.009	241986	700	352	412	60	2	30.91	30.91	30.91
juego1	easy	50.0	0.009	241994	700	352	412	60	2	30.91	30.91	30.91
juego1	easy	50.0	0.009	242003	700	351	412	61	2	30.91	30.91	30.91
juego1	easy	50.0	0.009	242011	700	351	412	61	2	30.91	30.91	30.91
juego1	easy	50.0	0.009	242020	700	350	412	62	2	30.91	30.91	30.91
juego1	easy	50.0	0.009	242028	700	350	412	62	2	30.91	30.91	30.91
juego1	easy	50.0	0.009	242036	700	349	412	63	2	30.91	30.91	30.91
juego1	easy	50.0	0.009	242045	700	349	412	63	2	30.91	30.91	30.91
juego1	easy	50.0	0.009	242054	700	348	412	64	2	30.91	30.91	30.91
juego1	easy	50.0	0.009	242062	700	348	412	64	2	30.91	30.91	30.91
juego1	easy	50.0	0.009	242071	700	347	412	65	2	30.91	30.91	30.91
juego1	easy	50.0	0.009	242079	700	347	412	65	2	30.91	30.91	30.91
juego1	easy	50.0	0.009	242088	700	346	412	66	2	30.91	30.91	30.91
juego1	easy	50.0	0.009	242096	700	346	412	66	2	30.91	30.91	30.91
juego1	easy	50.0	0.009	242105	700	345	412	67	2	30.91	30.91	30.91
juego1	easy	50.0	0.009	242114	700	345	412	67	2	30.91	30.91	30.91
juego1	easy	50.0	0.009	242122	700	344	412	68	2	30.91	30.91	30.91
juego1	easy	50.0	0.009	242130	700	344	412	68	2	30.91	30.91	30.91
juego1	easy	50.0	0.009	242139	700	343	412	69	2	30.91	30.91	30.91
juego1	easy	50.0	0.009	242148	700	343	412	69	2	30.91	30.91	30.91
juego1	easy	50.0	0.009	242157	700	342	412	70	2	30.91	30.91	30.91
juego1	easy	50.0	0.009	242166	700	342	412	70	2	30.91	30.91	30.91
juego1	easy	50.0	0.009	242174	700	341	412	71	2	30.91	30.91	30.91
juego1	easy	50.0	0.009	242183	700	341	412	71	2	30.91	30.91	30.91
juego1	easy	50.0	0.009	242191	700	340	412	72	2	30.91	30.91	30.91
juego1	easy	50.0	0.009	242201	700	339	412	73	2	30.91	30.91	30.91
juego1	easy	50.0	0.009	242209	700	339	412	73	2	30.91	30.91	30.91
juego1	easy	50.0	0.009	242218	700	338	412	74	2	30.91	30.91	30.91
juego1	easy	50.0	0.009	242227	700	338	412	74	2	30.91	30.91	30.91
juego1	easy	50.0	0.009	242235	700	337	412	75	2	30.91	30.91	30.91
juego1	easy	50.0	0.009	242244	700	337	412	75	2	30.91	30.91	30.91
juego1	easy	50.0	0.009	242253	700	336	412	76	2	30.91	30.91	30.91
juego1	easy	50.0	0.009	242261	700	335	412	77	2	30.91	30.91	30.91
juego1	easy	50.0	0.009	242270	700	335	412	77	2	30.91	30.91	30.91
juego1	easy	50.0	0.009	242279	700	334	412	78	2	30.91	30.91	30.91
juego1	easy	50.0	0.009	242287	700	334	412	78	2	30.91	30.91	30.91
juego1	easy	50.0	0.009	242296	700	333	412	79	2	30.91	30.91	30.91
juego1	easy	50.0	0.009	242303	700	332	412	80	2	30.91	30.91	30.91
juego1	easy	50.0	0.009	242312	700	332	412	80	2	30.91	30.91	30.91
juego1	easy	50.0	0.009	242320	700	331	412	81	2	30.91	30.91	30.91
juego1	easy	50.0	0.009	242329	700	331	412	81	2	30.91	30.91	30.91
juego1	easy	50.0	0.009	242336	700	330	412	82	2	30.91	30.91	30.91
juego1	easy	50.0	0.009	242345	700	329	412	83	2	30.91	30.91	30.91
juego1	easy	50.0	0.009	242352	700	329	412	83	2	30.91	30.91	30.91
juego1	easy	50.0	0.009	242361	700	328	412	84	2	30.91	30.91	30.91
juego1	easy	50.0	0.009	242369	700	327	412	85	2	30.91	30.91	30.91
juego1	easy	50.0	0.009	242378	700	327	412	85	2	30.91	30.91	30.91
juego1	easy	50.0	0.009	242387	700	326	412	86	2	30.91	30.91	30.91
juego1	easy	50.0	0.009	242395	700	326	412	86	2	30.91	30.91	30.91
juego1	easy	50.0	0.009	242404	700	325	412	87	2	30.91	30.91	30.91
juego1	easy	50.0	0.009	242413	700	324	412	88	2	30.91	30.91	30.91
juego1	easy	50.0	0.009	242422	700	324	412	88	2	30.91	30.91	30.91
juego1	easy	50.0	0.009	242431	700	323	412	89	2	30.91	30.91	30.91
juego1	easy	50.0	0.009	242439	700	322	412	90	2	30.91	30.91	30.91
juego1	easy	50.0	0.009	242448	700	322	412	90	2	30.91	30.91	30.91
juego1	easy	50.0	0.009	242456	700	321	412	91	2	30.91	30.91	30.91
juego1	easy	50.0	0.009	242465	700	320	412	92	2	30.91	30.91	30.91
juego1	easy	50.0	0.009	242472	700	320	412	92	2	30.91	30.91	30.91
juego1	easy	50.0	0.009	242481	700	319	412	93	2	30.91	30.91	30.91
juego1	easy	50.0	0.009	242489	700	318	412	94	2	30.91	30.91	30.91
juego1	easy	50.0	0.009	242497	700	318	412	94	2	30.91	30.91	30.91
juego1	easy	50.0	0.009	242506	700	317	412	95	2	30.91	30.91	30.91
juego1	easy	50.0	0.009	242514	700	316	412	96	2	30.91	30.91	30.91
juego1	easy	50.0	0.009	242522	700	316	412	96	2	30.91	30.91	30.91
juego1	easy	50.0	0.009	242531	700	315	412	97	2	30.91	30.91	30.91
juego1	easy	50.0	0.009	242539	700	314	412	98	2	30.91	30.91	30.91
juego1	easy	50.0	0.009	242548	700	314	412	98	2	30.91	30.91	30.91
juego1	easy	50.0	0.009	242556	700	313	412	99	2	30.91	30.91	30.91
juego1	easy	50.0	0.009	242565	700	312	412	100	2	30.91	30.91	30.91
juego1	easy	50.0	0.009	242573	700	311	412	101	2	30.91	30.91	30.91
juego1	easy	50.0	0.009	242582	700	311	412	101	2	30.91	30.91	30.91
juego1	easy	50.0	0.009	242590	700	310	412	102	2	30.91	30.91	30.91
juego1	easy	50.0	0.009	242598	700	309	412	103	2	30.91	30.91	30.91
juego1	easy	50.0	0.009	242606	700	309	412	103	2	30.91	30.91	30.91
juego1	easy	50.0	0.009	242614	700	308	412	104	2	30.91	30.91	30.91
juego1	easy	50.0	0.009	242623	700	307	412	105	2	30.91	30.91	30.91
juego1	easy	50.0	0.009	242632	700	307	412	105	2	30.91	30.91	30.91
juego1	easy	50.0	0.009	242641	700	306	412	106	2	30.91	30.91	30.91
juego1	easy	50.0	0.009	242648	700	305	412	107	2	30.91	30.91	30.91
juego1	easy	50.0	0.009	242657	700	304	412	108	2	30.91	30.91	30.91
juego1	easy	50.0	0.009	242666	700	304	412	108	2	30.91	30.91	30.91
juego1	easy	50.0	0.009	242673	700	303	412	109	2	30.91	30.91	30.91
juego1	easy	50.0	0.009	242682	700	302	412	110	2	30.91	30.91	30.91
juego1	easy	50.0	0.009	242691	700	302	412	110	2	30.91	30.91	30.91
juego1	easy	50.0	0.009	242698	700	301	412	111	2	30.91	30.91	30.91
juego1	easy	50.0	0.009	242707	700	300	412	112	2	30.91	30.91	30.91
juego1	easy	50.0	0.009	242714	700	300	412	112	2	30.91	30.91	30.91
juego1	easy	50.0	0.009	242723	700	300	412	112	2	30.91	30.91	30.91
juego1	easy	50.0	0.009	242732	700	299	412	113	2	30.91	30.91	30.91
juego1	easy	50.0	0.009	242740	700	298	412	114	2	30.91	30.91	30.91
juego1	easy	50.0	0.009	242748	700	298	412	114	2	30.91	30.91	30.91
juego1	easy	50.0	0.009	242757	700	297	412	115	2	30.91	30.91	30.91
juego1	easy	50.0	0.009	242765	700	296	412	116	2	30.91	30.91	30.91
juego1	easy	50.0	0.009	242773	700	295	412	117	2	30.91	30.91	30.91
juego1	easy	50.0	0.009	242782	700	295	412	117	2	30.91	30.91	30.91
juego1	easy	50.0	0.009	242790	700	294	412	118	2	30.91	30.91	30.91
juego1	easy	50.0	0.009	242799	700	293	412	119	2	30.91	30.91	30.91
juego1	easy	50.0	0.009	242808	700	292	412	120	2	30.91	30.91	30.91
juego1	easy	50.0	0.009	242816	700	292	412	120	2	30.91	30.91	30.91
juego1	easy	50.0	0.009	242825	700	291	412	121	2	30.91	30.91	30.91
juego1	easy	50.0	0.009	242832	700	290	412	122	2	30.91	30.91	30.91
juego1	easy	50.0	0.009	242841	700	290	412	122	3	30.91	30.91	30.91
juego1	easy	30.0	0.007	242849	700	289	412	123	3	30.91	30.91	30.91
juego1	easy	30.0	0.007	242857	700	289	412	123	3	30.91	30.91	30.91
juego1	easy	30.0	0.007	242865	700	289	412	123	3	30.91	30.91	30.91
juego1	easy	30.0	0.007	242873	700	289	412	123	3	30.91	30.91	30.91
juego1	easy	30.0	0.007	242882	700	288	412	124	3	30.91	30.91	30.91
juego1	easy	30.0	0.007	242890	700	288	412	124	3	30.91	30.91	30.91
juego1	easy	30.0	0.007	242899	700	288	412	124	3	30.91	30.91	30.91
juego1	easy	30.0	0.007	242908	700	287	412	125	3	30.91	30.91	30.91
juego1	easy	30.0	0.007	242917	700	287	412	125	3	30.91	30.91	30.91
juego1	easy	30.0	0.007	242925	700	287	412	125	3	30.91	30.91	30.91
juego1	easy	30.0	0.007	242934	700	287	412	125	3	30.91	30.91	30.91
juego1	easy	30.0	0.007	242943	700	286	412	126	3	30.91	30.91	30.91
juego1	easy	30.0	0.007	242952	700	286	412	126	3	30.91	30.91	30.91
juego1	easy	30.0	0.007	242961	700	286	412	126	3	30.91	30.91	30.91
juego1	easy	30.0	0.007	242969	700	285	412	127	3	30.91	30.91	30.91
juego1	easy	30.0	0.007	242978	700	285	412	127	3	30.91	30.91	30.91
juego1	easy	30.0	0.007	242986	700	285	412	127	3	30.91	30.91	30.91
juego1	easy	30.0	0.007	242995	700	285	412	127	3	30.91	30.91	30.91
juego1	easy	30.0	0.007	243003	700	284	412	128	3	30.91	30.91	30.91
juego1	easy	30.0	0.007	243012	700	284	412	128	3	30.91	30.91	30.91
juego1	easy	30.0	0.007	243020	700	284	412	128	3	30.91	30.91	30.91
juego1	easy	30.0	0.007	243028	700	283	412	129	3	30.91	30.91	30.91
juego1	easy	30.0	0.007	243037	700	283	412	129	3	30.91	30.91	30.91
juego1	easy	30.0	0.007	243045	700	283	412	129	3	30.91	30.91	30.91
juego1	easy	30.0	0.007	243054	700	283	412	129	3	30.91	30.91	30.91
juego1	easy	30.0	0.007	243062	700	282	412	130	3	30.91	30.91	30.91
juego1	easy	30.0	0.007	243071	700	282	412	130	3	30.91	30.91	30.91
juego1	easy	30.0	0.007	243079	700	282	412	130	3	30.91	30.91	30.91
juego1	easy	30.0	0.007	243088	700	281	412	131	3	30.91	30.91	30.91
juego1	easy	30.0	0.007	243097	700	281	412	131	3	30.91	30.91	30.91
juego1	easy	30.0	0.007	243104	700	281	412	131	3	30.91	30.91	30.91
juego1	easy	30.0	0.007	243113	700	281	412	131	3	30.91	30.91	30.91
juego1	easy	30.0	0.007	243121	700	280	412	132	3	30.91	30.91	30.91
juego1	easy	30.0	0.007	243129	700	280	412	132	3	30.91	30.91	30.91
juego1	easy	30.0	0.007	243138	700	280	412	132	3	30.91	30.91	30.91
juego1	easy	30.0	0.007	243147	700	279	412	133	3	30.91	30.91	30.91
juego1	easy	30.0	0.007	243154	700	279	412	133	3	30.91	30.91	30.91
juego1	easy	30.0	0.007	243163	700	279	412	133	3	30.91	30.91	30.91
juego1	easy	30.0	0.007	243171	700	279	412	133	3	30.91	30.91	30.91
juego1	easy	30.0	0.007	243180	700	278	412	134	3	30.91	30.91	30.91
juego1	easy	30.0	0.007	243188	700	278	412	134	3	30.91	30.91	30.91
juego1	easy	30.0	0.007	243197	700	278	412	134	3	30.91	30.91	30.91
juego1	easy	30.0	0.007	243205	700	277	412	135	3	30.91	30.91	30.91
juego1	easy	30.0	0.007	243214	700	277	412	135	3	30.91	30.91	30.91
juego1	easy	30.0	0.007	243222	700	277	412	135	3	30.91	30.91	30.91
juego1	easy	30.0	0.007	243231	700	277	412	135	3	30.91	30.91	30.91
juego1	easy	30.0	0.007	243239	700	276	412	136	3	30.91	30.91	30.91
juego1	easy	30.0	0.007	243248	700	276	412	136	3	30.91	30.91	30.91
juego1	easy	30.0	0.007	243256	700	276	412	136	3	30.91	30.91	30.91
juego1	easy	30.0	0.007	243264	700	275	412	137	3	30.91	30.91	30.91
juego1	easy	30.0	0.007	243273	700	275	412	137	3	30.91	30.91	30.91
juego1	easy	30.0	0.007	243282	700	275	412	137	3	30.91	30.91	30.91
juego1	easy	30.0	0.007	243290	700	275	412	137	3	30.91	30.91	30.91
juego1	easy	30.0	0.007	243298	700	274	412	138	3	30.91	30.91	30.91
juego1	easy	30.0	0.007	243307	700	274	412	138	3	30.91	30.91	30.91
juego1	easy	30.0	0.007	243316	700	274	412	138	3	30.91	30.91	30.91
juego1	easy	30.0	0.007	243324	700	274	412	138	3	30.91	30.91	30.91
juego1	easy	30.0	0.007	243333	700	273	412	139	3	30.91	30.91	30.91
juego1	easy	30.0	0.007	243341	700	273	412	139	3	30.91	30.91	30.91
juego1	easy	30.0	0.007	243349	700	273	412	139	3	30.91	30.91	30.91
juego1	easy	30.0	0.007	243358	700	272	412	140	3	30.91	30.91	30.91
juego1	easy	30.0	0.007	243366	700	272	412	140	3	30.91	30.91	30.91
juego1	easy	30.0	0.007	243374	700	272	412	140	3	30.91	30.91	30.91
juego1	easy	30.0	0.007	243383	700	272	412	140	3	30.91	30.91	30.91
juego1	easy	30.0	0.007	243392	700	271	412	141	3	30.91	30.91	30.91
juego1	easy	30.0	0.007	243399	700	271	412	141	3	30.91	30.91	30.91
juego1	easy	30.0	0.007	243408	700	271	412	141	3	30.91	30.91	30.91
juego1	easy	30.0	0.007	243417	700	271	412	141	3	30.91	30.91	30.91
juego1	easy	30.0	0.007	243424	700	270	412	142	3	30.91	30.91	30.91
juego1	easy	30.0	0.007	243433	700	270	412	142	3	30.91	30.91	30.91
juego1	easy	30.0	0.007	243442	700	270	412	142	3	30.91	30.91	30.91
juego1	easy	30.0	0.007	243450	700	270	412	142	3	30.91	30.91	30.91
juego1	easy	30.0	0.007	243458	700	269	412	143	3	30.91	30.91	30.91
juego1	easy	30.0	0.007	243466	700	269	412	143	3	30.91	30.91	30.91
juego1	easy	30.0	0.007	243475	700	269	412	143	3	30.91	30.91	30.91
juego1	easy	30.0	0.007	243484	700	269	412	143	3	30.91	30.91	30.91
juego1	easy	30.0	0.007	243491	700	268	412	144	3	30.91	30.91	30.91
juego1	easy	30.0	0.007	243499	700	268	412	144	3	30.91	30.91	30.91
juego1	easy	30.0	0.007	243508	700	268	412	144	3	30.91	30.91	30.91
juego1	easy	30.0	0.007	243517	700	268	412	144	3	30.91	30.91	30.91
juego1	easy	30.0	0.007	243524	700	267	412	145	3	30.91	30.91	30.91
juego1	easy	30.0	0.007	243533	700	267	412	145	3	30.91	30.91	30.91
juego1	easy	30.0	0.007	243542	700	267	412	145	3	30.91	30.91	30.91
juego1	easy	30.0	0.007	243550	700	267	412	145	3	30.91	30.91	30.91
juego1	easy	30.0	0.007	243559	700	266	412	146	3	30.91	30.91	30.91
juego1	easy	30.0	0.007	243568	700	266	412	146	3	30.91	30.91	30.91
juego1	easy	30.0	0.007	243576	700	266	412	146	3	30.91	30.91	30.91
juego1	easy	30.0	0.007	243585	700	266	412	146	3	30.91	30.91	30.91
juego1	easy	30.0	0.007	243593	700	265	412	147	3	30.91	30.91	30.91
juego1	easy	30.0	0.007	243602	700	265	412	147	3	30.91	30.91	30.91
juego1	easy	30.0	0.007	243611	700	265	412	147	3	30.91	30.91	30.91
juego1	easy	30.0	0.007	243619	700	265	412	147	3	30.91	30.91	30.91
juego1	easy	30.0	0.007	243628	700	264	412	148	3	30.91	30.91	30.91
juego1	easy	30.0	0.007	243637	700	264	412	148	3	30.91	30.91	30.91
juego1	easy	30.0	0.007	243644	700	264	412	148	3	30.91	30.91	30.91
juego1	easy	30.0	0.007	243653	700	264	412	148	3	30.91	30.91	30.91
juego1	easy	30.0	0.007	243661	700	264	412	148	3	30.91	30.91	30.91
juego1	easy	30.0	0.007	243670	700	263	412	149	3	30.91	30.91	30.91
juego1	easy	30.0	0.007	243678	700	263	412	149	3	30.91	30.91	30.91
juego1	easy	30.0	0.007	243687	700	263	412	149	3	30.91	30.91	30.91
juego1	easy	30.0	0.007	243696	700	263	412	149	3	30.91	30.91	30.91
juego1	easy	30.0	0.007	243704	700	262	412	150	3	30.91	30.91	30.91
juego1	easy	30.0	0.007	243713	700	262	412	150	3	30.91	30.91	30.91
juego1	easy	30.0	0.007	243722	700	262	412	150	3	30.91	30.91	30.91
juego1	easy	30.0	0.007	243730	700	262	412	150	3	30.91	30.91	30.91
juego1	easy	30.0	0.007	243739	700	262	412	150	3	30.91	30.91	30.91
juego1	easy	30.0	0.007	243747	700	261	412	151	3	30.91	30.91	30.91
juego1	easy	30.0	0.007	243756	700	261	412	151	3	30.91	30.91	30.91
juego1	easy	30.0	0.007	243764	700	261	412	151	3	30.91	30.91	30.91
juego1	easy	30.0	0.007	243773	700	261	412	151	3	30.91	30.91	30.91
juego1	easy	30.0	0.007	243781	700	260	412	152	3	30.91	30.91	30.91
juego1	easy	30.0	0.007	243789	700	260	412	152	3	30.91	30.91	30.91
juego1	easy	30.0	0.007	243798	700	260	412	152	3	30.91	30.91	30.91
juego1	easy	30.0	0.007	243807	700	260	412	152	3	30.91	30.91	30.91
juego1	easy	30.0	0.007	243815	700	260	412	152	3	30.91	30.91	30.91
juego1	easy	30.0	0.007	243824	700	259	412	153	3	30.91	30.91	30.91
juego1	easy	30.0	0.007	243832	700	259	412	153	3	30.91	30.91	30.91
juego1	easy	30.0	0.007	243840	700	259	412	153	3	30.91	30.91	30.91
juego1	easy	30.0	0.007	243849	700	259	412	153	3	30.91	30.91	30.91
juego1	easy	30.0	0.007	243858	700	259	412	153	3	30.91	30.91	30.91
juego1	easy	30.0	0.007	243867	700	258	412	154	3	30.91	30.91	30.91
juego1	easy	30.0	0.007	243875	700	258	412	154	3	30.91	30.91	30.91
juego1	easy	30.0	0.007	243884	700	258	412	154	3	30.91	30.91	30.91
juego1	easy	30.0	0.007	243891	700	258	412	154	3	30.91	30.91	30.91
juego1	easy	30.0	0.007	243899	700	258	412	154	3	30.91	30.91	30.91
juego1	easy	30.0	0.007	243908	700	257	412	155	3	30.91	30.91	30.91
juego1	easy	30.0	0.007	243917	700	257	412	155	3	30.91	30.91	30.91
juego1	easy	30.0	0.007	243926	700	257	412	155	3	30.91	30.91	30.91
juego1	easy	30.0	0.007	243935	700	257	412	155	3	30.91	30.91	30.91
juego1	easy	30.0	0.007	243943	700	257	412	155	3	30.91	30.91	30.91
juego1	easy	30.0	0.007	243952	700	257	412	155	3	30.91	30.91	30.91
juego1	easy	30.0	0.007	243960	700	256	412	156	3	30.91	30.91	30.91
juego1	easy	30.0	0.007	243969	700	256	412	156	3	30.91	30.91	30.91
juego1	easy	30.0	0.007	243977	700	256	412	156	3	30.91	30.91	30.91
juego1	easy	30.0	0.007	243986	700	256	412	156	3	30.91	30.91	30.91
juego1	easy	30.0	0.007	243995	700	256	412	156	3	30.91	30.91	30.91
juego1	easy	30.0	0.007	244003	700	256	412	156	3	30.91	30.91	30.91
juego1	easy	30.0	0.007	244011	700	255	412	157	3	30.91	30.91	30.91
juego1	easy	30.0	0.007	244020	700	255	412	157	3	30.91	30.91	30.91
juego1	easy	30.0	0.007	244030	700	255	412	157	3	30.91	30.91	30.91
juego1	easy	30.0	0.007	244037	700	255	412	157	3	30.91	30.91	30.91
juego1	easy	30.0	0.007	244045	700	255	412	157	3	30.91	30.91	30.91
juego1	easy	30.0	0.007	244054	700	255	412	157	3	30.91	30.91	30.91
juego1	easy	30.0	0.007	244063	700	254	412	158	3	30.91	30.91	30.91
juego1	easy	30.0	0.007	244072	700	254	412	158	3	30.91	30.91	30.91
juego1	easy	30.0	0.007	244080	700	254	412	158	3	30.91	30.91	30.91
juego1	easy	30.0	0.007	244089	700	254	412	158	3	30.91	30.91	30.91
juego1	easy	30.0	0.007	244097	700	254	412	158	3	30.91	30.91	30.91
juego1	easy	30.0	0.007	244106	700	254	412	158	3	30.91	30.91	30.91
juego1	easy	30.0	0.007	244114	700	253	412	159	3	30.91	30.91	30.91
juego1	easy	30.0	0.007	244123	700	253	412	159	3	30.91	30.91	30.91
juego1	easy	30.0	0.007	244132	700	253	412	159	3	30.91	30.91	30.91
juego1	easy	30.0	0.007	244140	700	253	412	159	3	30.91	30.91	30.91
juego1	easy	30.0	0.007	244149	700	253	412	159	3	30.91	30.91	30.91
juego1	easy	30.0	0.007	244156	700	253	412	159	3	30.91	30.91	30.91
juego1	easy	30.0	0.007	244165	700	253	412	159	3	30.91	30.91	30.91
juego1	easy	30.0	0.007	244173	700	252	412	160	3	30.91	30.91	30.91
juego1	easy	30.0	0.007	244181	700	252	412	160	3	30.91	30.91	30.91
juego1	easy	30.0	0.007	244190	700	252	412	160	3	30.91	30.91	30.91
juego1	easy	30.0	0.007	244199	700	252	412	160	3	30.91	30.91	30.91
juego1	easy	30.0	0.007	244208	700	252	412	160	3	30.91	30.91	30.91
juego1	easy	30.0	0.007	244217	700	252	412	160	3	30.91	30.91	30.91
juego1	easy	30.0	0.007	244225	700	252	412	160	3	30.91	30.91	30.91
juego1	easy	30.0	0.007	244234	700	252	412	160	3	30.91	30.91	30.91
juego1	easy	30.0	0.007	244243	700	251	412	161	3	30.91	30.91	30.91
juego1	easy	30.0	0.007	244252	700	251	412	161	3	30.91	30.91	30.91
juego1	easy	30.0	0.007	244261	700	251	412	161	3	30.91	30.91	30.91
juego1	easy	30.0	0.007	244269	700	251	412	161	3	30.91	30.91	30.91
juego1	easy	30.0	0.007	244278	700	251	412	161	3	30.91	30.91	30.91
juego1	easy	30.0	0.007	244287	700	251	412	161	3	30.91	30.91	30.91
juego1	easy	30.0	0.007	244296	700	251	412	161	3	30.91	30.91	30.91
juego1	easy	30.0	0.007	244305	700	251	412	161	3	30.91	30.91	30.91
juego1	easy	30.0	0.007	244313	700	251	412	161	3	30.91	30.91	30.91
juego1	easy	30.0	0.007	244321	700	250	412	162	3	30.91	30.91	30.91
juego1	easy	30.0	0.007	244331	700	250	412	162	3	30.91	30.91	30.91
juego1	easy	30.0	0.007	244339	700	250	412	162	3	30.91	30.91	30.91
juego1	easy	30.0	0.007	244348	700	250	412	162	3	30.91	30.91	30.91
juego1	easy	30.0	0.007	244356	700	250	412	162	3	30.91	30.91	30.91
juego1	easy	30.0	0.007	244365	700	250	412	162	3	30.91	30.91	30.91
juego1	easy	30.0	0.007	244374	700	250	412	162	3	30.91	30.91	30.91
juego1	easy	30.0	0.007	244383	700	250	412	162	3	30.91	30.91	30.91
juego1	easy	30.0	0.007	244391	700	250	412	162	3	30.91	30.91	30.91
juego1	easy	30.0	0.007	244401	700	250	412	162	3	30.91	30.91	30.91
juego1	easy	30.0	0.007	244409	700	250	412	162	3	30.91	30.91	30.91
juego1	easy	30.0	0.007	244418	700	249	412	163	3	30.91	30.91	30.91
juego1	easy	30.0	0.007	244426	700	249	412	163	3	30.91	30.91	30.91
juego1	easy	30.0	0.007	244435	700	249	412	163	3	30.91	30.91	30.91
juego1	easy	30.0	0.007	244444	700	249	412	163	3	30.91	30.91	30.91
juego1	easy	30.0	0.007	244453	700	249	412	163	3	30.91	30.91	30.91
juego1	easy	30.0	0.007	244461	700	249	412	163	3	30.91	30.91	30.91
juego1	easy	30.0	0.007	244470	700	249	412	163	3	30.91	30.91	30.91
juego1	easy	30.0	0.007	244479	700	249	412	163	3	30.91	30.91	30.91
juego1	easy	30.0	0.007	244488	700	249	412	163	3	30.91	30.91	30.91
juego1	easy	30.0	0.007	244497	700	249	412	163	3	30.91	30.91	30.91
juego1	easy	30.0	0.007	244505	700	249	412	163	3	30.91	30.91	30.91
juego1	easy	30.0	0.007	244513	700	249	412	163	3	30.91	30.91	30.91
juego1	easy	30.0	0.007	244521	700	249	412	163	3	30.92	30.92	30.92
juego1	easy	30.0	0.007	244530	700	249	412	163	3	30.91	30.91	30.91
juego1	easy	30.0	0.007	244538	700	249	412	163	3	30.92	30.92	30.92
juego1	easy	30.0	0.007	244547	700	248	412	164	3	30.91	30.91	30.91
juego1	easy	30.0	0.007	244556	700	248	412	164	3	30.91	30.91	30.91
juego1	easy	30.0	0.007	244564	700	248	412	164	3	30.91	30.91	30.91
juego1	easy	30.0	0.007	244573	700	248	412	164	3	30.91	30.91	30.91
juego1	easy	30.0	0.007	244581	700	248	412	164	3	30.91	30.91	30.91
juego1	easy	30.0	0.007	244589	700	248	412	164	3	30.91	30.91	30.91
juego1	easy	30.0	0.007	244598	700	248	412	164	3	30.91	30.91	30.91
juego1	easy	30.0	0.007	244606	700	248	412	164	3	30.91	30.91	30.91
juego1	easy	30.0	0.007	244614	700	248	412	164	3	30.91	30.91	30.91
juego1	easy	30.0	0.007	244623	700	248	412	164	3	30.91	30.91	30.91
juego1	easy	30.0	0.007	244631	700	248	412	164	3	30.91	30.91	30.91
juego1	easy	30.0	0.007	244640	700	248	412	164	3	30.91	30.91	30.91
juego1	easy	30.0	0.007	244649	700	248	412	164	3	30.91	30.91	30.91
juego1	easy	30.0	0.007	244657	700	248	412	164	3	30.91	30.91	30.91
juego1	easy	30.0	0.007	244666	700	248	412	164	3	30.91	30.91	30.91
juego1	easy	30.0	0.007	244674	700	248	412	164	3	30.91	30.91	30.91
juego1	easy	30.0	0.007	244683	700	248	412	164	3	30.91	30.91	30.91
juego1	easy	30.0	0.007	244691	700	248	412	164	3	30.91	30.91	30.91
juego1	easy	30.0	0.007	244700	700	248	412	164	3	30.91	30.91	30.91
juego1	easy	30.0	0.007	244709	700	248	412	164	3	30.91	30.91	30.91
juego1	easy	30.0	0.007	244717	700	248	412	164	3	30.91	30.91	30.91
juego1	easy	30.0	0.007	244726	700	248	412	164	3	30.91	30.91	30.91
juego1	easy	30.0	0.007	244733	700	248	412	164	3	30.91	30.91	30.91
juego1	easy	30.0	0.007	244742	700	248	412	164	3	30.91	30.91	30.91
juego1	easy	30.0	0.007	244750	700	248	412	164	3	30.91	30.91	30.91
juego1	easy	30.0	0.007	244759	700	248	412	164	3	30.91	30.91	30.91
juego1	easy	30.0	0.007	244768	700	248	412	164	3	30.91	30.91	30.91
juego1	easy	30.0	0.007	244776	700	248	412	164	3	30.91	30.91	30.91
juego1	easy	30.0	0.007	244784	700	248	412	164	3	30.91	30.91	30.91
juego1	easy	30.0	0.007	244793	700	248	412	164	3	30.91	30.91	30.91
juego1	easy	30.0	0.007	244802	700	248	412	164	3	30.91	30.91	30.91
juego1	easy	30.0	0.007	244810	700	248	412	164	3	30.91	30.91	30.91
juego1	easy	30.0	0.007	244818	700	248	412	164	3	30.91	30.91	30.91
juego1	easy	30.0	0.007	244827	700	248	412	164	3	30.9	30.9	30.9
juego1	easy	30.0	0.007	244835	700	248	412	164	3	30.9	30.9	30.9
juego1	easy	30.0	0.007	244843	700	248	412	164	3	30.9	30.9	30.9
juego1	easy	30.0	0.007	244852	700	248	412	164	3	30.91	30.91	30.91
juego1	easy	30.0	0.007	244860	700	248	412	164	3	30.91	30.91	30.91
juego1	easy	30.0	0.007	244869	700	248	412	164	3	30.91	30.91	30.91
juego1	easy	30.0	0.007	244878	700	248	412	164	3	30.91	30.91	30.91
juego1	easy	30.0	0.007	244886	700	248	412	164	3	30.9	30.9	30.9
juego1	easy	30.0	0.007	244895	700	248	412	164	3	30.91	30.91	30.91
juego1	easy	30.0	0.007	244904	700	248	412	164	3	30.9	30.9	30.9
juego1	easy	30.0	0.007	244913	700	248	412	164	3	30.9	30.9	30.9
juego1	easy	30.0	0.007	244921	700	248	412	164	3	30.91	30.91	30.91
juego1	easy	30.0	0.007	244929	700	248	412	164	3	30.91	30.91	30.91
juego1	easy	30.0	0.007	244938	700	248	412	164	3	30.91	30.91	30.91
juego1	easy	30.0	0.007	244947	700	248	412	164	3	30.91	30.91	30.91
juego1	easy	30.0	0.007	244954	700	248	412	164	3	30.91	30.91	30.91
juego1	easy	30.0	0.007	244963	700	248	412	164	3	30.91	30.91	30.91
juego1	easy	30.0	0.007	244971	700	248	412	164	3	30.91	30.91	30.91
juego1	easy	30.0	0.007	244980	700	248	412	164	3	30.91	30.91	30.91
juego1	easy	30.0	0.007	244988	700	249	412	163	3	30.91	30.91	30.91
juego1	easy	30.0	0.007	244997	700	249	412	163	3	30.91	30.91	30.91
juego1	easy	30.0	0.007	245005	700	249	412	163	3	30.91	30.91	30.91
juego1	easy	30.0	0.007	245013	700	249	412	163	3	30.91	30.91	30.91
juego1	easy	30.0	0.007	245022	700	249	412	163	3	30.91	30.91	30.91
juego1	easy	30.0	0.007	245031	700	249	412	163	3	30.91	30.91	30.91
juego1	easy	30.0	0.007	245040	700	249	412	163	3	30.91	30.91	30.91
juego1	easy	30.0	0.007	245048	700	249	412	163	3	30.91	30.91	30.91
juego1	easy	30.0	0.007	245057	700	249	412	163	3	30.91	30.91	30.91
juego1	easy	30.0	0.007	245065	700	249	412	163	3	30.91	30.91	30.91
juego1	easy	30.0	0.007	245074	700	249	412	163	3	30.91	30.91	30.91
juego1	easy	30.0	0.007	245083	700	249	412	163	3	30.91	30.91	30.91
juego1	easy	30.0	0.007	245092	700	249	412	163	3	30.91	30.91	30.91
juego1	easy	30.0	0.007	245101	700	249	412	163	3	30.91	30.91	30.91
juego1	easy	30.0	0.007	245110	700	249	412	163	3	30.9	30.9	30.9
juego1	easy	30.0	0.007	245119	700	250	412	162	3	30.9	30.9	30.9
juego1	easy	30.0	0.007	245127	700	250	412	162	3	30.91	30.91	30.91
juego1	easy	30.0	0.007	245136	700	250	412	162	3	30.91	30.91	30.91
juego1	easy	30.0	0.007	245144	700	250	412	162	3	30.91	30.91	30.91
juego1	easy	30.0	0.007	245152	700	250	412	162	3	30.9	30.9	30.9
juego1	easy	30.0	0.007	245161	700	250	412	162	3	30.91	30.91	30.91
juego1	easy	30.0	0.007	245170	700	250	412	162	3	30.91	30.91	30.91
juego1	easy	30.0	0.007	245179	700	250	412	162	3	30.91	30.91	30.91
juego1	easy	30.0	0.007	245187	700	250	412	162	3	30.91	30.91	30.91
juego1	easy	30.0	0.007	245195	700	250	412	162	3	30.91	30.91	30.91
juego1	easy	30.0	0.007	245204	700	250	412	162	3	30.91	30.91	30.91
juego1	easy	30.0	0.007	245212	700	251	412	161	3	30.91	30.91	30.91
juego1	easy	30.0	0.007	245221	700	251	412	161	3	30.92	30.92	30.92
juego1	easy	30.0	0.007	245230	700	251	412	161	3	30.92	30.92	30.92
juego1	easy	30.0	0.007	245238	700	251	412	161	3	30.91	30.91	30.91
juego1	easy	30.0	0.007	245247	700	251	412	161	3	30.91	30.91	30.91
juego1	easy	30.0	0.007	245256	700	251	412	161	3	30.91	30.91	30.91
juego1	easy	30.0	0.007	245264	700	251	412	161	3	30.91	30.91	30.91
juego1	easy	30.0	0.007	245272	700	251	412	161	3	30.92	30.92	30.92
juego1	easy	30.0	0.007	245281	700	251	412	161	3	30.91	30.91	30.91
juego1	easy	30.0	0.007	245290	700	252	412	160	3	30.92	30.92	30.92
juego1	easy	30.0	0.007	245298	700	252	412	160	3	30.92	30.92	30.92
juego1	easy	30.0	0.007	245307	700	252	412	160	3	30.91	30.91	30.91
juego1	easy	30.0	0.007	245315	700	252	412	160	3	30.91	30.91	30.91
juego1	easy	30.0	0.007	245324	700	252	412	160	3	30.91	30.91	30.91
juego1	easy	30.0	0.007	245332	700	252	412	160	3	30.91	30.91	30.91
juego1	easy	30.0	0.007	245341	700	252	412	160	3	30.91	30.91	30.91
juego1	easy	30.0	0.007	245349	700	253	412	159	3	30.91	30.91	30.91
juego1	easy	30.0	0.007	245358	700	253	412	159	3	30.92	30.92	30.92
juego1	easy	30.0	0.007	245367	700	253	412	159	3	30.91	30.91	30.91
juego1	easy	30.0	0.007	245376	700	253	412	159	3	30.91	30.91	30.91
juego1	easy	30.0	0.007	245385	700	253	412	159	3	30.91	30.91	30.91
juego1	easy	30.0	0.007	245393	700	253	412	159	3	30.91	30.91	30.91
juego1	easy	30.0	0.007	245402	700	253	412	159	3	30.92	30.92	30.92
juego1	easy	30.0	0.007	245411	700	254	412	158	3	30.92	30.92	30.92
juego1	easy	30.0	0.007	245419	700	254	412	158	3	30.91	30.91	30.91
juego1	easy	30.0	0.007	245428	700	254	412	158	3	30.92	30.92	30.92
juego1	easy	30.0	0.007	245436	700	254	412	158	3	30.92	30.92	30.92
juego1	easy	30.0	0.007	245445	700	254	412	158	3	30.92	30.92	30.92
juego1	easy	30.0	0.007	245454	700	254	412	158	3	30.91	30.91	30.91
juego1	easy	30.0	0.007	245462	700	254	412	158	3	30.91	30.91	30.91
juego1	easy	30.0	0.007	245470	700	255	412	157	3	30.92	30.92	30.92
juego1	easy	30.0	0.007	245479	700	255	412	157	3	30.92	30.92	30.92
juego1	easy	30.0	0.007	245488	700	255	412	157	3	30.92	30.92	30.92
juego1	easy	30.0	0.007	245495	700	255	412	157	3	30.92	30.92	30.92
juego1	easy	30.0	0.007	245504	700	255	412	157	3	30.92	30.92	30.92
juego1	easy	30.0	0.007	245513	700	255	412	157	3	30.92	30.92	30.92
juego1	easy	30.0	0.007	245520	700	256	412	156	3	30.92	30.92	30.92
juego1	easy	30.0	0.007	245529	700	256	412	156	3	30.91	30.91	30.91
juego1	easy	30.0	0.007	245538	700	256	412	156	3	30.91	30.91	30.91
juego1	easy	30.0	0.007	245545	700	256	412	156	3	30.91	30.91	30.91
juego1	easy	30.0	0.007	245554	700	256	412	156	3	30.91	30.91	30.91
juego1	easy	30.0	0.007	245563	700	256	412	156	3	30.91	30.91	30.91
juego1	easy	30.0	0.007	245570	700	257	412	155	3	30.91	30.91	30.91
juego1	easy	30.0	0.007	245579	700	257	412	155	3	30.92	30.92	30.92
juego1	easy	30.0	0.007	245587	700	257	412	155	3	30.92	30.92	30.92
juego1	easy	30.0	0.007	245595	700	257	412	155	3	30.91	30.91	30.91
juego1	easy	30.0	0.007	245604	700	257	412	155	3	30.91	30.91	30.91
juego1	easy	30.0	0.007	245613	700	258	412	154	3	30.91	30.91	30.91
juego1	easy	30.0	0.007	245622	700	258	412	154	3	30.91	30.91	30.91
juego1	easy	30.0	0.007	245631	700	258	412	154	3	30.91	30.91	30.91
juego1	easy	30.0	0.007	245639	700	258	412	154	3	30.91	30.91	30.91
juego1	easy	30.0	0.007	245648	700	258	412	154	3	30.9	30.9	30.9
juego1	easy	30.0	0.007	245656	700	258	412	154	3	30.91	30.91	30.91
juego1	easy	30.0	0.007	245665	700	259	412	153	3	30.91	30.91	30.91
juego1	easy	30.0	0.007	245674	700	259	412	153	3	30.91	30.91	30.91
juego1	easy	30.0	0.007	245682	700	259	412	153	3	30.91	30.91	30.91
juego1	easy	30.0	0.007	245691	700	259	412	153	3	30.91	30.91	30.91
juego1	easy	30.0	0.007	245699	700	259	412	153	3	30.91	30.91	30.91
juego1	easy	30.0	0.007	245707	700	260	412	152	3	30.91	30.91	30.91
juego1	easy	30.0	0.007	245716	700	260	412	152	3	30.91	30.91	30.91
juego1	easy	30.0	0.007	245725	700	260	412	152	3	30.91	30.91	30.91
juego1	easy	30.0	0.007	245733	700	260	412	152	3	30.91	30.91	30.91
juego1	easy	30.0	0.007	245742	700	261	412	151	3	30.91	30.91	30.91
juego1	easy	30.0	0.007	245750	700	261	412	151	3	30.91	30.91	30.91
juego1	easy	30.0	0.007	245758	700	261	412	151	3	30.91	30.91	30.91
juego1	easy	30.0	0.007	245767	700	261	412	151	3	30.91	30.91	30.91
juego1	easy	30.0	0.007	245775	700	261	412	151	3	30.91	30.91	30.91
juego1	easy	30.0	0.007	245784	700	262	412	150	3	30.91	30.91	30.91
juego1	easy	30.0	0.007	245793	700	262	412	150	3	30.91	30.91	30.91
juego1	easy	30.0	0.007	245800	700	262	412	150	3	30.91	30.91	30.91
juego1	easy	30.0	0.007	245809	700	262	412	150	3	30.91	30.91	30.91
juego1	easy	30.0	0.007	245818	700	262	412	150	3	30.9	30.9	30.9
juego1	easy	30.0	0.007	245826	700	263	412	149	3	30.91	30.91	30.91
juego1	easy	30.0	0.007	245834	700	263	412	149	3	30.91	30.91	30.91
juego1	easy	30.0	0.007	245842	700	263	412	149	3	30.91	30.91	30.91
juego1	easy	30.0	0.007	245850	700	263	412	149	3	30.91	30.91	30.91
juego1	easy	30.0	0.007	245859	700	264	412	148	3	30.91	30.91	30.91
juego1	easy	30.0	0.007	245868	700	264	412	148	3	30.91	30.91	30.91
juego1	easy	30.0	0.007	245877	700	264	412	148	3	30.9	30.9	30.9
juego1	easy	30.0	0.007	245884	700	264	412	148	3	30.89	30.89	30.89
juego1	easy	30.0	0.007	245893	700	265	412	147	3	30.89	30.89	30.89
juego1	easy	30.0	0.007	245902	700	265	413	148	3	30.65	30.65	30.65
juego1	easy	30.0	0.007	245910	700	265	412	147	3	30.77	30.77	30.77
juego1	easy	30.0	0.007	245919	700	265	412	147	3	31.05	31.05	31.05
juego1	easy	30.0	0.007	245927	700	265	411	146	3	31.14	31.14	31.14
juego1	easy	30.0	0.007	245936	700	266	411	145	3	31.12	31.12	31.12
juego1	easy	30.0	0.007	245945	700	266	412	146	3	31.05	31.05	31.05
juego1	easy	30.0	0.007	245953	700	266	412	146	3	31.07	31.07	31.07
juego1	easy	30.0	0.007	245962	700	266	412	146	3	31.05	31.05	31.05
juego1	easy	30.0	0.007	245970	700	267	412	145	3	31.02	31.02	31.02
juego1	easy	30.0	0.007	245978	700	267	412	145	3	31.04	31.04	31.04
juego1	easy	30.0	0.007	245986	700	267	412	145	3	31.06	31.06	31.06
juego1	easy	30.0	0.007	245994	700	267	411	144	3	31.08	31.08	31.08
juego1	easy	30.0	0.007	246002	700	268	411	143	3	31.1	31.1	31.1
juego1	easy	30.0	0.007	246010	700	268	411	143	3	31.1	31.1	31.1
juego1	easy	30.0	0.007	246019	700	268	411	143	3	31.09	31.09	31.09
juego1	easy	30.0	0.007	246028	700	268	411	143	3	31.09	31.09	31.09
juego1	easy	30.0	0.007	246036	700	269	412	143	3	30.98	30.98	30.98
juego1	easy	30.0	0.007	246045	700	269	412	143	3	30.94	30.94	30.94
juego1	easy	30.0	0.007	246054	700	269	411	142	3	31.09	31.09	31.09
juego1	easy	30.0	0.007	246062	700	269	411	142	3	31.16	31.16	31.16
juego1	easy	30.0	0.007	246071	700	270	411	141	3	31.22	31.22	31.22
juego1	easy	30.0	0.007	246079	700	270	411	141	3	31.16	31.16	31.16
juego1	easy	30.0	0.007	246088	700	270	411	141	3	31.11	31.11	31.11
juego1	easy	30.0	0.007	246096	700	270	412	142	3	31.02	31.02	31.02
juego1	easy	30.0	0.007	246105	700	271	411	140	3	31.11	31.11	31.11
juego1	easy	30.0	0.007	246114	700	271	411	140	3	31.42	31.42	31.42
juego1	easy	30.0	0.007	246122	700	271	410	139	3	31.56	31.56	31.56
juego1	easy	30.0	0.007	246131	700	271	410	139	3	31.62	31.62	31.62
juego1	easy	30.0	0.007	246139	700	272	410	138	3	31.62	31.62	31.62
juego1	easy	30.0	0.007	246148	700	272	410	138	3	31.69	31.69	31.69
juego1	easy	30.0	0.007	246156	700	272	410	138	3	31.85	31.85	31.85
juego1	easy	30.0	0.007	246165	700	273	409	136	3	32.02	32.02	32.02
juego1	easy	30.0	0.007	246174	700	273	409	136	3	32.1	32.1	32.1
juego1	easy	30.0	0.007	246183	700	273	408	135	3	32.31	32.31	32.31
juego1	easy	30.0	0.007	246192	700	273	408	135	3	32.45	32.45	32.45
juego1	easy	30.0	0.007	246201	700	274	408	134	3	32.5	32.5	32.5
juego1	easy	30.0	0.007	246210	700	274	407	133	3	32.69	32.69	32.69
juego1	easy	30.0	0.007	246219	700	274	407	133	3	32.99	32.99	32.99
juego1	easy	30.0	0.007	246227	700	274	406	132	3	33.21	33.21	33.21
juego1	easy	30.0	0.007	246236	700	275	405	130	3	33.54	33.54	33.54
juego1	easy	30.0	0.007	246244	700	275	405	130	3	33.79	33.79	33.79
juego1	easy	30.0	0.007	246253	700	275	404	129	3	33.9	33.9	33.9
juego1	easy	30.0	0.007	246262	700	276	404	128	3	34.11	34.11	34.11
juego1	easy	30.0	0.007	246270	700	276	403	127	3	34.26	34.26	34.26
juego1	easy	30.0	0.007	246279	700	276	403	127	3	34.35	34.35	34.35
juego1	easy	30.0	0.007	246287	700	276	403	127	3	34.48	34.48	34.48
juego1	easy	30.0	0.007	246295	700	277	403	126	3	34.52	34.52	34.52
juego1	easy	30.0	0.007	246304	700	277	403	126	3	34.52	34.52	34.52
juego1	easy	30.0	0.007	246313	700	277	402	125	3	34.69	34.69	34.69
juego1	easy	30.0	0.007	246321	700	277	402	125	3	34.67	34.67	34.67
juego1	easy	30.0	0.007	246330	700	278	402	124	3	34.62	34.62	34.62
juego1	easy	30.0	0.007	246338	700	278	403	125	3	34.58	34.58	34.58
juego1	easy	30.0	0.007	246347	700	278	403	125	3	34.44	34.44	34.44
juego1	easy	30.0	0.007	246356	700	279	403	124	3	34.32	34.32	34.32
juego1	easy	30.0	0.007	246364	700	279	403	124	3	34.31	34.31	34.31
juego1	easy	30.0	0.007	246372	700	279	403	124	3	34.41	34.41	34.41
juego1	easy	30.0	0.007	246381	700	279	402	123	3	34.61	34.61	34.61
juego1	easy	30.0	0.007	246391	700	280	402	122	3	34.85	34.85	34.85
juego1	easy	30.0	0.007	246398	700	280	402	122	3	34.97	34.97	34.97
juego1	easy	30.0	0.007	246406	700	280	401	121	3	35.25	35.25	35.25
juego1	easy	30.0	0.007	246416	700	281	400	119	3	35.57	35.57	35.57
juego1	easy	30.0	0.007	246424	700	281	400	119	3	35.72	35.72	35.72
juego1	easy	30.0	0.007	246432	700	281	399	118	3	36.04	36.04	36.04
juego1	easy	30.0	0.007	246441	700	281	398	117	3	36.34	36.34	36.34
juego1	easy	30.0	0.007	246449	700	282	398	116	3	36.45	36.45	36.45
juego1	easy	30.0	0.007	246457	700	282	397	115	3	36.72	36.72	36.72
juego1	easy	30.0	0.007	246466	700	282	396	114	3	37.03	37.03	37.03
juego1	easy	30.0	0.007	246475	700	283	395	112	3	37.45	37.45	37.45
juego1	easy	30.0	0.007	246483	700	283	395	112	3	37.7	37.7	37.7
juego1	easy	30.0	0.007	246492	700	283	393	110	3	38.39	38.39	38.39
juego1	easy	30.0	0.007	246499	700	283	392	109	3	38.8	38.8	38.8
juego1	easy	30.0	0.007	246508	700	284	390	106	3	39.48	39.48	39.48
juego1	easy	30.0	0.007	246516	700	284	389	105	3	40.04	40.04	40.04
juego1	easy	30.0	0.007	246525	700	284	387	103	3	40.7	40.7	40.7
juego1	easy	30.0	0.007	246534	700	285	386	101	3	41.06	41.06	41.06
juego1	easy	30.0	0.007	246542	700	285	385	100	3	41.65	41.65	41.65
juego1	easy	30.0	0.007	246551	700	285	384	99	3	42.06	42.06	42.06
juego1	easy	30.0	0.007	246559	700	285	383	98	3	42.19	42.19	42.19
juego1	easy	30.0	0.007	246568	700	286	382	96	3	42.47	42.47	42.47
juego1	easy	30.0	0.007	246576	700	286	381	95	3	43.1	43.1	43.1
juego1	easy	30.0	0.007	246585	700	286	379	93	3	43.92	43.92	43.92
juego1	easy	30.0	0.007	246594	700	287	378	91	3	44.33	44.33	44.33
juego1	easy	30.0	0.007	246603	700	287	376	89	3	44.93	44.93	44.93
juego1	easy	30.0	0.007	246612	700	287	376	89	3	45.17	45.17	45.17
juego1	easy	30.0	0.007	246620	700	288	374	86	3	45.6	45.6	45.6
juego1	easy	30.0	0.007	246627	700	288	374	86	3	45.93	45.93	45.93
juego1	easy	30.0	0.007	246636	700	288	373	85	3	46.2	46.2	46.2
juego1	easy	30.0	0.007	246645	700	288	372	84	3	46.69	46.69	46.69
juego1	easy	30.0	0.007	246654	700	289	371	82	3	46.82	46.82	46.82
juego1	easy	30.0	0.007	246663	700	289	371	82	3	47.04	47.04	47.04
juego1	easy	30.0	0.007	246671	700	289	371	82	3	47.14	47.14	47.14
juego1	easy	30.0	0.007	246680	700	290	371	81	3	47.14	47.14	47.14
juego1	easy	30.0	0.007	246689	700	290	370	80	3	47.29	47.29	47.29
juego1	easy	30.0	0.007	246697	700	290	369	79	3	47.74	47.74	47.74
juego1	easy	30.0	0.007	246706	700	291	367	76	3	48.48	48.48	48.48
juego1	easy	30.0	0.007	246714	700	291	366	75	3	48.82	48.82	48.82
juego1	easy	30.0	0.007	246723	700	291	365	74	3	49.44	49.44	49.44
juego1	easy	30.0	0.007	246731	700	292	364	72	3	49.8	49.8	49.8
juego1	easy	30.0	0.007	246740	700	292	363	71	3	49.98	49.98	49.98
juego1	easy	30.0	0.007	246749	700	292	363	71	3	50.17	50.17	50.17
juego1	easy	30.0	0.007	246758	700	293	362	69	3	50.33	50.33	50.33
juego1	easy	30.0	0.007	246767	700	293	362	69	3	50.58	50.58	50.58
juego1	easy	30.0	0.007	246774	700	293	361	68	3	50.75	50.75	50.75
juego1	easy	30.0	0.007	246783	700	294	361	67	3	51.06	51.06	51.06
juego1	easy	30.0	0.007	246792	700	294	360	66	3	51.31	51.31	51.31
juego1	easy	30.0	0.007	246800	700	294	360	66	3	51.4	51.4	51.4
juego1	easy	30.0	0.007	246809	700	295	359	64	3	51.51	51.51	51.51
juego1	easy	30.0	0.007	246818	700	295	359	64	3	51.61	51.61	51.61
juego1	easy	30.0	0.007	246826	700	295	359	64	3	51.78	51.78	51.78
juego1	easy	30.0	0.007	246835	700	296	358	62	3	51.91	51.91	51.91
juego1	easy	30.0	0.007	246844	700	296	358	62	3	52.11	52.11	52.11
juego1	easy	30.0	0.007	246853	700	296	358	62	3	52.18	52.18	52.18
juego1	easy	30.0	0.007	246861	700	297	358	61	3	52.26	52.26	52.26
juego1	easy	30.0	0.007	246870	700	297	358	61	3	52.25	52.25	52.25
juego1	easy	30.0	0.007	246878	700	297	358	61	3	52.19	52.19	52.19
juego1	easy	30.0	0.007	246887	700	298	358	60	3	52.05	52.05	52.05
juego1	easy	30.0	0.007	246896	700	298	359	61	3	51.83	51.83	51.83
juego1	easy	30.0	0.007	246903	700	298	359	61	3	51.77	51.77	51.77
juego1	easy	30.0	0.007	246912	700	299	359	60	3	51.68	51.68	51.68
juego1	easy	30.0	0.007	246919	700	299	359	60	3	51.64	51.64	51.64
juego1	easy	30.0	0.007	246928	700	299	359	60	3	51.74	51.74	51.74
juego1	easy	30.0	0.007	246935	700	300	359	59	3	51.76	51.76	51.76
juego1	easy	30.0	0.007	246943	700	300	359	59	3	51.74	51.74	51.74
juego1	easy	30.0	0.007	246952	700	300	359	59	3	51.7	51.7	51.7
juego1	easy	30.0	0.007	246959	700	300	359	59	3	51.68	51.68	51.68
juego1	easy	30.0	0.007	246968	700	300	359	59	3	51.6	51.6	51.6
juego1	easy	30.0	0.007	246976	700	300	359	59	3	51.58	51.58	51.58
juego1	easy	30.0	0.007	246985	700	301	359	58	3	51.61	51.61	51.61
juego1	easy	30.0	0.007	246994	700	301	359	58	3	51.65	51.65	51.65
juego1	easy	30.0	0.007	247003	700	301	359	58	3	51.7	51.7	51.7
juego1	easy	30.0	0.007	247011	700	302	359	57	3	51.73	51.73	51.73
juego1	easy	30.0	0.007	247020	700	302	359	57	3	51.74	51.74	51.74
juego1	easy	30.0	0.007	247029	700	302	359	57	3	51.75	51.75	51.75
juego1	easy	30.0	0.007	247038	700	303	359	56	3	51.76	51.76	51.76
juego1	easy	30.0	0.007	247046	700	303	359	56	3	51.79	51.79	51.79
juego1	easy	30.0	0.007	247055	700	303	359	56	3	51.83	51.83	51.83
juego1	easy	30.0	0.007	247064	700	304	358	54	3	51.92	51.92	51.92
juego1	easy	30.0	0.007	247073	700	304	358	54	3	51.98	51.98	51.98
juego1	easy	30.0	0.007	247081	700	304	358	54	3	52.01	52.01	52.01
juego1	easy	30.0	0.007	247090	700	304	358	54	3	51.99	51.99	51.99
juego1	easy	30.0	0.007	247098	700	305	358	53	3	51.91	51.91	51.91
juego1	easy	30.0	0.007	247107	700	305	359	54	3	51.84	51.84	51.84
juego1	easy	30.0	0.007	247115	700	305	359	54	3	51.85	51.85	51.85
juego1	easy	30.0	0.007	247124	700	306	359	53	3	51.86	51.86	51.86
juego1	easy	30.0	0.007	247133	700	306	359	53	3	51.86	51.86	51.86
juego1	easy	30.0	0.007	247142	700	306	358	52	3	51.88	51.88	51.88
juego1	easy	30.0	0.007	247151	700	307	359	52	3	51.86	51.86	51.86
juego1	easy	30.0	0.007	247160	700	307	359	52	3	51.82	51.82	51.82
juego1	easy	30.0	0.007	247169	700	307	359	52	3	51.72	51.72	51.72
juego1	easy	30.0	0.007	247177	700	308	359	51	3	51.59	51.59	51.59
juego1	easy	30.0	0.007	247186	700	308	359	51	3	51.52	51.52	51.52
juego1	easy	30.0	0.007	247195	700	308	360	52	3	51.38	51.38	51.38
juego1	easy	30.0	0.007	247203	700	309	360	51	3	51.29	51.29	51.29
juego1	easy	30.0	0.007	247212	700	309	360	51	3	51.27	51.27	51.27
juego1	easy	30.0	0.007	247220	700	309	360	51	3	51.25	51.25	51.25
juego1	easy	30.0	0.007	247229	700	309	360	51	3	51.21	51.21	51.21
juego1	easy	30.0	0.007	247237	700	310	360	50	3	51.17	51.17	51.17
juego1	easy	30.0	0.007	247246	700	310	360	50	3	51.18	51.18	51.18
juego1	easy	30.0	0.007	247254	700	310	360	50	3	51.2	51.2	51.2
juego1	easy	30.0	0.007	247263	700	311	360	49	3	51.16	51.16	51.16
juego1	easy	30.0	0.007	247272	700	311	360	49	3	51.1	51.1	51.1
juego1	easy	30.0	0.007	247281	700	311	361	50	3	51.08	51.08	51.08
juego1	easy	30.0	0.007	247289	700	312	361	49	3	51.0	51.0	51.0
juego1	easy	30.0	0.007	247297	700	312	361	49	3	50.93	50.93	50.93
juego1	easy	30.0	0.007	247306	700	312	361	49	3	50.89	50.89	50.89
juego1	easy	30.0	0.007	247315	700	312	361	49	3	50.86	50.86	50.86
juego1	easy	30.0	0.007	247323	700	313	361	48	3	50.86	50.86	50.86
juego1	easy	30.0	0.007	247332	700	313	361	48	3	50.87	50.87	50.87
juego1	easy	30.0	0.007	247341	700	313	361	48	3	50.89	50.89	50.89
juego1	easy	30.0	0.007	247350	700	314	361	47	3	50.93	50.93	50.93
juego1	easy	30.0	0.007	247359	700	314	361	47	3	50.93	50.93	50.93
juego1	easy	30.0	0.007	247368	700	314	361	47	3	50.96	50.96	50.96
juego1	easy	30.0	0.007	247376	700	314	361	47	3	50.98	50.98	50.98
juego1	easy	30.0	0.007	247385	700	315	361	46	3	51.02	51.02	51.02
juego1	easy	30.0	0.007	247394	700	315	361	46	3	51.06	51.06	51.06
juego1	easy	30.0	0.007	247402	700	315	361	46	3	51.07	51.07	51.07
juego1	easy	30.0	0.007	247409	700	316	361	45	3	51.07	51.07	51.07
juego1	easy	30.0	0.007	247418	700	316	361	45	3	51.06	51.06	51.06
juego1	easy	30.0	0.007	247427	700	316	361	45	3	51.06	51.06	51.06
juego1	easy	30.0	0.007	247436	700	316	361	45	3	51.05	51.05	51.05
juego1	easy	30.0	0.007	247444	700	317	361	44	3	51.04	51.04	51.04
juego1	easy	30.0	0.007	247453	700	317	361	44	3	51.04	51.04	51.04
juego1	easy	30.0	0.007	247462	700	317	361	44	3	51.02	51.02	51.02
juego1	easy	30.0	0.007	247470	700	318	361	43	3	51.01	51.01	51.01
juego1	easy	30.0	0.007	247478	700	318	361	43	3	51.01	51.01	51.01
juego1	easy	30.0	0.007	247486	700	318	361	43	3	51.02	51.02	51.02
juego1	easy	30.0	0.007	247495	700	318	361	43	3	51.0	51.0	51.0
juego1	easy	30.0	0.007	247504	700	319	361	42	3	50.94	50.94	50.94
juego1	easy	30.0	0.007	247513	700	319	361	42	3	50.87	50.87	50.87
juego1	easy	30.0	0.007	247522	700	319	361	42	3	50.85	50.85	50.85
juego1	easy	30.0	0.007	247530	700	319	361	42	3	50.74	50.74	50.74
juego1	easy	30.0	0.007	247538	700	320	362	42	3	50.63	50.63	50.63
juego1	easy	30.0	0.007	247546	700	320	362	42	3	50.59	50.59	50.59
juego1	easy	30.0	0.007	247554	700	320	362	42	3	50.59	50.59	50.59
juego1	easy	30.0	0.007	247563	700	320	362	42	3	50.62	50.62	50.62
juego1	easy	30.0	0.007	247571	700	321	362	41	3	50.63	50.63	50.63
juego1	easy	30.0	0.007	247580	700	321	362	41	3	50.64	50.64	50.64
juego1	easy	30.0	0.007	247589	700	321	362	41	3	50.65	50.65	50.65
juego1	easy	30.0	0.007	247598	700	321	362	41	3	50.68	50.68	50.68
juego1	easy	30.0	0.007	247607	700	322	361	39	3	50.71	50.71	50.71
juego1	easy	30.0	0.007	247616	700	322	361	39	3	50.78	50.78	50.78
juego1	easy	30.0	0.007	247625	700	322	361	39	3	50.87	50.87	50.87
juego1	easy	30.0	0.007	247633	700	322	361	39	3	50.95	50.95	50.95
juego1	easy	30.0	0.007	247641	700	323	361	38	3	50.98	50.98	50.98
juego1	easy	30.0	0.007	247650	700	323	361	38	3	51.06	51.06	51.06
juego1	easy	30.0	0.007	247659	700	323	360	37	3	51.1	51.1	51.1
juego1	easy	30.0	0.007	247668	700	323	360	37	3	51.1	51.1	51.1
juego1	easy	30.0	0.007	247676	700	324	361	37	3	51.09	51.09	51.09
juego1	easy	30.0	0.007	247684	700	324	361	37	3	51.06	51.06	51.06
juego1	easy	30.0	0.007	247693	700	324	361	37	3	51.04	51.04	51.04
juego1	easy	30.0	0.007	247701	700	324	361	37	3	51.03	51.03	51.03
juego1	easy	30.0	0.007	247709	700	325	361	36	3	51.01	51.01	51.01
juego1	easy	30.0	0.007	247718	700	325	361	36	3	50.99	50.99	50.99
juego1	easy	30.0	0.007	247727	700	325	361	36	3	50.95	50.95	50.95
juego1	easy	30.0	0.007	247734	700	325	361	36	3	50.89	50.89	50.89
juego1	easy	30.0	0.007	247743	700	325	361	36	3	50.79	50.79	50.79
juego1	easy	30.0	0.007	247751	700	326	361	35	3	50.74	50.74	50.74
juego1	easy	30.0	0.007	247760	700	326	362	36	3	50.67	50.67	50.67
juego1	easy	30.0	0.007	247768	700	326	362	36	3	50.67	50.67	50.67
juego1	easy	30.0	0.007	247777	700	326	362	36	3	50.69	50.69	50.69
juego1	easy	30.0	0.007	247785	700	326	361	35	3	50.72	50.72	50.72
juego1	easy	30.0	0.007	247794	700	327	361	34	3	50.75	50.75	50.75
juego1	easy	30.0	0.007	247802	700	327	361	34	3	50.74	50.74	50.74
juego1	easy	30.0	0.007	247811	700	327	361	34	3	50.73	50.73	50.73
juego1	easy	30.0	0.007	247819	700	327	361	34	3	50.72	50.72	50.72
juego1	easy	30.0	0.007	247828	700	327	361	34	3	50.71	50.71	50.71
juego1	easy	30.0	0.007	247836	700	328	362	34	3	50.67	50.67	50.67
juego1	easy	30.0	0.007	247844	700	328	362	34	3	50.63	50.63	50.63
juego1	easy	30.0	0.007	247853	700	328	362	34	3	50.61	50.61	50.61
juego1	easy	30.0	0.007	247862	700	328	362	34	3	50.59	50.59	50.59
juego1	easy	30.0	0.007	247871	700	328	362	34	3	50.58	50.58	50.58
juego1	easy	30.0	0.007	247880	700	329	362	33	3	50.52	50.52	50.52
juego1	easy	30.0	0.007	247888	700	329	362	33	3	50.47	50.47	50.47
juego1	easy	30.0	0.007	247897	700	329	362	33	3	50.43	50.43	50.43
juego1	easy	30.0	0.007	247905	700	329	363	34	3	50.3	50.3	50.3
juego1	easy	30.0	0.007	247914	700	329	363	34	3	50.24	50.24	50.24
juego1	easy	30.0	0.007	247922	700	330	363	33	3	50.25	50.25	50.25
juego1	easy	30.0	0.007	247930	700	330	363	33	3	50.26	50.26	50.26
juego1	easy	30.0	0.007	247939	700	330	363	33	3	50.28	50.28	50.28
juego1	easy	30.0	0.007	247946	700	330	363	33	3	50.28	50.28	50.28
juego1	easy	30.0	0.007	247955	700	330	363	33	3	50.27	50.27	50.27
juego1	easy	30.0	0.007	247963	700	330	363	33	3	50.23	50.23	50.23
juego1	easy	30.0	0.007	247972	700	331	363	32	3	50.2	50.2	50.2
juego1	easy	30.0	0.007	247981	700	331	363	32	3	50.17	50.17	50.17
juego1	easy	30.0	0.007	247990	700	331	363	32	3	50.16	50.16	50.16
juego1	easy	30.0	0.007	247999	700	331	363	32	3	50.15	50.15	50.15
juego1	easy	30.0	0.007	248006	700	331	363	32	3	50.15	50.15	50.15
juego1	easy	30.0	0.007	248015	700	331	363	32	3	50.15	50.15	50.15
juego1	easy	30.0	0.007	248024	700	332	363	31	3	50.13	50.13	50.13
juego1	easy	30.0	0.007	248031	700	332	363	31	3	50.11	50.11	50.11
juego1	easy	30.0	0.007	248040	700	332	363	31	3	50.07	50.07	50.07
juego1	easy	30.0	0.007	248049	700	332	363	31	3	50.04	50.04	50.04
juego1	easy	30.0	0.007	248056	700	332	363	31	3	50.01	50.01	50.01
juego1	easy	30.0	0.007	248065	700	332	363	31	3	49.94	49.94	49.94
juego1	easy	30.0	0.007	248073	700	332	363	31	3	49.92	49.92	49.92
juego1	easy	30.0	0.007	248081	700	333	364	31	3	49.85	49.85	49.85
juego1	easy	30.0	0.007	248090	700	333	364	31	3	49.73	49.73	49.73
juego1	easy	30.0	0.007	248098	700	333	364	31	3	49.67	49.67	49.67
juego1	easy	30.0	0.007	248107	700	333	364	31	3	49.54	49.54	49.54
juego1	easy	30.0	0.007	248116	700	333	365	32	3	49.5	49.5	49.5
juego1	easy	30.0	0.007	248124	700	333	365	32	3	49.52	49.52	49.52
juego1	easy	30.0	0.007	248133	700	333	365	32	3	49.52	49.52	49.52
juego1	easy	30.0	0.007	248140	700	333	365	32	3	49.49	49.49	49.49
juego1	easy	30.0	0.007	248149	700	334	365	31	3	49.46	49.46	49.46
juego1	easy	30.0	0.007	248158	700	334	365	31	3	49.45	49.45	49.45
juego1	easy	30.0	0.007	248167	700	334	365	31	3	49.41	49.41	49.41
juego1	easy	30.0	0.007	248175	700	334	365	31	3	49.37	49.37	49.37
juego1	easy	30.0	0.007	248184	700	334	365	31	3	49.35	49.35	49.35
juego1	easy	30.0	0.007	248193	700	334	365	31	3	49.34	49.34	49.34
juego1	easy	30.0	0.007	248202	700	334	365	31	3	49.32	49.32	49.32
juego1	easy	30.0	0.007	248211	700	334	365	31	3	49.31	49.31	49.31
juego1	easy	30.0	0.007	248219	700	335	365	30	3	49.27	49.27	49.27
juego1	easy	30.0	0.007	248228	700	335	365	30	3	49.26	49.26	49.26
juego1	easy	30.0	0.007	248236	700	335	365	30	3	49.21	49.21	49.21
juego1	easy	30.0	0.007	248245	700	335	366	31	3	49.12	49.12	49.12
juego1	easy	30.0	0.007	248253	700	335	366	31	3	49.09	49.09	49.09
juego1	easy	30.0	0.007	248262	700	335	366	31	3	49.01	49.01	49.01
juego1	easy	30.0	0.007	248270	700	335	366	31	3	48.96	48.96	48.96
juego1	easy	30.0	0.007	248279	700	335	366	31	3	48.94	48.94	48.94
juego1	easy	30.0	0.007	248286	700	335	366	31	3	48.93	48.93	48.93
juego1	easy	30.0	0.007	248295	700	335	366	31	3	48.93	48.93	48.93
juego1	easy	30.0	0.007	248303	700	335	366	31	3	48.93	48.93	48.93
juego1	easy	30.0	0.007	248312	700	336	366	30	3	48.96	48.96	48.96
juego1	easy	30.0	0.007	248320	700	336	366	30	3	48.97	48.97	48.97
juego1	easy	30.0	0.007	248329	700	336	366	30	3	48.97	48.97	48.97
juego1	easy	30.0	0.007	248337	700	336	366	30	3	48.97	48.97	48.97
juego1	easy	30.0	0.007	248346	700	336	366	30	3	48.95	48.95	48.95
juego1	easy	30.0	0.007	248354	700	336	366	30	3	48.94	48.94	48.94
juego1	easy	30.0	0.007	248363	700	336	366	30	3	48.92	48.92	48.92
juego1	easy	30.0	0.007	248371	700	336	366	30	3	48.86	48.86	48.86
juego1	easy	30.0	0.007	248380	700	336	366	30	3	48.81	48.81	48.81
juego1	easy	30.0	0.007	248388	700	336	366	30	3	48.79	48.79	48.79
juego1	easy	30.0	0.007	248397	700	336	366	30	3	48.75	48.75	48.75
juego1	easy	30.0	0.007	248406	700	336	367	31	3	48.69	48.69	48.69
juego1	easy	30.0	0.007	248415	700	336	367	31	3	48.66	48.66	48.66
juego1	easy	30.0	0.007	248424	700	336	367	31	3	48.67	48.67	48.67
juego1	easy	30.0	0.007	248431	700	336	367	31	3	48.66	48.66	48.66
juego1	easy	30.0	0.007	248440	700	336	367	31	3	48.68	48.68	48.68
juego1	easy	30.0	0.007	248449	700	336	367	31	3	48.69	48.69	48.69
juego1	easy	30.0	0.007	248458	700	336	367	31	3	48.72	48.72	48.72
juego1	easy	30.0	0.007	248466	700	337	366	29	3	48.74	48.74	48.74
juego1	easy	30.0	0.007	248475	700	337	366	29	3	48.74	48.74	48.74
juego1	easy	30.0	0.007	248484	700	337	366	29	3	48.74	48.74	48.74
juego1	easy	30.0	0.007	248492	700	337	366	29	3	48.74	48.74	48.74
juego1	easy	30.0	0.007	248501	700	337	367	30	3	48.69	48.69	48.69
juego1	easy	30.0	0.007	248509	700	337	367	30	3	48.66	48.66	48.66
juego1	easy	30.0	0.007	248517	700	337	367	30	3	48.56	48.56	48.56
juego1	easy	30.0	0.007	248526	700	337	367	30	3	48.54	48.54	48.54
juego1	easy	30.0	0.007	248534	700	337	367	30	3	48.53	48.53	48.53
juego1	easy	30.0	0.007	248542	700	337	367	30	3	48.53	48.53	48.53
juego1	easy	30.0	0.007	248551	700	337	367	30	3	48.56	48.56	48.56
juego1	easy	30.0	0.007	248559	700	337	367	30	3	48.58	48.58	48.58
juego1	easy	30.0	0.007	248568	700	337	367	30	3	48.61	48.61	48.61
juego1	easy	30.0	0.007	248577	700	337	367	30	3	48.62	48.62	48.62
juego1	easy	30.0	0.007	248586	700	337	367	30	3	48.63	48.63	48.63
juego1	easy	30.0	0.007	248594	700	337	367	30	3	48.64	48.64	48.64
juego1	easy	30.0	0.007	248601	700	337	367	30	3	48.62	48.62	48.62
juego1	easy	30.0	0.007	248610	700	337	367	30	3	48.6	48.6	48.6
juego1	easy	30.0	0.007	248617	700	337	367	30	3	48.56	48.56	48.56
juego1	easy	30.0	0.007	248626	700	337	367	30	3	48.53	48.53	48.53
juego1	easy	30.0	0.007	248634	700	337	367	30	3	48.54	48.54	48.54
juego1	easy	30.0	0.007	248642	700	337	367	30	3	48.55	48.55	48.55
juego1	easy	30.0	0.007	248651	700	337	367	30	3	48.54	48.54	48.54
juego1	easy	30.0	0.007	248659	700	337	367	30	3	48.55	48.55	48.55
juego1	easy	30.0	0.007	248668	700	337	367	30	3	48.58	48.58	48.58
juego1	easy	30.0	0.007	248676	700	337	367	30	3	48.59	48.59	48.59
juego1	easy	30.0	0.007	248685	700	337	367	30	3	48.6	48.6	48.6
juego1	easy	30.0	0.007	248694	700	337	367	30	3	48.62	48.62	48.62
juego1	easy	30.0	0.007	248703	700	337	367	30	3	48.63	48.63	48.63
juego1	easy	30.0	0.007	248712	700	337	367	30	3	48.62	48.62	48.62
juego1	easy	30.0	0.007	248720	700	337	367	30	3	48.58	48.58	48.58
juego1	easy	30.0	0.007	248729	700	337	367	30	3	48.57	48.57	48.57
juego1	easy	30.0	0.007	248738	700	336	367	31	3	48.53	48.53	48.53
juego1	easy	30.0	0.007	248746	700	336	367	31	3	48.47	48.47	48.47
juego1	easy	30.0	0.007	248755	700	336	367	31	3	48.45	48.45	48.45
juego1	easy	30.0	0.007	248763	700	336	367	31	3	48.41	48.41	48.41
juego1	easy	30.0	0.007	248772	700	336	367	31	3	48.4	48.4	48.4
juego1	easy	30.0	0.007	248781	700	336	367	31	3	48.38	48.38	48.38
juego1	easy	30.0	0.007	248789	700	336	367	31	3	48.35	48.35	48.35
juego1	easy	30.0	0.007	248798	700	336	368	32	3	48.31	48.31	48.31
juego1	easy	30.0	0.007	248807	700	336	368	32	3	48.19	48.19	48.19
juego1	easy	30.0	0.007	248815	700	336	369	33	3	47.9	47.9	47.9
juego1	easy	30.0	0.007	248824	700	336	371	35	3	47.1	47.1	47.1
juego1	easy	30.0	0.007	248833	700	336	372	36	3	46.64	46.64	46.64
juego1	easy	30.0	0.007	248842	700	336	372	36	3	46.42	46.42	46.42
juego1	easy	30.0	0.007	248852	700	336	373	37	3	46.13	46.13	46.13
juego1	easy	30.0	0.007	248860	700	336	374	38	3	45.96	45.96	45.96
juego1	easy	30.0	0.007	248869	700	336	374	38	3	45.71	45.71	45.71
juego1	easy	30.0	0.007	248877	700	336	374	38	3	45.66	45.66	45.66
juego1	easy	30.0	0.007	248887	700	335	374	39	3	45.75	45.75	45.75
juego1	easy	30.0	0.007	248895	700	335	374	39	3	45.81	45.81	45.81
juego1	easy	30.0	0.007	248903	700	335	374	39	3	45.94	45.94	45.94
juego1	easy	30.0	0.007	248912	700	335	373	38	3	46.04	46.04	46.04
juego1	easy	30.0	0.007	248922	700	335	373	38	3	46.12	46.12	46.12
juego1	easy	30.0	0.007	248929	700	335	373	38	3	46.14	46.14	46.14
juego1	easy	30.0	0.007	248937	700	335	373	38	3	46.16	46.16	46.16
juego1	easy	30.0	0.007	248946	700	335	373	38	3	46.13	46.13	46.13
juego1	easy	30.0	0.007	248955	700	335	373	38	3	46.12	46.12	46.12
juego1	easy	30.0	0.007	248962	700	335	373	38	3	46.05	46.05	46.05
juego1	easy	30.0	0.007	248972	700	335	374	39	3	45.94	45.94	45.94
juego1	easy	30.0	0.007	248979	700	334	374	40	3	45.86	45.86	45.86
juego1	easy	30.0	0.007	248987	700	334	374	40	3	45.65	45.65	45.65
juego1	easy	30.0	0.007	248996	700	334	375	41	3	45.46	45.46	45.46
juego1	easy	30.0	0.007	249004	700	334	375	41	3	45.35	45.35	45.35
juego1	easy	30.0	0.007	249013	700	334	376	42	3	45.14	45.14	45.14
juego1	easy	30.0	0.007	249022	700	334	376	42	3	45.01	45.01	45.01
juego1	easy	30.0	0.007	249029	700	334	376	42	3	44.97	44.97	44.97
juego1	easy	30.0	0.007	249038	700	334	376	42	3	44.93	44.93	44.93
juego1	easy	30.0	0.007	249046	700	334	376	42	3	44.9	44.9	44.9
juego1	easy	30.0	0.007	249055	700	333	376	43	3	44.87	44.87	44.87
juego1	easy	30.0	0.007	249063	700	333	376	43	3	44.83	44.83	44.83
juego1	easy	30.0	0.007	249072	700	333	377	44	3	44.81	44.81	44.81
juego1	easy	30.0	0.007	249080	700	333	377	44	3	44.81	44.81	44.81
juego1	easy	30.0	0.007	249088	700	333	377	44	3	44.8	44.8	44.8
juego1	easy	30.0	0.007	249097	700	333	377	44	3	44.76	44.76	44.76
juego1	easy	30.0	0.007	249105	700	333	377	44	3	44.73	44.73	44.73
juego1	easy	30.0	0.007	249114	700	332	377	45	3	44.67	44.67	44.67
juego1	easy	30.0	0.007	249123	700	332	377	45	3	44.62	44.62	44.62
juego1	easy	30.0	0.007	249132	700	332	377	45	3	44.55	44.55	44.55
juego1	easy	30.0	0.007	249140	700	332	377	45	3	44.52	44.52	44.52
juego1	easy	30.0	0.007	249149	700	332	377	45	3	44.45	44.45	44.45
juego1	easy	30.0	0.007	249157	700	332	378	46	3	44.28	44.28	44.28
juego1	easy	30.0	0.007	249166	700	332	378	46	3	44.19	44.19	44.19
juego1	easy	30.0	0.007	249175	700	331	378	47	3	44.03	44.03	44.03
juego1	easy	30.0	0.007	249184	700	331	379	48	3	43.81	43.81	43.81
juego1	easy	30.0	0.007	249192	700	331	380	49	3	43.61	43.61	43.61
juego1	easy	30.0	0.007	249201	700	331	380	49	3	43.55	43.55	43.55
juego1	easy	30.0	0.007	249210	700	331	380	49	3	43.36	43.36	43.36
juego1	easy	30.0	0.007	249219	700	331	381	50	3	43.17	43.17	43.17
juego1	easy	30.0	0.007	249226	700	330	381	51	3	43.07	43.07	43.07
juego1	easy	30.0	0.007	249235	700	330	382	52	3	42.84	42.84	42.84
juego1	easy	30.0	0.007	249244	700	330	382	52	3	42.63	42.63	42.63
juego1	easy	30.0	0.007	249252	700	330	383	53	3	42.44	42.44	42.44
juego1	easy	30.0	0.007	249261	700	330	383	53	3	42.29	42.29	42.29
juego1	easy	30.0	0.007	249269	700	330	383	53	3	42.24	42.24	42.24
juego1	easy	30.0	0.007	249277	700	329	383	54	3	42.18	42.18	42.18
juego1	easy	30.0	0.007	249286	700	329	383	54	3	42.18	42.18	42.18
juego1	easy	30.0	0.007	249294	700	329	383	54	3	42.2	42.2	42.2
juego1	easy	30.0	0.007	249303	700	329	383	54	3	42.16	42.16	42.16
juego1	easy	30.0	0.007	249312	700	329	383	54	3	42.15	42.15	42.15
juego1	easy	30.0	0.007	249321	700	329	383	54	3	42.15	42.15	42.15
juego1	easy	30.0	0.007	249330	700	328	383	55	3	42.13	42.13	42.13
juego1	easy	30.0	0.007	249339	700	328	383	55	3	42.11	42.11	42.11
juego1	easy	30.0	0.007	249348	700	328	383	55	3	42.1	42.1	42.1
juego1	easy	30.0	0.007	249356	700	328	383	55	3	42.08	42.08	42.08
juego1	easy	30.0	0.007	249364	700	328	383	55	3	42.07	42.07	42.07
juego1	easy	30.0	0.007	249373	700	327	384	57	3	42.05	42.05	42.05
juego1	easy	30.0	0.007	249382	700	327	384	57	3	42.04	42.04	42.04
juego1	easy	30.0	0.007	249389	700	327	384	57	3	42.03	42.03	42.03
juego1	easy	30.0	0.007	249398	700	327	384	57	3	42.01	42.01	42.01
juego1	easy	30.0	0.007	249406	700	327	384	57	3	42.0	42.0	42.0
juego1	easy	30.0	0.007	249415	700	326	384	58	3	41.98	41.98	41.98
juego1	easy	30.0	0.007	249424	700	326	384	58	3	41.95	41.95	41.95
juego1	easy	30.0	0.007	249432	700	326	384	58	3	41.91	41.91	41.91
juego1	easy	30.0	0.007	249441	700	326	384	58	3	41.89	41.89	41.89
juego1	easy	30.0	0.007	249449	700	325	384	59	3	41.86	41.86	41.86
juego1	easy	30.0	0.007	249458	700	325	384	59	3	41.84	41.84	41.84
juego1	easy	30.0	0.007	249466	700	325	384	59	3	41.83	41.83	41.83
juego1	easy	30.0	0.007	249475	700	325	384	59	3	41.8	41.8	41.8
juego1	easy	30.0	0.007	249484	700	325	384	59	3	41.77	41.77	41.77
juego1	easy	30.0	0.007	249492	700	324	384	60	3	41.75	41.75	41.75
juego1	easy	30.0	0.007	249501	700	324	384	60	3	41.74	41.74	41.74
juego1	easy	30.0	0.007	249510	700	324	384	60	3	41.71	41.71	41.71
juego1	easy	30.0	0.007	249519	700	324	384	60	3	41.7	41.7	41.7
juego1	easy	30.0	0.007	249528	700	323	385	62	3	41.67	41.67	41.67
juego1	easy	30.0	0.007	249537	700	323	385	62	3	41.65	41.65	41.65
juego1	easy	30.0	0.007	249546	700	323	385	62	3	41.63	41.63	41.63
juego1	easy	30.0	0.007	249555	700	323	385	62	3	41.61	41.61	41.61
juego1	easy	30.0	0.007	249564	700	323	385	62	3	41.61	41.61	41.61
juego1	easy	30.0	0.007	249573	700	322	385	63	3	41.61	41.61	41.61
juego1	easy	30.0	0.007	249581	700	322	385	63	3	41.61	41.61	41.61
juego1	easy	30.0	0.007	249589	700	322	385	63	3	41.62	41.62	41.62
juego1	easy	30.0	0.007	249598	700	322	385	63	3	41.62	41.62	41.62
juego1	easy	30.0	0.007	249607	700	321	385	64	3	41.62	41.62	41.62
juego1	easy	30.0	0.007	249615	700	321	385	64	3	41.61	41.61	41.61
juego1	easy	30.0	0.007	249623	700	321	385	64	3	41.6	41.6	41.6
juego1	easy	30.0	0.007	249632	700	321	385	64	3	41.59	41.59	41.59
juego1	easy	30.0	0.007	249641	700	320	385	65	3	41.59	41.59	41.59
juego1	easy	30.0	0.007	249650	700	320	385	65	3	41.59	41.59	41.59
juego1	easy	30.0	0.007	249658	700	320	385	65	3	41.59	41.59	41.59
juego1	easy	30.0	0.007	249667	700	320	385	65	3	41.59	41.59	41.59
juego1	easy	30.0	0.007	249676	700	319	385	66	3	41.59	41.59	41.59
juego1	easy	30.0	0.007	249684	700	319	385	66	3	41.59	41.59	41.59
juego1	easy	30.0	0.007	249693	700	319	385	66	3	41.58	41.58	41.58
juego1	easy	30.0	0.007	249701	700	318	385	67	3	41.58	41.58	41.58
juego1	easy	30.0	0.007	249709	700	318	385	67	3	41.57	41.57	41.57
juego1	easy	30.0	0.007	249718	700	318	385	67	3	41.57	41.57	41.57
juego1	easy	30.0	0.007	249726	700	318	385	67	3	41.57	41.57	41.57
juego1	easy	30.0	0.007	249735	700	317	385	68	3	41.57	41.57	41.57
juego1	easy	30.0	0.007	249742	700	317	385	68	3	41.57	41.57	41.57
juego1	easy	30.0	0.007	249750	700	317	385	68	3	41.57	41.57	41.57
juego1	easy	30.0	0.007	249759	700	317	385	68	3	41.57	41.57	41.57
juego1	easy	30.0	0.007	249767	700	316	385	69	3	41.57	41.57	41.57
juego1	easy	30.0	0.007	249775	700	316	385	69	3	41.56	41.56	41.56
juego1	easy	30.0	0.007	249784	700	316	385	69	3	41.56	41.56	41.56
juego1	easy	30.0	0.007	249793	700	315	385	70	3	41.56	41.56	41.56
juego1	easy	30.0	0.007	249801	700	315	385	70	3	41.55	41.55	41.55
juego1	easy	30.0	0.007	249808	700	315	385	70	3	41.55	41.55	41.55
juego1	easy	30.0	0.007	249816	700	315	385	70	3	41.55	41.55	41.55
juego1	easy	30.0	0.007	249825	700	314	385	71	3	41.55	41.55	41.55
juego1	easy	30.0	0.007	249833	700	314	385	71	3	41.55	41.55	41.55
juego1	easy	30.0	0.007	249842	700	314	385	71	3	41.55	41.55	41.55
juego1	easy	30.0	0.007	249850	700	313	385	72	3	41.55	41.55	41.55
juego1	easy	30.0	0.007	249859	700	313	385	72	3	41.54	41.54	41.54
juego1	easy	30.0	0.007	249868	700	313	385	72	3	41.55	41.55	41.55
juego1	easy	30.0	0.007	249877	700	313	385	72	3	41.54	41.54	41.54
juego1	easy	30.0	0.007	249885	700	312	385	73	3	41.54	41.54	41.54
juego1	easy	30.0	0.007	249893	700	312	385	73	3	41.54	41.54	41.54
juego1	easy	30.0	0.007	249902	700	312	385	73	3	41.54	41.54	41.54
juego1	easy	30.0	0.007	249911	700	311	385	74	3	41.54	41.54	41.54
juego1	easy	30.0	0.007	249920	700	311	385	74	3	41.54	41.54	41.54
juego1	easy	30.0	0.007	249928	700	311	385	74	3	41.54	41.54	41.54
juego1	easy	30.0	0.007	249937	700	311	385	74	3	41.53	41.53	41.53
juego1	easy	30.0	0.007	249945	700	310	385	75	3	41.53	41.53	41.53
juego1	easy	30.0	0.007	249954	700	310	385	75	3	41.53	41.53	41.53
juego1	easy	30.0	0.007	249963	700	310	385	75	3	41.53	41.53	41.53
juego1	easy	30.0	0.007	249971	700	309	385	76	3	41.53	41.53	41.53
juego1	easy	30.0	0.007	249980	700	309	385	76	3	41.53	41.53	41.53
juego1	easy	30.0	0.007	249989	700	309	385	76	3	41.53	41.53	41.53
juego1	easy	30.0	0.007	249997	700	308	385	77	3	41.53	41.53	41.53
juego1	easy	30.0	0.007	250006	700	308	385	77	3	41.53	41.53	41.53
juego1	easy	30.0	0.007	250014	700	308	385	77	3	41.53	41.53	41.53
juego1	easy	30.0	0.007	250023	700	307	385	78	3	41.53	41.53	41.53
juego1	easy	30.0	0.007	250031	700	307	385	78	3	41.53	41.53	41.53
juego1	easy	30.0	0.007	250040	700	307	385	78	3	41.53	41.53	41.53
juego1	easy	30.0	0.007	250047	700	307	385	78	3	41.52	41.52	41.52
juego1	easy	30.0	0.007	250056	700	306	385	79	3	41.52	41.52	41.52
juego1	easy	30.0	0.007	250065	700	306	385	79	3	41.52	41.52	41.52
juego1	easy	30.0	0.007	250072	700	306	385	79	3	41.52	41.52	41.52
juego1	easy	30.0	0.007	250081	700	305	385	80	3	41.52	41.52	41.52
juego1	easy	30.0	0.007	250089	700	305	385	80	3	41.51	41.51	41.51
juego1	easy	30.0	0.007	250098	700	305	385	80	3	41.51	41.51	41.51
juego1	easy	30.0	0.007	250106	700	304	385	81	3	41.52	41.52	41.52
juego1	easy	30.0	0.007	250115	700	304	385	81	3	41.52	41.52	41.52
juego1	easy	30.0	0.007	250124	700	304	385	81	3	41.52	41.52	41.52
juego1	easy	30.0	0.007	250131	700	303	385	82	3	41.52	41.52	41.52
juego1	easy	30.0	0.007	250140	700	303	385	82	3	41.52	41.52	41.52
juego1	easy	30.0	0.007	250149	700	303	385	82	3	41.51	41.51	41.51
juego1	easy	30.0	0.007	250157	700	302	385	83	3	41.51	41.51	41.51
juego1	easy	30.0	0.007	250164	700	302	385	83	3	41.51	41.51	41.51
juego1	easy	30.0	0.007	250173	700	302	385	83	3	41.51	41.51	41.51
juego1	easy	30.0	0.007	250181	700	301	385	84	3	41.51	41.51	41.51
juego1	easy	30.0	0.007	250190	700	301	385	84	3	41.51	41.51	41.51
juego1	easy	30.0	0.007	250199	700	301	385	84	3	41.51	41.51	41.51
juego1	easy	30.0	0.007	250207	700	300	385	85	3	41.51	41.51	41.51
juego1	easy	30.0	0.007	250215	700	300	385	85	3	41.51	41.51	41.51
juego1	easy	30.0	0.007	250224	700	300	385	85	3	41.51	41.51	41.51
juego1	easy	30.0	0.007	250233	700	300	385	85	3	41.51	41.51	41.51
juego1	easy	30.0	0.007	250241	700	300	385	85	3	41.51	41.51	41.51
juego1	easy	30.0	0.007	250250	700	300	385	85	3	41.51	41.51	41.51
juego1	easy	30.0	0.007	250258	700	299	385	86	3	41.51	41.51	41.51
juego1	easy	30.0	0.007	250266	700	299	385	86	3	41.51	41.51	41.51
juego1	easy	30.0	0.007	250275	700	299	385	86	3	41.51	41.51	41.51
juego1	easy	30.0	0.007	250284	700	298	385	87	3	41.51	41.51	41.51
juego1	easy	30.0	0.007	250292	700	298	385	87	3	41.58	41.58	41.58
juego1	easy	30.0	0.007	250301	700	298	383	85	3	42.08	42.08	42.08
juego1	easy	30.0	0.007	250309	700	297	382	85	3	42.51	42.51	42.51
juego1	easy	30.0	0.007	250318	700	297	382	85	3	42.61	42.61	42.61
juego1	easy	30.0	0.007	250326	700	297	382	85	3	42.73	42.73	42.73
juego1	easy	30.0	0.007	250335	700	296	381	85	3	43.1	43.1	43.1
juego1	easy	30.0	0.007	250344	700	296	380	84	3	43.49	43.49	43.49
juego1	easy	30.0	0.007	250351	700	296	380	84	3	43.63	43.63	43.63
juego1	easy	30.0	0.007	250360	700	295	379	84	3	43.9	43.9	43.9
juego1	easy	30.0	0.007	250367	700	295	379	84	3	43.99	43.99	43.99
juego1	easy	30.0	0.007	250376	700	295	378	83	3	44.12	44.12	44.12
juego1	easy	30.0	0.007	250383	700	294	378	84	3	44.16	44.16	44.16
juego1	easy	30.0	0.007	250392	700	294	378	84	3	44.23	44.23	44.23
juego1	easy	30.0	0.007	250401	700	294	378	84	3	44.25	44.25	44.25
juego1	easy	30.0	0.007	250409	700	293	378	85	3	44.26	44.26	44.26
juego1	easy	30.0	0.007	250418	700	293	378	85	3	44.22	44.22	44.22
juego1	easy	30.0	0.007	250426	700	293	378	85	3	44.34	44.34	44.34
juego1	easy	30.0	0.007	250435	700	292	377	85	3	44.54	44.54	44.54
juego1	easy	30.0	0.007	250445	700	292	377	85	3	44.55	44.55	44.55
juego1	easy	30.0	0.007	250453	700	292	377	85	3	44.47	44.47	44.47
juego1	easy	30.0	0.007	250461	700	291	377	86	3	44.63	44.63	44.63
juego1	easy	30.0	0.007	250470	700	291	376	85	3	44.82	44.82	44.82
juego1	easy	30.0	0.007	250478	700	291	376	85	3	44.87	44.87	44.87
juego1	easy	30.0	0.007	250487	700	290	376	86	3	44.92	44.92	44.92
juego1	easy	30.0	0.007	250496	700	290	376	86	3	45.08	45.08	45.08
juego1	easy	30.0	0.007	250505	700	290	375	85	4	45.27	45.27	45.27
juego1	easy	20.0	0.006	250513	700	289	375	86	4	45.34	45.34	45.34
juego1	easy	20.0	0.006	250521	700	289	375	86	4	45.31	45.31	45.31
juego1	easy	20.0	0.006	250530	700	289	375	86	4	45.46	45.46	45.46
juego1	easy	20.0	0.006	250538	700	289	375	86	4	45.56	45.56	45.56
juego1	easy	20.0	0.006	250547	700	289	374	85	4	45.63	45.63	45.63
juego1	easy	20.0	0.006	250555	700	289	374	85	4	45.76	45.76	45.76
juego1	easy	20.0	0.006	250562	700	288	374	86	4	45.85	45.85	45.85
juego1	easy	20.0	0.006	250570	700	288	373	85	4	46.03	46.03	46.03
juego1	easy	20.0	0.006	250578	700	288	373	85	4	46.11	46.11	46.11
juego1	easy	20.0	0.006	250586	700	288	373	85	4	46.37	46.37	46.37
juego1	easy	20.0	0.006	250595	700	288	372	84	4	46.55	46.55	46.55
juego1	easy	20.0	0.006	250603	700	288	372	84	4	46.64	46.64	46.64
juego1	easy	20.0	0.006	250611	700	288	371	83	4	46.86	46.86	46.86
juego1	easy	20.0	0.006	250619	700	287	371	84	4	46.95	46.95	46.95
juego1	easy	20.0	0.006	250627	700	287	371	84	4	47.15	47.15	47.15
juego1	easy	20.0	0.006	250635	700	287	370	83	4	47.32	47.32	47.32
juego1	easy	20.0	0.006	250643	700	287	370	83	4	47.41	47.41	47.41
juego1	easy	20.0	0.006	250652	700	287	369	82	4	47.59	47.59	47.59
juego1	easy	20.0	0.006	250660	700	287	369	82	4	47.67	47.67	47.67
juego1	easy	20.0	0.006	250668	700	286	369	83	4	47.84	47.84	47.84
juego1	easy	20.0	0.006	250677	700	286	368	82	4	48.03	48.03	48.03
juego1	easy	20.0	0.006	250685	700	286	368	82	4	48.19	48.19	48.19
juego1	easy	20.0	0.006	250694	700	286	368	82	4	48.26	48.26	48.26
juego1	easy	20.0	0.006	250703	700	286	367	81	4	48.44	48.44	48.44
juego1	easy	20.0	0.006	250711	700	286	367	81	4	48.59	48.59	48.59
juego1	easy	20.0	0.006	250720	700	285	367	82	4	48.7	48.7	48.7
juego1	easy	20.0	0.006	250728	700	285	366	81	4	48.9	48.9	48.9
juego1	easy	20.0	0.006	250736	700	285	366	81	4	49.1	49.1	49.1
juego1	easy	20.0	0.006	250745	700	285	365	80	4	49.18	49.18	49.18
juego1	easy	20.0	0.006	250753	700	285	365	80	4	49.38	49.38	49.38
juego1	easy	20.0	0.006	250761	700	285	365	80	4	49.48	49.48	49.48
juego1	easy	20.0	0.006	250770	700	284	365	81	4	49.5	49.5	49.5
juego1	easy	20.0	0.006	250779	700	284	364	80	4	49.62	49.62	49.62
juego1	easy	20.0	0.006	250788	700	284	364	80	4	49.8	49.8	49.8
juego1	easy	20.0	0.006	250796	700	284	363	79	4	49.95	49.95	49.95
juego1	easy	20.0	0.006	250805	700	284	363	79	4	50.04	50.04	50.04
juego1	easy	20.0	0.006	250814	700	284	363	79	4	50.13	50.13	50.13
juego1	easy	20.0	0.006	250822	700	283	363	80	4	50.28	50.28	50.28
juego1	easy	20.0	0.006	250831	700	283	362	79	4	50.34	50.34	50.34
juego1	easy	20.0	0.006	250839	700	283	362	79	4	50.34	50.34	50.34
juego1	easy	20.0	0.006	250848	700	283	362	79	4	50.33	50.33	50.33
juego1	easy	20.0	0.006	250857	700	283	362	79	4	50.37	50.37	50.37
juego1	easy	20.0	0.006	250865	700	283	362	79	4	50.36	50.36	50.36
juego1	easy	20.0	0.006	250874	700	282	362	80	4	50.33	50.33	50.33
juego1	easy	20.0	0.006	250882	700	282	362	80	4	50.36	50.36	50.36
juego1	easy	20.0	0.006	250891	700	282	362	80	4	50.38	50.38	50.38
juego1	easy	20.0	0.006	250899	700	282	362	80	4	50.36	50.36	50.36
juego1	easy	20.0	0.006	250908	700	282	362	80	4	50.4	50.4	50.4
juego1	easy	20.0	0.006	250916	700	282	362	80	4	50.42	50.42	50.42
juego1	easy	20.0	0.006	250925	700	281	362	81	4	50.4	50.4	50.4
juego1	easy	20.0	0.006	250934	700	281	363	82	4	50.3	50.3	50.3
juego1	easy	20.0	0.006	250942	700	281	363	82	4	50.21	50.21	50.21
juego1	easy	20.0	0.006	250952	700	281	363	82	4	50.08	50.08	50.08
juego1	easy	20.0	0.006	250959	700	281	363	82	4	50.05	50.05	50.05
juego1	easy	20.0	0.006	250968	700	281	363	82	4	49.94	49.94	49.94
juego1	easy	20.0	0.006	250975	700	280	364	84	4	49.91	49.91	49.91
juego1	easy	20.0	0.006	250984	700	280	364	84	4	49.79	49.79	49.79
juego1	easy	20.0	0.006	250993	700	280	364	84	4	49.59	49.59	49.59
juego1	easy	20.0	0.006	251001	700	280	364	84	4	49.55	49.55	49.55
juego1	easy	20.0	0.006	251010	700	280	365	85	4	49.49	49.49	49.49
juego1	easy	20.0	0.006	251018	700	280	365	85	4	49.35	49.35	49.35
juego1	easy	20.0	0.006	251027	700	280	365	85	4	49.21	49.21	49.21
juego1	easy	20.0	0.006	251036	700	279	366	87	4	49.0	49.0	49.0
juego1	easy	20.0	0.006	251044	700	279	366	87	4	48.91	48.91	48.91
juego1	easy	20.0	0.006	251053	700	279	367	88	4	48.69	48.69	48.69
juego1	easy	20.0	0.006	251062	700	279	367	88	4	48.45	48.45	48.45
juego1	easy	20.0	0.006	251070	700	279	368	89	4	48.31	48.31	48.31
juego1	easy	20.0	0.006	251079	700	279	368	89	4	48.02	48.02	48.02
juego1	easy	20.0	0.006	251088	700	278	369	91	4	47.76	47.76	47.76
juego1	easy	20.0	0.006	251095	700	278	369	91	4	47.63	47.63	47.63
juego1	easy	20.0	0.006	251104	700	278	370	92	4	47.35	47.35	47.35
juego1	easy	20.0	0.006	251113	700	278	371	93	4	47.03	47.03	47.03
juego1	easy	20.0	0.006	251121	700	278	372	94	4	46.76	46.76	46.76
juego1	easy	20.0	0.006	251130	700	278	372	94	4	46.62	46.62	46.62
juego1	easy	20.0	0.006	251139	700	278	373	95	4	46.37	46.37	46.37
juego1	easy	20.0	0.006	251148	700	277	373	96	4	46.13	46.13	46.13
juego1	easy	20.0	0.006	251156	700	277	374	97	4	45.96	45.96	45.96
juego1	easy	20.0	0.006	251165	700	277	374	97	4	45.83	45.83	45.83
juego1	easy	20.0	0.006	251173	700	277	374	97	4	45.68	45.68	45.68
juego1	easy	20.0	0.006	251182	700	277	375	98	4	45.46	45.46	45.46
juego1	easy	20.0	0.006	251190	700	277	375	98	4	45.38	45.38	45.38
juego1	easy	20.0	0.006	251199	700	277	375	98	4	45.21	45.21	45.21
juego1	easy	20.0	0.006	251207	700	276	376	100	4	45.04	45.04	45.04
juego1	easy	20.0	0.006	251215	700	276	376	100	4	44.94	44.94	44.94
juego1	easy	20.0	0.006	251223	700	276	377	101	4	44.74	44.74	44.74
juego1	easy	20.0	0.006	251232	700	276	377	101	4	44.54	44.54	44.54
juego1	easy	20.0	0.006	251240	700	276	377	101	4	44.51	44.51	44.51
juego1	easy	20.0	0.006	251249	700	276	377	101	4	44.51	44.51	44.51
juego1	easy	20.0	0.006	251258	700	275	378	103	4	44.34	44.34	44.34
juego1	easy	20.0	0.006	251267	700	275	378	103	4	44.23	44.23	44.23
juego1	easy	20.0	0.006	251276	700	275	378	103	4	44.22	44.22	44.22
juego1	easy	20.0	0.006	251285	700	275	378	103	4	44.16	44.16	44.16
juego1	easy	20.0	0.006	251294	700	275	378	103	4	44.1	44.1	44.1
juego1	easy	20.0	0.006	251302	700	275	378	103	4	44.07	44.07	44.07
juego1	easy	20.0	0.006	251311	700	275	378	103	4	44.05	44.05	44.05
juego1	easy	20.0	0.006	251320	700	274	379	105	4	43.98	43.98	43.98
juego1	easy	20.0	0.006	251328	700	274	379	105	4	43.98	43.98	43.98
juego1	easy	20.0	0.006	251337	700	274	379	105	4	43.96	43.96	43.96
juego1	easy	20.0	0.006	251345	700	274	379	105	4	43.96	43.96	43.96
juego1	easy	20.0	0.006	251353	700	274	379	105	4	43.97	43.97	43.97
juego1	easy	20.0	0.006	251362	700	274	379	105	4	43.97	43.97	43.97
juego1	easy	20.0	0.006	251370	700	274	379	105	4	43.98	43.98	43.98
juego1	easy	20.0	0.006	251379	700	274	379	105	4	43.99	43.99	43.99
juego1	easy	20.0	0.006	251387	700	273	379	106	4	43.99	43.99	43.99
juego1	easy	20.0	0.006	251396	700	273	379	106	4	43.98	43.98	43.98
juego1	easy	20.0	0.006	251405	700	273	379	106	4	43.97	43.97	43.97
juego1	easy	20.0	0.006	251414	700	273	379	106	4	43.97	43.97	43.97
juego1	easy	20.0	0.006	251422	700	273	379	106	4	43.97	43.97	43.97
juego1	easy	20.0	0.006	251431	700	273	379	106	4	43.97	43.97	43.97
juego1	easy	20.0	0.006	251440	700	273	379	106	4	43.98	43.98	43.98
juego1	easy	20.0	0.006	251449	700	272	379	107	4	43.99	43.99	43.99
juego1	easy	20.0	0.006	251457	700	272	379	107	4	43.99	43.99	43.99
juego1	easy	20.0	0.006	251466	700	272	379	107	4	43.99	43.99	43.99
juego1	easy	20.0	0.006	251475	700	272	379	107	4	43.97	43.97	43.97
juego1	easy	20.0	0.006	251484	700	272	379	107	4	43.97	43.97	43.97
juego1	easy	20.0	0.006	251492	700	272	379	107	4	43.97	43.97	43.97
juego1	easy	20.0	0.006	251501	700	272	379	107	4	43.97	43.97	43.97
juego1	easy	20.0	0.006	251509	700	272	379	107	4	43.97	43.97	43.97
juego1	easy	20.0	0.006	251518	700	271	379	108	4	43.98	43.98	43.98
juego1	easy	20.0	0.006	251527	700	271	379	108	4	43.98	43.98	43.98
juego1	easy	20.0	0.006	251535	700	271	379	108	4	43.98	43.98	43.98
juego1	easy	20.0	0.006	251544	700	271	379	108	4	43.97	43.97	43.97
juego1	easy	20.0	0.006	251553	700	271	379	108	4	43.97	43.97	43.97
juego1	easy	20.0	0.006	251561	700	271	379	108	4	43.97	43.97	43.97
juego1	easy	20.0	0.006	251570	700	271	379	108	4	43.97	43.97	43.97
juego1	easy	20.0	0.006	251579	700	271	379	108	4	43.97	43.97	43.97
juego1	easy	20.0	0.006	251588	700	270	379	109	4	43.98	43.98	43.98
juego1	easy	20.0	0.006	251596	700	270	379	109	4	43.98	43.98	43.98
juego1	easy	20.0	0.006	251604	700	270	379	109	4	43.97	43.97	43.97
juego1	easy	20.0	0.006	251612	700	270	379	109	4	43.97	43.97	43.97
juego1	easy	20.0	0.006	251621	700	270	379	109	4	43.98	43.98	43.98
juego1	easy	20.0	0.006	251629	700	270	379	109	4	43.97	43.97	43.97
juego1	easy	20.0	0.006	251638	700	270	379	109	4	43.97	43.97	43.97
juego1	easy	20.0	0.006	251646	700	270	379	109	4	43.97	43.97	43.97
juego1	easy	20.0	0.006	251655	700	269	379	110	4	43.97	43.97	43.97
juego1	easy	20.0	0.006	251664	700	269	379	110	4	43.98	43.98	43.98
juego1	easy	20.0	0.006	251673	700	269	379	110	4	43.98	43.98	43.98
juego1	easy	20.0	0.006	251682	700	269	379	110	4	43.97	43.97	43.97
juego1	easy	20.0	0.006	251690	700	269	379	110	4	43.97	43.97	43.97
juego1	easy	20.0	0.006	251699	700	269	379	110	4	43.97	43.97	43.97
juego1	easy	20.0	0.006	251707	700	269	379	110	4	43.97	43.97	43.97
juego1	easy	20.0	0.006	251716	700	269	379	110	4	43.97	43.97	43.97
juego1	easy	20.0	0.006	251725	700	269	379	110	4	43.97	43.97	43.97
juego1	easy	20.0	0.006	251734	700	268	379	111	4	43.97	43.97	43.97
juego1	easy	20.0	0.006	251743	700	268	379	111	4	43.97	43.97	43.97
juego1	easy	20.0	0.006	251752	700	268	379	111	4	43.97	43.97	43.97
juego1	easy	20.0	0.006	251761	700	268	379	111	4	43.97	43.97	43.97
juego1	easy	20.0	0.006	251769	700	268	379	111	4	43.97	43.97	43.97
juego1	easy	20.0	0.006	251778	700	268	379	111	4	43.97	43.97	43.97
juego1	easy	20.0	0.006	251786	700	268	379	111	4	43.97	43.97	43.97
juego1	easy	20.0	0.006	251795	700	268	379	111	4	43.97	43.97	43.97
juego1	easy	20.0	0.006	251804	700	268	379	111	4	43.97	43.97	43.97
juego1	easy	20.0	0.006	251813	700	268	379	111	4	43.97	43.97	43.97
juego1	easy	20.0	0.006	251821	700	267	379	112	4	43.97	43.97	43.97
juego1	easy	20.0	0.006	251830	700	267	379	112	4	43.97	43.97	43.97
juego1	easy	20.0	0.006	251838	700	267	379	112	4	43.97	43.97	43.97
juego1	easy	20.0	0.006	251847	700	267	379	112	4	43.97	43.97	43.97
juego1	easy	20.0	0.006	251855	700	267	379	112	4	43.97	43.97	43.97
juego1	easy	20.0	0.006	251864	700	267	379	112	4	43.97	43.97	43.97
juego1	easy	20.0	0.006	251872	700	267	379	112	4	43.97	43.97	43.97
juego1	easy	20.0	0.006	251881	700	267	379	112	4	43.97	43.97	43.97
juego1	easy	20.0	0.006	251890	700	267	379	112	4	43.97	43.97	43.97
juego1	easy	20.0	0.006	251897	700	267	379	112	4	43.97	43.97	43.97
juego1	easy	20.0	0.006	251906	700	266	379	113	4	43.96	43.96	43.96
juego1	easy	20.0	0.006	251915	700	266	379	113	4	43.96	43.96	43.96
juego1	easy	20.0	0.006	251923	700	266	379	113	4	43.96	43.96	43.96
juego1	easy	20.0	0.006	251932	700	266	379	113	4	43.96	43.96	43.96
juego1	easy	20.0	0.006	251939	700	266	379	113	4	43.96	43.96	43.96
juego1	easy	20.0	0.006	251948	700	266	379	113	4	43.96	43.96	43.96
juego1	easy	20.0	0.006	251956	700	266	379	113	4	43.96	43.96	43.96
juego1	easy	20.0	0.006	251965	700	266	379	113	4	43.97	43.97	43.97
juego1	easy	20.0	0.006	251973	700	266	379	113	4	43.96	43.96	43.96
juego1	easy	20.0	0.006	251982	700	266	379	113	4	43.96	43.96	43.96
juego1	easy	20.0	0.006	251990	700	266	379	113	4	43.96	43.96	43.96
juego1	easy	20.0	0.006	251999	700	265	379	114	4	43.96	43.96	43.96
juego1	easy	20.0	0.006	252007	700	265	379	114	4	43.96	43.96	43.96
juego1	easy	20.0	0.006	252016	700	265	379	114	4	43.96	43.96	43.96
juego1	easy	20.0	0.006	252024	700	265	379	114	4	43.96	43.96	43.96
juego1	easy	20.0	0.006	252033	700	265	379	114	4	43.96	43.96	43.96
juego1	easy	20.0	0.006	252042	700	265	379	114	4	43.96	43.96	43.96
juego1	easy	20.0	0.006	252050	700	265	379	114	4	43.96	43.96	43.96
juego1	easy	20.0	0.006	252059	700	265	379	114	4	43.96	43.96	43.96
juego1	easy	20.0	0.006	252067	700	265	379	114	4	43.96	43.96	43.96
juego1	easy	20.0	0.006	252076	700	265	379	114	4	43.96	43.96	43.96
juego1	easy	20.0	0.006	252085	700	265	379	114	4	43.96	43.96	43.96
juego1	easy	20.0	0.006	252094	700	265	379	114	4	43.96	43.96	43.96
juego1	easy	20.0	0.006	252101	700	265	379	114	4	43.96	43.96	43.96
juego1	easy	20.0	0.006	252110	700	264	379	115	4	43.96	43.96	43.96
juego1	easy	20.0	0.006	252119	700	264	379	115	4	43.96	43.96	43.96
juego1	easy	20.0	0.006	252127	700	264	379	115	4	43.96	43.96	43.96
juego1	easy	20.0	0.006	252136	700	264	379	115	4	43.96	43.96	43.96
juego1	easy	20.0	0.006	252145	700	264	379	115	4	43.96	43.96	43.96
juego1	easy	20.0	0.006	252154	700	264	379	115	4	43.96	43.96	43.96
juego1	easy	20.0	0.006	252163	700	264	379	115	4	43.96	43.96	43.96
juego1	easy	20.0	0.006	252172	700	264	379	115	4	43.96	43.96	43.96
juego1	easy	20.0	0.006	252180	700	264	379	115	4	43.96	43.96	43.96
juego1	easy	20.0	0.006	252189	700	264	379	115	4	43.96	43.96	43.96
juego1	easy	20.0	0.006	252198	700	264	379	115	4	43.96	43.96	43.96
juego1	easy	20.0	0.006	252207	700	264	379	115	4	43.96	43.96	43.96
juego1	easy	20.0	0.006	252215	700	264	379	115	4	43.96	43.96	43.96
juego1	easy	20.0	0.006	252224	700	264	379	115	4	43.96	43.96	43.96
juego1	easy	20.0	0.006	252233	700	264	379	115	4	43.96	43.96	43.96
juego1	easy	20.0	0.006	252240	700	263	379	116	4	43.96	43.96	43.96
juego1	easy	20.0	0.006	252249	700	263	379	116	4	43.96	43.96	43.96
juego1	easy	20.0	0.006	252257	700	263	379	116	4	43.96	43.96	43.96
juego1	easy	20.0	0.006	252265	700	263	379	116	4	43.96	43.96	43.96
juego1	easy	20.0	0.006	252274	700	263	379	116	4	43.96	43.96	43.96
juego1	easy	20.0	0.006	252283	700	263	379	116	4	43.96	43.96	43.96
juego1	easy	20.0	0.006	252292	700	263	379	116	4	43.96	43.96	43.96
juego1	easy	20.0	0.006	252301	700	263	379	116	4	43.96	43.96	43.96
juego1	easy	20.0	0.006	252309	700	263	379	116	4	43.96	43.96	43.96
juego1	easy	20.0	0.006	252318	700	263	379	116	4	43.96	43.96	43.96
juego1	easy	20.0	0.006	252326	700	263	379	116	4	43.96	43.96	43.96
juego1	easy	20.0	0.006	252335	700	263	379	116	4	43.96	43.96	43.96
juego1	easy	20.0	0.006	252344	700	263	379	116	4	43.96	43.96	43.96
juego1	easy	20.0	0.006	252353	700	263	379	116	4	43.96	43.96	43.96
juego1	easy	20.0	0.006	252361	700	263	379	116	4	43.96	43.96	43.96
juego1	easy	20.0	0.006	252370	700	263	379	116	4	43.96	43.96	43.96
juego1	easy	20.0	0.006	252378	700	263	379	116	4	43.96	43.96	43.96
juego1	easy	20.0	0.006	252386	700	263	379	116	4	43.96	43.96	43.96
juego1	easy	20.0	0.006	252395	700	263	379	116	4	43.96	43.96	43.96
juego1	easy	20.0	0.006	252404	700	263	379	116	4	43.96	43.96	43.96
juego1	easy	20.0	0.006	252412	700	262	379	117	4	43.96	43.96	43.96
juego1	easy	20.0	0.006	252421	700	262	379	117	4	43.96	43.96	43.96
juego1	easy	20.0	0.006	252430	700	262	379	117	4	43.96	43.96	43.96
juego1	easy	20.0	0.006	252437	700	262	379	117	4	43.95	43.95	43.95
juego1	easy	20.0	0.006	252446	700	262	379	117	4	43.95	43.95	43.95
juego1	easy	20.0	0.006	252454	700	262	379	117	4	43.95	43.95	43.95
juego1	easy	20.0	0.006	252463	700	262	379	117	4	43.95	43.95	43.95
juego1	easy	20.0	0.006	252471	700	262	379	117	4	43.95	43.95	43.95
juego1	easy	20.0	0.006	252480	700	262	379	117	4	43.95	43.95	43.95
juego1	easy	20.0	0.006	252489	700	262	379	117	4	43.95	43.95	43.95
juego1	easy	20.0	0.006	252497	700	262	379	117	4	43.95	43.95	43.95
juego1	easy	20.0	0.006	252505	700	262	379	117	4	43.95	43.95	43.95
juego1	easy	20.0	0.006	252514	700	262	379	117	4	43.95	43.95	43.95
juego1	easy	20.0	0.006	252522	700	262	379	117	4	43.95	43.95	43.95
juego1	easy	20.0	0.006	252531	700	262	379	117	4	43.95	43.95	43.95
juego1	easy	20.0	0.006	252540	700	262	379	117	4	43.95	43.95	43.95
juego1	easy	20.0	0.006	252549	700	262	379	117	4	43.95	43.95	43.95
juego1	easy	20.0	0.006	252558	700	262	379	117	4	43.96	43.96	43.96
juego1	easy	20.0	0.006	252566	700	262	379	117	4	43.96	43.96	43.96
juego1	easy	20.0	0.006	252575	700	262	379	117	4	43.96	43.96	43.96
juego1	easy	20.0	0.006	252584	700	262	379	117	4	43.95	43.95	43.95
juego1	easy	20.0	0.006	252593	700	262	379	117	4	43.96	43.96	43.96
juego1	easy	20.0	0.006	252600	700	262	379	117	4	43.95	43.95	43.95
juego1	easy	20.0	0.006	252609	700	262	379	117	4	43.95	43.95	43.95
juego1	easy	20.0	0.006	252618	700	262	379	117	4	43.96	43.96	43.96
juego1	easy	20.0	0.006	252625	700	262	379	117	4	43.95	43.95	43.95
juego1	easy	20.0	0.006	252634	700	262	379	117	4	43.95	43.95	43.95
juego1	easy	20.0	0.006	252642	700	262	379	117	4	43.95	43.95	43.95
juego1	easy	20.0	0.006	252651	700	262	379	117	4	43.95	43.95	43.95
juego1	easy	20.0	0.006	252660	700	262	379	117	4	43.95	43.95	43.95
juego1	easy	20.0	0.006	252669	700	262	379	117	4	43.95	43.95	43.95
juego1	easy	20.0	0.006	252678	700	262	379	117	4	43.96	43.96	43.96
juego1	easy	20.0	0.006	252687	700	262	379	117	4	43.96	43.96	43.96
juego1	easy	20.0	0.006	252696	700	262	379	117	4	43.96	43.96	43.96
juego1	easy	20.0	0.006	252704	700	262	379	117	4	43.96	43.96	43.96
juego1	easy	20.0	0.006	252713	700	262	379	117	4	43.96	43.96	43.96
juego1	easy	20.0	0.006	252721	700	262	379	117	4	43.96	43.96	43.96
juego1	easy	20.0	0.006	252730	700	262	379	117	4	43.96	43.96	43.96
juego1	easy	20.0	0.006	252737	700	262	379	117	4	43.95	43.95	43.95
juego1	easy	20.0	0.006	252746	700	262	379	117	4	43.95	43.95	43.95
juego1	easy	20.0	0.006	252754	700	262	379	117	4	43.95	43.95	43.95
juego1	easy	20.0	0.006	252763	700	262	379	117	4	43.95	43.95	43.95
juego1	easy	20.0	0.006	252771	700	262	379	117	4	43.95	43.95	43.95
juego1	easy	20.0	0.006	252780	700	262	379	117	4	43.95	43.95	43.95
juego1	easy	20.0	0.006	252788	700	262	379	117	4	43.96	43.96	43.96
juego1	easy	20.0	0.006	252797	700	262	379	117	4	43.95	43.95	43.95
juego1	easy	20.0	0.006	252805	700	262	379	117	4	43.95	43.95	43.95
juego1	easy	20.0	0.006	252814	700	262	379	117	4	43.95	43.95	43.95
juego1	easy	20.0	0.006	252822	700	262	379	117	4	43.95	43.95	43.95
juego1	easy	20.0	0.006	252831	700	262	379	117	4	43.95	43.95	43.95
juego1	easy	20.0	0.006	252839	700	262	379	117	4	43.95	43.95	43.95
juego1	easy	20.0	0.006	252847	700	262	379	117	4	43.95	43.95	43.95
juego1	easy	20.0	0.006	252856	700	262	379	117	4	43.95	43.95	43.95
juego1	easy	20.0	0.006	252864	700	262	379	117	4	43.95	43.95	43.95
juego1	easy	20.0	0.006	252872	700	262	379	117	4	43.95	43.95	43.95
juego1	easy	20.0	0.006	252881	700	262	379	117	4	43.95	43.95	43.95
juego1	easy	20.0	0.006	252890	700	262	379	117	4	43.95	43.95	43.95
juego1	easy	20.0	0.006	252899	700	262	379	117	4	43.95	43.95	43.95
juego1	easy	20.0	0.006	252907	700	262	379	117	4	43.95	43.95	43.95
juego1	easy	20.0	0.006	252916	700	262	379	117	4	43.95	43.95	43.95
juego1	easy	20.0	0.006	252925	700	262	379	117	4	43.95	43.95	43.95
juego1	easy	20.0	0.006	252934	700	262	379	117	4	43.95	43.95	43.95
juego1	easy	20.0	0.006	252943	700	262	379	117	4	43.95	43.95	43.95
juego1	easy	20.0	0.006	252952	700	262	379	117	4	43.95	43.95	43.95
juego1	easy	20.0	0.006	252961	700	262	379	117	4	43.95	43.95	43.95
juego1	easy	20.0	0.006	252969	700	262	379	117	4	43.95	43.95	43.95
juego1	easy	20.0	0.006	252977	700	262	379	117	4	43.95	43.95	43.95
juego1	easy	20.0	0.006	252986	700	262	379	117	4	43.95	43.95	43.95
juego1	easy	20.0	0.006	252995	700	262	379	117	4	43.95	43.95	43.95
juego1	easy	20.0	0.006	253002	700	262	379	117	4	43.95	43.95	43.95
juego1	easy	20.0	0.006	253012	700	262	379	117	4	43.95	43.95	43.95
juego1	easy	20.0	0.006	253019	700	262	379	117	4	43.95	43.95	43.95
juego1	easy	20.0	0.006	253028	700	262	379	117	4	43.95	43.95	43.95
juego1	easy	20.0	0.006	253037	700	262	379	117	4	43.95	43.95	43.95
juego1	easy	20.0	0.006	253045	700	262	379	117	4	43.95	43.95	43.95
juego1	easy	20.0	0.006	253054	700	262	379	117	4	43.95	43.95	43.95
juego1	easy	20.0	0.006	253062	700	262	379	117	4	43.95	43.95	43.95
juego1	easy	20.0	0.006	253072	700	262	379	117	4	43.95	43.95	43.95
juego1	easy	20.0	0.006	253080	700	262	379	117	4	43.95	43.95	43.95
juego1	easy	20.0	0.006	253089	700	262	379	117	4	43.95	43.95	43.95
juego1	easy	20.0	0.006	253097	700	263	379	116	4	43.95	43.95	43.95
juego1	easy	20.0	0.006	253106	700	263	379	116	4	43.94	43.94	43.94
juego1	easy	20.0	0.006	253115	700	263	379	116	4	43.95	43.95	43.95
juego1	easy	20.0	0.006	253123	700	263	379	116	4	43.94	43.94	43.94
juego1	easy	20.0	0.006	253131	700	263	379	116	4	43.94	43.94	43.94
juego1	easy	20.0	0.006	253139	700	263	379	116	4	43.94	43.94	43.94
juego1	easy	20.0	0.006	253148	700	263	379	116	4	43.94	43.94	43.94
juego1	easy	20.0	0.006	253156	700	263	379	116	4	43.95	43.95	43.95
juego1	easy	20.0	0.006	253165	700	263	379	116	4	43.94	43.94	43.94
juego1	easy	20.0	0.006	253174	700	263	379	116	4	43.94	43.94	43.94
juego1	easy	20.0	0.006	253183	700	263	379	116	4	43.94	43.94	43.94
juego1	easy	20.0	0.006	253191	700	263	379	116	4	43.94	43.94	43.94
juego1	easy	20.0	0.006	253200	700	263	379	116	4	43.94	43.94	43.94
juego1	easy	20.0	0.006	253208	700	263	379	116	4	43.94	43.94	43.94
juego1	easy	20.0	0.006	253217	700	263	379	116	4	43.94	43.94	43.94
juego1	easy	20.0	0.006	253225	700	263	379	116	4	43.94	43.94	43.94
juego1	easy	20.0	0.006	253234	700	263	379	116	4	43.94	43.94	43.94
juego1	easy	20.0	0.006	253242	700	263	379	116	4	43.94	43.94	43.94
juego1	easy	20.0	0.006	253251	700	263	379	116	4	43.94	43.94	43.94
juego1	easy	20.0	0.006	253260	700	263	379	116	4	43.95	43.95	43.95
juego1	easy	20.0	0.006	253268	700	263	379	116	4	43.95	43.95	43.95
juego1	easy	20.0	0.006	253277	700	264	379	115	4	43.95	43.95	43.95
juego1	easy	20.0	0.006	253285	700	264	379	115	4	43.95	43.95	43.95
juego1	easy	20.0	0.006	253294	700	264	379	115	4	43.95	43.95	43.95
juego1	easy	20.0	0.006	253302	700	264	379	115	4	43.95	43.95	43.95
juego1	easy	20.0	0.006	253310	700	264	379	115	4	43.95	43.95	43.95
juego1	easy	20.0	0.006	253318	700	264	379	115	4	43.95	43.95	43.95
juego1	easy	20.0	0.006	253326	700	264	379	115	4	43.95	43.95	43.95
juego1	easy	20.0	0.006	253335	700	264	379	115	4	43.95	43.95	43.95
juego1	easy	20.0	0.006	253343	700	264	379	115	4	43.95	43.95	43.95
juego1	easy	20.0	0.006	253352	700	264	379	115	4	43.95	43.95	43.95
juego1	easy	20.0	0.006	253360	700	264	379	115	4	43.95	43.95	43.95
juego1	easy	20.0	0.006	253368	700	264	379	115	4	43.95	43.95	43.95
juego1	easy	20.0	0.006	253377	700	264	379	115	4	43.94	43.94	43.94
juego1	easy	20.0	0.006	253385	700	264	379	115	4	43.95	43.95	43.95
juego1	easy	20.0	0.006	253394	700	264	379	115	4	43.94	43.94	43.94
juego1	easy	20.0	0.006	253403	700	265	379	114	4	43.94	43.94	43.94
juego1	easy	20.0	0.006	253411	700	265	379	114	4	43.95	43.95	43.95
juego1	easy	20.0	0.006	253420	700	265	379	114	4	43.94	43.94	43.94
juego1	easy	20.0	0.006	253428	700	265	379	114	4	43.95	43.95	43.95
juego1	easy	20.0	0.006	253436	700	265	379	114	4	43.95	43.95	43.95
juego1	easy	20.0	0.006	253445	700	265	379	114	4	43.95	43.95	43.95
juego1	easy	20.0	0.006	253454	700	265	379	114	4	43.95	43.95	43.95
juego1	easy	20.0	0.006	253463	700	265	379	114	4	43.95	43.95	43.95
juego1	easy	20.0	0.006	253471	700	265	379	114	4	43.95	43.95	43.95
juego1	easy	20.0	0.006	253480	700	265	379	114	4	43.95	43.95	43.95
juego1	easy	20.0	0.006	253488	700	265	379	114	4	43.95	43.95	43.95
juego1	easy	20.0	0.006	253497	700	265	379	114	4	43.95	43.95	43.95
juego1	easy	20.0	0.006	253506	700	266	379	113	4	43.95	43.95	43.95
juego1	easy	20.0	0.006	253514	700	266	379	113	4	43.95	43.95	43.95
juego1	easy	20.0	0.006	253523	700	266	379	113	4	43.95	43.95	43.95
juego1	easy	20.0	0.006	253531	700	266	379	113	4	43.95	43.95	43.95
juego1	easy	20.0	0.006	253539	700	266	379	113	4	43.95	43.95	43.95
juego1	easy	20.0	0.006	253548	700	266	379	113	4	43.95	43.95	43.95
juego1	easy	20.0	0.006	253556	700	266	379	113	4	43.95	43.95	43.95
juego1	easy	20.0	0.006	253565	700	266	379	113	4	43.95	43.95	43.95
juego1	easy	20.0	0.006	253574	700	266	379	113	4	43.95	43.95	43.95
juego1	easy	20.0	0.006	253582	700	266	379	113	4	43.95	43.95	43.95
juego1	easy	20.0	0.006	253591	700	266	379	113	4	43.95	43.95	43.95
juego1	easy	20.0	0.006	253599	700	266	379	113	4	43.95	43.95	43.95
juego1	easy	20.0	0.006	253608	700	267	379	112	4	43.96	43.96	43.96
juego1	easy	20.0	0.006	253616	700	267	379	112	4	43.96	43.96	43.96
juego1	easy	20.0	0.006	253625	700	267	379	112	4	43.95	43.95	43.95
juego1	easy	20.0	0.006	253634	700	267	379	112	4	43.95	43.95	43.95
juego1	easy	20.0	0.006	253641	700	267	379	112	4	43.95	43.95	43.95
juego1	easy	20.0	0.006	253650	700	267	379	112	4	43.95	43.95	43.95
juego1	easy	20.0	0.006	253659	700	267	379	112	4	43.95	43.95	43.95
juego1	easy	20.0	0.006	253667	700	267	379	112	4	43.95	43.95	43.95
juego1	easy	20.0	0.006	253676	700	267	379	112	4	43.95	43.95	43.95
juego1	easy	20.0	0.006	253684	700	267	379	112	4	43.95	43.95	43.95
juego1	easy	20.0	0.006	253693	700	268	379	111	4	43.95	43.95	43.95
juego1	easy	20.0	0.006	253701	700	268	379	111	4	43.95	43.95	43.95
juego1	easy	20.0	0.006	253710	700	268	379	111	4	43.95	43.95	43.95
juego1	easy	20.0	0.006	253717	700	268	379	111	4	43.95	43.95	43.95
juego1	easy	20.0	0.006	253726	700	268	379	111	4	43.95	43.95	43.95
juego1	easy	20.0	0.006	253734	700	268	379	111	4	43.95	43.95	43.95
juego1	easy	20.0	0.006	253743	700	268	379	111	4	43.95	43.95	43.95
juego1	easy	20.0	0.006	253751	700	268	379	111	4	43.95	43.95	43.95
juego1	easy	20.0	0.006	253760	700	268	379	111	4	43.94	43.94	43.94
juego1	easy	20.0	0.006	253769	700	269	379	110	4	43.94	43.94	43.94
juego1	easy	20.0	0.006	253777	700	269	379	110	4	43.94	43.94	43.94
juego1	easy	20.0	0.006	253786	700	269	379	110	4	43.94	43.94	43.94
juego1	easy	20.0	0.006	253795	700	269	379	110	4	43.94	43.94	43.94
juego1	easy	20.0	0.006	253804	700	269	379	110	4	43.94	43.94	43.94
juego1	easy	20.0	0.006	253812	700	269	379	110	4	43.95	43.95	43.95
juego1	easy	20.0	0.006	253821	700	269	379	110	4	43.95	43.95	43.95
juego1	easy	20.0	0.006	253830	700	269	379	110	4	43.95	43.95	43.95
juego1	easy	20.0	0.006	253839	700	269	379	110	4	43.95	43.95	43.95
juego1	easy	20.0	0.006	253847	700	270	379	109	4	43.95	43.95	43.95
juego1	easy	20.0	0.006	253856	700	270	379	109	4	43.95	43.95	43.95
juego1	easy	20.0	0.006	253865	700	270	379	109	4	43.95	43.95	43.95
juego1	easy	20.0	0.006	253874	700	270	379	109	4	43.95	43.95	43.95
juego1	easy	20.0	0.006	253881	700	270	379	109	4	43.95	43.95	43.95
juego1	easy	20.0	0.006	253890	700	270	379	109	4	43.95	43.95	43.95
juego1	easy	20.0	0.006	253898	700	270	379	109	4	43.95	43.95	43.95
juego1	easy	20.0	0.006	253907	700	270	379	109	4	43.95	43.95	43.95
juego1	easy	20.0	0.006	253916	700	270	379	109	4	43.95	43.95	43.95
juego1	easy	20.0	0.006	253925	700	271	379	108	4	43.95	43.95	43.95
juego1	easy	20.0	0.006	253933	700	271	379	108	4	43.95	43.95	43.95
juego1	easy	20.0	0.006	253942	700	271	379	108	4	43.95	43.95	43.95
juego1	easy	20.0	0.006	253950	700	271	379	108	4	43.95	43.95	43.95
juego1	easy	20.0	0.006	253959	700	271	379	108	4	43.94	43.94	43.94
juego1	easy	20.0	0.006	253968	700	271	379	108	4	43.95	43.95	43.95
juego1	easy	20.0	0.006	253975	700	271	379	108	4	43.95	43.95	43.95
juego1	easy	20.0	0.006	253984	700	271	379	108	4	43.95	43.95	43.95
juego1	easy	20.0	0.006	253993	700	272	379	107	4	43.95	43.95	43.95
juego1	easy	20.0	0.006	254000	700	272	379	107	4	43.95	43.95	43.95
juego1	easy	20.0	0.006	254009	700	272	379	107	4	43.95	43.95	43.95
juego1	easy	20.0	0.006	254017	700	272	379	107	4	43.95	43.95	43.95
juego1	easy	20.0	0.006	254026	700	272	379	107	4	43.95	43.95	43.95
juego1	easy	20.0	0.006	254035	700	272	379	107	4	43.95	43.95	43.95
juego1	easy	20.0	0.006	254043	700	272	379	107	4	43.95	43.95	43.95
juego1	easy	20.0	0.006	254052	700	273	379	106	4	43.95	43.95	43.95
juego1	easy	20.0	0.006	254061	700	273	379	106	4	43.95	43.95	43.95
juego1	easy	20.0	0.006	254070	700	273	379	106	4	43.94	43.94	43.94
juego1	easy	20.0	0.006	254077	700	273	379	106	4	43.94	43.94	43.94
juego1	easy	20.0	0.006	254086	700	273	379	106	4	43.94	43.94	43.94
juego1	easy	20.0	0.006	254094	700	273	379	106	4	43.94	43.94	43.94
juego1	easy	20.0	0.006	254103	700	273	379	106	4	43.94	43.94	43.94
juego1	easy	20.0	0.006	254112	700	273	379	106	4	43.94	43.94	43.94
juego1	easy	20.0	0.006	254120	700	274	379	105	4	43.95	43.95	43.95
juego1	easy	20.0	0.006	254129	700	274	379	105	4	43.94	43.94	43.94
juego1	easy	20.0	0.006	254137	700	274	379	105	4	43.94	43.94	43.94
juego1	easy	20.0	0.006	254145	700	274	379	105	4	43.94	43.94	43.94
juego1	easy	20.0	0.006	254154	700	274	379	105	4	43.94	43.94	43.94
juego1	easy	20.0	0.006	254162	700	274	379	105	4	43.94	43.94	43.94
juego1	easy	20.0	0.006	254171	700	274	379	105	4	43.94	43.94	43.94
juego1	easy	20.0	0.006	254179	700	275	379	104	4	43.94	43.94	43.94
juego1	easy	20.0	0.006	254187	700	275	379	104	4	43.94	43.94	43.94
juego1	easy	20.0	0.006	254196	700	275	379	104	4	43.94	43.94	43.94
juego1	easy	20.0	0.006	254204	700	275	379	104	4	43.94	43.94	43.94
juego1	easy	20.0	0.006	254213	700	275	379	104	4	43.94	43.94	43.94
juego1	easy	20.0	0.006	254221	700	275	379	104	4	43.94	43.94	43.94
juego1	easy	20.0	0.006	254230	700	275	379	104	4	43.94	43.94	43.94
juego1	easy	20.0	0.006	254239	700	276	379	103	4	43.94	43.94	43.94
juego1	easy	20.0	0.006	254247	700	276	379	103	4	43.94	43.94	43.94
juego1	easy	20.0	0.006	254256	700	276	379	103	4	43.94	43.94	43.94
juego1	easy	20.0	0.006	254264	700	276	379	103	4	43.93	43.93	43.93
juego1	easy	20.0	0.006	254273	700	276	379	103	4	43.94	43.94	43.94
juego1	easy	20.0	0.006	254281	700	276	379	103	4	43.94	43.94	43.94
juego1	easy	20.0	0.006	254290	700	276	379	103	4	43.94	43.94	43.94
juego1	easy	20.0	0.006	254299	700	277	379	102	4	43.94	43.94	43.94
juego1	easy	20.0	0.006	254307	700	277	379	102	4	43.94	43.94	43.94
juego1	easy	20.0	0.006	254315	700	277	379	102	4	43.94	43.94	43.94
juego1	easy	20.0	0.006	254324	700	277	379	102	4	43.94	43.94	43.94
juego1	easy	20.0	0.006	254332	700	277	379	102	4	43.94	43.94	43.94
juego1	easy	20.0	0.006	254340	700	277	379	102	4	43.94	43.94	43.94
juego1	easy	20.0	0.006	254349	700	277	379	102	4	43.94	43.94	43.94
juego1	easy	20.0	0.006	254356	700	278	379	101	4	43.94	43.94	43.94
juego1	easy	20.0	0.006	254365	700	278	379	101	4	43.94	43.94	43.94
juego1	easy	20.0	0.006	254374	700	278	379	101	4	43.94	43.94	43.94
juego1	easy	20.0	0.006	254381	700	278	379	101	4	43.94	43.94	43.94
juego1	easy	20.0	0.006	254390	700	278	379	101	4	43.94	43.94	43.94
juego1	easy	20.0	0.006	254399	700	278	379	101	4	43.94	43.94	43.94
juego1	easy	20.0	0.006	254407	700	279	379	100	4	43.94	43.94	43.94
juego1	easy	20.0	0.006	254414	700	279	379	100	4	43.94	43.94	43.94
juego1	easy	20.0	0.006	254423	700	279	379	100	4	43.94	43.94	43.94
juego1	easy	20.0	0.006	254431	700	279	379	100	4	43.94	43.94	43.94
juego1	easy	20.0	0.006	254440	700	279	379	100	4	43.94	43.94	43.94
juego1	easy	20.0	0.006	254448	700	279	379	100	4	43.94	43.94	43.94
juego1	easy	20.0	0.006	254457	700	279	379	100	4	43.94	43.94	43.94
juego1	easy	20.0	0.006	254466	700	280	379	99	4	43.94	43.94	43.94
juego1	easy	20.0	0.006	254474	700	280	379	99	4	43.94	43.94	43.94
juego1	easy	20.0	0.006	254483	700	280	379	99	4	43.94	43.94	43.94
juego1	easy	20.0	0.006	254491	700	280	379	99	4	43.94	43.94	43.94
juego1	easy	20.0	0.006	254500	700	280	379	99	4	43.94	43.94	43.94
juego1	easy	20.0	0.006	254508	700	280	379	99	4	43.94	43.94	43.94
juego1	easy	20.0	0.006	254517	700	281	379	98	4	43.94	43.94	43.94
juego1	easy	20.0	0.006	254526	700	281	379	98	4	43.94	43.94	43.94
juego1	easy	20.0	0.006	254535	700	281	379	98	4	43.94	43.94	43.94
juego1	easy	20.0	0.006	254543	700	281	379	98	4	43.94	43.94	43.94
juego1	easy	20.0	0.006	254551	700	281	379	98	4	43.93	43.93	43.93
juego1	easy	20.0	0.006	254560	700	281	379	98	4	43.93	43.93	43.93
juego1	easy	20.0	0.006	254567	700	282	379	97	4	43.93	43.93	43.93
juego1	easy	20.0	0.006	254576	700	282	379	97	4	43.93	43.93	43.93
juego1	easy	20.0	0.006	254584	700	282	379	97	4	43.94	43.94	43.94
juego1	easy	20.0	0.006	254593	700	282	379	97	4	43.93	43.93	43.93
juego1	easy	20.0	0.006	254602	700	282	379	97	4	43.93	43.93	43.93
juego1	easy	20.0	0.006	254611	700	282	379	97	4	43.93	43.93	43.93
juego1	easy	20.0	0.006	254619	700	282	379	97	4	43.93	43.93	43.93
juego1	easy	20.0	0.006	254628	700	283	379	96	4	43.93	43.93	43.93
juego1	easy	20.0	0.006	254636	700	283	379	96	4	43.93	43.93	43.93
juego1	easy	20.0	0.006	254645	700	283	379	96	4	43.93	43.93	43.93
juego1	easy	20.0	0.006	254653	700	283	379	96	4	43.93	43.93	43.93
juego1	easy	20.0	0.006	254662	700	283	379	96	4	43.93	43.93	43.93
juego1	easy	20.0	0.006	254671	700	283	379	96	4	43.93	43.93	43.93
juego1	easy	20.0	0.006	254679	700	284	379	95	4	43.93	43.93	43.93
juego1	easy	20.0	0.006	254688	700	284	379	95	4	43.93	43.93	43.93
juego1	easy	20.0	0.006	254697	700	284	379	95	4	43.93	43.93	43.93
juego1	easy	20.0	0.006	254704	700	284	379	95	4	43.93	43.93	43.93
juego1	easy	20.0	0.006	254712	700	284	379	95	4	43.93	43.93	43.93
juego1	easy	20.0	0.006	254721	700	284	379	95	4	43.93	43.93	43.93
juego1	easy	20.0	0.006	254730	700	285	379	94	4	43.93	43.93	43.93
juego1	easy	20.0	0.006	254737	700	285	379	94	4	43.93	43.93	43.93
juego1	easy	20.0	0.006	254746	700	285	379	94	4	43.93	43.93	43.93
juego1	easy	20.0	0.006	254755	700	285	379	94	4	43.93	43.93	43.93
juego1	easy	20.0	0.006	254762	700	285	379	94	4	43.93	43.93	43.93
juego1	easy	20.0	0.006	254771	700	285	379	94	4	43.93	43.93	43.93
juego1	easy	20.0	0.006	254780	700	286	379	93	4	43.93	43.93	43.93
juego1	easy	20.0	0.006	254788	700	286	379	93	4	43.93	43.93	43.93
juego1	easy	20.0	0.006	254796	700	286	379	93	4	43.93	43.93	43.93
juego1	easy	20.0	0.006	254804	700	286	379	93	4	43.93	43.93	43.93
juego1	easy	20.0	0.006	254812	700	286	379	93	4	43.93	43.93	43.93
juego1	easy	20.0	0.006	254821	700	286	379	93	4	43.93	43.93	43.93
juego1	easy	20.0	0.006	254829	700	287	379	92	4	43.93	43.93	43.93
juego1	easy	20.0	0.006	254838	700	287	379	92	4	43.93	43.93	43.93
juego1	easy	20.0	0.006	254846	700	287	379	92	4	43.94	43.94	43.94
juego1	easy	20.0	0.006	254855	700	287	379	92	4	43.93	43.93	43.93
juego1	easy	20.0	0.006	254862	700	287	379	92	4	43.93	43.93	43.93
juego1	easy	20.0	0.006	254871	700	287	379	92	4	43.93	43.93	43.93
juego1	easy	20.0	0.006	254878	700	288	379	91	4	43.93	43.93	43.93
juego1	easy	20.0	0.006	254887	700	288	379	91	4	43.94	43.94	43.94
juego1	easy	20.0	0.006	254895	700	288	379	91	4	43.94	43.94	43.94
juego1	easy	20.0	0.006	254904	700	288	379	91	4	43.93	43.93	43.93
juego1	easy	20.0	0.006	254913	700	288	379	91	4	43.93	43.93	43.93
juego1	easy	20.0	0.006	254922	700	288	379	91	4	43.94	43.94	43.94
juego1	easy	20.0	0.006	254930	700	289	379	90	4	43.93	43.93	43.93
juego1	easy	20.0	0.006	254939	700	289	379	90	4	43.93	43.93	43.93
juego1	easy	20.0	0.006	254947	700	289	379	90	4	43.93	43.93	43.93
juego1	easy	20.0	0.006	254956	700	289	379	90	4	43.94	43.94	43.94
juego1	easy	20.0	0.006	254964	700	289	379	90	4	43.94	43.94	43.94
juego1	easy	20.0	0.006	254972	700	289	379	90	4	43.93	43.93	43.93
juego1	easy	20.0	0.006	254981	700	290	379	89	4	43.93	43.93	43.93
juego1	easy	20.0	0.006	254989	700	290	379	89	4	43.93	43.93	43.93
juego1	easy	20.0	0.006	254998	700	290	379	89	4	43.93	43.93	43.93
juego1	easy	20.0	0.006	255007	700	290	379	89	4	43.93	43.93	43.93
juego1	easy	20.0	0.006	255015	700	290	379	89	4	43.93	43.93	43.93
juego1	easy	20.0	0.006	255024	700	291	379	88	4	43.93	43.93	43.93
juego1	easy	20.0	0.006	255033	700	291	379	88	4	43.93	43.93	43.93
juego1	easy	20.0	0.006	255042	700	291	379	88	4	43.93	43.93	43.93
juego1	easy	20.0	0.006	255049	700	291	379	88	4	43.93	43.93	43.93
juego1	easy	20.0	0.006	255058	700	291	379	88	4	43.93	43.93	43.93
juego1	easy	20.0	0.006	255067	700	292	379	87	4	43.93	43.93	43.93
juego1	easy	20.0	0.006	255075	700	292	379	87	4	43.92	43.92	43.92
juego1	easy	20.0	0.006	255084	700	292	379	87	4	43.93	43.93	43.93
juego1	easy	20.0	0.006	255092	700	292	379	87	4	43.93	43.93	43.93
juego1	easy	20.0	0.006	255101	700	292	379	87	4	43.93	43.93	43.93
juego1	easy	20.0	0.006	255109	700	292	379	87	4	43.93	43.93	43.93
juego1	easy	20.0	0.006	255118	700	293	379	86	4	43.93	43.93	43.93
juego1	easy	20.0	0.006	255126	700	293	379	86	4	43.93	43.93	43.93
juego1	easy	20.0	0.006	255135	700	293	379	86	4	43.93	43.93	43.93
juego1	easy	20.0	0.006	255144	700	293	379	86	4	43.93	43.93	43.93
juego1	easy	20.0	0.006	255152	700	293	379	86	4	43.93	43.93	43.93
juego1	easy	20.0	0.006	255161	700	294	379	85	4	43.93	43.93	43.93
juego1	easy	20.0	0.006	255170	700	294	379	85	4	43.93	43.93	43.93
juego1	easy	20.0	0.006	255178	700	294	379	85	4	43.93	43.93	43.93
juego1	easy	20.0	0.006	255187	700	294	379	85	4	43.93	43.93	43.93
juego1	easy	20.0	0.006	255195	700	294	379	85	4	43.93	43.93	43.93
juego1	easy	20.0	0.006	255204	700	295	379	84	4	43.93	43.93	43.93
juego1	easy	20.0	0.006	255212	700	295	379	84	4	43.93	43.93	43.93
juego1	easy	20.0	0.006	255221	700	295	379	84	4	43.93	43.93	43.93
juego1	easy	20.0	0.006	255230	700	295	379	84	4	43.93	43.93	43.93
juego1	easy	20.0	0.006	255238	700	295	379	84	4	43.93	43.93	43.93
juego1	easy	20.0	0.006	255247	700	296	379	83	4	43.93	43.93	43.93
juego1	easy	20.0	0.006	255255	700	296	379	83	4	43.93	43.93	43.93
juego1	easy	20.0	0.006	255264	700	296	379	83	4	43.93	43.93	43.93
juego1	easy	20.0	0.006	255272	700	296	379	83	4	43.93	43.93	43.93
juego1	easy	20.0	0.006	255281	700	296	379	83	4	43.93	43.93	43.93
juego1	easy	20.0	0.006	255289	700	296	379	83	4	43.93	43.93	43.93
juego1	easy	20.0	0.006	255298	700	297	379	82	4	43.93	43.93	43.93
juego1	easy	20.0	0.006	255306	700	297	379	82	4	43.93	43.93	43.93
juego1	easy	20.0	0.006	255314	700	297	379	82	4	43.94	43.94	43.94
juego1	easy	20.0	0.006	255323	700	297	379	82	4	43.94	43.94	43.94
juego1	easy	20.0	0.006	255331	700	297	379	82	4	43.94	43.94	43.94
juego1	easy	20.0	0.006	255340	700	298	379	81	4	43.94	43.94	43.94
juego1	easy	20.0	0.006	255348	700	298	379	81	4	43.94	43.94	43.94
juego1	easy	20.0	0.006	255357	700	298	379	81	4	43.94	43.94	43.94
juego1	easy	20.0	0.006	255365	700	298	379	81	4	43.94	43.94	43.94
juego1	easy	20.0	0.006	255373	700	298	379	81	4	43.94	43.94	43.94
juego1	easy	20.0	0.006	255382	700	299	379	80	4	43.94	43.94	43.94
juego1	easy	20.0	0.006	255392	700	299	379	80	4	43.94	43.94	43.94
juego1	easy	20.0	0.006	255400	700	299	379	80	4	43.94	43.94	43.94
juego1	easy	20.0	0.006	255408	700	299	379	80	4	43.94	43.94	43.94
juego1	easy	20.0	0.006	255418	700	299	379	80	4	43.94	43.94	43.94
juego1	easy	20.0	0.006	255426	700	299	379	80	4	43.94	43.94	43.94
juego1	easy	20.0	0.006	255435	700	300	379	79	4	43.94	43.94	43.94
juego1	easy	20.0	0.006	255444	700	300	379	79	4	43.94	43.94	43.94
juego1	easy	20.0	0.006	255452	700	300	379	79	4	43.93	43.93	43.93
juego1	easy	20.0	0.006	255461	700	300	379	79	4	43.93	43.93	43.93
juego1	easy	20.0	0.006	255470	700	300	379	79	4	43.93	43.93	43.93
juego1	easy	20.0	0.006	255479	700	300	379	79	4	43.93	43.93	43.93
juego1	easy	20.0	0.006	255488	700	300	379	79	4	43.93	43.93	43.93
juego1	easy	20.0	0.006	255496	700	300	379	79	4	43.93	43.93	43.93
juego1	easy	20.0	0.006	255505	700	300	379	79	4	43.93	43.93	43.93
juego1	easy	20.0	0.006	255513	700	300	379	79	4	43.93	43.93	43.93
juego1	easy	20.0	0.006	255522	700	300	379	79	4	43.93	43.93	43.93
juego1	easy	20.0	0.006	255530	700	301	379	78	4	43.93	43.93	43.93
juego1	easy	20.0	0.006	255539	700	301	379	78	4	43.93	43.93	43.93
juego1	easy	20.0	0.006	255547	700	301	379	78	4	43.93	43.93	43.93
juego1	easy	20.0	0.006	255556	700	301	379	78	4	43.93	43.93	43.93
juego1	easy	20.0	0.006	255565	700	301	379	78	4	43.93	43.93	43.93
juego1	easy	20.0	0.006	255574	700	302	379	77	4	43.93	43.93	43.93
juego1	easy	20.0	0.006	255582	700	302	379	77	4	43.93	43.93	43.93
juego1	easy	20.0	0.006	255591	700	302	379	77	4	43.93	43.93	43.93
juego1	easy	20.0	0.006	255599	700	302	379	77	4	43.92	43.92	43.92
juego1	easy	20.0	0.006	255608	700	302	379	77	4	43.92	43.92	43.92
juego1	easy	20.0	0.006	255616	700	302	379	77	4	43.93	43.93	43.93
juego1	easy	20.0	0.006	255625	700	303	379	76	4	43.92	43.92	43.92
juego1	easy	20.0	0.006	255633	700	303	379	76	4	43.92	43.92	43.92
juego1	easy	20.0	0.006	255642	700	303	379	76	4	43.92	43.92	43.92
juego1	easy	20.0	0.006	255650	700	303	379	76	4	43.93	43.93	43.93
juego1	easy	20.0	0.006	255658	700	303	379	76	4	43.93	43.93	43.93
juego1	easy	20.0	0.006	255665	700	303	379	76	4	43.93	43.93	43.93
juego1	easy	20.0	0.006	255674	700	304	379	75	4	43.93	43.93	43.93
juego1	easy	20.0	0.006	255681	700	304	379	75	4	43.93	43.93	43.93
juego1	easy	20.0	0.006	255690	700	304	379	75	4	43.93	43.93	43.93
juego1	easy	20.0	0.006	255699	700	304	379	75	4	43.93	43.93	43.93
juego1	easy	20.0	0.006	255706	700	304	379	75	4	43.93	43.93	43.93
juego1	easy	20.0	0.006	255715	700	304	379	75	4	43.93	43.93	43.93
juego1	easy	20.0	0.006	255724	700	305	379	74	4	43.93	43.93	43.93
juego1	easy	20.0	0.006	255732	700	305	379	74	4	43.93	43.93	43.93
juego1	easy	20.0	0.006	255741	700	305	379	74	4	43.93	43.93	43.93
juego1	easy	20.0	0.006	255750	700	305	379	74	4	43.93	43.93	43.93
juego1	easy	20.0	0.006	255759	700	305	379	74	4	43.93	43.93	43.93
juego1	easy	20.0	0.006	255767	700	305	379	74	4	43.93	43.93	43.93
juego1	easy	20.0	0.006	255776	700	306	379	73	4	43.93	43.93	43.93
juego1	easy	20.0	0.006	255784	700	306	379	73	4	43.93	43.93	43.93
juego1	easy	20.0	0.006	255793	700	306	379	73	4	43.93	43.93	43.93
juego1	easy	20.0	0.006	255801	700	306	379	73	4	43.93	43.93	43.93
juego1	easy	20.0	0.006	255810	700	306	379	73	4	43.93	43.93	43.93
juego1	easy	20.0	0.006	255819	700	306	379	73	4	43.93	43.93	43.93
juego1	easy	20.0	0.006	255826	700	307	379	72	4	43.93	43.93	43.93
juego1	easy	20.0	0.006	255834	700	307	379	72	4	43.93	43.93	43.93
juego1	easy	20.0	0.006	255843	700	307	379	72	4	43.93	43.93	43.93
juego1	easy	20.0	0.006	255851	700	307	379	72	4	43.93	43.93	43.93
juego1	easy	20.0	0.006	255860	700	307	379	72	4	43.93	43.93	43.93
juego1	easy	20.0	0.006	255868	700	307	379	72	4	43.93	43.93	43.93
juego1	easy	20.0	0.006	255877	700	308	379	71	4	43.93	43.93	43.93
juego1	easy	20.0	0.006	255886	700	308	379	71	4	43.93	43.93	43.93
juego1	easy	20.0	0.006	255894	700	308	379	71	4	43.93	43.93	43.93
juego1	easy	20.0	0.006	255903	700	308	379	71	4	43.93	43.93	43.93
juego1	easy	20.0	0.006	255911	700	308	379	71	4	43.93	43.93	43.93
juego1	easy	20.0	0.006	255920	700	308	379	71	4	43.93	43.93	43.93
juego1	easy	20.0	0.006	255929	700	308	379	71	4	43.93	43.93	43.93
juego1	easy	20.0	0.006	255937	700	309	379	70	4	43.93	43.93	43.93
juego1	easy	20.0	0.006	255946	700	309	379	70	4	43.93	43.93	43.93
juego1	easy	20.0	0.006	255955	700	309	379	70	4	43.93	43.93	43.93
juego1	easy	20.0	0.006	255963	700	309	379	70	4	43.93	43.93	43.93
juego1	easy	20.0	0.006	255972	700	309	379	70	4	43.93	43.93	43.93
juego1	easy	20.0	0.006	255981	700	309	379	70	4	43.93	43.93	43.93
juego1	easy	20.0	0.006	255990	700	309	379	70	4	43.93	43.93	43.93
juego1	easy	20.0	0.006	255999	700	310	379	69	4	43.93	43.93	43.93
juego1	easy	20.0	0.006	256007	700	310	379	69	4	43.93	43.93	43.93
juego1	easy	20.0	0.006	256016	700	310	379	69	4	43.93	43.93	43.93
juego1	easy	20.0	0.006	256024	700	310	379	69	4	43.93	43.93	43.93
juego1	easy	20.0	0.006	256033	700	310	379	69	4	43.93	43.93	43.93
juego1	easy	20.0	0.006	256042	700	310	379	69	4	43.93	43.93	43.93
juego1	easy	20.0	0.006	256050	700	311	379	68	4	43.93	43.93	43.93
juego1	easy	20.0	0.006	256059	700	311	379	68	4	43.93	43.93	43.93
juego1	easy	20.0	0.006	256067	700	311	379	68	4	43.93	43.93	43.93
juego1	easy	20.0	0.006	256076	700	311	379	68	4	43.93	43.93	43.93
juego1	easy	20.0	0.006	256084	700	311	379	68	4	43.93	43.93	43.93
juego1	easy	20.0	0.006	256093	700	311	379	68	4	43.93	43.93	43.93
juego1	easy	20.0	0.006	256102	700	311	379	68	4	43.93	43.93	43.93
juego1	easy	20.0	0.006	256110	700	311	379	68	4	43.93	43.93	43.93
juego1	easy	20.0	0.006	256118	700	312	379	67	4	43.93	43.93	43.93
juego1	easy	20.0	0.006	256127	700	312	379	67	4	43.93	43.93	43.93
juego1	easy	20.0	0.006	256136	700	312	379	67	4	43.93	43.93	43.93
juego1	easy	20.0	0.006	256145	700	312	379	67	4	43.93	43.93	43.93
juego1	easy	20.0	0.006	256155	700	312	379	67	4	43.93	43.93	43.93
juego1	easy	20.0	0.006	256163	700	312	379	67	4	43.93	43.93	43.93
juego1	easy	20.0	0.006	256171	700	312	379	67	4	43.93	43.93	43.93
juego1	easy	20.0	0.006	256180	700	313	379	66	4	43.93	43.93	43.93
juego1	easy	20.0	0.006	256188	700	313	379	66	4	43.93	43.93	43.93
juego1	easy	20.0	0.006	256197	700	313	379	66	4	43.93	43.93	43.93
juego1	easy	20.0	0.006	256205	700	313	379	66	4	43.93	43.93	43.93
juego1	easy	20.0	0.006	256214	700	313	379	66	4	43.93	43.93	43.93
juego1	easy	20.0	0.006	256222	700	313	379	66	4	43.93	43.93	43.93
juego1	easy	20.0	0.006	256231	700	313	379	66	4	43.93	43.93	43.93
juego1	easy	20.0	0.006	256239	700	313	379	66	4	43.93	43.93	43.93
juego1	easy	20.0	0.006	256247	700	314	379	65	4	43.93	43.93	43.93
juego1	easy	20.0	0.006	256256	700	314	379	65	4	43.93	43.93	43.93
juego1	easy	20.0	0.006	256265	700	314	379	65	4	43.93	43.93	43.93
juego1	easy	20.0	0.006	256272	700	314	379	65	4	43.93	43.93	43.93
juego1	easy	20.0	0.006	256280	700	314	379	65	4	43.93	43.93	43.93
juego1	easy	20.0	0.006	256289	700	314	379	65	4	43.93	43.93	43.93
juego1	easy	20.0	0.006	256297	700	314	379	65	4	43.93	43.93	43.93
juego1	easy	20.0	0.006	256305	700	314	379	65	4	43.93	43.93	43.93
juego1	easy	20.0	0.006	256314	700	314	379	65	4	43.93	43.93	43.93
juego1	easy	20.0	0.006	256322	700	315	379	64	4	43.93	43.93	43.93
juego1	easy	20.0	0.006	256330	700	315	379	64	4	43.93	43.93	43.93
juego1	easy	20.0	0.006	256339	700	315	379	64	4	43.93	43.93	43.93
juego1	easy	20.0	0.006	256346	700	315	379	64	4	43.93	43.93	43.93
juego1	easy	20.0	0.006	256355	700	315	379	64	4	43.93	43.93	43.93
juego1	easy	20.0	0.006	256364	700	315	379	64	4	43.93	43.93	43.93
juego1	easy	20.0	0.006	256371	700	315	379	64	4	43.93	43.93	43.93
juego1	easy	20.0	0.006	256380	700	315	379	64	4	43.93	43.93	43.93
juego1	easy	20.0	0.006	256389	700	315	379	64	4	43.93	43.93	43.93
juego1	easy	20.0	0.006	256396	700	316	379	63	4	43.93	43.93	43.93
juego1	easy	20.0	0.006	256405	700	316	379	63	4	43.93	43.93	43.93
juego1	easy	20.0	0.006	256414	700	316	379	63	4	43.93	43.93	43.93
juego1	easy	20.0	0.006	256421	700	316	379	63	4	43.93	43.93	43.93
juego1	easy	20.0	0.006	256430	700	316	379	63	4	43.93	43.93	43.93
juego1	easy	20.0	0.006	256438	700	316	379	63	4	43.93	43.93	43.93
juego1	easy	20.0	0.006	256446	700	316	379	63	4	43.93	43.93	43.93
juego1	easy	20.0	0.006	256455	700	316	379	63	4	43.93	43.93	43.93
juego1	easy	20.0	0.006	256464	700	316	379	63	4	43.93	43.93	43.93
juego1	easy	20.0	0.006	256471	700	316	379	63	4	43.93	43.93	43.93
juego1	easy	20.0	0.006	256480	700	317	379	62	4	43.93	43.93	43.93
juego1	easy	20.0	0.006	256488	700	317	379	62	4	43.93	43.93	43.93
juego1	easy	20.0	0.006	256496	700	317	379	62	4	43.93	43.93	43.93
juego1	easy	20.0	0.006	256505	700	317	379	62	4	43.93	43.93	43.93
juego1	easy	20.0	0.006	256513	700	317	379	62	4	43.93	43.93	43.93
juego1	easy	20.0	0.006	256522	700	317	379	62	4	43.93	43.93	43.93
juego1	easy	20.0	0.006	256531	700	317	379	62	4	43.93	43.93	43.93
juego1	easy	20.0	0.006	256540	700	317	379	62	4	43.93	43.93	43.93
juego1	easy	20.0	0.006	256549	700	317	379	62	4	43.93	43.93	43.93
juego1	easy	20.0	0.006	256556	700	317	379	62	4	43.93	43.93	43.93
juego1	easy	20.0	0.006	256565	700	317	379	62	4	43.93	43.93	43.93
juego1	easy	20.0	0.006	256574	700	318	379	61	4	43.93	43.93	43.93
juego1	easy	20.0	0.006	256582	700	318	379	61	4	43.93	43.93	43.93
juego1	easy	20.0	0.006	256591	700	318	379	61	4	43.93	43.93	43.93
juego1	easy	20.0	0.006	256599	700	318	379	61	4	43.93	43.93	43.93
juego1	easy	20.0	0.006	256608	700	318	379	61	4	43.93	43.93	43.93
juego1	easy	20.0	0.006	256617	700	318	379	61	4	43.93	43.93	43.93
juego1	easy	20.0	0.006	256625	700	318	379	61	4	43.93	43.93	43.93
juego1	easy	20.0	0.006	256634	700	318	379	61	4	43.93	43.93	43.93
juego1	easy	20.0	0.006	256643	700	318	379	61	4	43.93	43.93	43.93
juego1	easy	20.0	0.006	256651	700	318	379	61	4	43.93	43.93	43.93
juego1	easy	20.0	0.006	256660	700	318	379	61	4	43.93	43.93	43.93
juego1	easy	20.0	0.006	256668	700	318	379	61	4	43.93	43.93	43.93
juego1	easy	20.0	0.006	256677	700	318	379	61	4	43.93	43.93	43.93
juego1	easy	20.0	0.006	256686	700	319	379	60	4	43.93	43.93	43.93
juego1	easy	20.0	0.006	256695	700	319	379	60	4	43.93	43.93	43.93
juego1	easy	20.0	0.006	256703	700	319	379	60	4	43.93	43.93	43.93
juego1	easy	20.0	0.006	256712	700	319	379	60	4	43.93	43.93	43.93
juego1	easy	20.0	0.006	256719	700	319	379	60	4	43.93	43.93	43.93
juego1	easy	20.0	0.006	256728	700	319	379	60	4	43.93	43.93	43.93
juego1	easy	20.0	0.006	256735	700	319	379	60	4	43.93	43.93	43.93
juego1	easy	20.0	0.006	256744	700	319	379	60	4	43.93	43.93	43.93
juego1	easy	20.0	0.006	256753	700	319	379	60	4	43.93	43.93	43.93
juego1	easy	20.0	0.006	256762	700	319	379	60	4	43.93	43.93	43.93
juego1	easy	20.0	0.006	256770	700	319	379	60	4	43.93	43.93	43.93
juego1	easy	20.0	0.006	256779	700	319	379	60	4	43.93	43.93	43.93
juego1	easy	20.0	0.006	256787	700	319	379	60	4	43.93	43.93	43.93
juego1	easy	20.0	0.006	256796	700	319	379	60	4	43.93	43.93	43.93
juego1	easy	20.0	0.006	256804	700	319	379	60	4	43.93	43.93	43.93
juego1	easy	20.0	0.006	256813	700	319	379	60	4	43.93	43.93	43.93
juego1	easy	20.0	0.006	256821	700	320	379	59	4	43.93	43.93	43.93
juego1	easy	20.0	0.006	256830	700	320	379	59	4	43.93	43.93	43.93
juego1	easy	20.0	0.006	256839	700	320	379	59	4	43.93	43.93	43.93
juego1	easy	20.0	0.006	256847	700	320	379	59	4	43.93	43.93	43.93
juego1	easy	20.0	0.006	256855	700	320	379	59	4	43.93	43.93	43.93
juego1	easy	20.0	0.006	256864	700	320	379	59	4	43.93	43.93	43.93
juego1	easy	20.0	0.006	256872	700	320	379	59	4	43.93	43.93	43.93
juego1	easy	20.0	0.006	256881	700	320	379	59	4	43.93	43.93	43.93
juego1	easy	20.0	0.006	256889	700	320	379	59	4	43.93	43.93	43.93
juego1	easy	20.0	0.006	256897	700	320	379	59	4	43.93	43.93	43.93
juego1	easy	20.0	0.006	256906	700	320	379	59	4	43.93	43.93	43.93
juego1	easy	20.0	0.006	256914	700	320	379	59	4	43.93	43.93	43.93
juego1	easy	20.0	0.006	256922	700	320	379	59	4	43.93	43.93	43.93
juego1	easy	20.0	0.006	256931	700	320	379	59	4	43.93	43.93	43.93
juego1	easy	20.0	0.006	256939	700	320	379	59	4	43.93	43.93	43.93
juego1	easy	20.0	0.006	256948	700	320	379	59	4	43.93	43.93	43.93
juego1	easy	20.0	0.006	256956	700	320	379	59	4	43.93	43.93	43.93
juego1	easy	20.0	0.006	256965	700	320	379	59	4	43.93	43.93	43.93
juego1	easy	20.0	0.006	256974	700	320	379	59	4	43.93	43.93	43.93
juego1	easy	20.0	0.006	256982	700	320	379	59	4	43.93	43.93	43.93
juego1	easy	20.0	0.006	256991	700	320	379	59	4	43.93	43.93	43.93
juego1	easy	20.0	0.006	256999	700	320	379	59	4	43.93	43.93	43.93
juego1	easy	20.0	0.006	257007	700	320	379	59	4	43.93	43.93	43.93
juego1	easy	20.0	0.006	257016	700	320	379	59	4	43.93	43.93	43.93
juego1	easy	20.0	0.006	257024	700	320	379	59	4	43.93	43.93	43.93
juego1	easy	20.0	0.006	257033	700	320	379	59	4	43.93	43.93	43.93
juego1	easy	20.0	0.006	257041	700	320	379	59	4	43.93	43.93	43.93
juego1	easy	20.0	0.006	257050	700	321	379	58	4	43.93	43.93	43.93
juego1	easy	20.0	0.006	257058	700	321	379	58	4	43.93	43.93	43.93
juego1	easy	20.0	0.006	257067	700	321	379	58	4	43.93	43.93	43.93
juego1	easy	20.0	0.006	257075	700	321	379	58	4	43.93	43.93	43.93
juego1	easy	20.0	0.006	257084	700	321	379	58	4	43.93	43.93	43.93
juego1	easy	20.0	0.006	257092	700	321	379	58	4	43.93	43.93	43.93
juego1	easy	20.0	0.006	257101	700	321	379	58	4	43.93	43.93	43.93
juego1	easy	20.0	0.006	257109	700	321	379	58	4	43.93	43.93	43.93
juego1	easy	20.0	0.006	257117	700	321	379	58	4	43.93	43.93	43.93
juego1	easy	20.0	0.006	257126	700	321	379	58	4	43.93	43.93	43.93
juego1	easy	20.0	0.006	257134	700	321	379	58	4	43.93	43.93	43.93
juego1	easy	20.0	0.006	257143	700	321	379	58	4	43.93	43.93	43.93
juego1	easy	20.0	0.006	257151	700	321	379	58	4	43.93	43.93	43.93
juego1	easy	20.0	0.006	257160	700	321	379	58	4	43.93	43.93	43.93
juego1	easy	20.0	0.006	257169	700	321	379	58	4	43.93	43.93	43.93
juego1	easy	20.0	0.006	257177	700	321	379	58	4	43.93	43.93	43.93
juego1	easy	20.0	0.006	257186	700	321	379	58	4	43.93	43.93	43.93
juego1	easy	20.0	0.006	257194	700	321	379	58	4	43.93	43.93	43.93
juego1	easy	20.0	0.006	257202	700	321	379	58	4	43.93	43.93	43.93
juego1	easy	20.0	0.006	257211	700	321	379	58	4	43.93	43.93	43.93
juego1	easy	20.0	0.006	257219	700	321	379	58	4	43.93	43.93	43.93
juego1	easy	20.0	0.006	257228	700	321	379	58	4	43.93	43.93	43.93
juego1	easy	20.0	0.006	257236	700	321	379	58	4	43.93	43.93	43.93
juego1	easy	20.0	0.006	257244	700	321	379	58	4	43.93	43.93	43.93
juego1	easy	20.0	0.006	257253	700	321	379	58	4	43.93	43.93	43.93
juego1	easy	20.0	0.006	257261	700	321	379	58	4	43.93	43.93	43.93
juego1	easy	20.0	0.006	257270	700	321	379	58	4	43.93	43.93	43.93
juego1	easy	20.0	0.006	257278	700	321	379	58	4	43.93	43.93	43.93
juego1	easy	20.0	0.006	257287	700	321	379	58	4	43.93	43.93	43.93
juego1	easy	20.0	0.006	257296	700	321	379	58	4	43.93	43.93	43.93
juego1	easy	20.0	0.006	257305	700	321	379	58	4	43.93	43.93	43.93
juego1	easy	20.0	0.006	257312	700	321	379	58	4	43.93	43.93	43.93
juego1	easy	20.0	0.006	257321	700	321	379	58	4	43.93	43.93	43.93
juego1	easy	20.0	0.006	257330	700	321	379	58	4	43.93	43.93	43.93
juego1	easy	20.0	0.006	257339	700	321	379	58	4	43.93	43.93	43.93
juego1	easy	20.0	0.006	257348	700	321	379	58	4	43.93	43.93	43.93
juego1	easy	20.0	0.006	257357	700	321	379	58	4	43.93	43.93	43.93
juego1	easy	20.0	0.006	257365	700	320	379	59	4	43.93	43.93	43.93
juego1	easy	20.0	0.006	257374	700	320	379	59	4	43.93	43.93	43.93
juego1	easy	20.0	0.006	257382	700	320	379	59	4	43.93	43.93	43.93
juego1	easy	20.0	0.006	257391	700	320	379	59	4	43.93	43.93	43.93
juego1	easy	20.0	0.006	257399	700	320	379	59	4	43.93	43.93	43.93
juego1	easy	20.0	0.006	257408	700	320	379	59	4	43.93	43.93	43.93
juego1	easy	20.0	0.006	257417	700	320	379	59	4	43.93	43.93	43.93
juego1	easy	20.0	0.006	257425	700	320	379	59	4	43.93	43.93	43.93
juego1	easy	20.0	0.006	257433	700	320	379	59	4	43.93	43.93	43.93
juego1	easy	20.0	0.006	257442	700	320	379	59	4	43.93	43.93	43.93
juego1	easy	20.0	0.006	257450	700	320	379	59	4	43.93	43.93	43.93
juego1	easy	20.0	0.006	257459	700	320	379	59	4	43.93	43.93	43.93
juego1	easy	20.0	0.006	257467	700	320	379	59	4	43.93	43.93	43.93
juego1	easy	20.0	0.006	257476	700	320	379	59	4	43.93	43.93	43.93
juego1	easy	20.0	0.006	257484	700	320	379	59	4	43.93	43.93	43.93
juego1	easy	20.0	0.006	257492	700	320	379	59	4	43.92	43.92	43.92
juego1	easy	20.0	0.006	257501	700	320	379	59	4	43.92	43.92	43.92
juego1	easy	20.0	0.006	257510	700	320	379	59	4	43.92	43.92	43.92
juego1	easy	20.0	0.006	257518	700	320	379	59	4	43.92	43.92	43.92
juego1	easy	20.0	0.006	257527	700	320	379	59	4	43.92	43.92	43.92
juego1	easy	20.0	0.006	257535	700	320	379	59	4	43.92	43.92	43.92
juego1	easy	20.0	0.006	257544	700	320	379	59	4	43.92	43.92	43.92
juego1	easy	20.0	0.006	257553	700	320	379	59	4	43.92	43.92	43.92
juego1	easy	20.0	0.006	257562	700	320	379	59	4	43.92	43.92	43.92
juego1	easy	20.0	0.006	257570	700	320	379	59	4	43.92	43.92	43.92
juego1	easy	20.0	0.006	257579	700	320	379	59	4	43.92	43.92	43.92
juego1	easy	20.0	0.006	257587	700	320	379	59	4	43.92	43.92	43.92
juego1	easy	20.0	0.006	257596	700	320	379	59	4	43.92	43.92	43.92
juego1	easy	20.0	0.006	257604	700	319	379	60	4	43.92	43.92	43.92
juego1	easy	20.0	0.006	257613	700	319	379	60	4	43.92	43.92	43.92
juego1	easy	20.0	0.006	257622	700	319	379	60	4	43.92	43.92	43.92
juego1	easy	20.0	0.006	257631	700	319	379	60	4	43.92	43.92	43.92
juego1	easy	20.0	0.006	257640	700	319	379	60	4	43.92	43.92	43.92
juego1	easy	20.0	0.006	257650	700	319	379	60	4	43.93	43.93	43.93
juego1	easy	20.0	0.006	257658	700	319	379	60	4	43.93	43.93	43.93
juego1	easy	20.0	0.006	257668	700	319	379	60	4	43.92	43.92	43.92
juego1	easy	20.0	0.006	257675	700	319	379	60	4	43.93	43.93	43.93
juego1	easy	20.0	0.006	257683	700	319	379	60	4	43.93	43.93	43.93
juego1	easy	20.0	0.006	257693	700	319	379	60	4	43.93	43.93	43.93
juego1	easy	20.0	0.006	257701	700	319	379	60	4	43.92	43.92	43.92
juego1	easy	20.0	0.006	257710	700	319	379	60	4	43.92	43.92	43.92
juego1	easy	20.0	0.006	257718	700	319	379	60	4	43.92	43.92	43.92
juego1	easy	20.0	0.006	257728	700	319	379	60	4	43.92	43.92	43.92
juego1	easy	20.0	0.006	257736	700	319	379	60	4	43.92	43.92	43.92
juego1	easy	20.0	0.006	257745	700	318	379	61	4	43.92	43.92	43.92
juego1	easy	20.0	0.006	257754	700	318	379	61	4	43.92	43.92	43.92
juego1	easy	20.0	0.006	257762	700	318	379	61	4	43.92	43.92	43.92
juego1	easy	20.0	0.006	257770	700	318	379	61	4	43.92	43.92	43.92
juego1	easy	20.0	0.006	257778	700	318	379	61	4	43.92	43.92	43.92
juego1	easy	20.0	0.006	257788	700	318	379	61	4	43.92	43.92	43.92
juego1	easy	20.0	0.006	257796	700	318	379	61	4	43.92	43.92	43.92
juego1	easy	20.0	0.006	257805	700	318	379	61	4	43.92	43.92	43.92
juego1	easy	20.0	0.006	257814	700	318	379	61	4	43.92	43.92	43.92
juego1	easy	20.0	0.006	257822	700	318	379	61	4	43.92	43.92	43.92
juego1	easy	20.0	0.006	257831	700	318	379	61	4	43.92	43.92	43.92
juego1	easy	20.0	0.006	257839	700	318	379	61	4	43.92	43.92	43.92
juego1	easy	20.0	0.006	257848	700	318	379	61	4	43.92	43.92	43.92
juego1	easy	20.0	0.006	257857	700	317	379	62	4	43.92	43.92	43.92
juego1	easy	20.0	0.006	257866	700	317	379	62	4	43.92	43.92	43.92
juego1	easy	20.0	0.006	257875	700	317	379	62	4	43.93	43.93	43.93
juego1	easy	20.0	0.006	257884	700	317	379	62	4	43.93	43.93	43.93
juego1	easy	20.0	0.006	257892	700	317	379	62	4	43.92	43.92	43.92
juego1	easy	20.0	0.006	257901	700	317	379	62	4	43.92	43.92	43.92
juego1	easy	20.0	0.006	257909	700	317	379	62	4	43.92	43.92	43.92
juego1	easy	20.0	0.006	257918	700	317	379	62	4	43.92	43.92	43.92
juego1	easy	20.0	0.006	257926	700	317	379	62	4	43.92	43.92	43.92
juego1	easy	20.0	0.006	257935	700	317	379	62	4	43.92	43.92	43.92
juego1	easy	20.0	0.006	257943	700	317	379	62	4	43.92	43.92	43.92
juego1	easy	20.0	0.006	257952	700	316	379	63	4	43.92	43.92	43.92
juego1	easy	20.0	0.006	257960	700	316	379	63	4	43.92	43.92	43.92
juego1	easy	20.0	0.006	257968	700	316	379	63	4	43.92	43.92	43.92
juego1	easy	20.0	0.006	257977	700	316	379	63	4	43.92	43.92	43.92
juego1	easy	20.0	0.006	257986	700	316	379	63	4	43.92	43.92	43.92
juego1	easy	20.0	0.006	257995	700	316	379	63	4	43.92	43.92	43.92
juego1	easy	20.0	0.006	258003	700	316	379	63	4	43.92	43.92	43.92
juego1	easy	20.0	0.006	258012	700	316	379	63	4	43.92	43.92	43.92
juego1	easy	20.0	0.006	258021	700	316	379	63	4	43.91	43.91	43.91
juego1	easy	20.0	0.006	258030	700	316	379	63	4	43.92	43.92	43.92
juego1	easy	20.0	0.006	258038	700	315	379	64	4	43.92	43.92	43.92
juego1	easy	20.0	0.006	258047	700	315	379	64	4	43.92	43.92	43.92
juego1	easy	20.0	0.006	258055	700	315	379	64	4	43.92	43.92	43.92
juego1	easy	20.0	0.006	258063	700	315	379	64	4	43.92	43.92	43.92
juego1	easy	20.0	0.006	258072	700	315	379	64	4	43.92	43.92	43.92
juego1	easy	20.0	0.006	258081	700	315	379	64	4	43.92	43.92	43.92
juego1	easy	20.0	0.006	258089	700	315	379	64	4	43.92	43.92	43.92
juego1	easy	20.0	0.006	258098	700	315	379	64	4	43.92	43.92	43.92
juego1	easy	20.0	0.006	258107	700	315	379	64	4	43.92	43.92	43.92
juego1	easy	20.0	0.006	258116	700	314	379	65	4	43.92	43.92	43.92
juego1	easy	20.0	0.006	258124	700	314	379	65	4	43.92	43.92	43.92
juego1	easy	20.0	0.006	258133	700	314	379	65	4	43.92	43.92	43.92
juego1	easy	20.0	0.006	258142	700	314	379	65	4	43.92	43.92	43.92
juego1	easy	20.0	0.006	258151	700	314	379	65	4	43.91	43.91	43.91
juego1	easy	20.0	0.006	258160	700	314	379	65	4	43.92	43.92	43.92
juego1	easy	20.0	0.006	258168	700	314	379	65	4	43.91	43.91	43.91
juego1	easy	20.0	0.006	258176	700	314	379	65	4	43.91	43.91	43.91
juego1	easy	20.0	0.006	258185	700	314	379	65	4	43.92	43.92	43.92
juego1	easy	20.0	0.006	258193	700	313	379	66	4	43.92	43.92	43.92
juego1	easy	20.0	0.006	258202	700	313	379	66	4	43.92	43.92	43.92
juego1	easy	20.0	0.006	258211	700	313	379	66	4	43.92	43.92	43.92
juego1	easy	20.0	0.006	258219	700	313	379	66	4	43.92	43.92	43.92
juego1	easy	20.0	0.006	258228	700	313	379	66	4	43.92	43.92	43.92
juego1	easy	20.0	0.006	258237	700	313	379	66	4	43.92	43.92	43.92
juego1	easy	20.0	0.006	258246	700	313	379	66	4	43.92	43.92	43.92
juego1	easy	20.0	0.006	258254	700	313	379	66	4	43.92	43.92	43.92
juego1	easy	20.0	0.006	258263	700	312	379	67	4	43.92	43.92	43.92
juego1	easy	20.0	0.006	258271	700	312	379	67	4	43.91	43.91	43.91
juego1	easy	20.0	0.006	258280	700	312	379	67	4	43.92	43.92	43.92
juego1	easy	20.0	0.006	258289	700	312	379	67	4	43.92	43.92	43.92
juego1	easy	20.0	0.006	258297	700	312	379	67	4	43.92	43.92	43.92
juego1	easy	20.0	0.006	258306	700	312	379	67	4	43.92	43.92	43.92
juego1	easy	20.0	0.006	258314	700	312	379	67	4	43.92	43.92	43.92
juego1	easy	20.0	0.006	258321	700	311	379	68	4	43.92	43.92	43.92
juego1	easy	20.0	0.006	258330	700	311	379	68	4	43.92	43.92	43.92
juego1	easy	20.0	0.006	258339	700	311	379	68	4	43.92	43.92	43.92
juego1	easy	20.0	0.006	258347	700	311	379	68	4	43.92	43.92	43.92
juego1	easy	20.0	0.006	258355	700	311	379	68	4	43.92	43.92	43.92
juego1	easy	20.0	0.006	258364	700	311	379	68	4	43.92	43.92	43.92
juego1	easy	20.0	0.006	258372	700	311	379	68	4	43.92	43.92	43.92
juego1	easy	20.0	0.006	258381	700	310	379	69	4	43.92	43.92	43.92
juego1	easy	20.0	0.006	258390	700	310	379	69	4	43.92	43.92	43.92
juego1	easy	20.0	0.006	258398	700	310	379	69	4	43.92	43.92	43.92
juego1	easy	20.0	0.006	258407	700	310	379	69	4	43.92	43.92	43.92
juego1	easy	20.0	0.006	258416	700	310	379	69	4	43.92	43.92	43.92
juego1	easy	20.0	0.006	258425	700	310	379	69	4	43.92	43.92	43.92
juego1	easy	20.0	0.006	258432	700	310	379	69	4	43.92	43.92	43.92
juego1	easy	20.0	0.006	258441	700	309	379	70	4	43.92	43.92	43.92
juego1	easy	20.0	0.006	258449	700	309	379	70	4	43.92	43.92	43.92
juego1	easy	20.0	0.006	258458	700	309	379	70	4	43.92	43.92	43.92
juego1	easy	20.0	0.006	258467	700	309	379	70	4	43.92	43.92	43.92
juego1	easy	20.0	0.006	258475	700	309	379	70	4	43.92	43.92	43.92
juego1	easy	20.0	0.006	258484	700	309	379	70	4	43.92	43.92	43.92
juego1	easy	20.0	0.006	258491	700	309	379	70	4	43.92	43.92	43.92
juego1	easy	20.0	0.006	258500	700	308	379	71	4	43.92	43.92	43.92
juego1	easy	20.0	0.006	258508	700	308	379	71	4	43.92	43.92	43.92
juego1	easy	20.0	0.006	258517	700	308	379	71	4	43.92	43.92	43.92
juego1	easy	20.0	0.006	258525	700	308	379	71	4	43.92	43.92	43.92
juego1	easy	20.0	0.006	258533	700	308	379	71	4	43.92	43.92	43.92
juego1	easy	20.0	0.006	258542	700	308	379	71	4	43.92	43.92	43.92
juego1	easy	20.0	0.006	258550	700	308	379	71	4	43.92	43.92	43.92
juego1	easy	20.0	0.006	258558	700	307	379	72	4	43.92	43.92	43.92
juego1	easy	20.0	0.006	258567	700	307	379	72	4	43.92	43.92	43.92
juego1	easy	20.0	0.006	258576	700	307	379	72	4	43.92	43.92	43.92
juego1	easy	20.0	0.006	258584	700	307	379	72	4	43.92	43.92	43.92
juego1	easy	20.0	0.006	258592	700	307	379	72	4	43.92	43.92	43.92
juego1	easy	20.0	0.006	258601	700	307	379	72	4	43.92	43.92	43.92
juego1	easy	20.0	0.006	258609	700	306	379	73	4	43.92	43.92	43.92
juego1	easy	20.0	0.006	258618	700	306	379	73	4	43.92	43.92	43.92
juego1	easy	20.0	0.006	258626	700	306	379	73	4	43.92	43.92	43.92
juego1	easy	20.0	0.006	258635	700	306	379	73	4	43.92	43.92	43.92
juego1	easy	20.0	0.006	258643	700	306	379	73	4	43.92	43.92	43.92
juego1	easy	20.0	0.006	258652	700	306	379	73	4	43.92	43.92	43.92
juego1	easy	20.0	0.006	258661	700	305	379	74	4	43.92	43.92	43.92
juego1	easy	20.0	0.006	258669	700	305	379	74	4	43.92	43.92	43.92
juego1	easy	20.0	0.006	258678	700	305	379	74	4	43.92	43.92	43.92
juego1	easy	20.0	0.006	258686	700	305	379	74	4	43.92	43.92	43.92
juego1	easy	20.0	0.006	258695	700	305	379	74	4	43.92	43.92	43.92
juego1	easy	20.0	0.006	258703	700	305	379	74	4	43.92	43.92	43.92
juego1	easy	20.0	0.006	258711	700	304	379	75	4	43.92	43.92	43.92
juego1	easy	20.0	0.006	258719	700	304	379	75	4	43.92	43.92	43.92
juego1	easy	20.0	0.006	258728	700	304	379	75	4	43.92	43.92	43.92
juego1	easy	20.0	0.006	258737	700	304	379	75	4	43.92	43.92	43.92
juego1	easy	20.0	0.006	258746	700	304	379	75	4	43.92	43.92	43.92
juego1	easy	20.0	0.006	258755	700	304	379	75	4	43.92	43.92	43.92
juego1	easy	20.0	0.006	258763	700	303	379	76	4	43.92	43.92	43.92
juego1	easy	20.0	0.006	258772	700	303	379	76	4	43.92	43.92	43.92
juego1	easy	20.0	0.006	258780	700	303	379	76	4	43.92	43.92	43.92
juego1	easy	20.0	0.006	258790	700	303	379	76	4	43.92	43.92	43.92
juego1	easy	20.0	0.006	258798	700	303	379	76	4	43.92	43.92	43.92
juego1	easy	20.0	0.006	258806	700	303	379	76	4	43.92	43.92	43.92
juego1	easy	20.0	0.006	258815	700	302	379	77	4	43.92	43.92	43.92
juego1	easy	20.0	0.006	258823	700	302	379	77	4	43.92	43.92	43.92
juego1	easy	20.0	0.006	258831	700	302	379	77	4	43.92	43.92	43.92
juego1	easy	20.0	0.006	258840	700	302	379	77	4	43.92	43.92	43.92
juego1	easy	20.0	0.006	258848	700	302	379	77	4	43.92	43.92	43.92
juego1	easy	20.0	0.006	258856	700	301	379	78	4	43.92	43.92	43.92
juego1	easy	20.0	0.006	258865	700	301	379	78	4	43.92	43.92	43.92
juego1	easy	20.0	0.006	258873	700	301	379	78	4	43.92	43.92	43.92
juego1	easy	20.0	0.006	258882	700	301	379	78	4	43.92	43.92	43.92
juego1	easy	20.0	0.006	258890	700	301	379	78	4	43.92	43.92	43.92
juego1	easy	20.0	0.006	258899	700	301	379	78	4	43.92	43.92	43.92
juego1	easy	20.0	0.006	258908	700	300	379	79	4	43.92	43.92	43.92
juego1	easy	20.0	0.006	258916	700	300	379	79	4	43.92	43.92	43.92
juego1	easy	20.0	0.006	258925	700	300	379	79	4	43.92	43.92	43.92
juego1	easy	20.0	0.006	258933	700	300	379	79	4	43.92	43.92	43.92
juego1	easy	20.0	0.006	258941	700	300	379	79	4	43.92	43.92	43.92
juego1	easy	20.0	0.006	258950	700	300	379	79	4	43.92	43.92	43.92
juego1	easy	20.0	0.006	258959	700	300	379	79	4	43.92	43.92	43.92
juego1	easy	20.0	0.006	258966	700	300	379	79	4	43.92	43.92	43.92
juego1	easy	20.0	0.006	258975	700	300	379	79	4	43.92	43.92	43.92
juego1	easy	20.0	0.006	258984	700	300	379	79	4	43.92	43.92	43.92
juego1	easy	20.0	0.006	258992	700	300	379	79	4	43.92	43.92	43.92
juego1	easy	20.0	0.006	259001	700	299	379	80	4	43.92	43.92	43.92
juego1	easy	20.0	0.006	259009	700	299	379	80	4	43.92	43.92	43.92
juego1	easy	20.0	0.006	259018	700	299	379	80	4	43.92	43.92	43.92
juego1	easy	20.0	0.006	259027	700	299	379	80	4	43.92	43.92	43.92
juego1	easy	20.0	0.006	259034	700	299	379	80	4	43.92	43.92	43.92
juego1	easy	20.0	0.006	259043	700	298	379	81	4	43.92	43.92	43.92
juego1	easy	20.0	0.006	259051	700	298	379	81	4	43.92	43.92	43.92
juego1	easy	20.0	0.006	259059	700	298	379	81	4	43.92	43.92	43.92
juego1	easy	20.0	0.006	259068	700	298	379	81	4	43.92	43.92	43.92
juego1	easy	20.0	0.006	259076	700	298	379	81	4	43.92	43.92	43.92
juego1	easy	20.0	0.006	259085	700	298	379	81	4	43.92	43.92	43.92
juego1	easy	20.0	0.006	259093	700	297	379	82	4	43.92	43.92	43.92
juego1	easy	20.0	0.006	259102	700	297	379	82	4	43.92	43.92	43.92
juego1	easy	20.0	0.006	259110	700	297	379	82	4	43.92	43.92	43.92
juego1	easy	20.0	0.006	259119	700	297	379	82	4	43.92	43.92	43.92
juego1	easy	20.0	0.006	259128	700	297	379	82	4	43.92	43.92	43.92
juego1	easy	20.0	0.006	259136	700	296	379	83	4	43.92	43.92	43.92
juego1	easy	20.0	0.006	259145	700	296	379	83	4	43.92	43.92	43.92
juego1	easy	20.0	0.006	259154	700	296	379	83	4	43.92	43.92	43.92
juego1	easy	20.0	0.006	259162	700	296	379	83	4	43.92	43.92	43.92
juego1	easy	20.0	0.006	259171	700	296	379	83	4	43.92	43.92	43.92
juego1	easy	20.0	0.006	259179	700	295	379	84	4	43.92	43.92	43.92
juego1	easy	20.0	0.006	259188	700	295	379	84	4	43.92	43.92	43.92
juego1	easy	20.0	0.006	259196	700	295	379	84	4	43.92	43.92	43.92
juego1	easy	20.0	0.006	259205	700	295	379	84	4	43.92	43.92	43.92
juego1	easy	20.0	0.006	259213	700	295	379	84	4	43.92	43.92	43.92
juego1	easy	20.0	0.006	259222	700	295	379	84	4	43.92	43.92	43.92
juego1	easy	20.0	0.006	259230	700	294	379	85	4	43.92	43.92	43.92
juego1	easy	20.0	0.006	259239	700	294	379	85	4	43.92	43.92	43.92
juego1	easy	20.0	0.006	259247	700	294	379	85	4	43.92	43.92	43.92
juego1	easy	20.0	0.006	259256	700	294	379	85	4	43.92	43.92	43.92
juego1	easy	20.0	0.006	259264	700	294	379	85	4	43.92	43.92	43.92
juego1	easy	20.0	0.006	259273	700	293	379	86	4	43.92	43.92	43.92
juego1	easy	20.0	0.006	259281	700	293	379	86	4	43.92	43.92	43.92
juego1	easy	20.0	0.006	259290	700	293	379	86	4	43.92	43.92	43.92
juego1	easy	20.0	0.006	259299	700	293	379	86	4	43.92	43.92	43.92
juego1	easy	20.0	0.006	259307	700	293	379	86	4	43.92	43.92	43.92
juego1	easy	20.0	0.006	259316	700	292	379	87	4	43.92	43.92	43.92
juego1	easy	20.0	0.006	259324	700	292	379	87	4	43.92	43.92	43.92
juego1	easy	20.0	0.006	259333	700	292	379	87	4	43.92	43.92	43.92
juego1	easy	20.0	0.006	259341	700	292	379	87	4	43.92	43.92	43.92
juego1	easy	20.0	0.006	259350	700	292	379	87	4	43.92	43.92	43.92
juego1	easy	20.0	0.006	259359	700	291	379	88	4	43.92	43.92	43.92
juego1	easy	20.0	0.006	259367	700	291	379	88	4	43.92	43.92	43.92
juego1	easy	20.0	0.006	259376	700	291	379	88	4	43.92	43.92	43.92
juego1	easy	20.0	0.006	259385	700	291	379	88	4	43.92	43.92	43.92
juego1	easy	20.0	0.006	259394	700	291	379	88	4	43.92	43.92	43.92
juego1	easy	20.0	0.006	259401	700	291	379	88	4	43.92	43.92	43.92
juego1	easy	20.0	0.006	259410	700	290	379	89	4	43.92	43.92	43.92
juego1	easy	20.0	0.006	259418	700	290	379	89	4	43.92	43.92	43.92
juego1	easy	20.0	0.006	259427	700	290	379	89	4	43.92	43.92	43.92
juego1	easy	20.0	0.006	259435	700	290	379	89	4	43.92	43.92	43.92
juego1	easy	20.0	0.006	259444	700	290	379	89	5	43.92	43.92	43.92
juego1	easy	40.0	0.008	259452	700	289	379	90	5	43.92	43.92	43.92
juego1	easy	40.0	0.008	259461	700	289	379	90	5	43.92	43.92	43.92
juego1	easy	40.0	0.008	259469	700	289	379	90	5	43.92	43.92	43.92
juego1	easy	40.0	0.008	259478	700	288	379	91	5	43.92	43.92	43.92
juego1	easy	40.0	0.008	259487	700	288	379	91	5	43.92	43.92	43.92
juego1	easy	40.0	0.008	259494	700	287	379	92	5	43.92	43.92	43.92
juego1	easy	40.0	0.008	259503	700	287	379	92	5	43.92	43.92	43.92
juego1	easy	40.0	0.008	259511	700	286	379	93	5	43.92	43.92	43.92
juego1	easy	40.0	0.008	259520	700	286	379	93	5	43.92	43.92	43.92
juego1	easy	40.0	0.008	259529	700	286	379	93	5	43.92	43.92	43.92
juego1	easy	40.0	0.008	259537	700	285	379	94	5	43.92	43.92	43.92
juego1	easy	40.0	0.008	259546	700	285	379	94	5	43.92	43.92	43.92
juego1	easy	40.0	0.008	259555	700	284	379	95	5	43.92	43.92	43.92
juego1	easy	40.0	0.008	259564	700	284	379	95	5	43.92	43.92	43.92
juego1	easy	40.0	0.008	259573	700	283	379	96	5	43.92	43.92	43.92
juego1	easy	40.0	0.008	259582	700	283	379	96	5	43.92	43.92	43.92
juego1	easy	40.0	0.008	259590	700	282	379	97	5	43.92	43.92	43.92
juego1	easy	40.0	0.008	259599	700	282	379	97	5	43.92	43.92	43.92
juego1	easy	40.0	0.008	259608	700	282	379	97	5	43.92	43.92	43.92
juego1	easy	40.0	0.008	259617	700	281	379	98	5	43.92	43.92	43.92
juego1	easy	40.0	0.008	259625	700	281	379	98	5	43.92	43.92	43.92
juego1	easy	40.0	0.008	259634	700	280	379	99	5	43.92	43.92	43.92
juego1	easy	40.0	0.008	259643	700	280	379	99	5	43.92	43.92	43.92
juego1	easy	40.0	0.008	259652	700	279	379	100	5	43.92	43.92	43.92
juego1	easy	40.0	0.008	259661	700	279	379	100	5	43.92	43.92	43.92
juego1	easy	40.0	0.008	259670	700	278	379	101	5	43.92	43.92	43.92
juego1	easy	40.0	0.008	259678	700	278	379	101	5	43.92	43.92	43.92
juego1	easy	40.0	0.008	259687	700	278	379	101	5	43.92	43.92	43.92
juego1	easy	40.0	0.008	259696	700	277	379	102	5	43.92	43.92	43.92
juego1	easy	40.0	0.008	259704	700	277	379	102	5	43.92	43.92	43.92
juego1	easy	40.0	0.008	259713	700	276	379	103	5	43.92	43.92	43.92
juego1	easy	40.0	0.008	259722	700	276	379	103	5	43.92	43.92	43.92
juego1	easy	40.0	0.008	259729	700	275	379	104	5	43.92	43.92	43.92
juego1	easy	40.0	0.008	259738	700	275	379	104	5	43.92	43.92	43.92
juego1	easy	40.0	0.008	259748	700	275	379	104	5	43.92	43.92	43.92
juego1	easy	40.0	0.008	259754	700	274	379	105	5	43.92	43.92	43.92
juego1	easy	40.0	0.008	259762	700	274	379	105	5	43.92	43.92	43.92
juego1	easy	40.0	0.008	259773	700	273	379	106	5	43.92	43.92	43.92
juego1	easy	40.0	0.008	259779	700	273	379	106	5	43.92	43.92	43.92
juego1	easy	40.0	0.008	259789	700	272	379	107	5	43.92	43.92	43.92
juego1	easy	40.0	0.008	259797	700	272	379	107	5	43.92	43.92	43.92
juego1	easy	40.0	0.008	259805	700	272	379	107	5	43.92	43.92	43.92
juego1	easy	40.0	0.008	259814	700	271	379	108	5	43.92	43.92	43.92
juego1	easy	40.0	0.008	259823	700	271	379	108	5	43.92	43.92	43.92
juego1	easy	40.0	0.008	259831	700	270	379	109	5	43.92	43.92	43.92
juego1	easy	40.0	0.008	259840	700	270	379	109	5	43.92	43.92	43.92
juego1	easy	40.0	0.008	259849	700	269	379	110	5	43.92	43.92	43.92
juego1	easy	40.0	0.008	259858	700	269	379	110	5	43.92	43.92	43.92
juego1	easy	40.0	0.008	259866	700	269	379	110	5	43.92	43.92	43.92
juego1	easy	40.0	0.008	259875	700	268	379	111	5	43.92	43.92	43.92
juego1	easy	40.0	0.008	259883	700	268	379	111	5	43.92	43.92	43.92
juego1	easy	40.0	0.008	259892	700	267	379	112	5	43.92	43.92	43.92
juego1	easy	40.0	0.008	259901	700	267	379	112	5	43.92	43.92	43.92
juego1	easy	40.0	0.008	259910	700	267	379	112	5	43.92	43.92	43.92
juego1	easy	40.0	0.008	259919	700	266	379	113	5	43.92	43.92	43.92
juego1	easy	40.0	0.008	259927	700	266	379	113	5	43.92	43.92	43.92
juego1	easy	40.0	0.008	259936	700	265	379	114	5	43.92	43.92	43.92
juego1	easy	40.0	0.008	259946	700	265	379	114	5	43.92	43.92	43.92
juego1	easy	40.0	0.008	259953	700	265	379	114	5	43.92	43.92	43.92
juego1	easy	40.0	0.008	259962	700	264	379	115	5	43.92	43.92	43.92
juego1	easy	40.0	0.008	259971	700	264	379	115	5	43.92	43.92	43.92
juego1	easy	40.0	0.008	259979	700	263	379	116	5	43.92	43.92	43.92
juego1	easy	40.0	0.008	259987	700	263	379	116	5	43.92	43.92	43.92
juego1	easy	40.0	0.008	259996	700	263	379	116	5	43.92	43.92	43.92
juego1	easy	40.0	0.008	260005	700	262	379	117	5	43.92	43.92	43.92
juego1	easy	40.0	0.008	260014	700	262	379	117	5	43.92	43.92	43.92
juego1	easy	40.0	0.008	260021	700	261	379	118	5	43.92	43.92	43.92
juego1	easy	40.0	0.008	260030	700	261	379	118	5	43.92	43.92	43.92
juego1	easy	40.0	0.008	260039	700	261	379	118	5	43.92	43.92	43.92
juego1	easy	40.0	0.008	260048	700	260	379	119	5	43.92	43.92	43.92
juego1	easy	40.0	0.008	260056	700	260	379	119	5	43.92	43.92	43.92
juego1	easy	40.0	0.008	260065	700	260	379	119	5	43.92	43.92	43.92
juego1	easy	40.0	0.008	260074	700	259	379	120	5	43.92	43.92	43.92
juego1	easy	40.0	0.008	260082	700	259	379	120	5	43.92	43.92	43.92
juego1	easy	40.0	0.008	260091	700	258	379	121	5	43.92	43.92	43.92
juego1	easy	40.0	0.008	260100	700	258	379	121	5	43.92	43.92	43.92
juego1	easy	40.0	0.008	260109	700	258	379	121	5	43.92	43.92	43.92
juego1	easy	40.0	0.008	260117	700	257	379	122	5	43.92	43.92	43.92
juego1	easy	40.0	0.008	260126	700	257	379	122	5	43.92	43.92	43.92
juego1	easy	40.0	0.008	260135	700	257	379	122	5	43.92	43.92	43.92
juego1	easy	40.0	0.008	260143	700	256	379	123	5	43.92	43.92	43.92
juego1	easy	40.0	0.008	260153	700	256	379	123	5	43.92	43.92	43.92
juego1	easy	40.0	0.008	260161	700	256	379	123	5	43.92	43.92	43.92
juego1	easy	40.0	0.008	260170	700	255	379	124	5	43.92	43.92	43.92
juego1	easy	40.0	0.008	260179	700	255	379	124	5	43.92	43.92	43.92
juego1	easy	40.0	0.008	260188	700	255	379	124	5	43.92	43.92	43.92
juego1	easy	40.0	0.008	260196	700	254	379	125	5	43.92	43.92	43.92
juego1	easy	40.0	0.008	260204	700	254	379	125	5	43.92	43.92	43.92
juego1	easy	40.0	0.008	260214	700	254	379	125	5	43.92	43.92	43.92
juego1	easy	40.0	0.008	260221	700	253	379	126	5	43.92	43.92	43.92
juego1	easy	40.0	0.008	260230	700	253	379	126	5	43.92	43.92	43.92
juego1	easy	40.0	0.008	260239	700	253	379	126	5	43.92	43.92	43.92
juego1	easy	40.0	0.008	260249	700	252	379	127	5	43.92	43.92	43.92
juego1	easy	40.0	0.008	260255	700	252	379	127	5	43.92	43.92	43.92
juego1	easy	40.0	0.008	260264	700	252	379	127	5	43.92	43.92	43.92
juego1	easy	40.0	0.008	260273	700	251	379	128	5	43.92	43.92	43.92
juego1	easy	40.0	0.008	260282	700	251	379	128	5	43.92	43.92	43.92
juego1	easy	40.0	0.008	260292	700	251	379	128	5	43.92	43.92	43.92
juego1	easy	40.0	0.008	260300	700	250	379	129	5	43.92	43.92	43.92
juego1	easy	40.0	0.008	260309	700	250	379	129	5	43.92	43.92	43.92
juego1	easy	40.0	0.008	260318	700	250	379	129	5	43.92	43.92	43.92
juego1	easy	40.0	0.008	260326	700	249	379	130	5	43.92	43.92	43.92
juego1	easy	40.0	0.008	260335	700	249	379	130	5	43.92	43.92	43.92
juego1	easy	40.0	0.008	260344	700	249	379	130	5	43.92	43.92	43.92
juego1	easy	40.0	0.008	260353	700	248	379	131	5	43.92	43.92	43.92
juego1	easy	40.0	0.008	260361	700	248	379	131	5	43.92	43.92	43.92
juego1	easy	40.0	0.008	260368	700	248	379	131	5	43.92	43.92	43.92
juego1	easy	40.0	0.008	260377	700	248	379	131	5	43.92	43.92	43.92
juego1	easy	40.0	0.008	260386	700	247	379	132	5	43.92	43.92	43.92
juego1	easy	40.0	0.008	260393	700	247	379	132	5	43.92	43.92	43.92
juego1	easy	40.0	0.008	260402	700	247	379	132	5	43.92	43.92	43.92
juego1	easy	40.0	0.008	260411	700	246	379	133	5	43.92	43.92	43.92
juego1	easy	40.0	0.008	260420	700	246	379	133	5	43.92	43.92	43.92
juego1	easy	40.0	0.008	260429	700	246	379	133	5	43.92	43.92	43.92
juego1	easy	40.0	0.008	260438	700	246	379	133	5	43.92	43.92	43.92
juego1	easy	40.0	0.008	260445	700	245	379	134	5	43.92	43.92	43.92
juego1	easy	40.0	0.008	260454	700	245	379	134	5	43.92	43.92	43.92
juego1	easy	40.0	0.008	260462	700	245	379	134	5	43.92	43.92	43.92
juego1	easy	40.0	0.008	260471	700	244	379	135	5	43.92	43.92	43.92
juego1	easy	40.0	0.008	260480	700	244	379	135	5	43.92	43.92	43.92
juego1	easy	40.0	0.008	260488	700	244	379	135	5	43.92	43.92	43.92
juego1	easy	40.0	0.008	260497	700	244	379	135	5	43.92	43.92	43.92
juego1	easy	40.0	0.008	260506	700	243	379	136	5	43.92	43.92	43.92
juego1	easy	40.0	0.008	260514	700	243	379	136	5	43.92	43.92	43.92
juego1	easy	40.0	0.008	260523	700	243	379	136	5	43.92	43.92	43.92
juego1	easy	40.0	0.008	260531	700	243	379	136	5	43.92	43.92	43.92
juego1	easy	40.0	0.008	260540	700	242	379	137	5	43.92	43.92	43.92
juego1	easy	40.0	0.008	260549	700	242	379	137	5	43.92	43.92	43.92
juego1	easy	40.0	0.008	260558	700	242	379	137	5	43.92	43.92	43.92
juego1	easy	40.0	0.008	260567	700	242	379	137	5	43.92	43.92	43.92
juego1	easy	40.0	0.008	260575	700	242	379	137	5	43.92	43.92	43.92
juego1	easy	40.0	0.008	260584	700	241	379	138	5	43.92	43.92	43.92
juego1	easy	40.0	0.008	260593	700	241	379	138	5	43.92	43.92	43.92
juego1	easy	40.0	0.008	260601	700	241	379	138	5	43.92	43.92	43.92
juego1	easy	40.0	0.008	260609	700	241	379	138	5	43.92	43.92	43.92
juego1	easy	40.0	0.008	260619	700	240	379	139	5	43.92	43.92	43.92
juego1	easy	40.0	0.008	260627	700	240	379	139	5	43.92	43.92	43.92
juego1	easy	40.0	0.008	260636	700	240	379	139	5	43.92	43.92	43.92
juego1	easy	40.0	0.008	260645	700	240	379	139	5	43.92	43.92	43.92
juego1	easy	40.0	0.008	260654	700	240	379	139	5	43.92	43.92	43.92
juego1	easy	40.0	0.008	260662	700	239	379	140	5	43.92	43.92	43.92
juego1	easy	40.0	0.008	260671	700	239	379	140	5	43.92	43.92	43.92
juego1	easy	40.0	0.008	260680	700	239	379	140	5	43.92	43.92	43.92
juego1	easy	40.0	0.008	260689	700	239	379	140	5	43.92	43.92	43.92
juego1	easy	40.0	0.008	260697	700	239	379	140	5	43.92	43.92	43.92
juego1	easy	40.0	0.008	260706	700	239	379	140	5	43.92	43.92	43.92
juego1	easy	40.0	0.008	260715	700	238	379	141	5	43.92	43.92	43.92
juego1	easy	40.0	0.008	260723	700	238	379	141	5	43.92	43.92	43.92
juego1	easy	40.0	0.008	260732	700	238	379	141	5	43.92	43.92	43.92
juego1	easy	40.0	0.008	260740	700	238	379	141	5	43.92	43.92	43.92
juego1	easy	40.0	0.008	260749	700	238	379	141	5	43.92	43.92	43.92
juego1	easy	40.0	0.008	260758	700	238	379	141	5	43.92	43.92	43.92
juego1	easy	40.0	0.008	260767	700	237	379	142	5	43.92	43.92	43.92
juego1	easy	40.0	0.008	260774	700	237	379	142	5	43.92	43.92	43.92
juego1	easy	40.0	0.008	260783	700	237	379	142	5	43.92	43.92	43.92
juego1	easy	40.0	0.008	260791	700	237	379	142	5	43.92	43.92	43.92
juego1	easy	40.0	0.008	260799	700	237	379	142	5	43.92	43.92	43.92
juego1	easy	40.0	0.008	260808	700	237	379	142	5	43.92	43.92	43.92
juego1	easy	40.0	0.008	260816	700	236	379	143	5	43.92	43.92	43.92
juego1	easy	40.0	0.008	260825	700	236	379	143	5	43.92	43.92	43.92
juego1	easy	40.0	0.008	260834	700	236	379	143	5	43.92	43.92	43.92
juego1	easy	40.0	0.008	260843	700	236	379	143	5	43.92	43.92	43.92
juego1	easy	40.0	0.008	260851	700	236	379	143	5	43.92	43.92	43.92
juego1	easy	40.0	0.008	260860	700	236	379	143	5	43.92	43.92	43.92
juego1	easy	40.0	0.008	260869	700	236	379	143	5	43.92	43.92	43.92
juego1	easy	40.0	0.008	260876	700	236	379	143	5	43.92	43.92	43.92
juego1	easy	40.0	0.008	260885	700	236	379	143	5	43.92	43.92	43.92
juego1	easy	40.0	0.008	260894	700	235	379	144	5	43.92	43.92	43.92
juego1	easy	40.0	0.008	260902	700	235	379	144	5	43.92	43.92	43.92
juego1	easy	40.0	0.008	260911	700	235	379	144	5	43.92	43.92	43.92
juego1	easy	40.0	0.008	260920	700	235	379	144	5	43.92	43.92	43.92
juego1	easy	40.0	0.008	260927	700	235	379	144	5	43.92	43.92	43.92
juego1	easy	40.0	0.008	260936	700	235	379	144	5	43.92	43.92	43.92
juego1	easy	40.0	0.008	260945	700	235	379	144	5	43.92	43.92	43.92
juego1	easy	40.0	0.008	260954	700	235	379	144	5	43.92	43.92	43.92
juego1	easy	40.0	0.008	260963	700	235	379	144	5	43.92	43.92	43.92
juego1	easy	40.0	0.008	260972	700	235	379	144	5	43.92	43.92	43.92
juego1	easy	40.0	0.008	260981	700	235	379	144	5	43.92	43.92	43.92
juego1	easy	40.0	0.008	260990	700	234	379	145	5	43.92	43.92	43.92
juego1	easy	40.0	0.008	260998	700	234	379	145	5	43.92	43.92	43.92
juego1	easy	40.0	0.008	261007	700	234	379	145	5	43.92	43.92	43.92
juego1	easy	40.0	0.008	261015	700	234	379	145	5	43.92	43.92	43.92
juego1	easy	40.0	0.008	261024	700	234	379	145	5	43.92	43.92	43.92
juego1	easy	40.0	0.008	261032	700	234	379	145	5	43.92	43.92	43.92
juego1	easy	40.0	0.008	261040	700	234	379	145	5	43.92	43.92	43.92
juego1	easy	40.0	0.008	261049	700	234	379	145	5	43.92	43.92	43.92
juego1	easy	40.0	0.008	261057	700	234	379	145	5	43.92	43.92	43.92
juego1	easy	40.0	0.008	261066	700	234	379	145	5	43.92	43.92	43.92
juego1	easy	40.0	0.008	261075	700	234	379	145	5	43.92	43.92	43.92
juego1	easy	40.0	0.008	261083	700	234	379	145	5	43.92	43.92	43.92
juego1	easy	40.0	0.008	261092	700	234	379	145	5	43.92	43.92	43.92
juego1	easy	40.0	0.008	261100	700	234	379	145	5	43.92	43.92	43.92
juego1	easy	40.0	0.008	261109	700	234	379	145	5	43.92	43.92	43.92
juego1	easy	40.0	0.008	261118	700	234	379	145	5	43.92	43.92	43.92
juego1	easy	40.0	0.008	261126	700	234	379	145	5	43.92	43.92	43.92
juego1	easy	40.0	0.008	261135	700	234	379	145	5	43.92	43.92	43.92
juego1	easy	40.0	0.008	261144	700	234	379	145	5	43.92	43.92	43.92
juego1	easy	40.0	0.008	261151	700	234	379	145	5	43.92	43.92	43.92
juego1	easy	40.0	0.008	261160	700	234	379	145	5	43.92	43.92	43.92
juego1	easy	40.0	0.008	261168	700	234	379	145	5	43.92	43.92	43.92
juego1	easy	40.0	0.008	261176	700	234	379	145	5	43.92	43.92	43.92
juego1	easy	40.0	0.008	261185	700	234	379	145	5	43.92	43.92	43.92
juego1	easy	40.0	0.008	261193	700	234	379	145	5	43.92	43.92	43.92
juego1	easy	40.0	0.008	261202	700	234	379	145	5	43.92	43.92	43.92
juego1	easy	40.0	0.008	261210	700	234	379	145	5	43.92	43.92	43.92
juego1	easy	40.0	0.008	261219	700	234	379	145	5	43.92	43.92	43.92
juego1	easy	40.0	0.008	261228	700	234	379	145	5	43.92	43.92	43.92
juego1	easy	40.0	0.008	261236	700	234	379	145	5	43.92	43.92	43.92
juego1	easy	40.0	0.008	261245	700	234	379	145	5	43.92	43.92	43.92
juego1	easy	40.0	0.008	261253	700	234	379	145	5	43.92	43.92	43.92
juego1	easy	40.0	0.008	261261	700	234	379	145	5	43.92	43.92	43.92
juego1	easy	40.0	0.008	261271	700	234	379	145	5	43.92	43.92	43.92
juego1	easy	40.0	0.008	261278	700	234	379	145	5	43.92	43.92	43.92
juego1	easy	40.0	0.008	261287	700	234	379	145	5	43.92	43.92	43.92
juego1	easy	40.0	0.008	261296	700	234	379	145	5	43.92	43.92	43.92
juego1	easy	40.0	0.008	261304	700	235	379	144	5	43.92	43.92	43.92
juego1	easy	40.0	0.008	261313	700	235	379	144	5	43.92	43.92	43.92
juego1	easy	40.0	0.008	261321	700	235	379	144	5	43.92	43.92	43.92
juego1	easy	40.0	0.008	261330	700	235	379	144	5	43.92	43.92	43.92
juego1	easy	40.0	0.008	261337	700	235	379	144	5	43.92	43.92	43.92
juego1	easy	40.0	0.008	261346	700	235	379	144	5	43.92	43.92	43.92
juego1	easy	40.0	0.008	261355	700	235	379	144	5	43.92	43.92	43.92
juego1	easy	40.0	0.008	261364	700	235	379	144	5	43.92	43.92	43.92
juego1	easy	40.0	0.008	261373	700	235	379	144	5	43.92	43.92	43.92
juego1	easy	40.0	0.008	261381	700	235	379	144	5	43.92	43.92	43.92
juego1	easy	40.0	0.008	261390	700	235	379	144	5	43.92	43.92	43.92
juego1	easy	40.0	0.008	261398	700	235	379	144	5	43.92	43.92	43.92
juego1	easy	40.0	0.008	261406	700	236	379	143	5	43.92	43.92	43.92
juego1	easy	40.0	0.008	261414	700	236	379	143	5	43.92	43.92	43.92
juego1	easy	40.0	0.008	261423	700	236	379	143	5	43.92	43.92	43.92
juego1	easy	40.0	0.008	261432	700	236	379	143	5	43.92	43.92	43.92
juego1	easy	40.0	0.008	261441	700	236	379	143	5	43.92	43.92	43.92
juego1	easy	40.0	0.008	261450	700	236	379	143	5	43.92	43.92	43.92
juego1	easy	40.0	0.008	261457	700	236	379	143	5	43.92	43.92	43.92
juego1	easy	40.0	0.008	261466	700	236	379	143	5	43.92	43.92	43.92
juego1	easy	40.0	0.008	261474	700	237	379	142	5	43.92	43.92	43.92
juego1	easy	40.0	0.008	261482	700	237	379	142	5	43.92	43.92	43.92
juego1	easy	40.0	0.008	261491	700	237	379	142	5	43.92	43.92	43.92
juego1	easy	40.0	0.008	261498	700	237	379	142	5	43.92	43.92	43.92
juego1	easy	40.0	0.008	261507	700	237	379	142	5	43.92	43.92	43.92
juego1	easy	40.0	0.008	261516	700	237	379	142	5	43.92	43.92	43.92
juego1	easy	40.0	0.008	261525	700	237	379	142	5	43.92	43.92	43.92
juego1	easy	40.0	0.008	261533	700	238	379	141	5	43.92	43.92	43.92
juego1	easy	40.0	0.008	261542	700	238	379	141	5	43.92	43.92	43.92
juego1	easy	40.0	0.008	261550	700	238	379	141	5	43.92	43.92	43.92
juego1	easy	40.0	0.008	261559	700	238	379	141	5	43.92	43.92	43.92
juego1	easy	40.0	0.008	261567	700	238	379	141	5	43.92	43.92	43.92
juego1	easy	40.0	0.008	261575	700	238	379	141	5	43.92	43.92	43.92
juego1	easy	40.0	0.008	261584	700	239	379	140	5	43.92	43.92	43.92
juego1	easy	40.0	0.008	261593	700	239	379	140	5	43.92	43.92	43.92
juego1	easy	40.0	0.008	261602	700	239	379	140	5	43.92	43.92	43.92
juego1	easy	40.0	0.008	261609	700	239	379	140	5	43.92	43.92	43.92
juego1	easy	40.0	0.008	261618	700	239	379	140	5	43.92	43.92	43.92
juego1	easy	40.0	0.008	261627	700	240	379	139	5	43.92	43.92	43.92
juego1	easy	40.0	0.008	261636	700	240	379	139	5	43.92	43.92	43.92
juego1	easy	40.0	0.008	261645	700	240	379	139	5	43.92	43.92	43.92
juego1	easy	40.0	0.008	261653	700	240	379	139	5	43.92	43.92	43.92
juego1	easy	40.0	0.008	261661	700	240	379	139	5	43.92	43.92	43.92
juego1	easy	40.0	0.008	261670	700	241	379	138	5	43.92	43.92	43.92
juego1	easy	40.0	0.008	261679	700	241	379	138	5	43.92	43.92	43.92
juego1	easy	40.0	0.008	261686	700	241	379	138	5	43.92	43.92	43.92
juego1	easy	40.0	0.008	261695	700	241	379	138	5	43.92	43.92	43.92
juego1	easy	40.0	0.008	261704	700	241	379	138	5	43.92	43.92	43.92
juego1	easy	40.0	0.008	261713	700	242	379	137	5	43.92	43.92	43.92
juego1	easy	40.0	0.008	261722	700	242	379	137	5	43.92	43.92	43.92
juego1	easy	40.0	0.008	261730	700	242	379	137	5	43.92	43.92	43.92
juego1	easy	40.0	0.008	261739	700	242	379	137	5	43.92	43.92	43.92
juego1	easy	40.0	0.008	261748	700	243	379	136	5	43.92	43.92	43.92
juego1	easy	40.0	0.008	261757	700	243	379	136	5	43.92	43.92	43.92
juego1	easy	40.0	0.008	261765	700	243	379	136	5	43.92	43.92	43.92
juego1	easy	40.0	0.008	261774	700	243	379	136	5	43.92	43.92	43.92
juego1	easy	40.0	0.008	261782	700	244	379	135	5	43.92	43.92	43.92
juego1	easy	40.0	0.008	261790	700	244	379	135	5	43.92	43.92	43.92
juego1	easy	40.0	0.008	261799	700	244	379	135	5	43.92	43.92	43.92
juego1	easy	40.0	0.008	261807	700	244	379	135	5	43.92	43.92	43.92
juego1	easy	40.0	0.008	261816	700	245	379	134	5	43.92	43.92	43.92
juego1	easy	40.0	0.008	261825	700	245	379	134	5	43.92	43.92	43.92
juego1	easy	40.0	0.008	261834	700	245	379	134	5	43.92	43.92	43.92
juego1	easy	40.0	0.008	261843	700	245	379	134	5	43.92	43.92	43.92
juego1	easy	40.0	0.008	261852	700	246	379	133	5	43.92	43.92	43.92
juego1	easy	40.0	0.008	261860	700	246	379	133	5	43.92	43.92	43.92
juego1	easy	40.0	0.008	261868	700	246	379	133	5	43.92	43.92	43.92
juego1	easy	40.0	0.008	261877	700	246	379	133	5	43.92	43.92	43.92
juego1	easy	40.0	0.008	261886	700	247	379	132	5	43.92	43.92	43.92
juego1	easy	40.0	0.008	261895	700	247	379	132	5	43.92	43.92	43.92
juego1	easy	40.0	0.008	261904	700	247	379	132	5	43.92	43.92	43.92
juego1	easy	40.0	0.008	261911	700	248	379	131	5	43.92	43.92	43.92
juego1	easy	40.0	0.008	261920	700	248	379	131	5	43.92	43.92	43.92
juego1	easy	40.0	0.008	261929	700	248	379	131	5	43.92	43.92	43.92
juego1	easy	40.0	0.008	261938	700	248	379	131	5	43.92	43.92	43.92
juego1	easy	40.0	0.008	261946	700	249	379	130	5	43.92	43.92	43.92
juego1	easy	40.0	0.008	261955	700	249	379	130	5	43.92	43.92	43.92
juego1	easy	40.0	0.008	261963	700	249	379	130	5	43.92	43.92	43.92
juego1	easy	40.0	0.008	261972	700	250	379	129	5	43.92	43.92	43.92
juego1	easy	40.0	0.008	261980	700	250	379	129	5	43.92	43.92	43.92
juego1	easy	40.0	0.008	261988	700	250	379	129	5	43.92	43.92	43.92
juego1	easy	40.0	0.008	261997	700	251	379	128	5	43.92	43.92	43.92
juego1	easy	40.0	0.008	262006	700	251	379	128	5	43.92	43.92	43.92
juego1	easy	40.0	0.008	262013	700	251	379	128	5	43.92	43.92	43.92
juego1	easy	40.0	0.008	262022	700	252	379	127	5	43.92	43.92	43.92
juego1	easy	40.0	0.008	262031	700	252	379	127	5	43.92	43.92	43.92
juego1	easy	40.0	0.008	262039	700	252	379	127	5	43.92	43.92	43.92
juego1	easy	40.0	0.008	262048	700	253	379	126	5	43.92	43.92	43.92
juego1	easy	40.0	0.008	262056	700	253	379	126	5	43.92	43.92	43.92
juego1	easy	40.0	0.008	262065	700	253	379	126	5	43.92	43.92	43.92
juego1	easy	40.0	0.008	262072	700	254	379	125	5	43.92	43.92	43.92
juego1	easy	40.0	0.008	262081	700	254	379	125	5	43.92	43.92	43.92
juego1	easy	40.0	0.008	262089	700	254	379	125	5	43.92	43.92	43.92
juego1	easy	40.0	0.008	262098	700	255	379	124	5	43.92	43.92	43.92
juego1	easy	40.0	0.008	262107	700	255	379	124	5	43.92	43.92	43.92
juego1	easy	40.0	0.008	262115	700	255	379	124	5	43.92	43.92	43.92
juego1	easy	40.0	0.008	262124	700	256	379	123	5	43.92	43.92	43.92
juego1	easy	40.0	0.008	262133	700	256	379	123	5	43.92	43.92	43.92
juego1	easy	40.0	0.008	262142	700	256	379	123	5	43.92	43.92	43.92
juego1	easy	40.0	0.008	262151	700	257	379	122	5	43.92	43.92	43.92
juego1	easy	40.0	0.008	262160	700	257	379	122	5	43.92	43.92	43.92
juego1	easy	40.0	0.008	262169	700	257	379	122	5	43.92	43.92	43.92
juego1	easy	40.0	0.008	262177	700	258	379	121	5	43.92	43.92	43.92
juego1	easy	40.0	0.008	262186	700	258	379	121	5	43.92	43.92	43.92
juego1	easy	40.0	0.008	262195	700	259	379	120	5	43.92	43.92	43.92
juego1	easy	40.0	0.008	262204	700	259	379	120	5	43.92	43.92	43.92
juego1	easy	40.0	0.008	262213	700	259	379	120	5	43.92	43.92	43.92
juego1	easy	40.0	0.008	262222	700	260	379	119	5	43.92	43.92	43.92
juego1	easy	40.0	0.008	262231	700	260	379	119	5	43.92	43.92	43.92
juego1	easy	40.0	0.008	262240	700	260	379	119	5	43.92	43.92	43.92
juego1	easy	40.0	0.008	262249	700	261	379	118	5	43.92	43.92	43.92
juego1	easy	40.0	0.008	262256	700	261	379	118	5	43.92	43.92	43.92
juego1	easy	40.0	0.008	262264	700	262	379	117	5	43.92	43.92	43.92
juego1	easy	40.0	0.008	262274	700	262	379	117	5	43.92	43.92	43.92
juego1	easy	40.0	0.008	262281	700	262	379	117	5	43.92	43.92	43.92
juego1	easy	40.0	0.008	262290	700	263	379	116	5	43.92	43.92	43.92
juego1	easy	40.0	0.008	262299	700	263	379	116	5	43.92	43.92	43.92
juego1	easy	40.0	0.008	262309	700	264	379	115	5	43.92	43.92	43.92
juego1	easy	40.0	0.008	262316	700	264	379	115	5	43.92	43.92	43.92
juego1	easy	40.0	0.008	262325	700	264	379	115	5	43.92	43.92	43.92
juego1	easy	40.0	0.008	262334	700	265	379	114	5	43.92	43.92	43.92
juego1	easy	40.0	0.008	262341	700	265	379	114	5	43.92	43.92	43.92
juego1	easy	40.0	0.008	262349	700	266	379	113	5	43.92	43.92	43.92
juego1	easy	40.0	0.008	262359	700	266	379	113	5	43.92	43.92	43.92
juego1	easy	40.0	0.008	262366	700	266	379	113	5	43.92	43.92	43.92
juego1	easy	40.0	0.008	262375	700	267	379	112	5	43.92	43.92	43.92
juego1	easy	40.0	0.008	262384	700	267	379	112	5	43.92	43.92	43.92
juego1	easy	40.0	0.008	262392	700	268	379	111	5	43.92	43.92	43.92
juego1	easy	40.0	0.008	262401	700	268	379	111	5	43.92	43.92	43.92
juego1	easy	40.0	0.008	262408	700	268	379	111	5	43.92	43.92	43.92
juego1	easy	40.0	0.008	262417	700	269	379	110	5	43.92	43.92	43.92
juego1	easy	40.0	0.008	262426	700	269	379	110	5	43.92	43.92	43.92
juego1	easy	40.0	0.008	262435	700	270	379	109	5	43.92	43.92	43.92
juego1	easy	40.0	0.008	262442	700	270	379	109	5	43.92	43.92	43.92
juego1	easy	40.0	0.008	262451	700	270	379	109	5	43.92	43.92	43.92
juego1	easy	40.0	0.008	262458	700	271	379	108	5	43.92	43.92	43.92
juego1	easy	40.0	0.008	262467	700	271	379	108	5	43.92	43.92	43.92
juego1	easy	40.0	0.008	262476	700	272	379	107	5	43.92	43.92	43.92
juego1	easy	40.0	0.008	262485	700	272	379	107	5	43.92	43.92	43.92
juego1	easy	40.0	0.008	262492	700	273	379	106	5	43.92	43.92	43.92
juego1	easy	40.0	0.008	262501	700	273	379	106	5	43.92	43.92	43.92
juego1	easy	40.0	0.008	262509	700	273	379	106	5	43.92	43.92	43.92
juego1	easy	40.0	0.008	262518	700	274	379	105	5	43.92	43.92	43.92
juego1	easy	40.0	0.008	262527	700	274	379	105	5	43.92	43.92	43.92
juego1	easy	40.0	0.008	262536	700	275	379	104	5	43.92	43.92	43.92
juego1	easy	40.0	0.008	262543	700	275	379	104	5	43.92	43.92	43.92
juego1	easy	40.0	0.008	262552	700	276	379	103	5	43.92	43.92	43.92
juego1	easy	40.0	0.008	262561	700	276	379	103	5	43.92	43.92	43.92
juego1	easy	40.0	0.008	262568	700	276	379	103	5	43.92	43.92	43.92
juego1	easy	40.0	0.008	262577	700	277	379	102	5	43.92	43.92	43.92
juego1	easy	40.0	0.008	262585	700	277	379	102	5	43.92	43.92	43.92
juego1	easy	40.0	0.008	262594	700	278	379	101	5	43.92	43.92	43.92
juego1	easy	40.0	0.008	262603	700	278	379	101	5	43.92	43.92	43.92
juego1	easy	40.0	0.008	262611	700	279	379	100	5	43.92	43.92	43.92
juego1	easy	40.0	0.008	262620	700	279	379	100	5	43.92	43.92	43.92
juego1	easy	40.0	0.008	262629	700	279	379	100	5	43.92	43.92	43.92
juego1	easy	40.0	0.008	262637	700	280	379	99	5	43.92	43.92	43.92
juego1	easy	40.0	0.008	262645	700	280	379	99	5	43.92	43.92	43.92
juego1	easy	40.0	0.008	262654	700	281	379	98	5	43.92	43.92	43.92
juego1	easy	40.0	0.008	262662	700	281	379	98	5	43.92	43.92	43.92
juego1	easy	40.0	0.008	262671	700	282	379	97	5	43.92	43.92	43.92
juego1	easy	40.0	0.008	262680	700	282	379	97	5	43.92	43.92	43.92
juego1	easy	40.0	0.008	262689	700	283	379	96	5	43.92	43.92	43.92
juego1	easy	40.0	0.008	262698	700	283	379	96	5	43.92	43.92	43.92
juego1	easy	40.0	0.008	262707	700	283	379	96	5	43.92	43.92	43.92
juego1	easy	40.0	0.008	262716	700	284	379	95	5	43.92	43.92	43.92
juego1	easy	40.0	0.008	262724	700	284	379	95	5	43.92	43.92	43.92
juego1	easy	40.0	0.008	262733	700	285	379	94	5	43.92	43.92	43.92
juego1	easy	40.0	0.008	262742	700	285	379	94	5	43.92	43.92	43.92
juego1	easy	40.0	0.008	262751	700	286	379	93	5	43.92	43.92	43.92
juego1	easy	40.0	0.008	262759	700	286	379	93	5	43.92	43.92	43.92
juego1	easy	40.0	0.008	262767	700	287	379	92	5	43.92	43.92	43.92
juego1	easy	40.0	0.008	262776	700	287	379	92	5	43.92	43.92	43.92
juego1	easy	40.0	0.008	262784	700	287	379	92	5	43.92	43.92	43.92
juego1	easy	40.0	0.008	262793	700	288	379	91	5	43.92	43.92	43.92
juego1	easy	40.0	0.008	262802	700	288	379	91	5	43.92	43.92	43.92
juego1	easy	40.0	0.008	262811	700	289	379	90	5	43.92	43.92	43.92
juego1	easy	40.0	0.008	262819	700	289	379	90	5	43.92	43.92	43.92
juego1	easy	40.0	0.008	262828	700	290	379	89	5	43.92	43.92	43.92
juego1	easy	40.0	0.008	262836	700	290	379	89	5	43.92	43.92	43.92
juego1	easy	40.0	0.008	262845	700	291	379	88	5	43.92	43.92	43.92
juego1	easy	40.0	0.008	262853	700	291	379	88	5	43.92	43.92	43.92
juego1	easy	40.0	0.008	262862	700	292	379	87	5	43.92	43.92	43.92
juego1	easy	40.0	0.008	262871	700	292	379	87	5	43.92	43.92	43.92
juego1	easy	40.0	0.008	262879	700	293	379	86	5	43.92	43.92	43.92
juego1	easy	40.0	0.008	262888	700	293	379	86	5	43.92	43.92	43.92
juego1	easy	40.0	0.008	262897	700	294	379	85	5	43.92	43.92	43.92
juego1	easy	40.0	0.008	262906	700	294	379	85	5	43.92	43.92	43.92
juego1	easy	40.0	0.008	262914	700	295	379	84	5	43.92	43.92	43.92
juego1	easy	40.0	0.008	262921	700	295	379	84	5	43.92	43.92	43.92
juego1	easy	40.0	0.008	262930	700	296	379	83	5	43.92	43.92	43.92
juego1	easy	40.0	0.008	262939	700	296	379	83	5	43.92	43.92	43.92
juego1	easy	40.0	0.008	262947	700	297	379	82	5	43.92	43.92	43.92
juego1	easy	40.0	0.008	262955	700	297	379	82	5	43.92	43.92	43.92
juego1	easy	40.0	0.008	262963	700	298	379	81	5	43.92	43.92	43.92
juego1	easy	40.0	0.008	262971	700	298	379	81	5	43.92	43.92	43.92
juego1	easy	40.0	0.008	262980	700	299	379	80	5	43.92	43.92	43.92
juego1	easy	40.0	0.008	262988	700	299	379	80	5	43.92	43.92	43.92
juego1	easy	40.0	0.008	262997	700	300	379	79	5	43.92	43.92	43.92
juego1	easy	40.0	0.008	263005	700	300	379	79	5	43.92	43.92	43.92
juego1	easy	40.0	0.008	263014	700	300	379	79	5	43.92	43.92	43.92
juego1	easy	40.0	0.008	263023	700	300	379	79	5	43.92	43.92	43.92
juego1	easy	40.0	0.008	263031	700	301	379	78	5	43.92	43.92	43.92
juego1	easy	40.0	0.008	263039	700	301	379	78	5	43.92	43.92	43.92
juego1	easy	40.0	0.008	263047	700	302	379	77	5	43.92	43.92	43.92
juego1	easy	40.0	0.008	263056	700	302	379	77	5	43.92	43.92	43.92
juego1	easy	40.0	0.008	263065	700	303	379	76	5	43.92	43.92	43.92
juego1	easy	40.0	0.008	263074	700	303	379	76	5	43.92	43.92	43.92
juego1	easy	40.0	0.008	263081	700	304	379	75	5	43.92	43.92	43.92
juego1	easy	40.0	0.008	263090	700	304	379	75	5	43.92	43.92	43.92
juego1	easy	40.0	0.008	263099	700	305	379	74	5	43.92	43.92	43.92
juego1	easy	40.0	0.008	263106	700	305	379	74	5	43.92	43.92	43.92
juego1	easy	40.0	0.008	263115	700	306	379	73	5	43.92	43.92	43.92
juego1	easy	40.0	0.008	263123	700	306	379	73	5	43.92	43.92	43.92
juego1	easy	40.0	0.008	263132	700	307	379	72	5	43.92	43.92	43.92
juego1	easy	40.0	0.008	263140	700	307	379	72	5	43.92	43.92	43.92
juego1	easy	40.0	0.008	263149	700	308	379	71	5	43.92	43.92	43.92
juego1	easy	40.0	0.008	263157	700	308	379	71	5	43.92	43.92	43.92
juego1	easy	40.0	0.008	263166	700	309	379	70	5	43.92	43.92	43.92
juego1	easy	40.0	0.008	263175	700	309	379	70	5	43.92	43.92	43.92
juego1	easy	40.0	0.008	263184	700	310	379	69	5	43.92	43.92	43.92
juego1	easy	40.0	0.008	263192	700	310	379	69	5	43.92	43.92	43.92
juego1	easy	40.0	0.008	263200	700	311	379	68	5	43.92	43.92	43.92
juego1	easy	40.0	0.008	263208	700	311	379	68	5	43.92	43.92	43.92
juego1	easy	40.0	0.008	263217	700	312	379	67	5	43.92	43.92	43.92
juego1	easy	40.0	0.008	263225	700	312	379	67	5	43.92	43.92	43.92
juego1	easy	40.0	0.008	263232	700	313	379	66	5	43.92	43.92	43.92
juego1	easy	40.0	0.008	263241	700	313	379	66	5	43.92	43.92	43.92
juego1	easy	40.0	0.008	263250	700	314	379	65	5	43.92	43.92	43.92
juego1	easy	40.0	0.008	263259	700	314	379	65	5	43.92	43.92	43.92
juego1	easy	40.0	0.008	263268	700	315	379	64	5	43.92	43.92	43.92
juego1	easy	40.0	0.008	263277	700	315	379	64	5	43.92	43.92	43.92
juego1	easy	40.0	0.008	263284	700	316	379	63	5	43.92	43.92	43.92
juego1	easy	40.0	0.008	263293	700	316	379	63	5	43.91	43.91	43.91
juego1	easy	40.0	0.008	263302	700	317	379	62	5	43.92	43.92	43.92
juego1	easy	40.0	0.008	263311	700	317	379	62	5	43.92	43.92	43.92
juego1	easy	40.0	0.008	263318	700	317	379	62	5	43.92	43.92	43.92
juego1	easy	40.0	0.008	263327	700	318	379	61	5	43.92	43.92	43.92
juego1	easy	40.0	0.008	263336	700	318	379	61	5	43.92	43.92	43.92
juego1	easy	40.0	0.008	263344	700	319	379	60	5	43.92	43.92	43.92
juego1	easy	40.0	0.008	263352	700	319	379	60	5	43.92	43.92	43.92
juego1	easy	40.0	0.008	263361	700	320	379	59	5	43.92	43.92	43.92
juego1	easy	40.0	0.008	263370	700	320	379	59	5	43.92	43.92	43.92
juego1	easy	40.0	0.008	263379	700	321	379	58	5	43.92	43.92	43.92
juego1	easy	40.0	0.008	263388	700	321	379	58	5	43.92	43.92	43.92
juego1	easy	40.0	0.008	263395	700	322	379	57	5	43.92	43.92	43.92
juego1	easy	40.0	0.008	263404	700	322	379	57	5	43.92	43.92	43.92
juego1	easy	40.0	0.008	263413	700	322	379	57	5	43.92	43.92	43.92
juego1	easy	40.0	0.008	263421	700	323	379	56	5	43.91	43.91	43.91
juego1	easy	40.0	0.008	263429	700	323	379	56	5	43.91	43.91	43.91
juego1	easy	40.0	0.008	263438	700	324	379	55	5	43.91	43.91	43.91
juego1	easy	40.0	0.008	263447	700	324	379	55	5	43.92	43.92	43.92
juego1	easy	40.0	0.008	263455	700	325	379	54	5	43.92	43.92	43.92
juego1	easy	40.0	0.008	263463	700	325	379	54	5	43.91	43.91	43.91
juego1	easy	40.0	0.008	263472	700	325	379	54	5	43.91	43.91	43.91
juego1	easy	40.0	0.008	263479	700	326	379	53	5	43.91	43.91	43.91
juego1	easy	40.0	0.008	263488	700	326	379	53	5	43.92	43.92	43.92
juego1	easy	40.0	0.008	263497	700	327	379	52	5	43.92	43.92	43.92
juego1	easy	40.0	0.008	263504	700	327	379	52	5	43.92	43.92	43.92
juego1	easy	40.0	0.008	263513	700	327	379	52	5	43.92	43.92	43.92
juego1	easy	40.0	0.008	263522	700	328	379	51	5	43.92	43.92	43.92
juego1	easy	40.0	0.008	263531	700	328	379	51	5	43.91	43.91	43.91
juego1	easy	40.0	0.008	263539	700	329	379	50	5	43.91	43.91	43.91
juego1	easy	40.0	0.008	263547	700	329	379	50	5	43.91	43.91	43.91
juego1	easy	40.0	0.008	263556	700	330	379	49	5	43.91	43.91	43.91
juego1	easy	40.0	0.008	263565	700	330	379	49	5	43.91	43.91	43.91
juego1	easy	40.0	0.008	263574	700	330	379	49	5	43.91	43.91	43.91
juego1	easy	40.0	0.008	263583	700	331	379	48	5	43.91	43.91	43.91
juego1	easy	40.0	0.008	263592	700	331	379	48	5	43.91	43.91	43.91
juego1	easy	40.0	0.008	263601	700	331	379	48	5	43.91	43.91	43.91
juego1	easy	40.0	0.008	263610	700	332	379	47	5	43.92	43.92	43.92
juego1	easy	40.0	0.008	263619	700	332	379	47	5	43.91	43.91	43.91
juego1	easy	40.0	0.008	263628	700	333	379	46	5	43.91	43.91	43.91
juego1	easy	40.0	0.008	263635	700	333	379	46	5	43.91	43.91	43.91
juego1	easy	40.0	0.008	263644	700	333	379	46	5	43.92	43.92	43.92
juego1	easy	40.0	0.008	263653	700	334	379	45	5	43.91	43.91	43.91
juego1	easy	40.0	0.008	263660	700	334	379	45	5	43.92	43.92	43.92
juego1	easy	40.0	0.008	263668	700	334	379	45	5	43.92	43.92	43.92
juego1	easy	40.0	0.008	263676	700	335	379	44	5	43.92	43.92	43.92
juego1	easy	40.0	0.008	263684	700	335	379	44	5	43.92	43.92	43.92
juego1	easy	40.0	0.008	263693	700	336	379	43	5	43.92	43.92	43.92
juego1	easy	40.0	0.008	263701	700	336	379	43	5	43.92	43.92	43.92
juego1	easy	40.0	0.008	263710	700	336	379	43	5	43.92	43.92	43.92
juego1	easy	40.0	0.008	263719	700	337	379	42	5	43.92	43.92	43.92
juego1	easy	40.0	0.008	263727	700	337	379	42	5	43.91	43.91	43.91
juego1	easy	40.0	0.008	263734	700	337	379	42	5	43.92	43.92	43.92
juego1	easy	40.0	0.008	263742	700	338	379	41	5	43.92	43.92	43.92
juego1	easy	40.0	0.008	263750	700	338	379	41	5	43.92	43.92	43.92
juego1	easy	40.0	0.008	263759	700	338	379	41	5	43.92	43.92	43.92
juego1	easy	40.0	0.008	263768	700	339	379	40	5	43.92	43.92	43.92
juego1	easy	40.0	0.008	263777	700	339	379	40	5	43.92	43.92	43.92
juego1	easy	40.0	0.008	263785	700	339	379	40	5	43.92	43.92	43.92
juego1	easy	40.0	0.008	263793	700	340	379	39	5	43.92	43.92	43.92
juego1	easy	40.0	0.008	263802	700	340	379	39	5	43.92	43.92	43.92
juego1	easy	40.0	0.008	263810	700	340	379	39	5	43.92	43.92	43.92
juego1	easy	40.0	0.008	263819	700	340	379	39	5	43.92	43.92	43.92
juego1	easy	40.0	0.008	263827	700	341	379	38	5	43.92	43.92	43.92
juego1	easy	40.0	0.008	263835	700	341	379	38	5	43.92	43.92	43.92
juego1	easy	40.0	0.008	263843	700	341	379	38	5	43.91	43.91	43.91
juego1	easy	40.0	0.008	263851	700	342	379	37	5	43.92	43.92	43.92
juego1	easy	40.0	0.008	263859	700	342	379	37	5	43.92	43.92	43.92
juego1	easy	40.0	0.008	263867	700	342	379	37	5	43.92	43.92	43.92
juego1	easy	40.0	0.008	263875	700	342	379	37	5	43.92	43.92	43.92
juego1	easy	40.0	0.008	263884	700	343	379	36	5	43.92	43.92	43.92
juego1	easy	40.0	0.008	263892	700	343	379	36	5	43.92	43.92	43.92
juego1	easy	40.0	0.008	263901	700	343	379	36	5	43.92	43.92	43.92
juego1	easy	40.0	0.008	263910	700	344	379	35	5	43.92	43.92	43.92
juego1	easy	40.0	0.008	263919	700	344	379	35	5	43.92	43.92	43.92
juego1	easy	40.0	0.008	263928	700	344	379	35	5	43.92	43.92	43.92
juego1	easy	40.0	0.008	263936	700	344	379	35	5	43.92	43.92	43.92
juego1	easy	40.0	0.008	263944	700	345	379	34	5	43.92	43.92	43.92
juego1	easy	40.0	0.008	263953	700	345	379	34	5	43.92	43.92	43.92
juego1	easy	40.0	0.008	263961	700	345	379	34	5	43.92	43.92	43.92
juego1	easy	40.0	0.008	263970	700	345	379	34	5	43.92	43.92	43.92
juego1	easy	40.0	0.008	263978	700	346	379	33	5	43.92	43.92	43.92
juego1	easy	40.0	0.008	263987	700	346	379	33	5	43.92	43.92	43.92
juego1	easy	40.0	0.008	263995	700	346	379	33	5	43.92	43.92	43.92
juego1	easy	40.0	0.008	264004	700	346	379	33	5	43.92	43.92	43.92
juego1	easy	40.0	0.008	264012	700	347	379	32	5	43.92	43.92	43.92
juego1	easy	40.0	0.008	264020	700	347	379	32	5	43.92	43.92	43.92
juego1	easy	40.0	0.008	264029	700	347	379	32	5	43.92	43.92	43.92
juego1	easy	40.0	0.008	264038	700	347	379	32	5	43.92	43.92	43.92
juego1	easy	40.0	0.008	264046	700	347	379	32	5	43.92	43.92	43.92
juego1	easy	40.0	0.008	264054	700	348	379	31	5	43.92	43.92	43.92
juego1	easy	40.0	0.008	264062	700	348	379	31	5	43.91	43.91	43.91
juego1	easy	40.0	0.008	264071	700	348	379	31	5	43.91	43.91	43.91
juego1	easy	40.0	0.008	264079	700	348	379	31	5	43.91	43.91	43.91
juego1	easy	40.0	0.008	264088	700	348	379	31	5	43.91	43.91	43.91
juego1	easy	40.0	0.008	264097	700	349	379	30	5	43.91	43.91	43.91
juego1	easy	40.0	0.008	264106	700	349	379	30	5	43.91	43.91	43.91
juego1	easy	40.0	0.008	264114	700	349	379	30	5	43.92	43.92	43.92
juego1	easy	40.0	0.008	264123	700	349	379	30	5	43.92	43.92	43.92
juego1	easy	40.0	0.008	264132	700	349	379	30	5	43.92	43.92	43.92
juego1	easy	40.0	0.008	264141	700	349	379	30	5	43.91	43.91	43.91
juego1	easy	40.0	0.008	264149	700	350	379	29	5	43.92	43.92	43.92
juego1	easy	40.0	0.008	264158	700	350	379	29	5	43.91	43.91	43.91
juego1	easy	40.0	0.008	264168	700	350	379	29	5	43.91	43.91	43.91
juego1	easy	40.0	0.008	264176	700	350	379	29	5	43.91	43.91	43.91
juego1	easy	40.0	0.008	264185	700	350	379	29	5	43.91	43.91	43.91
juego1	easy	40.0	0.008	264194	700	350	379	29	5	43.91	43.91	43.91
juego1	easy	40.0	0.008	264203	700	351	379	28	5	43.91	43.91	43.91
juego1	easy	40.0	0.008	264212	700	351	379	28	5	43.91	43.91	43.91
juego1	easy	40.0	0.008	264220	700	351	379	28	5	43.91	43.91	43.91
juego1	easy	40.0	0.008	264227	700	351	379	28	5	43.91	43.91	43.91
juego1	easy	40.0	0.008	264236	700	351	379	28	5	43.91	43.91	43.91
juego1	easy	40.0	0.008	264245	700	351	379	28	5	43.91	43.91	43.91
juego1	easy	40.0	0.008	264254	700	351	379	28	5	43.91	43.91	43.91
juego1	easy	40.0	0.008	264263	700	351	379	28	5	43.91	43.91	43.91
juego1	easy	40.0	0.008	264270	700	352	379	27	5	43.91	43.91	43.91
juego1	easy	40.0	0.008	264279	700	352	379	27	5	43.91	43.91	43.91
juego1	easy	40.0	0.008	264288	700	352	379	27	5	43.91	43.91	43.91
juego1	easy	40.0	0.008	264296	700	352	379	27	5	43.91	43.91	43.91
juego1	easy	40.0	0.008	264305	700	352	379	27	5	43.91	43.91	43.91
juego1	easy	40.0	0.008	264314	700	352	379	27	5	43.91	43.91	43.91
juego1	easy	40.0	0.008	264321	700	352	379	27	5	43.91	43.91	43.91
juego1	easy	40.0	0.008	264330	700	352	379	27	5	43.91	43.91	43.91
juego1	easy	40.0	0.008	264339	700	352	379	27	5	43.91	43.91	43.91
juego1	easy	40.0	0.008	264349	700	352	379	27	5	43.91	43.91	43.91
juego1	easy	40.0	0.008	264356	700	352	379	27	5	43.91	43.91	43.91
juego1	easy	40.0	0.008	264365	700	352	379	27	5	43.91	43.91	43.91
juego1	easy	40.0	0.008	264374	700	352	379	27	5	43.91	43.91	43.91
juego1	easy	40.0	0.008	264384	700	353	379	26	5	43.91	43.91	43.91
juego1	easy	40.0	0.008	264391	700	353	379	26	5	43.91	43.91	43.91
juego1	easy	40.0	0.008	264400	700	353	379	26	5	43.91	43.91	43.91
juego1	easy	40.0	0.008	264409	700	353	379	26	5	43.91	43.91	43.91
juego1	easy	40.0	0.008	264417	700	353	379	26	5	43.91	43.91	43.91
juego1	easy	40.0	0.008	264426	700	353	379	26	5	43.91	43.91	43.91
juego1	easy	40.0	0.008	264434	700	353	379	26	5	43.91	43.91	43.91
juego1	easy	40.0	0.008	264444	700	353	379	26	5	43.91	43.91	43.91
juego1	easy	40.0	0.008	264451	700	353	379	26	5	43.91	43.91	43.91
juego1	easy	40.0	0.008	264460	700	353	379	26	5	43.91	43.91	43.91
juego1	easy	40.0	0.008	264469	700	353	379	26	5	43.91	43.91	43.91
juego1	easy	40.0	0.008	264477	700	353	379	26	5	43.91	43.91	43.91
juego1	easy	40.0	0.008	264486	700	353	379	26	5	43.91	43.91	43.91
juego1	easy	40.0	0.008	264495	700	353	379	26	5	43.91	43.91	43.91
juego1	easy	40.0	0.008	264503	700	353	379	26	5	43.91	43.91	43.91
juego1	easy	40.0	0.008	264512	700	353	379	26	5	43.91	43.91	43.91
juego1	easy	40.0	0.008	264520	700	353	379	26	5	43.91	43.91	43.91
juego1	easy	40.0	0.008	264529	700	353	379	26	5	43.91	43.91	43.91
juego1	easy	40.0	0.008	264538	700	353	379	26	5	43.91	43.91	43.91
juego1	easy	40.0	0.008	264545	700	353	379	26	5	43.91	43.91	43.91
juego1	easy	40.0	0.008	264554	700	353	379	26	5	43.91	43.91	43.91
juego1	easy	40.0	0.008	264561	700	353	379	26	5	43.91	43.91	43.91
juego1	easy	40.0	0.008	264570	700	353	379	26	5	43.91	43.91	43.91
juego1	easy	40.0	0.008	264578	700	353	379	26	5	43.91	43.91	43.91
juego1	easy	40.0	0.008	264587	700	353	379	26	5	43.91	43.91	43.91
juego1	easy	40.0	0.008	264595	700	353	379	26	5	43.91	43.91	43.91
juego1	easy	40.0	0.008	264604	700	353	379	26	5	43.91	43.91	43.91
juego1	easy	40.0	0.008	264612	700	352	379	27	5	43.91	43.91	43.91
juego1	easy	40.0	0.008	264621	700	352	379	27	5	43.91	43.91	43.91
juego1	easy	40.0	0.008	264630	700	352	379	27	5	43.91	43.91	43.91
juego1	easy	40.0	0.008	264638	700	352	379	27	5	43.91	43.91	43.91
juego1	easy	40.0	0.008	264647	700	352	379	27	5	43.91	43.91	43.91
juego1	easy	40.0	0.008	264656	700	352	379	27	5	43.91	43.91	43.91
juego1	easy	40.0	0.008	264665	700	352	379	27	5	43.91	43.91	43.91
juego1	easy	40.0	0.008	264673	700	352	379	27	5	43.91	43.91	43.91
juego1	easy	40.0	0.008	264682	700	352	379	27	5	43.91	43.91	43.91
juego1	easy	40.0	0.008	264690	700	352	379	27	5	43.91	43.91	43.91
juego1	easy	40.0	0.008	264699	700	352	379	27	5	43.91	43.91	43.91
juego1	easy	40.0	0.008	264707	700	352	379	27	5	43.91	43.91	43.91
juego1	easy	40.0	0.008	264716	700	352	379	27	5	43.91	43.91	43.91
juego1	easy	40.0	0.008	264725	700	351	379	28	5	43.91	43.91	43.91
juego1	easy	40.0	0.008	264732	700	351	379	28	5	43.91	43.91	43.91
juego1	easy	40.0	0.008	264740	700	351	379	28	5	43.91	43.91	43.91
juego1	easy	40.0	0.008	264749	700	351	379	28	5	43.91	43.91	43.91
juego1	easy	40.0	0.008	264757	700	351	379	28	5	43.91	43.91	43.91
juego1	easy	40.0	0.008	264766	700	351	379	28	5	43.91	43.91	43.91
juego1	easy	40.0	0.008	264775	700	351	379	28	5	43.91	43.91	43.91
juego1	easy	40.0	0.008	264782	700	351	379	28	5	43.91	43.91	43.91
juego1	easy	40.0	0.008	264791	700	350	379	29	5	43.91	43.91	43.91
juego1	easy	40.0	0.008	264800	700	350	379	29	5	43.91	43.91	43.91
juego1	easy	40.0	0.008	264807	700	350	379	29	5	43.91	43.91	43.91
juego1	easy	40.0	0.008	264816	700	350	379	29	5	43.91	43.91	43.91
juego1	easy	40.0	0.008	264823	700	350	379	29	5	43.91	43.91	43.91
juego1	easy	40.0	0.008	264832	700	350	379	29	5	43.91	43.91	43.91
juego1	easy	40.0	0.008	264841	700	349	379	30	5	43.91	43.91	43.91
juego1	easy	40.0	0.008	264850	700	349	379	30	5	43.91	43.91	43.91
juego1	easy	40.0	0.008	264857	700	349	379	30	5	43.91	43.91	43.91
juego1	easy	40.0	0.008	264866	700	349	379	30	5	43.91	43.91	43.91
juego1	easy	40.0	0.008	264874	700	349	379	30	5	43.91	43.91	43.91
juego1	easy	40.0	0.008	264883	700	349	379	30	5	43.91	43.91	43.91
juego1	easy	40.0	0.008	264892	700	348	379	31	5	43.91	43.91	43.91
juego1	easy	40.0	0.008	264900	700	348	379	31	5	43.91	43.91	43.91
juego1	easy	40.0	0.008	264909	700	348	379	31	5	43.91	43.91	43.91
juego1	easy	40.0	0.008	264918	700	348	379	31	5	43.91	43.91	43.91
juego1	easy	40.0	0.008	264927	700	348	379	31	5	43.91	43.91	43.91
juego1	easy	40.0	0.008	264936	700	347	379	32	5	43.91	43.91	43.91
juego1	easy	40.0	0.008	264944	700	347	379	32	5	43.91	43.91	43.91
juego1	easy	40.0	0.008	264952	700	347	379	32	5	43.91	43.91	43.91
juego1	easy	40.0	0.008	264961	700	347	379	32	5	43.91	43.91	43.91
juego1	easy	40.0	0.008	264969	700	347	379	32	5	43.91	43.91	43.91
juego1	easy	40.0	0.008	264978	700	346	379	33	5	43.91	43.91	43.91
juego1	easy	40.0	0.008	264987	700	346	379	33	5	43.91	43.91	43.91
juego1	easy	40.0	0.008	264996	700	346	379	33	5	43.91	43.91	43.91
juego1	easy	40.0	0.008	265004	700	346	379	33	5	43.91	43.91	43.91
juego1	easy	40.0	0.008	265013	700	345	379	34	5	43.91	43.91	43.91
juego1	easy	40.0	0.008	265022	700	345	379	34	5	43.91	43.91	43.91
juego1	easy	40.0	0.008	265030	700	345	379	34	5	43.91	43.91	43.91
juego1	easy	40.0	0.008	265039	700	345	379	34	5	43.91	43.91	43.91
juego1	easy	40.0	0.008	265046	700	344	379	35	5	43.91	43.91	43.91
juego1	easy	40.0	0.008	265055	700	344	379	35	5	43.91	43.91	43.91
juego1	easy	40.0	0.008	265063	700	344	379	35	5	43.91	43.91	43.91
juego1	easy	40.0	0.008	265072	700	344	379	35	5	43.91	43.91	43.91
juego1	easy	40.0	0.008	265080	700	343	379	36	5	43.91	43.91	43.91
juego1	easy	40.0	0.008	265089	700	343	379	36	5	43.91	43.91	43.91
juego1	easy	40.0	0.008	265097	700	343	379	36	5	43.91	43.91	43.91
juego1	easy	40.0	0.008	265106	700	343	379	36	5	43.91	43.91	43.91
juego1	easy	40.0	0.008	265115	700	342	379	37	5	43.91	43.91	43.91
juego1	easy	40.0	0.008	265123	700	342	379	37	5	43.91	43.91	43.91
juego1	easy	40.0	0.008	265132	700	342	379	37	5	43.91	43.91	43.91
juego1	easy	40.0	0.008	265140	700	341	379	38	5	43.91	43.91	43.91
juego1	easy	40.0	0.008	265148	700	341	379	38	5	43.91	43.91	43.91
juego1	easy	40.0	0.008	265157	700	341	379	38	5	43.91	43.91	43.91
juego1	easy	40.0	0.008	265165	700	340	379	39	5	43.91	43.91	43.91
juego1	easy	40.0	0.008	265174	700	340	379	39	5	43.91	43.91	43.91
juego1	easy	40.0	0.008	265182	700	340	379	39	5	43.91	43.91	43.91
juego1	easy	40.0	0.008	265191	700	340	379	39	5	43.91	43.91	43.91
juego1	easy	40.0	0.008	265200	700	339	379	40	5	43.91	43.91	43.91
juego1	easy	40.0	0.008	265208	700	339	379	40	5	43.91	43.91	43.91
juego1	easy	40.0	0.008	265217	700	339	379	40	5	43.91	43.91	43.91
juego1	easy	40.0	0.008	265226	700	338	379	41	5	43.91	43.91	43.91
juego1	easy	40.0	0.008	265234	700	338	379	41	5	43.91	43.91	43.91
juego1	easy	40.0	0.008	265243	700	338	379	41	5	43.91	43.91	43.91
juego1	easy	40.0	0.008	265251	700	337	379	42	5	43.91	43.91	43.91
juego1	easy	40.0	0.008	265260	700	337	379	42	5	43.91	43.91	43.91
juego1	easy	40.0	0.008	265268	700	337	379	42	5	43.91	43.91	43.91
juego1	easy	40.0	0.008	265277	700	336	379	43	5	43.91	43.91	43.91
juego1	easy	40.0	0.008	265286	700	336	379	43	5	43.91	43.91	43.91
juego1	easy	40.0	0.008	265294	700	336	379	43	5	43.91	43.91	43.91
juego1	easy	40.0	0.008	265303	700	335	379	44	5	43.91	43.91	43.91
juego1	easy	40.0	0.008	265311	700	335	379	44	5	43.91	43.91	43.91
juego1	easy	40.0	0.008	265320	700	334	379	45	5	43.91	43.91	43.91
juego1	easy	40.0	0.008	265328	700	334	379	45	5	43.91	43.91	43.91
juego1	easy	40.0	0.008	265337	700	334	379	45	5	43.91	43.91	43.91
juego1	easy	40.0	0.008	265346	700	333	379	46	5	43.91	43.91	43.91
juego1	easy	40.0	0.008	265354	700	333	379	46	5	43.91	43.91	43.91
juego1	easy	40.0	0.008	265363	700	333	379	46	5	43.91	43.91	43.91
juego1	easy	40.0	0.008	265371	700	332	379	47	5	43.91	43.91	43.91
juego1	easy	40.0	0.008	265380	700	332	379	47	5	43.91	43.91	43.91
juego1	easy	40.0	0.008	265389	700	332	379	47	5	43.91	43.91	43.91
juego1	easy	40.0	0.008	265397	700	331	379	48	5	43.91	43.91	43.91
juego1	easy	40.0	0.008	265406	700	331	379	48	5	43.91	43.91	43.91
juego1	easy	40.0	0.008	265414	700	330	379	49	5	43.91	43.91	43.91
juego1	easy	40.0	0.008	265423	700	330	379	49	5	43.91	43.91	43.91
juego1	easy	40.0	0.008	265431	700	330	379	49	5	43.91	43.91	43.91
juego1	easy	40.0	0.008	265440	700	329	379	50	5	43.91	43.91	43.91
juego1	easy	40.0	0.008	265449	700	329	379	50	5	43.91	43.91	43.91
juego1	easy	40.0	0.008	265457	700	328	379	51	5	43.91	43.91	43.91
juego1	easy	40.0	0.008	265466	700	328	379	51	5	43.91	43.91	43.91
juego1	easy	40.0	0.008	265474	700	328	379	51	5	43.91	43.91	43.91
juego1	easy	40.0	0.008	265483	700	327	379	52	5	43.91	43.91	43.91
juego1	easy	40.0	0.008	265490	700	327	379	52	5	43.91	43.91	43.91
juego1	easy	40.0	0.008	265499	700	326	379	53	5	43.91	43.91	43.91
juego1	easy	40.0	0.008	265507	700	326	379	53	5	43.91	43.91	43.91
juego1	easy	40.0	0.008	265516	700	325	379	54	5	43.91	43.91	43.91
juego1	easy	40.0	0.008	265524	700	325	379	54	5	43.91	43.91	43.91
juego1	easy	40.0	0.008	265532	700	325	379	54	5	43.91	43.91	43.91
juego1	easy	40.0	0.008	265541	700	324	379	55	5	43.91	43.91	43.91
juego1	easy	40.0	0.008	265550	700	324	379	55	5	43.91	43.91	43.91
juego1	easy	40.0	0.008	265558	700	323	379	56	5	43.91	43.91	43.91
juego1	easy	40.0	0.008	265567	700	323	379	56	5	43.91	43.91	43.91
juego1	easy	40.0	0.008	265575	700	322	379	57	5	43.91	43.91	43.91
juego1	easy	40.0	0.008	265583	700	322	379	57	5	43.91	43.91	43.91
juego1	easy	40.0	0.008	265592	700	322	379	57	5	43.91	43.91	43.91
juego1	easy	40.0	0.008	265601	700	321	379	58	5	43.91	43.91	43.91
juego1	easy	40.0	0.008	265609	700	321	379	58	5	43.91	43.91	43.91
juego1	easy	40.0	0.008	265617	700	320	379	59	5	43.91	43.91	43.91
juego1	easy	40.0	0.008	265626	700	320	379	59	5	43.91	43.91	43.91
juego1	easy	40.0	0.008	265634	700	319	379	60	5	43.91	43.91	43.91
juego1	easy	40.0	0.008	265642	700	319	379	60	5	43.91	43.91	43.91
juego1	easy	40.0	0.008	265651	700	318	379	61	5	43.91	43.91	43.91
juego1	easy	40.0	0.008	265659	700	318	379	61	5	43.91	43.91	43.91
juego1	easy	40.0	0.008	265667	700	318	379	61	5	43.91	43.91	43.91
juego1	easy	40.0	0.008	265676	700	317	379	62	5	43.91	43.91	43.91
juego1	easy	40.0	0.008	265685	700	317	379	62	5	43.91	43.91	43.91
juego1	easy	40.0	0.008	265693	700	316	379	63	5	43.91	43.91	43.91
juego1	easy	40.0	0.008	265702	700	316	379	63	5	43.91	43.91	43.91
juego1	easy	40.0	0.008	265711	700	315	379	64	5	43.91	43.91	43.91
juego1	easy	40.0	0.008	265718	700	315	379	64	5	43.91	43.91	43.91
juego1	easy	40.0	0.008	265727	700	314	379	65	5	43.91	43.91	43.91
juego1	easy	40.0	0.008	265735	700	314	379	65	5	43.91	43.91	43.91
juego1	easy	40.0	0.008	265744	700	313	379	66	5	43.91	43.91	43.91
juego1	easy	40.0	0.008	265752	700	313	379	66	5	43.91	43.91	43.91
juego1	easy	40.0	0.008	265761	700	312	379	67	5	43.91	43.91	43.91
juego1	easy	40.0	0.008	265768	700	312	379	67	5	43.91	43.91	43.91
juego1	easy	40.0	0.008	265777	700	311	379	68	5	43.91	43.91	43.91
juego1	easy	40.0	0.008	265786	700	311	379	68	5	43.91	43.91	43.91
juego1	easy	40.0	0.008	265793	700	310	379	69	5	43.91	43.91	43.91
juego1	easy	40.0	0.008	265802	700	310	379	69	5	43.91	43.91	43.91
juego1	easy	40.0	0.008	265810	700	309	379	70	5	43.91	43.91	43.91
juego1	easy	40.0	0.008	265819	700	309	379	70	5	43.91	43.91	43.91
juego1	easy	40.0	0.008	265828	700	308	379	71	5	43.91	43.91	43.91
juego1	easy	40.0	0.008	265837	700	308	379	71	5	43.91	43.91	43.91
juego1	easy	40.0	0.008	265845	700	307	379	72	5	43.91	43.91	43.91
juego1	easy	40.0	0.008	265853	700	307	379	72	5	43.91	43.91	43.91
juego1	easy	40.0	0.008	265862	700	306	379	73	5	43.91	43.91	43.91
juego1	easy	40.0	0.008	265870	700	306	379	73	5	43.91	43.91	43.91
juego1	easy	40.0	0.008	265879	700	306	379	73	5	43.91	43.91	43.91
juego1	easy	40.0	0.008	265887	700	305	379	74	5	43.91	43.91	43.91
juego1	easy	40.0	0.008	265896	700	305	379	74	5	43.91	43.91	43.91
juego1	easy	40.0	0.008	265904	700	304	379	75	5	43.91	43.91	43.91
juego1	easy	40.0	0.008	265912	700	304	379	75	5	43.91	43.91	43.91
juego1	easy	40.0	0.008	265921	700	303	379	76	5	43.91	43.91	43.91
juego1	easy	40.0	0.008	265930	700	303	379	76	5	43.91	43.91	43.91
juego1	easy	40.0	0.008	265939	700	302	379	77	5	43.91	43.91	43.91
juego1	easy	40.0	0.008	265947	700	301	379	78	5	43.91	43.91	43.91
juego1	easy	40.0	0.008	265956	700	301	379	78	5	43.91	43.91	43.91
juego1	easy	40.0	0.008	265965	700	300	379	79	5	43.91	43.91	43.91
juego1	easy	40.0	0.008	265974	700	300	379	79	5	43.91	43.91	43.91
juego1	easy	40.0	0.008	265982	700	300	379	79	5	43.91	43.91	43.91
juego1	easy	40.0	0.008	265991	700	300	379	79	5	43.91	43.91	43.91
juego1	easy	40.0	0.008	265998	700	299	379	80	5	43.91	43.91	43.91
juego1	easy	40.0	0.008	266007	700	299	379	80	5	43.91	43.91	43.91
juego1	easy	40.0	0.008	266014	700	298	379	81	5	43.91	43.91	43.91
juego1	easy	40.0	0.008	266023	700	298	379	81	5	43.91	43.91	43.91
juego1	easy	40.0	0.008	266031	700	297	379	82	5	43.91	43.91	43.91
juego1	easy	40.0	0.008	266040	700	297	379	82	5	43.91	43.91	43.91
juego1	easy	40.0	0.008	266049	700	296	379	83	5	43.91	43.91	43.91
juego1	easy	40.0	0.008	266057	700	296	379	83	5	43.91	43.91	43.91
juego1	easy	40.0	0.008	266066	700	295	379	84	5	43.91	43.91	43.91
juego1	easy	40.0	0.008	266074	700	295	379	84	5	43.91	43.91	43.91
juego1	easy	40.0	0.008	266083	700	294	379	85	5	43.91	43.91	43.91
juego1	easy	40.0	0.008	266092	700	294	379	85	5	43.91	43.91	43.91
juego1	easy	40.0	0.008	266099	700	293	379	86	5	43.91	43.91	43.91
juego1	easy	40.0	0.008	266108	700	293	379	86	5	43.91	43.91	43.91
juego1	easy	40.0	0.008	266116	700	292	379	87	5	43.91	43.91	43.91
juego1	easy	40.0	0.008	266125	700	292	379	87	5	43.91	43.91	43.91
juego1	easy	40.0	0.008	266134	700	291	379	88	5	43.91	43.91	43.91
juego1	easy	40.0	0.008	266141	700	291	379	88	5	43.91	43.91	43.91
juego1	easy	40.0	0.008	266150	700	290	379	89	5	43.91	43.91	43.91
juego1	easy	40.0	0.008	266157	700	290	379	89	6	43.91	43.91	43.91
juego1	easy	40.0	0.008	266166	700	289	379	90	6	43.91	43.91	43.91
juego1	easy	40.0	0.008	266174	700	289	379	90	6	43.91	43.91	43.91
juego1	easy	40.0	0.008	266183	700	289	379	90	6	43.91	43.91	43.91
juego1	easy	40.0	0.008	266191	700	288	379	91	6	43.91	43.91	43.91
juego1	easy	40.0	0.008	266200	700	288	379	91	6	43.91	43.91	43.91
juego1	easy	40.0	0.008	266208	700	287	379	92	6	43.91	43.91	43.91
juego1	easy	40.0	0.008	266216	700	287	379	92	6	43.91	43.91	43.91
juego1	easy	40.0	0.008	266224	700	286	379	93	6	43.91	43.91	43.91
juego1	easy	40.0	0.008	266233	700	286	379	93	6	43.91	43.91	43.91
juego1	easy	40.0	0.008	266242	700	286	379	93	6	43.91	43.91	43.91
juego1	easy	40.0	0.008	266250	700	285	379	94	6	43.91	43.91	43.91
juego1	easy	40.0	0.008	266259	700	285	379	94	6	43.91	43.91	43.91
juego1	easy	40.0	0.008	266267	700	284	379	95	6	43.91	43.91	43.91
juego1	easy	40.0	0.008	266276	700	284	379	95	6	43.91	43.91	43.91
juego1	easy	40.0	0.008	266284	700	283	379	96	6	43.91	43.91	43.91
juego1	easy	40.0	0.008	266293	700	283	379	96	6	43.91	43.91	43.91
juego1	easy	40.0	0.008	266302	700	282	379	97	6	43.91	43.91	43.91
juego1	easy	40.0	0.008	266310	700	282	379	97	6	43.91	43.91	43.91
juego1	easy	40.0	0.008	266319	700	282	379	97	6	43.91	43.91	43.91
juego1	easy	40.0	0.008	266327	700	281	379	98	6	43.91	43.91	43.91
juego1	easy	40.0	0.008	266336	700	281	379	98	6	43.91	43.91	43.91
juego1	easy	40.0	0.008	266344	700	280	379	99	6	43.91	43.91	43.91
juego1	easy	40.0	0.008	266353	700	280	379	99	6	43.91	43.91	43.91
juego1	easy	40.0	0.008	266362	700	279	379	100	6	43.91	43.91	43.91
juego1	easy	40.0	0.008	266371	700	279	379	100	6	43.91	43.91	43.91
juego1	easy	40.0	0.008	266380	700	278	379	101	6	43.91	43.91	43.91
juego1	easy	40.0	0.008	266389	700	278	379	101	6	43.91	43.91	43.91
juego1	easy	40.0	0.008	266396	700	278	379	101	6	43.91	43.91	43.91
juego1	easy	40.0	0.008	266405	700	277	379	102	6	43.91	43.91	43.91
juego1	easy	40.0	0.008	266414	700	277	379	102	6	43.91	43.91	43.91
juego1	easy	40.0	0.008	266423	700	276	379	103	6	43.91	43.91	43.91
juego1	easy	40.0	0.008	266432	700	276	379	103	6	43.91	43.91	43.91
juego1	easy	40.0	0.008	266441	700	275	379	104	6	43.91	43.91	43.91
juego1	easy	40.0	0.008	266450	700	275	379	104	6	43.91	43.91	43.91
juego1	easy	40.0	0.008	266458	700	275	379	104	6	43.91	43.91	43.91
juego1	easy	40.0	0.008	266466	700	274	379	105	6	43.91	43.91	43.91
juego1	easy	40.0	0.008	266474	700	274	379	105	6	43.91	43.91	43.91
juego1	easy	40.0	0.008	266484	700	273	379	106	6	43.91	43.91	43.91
juego1	easy	40.0	0.008	266492	700	273	379	106	6	43.91	43.91	43.91
juego1	easy	40.0	0.008	266500	700	272	379	107	6	43.91	43.91	43.91
juego1	easy	40.0	0.008	266509	700	272	379	107	6	43.91	43.91	43.91
juego1	easy	40.0	0.008	266516	700	272	379	107	6	43.91	43.91	43.91
juego1	easy	40.0	0.008	266525	700	271	379	108	6	43.91	43.91	43.91
juego1	easy	40.0	0.008	266534	700	271	379	108	6	43.91	43.91	43.91
juego1	easy	40.0	0.008	266542	700	270	379	109	6	43.91	43.91	43.91
juego1	easy	40.0	0.008	266551	700	270	379	109	6	43.91	43.91	43.91
juego1	easy	40.0	0.008	266560	700	269	379	110	6	43.91	43.91	43.91
juego1	easy	40.0	0.008	266569	700	269	379	110	6	43.91	43.91	43.91
juego1	easy	40.0	0.008	266578	700	269	379	110	6	43.91	43.91	43.91
juego1	easy	40.0	0.008	266587	700	268	379	111	6	43.91	43.91	43.91
juego1	easy	40.0	0.008	266596	700	268	379	111	6	43.91	43.91	43.91
juego1	easy	40.0	0.008	266604	700	267	379	112	6	43.91	43.91	43.91
juego1	easy	40.0	0.008	266613	700	267	379	112	6	43.91	43.91	43.91
juego1	easy	40.0	0.008	266621	700	267	379	112	6	43.91	43.91	43.91
juego1	easy	40.0	0.008	266630	700	266	379	113	6	43.91	43.91	43.91
juego1	easy	40.0	0.008	266638	700	266	379	113	6	43.91	43.91	43.91
juego1	easy	40.0	0.008	266647	700	265	379	114	6	43.91	43.91	43.91
juego1	easy	40.0	0.008	266655	700	265	379	114	6	43.91	43.91	43.91
juego1	easy	40.0	0.008	266664	700	265	379	114	6	43.91	43.91	43.91
juego1	easy	40.0	0.008	266672	700	264	379	115	6	43.91	43.91	43.91
juego1	easy	40.0	0.008	266681	700	264	379	115	6	43.91	43.91	43.91
juego1	easy	40.0	0.008	266689	700	263	379	116	6	43.91	43.91	43.91
juego1	easy	40.0	0.008	266698	700	263	379	116	6	43.91	43.91	43.91
juego1	easy	40.0	0.008	266707	700	263	379	116	6	43.91	43.91	43.91
juego1	easy	40.0	0.008	266715	700	262	379	117	6	43.91	43.91	43.91
juego1	easy	40.0	0.008	266723	700	262	379	117	6	43.91	43.91	43.91
juego1	easy	40.0	0.008	266732	700	261	379	118	6	43.91	43.91	43.91
juego1	easy	40.0	0.008	266741	700	261	379	118	6	43.91	43.91	43.91
juego1	easy	40.0	0.008	266750	700	261	379	118	6	43.91	43.91	43.91
juego1	easy	40.0	0.008	266758	700	260	379	119	6	43.91	43.91	43.91
juego1	easy	40.0	0.008	266766	700	260	379	119	6	43.91	43.91	43.91
juego1	easy	40.0	0.008	266775	700	260	379	119	6	43.91	43.91	43.91
juego1	easy	40.0	0.008	266785	700	259	379	120	6	43.91	43.91	43.91
juego1	easy	40.0	0.008	266793	700	259	379	120	6	43.91	43.91	43.91
juego1	easy	40.0	0.008	266802	700	258	379	121	6	43.91	43.91	43.91
juego1	easy	40.0	0.008	266810	700	258	379	121	6	43.91	43.91	43.91
juego1	easy	40.0	0.008	266820	700	258	379	121	6	43.91	43.91	43.91
juego1	easy	40.0	0.008	266828	700	257	379	122	6	43.91	43.91	43.91
juego1	easy	40.0	0.008	266836	700	257	379	122	6	43.91	43.91	43.91
juego1	easy	40.0	0.008	266845	700	257	379	122	6	43.91	43.91	43.91
juego1	easy	40.0	0.008	266853	700	256	379	123	6	43.91	43.91	43.91
juego1	easy	40.0	0.008	266861	700	256	379	123	6	43.91	43.91	43.91
juego1	easy	40.0	0.008	266870	700	256	379	123	6	43.91	43.91	43.91
juego1	easy	40.0	0.008	266879	700	255	379	124	6	43.91	43.91	43.91
juego1	easy	40.0	0.008	266888	700	255	379	124	6	43.91	43.91	43.91
juego1	easy	40.0	0.008	266897	700	255	379	124	6	43.91	43.91	43.91
juego1	easy	40.0	0.008	266905	700	254	379	125	6	43.91	43.91	43.91
juego1	easy	40.0	0.008	266915	700	254	379	125	6	43.91	43.91	43.91
juego1	easy	40.0	0.008	266922	700	254	379	125	6	43.91	43.91	43.91
juego1	easy	40.0	0.008	266930	700	253	379	126	6	43.91	43.91	43.91
juego1	easy	40.0	0.008	266939	700	253	379	126	6	43.91	43.91	43.91
juego1	easy	40.0	0.008	266948	700	253	379	126	6	43.91	43.91	43.91
juego1	easy	40.0	0.008	266957	700	252	379	127	6	43.91	43.91	43.91
juego1	easy	40.0	0.008	266965	700	252	379	127	6	43.91	43.91	43.91
juego1	easy	40.0	0.008	266973	700	252	379	127	6	43.91	43.91	43.91
juego1	easy	40.0	0.008	266982	700	251	379	128	6	43.91	43.91	43.91
juego1	easy	40.0	0.008	266991	700	251	379	128	6	43.91	43.91	43.91
juego1	easy	40.0	0.008	267000	700	251	379	128	6	43.91	43.91	43.91
juego1	easy	40.0	0.008	267009	700	250	379	129	6	43.91	43.91	43.91
juego1	easy	40.0	0.008	267018	700	250	379	129	6	43.91	43.91	43.91
juego1	easy	40.0	0.008	267026	700	250	379	129	6	43.91	43.91	43.91
juego1	easy	40.0	0.008	267034	700	249	379	130	6	43.91	43.91	43.91
juego1	easy	40.0	0.008	267043	700	249	379	130	6	43.91	43.91	43.91
juego1	easy	40.0	0.008	267052	700	249	379	130	6	43.91	43.91	43.91
juego1	easy	40.0	0.008	267060	700	248	379	131	6	43.91	43.91	43.91
juego1	easy	40.0	0.008	267069	700	248	379	131	6	43.91	43.91	43.91
juego1	easy	40.0	0.008	267078	700	248	379	131	6	43.91	43.91	43.91
juego1	easy	40.0	0.008	267087	700	248	379	131	6	43.91	43.91	43.91
juego1	easy	40.0	0.008	267096	700	247	379	132	6	43.91	43.91	43.91
juego1	easy	40.0	0.008	267105	700	247	379	132	6	43.91	43.91	43.91
juego1	easy	40.0	0.008	267114	700	247	379	132	6	43.91	43.91	43.91
juego1	easy	40.0	0.008	267122	700	246	379	133	6	43.91	43.91	43.91
juego1	easy	40.0	0.008	267130	700	246	379	133	6	43.91	43.91	43.91
juego1	easy	40.0	0.008	267139	700	246	379	133	6	43.91	43.91	43.91
juego1	easy	40.0	0.008	267147	700	246	379	133	6	43.91	43.91	43.91
juego1	easy	40.0	0.008	267155	700	245	379	134	6	43.91	43.91	43.91
juego1	easy	40.0	0.008	267164	700	245	379	134	6	43.91	43.91	43.91
juego1	easy	40.0	0.008	267173	700	245	379	134	6	43.91	43.91	43.91
juego1	easy	40.0	0.008	267181	700	244	379	135	6	43.91	43.91	43.91
juego1	easy	40.0	0.008	267190	700	244	379	135	6	43.91	43.91	43.91
juego1	easy	40.0	0.008	267198	700	244	379	135	6	43.91	43.91	43.91
juego1	easy	40.0	0.008	267207	700	244	379	135	6	43.91	43.91	43.91
juego1	easy	40.0	0.008	267215	700	243	379	136	6	43.91	43.91	43.91
juego1	easy	40.0	0.008	267224	700	243	379	136	6	43.91	43.91	43.91
juego1	easy	40.0	0.008	267233	700	243	379	136	6	43.91	43.91	43.91
juego1	easy	40.0	0.008	267242	700	243	379	136	6	43.91	43.91	43.91
juego1	easy	40.0	0.008	267250	700	242	379	137	6	43.91	43.91	43.91
juego1	easy	40.0	0.008	267259	700	242	379	137	6	43.91	43.91	43.91
juego1	easy	40.0	0.008	267267	700	242	379	137	6	43.91	43.91	43.91
juego1	easy	40.0	0.008	267276	700	242	379	137	6	43.91	43.91	43.91
juego1	easy	40.0	0.008	267285	700	242	379	137	6	43.91	43.91	43.91
juego1	easy	40.0	0.008	267294	700	241	379	138	6	43.91	43.91	43.91
juego1	easy	40.0	0.008	267302	700	241	379	138	6	43.91	43.91	43.91
juego1	easy	40.0	0.008	267311	700	241	379	138	6	43.91	43.91	43.91
juego1	easy	40.0	0.008	267320	700	241	379	138	6	43.91	43.91	43.91
juego1	easy	40.0	0.008	267329	700	240	379	139	6	43.91	43.91	43.91
juego1	easy	40.0	0.008	267337	700	240	379	139	6	43.91	43.91	43.91
juego1	easy	40.0	0.008	267345	700	240	379	139	6	43.91	43.91	43.91
juego1	easy	40.0	0.008	267354	700	240	379	139	6	43.91	43.91	43.91
juego1	easy	40.0	0.008	267363	700	240	379	139	6	43.91	43.91	43.91
juego1	easy	40.0	0.008	267372	700	239	379	140	6	43.91	43.91	43.91
juego1	easy	40.0	0.008	267380	700	239	379	140	6	43.91	43.91	43.91
juego1	easy	40.0	0.008	267388	700	239	379	140	6	43.91	43.91	43.91
juego1	easy	40.0	0.008	267397	700	239	379	140	6	43.91	43.91	43.91
juego1	easy	40.0	0.008	267406	700	239	379	140	6	43.91	43.91	43.91
juego1	easy	40.0	0.008	267414	700	239	379	140	6	43.91	43.91	43.91
juego1	easy	40.0	0.008	267422	700	238	379	141	6	43.91	43.91	43.91
juego1	easy	40.0	0.008	267431	700	238	379	141	6	43.91	43.91	43.91
juego1	easy	40.0	0.008	267440	700	238	379	141	6	43.91	43.91	43.91
juego1	easy	40.0	0.008	267448	700	238	379	141	6	43.91	43.91	43.91
juego1	easy	40.0	0.008	267456	700	238	379	141	6	43.91	43.91	43.91
juego1	easy	40.0	0.008	267465	700	238	379	141	6	43.91	43.91	43.91
juego1	easy	40.0	0.008	267474	700	237	379	142	6	43.91	43.91	43.91
juego1	easy	40.0	0.008	267483	700	237	379	142	6	43.91	43.91	43.91
juego1	easy	40.0	0.008	267491	700	237	379	142	6	43.91	43.91	43.91
juego1	easy	40.0	0.008	267500	700	237	379	142	6	43.91	43.91	43.91
juego1	easy	40.0	0.008	267508	700	237	379	142	6	43.91	43.91	43.91
juego1	easy	40.0	0.008	267517	700	237	379	142	6	43.91	43.91	43.91
juego1	easy	40.0	0.008	267526	700	236	379	143	6	43.91	43.91	43.91
juego1	easy	40.0	0.008	267535	700	236	379	143	6	43.91	43.91	43.91
juego1	easy	40.0	0.008	267543	700	236	379	143	6	43.91	43.91	43.91
juego1	easy	40.0	0.008	267552	700	236	379	143	6	43.91	43.91	43.91
juego1	easy	40.0	0.008	267561	700	236	379	143	6	43.91	43.91	43.91
juego1	easy	40.0	0.008	267569	700	236	379	143	6	43.91	43.91	43.91
juego1	easy	40.0	0.008	267578	700	236	379	143	6	43.91	43.91	43.91
juego1	easy	40.0	0.008	267587	700	236	379	143	6	43.91	43.91	43.91
juego1	easy	40.0	0.008	267595	700	236	379	143	6	43.91	43.91	43.91
juego1	easy	40.0	0.008	267603	700	235	379	144	6	43.91	43.91	43.91
juego1	easy	40.0	0.008	267611	700	235	379	144	6	43.91	43.91	43.91
juego1	easy	40.0	0.008	267620	700	235	379	144	6	43.91	43.91	43.91
juego1	easy	40.0	0.008	267628	700	235	379	144	6	43.91	43.91	43.91
juego1	easy	40.0	0.008	267635	700	235	379	144	6	43.91	43.91	43.91
juego1	easy	40.0	0.008	267644	700	235	379	144	6	43.91	43.91	43.91
juego1	easy	40.0	0.008	267653	700	235	379	144	6	43.91	43.91	43.91
juego1	easy	40.0	0.008	267661	700	235	379	144	6	43.91	43.91	43.91
juego1	easy	40.0	0.008	267670	700	235	379	144	6	43.91	43.91	43.91
juego1	easy	40.0	0.008	267678	700	235	379	144	6	43.91	43.91	43.91
juego1	easy	40.0	0.008	267687	700	235	379	144	6	43.91	43.91	43.91
juego1	easy	40.0	0.008	267694	700	234	379	145	6	43.91	43.91	43.91
juego1	easy	40.0	0.008	267703	700	234	379	145	6	43.91	43.91	43.91
juego1	easy	40.0	0.008	267711	700	234	379	145	6	43.91	43.91	43.91
juego1	easy	40.0	0.008	267720	700	234	379	145	6	43.91	43.91	43.91
juego1	easy	40.0	0.008	267727	700	234	379	145	6	43.91	43.91	43.91
juego1	easy	40.0	0.008	267736	700	234	379	145	6	43.91	43.91	43.91
juego1	easy	40.0	0.008	267745	700	234	379	145	6	43.91	43.91	43.91
juego1	easy	40.0	0.008	267754	700	234	379	145	6	43.91	43.91	43.91
juego1	easy	40.0	0.008	267761	700	234	379	145	6	43.91	43.91	43.91
juego1	easy	40.0	0.008	267770	700	234	379	145	6	43.91	43.91	43.91
juego1	easy	40.0	0.008	267778	700	234	379	145	6	43.91	43.91	43.91
juego1	easy	40.0	0.008	267787	700	234	379	145	6	43.91	43.91	43.91
juego1	easy	40.0	0.008	267796	700	234	379	145	6	43.91	43.91	43.91
juego1	easy	40.0	0.008	267805	700	234	379	145	6	43.91	43.91	43.91
juego1	easy	40.0	0.008	267814	700	234	379	145	6	43.91	43.91	43.91
juego1	easy	40.0	0.008	267823	700	234	379	145	6	43.91	43.91	43.91
juego1	easy	40.0	0.008	267832	700	234	379	145	6	43.91	43.91	43.91
juego1	easy	40.0	0.008	267841	700	234	379	145	6	43.91	43.91	43.91
juego1	easy	40.0	0.008	267849	700	234	379	145	6	43.91	43.91	43.91
juego1	easy	40.0	0.008	267858	700	234	379	145	6	43.91	43.91	43.91
juego1	easy	40.0	0.008	267866	700	234	379	145	6	43.91	43.91	43.91
juego1	easy	40.0	0.008	267875	700	234	379	145	6	43.91	43.91	43.91
juego1	easy	40.0	0.008	267884	700	234	379	145	6	43.91	43.91	43.91
juego1	easy	40.0	0.008	267893	700	234	379	145	6	43.91	43.91	43.91
juego1	easy	40.0	0.008	267902	700	234	379	145	6	43.91	43.91	43.91
juego1	easy	40.0	0.008	267911	700	234	379	145	6	43.91	43.91	43.91
juego1	easy	40.0	0.008	267920	700	234	379	145	6	43.91	43.91	43.91
juego1	easy	40.0	0.008	267927	700	234	379	145	6	43.91	43.91	43.91
juego1	easy	40.0	0.008	267936	700	234	379	145	6	43.91	43.91	43.91
juego1	easy	40.0	0.008	267945	700	234	379	145	6	43.91	43.91	43.91
juego1	easy	40.0	0.008	267954	700	234	379	145	6	43.91	43.91	43.91
juego1	easy	40.0	0.008	267962	700	234	379	145	6	43.91	43.91	43.91
juego1	easy	40.0	0.008	267969	700	234	379	145	6	43.91	43.91	43.91
juego1	easy	40.0	0.008	267977	700	234	379	145	6	43.91	43.91	43.91
juego1	easy	40.0	0.008	267986	700	234	379	145	6	43.91	43.91	43.91
juego1	easy	40.0	0.008	267993	700	234	379	145	6	43.91	43.91	43.91
juego1	easy	40.0	0.008	268002	700	234	379	145	6	43.91	43.91	43.91
juego1	easy	40.0	0.008	268011	700	235	379	144	6	43.91	43.91	43.91
juego1	easy	40.0	0.008	268020	700	235	379	144	6	43.91	43.91	43.91
juego1	easy	40.0	0.008	268029	700	235	379	144	6	43.91	43.91	43.91
juego1	easy	40.0	0.008	268036	700	235	379	144	6	43.91	43.91	43.91
juego1	easy	40.0	0.008	268045	700	235	379	144	6	43.91	43.91	43.91
juego1	easy	40.0	0.008	268054	700	235	379	144	6	43.91	43.91	43.91
juego1	easy	40.0	0.008	268063	700	235	379	144	6	43.91	43.91	43.91
juego1	easy	40.0	0.008	268072	700	235	379	144	6	43.91	43.91	43.91
juego1	easy	40.0	0.008	268079	700	235	379	144	6	43.91	43.91	43.91
juego1	easy	40.0	0.008	268088	700	235	379	144	6	43.91	43.91	43.91
juego1	easy	40.0	0.008	268097	700	235	379	144	6	43.91	43.91	43.91
juego1	easy	40.0	0.008	268105	700	235	379	144	6	43.91	43.91	43.91
juego1	easy	40.0	0.008	268114	700	236	379	143	6	43.91	43.91	43.91
juego1	easy	40.0	0.008	268123	700	236	379	143	6	43.91	43.91	43.91
juego1	easy	40.0	0.008	268132	700	236	379	143	6	43.91	43.91	43.91
juego1	easy	40.0	0.008	268139	700	236	379	143	6	43.91	43.91	43.91
juego1	easy	40.0	0.008	268148	700	236	379	143	6	43.91	43.91	43.91
juego1	easy	40.0	0.008	268157	700	236	379	143	6	43.91	43.91	43.91
juego1	easy	40.0	0.008	268166	700	236	379	143	6	43.91	43.91	43.91
juego1	easy	40.0	0.008	268174	700	236	379	143	6	43.91	43.91	43.91
juego1	easy	40.0	0.008	268182	700	237	379	142	6	43.91	43.91	43.91
juego1	easy	40.0	0.008	268191	700	237	379	142	6	43.91	43.91	43.91
juego1	easy	40.0	0.008	268200	700	237	379	142	6	43.91	43.91	43.91
juego1	easy	40.0	0.008	268208	700	237	379	142	6	43.91	43.91	43.91
juego1	easy	40.0	0.008	268216	700	237	379	142	6	43.91	43.91	43.91
juego1	easy	40.0	0.008	268225	700	237	379	142	6	43.91	43.91	43.91
juego1	easy	40.0	0.008	268234	700	237	379	142	6	43.91	43.91	43.91
juego1	easy	40.0	0.008	268241	700	238	379	141	6	43.91	43.91	43.91
juego1	easy	40.0	0.008	268250	700	238	379	141	6	43.91	43.91	43.91
juego1	easy	40.0	0.008	268259	700	238	379	141	6	43.91	43.91	43.91
juego1	easy	40.0	0.008	268266	700	238	379	141	6	43.91	43.91	43.91
juego1	easy	40.0	0.008	268275	700	238	379	141	6	43.91	43.91	43.91
juego1	easy	40.0	0.008	268284	700	238	379	141	6	43.91	43.91	43.91
juego1	easy	40.0	0.008	268293	700	239	379	140	6	43.91	43.91	43.91
juego1	easy	40.0	0.008	268301	700	239	379	140	6	43.91	43.91	43.91
juego1	easy	40.0	0.008	268310	700	239	379	140	6	43.91	43.91	43.91
juego1	easy	40.0	0.008	268319	700	239	379	140	6	43.91	43.91	43.91
juego1	easy	40.0	0.008	268328	700	239	379	140	6	43.91	43.91	43.91
juego1	easy	40.0	0.008	268337	700	240	379	139	6	43.91	43.91	43.91
juego1	easy	40.0	0.008	268346	700	240	379	139	6	43.91	43.91	43.91
juego1	easy	40.0	0.008	268355	700	240	379	139	6	43.91	43.91	43.91
juego1	easy	40.0	0.008	268364	700	240	379	139	6	43.91	43.91	43.91
juego1	easy	40.0	0.008	268372	700	240	379	139	6	43.91	43.91	43.91
juego1	easy	40.0	0.008	268381	700	241	379	138	6	43.91	43.91	43.91
juego1	easy	40.0	0.008	268389	700	241	379	138	6	43.91	43.91	43.91
juego1	easy	40.0	0.008	268398	700	241	379	138	6	43.91	43.91	43.91
juego1	easy	40.0	0.008	268407	700	241	379	138	6	43.91	43.91	43.91
juego1	easy	40.0	0.008	268416	700	241	379	138	6	43.91	43.91	43.91
juego1	easy	40.0	0.008	268424	700	242	379	137	6	43.91	43.91	43.91
juego1	easy	40.0	0.008	268433	700	242	379	137	6	43.91	43.91	43.91
juego1	easy	40.0	0.008	268442	700	242	379	137	6	43.91	43.91	43.91
juego1	easy	40.0	0.008	268449	700	242	379	137	6	43.91	43.91	43.91
juego1	easy	40.0	0.008	268458	700	243	379	136	6	43.91	43.91	43.91
juego1	easy	40.0	0.008	268467	700	243	379	136	6	43.91	43.91	43.91
juego1	easy	40.0	0.008	268476	700	243	379	136	6	43.91	43.91	43.91
juego1	easy	40.0	0.008	268485	700	243	379	136	6	43.91	43.91	43.91
juego1	easy	40.0	0.008	268492	700	244	379	135	6	43.91	43.91	43.91
juego1	easy	40.0	0.008	268501	700	244	379	135	6	43.91	43.91	43.91
juego1	easy	40.0	0.008	268508	700	244	379	135	6	43.91	43.91	43.91
juego1	easy	40.0	0.008	268517	700	244	379	135	6	43.91	43.91	43.91
juego1	easy	40.0	0.008	268526	700	245	379	134	6	43.91	43.91	43.91
juego1	easy	40.0	0.008	268535	700	245	379	134	6	43.91	43.91	43.91
juego1	easy	40.0	0.008	268544	700	245	379	134	6	43.91	43.91	43.91
juego1	easy	40.0	0.008	268553	700	245	379	134	6	43.91	43.91	43.91
juego1	easy	40.0	0.008	268561	700	246	379	133	6	43.91	43.91	43.91
juego1	easy	40.0	0.008	268569	700	246	379	133	6	43.91	43.91	43.91
juego1	easy	40.0	0.008	268578	700	246	379	133	6	43.91	43.91	43.91
juego1	easy	40.0	0.008	268587	700	246	379	133	6	43.91	43.91	43.91
juego1	easy	40.0	0.008	268596	700	247	379	132	6	43.91	43.91	43.91
juego1	easy	40.0	0.008	268605	700	247	379	132	6	43.91	43.91	43.91
juego1	easy	40.0	0.008	268614	700	247	379	132	6	43.91	43.91	43.91
juego1	easy	40.0	0.008	268623	700	248	379	131	6	43.91	43.91	43.91
juego1	easy	40.0	0.008	268632	700	248	379	131	6	43.91	43.91	43.91
juego1	easy	40.0	0.008	268641	700	248	379	131	6	43.91	43.91	43.91
juego1	easy	40.0	0.008	268649	700	248	379	131	6	43.91	43.91	43.91
juego1	easy	40.0	0.008	268656	700	249	379	130	6	43.91	43.91	43.91
juego1	easy	40.0	0.008	268664	700	249	379	130	6	43.91	43.91	43.91
juego1	easy	40.0	0.008	268673	700	249	379	130	6	43.91	43.91	43.91
juego1	easy	40.0	0.008	268682	700	250	379	129	6	43.91	43.91	43.91
juego1	easy	40.0	0.008	268689	700	250	379	129	6	43.91	43.91	43.91
juego1	easy	40.0	0.008	268698	700	250	379	129	6	43.91	43.91	43.91
juego1	easy	40.0	0.008	268707	700	251	379	128	6	43.91	43.91	43.91
juego1	easy	40.0	0.008	268716	700	251	379	128	6	43.91	43.91	43.91
juego1	easy	40.0	0.008	268724	700	251	379	128	6	43.91	43.91	43.91
juego1	easy	40.0	0.008	268733	700	252	379	127	6	43.91	43.91	43.91
juego1	easy	40.0	0.008	268740	700	252	379	127	6	43.91	43.91	43.91
juego1	easy	40.0	0.008	268749	700	252	379	127	6	43.91	43.91	43.91
juego1	easy	40.0	0.008	268756	700	253	379	126	6	43.91	43.91	43.91
juego1	easy	40.0	0.008	268765	700	253	379	126	6	43.91	43.91	43.91
juego1	easy	40.0	0.008	268774	700	253	379	126	6	43.91	43.91	43.91
juego1	easy	40.0	0.008	268783	700	254	379	125	6	43.91	43.91	43.91
juego1	easy	40.0	0.008	268791	700	254	379	125	6	43.91	43.91	43.91
juego1	easy	40.0	0.008	268799	700	254	379	125	6	43.91	43.91	43.91
juego1	easy	40.0	0.008	268808	700	255	379	124	6	43.91	43.91	43.91
juego1	easy	40.0	0.008	268816	700	255	379	124	6	43.91	43.91	43.91
juego1	easy	40.0	0.008	268825	700	255	379	124	6	43.91	43.91	43.91
juego1	easy	40.0	0.008	268832	700	256	379	123	6	43.91	43.91	43.91
juego1	easy	40.0	0.008	268841	700	256	379	123	6	43.91	43.91	43.91
juego1	easy	40.0	0.008	268850	700	256	379	123	6	43.91	43.91	43.91
juego1	easy	40.0	0.008	268859	700	257	379	122	6	43.91	43.91	43.91
juego1	easy	40.0	0.008	268868	700	257	379	122	6	43.91	43.91	43.91
juego1	easy	40.0	0.008	268875	700	257	379	122	6	43.91	43.91	43.91
juego1	easy	40.0	0.008	268883	700	258	379	121	6	43.91	43.91	43.91
juego1	easy	40.0	0.008	268892	700	258	379	121	6	43.91	43.91	43.91
juego1	easy	40.0	0.008	268899	700	259	379	120	6	43.91	43.91	43.91
juego1	easy	40.0	0.008	268908	700	259	379	120	6	43.91	43.91	43.91
juego1	easy	40.0	0.008	268917	700	259	379	120	6	43.91	43.91	43.91
juego1	easy	40.0	0.008	268926	700	260	379	119	6	43.91	43.91	43.91
juego1	easy	40.0	0.008	268935	700	260	379	119	6	43.91	43.91	43.91
juego1	easy	40.0	0.008	268942	700	260	379	119	6	43.91	43.91	43.91
juego1	easy	40.0	0.008	268951	700	261	379	118	6	43.91	43.91	43.91
juego1	easy	40.0	0.008	268960	700	261	379	118	6	43.91	43.91	43.91
juego1	easy	40.0	0.008	268970	700	262	379	117	6	43.91	43.91	43.91
juego1	easy	40.0	0.008	268978	700	262	379	117	6	43.91	43.91	43.91
juego1	easy	40.0	0.008	268987	700	262	379	117	6	43.91	43.91	43.91
juego1	easy	40.0	0.008	268996	700	263	379	116	6	43.91	43.91	43.91
juego1	easy	40.0	0.008	269005	700	263	379	116	6	43.91	43.91	43.91
juego1	easy	40.0	0.008	269012	700	264	379	115	6	43.91	43.91	43.91
juego1	easy	40.0	0.008	269021	700	264	379	115	6	43.91	43.91	43.91
juego1	easy	40.0	0.008	269030	700	264	379	115	6	43.91	43.91	43.91
juego1	easy	40.0	0.008	269040	700	265	379	114	6	43.91	43.91	43.91
juego1	easy	40.0	0.008	269046	700	265	379	114	6	43.91	43.91	43.91
juego1	easy	40.0	0.008	269055	700	266	379	113	6	43.91	43.91	43.91
juego1	easy	40.0	0.008	269064	700	266	379	113	6	43.91	43.91	43.91
juego1	easy	40.0	0.008	269072	700	266	379	113	6	43.91	43.91	43.91
juego1	easy	40.0	0.008	269081	700	267	379	112	6	43.91	43.91	43.91
juego1	easy	40.0	0.008	269090	700	267	379	112	6	43.91	43.91	43.91
juego1	easy	40.0	0.008	269098	700	268	379	111	6	43.91	43.91	43.91
juego1	easy	40.0	0.008	269107	700	268	379	111	6	43.91	43.91	43.91
juego1	easy	40.0	0.008	269116	700	268	379	111	6	43.91	43.91	43.91
juego1	easy	40.0	0.008	269125	700	269	379	110	6	43.91	43.91	43.91
juego1	easy	40.0	0.008	269134	700	269	379	110	6	43.91	43.91	43.91
juego1	easy	40.0	0.008	269143	700	270	379	109	6	43.91	43.91	43.91
juego1	easy	40.0	0.008	269152	700	270	379	109	6	43.91	43.91	43.91
juego1	easy	40.0	0.008	269161	700	270	379	109	6	43.91	43.91	43.91
juego1	easy	40.0	0.008	269168	700	271	379	108	6	43.91	43.91	43.91
juego1	easy	40.0	0.008	269176	700	271	379	108	6	43.91	43.91	43.91
juego1	easy	40.0	0.008	269185	700	272	379	107	6	43.91	43.91	43.91
juego1	easy	40.0	0.008	269194	700	272	379	107	6	43.91	43.91	43.91
juego1	easy	40.0	0.008	269203	700	273	379	106	6	43.91	43.91	43.91
juego1	easy	40.0	0.008	269212	700	273	379	106	6	43.91	43.91	43.91
juego1	easy	40.0	0.008	269221	700	273	379	106	6	43.91	43.91	43.91
juego1	easy	40.0	0.008	269230	700	274	379	105	6	43.91	43.91	43.91
juego1	easy	40.0	0.008	269239	700	274	379	105	6	43.91	43.91	43.91
juego1	easy	40.0	0.008	269247	700	275	379	104	6	43.91	43.91	43.91
juego1	easy	40.0	0.008	269256	700	275	379	104	6	43.91	43.91	43.91
juego1	easy	40.0	0.008	269265	700	276	379	103	6	43.91	43.91	43.91
juego1	easy	40.0	0.008	269273	700	276	379	103	6	43.91	43.91	43.91
juego1	easy	40.0	0.008	269282	700	276	379	103	6	43.91	43.91	43.91
juego1	easy	40.0	0.008	269291	700	277	379	102	6	43.91	43.91	43.91
juego1	easy	40.0	0.008	269300	700	277	379	102	6	43.91	43.91	43.91
juego1	easy	40.0	0.008	269307	700	278	379	101	6	43.91	43.91	43.91
juego1	easy	40.0	0.008	269316	700	278	379	101	6	43.91	43.91	43.91
juego1	easy	40.0	0.008	269324	700	279	379	100	6	43.91	43.91	43.91
juego1	easy	40.0	0.008	269333	700	279	379	100	6	43.91	43.91	43.91
juego1	easy	40.0	0.008	269342	700	279	379	100	6	43.91	43.91	43.91
juego1	easy	40.0	0.008	269350	700	280	379	99	6	43.91	43.91	43.91
juego1	easy	40.0	0.008	269359	700	280	379	99	6	43.91	43.91	43.91
juego1	easy	40.0	0.008	269367	700	281	379	98	6	43.91	43.91	43.91
juego1	easy	40.0	0.008	269376	700	281	379	98	6	43.91	43.91	43.91
juego1	easy	40.0	0.008	269383	700	282	379	97	6	43.91	43.91	43.91
juego1	easy	40.0	0.008	269392	700	282	379	97	6	43.91	43.91	43.91
juego1	easy	40.0	0.008	269401	700	283	379	96	6	43.91	43.91	43.91
juego1	easy	40.0	0.008	269408	700	283	379	96	6	43.91	43.91	43.91
juego1	easy	40.0	0.008	269416	700	283	379	96	6	43.91	43.91	43.91
juego1	easy	40.0	0.008	269425	700	284	379	95	6	43.91	43.91	43.91
juego1	easy	40.0	0.008	269434	700	284	379	95	6	43.91	43.91	43.91
juego1	easy	40.0	0.008	269443	700	285	379	94	6	43.91	43.91	43.91
juego1	easy	40.0	0.008	269452	700	285	379	94	6	43.91	43.91	43.91
juego1	easy	40.0	0.008	269461	700	286	379	93	6	43.91	43.91	43.91
juego1	easy	40.0	0.008	269468	700	286	379	93	6	43.91	43.91	43.91
juego1	easy	40.0	0.008	269477	700	287	379	92	6	43.91	43.91	43.91
juego1	easy	40.0	0.008	269486	700	287	379	92	6	43.91	43.91	43.91
juego1	easy	40.0	0.008	269495	700	287	379	92	6	43.91	43.91	43.91
juego1	easy	40.0	0.008	269503	700	288	379	91	6	43.91	43.91	43.91
juego1	easy	40.0	0.008	269512	700	288	379	91	6	43.91	43.91	43.91
juego1	easy	40.0	0.008	269520	700	289	379	90	6	43.91	43.91	43.91
juego1	easy	40.0	0.008	269529	700	289	379	90	6	43.91	43.91	43.91
juego1	easy	40.0	0.008	269538	700	290	379	89	6	43.91	43.91	43.91
juego1	easy	40.0	0.008	269547	700	290	379	89	6	43.91	43.91	43.91
juego1	easy	40.0	0.008	269556	700	291	379	88	6	43.91	43.91	43.91
juego1	easy	40.0	0.008	269565	700	291	379	88	6	43.91	43.91	43.91
juego1	easy	40.0	0.008	269573	700	292	379	87	6	43.91	43.91	43.91
juego1	easy	40.0	0.008	269582	700	292	379	87	6	43.91	43.91	43.91
juego1	easy	40.0	0.008	269589	700	293	379	86	6	43.91	43.91	43.91
juego1	easy	40.0	0.008	269598	700	293	379	86	6	43.91	43.91	43.91
juego1	easy	40.0	0.008	269607	700	294	379	85	6	43.91	43.91	43.91
juego1	easy	40.0	0.008	269616	700	294	379	85	6	43.91	43.91	43.91
juego1	easy	40.0	0.008	269624	700	295	379	84	6	43.91	43.91	43.91
juego1	easy	40.0	0.008	269633	700	295	379	84	6	43.91	43.91	43.91
juego1	easy	40.0	0.008	269642	700	296	379	83	6	43.91	43.91	43.91
juego1	easy	40.0	0.008	269651	700	296	379	83	6	43.91	43.91	43.91
juego1	easy	40.0	0.008	269659	700	297	379	82	6	43.91	43.91	43.91
juego1	easy	40.0	0.008	269666	700	297	379	82	6	43.91	43.91	43.91
juego1	easy	40.0	0.008	269676	700	298	379	81	6	43.91	43.91	43.91
juego1	easy	40.0	0.008	269684	700	298	379	81	6	43.91	43.91	43.91
juego1	easy	40.0	0.008	269693	700	299	379	80	6	43.91	43.91	43.91
juego1	easy	40.0	0.008	269700	700	299	379	80	6	43.91	43.91	43.91
juego1	easy	40.0	0.008	269709	700	300	379	79	6	43.91	43.91	43.91
juego1	easy	40.0	0.008	269718	700	300	379	79	6	43.91	43.91	43.91
juego1	easy	40.0	0.008	269727	700	300	379	79	6	43.91	43.91	43.91
juego1	easy	40.0	0.008	269734	700	300	379	79	6	43.91	43.91	43.91
juego1	easy	40.0	0.008	269743	700	301	379	78	6	43.91	43.91	43.91
juego1	easy	40.0	0.008	269752	700	301	379	78	6	43.91	43.91	43.91
juego1	easy	40.0	0.008	269761	700	302	379	77	6	43.91	43.91	43.91
juego1	easy	40.0	0.008	269770	700	302	379	77	6	43.91	43.91	43.91
juego1	easy	40.0	0.008	269778	700	303	379	76	6	43.91	43.91	43.91
juego1	easy	40.0	0.008	269787	700	303	379	76	6	43.91	43.91	43.91
juego1	easy	40.0	0.008	269794	700	304	379	75	6	43.91	43.91	43.91
juego1	easy	40.0	0.008	269803	700	304	379	75	6	43.91	43.91	43.91
juego1	easy	40.0	0.008	269812	700	305	379	74	6	43.91	43.91	43.91
juego1	easy	40.0	0.008	269819	700	305	379	74	6	43.91	43.91	43.91
juego1	easy	40.0	0.008	269828	700	306	379	73	6	43.91	43.91	43.91
juego1	easy	40.0	0.008	269837	700	306	379	73	6	43.91	43.91	43.91
juego1	easy	40.0	0.008	269845	700	307	379	72	6	43.91	43.91	43.91
juego1	easy	40.0	0.008	269853	700	307	379	72	6	43.91	43.91	43.91
juego1	easy	40.0	0.008	269862	700	308	379	71	6	43.91	43.91	43.91
juego1	easy	40.0	0.008	269871	700	308	379	71	6	43.91	43.91	43.91
juego1	easy	40.0	0.008	269880	700	309	379	70	6	43.91	43.91	43.91
juego1	easy	40.0	0.008	269888	700	309	379	70	6	43.91	43.91	43.91
juego1	easy	40.0	0.008	269897	700	310	379	69	6	43.91	43.91	43.91
juego1	easy	40.0	0.008	269904	700	310	379	69	6	43.91	43.91	43.91
juego1	easy	40.0	0.008	269913	700	311	379	68	6	43.91	43.91	43.91
juego1	easy	40.0	0.008	269922	700	311	379	68	6	43.91	43.91	43.91
juego1	easy	40.0	0.008	269931	700	312	379	67	6	43.91	43.91	43.91
juego1	easy	40.0	0.008	269938	700	312	379	67	6	43.91	43.91	43.91
juego1	easy	40.0	0.008	269947	700	313	379	66	6	43.91	43.91	43.91
juego1	easy	40.0	0.008	269956	700	313	379	66	6	43.91	43.91	43.91
juego1	easy	40.0	0.008	269964	700	314	379	65	6	43.91	43.91	43.91
juego1	easy	40.0	0.008	269973	700	314	379	65	6	43.91	43.91	43.91
juego1	easy	40.0	0.008	269982	700	315	379	64	6	43.91	43.91	43.91
juego1	easy	40.0	0.008	269991	700	315	379	64	6	43.91	43.91	43.91
juego1	easy	40.0	0.008	270000	700	316	379	63	6	43.91	43.91	43.91
juego1	easy	40.0	0.008	270008	700	316	379	63	6	43.91	43.91	43.91
juego1	easy	40.0	0.008	270017	700	317	379	62	6	43.91	43.91	43.91
juego1	easy	40.0	0.008	270026	700	317	379	62	6	43.91	43.91	43.91
juego1	easy	40.0	0.008	270034	700	317	379	62	6	43.91	43.91	43.91
juego1	easy	40.0	0.008	270043	700	318	379	61	6	43.91	43.91	43.91
juego1	easy	40.0	0.008	270052	700	318	379	61	6	43.91	43.91	43.91
juego1	easy	40.0	0.008	270061	700	319	379	60	6	43.91	43.91	43.91
juego1	easy	40.0	0.008	270069	700	319	379	60	6	43.91	43.91	43.91
juego1	easy	40.0	0.008	270077	700	320	379	59	6	43.91	43.91	43.91
juego1	easy	40.0	0.008	270087	700	320	379	59	6	43.91	43.91	43.91
juego1	easy	40.0	0.008	270094	700	321	379	58	6	43.91	43.91	43.91
juego1	easy	40.0	0.008	270102	700	321	379	58	6	43.91	43.91	43.91
juego1	easy	40.0	0.008	270111	700	322	379	57	6	43.91	43.91	43.91
juego1	easy	40.0	0.008	270120	700	322	379	57	6	43.91	43.91	43.91
juego1	easy	40.0	0.008	270129	700	322	379	57	6	43.91	43.91	43.91
juego1	easy	40.0	0.008	270138	700	323	379	56	6	43.91	43.91	43.91
juego1	easy	40.0	0.008	270147	700	323	379	56	6	43.91	43.91	43.91
juego1	easy	40.0	0.008	270154	700	324	379	55	6	43.91	43.91	43.91
juego1	easy	40.0	0.008	270163	700	324	379	55	6	43.91	43.91	43.91
juego1	easy	40.0	0.008	270172	700	325	379	54	6	43.91	43.91	43.91
juego1	easy	40.0	0.008	270179	700	325	379	54	6	43.91	43.91	43.91
juego1	easy	40.0	0.008	270187	700	325	379	54	6	43.91	43.91	43.91
juego1	easy	40.0	0.008	270196	700	326	379	53	6	43.91	43.91	43.91
juego1	easy	40.0	0.008	270203	700	326	379	53	6	43.91	43.91	43.91
juego1	easy	40.0	0.008	270212	700	327	379	52	6	43.91	43.91	43.91
juego1	easy	40.0	0.008	270221	700	327	379	52	6	43.91	43.91	43.91
juego1	easy	40.0	0.008	270229	700	327	379	52	6	43.91	43.91	43.91
juego1	easy	40.0	0.008	270237	700	328	379	51	6	43.91	43.91	43.91
juego1	easy	40.0	0.008	270246	700	328	379	51	6	43.91	43.91	43.91
juego1	easy	40.0	0.008	270255	700	329	379	50	6	43.91	43.91	43.91
juego1	easy	40.0	0.008	270264	700	329	379	50	6	43.91	43.91	43.91
juego1	easy	40.0	0.008	270273	700	330	379	49	6	43.91	43.91	43.91
juego1	easy	40.0	0.008	270280	700	330	379	49	6	43.91	43.91	43.91
juego1	easy	40.0	0.008	270289	700	330	379	49	6	43.91	43.91	43.91
juego1	easy	40.0	0.008	270298	700	331	379	48	6	43.91	43.91	43.91
juego1	easy	40.0	0.008	270307	700	331	379	48	6	43.91	43.91	43.91
juego1	easy	40.0	0.008	270316	700	331	379	48	6	43.91	43.91	43.91
juego1	easy	40.0	0.008	270325	700	332	379	47	6	43.91	43.91	43.91
juego1	easy	40.0	0.008	270334	700	332	379	47	6	43.91	43.91	43.91
juego1	easy	40.0	0.008	270342	700	333	379	46	6	43.91	43.91	43.91
juego1	easy	40.0	0.008	270350	700	333	379	46	6	43.91	43.91	43.91
juego1	easy	40.0	0.008	270359	700	333	379	46	6	43.91	43.91	43.91
juego1	easy	40.0	0.008	270367	700	334	379	45	6	43.91	43.91	43.91
juego1	easy	40.0	0.008	270376	700	334	379	45	6	43.91	43.91	43.91
juego1	easy	40.0	0.008	270385	700	334	379	45	6	43.91	43.91	43.91
juego1	easy	40.0	0.008	270392	700	335	379	44	6	43.91	43.91	43.91
juego1	easy	40.0	0.008	270401	700	335	379	44	6	43.91	43.91	43.91
juego1	easy	40.0	0.008	270410	700	336	379	43	6	43.91	43.91	43.91
juego1	easy	40.0	0.008	270419	700	336	379	43	6	43.91	43.91	43.91
juego1	easy	40.0	0.008	270428	700	336	379	43	6	43.91	43.91	43.91
juego1	easy	40.0	0.008	270436	700	337	379	42	6	43.91	43.91	43.91
juego1	easy	40.0	0.008	270445	700	337	379	42	6	43.91	43.91	43.91
juego1	easy	40.0	0.008	270454	700	337	379	42	6	43.91	43.91	43.91
juego1	easy	40.0	0.008	270463	700	338	379	41	6	43.91	43.91	43.91
juego1	easy	40.0	0.008	270472	700	338	379	41	6	43.91	43.91	43.91
juego1	easy	40.0	0.008	270480	700	338	379	41	6	43.91	43.91	43.91
juego1	easy	40.0	0.008	270489	700	339	379	40	6	43.91	43.91	43.91
juego1	easy	40.0	0.008	270497	700	339	379	40	6	43.91	43.91	43.91
juego1	easy	40.0	0.008	270505	700	339	379	40	6	43.91	43.91	43.91
juego1	easy	40.0	0.008	270514	700	340	379	39	6	43.91	43.91	43.91
juego1	easy	40.0	0.008	270523	700	340	379	39	6	43.91	43.91	43.91
juego1	easy	40.0	0.008	270532	700	340	379	39	6	43.91	43.91	43.91
juego1	easy	40.0	0.008	270541	700	340	379	39	6	43.91	43.91	43.91
juego1	easy	40.0	0.008	270550	700	341	379	38	6	43.91	43.91	43.91
juego1	easy	40.0	0.008	270557	700	341	379	38	6	43.91	43.91	43.91
juego1	easy	40.0	0.008	270566	700	341	379	38	6	43.91	43.91	43.91
juego1	easy	40.0	0.008	270575	700	342	379	37	6	43.91	43.91	43.91
juego1	easy	40.0	0.008	270583	700	342	379	37	6	43.91	43.91	43.91
juego1	easy	40.0	0.008	270592	700	342	379	37	6	43.91	43.91	43.91
juego1	easy	40.0	0.008	270600	700	342	379	37	6	43.91	43.91	43.91
juego1	easy	40.0	0.008	270608	700	343	379	36	6	43.91	43.91	43.91
juego1	easy	40.0	0.008	270618	700	343	379	36	6	43.91	43.91	43.91
juego1	easy	40.0	0.008	270625	700	343	379	36	6	43.91	43.91	43.91
juego1	easy	40.0	0.008	270634	700	344	379	35	6	43.91	43.91	43.91
juego1	easy	40.0	0.008	270643	700	344	379	35	6	43.91	43.91	43.91
juego1	easy	40.0	0.008	270652	700	344	379	35	6	43.91	43.91	43.91
juego1	easy	40.0	0.008	270661	700	344	379	35	6	43.91	43.91	43.91
juego1	easy	40.0	0.008	270670	700	345	379	34	6	43.91	43.91	43.91
juego1	easy	40.0	0.008	270679	700	345	379	34	6	43.91	43.91	43.91
juego1	easy	40.0	0.008	270686	700	345	379	34	6	43.91	43.91	43.91
juego1	easy	40.0	0.008	270695	700	345	379	34	6	43.91	43.91	43.91
juego1	easy	40.0	0.008	270704	700	346	379	33	6	43.91	43.91	43.91
juego1	easy	40.0	0.008	270713	700	346	379	33	6	43.91	43.91	43.91
juego1	easy	40.0	0.008	270722	700	346	379	33	6	43.91	43.91	43.91
juego1	easy	40.0	0.008	270731	700	346	379	33	6	43.91	43.91	43.91
juego1	easy	40.0	0.008	270740	700	347	379	32	6	43.91	43.91	43.91
juego1	easy	40.0	0.008	270748	700	347	379	32	6	43.91	43.91	43.91
juego1	easy	40.0	0.008	270757	700	347	379	32	6	43.91	43.91	43.91
juego1	easy	40.0	0.008	270766	700	347	379	32	6	43.91	43.91	43.91
juego1	easy	40.0	0.008	270774	700	347	379	32	6	43.91	43.91	43.91
juego1	easy	40.0	0.008	270783	700	348	379	31	6	43.91	43.91	43.91
juego1	easy	40.0	0.008	270791	700	348	379	31	6	43.91	43.91	43.91
juego1	easy	40.0	0.008	270798	700	348	379	31	6	43.91	43.91	43.91
juego1	easy	40.0	0.008	270807	700	348	379	31	6	43.91	43.91	43.91
juego1	easy	40.0	0.008	270816	700	348	379	31	6	43.91	43.91	43.91
juego1	easy	40.0	0.008	270824	700	349	379	30	6	43.91	43.91	43.91
juego1	easy	40.0	0.008	270833	700	349	379	30	6	43.91	43.91	43.91
juego1	easy	40.0	0.008	270842	700	349	379	30	6	43.91	43.91	43.91
juego1	easy	40.0	0.008	270849	700	349	379	30	6	43.91	43.91	43.91
juego1	easy	40.0	0.008	270858	700	349	379	30	6	43.91	43.91	43.91
juego1	easy	40.0	0.008	270866	700	349	379	30	6	43.91	43.91	43.91
juego1	easy	40.0	0.008	270875	700	350	379	29	6	43.91	43.91	43.91
juego1	easy	40.0	0.008	270884	700	350	379	29	6	43.91	43.91	43.91
juego1	easy	40.0	0.008	270893	700	350	379	29	6	43.91	43.91	43.91
juego1	easy	40.0	0.008	270902	700	350	379	29	6	43.91	43.91	43.91
juego1	easy	40.0	0.008	270910	700	350	379	29	6	43.91	43.91	43.91
juego1	easy	40.0	0.008	270918	700	350	379	29	6	43.91	43.91	43.91
juego1	easy	40.0	0.008	270927	700	351	379	28	6	43.91	43.91	43.91
juego1	easy	40.0	0.008	270936	700	351	379	28	6	43.91	43.91	43.91
juego1	easy	40.0	0.008	270943	700	351	379	28	6	43.91	43.91	43.91
juego1	easy	40.0	0.008	270952	700	351	379	28	6	43.91	43.91	43.91
juego1	easy	40.0	0.008	270961	700	351	379	28	6	43.91	43.91	43.91
juego1	easy	40.0	0.008	270970	700	351	379	28	6	43.91	43.91	43.91
juego1	easy	40.0	0.008	270977	700	351	379	28	6	43.91	43.91	43.91
juego1	easy	40.0	0.008	270986	700	351	379	28	6	43.91	43.91	43.91
juego1	easy	40.0	0.008	270994	700	352	379	27	6	43.91	43.91	43.91
juego1	easy	40.0	0.008	271001	700	352	379	27	6	43.91	43.91	43.91
juego1	easy	40.0	0.008	271010	700	352	379	27	6	43.91	43.91	43.91
juego1	easy	40.0	0.008	271020	700	352	379	27	6	43.91	43.91	43.91
juego1	easy	40.0	0.008	271026	700	352	379	27	6	43.91	43.91	43.91
juego1	easy	40.0	0.008	271035	700	352	379	27	6	43.91	43.91	43.91
juego1	easy	40.0	0.008	271045	700	352	379	27	6	43.91	43.91	43.91
juego1	easy	40.0	0.008	271053	700	352	379	27	6	43.91	43.91	43.91
juego1	easy	40.0	0.008	271062	700	352	379	27	6	43.91	43.91	43.91
juego1	easy	40.0	0.008	271071	700	352	379	27	6	43.91	43.91	43.91
juego1	easy	40.0	0.008	271080	700	352	379	27	6	43.91	43.91	43.91
juego1	easy	40.0	0.008	271088	700	352	379	27	6	43.91	43.91	43.91
juego1	easy	40.0	0.008	271095	700	352	379	27	6	43.91	43.91	43.91
juego1	easy	40.0	0.008	271105	700	353	379	26	6	43.91	43.91	43.91
juego1	easy	40.0	0.008	271112	700	353	379	26	6	43.91	43.91	43.91
juego1	easy	40.0	0.008	271121	700	353	379	26	6	43.91	43.91	43.91
juego1	easy	40.0	0.008	271130	700	353	379	26	6	43.91	43.91	43.91
juego1	easy	40.0	0.008	271140	700	353	379	26	6	43.91	43.91	43.91
juego1	easy	40.0	0.008	271146	700	353	379	26	6	43.91	43.91	43.91
juego1	easy	40.0	0.008	271155	700	353	379	26	6	43.91	43.91	43.91
juego1	easy	40.0	0.008	271165	700	353	379	26	6	43.91	43.91	43.91
juego1	easy	40.0	0.008	271172	700	353	379	26	6	43.91	43.91	43.91
juego1	easy	40.0	0.008	271181	700	353	379	26	6	43.91	43.91	43.91
juego1	easy	40.0	0.008	271189	700	353	379	26	6	43.91	43.91	43.91
juego1	easy	40.0	0.008	271198	700	353	379	26	6	43.91	43.91	43.91
juego1	easy	40.0	0.008	271207	700	353	379	26	6	43.91	43.91	43.91
juego1	easy	40.0	0.008	271214	700	353	379	26	6	43.91	43.91	43.91
juego1	easy	40.0	0.008	271223	700	353	379	26	6	43.91	43.91	43.91
juego1	easy	40.0	0.008	271231	700	353	379	26	6	43.91	43.91	43.91
juego1	easy	40.0	0.008	271240	700	353	379	26	6	43.91	43.91	43.91
juego1	easy	40.0	0.008	271248	700	353	379	26	6	43.91	43.91	43.91
juego1	easy	40.0	0.008	271257	700	353	379	26	6	43.91	43.91	43.91
juego1	easy	40.0	0.008	271265	700	353	379	26	6	43.92	43.92	43.92
juego1	easy	40.0	0.008	271274	700	353	379	26	6	43.92	43.92	43.92
juego1	easy	40.0	0.008	271283	700	353	379	26	6	43.91	43.91	43.91
juego1	easy	40.0	0.008	271291	700	353	379	26	6	43.91	43.91	43.91
juego1	easy	40.0	0.008	271300	700	353	379	26	6	43.91	43.91	43.91
juego1	easy	40.0	0.008	271309	700	353	379	26	6	43.92	43.92	43.92
juego1	easy	40.0	0.008	271318	700	353	379	26	6	43.91	43.91	43.91
juego1	easy	40.0	0.008	271327	700	353	379	26	6	43.91	43.91	43.91
juego1	easy	40.0	0.008	271337	700	352	379	27	6	43.91	43.91	43.91
juego1	easy	40.0	0.008	271345	700	352	379	27	6	43.91	43.91	43.91
juego1	easy	40.0	0.008	271354	700	352	379	27	6	43.92	43.92	43.92
juego1	easy	40.0	0.008	271363	700	352	379	27	6	43.91	43.91	43.91
juego1	easy	40.0	0.008	271371	700	352	379	27	6	43.91	43.91	43.91
juego1	easy	40.0	0.008	271380	700	352	379	27	6	43.91	43.91	43.91
juego1	easy	40.0	0.008	271388	700	352	379	27	6	43.91	43.91	43.91
juego1	easy	40.0	0.008	271396	700	352	379	27	6	43.91	43.91	43.91
juego1	easy	40.0	0.008	271405	700	352	379	27	6	43.91	43.91	43.91
juego1	easy	40.0	0.008	271414	700	352	379	27	6	43.91	43.91	43.91
juego1	easy	40.0	0.008	271423	700	352	379	27	6	43.91	43.91	43.91
juego1	easy	40.0	0.008	271431	700	352	379	27	6	43.91	43.91	43.91
juego1	easy	40.0	0.008	271439	700	352	379	27	6	43.91	43.91	43.91
juego1	easy	40.0	0.008	271447	700	351	379	28	6	43.91	43.91	43.91
juego1	easy	40.0	0.008	271456	700	351	379	28	6	43.91	43.91	43.91
juego1	easy	40.0	0.008	271463	700	351	379	28	6	43.91	43.91	43.91
juego1	easy	40.0	0.008	271471	700	351	379	28	6	43.91	43.91	43.91
juego1	easy	40.0	0.008	271481	700	351	379	28	6	43.91	43.91	43.91
juego1	easy	40.0	0.008	271489	700	351	379	28	6	43.91	43.91	43.91
juego1	easy	40.0	0.008	271498	700	351	379	28	6	43.91	43.91	43.91
juego1	easy	40.0	0.008	271507	700	351	379	28	6	43.91	43.91	43.91
juego1	easy	40.0	0.008	271515	700	350	379	29	6	43.91	43.91	43.91
juego1	easy	40.0	0.008	271523	700	350	379	29	6	43.91	43.91	43.91
juego1	easy	40.0	0.008	271532	700	350	379	29	6	43.91	43.91	43.91
juego1	easy	40.0	0.008	271541	700	350	379	29	6	43.91	43.91	43.91
juego1	easy	40.0	0.008	271549	700	350	379	29	6	43.91	43.91	43.91
juego1	easy	40.0	0.008	271558	700	350	379	29	6	43.91	43.91	43.91
juego1	easy	40.0	0.008	271567	700	349	379	30	6	43.91	43.91	43.91
juego1	easy	40.0	0.008	271575	700	349	379	30	6	43.9	43.9	43.9
juego1	easy	40.0	0.008	271583	700	349	379	30	6	43.91	43.91	43.91
juego1	easy	40.0	0.008	271591	700	349	379	30	6	43.91	43.91	43.91
juego1	easy	40.0	0.008	271600	700	349	379	30	6	43.91	43.91	43.91
juego1	easy	40.0	0.008	271608	700	349	379	30	6	43.91	43.91	43.91
juego1	easy	40.0	0.008	271617	700	348	379	31	6	43.91	43.91	43.91
juego1	easy	40.0	0.008	271626	700	348	379	31	6	43.91	43.91	43.91
juego1	easy	40.0	0.008	271634	700	348	379	31	6	43.91	43.91	43.91
juego1	easy	40.0	0.008	271643	700	348	379	31	6	43.91	43.91	43.91
juego1	easy	40.0	0.008	271651	700	348	379	31	6	43.91	43.91	43.91
juego1	easy	40.0	0.008	271659	700	347	379	32	6	43.91	43.91	43.91
juego1	easy	40.0	0.008	271668	700	347	379	32	6	43.91	43.91	43.91
juego1	easy	40.0	0.008	271676	700	347	379	32	6	43.91	43.91	43.91
juego1	easy	40.0	0.008	271685	700	347	379	32	6	43.91	43.91	43.91
juego1	easy	40.0	0.008	271694	700	347	379	32	6	43.92	43.92	43.92
juego1	easy	40.0	0.008	271703	700	346	379	33	6	43.91	43.91	43.91
juego1	easy	40.0	0.008	271712	700	346	379	33	6	43.91	43.91	43.91
juego1	easy	40.0	0.008	271720	700	346	379	33	6	43.91	43.91	43.91
juego1	easy	40.0	0.008	271729	700	346	379	33	6	43.91	43.91	43.91
juego1	easy	40.0	0.008	271738	700	345	379	34	6	43.91	43.91	43.91
juego1	easy	40.0	0.008	271746	700	345	379	34	6	43.91	43.91	43.91
juego1	easy	40.0	0.008	271755	700	345	379	34	6	43.91	43.91	43.91
juego1	easy	40.0	0.008	271764	700	345	379	34	6	43.91	43.91	43.91
juego1	easy	40.0	0.008	271773	700	344	379	35	6	43.91	43.91	43.91
juego1	easy	40.0	0.008	271782	700	344	379	35	6	43.9	43.9	43.9
juego1	easy	40.0	0.008	271790	700	344	379	35	6	43.9	43.9	43.9
juego1	easy	40.0	0.008	271799	700	344	379	35	6	43.9	43.9	43.9
juego1	easy	40.0	0.008	271808	700	343	379	36	6	43.9	43.9	43.9
juego1	easy	40.0	0.008	271816	700	343	379	36	6	43.9	43.9	43.9
juego1	easy	40.0	0.008	271824	700	343	379	36	6	43.9	43.9	43.9
juego1	easy	40.0	0.008	271832	700	343	379	36	6	43.9	43.9	43.9
juego1	easy	40.0	0.008	271841	700	342	379	37	6	43.9	43.9	43.9
juego1	easy	40.0	0.008	271849	700	342	379	37	6	43.9	43.9	43.9
juego1	easy	40.0	0.008	271858	700	342	379	37	6	43.9	43.9	43.9
juego1	easy	40.0	0.008	271866	700	341	379	38	6	43.9	43.9	43.9
juego1	easy	40.0	0.008	271876	700	341	379	38	6	43.9	43.9	43.9
juego1	easy	40.0	0.008	271884	700	341	379	38	6	43.9	43.9	43.9
juego1	easy	40.0	0.008	271892	700	340	379	39	6	43.91	43.91	43.91
juego1	easy	40.0	0.008	271900	700	340	379	39	6	43.91	43.91	43.91
juego1	easy	40.0	0.008	271909	700	340	379	39	6	43.91	43.91	43.91
juego1	easy	40.0	0.008	271917	700	340	379	39	6	43.91	43.91	43.91
juego1	easy	40.0	0.008	271926	700	339	379	40	6	43.91	43.91	43.91
juego1	easy	40.0	0.008	271935	700	339	379	40	6	43.91	43.91	43.91
juego1	easy	40.0	0.008	271944	700	339	379	40	6	43.91	43.91	43.91
juego1	easy	40.0	0.008	271953	700	338	379	41	6	43.91	43.91	43.91
juego1	easy	40.0	0.008	271962	700	338	379	41	6	43.91	43.91	43.91
juego1	easy	40.0	0.008	271970	700	338	379	41	6	43.91	43.91	43.91
juego1	easy	40.0	0.008	271978	700	337	379	42	6	43.91	43.91	43.91
juego1	easy	40.0	0.008	271986	700	337	379	42	6	43.91	43.91	43.91
juego1	easy	40.0	0.008	271995	700	337	379	42	6	43.91	43.91	43.91
juego1	easy	40.0	0.008	272004	700	336	379	43	6	43.9	43.9	43.9
juego1	easy	40.0	0.008	272013	700	336	379	43	6	43.9	43.9	43.9
juego1	easy	40.0	0.008	272021	700	336	379	43	6	43.91	43.91	43.91
juego1	easy	40.0	0.008	272030	700	335	379	44	6	43.9	43.9	43.9
juego1	easy	40.0	0.008	272038	700	335	379	44	6	43.9	43.9	43.9
juego1	easy	40.0	0.008	272047	700	334	379	45	6	43.9	43.9	43.9
juego1	easy	40.0	0.008	272056	700	334	379	45	6	43.91	43.91	43.91
juego1	easy	40.0	0.008	272063	700	334	379	45	6	43.9	43.9	43.9
juego1	easy	40.0	0.008	272072	700	333	379	46	6	43.9	43.9	43.9
juego1	easy	40.0	0.008	272080	700	333	379	46	6	43.9	43.9	43.9
juego1	easy	40.0	0.008	272089	700	333	379	46	6	43.91	43.91	43.91
juego1	easy	40.0	0.008	272098	700	332	379	47	6	43.91	43.91	43.91
juego1	easy	40.0	0.008	272107	700	332	379	47	6	43.91	43.91	43.91
juego1	easy	40.0	0.008	272116	700	332	379	47	6	43.91	43.91	43.91
juego1	easy	40.0	0.008	272124	700	331	379	48	6	43.91	43.91	43.91
juego1	easy	40.0	0.008	272133	700	331	379	48	6	43.91	43.91	43.91
juego1	easy	40.0	0.008	272142	700	330	379	49	6	43.9	43.9	43.9
juego1	easy	40.0	0.008	272150	700	330	379	49	6	43.9	43.9	43.9
juego1	easy	40.0	0.008	272159	700	330	379	49	6	43.9	43.9	43.9
juego1	easy	40.0	0.008	272167	700	329	379	50	6	43.9	43.9	43.9
juego1	easy	40.0	0.008	272176	700	329	379	50	6	43.9	43.9	43.9
juego1	easy	40.0	0.008	272184	700	328	379	51	6	43.9	43.9	43.9
juego1	easy	40.0	0.008	272193	700	328	379	51	6	43.9	43.9	43.9
juego1	easy	40.0	0.008	272202	700	328	379	51	6	43.9	43.9	43.9
juego1	easy	40.0	0.008	272210	700	327	379	52	6	43.9	43.9	43.9
juego1	easy	40.0	0.008	272218	700	327	379	52	6	43.9	43.9	43.9
juego1	easy	40.0	0.008	272227	700	326	379	53	6	43.9	43.9	43.9
juego1	easy	40.0	0.008	272234	700	326	379	53	6	43.9	43.9	43.9
juego1	easy	40.0	0.008	272243	700	325	379	54	6	43.9	43.9	43.9
juego1	easy	40.0	0.008	272252	700	325	379	54	6	43.9	43.9	43.9
juego1	easy	40.0	0.008	272259	700	325	379	54	6	43.9	43.9	43.9
juego1	easy	40.0	0.008	272268	700	324	379	55	6	43.9	43.9	43.9
juego1	easy	40.0	0.008	272277	700	324	379	55	6	43.9	43.9	43.9
juego1	easy	40.0	0.008	272284	700	323	379	56	6	43.91	43.91	43.91
juego1	easy	40.0	0.008	272293	700	323	379	56	6	43.91	43.91	43.91
juego1	easy	40.0	0.008	272301	700	322	379	57	6	43.91	43.91	43.91
juego1	easy	40.0	0.008	272309	700	322	379	57	6	43.91	43.91	43.91
juego1	easy	40.0	0.008	272318	700	322	379	57	6	43.91	43.91	43.91
juego1	easy	40.0	0.008	272327	700	321	379	58	6	43.91	43.91	43.91
juego1	easy	40.0	0.008	272335	700	321	379	58	6	43.91	43.91	43.91
juego1	easy	40.0	0.008	272343	700	320	379	59	6	43.91	43.91	43.91
juego1	easy	40.0	0.008	272352	700	320	379	59	6	43.91	43.91	43.91
juego1	easy	40.0	0.008	272361	700	319	379	60	6	43.91	43.91	43.91
juego1	easy	40.0	0.008	272370	700	319	379	60	6	43.91	43.91	43.91
juego1	easy	40.0	0.008	272377	700	318	379	61	6	43.91	43.91	43.91
juego1	easy	40.0	0.008	272386	700	318	379	61	6	43.91	43.91	43.91
juego1	easy	40.0	0.008	272394	700	318	379	61	6	43.91	43.91	43.91
juego1	easy	40.0	0.008	272404	700	317	379	62	6	43.91	43.91	43.91
juego1	easy	40.0	0.008	272412	700	317	379	62	6	43.91	43.91	43.91
juego1	easy	40.0	0.008	272421	700	316	379	63	6	43.91	43.91	43.91
juego1	easy	40.0	0.008	272430	700	316	379	63	6	43.91	43.91	43.91
juego1	easy	40.0	0.008	272439	700	315	379	64	6	43.91	43.91	43.91
juego1	easy	40.0	0.008	272447	700	315	379	64	6	43.9	43.9	43.9
juego1	easy	40.0	0.008	272457	700	314	379	65	6	43.9	43.9	43.9
juego1	easy	40.0	0.008	272466	700	314	379	65	6	43.9	43.9	43.9
juego1	easy	40.0	0.008	272474	700	313	379	66	6	43.9	43.9	43.9
juego1	easy	40.0	0.008	272483	700	313	379	66	6	43.9	43.9	43.9
juego1	easy	40.0	0.008	272491	700	312	379	67	6	43.91	43.91	43.91
juego1	easy	40.0	0.008	272500	700	312	379	67	6	43.91	43.91	43.91
juego1	easy	40.0	0.008	272509	700	311	379	68	6	43.91	43.91	43.91
juego1	easy	40.0	0.008	272518	700	311	379	68	6	43.91	43.91	43.91
juego1	easy	40.0	0.008	272526	700	310	379	69	6	43.91	43.91	43.91
juego1	easy	40.0	0.008	272535	700	310	379	69	6	43.91	43.91	43.91
juego1	easy	40.0	0.008	272544	700	309	379	70	6	43.91	43.91	43.91
juego1	easy	40.0	0.008	272553	700	309	379	70	6	43.91	43.91	43.91
juego1	easy	40.0	0.008	272562	700	308	379	71	6	43.91	43.91	43.91
juego1	easy	40.0	0.008	272570	700	308	379	71	6	43.91	43.91	43.91
juego1	easy	40.0	0.008	272578	700	307	379	72	6	43.91	43.91	43.91
juego1	easy	40.0	0.008	272587	700	307	379	72	6	43.91	43.91	43.91
juego1	easy	40.0	0.008	272595	700	306	379	73	6	43.91	43.91	43.91
juego1	easy	40.0	0.008	272604	700	306	379	73	6	43.91	43.91	43.91
juego1	easy	40.0	0.008	272612	700	306	379	73	6	43.91	43.91	43.91
juego1	easy	40.0	0.008	272621	700	305	379	74	6	43.9	43.9	43.9
juego1	easy	40.0	0.008	272629	700	305	379	74	6	43.9	43.9	43.9
juego1	easy	40.0	0.008	272638	700	304	379	75	6	43.91	43.91	43.91
juego1	easy	40.0	0.008	272646	700	304	379	75	6	43.91	43.91	43.91
juego1	easy	40.0	0.008	272654	700	303	379	76	6	43.91	43.91	43.91
juego1	easy	40.0	0.008	272663	700	303	379	76	6	43.91	43.91	43.91
juego1	easy	40.0	0.008	272672	700	302	379	77	6	43.91	43.91	43.91
juego1	easy	40.0	0.008	272680	700	301	379	78	6	43.91	43.91	43.91
juego1	easy	40.0	0.008	272689	700	301	379	78	6	43.91	43.91	43.91
juego1	easy	40.0	0.008	272697	700	300	379	79	6	43.91	43.91	43.91
juego1	easy	40.0	0.008	272706	700	300	379	79	6	43.91	43.91	43.91
juego1	easy	40.0	0.008	272715	700	300	379	79	6	43.91	43.91	43.91
juego1	easy	40.0	0.008	272723	700	300	379	79	6	43.91	43.91	43.91
juego1	easy	40.0	0.008	272731	700	299	379	80	6	43.91	43.91	43.91
juego1	easy	40.0	0.008	272740	700	299	379	80	6	43.9	43.9	43.9
juego1	easy	40.0	0.008	272748	700	298	379	81	6	43.9	43.9	43.9
juego1	easy	40.0	0.008	272757	700	298	379	81	6	43.9	43.9	43.9
juego1	easy	40.0	0.008	272765	700	297	379	82	6	43.91	43.91	43.91
juego1	easy	40.0	0.008	272774	700	297	379	82	6	43.91	43.91	43.91
juego1	easy	40.0	0.008	272782	700	296	379	83	6	43.91	43.91	43.91
juego1	easy	40.0	0.008	272791	700	296	379	83	6	43.91	43.91	43.91
juego1	easy	40.0	0.008	272800	700	295	379	84	6	43.91	43.91	43.91
juego1	easy	40.0	0.008	272808	700	295	379	84	6	43.91	43.91	43.91
juego1	easy	40.0	0.008	272816	700	294	379	85	6	43.91	43.91	43.91
juego1	easy	40.0	0.008	272825	700	294	379	85	6	43.91	43.91	43.91
juego1	easy	40.0	0.008	272833	700	293	379	86	6	43.91	43.91	43.91
juego1	easy	40.0	0.008	272842	700	293	379	86	6	43.91	43.91	43.91
juego1	easy	40.0	0.008	272850	700	292	379	87	6	43.91	43.91	43.91
juego1	easy	40.0	0.008	272859	700	292	379	87	6	43.91	43.91	43.91
juego1	easy	40.0	0.008	272867	700	291	379	88	6	43.91	43.91	43.91
juego1	easy	40.0	0.008	272876	700	291	379	88	6	43.91	43.91	43.91
juego1	easy	40.0	0.008	272886	700	290	379	89	6	43.91	43.91	43.91
juego1	easy	40.0	0.008	272894	700	290	379	89	7	43.91	43.91	43.91
juego1	easy	50.0	0.009	272901	700	289	379	90	7	43.91	43.91	43.91
juego1	easy	50.0	0.009	272910	700	289	379	90	7	43.91	43.91	43.91
juego1	easy	50.0	0.009	272919	700	288	379	91	7	43.91	43.91	43.91
juego1	easy	50.0	0.009	272928	700	288	379	91	7	43.91	43.91	43.91
juego1	easy	50.0	0.009	272936	700	287	379	92	7	43.91	43.91	43.91
juego1	easy	50.0	0.009	272944	700	286	379	93	7	43.91	43.91	43.91
juego1	easy	50.0	0.009	272952	700	286	379	93	7	43.91	43.91	43.91
juego1	easy	50.0	0.009	272961	700	285	379	94	7	43.91	43.91	43.91
juego1	easy	50.0	0.009	272970	700	285	379	94	7	43.91	43.91	43.91
juego1	easy	50.0	0.009	272979	700	284	379	95	7	43.91	43.91	43.91
juego1	easy	50.0	0.009	272988	700	283	379	96	7	43.91	43.91	43.91
juego1	easy	50.0	0.009	272995	700	283	379	96	7	43.91	43.91	43.91
juego1	easy	50.0	0.009	273004	700	282	379	97	7	43.91	43.91	43.91
juego1	easy	50.0	0.009	273011	700	281	379	98	7	43.91	43.91	43.91
juego1	easy	50.0	0.009	273020	700	281	379	98	7	43.91	43.91	43.91
juego1	easy	50.0	0.009	273029	700	280	379	99	7	43.91	43.91	43.91
juego1	easy	50.0	0.009	273036	700	280	379	99	7	43.91	43.91	43.91
juego1	easy	50.0	0.009	273045	700	279	379	100	7	43.91	43.91	43.91
juego1	easy	50.0	0.009	273054	700	278	379	101	7	43.91	43.91	43.91
juego1	easy	50.0	0.009	273062	700	278	379	101	7	43.91	43.91	43.91
juego1	easy	50.0	0.009	273071	700	277	379	102	7	43.91	43.91	43.91
juego1	easy	50.0	0.009	273079	700	276	379	103	7	43.91	43.91	43.91
juego1	easy	50.0	0.009	273088	700	276	379	103	7	43.91	43.91	43.91
juego1	easy	50.0	0.009	273095	700	275	379	104	7	43.91	43.91	43.91
juego1	easy	50.0	0.009	273105	700	275	379	104	7	43.91	43.91	43.91
juego1	easy	50.0	0.009	273112	700	274	379	105	7	43.91	43.91	43.91
juego1	easy	50.0	0.009	273120	700	273	379	106	7	43.91	43.91	43.91
juego1	easy	50.0	0.009	273129	700	273	379	106	7	43.91	43.91	43.91
juego1	easy	50.0	0.009	273137	700	272	379	107	7	43.91	43.91	43.91
juego1	easy	50.0	0.009	273145	700	272	379	107	7	43.91	43.91	43.91
juego1	easy	50.0	0.009	273154	700	271	379	108	7	43.91	43.91	43.91
juego1	easy	50.0	0.009	273163	700	270	379	109	7	43.91	43.91	43.91
juego1	easy	50.0	0.009	273172	700	270	379	109	7	43.91	43.91	43.91
juego1	easy	50.0	0.009	273180	700	269	379	110	7	43.91	43.91	43.91
juego1	easy	50.0	0.009	273189	700	269	379	110	7	43.91	43.91	43.91
juego1	easy	50.0	0.009	273197	700	268	379	111	7	43.91	43.91	43.91
juego1	easy	50.0	0.009	273206	700	267	379	112	7	43.91	43.91	43.91
juego1	easy	50.0	0.009	273215	700	267	379	112	7	43.91	43.91	43.91
juego1	easy	50.0	0.009	273224	700	266	379	113	7	43.91	43.91	43.91
juego1	easy	50.0	0.009	273233	700	266	379	113	7	43.91	43.91	43.91
juego1	easy	50.0	0.009	273240	700	265	379	114	7	43.91	43.91	43.91
juego1	easy	50.0	0.009	273249	700	264	379	115	7	43.91	43.91	43.91
juego1	easy	50.0	0.009	273258	700	264	379	115	7	43.91	43.91	43.91
juego1	easy	50.0	0.009	273266	700	263	379	116	7	43.91	43.91	43.91
juego1	easy	50.0	0.009	273275	700	263	379	116	7	43.91	43.91	43.91
juego1	easy	50.0	0.009	273285	700	262	379	117	7	43.91	43.91	43.91
juego1	easy	50.0	0.009	273292	700	262	379	117	7	43.91	43.91	43.91
juego1	easy	50.0	0.009	273301	700	261	379	118	7	43.91	43.91	43.91
juego1	easy	50.0	0.009	273309	700	260	379	119	7	43.91	43.91	43.91
juego1	easy	50.0	0.009	273317	700	260	379	119	7	43.91	43.91	43.91
juego1	easy	50.0	0.009	273324	700	259	379	120	7	43.91	43.91	43.91
juego1	easy	50.0	0.009	273333	700	259	379	120	7	43.91	43.91	43.91
juego1	easy	50.0	0.009	273341	700	258	379	121	7	43.91	43.91	43.91
juego1	easy	50.0	0.009	273350	700	258	379	121	7	43.91	43.91	43.91
juego1	easy	50.0	0.009	273358	700	257	379	122	7	43.91	43.91	43.91
juego1	easy	50.0	0.009	273367	700	256	379	123	7	43.91	43.91	43.91
juego1	easy	50.0	0.009	273375	700	256	379	123	7	43.91	43.91	43.91
juego1	easy	50.0	0.009	273384	700	255	379	124	7	43.91	43.91	43.91
juego1	easy	50.0	0.009	273393	700	255	379	124	7	43.91	43.91	43.91
juego1	easy	50.0	0.009	273402	700	254	379	125	7	43.91	43.91	43.91
juego1	easy	50.0	0.009	273411	700	254	379	125	7	43.91	43.91	43.91
juego1	easy	50.0	0.009	273420	700	253	379	126	7	43.91	43.91	43.91
juego1	easy	50.0	0.009	273429	700	253	379	126	7	43.91	43.91	43.91
juego1	easy	50.0	0.009	273437	700	252	379	127	7	43.91	43.91	43.91
juego1	easy	50.0	0.009	273446	700	252	379	127	7	43.91	43.91	43.91
juego1	easy	50.0	0.009	273454	700	251	379	128	7	43.91	43.91	43.91
juego1	easy	50.0	0.009	273461	700	251	379	128	7	43.91	43.91	43.91
juego1	easy	50.0	0.009	273470	700	250	379	129	7	43.91	43.91	43.91
juego1	easy	50.0	0.009	273479	700	250	379	129	7	43.91	43.91	43.91
juego1	easy	50.0	0.009	273488	700	249	379	130	7	43.91	43.91	43.91
juego1	easy	50.0	0.009	273497	700	249	379	130	7	43.91	43.91	43.91
juego1	easy	50.0	0.009	273506	700	248	379	131	7	43.91	43.91	43.91
juego1	easy	50.0	0.009	273516	700	248	379	131	7	43.91	43.91	43.91
juego1	easy	50.0	0.009	273523	700	247	379	132	7	43.91	43.91	43.91
juego1	easy	50.0	0.009	273532	700	247	379	132	7	43.91	43.91	43.91
juego1	easy	50.0	0.009	273541	700	246	379	133	7	43.91	43.91	43.91
juego1	easy	50.0	0.009	273551	700	246	379	133	7	43.91	43.91	43.91
juego1	easy	50.0	0.009	273559	700	245	379	134	7	43.91	43.91	43.91
juego1	easy	50.0	0.009	273568	700	245	379	134	7	43.91	43.91	43.91
juego1	easy	50.0	0.009	273576	700	244	379	135	7	43.91	43.91	43.91
juego1	easy	50.0	0.009	273586	700	244	379	135	7	43.91	43.91	43.91
juego1	easy	50.0	0.009	273593	700	243	379	136	7	43.91	43.91	43.91
juego1	easy	50.0	0.009	273602	700	243	379	136	7	43.91	43.91	43.91
juego1	easy	50.0	0.009	273611	700	242	379	137	7	43.91	43.91	43.91
juego1	easy	50.0	0.009	273618	700	242	379	137	7	43.91	43.91	43.91
juego1	easy	50.0	0.009	273627	700	241	379	138	7	43.91	43.91	43.91
juego1	easy	50.0	0.009	273636	700	241	379	138	7	43.91	43.91	43.91
juego1	easy	50.0	0.009	273643	700	240	379	139	7	43.91	43.91	43.91
juego1	easy	50.0	0.009	273652	700	240	379	139	7	43.91	43.91	43.91
juego1	easy	50.0	0.009	273661	700	240	379	139	7	43.91	43.91	43.91
juego1	easy	50.0	0.009	273670	700	239	379	140	7	43.91	43.91	43.91
juego1	easy	50.0	0.009	273677	700	239	379	140	7	43.91	43.91	43.91
juego1	easy	50.0	0.009	273686	700	238	379	141	7	43.91	43.91	43.91
juego1	easy	50.0	0.009	273695	700	238	379	141	7	43.91	43.91	43.91
juego1	easy	50.0	0.009	273704	700	237	379	142	7	43.91	43.91	43.91
juego1	easy	50.0	0.009	273713	700	237	379	142	7	43.91	43.91	43.91
juego1	easy	50.0	0.009	273721	700	237	379	142	7	43.91	43.91	43.91
juego1	easy	50.0	0.009	273729	700	236	379	143	7	43.91	43.91	43.91
juego1	easy	50.0	0.009	273738	700	236	379	143	7	43.91	43.91	43.91
juego1	easy	50.0	0.009	273747	700	235	379	144	7	43.91	43.91	43.91
juego1	easy	50.0	0.009	273756	700	235	379	144	7	43.91	43.91	43.91
juego1	easy	50.0	0.009	273764	700	235	379	144	7	43.91	43.91	43.91
juego1	easy	50.0	0.009	273772	700	234	379	145	7	43.91	43.91	43.91
juego1	easy	50.0	0.009	273781	700	234	379	145	7	43.91	43.91	43.91
juego1	easy	50.0	0.009	273788	700	234	379	145	7	43.91	43.91	43.91
juego1	easy	50.0	0.009	273796	700	233	379	146	7	43.91	43.91	43.91
juego1	easy	50.0	0.009	273805	700	233	379	146	7	43.91	43.91	43.91
juego1	easy	50.0	0.009	273814	700	232	379	147	7	43.91	43.91	43.91
juego1	easy	50.0	0.009	273823	700	232	379	147	7	43.91	43.91	43.91
juego1	easy	50.0	0.009	273832	700	232	379	147	7	43.91	43.91	43.91
juego1	easy	50.0	0.009	273839	700	231	379	148	7	43.91	43.91	43.91
juego1	easy	50.0	0.009	273848	700	231	379	148	7	43.91	43.91	43.91
juego1	easy	50.0	0.009	273857	700	231	379	148	7	43.91	43.91	43.91
juego1	easy	50.0	0.009	273866	700	230	379	149	7	43.91	43.91	43.91
juego1	easy	50.0	0.009	273875	700	230	379	149	7	43.91	43.91	43.91
juego1	easy	50.0	0.009	273882	700	230	379	149	7	43.91	43.91	43.91
juego1	easy	50.0	0.009	273891	700	229	379	150	7	43.91	43.91	43.91
juego1	easy	50.0	0.009	273900	700	229	379	150	7	43.91	43.91	43.91
juego1	easy	50.0	0.009	273909	700	229	379	150	7	43.91	43.91	43.91
juego1	easy	50.0	0.009	273918	700	229	379	150	7	43.91	43.91	43.91
juego1	easy	50.0	0.009	273925	700	228	379	151	7	43.91	43.91	43.91
juego1	easy	50.0	0.009	273934	700	228	379	151	7	43.91	43.91	43.91
juego1	easy	50.0	0.009	273943	700	228	379	151	7	43.91	43.91	43.91
juego1	easy	50.0	0.009	273952	700	227	379	152	7	43.91	43.91	43.91
juego1	easy	50.0	0.009	273961	700	227	379	152	7	43.91	43.91	43.91
juego1	easy	50.0	0.009	273970	700	227	379	152	7	43.91	43.91	43.91
juego1	easy	50.0	0.009	273977	700	227	379	152	7	43.91	43.91	43.91
juego1	easy	50.0	0.009	273986	700	226	379	153	7	43.91	43.91	43.91
juego1	easy	50.0	0.009	273993	700	226	379	153	7	43.91	43.91	43.91
juego1	easy	50.0	0.009	274002	700	226	379	153	7	43.91	43.91	43.91
juego1	easy	50.0	0.009	274011	700	226	379	153	7	43.91	43.91	43.91
juego1	easy	50.0	0.009	274020	700	225	379	154	7	43.91	43.91	43.91
juego1	easy	50.0	0.009	274028	700	225	379	154	7	43.91	43.91	43.91
juego1	easy	50.0	0.009	274037	700	225	379	154	7	43.91	43.91	43.91
juego1	easy	50.0	0.009	274046	700	225	379	154	7	43.91	43.91	43.91
juego1	easy	50.0	0.009	274055	700	224	379	155	7	43.91	43.91	43.91
juego1	easy	50.0	0.009	274064	700	224	379	155	7	43.91	43.91	43.91
juego1	easy	50.0	0.009	274073	700	224	379	155	7	43.91	43.91	43.91
juego1	easy	50.0	0.009	274082	700	224	379	155	7	43.91	43.91	43.91
juego1	easy	50.0	0.009	274091	700	224	379	155	7	43.91	43.91	43.91
juego1	easy	50.0	0.009	274099	700	223	379	156	7	43.91	43.91	43.91
juego1	easy	50.0	0.009	274108	700	223	379	156	7	43.91	43.91	43.91
juego1	easy	50.0	0.009	274117	700	223	379	156	7	43.91	43.91	43.91
juego1	easy	50.0	0.009	274125	700	223	379	156	7	43.91	43.91	43.91
juego1	easy	50.0	0.009	274133	700	223	379	156	7	43.91	43.91	43.91
juego1	easy	50.0	0.009	274142	700	222	379	157	7	43.91	43.91	43.91
juego1	easy	50.0	0.009	274150	700	222	379	157	7	43.91	43.91	43.91
juego1	easy	50.0	0.009	274159	700	222	379	157	7	43.91	43.91	43.91
juego1	easy	50.0	0.009	274168	700	222	379	157	7	43.91	43.91	43.91
juego1	easy	50.0	0.009	274176	700	222	379	157	7	43.91	43.91	43.91
juego1	easy	50.0	0.009	274185	700	222	379	157	7	43.91	43.91	43.91
juego1	easy	50.0	0.009	274194	700	222	379	157	7	43.91	43.91	43.91
juego1	easy	50.0	0.009	274202	700	221	379	158	7	43.91	43.91	43.91
juego1	easy	50.0	0.009	274211	700	221	379	158	7	43.91	43.91	43.91
juego1	easy	50.0	0.009	274220	700	221	379	158	7	43.91	43.91	43.91
juego1	easy	50.0	0.009	274228	700	221	379	158	7	43.91	43.91	43.91
juego1	easy	50.0	0.009	274237	700	221	379	158	7	43.91	43.91	43.91
juego1	easy	50.0	0.009	274245	700	221	379	158	7	43.91	43.91	43.91
juego1	easy	50.0	0.009	274254	700	221	379	158	7	43.91	43.91	43.91
juego1	easy	50.0	0.009	274263	700	221	379	158	7	43.91	43.91	43.91
juego1	easy	50.0	0.009	274272	700	221	379	158	7	43.91	43.91	43.91
juego1	easy	50.0	0.009	274279	700	221	379	158	7	43.91	43.91	43.91
juego1	easy	50.0	0.009	274288	700	220	379	159	7	43.91	43.91	43.91
juego1	easy	50.0	0.009	274296	700	220	379	159	7	43.91	43.91	43.91
juego1	easy	50.0	0.009	274305	700	220	379	159	7	43.91	43.91	43.91
juego1	easy	50.0	0.009	274312	700	220	379	159	7	43.91	43.91	43.91
juego1	easy	50.0	0.009	274321	700	220	379	159	7	43.91	43.91	43.91
juego1	easy	50.0	0.009	274329	700	220	379	159	7	43.91	43.91	43.91
juego1	easy	50.0	0.009	274338	700	220	379	159	7	43.91	43.91	43.91
juego1	easy	50.0	0.009	274347	700	220	379	159	7	43.91	43.91	43.91
juego1	easy	50.0	0.009	274356	700	220	379	159	7	43.91	43.91	43.91
juego1	easy	50.0	0.009	274364	700	220	379	159	7	43.91	43.91	43.91
juego1	easy	50.0	0.009	274373	700	220	379	159	7	43.91	43.91	43.91
juego1	easy	50.0	0.009	274382	700	220	379	159	7	43.91	43.91	43.91
juego1	easy	50.0	0.009	274391	700	220	379	159	7	43.91	43.91	43.91
juego1	easy	50.0	0.009	274400	700	220	379	159	7	43.91	43.91	43.91
juego1	easy	50.0	0.009	274409	700	220	379	159	7	43.91	43.91	43.91
juego1	easy	50.0	0.009	274418	700	220	379	159	7	43.91	43.91	43.91
juego1	easy	50.0	0.009	274426	700	220	379	159	7	43.91	43.91	43.91
juego1	easy	50.0	0.009	274435	700	220	379	159	7	43.91	43.91	43.91
juego1	easy	50.0	0.009	274444	700	220	379	159	7	43.91	43.91	43.91
juego1	easy	50.0	0.009	274453	700	220	379	159	7	43.91	43.91	43.91
juego1	easy	50.0	0.009	274462	700	220	379	159	7	43.91	43.91	43.91
juego1	easy	50.0	0.009	274470	700	220	379	159	7	43.91	43.91	43.91
juego1	easy	50.0	0.009	274479	700	220	379	159	7	43.91	43.91	43.91
juego1	easy	50.0	0.009	274488	700	220	379	159	7	43.91	43.91	43.91
juego1	easy	50.0	0.009	274496	700	220	379	159	7	43.91	43.91	43.91
juego1	easy	50.0	0.009	274504	700	220	379	159	7	43.91	43.91	43.91
juego1	easy	50.0	0.009	274513	700	221	379	158	7	43.91	43.91	43.91
juego1	easy	50.0	0.009	274521	700	221	379	158	7	43.91	43.91	43.91
juego1	easy	50.0	0.009	274530	700	221	379	158	7	43.91	43.91	43.91
juego1	easy	50.0	0.009	274539	700	221	379	158	7	43.91	43.91	43.91
juego1	easy	50.0	0.009	274548	700	221	379	158	7	43.91	43.91	43.91
juego1	easy	50.0	0.009	274557	700	221	379	158	7	43.91	43.91	43.91
juego1	easy	50.0	0.009	274566	700	221	379	158	7	43.91	43.91	43.91
juego1	easy	50.0	0.009	274574	700	221	379	158	7	43.91	43.91	43.91
juego1	easy	50.0	0.009	274583	700	221	379	158	7	43.91	43.91	43.91
juego1	easy	50.0	0.009	274590	700	221	379	158	7	43.91	43.91	43.91
juego1	easy	50.0	0.009	274599	700	222	379	157	7	43.91	43.91	43.91
juego1	easy	50.0	0.009	274607	700	222	379	157	7	43.91	43.91	43.91
juego1	easy	50.0	0.009	274614	700	222	379	157	7	43.91	43.91	43.91
juego1	easy	50.0	0.009	274623	700	222	379	157	7	43.91	43.91	43.91
juego1	easy	50.0	0.009	274631	700	222	379	157	7	43.91	43.91	43.91
juego1	easy	50.0	0.009	274639	700	222	379	157	7	43.91	43.91	43.91
juego1	easy	50.0	0.009	274647	700	222	379	157	7	43.91	43.91	43.91
juego1	easy	50.0	0.009	274656	700	223	379	156	7	43.91	43.91	43.91
juego1	easy	50.0	0.009	274664	700	223	379	156	7	43.91	43.91	43.91
juego1	easy	50.0	0.009	274673	700	223	379	156	7	43.91	43.91	43.91
juego1	easy	50.0	0.009	274681	700	223	379	156	7	43.91	43.91	43.91
juego1	easy	50.0	0.009	274690	700	223	379	156	7	43.91	43.91	43.91
juego1	easy	50.0	0.009	274698	700	224	379	155	7	43.91	43.91	43.91
juego1	easy	50.0	0.009	274706	700	224	379	155	7	43.91	43.91	43.91
juego1	easy	50.0	0.009	274714	700	224	379	155	7	43.91	43.91	43.91
juego1	easy	50.0	0.009	274723	700	224	379	155	7	43.91	43.91	43.91
juego1	easy	50.0	0.009	274730	700	224	379	155	7	43.91	43.91	43.91
juego1	easy	50.0	0.009	274739	700	225	379	154	7	43.91	43.91	43.91
juego1	easy	50.0	0.009	274748	700	225	379	154	7	43.91	43.91	43.91
juego1	easy	50.0	0.009	274757	700	225	379	154	7	43.91	43.91	43.91
juego1	easy	50.0	0.009	274766	700	225	379	154	7	43.91	43.91	43.91
juego1	easy	50.0	0.009	274773	700	225	379	154	7	43.91	43.91	43.91
juego1	easy	50.0	0.009	274782	700	226	379	153	7	43.91	43.91	43.91
juego1	easy	50.0	0.009	274791	700	226	379	153	7	43.91	43.91	43.91
juego1	easy	50.0	0.009	274800	700	226	379	153	7	43.91	43.91	43.91
juego1	easy	50.0	0.009	274809	700	227	379	152	7	43.91	43.91	43.91
juego1	easy	50.0	0.009	274817	700	227	379	152	7	43.91	43.91	43.91
juego1	easy	50.0	0.009	274826	700	227	379	152	7	43.91	43.91	43.91
juego1	easy	50.0	0.009	274835	700	227	379	152	7	43.91	43.91	43.91
juego1	easy	50.0	0.009	274842	700	228	379	151	7	43.91	43.91	43.91
juego1	easy	50.0	0.009	274851	700	228	379	151	7	43.91	43.91	43.91
juego1	easy	50.0	0.009	274859	700	228	379	151	7	43.91	43.91	43.91
juego1	easy	50.0	0.009	274868	700	228	379	151	7	43.91	43.91	43.91
juego1	easy	50.0	0.009	274877	700	229	379	150	7	43.91	43.91	43.91
juego1	easy	50.0	0.009	274886	700	229	379	150	7	43.91	43.91	43.91
juego1	easy	50.0	0.009	274895	700	229	379	150	7	43.91	43.91	43.91
juego1	easy	50.0	0.009	274904	700	230	379	149	7	43.91	43.91	43.91
juego1	easy	50.0	0.009	274912	700	230	379	149	7	43.91	43.91	43.91
juego1	easy	50.0	0.009	274921	700	230	379	149	7	43.91	43.91	43.91
juego1	easy	50.0	0.009	274930	700	231	379	148	7	43.91	43.91	43.91
juego1	easy	50.0	0.009	274938	700	231	379	148	7	43.91	43.91	43.91
juego1	easy	50.0	0.009	274947	700	231	379	148	7	43.91	43.91	43.91
juego1	easy	50.0	0.009	274957	700	232	379	147	7	43.91	43.91	43.91
juego1	easy	50.0	0.009	274964	700	232	379	147	7	43.91	43.91	43.91
juego1	easy	50.0	0.009	274972	700	232	379	147	7	43.91	43.91	43.91
juego1	easy	50.0	0.009	274981	700	233	379	146	7	43.91	43.91	43.91
juego1	easy	50.0	0.009	274990	700	233	379	146	7	43.91	43.91	43.91
juego1	easy	50.0	0.009	274997	700	234	379	145	7	43.91	43.91	43.91
juego1	easy	50.0	0.009	275006	700	234	379	145	7	43.91	43.91	43.91
juego1	easy	50.0	0.009	275015	700	234	379	145	7	43.91	43.91	43.91
juego1	easy	50.0	0.009	275023	700	235	379	144	7	43.91	43.91	43.91
juego1	easy	50.0	0.009	275032	700	235	379	144	7	43.91	43.91	43.91
juego1	easy	50.0	0.009	275041	700	235	379	144	7	43.91	43.91	43.91
juego1	easy	50.0	0.009	275050	700	236	379	143	7	43.91	43.91	43.91
juego1	easy	50.0	0.009	275057	700	236	379	143	7	43.91	43.91	43.91
juego1	easy	50.0	0.009	275066	700	237	379	142	7	43.91	43.91	43.91
juego1	easy	50.0	0.009	275074	700	237	379	142	7	43.91	43.91	43.91
juego1	easy	50.0	0.009	275082	700	237	379	142	7	43.91	43.91	43.91
juego1	easy	50.0	0.009	275090	700	238	379	141	7	43.91	43.91	43.91
juego1	easy	50.0	0.009	275100	700	238	379	141	7	43.91	43.91	43.91
juego1	easy	50.0	0.009	275108	700	239	379	140	7	43.91	43.91	43.91
juego1	easy	50.0	0.009	275117	700	239	379	140	7	43.91	43.91	43.91
juego1	easy	50.0	0.009	275125	700	240	379	139	7	43.91	43.91	43.91
juego1	easy	50.0	0.009	275134	700	240	379	139	7	43.91	43.91	43.91
juego1	easy	50.0	0.009	275143	700	240	379	139	7	43.91	43.91	43.91
juego1	easy	50.0	0.009	275152	700	241	379	138	7	43.91	43.91	43.91
juego1	easy	50.0	0.009	275161	700	241	379	138	7	43.91	43.91	43.91
juego1	easy	50.0	0.009	275168	700	242	379	137	7	43.91	43.91	43.91
juego1	easy	50.0	0.009	275177	700	242	379	137	7	43.91	43.91	43.91
juego1	easy	50.0	0.009	275186	700	243	379	136	7	43.91	43.91	43.91
juego1	easy	50.0	0.009	275195	700	243	379	136	7	43.91	43.91	43.91
juego1	easy	50.0	0.009	275203	700	244	379	135	7	43.91	43.91	43.91
juego1	easy	50.0	0.009	275212	700	244	379	135	7	43.91	43.91	43.91
juego1	easy	50.0	0.009	275220	700	245	379	134	7	43.91	43.91	43.91
juego1	easy	50.0	0.009	275229	700	245	379	134	7	43.91	43.91	43.91
juego1	easy	50.0	0.009	275238	700	246	379	133	7	43.91	43.91	43.91
juego1	easy	50.0	0.009	275246	700	246	379	133	7	43.9	43.9	43.9
juego1	easy	50.0	0.009	275255	700	247	379	132	7	43.91	43.91	43.91
juego1	easy	50.0	0.009	275264	700	247	379	132	7	43.9	43.9	43.9
juego1	easy	50.0	0.009	275273	700	248	379	131	7	43.9	43.9	43.9
juego1	easy	50.0	0.009	275282	700	248	379	131	7	43.9	43.9	43.9
juego1	easy	50.0	0.009	275291	700	249	379	130	7	43.91	43.91	43.91
juego1	easy	50.0	0.009	275300	700	249	379	130	7	43.9	43.9	43.9
juego1	easy	50.0	0.009	275309	700	250	379	129	7	43.9	43.9	43.9
juego1	easy	50.0	0.009	275317	700	250	379	129	7	43.9	43.9	43.9
juego1	easy	50.0	0.009	275326	700	251	379	128	7	43.9	43.9	43.9
juego1	easy	50.0	0.009	275334	700	251	379	128	7	43.9	43.9	43.9
juego1	easy	50.0	0.009	275342	700	252	379	127	7	43.9	43.9	43.9
juego1	easy	50.0	0.009	275351	700	252	379	127	7	43.91	43.91	43.91
juego1	easy	50.0	0.009	275360	700	253	379	126	7	43.91	43.91	43.91
juego1	easy	50.0	0.009	275367	700	253	379	126	7	43.91	43.91	43.91
juego1	easy	50.0	0.009	275376	700	254	379	125	7	43.91	43.91	43.91
juego1	easy	50.0	0.009	275385	700	254	379	125	7	43.91	43.91	43.91
juego1	easy	50.0	0.009	275393	700	255	379	124	7	43.91	43.91	43.91
juego1	easy	50.0	0.009	275402	700	255	379	124	7	43.91	43.91	43.91
juego1	easy	50.0	0.009	275411	700	256	379	123	7	43.91	43.91	43.91
juego1	easy	50.0	0.009	275420	700	256	379	123	7	43.91	43.91	43.91
juego1	easy	50.0	0.009	275427	700	257	379	122	7	43.91	43.91	43.91
juego1	easy	50.0	0.009	275436	700	258	379	121	7	43.9	43.9	43.9
juego1	easy	50.0	0.009	275445	700	258	379	121	7	43.9	43.9	43.9
juego1	easy	50.0	0.009	275453	700	259	379	120	7	43.91	43.91	43.91
juego1	easy	50.0	0.009	275462	700	259	379	120	7	43.91	43.91	43.91
juego1	easy	50.0	0.009	275471	700	260	379	119	7	43.91	43.91	43.91
juego1	easy	50.0	0.009	275481	700	260	379	119	7	43.91	43.91	43.91
juego1	easy	50.0	0.009	275488	700	261	379	118	7	43.91	43.91	43.91
juego1	easy	50.0	0.009	275497	700	262	379	117	7	43.91	43.91	43.91
juego1	easy	50.0	0.009	275506	700	262	379	117	7	43.91	43.91	43.91
juego1	easy	50.0	0.009	275516	700	263	379	116	7	43.91	43.91	43.91
juego1	easy	50.0	0.009	275523	700	263	379	116	7	43.91	43.91	43.91
juego1	easy	50.0	0.009	275532	700	264	379	115	7	43.91	43.91	43.91
juego1	easy	50.0	0.009	275541	700	264	379	115	7	43.91	43.91	43.91
juego1	easy	50.0	0.009	275547	700	265	379	114	7	43.9	43.9	43.9
juego1	easy	50.0	0.009	275556	700	266	379	113	7	43.9	43.9	43.9
juego1	easy	50.0	0.009	275564	700	266	379	113	7	43.9	43.9	43.9
juego1	easy	50.0	0.009	275573	700	267	379	112	7	43.9	43.9	43.9
juego1	easy	50.0	0.009	275581	700	267	379	112	7	43.91	43.91	43.91
juego1	easy	50.0	0.009	275591	700	268	379	111	7	43.91	43.91	43.91
juego1	easy	50.0	0.009	275598	700	269	379	110	7	43.91	43.91	43.91
juego1	easy	50.0	0.009	275607	700	269	379	110	7	43.9	43.9	43.9
juego1	easy	50.0	0.009	275616	700	270	379	109	7	43.91	43.91	43.91
juego1	easy	50.0	0.009	275624	700	270	379	109	7	43.9	43.9	43.9
juego1	easy	50.0	0.009	275632	700	271	379	108	7	43.9	43.9	43.9
juego1	easy	50.0	0.009	275641	700	272	379	107	7	43.9	43.9	43.9
juego1	easy	50.0	0.009	275651	700	272	379	107	7	43.9	43.9	43.9
juego1	easy	50.0	0.009	275659	700	273	379	106	7	43.9	43.9	43.9
juego1	easy	50.0	0.009	275666	700	273	379	106	7	43.9	43.9	43.9
juego1	easy	50.0	0.009	275676	700	274	379	105	7	43.9	43.9	43.9
juego1	easy	50.0	0.009	275684	700	275	379	104	7	43.9	43.9	43.9
juego1	easy	50.0	0.009	275692	700	275	379	104	7	43.9	43.9	43.9
juego1	easy	50.0	0.009	275700	700	276	379	103	7	43.9	43.9	43.9
juego1	easy	50.0	0.009	275711	700	276	379	103	7	43.9	43.9	43.9
juego1	easy	50.0	0.009	275717	700	277	379	102	7	43.9	43.9	43.9
juego1	easy	50.0	0.009	275726	700	278	379	101	7	43.9	43.9	43.9
juego1	easy	50.0	0.009	275734	700	278	379	101	7	43.9	43.9	43.9
juego1	easy	50.0	0.009	275742	700	279	379	100	7	43.9	43.9	43.9
juego1	easy	50.0	0.009	275751	700	279	379	100	7	43.9	43.9	43.9
juego1	easy	50.0	0.009	275759	700	280	379	99	7	43.9	43.9	43.9
juego1	easy	50.0	0.009	275768	700	281	379	98	7	43.9	43.9	43.9
juego1	easy	50.0	0.009	275777	700	281	379	98	7	43.9	43.9	43.9
juego1	easy	50.0	0.009	275786	700	282	379	97	7	43.9	43.9	43.9
juego1	easy	50.0	0.009	275794	700	283	379	96	7	43.9	43.9	43.9
juego1	easy	50.0	0.009	275803	700	283	379	96	7	43.9	43.9	43.9
juego1	easy	50.0	0.009	275811	700	284	379	95	7	43.9	43.9	43.9
juego1	easy	50.0	0.009	275819	700	284	379	95	7	43.9	43.9	43.9
juego1	easy	50.0	0.009	275827	700	285	379	94	7	43.9	43.9	43.9
juego1	easy	50.0	0.009	275834	700	286	379	93	7	43.9	43.9	43.9
juego1	easy	50.0	0.009	275843	700	286	379	93	7	43.9	43.9	43.9
juego1	easy	50.0	0.009	275852	700	287	379	92	7	43.9	43.9	43.9
juego1	easy	50.0	0.009	275859	700	288	379	91	7	43.9	43.9	43.9
juego1	easy	50.0	0.009	275867	700	288	379	91	7	43.9	43.9	43.9
juego1	easy	50.0	0.009	275876	700	289	379	90	7	43.9	43.9	43.9
juego1	easy	50.0	0.009	275884	700	289	379	90	7	43.9	43.9	43.9
juego1	easy	50.0	0.009	275893	700	290	379	89	7	43.9	43.9	43.9
juego1	easy	50.0	0.009	275902	700	291	379	88	7	43.9	43.9	43.9
juego1	easy	50.0	0.009	275911	700	292	379	87	7	43.9	43.9	43.9
juego1	easy	50.0	0.009	275919	700	292	379	87	7	43.9	43.9	43.9
juego1	easy	50.0	0.009	275928	700	293	379	86	7	43.9	43.9	43.9
juego1	easy	50.0	0.009	275937	700	294	379	85	7	43.9	43.9	43.9
juego1	easy	50.0	0.009	275945	700	295	379	84	7	43.9	43.9	43.9
juego1	easy	50.0	0.009	275954	700	295	379	84	7	43.9	43.9	43.9
juego1	easy	50.0	0.009	275963	700	296	379	83	7	43.9	43.9	43.9
juego1	easy	50.0	0.009	275972	700	297	379	82	7	43.9	43.9	43.9
juego1	easy	50.0	0.009	275981	700	297	379	82	7	43.9	43.9	43.9
juego1	easy	50.0	0.009	275989	700	298	379	81	7	43.9	43.9	43.9
juego1	easy	50.0	0.009	275996	700	299	379	80	7	43.9	43.9	43.9
juego1	easy	50.0	0.009	276004	700	300	379	79	7	43.9	43.9	43.9
juego1	easy	50.0	0.009	276013	700	300	379	79	7	43.9	43.9	43.9
juego1	easy	50.0	0.009	276021	700	300	379	79	7	43.9	43.9	43.9
juego1	easy	50.0	0.009	276030	700	301	379	78	7	43.9	43.9	43.9
juego1	easy	50.0	0.009	276039	700	301	379	78	7	43.9	43.9	43.9
juego1	easy	50.0	0.009	276048	700	302	379	77	7	43.9	43.9	43.9
juego1	easy	50.0	0.009	276056	700	303	379	76	7	43.9	43.9	43.9
juego1	easy	50.0	0.009	276065	700	304	379	75	7	43.9	43.9	43.9
juego1	easy	50.0	0.009	276074	700	304	379	75	7	43.9	43.9	43.9
juego1	easy	50.0	0.009	276081	700	305	379	74	7	43.9	43.9	43.9
juego1	easy	50.0	0.009	276090	700	306	379	73	7	43.9	43.9	43.9
juego1	easy	50.0	0.009	276098	700	306	379	73	7	43.9	43.9	43.9
juego1	easy	50.0	0.009	276106	700	307	379	72	7	43.9	43.9	43.9
juego1	easy	50.0	0.009	276113	700	308	379	71	7	43.9	43.9	43.9
juego1	easy	50.0	0.009	276122	700	309	379	70	7	43.9	43.9	43.9
juego1	easy	50.0	0.009	276131	700	309	379	70	7	43.9	43.9	43.9
juego1	easy	50.0	0.009	276140	700	310	379	69	7	43.9	43.9	43.9
juego1	easy	50.0	0.009	276148	700	311	379	68	7	43.9	43.9	43.9
juego1	easy	50.0	0.009	276157	700	311	379	68	7	43.9	43.9	43.9
juego1	easy	50.0	0.009	276165	700	312	379	67	7	43.9	43.9	43.9
juego1	easy	50.0	0.009	276173	700	313	379	66	7	43.9	43.9	43.9
juego1	easy	50.0	0.009	276182	700	313	379	66	7	43.9	43.9	43.9
juego1	easy	50.0	0.009	276191	700	314	379	65	7	43.9	43.9	43.9
juego1	easy	50.0	0.009	276200	700	315	379	64	7	43.9	43.9	43.9
juego1	easy	50.0	0.009	276208	700	315	379	64	7	43.9	43.9	43.9
juego1	easy	50.0	0.009	276217	700	316	379	63	7	43.89	43.89	43.89
juego1	easy	50.0	0.009	276226	700	317	379	62	7	43.9	43.9	43.9
juego1	easy	50.0	0.009	276233	700	317	379	62	7	43.9	43.9	43.9
juego1	easy	50.0	0.009	276242	700	318	379	61	7	43.9	43.9	43.9
juego1	easy	50.0	0.009	276250	700	319	379	60	7	43.9	43.9	43.9
juego1	easy	50.0	0.009	276257	700	320	379	59	7	43.9	43.9	43.9
juego1	easy	50.0	0.009	276267	700	320	379	59	7	43.9	43.9	43.9
juego1	easy	50.0	0.009	276275	700	321	379	58	7	43.9	43.9	43.9
juego1	easy	50.0	0.009	276284	700	322	379	57	7	43.9	43.9	43.9
juego1	easy	50.0	0.009	276293	700	322	379	57	7	43.9	43.9	43.9
juego1	easy	50.0	0.009	276301	700	323	379	56	7	43.9	43.9	43.9
juego1	easy	50.0	0.009	276310	700	323	379	56	7	43.9	43.9	43.9
juego1	easy	50.0	0.009	276319	700	324	379	55	7	43.9	43.9	43.9
juego1	easy	50.0	0.009	276328	700	325	379	54	7	43.9	43.9	43.9
juego1	easy	50.0	0.009	276336	700	325	379	54	7	43.9	43.9	43.9
juego1	easy	50.0	0.009	276344	700	326	379	53	7	43.9	43.9	43.9
juego1	easy	50.0	0.009	276351	700	327	379	52	7	43.9	43.9	43.9
juego1	easy	50.0	0.009	276360	700	327	379	52	7	43.9	43.9	43.9
juego1	easy	50.0	0.009	276368	700	328	379	51	7	43.9	43.9	43.9
juego1	easy	50.0	0.009	276377	700	329	379	50	7	43.9	43.9	43.9
juego1	easy	50.0	0.009	276384	700	329	379	50	7	43.9	43.9	43.9
juego1	easy	50.0	0.009	276393	700	330	379	49	7	43.9	43.9	43.9
juego1	easy	50.0	0.009	276401	700	330	379	49	7	43.9	43.9	43.9
juego1	easy	50.0	0.009	276410	700	331	379	48	7	43.9	43.9	43.9
juego1	easy	50.0	0.009	276417	700	332	379	47	7	43.9	43.9	43.9
juego1	easy	50.0	0.009	276426	700	332	379	47	7	43.9	43.9	43.9
juego1	easy	50.0	0.009	276433	700	333	379	46	7	43.9	43.9	43.9
juego1	easy	50.0	0.009	276442	700	334	379	45	7	43.9	43.9	43.9
juego1	easy	50.0	0.009	276450	700	334	379	45	7	43.9	43.9	43.9
juego1	easy	50.0	0.009	276459	700	335	379	44	7	43.9	43.9	43.9
juego1	easy	50.0	0.009	276468	700	335	379	44	7	43.9	43.9	43.9
juego1	easy	50.0	0.009	276477	700	336	379	43	7	43.9	43.9	43.9
juego1	easy	50.0	0.009	276486	700	336	379	43	7	43.9	43.9	43.9
juego1	easy	50.0	0.009	276495	700	337	379	42	7	43.9	43.9	43.9
juego1	easy	50.0	0.009	276503	700	338	379	41	7	43.9	43.9	43.9
juego1	easy	50.0	0.009	276512	700	338	379	41	7	43.9	43.9	43.9
juego1	easy	50.0	0.009	276521	700	339	379	40	7	43.9	43.9	43.9
juego1	easy	50.0	0.009	276530	700	339	379	40	7	43.9	43.9	43.9
juego1	easy	50.0	0.009	276539	700	340	379	39	7	43.9	43.9	43.9
juego1	easy	50.0	0.009	276546	700	340	379	39	7	43.9	43.9	43.9
juego1	easy	50.0	0.009	276555	700	341	379	38	7	43.9	43.9	43.9
juego1	easy	50.0	0.009	276562	700	342	379	37	7	43.9	43.9	43.9
juego1	easy	50.0	0.009	276572	700	342	379	37	7	43.9	43.9	43.9
juego1	easy	50.0	0.009	276580	700	343	379	36	7	43.9	43.9	43.9
juego1	easy	50.0	0.009	276589	700	343	379	36	7	43.9	43.9	43.9
juego1	easy	50.0	0.009	276598	700	344	379	35	7	43.9	43.9	43.9
juego1	easy	50.0	0.009	276606	700	344	379	35	7	43.9	43.9	43.9
juego1	easy	50.0	0.009	276615	700	345	379	34	7	43.9	43.9	43.9
juego1	easy	50.0	0.009	276624	700	345	379	34	7	43.9	43.9	43.9
juego1	easy	50.0	0.009	276632	700	346	379	33	7	43.9	43.9	43.9
juego1	easy	50.0	0.009	276641	700	346	379	33	7	43.9	43.9	43.9
juego1	easy	50.0	0.009	276649	700	347	379	32	7	43.9	43.9	43.9
juego1	easy	50.0	0.009	276657	700	347	379	32	7	43.9	43.9	43.9
juego1	easy	50.0	0.009	276666	700	348	379	31	7	43.9	43.9	43.9
juego1	easy	50.0	0.009	276674	700	348	379	31	7	43.9	43.9	43.9
juego1	easy	50.0	0.009	276683	700	349	379	30	7	43.9	43.9	43.9
juego1	easy	50.0	0.009	276692	700	349	379	30	7	43.9	43.9	43.9
juego1	easy	50.0	0.009	276700	700	350	379	29	7	43.9	43.9	43.9
juego1	easy	50.0	0.009	276709	700	350	379	29	7	43.9	43.9	43.9
juego1	easy	50.0	0.009	276717	700	351	379	28	7	43.9	43.9	43.9
juego1	easy	50.0	0.009	276725	700	351	379	28	7	43.9	43.9	43.9
juego1	easy	50.0	0.009	276733	700	352	379	27	7	43.9	43.9	43.9
juego1	easy	50.0	0.009	276742	700	352	379	27	7	43.9	43.9	43.9
juego1	easy	50.0	0.009	276750	700	352	379	27	7	43.9	43.9	43.9
juego1	easy	50.0	0.009	276759	700	353	379	26	7	43.9	43.9	43.9
juego1	easy	50.0	0.009	276767	700	353	379	26	7	43.9	43.9	43.9
juego1	easy	50.0	0.009	276775	700	354	379	25	7	43.9	43.9	43.9
juego1	easy	50.0	0.009	276784	700	354	379	25	7	43.9	43.9	43.9
juego1	easy	50.0	0.009	276793	700	355	379	24	7	43.9	43.9	43.9
juego1	easy	50.0	0.009	276801	700	355	379	24	7	43.9	43.9	43.9
juego1	easy	50.0	0.009	276810	700	355	379	24	7	43.9	43.9	43.9
juego1	easy	50.0	0.009	276819	700	356	379	23	7	43.9	43.9	43.9
juego1	easy	50.0	0.009	276826	700	356	379	23	7	43.9	43.9	43.9
juego1	easy	50.0	0.009	276835	700	357	379	22	7	43.9	43.9	43.9
juego1	easy	50.0	0.009	276844	700	357	379	22	7	43.9	43.9	43.9
juego1	easy	50.0	0.009	276853	700	357	379	22	7	43.9	43.9	43.9
juego1	easy	50.0	0.009	276861	700	358	379	21	7	43.9	43.9	43.9
juego1	easy	50.0	0.009	276870	700	358	379	21	7	43.9	43.9	43.9
juego1	easy	50.0	0.009	276879	700	358	379	21	7	43.9	43.9	43.9
juego1	easy	50.0	0.009	276888	700	359	379	20	7	43.9	43.9	43.9
juego1	easy	50.0	0.009	276896	700	359	379	20	7	43.9	43.9	43.9
juego1	easy	50.0	0.009	276903	700	359	379	20	7	43.9	43.9	43.9
juego1	easy	50.0	0.009	276912	700	360	379	19	7	43.9	43.9	43.9
juego1	easy	50.0	0.009	276920	700	360	379	19	7	43.9	43.9	43.9
juego1	easy	50.0	0.009	276929	700	360	379	19	7	43.9	43.9	43.9
juego1	easy	50.0	0.009	276938	700	361	379	18	7	43.9	43.9	43.9
juego1	easy	50.0	0.009	276947	700	361	379	18	7	43.9	43.9	43.9
juego1	easy	50.0	0.009	276956	700	361	379	18	7	43.9	43.9	43.9
juego1	easy	50.0	0.009	276965	700	362	379	17	7	43.9	43.9	43.9
juego1	easy	50.0	0.009	276974	700	362	379	17	7	43.9	43.9	43.9
juego1	easy	50.0	0.009	276983	700	362	379	17	7	43.9	43.9	43.9
juego1	easy	50.0	0.009	276992	700	363	379	16	7	43.9	43.9	43.9
juego1	easy	50.0	0.009	276999	700	363	379	16	7	43.9	43.9	43.9
juego1	easy	50.0	0.009	277007	700	363	379	16	7	43.9	43.9	43.9
juego1	easy	50.0	0.009	277016	700	363	379	16	7	43.9	43.9	43.9
juego1	easy	50.0	0.009	277025	700	364	379	15	7	43.9	43.9	43.9
juego1	easy	50.0	0.009	277034	700	364	379	15	7	43.9	43.9	43.9
juego1	easy	50.0	0.009	277043	700	364	379	15	7	43.9	43.9	43.9
juego1	easy	50.0	0.009	277050	700	364	379	15	7	43.9	43.9	43.9
juego1	easy	50.0	0.009	277059	700	365	379	14	7	43.9	43.9	43.9
juego1	easy	50.0	0.009	277068	700	365	379	14	7	43.9	43.9	43.9
juego1	easy	50.0	0.009	277077	700	365	379	14	7	43.9	43.9	43.9
juego1	easy	50.0	0.009	277084	700	365	379	14	7	43.9	43.9	43.9
juego1	easy	50.0	0.009	277093	700	366	379	13	7	43.9	43.9	43.9
juego1	easy	50.0	0.009	277102	700	366	379	13	7	43.9	43.9	43.9
juego1	easy	50.0	0.009	277110	700	366	379	13	7	43.9	43.9	43.9
juego1	easy	50.0	0.009	277119	700	366	379	13	7	43.9	43.9	43.9
juego1	easy	50.0	0.009	277127	700	366	379	13	7	43.9	43.9	43.9
juego1	easy	50.0	0.009	277136	700	367	379	12	7	43.9	43.9	43.9
juego1	easy	50.0	0.009	277145	700	367	379	12	7	43.9	43.9	43.9
juego1	easy	50.0	0.009	277154	700	367	379	12	7	43.9	43.9	43.9
juego1	easy	50.0	0.009	277162	700	367	379	12	7	43.9	43.9	43.9
juego1	easy	50.0	0.009	277170	700	367	379	12	7	43.9	43.9	43.9
juego1	easy	50.0	0.009	277179	700	367	379	12	7	43.9	43.9	43.9
juego1	easy	50.0	0.009	277189	700	367	379	12	7	43.9	43.9	43.9
juego1	easy	50.0	0.009	277196	700	368	379	11	7	43.9	43.9	43.9
juego1	easy	50.0	0.009	277205	700	368	379	11	7	43.9	43.9	43.9
juego1	easy	50.0	0.009	277214	700	368	379	11	7	43.9	43.9	43.9
juego1	easy	50.0	0.009	277221	700	368	379	11	7	43.9	43.9	43.9
juego1	easy	50.0	0.009	277230	700	368	379	11	7	43.9	43.9	43.9
juego1	easy	50.0	0.009	277239	700	368	379	11	7	43.9	43.9	43.9
juego1	easy	50.0	0.009	277248	700	368	379	11	7	43.9	43.9	43.9
juego1	easy	50.0	0.009	277257	700	368	379	11	7	43.9	43.9	43.9
juego1	easy	50.0	0.009	277266	700	368	379	11	7	43.9	43.9	43.9
juego1	easy	50.0	0.009	277274	700	369	379	10	7	43.9	43.9	43.9
juego1	easy	50.0	0.009	277282	700	369	379	10	7	43.9	43.9	43.9
juego1	easy	50.0	0.009	277291	700	369	379	10	7	43.9	43.9	43.9
juego1	easy	50.0	0.009	277300	700	369	379	10	7	43.9	43.9	43.9
juego1	easy	50.0	0.009	277308	700	369	379	10	7	43.9	43.9	43.9
juego1	easy	50.0	0.009	277317	700	369	379	10	7	43.9	43.9	43.9
juego1	easy	50.0	0.009	277326	700	369	379	10	7	43.9	43.9	43.9
juego1	easy	50.0	0.009	277335	700	369	379	10	7	43.9	43.9	43.9
juego1	easy	50.0	0.009	277342	700	369	379	10	7	43.9	43.9	43.9
juego1	easy	50.0	0.009	277351	700	369	379	10	7	43.9	43.9	43.9
juego1	easy	50.0	0.009	277360	700	369	379	10	7	43.9	43.9	43.9
juego1	easy	50.0	0.009	277369	700	369	379	10	7	43.9	43.9	43.9
juego1	easy	50.0	0.009	277377	700	369	379	10	7	43.9	43.9	43.9
juego1	easy	50.0	0.009	277386	700	369	379	10	7	43.9	43.9	43.9
juego1	easy	50.0	0.009	277394	700	369	379	10	7	43.9	43.9	43.9
juego1	easy	50.0	0.009	277403	700	369	379	10	7	43.9	43.9	43.9
juego1	easy	50.0	0.009	277411	700	369	379	10	7	43.9	43.9	43.9
juego1	easy	50.0	0.009	277420	700	369	379	10	7	43.9	43.9	43.9
juego1	easy	50.0	0.009	277429	700	369	379	10	7	43.9	43.9	43.9
juego1	easy	50.0	0.009	277438	700	369	379	10	7	43.9	43.9	43.9
juego1	easy	50.0	0.009	277446	700	369	379	10	7	43.9	43.9	43.9
juego1	easy	50.0	0.009	277455	700	369	379	10	7	43.9	43.9	43.9
juego1	easy	50.0	0.009	277463	700	369	379	10	7	43.9	43.9	43.9
juego1	easy	50.0	0.009	277472	700	369	379	10	7	43.9	43.9	43.9
juego1	easy	50.0	0.009	277480	700	368	379	11	7	43.9	43.9	43.9
juego1	easy	50.0	0.009	277489	700	368	379	11	7	43.9	43.9	43.9
juego1	easy	50.0	0.009	277498	700	368	379	11	7	43.9	43.9	43.9
juego1	easy	50.0	0.009	277507	700	368	379	11	7	43.9	43.9	43.9
juego1	easy	50.0	0.009	277516	700	368	379	11	7	43.9	43.9	43.9
juego1	easy	50.0	0.009	277524	700	368	379	11	7	43.9	43.9	43.9
juego1	easy	50.0	0.009	277533	700	368	379	11	7	43.9	43.9	43.9
juego1	easy	50.0	0.009	277542	700	368	379	11	7	43.9	43.9	43.9
juego1	easy	50.0	0.009	277550	700	368	379	11	7	43.9	43.9	43.9
juego1	easy	50.0	0.009	277559	700	368	379	11	7	43.9	43.9	43.9
juego1	easy	50.0	0.009	277568	700	367	379	12	7	43.9	43.9	43.9
juego1	easy	50.0	0.009	277576	700	367	379	12	7	43.9	43.9	43.9
juego1	easy	50.0	0.009	277585	700	367	379	12	7	43.9	43.9	43.9
juego1	easy	50.0	0.009	277594	700	367	379	12	7	43.9	43.9	43.9
juego1	easy	50.0	0.009	277603	700	367	379	12	7	43.9	43.9	43.9
juego1	easy	50.0	0.009	277611	700	367	379	12	7	43.9	43.9	43.9
juego1	easy	50.0	0.009	277620	700	366	379	13	7	43.9	43.9	43.9
juego1	easy	50.0	0.009	277628	700	366	379	13	7	43.9	43.9	43.9
juego1	easy	50.0	0.009	277637	700	366	379	13	7	43.9	43.9	43.9
juego1	easy	50.0	0.009	277644	700	366	379	13	7	43.9	43.9	43.9
juego1	easy	50.0	0.009	277653	700	366	379	13	7	43.9	43.9	43.9
juego1	easy	50.0	0.009	277661	700	365	379	14	7	43.9	43.9	43.9
juego1	easy	50.0	0.009	277670	700	365	379	14	7	43.9	43.9	43.9
juego1	easy	50.0	0.009	277679	700	365	379	14	7	43.9	43.9	43.9
juego1	easy	50.0	0.009	277688	700	365	379	14	7	43.9	43.9	43.9
juego1	easy	50.0	0.009	277696	700	364	379	15	7	43.9	43.9	43.9
juego1	easy	50.0	0.009	277706	700	364	379	15	7	43.9	43.9	43.9
juego1	easy	50.0	0.009	277713	700	364	379	15	7	43.9	43.9	43.9
juego1	easy	50.0	0.009	277722	700	364	379	15	7	43.9	43.9	43.9
juego1	easy	50.0	0.009	277731	700	363	379	16	7	43.9	43.9	43.9
juego1	easy	50.0	0.009	277738	700	363	379	16	7	43.9	43.9	43.9
juego1	easy	50.0	0.009	277747	700	363	379	16	7	43.9	43.9	43.9
juego1	easy	50.0	0.009	277754	700	363	379	16	7	43.9	43.9	43.9
juego1	easy	50.0	0.009	277763	700	362	379	17	7	43.9	43.9	43.9
juego1	easy	50.0	0.009	277772	700	362	379	17	7	43.9	43.9	43.9
juego1	easy	50.0	0.009	277781	700	362	379	17	7	43.9	43.9	43.9
juego1	easy	50.0	0.009	277790	700	361	379	18	7	43.9	43.9	43.9
juego1	easy	50.0	0.009	277798	700	361	379	18	7	43.9	43.9	43.9
juego1	easy	50.0	0.009	277807	700	361	379	18	7	43.9	43.9	43.9
juego1	easy	50.0	0.009	277816	700	361	379	18	7	43.9	43.9	43.9
juego1	easy	50.0	0.009	277823	700	360	379	19	7	43.9	43.9	43.9
juego1	easy	50.0	0.009	277832	700	360	379	19	7	43.9	43.9	43.9
juego1	easy	50.0	0.009	277840	700	360	379	19	7	43.9	43.9	43.9
juego1	easy	50.0	0.009	277849	700	359	379	20	7	43.9	43.9	43.9
juego1	easy	50.0	0.009	277858	700	359	379	20	7	43.9	43.9	43.9
juego1	easy	50.0	0.009	277865	700	358	379	21	7	43.9	43.9	43.9
juego1	easy	50.0	0.009	277874	700	358	379	21	7	43.9	43.9	43.9
juego1	easy	50.0	0.009	277882	700	358	379	21	7	43.9	43.9	43.9
juego1	easy	50.0	0.009	277891	700	357	379	22	7	43.9	43.9	43.9
juego1	easy	50.0	0.009	277899	700	357	379	22	7	43.9	43.9	43.9
juego1	easy	50.0	0.009	277908	700	357	379	22	7	43.9	43.9	43.9
juego1	easy	50.0	0.009	277916	700	356	379	23	7	43.9	43.9	43.9
juego1	easy	50.0	0.009	277925	700	356	379	23	7	43.9	43.9	43.9
juego1	easy	50.0	0.009	277933	700	355	379	24	7	43.9	43.9	43.9
juego1	easy	50.0	0.009	277942	700	355	379	24	7	43.9	43.9	43.9
juego1	easy	50.0	0.009	277950	700	355	379	24	7	43.9	43.9	43.9
juego1	easy	50.0	0.009	277959	700	354	379	25	7	43.9	43.9	43.9
juego1	easy	50.0	0.009	277967	700	354	379	25	7	43.9	43.9	43.9
juego1	easy	50.0	0.009	277977	700	353	379	26	7	43.9	43.9	43.9
juego1	easy	50.0	0.009	277984	700	353	379	26	7	43.9	43.9	43.9
juego1	easy	50.0	0.009	277993	700	353	379	26	7	43.9	43.9	43.9
juego1	easy	50.0	0.009	278000	700	352	379	27	7	43.9	43.9	43.9
juego1	easy	50.0	0.009	278009	700	352	379	27	7	43.9	43.9	43.9
juego1	easy	50.0	0.009	278018	700	351	379	28	7	43.9	43.9	43.9
juego1	easy	50.0	0.009	278027	700	351	379	28	7	43.9	43.9	43.9
juego1	easy	50.0	0.009	278036	700	350	379	29	7	43.9	43.9	43.9
juego1	easy	50.0	0.009	278044	700	350	379	29	7	43.9	43.9	43.9
juego1	easy	50.0	0.009	278053	700	349	379	30	7	43.9	43.9	43.9
juego1	easy	50.0	0.009	278062	700	349	379	30	7	43.9	43.9	43.9
juego1	easy	50.0	0.009	278069	700	348	379	31	7	43.9	43.9	43.9
juego1	easy	50.0	0.009	278078	700	348	379	31	7	43.9	43.9	43.9
juego1	easy	50.0	0.009	278087	700	347	379	32	7	43.9	43.9	43.9
juego1	easy	50.0	0.009	278094	700	347	379	32	7	43.9	43.9	43.9
juego1	easy	50.0	0.009	278103	700	346	379	33	7	43.9	43.9	43.9
juego1	easy	50.0	0.009	278112	700	346	379	33	7	43.9	43.9	43.9
juego1	easy	50.0	0.009	278119	700	345	379	34	7	43.9	43.9	43.9
juego1	easy	50.0	0.009	278128	700	345	379	34	7	43.9	43.9	43.9
juego1	easy	50.0	0.009	278135	700	344	379	35	7	43.9	43.9	43.9
juego1	easy	50.0	0.009	278144	700	344	379	35	7	43.9	43.9	43.9
juego1	easy	50.0	0.009	278153	700	343	379	36	7	43.9	43.9	43.9
juego1	easy	50.0	0.009	278162	700	343	379	36	7	43.9	43.9	43.9
juego1	easy	50.0	0.009	278169	700	342	379	37	7	43.9	43.9	43.9
juego1	easy	50.0	0.009	278178	700	342	379	37	7	43.9	43.9	43.9
juego1	easy	50.0	0.009	278186	700	341	379	38	7	43.9	43.9	43.9
juego1	easy	50.0	0.009	278194	700	341	379	38	7	43.9	43.9	43.9
juego1	easy	50.0	0.009	278203	700	340	379	39	7	43.9	43.9	43.9
juego1	easy	50.0	0.009	278211	700	339	379	40	7	43.9	43.9	43.9
juego1	easy	50.0	0.009	278220	700	339	379	40	7	43.9	43.9	43.9
juego1	easy	50.0	0.009	278229	700	338	379	41	7	43.9	43.9	43.9
juego1	easy	50.0	0.009	278237	700	338	379	41	7	43.9	43.9	43.9
juego1	easy	50.0	0.009	278245	700	337	379	42	7	43.9	43.9	43.9
juego1	easy	50.0	0.009	278253	700	337	379	42	7	43.9	43.9	43.9
juego1	easy	50.0	0.009	278262	700	336	379	43	7	43.9	43.9	43.9
juego1	easy	50.0	0.009	278270	700	335	379	44	7	43.9	43.9	43.9
juego1	easy	50.0	0.009	278279	700	335	379	44	7	43.9	43.9	43.9
juego1	easy	50.0	0.009	278287	700	334	379	45	7	43.9	43.9	43.9
juego1	easy	50.0	0.009	278296	700	334	379	45	7	43.9	43.9	43.9
juego1	easy	50.0	0.009	278305	700	333	379	46	7	43.9	43.9	43.9
juego1	easy	50.0	0.009	278314	700	332	379	47	7	43.9	43.9	43.9
juego1	easy	50.0	0.009	278322	700	332	379	47	7	43.9	43.9	43.9
juego1	easy	50.0	0.009	278331	700	331	379	48	7	43.9	43.9	43.9
juego1	easy	50.0	0.009	278339	700	331	379	48	7	43.9	43.9	43.9
juego1	easy	50.0	0.009	278348	700	330	379	49	7	43.9	43.9	43.9
juego1	easy	50.0	0.009	278357	700	329	379	50	7	43.9	43.9	43.9
juego1	easy	50.0	0.009	278364	700	329	379	50	7	43.9	43.9	43.9
juego1	easy	50.0	0.009	278373	700	328	379	51	7	43.9	43.9	43.9
juego1	easy	50.0	0.009	278381	700	327	379	52	7	43.9	43.9	43.9
juego1	easy	50.0	0.009	278390	700	327	379	52	7	43.9	43.9	43.9
juego1	easy	50.0	0.009	278398	700	326	379	53	7	43.9	43.9	43.9
juego1	easy	50.0	0.009	278407	700	326	379	53	7	43.9	43.9	43.9
juego1	easy	50.0	0.009	278415	700	325	379	54	7	43.9	43.9	43.9
juego1	easy	50.0	0.009	278424	700	324	379	55	7	43.9	43.9	43.9
juego1	easy	50.0	0.009	278432	700	324	379	55	7	43.9	43.9	43.9
juego1	easy	50.0	0.009	278441	700	323	379	56	7	43.9	43.9	43.9
juego1	easy	50.0	0.009	278450	700	322	379	57	7	43.9	43.9	43.9
juego1	easy	50.0	0.009	278459	700	322	379	57	7	43.9	43.9	43.9
juego1	easy	50.0	0.009	278467	700	321	379	58	7	43.9	43.9	43.9
juego1	easy	50.0	0.009	278476	700	320	379	59	7	43.9	43.9	43.9
juego1	easy	50.0	0.009	278485	700	320	379	59	7	43.9	43.9	43.9
juego1	easy	50.0	0.009	278494	700	319	379	60	7	43.9	43.9	43.9
juego1	easy	50.0	0.009	278502	700	318	379	61	7	43.9	43.9	43.9
juego1	easy	50.0	0.009	278511	700	318	379	61	7	43.9	43.9	43.9
juego1	easy	50.0	0.009	278520	700	317	379	62	7	43.9	43.9	43.9
juego1	easy	50.0	0.009	278529	700	316	379	63	7	43.9	43.9	43.9
juego1	easy	50.0	0.009	278538	700	316	379	63	7	43.9	43.9	43.9
juego1	easy	50.0	0.009	278546	700	315	379	64	7	43.9	43.9	43.9
juego1	easy	50.0	0.009	278555	700	314	379	65	7	43.9	43.9	43.9
juego1	easy	50.0	0.009	278564	700	314	379	65	7	43.9	43.9	43.9
juego1	easy	50.0	0.009	278573	700	313	379	66	7	43.9	43.9	43.9
juego1	easy	50.0	0.009	278582	700	312	379	67	7	43.9	43.9	43.9
juego1	easy	50.0	0.009	278591	700	311	379	68	7	43.9	43.9	43.9
juego1	easy	50.0	0.009	278599	700	311	379	68	7	43.9	43.9	43.9
juego1	easy	50.0	0.009	278608	700	310	379	69	7	43.9	43.9	43.9
juego1	easy	50.0	0.009	278617	700	309	379	70	7	43.9	43.9	43.9
juego1	easy	50.0	0.009	278626	700	309	379	70	7	43.9	43.9	43.9
juego1	easy	50.0	0.009	278635	700	308	379	71	7	43.9	43.9	43.9
juego1	easy	50.0	0.009	278644	700	307	379	72	7	43.9	43.9	43.9
juego1	easy	50.0	0.009	278653	700	307	379	72	7	43.9	43.9	43.9
juego1	easy	50.0	0.009	278662	700	306	379	73	7	43.9	43.9	43.9
juego1	easy	50.0	0.009	278671	700	305	379	74	7	43.9	43.9	43.9
juego1	easy	50.0	0.009	278680	700	304	379	75	7	43.9	43.9	43.9
juego1	easy	50.0	0.009	278689	700	304	379	75	7	43.9	43.9	43.9
juego1	easy	50.0	0.009	278698	700	303	379	76	7	43.9	43.9	43.9
juego1	easy	50.0	0.009	278707	700	302	379	77	7	43.9	43.9	43.9
juego1	easy	50.0	0.009	278716	700	302	379	77	7	43.9	43.9	43.9
juego1	easy	50.0	0.009	278724	700	301	379	78	7	43.9	43.9	43.9
juego1	easy	50.0	0.009	278733	700	300	379	79	7	43.9	43.9	43.9
juego1	easy	50.0	0.009	278741	700	300	379	79	7	43.9	43.9	43.9
juego1	easy	50.0	0.009	278749	700	300	379	79	7	43.9	43.9	43.9
juego1	easy	50.0	0.009	278758	700	299	379	80	7	43.9	43.9	43.9
juego1	easy	50.0	0.009	278766	700	298	379	81	7	43.9	43.9	43.9
juego1	easy	50.0	0.009	278775	700	298	379	81	7	43.9	43.9	43.9
juego1	easy	50.0	0.009	278784	700	297	379	82	7	43.9	43.9	43.9
juego1	easy	50.0	0.009	278792	700	296	379	83	7	43.9	43.9	43.9
juego1	easy	50.0	0.009	278801	700	295	379	84	7	43.9	43.9	43.9
juego1	easy	50.0	0.009	278809	700	295	379	84	7	43.9	43.9	43.9
juego1	easy	50.0	0.009	278818	700	294	379	85	7	43.9	43.9	43.9
juego1	easy	50.0	0.009	278826	700	293	379	86	7	43.9	43.9	43.9
juego1	easy	50.0	0.009	278834	700	292	379	87	7	43.9	43.9	43.9
juego1	easy	50.0	0.009	278843	700	292	379	87	7	43.9	43.9	43.9
juego1	easy	50.0	0.009	278850	700	291	379	88	7	43.9	43.9	43.9
juego1	easy	50.0	0.009	278859	700	290	379	89	7	43.9	43.9	43.9
juego1	easy	50.0	0.009	278867	700	290	379	89	8	43.9	43.9	43.9
juego1	easy	30.0	0.007	278875	700	289	379	90	8	43.9	43.9	43.9
juego1	easy	30.0	0.007	278884	700	289	379	90	8	43.9	43.9	43.9
juego1	easy	30.0	0.007	278893	700	289	379	90	8	43.9	43.9	43.9
juego1	easy	30.0	0.007	278900	700	289	379	90	8	43.9	43.9	43.9
juego1	easy	30.0	0.007	278915	700	288	379	91	8	43.9	43.9	43.9
juego1	easy	30.0	0.007	278924	700	288	379	91	8	43.9	43.9	43.9
juego1	easy	30.0	0.007	278933	700	288	379	91	8	43.9	43.9	43.9
juego1	easy	30.0	0.007	278941	700	287	379	92	8	43.9	43.9	43.9
juego1	easy	30.0	0.007	278949	700	287	379	92	8	43.9	43.9	43.9
juego1	easy	30.0	0.007	278958	700	287	379	92	8	43.9	43.9	43.9
juego1	easy	30.0	0.007	278966	700	287	379	92	8	43.9	43.9	43.9
juego1	easy	30.0	0.007	278975	700	286	379	93	8	43.9	43.9	43.9
juego1	easy	30.0	0.007	278984	700	286	379	93	8	43.9	43.9	43.9
juego1	easy	30.0	0.007	278993	700	286	379	93	8	43.9	43.9	43.9
juego1	easy	30.0	0.007	279000	700	285	379	94	8	43.9	43.9	43.9
juego1	easy	30.0	0.007	279009	700	285	379	94	8	43.9	43.9	43.9
juego1	easy	30.0	0.007	279018	700	285	379	94	8	43.9	43.9	43.9
juego1	easy	30.0	0.007	279026	700	285	379	94	8	43.9	43.9	43.9
juego1	easy	30.0	0.007	279035	700	284	379	95	8	43.9	43.9	43.9
juego1	easy	30.0	0.007	279044	700	284	379	95	8	43.9	43.9	43.9
juego1	easy	30.0	0.007	279052	700	284	379	95	8	43.9	43.9	43.9
juego1	easy	30.0	0.007	279061	700	283	379	96	8	43.9	43.9	43.9
juego1	easy	30.0	0.007	279070	700	283	379	96	8	43.9	43.9	43.9
juego1	easy	30.0	0.007	279079	700	283	379	96	8	43.9	43.9	43.9
juego1	easy	30.0	0.007	279088	700	283	379	96	8	43.9	43.9	43.9
juego1	easy	30.0	0.007	279095	700	282	379	97	8	43.9	43.9	43.9
juego1	easy	30.0	0.007	279104	700	282	379	97	8	43.9	43.9	43.9
juego1	easy	30.0	0.007	279113	700	282	379	97	8	43.9	43.9	43.9
juego1	easy	30.0	0.007	279122	700	281	379	98	8	43.9	43.9	43.9
juego1	easy	30.0	0.007	279131	700	281	379	98	8	43.9	43.9	43.9
juego1	easy	30.0	0.007	279139	700	281	379	98	8	43.9	43.9	43.9
juego1	easy	30.0	0.007	279148	700	281	379	98	8	43.9	43.9	43.9
juego1	easy	30.0	0.007	279157	700	280	379	99	8	43.9	43.9	43.9
juego1	easy	30.0	0.007	279166	700	280	379	99	8	43.9	43.9	43.9
juego1	easy	30.0	0.007	279175	700	280	379	99	8	43.9	43.9	43.9
juego1	easy	30.0	0.007	279184	700	279	379	100	8	43.9	43.9	43.9
juego1	easy	30.0	0.007	279192	700	279	379	100	8	43.9	43.9	43.9
juego1	easy	30.0	0.007	279201	700	279	379	100	8	43.9	43.9	43.9
juego1	easy	30.0	0.007	279210	700	279	379	100	8	43.9	43.9	43.9
juego1	easy	30.0	0.007	279219	700	278	379	101	8	43.9	43.9	43.9
juego1	easy	30.0	0.007	279228	700	278	379	101	8	43.9	43.9	43.9
juego1	easy	30.0	0.007	279236	700	278	379	101	8	43.9	43.9	43.9
juego1	easy	30.0	0.007	279245	700	277	379	102	8	43.9	43.9	43.9
juego1	easy	30.0	0.007	279254	700	277	379	102	8	43.9	43.9	43.9
juego1	easy	30.0	0.007	279263	700	277	379	102	8	43.9	43.9	43.9
juego1	easy	30.0	0.007	279272	700	277	379	102	8	43.9	43.9	43.9
juego1	easy	30.0	0.007	279279	700	276	379	103	8	43.9	43.9	43.9
juego1	easy	30.0	0.007	279288	700	276	379	103	8	43.9	43.9	43.9
juego1	easy	30.0	0.007	279297	700	276	379	103	8	43.9	43.9	43.9
juego1	easy	30.0	0.007	279306	700	275	379	104	8	43.9	43.9	43.9
juego1	easy	30.0	0.007	279314	700	275	379	104	8	43.9	43.9	43.9
juego1	easy	30.0	0.007	279322	700	275	379	104	8	43.9	43.9	43.9
juego1	easy	30.0	0.007	279330	700	275	379	104	8	43.9	43.9	43.9
juego1	easy	30.0	0.007	279339	700	274	379	105	8	43.9	43.9	43.9
juego1	easy	30.0	0.007	279348	700	274	379	105	8	43.9	43.9	43.9
juego1	easy	30.0	0.007	279357	700	274	379	105	8	43.9	43.9	43.9
juego1	easy	30.0	0.007	279364	700	274	379	105	8	43.9	43.9	43.9
juego1	easy	30.0	0.007	279373	700	273	379	106	8	43.9	43.9	43.9
juego1	easy	30.0	0.007	279382	700	273	379	106	8	43.9	43.9	43.9
juego1	easy	30.0	0.007	279391	700	273	379	106	8	43.9	43.9	43.9
juego1	easy	30.0	0.007	279398	700	272	379	107	8	43.9	43.9	43.9
juego1	easy	30.0	0.007	279406	700	272	379	107	8	43.9	43.9	43.9
juego1	easy	30.0	0.007	279415	700	272	379	107	8	43.9	43.9	43.9
juego1	easy	30.0	0.007	279423	700	272	379	107	8	43.9	43.9	43.9
juego1	easy	30.0	0.007	279430	700	271	379	108	8	43.9	43.9	43.9
juego1	easy	30.0	0.007	279438	700	271	379	108	8	43.9	43.9	43.9
juego1	easy	30.0	0.007	279447	700	271	379	108	8	43.9	43.9	43.9
juego1	easy	30.0	0.007	279456	700	271	379	108	8	43.9	43.9	43.9
juego1	easy	30.0	0.007	279463	700	270	379	109	8	43.9	43.9	43.9
juego1	easy	30.0	0.007	279472	700	270	379	109	8	43.9	43.9	43.9
juego1	easy	30.0	0.007	279481	700	270	379	109	8	43.9	43.9	43.9
juego1	easy	30.0	0.007	279490	700	270	379	109	8	43.9	43.9	43.9
juego1	easy	30.0	0.007	279499	700	269	379	110	8	43.9	43.9	43.9
juego1	easy	30.0	0.007	279506	700	269	379	110	8	43.9	43.9	43.9
juego1	easy	30.0	0.007	279515	700	269	379	110	8	43.9	43.9	43.9
juego1	easy	30.0	0.007	279524	700	269	379	110	8	43.9	43.9	43.9
juego1	easy	30.0	0.007	279533	700	268	379	111	8	43.9	43.9	43.9
juego1	easy	30.0	0.007	279540	700	268	379	111	8	43.9	43.9	43.9
juego1	easy	30.0	0.007	279549	700	268	379	111	8	43.9	43.9	43.9
juego1	easy	30.0	0.007	279558	700	268	379	111	8	43.9	43.9	43.9
juego1	easy	30.0	0.007	279567	700	267	379	112	8	43.9	43.9	43.9
juego1	easy	30.0	0.007	279576	700	267	379	112	8	43.9	43.9	43.9
juego1	easy	30.0	0.007	279585	700	267	379	112	8	43.9	43.9	43.9
juego1	easy	30.0	0.007	279594	700	267	379	112	8	43.9	43.9	43.9
juego1	easy	30.0	0.007	279603	700	266	379	113	8	43.9	43.9	43.9
juego1	easy	30.0	0.007	279612	700	266	379	113	8	43.9	43.9	43.9
juego1	easy	30.0	0.007	279619	700	266	379	113	8	43.9	43.9	43.9
juego1	easy	30.0	0.007	279628	700	266	379	113	8	43.9	43.9	43.9
juego1	easy	30.0	0.007	279637	700	265	379	114	8	43.9	43.9	43.9
juego1	easy	30.0	0.007	279646	700	265	379	114	8	43.9	43.9	43.9
juego1	easy	30.0	0.007	279655	700	265	379	114	8	43.9	43.9	43.9
juego1	easy	30.0	0.007	279664	700	265	379	114	8	43.9	43.9	43.9
juego1	easy	30.0	0.007	279672	700	264	379	115	8	43.9	43.9	43.9
juego1	easy	30.0	0.007	279680	700	264	379	115	8	43.9	43.9	43.9
juego1	easy	30.0	0.007	279687	700	264	379	115	8	43.9	43.9	43.9
juego1	easy	30.0	0.007	279696	700	264	379	115	8	43.9	43.9	43.9
juego1	easy	30.0	0.007	279705	700	264	379	115	8	43.9	43.9	43.9
juego1	easy	30.0	0.007	279712	700	263	379	116	8	43.9	43.9	43.9
juego1	easy	30.0	0.007	279721	700	263	379	116	8	43.9	43.9	43.9
juego1	easy	30.0	0.007	279729	700	263	379	116	8	43.9	43.9	43.9
juego1	easy	30.0	0.007	279738	700	263	379	116	8	43.9	43.9	43.9
juego1	easy	30.0	0.007	279747	700	262	379	117	8	43.9	43.9	43.9
juego1	easy	30.0	0.007	279756	700	262	379	117	8	43.9	43.9	43.9
juego1	easy	30.0	0.007	279765	700	262	379	117	8	43.9	43.9	43.9
juego1	easy	30.0	0.007	279773	700	262	379	117	8	43.9	43.9	43.9
juego1	easy	30.0	0.007	279781	700	262	379	117	8	43.9	43.9	43.9
juego1	easy	30.0	0.007	279790	700	261	379	118	8	43.9	43.9	43.9
juego1	easy	30.0	0.007	279798	700	261	379	118	8	43.9	43.9	43.9
juego1	easy	30.0	0.007	279806	700	261	379	118	8	43.9	43.9	43.9
juego1	easy	30.0	0.007	279813	700	261	379	118	8	43.9	43.9	43.9
juego1	easy	30.0	0.007	279822	700	260	379	119	8	43.9	43.9	43.9
juego1	easy	30.0	0.007	279830	700	260	379	119	8	43.9	43.9	43.9
juego1	easy	30.0	0.007	279837	700	260	379	119	8	43.9	43.9	43.9
juego1	easy	30.0	0.007	279846	700	260	379	119	8	43.9	43.9	43.9
juego1	easy	30.0	0.007	279855	700	260	379	119	8	43.9	43.9	43.9
juego1	easy	30.0	0.007	279863	700	259	379	120	8	43.9	43.9	43.9
juego1	easy	30.0	0.007	279871	700	259	379	120	8	43.9	43.9	43.9
juego1	easy	30.0	0.007	279881	700	259	379	120	8	43.9	43.9	43.9
juego1	easy	30.0	0.007	279888	700	259	379	120	8	43.9	43.9	43.9
juego1	easy	30.0	0.007	279897	700	259	379	120	8	43.9	43.9	43.9
juego1	easy	30.0	0.007	279906	700	258	379	121	8	43.9	43.9	43.9
juego1	easy	30.0	0.007	279915	700	258	379	121	8	43.9	43.9	43.9
juego1	easy	30.0	0.007	279924	700	258	379	121	8	43.9	43.9	43.9
juego1	easy	30.0	0.007	279932	700	258	379	121	8	43.9	43.9	43.9
juego1	easy	30.0	0.007	279941	700	258	379	121	8	43.9	43.9	43.9
juego1	easy	30.0	0.007	279949	700	257	379	122	8	43.9	43.9	43.9
juego1	easy	30.0	0.007	279958	700	257	379	122	8	43.9	43.9	43.9
juego1	easy	30.0	0.007	279967	700	257	379	122	8	43.9	43.9	43.9
juego1	easy	30.0	0.007	279976	700	257	379	122	8	43.9	43.9	43.9
juego1	easy	30.0	0.007	279985	700	257	379	122	8	43.9	43.9	43.9
juego1	easy	30.0	0.007	279994	700	257	379	122	8	43.9	43.9	43.9
juego1	easy	30.0	0.007	280003	700	256	379	123	8	43.9	43.9	43.9
juego1	easy	30.0	0.007	280012	700	256	379	123	8	43.9	43.9	43.9
juego1	easy	30.0	0.007	280021	700	256	379	123	8	43.9	43.9	43.9
juego1	easy	30.0	0.007	280028	700	256	379	123	8	43.9	43.9	43.9
juego1	easy	30.0	0.007	280037	700	256	379	123	8	43.9	43.9	43.9
juego1	easy	30.0	0.007	280046	700	256	379	123	8	43.9	43.9	43.9
juego1	easy	30.0	0.007	280054	700	255	379	124	8	43.9	43.9	43.9
juego1	easy	30.0	0.007	280063	700	255	379	124	8	43.9	43.9	43.9
juego1	easy	30.0	0.007	280071	700	255	379	124	8	43.9	43.9	43.9
juego1	easy	30.0	0.007	280080	700	255	379	124	8	43.9	43.9	43.9
juego1	easy	30.0	0.007	280087	700	255	379	124	8	43.9	43.9	43.9
juego1	easy	30.0	0.007	280096	700	255	379	124	8	43.9	43.9	43.9
juego1	easy	30.0	0.007	280104	700	254	379	125	8	43.9	43.9	43.9
juego1	easy	30.0	0.007	280113	700	254	379	125	8	43.9	43.9	43.9
juego1	easy	30.0	0.007	280122	700	254	379	125	8	43.9	43.9	43.9
juego1	easy	30.0	0.007	280131	700	254	379	125	8	43.9	43.9	43.9
juego1	easy	30.0	0.007	280139	700	254	379	125	8	43.9	43.9	43.9
juego1	easy	30.0	0.007	280148	700	254	379	125	8	43.9	43.9	43.9
juego1	easy	30.0	0.007	280157	700	253	379	126	8	43.9	43.9	43.9
juego1	easy	30.0	0.007	280167	700	253	379	126	8	43.9	43.9	43.9
juego1	easy	30.0	0.007	280174	700	253	379	126	8	43.9	43.9	43.9
juego1	easy	30.0	0.007	280183	700	253	379	126	8	43.9	43.9	43.9
juego1	easy	30.0	0.007	280191	700	253	379	126	8	43.9	43.9	43.9
juego1	easy	30.0	0.007	280200	700	253	379	126	8	43.9	43.9	43.9
juego1	easy	30.0	0.007	280209	700	253	379	126	8	43.9	43.9	43.9
juego1	easy	30.0	0.007	280217	700	252	379	127	8	43.9	43.9	43.9
juego1	easy	30.0	0.007	280225	700	252	379	127	8	43.9	43.9	43.9
juego1	easy	30.0	0.007	280232	700	252	379	127	8	43.9	43.9	43.9
juego1	easy	30.0	0.007	280241	700	252	379	127	8	43.9	43.9	43.9
juego1	easy	30.0	0.007	280250	700	252	379	127	8	43.9	43.9	43.9
juego1	easy	30.0	0.007	280259	700	252	379	127	8	43.9	43.9	43.9
juego1	easy	30.0	0.007	280268	700	252	379	127	8	43.9	43.9	43.9
juego1	easy	30.0	0.007	280277	700	252	379	127	8	43.9	43.9	43.9
juego1	easy	30.0	0.007	280285	700	251	379	128	8	43.9	43.9	43.9
juego1	easy	30.0	0.007	280293	700	251	379	128	8	43.9	43.9	43.9
juego1	easy	30.0	0.007	280302	700	251	379	128	8	43.9	43.9	43.9
juego1	easy	30.0	0.007	280310	700	251	379	128	8	43.9	43.9	43.9
juego1	easy	30.0	0.007	280318	700	251	379	128	8	43.9	43.9	43.9
juego1	easy	30.0	0.007	280326	700	251	379	128	8	43.9	43.9	43.9
juego1	easy	30.0	0.007	280334	700	251	379	128	8	43.9	43.9	43.9
juego1	easy	30.0	0.007	280343	700	251	379	128	8	43.9	43.9	43.9
juego1	easy	30.0	0.007	280352	700	251	379	128	8	43.9	43.9	43.9
juego1	easy	30.0	0.007	280361	700	250	379	129	8	43.9	43.9	43.9
juego1	easy	30.0	0.007	280370	700	250	379	129	8	43.9	43.9	43.9
juego1	easy	30.0	0.007	280377	700	250	379	129	8	43.9	43.9	43.9
juego1	easy	30.0	0.007	280386	700	250	379	129	8	43.9	43.9	43.9
juego1	easy	30.0	0.007	280394	700	250	379	129	8	43.9	43.9	43.9
juego1	easy	30.0	0.007	280402	700	250	379	129	8	43.9	43.9	43.9
juego1	easy	30.0	0.007	280411	700	250	379	129	8	43.9	43.9	43.9
juego1	easy	30.0	0.007	280420	700	250	379	129	8	43.9	43.9	43.9
juego1	easy	30.0	0.007	280429	700	250	379	129	8	43.9	43.9	43.9
juego1	easy	30.0	0.007	280438	700	250	379	129	8	43.9	43.9	43.9
juego1	easy	30.0	0.007	280447	700	250	379	129	8	43.9	43.9	43.9
juego1	easy	30.0	0.007	280455	700	249	379	130	8	43.9	43.9	43.9
juego1	easy	30.0	0.007	280464	700	249	379	130	8	43.9	43.9	43.9
juego1	easy	30.0	0.007	280473	700	249	379	130	8	43.9	43.9	43.9
juego1	easy	30.0	0.007	280482	700	249	379	130	8	43.9	43.9	43.9
juego1	easy	30.0	0.007	280491	700	249	379	130	8	43.9	43.9	43.9
juego1	easy	30.0	0.007	280499	700	249	379	130	8	43.9	43.9	43.9
juego1	easy	30.0	0.007	280508	700	249	379	130	8	43.9	43.9	43.9
juego1	easy	30.0	0.007	280517	700	249	379	130	8	43.9	43.9	43.9
juego1	easy	30.0	0.007	280526	700	249	379	130	8	43.9	43.9	43.9
juego1	easy	30.0	0.007	280534	700	249	379	130	8	43.9	43.9	43.9
juego1	easy	30.0	0.007	280543	700	249	379	130	8	43.9	43.9	43.9
juego1	easy	30.0	0.007	280552	700	249	379	130	8	43.9	43.9	43.9
juego1	easy	30.0	0.007	280560	700	249	379	130	8	43.9	43.9	43.9
juego1	easy	30.0	0.007	280569	700	249	379	130	8	43.9	43.9	43.9
juego1	easy	30.0	0.007	280578	700	249	379	130	8	43.9	43.9	43.9
juego1	easy	30.0	0.007	280585	700	248	379	131	8	43.9	43.9	43.9
juego1	easy	30.0	0.007	280594	700	248	379	131	8	43.9	43.9	43.9
juego1	easy	30.0	0.007	280602	700	248	379	131	8	43.9	43.9	43.9
juego1	easy	30.0	0.007	280611	700	248	379	131	8	43.9	43.9	43.9
juego1	easy	30.0	0.007	280620	700	248	379	131	8	43.9	43.9	43.9
juego1	easy	30.0	0.007	280627	700	248	379	131	8	43.9	43.9	43.9
juego1	easy	30.0	0.007	280635	700	248	379	131	8	43.9	43.9	43.9
juego1	easy	30.0	0.007	280644	700	248	379	131	8	43.9	43.9	43.9
juego1	easy	30.0	0.007	280653	700	248	379	131	8	43.9	43.9	43.9
juego1	easy	30.0	0.007	280662	700	248	379	131	8	43.9	43.9	43.9
juego1	easy	30.0	0.007	280671	700	248	379	131	8	43.9	43.9	43.9
juego1	easy	30.0	0.007	280679	700	248	379	131	8	43.9	43.9	43.9
juego1	easy	30.0	0.007	280688	700	248	379	131	8	43.9	43.9	43.9
juego1	easy	30.0	0.007	280696	700	248	379	131	8	43.9	43.9	43.9
juego1	easy	30.0	0.007	280704	700	248	379	131	8	43.9	43.9	43.9
juego1	easy	30.0	0.007	280714	700	248	379	131	8	43.9	43.9	43.9
juego1	easy	30.0	0.007	280722	700	248	379	131	8	43.9	43.9	43.9
juego1	easy	30.0	0.007	280730	700	248	379	131	8	43.9	43.9	43.9
juego1	easy	30.0	0.007	280739	700	248	379	131	8	43.9	43.9	43.9
juego1	easy	30.0	0.007	280748	700	248	379	131	8	43.9	43.9	43.9
juego1	easy	30.0	0.007	280757	700	248	379	131	8	43.9	43.9	43.9
juego1	easy	30.0	0.007	280765	700	248	379	131	8	43.9	43.9	43.9
juego1	easy	30.0	0.007	280772	700	248	379	131	8	43.9	43.9	43.9
juego1	easy	30.0	0.007	280781	700	248	379	131	8	43.9	43.9	43.9
juego1	easy	30.0	0.007	280790	700	248	379	131	8	43.9	43.9	43.9
juego1	easy	30.0	0.007	280799	700	248	379	131	8	43.9	43.9	43.9
juego1	easy	30.0	0.007	280807	700	248	379	131	8	43.9	43.9	43.9
juego1	easy	30.0	0.007	280816	700	248	379	131	8	43.9	43.9	43.9
juego1	easy	30.0	0.007	280824	700	248	379	131	8	43.9	43.9	43.9
juego1	easy	30.0	0.007	280831	700	248	379	131	8	43.9	43.9	43.9
juego1	easy	30.0	0.007	280840	700	248	379	131	8	43.9	43.9	43.9
juego1	easy	30.0	0.007	280849	700	248	379	131	8	43.9	43.9	43.9
juego1	easy	30.0	0.007	280857	700	248	379	131	8	43.9	43.9	43.9
juego1	easy	30.0	0.007	280865	700	248	379	131	8	43.9	43.9	43.9
juego1	easy	30.0	0.007	280874	700	248	379	131	8	43.9	43.9	43.9
juego1	easy	30.0	0.007	280881	700	248	379	131	8	43.9	43.9	43.9
juego1	easy	30.0	0.007	280890	700	248	379	131	8	43.9	43.9	43.9
juego1	easy	30.0	0.007	280899	700	248	379	131	8	43.9	43.9	43.9
juego1	easy	30.0	0.007	280908	700	248	379	131	8	43.9	43.9	43.9
juego1	easy	30.0	0.007	280916	700	248	379	131	8	43.9	43.9	43.9
juego1	easy	30.0	0.007	280924	700	248	379	131	8	43.9	43.9	43.9
juego1	easy	30.0	0.007	280932	700	248	379	131	8	43.9	43.9	43.9
juego1	easy	30.0	0.007	280941	700	248	379	131	8	43.9	43.9	43.9
juego1	easy	30.0	0.007	280948	700	248	379	131	8	43.9	43.9	43.9
juego1	easy	30.0	0.007	280956	700	248	379	131	8	43.9	43.9	43.9
juego1	easy	30.0	0.007	280965	700	248	379	131	8	43.9	43.9	43.9
juego1	easy	30.0	0.007	280974	700	248	379	131	8	43.9	43.9	43.9
juego1	easy	30.0	0.007	280983	700	248	379	131	8	43.9	43.9	43.9
juego1	easy	30.0	0.007	280992	700	248	379	131	8	43.9	43.9	43.9
juego1	easy	30.0	0.007	281001	700	248	379	131	8	43.9	43.9	43.9
juego1	easy	30.0	0.007	281010	700	248	379	131	8	43.9	43.9	43.9
juego1	easy	30.0	0.007	281017	700	248	379	131	8	43.9	43.9	43.9
juego1	easy	30.0	0.007	281026	700	249	379	130	8	43.9	43.9	43.9
juego1	easy	30.0	0.007	281035	700	249	379	130	8	43.9	43.9	43.9
juego1	easy	30.0	0.007	281043	700	249	379	130	8	43.9	43.9	43.9
juego1	easy	30.0	0.007	281052	700	249	379	130	8	43.9	43.9	43.9
juego1	easy	30.0	0.007	281061	700	249	379	130	8	43.9	43.9	43.9
juego1	easy	30.0	0.007	281070	700	249	379	130	8	43.9	43.9	43.9
juego1	easy	30.0	0.007	281078	700	249	379	130	8	43.9	43.9	43.9
juego1	easy	30.0	0.007	281086	700	249	379	130	8	43.9	43.9	43.9
juego1	easy	30.0	0.007	281095	700	249	379	130	8	43.9	43.9	43.9
juego1	easy	30.0	0.007	281104	700	249	379	130	8	43.9	43.9	43.9
juego1	easy	30.0	0.007	281113	700	249	379	130	8	43.9	43.9	43.9
juego1	easy	30.0	0.007	281121	700	249	379	130	8	43.9	43.9	43.9
juego1	easy	30.0	0.007	281130	700	249	379	130	8	43.9	43.9	43.9
juego1	easy	30.0	0.007	281137	700	249	379	130	8	43.9	43.9	43.9
juego1	easy	30.0	0.007	281146	700	249	379	130	8	43.9	43.9	43.9
juego1	easy	30.0	0.007	281154	700	250	379	129	8	43.9	43.9	43.9
juego1	easy	30.0	0.007	281163	700	250	379	129	8	43.9	43.9	43.9
juego1	easy	30.0	0.007	281172	700	250	379	129	8	43.9	43.9	43.9
juego1	easy	30.0	0.007	281181	700	250	379	129	8	43.9	43.9	43.9
juego1	easy	30.0	0.007	281190	700	250	379	129	8	43.9	43.9	43.9
juego1	easy	30.0	0.007	281197	700	250	379	129	8	43.9	43.9	43.9
juego1	easy	30.0	0.007	281206	700	250	379	129	8	43.9	43.9	43.9
juego1	easy	30.0	0.007	281214	700	250	379	129	8	43.9	43.9	43.9
juego1	easy	30.0	0.007	281223	700	250	379	129	8	43.9	43.9	43.9
juego1	easy	30.0	0.007	281231	700	250	379	129	8	43.9	43.9	43.9
juego1	easy	30.0	0.007	281240	700	250	379	129	8	43.9	43.9	43.9
juego1	easy	30.0	0.007	281249	700	251	379	128	8	43.9	43.9	43.9
juego1	easy	30.0	0.007	281258	700	251	379	128	8	43.9	43.9	43.9
juego1	easy	30.0	0.007	281267	700	251	379	128	8	43.9	43.9	43.9
juego1	easy	30.0	0.007	281276	700	251	379	128	8	43.9	43.9	43.9
juego1	easy	30.0	0.007	281285	700	251	379	128	8	43.9	43.9	43.9
juego1	easy	30.0	0.007	281292	700	251	379	128	8	43.9	43.9	43.9
juego1	easy	30.0	0.007	281301	700	251	379	128	8	43.9	43.9	43.9
juego1	easy	30.0	0.007	281310	700	251	379	128	8	43.9	43.9	43.9
juego1	easy	30.0	0.007	281319	700	251	379	128	8	43.9	43.9	43.9
juego1	easy	30.0	0.007	281328	700	252	379	127	8	43.9	43.9	43.9
juego1	easy	30.0	0.007	281336	700	252	379	127	8	43.9	43.9	43.9
juego1	easy	30.0	0.007	281345	700	252	379	127	8	43.9	43.9	43.9
juego1	easy	30.0	0.007	281354	700	252	379	127	8	43.9	43.9	43.9
juego1	easy	30.0	0.007	281363	700	252	379	127	8	43.9	43.9	43.9
juego1	easy	30.0	0.007	281371	700	252	379	127	8	43.9	43.9	43.9
juego1	easy	30.0	0.007	281380	700	252	379	127	8	43.9	43.9	43.9
juego1	easy	30.0	0.007	281389	700	253	379	126	8	43.9	43.9	43.9
juego1	easy	30.0	0.007	281397	700	253	379	126	8	43.9	43.9	43.9
juego1	easy	30.0	0.007	281404	700	253	379	126	8	43.9	43.9	43.9
juego1	easy	30.0	0.007	281412	700	253	379	126	8	43.9	43.9	43.9
juego1	easy	30.0	0.007	281421	700	253	379	126	8	43.9	43.9	43.9
juego1	easy	30.0	0.007	281429	700	253	379	126	8	43.9	43.9	43.9
juego1	easy	30.0	0.007	281438	700	253	379	126	8	43.9	43.9	43.9
juego1	easy	30.0	0.007	281447	700	254	379	125	8	43.9	43.9	43.9
juego1	easy	30.0	0.007	281456	700	254	379	125	8	43.9	43.9	43.9
juego1	easy	30.0	0.007	281464	700	254	379	125	8	43.9	43.9	43.9
juego1	easy	30.0	0.007	281473	700	254	379	125	8	43.9	43.9	43.9
juego1	easy	30.0	0.007	281482	700	254	379	125	8	43.9	43.9	43.9
juego1	easy	30.0	0.007	281491	700	254	379	125	8	43.9	43.9	43.9
juego1	easy	30.0	0.007	281500	700	254	379	125	8	43.9	43.9	43.9
juego1	easy	30.0	0.007	281509	700	255	379	124	8	43.9	43.9	43.9
juego1	easy	30.0	0.007	281518	700	255	379	124	8	43.9	43.9	43.9
juego1	easy	30.0	0.007	281527	700	255	379	124	8	43.9	43.9	43.9
juego1	easy	30.0	0.007	281536	700	255	379	124	8	43.9	43.9	43.9
juego1	easy	30.0	0.007	281545	700	255	379	124	8	43.9	43.9	43.9
juego1	easy	30.0	0.007	281553	700	255	379	124	8	43.9	43.9	43.9
juego1	easy	30.0	0.007	281562	700	256	379	123	8	43.9	43.9	43.9
juego1	easy	30.0	0.007	281571	700	256	379	123	8	43.9	43.9	43.9
juego1	easy	30.0	0.007	281579	700	256	379	123	8	43.9	43.9	43.9
juego1	easy	30.0	0.007	281588	700	256	379	123	8	43.9	43.9	43.9
juego1	easy	30.0	0.007	281596	700	256	379	123	8	43.89	43.89	43.89
juego1	easy	30.0	0.007	281605	700	256	379	123	8	43.89	43.89	43.89
juego1	easy	30.0	0.007	281613	700	257	379	122	8	43.9	43.9	43.9
juego1	easy	30.0	0.007	281622	700	257	379	122	8	43.9	43.9	43.9
juego1	easy	30.0	0.007	281630	700	257	379	122	8	43.9	43.9	43.9
juego1	easy	30.0	0.007	281639	700	257	379	122	8	43.9	43.9	43.9
juego1	easy	30.0	0.007	281647	700	257	379	122	8	43.9	43.9	43.9
juego1	easy	30.0	0.007	281656	700	258	379	121	8	43.9	43.9	43.9
juego1	easy	30.0	0.007	281664	700	258	379	121	8	43.9	43.9	43.9
juego1	easy	30.0	0.007	281671	700	258	379	121	8	43.9	43.9	43.9
juego1	easy	30.0	0.007	281680	700	258	379	121	8	43.89	43.89	43.89
juego1	easy	30.0	0.007	281689	700	258	379	121	8	43.89	43.89	43.89
juego1	easy	30.0	0.007	281698	700	258	379	121	8	43.89	43.89	43.89
juego1	easy	30.0	0.007	281707	700	259	379	120	8	43.89	43.89	43.89
juego1	easy	30.0	0.007	281715	700	259	379	120	8	43.89	43.89	43.89
juego1	easy	30.0	0.007	281723	700	259	379	120	8	43.89	43.89	43.89
juego1	easy	30.0	0.007	281732	700	259	379	120	8	43.89	43.89	43.89
juego1	easy	30.0	0.007	281741	700	259	379	120	8	43.89	43.89	43.89
juego1	easy	30.0	0.007	281750	700	260	379	119	8	43.89	43.89	43.89
juego1	easy	30.0	0.007	281758	700	260	379	119	8	43.89	43.89	43.89
juego1	easy	30.0	0.007	281766	700	260	379	119	8	43.89	43.89	43.89
juego1	easy	30.0	0.007	281775	700	260	379	119	8	43.89	43.89	43.89
juego1	easy	30.0	0.007	281784	700	261	379	118	8	43.89	43.89	43.89
juego1	easy	30.0	0.007	281791	700	261	379	118	8	43.89	43.89	43.89
juego1	easy	30.0	0.007	281800	700	261	379	118	8	43.89	43.89	43.89
juego1	easy	30.0	0.007	281810	700	261	379	118	8	43.89	43.89	43.89
juego1	easy	30.0	0.007	281817	700	261	379	118	8	43.89	43.89	43.89
juego1	easy	30.0	0.007	281826	700	262	379	117	8	43.89	43.89	43.89
juego1	easy	30.0	0.007	281835	700	262	379	117	8	43.89	43.89	43.89
juego1	easy	30.0	0.007	281843	700	262	379	117	8	43.89	43.89	43.89
juego1	easy	30.0	0.007	281852	700	262	379	117	8	43.89	43.89	43.89
juego1	easy	30.0	0.007	281861	700	262	379	117	8	43.89	43.89	43.89
juego1	easy	30.0	0.007	281870	700	263	379	116	8	43.89	43.89	43.89
juego1	easy	30.0	0.007	281878	700	263	379	116	8	43.89	43.89	43.89
juego1	easy	30.0	0.007	281887	700	263	379	116	8	43.89	43.89	43.89
juego1	easy	30.0	0.007	281896	700	263	379	116	8	43.89	43.89	43.89
juego1	easy	30.0	0.007	281904	700	264	379	115	8	43.89	43.89	43.89
juego1	easy	30.0	0.007	281912	700	264	379	115	8	43.89	43.89	43.89
juego1	easy	30.0	0.007	281921	700	264	379	115	8	43.89	43.89	43.89
juego1	easy	30.0	0.007	281928	700	264	379	115	8	43.89	43.89	43.89
juego1	easy	30.0	0.007	281937	700	265	379	114	8	43.89	43.89	43.89
juego1	easy	30.0	0.007	281946	700	265	379	114	8	43.89	43.89	43.89
juego1	easy	30.0	0.007	281956	700	265	379	114	8	43.89	43.89	43.89
juego1	easy	30.0	0.007	281963	700	265	379	114	8	43.89	43.89	43.89
juego1	easy	30.0	0.007	281972	700	265	379	114	8	43.89	43.89	43.89
juego1	easy	30.0	0.007	281981	700	266	379	113	8	43.89	43.89	43.89
juego1	easy	30.0	0.007	281989	700	266	379	113	8	43.89	43.89	43.89
juego1	easy	30.0	0.007	281997	700	266	379	113	8	43.89	43.89	43.89
juego1	easy	30.0	0.007	282007	700	266	379	113	8	43.89	43.89	43.89
juego1	easy	30.0	0.007	282015	700	267	379	112	8	43.89	43.89	43.89
juego1	easy	30.0	0.007	282023	700	267	379	112	8	43.89	43.89	43.89
juego1	easy	30.0	0.007	282032	700	267	379	112	8	43.89	43.89	43.89
juego1	easy	30.0	0.007	282039	700	267	379	112	8	43.89	43.89	43.89
juego1	easy	30.0	0.007	282047	700	268	379	111	8	43.89	43.89	43.89
juego1	easy	30.0	0.007	282055	700	268	379	111	8	43.88	43.88	43.88
juego1	easy	30.0	0.007	282064	700	268	379	111	8	43.88	43.88	43.88
juego1	easy	30.0	0.007	282073	700	268	379	111	8	43.88	43.88	43.88
juego1	easy	30.0	0.007	282082	700	269	379	110	8	43.89	43.89	43.89
juego1	easy	30.0	0.007	282090	700	269	379	110	8	43.88	43.88	43.88
juego1	easy	30.0	0.007	282099	700	269	379	110	8	43.88	43.88	43.88
juego1	easy	30.0	0.007	282108	700	269	379	110	8	43.89	43.89	43.89
juego1	easy	30.0	0.007	282116	700	270	379	109	8	43.88	43.88	43.88
juego1	easy	30.0	0.007	282123	700	270	379	109	8	43.88	43.88	43.88
juego1	easy	30.0	0.007	282132	700	270	379	109	8	43.88	43.88	43.88
juego1	easy	30.0	0.007	282141	700	270	379	109	8	43.88	43.88	43.88
juego1	easy	30.0	0.007	282150	700	271	379	108	8	43.88	43.88	43.88
juego1	easy	30.0	0.007	282158	700	271	379	108	8	43.88	43.88	43.88
juego1	easy	30.0	0.007	282167	700	271	379	108	8	43.88	43.88	43.88
juego1	easy	30.0	0.007	282177	700	271	379	108	8	43.88	43.88	43.88
juego1	easy	30.0	0.007	282185	700	272	379	107	8	43.88	43.88	43.88
juego1	easy	30.0	0.007	282193	700	272	379	107	8	43.88	43.88	43.88
juego1	easy	30.0	0.007	282202	700	272	379	107	8	43.88	43.88	43.88
juego1	easy	30.0	0.007	282210	700	273	379	106	8	43.88	43.88	43.88
juego1	easy	30.0	0.007	282218	700	273	379	106	8	43.88	43.88	43.88
juego1	easy	30.0	0.007	282227	700	273	379	106	8	43.88	43.88	43.88
juego1	easy	30.0	0.007	282236	700	273	379	106	8	43.88	43.88	43.88
juego1	easy	30.0	0.007	282245	700	274	379	105	8	43.88	43.88	43.88
juego1	easy	30.0	0.007	282254	700	274	379	105	8	43.88	43.88	43.88
juego1	easy	30.0	0.007	282262	700	274	379	105	8	43.88	43.88	43.88
juego1	easy	30.0	0.007	282272	700	274	379	105	8	43.88	43.88	43.88
juego1	easy	30.0	0.007	282279	700	275	379	104	8	43.88	43.88	43.88
juego1	easy	30.0	0.007	282288	700	275	379	104	8	43.88	43.88	43.88
juego1	easy	30.0	0.007	282295	700	275	379	104	8	43.88	43.88	43.88
juego1	easy	30.0	0.007	282304	700	276	379	103	8	43.88	43.88	43.88
juego1	easy	30.0	0.007	282312	700	276	379	103	8	43.88	43.88	43.88
juego1	easy	30.0	0.007	282322	700	276	379	103	8	43.88	43.88	43.88
juego1	easy	30.0	0.007	282329	700	276	379	103	8	43.88	43.88	43.88
juego1	easy	30.0	0.007	282338	700	277	379	102	8	43.88	43.88	43.88
juego1	easy	30.0	0.007	282347	700	277	379	102	8	43.88	43.88	43.88
juego1	easy	30.0	0.007	282355	700	277	379	102	8	43.88	43.88	43.88
juego1	easy	30.0	0.007	282363	700	277	379	102	8	43.88	43.88	43.88
juego1	easy	30.0	0.007	282372	700	278	379	101	8	43.88	43.88	43.88
juego1	easy	30.0	0.007	282382	700	278	379	101	8	43.88	43.88	43.88
juego1	easy	30.0	0.007	282388	700	278	379	101	8	43.88	43.88	43.88
juego1	easy	30.0	0.007	282397	700	279	379	100	8	43.88	43.88	43.88
juego1	easy	30.0	0.007	282407	700	279	379	100	8	43.88	43.88	43.88
juego1	easy	30.0	0.007	282414	700	279	379	100	8	43.88	43.88	43.88
juego1	easy	30.0	0.007	282423	700	279	379	100	8	43.88	43.88	43.88
juego1	easy	30.0	0.007	282431	700	280	379	99	8	43.88	43.88	43.88
juego1	easy	30.0	0.007	282439	700	280	379	99	8	43.89	43.89	43.89
juego1	easy	30.0	0.007	282448	700	280	379	99	8	43.89	43.89	43.89
juego1	easy	30.0	0.007	282455	700	281	379	98	8	43.89	43.89	43.89
juego1	easy	30.0	0.007	282463	700	281	379	98	8	43.89	43.89	43.89
juego1	easy	30.0	0.007	282472	700	281	379	98	8	43.88	43.88	43.88
juego1	easy	30.0	0.007	282481	700	281	379	98	8	43.88	43.88	43.88
juego1	easy	30.0	0.007	282488	700	282	379	97	8	43.89	43.89	43.89
juego1	easy	30.0	0.007	282498	700	282	379	97	8	43.89	43.89	43.89
juego1	easy	30.0	0.007	282505	700	282	379	97	8	43.89	43.89	43.89
juego1	easy	30.0	0.007	282514	700	283	379	96	8	43.89	43.89	43.89
juego1	easy	30.0	0.007	282522	700	283	379	96	8	43.89	43.89	43.89
juego1	easy	30.0	0.007	282530	700	283	379	96	8	43.89	43.89	43.89
juego1	easy	30.0	0.007	282538	700	283	379	96	8	43.89	43.89	43.89
juego1	easy	30.0	0.007	282547	700	284	379	95	8	43.89	43.89	43.89
juego1	easy	30.0	0.007	282554	700	284	379	95	8	43.89	43.89	43.89
juego1	easy	30.0	0.007	282563	700	284	379	95	8	43.89	43.89	43.89
juego1	easy	30.0	0.007	282571	700	285	379	94	8	43.89	43.89	43.89
juego1	easy	30.0	0.007	282579	700	285	379	94	8	43.89	43.89	43.89
juego1	easy	30.0	0.007	282588	700	285	379	94	8	43.89	43.89	43.89
juego1	easy	30.0	0.007	282597	700	285	379	94	8	43.89	43.89	43.89
juego1	easy	30.0	0.007	282607	700	286	379	93	8	43.89	43.89	43.89
juego1	easy	30.0	0.007	282615	700	286	379	93	8	43.89	43.89	43.89
juego1	easy	30.0	0.007	282624	700	286	379	93	8	43.89	43.89	43.89
juego1	easy	30.0	0.007	282633	700	287	379	92	8	43.89	43.89	43.89
juego1	easy	30.0	0.007	282642	700	287	379	92	8	43.89	43.89	43.89
juego1	easy	30.0	0.007	282650	700	287	379	92	8	43.89	43.89	43.89
juego1	easy	30.0	0.007	282659	700	288	379	91	8	43.89	43.89	43.89
juego1	easy	30.0	0.007	282668	700	288	379	91	8	43.89	43.89	43.89
juego1	easy	30.0	0.007	282675	700	288	379	91	8	43.89	43.89	43.89
juego1	easy	30.0	0.007	282684	700	288	379	91	8	43.89	43.89	43.89
juego1	easy	30.0	0.007	282691	700	289	379	90	8	43.89	43.89	43.89
juego1	easy	30.0	0.007	282700	700	289	379	90	8	43.89	43.89	43.89
juego1	easy	30.0	0.007	282709	700	289	379	90	8	43.89	43.89	43.89
juego1	easy	30.0	0.007	282718	700	290	379	89	8	43.89	43.89	43.89
juego1	easy	30.0	0.007	282727	700	290	379	89	8	43.89	43.89	43.89
juego1	easy	30.0	0.007	282734	700	290	379	89	8	43.89	43.89	43.89
juego1	easy	30.0	0.007	282742	700	291	379	88	8	43.89	43.89	43.89
juego1	easy	30.0	0.007	282750	700	291	379	88	8	43.89	43.89	43.89
juego1	easy	30.0	0.007	282759	700	291	379	88	8	43.89	43.89	43.89
juego1	easy	30.0	0.007	282767	700	292	379	87	8	43.89	43.89	43.89
juego1	easy	30.0	0.007	282776	700	292	379	87	8	43.89	43.89	43.89
juego1	easy	30.0	0.007	282784	700	292	379	87	8	43.89	43.89	43.89
juego1	easy	30.0	0.007	282792	700	293	379	86	8	43.89	43.89	43.89
juego1	easy	30.0	0.007	282801	700	293	379	86	8	43.89	43.89	43.89
juego1	easy	30.0	0.007	282810	700	293	379	86	8	43.89	43.89	43.89
juego1	easy	30.0	0.007	282819	700	294	379	85	8	43.89	43.89	43.89
juego1	easy	30.0	0.007	282828	700	294	379	85	8	43.89	43.89	43.89
juego1	easy	30.0	0.007	282835	700	294	379	85	8	43.89	43.89	43.89
juego1	easy	30.0	0.007	282843	700	295	379	84	8	43.89	43.89	43.89
juego1	easy	30.0	0.007	282852	700	295	379	84	8	43.89	43.89	43.89
juego1	easy	30.0	0.007	282859	700	295	379	84	8	43.89	43.89	43.89
juego1	easy	30.0	0.007	282868	700	296	379	83	8	43.89	43.89	43.89
juego1	easy	30.0	0.007	282876	700	296	379	83	8	43.89	43.89	43.89
juego1	easy	30.0	0.007	282885	700	296	379	83	8	43.89	43.89	43.89
juego1	easy	30.0	0.007	282894	700	297	379	82	8	43.89	43.89	43.89
juego1	easy	30.0	0.007	282902	700	297	379	82	8	43.89	43.89	43.89
juego1	easy	30.0	0.007	282910	700	297	379	82	8	43.89	43.89	43.89
juego1	easy	30.0	0.007	282918	700	298	379	81	8	43.89	43.89	43.89
juego1	easy	30.0	0.007	282927	700	298	379	81	8	43.89	43.89	43.89
juego1	easy	30.0	0.007	282935	700	298	379	81	8	43.89	43.89	43.89
juego1	easy	30.0	0.007	282944	700	299	379	80	8	43.89	43.89	43.89
juego1	easy	30.0	0.007	282953	700	299	379	80	8	43.89	43.89	43.89
juego1	easy	30.0	0.007	282961	700	299	379	80	8	43.89	43.89	43.89
juego1	easy	30.0	0.007	282969	700	300	379	79	8	43.89	43.89	43.89
juego1	easy	30.0	0.007	282978	700	300	379	79	8	43.89	43.89	43.89
juego1	easy	30.0	0.007	282987	700	300	379	79	8	43.89	43.89	43.89
juego1	easy	30.0	0.007	282996	700	300	379	79	8	43.89	43.89	43.89
juego1	easy	30.0	0.007	283005	700	300	379	79	8	43.89	43.89	43.89
juego1	easy	30.0	0.007	283014	700	300	379	79	8	43.89	43.89	43.89
juego1	easy	30.0	0.007	283022	700	301	379	78	8	43.89	43.89	43.89
juego1	easy	30.0	0.007	283031	700	301	379	78	8	43.89	43.89	43.89
juego1	easy	30.0	0.007	283040	700	301	379	78	8	43.89	43.89	43.89
juego1	easy	30.0	0.007	283049	700	302	379	77	8	43.89	43.89	43.89
juego1	easy	30.0	0.007	283058	700	302	379	77	8	43.89	43.89	43.89
juego1	easy	30.0	0.007	283065	700	302	379	77	8	43.89	43.89	43.89
juego1	easy	30.0	0.007	283074	700	303	379	76	8	43.89	43.89	43.89
juego1	easy	30.0	0.007	283083	700	303	379	76	8	43.89	43.89	43.89
juego1	easy	30.0	0.007	283092	700	303	379	76	8	43.89	43.89	43.89
juego1	easy	30.0	0.007	283100	700	304	379	75	8	43.89	43.89	43.89
juego1	easy	30.0	0.007	283109	700	304	379	75	8	43.89	43.89	43.89
juego1	easy	30.0	0.007	283118	700	304	379	75	8	43.89	43.89	43.89
juego1	easy	30.0	0.007	283127	700	304	379	75	8	43.89	43.89	43.89
juego1	easy	30.0	0.007	283136	700	305	379	74	8	43.89	43.89	43.89
juego1	easy	30.0	0.007	283144	700	305	379	74	8	43.89	43.89	43.89
juego1	easy	30.0	0.007	283153	700	305	379	74	8	43.89	43.89	43.89
juego1	easy	30.0	0.007	283162	700	306	379	73	8	43.89	43.89	43.89
juego1	easy	30.0	0.007	283170	700	306	379	73	8	43.89	43.89	43.89
juego1	easy	30.0	0.007	283179	700	306	379	73	8	43.89	43.89	43.89
juego1	easy	30.0	0.007	283187	700	307	379	72	8	43.89	43.89	43.89
juego1	easy	30.0	0.007	283195	700	307	379	72	8	43.89	43.89	43.89
juego1	easy	30.0	0.007	283204	700	307	379	72	8	43.89	43.89	43.89
juego1	easy	30.0	0.007	283213	700	308	379	71	8	43.89	43.89	43.89
juego1	easy	30.0	0.007	283222	700	308	379	71	8	43.89	43.89	43.89
juego1	easy	30.0	0.007	283230	700	308	379	71	8	43.89	43.89	43.89
juego1	easy	30.0	0.007	283239	700	309	379	70	8	43.89	43.89	43.89
juego1	easy	30.0	0.007	283247	700	309	379	70	8	43.89	43.89	43.89
juego1	easy	30.0	0.007	283256	700	309	379	70	8	43.89	43.89	43.89
juego1	easy	30.0	0.007	283265	700	309	379	70	8	43.89	43.89	43.89
juego1	easy	30.0	0.007	283274	700	310	379	69	8	43.89	43.89	43.89
juego1	easy	30.0	0.007	283282	700	310	379	69	8	43.89	43.89	43.89
juego1	easy	30.0	0.007	283290	700	310	379	69	8	43.89	43.89	43.89
juego1	easy	30.0	0.007	283299	700	311	379	68	8	43.89	43.89	43.89
juego1	easy	30.0	0.007	283308	700	311	379	68	8	43.89	43.89	43.89
juego1	easy	30.0	0.007	283317	700	311	379	68	8	43.89	43.89	43.89
juego1	easy	30.0	0.007	283326	700	312	379	67	8	43.89	43.89	43.89
juego1	easy	30.0	0.007	283334	700	312	379	67	8	43.89	43.89	43.89
juego1	easy	30.0	0.007	283343	700	312	379	67	8	43.89	43.89	43.89
juego1	easy	30.0	0.007	283351	700	312	379	67	8	43.89	43.89	43.89
juego1	easy	30.0	0.007	283359	700	313	379	66	8	43.89	43.89	43.89
juego1	easy	30.0	0.007	283367	700	313	379	66	8	43.89	43.89	43.89
juego1	easy	30.0	0.007	283375	700	313	379	66	8	43.89	43.89	43.89
juego1	easy	30.0	0.007	283384	700	314	379	65	8	43.89	43.89	43.89
juego1	easy	30.0	0.007	283393	700	314	379	65	8	43.89	43.89	43.89
juego1	easy	30.0	0.007	283402	700	314	379	65	8	43.89	43.89	43.89
juego1	easy	30.0	0.007	283410	700	314	379	65	8	43.89	43.89	43.89
juego1	easy	30.0	0.007	283417	700	315	379	64	8	43.89	43.89	43.89
juego1	easy	30.0	0.007	283426	700	315	379	64	8	43.89	43.89	43.89
juego1	easy	30.0	0.007	283434	700	315	379	64	8	43.89	43.89	43.89
juego1	easy	30.0	0.007	283442	700	316	379	63	8	43.89	43.89	43.89
juego1	easy	30.0	0.007	283450	700	316	379	63	8	43.89	43.89	43.89
juego1	easy	30.0	0.007	283459	700	316	379	63	8	43.89	43.89	43.89
juego1	easy	30.0	0.007	283468	700	316	379	63	8	43.89	43.89	43.89
juego1	easy	30.0	0.007	283477	700	317	379	62	8	43.89	43.89	43.89
juego1	easy	30.0	0.007	283486	700	317	379	62	8	43.89	43.89	43.89
juego1	easy	30.0	0.007	283495	700	317	379	62	8	43.89	43.89	43.89
juego1	easy	30.0	0.007	283503	700	318	379	61	8	43.89	43.89	43.89
juego1	easy	30.0	0.007	283510	700	318	379	61	8	43.89	43.89	43.89
juego1	easy	30.0	0.007	283519	700	318	379	61	8	43.89	43.89	43.89
juego1	easy	30.0	0.007	283528	700	318	379	61	8	43.89	43.89	43.89
juego1	easy	30.0	0.007	283536	700	319	379	60	8	43.89	43.89	43.89
juego1	easy	30.0	0.007	283545	700	319	379	60	8	43.89	43.89	43.89
juego1	easy	30.0	0.007	283554	700	319	379	60	8	43.89	43.89	43.89
juego1	easy	30.0	0.007	283563	700	319	379	60	8	43.89	43.89	43.89
juego1	easy	30.0	0.007	283572	700	320	379	59	8	43.89	43.89	43.89
juego1	easy	30.0	0.007	283580	700	320	379	59	8	43.89	43.89	43.89
juego1	easy	30.0	0.007	283589	700	320	379	59	8	43.89	43.89	43.89
juego1	easy	30.0	0.007	283598	700	320	379	59	8	43.89	43.89	43.89
juego1	easy	30.0	0.007	283607	700	321	379	58	8	43.89	43.89	43.89
juego1	easy	30.0	0.007	283616	700	321	379	58	8	43.89	43.89	43.89
juego1	easy	30.0	0.007	283625	700	321	379	58	8	43.89	43.89	43.89
juego1	easy	30.0	0.007	283634	700	321	379	58	8	43.89	43.89	43.89
juego1	easy	30.0	0.007	283642	700	322	379	57	8	43.89	43.89	43.89
juego1	easy	30.0	0.007	283650	700	322	379	57	8	43.89	43.89	43.89
juego1	easy	30.0	0.007	283659	700	322	379	57	8	43.89	43.89	43.89
juego1	easy	30.0	0.007	283668	700	322	379	57	8	43.89	43.89	43.89
juego1	easy	30.0	0.007	283677	700	323	379	56	8	43.89	43.89	43.89
juego1	easy	30.0	0.007	283686	700	323	379	56	8	43.89	43.89	43.89
juego1	easy	30.0	0.007	283695	700	323	379	56	8	43.89	43.89	43.89
juego1	easy	30.0	0.007	283702	700	323	379	56	8	43.89	43.89	43.89
juego1	easy	30.0	0.007	283710	700	324	379	55	8	43.89	43.89	43.89
juego1	easy	30.0	0.007	283719	700	324	379	55	8	43.89	43.89	43.89
juego1	easy	30.0	0.007	283727	700	324	379	55	8	43.89	43.89	43.89
juego1	easy	30.0	0.007	283736	700	324	379	55	8	43.89	43.89	43.89
juego1	easy	30.0	0.007	283743	700	325	379	54	8	43.89	43.89	43.89
juego1	easy	30.0	0.007	283753	700	325	379	54	8	43.89	43.89	43.89
juego1	easy	30.0	0.007	283761	700	325	379	54	8	43.89	43.89	43.89
juego1	easy	30.0	0.007	283768	700	325	379	54	8	43.89	43.89	43.89
juego1	easy	30.0	0.007	283777	700	325	379	54	8	43.89	43.89	43.89
juego1	easy	30.0	0.007	283785	700	326	379	53	8	43.89	43.89	43.89
juego1	easy	30.0	0.007	283794	700	326	379	53	8	43.89	43.89	43.89
juego1	easy	30.0	0.007	283804	700	326	379	53	8	43.89	43.89	43.89
juego1	easy	30.0	0.007	283812	700	326	379	53	8	43.89	43.89	43.89
juego1	easy	30.0	0.007	283820	700	326	379	53	8	43.89	43.89	43.89
juego1	easy	30.0	0.007	283829	700	327	379	52	8	43.89	43.89	43.89
juego1	easy	30.0	0.007	283838	700	327	379	52	8	43.89	43.89	43.89
juego1	easy	30.0	0.007	283847	700	327	379	52	8	43.89	43.89	43.89
juego1	easy	30.0	0.007	283855	700	327	379	52	8	43.89	43.89	43.89
juego1	easy	30.0	0.007	283863	700	327	379	52	8	43.89	43.89	43.89
juego1	easy	30.0	0.007	283872	700	328	379	51	8	43.89	43.89	43.89
juego1	easy	30.0	0.007	283881	700	328	379	51	8	43.89	43.89	43.89
juego1	easy	30.0	0.007	283888	700	328	379	51	8	43.89	43.89	43.89
juego1	easy	30.0	0.007	283897	700	328	379	51	8	43.89	43.89	43.89
juego1	easy	30.0	0.007	283905	700	328	379	51	8	43.89	43.89	43.89
juego1	easy	30.0	0.007	283915	700	329	379	50	8	43.89	43.89	43.89
juego1	easy	30.0	0.007	283923	700	329	379	50	8	43.89	43.89	43.89
juego1	easy	30.0	0.007	283931	700	329	379	50	8	43.89	43.89	43.89
juego1	easy	30.0	0.007	283940	700	329	379	50	8	43.89	43.89	43.89
juego1	easy	30.0	0.007	283948	700	329	379	50	8	43.89	43.89	43.89
juego1	easy	30.0	0.007	283957	700	330	379	49	8	43.89	43.89	43.89
juego1	easy	30.0	0.007	283964	700	330	379	49	8	43.89	43.89	43.89
juego1	easy	30.0	0.007	283972	700	330	379	49	8	43.89	43.89	43.89
juego1	easy	30.0	0.007	283981	700	330	379	49	8	43.89	43.89	43.89
juego1	easy	30.0	0.007	283989	700	330	379	49	8	43.89	43.89	43.89
juego1	easy	30.0	0.007	283998	700	330	379	49	8	43.89	43.89	43.89
juego1	easy	30.0	0.007	284007	700	331	379	48	8	43.89	43.89	43.89
juego1	easy	30.0	0.007	284016	700	331	379	48	8	43.89	43.89	43.89
juego1	easy	30.0	0.007	284023	700	331	379	48	8	43.89	43.89	43.89
juego1	easy	30.0	0.007	284032	700	331	379	48	8	43.89	43.89	43.89
juego1	easy	30.0	0.007	284040	700	331	379	48	8	43.89	43.89	43.89
juego1	easy	30.0	0.007	284049	700	331	379	48	8	43.89	43.89	43.89
juego1	easy	30.0	0.007	284058	700	332	379	47	8	43.89	43.89	43.89
juego1	easy	30.0	0.007	284066	700	332	379	47	8	43.89	43.89	43.89
juego1	easy	30.0	0.007	284075	700	332	379	47	8	43.89	43.89	43.89
juego1	easy	30.0	0.007	284084	700	332	379	47	8	43.89	43.89	43.89
juego1	easy	30.0	0.007	284093	700	332	379	47	8	43.89	43.89	43.89
juego1	easy	30.0	0.007	284102	700	332	379	47	8	43.89	43.89	43.89
juego1	easy	30.0	0.007	284110	700	332	379	47	8	43.89	43.89	43.89
juego1	easy	30.0	0.007	284119	700	333	379	46	8	43.89	43.89	43.89
juego1	easy	30.0	0.007	284127	700	333	379	46	8	43.89	43.89	43.89
juego1	easy	30.0	0.007	284136	700	333	379	46	8	43.89	43.89	43.89
juego1	easy	30.0	0.007	284145	700	333	379	46	8	43.89	43.89	43.89
juego1	easy	30.0	0.007	284152	700	333	379	46	8	43.89	43.89	43.89
juego1	easy	30.0	0.007	284161	700	333	379	46	8	43.89	43.89	43.89
juego1	easy	30.0	0.007	284170	700	333	379	46	8	43.89	43.89	43.89
juego1	easy	30.0	0.007	284179	700	333	379	46	8	43.89	43.89	43.89
juego1	easy	30.0	0.007	284187	700	334	379	45	8	43.89	43.89	43.89
juego1	easy	30.0	0.007	284196	700	334	379	45	8	43.89	43.89	43.89
juego1	easy	30.0	0.007	284203	700	334	379	45	8	43.89	43.89	43.89
juego1	easy	30.0	0.007	284212	700	334	379	45	8	43.89	43.89	43.89
juego1	easy	30.0	0.007	284221	700	334	379	45	8	43.89	43.89	43.89
juego1	easy	30.0	0.007	284230	700	334	379	45	8	43.89	43.89	43.89
juego1	easy	30.0	0.007	284238	700	334	379	45	8	43.89	43.89	43.89
juego1	easy	30.0	0.007	284247	700	334	379	45	8	43.89	43.89	43.89
juego1	easy	30.0	0.007	284256	700	335	379	44	8	43.89	43.89	43.89
juego1	easy	30.0	0.007	284264	700	335	379	44	8	43.89	43.89	43.89
juego1	easy	30.0	0.007	284272	700	335	379	44	8	43.89	43.89	43.89
juego1	easy	30.0	0.007	284282	700	335	379	44	8	43.89	43.89	43.89
juego1	easy	30.0	0.007	284292	700	335	379	44	8	43.89	43.89	43.89
juego1	easy	30.0	0.007	284298	700	335	379	44	8	43.89	43.89	43.89
juego1	easy	30.0	0.007	284307	700	335	379	44	8	43.89	43.89	43.89
juego1	easy	30.0	0.007	284317	700	335	379	44	8	43.89	43.89	43.89
juego1	easy	30.0	0.007	284323	700	335	379	44	8	43.89	43.89	43.89
juego1	easy	30.0	0.007	284333	700	335	379	44	8	43.89	43.89	43.89
juego1	easy	30.0	0.007	284342	700	335	379	44	8	43.89	43.89	43.89
juego1	easy	30.0	0.007	284349	700	336	379	43	8	43.89	43.89	43.89
juego1	easy	30.0	0.007	284358	700	336	379	43	8	43.89	43.89	43.89
juego1	easy	30.0	0.007	284365	700	336	379	43	8	43.89	43.89	43.89
juego1	easy	30.0	0.007	284374	700	336	379	43	8	43.89	43.89	43.89
juego1	easy	30.0	0.007	284383	700	336	379	43	8	43.89	43.89	43.89
juego1	easy	30.0	0.007	284391	700	336	379	43	8	43.89	43.89	43.89
juego1	easy	30.0	0.007	284399	700	336	379	43	8	43.89	43.89	43.89
juego1	easy	30.0	0.007	284408	700	336	379	43	8	43.89	43.89	43.89
juego1	easy	30.0	0.007	284417	700	336	379	43	8	43.89	43.89	43.89
juego1	easy	30.0	0.007	284427	700	336	379	43	8	43.89	43.89	43.89
juego1	easy	30.0	0.007	284435	700	336	379	43	8	43.89	43.89	43.89
juego1	easy	30.0	0.007	284444	700	336	379	43	8	43.89	43.89	43.89
juego1	easy	30.0	0.007	284453	700	336	379	43	8	43.89	43.89	43.89
juego1	easy	30.0	0.007	284462	700	336	379	43	8	43.89	43.89	43.89
juego1	easy	30.0	0.007	284469	700	336	379	43	8	43.89	43.89	43.89
juego1	easy	30.0	0.007	284478	700	336	379	43	8	43.89	43.89	43.89
juego1	easy	30.0	0.007	284487	700	336	379	43	8	43.89	43.89	43.89
juego1	easy	30.0	0.007	284495	700	336	379	43	8	43.89	43.89	43.89
juego1	easy	30.0	0.007	284504	700	337	379	42	8	43.89	43.89	43.89
juego1	easy	30.0	0.007	284512	700	337	379	42	8	43.89	43.89	43.89
juego1	easy	30.0	0.007	284521	700	337	379	42	8	43.89	43.89	43.89
juego1	easy	30.0	0.007	284529	700	337	379	42	8	43.89	43.89	43.89
juego1	easy	30.0	0.007	284538	700	337	379	42	8	43.89	43.89	43.89
juego1	easy	30.0	0.007	284546	700	337	379	42	8	43.89	43.89	43.89
juego1	easy	30.0	0.007	284555	700	337	379	42	8	43.89	43.89	43.89
juego1	easy	30.0	0.007	284564	700	337	379	42	8	43.89	43.89	43.89
juego1	easy	30.0	0.007	284573	700	337	379	42	8	43.89	43.89	43.89
juego1	easy	30.0	0.007	284582	700	337	379	42	8	43.89	43.89	43.89
juego1	easy	30.0	0.007	284590	700	337	379	42	8	43.89	43.89	43.89
juego1	easy	30.0	0.007	284598	700	337	379	42	8	43.89	43.89	43.89
juego1	easy	30.0	0.007	284607	700	337	379	42	8	43.89	43.89	43.89
juego1	easy	30.0	0.007	284615	700	337	379	42	8	43.89	43.89	43.89
juego1	easy	30.0	0.007	284624	700	337	379	42	8	43.89	43.89	43.89
juego1	easy	30.0	0.007	284633	700	337	379	42	8	43.89	43.89	43.89
juego1	easy	30.0	0.007	284642	700	337	379	42	8	43.89	43.89	43.89
juego1	easy	30.0	0.007	284650	700	337	379	42	8	43.89	43.89	43.89
juego1	easy	30.0	0.007	284658	700	337	379	42	8	43.89	43.89	43.89
juego1	easy	30.0	0.007	284667	700	337	379	42	8	43.89	43.89	43.89
juego1	easy	30.0	0.007	284675	700	337	379	42	8	43.89	43.89	43.89
juego1	easy	30.0	0.007	284684	700	337	379	42	8	43.89	43.89	43.89
juego1	easy	30.0	0.007	284692	700	337	379	42	8	43.89	43.89	43.89
juego1	easy	30.0	0.007	284701	700	337	379	42	8	43.89	43.89	43.89
juego1	easy	30.0	0.007	284710	700	337	379	42	8	43.89	43.89	43.89
juego1	easy	30.0	0.007	284719	700	337	379	42	8	43.89	43.89	43.89
juego1	easy	30.0	0.007	284728	700	337	379	42	8	43.89	43.89	43.89
juego1	easy	30.0	0.007	284735	700	337	379	42	8	43.89	43.89	43.89
juego1	easy	30.0	0.007	284744	700	337	379	42	8	43.89	43.89	43.89
juego1	easy	30.0	0.007	284753	700	337	379	42	8	43.89	43.89	43.89
juego1	easy	30.0	0.007	284760	700	337	379	42	8	43.89	43.89	43.89
juego1	easy	30.0	0.007	284769	700	337	379	42	8	43.89	43.89	43.89
juego1	easy	30.0	0.007	284778	700	336	379	43	8	43.89	43.89	43.89
juego1	easy	30.0	0.007	284785	700	336	379	43	8	43.89	43.89	43.89
juego1	easy	30.0	0.007	284794	700	336	379	43	8	43.89	43.89	43.89
juego1	easy	30.0	0.007	284802	700	336	379	43	8	43.89	43.89	43.89
juego1	easy	30.0	0.007	284810	700	336	379	43	8	43.89	43.89	43.89
juego1	easy	30.0	0.007	284819	700	336	379	43	8	43.89	43.89	43.89
juego1	easy	30.0	0.007	284827	700	336	379	43	8	43.89	43.89	43.89
juego1	easy	30.0	0.007	284836	700	336	379	43	8	43.89	43.89	43.89
juego1	easy	30.0	0.007	284844	700	336	379	43	8	43.89	43.89	43.89
juego1	easy	30.0	0.007	284853	700	336	379	43	8	43.89	43.89	43.89
juego1	easy	30.0	0.007	284862	700	336	379	43	8	43.89	43.89	43.89
juego1	easy	30.0	0.007	284869	700	336	379	43	8	43.89	43.89	43.89
juego1	easy	30.0	0.007	284878	700	336	379	43	8	43.89	43.89	43.89
juego1	easy	30.0	0.007	284886	700	336	379	43	8	43.89	43.89	43.89
juego1	easy	30.0	0.007	284895	700	336	379	43	8	43.89	43.89	43.89
juego1	easy	30.0	0.007	284904	700	336	379	43	8	43.89	43.89	43.89
juego1	easy	30.0	0.007	284912	700	336	379	43	8	43.89	43.89	43.89
juego1	easy	30.0	0.007	284920	700	335	379	44	8	43.89	43.89	43.89
juego1	easy	30.0	0.007	284929	700	335	379	44	8	43.89	43.89	43.89
juego1	easy	30.0	0.007	284937	700	335	379	44	8	43.89	43.89	43.89
juego1	easy	30.0	0.007	284946	700	335	379	44	8	43.89	43.89	43.89
juego1	easy	30.0	0.007	284954	700	335	379	44	8	43.89	43.89	43.89
juego1	easy	30.0	0.007	284963	700	335	379	44	8	43.89	43.89	43.89
juego1	easy	30.0	0.007	284971	700	335	379	44	8	43.89	43.89	43.89
juego1	easy	30.0	0.007	284980	700	335	379	44	8	43.89	43.89	43.89
juego1	easy	30.0	0.007	284988	700	335	379	44	8	43.89	43.89	43.89
juego1	easy	30.0	0.007	284997	700	335	379	44	8	43.89	43.89	43.89
juego1	easy	30.0	0.007	285005	700	335	379	44	8	43.89	43.89	43.89
juego1	easy	30.0	0.007	285014	700	334	379	45	8	43.89	43.89	43.89
juego1	easy	30.0	0.007	285022	700	334	379	45	8	43.89	43.89	43.89
juego1	easy	30.0	0.007	285031	700	334	379	45	8	43.89	43.89	43.89
juego1	easy	30.0	0.007	285039	700	334	379	45	8	43.89	43.89	43.89
juego1	easy	30.0	0.007	285048	700	334	379	45	8	43.89	43.89	43.89
juego1	easy	30.0	0.007	285056	700	334	379	45	8	43.89	43.89	43.89
juego1	easy	30.0	0.007	285065	700	334	379	45	8	43.89	43.89	43.89
juego1	easy	30.0	0.007	285073	700	334	379	45	8	43.89	43.89	43.89
juego1	easy	30.0	0.007	285082	700	334	379	45	8	43.89	43.89	43.89
juego1	easy	30.0	0.007	285091	700	333	379	46	8	43.89	43.89	43.89
juego1	easy	30.0	0.007	285100	700	333	379	46	8	43.89	43.89	43.89
juego1	easy	30.0	0.007	285108	700	333	379	46	8	43.89	43.89	43.89
juego1	easy	30.0	0.007	285117	700	333	379	46	8	43.89	43.89	43.89
juego1	easy	30.0	0.007	285125	700	333	379	46	8	43.89	43.89	43.89
juego1	easy	30.0	0.007	285133	700	333	379	46	8	43.89	43.89	43.89
juego1	easy	30.0	0.007	285142	700	333	379	46	8	43.89	43.89	43.89
juego1	easy	30.0	0.007	285151	700	332	379	47	8	43.89	43.89	43.89
juego1	easy	30.0	0.007	285160	700	332	379	47	8	43.89	43.89	43.89
juego1	easy	30.0	0.007	285168	700	332	379	47	8	43.89	43.89	43.89
juego1	easy	30.0	0.007	285177	700	332	379	47	8	43.89	43.89	43.89
juego1	easy	30.0	0.007	285186	700	332	379	47	8	43.89	43.89	43.89
juego1	easy	30.0	0.007	285195	700	332	379	47	8	43.89	43.89	43.89
juego1	easy	30.0	0.007	285203	700	332	379	47	8	43.89	43.89	43.89
juego1	easy	30.0	0.007	285212	700	331	379	48	8	43.89	43.89	43.89
juego1	easy	30.0	0.007	285220	700	331	379	48	8	43.89	43.89	43.89
juego1	easy	30.0	0.007	285229	700	331	379	48	8	43.89	43.89	43.89
juego1	easy	30.0	0.007	285237	700	331	379	48	8	43.89	43.89	43.89
juego1	easy	30.0	0.007	285245	700	331	379	48	8	43.89	43.89	43.89
juego1	easy	30.0	0.007	285254	700	331	379	48	8	43.89	43.89	43.89
juego1	easy	30.0	0.007	285263	700	330	379	49	8	43.89	43.89	43.89
juego1	easy	30.0	0.007	285271	700	330	379	49	8	43.89	43.89	43.89
juego1	easy	30.0	0.007	285280	700	330	379	49	8	43.89	43.89	43.89
juego1	easy	30.0	0.007	285289	700	330	379	49	8	43.89	43.89	43.89
juego1	easy	30.0	0.007	285297	700	330	379	49	8	43.89	43.89	43.89
juego1	easy	30.0	0.007	285306	700	330	379	49	8	43.89	43.89	43.89
juego1	easy	30.0	0.007	285315	700	329	379	50	8	43.89	43.89	43.89
juego1	easy	30.0	0.007	285324	700	329	379	50	8	43.89	43.89	43.89
juego1	easy	30.0	0.007	285332	700	329	379	50	8	43.89	43.89	43.89
juego1	easy	30.0	0.007	285341	700	329	379	50	8	43.89	43.89	43.89
juego1	easy	30.0	0.007	285349	700	329	379	50	8	43.89	43.89	43.89
juego1	easy	30.0	0.007	285358	700	329	379	50	8	43.89	43.89	43.89
juego1	easy	30.0	0.007	285365	700	328	379	51	8	43.89	43.89	43.89
juego1	easy	30.0	0.007	285374	700	328	379	51	8	43.89	43.89	43.89
juego1	easy	30.0	0.007	285382	700	328	379	51	8	43.89	43.89	43.89
juego1	easy	30.0	0.007	285391	700	328	379	51	8	43.89	43.89	43.89
juego1	easy	30.0	0.007	285400	700	328	379	51	8	43.89	43.89	43.89
juego1	easy	30.0	0.007	285409	700	327	379	52	8	43.89	43.89	43.89
juego1	easy	30.0	0.007	285417	700	327	379	52	8	43.89	43.89	43.89
juego1	easy	30.0	0.007	285426	700	327	379	52	8	43.89	43.89	43.89
juego1	easy	30.0	0.007	285435	700	327	379	52	8	43.89	43.89	43.89
juego1	easy	30.0	0.007	285444	700	327	379	52	8	43.89	43.89	43.89
juego1	easy	30.0	0.007	285452	700	326	379	53	8	43.89	43.89	43.89
juego1	easy	30.0	0.007	285461	700	326	379	53	8	43.89	43.89	43.89
juego1	easy	30.0	0.007	285470	700	326	379	53	8	43.89	43.89	43.89
juego1	easy	30.0	0.007	285478	700	326	379	53	8	43.89	43.89	43.89
juego1	easy	30.0	0.007	285487	700	325	379	54	8	43.89	43.89	43.89
juego1	easy	30.0	0.007	285495	700	325	379	54	8	43.89	43.89	43.89
juego1	easy	30.0	0.007	285504	700	325	379	54	8	43.89	43.89	43.89
juego1	easy	30.0	0.007	285511	700	325	379	54	8	43.89	43.89	43.89
juego1	easy	30.0	0.007	285520	700	325	379	54	8	43.89	43.89	43.89
juego1	easy	30.0	0.007	285528	700	324	379	55	8	43.89	43.89	43.89
juego1	easy	30.0	0.007	285537	700	324	379	55	8	43.89	43.89	43.89
juego1	easy	30.0	0.007	285545	700	324	379	55	8	43.89	43.89	43.89
juego1	easy	30.0	0.007	285554	700	324	379	55	8	43.89	43.89	43.89
juego1	easy	30.0	0.007	285561	700	323	379	56	8	43.89	43.89	43.89
juego1	easy	30.0	0.007	285569	700	323	379	56	8	43.89	43.89	43.89
juego1	easy	30.0	0.007	285577	700	323	379	56	8	43.89	43.89	43.89
juego1	easy	30.0	0.007	285585	700	323	379	56	8	43.89	43.89	43.89
juego1	easy	30.0	0.007	285594	700	323	379	56	8	43.89	43.89	43.89
juego1	easy	30.0	0.007	285603	700	322	379	57	8	43.89	43.89	43.89
juego1	easy	30.0	0.007	285611	700	322	379	57	8	43.89	43.89	43.89
juego1	easy	30.0	0.007	285620	700	322	379	57	8	43.89	43.89	43.89
juego1	easy	30.0	0.007	285628	700	322	379	57	8	43.89	43.89	43.89
juego1	easy	30.0	0.007	285637	700	321	379	58	8	43.89	43.89	43.89
juego1	easy	30.0	0.007	285646	700	321	379	58	8	43.89	43.89	43.89
juego1	easy	30.0	0.007	285654	700	321	379	58	8	43.89	43.89	43.89
juego1	easy	30.0	0.007	285663	700	321	379	58	8	43.89	43.89	43.89
juego1	easy	30.0	0.007	285672	700	320	379	59	8	43.89	43.89	43.89
juego1	easy	30.0	0.007	285680	700	320	379	59	8	43.89	43.89	43.89
juego1	easy	30.0	0.007	285688	700	320	379	59	8	43.89	43.89	43.89
juego1	easy	30.0	0.007	285697	700	320	379	59	8	43.89	43.89	43.89
juego1	easy	30.0	0.007	285705	700	319	379	60	8	43.89	43.89	43.89
juego1	easy	30.0	0.007	285714	700	319	379	60	8	43.89	43.89	43.89
juego1	easy	30.0	0.007	285722	700	319	379	60	8	43.89	43.89	43.89
juego1	easy	30.0	0.007	285731	700	318	379	61	8	43.89	43.89	43.89
juego1	easy	30.0	0.007	285739	700	318	379	61	8	43.89	43.89	43.89
juego1	easy	30.0	0.007	285748	700	318	379	61	8	43.89	43.89	43.89
juego1	easy	30.0	0.007	285757	700	318	379	61	8	43.89	43.89	43.89
juego1	easy	30.0	0.007	285765	700	317	379	62	8	43.89	43.89	43.89
juego1	easy	30.0	0.007	285774	700	317	379	62	8	43.89	43.89	43.89
juego1	easy	30.0	0.007	285782	700	317	379	62	8	43.89	43.89	43.89
juego1	easy	30.0	0.007	285791	700	317	379	62	8	43.89	43.89	43.89
juego1	easy	30.0	0.007	285799	700	316	379	63	8	43.89	43.89	43.89
juego1	easy	30.0	0.007	285808	700	316	379	63	8	43.89	43.89	43.89
juego1	easy	30.0	0.007	285816	700	316	379	63	8	43.89	43.89	43.89
juego1	easy	30.0	0.007	285825	700	315	379	64	8	43.89	43.89	43.89
juego1	easy	30.0	0.007	285833	700	315	379	64	8	43.89	43.89	43.89
juego1	easy	30.0	0.007	285842	700	315	379	64	8	43.89	43.89	43.89
juego1	easy	30.0	0.007	285851	700	315	379	64	8	43.89	43.89	43.89
juego1	easy	30.0	0.007	285859	700	314	379	65	8	43.89	43.89	43.89
juego1	easy	30.0	0.007	285868	700	314	379	65	8	43.89	43.89	43.89
juego1	easy	30.0	0.007	285877	700	314	379	65	8	43.89	43.89	43.89
juego1	easy	30.0	0.007	285886	700	313	379	66	8	43.89	43.89	43.89
juego1	easy	30.0	0.007	285895	700	313	379	66	8	43.89	43.89	43.89
juego1	easy	30.0	0.007	285904	700	313	379	66	8	43.89	43.89	43.89
juego1	easy	30.0	0.007	285913	700	313	379	66	8	43.89	43.89	43.89
juego1	easy	30.0	0.007	285921	700	312	379	67	8	43.89	43.89	43.89
juego1	easy	30.0	0.007	285930	700	312	379	67	8	43.89	43.89	43.89
juego1	easy	30.0	0.007	285938	700	312	379	67	8	43.89	43.89	43.89
juego1	easy	30.0	0.007	285946	700	311	379	68	8	43.89	43.89	43.89
juego1	easy	30.0	0.007	285955	700	311	379	68	8	43.89	43.89	43.89
juego1	easy	30.0	0.007	285964	700	311	379	68	8	43.89	43.89	43.89
juego1	easy	30.0	0.007	285972	700	311	379	68	8	43.89	43.89	43.89
juego1	easy	30.0	0.007	285981	700	310	379	69	8	43.89	43.89	43.89
juego1	easy	30.0	0.007	285990	700	310	379	69	8	43.89	43.89	43.89
juego1	easy	30.0	0.007	285998	700	310	379	69	8	43.89	43.89	43.89
juego1	easy	30.0	0.007	286007	700	309	379	70	8	43.89	43.89	43.89
juego1	easy	30.0	0.007	286015	700	309	379	70	8	43.89	43.89	43.89
juego1	easy	30.0	0.007	286023	700	309	379	70	8	43.89	43.89	43.89
juego1	easy	30.0	0.007	286031	700	308	379	71	8	43.89	43.89	43.89
juego1	easy	30.0	0.007	286040	700	308	379	71	8	43.89	43.89	43.89
juego1	easy	30.0	0.007	286048	700	308	379	71	8	43.89	43.89	43.89
juego1	easy	30.0	0.007	286057	700	307	379	72	8	43.89	43.89	43.89
juego1	easy	30.0	0.007	286066	700	307	379	72	8	43.89	43.89	43.89
juego1	easy	30.0	0.007	286075	700	307	379	72	8	43.89	43.89	43.89
juego1	easy	30.0	0.007	286083	700	307	379	72	8	43.89	43.89	43.89
juego1	easy	30.0	0.007	286092	700	306	379	73	8	43.89	43.89	43.89
juego1	easy	30.0	0.007	286101	700	306	379	73	8	43.89	43.89	43.89
juego1	easy	30.0	0.007	286110	700	306	379	73	8	43.89	43.89	43.89
juego1	easy	30.0	0.007	286119	700	305	379	74	8	43.89	43.89	43.89
juego1	easy	30.0	0.007	286127	700	305	379	74	8	43.89	43.89	43.89
juego1	easy	30.0	0.007	286136	700	305	379	74	8	43.89	43.89	43.89
juego1	easy	30.0	0.007	286144	700	304	379	75	8	43.89	43.89	43.89
juego1	easy	30.0	0.007	286152	700	304	379	75	8	43.89	43.89	43.89
juego1	easy	30.0	0.007	286160	700	304	379	75	8	43.89	43.89	43.89
juego1	easy	30.0	0.007	286169	700	303	379	76	8	43.89	43.89	43.89
juego1	easy	30.0	0.007	286177	700	303	379	76	8	43.89	43.89	43.89
juego1	easy	30.0	0.007	286186	700	303	379	76	8	43.89	43.89	43.89
juego1	easy	30.0	0.007	286194	700	302	379	77	8	43.89	43.89	43.89
juego1	easy	30.0	0.007	286203	700	302	379	77	8	43.89	43.89	43.89
juego1	easy	30.0	0.007	286212	700	302	379	77	8	43.89	43.89	43.89
juego1	easy	30.0	0.007	286220	700	301	379	78	8	43.89	43.89	43.89
juego1	easy	30.0	0.007	286229	700	301	379	78	8	43.89	43.89	43.89
juego1	easy	30.0	0.007	286237	700	301	379	78	8	43.89	43.89	43.89
juego1	easy	30.0	0.007	286245	700	300	379	79	8	43.89	43.89	43.89
juego1	easy	30.0	0.007	286254	700	300	379	79	8	43.89	43.89	43.89
juego1	easy	30.0	0.007	286263	700	300	379	79	8	43.89	43.89	43.89
juego1	easy	30.0	0.007	286272	700	300	379	79	8	43.89	43.89	43.89
juego1	easy	30.0	0.007	286281	700	300	379	79	8	43.89	43.89	43.89
juego1	easy	30.0	0.007	286289	700	300	379	79	8	43.89	43.89	43.89
juego1	easy	30.0	0.007	286298	700	299	379	80	8	43.89	43.89	43.89
juego1	easy	30.0	0.007	286307	700	299	379	80	8	43.89	43.89	43.89
juego1	easy	30.0	0.007	286316	700	299	379	80	8	43.89	43.89	43.89
juego1	easy	30.0	0.007	286324	700	298	379	81	8	43.89	43.89	43.89
juego1	easy	30.0	0.007	286333	700	298	379	81	8	43.89	43.89	43.89
juego1	easy	30.0	0.007	286341	700	298	379	81	8	43.89	43.89	43.89
juego1	easy	30.0	0.007	286350	700	297	379	82	8	43.89	43.89	43.89
juego1	easy	30.0	0.007	286359	700	297	379	82	8	43.89	43.89	43.89
juego1	easy	30.0	0.007	286368	700	297	379	82	8	43.89	43.89	43.89
juego1	easy	30.0	0.007	286375	700	296	379	83	8	43.89	43.89	43.89
juego1	easy	30.0	0.007	286384	700	296	379	83	8	43.89	43.89	43.89
juego1	easy	30.0	0.007	286392	700	296	379	83	8	43.89	43.89	43.89
juego1	easy	30.0	0.007	286400	700	295	379	84	8	43.89	43.89	43.89
juego1	easy	30.0	0.007	286409	700	295	379	84	8	43.89	43.89	43.89
juego1	easy	30.0	0.007	286417	700	295	379	84	8	43.89	43.89	43.89
juego1	easy	30.0	0.007	286426	700	294	379	85	8	43.89	43.89	43.89
juego1	easy	30.0	0.007	286435	700	294	379	85	8	43.89	43.89	43.89
juego1	easy	30.0	0.007	286444	700	294	379	85	8	43.89	43.89	43.89
juego1	easy	30.0	0.007	286452	700	293	379	86	8	43.89	43.89	43.89
juego1	easy	30.0	0.007	286462	700	293	379	86	8	43.89	43.89	43.89
juego1	easy	30.0	0.007	286470	700	293	379	86	8	43.89	43.89	43.89
juego1	easy	30.0	0.007	286478	700	292	379	87	8	43.89	43.89	43.89
juego1	easy	30.0	0.007	286487	700	292	379	87	8	43.89	43.89	43.89
juego1	easy	30.0	0.007	286497	700	292	379	87	8	43.89	43.89	43.89
juego1	easy	30.0	0.007	286505	700	291	379	88	8	43.89	43.89	43.89
juego1	easy	30.0	0.007	286514	700	291	379	88	8	43.89	43.89	43.89
juego1	easy	30.0	0.007	286522	700	291	379	88	8	43.89	43.89	43.89
juego1	easy	30.0	0.007	286531	700	290	379	89	8	43.89	43.89	43.89
juego1	easy	30.0	0.007	286539	700	290	379	89	8	43.89	43.89	43.89
juego1	easy	30.0	0.007	286547	700	290	379	89	9	43.89	43.89	43.89
juego1	easy	20.0	0.006	286556	700	289	379	90	9	43.89	43.89	43.89
juego1	easy	20.0	0.006	286564	700	289	379	90	9	43.89	43.89	43.89
juego1	easy	20.0	0.006	286573	700	289	379	90	9	43.89	43.89	43.89
juego1	easy	20.0	0.006	286581	700	289	379	90	9	43.89	43.89	43.89
juego1	easy	20.0	0.006	286589	700	289	379	90	9	43.89	43.89	43.89
juego1	easy	20.0	0.006	286597	700	289	379	90	9	43.89	43.89	43.89
juego1	easy	20.0	0.006	286606	700	288	379	91	9	43.89	43.89	43.89
juego1	easy	20.0	0.006	286616	700	288	379	91	9	43.89	43.89	43.89
juego1	easy	20.0	0.006	286624	700	288	379	91	9	43.89	43.89	43.89
juego1	easy	20.0	0.006	286633	700	288	379	91	9	43.89	43.89	43.89
juego1	easy	20.0	0.006	286642	700	288	379	91	9	43.89	43.89	43.89
juego1	easy	20.0	0.006	286651	700	288	379	91	9	43.89	43.89	43.89
juego1	easy	20.0	0.006	286659	700	288	379	91	9	43.89	43.89	43.89
juego1	easy	20.0	0.006	286668	700	287	379	92	9	43.89	43.89	43.89
juego1	easy	20.0	0.006	286678	700	287	379	92	9	43.89	43.89	43.89
juego1	easy	20.0	0.006	286686	700	287	379	92	9	43.89	43.89	43.89
juego1	easy	20.0	0.006	286694	700	287	379	92	9	43.89	43.89	43.89
juego1	easy	20.0	0.006	286703	700	287	379	92	9	43.89	43.89	43.89
juego1	easy	20.0	0.006	286712	700	287	379	92	9	43.89	43.89	43.89
juego1	easy	20.0	0.006	286720	700	286	379	93	9	43.89	43.89	43.89
juego1	easy	20.0	0.006	286729	700	286	379	93	9	43.89	43.89	43.89
juego1	easy	20.0	0.006	286738	700	286	379	93	9	43.89	43.89	43.89
juego1	easy	20.0	0.006	286748	700	286	379	93	9	43.89	43.89	43.89
juego1	easy	20.0	0.006	286755	700	286	379	93	9	43.89	43.89	43.89
juego1	easy	20.0	0.006	286764	700	286	379	93	9	43.89	43.89	43.89
juego1	easy	20.0	0.006	286772	700	285	379	94	9	43.89	43.89	43.89
juego1	easy	20.0	0.006	286782	700	285	379	94	9	43.89	43.89	43.89
juego1	easy	20.0	0.006	286790	700	285	379	94	9	43.89	43.89	43.89
juego1	easy	20.0	0.006	286798	700	285	379	94	9	43.89	43.89	43.89
juego1	easy	20.0	0.006	286808	700	285	379	94	9	43.89	43.89	43.89
juego1	easy	20.0	0.006	286816	700	285	379	94	9	43.89	43.89	43.89
juego1	easy	20.0	0.006	286825	700	284	379	95	9	43.89	43.89	43.89
juego1	easy	20.0	0.006	286834	700	284	379	95	9	43.89	43.89	43.89
juego1	easy	20.0	0.006	286843	700	284	379	95	9	43.89	43.89	43.89
juego1	easy	20.0	0.006	286851	700	284	379	95	9	43.89	43.89	43.89
juego1	easy	20.0	0.006	286859	700	284	379	95	9	43.89	43.89	43.89
juego1	easy	20.0	0.006	286868	700	284	379	95	9	43.89	43.89	43.89
juego1	easy	20.0	0.006	286878	700	283	379	96	9	43.89	43.89	43.89
juego1	easy	20.0	0.006	286885	700	283	379	96	9	43.89	43.89	43.89
juego1	easy	20.0	0.006	286894	700	283	379	96	9	43.89	43.89	43.89
juego1	easy	20.0	0.006	286901	700	283	379	96	9	43.89	43.89	43.89
juego1	easy	20.0	0.006	286910	700	283	379	96	9	43.89	43.89	43.89
juego1	easy	20.0	0.006	286919	700	283	379	96	9	43.89	43.89	43.89
juego1	easy	20.0	0.006	286928	700	282	379	97	9	43.89	43.89	43.89
juego1	easy	20.0	0.006	286935	700	282	379	97	9	43.89	43.89	43.89
juego1	easy	20.0	0.006	286944	700	282	379	97	9	43.89	43.89	43.89
juego1	easy	20.0	0.006	286953	700	282	379	97	9	43.89	43.89	43.89
juego1	easy	20.0	0.006	286961	700	282	379	97	9	43.89	43.89	43.89
juego1	easy	20.0	0.006	286970	700	282	379	97	9	43.89	43.89	43.89
juego1	easy	20.0	0.006	286979	700	281	379	98	9	43.89	43.89	43.89
juego1	easy	20.0	0.006	286987	700	281	379	98	9	43.89	43.89	43.89
juego1	easy	20.0	0.006	286996	700	281	379	98	9	43.89	43.89	43.89
juego1	easy	20.0	0.006	287005	700	281	379	98	9	43.89	43.89	43.89
juego1	easy	20.0	0.006	287012	700	281	379	98	9	43.89	43.89	43.89
juego1	easy	20.0	0.006	287021	700	281	379	98	9	43.89	43.89	43.89
juego1	easy	20.0	0.006	287030	700	280	379	99	9	43.89	43.89	43.89
juego1	easy	20.0	0.006	287038	700	280	379	99	9	43.89	43.89	43.89
juego1	easy	20.0	0.006	287047	700	280	379	99	9	43.89	43.89	43.89
juego1	easy	20.0	0.006	287056	700	280	379	99	9	43.89	43.89	43.89
juego1	easy	20.0	0.006	287064	700	280	379	99	9	43.89	43.89	43.89
juego1	easy	20.0	0.006	287072	700	280	379	99	9	43.89	43.89	43.89
juego1	easy	20.0	0.006	287081	700	280	379	99	9	43.89	43.89	43.89
juego1	easy	20.0	0.006	287090	700	279	379	100	9	43.89	43.89	43.89
juego1	easy	20.0	0.006	287098	700	279	379	100	9	43.89	43.89	43.89
juego1	easy	20.0	0.006	287107	700	279	379	100	9	43.89	43.89	43.89
juego1	easy	20.0	0.006	287116	700	279	379	100	9	43.89	43.89	43.89
juego1	easy	20.0	0.006	287123	700	279	379	100	9	43.89	43.89	43.89
juego1	easy	20.0	0.006	287132	700	279	379	100	9	43.89	43.89	43.89
juego1	easy	20.0	0.006	287141	700	278	379	101	9	43.89	43.89	43.89
juego1	easy	20.0	0.006	287150	700	278	379	101	9	43.89	43.89	43.89
juego1	easy	20.0	0.006	287158	700	278	379	101	9	43.89	43.89	43.89
juego1	easy	20.0	0.006	287165	700	278	379	101	9	43.89	43.89	43.89
juego1	easy	20.0	0.006	287174	700	278	379	101	9	43.89	43.89	43.89
juego1	easy	20.0	0.006	287183	700	278	379	101	9	43.89	43.89	43.89
juego1	easy	20.0	0.006	287190	700	278	379	101	9	43.89	43.89	43.89
juego1	easy	20.0	0.006	287199	700	277	379	102	9	43.89	43.89	43.89
juego1	easy	20.0	0.006	287208	700	277	379	102	9	43.89	43.89	43.89
juego1	easy	20.0	0.006	287216	700	277	379	102	9	43.89	43.89	43.89
juego1	easy	20.0	0.006	287224	700	277	379	102	9	43.89	43.89	43.89
juego1	easy	20.0	0.006	287231	700	277	379	102	9	43.89	43.89	43.89
juego1	easy	20.0	0.006	287240	700	277	379	102	9	43.89	43.89	43.89
juego1	easy	20.0	0.006	287249	700	277	379	102	9	43.89	43.89	43.89
juego1	easy	20.0	0.006	287257	700	276	379	103	9	43.89	43.89	43.89
juego1	easy	20.0	0.006	287266	700	276	379	103	9	43.89	43.89	43.89
juego1	easy	20.0	0.006	287275	700	276	379	103	9	43.89	43.89	43.89
juego1	easy	20.0	0.006	287282	700	276	379	103	9	43.89	43.89	43.89
juego1	easy	20.0	0.006	287291	700	276	379	103	9	43.89	43.89	43.89
juego1	easy	20.0	0.006	287298	700	276	379	103	9	43.89	43.89	43.89
juego1	easy	20.0	0.006	287307	700	275	379	104	9	43.89	43.89	43.89
juego1	easy	20.0	0.006	287316	700	275	379	104	9	43.89	43.89	43.89
juego1	easy	20.0	0.006	287325	700	275	379	104	9	43.89	43.89	43.89
juego1	easy	20.0	0.006	287334	700	275	379	104	9	43.89	43.89	43.89
juego1	easy	20.0	0.006	287342	700	275	379	104	9	43.89	43.89	43.89
juego1	easy	20.0	0.006	287351	700	275	379	104	9	43.89	43.89	43.89
juego1	easy	20.0	0.006	287360	700	275	379	104	9	43.89	43.89	43.89
juego1	easy	20.0	0.006	287368	700	274	379	105	9	43.89	43.89	43.89
juego1	easy	20.0	0.006	287377	700	274	379	105	9	43.89	43.89	43.89
juego1	easy	20.0	0.006	287386	700	274	379	105	9	43.89	43.89	43.89
juego1	easy	20.0	0.006	287394	700	274	379	105	9	43.89	43.89	43.89
juego1	easy	20.0	0.006	287402	700	274	379	105	9	43.89	43.89	43.89
juego1	easy	20.0	0.006	287411	700	274	379	105	9	43.89	43.89	43.89
juego1	easy	20.0	0.006	287418	700	274	379	105	9	43.89	43.89	43.89
juego1	easy	20.0	0.006	287427	700	274	379	105	9	43.89	43.89	43.89
juego1	easy	20.0	0.006	287435	700	273	379	106	9	43.89	43.89	43.89
juego1	easy	20.0	0.006	287444	700	273	379	106	9	43.89	43.89	43.89
juego1	easy	20.0	0.006	287453	700	273	379	106	9	43.89	43.89	43.89
juego1	easy	20.0	0.006	287460	700	273	379	106	9	43.89	43.89	43.89
juego1	easy	20.0	0.006	287469	700	273	379	106	9	43.89	43.89	43.89
juego1	easy	20.0	0.006	287478	700	273	379	106	9	43.89	43.89	43.89
juego1	easy	20.0	0.006	287487	700	273	379	106	9	43.89	43.89	43.89
juego1	easy	20.0	0.006	287494	700	272	379	107	9	43.89	43.89	43.89
juego1	easy	20.0	0.006	287503	700	272	379	107	9	43.89	43.89	43.89
juego1	easy	20.0	0.006	287512	700	272	379	107	9	43.89	43.89	43.89
juego1	easy	20.0	0.006	287521	700	272	379	107	9	43.89	43.89	43.89
juego1	easy	20.0	0.006	287529	700	272	379	107	9	43.89	43.89	43.89
juego1	easy	20.0	0.006	287536	700	272	379	107	9	43.89	43.89	43.89
juego1	easy	20.0	0.006	287545	700	272	379	107	9	43.89	43.89	43.89
juego1	easy	20.0	0.006	287554	700	272	379	107	9	43.89	43.89	43.89
juego1	easy	20.0	0.006	287563	700	271	379	108	9	43.89	43.89	43.89
juego1	easy	20.0	0.006	287572	700	271	379	108	9	43.89	43.89	43.89
juego1	easy	20.0	0.006	287580	700	271	379	108	9	43.89	43.89	43.89
juego1	easy	20.0	0.006	287589	700	271	379	108	9	43.89	43.89	43.89
juego1	easy	20.0	0.006	287597	700	271	379	108	9	43.89	43.89	43.89
juego1	easy	20.0	0.006	287606	700	271	379	108	9	43.89	43.89	43.89
juego1	easy	20.0	0.006	287614	700	271	379	108	9	43.89	43.89	43.89
juego1	easy	20.0	0.006	287622	700	271	379	108	9	43.89	43.89	43.89
juego1	easy	20.0	0.006	287631	700	270	379	109	9	43.89	43.89	43.89
juego1	easy	20.0	0.006	287640	700	270	379	109	9	43.89	43.89	43.89
juego1	easy	20.0	0.006	287649	700	270	379	109	9	43.89	43.89	43.89
juego1	easy	20.0	0.006	287658	700	270	379	109	9	43.89	43.89	43.89
juego1	easy	20.0	0.006	287667	700	270	379	109	9	43.89	43.89	43.89
juego1	easy	20.0	0.006	287676	700	270	379	109	9	43.89	43.89	43.89
juego1	easy	20.0	0.006	287684	700	270	379	109	9	43.89	43.89	43.89
juego1	easy	20.0	0.006	287692	700	270	379	109	9	43.89	43.89	43.89
juego1	easy	20.0	0.006	287701	700	269	379	110	9	43.89	43.89	43.89
juego1	easy	20.0	0.006	287708	700	269	379	110	9	43.89	43.89	43.89
juego1	easy	20.0	0.006	287717	700	269	379	110	9	43.89	43.89	43.89
juego1	easy	20.0	0.006	287726	700	269	379	110	9	43.89	43.89	43.89
juego1	easy	20.0	0.006	287735	700	269	379	110	9	43.89	43.89	43.89
juego1	easy	20.0	0.006	287744	700	269	379	110	9	43.89	43.89	43.89
juego1	easy	20.0	0.006	287752	700	269	379	110	9	43.89	43.89	43.89
juego1	easy	20.0	0.006	287760	700	269	379	110	9	43.89	43.89	43.89
juego1	easy	20.0	0.006	287769	700	269	379	110	9	43.89	43.89	43.89
juego1	easy	20.0	0.006	287778	700	268	379	111	9	43.89	43.89	43.89
juego1	easy	20.0	0.006	287786	700	268	379	111	9	43.89	43.89	43.89
juego1	easy	20.0	0.006	287795	700	268	379	111	9	43.89	43.89	43.89
juego1	easy	20.0	0.006	287804	700	268	379	111	9	43.89	43.89	43.89
juego1	easy	20.0	0.006	287812	700	268	379	111	9	43.89	43.89	43.89
juego1	easy	20.0	0.006	287821	700	268	379	111	9	43.89	43.89	43.89
juego1	easy	20.0	0.006	287830	700	268	379	111	9	43.89	43.89	43.89
juego1	easy	20.0	0.006	287838	700	268	379	111	9	43.89	43.89	43.89
juego1	easy	20.0	0.006	287847	700	268	379	111	9	43.89	43.89	43.89
juego1	easy	20.0	0.006	287855	700	268	379	111	9	43.89	43.89	43.89
juego1	easy	20.0	0.006	287864	700	267	379	112	9	43.89	43.89	43.89
juego1	easy	20.0	0.006	287873	700	267	379	112	9	43.89	43.89	43.89
juego1	easy	20.0	0.006	287882	700	267	379	112	9	43.89	43.89	43.89
juego1	easy	20.0	0.006	287891	700	267	379	112	9	43.89	43.89	43.89
juego1	easy	20.0	0.006	287899	700	267	379	112	9	43.89	43.89	43.89
juego1	easy	20.0	0.006	287908	700	267	379	112	9	43.89	43.89	43.89
juego1	easy	20.0	0.006	287917	700	267	379	112	9	43.89	43.89	43.89
juego1	easy	20.0	0.006	287926	700	267	379	112	9	43.89	43.89	43.89
juego1	easy	20.0	0.006	287933	700	267	379	112	9	43.89	43.89	43.89
juego1	easy	20.0	0.006	287941	700	267	379	112	9	43.89	43.89	43.89
juego1	easy	20.0	0.006	287951	700	266	379	113	9	43.89	43.89	43.89
juego1	easy	20.0	0.006	287958	700	266	379	113	9	43.89	43.89	43.89
juego1	easy	20.0	0.006	287967	700	266	379	113	9	43.89	43.89	43.89
juego1	easy	20.0	0.006	287976	700	266	379	113	9	43.89	43.89	43.89
juego1	easy	20.0	0.006	287984	700	266	379	113	9	43.89	43.89	43.89
juego1	easy	20.0	0.006	287993	700	266	379	113	9	43.89	43.89	43.89
juego1	easy	20.0	0.006	288002	700	266	379	113	9	43.89	43.89	43.89
juego1	easy	20.0	0.006	288011	700	266	379	113	9	43.89	43.89	43.89
juego1	easy	20.0	0.006	288018	700	266	379	113	9	43.89	43.89	43.89
juego1	easy	20.0	0.006	288027	700	266	379	113	9	43.89	43.89	43.89
juego1	easy	20.0	0.006	288036	700	266	379	113	9	43.89	43.89	43.89
juego1	easy	20.0	0.006	288045	700	265	379	114	9	43.89	43.89	43.89
juego1	easy	20.0	0.006	288055	700	265	379	114	9	43.89	43.89	43.89
juego1	easy	20.0	0.006	288063	700	265	379	114	9	43.89	43.89	43.89
juego1	easy	20.0	0.006	288071	700	265	379	114	9	43.89	43.89	43.89
juego1	easy	20.0	0.006	288081	700	265	379	114	9	43.89	43.89	43.89
juego1	easy	20.0	0.006	288089	700	265	379	114	9	43.89	43.89	43.89
juego1	easy	20.0	0.006	288098	700	265	379	114	9	43.89	43.89	43.89
juego1	easy	20.0	0.006	288105	700	265	379	114	9	43.89	43.89	43.89
juego1	easy	20.0	0.006	288114	700	265	379	114	9	43.89	43.89	43.89
juego1	easy	20.0	0.006	288123	700	265	379	114	9	43.89	43.89	43.89
juego1	easy	20.0	0.006	288132	700	265	379	114	9	43.89	43.89	43.89
juego1	easy	20.0	0.006	288139	700	265	379	114	9	43.89	43.89	43.89
juego1	easy	20.0	0.006	288148	700	265	379	114	9	43.89	43.89	43.89
juego1	easy	20.0	0.006	288157	700	264	379	115	9	43.89	43.89	43.89
juego1	easy	20.0	0.006	288165	700	264	379	115	9	43.89	43.89	43.89
juego1	easy	20.0	0.006	288174	700	264	379	115	9	43.89	43.89	43.89
juego1	easy	20.0	0.006	288183	700	264	379	115	9	43.89	43.89	43.89
juego1	easy	20.0	0.006	288192	700	264	379	115	9	43.89	43.89	43.89
juego1	easy	20.0	0.006	288199	700	264	379	115	9	43.89	43.89	43.89
juego1	easy	20.0	0.006	288208	700	264	379	115	9	43.89	43.89	43.89
juego1	easy	20.0	0.006	288217	700	264	379	115	9	43.89	43.89	43.89
juego1	easy	20.0	0.006	288225	700	264	379	115	9	43.89	43.89	43.89
juego1	easy	20.0	0.006	288234	700	264	379	115	9	43.89	43.89	43.89
juego1	easy	20.0	0.006	288243	700	264	379	115	9	43.89	43.89	43.89
juego1	easy	20.0	0.006	288251	700	264	379	115	9	43.89	43.89	43.89
juego1	easy	20.0	0.006	288260	700	264	379	115	9	43.89	43.89	43.89
juego1	easy	20.0	0.006	288268	700	264	379	115	9	43.89	43.89	43.89
juego1	easy	20.0	0.006	288277	700	264	379	115	9	43.89	43.89	43.89
juego1	easy	20.0	0.006	288286	700	263	379	116	9	43.89	43.89	43.89
juego1	easy	20.0	0.006	288295	700	263	379	116	9	43.89	43.89	43.89
juego1	easy	20.0	0.006	288303	700	263	379	116	9	43.89	43.89	43.89
juego1	easy	20.0	0.006	288312	700	263	379	116	9	43.89	43.89	43.89
juego1	easy	20.0	0.006	288321	700	263	379	116	9	43.89	43.89	43.89
juego1	easy	20.0	0.006	288330	700	263	379	116	9	43.89	43.89	43.89
juego1	easy	20.0	0.006	288338	700	263	379	116	9	43.89	43.89	43.89
juego1	easy	20.0	0.006	288347	700	263	379	116	9	43.89	43.89	43.89
juego1	easy	20.0	0.006	288356	700	263	379	116	9	43.89	43.89	43.89
juego1	easy	20.0	0.006	288364	700	263	379	116	9	43.89	43.89	43.89
juego1	easy	20.0	0.006	288373	700	263	379	116	9	43.89	43.89	43.89
juego1	easy	20.0	0.006	288381	700	263	379	116	9	43.89	43.89	43.89
juego1	easy	20.0	0.006	288390	700	263	379	116	9	43.89	43.89	43.89
juego1	easy	20.0	0.006	288399	700	263	379	116	9	43.89	43.89	43.89
juego1	easy	20.0	0.006	288407	700	263	379	116	9	43.89	43.89	43.89
juego1	easy	20.0	0.006	288416	700	263	379	116	9	43.89	43.89	43.89
juego1	easy	20.0	0.006	288425	700	263	379	116	9	43.89	43.89	43.89
juego1	easy	20.0	0.006	288434	700	263	379	116	9	43.89	43.89	43.89
juego1	easy	20.0	0.006	288442	700	263	379	116	9	43.89	43.89	43.89
juego1	easy	20.0	0.006	288451	700	263	379	116	9	43.89	43.89	43.89
juego1	easy	20.0	0.006	288460	700	262	379	117	9	43.89	43.89	43.89
juego1	easy	20.0	0.006	288468	700	262	379	117	9	43.89	43.89	43.89
juego1	easy	20.0	0.006	288477	700	262	379	117	9	43.89	43.89	43.89
juego1	easy	20.0	0.006	288485	700	262	379	117	9	43.89	43.89	43.89
juego1	easy	20.0	0.006	288494	700	262	379	117	9	43.89	43.89	43.89
juego1	easy	20.0	0.006	288503	700	262	379	117	9	43.89	43.89	43.89
juego1	easy	20.0	0.006	288511	700	262	379	117	9	43.89	43.89	43.89
juego1	easy	20.0	0.006	288521	700	262	379	117	9	43.89	43.89	43.89
juego1	easy	20.0	0.006	288529	700	262	379	117	9	43.89	43.89	43.89
juego1	easy	20.0	0.006	288537	700	262	379	117	9	43.89	43.89	43.89
juego1	easy	20.0	0.006	288546	700	262	379	117	9	43.89	43.89	43.89
juego1	easy	20.0	0.006	288553	700	262	379	117	9	43.89	43.89	43.89
juego1	easy	20.0	0.006	288562	700	262	379	117	9	43.89	43.89	43.89
juego1	easy	20.0	0.006	288570	700	262	379	117	9	43.89	43.89	43.89
juego1	easy	20.0	0.006	288578	700	262	379	117	9	43.89	43.89	43.89
juego1	easy	20.0	0.006	288587	700	262	379	117	9	43.89	43.89	43.89
juego1	easy	20.0	0.006	288595	700	262	379	117	9	43.89	43.89	43.89
juego1	easy	20.0	0.006	288604	700	262	379	117	9	43.89	43.89	43.89
juego1	easy	20.0	0.006	288613	700	262	379	117	9	43.89	43.89	43.89
juego1	easy	20.0	0.006	288621	700	262	379	117	9	43.89	43.89	43.89
juego1	easy	20.0	0.006	288630	700	262	379	117	9	43.89	43.89	43.89
juego1	easy	20.0	0.006	288639	700	262	379	117	9	43.89	43.89	43.89
juego1	easy	20.0	0.006	288647	700	262	379	117	9	43.89	43.89	43.89
juego1	easy	20.0	0.006	288656	700	262	379	117	9	43.89	43.89	43.89
juego1	easy	20.0	0.006	288664	700	262	379	117	9	43.89	43.89	43.89
juego1	easy	20.0	0.006	288673	700	262	379	117	9	43.89	43.89	43.89
juego1	easy	20.0	0.006	288681	700	262	379	117	9	43.89	43.89	43.89
juego1	easy	20.0	0.006	288690	700	262	379	117	9	43.89	43.89	43.89
juego1	easy	20.0	0.006	288699	700	262	379	117	9	43.89	43.89	43.89
juego1	easy	20.0	0.006	288708	700	262	379	117	9	43.89	43.89	43.89
juego1	easy	20.0	0.006	288715	700	262	379	117	9	43.89	43.89	43.89
juego1	easy	20.0	0.006	288724	700	262	379	117	9	43.89	43.89	43.89
juego1	easy	20.0	0.006	288732	700	262	379	117	9	43.89	43.89	43.89
juego1	easy	20.0	0.006	288740	700	262	379	117	9	43.89	43.89	43.89
juego1	easy	20.0	0.006	288749	700	262	379	117	9	43.89	43.89	43.89
juego1	easy	20.0	0.006	288758	700	262	379	117	9	43.89	43.89	43.89
juego1	easy	20.0	0.006	288765	700	262	379	117	9	43.89	43.89	43.89
juego1	easy	20.0	0.006	288774	700	262	379	117	9	43.89	43.89	43.89
juego1	easy	20.0	0.006	288783	700	262	379	117	9	43.89	43.89	43.89
juego1	easy	20.0	0.006	288793	700	262	379	117	9	43.89	43.89	43.89
juego1	easy	20.0	0.006	288799	700	262	379	117	9	43.89	43.89	43.89
juego1	easy	20.0	0.006	288808	700	262	379	117	9	43.89	43.89	43.89
juego1	easy	20.0	0.006	288817	700	262	379	117	9	43.89	43.89	43.89
juego1	easy	20.0	0.006	288824	700	262	379	117	9	43.89	43.89	43.89
juego1	easy	20.0	0.006	288833	700	262	379	117	9	43.89	43.89	43.89
juego1	easy	20.0	0.006	288842	700	262	379	117	9	43.89	43.89	43.89
juego1	easy	20.0	0.006	288851	700	262	379	117	9	43.89	43.89	43.89
juego1	easy	20.0	0.006	288859	700	262	379	117	9	43.89	43.89	43.89
juego1	easy	20.0	0.006	288868	700	262	379	117	9	43.89	43.89	43.89
juego1	easy	20.0	0.006	288878	700	262	379	117	9	43.89	43.89	43.89
juego1	easy	20.0	0.006	288885	700	262	379	117	9	43.89	43.89	43.89
juego1	easy	20.0	0.006	288894	700	262	379	117	9	43.89	43.89	43.89
juego1	easy	20.0	0.006	288903	700	262	379	117	9	43.89	43.89	43.89
juego1	easy	20.0	0.006	288910	700	262	379	117	9	43.89	43.89	43.89
juego1	easy	20.0	0.006	288919	700	262	379	117	9	43.89	43.89	43.89
juego1	easy	20.0	0.006	288926	700	262	379	117	9	43.89	43.89	43.89
juego1	easy	20.0	0.006	288934	700	262	379	117	9	43.89	43.89	43.89
juego1	easy	20.0	0.006	288943	700	262	379	117	9	43.89	43.89	43.89
juego1	easy	20.0	0.006	288950	700	262	379	117	9	43.89	43.89	43.89
juego1	easy	20.0	0.006	288959	700	262	379	117	9	43.89	43.89	43.89
juego1	easy	20.0	0.006	288968	700	262	379	117	9	43.89	43.89	43.89
juego1	easy	20.0	0.006	288978	700	262	379	117	9	43.89	43.89	43.89
juego1	easy	20.0	0.006	288986	700	262	379	117	9	43.89	43.89	43.89
juego1	easy	20.0	0.006	288994	700	262	379	117	9	43.89	43.89	43.89
juego1	easy	20.0	0.006	289003	700	262	379	117	9	43.89	43.89	43.89
juego1	easy	20.0	0.006	289011	700	262	379	117	9	43.89	43.89	43.89
juego1	easy	20.0	0.006	289018	700	262	379	117	9	43.89	43.89	43.89
juego1	easy	20.0	0.006	289027	700	262	379	117	9	43.89	43.89	43.89
juego1	easy	20.0	0.006	289036	700	262	379	117	9	43.89	43.89	43.89
juego1	easy	20.0	0.006	289045	700	262	379	117	9	43.89	43.89	43.89
juego1	easy	20.0	0.006	289054	700	262	379	117	9	43.89	43.89	43.89
juego1	easy	20.0	0.006	289062	700	262	379	117	9	43.89	43.89	43.89
juego1	easy	20.0	0.006	289071	700	262	379	117	9	43.89	43.89	43.89
juego1	easy	20.0	0.006	289079	700	262	379	117	9	43.89	43.89	43.89
juego1	easy	20.0	0.006	289088	700	262	379	117	9	43.89	43.89	43.89
juego1	easy	20.0	0.006	289097	700	262	379	117	9	43.89	43.89	43.89
juego1	easy	20.0	0.006	289105	700	262	379	117	9	43.89	43.89	43.89
juego1	easy	20.0	0.006	289115	700	262	379	117	9	43.89	43.89	43.89
juego1	easy	20.0	0.006	289122	700	262	379	117	9	43.89	43.89	43.89
juego1	easy	20.0	0.006	289131	700	262	379	117	9	43.89	43.89	43.89
juego1	easy	20.0	0.006	289139	700	263	379	116	9	43.89	43.89	43.89
juego1	easy	20.0	0.006	289148	700	263	379	116	9	43.89	43.89	43.89
juego1	easy	20.0	0.006	289157	700	263	379	116	9	43.89	43.89	43.89
juego1	easy	20.0	0.006	289166	700	263	379	116	9	43.89	43.89	43.89
juego1	easy	20.0	0.006	289174	700	263	379	116	9	43.89	43.89	43.89
juego1	easy	20.0	0.006	289184	700	263	379	116	9	43.89	43.89	43.89
juego1	easy	20.0	0.006	289192	700	263	379	116	9	43.89	43.89	43.89
juego1	easy	20.0	0.006	289201	700	263	379	116	9	43.89	43.89	43.89
juego1	easy	20.0	0.006	289210	700	263	379	116	9	43.89	43.89	43.89
juego1	easy	20.0	0.006	289219	700	263	379	116	9	43.89	43.89	43.89
juego1	easy	20.0	0.006	289228	700	263	379	116	9	43.89	43.89	43.89
juego1	easy	20.0	0.006	289236	700	263	379	116	9	43.89	43.89	43.89
juego1	easy	20.0	0.006	289244	700	263	379	116	9	43.89	43.89	43.89
juego1	easy	20.0	0.006	289254	700	263	379	116	9	43.89	43.89	43.89
juego1	easy	20.0	0.006	289261	700	263	379	116	9	43.89	43.89	43.89
juego1	easy	20.0	0.006	289270	700	263	379	116	9	43.89	43.89	43.89
juego1	easy	20.0	0.006	289279	700	263	379	116	9	43.89	43.89	43.89
juego1	easy	20.0	0.006	289289	700	263	379	116	9	43.89	43.89	43.89
juego1	easy	20.0	0.006	289297	700	263	379	116	9	43.89	43.89	43.89
juego1	easy	20.0	0.006	289306	700	263	379	116	9	43.89	43.89	43.89
juego1	easy	20.0	0.006	289314	700	263	379	116	9	43.89	43.89	43.89
juego1	easy	20.0	0.006	289323	700	264	379	115	9	43.89	43.89	43.89
juego1	easy	20.0	0.006	289331	700	264	379	115	9	43.89	43.89	43.89
juego1	easy	20.0	0.006	289340	700	264	379	115	9	43.89	43.89	43.89
juego1	easy	20.0	0.006	289348	700	264	379	115	9	43.89	43.89	43.89
juego1	easy	20.0	0.006	289357	700	264	379	115	9	43.89	43.89	43.89
juego1	easy	20.0	0.006	289366	700	264	379	115	9	43.89	43.89	43.89
juego1	easy	20.0	0.006	289373	700	264	379	115	9	43.89	43.89	43.89
juego1	easy	20.0	0.006	289382	700	264	379	115	9	43.89	43.89	43.89
juego1	easy	20.0	0.006	289391	700	264	379	115	9	43.89	43.89	43.89
juego1	easy	20.0	0.006	289400	700	264	379	115	9	43.89	43.89	43.89
juego1	easy	20.0	0.006	289409	700	264	379	115	9	43.89	43.89	43.89
juego1	easy	20.0	0.006	289418	700	264	379	115	9	43.89	43.89	43.89
juego1	easy	20.0	0.006	289426	700	264	379	115	9	43.89	43.89	43.89
juego1	easy	20.0	0.006	289435	700	264	379	115	9	43.89	43.89	43.89
juego1	easy	20.0	0.006	289444	700	264	379	115	9	43.89	43.89	43.89
juego1	easy	20.0	0.006	289451	700	265	379	114	9	43.89	43.89	43.89
juego1	easy	20.0	0.006	289460	700	265	379	114	9	43.89	43.89	43.89
juego1	easy	20.0	0.006	289469	700	265	379	114	9	43.89	43.89	43.89
juego1	easy	20.0	0.006	289477	700	265	379	114	9	43.89	43.89	43.89
juego1	easy	20.0	0.006	289486	700	265	379	114	9	43.89	43.89	43.89
juego1	easy	20.0	0.006	289494	700	265	379	114	9	43.89	43.89	43.89
juego1	easy	20.0	0.006	289501	700	265	379	114	9	43.89	43.89	43.89
juego1	easy	20.0	0.006	289510	700	265	379	114	9	43.89	43.89	43.89
juego1	easy	20.0	0.006	289519	700	265	379	114	9	43.89	43.89	43.89
juego1	easy	20.0	0.006	289528	700	265	379	114	9	43.89	43.89	43.89
juego1	easy	20.0	0.006	289537	700	265	379	114	9	43.89	43.89	43.89
juego1	easy	20.0	0.006	289545	700	265	379	114	9	43.89	43.89	43.89
juego1	easy	20.0	0.006	289554	700	266	379	113	9	43.89	43.89	43.89
juego1	easy	20.0	0.006	289562	700	266	379	113	9	43.89	43.89	43.89
juego1	easy	20.0	0.006	289571	700	266	379	113	9	43.89	43.89	43.89
juego1	easy	20.0	0.006	289580	700	266	379	113	9	43.89	43.89	43.89
juego1	easy	20.0	0.006	289589	700	266	379	113	9	43.89	43.89	43.89
juego1	easy	20.0	0.006	289597	700	266	379	113	9	43.89	43.89	43.89
juego1	easy	20.0	0.006	289606	700	266	379	113	9	43.89	43.89	43.89
juego1	easy	20.0	0.006	289614	700	266	379	113	9	43.89	43.89	43.89
juego1	easy	20.0	0.006	289622	700	266	379	113	9	43.89	43.89	43.89
juego1	easy	20.0	0.006	289629	700	266	379	113	9	43.89	43.89	43.89
juego1	easy	20.0	0.006	289638	700	266	379	113	9	43.89	43.89	43.89
juego1	easy	20.0	0.006	289647	700	266	379	113	9	43.89	43.89	43.89
juego1	easy	20.0	0.006	289655	700	267	379	112	9	43.89	43.89	43.89
juego1	easy	20.0	0.006	289664	700	267	379	112	9	43.89	43.89	43.89
juego1	easy	20.0	0.006	289673	700	267	379	112	9	43.89	43.89	43.89
juego1	easy	20.0	0.006	289682	700	267	379	112	9	43.89	43.89	43.89
juego1	easy	20.0	0.006	289690	700	267	379	112	9	43.89	43.89	43.89
juego1	easy	20.0	0.006	289699	700	267	379	112	9	43.89	43.89	43.89
juego1	easy	20.0	0.006	289706	700	267	379	112	9	43.89	43.89	43.89
juego1	easy	20.0	0.006	289715	700	267	379	112	9	43.89	43.89	43.89
juego1	easy	20.0	0.006	289724	700	267	379	112	9	43.89	43.89	43.89
juego1	easy	20.0	0.006	289732	700	267	379	112	9	43.89	43.89	43.89
juego1	easy	20.0	0.006	289741	700	268	379	111	9	43.89	43.89	43.89
juego1	easy	20.0	0.006	289749	700	268	379	111	9	43.89	43.89	43.89
juego1	easy	20.0	0.006	289757	700	268	379	111	9	43.89	43.89	43.89
juego1	easy	20.0	0.006	289764	700	268	379	111	9	43.89	43.89	43.89
juego1	easy	20.0	0.006	289773	700	268	379	111	9	43.89	43.89	43.89
juego1	easy	20.0	0.006	289782	700	268	379	111	9	43.89	43.89	43.89
juego1	easy	20.0	0.006	289790	700	268	379	111	9	43.89	43.89	43.89
juego1	easy	20.0	0.006	289799	700	268	379	111	9	43.89	43.89	43.89
juego1	easy	20.0	0.006	289808	700	268	379	111	9	43.89	43.89	43.89
juego1	easy	20.0	0.006	289816	700	269	379	110	9	43.89	43.89	43.89
juego1	easy	20.0	0.006	289825	700	269	379	110	9	43.89	43.89	43.89
juego1	easy	20.0	0.006	289833	700	269	379	110	9	43.89	43.89	43.89
juego1	easy	20.0	0.006	289841	700	269	379	110	9	43.89	43.89	43.89
juego1	easy	20.0	0.006	289850	700	269	379	110	9	43.89	43.89	43.89
juego1	easy	20.0	0.006	289859	700	269	379	110	9	43.89	43.89	43.89
juego1	easy	20.0	0.006	289867	700	269	379	110	9	43.89	43.89	43.89
juego1	easy	20.0	0.006	289876	700	269	379	110	9	43.89	43.89	43.89
juego1	easy	20.0	0.006	289883	700	269	379	110	9	43.89	43.89	43.89
juego1	easy	20.0	0.006	289891	700	270	379	109	9	43.89	43.89	43.89
juego1	easy	20.0	0.006	289900	700	270	379	109	9	43.89	43.89	43.89
juego1	easy	20.0	0.006	289909	700	270	379	109	9	43.89	43.89	43.89
juego1	easy	20.0	0.006	289918	700	270	379	109	9	43.89	43.89	43.89
juego1	easy	20.0	0.006	289927	700	270	379	109	9	43.89	43.89	43.89
juego1	easy	20.0	0.006	289934	700	270	379	109	9	43.89	43.89	43.89
juego1	easy	20.0	0.006	289943	700	270	379	109	9	43.89	43.89	43.89
juego1	easy	20.0	0.006	289952	700	270	379	109	9	43.89	43.89	43.89
juego1	easy	20.0	0.006	289961	700	270	379	109	9	43.89	43.89	43.89
juego1	easy	20.0	0.006	289970	700	271	379	108	9	43.89	43.89	43.89
juego1	easy	20.0	0.006	289977	700	271	379	108	9	43.89	43.89	43.89
juego1	easy	20.0	0.006	289986	700	271	379	108	9	43.89	43.89	43.89
juego1	easy	20.0	0.006	289994	700	271	379	108	9	43.89	43.89	43.89
juego1	easy	20.0	0.006	290003	700	271	379	108	9	43.89	43.89	43.89
juego1	easy	20.0	0.006	290011	700	271	379	108	9	43.89	43.89	43.89
juego1	easy	20.0	0.006	290019	700	271	379	108	9	43.89	43.89	43.89
juego1	easy	20.0	0.006	290028	700	271	379	108	9	43.89	43.89	43.89
juego1	easy	20.0	0.006	290037	700	272	379	107	9	43.89	43.89	43.89
juego1	easy	20.0	0.006	290046	700	272	379	107	9	43.89	43.89	43.89
juego1	easy	20.0	0.006	290054	700	272	379	107	9	43.89	43.89	43.89
juego1	easy	20.0	0.006	290063	700	272	379	107	9	43.89	43.89	43.89
juego1	easy	20.0	0.006	290072	700	272	379	107	9	43.89	43.89	43.89
juego1	easy	20.0	0.006	290079	700	272	379	107	9	43.89	43.89	43.89
juego1	easy	20.0	0.006	290088	700	272	379	107	9	43.89	43.89	43.89
juego1	easy	20.0	0.006	290097	700	273	379	106	9	43.89	43.89	43.89
juego1	easy	20.0	0.006	290106	700	273	379	106	9	43.89	43.89	43.89
juego1	easy	20.0	0.006	290113	700	273	379	106	9	43.89	43.89	43.89
juego1	easy	20.0	0.006	290122	700	273	379	106	9	43.89	43.89	43.89
juego1	easy	20.0	0.006	290131	700	273	379	106	9	43.89	43.89	43.89
juego1	easy	20.0	0.006	290140	700	273	379	106	9	43.89	43.89	43.89
juego1	easy	20.0	0.006	290149	700	273	379	106	9	43.89	43.89	43.89
juego1	easy	20.0	0.006	290157	700	273	379	106	9	43.89	43.89	43.89
juego1	easy	20.0	0.006	290166	700	274	379	105	9	43.89	43.89	43.89
juego1	easy	20.0	0.006	290175	700	274	379	105	9	43.89	43.89	43.89
juego1	easy	20.0	0.006	290183	700	274	379	105	9	43.89	43.89	43.89
juego1	easy	20.0	0.006	290192	700	274	379	105	9	43.89	43.89	43.89
juego1	easy	20.0	0.006	290201	700	274	379	105	9	43.89	43.89	43.89
juego1	easy	20.0	0.006	290210	700	274	379	105	9	43.89	43.89	43.89
juego1	easy	20.0	0.006	290219	700	274	379	105	9	43.89	43.89	43.89
juego1	easy	20.0	0.006	290228	700	275	379	104	9	43.89	43.89	43.89
juego1	easy	20.0	0.006	290235	700	275	379	104	9	43.89	43.89	43.89
juego1	easy	20.0	0.006	290245	700	275	379	104	9	43.89	43.89	43.89
juego1	easy	20.0	0.006	290253	700	275	379	104	9	43.89	43.89	43.89
juego1	easy	20.0	0.006	290262	700	275	379	104	9	43.89	43.89	43.89
juego1	easy	20.0	0.006	290270	700	275	379	104	9	43.89	43.89	43.89
juego1	easy	20.0	0.006	290278	700	275	379	104	9	43.89	43.89	43.89
juego1	easy	20.0	0.006	290287	700	276	379	103	9	43.89	43.89	43.89
juego1	easy	20.0	0.006	290294	700	276	379	103	9	43.89	43.89	43.89
juego1	easy	20.0	0.006	290302	700	276	379	103	9	43.89	43.89	43.89
juego1	easy	20.0	0.006	290311	700	276	379	103	9	43.89	43.89	43.89
juego1	easy	20.0	0.006	290319	700	276	379	103	9	43.89	43.89	43.89
juego1	easy	20.0	0.006	290328	700	276	379	103	9	43.89	43.89	43.89
juego1	easy	20.0	0.006	290337	700	276	379	103	9	43.89	43.89	43.89
juego1	easy	20.0	0.006	290345	700	277	379	102	9	43.89	43.89	43.89
juego1	easy	20.0	0.006	290354	700	277	379	102	9	43.89	43.89	43.89
juego1	easy	20.0	0.006	290363	700	277	379	102	9	43.89	43.89	43.89
juego1	easy	20.0	0.006	290370	700	277	379	102	9	43.89	43.89	43.89
juego1	easy	20.0	0.006	290379	700	277	379	102	9	43.89	43.89	43.89
juego1	easy	20.0	0.006	290388	700	277	379	102	9	43.89	43.89	43.89
juego1	easy	20.0	0.006	290398	700	277	379	102	9	43.89	43.89	43.89
juego1	easy	20.0	0.006	290405	700	278	379	101	9	43.89	43.89	43.89
juego1	easy	20.0	0.006	290414	700	278	379	101	9	43.89	43.89	43.89
juego1	easy	20.0	0.006	290423	700	278	379	101	9	43.89	43.89	43.89
juego1	easy	20.0	0.006	290432	700	278	379	101	9	43.89	43.89	43.89
juego1	easy	20.0	0.006	290441	700	278	379	101	9	43.89	43.89	43.89
juego1	easy	20.0	0.006	290450	700	278	379	101	9	43.89	43.89	43.89
juego1	easy	20.0	0.006	290457	700	279	379	100	9	43.89	43.89	43.89
juego1	easy	20.0	0.006	290466	700	279	379	100	9	43.89	43.89	43.89
juego1	easy	20.0	0.006	290473	700	279	379	100	9	43.89	43.89	43.89
juego1	easy	20.0	0.006	290482	700	279	379	100	9	43.89	43.89	43.89
juego1	easy	20.0	0.006	290491	700	279	379	100	9	43.89	43.89	43.89
juego1	easy	20.0	0.006	290500	700	279	379	100	9	43.89	43.89	43.89
juego1	easy	20.0	0.006	290508	700	279	379	100	9	43.89	43.89	43.89
juego1	easy	20.0	0.006	290515	700	280	379	99	9	43.89	43.89	43.89
juego1	easy	20.0	0.006	290524	700	280	379	99	9	43.89	43.89	43.89
juego1	easy	20.0	0.006	290533	700	280	379	99	9	43.89	43.89	43.89
juego1	easy	20.0	0.006	290541	700	280	379	99	9	43.89	43.89	43.89
juego1	easy	20.0	0.006	290549	700	280	379	99	9	43.89	43.89	43.89
juego1	easy	20.0	0.006	290558	700	280	379	99	9	43.89	43.89	43.89
juego1	easy	20.0	0.006	290567	700	281	379	98	9	43.89	43.89	43.89
juego1	easy	20.0	0.006	290576	700	281	379	98	9	43.89	43.89	43.89
juego1	easy	20.0	0.006	290585	700	281	379	98	9	43.89	43.89	43.89
juego1	easy	20.0	0.006	290593	700	281	379	98	9	43.89	43.89	43.89
juego1	easy	20.0	0.006	290602	700	281	379	98	9	43.89	43.89	43.89
juego1	easy	20.0	0.006	290611	700	281	379	98	9	43.89	43.89	43.89
juego1	easy	20.0	0.006	290620	700	282	379	97	9	43.89	43.89	43.89
juego1	easy	20.0	0.006	290629	700	282	379	97	9	43.89	43.89	43.89
juego1	easy	20.0	0.006	290638	700	282	379	97	9	43.89	43.89	43.89
juego1	easy	20.0	0.006	290646	700	282	379	97	9	43.89	43.89	43.89
juego1	easy	20.0	0.006	290655	700	282	379	97	9	43.89	43.89	43.89
juego1	easy	20.0	0.006	290664	700	282	379	97	9	43.89	43.89	43.89
juego1	easy	20.0	0.006	290672	700	282	379	97	9	43.89	43.89	43.89
juego1	easy	20.0	0.006	290681	700	283	379	96	9	43.89	43.89	43.89
juego1	easy	20.0	0.006	290689	700	283	379	96	9	43.89	43.89	43.89
juego1	easy	20.0	0.006	290698	700	283	379	96	9	43.89	43.89	43.89
juego1	easy	20.0	0.006	290706	700	283	379	96	9	43.89	43.89	43.89
juego1	easy	20.0	0.006	290715	700	283	379	96	9	43.89	43.89	43.89
juego1	easy	20.0	0.006	290723	700	283	379	96	9	43.89	43.89	43.89
juego1	easy	20.0	0.006	290731	700	284	379	95	9	43.89	43.89	43.89
juego1	easy	20.0	0.006	290740	700	284	379	95	9	43.89	43.89	43.89
juego1	easy	20.0	0.006	290749	700	284	379	95	9	43.89	43.89	43.89
juego1	easy	20.0	0.006	290758	700	284	379	95	9	43.89	43.89	43.89
juego1	easy	20.0	0.006	290767	700	284	379	95	9	43.89	43.89	43.89
juego1	easy	20.0	0.006	290776	700	284	379	95	9	43.89	43.89	43.89
juego1	easy	20.0	0.006	290785	700	285	379	94	9	43.89	43.89	43.89
juego1	easy	20.0	0.006	290794	700	285	379	94	9	43.89	43.89	43.89
juego1	easy	20.0	0.006	290803	700	285	379	94	9	43.89	43.89	43.89
juego1	easy	20.0	0.006	290812	700	285	379	94	9	43.89	43.89	43.89
juego1	easy	20.0	0.006	290821	700	285	379	94	9	43.89	43.89	43.89
juego1	easy	20.0	0.006	290830	700	285	379	94	9	43.89	43.89	43.89
juego1	easy	20.0	0.006	290839	700	286	379	93	9	43.89	43.89	43.89
juego1	easy	20.0	0.006	290848	700	286	379	93	9	43.89	43.89	43.89
juego1	easy	20.0	0.006	290855	700	286	379	93	9	43.89	43.89	43.89
juego1	easy	20.0	0.006	290864	700	286	379	93	9	43.89	43.89	43.89
juego1	easy	20.0	0.006	290871	700	286	379	93	9	43.89	43.89	43.89
juego1	easy	20.0	0.006	290880	700	286	379	93	9	43.89	43.89	43.89
juego1	easy	20.0	0.006	290887	700	287	379	92	9	43.89	43.89	43.89
juego1	easy	20.0	0.006	290898	700	287	379	92	9	43.89	43.89	43.89
juego1	easy	20.0	0.006	290904	700	287	379	92	9	43.89	43.89	43.89
juego1	easy	20.0	0.006	290913	700	287	379	92	9	43.89	43.89	43.89
juego1	easy	20.0	0.006	290921	700	287	379	92	9	43.89	43.89	43.89
juego1	easy	20.0	0.006	290930	700	287	379	92	9	43.89	43.89	43.89
juego1	easy	20.0	0.006	290939	700	288	379	91	9	43.89	43.89	43.89
juego1	easy	20.0	0.006	290948	700	288	379	91	9	43.89	43.89	43.89
juego1	easy	20.0	0.006	290956	700	288	379	91	9	43.89	43.89	43.89
juego1	easy	20.0	0.006	290965	700	288	379	91	9	43.89	43.89	43.89
juego1	easy	20.0	0.006	290973	700	288	379	91	9	43.89	43.89	43.89
juego1	easy	20.0	0.006	290982	700	288	379	91	9	43.89	43.89	43.89
juego1	easy	20.0	0.006	290993	700	289	379	90	9	43.89	43.89	43.89
juego1	easy	20.0	0.006	290999	700	289	379	90	9	43.89	43.89	43.89
juego1	easy	20.0	0.006	291008	700	289	379	90	9	43.89	43.89	43.89
juego1	easy	20.0	0.006	291017	700	289	379	90	9	43.89	43.89	43.89
juego1	easy	20.0	0.006	291025	700	289	379	90	9	43.89	43.89	43.89
juego1	easy	20.0	0.006	291033	700	289	379	90	9	43.89	43.89	43.89
juego1	easy	20.0	0.006	291040	700	290	379	89	9	43.89	43.89	43.89
juego1	easy	20.0	0.006	291049	700	290	379	89	9	43.89	43.89	43.89
juego1	easy	20.0	0.006	291058	700	290	379	89	9	43.89	43.89	43.89
juego1	easy	20.0	0.006	291068	700	290	379	89	9	43.89	43.89	43.89
juego1	easy	20.0	0.006	291075	700	290	379	89	9	43.89	43.89	43.89
juego1	easy	20.0	0.006	291084	700	291	379	88	9	43.89	43.89	43.89
juego1	easy	20.0	0.006	291093	700	291	379	88	9	43.89	43.89	43.89
juego1	easy	20.0	0.006	291102	700	291	379	88	9	43.89	43.89	43.89
juego1	easy	20.0	0.006	291110	700	291	379	88	9	43.89	43.89	43.89
juego1	easy	20.0	0.006	291118	700	291	379	88	9	43.89	43.89	43.89
juego1	easy	20.0	0.006	291126	700	292	379	87	9	43.89	43.89	43.89
juego1	easy	20.0	0.006	291134	700	292	379	87	9	43.89	43.89	43.89
juego1	easy	20.0	0.006	291142	700	292	379	87	9	43.89	43.89	43.89
juego1	easy	20.0	0.006	291150	700	292	379	87	9	43.89	43.89	43.89
juego1	easy	20.0	0.006	291158	700	292	379	87	9	43.89	43.89	43.89
juego1	easy	20.0	0.006	291167	700	292	379	87	9	43.89	43.89	43.89
juego1	easy	20.0	0.006	291176	700	293	379	86	9	43.89	43.89	43.89
juego1	easy	20.0	0.006	291185	700	293	379	86	9	43.89	43.89	43.89
juego1	easy	20.0	0.006	291193	700	293	379	86	9	43.89	43.89	43.89
juego1	easy	20.0	0.006	291200	700	293	379	86	9	43.89	43.89	43.89
juego1	easy	20.0	0.006	291209	700	293	379	86	9	43.89	43.89	43.89
juego1	easy	20.0	0.006	291218	700	294	379	85	9	43.89	43.89	43.89
juego1	easy	20.0	0.006	291226	700	294	379	85	9	43.89	43.89	43.89
juego1	easy	20.0	0.006	291235	700	294	379	85	9	43.89	43.89	43.89
juego1	easy	20.0	0.006	291243	700	294	379	85	9	43.89	43.89	43.89
juego1	easy	20.0	0.006	291252	700	294	379	85	9	43.89	43.89	43.89
juego1	easy	20.0	0.006	291261	700	295	379	84	9	43.89	43.89	43.89
juego1	easy	20.0	0.006	291270	700	295	379	84	9	43.89	43.89	43.89
juego1	easy	20.0	0.006	291277	700	295	379	84	9	43.89	43.89	43.89
juego1	easy	20.0	0.006	291286	700	295	379	84	9	43.89	43.89	43.89
juego1	easy	20.0	0.006	291295	700	295	379	84	9	43.89	43.89	43.89
juego1	easy	20.0	0.006	291304	700	296	379	83	9	43.89	43.89	43.89
juego1	easy	20.0	0.006	291313	700	296	379	83	9	43.89	43.89	43.89
juego1	easy	20.0	0.006	291321	700	296	379	83	9	43.89	43.89	43.89
juego1	easy	20.0	0.006	291330	700	296	379	83	9	43.89	43.89	43.89
juego1	easy	20.0	0.006	291339	700	296	379	83	9	43.89	43.89	43.89
juego1	easy	20.0	0.006	291348	700	296	379	83	9	43.89	43.89	43.89
juego1	easy	20.0	0.006	291357	700	297	379	82	9	43.89	43.89	43.89
juego1	easy	20.0	0.006	291366	700	297	379	82	9	43.89	43.89	43.89
juego1	easy	20.0	0.006	291375	700	297	379	82	9	43.89	43.89	43.89
juego1	easy	20.0	0.006	291383	700	297	379	82	9	43.89	43.89	43.89
juego1	easy	20.0	0.006	291391	700	297	379	82	9	43.89	43.89	43.89
juego1	easy	20.0	0.006	291400	700	298	379	81	9	43.89	43.89	43.89
juego1	easy	20.0	0.006	291408	700	298	379	81	9	43.89	43.89	43.89
juego1	easy	20.0	0.006	291417	700	298	379	81	9	43.89	43.89	43.89
juego1	easy	20.0	0.006	291426	700	298	379	81	9	43.89	43.89	43.89
juego1	easy	20.0	0.006	291435	700	298	379	81	9	43.89	43.89	43.89
juego1	easy	20.0	0.006	291444	700	299	379	80	9	43.89	43.89	43.89
juego1	easy	20.0	0.006	291454	700	299	379	80	9	43.89	43.89	43.89
juego1	easy	20.0	0.006	291462	700	299	379	80	9	43.89	43.89	43.89
juego1	easy	20.0	0.006	291471	700	299	379	80	9	43.89	43.89	43.89
juego1	easy	20.0	0.006	291480	700	299	379	80	9	43.89	43.89	43.89
juego1	easy	20.0	0.006	291489	700	299	379	80	9	43.89	43.89	43.89
juego1	easy	20.0	0.006	291499	700	300	379	79	9	43.89	43.89	43.89
juego1	easy	20.0	0.006	291506	700	300	379	79	9	43.89	43.89	43.89
juego1	easy	20.0	0.006	291515	700	300	379	79	9	43.89	43.89	43.89
juego1	easy	20.0	0.006	291524	700	300	379	79	9	43.89	43.89	43.89
juego1	easy	20.0	0.006	291532	700	300	379	79	9	43.89	43.89	43.89
juego1	easy	20.0	0.006	291541	700	300	379	79	9	43.89	43.89	43.89
juego1	easy	20.0	0.006	291550	700	300	379	79	9	43.89	43.89	43.89
juego1	easy	20.0	0.006	291559	700	300	379	79	9	43.89	43.89	43.89
juego1	easy	20.0	0.006	291567	700	300	379	79	9	43.89	43.89	43.89
juego1	easy	20.0	0.006	291576	700	300	379	79	9	43.89	43.89	43.89
juego1	easy	20.0	0.006	291585	700	300	379	79	9	43.89	43.89	43.89
juego1	easy	20.0	0.006	291594	700	301	379	78	9	43.89	43.89	43.89
juego1	easy	20.0	0.006	291602	700	301	379	78	9	43.89	43.89	43.89
juego1	easy	20.0	0.006	291611	700	301	379	78	9	43.89	43.89	43.89
juego1	easy	20.0	0.006	291620	700	301	379	78	9	43.89	43.89	43.89
juego1	easy	20.0	0.006	291628	700	301	379	78	9	43.89	43.89	43.89
juego1	easy	20.0	0.006	291636	700	302	379	77	9	43.89	43.89	43.89
juego1	easy	20.0	0.006	291645	700	302	379	77	9	43.89	43.89	43.89
juego1	easy	20.0	0.006	291654	700	302	379	77	9	43.89	43.89	43.89
juego1	easy	20.0	0.006	291662	700	302	379	77	9	43.89	43.89	43.89
juego1	easy	20.0	0.006	291671	700	302	379	77	9	43.89	43.89	43.89
juego1	easy	20.0	0.006	291679	700	302	379	77	9	43.89	43.89	43.89
juego1	easy	20.0	0.006	291687	700	303	379	76	9	43.89	43.89	43.89
juego1	easy	20.0	0.006	291696	700	303	379	76	9	43.89	43.89	43.89
juego1	easy	20.0	0.006	291704	700	303	379	76	9	43.89	43.89	43.89
juego1	easy	20.0	0.006	291712	700	303	379	76	9	43.89	43.89	43.89
juego1	easy	20.0	0.006	291721	700	303	379	76	9	43.89	43.89	43.89
juego1	easy	20.0	0.006	291729	700	303	379	76	9	43.89	43.89	43.89
juego1	easy	20.0	0.006	291739	700	304	379	75	9	43.89	43.89	43.89
juego1	easy	20.0	0.006	291747	700	304	379	75	9	43.89	43.89	43.89
juego1	easy	20.0	0.006	291756	700	304	379	75	9	43.89	43.89	43.89
juego1	easy	20.0	0.006	291763	700	304	379	75	9	43.89	43.89	43.89
juego1	easy	20.0	0.006	291772	700	304	379	75	9	43.89	43.89	43.89
juego1	easy	20.0	0.006	291781	700	304	379	75	9	43.89	43.89	43.89
juego1	easy	20.0	0.006	291790	700	305	379	74	9	43.89	43.89	43.89
juego1	easy	20.0	0.006	291797	700	305	379	74	9	43.89	43.89	43.89
juego1	easy	20.0	0.006	291806	700	305	379	74	9	43.89	43.89	43.89
juego1	easy	20.0	0.006	291814	700	305	379	74	9	43.89	43.89	43.89
juego1	easy	20.0	0.006	291821	700	305	379	74	9	43.89	43.89	43.89
juego1	easy	20.0	0.006	291830	700	305	379	74	9	43.89	43.89	43.89
juego1	easy	20.0	0.006	291839	700	306	379	73	9	43.89	43.89	43.89
juego1	easy	20.0	0.006	291848	700	306	379	73	9	43.89	43.89	43.89
juego1	easy	20.0	0.006	291855	700	306	379	73	9	43.89	43.89	43.89
juego1	easy	20.0	0.006	291864	700	306	379	73	9	43.89	43.89	43.89
juego1	easy	20.0	0.006	291873	700	306	379	73	9	43.89	43.89	43.89
juego1	easy	20.0	0.006	291881	700	306	379	73	9	43.89	43.89	43.89
juego1	easy	20.0	0.006	291890	700	307	379	72	9	43.89	43.89	43.89
juego1	easy	20.0	0.006	291899	700	307	379	72	9	43.89	43.89	43.89
juego1	easy	20.0	0.006	291906	700	307	379	72	9	43.89	43.89	43.89
juego1	easy	20.0	0.006	291915	700	307	379	72	9	43.89	43.89	43.89
juego1	easy	20.0	0.006	291924	700	307	379	72	9	43.89	43.89	43.89
juego1	easy	20.0	0.006	291933	700	307	379	72	9	43.89	43.89	43.89
juego1	easy	20.0	0.006	291940	700	308	379	71	9	43.89	43.89	43.89
juego1	easy	20.0	0.006	291949	700	308	379	71	9	43.89	43.89	43.89
juego1	easy	20.0	0.006	291957	700	308	379	71	9	43.89	43.89	43.89
juego1	easy	20.0	0.006	291966	700	308	379	71	9	43.89	43.89	43.89
juego1	easy	20.0	0.006	291975	700	308	379	71	9	43.89	43.89	43.89
juego1	easy	20.0	0.006	291983	700	308	379	71	9	43.89	43.89	43.89
juego1	easy	20.0	0.006	291990	700	308	379	71	9	43.89	43.89	43.89
juego1	easy	20.0	0.006	291998	700	309	379	70	9	43.89	43.89	43.89
juego1	easy	20.0	0.006	292007	700	309	379	70	9	43.89	43.89	43.89
juego1	easy	20.0	0.006	292015	700	309	379	70	9	43.89	43.89	43.89
juego1	easy	20.0	0.006	292023	700	309	379	70	9	43.89	43.89	43.89
juego1	easy	20.0	0.006	292032	700	309	379	70	9	43.89	43.89	43.89
juego1	easy	20.0	0.006	292041	700	309	379	70	9	43.89	43.89	43.89
juego1	easy	20.0	0.006	292050	700	309	379	70	9	43.89	43.89	43.89
juego1	easy	20.0	0.006	292058	700	310	379	69	9	43.89	43.89	43.89
juego1	easy	20.0	0.006	292066	700	310	379	69	9	43.89	43.89	43.89
juego1	easy	20.0	0.006	292075	700	310	379	69	9	43.89	43.89	43.89
juego1	easy	20.0	0.006	292084	700	310	379	69	9	43.89	43.89	43.89
juego1	easy	20.0	0.006	292093	700	310	379	69	9	43.89	43.89	43.89
juego1	easy	20.0	0.006	292101	700	310	379	69	9	43.89	43.89	43.89
juego1	easy	20.0	0.006	292110	700	311	379	68	9	43.89	43.89	43.89
juego1	easy	20.0	0.006	292119	700	311	379	68	9	43.89	43.89	43.89
juego1	easy	20.0	0.006	292128	700	311	379	68	9	43.89	43.89	43.89
juego1	easy	20.0	0.006	292136	700	311	379	68	9	43.89	43.89	43.89
juego1	easy	20.0	0.006	292145	700	311	379	68	9	43.89	43.89	43.89
juego1	easy	20.0	0.006	292154	700	311	379	68	9	43.89	43.89	43.89
juego1	easy	20.0	0.006	292163	700	311	379	68	9	43.89	43.89	43.89
juego1	easy	20.0	0.006	292171	700	311	379	68	9	43.89	43.89	43.89
juego1	easy	20.0	0.006	292180	700	312	379	67	9	43.89	43.89	43.89
juego1	easy	20.0	0.006	292187	700	312	379	67	9	43.89	43.89	43.89
juego1	easy	20.0	0.006	292196	700	312	379	67	9	43.89	43.89	43.89
juego1	easy	20.0	0.006	292204	700	312	379	67	9	43.89	43.89	43.89
juego1	easy	20.0	0.006	292213	700	312	379	67	9	43.89	43.89	43.89
juego1	easy	20.0	0.006	292221	700	312	379	67	9	43.89	43.89	43.89
juego1	easy	20.0	0.006	292230	700	312	379	67	9	43.89	43.89	43.89
juego1	easy	20.0	0.006	292239	700	313	379	66	9	43.89	43.89	43.89
juego1	easy	20.0	0.006	292248	700	313	379	66	9	43.89	43.89	43.89
juego1	easy	20.0	0.006	292256	700	313	379	66	9	43.89	43.89	43.89
juego1	easy	20.0	0.006	292265	700	313	379	66	9	43.89	43.89	43.89
juego1	easy	20.0	0.006	292273	700	313	379	66	9	43.89	43.89	43.89
juego1	easy	20.0	0.006	292282	700	313	379	66	9	43.89	43.89	43.89
juego1	easy	20.0	0.006	292291	700	313	379	66	9	43.89	43.89	43.89
juego1	easy	20.0	0.006	292299	700	313	379	66	9	43.89	43.89	43.89
juego1	easy	20.0	0.006	292308	700	314	379	65	9	43.89	43.89	43.89
juego1	easy	20.0	0.006	292317	700	314	379	65	9	43.89	43.89	43.89
juego1	easy	20.0	0.006	292326	700	314	379	65	9	43.89	43.89	43.89
juego1	easy	20.0	0.006	292334	700	314	379	65	9	43.89	43.89	43.89
juego1	easy	20.0	0.006	292343	700	314	379	65	9	43.89	43.89	43.89
juego1	easy	20.0	0.006	292351	700	314	379	65	9	43.89	43.89	43.89
juego1	easy	20.0	0.006	292359	700	314	379	65	9	43.89	43.89	43.89
juego1	easy	20.0	0.006	292368	700	314	379	65	9	43.89	43.89	43.89
juego1	easy	20.0	0.006	292377	700	314	379	65	9	43.89	43.89	43.89
juego1	easy	20.0	0.006	292386	700	315	379	64	9	43.89	43.89	43.89
juego1	easy	20.0	0.006	292394	700	315	379	64	9	43.89	43.89	43.89
juego1	easy	20.0	0.006	292403	700	315	379	64	9	43.89	43.89	43.89
juego1	easy	20.0	0.006	292412	700	315	379	64	9	43.89	43.89	43.89
juego1	easy	20.0	0.006	292421	700	315	379	64	9	43.89	43.89	43.89
juego1	easy	20.0	0.006	292430	700	315	379	64	9	43.89	43.89	43.89
juego1	easy	20.0	0.006	292438	700	315	379	64	9	43.89	43.89	43.89
juego1	easy	20.0	0.006	292447	700	315	379	64	9	43.89	43.89	43.89
juego1	easy	20.0	0.006	292456	700	315	379	64	9	43.89	43.89	43.89
juego1	easy	20.0	0.006	292464	700	316	379	63	9	43.89	43.89	43.89
juego1	easy	20.0	0.006	292473	700	316	379	63	9	43.89	43.89	43.89
juego1	easy	20.0	0.006	292482	700	316	379	63	9	43.89	43.89	43.89
juego1	easy	20.0	0.006	292490	700	316	379	63	9	43.89	43.89	43.89
juego1	easy	20.0	0.006	292499	700	316	379	63	9	43.89	43.89	43.89
juego1	easy	20.0	0.006	292508	700	316	379	63	9	43.89	43.89	43.89
juego1	easy	20.0	0.006	292517	700	316	379	63	9	43.89	43.89	43.89
juego1	easy	20.0	0.006	292524	700	316	379	63	9	43.89	43.89	43.89
juego1	easy	20.0	0.006	292533	700	316	379	63	9	43.89	43.89	43.89
juego1	easy	20.0	0.006	292542	700	316	379	63	9	43.89	43.89	43.89
juego1	easy	20.0	0.006	292551	700	317	379	62	9	43.89	43.89	43.89
juego1	easy	20.0	0.006	292559	700	317	379	62	9	43.89	43.89	43.89
juego1	easy	20.0	0.006	292568	700	317	379	62	9	43.89	43.89	43.89
juego1	easy	20.0	0.006	292577	700	317	379	62	9	43.89	43.89	43.89
juego1	easy	20.0	0.006	292586	700	317	379	62	9	43.89	43.89	43.89
juego1	easy	20.0	0.006	292595	700	317	379	62	9	43.89	43.89	43.89
juego1	easy	20.0	0.006	292603	700	317	379	62	9	43.89	43.89	43.89
juego1	easy	20.0	0.006	292612	700	317	379	62	9	43.89	43.89	43.89
juego1	easy	20.0	0.006	292621	700	317	379	62	9	43.89	43.89	43.89
juego1	easy	20.0	0.006	292628	700	317	379	62	9	43.89	43.89	43.89
juego1	easy	20.0	0.006	292637	700	317	379	62	9	43.89	43.89	43.89
juego1	easy	20.0	0.006	292646	700	318	379	61	9	43.89	43.89	43.89
juego1	easy	20.0	0.006	292653	700	318	379	61	9	43.89	43.89	43.89
juego1	easy	20.0	0.006	292661	700	318	379	61	9	43.89	43.89	43.89
juego1	easy	20.0	0.006	292670	700	318	379	61	9	43.89	43.89	43.89
juego1	easy	20.0	0.006	292679	700	318	379	61	9	43.89	43.89	43.89
juego1	easy	20.0	0.006	292687	700	318	379	61	9	43.89	43.89	43.89
juego1	easy	20.0	0.006	292696	700	318	379	61	9	43.89	43.89	43.89
juego1	easy	20.0	0.006	292705	700	318	379	61	9	43.89	43.89	43.89
juego1	easy	20.0	0.006	292713	700	318	379	61	9	43.89	43.89	43.89
juego1	easy	20.0	0.006	292722	700	318	379	61	9	43.89	43.89	43.89
juego1	easy	20.0	0.006	292731	700	318	379	61	9	43.89	43.89	43.89
juego1	easy	20.0	0.006	292740	700	318	379	61	9	43.89	43.89	43.89
juego1	easy	20.0	0.006	292747	700	318	379	61	9	43.89	43.89	43.89
juego1	easy	20.0	0.006	292755	700	319	379	60	9	43.88	43.88	43.88
juego1	easy	20.0	0.006	292763	700	319	379	60	9	43.88	43.88	43.88
juego1	easy	20.0	0.006	292772	700	319	379	60	9	43.88	43.88	43.88
juego1	easy	20.0	0.006	292781	700	319	379	60	9	43.88	43.88	43.88
juego1	easy	20.0	0.006	292790	700	319	379	60	9	43.88	43.88	43.88
juego1	easy	20.0	0.006	292799	700	319	379	60	9	43.88	43.88	43.88
juego1	easy	20.0	0.006	292808	700	319	379	60	9	43.89	43.89	43.89
juego1	easy	20.0	0.006	292817	700	319	379	60	9	43.88	43.88	43.88
juego1	easy	20.0	0.006	292824	700	319	379	60	9	43.88	43.88	43.88
juego1	easy	20.0	0.006	292833	700	319	379	60	9	43.88	43.88	43.88
juego1	easy	20.0	0.006	292842	700	319	379	60	9	43.88	43.88	43.88
juego1	easy	20.0	0.006	292849	700	319	379	60	9	43.88	43.88	43.88
juego1	easy	20.0	0.006	292858	700	319	379	60	9	43.89	43.89	43.89
juego1	easy	20.0	0.006	292867	700	319	379	60	9	43.89	43.89	43.89
juego1	easy	20.0	0.006	292875	700	319	379	60	9	43.88	43.88	43.88
juego1	easy	20.0	0.006	292883	700	319	379	60	9	43.89	43.89	43.89
juego1	easy	20.0	0.006	292891	700	320	379	59	9	43.89	43.89	43.89
juego1	easy	20.0	0.006	292900	700	320	379	59	9	43.89	43.89	43.89
juego1	easy	20.0	0.006	292908	700	320	379	59	9	43.89	43.89	43.89
juego1	easy	20.0	0.006	292917	700	320	379	59	9	43.89	43.89	43.89
juego1	easy	20.0	0.006	292926	700	320	379	59	9	43.88	43.88	43.88
juego1	easy	20.0	0.006	292934	700	320	379	59	9	43.88	43.88	43.88
juego1	easy	20.0	0.006	292943	700	320	379	59	9	43.88	43.88	43.88
juego1	easy	20.0	0.006	292952	700	320	379	59	9	43.88	43.88	43.88
juego1	easy	20.0	0.006	292960	700	320	379	59	9	43.88	43.88	43.88
juego1	easy	20.0	0.006	292969	700	320	379	59	9	43.89	43.89	43.89
juego1	easy	20.0	0.006	292977	700	320	379	59	9	43.88	43.88	43.88
juego1	easy	20.0	0.006	292986	700	320	379	59	9	43.88	43.88	43.88
juego1	easy	20.0	0.006	292995	700	320	379	59	9	43.88	43.88	43.88
juego1	easy	20.0	0.006	293004	700	320	379	59	9	43.89	43.89	43.89
juego1	easy	20.0	0.006	293013	700	320	379	59	9	43.88	43.88	43.88
juego1	easy	20.0	0.006	293022	700	320	379	59	9	43.88	43.88	43.88
juego1	easy	20.0	0.006	293030	700	320	379	59	9	43.89	43.89	43.89
juego1	easy	20.0	0.006	293039	700	320	379	59	9	43.89	43.89	43.89
juego1	easy	20.0	0.006	293048	700	320	379	59	9	43.89	43.89	43.89
juego1	easy	20.0	0.006	293057	700	320	379	59	9	43.89	43.89	43.89
juego1	easy	20.0	0.006	293066	700	320	379	59	9	43.89	43.89	43.89
juego1	easy	20.0	0.006	293073	700	320	379	59	9	43.89	43.89	43.89
juego1	easy	20.0	0.006	293082	700	320	379	59	9	43.89	43.89	43.89
juego1	easy	20.0	0.006	293091	700	320	379	59	9	43.89	43.89	43.89
juego1	easy	20.0	0.006	293100	700	320	379	59	9	43.89	43.89	43.89
juego1	easy	20.0	0.006	293109	700	320	379	59	9	43.89	43.89	43.89
juego1	easy	20.0	0.006	293118	700	320	379	59	9	43.89	43.89	43.89
juego1	easy	20.0	0.006	293125	700	321	379	58	9	43.89	43.89	43.89
juego1	easy	20.0	0.006	293133	700	321	379	58	9	43.89	43.89	43.89
juego1	easy	20.0	0.006	293142	700	321	379	58	9	43.89	43.89	43.89
juego1	easy	20.0	0.006	293151	700	321	379	58	9	43.89	43.89	43.89
juego1	easy	20.0	0.006	293159	700	321	379	58	9	43.89	43.89	43.89
juego1	easy	20.0	0.006	293168	700	321	379	58	9	43.89	43.89	43.89
juego1	easy	20.0	0.006	293176	700	321	379	58	9	43.89	43.89	43.89
juego1	easy	20.0	0.006	293185	700	321	379	58	9	43.89	43.89	43.89
juego1	easy	20.0	0.006	293194	700	321	379	58	9	43.89	43.89	43.89
juego1	easy	20.0	0.006	293203	700	321	379	58	9	43.89	43.89	43.89
juego1	easy	20.0	0.006	293213	700	321	379	58	9	43.89	43.89	43.89
juego1	easy	20.0	0.006	293220	700	321	379	58	9	43.89	43.89	43.89
juego1	easy	20.0	0.006	293229	700	321	379	58	9	43.89	43.89	43.89
juego1	easy	20.0	0.006	293238	700	321	379	58	9	43.89	43.89	43.89
juego1	easy	20.0	0.006	293247	700	321	379	58	9	43.9	43.9	43.9
juego1	easy	20.0	0.006	293256	700	321	379	58	9	43.9	43.9	43.9
juego1	easy	20.0	0.006	293265	700	321	379	58	9	43.89	43.89	43.89
juego1	easy	20.0	0.006	293272	700	321	379	58	9	43.89	43.89	43.89
juego1	easy	20.0	0.006	293281	700	321	379	58	9	43.89	43.89	43.89
juego1	easy	20.0	0.006	293289	700	321	379	58	9	43.89	43.89	43.89
juego1	easy	20.0	0.006	293298	700	321	379	58	9	43.89	43.89	43.89
juego1	easy	20.0	0.006	293306	700	321	379	58	9	43.89	43.89	43.89
juego1	easy	20.0	0.006	293315	700	321	379	58	9	43.89	43.89	43.89
juego1	easy	20.0	0.006	293324	700	321	379	58	9	43.89	43.89	43.89
juego1	easy	20.0	0.006	293332	700	321	379	58	9	43.89	43.89	43.89
juego1	easy	20.0	0.006	293339	700	321	379	58	9	43.89	43.89	43.89
juego1	easy	20.0	0.006	293348	700	321	379	58	9	43.89	43.89	43.89
juego1	easy	20.0	0.006	293356	700	321	379	58	9	43.89	43.89	43.89
juego1	easy	20.0	0.006	293365	700	321	379	58	9	43.89	43.89	43.89
juego1	easy	20.0	0.006	293374	700	321	379	58	9	43.89	43.89	43.89
juego1	easy	20.0	0.006	293381	700	321	379	58	9	43.89	43.89	43.89
juego1	easy	20.0	0.006	293389	700	321	379	58	9	43.89	43.89	43.89
juego1	easy	20.0	0.006	293398	700	321	379	58	9	43.89	43.89	43.89
juego1	easy	20.0	0.006	293406	700	321	379	58	9	43.89	43.89	43.89
juego1	easy	20.0	0.006	293415	700	321	379	58	9	43.89	43.89	43.89
juego1	easy	20.0	0.006	293422	700	321	379	58	9	43.89	43.89	43.89
juego1	easy	20.0	0.006	293431	700	321	379	58	9	43.89	43.89	43.89
juego1	easy	20.0	0.006	293439	700	320	379	59	9	43.89	43.89	43.89
juego1	easy	20.0	0.006	293448	700	320	379	59	9	43.89	43.89	43.89
juego1	easy	20.0	0.006	293457	700	320	379	59	9	43.89	43.89	43.89
juego1	easy	20.0	0.006	293464	700	320	379	59	9	43.89	43.89	43.89
juego1	easy	20.0	0.006	293474	700	320	379	59	9	43.89	43.89	43.89
juego1	easy	20.0	0.006	293481	700	320	379	59	9	43.89	43.89	43.89
juego1	easy	20.0	0.006	293490	700	320	379	59	9	43.89	43.89	43.89
juego1	easy	20.0	0.006	293497	700	320	379	59	9	43.89	43.89	43.89
juego1	easy	20.0	0.006	293506	700	320	379	59	9	43.89	43.89	43.89
juego1	easy	20.0	0.006	293515	700	320	379	59	9	43.89	43.89	43.89
juego1	easy	20.0	0.006	293523	700	320	379	59	9	43.89	43.89	43.89
juego1	easy	20.0	0.006	293532	700	320	379	59	9	43.89	43.89	43.89
juego1	easy	20.0	0.006	293541	700	320	379	59	9	43.88	43.88	43.88
juego1	easy	20.0	0.006	293550	700	320	379	59	9	43.88	43.88	43.88
juego1	easy	20.0	0.006	293559	700	320	379	59	9	43.89	43.89	43.89
juego1	easy	20.0	0.006	293566	700	320	379	59	9	43.89	43.89	43.89
juego1	easy	20.0	0.006	293575	700	320	379	59	9	43.89	43.89	43.89
juego1	easy	20.0	0.006	293582	700	320	379	59	9	43.89	43.89	43.89
juego1	easy	20.0	0.006	293590	700	320	379	59	9	43.89	43.89	43.89
juego1	easy	20.0	0.006	293599	700	320	379	59	9	43.88	43.88	43.88
juego1	easy	20.0	0.006	293608	700	320	379	59	9	43.88	43.88	43.88
juego1	easy	20.0	0.006	293616	700	320	379	59	9	43.88	43.88	43.88
juego1	easy	20.0	0.006	293625	700	320	379	59	9	43.88	43.88	43.88
juego1	easy	20.0	0.006	293632	700	320	379	59	9	43.88	43.88	43.88
juego1	easy	20.0	0.006	293640	700	320	379	59	9	43.88	43.88	43.88
juego1	easy	20.0	0.006	293649	700	320	379	59	9	43.88	43.88	43.88
juego1	easy	20.0	0.006	293657	700	320	379	59	9	43.88	43.88	43.88
juego1	easy	20.0	0.006	293665	700	320	379	59	9	43.88	43.88	43.88
juego1	easy	20.0	0.006	293674	700	319	379	60	9	43.88	43.88	43.88
juego1	easy	20.0	0.006	293682	700	319	379	60	9	43.88	43.88	43.88
juego1	easy	20.0	0.006	293691	700	319	379	60	9	43.88	43.88	43.88
juego1	easy	20.0	0.006	293699	700	319	379	60	9	43.88	43.88	43.88
juego1	easy	20.0	0.006	293708	700	319	379	60	9	43.88	43.88	43.88
juego1	easy	20.0	0.006	293715	700	319	379	60	9	43.88	43.88	43.88
juego1	easy	20.0	0.006	293724	700	319	379	60	9	43.88	43.88	43.88
juego1	easy	20.0	0.006	293732	700	319	379	60	9	43.88	43.88	43.88
juego1	easy	20.0	0.006	293741	700	319	379	60	9	43.88	43.88	43.88
juego1	easy	20.0	0.006	293749	700	319	379	60	9	43.88	43.88	43.88
juego1	easy	20.0	0.006	293758	700	319	379	60	9	43.88	43.88	43.88
juego1	easy	20.0	0.006	293767	700	319	379	60	9	43.88	43.88	43.88
juego1	easy	20.0	0.006	293775	700	319	379	60	9	43.88	43.88	43.88
juego1	easy	20.0	0.006	293784	700	319	379	60	9	43.88	43.88	43.88
juego1	easy	20.0	0.006	293793	700	319	379	60	9	43.88	43.88	43.88
juego1	easy	20.0	0.006	293802	700	319	379	60	9	43.88	43.88	43.88
juego1	easy	20.0	0.006	293811	700	318	379	61	9	43.88	43.88	43.88
juego1	easy	20.0	0.006	293818	700	318	379	61	9	43.88	43.88	43.88
juego1	easy	20.0	0.006	293827	700	318	379	61	9	43.88	43.88	43.88
juego1	easy	20.0	0.006	293835	700	318	379	61	9	43.88	43.88	43.88
juego1	easy	20.0	0.006	293844	700	318	379	61	9	43.88	43.88	43.88
juego1	easy	20.0	0.006	293853	700	318	379	61	9	43.88	43.88	43.88
juego1	easy	20.0	0.006	293861	700	318	379	61	9	43.88	43.88	43.88
juego1	easy	20.0	0.006	293869	700	318	379	61	9	43.88	43.88	43.88
juego1	easy	20.0	0.006	293878	700	318	379	61	9	43.88	43.88	43.88
juego1	easy	20.0	0.006	293887	700	318	379	61	9	43.88	43.88	43.88
juego1	easy	20.0	0.006	293895	700	318	379	61	9	43.88	43.88	43.88
juego1	easy	20.0	0.006	293904	700	318	379	61	9	43.88	43.88	43.88
juego1	easy	20.0	0.006	293913	700	318	379	61	9	43.88	43.88	43.88
juego1	easy	20.0	0.006	293921	700	317	379	62	9	43.88	43.88	43.88
juego1	easy	20.0	0.006	293930	700	317	379	62	9	43.88	43.88	43.88
juego1	easy	20.0	0.006	293938	700	317	379	62	9	43.88	43.88	43.88
juego1	easy	20.0	0.006	293947	700	317	379	62	9	43.88	43.88	43.88
juego1	easy	20.0	0.006	293956	700	317	379	62	9	43.88	43.88	43.88
juego1	easy	20.0	0.006	293965	700	317	379	62	9	43.88	43.88	43.88
juego1	easy	20.0	0.006	293973	700	317	379	62	9	43.88	43.88	43.88
juego1	easy	20.0	0.006	293981	700	317	379	62	9	43.88	43.88	43.88
juego1	easy	20.0	0.006	293990	700	317	379	62	9	43.88	43.88	43.88
juego1	easy	20.0	0.006	293998	700	317	379	62	9	43.88	43.88	43.88
juego1	easy	20.0	0.006	294007	700	317	379	62	9	43.88	43.88	43.88
juego1	easy	20.0	0.006	294015	700	316	379	63	9	43.88	43.88	43.88
juego1	easy	20.0	0.006	294024	700	316	379	63	9	43.88	43.88	43.88
juego1	easy	20.0	0.006	294033	700	316	379	63	9	43.88	43.88	43.88
juego1	easy	20.0	0.006	294042	700	316	379	63	9	43.88	43.88	43.88
juego1	easy	20.0	0.006	294050	700	316	379	63	9	43.88	43.88	43.88
juego1	easy	20.0	0.006	294059	700	316	379	63	9	43.88	43.88	43.88
juego1	easy	20.0	0.006	294068	700	316	379	63	9	43.88	43.88	43.88
juego1	easy	20.0	0.006	294076	700	316	379	63	9	43.88	43.88	43.88
juego1	easy	20.0	0.006	294084	700	316	379	63	9	43.88	43.88	43.88
juego1	easy	20.0	0.006	294093	700	316	379	63	9	43.88	43.88	43.88
juego1	easy	20.0	0.006	294101	700	315	379	64	9	43.88	43.88	43.88
juego1	easy	20.0	0.006	294110	700	315	379	64	9	43.88	43.88	43.88
juego1	easy	20.0	0.006	294118	700	315	379	64	9	43.88	43.88	43.88
juego1	easy	20.0	0.006	294127	700	315	379	64	9	43.88	43.88	43.88
juego1	easy	20.0	0.006	294136	700	315	379	64	9	43.88	43.88	43.88
juego1	easy	20.0	0.006	294145	700	315	379	64	9	43.88	43.88	43.88
juego1	easy	20.0	0.006	294153	700	315	379	64	9	43.88	43.88	43.88
juego1	easy	20.0	0.006	294161	700	315	379	64	9	43.88	43.88	43.88
juego1	easy	20.0	0.006	294170	700	315	379	64	9	43.88	43.88	43.88
juego1	easy	20.0	0.006	294178	700	314	379	65	9	43.88	43.88	43.88
juego1	easy	20.0	0.006	294186	700	314	379	65	9	43.88	43.88	43.88
juego1	easy	20.0	0.006	294195	700	314	379	65	9	43.88	43.88	43.88
juego1	easy	20.0	0.006	294203	700	314	379	65	9	43.88	43.88	43.88
juego1	easy	20.0	0.006	294212	700	314	379	65	9	43.88	43.88	43.88
juego1	easy	20.0	0.006	294220	700	314	379	65	9	43.88	43.88	43.88
juego1	easy	20.0	0.006	294229	700	314	379	65	9	43.88	43.88	43.88
juego1	easy	20.0	0.006	294237	700	314	379	65	9	43.88	43.88	43.88
juego1	easy	20.0	0.006	294246	700	314	379	65	9	43.88	43.88	43.88
juego1	easy	20.0	0.006	294254	700	313	379	66	9	43.88	43.88	43.88
juego1	easy	20.0	0.006	294263	700	313	379	66	9	43.88	43.88	43.88
juego1	easy	20.0	0.006	294271	700	313	379	66	9	43.88	43.88	43.88
juego1	easy	20.0	0.006	294280	700	313	379	66	9	43.88	43.88	43.88
juego1	easy	20.0	0.006	294289	700	313	379	66	9	43.88	43.88	43.88
juego1	easy	20.0	0.006	294297	700	313	379	66	9	43.88	43.88	43.88
juego1	easy	20.0	0.006	294306	700	313	379	66	9	43.88	43.88	43.88
juego1	easy	20.0	0.006	294315	700	313	379	66	9	43.88	43.88	43.88
juego1	easy	20.0	0.006	294323	700	312	379	67	9	43.88	43.88	43.88
juego1	easy	20.0	0.006	294332	700	312	379	67	9	43.88	43.88	43.88
juego1	easy	20.0	0.006	294340	700	312	379	67	9	43.88	43.88	43.88
juego1	easy	20.0	0.006	294349	700	312	379	67	9	43.88	43.88	43.88
juego1	easy	20.0	0.006	294357	700	312	379	67	9	43.88	43.88	43.88
juego1	easy	20.0	0.006	294366	700	312	379	67	9	43.88	43.88	43.88
juego1	easy	20.0	0.006	294375	700	312	379	67	9	43.88	43.88	43.88
juego1	easy	20.0	0.006	294382	700	311	379	68	9	43.88	43.88	43.88
juego1	easy	20.0	0.006	294390	700	311	379	68	9	43.88	43.88	43.88
juego1	easy	20.0	0.006	294399	700	311	379	68	9	43.88	43.88	43.88
juego1	easy	20.0	0.006	294407	700	311	379	68	9	43.88	43.88	43.88
juego1	easy	20.0	0.006	294416	700	311	379	68	9	43.88	43.88	43.88
juego1	easy	20.0	0.006	294424	700	311	379	68	9	43.88	43.88	43.88
juego1	easy	20.0	0.006	294433	700	311	379	68	9	43.88	43.88	43.88
juego1	easy	20.0	0.006	294442	700	310	379	69	9	43.88	43.88	43.88
juego1	easy	20.0	0.006	294451	700	310	379	69	9	43.88	43.88	43.88
juego1	easy	20.0	0.006	294460	700	310	379	69	9	43.88	43.88	43.88
juego1	easy	20.0	0.006	294468	700	310	379	69	9	43.88	43.88	43.88
juego1	easy	20.0	0.006	294476	700	310	379	69	9	43.88	43.88	43.88
juego1	easy	20.0	0.006	294485	700	310	379	69	9	43.88	43.88	43.88
juego1	easy	20.0	0.006	294493	700	310	379	69	9	43.88	43.88	43.88
juego1	easy	20.0	0.006	294502	700	309	379	70	9	43.88	43.88	43.88
juego1	easy	20.0	0.006	294511	700	309	379	70	9	43.88	43.88	43.88
juego1	easy	20.0	0.006	294519	700	309	379	70	9	43.88	43.88	43.88
juego1	easy	20.0	0.006	294528	700	309	379	70	9	43.88	43.88	43.88
juego1	easy	20.0	0.006	294536	700	309	379	70	9	43.88	43.88	43.88
juego1	easy	20.0	0.006	294545	700	309	379	70	9	43.88	43.88	43.88
juego1	easy	20.0	0.006	294554	700	309	379	70	9	43.88	43.88	43.88
juego1	easy	20.0	0.006	294563	700	308	379	71	9	43.88	43.88	43.88
juego1	easy	20.0	0.006	294571	700	308	379	71	9	43.88	43.88	43.88
juego1	easy	20.0	0.006	294580	700	308	379	71	9	43.88	43.88	43.88
juego1	easy	20.0	0.006	294589	700	308	379	71	9	43.88	43.88	43.88
juego1	easy	20.0	0.006	294597	700	308	379	71	9	43.88	43.88	43.88
juego1	easy	20.0	0.006	294606	700	308	379	71	9	43.88	43.88	43.88
juego1	easy	20.0	0.006	294615	700	308	379	71	9	43.88	43.88	43.88
juego1	easy	20.0	0.006	294623	700	307	379	72	9	43.88	43.88	43.88
juego1	easy	20.0	0.006	294631	700	307	379	72	9	43.88	43.88	43.88
juego1	easy	20.0	0.006	294639	700	307	379	72	9	43.88	43.88	43.88
juego1	easy	20.0	0.006	294648	700	307	379	72	9	43.88	43.88	43.88
juego1	easy	20.0	0.006	294656	700	307	379	72	9	43.88	43.88	43.88
juego1	easy	20.0	0.006	294665	700	307	379	72	9	43.88	43.88	43.88
juego1	easy	20.0	0.006	294674	700	306	379	73	9	43.88	43.88	43.88
juego1	easy	20.0	0.006	294683	700	306	379	73	9	43.88	43.88	43.88
juego1	easy	20.0	0.006	294691	700	306	379	73	9	43.88	43.88	43.88
juego1	easy	20.0	0.006	294700	700	306	379	73	9	43.88	43.88	43.88
juego1	easy	20.0	0.006	294709	700	306	379	73	9	43.88	43.88	43.88
juego1	easy	20.0	0.006	294716	700	306	379	73	9	43.88	43.88	43.88
juego1	easy	20.0	0.006	294725	700	305	379	74	9	43.88	43.88	43.88
juego1	easy	20.0	0.006	294733	700	305	379	74	9	43.88	43.88	43.88
juego1	easy	20.0	0.006	294742	700	305	379	74	9	43.88	43.88	43.88
juego1	easy	20.0	0.006	294751	700	305	379	74	9	43.88	43.88	43.88
juego1	easy	20.0	0.006	294759	700	305	379	74	9	43.88	43.88	43.88
juego1	easy	20.0	0.006	294767	700	305	379	74	9	43.88	43.88	43.88
juego1	easy	20.0	0.006	294776	700	304	379	75	9	43.88	43.88	43.88
juego1	easy	20.0	0.006	294784	700	304	379	75	9	43.88	43.88	43.88
juego1	easy	20.0	0.006	294793	700	304	379	75	9	43.88	43.88	43.88
juego1	easy	20.0	0.006	294801	700	304	379	75	9	43.88	43.88	43.88
juego1	easy	20.0	0.006	294810	700	304	379	75	9	43.88	43.88	43.88
juego1	easy	20.0	0.006	294818	700	304	379	75	9	43.88	43.88	43.88
juego1	easy	20.0	0.006	294827	700	303	379	76	9	43.88	43.88	43.88
juego1	easy	20.0	0.006	294835	700	303	379	76	9	43.88	43.88	43.88
juego1	easy	20.0	0.006	294844	700	303	379	76	9	43.88	43.88	43.88
juego1	easy	20.0	0.006	294853	700	303	379	76	9	43.88	43.88	43.88
juego1	easy	20.0	0.006	294861	700	303	379	76	9	43.88	43.88	43.88
juego1	easy	20.0	0.006	294870	700	303	379	76	9	43.88	43.88	43.88
juego1	easy	20.0	0.006	294878	700	302	379	77	9	43.88	43.88	43.88
juego1	easy	20.0	0.006	294887	700	302	379	77	9	43.88	43.88	43.88
juego1	easy	20.0	0.006	294895	700	302	379	77	9	43.88	43.88	43.88
juego1	easy	20.0	0.006	294903	700	302	379	77	9	43.88	43.88	43.88
juego1	easy	20.0	0.006	294912	700	302	379	77	9	43.88	43.88	43.88
juego1	easy	20.0	0.006	294920	700	301	379	78	9	43.88	43.88	43.88
juego1	easy	20.0	0.006	294929	700	301	379	78	9	43.88	43.88	43.88
juego1	easy	20.0	0.006	294937	700	301	379	78	9	43.88	43.88	43.88
juego1	easy	20.0	0.006	294945	700	301	379	78	9	43.88	43.88	43.88
juego1	easy	20.0	0.006	294953	700	301	379	78	9	43.88	43.88	43.88
juego1	easy	20.0	0.006	294961	700	301	379	78	9	43.88	43.88	43.88
juego1	easy	20.0	0.006	294970	700	300	379	79	9	43.88	43.88	43.88
juego1	easy	20.0	0.006	294978	700	300	379	79	9	43.88	43.88	43.88
juego1	easy	20.0	0.006	294986	700	300	379	79	9	43.88	43.88	43.88
juego1	easy	20.0	0.006	294995	700	300	379	79	9	43.88	43.88	43.88
juego1	easy	20.0	0.006	295004	700	300	379	79	9	43.88	43.88	43.88
juego1	easy	20.0	0.006	295013	700	300	379	79	9	43.88	43.88	43.88
juego1	easy	20.0	0.006	295022	700	300	379	79	9	43.88	43.88	43.88
juego1	easy	20.0	0.006	295031	700	300	379	79	9	43.88	43.88	43.88
juego1	easy	20.0	0.006	295040	700	300	379	79	9	43.88	43.88	43.88
juego1	easy	20.0	0.006	295048	700	300	379	79	9	43.88	43.88	43.88
juego1	easy	20.0	0.006	295057	700	300	379	79	9	43.88	43.88	43.88
juego1	easy	20.0	0.006	295065	700	299	379	80	9	43.88	43.88	43.88
juego1	easy	20.0	0.006	295074	700	299	379	80	9	43.88	43.88	43.88
juego1	easy	20.0	0.006	295082	700	299	379	80	9	43.88	43.88	43.88
juego1	easy	20.0	0.006	295091	700	299	379	80	9	43.88	43.88	43.88
juego1	easy	20.0	0.006	295100	700	299	379	80	9	43.88	43.88	43.88
juego1	easy	20.0	0.006	295109	700	298	379	81	9	43.88	43.88	43.88
juego1	easy	20.0	0.006	295118	700	298	379	81	9	43.88	43.88	43.88
juego1	easy	20.0	0.006	295126	700	298	379	81	9	43.88	43.88	43.88
juego1	easy	20.0	0.006	295135	700	298	379	81	9	43.88	43.88	43.88
juego1	easy	20.0	0.006	295143	700	298	379	81	9	43.88	43.88	43.88
juego1	easy	20.0	0.006	295152	700	298	379	81	9	43.88	43.88	43.88
juego1	easy	20.0	0.006	295159	700	297	379	82	9	43.88	43.88	43.88
juego1	easy	20.0	0.006	295168	700	297	379	82	9	43.88	43.88	43.88
juego1	easy	20.0	0.006	295176	700	297	379	82	9	43.88	43.88	43.88
juego1	easy	20.0	0.006	295185	700	297	379	82	9	43.88	43.88	43.88
juego1	easy	20.0	0.006	295194	700	297	379	82	9	43.88	43.88	43.88
juego1	easy	20.0	0.006	295202	700	296	379	83	9	43.88	43.88	43.88
juego1	easy	20.0	0.006	295211	700	296	379	83	9	43.88	43.88	43.88
juego1	easy	20.0	0.006	295220	700	296	379	83	9	43.88	43.88	43.88
juego1	easy	20.0	0.006	295228	700	296	379	83	9	43.88	43.88	43.88
juego1	easy	20.0	0.006	295237	700	296	379	83	9	43.88	43.88	43.88
juego1	easy	20.0	0.006	295246	700	295	379	84	9	43.88	43.88	43.88
juego1	easy	20.0	0.006	295255	700	295	379	84	9	43.88	43.88	43.88
juego1	easy	20.0	0.006	295264	700	295	379	84	9	43.88	43.88	43.88
juego1	easy	20.0	0.006	295271	700	295	379	84	9	43.88	43.88	43.88
juego1	easy	20.0	0.006	295279	700	295	379	84	9	43.88	43.88	43.88
juego1	easy	20.0	0.006	295288	700	295	379	84	9	43.88	43.88	43.88
juego1	easy	20.0	0.006	295298	700	294	379	85	9	43.88	43.88	43.88
juego1	easy	20.0	0.006	295306	700	294	379	85	9	43.88	43.88	43.88
juego1	easy	20.0	0.006	295314	700	294	379	85	9	43.88	43.88	43.88
juego1	easy	20.0	0.006	295323	700	294	379	85	9	43.88	43.88	43.88
juego1	easy	20.0	0.006	295331	700	294	379	85	9	43.88	43.88	43.88
juego1	easy	20.0	0.006	295339	700	293	379	86	9	43.88	43.88	43.88
juego1	easy	20.0	0.006	295348	700	293	379	86	9	43.88	43.88	43.88
juego1	easy	20.0	0.006	295357	700	293	379	86	9	43.88	43.88	43.88
juego1	easy	20.0	0.006	295366	700	293	379	86	9	43.88	43.88	43.88
juego1	easy	20.0	0.006	295375	700	293	379	86	9	43.88	43.88	43.88
juego1	easy	20.0	0.006	295383	700	292	379	87	9	43.88	43.88	43.88
juego1	easy	20.0	0.006	295391	700	292	379	87	9	43.88	43.88	43.88
juego1	easy	20.0	0.006	295399	700	292	379	87	9	43.88	43.88	43.88
juego1	easy	20.0	0.006	295407	700	292	379	87	9	43.88	43.88	43.88
juego1	easy	20.0	0.006	295416	700	292	379	87	9	43.88	43.88	43.88
juego1	easy	20.0	0.006	295425	700	291	379	88	9	43.88	43.88	43.88
juego1	easy	20.0	0.006	295434	700	291	379	88	9	43.88	43.88	43.88
juego1	easy	20.0	0.006	295444	700	291	379	88	9	43.88	43.88	43.88
juego1	easy	20.0	0.006	295450	700	291	379	88	9	43.88	43.88	43.88
juego1	easy	20.0	0.006	295459	700	291	379	88	9	43.88	43.88	43.88
juego1	easy	20.0	0.006	295467	700	291	379	88	9	43.88	43.88	43.88
juego1	easy	20.0	0.006	295475	700	290	379	89	9	43.88	43.88	43.88
juego1	easy	20.0	0.006	295484	700	290	379	89	9	43.88	43.88	43.88
juego1	easy	20.0	0.006	295493	700	290	379	89	9	43.88	43.88	43.88
juego1	easy	20.0	0.006	295502	700	290	379	89	9	43.88	43.88	43.88
Pausa_juego1	easy	20.0	0.006	295511	700	290	379	89	-1	43.88	43.88	43.88
