game	difficulty	amplitude	velocity	time	xpos	y_computer	y_human	y_error	trial	x	y	z
juego3	easy	0.0	0.008	5	400	267	220	-47	0	108.81	108.81	108.81
juego3	easy	0.0	0.008	7	400	267	220	-47	0	108.81	108.81	108.81
juego3	easy	0.0	0.008	16	400	267	220	-47	0	108.72	108.72	108.72
juego3	easy	0.0	0.008	24	400	267	220	-47	0	108.6	108.6	108.6
juego3	easy	0.0	0.008	33	400	267	221	-46	0	108.48	108.48	108.48
juego3	easy	0.0	0.008	42	400	267	221	-46	0	108.45	108.45	108.45
juego3	easy	0.0	0.008	51	400	267	221	-46	0	108.49	108.49	108.49
juego3	easy	0.0	0.008	60	400	267	221	-46	0	108.51	108.51	108.51
juego3	easy	0.0	0.008	69	400	267	221	-46	0	108.49	108.49	108.49
juego3	easy	0.0	0.008	78	400	267	221	-46	0	108.47	108.47	108.47
juego3	easy	0.0	0.008	87	400	267	221	-46	0	108.45	108.45	108.45
juego3	easy	0.0	0.008	97	400	267	221	-46	0	108.37	108.37	108.37
juego3	easy	0.0	0.008	105	400	267	222	-45	0	108.27	108.27	108.27
juego3	easy	0.0	0.008	114	400	267	222	-45	0	108.18	108.18	108.18
juego3	easy	0.0	0.008	123	400	267	222	-45	0	108.13	108.13	108.13
juego3	easy	0.0	0.008	133	400	267	222	-45	0	108.11	108.11	108.11
juego3	easy	0.0	0.008	140	400	267	222	-45	0	108.08	108.08	108.08
juego3	easy	0.0	0.008	150	400	267	222	-45	0	108.05	108.05	108.05
juego3	easy	0.0	0.008	158	400	267	222	-45	0	107.98	107.98	107.98
juego3	easy	0.0	0.008	168	400	267	223	-44	0	107.92	107.92	107.92
juego3	easy	0.0	0.008	175	400	267	223	-44	0	107.79	107.79	107.79
juego3	easy	0.0	0.008	184	400	267	223	-44	0	107.65	107.65	107.65
juego3	easy	0.0	0.008	192	400	267	224	-43	0	107.58	107.58	107.58
juego3	easy	0.0	0.008	201	400	267	224	-43	0	107.4	107.4	107.4
juego3	easy	0.0	0.008	210	400	267	225	-42	0	107.19	107.19	107.19
juego3	easy	0.0	0.008	220	400	267	225	-42	0	107.02	107.02	107.02
juego3	easy	0.0	0.008	228	400	267	226	-41	0	106.95	106.95	106.95
juego3	easy	0.0	0.008	236	400	267	226	-41	0	106.83	106.83	106.83
juego3	easy	0.0	0.008	245	400	267	226	-41	0	106.7	106.7	106.7
juego3	easy	0.0	0.008	253	400	267	227	-40	0	106.54	106.54	106.54
juego3	easy	0.0	0.008	262	400	267	227	-40	0	106.44	106.44	106.44
juego3	easy	0.0	0.008	271	400	267	228	-39	0	106.34	106.34	106.34
juego3	easy	0.0	0.008	279	400	267	228	-39	0	106.12	106.12	106.12
juego3	easy	0.0	0.008	289	400	267	229	-38	0	105.91	105.91	105.91
juego3	easy	0.0	0.008	297	400	267	230	-37	0	105.69	105.69	105.69
juego3	easy	0.0	0.008	306	400	267	230	-37	0	105.47	105.47	105.47
juego3	easy	0.0	0.008	315	400	267	231	-36	0	105.26	105.26	105.26
juego3	easy	0.0	0.008	324	400	267	232	-35	0	105.01	105.01	105.01
juego3	easy	0.0	0.008	332	400	267	232	-35	0	104.85	104.85	104.85
juego3	easy	0.0	0.008	340	400	267	233	-34	0	104.5	104.5	104.5
juego3	easy	0.0	0.008	349	400	267	235	-32	0	104.11	104.11	104.11
juego3	easy	0.0	0.008	358	400	267	235	-32	0	103.9	103.9	103.9
juego3	easy	0.0	0.008	367	400	267	237	-30	0	103.43	103.43	103.43
juego3	easy	0.0	0.008	375	400	267	238	-29	0	102.96	102.96	102.96
juego3	easy	0.0	0.008	384	400	267	240	-27	0	102.51	102.51	102.51
juego3	easy	0.0	0.008	392	400	267	240	-27	0	102.29	102.29	102.29
juego3	easy	0.0	0.008	400	400	267	242	-25	0	101.85	101.85	101.85
juego3	easy	0.0	0.008	409	400	267	243	-24	0	101.5	101.5	101.5
juego3	easy	0.0	0.008	417	400	267	243	-24	0	101.35	101.35	101.35
juego3	easy	0.0	0.008	427	400	267	244	-23	0	101.04	101.04	101.04
juego3	easy	0.0	0.008	435	400	267	245	-22	0	100.7	100.7	100.7
juego3	easy	0.0	0.008	443	400	267	246	-21	0	100.51	100.51	100.51
juego3	easy	0.0	0.008	452	400	267	247	-20	0	100.12	100.12	100.12
juego3	easy	0.0	0.008	460	400	267	248	-19	0	99.94	99.94	99.94
juego3	easy	0.0	0.008	468	400	267	249	-18	0	99.61	99.61	99.61
juego3	easy	0.0	0.008	477	400	267	250	-17	0	99.17	99.17	99.17
juego3	easy	0.0	0.008	485	400	267	251	-16	0	98.78	98.78	98.78
juego3	easy	0.0	0.008	493	400	267	252	-15	0	98.59	98.59	98.59
juego3	easy	0.0	0.008	501	400	267	253	-14	0	98.24	98.24	98.24
juego3	easy	0.0	0.008	510	400	267	254	-13	0	97.9	97.9	97.9
juego3	easy	0.0	0.008	519	400	267	255	-12	0	97.74	97.74	97.74
juego3	easy	0.0	0.008	527	400	267	256	-11	0	97.39	97.39	97.39
juego3	easy	0.0	0.008	536	400	267	257	-10	0	97.05	97.05	97.05
juego3	easy	0.0	0.008	545	400	267	258	-9	0	96.72	96.72	96.72
juego3	easy	0.0	0.008	555	400	267	259	-8	0	96.38	96.38	96.38
juego3	easy	0.0	0.008	563	400	267	259	-8	0	96.21	96.21	96.21
juego3	easy	0.0	0.008	571	400	267	261	-6	0	95.88	95.88	95.88
juego3	easy	0.0	0.008	579	400	267	262	-5	0	95.55	95.55	95.55
juego3	easy	0.0	0.008	589	400	267	262	-5	0	95.4	95.4	95.4
juego3	easy	0.0	0.008	598	400	267	263	-4	0	95.12	95.12	95.12
juego3	easy	0.0	0.008	607	400	267	264	-3	0	94.84	94.84	94.84
juego3	easy	0.0	0.008	615	400	267	265	-2	0	94.53	94.53	94.53
juego3	easy	0.0	0.008	625	400	267	266	-1	0	94.15	94.15	94.15
juego3	easy	0.0	0.008	634	400	267	267	0	0	93.94	93.94	93.94
juego3	easy	0.0	0.008	642	400	267	268	1	0	93.54	93.54	93.54
juego3	easy	0.0	0.008	651	400	267	269	2	0	93.17	93.17	93.17
juego3	easy	0.0	0.008	661	400	267	270	3	0	92.88	92.88	92.88
juego3	easy	0.0	0.008	670	400	267	271	4	0	92.61	92.61	92.61
juego3	easy	0.0	0.008	678	400	267	271	4	0	92.47	92.47	92.47
juego3	easy	0.0	0.008	687	400	267	272	5	0	92.16	92.16	92.16
juego3	easy	0.0	0.008	697	400	267	273	6	0	91.96	91.96	91.96
juego3	easy	0.0	0.008	705	400	267	273	6	0	91.86	91.86	91.86
juego3	easy	0.0	0.008	714	400	267	273	6	0	91.84	91.84	91.84
juego3	easy	0.0	0.008	724	400	267	273	6	0	91.8	91.8	91.8
juego3	easy	0.0	0.008	732	400	267	273	6	0	91.79	91.79	91.79
juego3	easy	0.0	0.008	741	400	267	273	6	0	91.81	91.81	91.81
juego3	easy	0.0	0.008	751	400	267	273	6	0	91.86	91.86	91.86
juego3	easy	0.0	0.008	761	400	267	273	6	0	91.99	91.99	91.99
juego3	easy	0.0	0.008	769	400	267	272	5	0	92.1	92.1	92.1
juego3	easy	0.0	0.008	778	400	267	271	4	0	92.45	92.45	92.45
juego3	easy	0.0	0.008	787	400	267	270	3	0	92.93	92.93	92.93
juego3	easy	0.0	0.008	796	400	267	268	1	0	93.48	93.48	93.48
juego3	easy	0.0	0.008	805	400	267	266	-1	0	94.04	94.04	94.04
juego3	easy	0.0	0.008	814	400	267	266	-1	0	94.3	94.3	94.3
juego3	easy	0.0	0.008	823	400	267	264	-3	0	94.84	94.84	94.84
juego3	easy	0.0	0.008	831	400	267	262	-5	0	95.34	95.34	95.34
juego3	easy	0.0	0.008	840	400	267	261	-6	0	95.83	95.83	95.83
juego3	easy	0.0	0.008	849	400	267	260	-7	0	96.06	96.06	96.06
juego3	easy	0.0	0.008	856	400	267	259	-8	0	96.5	96.5	96.5
juego3	easy	0.0	0.008	865	400	267	257	-10	0	96.92	96.92	96.92
juego3	easy	0.0	0.008	874	400	267	257	-10	0	97.09	97.09	97.09
juego3	easy	0.0	0.008	883	400	267	256	-11	0	97.38	97.38	97.38
juego3	easy	0.0	0.008	891	400	267	255	-12	0	97.59	97.59	97.59
juego3	easy	0.0	0.008	900	400	267	255	-12	0	97.68	97.68	97.68
juego3	easy	0.0	0.008	908	400	267	254	-13	0	97.82	97.82	97.82
juego3	easy	0.0	0.008	917	400	267	254	-13	0	97.91	97.91	97.91
juego3	easy	0.0	0.008	926	400	267	254	-13	0	97.96	97.96	97.96
juego3	easy	0.0	0.008	934	400	267	254	-13	0	97.98	97.98	97.98
juego3	easy	0.0	0.008	943	400	267	254	-13	0	98.0	98.0	98.0
juego3	easy	0.0	0.008	952	400	267	254	-13	0	98.02	98.02	98.02
juego3	easy	0.0	0.008	961	400	267	254	-13	0	98.05	98.05	98.05
juego3	easy	0.0	0.008	969	400	267	254	-13	0	98.06	98.06	98.06
juego3	easy	0.0	0.008	978	400	267	254	-13	0	98.09	98.09	98.09
juego3	easy	0.0	0.008	987	400	267	254	-13	0	98.09	98.09	98.09
juego3	easy	0.0	0.008	997	400	267	254	-13	0	98.07	98.07	98.07
juego3	easy	0.0	0.008	1006	400	267	254	-13	0	98.04	98.04	98.04
juego3	easy	0.0	0.008	1014	400	267	254	-13	0	98.03	98.03	98.03
juego3	easy	0.0	0.008	1023	400	267	254	-13	0	98.01	98.01	98.01
juego3	easy	0.0	0.008	1032	400	267	254	-13	0	97.98	97.98	97.98
juego3	easy	0.0	0.008	1040	400	267	254	-13	0	97.97	97.97	97.97
juego3	easy	0.0	0.008	1048	400	267	254	-13	0	97.93	97.93	97.93
juego3	easy	0.0	0.008	1057	400	267	254	-13	0	97.89	97.89	97.89
juego3	easy	0.0	0.008	1066	400	267	254	-13	0	97.82	97.82	97.82
juego3	easy	0.0	0.008	1076	400	267	255	-12	0	97.72	97.72	97.72
juego3	easy	0.0	0.008	1084	400	267	255	-12	0	97.66	97.66	97.66
juego3	easy	0.0	0.008	1092	400	267	255	-12	0	97.54	97.54	97.54
juego3	easy	0.0	0.008	1101	400	267	256	-11	0	97.43	97.43	97.43
juego3	easy	0.0	0.008	1111	400	267	256	-11	0	97.31	97.31	97.31
juego3	easy	0.0	0.008	1119	400	267	256	-11	0	97.24	97.24	97.24
juego3	easy	0.0	0.008	1127	400	267	257	-10	0	97.12	97.12	97.12
juego3	easy	0.0	0.008	1136	400	267	257	-10	0	96.97	96.97	96.97
juego3	easy	0.0	0.008	1143	400	267	257	-10	0	96.88	96.88	96.88
juego3	easy	0.0	0.008	1152	400	267	258	-9	0	96.67	96.67	96.67
juego3	easy	0.0	0.008	1160	400	267	258	-9	0	96.57	96.57	96.57
juego3	easy	0.0	0.008	1169	400	267	259	-8	0	96.35	96.35	96.35
juego3	easy	0.0	0.008	1179	400	267	260	-7	0	96.15	96.15	96.15
juego3	easy	0.0	0.008	1187	400	267	260	-7	0	95.91	95.91	95.91
juego3	easy	0.0	0.008	1195	400	267	261	-6	0	95.77	95.77	95.77
juego3	easy	0.0	0.008	1204	400	267	262	-5	0	95.45	95.45	95.45
juego3	easy	0.0	0.008	1213	400	267	263	-4	0	95.07	95.07	95.07
juego3	easy	0.0	0.008	1222	400	267	264	-3	0	94.69	94.69	94.69
juego3	easy	0.0	0.008	1231	400	267	265	-2	0	94.35	94.35	94.35
juego3	easy	0.0	0.008	1240	400	267	266	-1	0	94.19	94.19	94.19
juego3	easy	0.0	0.008	1248	400	267	267	0	0	93.88	93.88	93.88
juego3	easy	0.0	0.008	1257	400	267	268	1	0	93.57	93.57	93.57
juego3	easy	0.0	0.008	1266	400	267	269	2	0	93.28	93.28	93.28
juego3	easy	0.0	0.008	1276	400	267	270	3	0	93.02	93.02	93.02
juego3	easy	0.0	0.008	1285	400	267	270	3	0	92.92	92.92	92.92
juego3	easy	0.0	0.008	1293	400	267	270	3	0	92.74	92.74	92.74
juego3	easy	0.0	0.008	1302	400	267	271	4	0	92.6	92.6	92.6
juego3	easy	0.0	0.008	1311	400	267	271	4	0	92.47	92.47	92.47
juego3	easy	0.0	0.008	1320	400	267	271	4	0	92.42	92.42	92.42
juego3	easy	0.0	0.008	1329	400	267	272	5	0	92.32	92.32	92.32
juego3	easy	0.0	0.008	1338	400	267	272	5	0	92.24	92.24	92.24
juego3	easy	0.0	0.008	1347	400	267	272	5	0	92.19	92.19	92.19
juego3	easy	0.0	0.008	1356	400	267	272	5	0	92.17	92.17	92.17
juego3	easy	0.0	0.008	1365	400	267	272	5	0	92.16	92.16	92.16
juego3	easy	0.0	0.008	1374	400	267	272	5	0	92.15	92.15	92.15
juego3	easy	0.0	0.008	1383	400	267	272	5	0	92.13	92.13	92.13
juego3	easy	0.0	0.008	1392	400	267	272	5	0	92.13	92.13	92.13
juego3	easy	0.0	0.008	1401	400	267	272	5	0	92.13	92.13	92.13
juego3	easy	0.0	0.008	1409	400	267	272	5	0	92.13	92.13	92.13
juego3	easy	0.0	0.008	1418	400	267	272	5	0	92.15	92.15	92.15
juego3	easy	0.0	0.008	1428	400	267	272	5	0	92.17	92.17	92.17
juego3	easy	0.0	0.008	1437	400	267	272	5	0	92.18	92.18	92.18
juego3	easy	0.0	0.008	1446	400	267	272	5	0	92.17	92.17	92.17
juego3	easy	0.0	0.008	1455	400	267	272	5	0	92.17	92.17	92.17
juego3	easy	0.0	0.008	1463	400	267	272	5	0	92.17	92.17	92.17
juego3	easy	0.0	0.008	1473	400	267	272	5	0	92.18	92.18	92.18
juego3	easy	0.0	0.008	1481	400	267	272	5	0	92.2	92.2	92.2
juego3	easy	0.0	0.008	1490	400	267	272	5	0	92.21	92.21	92.21
juego3	easy	0.0	0.008	1498	400	267	272	5	0	92.2	92.2	92.2
juego3	easy	0.0	0.008	1507	400	267	272	5	0	92.18	92.18	92.18
juego3	easy	0.0	0.008	1515	400	267	272	5	0	92.17	92.17	92.17
juego3	easy	0.0	0.008	1524	400	267	272	5	0	92.14	92.14	92.14
juego3	easy	0.0	0.008	1533	400	267	272	5	0	92.13	92.13	92.13
juego3	easy	0.0	0.008	1541	400	267	272	5	0	92.14	92.14	92.14
juego3	easy	0.0	0.008	1550	400	267	272	5	0	92.15	92.15	92.15
juego3	easy	0.0	0.008	1559	400	267	272	5	0	92.17	92.17	92.17
juego3	easy	0.0	0.008	1568	400	267	272	5	0	92.16	92.16	92.16
juego3	easy	0.0	0.008	1577	400	267	272	5	0	92.16	92.16	92.16
juego3	easy	0.0	0.008	1586	400	267	272	5	0	92.16	92.16	92.16
juego3	easy	0.0	0.008	1594	400	267	272	5	0	92.17	92.17	92.17
juego3	easy	0.0	0.008	1603	400	267	272	5	0	92.17	92.17	92.17
juego3	easy	0.0	0.008	1612	400	267	272	5	0	92.17	92.17	92.17
juego3	easy	0.0	0.008	1620	400	267	272	5	0	92.15	92.15	92.15
juego3	easy	0.0	0.008	1629	400	267	272	5	0	92.13	92.13	92.13
juego3	easy	0.0	0.008	1638	400	267	272	5	0	92.12	92.12	92.12
juego3	easy	0.0	0.008	1647	400	267	272	5	0	92.12	92.12	92.12
juego3	easy	0.0	0.008	1657	400	267	272	5	0	92.13	92.13	92.13
juego3	easy	0.0	0.008	1665	400	267	272	5	0	92.14	92.14	92.14
juego3	easy	0.0	0.008	1673	400	267	272	5	0	92.15	92.15	92.15
juego3	easy	0.0	0.008	1682	400	267	272	5	0	92.15	92.15	92.15
juego3	easy	0.0	0.008	1690	400	267	272	5	0	92.15	92.15	92.15
juego3	easy	0.0	0.008	1699	400	267	272	5	0	92.14	92.14	92.14
juego3	easy	0.0	0.008	1709	400	267	272	5	0	92.13	92.13	92.13
juego3	easy	0.0	0.008	1717	400	267	272	5	0	92.13	92.13	92.13
juego3	easy	0.0	0.008	1727	400	267	272	5	0	92.13	92.13	92.13
juego3	easy	0.0	0.008	1735	400	267	272	5	0	92.13	92.13	92.13
juego3	easy	0.0	0.008	1744	400	267	272	5	0	92.13	92.13	92.13
juego3	easy	0.0	0.008	1754	400	267	272	5	0	92.14	92.14	92.14
juego3	easy	0.0	0.008	1762	400	267	272	5	0	92.15	92.15	92.15
juego3	easy	0.0	0.008	1771	400	267	272	5	0	92.15	92.15	92.15
juego3	easy	0.0	0.008	1780	400	267	272	5	0	92.15	92.15	92.15
juego3	easy	0.0	0.008	1789	400	267	272	5	0	92.15	92.15	92.15
juego3	easy	0.0	0.008	1798	400	267	272	5	0	92.15	92.15	92.15
juego3	easy	0.0	0.008	1807	400	267	272	5	0	92.15	92.15	92.15
juego3	easy	0.0	0.008	1816	400	267	272	5	0	92.15	92.15	92.15
juego3	easy	0.0	0.008	1825	400	267	272	5	0	92.17	92.17	92.17
juego3	easy	0.0	0.008	1833	400	267	272	5	0	92.18	92.18	92.18
juego3	easy	0.0	0.008	1843	400	267	272	5	0	92.19	92.19	92.19
juego3	easy	0.0	0.008	1851	400	267	272	5	0	92.2	92.2	92.2
juego3	easy	0.0	0.008	1860	400	267	272	5	0	92.22	92.22	92.22
juego3	easy	0.0	0.008	1869	400	267	272	5	0	92.24	92.24	92.24
juego3	easy	0.0	0.008	1878	400	267	272	5	0	92.27	92.27	92.27
juego3	easy	0.0	0.008	1888	400	267	272	5	0	92.31	92.31	92.31
juego3	easy	0.0	0.008	1896	400	267	272	5	0	92.32	92.32	92.32
juego3	easy	0.0	0.008	1905	400	267	272	5	0	92.34	92.34	92.34
juego3	easy	0.0	0.008	1915	400	267	272	5	0	92.34	92.34	92.34
juego3	easy	0.0	0.008	1922	400	267	272	5	0	92.35	92.35	92.35
juego3	easy	0.0	0.008	1931	400	267	272	5	0	92.36	92.36	92.36
juego3	easy	0.0	0.008	1940	400	267	272	5	0	92.38	92.38	92.38
juego3	easy	0.0	0.008	1949	400	267	271	4	0	92.41	92.41	92.41
juego3	easy	0.0	0.008	1957	400	267	271	4	0	92.42	92.42	92.42
juego3	easy	0.0	0.008	1965	400	267	271	4	0	92.44	92.44	92.44
juego3	easy	0.0	0.008	1973	400	267	271	4	0	92.45	92.45	92.45
juego3	easy	0.0	0.008	1983	400	267	271	4	0	92.45	92.45	92.45
juego3	easy	0.0	0.008	1990	400	267	271	4	0	92.46	92.46	92.46
juego3	easy	0.0	0.008	1998	400	267	271	4	0	92.48	92.48	92.48
juego3	easy	0.0	0.008	0	400	267	271	4	1	92.49	92.49	92.49
juego3	easy	80.0	0.008	9	400	174	271	97	1	92.51	92.51	92.51
juego3	easy	80.0	0.008	18	400	174	271	97	1	92.53	92.53	92.53
juego3	easy	80.0	0.008	28	400	174	271	97	1	92.53	92.53	92.53
juego3	easy	80.0	0.008	37	400	174	271	97	1	92.52	92.52	92.52
juego3	easy	80.0	0.008	45	400	174	271	97	1	92.52	92.52	92.52
juego3	easy	80.0	0.008	54	400	174	271	97	1	92.53	92.53	92.53
juego3	easy	80.0	0.008	62	400	174	271	97	1	92.54	92.54	92.54
juego3	easy	80.0	0.008	71	400	174	271	97	1	92.54	92.54	92.54
juego3	easy	80.0	0.008	81	400	174	271	97	1	92.55	92.55	92.55
juego3	easy	80.0	0.008	88	400	174	271	97	1	92.57	92.57	92.57
juego3	easy	80.0	0.008	97	400	174	271	97	1	92.57	92.57	92.57
juego3	easy	80.0	0.008	106	400	174	271	97	1	92.56	92.56	92.56
juego3	easy	80.0	0.008	115	400	174	271	97	1	92.55	92.55	92.55
juego3	easy	80.0	0.008	124	400	174	271	97	1	92.54	92.54	92.54
juego3	easy	80.0	0.008	134	400	174	271	97	1	92.53	92.53	92.53
juego3	easy	80.0	0.008	143	400	174	271	97	1	92.55	92.55	92.55
juego3	easy	80.0	0.008	151	400	174	271	97	1	92.57	92.57	92.57
juego3	easy	80.0	0.008	159	400	174	271	97	1	92.6	92.6	92.6
juego3	easy	80.0	0.008	168	400	174	271	97	1	92.62	92.62	92.62
juego3	easy	80.0	0.008	176	400	174	271	97	1	92.63	92.63	92.63
juego3	easy	80.0	0.008	184	400	174	271	97	1	92.63	92.63	92.63
juego3	easy	80.0	0.008	193	400	174	271	97	1	92.63	92.63	92.63
juego3	easy	80.0	0.008	202	400	174	271	97	1	92.64	92.64	92.64
juego3	easy	80.0	0.008	211	400	174	271	97	1	92.66	92.66	92.66
juego3	easy	80.0	0.008	220	400	174	271	97	1	92.67	92.67	92.67
juego3	easy	80.0	0.008	230	400	174	271	97	1	92.71	92.71	92.71
juego3	easy	80.0	0.008	239	400	174	270	96	1	92.76	92.76	92.76
juego3	easy	80.0	0.008	248	400	174	270	96	1	92.8	92.8	92.8
juego3	easy	80.0	0.008	256	400	174	270	96	1	92.83	92.83	92.83
juego3	easy	80.0	0.008	264	400	174	270	96	1	92.9	92.9	92.9
juego3	easy	80.0	0.008	273	400	174	270	96	1	93.02	93.02	93.02
juego3	easy	80.0	0.008	282	400	174	269	95	1	93.19	93.19	93.19
juego3	easy	80.0	0.008	292	400	174	268	94	1	93.45	93.45	93.45
juego3	easy	80.0	0.008	300	400	174	268	94	1	93.63	93.63	93.63
juego3	easy	80.0	0.008	309	400	174	266	92	1	94.04	94.04	94.04
juego3	easy	80.0	0.008	317	400	174	265	91	1	94.55	94.55	94.55
juego3	easy	80.0	0.008	326	400	174	263	89	1	95.19	95.19	95.19
juego3	easy	80.0	0.008	334	400	174	261	87	1	95.58	95.58	95.58
juego3	easy	80.0	0.008	343	400	174	259	85	1	96.48	96.48	96.48
juego3	easy	80.0	0.008	352	400	174	255	81	1	97.48	97.48	97.48
juego3	easy	80.0	0.008	360	400	174	254	80	1	97.98	97.98	97.98
juego3	easy	80.0	0.008	369	400	174	251	77	1	99.03	99.03	99.03
juego3	easy	80.0	0.008	377	400	174	247	73	1	100.05	100.05	100.05
juego3	easy	80.0	0.008	385	400	174	246	72	1	100.58	100.58	100.58
juego3	easy	80.0	0.008	393	400	174	244	70	1	101.2	101.2	101.2
juego3	easy	80.0	0.008	401	400	174	240	66	1	102.38	102.38	102.38
juego3	easy	80.0	0.008	410	400	174	235	61	1	103.89	103.89	103.89
juego3	easy	80.0	0.008	419	400	174	232	58	1	104.85	104.85	104.85
juego3	easy	80.0	0.008	428	400	174	230	56	1	105.6	105.6	105.6
juego3	easy	80.0	0.008	437	400	174	227	53	1	106.48	106.48	106.48
juego3	easy	80.0	0.008	447	400	174	226	52	1	106.95	106.95	106.95
juego3	easy	80.0	0.008	455	400	174	223	49	1	107.76	107.76	107.76
juego3	easy	80.0	0.008	464	400	174	221	47	1	108.44	108.44	108.44
juego3	easy	80.0	0.008	473	400	174	220	46	1	108.87	108.87	108.87
juego3	easy	80.0	0.008	483	400	174	219	45	1	109.22	109.22	109.22
juego3	easy	80.0	0.008	491	400	174	218	44	1	109.39	109.39	109.39
juego3	easy	80.0	0.008	498	400	174	217	43	1	109.7	109.7	109.7
juego3	easy	80.0	0.008	507	400	174	216	42	1	109.97	109.97	109.97
juego3	easy	80.0	0.008	516	400	174	216	42	1	110.1	110.1	110.1
juego3	easy	80.0	0.008	525	400	174	215	41	1	110.33	110.33	110.33
juego3	easy	80.0	0.008	534	400	174	214	40	1	110.53	110.53	110.53
juego3	easy	80.0	0.008	543	400	174	214	40	1	110.77	110.77	110.77
juego3	easy	80.0	0.008	552	400	174	213	39	1	111.03	111.03	111.03
juego3	easy	80.0	0.008	561	400	174	212	38	1	111.15	111.15	111.15
juego3	easy	80.0	0.008	569	400	174	212	38	1	111.36	111.36	111.36
juego3	easy	80.0	0.008	578	400	174	211	37	1	111.52	111.52	111.52
juego3	easy	80.0	0.008	588	400	174	211	37	1	111.69	111.69	111.69
juego3	easy	80.0	0.008	596	400	174	210	36	1	111.78	111.78	111.78
juego3	easy	80.0	0.008	605	400	174	210	36	1	111.93	111.93	111.93
juego3	easy	80.0	0.008	614	400	174	210	36	1	112.07	112.07	112.07
juego3	easy	80.0	0.008	622	400	174	209	35	1	112.28	112.28	112.28
juego3	easy	80.0	0.008	630	400	174	208	34	1	112.44	112.44	112.44
juego3	easy	80.0	0.008	639	400	174	207	33	1	112.75	112.75	112.75
juego3	easy	80.0	0.008	647	400	174	207	33	1	113.02	113.02	113.02
juego3	easy	80.0	0.008	656	400	174	206	32	1	113.14	113.14	113.14
juego3	easy	80.0	0.008	664	400	174	205	31	1	113.38	113.38	113.38
juego3	easy	80.0	0.008	673	400	174	205	31	1	113.61	113.61	113.61
juego3	easy	80.0	0.008	681	400	174	204	30	1	113.73	113.73	113.73
juego3	easy	80.0	0.008	689	400	174	204	30	1	113.97	113.97	113.97
juego3	easy	80.0	0.008	698	400	174	203	29	1	114.23	114.23	114.23
juego3	easy	80.0	0.008	707	400	174	202	28	1	114.49	114.49	114.49
juego3	easy	80.0	0.008	716	400	174	201	27	1	114.64	114.64	114.64
juego3	easy	80.0	0.008	725	400	174	201	27	1	114.94	114.94	114.94
juego3	easy	80.0	0.008	734	400	174	199	25	1	115.27	115.27	115.27
juego3	easy	80.0	0.008	742	400	174	199	25	1	115.45	115.45	115.45
juego3	easy	80.0	0.008	751	400	174	198	24	1	115.75	115.75	115.75
juego3	easy	80.0	0.008	761	400	174	197	23	1	116.01	116.01	116.01
juego3	easy	80.0	0.008	769	400	174	196	22	1	116.26	116.26	116.26
juego3	easy	80.0	0.008	778	400	174	195	21	1	116.59	116.59	116.59
juego3	easy	80.0	0.008	787	400	174	195	21	1	116.77	116.77	116.77
juego3	easy	80.0	0.008	795	400	174	194	20	1	117.15	117.15	117.15
juego3	easy	80.0	0.008	803	400	174	192	18	1	117.54	117.54	117.54
juego3	easy	80.0	0.008	813	400	174	191	17	1	117.93	117.93	117.93
juego3	easy	80.0	0.008	821	400	174	191	17	1	118.11	118.11	118.11
juego3	easy	80.0	0.008	831	400	174	190	16	1	118.41	118.41	118.41
juego3	easy	80.0	0.008	840	400	174	189	15	1	118.67	118.67	118.67
juego3	easy	80.0	0.008	848	400	174	188	14	1	118.94	118.94	118.94
juego3	easy	80.0	0.008	856	400	174	187	13	1	119.09	119.09	119.09
juego3	easy	80.0	0.008	865	400	174	186	12	1	119.39	119.39	119.39
juego3	easy	80.0	0.008	873	400	174	186	12	1	119.53	119.53	119.53
juego3	easy	80.0	0.008	882	400	174	185	11	1	119.78	119.78	119.78
juego3	easy	80.0	0.008	891	400	174	185	11	1	120.0	120.0	120.0
juego3	easy	80.0	0.008	899	400	174	184	10	1	120.19	120.19	120.19
juego3	easy	80.0	0.008	908	400	174	183	9	1	120.37	120.37	120.37
juego3	easy	80.0	0.008	917	400	174	183	9	1	120.46	120.46	120.46
juego3	easy	80.0	0.008	926	400	174	183	9	1	120.61	120.61	120.61
juego3	easy	80.0	0.008	934	400	174	182	8	1	120.73	120.73	120.73
juego3	easy	80.0	0.008	944	400	174	182	8	1	120.8	120.8	120.8
juego3	easy	80.0	0.008	952	400	174	182	8	1	120.82	120.82	120.82
juego3	easy	80.0	0.008	961	400	174	182	8	1	120.85	120.85	120.85
juego3	easy	80.0	0.008	969	400	174	182	8	1	120.88	120.88	120.88
juego3	easy	80.0	0.008	977	400	174	182	8	1	120.89	120.89	120.89
juego3	easy	80.0	0.008	986	400	174	182	8	1	120.93	120.93	120.93
juego3	easy	80.0	0.008	995	400	174	182	8	1	120.93	120.93	120.93
juego3	easy	80.0	0.008	1003	400	174	182	8	1	120.94	120.94	120.94
juego3	easy	80.0	0.008	1012	400	174	182	8	1	120.93	120.93	120.93
juego3	easy	80.0	0.008	1021	400	174	182	8	1	120.94	120.94	120.94
juego3	easy	80.0	0.008	1030	400	174	182	8	1	120.96	120.96	120.96
juego3	easy	80.0	0.008	1038	400	174	182	8	1	120.97	120.97	120.97
juego3	easy	80.0	0.008	1046	400	174	181	7	1	120.98	120.98	120.98
juego3	easy	80.0	0.008	1056	400	174	182	8	1	120.96	120.96	120.96
juego3	easy	80.0	0.008	1064	400	174	182	8	1	120.93	120.93	120.93
juego3	easy	80.0	0.008	1072	400	174	182	8	1	120.91	120.91	120.91
juego3	easy	80.0	0.008	1081	400	174	182	8	1	120.86	120.86	120.86
juego3	easy	80.0	0.008	1091	400	174	182	8	1	120.81	120.81	120.81
juego3	easy	80.0	0.008	1100	400	174	182	8	1	120.77	120.77	120.77
juego3	easy	80.0	0.008	1108	400	174	182	8	1	120.76	120.76	120.76
juego3	easy	80.0	0.008	1117	400	174	182	8	1	120.76	120.76	120.76
juego3	easy	80.0	0.008	1126	400	174	182	8	1	120.78	120.78	120.78
juego3	easy	80.0	0.008	1134	400	174	182	8	1	120.8	120.8	120.8
juego3	easy	80.0	0.008	1143	400	174	182	8	1	120.78	120.78	120.78
juego3	easy	80.0	0.008	1152	400	174	182	8	1	120.77	120.77	120.77
juego3	easy	80.0	0.008	1161	400	174	182	8	1	120.77	120.77	120.77
juego3	easy	80.0	0.008	1170	400	174	182	8	1	120.79	120.79	120.79
juego3	easy	80.0	0.008	1179	400	174	182	8	1	120.81	120.81	120.81
juego3	easy	80.0	0.008	1189	400	174	182	8	1	120.85	120.85	120.85
juego3	easy	80.0	0.008	1197	400	174	182	8	1	120.85	120.85	120.85
juego3	easy	80.0	0.008	1206	400	174	182	8	1	120.84	120.84	120.84
juego3	easy	80.0	0.008	1214	400	174	182	8	1	120.83	120.83	120.83
juego3	easy	80.0	0.008	1222	400	174	182	8	1	120.84	120.84	120.84
juego3	easy	80.0	0.008	1230	400	174	182	8	1	120.85	120.85	120.85
juego3	easy	80.0	0.008	1238	400	174	182	8	1	120.87	120.87	120.87
juego3	easy	80.0	0.008	1247	400	174	182	8	1	120.91	120.91	120.91
juego3	easy	80.0	0.008	1254	400	174	182	8	1	120.93	120.93	120.93
juego3	easy	80.0	0.008	1263	400	174	182	8	1	120.94	120.94	120.94
juego3	easy	80.0	0.008	1271	400	174	182	8	1	120.97	120.97	120.97
juego3	easy	80.0	0.008	1280	400	174	181	7	1	120.99	120.99	120.99
juego3	easy	80.0	0.008	1289	400	174	181	7	1	121.01	121.01	121.01
juego3	easy	80.0	0.008	1298	400	174	181	7	1	121.07	121.07	121.07
juego3	easy	80.0	0.008	1306	400	174	181	7	1	121.13	121.13	121.13
juego3	easy	80.0	0.008	1315	400	174	181	7	1	121.21	121.21	121.21
juego3	easy	80.0	0.008	1324	400	174	180	6	1	121.3	121.3	121.3
juego3	easy	80.0	0.008	1334	400	174	180	6	1	121.38	121.38	121.38
juego3	easy	80.0	0.008	1343	400	174	180	6	1	121.42	121.42	121.42
juego3	easy	80.0	0.008	1351	400	174	180	6	1	121.48	121.48	121.48
juego3	easy	80.0	0.008	1360	400	174	180	6	1	121.54	121.54	121.54
juego3	easy	80.0	0.008	1367	400	174	180	6	1	121.57	121.57	121.57
juego3	easy	80.0	0.008	1376	400	174	179	5	1	121.62	121.62	121.62
juego3	easy	80.0	0.008	1385	400	174	179	5	1	121.67	121.67	121.67
juego3	easy	80.0	0.008	1393	400	174	179	5	1	121.68	121.68	121.68
juego3	easy	80.0	0.008	1402	400	174	179	5	1	121.71	121.71	121.71
juego3	easy	80.0	0.008	1411	400	174	179	5	1	121.75	121.75	121.75
juego3	easy	80.0	0.008	1419	400	174	179	5	1	121.76	121.76	121.76
juego3	easy	80.0	0.008	1427	400	174	179	5	1	121.77	121.77	121.77
juego3	easy	80.0	0.008	1436	400	174	179	5	1	121.78	121.78	121.78
juego3	easy	80.0	0.008	1445	400	174	179	5	1	121.79	121.79	121.79
juego3	easy	80.0	0.008	1454	400	174	179	5	1	121.79	121.79	121.79
juego3	easy	80.0	0.008	1462	400	174	179	5	1	121.78	121.78	121.78
juego3	easy	80.0	0.008	1470	400	174	179	5	1	121.78	121.78	121.78
juego3	easy	80.0	0.008	1478	400	174	179	5	1	121.78	121.78	121.78
juego3	easy	80.0	0.008	1488	400	174	179	5	1	121.81	121.81	121.81
juego3	easy	80.0	0.008	1496	400	174	179	5	1	121.85	121.85	121.85
juego3	easy	80.0	0.008	1505	400	174	179	5	1	121.92	121.92	121.92
juego3	easy	80.0	0.008	1515	400	174	178	4	1	122.0	122.0	122.0
juego3	easy	80.0	0.008	1523	400	174	178	4	1	122.04	122.04	122.04
juego3	easy	80.0	0.008	1532	400	174	178	4	1	122.1	122.1	122.1
juego3	easy	80.0	0.008	1540	400	174	178	4	1	122.12	122.12	122.12
juego3	easy	80.0	0.008	1549	400	174	178	4	1	122.13	122.13	122.13
juego3	easy	80.0	0.008	1558	400	174	178	4	1	122.15	122.15	122.15
juego3	easy	80.0	0.008	1567	400	174	178	4	1	122.17	122.17	122.17
juego3	easy	80.0	0.008	1575	400	174	178	4	1	122.21	122.21	122.21
juego3	easy	80.0	0.008	1585	400	174	177	3	1	122.26	122.26	122.26
juego3	easy	80.0	0.008	1593	400	174	177	3	1	122.29	122.29	122.29
juego3	easy	80.0	0.008	1602	400	174	177	3	1	122.36	122.36	122.36
juego3	easy	80.0	0.008	1611	400	174	177	3	1	122.41	122.41	122.41
juego3	easy	80.0	0.008	1620	400	174	177	3	1	122.46	122.46	122.46
juego3	easy	80.0	0.008	1628	400	174	177	3	1	122.48	122.48	122.48
juego3	easy	80.0	0.008	1637	400	174	177	3	1	122.51	122.51	122.51
juego3	easy	80.0	0.008	1646	400	174	177	3	1	122.55	122.55	122.55
juego3	easy	80.0	0.008	1655	400	174	176	2	1	122.61	122.61	122.61
juego3	easy	80.0	0.008	1663	400	174	176	2	1	122.64	122.64	122.64
juego3	easy	80.0	0.008	1672	400	174	176	2	1	122.7	122.7	122.7
juego3	easy	80.0	0.008	1681	400	174	176	2	1	122.75	122.75	122.75
juego3	easy	80.0	0.008	1690	400	174	176	2	1	122.77	122.77	122.77
juego3	easy	80.0	0.008	1699	400	174	176	2	1	122.78	122.78	122.78
juego3	easy	80.0	0.008	1708	400	174	176	2	1	122.78	122.78	122.78
juego3	easy	80.0	0.008	1717	400	174	176	2	1	122.77	122.77	122.77
juego3	easy	80.0	0.008	1726	400	174	176	2	1	122.78	122.78	122.78
juego3	easy	80.0	0.008	1734	400	174	176	2	1	122.78	122.78	122.78
juego3	easy	80.0	0.008	1743	400	174	176	2	1	122.81	122.81	122.81
juego3	easy	80.0	0.008	1752	400	174	176	2	1	122.87	122.87	122.87
juego3	easy	80.0	0.008	1761	400	174	175	1	1	122.91	122.91	122.91
juego3	easy	80.0	0.008	1768	400	174	175	1	1	122.92	122.92	122.92
juego3	easy	80.0	0.008	1778	400	174	175	1	1	122.91	122.91	122.91
juego3	easy	80.0	0.008	1786	400	174	175	1	1	122.9	122.9	122.9
juego3	easy	80.0	0.008	1796	400	174	175	1	1	122.9	122.9	122.9
juego3	easy	80.0	0.008	1805	400	174	175	1	1	122.91	122.91	122.91
juego3	easy	80.0	0.008	1813	400	174	175	1	1	122.93	122.93	122.93
juego3	easy	80.0	0.008	1821	400	174	175	1	1	122.94	122.94	122.94
juego3	easy	80.0	0.008	1830	400	174	175	1	1	122.95	122.95	122.95
juego3	easy	80.0	0.008	1838	400	174	175	1	1	122.96	122.96	122.96
juego3	easy	80.0	0.008	1846	400	174	175	1	1	122.96	122.96	122.96
juego3	easy	80.0	0.008	1854	400	174	175	1	1	122.96	122.96	122.96
juego3	easy	80.0	0.008	1862	400	174	175	1	1	122.93	122.93	122.93
juego3	easy	80.0	0.008	1870	400	174	175	1	1	122.91	122.91	122.91
juego3	easy	80.0	0.008	1878	400	174	175	1	1	122.89	122.89	122.89
juego3	easy	80.0	0.008	1887	400	174	175	1	1	122.9	122.9	122.9
juego3	easy	80.0	0.008	1895	400	174	175	1	1	122.92	122.92	122.92
juego3	easy	80.0	0.008	1903	400	174	175	1	1	122.93	122.93	122.93
juego3	easy	80.0	0.008	1911	400	174	175	1	1	122.95	122.95	122.95
juego3	easy	80.0	0.008	1921	400	174	175	1	1	122.97	122.97	122.97
juego3	easy	80.0	0.008	1929	400	174	175	1	1	122.98	122.98	122.98
juego3	easy	80.0	0.008	1939	400	174	175	1	1	122.98	122.98	122.98
juego3	easy	80.0	0.008	1947	400	174	175	1	1	122.96	122.96	122.96
juego3	easy	80.0	0.008	1956	400	174	175	1	1	122.94	122.94	122.94
juego3	easy	80.0	0.008	1965	400	174	175	1	1	122.92	122.92	122.92
juego3	easy	80.0	0.008	1973	400	174	175	1	1	122.92	122.92	122.92
juego3	easy	80.0	0.008	1982	400	174	175	1	1	122.91	122.91	122.91
juego3	easy	80.0	0.008	1991	400	174	175	1	1	122.9	122.9	122.9
juego3	easy	80.0	0.008	1999	400	174	175	1	1	122.9	122.9	122.9
juego3	easy	80.0	0.008	0	400	174	176	2	2	122.88	122.88	122.88
juego3	easy	0.0	0.008	10	400	267	176	-91	2	122.88	122.88	122.88
juego3	easy	0.0	0.008	18	400	267	176	-91	2	122.87	122.87	122.87
juego3	easy	0.0	0.008	26	400	267	176	-91	2	122.86	122.86	122.86
juego3	easy	0.0	0.008	35	400	267	176	-91	2	122.85	122.85	122.85
juego3	easy	0.0	0.008	45	400	267	176	-91	2	122.85	122.85	122.85
juego3	easy	0.0	0.008	53	400	267	176	-91	2	122.86	122.86	122.86
juego3	easy	0.0	0.008	62	400	267	176	-91	2	122.86	122.86	122.86
juego3	easy	0.0	0.008	71	400	267	176	-91	2	122.85	122.85	122.85
juego3	easy	0.0	0.008	81	400	267	176	-91	2	122.82	122.82	122.82
juego3	easy	0.0	0.008	90	400	267	176	-91	2	122.81	122.81	122.81
juego3	easy	0.0	0.008	98	400	267	176	-91	2	122.8	122.8	122.8
juego3	easy	0.0	0.008	106	400	267	176	-91	2	122.8	122.8	122.8
juego3	easy	0.0	0.008	115	400	267	176	-91	2	122.79	122.79	122.79
juego3	easy	0.0	0.008	122	400	267	176	-91	2	122.79	122.79	122.79
juego3	easy	0.0	0.008	131	400	267	176	-91	2	122.78	122.78	122.78
juego3	easy	0.0	0.008	139	400	267	176	-91	2	122.77	122.77	122.77
juego3	easy	0.0	0.008	149	400	267	176	-91	2	122.77	122.77	122.77
juego3	easy	0.0	0.008	156	400	267	176	-91	2	122.77	122.77	122.77
juego3	easy	0.0	0.008	165	400	267	176	-91	2	122.77	122.77	122.77
juego3	easy	0.0	0.008	174	400	267	176	-91	2	122.75	122.75	122.75
juego3	easy	0.0	0.008	182	400	267	176	-91	2	122.75	122.75	122.75
juego3	easy	0.0	0.008	189	400	267	176	-91	2	122.74	122.74	122.74
juego3	easy	0.0	0.008	199	400	267	176	-91	2	122.73	122.73	122.73
juego3	easy	0.0	0.008	207	400	267	176	-91	2	122.74	122.74	122.74
juego3	easy	0.0	0.008	215	400	267	176	-91	2	122.73	122.73	122.73
juego3	easy	0.0	0.008	225	400	267	176	-91	2	122.7	122.7	122.7
juego3	easy	0.0	0.008	233	400	267	176	-91	2	122.67	122.67	122.67
juego3	easy	0.0	0.008	242	400	267	176	-91	2	122.59	122.59	122.59
juego3	easy	0.0	0.008	251	400	267	177	-90	2	122.53	122.53	122.53
juego3	easy	0.0	0.008	260	400	267	177	-90	2	122.45	122.45	122.45
juego3	easy	0.0	0.008	269	400	267	177	-90	2	122.38	122.38	122.38
juego3	easy	0.0	0.008	278	400	267	177	-90	2	122.35	122.35	122.35
juego3	easy	0.0	0.008	286	400	267	178	-89	2	122.24	122.24	122.24
juego3	easy	0.0	0.008	295	400	267	178	-89	2	122.05	122.05	122.05
juego3	easy	0.0	0.008	304	400	267	179	-88	2	121.81	121.81	121.81
juego3	easy	0.0	0.008	314	400	267	180	-87	2	121.51	121.51	121.51
juego3	easy	0.0	0.008	322	400	267	180	-87	2	121.3	121.3	121.3
juego3	easy	0.0	0.008	330	400	267	183	-84	2	120.6	120.6	120.6
juego3	easy	0.0	0.008	339	400	267	186	-81	2	119.47	119.47	119.47
juego3	easy	0.0	0.008	348	400	267	188	-79	2	118.84	118.84	118.84
juego3	easy	0.0	0.008	357	400	267	192	-75	2	117.59	117.59	117.59
juego3	easy	0.0	0.008	366	400	267	195	-72	2	116.58	116.58	116.58
juego3	easy	0.0	0.008	374	400	267	198	-69	2	115.77	115.77	115.77
juego3	easy	0.0	0.008	382	400	267	199	-68	2	115.37	115.37	115.37
juego3	easy	0.0	0.008	390	400	267	202	-65	2	114.41	114.41	114.41
juego3	easy	0.0	0.008	399	400	267	206	-61	2	113.23	113.23	113.23
juego3	easy	0.0	0.008	409	400	267	210	-57	2	111.94	111.94	111.94
juego3	easy	0.0	0.008	417	400	267	212	-55	2	111.29	111.29	111.29
juego3	easy	0.0	0.008	425	400	267	216	-51	2	110.1	110.1	110.1
juego3	easy	0.0	0.008	434	400	267	218	-49	2	109.52	109.52	109.52
juego3	easy	0.0	0.008	444	400	267	221	-46	2	108.42	108.42	108.42
juego3	easy	0.0	0.008	453	400	267	224	-43	2	107.44	107.44	107.44
juego3	easy	0.0	0.008	461	400	267	227	-40	2	106.63	106.63	106.63
juego3	easy	0.0	0.008	469	400	267	229	-38	2	105.91	105.91	105.91
juego3	easy	0.0	0.008	478	400	267	231	-36	2	105.22	105.22	105.22
juego3	easy	0.0	0.008	487	400	267	232	-35	2	104.85	104.85	104.85
juego3	easy	0.0	0.008	495	400	267	234	-33	2	104.15	104.15	104.15
juego3	easy	0.0	0.008	504	400	267	237	-30	2	103.41	103.41	103.41
juego3	easy	0.0	0.008	512	400	267	238	-29	2	103.01	103.01	103.01
juego3	easy	0.0	0.008	521	400	267	240	-27	2	102.25	102.25	102.25
juego3	easy	0.0	0.008	529	400	267	243	-24	2	101.54	101.54	101.54
juego3	easy	0.0	0.008	537	400	267	244	-23	2	101.19	101.19	101.19
juego3	easy	0.0	0.008	546	400	267	246	-21	2	100.53	100.53	100.53
juego3	easy	0.0	0.008	554	400	267	248	-19	2	99.92	99.92	99.92
juego3	easy	0.0	0.008	563	400	267	249	-18	2	99.65	99.65	99.65
juego3	easy	0.0	0.008	572	400	267	250	-17	2	99.37	99.37	99.37
juego3	easy	0.0	0.008	580	400	267	251	-16	2	98.91	98.91	98.91
juego3	easy	0.0	0.008	590	400	267	254	-13	2	98.09	98.09	98.09
juego3	easy	0.0	0.008	598	400	267	254	-13	2	97.85	97.85	97.85
juego3	easy	0.0	0.008	606	400	267	256	-11	2	97.35	97.35	97.35
juego3	easy	0.0	0.008	616	400	267	258	-9	2	96.83	96.83	96.83
juego3	easy	0.0	0.008	623	400	267	258	-9	2	96.56	96.56	96.56
juego3	easy	0.0	0.008	632	400	267	260	-7	2	96.09	96.09	96.09
juego3	easy	0.0	0.008	640	400	267	261	-6	2	95.72	95.72	95.72
juego3	easy	0.0	0.008	649	400	267	262	-5	2	95.38	95.38	95.38
juego3	easy	0.0	0.008	658	400	267	263	-4	2	95.2	95.2	95.2
juego3	easy	0.0	0.008	667	400	267	264	-3	2	94.83	94.83	94.83
juego3	easy	0.0	0.008	676	400	267	265	-2	2	94.51	94.51	94.51
juego3	easy	0.0	0.008	685	400	267	266	-1	2	94.3	94.3	94.3
juego3	easy	0.0	0.008	694	400	267	266	-1	2	94.16	94.16	94.16
juego3	easy	0.0	0.008	704	400	267	266	-1	2	94.09	94.09	94.09
juego3	easy	0.0	0.008	712	400	267	267	0	2	93.96	93.96	93.96
juego3	easy	0.0	0.008	722	400	267	267	0	2	93.8	93.8	93.8
juego3	easy	0.0	0.008	730	400	267	268	1	2	93.64	93.64	93.64
juego3	easy	0.0	0.008	740	400	267	268	1	2	93.51	93.51	93.51
juego3	easy	0.0	0.008	748	400	267	268	1	2	93.46	93.46	93.46
juego3	easy	0.0	0.008	757	400	267	268	1	2	93.38	93.38	93.38
juego3	easy	0.0	0.008	766	400	267	269	2	2	93.31	93.31	93.31
juego3	easy	0.0	0.008	775	400	267	269	2	2	93.24	93.24	93.24
juego3	easy	0.0	0.008	784	400	267	269	2	2	93.23	93.23	93.23
juego3	easy	0.0	0.008	792	400	267	269	2	2	93.22	93.22	93.22
juego3	easy	0.0	0.008	801	400	267	269	2	2	93.23	93.23	93.23
juego3	easy	0.0	0.008	810	400	267	269	2	2	93.26	93.26	93.26
juego3	easy	0.0	0.008	818	400	267	269	2	2	93.27	93.27	93.27
juego3	easy	0.0	0.008	827	400	267	269	2	2	93.3	93.3	93.3
juego3	easy	0.0	0.008	836	400	267	269	2	2	93.32	93.32	93.32
juego3	easy	0.0	0.008	843	400	267	269	2	2	93.34	93.34	93.34
juego3	easy	0.0	0.008	852	400	267	268	1	2	93.37	93.37	93.37
juego3	easy	0.0	0.008	861	400	267	268	1	2	93.41	93.41	93.41
juego3	easy	0.0	0.008	870	400	267	268	1	2	93.46	93.46	93.46
juego3	easy	0.0	0.008	879	400	267	268	1	2	93.49	93.49	93.49
juego3	easy	0.0	0.008	888	400	267	268	1	2	93.53	93.53	93.53
juego3	easy	0.0	0.008	896	400	267	268	1	2	93.57	93.57	93.57
juego3	easy	0.0	0.008	906	400	267	268	1	2	93.62	93.62	93.62
juego3	easy	0.0	0.008	915	400	267	268	1	2	93.66	93.66	93.66
juego3	easy	0.0	0.008	923	400	267	267	0	2	93.68	93.68	93.68
juego3	easy	0.0	0.008	932	400	267	267	0	2	93.72	93.72	93.72
juego3	easy	0.0	0.008	941	400	267	267	0	2	93.75	93.75	93.75
juego3	easy	0.0	0.008	950	400	267	267	0	2	93.79	93.79	93.79
juego3	easy	0.0	0.008	958	400	267	267	0	2	93.82	93.82	93.82
juego3	easy	0.0	0.008	967	400	267	267	0	2	93.86	93.86	93.86
juego3	easy	0.0	0.008	975	400	267	267	0	2	93.88	93.88	93.88
juego3	easy	0.0	0.008	985	400	267	267	0	2	93.9	93.9	93.9
juego3	easy	0.0	0.008	992	400	267	267	0	2	93.9	93.9	93.9
juego3	easy	0.0	0.008	1001	400	267	267	0	2	93.92	93.92	93.92
juego3	easy	0.0	0.008	1008	400	267	267	0	2	93.93	93.93	93.93
juego3	easy	0.0	0.008	1017	400	267	267	0	2	93.96	93.96	93.96
juego3	easy	0.0	0.008	1024	400	267	267	0	2	93.97	93.97	93.97
juego3	easy	0.0	0.008	1033	400	267	266	-1	2	93.99	93.99	93.99
juego3	easy	0.0	0.008	1041	400	267	266	-1	2	94.0	94.0	94.0
juego3	easy	0.0	0.008	1050	400	267	266	-1	2	94.0	94.0	94.0
juego3	easy	0.0	0.008	1059	400	267	266	-1	2	94.01	94.01	94.01
juego3	easy	0.0	0.008	1068	400	267	266	-1	2	94.02	94.02	94.02
juego3	easy	0.0	0.008	1076	400	267	266	-1	2	94.04	94.04	94.04
juego3	easy	0.0	0.008	1085	400	267	266	-1	2	94.07	94.07	94.07
juego3	easy	0.0	0.008	1094	400	267	266	-1	2	94.08	94.08	94.08
juego3	easy	0.0	0.008	1104	400	267	266	-1	2	94.12	94.12	94.12
juego3	easy	0.0	0.008	1112	400	267	266	-1	2	94.14	94.14	94.14
juego3	easy	0.0	0.008	1121	400	267	266	-1	2	94.15	94.15	94.15
juego3	easy	0.0	0.008	1129	400	267	266	-1	2	94.15	94.15	94.15
juego3	easy	0.0	0.008	1137	400	267	266	-1	2	94.16	94.16	94.16
juego3	easy	0.0	0.008	1145	400	267	266	-1	2	94.19	94.19	94.19
juego3	easy	0.0	0.008	1154	400	267	266	-1	2	94.21	94.21	94.21
juego3	easy	0.0	0.008	1162	400	267	266	-1	2	94.25	94.25	94.25
juego3	easy	0.0	0.008	1171	400	267	265	-2	2	94.31	94.31	94.31
juego3	easy	0.0	0.008	1180	400	267	265	-2	2	94.35	94.35	94.35
juego3	easy	0.0	0.008	1189	400	267	265	-2	2	94.37	94.37	94.37
juego3	easy	0.0	0.008	1198	400	267	265	-2	2	94.4	94.4	94.4
juego3	easy	0.0	0.008	1207	400	267	265	-2	2	94.43	94.43	94.43
juego3	easy	0.0	0.008	1216	400	267	265	-2	2	94.47	94.47	94.47
juego3	easy	0.0	0.008	1223	400	267	265	-2	2	94.48	94.48	94.48
juego3	easy	0.0	0.008	1232	400	267	265	-2	2	94.51	94.51	94.51
juego3	easy	0.0	0.008	1241	400	267	265	-2	2	94.54	94.54	94.54
juego3	easy	0.0	0.008	1250	400	267	265	-2	2	94.59	94.59	94.59
juego3	easy	0.0	0.008	1259	400	267	265	-2	2	94.62	94.62	94.62
juego3	easy	0.0	0.008	1268	400	267	264	-3	2	94.68	94.68	94.68
juego3	easy	0.0	0.008	1277	400	267	264	-3	2	94.74	94.74	94.74
juego3	easy	0.0	0.008	1286	400	267	264	-3	2	94.79	94.79	94.79
juego3	easy	0.0	0.008	1294	400	267	264	-3	2	94.81	94.81	94.81
juego3	easy	0.0	0.008	1302	400	267	264	-3	2	94.84	94.84	94.84
juego3	easy	0.0	0.008	1310	400	267	264	-3	2	94.85	94.85	94.85
juego3	easy	0.0	0.008	1318	400	267	264	-3	2	94.87	94.87	94.87
juego3	easy	0.0	0.008	1328	400	267	264	-3	2	94.91	94.91	94.91
juego3	easy	0.0	0.008	1336	400	267	263	-4	2	94.98	94.98	94.98
juego3	easy	0.0	0.008	1343	400	267	263	-4	2	95.0	95.0	95.0
juego3	easy	0.0	0.008	1352	400	267	263	-4	2	95.07	95.07	95.07
juego3	easy	0.0	0.008	1361	400	267	263	-4	2	95.1	95.1	95.1
juego3	easy	0.0	0.008	1369	400	267	263	-4	2	95.11	95.11	95.11
juego3	easy	0.0	0.008	1378	400	267	263	-4	2	95.13	95.13	95.13
juego3	easy	0.0	0.008	1387	400	267	263	-4	2	95.13	95.13	95.13
juego3	easy	0.0	0.008	1396	400	267	263	-4	2	95.14	95.14	95.14
juego3	easy	0.0	0.008	1405	400	267	263	-4	2	95.15	95.15	95.15
juego3	easy	0.0	0.008	1414	400	267	263	-4	2	95.19	95.19	95.19
juego3	easy	0.0	0.008	1422	400	267	263	-4	2	95.24	95.24	95.24
juego3	easy	0.0	0.008	1431	400	267	262	-5	2	95.27	95.27	95.27
juego3	easy	0.0	0.008	1440	400	267	262	-5	2	95.27	95.27	95.27
juego3	easy	0.0	0.008	1448	400	267	263	-4	2	95.25	95.25	95.25
juego3	easy	0.0	0.008	1456	400	267	263	-4	2	95.25	95.25	95.25
juego3	easy	0.0	0.008	1465	400	267	263	-4	2	95.24	95.24	95.24
juego3	easy	0.0	0.008	1473	400	267	263	-4	2	95.25	95.25	95.25
juego3	easy	0.0	0.008	1482	400	267	262	-5	2	95.27	95.27	95.27
juego3	easy	0.0	0.008	1489	400	267	262	-5	2	95.28	95.28	95.28
juego3	easy	0.0	0.008	1499	400	267	262	-5	2	95.3	95.3	95.3
juego3	easy	0.0	0.008	1507	400	267	262	-5	2	95.32	95.32	95.32
juego3	easy	0.0	0.008	1515	400	267	262	-5	2	95.34	95.34	95.34
juego3	easy	0.0	0.008	1524	400	267	262	-5	2	95.36	95.36	95.36
juego3	easy	0.0	0.008	1533	400	267	262	-5	2	95.36	95.36	95.36
juego3	easy	0.0	0.008	1541	400	267	262	-5	2	95.36	95.36	95.36
juego3	easy	0.0	0.008	1550	400	267	262	-5	2	95.37	95.37	95.37
juego3	easy	0.0	0.008	1559	400	267	262	-5	2	95.39	95.39	95.39
juego3	easy	0.0	0.008	1568	400	267	262	-5	2	95.41	95.41	95.41
juego3	easy	0.0	0.008	1576	400	267	262	-5	2	95.44	95.44	95.44
juego3	easy	0.0	0.008	1585	400	267	262	-5	2	95.45	95.45	95.45
juego3	easy	0.0	0.008	1594	400	267	262	-5	2	95.46	95.46	95.46
juego3	easy	0.0	0.008	1603	400	267	262	-5	2	95.45	95.45	95.45
juego3	easy	0.0	0.008	1612	400	267	262	-5	2	95.44	95.44	95.44
juego3	easy	0.0	0.008	1622	400	267	262	-5	2	95.44	95.44	95.44
juego3	easy	0.0	0.008	1630	400	267	262	-5	2	95.45	95.45	95.45
juego3	easy	0.0	0.008	1639	400	267	262	-5	2	95.45	95.45	95.45
juego3	easy	0.0	0.008	1647	400	267	262	-5	2	95.46	95.46	95.46
juego3	easy	0.0	0.008	1656	400	267	262	-5	2	95.45	95.45	95.45
juego3	easy	0.0	0.008	1665	400	267	262	-5	2	95.45	95.45	95.45
juego3	easy	0.0	0.008	1675	400	267	262	-5	2	95.45	95.45	95.45
juego3	easy	0.0	0.008	1683	400	267	262	-5	2	95.46	95.46	95.46
juego3	easy	0.0	0.008	1692	400	267	262	-5	2	95.47	95.47	95.47
juego3	easy	0.0	0.008	1700	400	267	262	-5	2	95.48	95.48	95.48
juego3	easy	0.0	0.008	1709	400	267	262	-5	2	95.48	95.48	95.48
juego3	easy	0.0	0.008	1718	400	267	262	-5	2	95.47	95.47	95.47
juego3	easy	0.0	0.008	1726	400	267	262	-5	2	95.46	95.46	95.46
juego3	easy	0.0	0.008	1735	400	267	262	-5	2	95.45	95.45	95.45
juego3	easy	0.0	0.008	1745	400	267	262	-5	2	95.45	95.45	95.45
juego3	easy	0.0	0.008	1753	400	267	262	-5	2	95.47	95.47	95.47
juego3	easy	0.0	0.008	1760	400	267	262	-5	2	95.47	95.47	95.47
juego3	easy	0.0	0.008	1769	400	267	262	-5	2	95.47	95.47	95.47
juego3	easy	0.0	0.008	1778	400	267	262	-5	2	95.48	95.48	95.48
juego3	easy	0.0	0.008	1786	400	267	262	-5	2	95.5	95.5	95.5
juego3	easy	0.0	0.008	1794	400	267	262	-5	2	95.51	95.51	95.51
juego3	easy	0.0	0.008	1802	400	267	262	-5	2	95.53	95.53	95.53
juego3	easy	0.0	0.008	1811	400	267	262	-5	2	95.54	95.54	95.54
juego3	easy	0.0	0.008	1819	400	267	262	-5	2	95.55	95.55	95.55
juego3	easy	0.0	0.008	1828	400	267	262	-5	2	95.56	95.56	95.56
juego3	easy	0.0	0.008	1837	400	267	262	-5	2	95.56	95.56	95.56
juego3	easy	0.0	0.008	1846	400	267	262	-5	2	95.57	95.57	95.57
juego3	easy	0.0	0.008	1854	400	267	261	-6	2	95.58	95.58	95.58
juego3	easy	0.0	0.008	1864	400	267	261	-6	2	95.59	95.59	95.59
juego3	easy	0.0	0.008	1873	400	267	261	-6	2	95.6	95.6	95.6
juego3	easy	0.0	0.008	1881	400	267	261	-6	2	95.61	95.61	95.61
juego3	easy	0.0	0.008	1890	400	267	261	-6	2	95.64	95.64	95.64
juego3	easy	0.0	0.008	1899	400	267	261	-6	2	95.64	95.64	95.64
juego3	easy	0.0	0.008	1908	400	267	261	-6	2	95.63	95.63	95.63
juego3	easy	0.0	0.008	1917	400	267	261	-6	2	95.61	95.61	95.61
juego3	easy	0.0	0.008	1926	400	267	261	-6	2	95.61	95.61	95.61
juego3	easy	0.0	0.008	1934	400	267	261	-6	2	95.61	95.61	95.61
juego3	easy	0.0	0.008	1943	400	267	261	-6	2	95.64	95.64	95.64
juego3	easy	0.0	0.008	1951	400	267	261	-6	2	95.66	95.66	95.66
juego3	easy	0.0	0.008	1961	400	267	261	-6	2	95.69	95.69	95.69
juego3	easy	0.0	0.008	1970	400	267	261	-6	2	95.69	95.69	95.69
juego3	easy	0.0	0.008	1978	400	267	261	-6	2	95.69	95.69	95.69
juego3	easy	0.0	0.008	1988	400	267	261	-6	2	95.69	95.69	95.69
juego3	easy	0.0	0.008	1995	400	267	261	-6	2	95.7	95.7	95.7
juego3	easy	0.0	0.008	0	400	267	261	-6	3	95.71	95.71	95.71
juego3	easy	80.0	0.008	9	400	174	261	87	3	95.72	95.72	95.72
juego3	easy	80.0	0.008	18	400	174	261	87	3	95.73	95.73	95.73
juego3	easy	80.0	0.008	27	400	174	261	87	3	95.76	95.76	95.76
juego3	easy	80.0	0.008	35	400	174	261	87	3	95.77	95.77	95.77
juego3	easy	80.0	0.008	44	400	174	261	87	3	95.77	95.77	95.77
juego3	easy	80.0	0.008	54	400	174	261	87	3	95.76	95.76	95.76
juego3	easy	80.0	0.008	62	400	174	261	87	3	95.76	95.76	95.76
juego3	easy	80.0	0.008	71	400	174	261	87	3	95.76	95.76	95.76
juego3	easy	80.0	0.008	80	400	174	261	87	3	95.77	95.77	95.77
juego3	easy	80.0	0.008	89	400	174	261	87	3	95.79	95.79	95.79
juego3	easy	80.0	0.008	97	400	174	261	87	3	95.8	95.8	95.8
juego3	easy	80.0	0.008	107	400	174	261	87	3	95.81	95.81	95.81
juego3	easy	80.0	0.008	115	400	174	261	87	3	95.82	95.82	95.82
juego3	easy	80.0	0.008	123	400	174	261	87	3	95.82	95.82	95.82
juego3	easy	80.0	0.008	132	400	174	261	87	3	95.82	95.82	95.82
juego3	easy	80.0	0.008	140	400	174	261	87	3	95.81	95.81	95.81
juego3	easy	80.0	0.008	148	400	174	261	87	3	95.81	95.81	95.81
juego3	easy	80.0	0.008	156	400	174	261	87	3	95.82	95.82	95.82
juego3	easy	80.0	0.008	165	400	174	261	87	3	95.83	95.83	95.83
juego3	easy	80.0	0.008	174	400	174	261	87	3	95.83	95.83	95.83
juego3	easy	80.0	0.008	183	400	174	261	87	3	95.84	95.84	95.84
juego3	easy	80.0	0.008	190	400	174	261	87	3	95.84	95.84	95.84
juego3	easy	80.0	0.008	199	400	174	261	87	3	95.84	95.84	95.84
juego3	easy	80.0	0.008	209	400	174	261	87	3	95.83	95.83	95.83
juego3	easy	80.0	0.008	217	400	174	261	87	3	95.84	95.84	95.84
juego3	easy	80.0	0.008	226	400	174	261	87	3	95.84	95.84	95.84
juego3	easy	80.0	0.008	234	400	174	261	87	3	95.84	95.84	95.84
juego3	easy	80.0	0.008	244	400	174	261	87	3	95.85	95.85	95.85
juego3	easy	80.0	0.008	252	400	174	261	87	3	95.86	95.86	95.86
juego3	easy	80.0	0.008	261	400	174	261	87	3	95.89	95.89	95.89
juego3	easy	80.0	0.008	270	400	174	260	86	3	95.92	95.92	95.92
juego3	easy	80.0	0.008	278	400	174	260	86	3	95.93	95.93	95.93
juego3	easy	80.0	0.008	287	400	174	260	86	3	95.99	95.99	95.99
juego3	easy	80.0	0.008	295	400	174	260	86	3	96.12	96.12	96.12
juego3	easy	80.0	0.008	304	400	174	259	85	3	96.35	96.35	96.35
juego3	easy	80.0	0.008	311	400	174	258	84	3	96.57	96.57	96.57
juego3	easy	80.0	0.008	320	400	174	257	83	3	97.13	97.13	97.13
juego3	easy	80.0	0.008	330	400	174	254	80	3	97.86	97.86	97.86
juego3	easy	80.0	0.008	338	400	174	253	79	3	98.26	98.26	98.26
juego3	easy	80.0	0.008	347	400	174	250	76	3	99.11	99.11	99.11
juego3	easy	80.0	0.008	356	400	174	248	74	3	99.92	99.92	99.92
juego3	easy	80.0	0.008	365	400	174	246	72	3	100.35	100.35	100.35
juego3	easy	80.0	0.008	373	400	174	245	71	3	100.81	100.81	100.81
juego3	easy	80.0	0.008	383	400	174	240	66	3	102.39	102.39	102.39
juego3	easy	80.0	0.008	391	400	174	236	62	3	103.67	103.67	103.67
juego3	easy	80.0	0.008	400	400	174	231	57	3	105.13	105.13	105.13
juego3	easy	80.0	0.008	410	400	174	227	53	3	106.61	106.61	106.61
juego3	easy	80.0	0.008	418	400	174	225	51	3	107.25	107.25	107.25
juego3	easy	80.0	0.008	427	400	174	221	47	3	108.47	108.47	108.47
juego3	easy	80.0	0.008	436	400	174	217	43	3	109.62	109.62	109.62
juego3	easy	80.0	0.008	445	400	174	216	42	3	110.13	110.13	110.13
juego3	easy	80.0	0.008	454	400	174	213	39	3	111.02	111.02	111.02
juego3	easy	80.0	0.008	463	400	174	210	36	3	111.77	111.77	111.77
juego3	easy	80.0	0.008	472	400	174	208	34	3	112.41	112.41	112.41
juego3	easy	80.0	0.008	482	400	174	207	33	3	113.0	113.0	113.0
juego3	easy	80.0	0.008	491	400	174	205	31	3	113.56	113.56	113.56
juego3	easy	80.0	0.008	500	400	174	203	29	3	114.08	114.08	114.08
juego3	easy	80.0	0.008	510	400	174	202	28	3	114.5	114.5	114.5
juego3	easy	80.0	0.008	518	400	174	201	27	3	114.65	114.65	114.65
juego3	easy	80.0	0.008	526	400	174	201	27	3	114.76	114.76	114.76
juego3	easy	80.0	0.008	535	400	174	201	27	3	114.75	114.75	114.75
juego3	easy	80.0	0.008	543	400	174	201	27	3	114.74	114.74	114.74
juego3	easy	80.0	0.008	552	400	174	201	27	3	114.74	114.74	114.74
juego3	easy	80.0	0.008	562	400	174	201	27	3	114.78	114.78	114.78
juego3	easy	80.0	0.008	570	400	174	201	27	3	114.83	114.83	114.83
juego3	easy	80.0	0.008	579	400	174	201	27	3	114.86	114.86	114.86
juego3	easy	80.0	0.008	588	400	174	201	27	3	114.87	114.87	114.87
juego3	easy	80.0	0.008	597	400	174	201	27	3	114.9	114.9	114.9
juego3	easy	80.0	0.008	605	400	174	201	27	3	114.9	114.9	114.9
juego3	easy	80.0	0.008	614	400	174	201	27	3	114.89	114.89	114.89
juego3	easy	80.0	0.008	622	400	174	201	27	3	114.85	114.85	114.85
juego3	easy	80.0	0.008	630	400	174	201	27	3	114.8	114.8	114.8
juego3	easy	80.0	0.008	639	400	174	201	27	3	114.79	114.79	114.79
juego3	easy	80.0	0.008	648	400	174	201	27	3	114.78	114.78	114.78
juego3	easy	80.0	0.008	657	400	174	201	27	3	114.79	114.79	114.79
juego3	easy	80.0	0.008	667	400	174	201	27	3	114.83	114.83	114.83
juego3	easy	80.0	0.008	675	400	174	201	27	3	114.87	114.87	114.87
juego3	easy	80.0	0.008	683	400	174	201	27	3	114.86	114.86	114.86
juego3	easy	80.0	0.008	692	400	174	201	27	3	114.85	114.85	114.85
juego3	easy	80.0	0.008	702	400	174	201	27	3	114.82	114.82	114.82
juego3	easy	80.0	0.008	710	400	174	201	27	3	114.77	114.77	114.77
juego3	easy	80.0	0.008	720	400	174	201	27	3	114.75	114.75	114.75
juego3	easy	80.0	0.008	728	400	174	201	27	3	114.75	114.75	114.75
juego3	easy	80.0	0.008	737	400	174	201	27	3	114.77	114.77	114.77
juego3	easy	80.0	0.008	746	400	174	201	27	3	114.81	114.81	114.81
juego3	easy	80.0	0.008	754	400	174	201	27	3	114.83	114.83	114.83
juego3	easy	80.0	0.008	763	400	174	201	27	3	114.86	114.86	114.86
juego3	easy	80.0	0.008	772	400	174	201	27	3	114.86	114.86	114.86
juego3	easy	80.0	0.008	780	400	174	201	27	3	114.85	114.85	114.85
juego3	easy	80.0	0.008	789	400	174	201	27	3	114.85	114.85	114.85
juego3	easy	80.0	0.008	797	400	174	201	27	3	114.86	114.86	114.86
juego3	easy	80.0	0.008	806	400	174	201	27	3	114.88	114.88	114.88
juego3	easy	80.0	0.008	814	400	174	201	27	3	114.9	114.9	114.9
juego3	easy	80.0	0.008	823	400	174	201	27	3	114.94	114.94	114.94
juego3	easy	80.0	0.008	832	400	174	200	26	3	114.97	114.97	114.97
juego3	easy	80.0	0.008	842	400	174	200	26	3	114.98	114.98	114.98
juego3	easy	80.0	0.008	850	400	174	200	26	3	114.98	114.98	114.98
juego3	easy	80.0	0.008	859	400	174	200	26	3	114.97	114.97	114.97
juego3	easy	80.0	0.008	867	400	174	200	26	3	114.96	114.96	114.96
juego3	easy	80.0	0.008	877	400	174	200	26	3	114.95	114.95	114.95
juego3	easy	80.0	0.008	885	400	174	200	26	3	114.96	114.96	114.96
juego3	easy	80.0	0.008	894	400	174	200	26	3	114.97	114.97	114.97
juego3	easy	80.0	0.008	903	400	174	200	26	3	114.98	114.98	114.98
juego3	easy	80.0	0.008	912	400	174	200	26	3	114.99	114.99	114.99
juego3	easy	80.0	0.008	921	400	174	200	26	3	115.0	115.0	115.0
juego3	easy	80.0	0.008	929	400	174	200	26	3	115.0	115.0	115.0
juego3	easy	80.0	0.008	939	400	174	200	26	3	115.0	115.0	115.0
juego3	easy	80.0	0.008	947	400	174	200	26	3	114.98	114.98	114.98
juego3	easy	80.0	0.008	956	400	174	200	26	3	114.95	114.95	114.95
juego3	easy	80.0	0.008	965	400	174	201	27	3	114.92	114.92	114.92
juego3	easy	80.0	0.008	974	400	174	201	27	3	114.9	114.9	114.9
juego3	easy	80.0	0.008	983	400	174	200	26	3	114.96	114.96	114.96
juego3	easy	80.0	0.008	991	400	174	200	26	3	115.04	115.04	115.04
juego3	easy	80.0	0.008	1001	400	174	200	26	3	115.15	115.15	115.15
juego3	easy	80.0	0.008	1009	400	174	200	26	3	115.2	115.2	115.2
juego3	easy	80.0	0.008	1018	400	174	200	26	3	115.26	115.26	115.26
juego3	easy	80.0	0.008	1027	400	174	200	26	3	115.23	115.23	115.23
juego3	easy	80.0	0.008	1035	400	174	200	26	3	115.16	115.16	115.16
juego3	easy	80.0	0.008	1044	400	174	200	26	3	115.1	115.1	115.1
juego3	easy	80.0	0.008	1053	400	174	200	26	3	115.0	115.0	115.0
juego3	easy	80.0	0.008	1061	400	174	200	26	3	114.95	114.95	114.95
juego3	easy	80.0	0.008	1069	400	174	200	26	3	114.96	114.96	114.96
juego3	easy	80.0	0.008	1077	400	174	200	26	3	115.01	115.01	115.01
juego3	easy	80.0	0.008	1085	400	174	200	26	3	115.04	115.04	115.04
juego3	easy	80.0	0.008	1093	400	174	200	26	3	115.09	115.09	115.09
juego3	easy	80.0	0.008	1102	400	174	200	26	3	115.07	115.07	115.07
juego3	easy	80.0	0.008	1110	400	174	200	26	3	115.04	115.04	115.04
juego3	easy	80.0	0.008	1119	400	174	200	26	3	114.95	114.95	114.95
juego3	easy	80.0	0.008	1128	400	174	201	27	3	114.87	114.87	114.87
juego3	easy	80.0	0.008	1138	400	174	201	27	3	114.82	114.82	114.82
juego3	easy	80.0	0.008	1146	400	174	201	27	3	114.84	114.84	114.84
juego3	easy	80.0	0.008	1156	400	174	201	27	3	114.89	114.89	114.89
juego3	easy	80.0	0.008	1164	400	174	201	27	3	114.92	114.92	114.92
juego3	easy	80.0	0.008	1172	400	174	200	26	3	114.95	114.95	114.95
juego3	easy	80.0	0.008	1180	400	174	200	26	3	114.95	114.95	114.95
juego3	easy	80.0	0.008	1189	400	174	201	27	3	114.89	114.89	114.89
juego3	easy	80.0	0.008	1198	400	174	201	27	3	114.8	114.8	114.8
juego3	easy	80.0	0.008	1207	400	174	201	27	3	114.69	114.69	114.69
juego3	easy	80.0	0.008	1215	400	174	201	27	3	114.65	114.65	114.65
juego3	easy	80.0	0.008	1225	400	174	202	28	3	114.6	114.6	114.6
juego3	easy	80.0	0.008	1233	400	174	202	28	3	114.61	114.61	114.61
juego3	easy	80.0	0.008	1242	400	174	201	27	3	114.65	114.65	114.65
juego3	easy	80.0	0.008	1250	400	174	201	27	3	114.68	114.68	114.68
juego3	easy	80.0	0.008	1258	400	174	201	27	3	114.7	114.7	114.7
juego3	easy	80.0	0.008	1266	400	174	201	27	3	114.69	114.69	114.69
juego3	easy	80.0	0.008	1275	400	174	201	27	3	114.63	114.63	114.63
juego3	easy	80.0	0.008	1283	400	174	202	28	3	114.55	114.55	114.55
juego3	easy	80.0	0.008	1291	400	174	202	28	3	114.52	114.52	114.52
juego3	easy	80.0	0.008	1299	400	174	202	28	3	114.5	114.5	114.5
juego3	easy	80.0	0.008	1308	400	174	202	28	3	114.51	114.51	114.51
juego3	easy	80.0	0.008	1317	400	174	202	28	3	114.54	114.54	114.54
juego3	easy	80.0	0.008	1325	400	174	202	28	3	114.57	114.57	114.57
juego3	easy	80.0	0.008	1334	400	174	202	28	3	114.59	114.59	114.59
juego3	easy	80.0	0.008	1342	400	174	202	28	3	114.59	114.59	114.59
juego3	easy	80.0	0.008	1350	400	174	202	28	3	114.55	114.55	114.55
juego3	easy	80.0	0.008	1358	400	174	202	28	3	114.49	114.49	114.49
juego3	easy	80.0	0.008	1366	400	174	202	28	3	114.48	114.48	114.48
juego3	easy	80.0	0.008	1375	400	174	202	28	3	114.46	114.46	114.46
juego3	easy	80.0	0.008	1384	400	174	202	28	3	114.48	114.48	114.48
juego3	easy	80.0	0.008	1392	400	174	202	28	3	114.52	114.52	114.52
juego3	easy	80.0	0.008	1401	400	174	202	28	3	114.54	114.54	114.54
juego3	easy	80.0	0.008	1410	400	174	202	28	3	114.57	114.57	114.57
juego3	easy	80.0	0.008	1418	400	174	202	28	3	114.56	114.56	114.56
juego3	easy	80.0	0.008	1427	400	174	202	28	3	114.52	114.52	114.52
juego3	easy	80.0	0.008	1437	400	174	202	28	3	114.49	114.49	114.49
juego3	easy	80.0	0.008	1445	400	174	202	28	3	114.48	114.48	114.48
juego3	easy	80.0	0.008	1454	400	174	202	28	3	114.49	114.49	114.49
juego3	easy	80.0	0.008	1464	400	174	202	28	3	114.51	114.51	114.51
juego3	easy	80.0	0.008	1472	400	174	202	28	3	114.52	114.52	114.52
juego3	easy	80.0	0.008	1481	400	174	202	28	3	114.53	114.53	114.53
juego3	easy	80.0	0.008	1490	400	174	202	28	3	114.53	114.53	114.53
juego3	easy	80.0	0.008	1499	400	174	202	28	3	114.52	114.52	114.52
juego3	easy	80.0	0.008	1507	400	174	202	28	3	114.48	114.48	114.48
juego3	easy	80.0	0.008	1515	400	174	202	28	3	114.47	114.47	114.47
juego3	easy	80.0	0.008	1523	400	174	202	28	3	114.44	114.44	114.44
juego3	easy	80.0	0.008	1532	400	174	202	28	3	114.44	114.44	114.44
juego3	easy	80.0	0.008	1541	400	174	202	28	3	114.45	114.45	114.45
juego3	easy	80.0	0.008	1550	400	174	202	28	3	114.48	114.48	114.48
juego3	easy	80.0	0.008	1558	400	174	202	28	3	114.5	114.5	114.5
juego3	easy	80.0	0.008	1567	400	174	202	28	3	114.49	114.49	114.49
juego3	easy	80.0	0.008	1576	400	174	202	28	3	114.48	114.48	114.48
juego3	easy	80.0	0.008	1585	400	174	202	28	3	114.47	114.47	114.47
juego3	easy	80.0	0.008	1594	400	174	202	28	3	114.46	114.46	114.46
juego3	easy	80.0	0.008	1603	400	174	202	28	3	114.46	114.46	114.46
juego3	easy	80.0	0.008	1612	400	174	202	28	3	114.45	114.45	114.45
juego3	easy	80.0	0.008	1621	400	174	202	28	3	114.45	114.45	114.45
juego3	easy	80.0	0.008	1630	400	174	202	28	3	114.45	114.45	114.45
juego3	easy	80.0	0.008	1639	400	174	202	28	3	114.46	114.46	114.46
juego3	easy	80.0	0.008	1646	400	174	202	28	3	114.47	114.47	114.47
juego3	easy	80.0	0.008	1655	400	174	202	28	3	114.47	114.47	114.47
juego3	easy	80.0	0.008	1664	400	174	202	28	3	114.45	114.45	114.45
juego3	easy	80.0	0.008	1673	400	174	202	28	3	114.44	114.44	114.44
juego3	easy	80.0	0.008	1682	400	174	202	28	3	114.45	114.45	114.45
juego3	easy	80.0	0.008	1691	400	174	202	28	3	114.45	114.45	114.45
juego3	easy	80.0	0.008	1700	400	174	202	28	3	114.46	114.46	114.46
juego3	easy	80.0	0.008	1710	400	174	202	28	3	114.46	114.46	114.46
juego3	easy	80.0	0.008	1718	400	174	202	28	3	114.47	114.47	114.47
juego3	easy	80.0	0.008	1726	400	174	202	28	3	114.48	114.48	114.48
juego3	easy	80.0	0.008	1735	400	174	202	28	3	114.49	114.49	114.49
juego3	easy	80.0	0.008	1744	400	174	202	28	3	114.47	114.47	114.47
juego3	easy	80.0	0.008	1753	400	174	202	28	3	114.46	114.46	114.46
juego3	easy	80.0	0.008	1762	400	174	202	28	3	114.45	114.45	114.45
juego3	easy	80.0	0.008	1770	400	174	202	28	3	114.45	114.45	114.45
juego3	easy	80.0	0.008	1779	400	174	202	28	3	114.47	114.47	114.47
juego3	easy	80.0	0.008	1788	400	174	202	28	3	114.48	114.48	114.48
juego3	easy	80.0	0.008	1796	400	174	202	28	3	114.49	114.49	114.49
juego3	easy	80.0	0.008	1806	400	174	202	28	3	114.5	114.5	114.5
juego3	easy	80.0	0.008	1813	400	174	202	28	3	114.51	114.51	114.51
juego3	easy	80.0	0.008	1823	400	174	202	28	3	114.51	114.51	114.51
juego3	easy	80.0	0.008	1831	400	174	202	28	3	114.51	114.51	114.51
juego3	easy	80.0	0.008	1840	400	174	202	28	3	114.51	114.51	114.51
juego3	easy	80.0	0.008	1848	400	174	202	28	3	114.53	114.53	114.53
juego3	easy	80.0	0.008	1857	400	174	202	28	3	114.55	114.55	114.55
juego3	easy	80.0	0.008	1866	400	174	202	28	3	114.58	114.58	114.58
juego3	easy	80.0	0.008	1874	400	174	202	28	3	114.61	114.61	114.61
juego3	easy	80.0	0.008	1883	400	174	201	27	3	114.64	114.64	114.64
juego3	easy	80.0	0.008	1892	400	174	201	27	3	114.65	114.65	114.65
juego3	easy	80.0	0.008	1901	400	174	201	27	3	114.68	114.68	114.68
juego3	easy	80.0	0.008	1909	400	174	201	27	3	114.72	114.72	114.72
juego3	easy	80.0	0.008	1917	400	174	201	27	3	114.74	114.74	114.74
juego3	easy	80.0	0.008	1926	400	174	201	27	3	114.8	114.8	114.8
juego3	easy	80.0	0.008	1935	400	174	201	27	3	114.89	114.89	114.89
juego3	easy	80.0	0.008	1943	400	174	200	26	3	115.01	115.01	115.01
juego3	easy	80.0	0.008	1951	400	174	200	26	3	115.06	115.06	115.06
juego3	easy	80.0	0.008	1960	400	174	200	26	3	115.11	115.11	115.11
juego3	easy	80.0	0.008	1967	400	174	200	26	3	115.15	115.15	115.15
juego3	easy	80.0	0.008	1976	400	174	200	26	3	115.22	115.22	115.22
juego3	easy	80.0	0.008	1985	400	174	199	25	3	115.33	115.33	115.33
juego3	easy	80.0	0.008	1994	400	174	199	25	3	115.42	115.42	115.42
juego3	easy	80.0	0.008	0	400	174	199	25	4	115.47	115.47	115.47
juego3	easy	0.0	0.008	10	400	267	199	-68	4	115.51	115.51	115.51
juego3	easy	0.0	0.008	18	400	267	199	-68	4	115.54	115.54	115.54
juego3	easy	0.0	0.008	26	400	267	198	-69	4	115.61	115.61	115.61
juego3	easy	0.0	0.008	35	400	267	198	-69	4	115.67	115.67	115.67
juego3	easy	0.0	0.008	44	400	267	198	-69	4	115.69	115.69	115.69
juego3	easy	0.0	0.008	53	400	267	198	-69	4	115.68	115.68	115.68
juego3	easy	0.0	0.008	62	400	267	198	-69	4	115.65	115.65	115.65
juego3	easy	0.0	0.008	70	400	267	198	-69	4	115.64	115.64	115.64
juego3	easy	0.0	0.008	78	400	267	198	-69	4	115.62	115.62	115.62
juego3	easy	0.0	0.008	88	400	267	198	-69	4	115.62	115.62	115.62
juego3	easy	0.0	0.008	96	400	267	198	-69	4	115.62	115.62	115.62
juego3	easy	0.0	0.008	105	400	267	198	-69	4	115.62	115.62	115.62
juego3	easy	0.0	0.008	113	400	267	198	-69	4	115.62	115.62	115.62
juego3	easy	0.0	0.008	122	400	267	198	-69	4	115.61	115.61	115.61
juego3	easy	0.0	0.008	131	400	267	198	-69	4	115.6	115.6	115.6
juego3	easy	0.0	0.008	138	400	267	198	-69	4	115.59	115.59	115.59
juego3	easy	0.0	0.008	147	400	267	198	-69	4	115.61	115.61	115.61
juego3	easy	0.0	0.008	157	400	267	198	-69	4	115.63	115.63	115.63
juego3	easy	0.0	0.008	165	400	267	198	-69	4	115.65	115.65	115.65
juego3	easy	0.0	0.008	174	400	267	198	-69	4	115.68	115.68	115.68
juego3	easy	0.0	0.008	183	400	267	198	-69	4	115.7	115.7	115.7
juego3	easy	0.0	0.008	192	400	267	198	-69	4	115.71	115.71	115.71
juego3	easy	0.0	0.008	200	400	267	198	-69	4	115.72	115.72	115.72
juego3	easy	0.0	0.008	208	400	267	198	-69	4	115.73	115.73	115.73
juego3	easy	0.0	0.008	217	400	267	198	-69	4	115.75	115.75	115.75
juego3	easy	0.0	0.008	225	400	267	198	-69	4	115.76	115.76	115.76
juego3	easy	0.0	0.008	234	400	267	198	-69	4	115.78	115.78	115.78
juego3	easy	0.0	0.008	242	400	267	198	-69	4	115.78	115.78	115.78
juego3	easy	0.0	0.008	252	400	267	198	-69	4	115.77	115.77	115.77
juego3	easy	0.0	0.008	260	400	267	198	-69	4	115.76	115.76	115.76
juego3	easy	0.0	0.008	269	400	267	198	-69	4	115.74	115.74	115.74
juego3	easy	0.0	0.008	279	400	267	198	-69	4	115.73	115.73	115.73
juego3	easy	0.0	0.008	287	400	267	198	-69	4	115.71	115.71	115.71
juego3	easy	0.0	0.008	296	400	267	198	-69	4	115.7	115.7	115.7
juego3	easy	0.0	0.008	305	400	267	198	-69	4	115.66	115.66	115.66
juego3	easy	0.0	0.008	314	400	267	198	-69	4	115.62	115.62	115.62
juego3	easy	0.0	0.008	323	400	267	199	-68	4	115.53	115.53	115.53
juego3	easy	0.0	0.008	331	400	267	199	-68	4	115.47	115.47	115.47
juego3	easy	0.0	0.008	340	400	267	199	-68	4	115.3	115.3	115.3
juego3	easy	0.0	0.008	348	400	267	200	-67	4	115.04	115.04	115.04
juego3	easy	0.0	0.008	357	400	267	201	-66	4	114.69	114.69	114.69
juego3	easy	0.0	0.008	366	400	267	202	-65	4	114.47	114.47	114.47
juego3	easy	0.0	0.008	376	400	267	204	-63	4	113.87	113.87	113.87
juego3	easy	0.0	0.008	384	400	267	207	-60	4	112.91	112.91	112.91
juego3	easy	0.0	0.008	392	400	267	211	-56	4	111.64	111.64	111.64
juego3	easy	0.0	0.008	401	400	267	213	-54	4	110.89	110.89	110.89
juego3	easy	0.0	0.008	410	400	267	218	-49	4	109.39	109.39	109.39
juego3	easy	0.0	0.008	419	400	267	223	-44	4	107.83	107.83	107.83
juego3	easy	0.0	0.008	428	400	267	228	-39	4	106.31	106.31	106.31
juego3	easy	0.0	0.008	436	400	267	230	-37	4	105.56	105.56	105.56
juego3	easy	0.0	0.008	445	400	267	235	-32	4	104.04	104.04	104.04
juego3	easy	0.0	0.008	453	400	267	237	-30	4	103.3	103.3	103.3
juego3	easy	0.0	0.008	461	400	267	242	-25	4	101.78	101.78	101.78
juego3	easy	0.0	0.008	469	400	267	247	-20	4	100.26	100.26	100.26
juego3	easy	0.0	0.008	479	400	267	252	-15	4	98.74	98.74	98.74
juego3	easy	0.0	0.008	487	400	267	256	-11	4	97.31	97.31	97.31
juego3	easy	0.0	0.008	496	400	267	258	-9	4	96.65	96.65	96.65
juego3	easy	0.0	0.008	504	400	267	262	-5	4	95.57	95.57	95.57
juego3	easy	0.0	0.008	512	400	267	264	-3	4	94.77	94.77	94.77
juego3	easy	0.0	0.008	521	400	267	265	-2	4	94.4	94.4	94.4
juego3	easy	0.0	0.008	530	400	267	267	0	4	93.78	93.78	93.78
juego3	easy	0.0	0.008	539	400	267	269	2	4	93.25	93.25	93.25
juego3	easy	0.0	0.008	548	400	267	269	2	4	93.05	93.05	93.05
juego3	easy	0.0	0.008	557	400	267	270	3	4	92.8	92.8	92.8
juego3	easy	0.0	0.008	566	400	267	271	4	4	92.67	92.67	92.67
juego3	easy	0.0	0.008	575	400	267	271	4	4	92.48	92.48	92.48
juego3	easy	0.0	0.008	585	400	267	272	5	4	92.26	92.26	92.26
juego3	easy	0.0	0.008	594	400	267	273	6	4	92.06	92.06	92.06
juego3	easy	0.0	0.008	603	400	267	273	6	4	91.94	91.94	91.94
juego3	easy	0.0	0.008	611	400	267	273	6	4	91.93	91.93	91.93
juego3	easy	0.0	0.008	620	400	267	273	6	4	91.96	91.96	91.96
juego3	easy	0.0	0.008	629	400	267	273	6	4	92.01	92.01	92.01
juego3	easy	0.0	0.008	638	400	267	273	6	4	92.04	92.04	92.04
juego3	easy	0.0	0.008	646	400	267	273	6	4	92.05	92.05	92.05
juego3	easy	0.0	0.008	656	400	267	273	6	4	92.07	92.07	92.07
juego3	easy	0.0	0.008	664	400	267	272	5	4	92.15	92.15	92.15
juego3	easy	0.0	0.008	672	400	267	272	5	4	92.22	92.22	92.22
juego3	easy	0.0	0.008	681	400	267	272	5	4	92.39	92.39	92.39
juego3	easy	0.0	0.008	689	400	267	271	4	4	92.59	92.59	92.59
juego3	easy	0.0	0.008	698	400	267	270	3	4	92.81	92.81	92.81
juego3	easy	0.0	0.008	706	400	267	270	3	4	92.91	92.91	92.91
juego3	easy	0.0	0.008	715	400	267	269	2	4	93.08	93.08	93.08
juego3	easy	0.0	0.008	723	400	267	269	2	4	93.23	93.23	93.23
juego3	easy	0.0	0.008	732	400	267	269	2	4	93.3	93.3	93.3
juego3	easy	0.0	0.008	741	400	267	268	1	4	93.41	93.41	93.41
juego3	easy	0.0	0.008	750	400	267	268	1	4	93.51	93.51	93.51
juego3	easy	0.0	0.008	759	400	267	268	1	4	93.63	93.63	93.63
juego3	easy	0.0	0.008	768	400	267	267	0	4	93.74	93.74	93.74
juego3	easy	0.0	0.008	777	400	267	267	0	4	93.81	93.81	93.81
juego3	easy	0.0	0.008	786	400	267	267	0	4	93.94	93.94	93.94
juego3	easy	0.0	0.008	794	400	267	266	-1	4	94.06	94.06	94.06
juego3	easy	0.0	0.008	802	400	267	266	-1	4	94.11	94.11	94.11
juego3	easy	0.0	0.008	811	400	267	266	-1	4	94.2	94.2	94.2
juego3	easy	0.0	0.008	820	400	267	266	-1	4	94.27	94.27	94.27
juego3	easy	0.0	0.008	829	400	267	265	-2	4	94.32	94.32	94.32
juego3	easy	0.0	0.008	838	400	267	265	-2	4	94.38	94.38	94.38
juego3	easy	0.0	0.008	848	400	267	265	-2	4	94.41	94.41	94.41
juego3	easy	0.0	0.008	856	400	267	265	-2	4	94.47	94.47	94.47
juego3	easy	0.0	0.008	865	400	267	265	-2	4	94.53	94.53	94.53
juego3	easy	0.0	0.008	872	400	267	265	-2	4	94.56	94.56	94.56
juego3	easy	0.0	0.008	881	400	267	265	-2	4	94.62	94.62	94.62
juego3	easy	0.0	0.008	889	400	267	264	-3	4	94.69	94.69	94.69
juego3	easy	0.0	0.008	898	400	267	264	-3	4	94.7	94.7	94.7
juego3	easy	0.0	0.008	906	400	267	264	-3	4	94.72	94.72	94.72
juego3	easy	0.0	0.008	915	400	267	264	-3	4	94.74	94.74	94.74
juego3	easy	0.0	0.008	922	400	267	264	-3	4	94.75	94.75	94.75
juego3	easy	0.0	0.008	931	400	267	264	-3	4	94.78	94.78	94.78
juego3	easy	0.0	0.008	940	400	267	264	-3	4	94.82	94.82	94.82
juego3	easy	0.0	0.008	950	400	267	264	-3	4	94.87	94.87	94.87
juego3	easy	0.0	0.008	958	400	267	264	-3	4	94.9	94.9	94.9
juego3	easy	0.0	0.008	967	400	267	264	-3	4	94.92	94.92	94.92
juego3	easy	0.0	0.008	975	400	267	263	-4	4	94.94	94.94	94.94
juego3	easy	0.0	0.008	984	400	267	263	-4	4	94.96	94.96	94.96
juego3	easy	0.0	0.008	991	400	267	263	-4	4	94.97	94.97	94.97
juego3	easy	0.0	0.008	1001	400	267	263	-4	4	95.01	95.01	95.01
juego3	easy	0.0	0.008	1010	400	267	263	-4	4	95.04	95.04	95.04
juego3	easy	0.0	0.008	1018	400	267	263	-4	4	95.08	95.08	95.08
juego3	easy	0.0	0.008	1027	400	267	263	-4	4	95.1	95.1	95.1
juego3	easy	0.0	0.008	1035	400	267	263	-4	4	95.14	95.14	95.14
juego3	easy	0.0	0.008	1044	400	267	263	-4	4	95.18	95.18	95.18
juego3	easy	0.0	0.008	1052	400	267	263	-4	4	95.19	95.19	95.19
juego3	easy	0.0	0.008	1061	400	267	263	-4	4	95.2	95.2	95.2
juego3	easy	0.0	0.008	1069	400	267	263	-4	4	95.21	95.21	95.21
juego3	easy	0.0	0.008	1077	400	267	263	-4	4	95.22	95.22	95.22
juego3	easy	0.0	0.008	1086	400	267	263	-4	4	95.23	95.23	95.23
juego3	easy	0.0	0.008	1095	400	267	262	-5	4	95.26	95.26	95.26
juego3	easy	0.0	0.008	1103	400	267	262	-5	4	95.28	95.28	95.28
juego3	easy	0.0	0.008	1112	400	267	262	-5	4	95.32	95.32	95.32
juego3	easy	0.0	0.008	1122	400	267	262	-5	4	95.36	95.36	95.36
juego3	easy	0.0	0.008	1130	400	267	262	-5	4	95.38	95.38	95.38
juego3	easy	0.0	0.008	1139	400	267	262	-5	4	95.39	95.39	95.39
juego3	easy	0.0	0.008	1148	400	267	262	-5	4	95.39	95.39	95.39
juego3	easy	0.0	0.008	1157	400	267	262	-5	4	95.37	95.37	95.37
juego3	easy	0.0	0.008	1165	400	267	262	-5	4	95.36	95.36	95.36
juego3	easy	0.0	0.008	1174	400	267	262	-5	4	95.36	95.36	95.36
juego3	easy	0.0	0.008	1182	400	267	262	-5	4	95.35	95.35	95.35
juego3	easy	0.0	0.008	1191	400	267	262	-5	4	95.36	95.36	95.36
juego3	easy	0.0	0.008	1200	400	267	262	-5	4	95.36	95.36	95.36
juego3	easy	0.0	0.008	1208	400	267	262	-5	4	95.36	95.36	95.36
juego3	easy	0.0	0.008	1217	400	267	262	-5	4	95.34	95.34	95.34
juego3	easy	0.0	0.008	1225	400	267	262	-5	4	95.33	95.33	95.33
juego3	easy	0.0	0.008	1233	400	267	262	-5	4	95.33	95.33	95.33
juego3	easy	0.0	0.008	1241	400	267	262	-5	4	95.35	95.35	95.35
juego3	easy	0.0	0.008	1250	400	267	262	-5	4	95.36	95.36	95.36
juego3	easy	0.0	0.008	1257	400	267	262	-5	4	95.37	95.37	95.37
juego3	easy	0.0	0.008	1266	400	267	262	-5	4	95.38	95.38	95.38
juego3	easy	0.0	0.008	1275	400	267	262	-5	4	95.39	95.39	95.39
juego3	easy	0.0	0.008	1284	400	267	262	-5	4	95.41	95.41	95.41
juego3	easy	0.0	0.008	1292	400	267	262	-5	4	95.42	95.42	95.42
juego3	easy	0.0	0.008	1302	400	267	262	-5	4	95.43	95.43	95.43
juego3	easy	0.0	0.008	1310	400	267	262	-5	4	95.43	95.43	95.43
juego3	easy	0.0	0.008	1319	400	267	262	-5	4	95.43	95.43	95.43
juego3	easy	0.0	0.008	1327	400	267	262	-5	4	95.43	95.43	95.43
juego3	easy	0.0	0.008	1336	400	267	262	-5	4	95.43	95.43	95.43
juego3	easy	0.0	0.008	1343	400	267	262	-5	4	95.44	95.44	95.44
juego3	easy	0.0	0.008	1352	400	267	262	-5	4	95.44	95.44	95.44
juego3	easy	0.0	0.008	1362	400	267	262	-5	4	95.42	95.42	95.42
juego3	easy	0.0	0.008	1370	400	267	262	-5	4	95.43	95.43	95.43
juego3	easy	0.0	0.008	1380	400	267	262	-5	4	95.42	95.42	95.42
juego3	easy	0.0	0.008	1389	400	267	262	-5	4	95.42	95.42	95.42
juego3	easy	0.0	0.008	1398	400	267	262	-5	4	95.42	95.42	95.42
juego3	easy	0.0	0.008	1406	400	267	262	-5	4	95.43	95.43	95.43
juego3	easy	0.0	0.008	1416	400	267	262	-5	4	95.46	95.46	95.46
juego3	easy	0.0	0.008	1425	400	267	262	-5	4	95.5	95.5	95.5
juego3	easy	0.0	0.008	1433	400	267	262	-5	4	95.52	95.52	95.52
juego3	easy	0.0	0.008	1442	400	267	262	-5	4	95.53	95.53	95.53
juego3	easy	0.0	0.008	1450	400	267	262	-5	4	95.53	95.53	95.53
juego3	easy	0.0	0.008	1459	400	267	262	-5	4	95.53	95.53	95.53
juego3	easy	0.0	0.008	1469	400	267	262	-5	4	95.52	95.52	95.52
juego3	easy	0.0	0.008	1477	400	267	262	-5	4	95.53	95.53	95.53
juego3	easy	0.0	0.008	1486	400	267	262	-5	4	95.54	95.54	95.54
juego3	easy	0.0	0.008	1494	400	267	262	-5	4	95.55	95.55	95.55
juego3	easy	0.0	0.008	1502	400	267	262	-5	4	95.55	95.55	95.55
juego3	easy	0.0	0.008	1511	400	267	262	-5	4	95.55	95.55	95.55
juego3	easy	0.0	0.008	1521	400	267	262	-5	4	95.56	95.56	95.56
juego3	easy	0.0	0.008	1529	400	267	262	-5	4	95.56	95.56	95.56
juego3	easy	0.0	0.008	1537	400	267	261	-6	4	95.58	95.58	95.58
juego3	easy	0.0	0.008	1545	400	267	261	-6	4	95.6	95.6	95.6
juego3	easy	0.0	0.008	1554	400	267	261	-6	4	95.6	95.6	95.6
juego3	easy	0.0	0.008	1562	400	267	261	-6	4	95.64	95.64	95.64
juego3	easy	0.0	0.008	1571	400	267	261	-6	4	95.67	95.67	95.67
juego3	easy	0.0	0.008	1580	400	267	261	-6	4	95.67	95.67	95.67
juego3	easy	0.0	0.008	1589	400	267	261	-6	4	95.67	95.67	95.67
juego3	easy	0.0	0.008	1597	400	267	261	-6	4	95.66	95.66	95.66
juego3	easy	0.0	0.008	1604	400	267	261	-6	4	95.65	95.65	95.65
juego3	easy	0.0	0.008	1613	400	267	261	-6	4	95.63	95.63	95.63
juego3	easy	0.0	0.008	1622	400	267	261	-6	4	95.63	95.63	95.63
juego3	easy	0.0	0.008	1630	400	267	261	-6	4	95.63	95.63	95.63
juego3	easy	0.0	0.008	1639	400	267	261	-6	4	95.64	95.64	95.64
juego3	easy	0.0	0.008	1648	400	267	261	-6	4	95.66	95.66	95.66
juego3	easy	0.0	0.008	1656	400	267	261	-6	4	95.68	95.68	95.68
juego3	easy	0.0	0.008	1665	400	267	261	-6	4	95.68	95.68	95.68
juego3	easy	0.0	0.008	1674	400	267	261	-6	4	95.67	95.67	95.67
juego3	easy	0.0	0.008	1683	400	267	261	-6	4	95.66	95.66	95.66
juego3	easy	0.0	0.008	1692	400	267	261	-6	4	95.65	95.65	95.65
juego3	easy	0.0	0.008	1700	400	267	261	-6	4	95.64	95.64	95.64
juego3	easy	0.0	0.008	1709	400	267	261	-6	4	95.65	95.65	95.65
juego3	easy	0.0	0.008	1718	400	267	261	-6	4	95.66	95.66	95.66
juego3	easy	0.0	0.008	1726	400	267	261	-6	4	95.67	95.67	95.67
juego3	easy	0.0	0.008	1735	400	267	261	-6	4	95.67	95.67	95.67
juego3	easy	0.0	0.008	1744	400	267	261	-6	4	95.68	95.68	95.68
juego3	easy	0.0	0.008	1752	400	267	261	-6	4	95.67	95.67	95.67
juego3	easy	0.0	0.008	1760	400	267	261	-6	4	95.65	95.65	95.65
juego3	easy	0.0	0.008	1769	400	267	261	-6	4	95.65	95.65	95.65
juego3	easy	0.0	0.008	1778	400	267	261	-6	4	95.67	95.67	95.67
juego3	easy	0.0	0.008	1785	400	267	261	-6	4	95.68	95.68	95.68
juego3	easy	0.0	0.008	1794	400	267	261	-6	4	95.68	95.68	95.68
juego3	easy	0.0	0.008	1804	400	267	261	-6	4	95.69	95.69	95.69
juego3	easy	0.0	0.008	1813	400	267	261	-6	4	95.71	95.71	95.71
juego3	easy	0.0	0.008	1821	400	267	261	-6	4	95.72	95.72	95.72
juego3	easy	0.0	0.008	1830	400	267	261	-6	4	95.73	95.73	95.73
juego3	easy	0.0	0.008	1839	400	267	261	-6	4	95.72	95.72	95.72
juego3	easy	0.0	0.008	1848	400	267	261	-6	4	95.71	95.71	95.71
juego3	easy	0.0	0.008	1856	400	267	261	-6	4	95.69	95.69	95.69
juego3	easy	0.0	0.008	1865	400	267	261	-6	4	95.69	95.69	95.69
juego3	easy	0.0	0.008	1873	400	267	261	-6	4	95.7	95.7	95.7
juego3	easy	0.0	0.008	1882	400	267	261	-6	4	95.71	95.71	95.71
juego3	easy	0.0	0.008	1891	400	267	261	-6	4	95.71	95.71	95.71
juego3	easy	0.0	0.008	1900	400	267	261	-6	4	95.71	95.71	95.71
juego3	easy	0.0	0.008	1908	400	267	261	-6	4	95.71	95.71	95.71
juego3	easy	0.0	0.008	1917	400	267	261	-6	4	95.71	95.71	95.71
juego3	easy	0.0	0.008	1925	400	267	261	-6	4	95.71	95.71	95.71
juego3	easy	0.0	0.008	1935	400	267	261	-6	4	95.72	95.72	95.72
juego3	easy	0.0	0.008	1942	400	267	261	-6	4	95.73	95.73	95.73
juego3	easy	0.0	0.008	1951	400	267	261	-6	4	95.74	95.74	95.74
juego3	easy	0.0	0.008	1959	400	267	261	-6	4	95.74	95.74	95.74
juego3	easy	0.0	0.008	1969	400	267	261	-6	4	95.76	95.76	95.76
juego3	easy	0.0	0.008	1977	400	267	261	-6	4	95.77	95.77	95.77
juego3	easy	0.0	0.008	1987	400	267	261	-6	4	95.78	95.78	95.78
juego3	easy	0.0	0.008	1996	400	267	261	-6	4	95.78	95.78	95.78
juego3	easy	0.0	0.008	0	400	267	261	-6	5	95.79	95.79	95.79
juego3	easy	-80.0	0.008	8	400	413	261	-152	5	95.81	95.81	95.81
juego3	easy	-80.0	0.008	17	400	413	261	-152	5	95.83	95.83	95.83
juego3	easy	-80.0	0.008	26	400	413	261	-152	5	95.84	95.84	95.84
juego3	easy	-80.0	0.008	35	400	413	261	-152	5	95.85	95.85	95.85
juego3	easy	-80.0	0.008	44	400	413	261	-152	5	95.85	95.85	95.85
juego3	easy	-80.0	0.008	53	400	413	261	-152	5	95.87	95.87	95.87
juego3	easy	-80.0	0.008	63	400	413	261	-152	5	95.89	95.89	95.89
juego3	easy	-80.0	0.008	71	400	413	261	-152	5	95.89	95.89	95.89
juego3	easy	-80.0	0.008	80	400	413	261	-152	5	95.89	95.89	95.89
juego3	easy	-80.0	0.008	89	400	413	261	-152	5	95.88	95.88	95.88
juego3	easy	-80.0	0.008	98	400	413	261	-152	5	95.88	95.88	95.88
juego3	easy	-80.0	0.008	107	400	413	261	-152	5	95.88	95.88	95.88
juego3	easy	-80.0	0.008	115	400	413	261	-152	5	95.87	95.87	95.87
juego3	easy	-80.0	0.008	124	400	413	261	-152	5	95.86	95.86	95.86
juego3	easy	-80.0	0.008	132	400	413	261	-152	5	95.86	95.86	95.86
juego3	easy	-80.0	0.008	140	400	413	261	-152	5	95.85	95.85	95.85
juego3	easy	-80.0	0.008	148	400	413	261	-152	5	95.85	95.85	95.85
juego3	easy	-80.0	0.008	156	400	413	261	-152	5	95.84	95.84	95.84
juego3	easy	-80.0	0.008	165	400	413	261	-152	5	95.83	95.83	95.83
juego3	easy	-80.0	0.008	174	400	413	261	-152	5	95.82	95.82	95.82
juego3	easy	-80.0	0.008	183	400	413	261	-152	5	95.8	95.8	95.8
juego3	easy	-80.0	0.008	192	400	413	261	-152	5	95.77	95.77	95.77
juego3	easy	-80.0	0.008	200	400	413	261	-152	5	95.75	95.75	95.75
juego3	easy	-80.0	0.008	209	400	413	261	-152	5	95.72	95.72	95.72
juego3	easy	-80.0	0.008	218	400	413	261	-152	5	95.7	95.7	95.7
juego3	easy	-80.0	0.008	226	400	413	261	-152	5	95.7	95.7	95.7
juego3	easy	-80.0	0.008	235	400	413	261	-152	5	95.68	95.68	95.68
juego3	easy	-80.0	0.008	243	400	413	261	-152	5	95.65	95.65	95.65
juego3	easy	-80.0	0.008	252	400	413	261	-152	5	95.62	95.62	95.62
juego3	easy	-80.0	0.008	260	400	413	262	-151	5	95.53	95.53	95.53
juego3	easy	-80.0	0.008	269	400	413	262	-151	5	95.35	95.35	95.35
juego3	easy	-80.0	0.008	279	400	413	263	-150	5	95.04	95.04	95.04
juego3	easy	-80.0	0.008	287	400	413	264	-149	5	94.84	94.84	94.84
juego3	easy	-80.0	0.008	297	400	413	265	-148	5	94.32	94.32	94.32
juego3	easy	-80.0	0.008	305	400	413	268	-145	5	93.65	93.65	93.65
juego3	easy	-80.0	0.008	314	400	413	270	-143	5	92.79	92.79	92.79
juego3	easy	-80.0	0.008	323	400	413	273	-140	5	91.81	91.81	91.81
juego3	easy	-80.0	0.008	333	400	413	277	-136	5	90.74	90.74	90.74
juego3	easy	-80.0	0.008	341	400	413	278	-135	5	90.18	90.18	90.18
juego3	easy	-80.0	0.008	351	400	413	282	-131	5	88.91	88.91	88.91
juego3	easy	-80.0	0.008	359	400	413	287	-126	5	87.45	87.45	87.45
juego3	easy	-80.0	0.008	368	400	413	292	-121	5	85.74	85.74	85.74
juego3	easy	-80.0	0.008	377	400	413	296	-117	5	84.77	84.77	84.77
juego3	easy	-80.0	0.008	385	400	413	301	-112	5	82.73	82.73	82.73
juego3	easy	-80.0	0.008	394	400	413	308	-105	5	80.52	80.52	80.52
juego3	easy	-80.0	0.008	402	400	413	311	-102	5	79.41	79.41	79.41
juego3	easy	-80.0	0.008	412	400	413	318	-95	5	77.45	77.45	77.45
juego3	easy	-80.0	0.008	421	400	413	323	-90	5	75.83	75.83	75.83
juego3	easy	-80.0	0.008	429	400	413	327	-86	5	74.55	74.55	74.55
juego3	easy	-80.0	0.008	437	400	413	329	-84	5	73.94	73.94	73.94
juego3	easy	-80.0	0.008	446	400	413	333	-80	5	72.71	72.71	72.71
juego3	easy	-80.0	0.008	456	400	413	336	-77	5	71.56	71.56	71.56
juego3	easy	-80.0	0.008	464	400	413	338	-75	5	70.87	70.87	70.87
juego3	easy	-80.0	0.008	474	400	413	340	-73	5	70.19	70.19	70.19
juego3	easy	-80.0	0.008	482	400	413	344	-69	5	69.21	69.21	69.21
juego3	easy	-80.0	0.008	490	400	413	347	-66	5	68.06	68.06	68.06
juego3	easy	-80.0	0.008	498	400	413	352	-61	5	66.51	66.51	66.51
juego3	easy	-80.0	0.008	507	400	413	355	-58	5	65.69	65.69	65.69
juego3	easy	-80.0	0.008	516	400	413	359	-54	5	64.17	64.17	64.17
juego3	easy	-80.0	0.008	525	400	413	363	-50	5	62.98	62.98	62.98
juego3	easy	-80.0	0.008	534	400	413	366	-47	5	62.01	62.01	62.01
juego3	easy	-80.0	0.008	543	400	413	369	-44	5	61.07	61.07	61.07
juego3	easy	-80.0	0.008	551	400	413	371	-42	5	60.55	60.55	60.55
juego3	easy	-80.0	0.008	560	400	413	374	-39	5	59.51	59.51	59.51
juego3	easy	-80.0	0.008	568	400	413	377	-36	5	58.46	58.46	58.46
juego3	easy	-80.0	0.008	577	400	413	377	-36	5	58.46	58.46	58.46
juego3	easy	-80.0	0.008	585	400	413	382	-31	5	56.95	56.95	56.95
juego3	easy	-80.0	0.008	594	400	413	386	-27	5	55.87	55.87	55.87
juego3	easy	-80.0	0.008	602	400	413	387	-26	5	55.34	55.34	55.34
juego3	easy	-80.0	0.008	611	400	413	391	-22	5	54.25	54.25	54.25
juego3	easy	-80.0	0.008	620	400	413	394	-19	5	53.14	53.14	53.14
juego3	easy	-80.0	0.008	628	400	413	396	-17	5	52.56	52.56	52.56
juego3	easy	-80.0	0.008	637	400	413	400	-13	5	51.32	51.32	51.32
juego3	easy	-80.0	0.008	646	400	413	404	-9	5	50.05	50.05	50.05
juego3	easy	-80.0	0.008	654	400	413	408	-5	5	48.87	48.87	48.87
juego3	easy	-80.0	0.008	663	400	413	409	-4	5	48.35	48.35	48.35
juego3	easy	-80.0	0.008	672	400	413	411	-2	5	47.87	47.87	47.87
juego3	easy	-80.0	0.008	681	400	413	414	1	5	46.98	46.98	46.98
juego3	easy	-80.0	0.008	690	400	413	415	2	5	46.42	46.42	46.42
juego3	easy	-80.0	0.008	699	400	413	418	5	5	45.51	45.51	45.51
juego3	easy	-80.0	0.008	707	400	413	419	6	5	45.25	45.25	45.25
juego3	easy	-80.0	0.008	717	400	413	421	8	5	44.74	44.74	44.74
juego3	easy	-80.0	0.008	725	400	413	422	9	5	44.34	44.34	44.34
juego3	easy	-80.0	0.008	735	400	413	423	10	5	44.03	44.03	44.03
juego3	easy	-80.0	0.008	744	400	413	423	10	5	43.86	43.86	43.86
juego3	easy	-80.0	0.008	752	400	413	423	10	5	43.82	43.82	43.82
juego3	easy	-80.0	0.008	761	400	413	424	11	5	43.78	43.78	43.78
juego3	easy	-80.0	0.008	770	400	413	424	11	5	43.72	43.72	43.72
juego3	easy	-80.0	0.008	778	400	413	424	11	5	43.7	43.7	43.7
juego3	easy	-80.0	0.008	787	400	413	424	11	5	43.71	43.71	43.71
juego3	easy	-80.0	0.008	795	400	413	424	11	5	43.75	43.75	43.75
juego3	easy	-80.0	0.008	804	400	413	424	11	5	43.81	43.81	43.81
juego3	easy	-80.0	0.008	813	400	413	423	10	5	43.86	43.86	43.86
juego3	easy	-80.0	0.008	822	400	413	423	10	5	43.94	43.94	43.94
juego3	easy	-80.0	0.008	831	400	413	423	10	5	44.01	44.01	44.01
juego3	easy	-80.0	0.008	840	400	413	423	10	5	44.08	44.08	44.08
juego3	easy	-80.0	0.008	849	400	413	422	9	5	44.14	44.14	44.14
juego3	easy	-80.0	0.008	857	400	413	422	9	5	44.26	44.26	44.26
juego3	easy	-80.0	0.008	865	400	413	422	9	5	44.33	44.33	44.33
juego3	easy	-80.0	0.008	873	400	413	422	9	5	44.37	44.37	44.37
juego3	easy	-80.0	0.008	881	400	413	421	8	5	44.48	44.48	44.48
juego3	easy	-80.0	0.008	890	400	413	421	8	5	44.6	44.6	44.6
juego3	easy	-80.0	0.008	899	400	413	421	8	5	44.76	44.76	44.76
juego3	easy	-80.0	0.008	907	400	413	420	7	5	44.85	44.85	44.85
juego3	easy	-80.0	0.008	916	400	413	420	7	5	45.05	45.05	45.05
juego3	easy	-80.0	0.008	924	400	413	419	6	5	45.25	45.25	45.25
juego3	easy	-80.0	0.008	932	400	413	419	6	5	45.34	45.34	45.34
juego3	easy	-80.0	0.008	942	400	413	418	5	5	45.54	45.54	45.54
juego3	easy	-80.0	0.008	950	400	413	417	4	5	45.73	45.73	45.73
juego3	easy	-80.0	0.008	958	400	413	417	4	5	45.83	45.83	45.83
juego3	easy	-80.0	0.008	968	400	413	417	4	5	46.02	46.02	46.02
juego3	easy	-80.0	0.008	976	400	413	416	3	5	46.19	46.19	46.19
juego3	easy	-80.0	0.008	984	400	413	416	3	5	46.35	46.35	46.35
juego3	easy	-80.0	0.008	993	400	413	415	2	5	46.45	46.45	46.45
juego3	easy	-80.0	0.008	1002	400	413	415	2	5	46.63	46.63	46.63
juego3	easy	-80.0	0.008	1011	400	413	414	1	5	46.81	46.81	46.81
juego3	easy	-80.0	0.008	1019	400	413	414	1	5	46.97	46.97	46.97
juego3	easy	-80.0	0.008	1028	400	413	413	0	5	47.03	47.03	47.03
juego3	easy	-80.0	0.008	1037	400	413	413	0	5	47.09	47.09	47.09
juego3	easy	-80.0	0.008	1046	400	413	413	0	5	47.17	47.17	47.17
juego3	easy	-80.0	0.008	1055	400	413	413	0	5	47.29	47.29	47.29
juego3	easy	-80.0	0.008	1063	400	413	412	-1	5	47.33	47.33	47.33
juego3	easy	-80.0	0.008	1072	400	413	412	-1	5	47.39	47.39	47.39
juego3	easy	-80.0	0.008	1081	400	413	412	-1	5	47.45	47.45	47.45
juego3	easy	-80.0	0.008	1090	400	413	412	-1	5	47.5	47.5	47.5
juego3	easy	-80.0	0.008	1099	400	413	412	-1	5	47.52	47.52	47.52
juego3	easy	-80.0	0.008	1108	400	413	412	-1	5	47.55	47.55	47.55
juego3	easy	-80.0	0.008	1116	400	413	412	-1	5	47.58	47.58	47.58
juego3	easy	-80.0	0.008	1124	400	413	412	-1	5	47.62	47.62	47.62
juego3	easy	-80.0	0.008	1133	400	413	411	-2	5	47.65	47.65	47.65
juego3	easy	-80.0	0.008	1142	400	413	411	-2	5	47.69	47.69	47.69
juego3	easy	-80.0	0.008	1151	400	413	411	-2	5	47.72	47.72	47.72
juego3	easy	-80.0	0.008	1159	400	413	411	-2	5	47.74	47.74	47.74
juego3	easy	-80.0	0.008	1168	400	413	411	-2	5	47.77	47.77	47.77
juego3	easy	-80.0	0.008	1176	400	413	411	-2	5	47.81	47.81	47.81
juego3	easy	-80.0	0.008	1185	400	413	411	-2	5	47.85	47.85	47.85
juego3	easy	-80.0	0.008	1194	400	413	411	-2	5	47.86	47.86	47.86
juego3	easy	-80.0	0.008	1202	400	413	411	-2	5	47.89	47.89	47.89
juego3	easy	-80.0	0.008	1211	400	413	411	-2	5	47.91	47.91	47.91
juego3	easy	-80.0	0.008	1219	400	413	411	-2	5	47.92	47.92	47.92
juego3	easy	-80.0	0.008	1228	400	413	411	-2	5	47.93	47.93	47.93
juego3	easy	-80.0	0.008	1237	400	413	411	-2	5	47.93	47.93	47.93
juego3	easy	-80.0	0.008	1245	400	413	411	-2	5	47.93	47.93	47.93
juego3	easy	-80.0	0.008	1254	400	413	411	-2	5	47.94	47.94	47.94
juego3	easy	-80.0	0.008	1263	400	413	410	-3	5	47.96	47.96	47.96
juego3	easy	-80.0	0.008	1272	400	413	410	-3	5	47.98	47.98	47.98
juego3	easy	-80.0	0.008	1281	400	413	410	-3	5	48.0	48.0	48.0
juego3	easy	-80.0	0.008	1288	400	413	410	-3	5	48.0	48.0	48.0
juego3	easy	-80.0	0.008	1297	400	413	410	-3	5	48.0	48.0	48.0
juego3	easy	-80.0	0.008	1304	400	413	410	-3	5	48.01	48.01	48.01
juego3	easy	-80.0	0.008	1313	400	413	410	-3	5	48.03	48.03	48.03
juego3	easy	-80.0	0.008	1321	400	413	410	-3	5	48.06	48.06	48.06
juego3	easy	-80.0	0.008	1330	400	413	410	-3	5	48.07	48.07	48.07
juego3	easy	-80.0	0.008	1339	400	413	410	-3	5	48.08	48.08	48.08
juego3	easy	-80.0	0.008	1347	400	413	410	-3	5	48.09	48.09	48.09
juego3	easy	-80.0	0.008	1356	400	413	410	-3	5	48.1	48.1	48.1
juego3	easy	-80.0	0.008	1365	400	413	410	-3	5	48.12	48.12	48.12
juego3	easy	-80.0	0.008	1374	400	413	410	-3	5	48.12	48.12	48.12
juego3	easy	-80.0	0.008	1384	400	413	410	-3	5	48.14	48.14	48.14
juego3	easy	-80.0	0.008	1392	400	413	410	-3	5	48.15	48.15	48.15
juego3	easy	-80.0	0.008	1401	400	413	410	-3	5	48.16	48.16	48.16
juego3	easy	-80.0	0.008	1410	400	413	410	-3	5	48.16	48.16	48.16
juego3	easy	-80.0	0.008	1419	400	413	410	-3	5	48.15	48.15	48.15
juego3	easy	-80.0	0.008	1428	400	413	410	-3	5	48.16	48.16	48.16
juego3	easy	-80.0	0.008	1437	400	413	410	-3	5	48.17	48.17	48.17
juego3	easy	-80.0	0.008	1447	400	413	410	-3	5	48.19	48.19	48.19
juego3	easy	-80.0	0.008	1455	400	413	410	-3	5	48.21	48.21	48.21
juego3	easy	-80.0	0.008	1464	400	413	410	-3	5	48.21	48.21	48.21
juego3	easy	-80.0	0.008	1473	400	413	410	-3	5	48.23	48.23	48.23
juego3	easy	-80.0	0.008	1482	400	413	410	-3	5	48.23	48.23	48.23
juego3	easy	-80.0	0.008	1491	400	413	410	-3	5	48.24	48.24	48.24
juego3	easy	-80.0	0.008	1500	400	413	410	-3	5	48.24	48.24	48.24
juego3	easy	-80.0	0.008	1509	400	413	410	-3	5	48.25	48.25	48.25
juego3	easy	-80.0	0.008	1519	400	413	410	-3	5	48.26	48.26	48.26
juego3	easy	-80.0	0.008	1527	400	413	409	-4	5	48.27	48.27	48.27
juego3	easy	-80.0	0.008	1536	400	413	409	-4	5	48.29	48.29	48.29
juego3	easy	-80.0	0.008	1544	400	413	409	-4	5	48.3	48.3	48.3
juego3	easy	-80.0	0.008	1553	400	413	409	-4	5	48.31	48.31	48.31
juego3	easy	-80.0	0.008	1563	400	413	409	-4	5	48.32	48.32	48.32
juego3	easy	-80.0	0.008	1571	400	413	409	-4	5	48.32	48.32	48.32
juego3	easy	-80.0	0.008	1580	400	413	409	-4	5	48.32	48.32	48.32
juego3	easy	-80.0	0.008	1590	400	413	409	-4	5	48.31	48.31	48.31
juego3	easy	-80.0	0.008	1598	400	413	409	-4	5	48.32	48.32	48.32
juego3	easy	-80.0	0.008	1607	400	413	409	-4	5	48.35	48.35	48.35
juego3	easy	-80.0	0.008	1616	400	413	409	-4	5	48.38	48.38	48.38
juego3	easy	-80.0	0.008	1624	400	413	409	-4	5	48.38	48.38	48.38
juego3	easy	-80.0	0.008	1633	400	413	409	-4	5	48.4	48.4	48.4
juego3	easy	-80.0	0.008	1642	400	413	409	-4	5	48.41	48.41	48.41
juego3	easy	-80.0	0.008	1651	400	413	409	-4	5	48.41	48.41	48.41
juego3	easy	-80.0	0.008	1660	400	413	409	-4	5	48.41	48.41	48.41
juego3	easy	-80.0	0.008	1668	400	413	409	-4	5	48.42	48.42	48.42
juego3	easy	-80.0	0.008	1676	400	413	409	-4	5	48.44	48.44	48.44
juego3	easy	-80.0	0.008	1685	400	413	409	-4	5	48.44	48.44	48.44
juego3	easy	-80.0	0.008	1693	400	413	409	-4	5	48.46	48.46	48.46
juego3	easy	-80.0	0.008	1701	400	413	409	-4	5	48.48	48.48	48.48
juego3	easy	-80.0	0.008	1710	400	413	409	-4	5	48.49	48.49	48.49
juego3	easy	-80.0	0.008	1718	400	413	409	-4	5	48.52	48.52	48.52
juego3	easy	-80.0	0.008	1727	400	413	409	-4	5	48.53	48.53	48.53
juego3	easy	-80.0	0.008	1736	400	413	409	-4	5	48.54	48.54	48.54
juego3	easy	-80.0	0.008	1745	400	413	409	-4	5	48.54	48.54	48.54
juego3	easy	-80.0	0.008	1754	400	413	409	-4	5	48.55	48.55	48.55
juego3	easy	-80.0	0.008	1763	400	413	409	-4	5	48.57	48.57	48.57
juego3	easy	-80.0	0.008	1772	400	413	408	-5	5	48.58	48.58	48.58
juego3	easy	-80.0	0.008	1781	400	413	408	-5	5	48.59	48.59	48.59
juego3	easy	-80.0	0.008	1790	400	413	408	-5	5	48.6	48.6	48.6
juego3	easy	-80.0	0.008	1799	400	413	408	-5	5	48.62	48.62	48.62
juego3	easy	-80.0	0.008	1808	400	413	408	-5	5	48.64	48.64	48.64
juego3	easy	-80.0	0.008	1817	400	413	408	-5	5	48.65	48.65	48.65
juego3	easy	-80.0	0.008	1826	400	413	408	-5	5	48.65	48.65	48.65
juego3	easy	-80.0	0.008	1835	400	413	408	-5	5	48.65	48.65	48.65
juego3	easy	-80.0	0.008	1844	400	413	408	-5	5	48.65	48.65	48.65
juego3	easy	-80.0	0.008	1853	400	413	408	-5	5	48.67	48.67	48.67
juego3	easy	-80.0	0.008	1862	400	413	408	-5	5	48.69	48.69	48.69
juego3	easy	-80.0	0.008	1871	400	413	408	-5	5	48.7	48.7	48.7
juego3	easy	-80.0	0.008	1879	400	413	408	-5	5	48.71	48.71	48.71
juego3	easy	-80.0	0.008	1888	400	413	408	-5	5	48.72	48.72	48.72
juego3	easy	-80.0	0.008	1897	400	413	408	-5	5	48.73	48.73	48.73
juego3	easy	-80.0	0.008	1905	400	413	408	-5	5	48.73	48.73	48.73
juego3	easy	-80.0	0.008	1914	400	413	408	-5	5	48.74	48.74	48.74
juego3	easy	-80.0	0.008	1923	400	413	408	-5	5	48.74	48.74	48.74
juego3	easy	-80.0	0.008	1932	400	413	408	-5	5	48.76	48.76	48.76
juego3	easy	-80.0	0.008	1941	400	413	408	-5	5	48.77	48.77	48.77
juego3	easy	-80.0	0.008	1950	400	413	408	-5	5	48.79	48.79	48.79
juego3	easy	-80.0	0.008	1959	400	413	408	-5	5	48.81	48.81	48.81
juego3	easy	-80.0	0.008	1968	400	413	408	-5	5	48.83	48.83	48.83
juego3	easy	-80.0	0.008	1976	400	413	408	-5	5	48.84	48.84	48.84
juego3	easy	-80.0	0.008	1985	400	413	408	-5	5	48.84	48.84	48.84
juego3	easy	-80.0	0.008	1994	400	413	408	-5	5	48.85	48.85	48.85
juego3	easy	-80.0	0.008	0	400	413	408	-5	6	48.86	48.86	48.86
juego3	easy	0.0	0.008	9	400	267	408	141	6	48.88	48.88	48.88
juego3	easy	0.0	0.008	18	400	267	408	141	6	48.89	48.89	48.89
juego3	easy	0.0	0.008	28	400	267	407	140	6	48.92	48.92	48.92
juego3	easy	0.0	0.008	36	400	267	407	140	6	48.95	48.95	48.95
juego3	easy	0.0	0.008	45	400	267	407	140	6	48.97	48.97	48.97
juego3	easy	0.0	0.008	54	400	267	407	140	6	48.98	48.98	48.98
juego3	easy	0.0	0.008	62	400	267	407	140	6	48.98	48.98	48.98
juego3	easy	0.0	0.008	71	400	267	407	140	6	48.99	48.99	48.99
juego3	easy	0.0	0.008	80	400	267	407	140	6	49.01	49.01	49.01
juego3	easy	0.0	0.008	90	400	267	407	140	6	49.05	49.05	49.05
juego3	easy	0.0	0.008	98	400	267	407	140	6	49.06	49.06	49.06
juego3	easy	0.0	0.008	108	400	267	407	140	6	49.09	49.09	49.09
juego3	easy	0.0	0.008	116	400	267	407	140	6	49.1	49.1	49.1
juego3	easy	0.0	0.008	125	400	267	407	140	6	49.12	49.12	49.12
juego3	easy	0.0	0.008	134	400	267	407	140	6	49.13	49.13	49.13
juego3	easy	0.0	0.008	144	400	267	407	140	6	49.14	49.14	49.14
juego3	easy	0.0	0.008	152	400	267	407	140	6	49.15	49.15	49.15
juego3	easy	0.0	0.008	161	400	267	407	140	6	49.16	49.16	49.16
juego3	easy	0.0	0.008	169	400	267	407	140	6	49.18	49.18	49.18
juego3	easy	0.0	0.008	178	400	267	407	140	6	49.19	49.19	49.19
juego3	easy	0.0	0.008	187	400	267	407	140	6	49.21	49.21	49.21
juego3	easy	0.0	0.008	196	400	267	406	139	6	49.25	49.25	49.25
juego3	easy	0.0	0.008	205	400	267	406	139	6	49.29	49.29	49.29
juego3	easy	0.0	0.008	214	400	267	406	139	6	49.32	49.32	49.32
juego3	easy	0.0	0.008	224	400	267	406	139	6	49.38	49.38	49.38
juego3	easy	0.0	0.008	232	400	267	406	139	6	49.5	49.5	49.5
juego3	easy	0.0	0.008	241	400	267	405	138	6	49.74	49.74	49.74
juego3	easy	0.0	0.008	250	400	267	404	137	6	50.13	50.13	50.13
juego3	easy	0.0	0.008	259	400	267	402	135	6	50.7	50.7	50.7
juego3	easy	0.0	0.008	268	400	267	401	134	6	51.02	51.02	51.02
juego3	easy	0.0	0.008	277	400	267	398	131	6	51.79	51.79	51.79
juego3	easy	0.0	0.008	286	400	267	395	128	6	52.78	52.78	52.78
juego3	easy	0.0	0.008	295	400	267	391	124	6	54.13	54.13	54.13
juego3	easy	0.0	0.008	304	400	267	386	119	6	55.83	55.83	55.83
juego3	easy	0.0	0.008	312	400	267	383	116	6	56.81	56.81	56.81
juego3	easy	0.0	0.008	321	400	267	376	109	6	58.76	58.76	58.76
juego3	easy	0.0	0.008	330	400	267	370	103	6	60.66	60.66	60.66
juego3	easy	0.0	0.008	339	400	267	370	103	6	60.66	60.66	60.66
juego3	easy	0.0	0.008	348	400	267	362	95	6	63.28	63.28	63.28
juego3	easy	0.0	0.008	357	400	267	356	89	6	65.19	65.19	65.19
juego3	easy	0.0	0.008	366	400	267	350	83	6	67.13	67.13	67.13
juego3	easy	0.0	0.008	375	400	267	347	80	6	68.2	68.2	68.2
juego3	easy	0.0	0.008	384	400	267	338	71	6	70.88	70.88	70.88
juego3	easy	0.0	0.008	393	400	267	328	61	6	74.18	74.18	74.18
juego3	easy	0.0	0.008	402	400	267	318	51	6	77.19	77.19	77.19
juego3	easy	0.0	0.008	411	400	267	311	44	6	79.61	79.61	79.61
juego3	easy	0.0	0.008	420	400	267	307	40	6	80.65	80.65	80.65
juego3	easy	0.0	0.008	430	400	267	304	37	6	81.71	81.71	81.71
juego3	easy	0.0	0.008	438	400	267	302	35	6	82.47	82.47	82.47
juego3	easy	0.0	0.008	447	400	267	301	34	6	82.72	82.72	82.72
juego3	easy	0.0	0.008	456	400	267	301	34	6	82.86	82.86	82.86
juego3	easy	0.0	0.008	465	400	267	300	33	6	83.09	83.09	83.09
juego3	easy	0.0	0.008	474	400	267	300	33	6	83.29	83.29	83.29
juego3	easy	0.0	0.008	482	400	267	299	32	6	83.64	83.64	83.64
juego3	easy	0.0	0.008	491	400	267	299	32	6	83.74	83.74	83.74
juego3	easy	0.0	0.008	499	400	267	299	32	6	83.76	83.76	83.76
juego3	easy	0.0	0.008	508	400	267	299	32	6	83.58	83.58	83.58
juego3	easy	0.0	0.008	517	400	267	300	33	6	83.27	83.27	83.27
juego3	easy	0.0	0.008	526	400	267	300	33	6	82.92	82.92	82.92
juego3	easy	0.0	0.008	535	400	267	301	34	6	82.77	82.77	82.77
juego3	easy	0.0	0.008	543	400	267	302	35	6	82.51	82.51	82.51
juego3	easy	0.0	0.008	552	400	267	302	35	6	82.31	82.31	82.31
juego3	easy	0.0	0.008	561	400	267	303	36	6	82.2	82.2	82.2
juego3	easy	0.0	0.008	569	400	267	303	36	6	82.18	82.18	82.18
juego3	easy	0.0	0.008	579	400	267	303	36	6	82.22	82.22	82.22
juego3	easy	0.0	0.008	587	400	267	302	35	6	82.26	82.26	82.26
juego3	easy	0.0	0.008	596	400	267	302	35	6	82.38	82.38	82.38
juego3	easy	0.0	0.008	605	400	267	302	35	6	82.46	82.46	82.46
juego3	easy	0.0	0.008	614	400	267	302	35	6	82.51	82.51	82.51
juego3	easy	0.0	0.008	623	400	267	301	34	6	82.61	82.61	82.61
juego3	easy	0.0	0.008	633	400	267	301	34	6	82.8	82.8	82.8
juego3	easy	0.0	0.008	641	400	267	300	33	6	83.1	83.1	83.1
juego3	easy	0.0	0.008	651	400	267	299	32	6	83.52	83.52	83.52
juego3	easy	0.0	0.008	659	400	267	299	32	6	83.77	83.77	83.77
juego3	easy	0.0	0.008	666	400	267	297	30	6	84.3	84.3	84.3
juego3	easy	0.0	0.008	676	400	267	295	28	6	84.86	84.86	84.86
juego3	easy	0.0	0.008	685	400	267	293	26	6	85.44	85.44	85.44
juego3	easy	0.0	0.008	693	400	267	293	26	6	85.73	85.73	85.73
juego3	easy	0.0	0.008	701	400	267	290	23	6	86.41	86.41	86.41
juego3	easy	0.0	0.008	709	400	267	289	22	6	86.78	86.78	86.78
juego3	easy	0.0	0.008	718	400	267	287	20	6	87.63	87.63	87.63
juego3	easy	0.0	0.008	728	400	267	284	17	6	88.57	88.57	88.57
juego3	easy	0.0	0.008	736	400	267	280	13	6	89.6	89.6	89.6
juego3	easy	0.0	0.008	745	400	267	277	10	6	90.78	90.78	90.78
juego3	easy	0.0	0.008	754	400	267	275	8	6	91.39	91.39	91.39
juego3	easy	0.0	0.008	764	400	267	271	4	6	92.58	92.58	92.58
juego3	easy	0.0	0.008	773	400	267	266	-1	6	94.11	94.11	94.11
juego3	easy	0.0	0.008	781	400	267	261	-6	6	95.6	95.6	95.6
juego3	easy	0.0	0.008	790	400	267	259	-8	6	96.3	96.3	96.3
juego3	easy	0.0	0.008	798	400	267	255	-12	6	97.56	97.56	97.56
juego3	easy	0.0	0.008	807	400	267	252	-15	6	98.63	98.63	98.63
juego3	easy	0.0	0.008	815	400	267	250	-17	6	99.14	99.14	99.14
juego3	easy	0.0	0.008	825	400	267	248	-19	6	99.99	99.99	99.99
juego3	easy	0.0	0.008	832	400	267	245	-22	6	100.85	100.85	100.85
juego3	easy	0.0	0.008	841	400	267	242	-25	6	101.63	101.63	101.63
juego3	easy	0.0	0.008	849	400	267	242	-25	6	101.92	101.92	101.92
juego3	easy	0.0	0.008	859	400	267	240	-27	6	102.33	102.33	102.33
juego3	easy	0.0	0.008	867	400	267	240	-27	6	102.53	102.53	102.53
juego3	easy	0.0	0.008	876	400	267	240	-27	6	102.54	102.54	102.54
juego3	easy	0.0	0.008	886	400	267	240	-27	6	102.4	102.4	102.4
juego3	easy	0.0	0.008	893	400	267	241	-26	6	102.24	102.24	102.24
juego3	easy	0.0	0.008	902	400	267	242	-25	6	101.89	101.89	101.89
juego3	easy	0.0	0.008	912	400	267	242	-25	6	101.73	101.73	101.73
juego3	easy	0.0	0.008	920	400	267	243	-24	6	101.45	101.45	101.45
juego3	easy	0.0	0.008	928	400	267	244	-23	6	101.25	101.25	101.25
juego3	easy	0.0	0.008	937	400	267	244	-23	6	101.05	101.05	101.05
juego3	easy	0.0	0.008	945	400	267	245	-22	6	100.94	100.94	100.94
juego3	easy	0.0	0.008	954	400	267	246	-21	6	100.64	100.64	100.64
juego3	easy	0.0	0.008	962	400	267	247	-20	6	100.27	100.27	100.27
juego3	easy	0.0	0.008	972	400	267	248	-19	6	99.88	99.88	99.88
juego3	easy	0.0	0.008	980	400	267	249	-18	6	99.68	99.68	99.68
juego3	easy	0.0	0.008	989	400	267	250	-17	6	99.33	99.33	99.33
juego3	easy	0.0	0.008	998	400	267	251	-16	6	99.05	99.05	99.05
juego3	easy	0.0	0.008	1005	400	267	251	-16	6	98.94	98.94	98.94
juego3	easy	0.0	0.008	1014	400	267	251	-16	6	98.87	98.87	98.87
juego3	easy	0.0	0.008	1022	400	267	251	-16	6	98.79	98.79	98.79
juego3	easy	0.0	0.008	1032	400	267	251	-16	6	98.75	98.75	98.75
juego3	easy	0.0	0.008	1040	400	267	252	-15	6	98.72	98.72	98.72
juego3	easy	0.0	0.008	1049	400	267	252	-15	6	98.63	98.63	98.63
juego3	easy	0.0	0.008	1059	400	267	252	-15	6	98.53	98.53	98.53
juego3	easy	0.0	0.008	1067	400	267	252	-15	6	98.45	98.45	98.45
juego3	easy	0.0	0.008	1076	400	267	253	-14	6	98.41	98.41	98.41
juego3	easy	0.0	0.008	1085	400	267	253	-14	6	98.35	98.35	98.35
juego3	easy	0.0	0.008	1094	400	267	253	-14	6	98.28	98.28	98.28
juego3	easy	0.0	0.008	1104	400	267	253	-14	6	98.23	98.23	98.23
juego3	easy	0.0	0.008	1112	400	267	253	-14	6	98.17	98.17	98.17
juego3	easy	0.0	0.008	1122	400	267	254	-13	6	98.1	98.1	98.1
juego3	easy	0.0	0.008	1129	400	267	254	-13	6	98.05	98.05	98.05
juego3	easy	0.0	0.008	1137	400	267	254	-13	6	97.97	97.97	97.97
juego3	easy	0.0	0.008	1146	400	267	254	-13	6	97.92	97.92	97.92
juego3	easy	0.0	0.008	1154	400	267	254	-13	6	97.84	97.84	97.84
juego3	easy	0.0	0.008	1162	400	267	255	-12	6	97.77	97.77	97.77
juego3	easy	0.0	0.008	1170	400	267	255	-12	6	97.73	97.73	97.73
juego3	easy	0.0	0.008	1179	400	267	255	-12	6	97.64	97.64	97.64
juego3	easy	0.0	0.008	1187	400	267	255	-12	6	97.52	97.52	97.52
juego3	easy	0.0	0.008	1196	400	267	256	-11	6	97.44	97.44	97.44
juego3	easy	0.0	0.008	1203	400	267	256	-11	6	97.29	97.29	97.29
juego3	easy	0.0	0.008	1212	400	267	256	-11	6	97.21	97.21	97.21
juego3	easy	0.0	0.008	1220	400	267	257	-10	6	97.07	97.07	97.07
juego3	easy	0.0	0.008	1229	400	267	257	-10	6	96.96	96.96	96.96
juego3	easy	0.0	0.008	1238	400	267	257	-10	6	96.88	96.88	96.88
juego3	easy	0.0	0.008	1247	400	267	258	-9	6	96.79	96.79	96.79
juego3	easy	0.0	0.008	1255	400	267	258	-9	6	96.72	96.72	96.72
juego3	easy	0.0	0.008	1263	400	267	258	-9	6	96.58	96.58	96.58
juego3	easy	0.0	0.008	1273	400	267	259	-8	6	96.42	96.42	96.42
juego3	easy	0.0	0.008	1282	400	267	259	-8	6	96.24	96.24	96.24
juego3	easy	0.0	0.008	1290	400	267	260	-7	6	96.16	96.16	96.16
juego3	easy	0.0	0.008	1299	400	267	260	-7	6	96.03	96.03	96.03
juego3	easy	0.0	0.008	1308	400	267	260	-7	6	95.95	95.95	95.95
juego3	easy	0.0	0.008	1317	400	267	261	-6	6	95.86	95.86	95.86
juego3	easy	0.0	0.008	1325	400	267	261	-6	6	95.8	95.8	95.8
juego3	easy	0.0	0.008	1333	400	267	261	-6	6	95.66	95.66	95.66
juego3	easy	0.0	0.008	1342	400	267	261	-6	6	95.58	95.58	95.58
juego3	easy	0.0	0.008	1352	400	267	262	-5	6	95.41	95.41	95.41
juego3	easy	0.0	0.008	1360	400	267	263	-4	6	95.23	95.23	95.23
juego3	easy	0.0	0.008	1368	400	267	263	-4	6	95.06	95.06	95.06
juego3	easy	0.0	0.008	1376	400	267	263	-4	6	94.98	94.98	94.98
juego3	easy	0.0	0.008	1385	400	267	264	-3	6	94.86	94.86	94.86
juego3	easy	0.0	0.008	1393	400	267	264	-3	6	94.76	94.76	94.76
juego3	easy	0.0	0.008	1403	400	267	264	-3	6	94.71	94.71	94.71
juego3	easy	0.0	0.008	1411	400	267	264	-3	6	94.65	94.65	94.65
juego3	easy	0.0	0.008	1420	400	267	265	-2	6	94.45	94.45	94.45
juego3	easy	0.0	0.008	1428	400	267	266	-1	6	94.27	94.27	94.27
juego3	easy	0.0	0.008	1436	400	267	266	-1	6	94.18	94.18	94.18
juego3	easy	0.0	0.008	1445	400	267	266	-1	6	93.99	93.99	93.99
juego3	easy	0.0	0.008	1453	400	267	267	0	6	93.81	93.81	93.81
juego3	easy	0.0	0.008	1461	400	267	267	0	6	93.73	93.73	93.73
juego3	easy	0.0	0.008	1470	400	267	268	1	6	93.57	93.57	93.57
juego3	easy	0.0	0.008	1479	400	267	268	1	6	93.41	93.41	93.41
juego3	easy	0.0	0.008	1487	400	267	269	2	6	93.24	93.24	93.24
juego3	easy	0.0	0.008	1495	400	267	269	2	6	93.18	93.18	93.18
juego3	easy	0.0	0.008	1505	400	267	269	2	6	93.06	93.06	93.06
juego3	easy	0.0	0.008	1514	400	267	270	3	6	92.97	92.97	92.97
juego3	easy	0.0	0.008	1523	400	267	270	3	6	92.88	92.88	92.88
juego3	easy	0.0	0.008	1531	400	267	270	3	6	92.85	92.85	92.85
juego3	easy	0.0	0.008	1539	400	267	270	3	6	92.8	92.8	92.8
juego3	easy	0.0	0.008	1547	400	267	270	3	6	92.78	92.78	92.78
juego3	easy	0.0	0.008	1555	400	267	270	3	6	92.76	92.76	92.76
juego3	easy	0.0	0.008	1564	400	267	270	3	6	92.73	92.73	92.73
juego3	easy	0.0	0.008	1573	400	267	271	4	6	92.69	92.69	92.69
juego3	easy	0.0	0.008	1581	400	267	271	4	6	92.67	92.67	92.67
juego3	easy	0.0	0.008	1591	400	267	271	4	6	92.64	92.64	92.64
juego3	easy	0.0	0.008	1600	400	267	271	4	6	92.63	92.63	92.63
juego3	easy	0.0	0.008	1608	400	267	271	4	6	92.61	92.61	92.61
juego3	easy	0.0	0.008	1617	400	267	271	4	6	92.59	92.59	92.59
juego3	easy	0.0	0.008	1626	400	267	271	4	6	92.59	92.59	92.59
juego3	easy	0.0	0.008	1634	400	267	271	4	6	92.61	92.61	92.61
juego3	easy	0.0	0.008	1643	400	267	271	4	6	92.62	92.62	92.62
juego3	easy	0.0	0.008	1651	400	267	271	4	6	92.63	92.63	92.63
juego3	easy	0.0	0.008	1660	400	267	271	4	6	92.66	92.66	92.66
juego3	easy	0.0	0.008	1669	400	267	271	4	6	92.7	92.7	92.7
juego3	easy	0.0	0.008	1678	400	267	270	3	6	92.73	92.73	92.73
juego3	easy	0.0	0.008	1687	400	267	270	3	6	92.75	92.75	92.75
juego3	easy	0.0	0.008	1695	400	267	270	3	6	92.77	92.77	92.77
juego3	easy	0.0	0.008	1704	400	267	270	3	6	92.78	92.78	92.78
juego3	easy	0.0	0.008	1712	400	267	270	3	6	92.79	92.79	92.79
juego3	easy	0.0	0.008	1720	400	267	270	3	6	92.79	92.79	92.79
juego3	easy	0.0	0.008	1729	400	267	270	3	6	92.8	92.8	92.8
juego3	easy	0.0	0.008	1738	400	267	270	3	6	92.81	92.81	92.81
juego3	easy	0.0	0.008	1748	400	267	270	3	6	92.81	92.81	92.81
juego3	easy	0.0	0.008	1756	400	267	270	3	6	92.83	92.83	92.83
juego3	easy	0.0	0.008	1765	400	267	270	3	6	92.85	92.85	92.85
juego3	easy	0.0	0.008	1773	400	267	270	3	6	92.88	92.88	92.88
juego3	easy	0.0	0.008	1782	400	267	270	3	6	92.91	92.91	92.91
juego3	easy	0.0	0.008	1790	400	267	270	3	6	92.94	92.94	92.94
juego3	easy	0.0	0.008	1799	400	267	270	3	6	92.94	92.94	92.94
juego3	easy	0.0	0.008	1807	400	267	270	3	6	92.95	92.95	92.95
juego3	easy	0.0	0.008	1817	400	267	270	3	6	92.96	92.96	92.96
juego3	easy	0.0	0.008	1826	400	267	270	3	6	93.0	93.0	93.0
juego3	easy	0.0	0.008	1834	400	267	269	2	6	93.05	93.05	93.05
juego3	easy	0.0	0.008	1843	400	267	269	2	6	93.08	93.08	93.08
juego3	easy	0.0	0.008	1852	400	267	269	2	6	93.1	93.1	93.1
juego3	easy	0.0	0.008	1861	400	267	269	2	6	93.13	93.13	93.13
juego3	easy	0.0	0.008	1870	400	267	269	2	6	93.17	93.17	93.17
juego3	easy	0.0	0.008	1878	400	267	269	2	6	93.2	93.2	93.2
juego3	easy	0.0	0.008	1886	400	267	269	2	6	93.21	93.21	93.21
juego3	easy	0.0	0.008	1895	400	267	269	2	6	93.22	93.22	93.22
juego3	easy	0.0	0.008	1904	400	267	269	2	6	93.21	93.21	93.21
juego3	easy	0.0	0.008	1914	400	267	269	2	6	93.22	93.22	93.22
juego3	easy	0.0	0.008	1922	400	267	269	2	6	93.23	93.23	93.23
juego3	easy	0.0	0.008	1931	400	267	269	2	6	93.27	93.27	93.27
juego3	easy	0.0	0.008	1940	400	267	269	2	6	93.3	93.3	93.3
juego3	easy	0.0	0.008	1949	400	267	269	2	6	93.33	93.33	93.33
juego3	easy	0.0	0.008	1957	400	267	269	2	6	93.35	93.35	93.35
juego3	easy	0.0	0.008	1966	400	267	268	1	6	93.36	93.36	93.36
juego3	easy	0.0	0.008	1975	400	267	268	1	6	93.38	93.38	93.38
juego3	easy	0.0	0.008	1984	400	267	268	1	6	93.39	93.39	93.39
juego3	easy	0.0	0.008	1993	400	267	268	1	6	93.41	93.41	93.41
juego3	easy	0.0	0.008	0	400	267	268	1	7	93.44	93.44	93.44
juego3	easy	-80.0	0.008	7	400	413	268	-145	7	93.47	93.47	93.47
juego3	easy	-80.0	0.008	16	400	413	268	-145	7	93.51	93.51	93.51
juego3	easy	-80.0	0.008	24	400	413	268	-145	7	93.53	93.53	93.53
juego3	easy	-80.0	0.008	33	400	413	268	-145	7	93.55	93.55	93.55
juego3	easy	-80.0	0.008	41	400	413	268	-145	7	93.54	93.54	93.54
juego3	easy	-80.0	0.008	50	400	413	268	-145	7	93.54	93.54	93.54
juego3	easy	-80.0	0.008	59	400	413	268	-145	7	93.55	93.55	93.55
juego3	easy	-80.0	0.008	68	400	413	268	-145	7	93.57	93.57	93.57
juego3	easy	-80.0	0.008	77	400	413	268	-145	7	93.6	93.6	93.6
juego3	easy	-80.0	0.008	87	400	413	268	-145	7	93.64	93.64	93.64
juego3	easy	-80.0	0.008	94	400	413	268	-145	7	93.66	93.66	93.66
juego3	easy	-80.0	0.008	103	400	413	267	-146	7	93.69	93.69	93.69
juego3	easy	-80.0	0.008	111	400	413	267	-146	7	93.7	93.7	93.7
juego3	easy	-80.0	0.008	119	400	413	267	-146	7	93.72	93.72	93.72
juego3	easy	-80.0	0.008	128	400	413	267	-146	7	93.72	93.72	93.72
juego3	easy	-80.0	0.008	137	400	413	267	-146	7	93.71	93.71	93.71
juego3	easy	-80.0	0.008	144	400	413	267	-146	7	93.72	93.72	93.72
juego3	easy	-80.0	0.008	153	400	413	267	-146	7	93.75	93.75	93.75
juego3	easy	-80.0	0.008	161	400	413	267	-146	7	93.78	93.78	93.78
juego3	easy	-80.0	0.008	170	400	413	267	-146	7	93.8	93.8	93.8
juego3	easy	-80.0	0.008	179	400	413	267	-146	7	93.83	93.83	93.83
juego3	easy	-80.0	0.008	189	400	413	267	-146	7	93.85	93.85	93.85
juego3	easy	-80.0	0.008	197	400	413	267	-146	7	93.88	93.88	93.88
juego3	easy	-80.0	0.008	206	400	413	267	-146	7	93.9	93.9	93.9
juego3	easy	-80.0	0.008	215	400	413	267	-146	7	93.96	93.96	93.96
juego3	easy	-80.0	0.008	224	400	413	266	-147	7	94.05	94.05	94.05
juego3	easy	-80.0	0.008	234	400	413	266	-147	7	94.15	94.15	94.15
juego3	easy	-80.0	0.008	242	400	413	266	-147	7	94.25	94.25	94.25
juego3	easy	-80.0	0.008	251	400	413	266	-147	7	94.29	94.29	94.29
juego3	easy	-80.0	0.008	259	400	413	265	-148	7	94.38	94.38	94.38
juego3	easy	-80.0	0.008	268	400	413	265	-148	7	94.48	94.48	94.48
juego3	easy	-80.0	0.008	277	400	413	265	-148	7	94.57	94.57	94.57
juego3	easy	-80.0	0.008	286	400	413	265	-148	7	94.59	94.59	94.59
juego3	easy	-80.0	0.008	295	400	413	264	-149	7	94.63	94.63	94.63
juego3	easy	-80.0	0.008	304	400	413	265	-148	7	94.61	94.61	94.61
juego3	easy	-80.0	0.008	312	400	413	265	-148	7	94.47	94.47	94.47
juego3	easy	-80.0	0.008	321	400	413	265	-148	7	94.36	94.36	94.36
juego3	easy	-80.0	0.008	330	400	413	266	-147	7	94.05	94.05	94.05
juego3	easy	-80.0	0.008	338	400	413	268	-145	7	93.63	93.63	93.63
juego3	easy	-80.0	0.008	347	400	413	269	-144	7	93.17	93.17	93.17
juego3	easy	-80.0	0.008	356	400	413	270	-143	7	92.94	92.94	92.94
juego3	easy	-80.0	0.008	364	400	413	271	-142	7	92.41	92.41	92.41
juego3	easy	-80.0	0.008	373	400	413	274	-139	7	91.7	91.7	91.7
juego3	easy	-80.0	0.008	382	400	413	276	-137	7	90.84	90.84	90.84
juego3	easy	-80.0	0.008	391	400	413	278	-135	7	90.38	90.38	90.38
juego3	easy	-80.0	0.008	400	400	413	281	-132	7	89.36	89.36	89.36
juego3	easy	-80.0	0.008	408	400	413	285	-128	7	88.22	88.22	88.22
juego3	easy	-80.0	0.008	417	400	413	289	-124	7	86.98	86.98	86.98
juego3	easy	-80.0	0.008	426	400	413	291	-122	7	86.31	86.31	86.31
juego3	easy	-80.0	0.008	436	400	413	295	-118	7	85.08	85.08	85.08
juego3	easy	-80.0	0.008	444	400	413	298	-115	7	83.99	83.99	83.99
juego3	easy	-80.0	0.008	453	400	413	300	-113	7	83.04	83.04	83.04
juego3	easy	-80.0	0.008	462	400	413	301	-112	7	82.59	82.59	82.59
juego3	easy	-80.0	0.008	471	400	413	304	-109	7	81.67	81.67	81.67
juego3	easy	-80.0	0.008	480	400	413	307	-106	7	80.69	80.69	80.69
juego3	easy	-80.0	0.008	488	400	413	311	-102	7	79.68	79.68	79.68
juego3	easy	-80.0	0.008	496	400	413	312	-101	7	79.19	79.19	79.19
juego3	easy	-80.0	0.008	505	400	413	315	-98	7	78.32	78.32	78.32
juego3	easy	-80.0	0.008	513	400	413	317	-96	7	77.55	77.55	77.55
juego3	easy	-80.0	0.008	523	400	413	320	-93	7	76.62	76.62	76.62
juego3	easy	-80.0	0.008	531	400	413	322	-91	7	76.12	76.12	76.12
juego3	easy	-80.0	0.008	540	400	413	325	-88	7	75.11	75.11	75.11
juego3	easy	-80.0	0.008	549	400	413	328	-85	7	74.21	74.21	74.21
juego3	easy	-80.0	0.008	559	400	413	330	-83	7	73.4	73.4	73.4
juego3	easy	-80.0	0.008	568	400	413	333	-80	7	72.59	72.59	72.59
juego3	easy	-80.0	0.008	577	400	413	334	-79	7	72.15	72.15	72.15
juego3	easy	-80.0	0.008	585	400	413	337	-76	7	71.21	71.21	71.21
juego3	easy	-80.0	0.008	593	400	413	339	-74	7	70.73	70.73	70.73
juego3	easy	-80.0	0.008	602	400	413	340	-73	7	70.25	70.25	70.25
juego3	easy	-80.0	0.008	611	400	413	345	-68	7	68.83	68.83	68.83
juego3	easy	-80.0	0.008	619	400	413	348	-65	7	67.84	67.84	67.84
juego3	easy	-80.0	0.008	628	400	413	351	-62	7	66.81	66.81	66.81
juego3	easy	-80.0	0.008	638	400	413	354	-59	7	65.79	65.79	65.79
juego3	easy	-80.0	0.008	646	400	413	356	-57	7	65.28	65.28	65.28
juego3	easy	-80.0	0.008	655	400	413	359	-54	7	64.19	64.19	64.19
juego3	easy	-80.0	0.008	665	400	413	363	-50	7	63.05	63.05	63.05
juego3	easy	-80.0	0.008	672	400	413	365	-48	7	62.5	62.5	62.5
juego3	easy	-80.0	0.008	681	400	413	368	-45	7	61.44	61.44	61.44
juego3	easy	-80.0	0.008	690	400	413	372	-41	7	60.3	60.3	60.3
juego3	easy	-80.0	0.008	698	400	413	374	-39	7	59.61	59.61	59.61
juego3	easy	-80.0	0.008	707	400	413	375	-38	7	59.26	59.26	59.26
juego3	easy	-80.0	0.008	716	400	413	378	-35	7	58.3	58.3	58.3
juego3	easy	-80.0	0.008	725	400	413	380	-33	7	57.54	57.54	57.54
juego3	easy	-80.0	0.008	735	400	413	387	-26	7	55.34	55.34	55.34
juego3	easy	-80.0	0.008	743	400	413	391	-22	7	54.17	54.17	54.17
juego3	easy	-80.0	0.008	752	400	413	392	-21	7	53.71	53.71	53.71
juego3	easy	-80.0	0.008	761	400	413	395	-18	7	53.02	53.02	53.02
juego3	easy	-80.0	0.008	769	400	413	396	-17	7	52.53	52.53	52.53
juego3	easy	-80.0	0.008	779	400	413	397	-16	7	52.13	52.13	52.13
juego3	easy	-80.0	0.008	787	400	413	398	-15	7	51.96	51.96	51.96
juego3	easy	-80.0	0.008	796	400	413	399	-14	7	51.63	51.63	51.63
juego3	easy	-80.0	0.008	805	400	413	400	-13	7	51.32	51.32	51.32
juego3	easy	-80.0	0.008	813	400	413	401	-12	7	51.02	51.02	51.02
juego3	easy	-80.0	0.008	822	400	413	401	-12	7	50.89	50.89	50.89
juego3	easy	-80.0	0.008	831	400	413	402	-11	7	50.62	50.62	50.62
juego3	easy	-80.0	0.008	841	400	413	403	-10	7	50.4	50.4	50.4
juego3	easy	-80.0	0.008	849	400	413	403	-10	7	50.25	50.25	50.25
juego3	easy	-80.0	0.008	858	400	413	403	-10	7	50.21	50.21	50.21
juego3	easy	-80.0	0.008	867	400	413	404	-9	7	50.13	50.13	50.13
juego3	easy	-80.0	0.008	875	400	413	404	-9	7	50.07	50.07	50.07
juego3	easy	-80.0	0.008	884	400	413	404	-9	7	50.02	50.02	50.02
juego3	easy	-80.0	0.008	891	400	413	404	-9	7	49.98	49.98	49.98
juego3	easy	-80.0	0.008	901	400	413	404	-9	7	49.91	49.91	49.91
juego3	easy	-80.0	0.008	910	400	413	405	-8	7	49.84	49.84	49.84
juego3	easy	-80.0	0.008	918	400	413	405	-8	7	49.8	49.8	49.8
juego3	easy	-80.0	0.008	927	400	413	405	-8	7	49.71	49.71	49.71
juego3	easy	-80.0	0.008	936	400	413	405	-8	7	49.62	49.62	49.62
juego3	easy	-80.0	0.008	946	400	413	406	-7	7	49.5	49.5	49.5
juego3	easy	-80.0	0.008	954	400	413	406	-7	7	49.35	49.35	49.35
juego3	easy	-80.0	0.008	963	400	413	406	-7	7	49.27	49.27	49.27
juego3	easy	-80.0	0.008	972	400	413	407	-6	7	49.08	49.08	49.08
juego3	easy	-80.0	0.008	980	400	413	407	-6	7	48.92	48.92	48.92
juego3	easy	-80.0	0.008	989	400	413	408	-5	7	48.8	48.8	48.8
juego3	easy	-80.0	0.008	998	400	413	408	-5	7	48.77	48.77	48.77
juego3	easy	-80.0	0.008	1008	400	413	408	-5	7	48.7	48.7	48.7
juego3	easy	-80.0	0.008	1016	400	413	408	-5	7	48.61	48.61	48.61
juego3	easy	-80.0	0.008	1025	400	413	409	-4	7	48.48	48.48	48.48
juego3	easy	-80.0	0.008	1033	400	413	409	-4	7	48.41	48.41	48.41
juego3	easy	-80.0	0.008	1042	400	413	409	-4	7	48.31	48.31	48.31
juego3	easy	-80.0	0.008	1051	400	413	410	-3	7	48.26	48.26	48.26
juego3	easy	-80.0	0.008	1060	400	413	410	-3	7	48.24	48.24	48.24
juego3	easy	-80.0	0.008	1068	400	413	410	-3	7	48.21	48.21	48.21
juego3	easy	-80.0	0.008	1077	400	413	410	-3	7	48.2	48.2	48.2
juego3	easy	-80.0	0.008	1086	400	413	410	-3	7	48.14	48.14	48.14
juego3	easy	-80.0	0.008	1095	400	413	410	-3	7	48.06	48.06	48.06
juego3	easy	-80.0	0.008	1105	400	413	410	-3	7	47.97	47.97	47.97
juego3	easy	-80.0	0.008	1113	400	413	411	-2	7	47.93	47.93	47.93
juego3	easy	-80.0	0.008	1122	400	413	411	-2	7	47.86	47.86	47.86
juego3	easy	-80.0	0.008	1130	400	413	411	-2	7	47.8	47.8	47.8
juego3	easy	-80.0	0.008	1139	400	413	411	-2	7	47.74	47.74	47.74
juego3	easy	-80.0	0.008	1147	400	413	411	-2	7	47.7	47.7	47.7
juego3	easy	-80.0	0.008	1156	400	413	412	-1	7	47.61	47.61	47.61
juego3	easy	-80.0	0.008	1165	400	413	412	-1	7	47.54	47.54	47.54
juego3	easy	-80.0	0.008	1175	400	413	412	-1	7	47.46	47.46	47.46
juego3	easy	-80.0	0.008	1184	400	413	412	-1	7	47.42	47.42	47.42
juego3	easy	-80.0	0.008	1193	400	413	412	-1	7	47.34	47.34	47.34
juego3	easy	-80.0	0.008	1202	400	413	413	0	7	47.26	47.26	47.26
juego3	easy	-80.0	0.008	1210	400	413	413	0	7	47.18	47.18	47.18
juego3	easy	-80.0	0.008	1218	400	413	413	0	7	47.15	47.15	47.15
juego3	easy	-80.0	0.008	1227	400	413	413	0	7	47.1	47.1	47.1
juego3	easy	-80.0	0.008	1236	400	413	413	0	7	47.04	47.04	47.04
juego3	easy	-80.0	0.008	1245	400	413	414	1	7	46.97	46.97	46.97
juego3	easy	-80.0	0.008	1253	400	413	414	1	7	46.93	46.93	46.93
juego3	easy	-80.0	0.008	1262	400	413	414	1	7	46.84	46.84	46.84
juego3	easy	-80.0	0.008	1270	400	413	414	1	7	46.76	46.76	46.76
juego3	easy	-80.0	0.008	1280	400	413	414	1	7	46.69	46.69	46.69
juego3	easy	-80.0	0.008	1288	400	413	414	1	7	46.68	46.68	46.68
juego3	easy	-80.0	0.008	1297	400	413	415	2	7	46.64	46.64	46.64
juego3	easy	-80.0	0.008	1306	400	413	415	2	7	46.6	46.6	46.6
juego3	easy	-80.0	0.008	1315	400	413	415	2	7	46.57	46.57	46.57
juego3	easy	-80.0	0.008	1324	400	413	415	2	7	46.53	46.53	46.53
juego3	easy	-80.0	0.008	1332	400	413	415	2	7	46.5	46.5	46.5
juego3	easy	-80.0	0.008	1340	400	413	415	2	7	46.48	46.48	46.48
juego3	easy	-80.0	0.008	1348	400	413	415	2	7	46.47	46.47	46.47
juego3	easy	-80.0	0.008	1357	400	413	415	2	7	46.45	46.45	46.45
juego3	easy	-80.0	0.008	1366	400	413	415	2	7	46.44	46.44	46.44
juego3	easy	-80.0	0.008	1373	400	413	415	2	7	46.43	46.43	46.43
juego3	easy	-80.0	0.008	1382	400	413	415	2	7	46.43	46.43	46.43
juego3	easy	-80.0	0.008	1391	400	413	415	2	7	46.45	46.45	46.45
juego3	easy	-80.0	0.008	1400	400	413	415	2	7	46.5	46.5	46.5
juego3	easy	-80.0	0.008	1409	400	413	415	2	7	46.52	46.52	46.52
juego3	easy	-80.0	0.008	1418	400	413	415	2	7	46.58	46.58	46.58
juego3	easy	-80.0	0.008	1426	400	413	415	2	7	46.64	46.64	46.64
juego3	easy	-80.0	0.008	1435	400	413	414	1	7	46.72	46.72	46.72
juego3	easy	-80.0	0.008	1444	400	413	414	1	7	46.78	46.78	46.78
juego3	easy	-80.0	0.008	1452	400	413	414	1	7	46.92	46.92	46.92
juego3	easy	-80.0	0.008	1461	400	413	413	0	7	47.05	47.05	47.05
juego3	easy	-80.0	0.008	1470	400	413	413	0	7	47.11	47.11	47.11
juego3	easy	-80.0	0.008	1478	400	413	413	0	7	47.24	47.24	47.24
juego3	easy	-80.0	0.008	1487	400	413	412	-1	7	47.36	47.36	47.36
juego3	easy	-80.0	0.008	1496	400	413	412	-1	7	47.46	47.46	47.46
juego3	easy	-80.0	0.008	1506	400	413	412	-1	7	47.56	47.56	47.56
juego3	easy	-80.0	0.008	1513	400	413	412	-1	7	47.6	47.6	47.6
juego3	easy	-80.0	0.008	1523	400	413	411	-2	7	47.68	47.68	47.68
juego3	easy	-80.0	0.008	1531	400	413	411	-2	7	47.77	47.77	47.77
juego3	easy	-80.0	0.008	1540	400	413	411	-2	7	47.86	47.86	47.86
juego3	easy	-80.0	0.008	1550	400	413	411	-2	7	47.91	47.91	47.91
juego3	easy	-80.0	0.008	1558	400	413	410	-3	7	47.98	47.98	47.98
juego3	easy	-80.0	0.008	1566	400	413	410	-3	7	48.04	48.04	48.04
juego3	easy	-80.0	0.008	1575	400	413	410	-3	7	48.09	48.09	48.09
juego3	easy	-80.0	0.008	1582	400	413	410	-3	7	48.1	48.1	48.1
juego3	easy	-80.0	0.008	1591	400	413	410	-3	7	48.13	48.13	48.13
juego3	easy	-80.0	0.008	1599	400	413	410	-3	7	48.16	48.16	48.16
juego3	easy	-80.0	0.008	1608	400	413	410	-3	7	48.2	48.2	48.2
juego3	easy	-80.0	0.008	1617	400	413	410	-3	7	48.25	48.25	48.25
juego3	easy	-80.0	0.008	1625	400	413	410	-3	7	48.26	48.26	48.26
juego3	easy	-80.0	0.008	1633	400	413	409	-4	7	48.27	48.27	48.27
juego3	easy	-80.0	0.008	1642	400	413	409	-4	7	48.27	48.27	48.27
juego3	easy	-80.0	0.008	1651	400	413	409	-4	7	48.28	48.28	48.28
juego3	easy	-80.0	0.008	1659	400	413	409	-4	7	48.3	48.3	48.3
juego3	easy	-80.0	0.008	1668	400	413	409	-4	7	48.33	48.33	48.33
juego3	easy	-80.0	0.008	1676	400	413	409	-4	7	48.35	48.35	48.35
juego3	easy	-80.0	0.008	1685	400	413	409	-4	7	48.38	48.38	48.38
juego3	easy	-80.0	0.008	1694	400	413	409	-4	7	48.4	48.4	48.4
juego3	easy	-80.0	0.008	1702	400	413	409	-4	7	48.43	48.43	48.43
juego3	easy	-80.0	0.008	1711	400	413	409	-4	7	48.45	48.45	48.45
juego3	easy	-80.0	0.008	1719	400	413	409	-4	7	48.45	48.45	48.45
juego3	easy	-80.0	0.008	1727	400	413	409	-4	7	48.48	48.48	48.48
juego3	easy	-80.0	0.008	1735	400	413	409	-4	7	48.49	48.49	48.49
juego3	easy	-80.0	0.008	1744	400	413	409	-4	7	48.52	48.52	48.52
juego3	easy	-80.0	0.008	1754	400	413	409	-4	7	48.56	48.56	48.56
juego3	easy	-80.0	0.008	1761	400	413	408	-5	7	48.6	48.6	48.6
juego3	easy	-80.0	0.008	1770	400	413	408	-5	7	48.61	48.61	48.61
juego3	easy	-80.0	0.008	1780	400	413	408	-5	7	48.64	48.64	48.64
juego3	easy	-80.0	0.008	1788	400	413	408	-5	7	48.67	48.67	48.67
juego3	easy	-80.0	0.008	1796	400	413	408	-5	7	48.67	48.67	48.67
juego3	easy	-80.0	0.008	1804	400	413	408	-5	7	48.67	48.67	48.67
juego3	easy	-80.0	0.008	1813	400	413	408	-5	7	48.68	48.68	48.68
juego3	easy	-80.0	0.008	1821	400	413	408	-5	7	48.72	48.72	48.72
juego3	easy	-80.0	0.008	1829	400	413	408	-5	7	48.76	48.76	48.76
juego3	easy	-80.0	0.008	1838	400	413	408	-5	7	48.81	48.81	48.81
juego3	easy	-80.0	0.008	1846	400	413	408	-5	7	48.83	48.83	48.83
juego3	easy	-80.0	0.008	1856	400	413	408	-5	7	48.85	48.85	48.85
juego3	easy	-80.0	0.008	1864	400	413	408	-5	7	48.85	48.85	48.85
juego3	easy	-80.0	0.008	1873	400	413	408	-5	7	48.88	48.88	48.88
juego3	easy	-80.0	0.008	1882	400	413	408	-5	7	48.89	48.89	48.89
juego3	easy	-80.0	0.008	1890	400	413	407	-6	7	48.9	48.9	48.9
juego3	easy	-80.0	0.008	1899	400	413	407	-6	7	48.92	48.92	48.92
juego3	easy	-80.0	0.008	1908	400	413	407	-6	7	48.95	48.95	48.95
juego3	easy	-80.0	0.008	1918	400	413	407	-6	7	48.97	48.97	48.97
juego3	easy	-80.0	0.008	1926	400	413	407	-6	7	48.98	48.98	48.98
juego3	easy	-80.0	0.008	1934	400	413	407	-6	7	49.0	49.0	49.0
juego3	easy	-80.0	0.008	1943	400	413	407	-6	7	49.01	49.01	49.01
juego3	easy	-80.0	0.008	1951	400	413	407	-6	7	49.03	49.03	49.03
juego3	easy	-80.0	0.008	1960	400	413	407	-6	7	49.04	49.04	49.04
juego3	easy	-80.0	0.008	1969	400	413	407	-6	7	49.07	49.07	49.07
juego3	easy	-80.0	0.008	1977	400	413	407	-6	7	49.08	49.08	49.08
juego3	easy	-80.0	0.008	1985	400	413	407	-6	7	49.08	49.08	49.08
juego3	easy	-80.0	0.008	1993	400	413	407	-6	7	49.08	49.08	49.08
juego3	easy	-80.0	0.008	0	400	413	407	-6	8	49.09	49.09	49.09
juego3	easy	0.0	0.008	8	400	267	407	140	8	49.1	49.1	49.1
juego3	easy	0.0	0.008	16	400	267	407	140	8	49.12	49.12	49.12
juego3	easy	0.0	0.008	23	400	267	407	140	8	49.12	49.12	49.12
juego3	easy	0.0	0.008	32	400	267	407	140	8	49.12	49.12	49.12
juego3	easy	0.0	0.008	41	400	267	407	140	8	49.11	49.11	49.11
juego3	easy	0.0	0.008	50	400	267	407	140	8	49.13	49.13	49.13
juego3	easy	0.0	0.008	59	400	267	407	140	8	49.13	49.13	49.13
juego3	easy	0.0	0.008	68	400	267	407	140	8	49.16	49.16	49.16
juego3	easy	0.0	0.008	77	400	267	407	140	8	49.19	49.19	49.19
juego3	easy	0.0	0.008	86	400	267	406	139	8	49.22	49.22	49.22
juego3	easy	0.0	0.008	94	400	267	406	139	8	49.24	49.24	49.24
juego3	easy	0.0	0.008	103	400	267	406	139	8	49.26	49.26	49.26
juego3	easy	0.0	0.008	111	400	267	406	139	8	49.3	49.3	49.3
juego3	easy	0.0	0.008	118	400	267	406	139	8	49.31	49.31	49.31
juego3	easy	0.0	0.008	126	400	267	406	139	8	49.33	49.33	49.33
juego3	easy	0.0	0.008	135	400	267	406	139	8	49.34	49.34	49.34
juego3	easy	0.0	0.008	143	400	267	406	139	8	49.35	49.35	49.35
juego3	easy	0.0	0.008	151	400	267	406	139	8	49.36	49.36	49.36
juego3	easy	0.0	0.008	160	400	267	406	139	8	49.37	49.37	49.37
juego3	easy	0.0	0.008	169	400	267	406	139	8	49.38	49.38	49.38
juego3	easy	0.0	0.008	178	400	267	406	139	8	49.41	49.41	49.41
juego3	easy	0.0	0.008	187	400	267	406	139	8	49.44	49.44	49.44
juego3	easy	0.0	0.008	196	400	267	406	139	8	49.46	49.46	49.46
juego3	easy	0.0	0.008	205	400	267	406	139	8	49.48	49.48	49.48
juego3	easy	0.0	0.008	214	400	267	406	139	8	49.52	49.52	49.52
juego3	easy	0.0	0.008	223	400	267	405	138	8	49.6	49.6	49.6
juego3	easy	0.0	0.008	232	400	267	405	138	8	49.77	49.77	49.77
juego3	easy	0.0	0.008	239	400	267	404	137	8	49.86	49.86	49.86
juego3	easy	0.0	0.008	249	400	267	404	137	8	50.11	50.11	50.11
juego3	easy	0.0	0.008	257	400	267	403	136	8	50.46	50.46	50.46
juego3	easy	0.0	0.008	266	400	267	401	134	8	51.05	51.05	51.05
juego3	easy	0.0	0.008	274	400	267	399	132	8	51.47	51.47	51.47
juego3	easy	0.0	0.008	283	400	267	396	129	8	52.66	52.66	52.66
juego3	easy	0.0	0.008	292	400	267	391	124	8	54.19	54.19	54.19
juego3	easy	0.0	0.008	300	400	267	388	121	8	55.12	55.12	55.12
juego3	easy	0.0	0.008	309	400	267	382	115	8	57.1	57.1	57.1
juego3	easy	0.0	0.008	317	400	267	375	108	8	59.22	59.22	59.22
juego3	easy	0.0	0.008	325	400	267	375	108	8	59.22	59.22	59.22
juego3	easy	0.0	0.008	334	400	267	364	97	8	62.66	62.66	62.66
juego3	easy	0.0	0.008	342	400	267	355	88	8	65.51	65.51	65.51
juego3	easy	0.0	0.008	351	400	267	344	77	8	69.06	69.06	69.06
juego3	easy	0.0	0.008	360	400	267	338	71	8	70.97	70.97	70.97
juego3	easy	0.0	0.008	369	400	267	327	60	8	74.47	74.47	74.47
juego3	easy	0.0	0.008	378	400	267	315	48	8	78.41	78.41	78.41
juego3	easy	0.0	0.008	386	400	267	304	37	8	81.68	81.68	81.68
juego3	easy	0.0	0.008	395	400	267	300	33	8	83.06	83.06	83.06
juego3	easy	0.0	0.008	404	400	267	297	30	8	84.27	84.27	84.27
juego3	easy	0.0	0.008	413	400	267	292	25	8	85.79	85.79	85.79
juego3	easy	0.0	0.008	421	400	267	289	22	8	86.81	86.81	86.81
juego3	easy	0.0	0.008	430	400	267	289	22	8	86.85	86.85	86.85
juego3	easy	0.0	0.008	439	400	267	290	23	8	86.67	86.67	86.67
juego3	easy	0.0	0.008	448	400	267	290	23	8	86.37	86.37	86.37
juego3	easy	0.0	0.008	457	400	267	291	24	8	86.18	86.18	86.18
juego3	easy	0.0	0.008	465	400	267	292	25	8	85.94	85.94	85.94
juego3	easy	0.0	0.008	474	400	267	295	28	8	84.91	84.91	84.91
juego3	easy	0.0	0.008	483	400	267	298	31	8	83.94	83.94	83.94
juego3	easy	0.0	0.008	492	400	267	301	34	8	82.86	82.86	82.86
juego3	easy	0.0	0.008	501	400	267	302	35	8	82.26	82.26	82.26
juego3	easy	0.0	0.008	510	400	267	306	39	8	81.18	81.18	81.18
juego3	easy	0.0	0.008	519	400	267	309	42	8	80.27	80.27	80.27
juego3	easy	0.0	0.008	528	400	267	311	44	8	79.6	79.6	79.6
juego3	easy	0.0	0.008	537	400	267	312	45	8	79.25	79.25	79.25
juego3	easy	0.0	0.008	546	400	267	312	45	8	79.14	79.14	79.14
juego3	easy	0.0	0.008	556	400	267	312	45	8	79.08	79.08	79.08
juego3	easy	0.0	0.008	564	400	267	312	45	8	79.13	79.13	79.13
juego3	easy	0.0	0.008	572	400	267	312	45	8	79.17	79.17	79.17
juego3	easy	0.0	0.008	581	400	267	312	45	8	79.32	79.32	79.32
juego3	easy	0.0	0.008	590	400	267	311	44	8	79.38	79.38	79.38
juego3	easy	0.0	0.008	599	400	267	311	44	8	79.5	79.5	79.5
juego3	easy	0.0	0.008	607	400	267	311	44	8	79.63	79.63	79.63
juego3	easy	0.0	0.008	616	400	267	311	44	8	79.69	79.69	79.69
juego3	easy	0.0	0.008	626	400	267	310	43	8	79.83	79.83	79.83
juego3	easy	0.0	0.008	634	400	267	310	43	8	79.99	79.99	79.99
juego3	easy	0.0	0.008	643	400	267	309	42	8	80.18	80.18	80.18
juego3	easy	0.0	0.008	652	400	267	308	41	8	80.43	80.43	80.43
juego3	easy	0.0	0.008	661	400	267	308	41	8	80.58	80.58	80.58
juego3	easy	0.0	0.008	670	400	267	307	40	8	80.95	80.95	80.95
juego3	easy	0.0	0.008	679	400	267	305	38	8	81.44	81.44	81.44
juego3	easy	0.0	0.008	688	400	267	303	36	8	82.12	82.12	82.12
juego3	easy	0.0	0.008	697	400	267	301	34	8	82.56	82.56	82.56
juego3	easy	0.0	0.008	706	400	267	299	32	8	83.6	83.6	83.6
juego3	easy	0.0	0.008	715	400	267	296	29	8	84.62	84.62	84.62
juego3	easy	0.0	0.008	723	400	267	295	28	8	85.08	85.08	85.08
juego3	easy	0.0	0.008	732	400	267	292	25	8	85.96	85.96	85.96
juego3	easy	0.0	0.008	740	400	267	289	22	8	86.88	86.88	86.88
juego3	easy	0.0	0.008	749	400	267	285	18	8	88.02	88.02	88.02
juego3	easy	0.0	0.008	758	400	267	281	14	8	89.3	89.3	89.3
juego3	easy	0.0	0.008	767	400	267	279	12	8	89.9	89.9	89.9
juego3	easy	0.0	0.008	776	400	267	276	9	8	90.94	90.94	90.94
juego3	easy	0.0	0.008	784	400	267	273	6	8	91.82	91.82	91.82
juego3	easy	0.0	0.008	793	400	267	271	4	8	92.65	92.65	92.65
juego3	easy	0.0	0.008	802	400	267	270	3	8	93.02	93.02	93.02
juego3	easy	0.0	0.008	811	400	267	268	1	8	93.6	93.6	93.6
juego3	easy	0.0	0.008	820	400	267	266	-1	8	94.21	94.21	94.21
juego3	easy	0.0	0.008	829	400	267	264	-3	8	94.72	94.72	94.72
juego3	easy	0.0	0.008	837	400	267	263	-4	8	94.97	94.97	94.97
juego3	easy	0.0	0.008	846	400	267	263	-4	8	95.05	95.05	95.05
juego3	easy	0.0	0.008	856	400	267	263	-4	8	95.17	95.17	95.17
juego3	easy	0.0	0.008	864	400	267	262	-5	8	95.28	95.28	95.28
juego3	easy	0.0	0.008	873	400	267	262	-5	8	95.42	95.42	95.42
juego3	easy	0.0	0.008	881	400	267	262	-5	8	95.49	95.49	95.49
juego3	easy	0.0	0.008	889	400	267	261	-6	8	95.61	95.61	95.61
juego3	easy	0.0	0.008	897	400	267	261	-6	8	95.67	95.67	95.67
juego3	easy	0.0	0.008	906	400	267	261	-6	8	95.74	95.74	95.74
juego3	easy	0.0	0.008	914	400	267	261	-6	8	95.8	95.8	95.8
juego3	easy	0.0	0.008	923	400	267	261	-6	8	95.85	95.85	95.85
juego3	easy	0.0	0.008	933	400	267	261	-6	8	95.85	95.85	95.85
juego3	easy	0.0	0.008	941	400	267	261	-6	8	95.83	95.83	95.83
juego3	easy	0.0	0.008	949	400	267	261	-6	8	95.76	95.76	95.76
juego3	easy	0.0	0.008	958	400	267	261	-6	8	95.69	95.69	95.69
juego3	easy	0.0	0.008	968	400	267	261	-6	8	95.62	95.62	95.62
juego3	easy	0.0	0.008	976	400	267	261	-6	8	95.59	95.59	95.59
juego3	easy	0.0	0.008	984	400	267	262	-5	8	95.55	95.55	95.55
juego3	easy	0.0	0.008	993	400	267	262	-5	8	95.54	95.54	95.54
juego3	easy	0.0	0.008	1001	400	267	262	-5	8	95.54	95.54	95.54
juego3	easy	0.0	0.008	1010	400	267	262	-5	8	95.52	95.52	95.52
juego3	easy	0.0	0.008	1019	400	267	262	-5	8	95.48	95.48	95.48
juego3	easy	0.0	0.008	1028	400	267	262	-5	8	95.44	95.44	95.44
juego3	easy	0.0	0.008	1036	400	267	262	-5	8	95.43	95.43	95.43
juego3	easy	0.0	0.008	1045	400	267	262	-5	8	95.41	95.41	95.41
juego3	easy	0.0	0.008	1053	400	267	262	-5	8	95.38	95.38	95.38
juego3	easy	0.0	0.008	1062	400	267	262	-5	8	95.35	95.35	95.35
juego3	easy	0.0	0.008	1070	400	267	262	-5	8	95.27	95.27	95.27
juego3	easy	0.0	0.008	1080	400	267	263	-4	8	95.2	95.2	95.2
juego3	easy	0.0	0.008	1088	400	267	263	-4	8	95.17	95.17	95.17
juego3	easy	0.0	0.008	1097	400	267	263	-4	8	95.16	95.16	95.16
juego3	easy	0.0	0.008	1105	400	267	263	-4	8	95.15	95.15	95.15
juego3	easy	0.0	0.008	1114	400	267	263	-4	8	95.13	95.13	95.13
juego3	easy	0.0	0.008	1122	400	267	263	-4	8	95.12	95.12	95.12
juego3	easy	0.0	0.008	1130	400	267	263	-4	8	95.1	95.1	95.1
juego3	easy	0.0	0.008	1138	400	267	263	-4	8	95.07	95.07	95.07
juego3	easy	0.0	0.008	1147	400	267	263	-4	8	95.05	95.05	95.05
juego3	easy	0.0	0.008	1156	400	267	263	-4	8	95.0	95.0	95.0
juego3	easy	0.0	0.008	1165	400	267	263	-4	8	94.95	94.95	94.95
juego3	easy	0.0	0.008	1174	400	267	264	-3	8	94.89	94.89	94.89
juego3	easy	0.0	0.008	1183	400	267	264	-3	8	94.84	94.84	94.84
juego3	easy	0.0	0.008	1192	400	267	264	-3	8	94.81	94.81	94.81
juego3	easy	0.0	0.008	1201	400	267	264	-3	8	94.79	94.79	94.79
juego3	easy	0.0	0.008	1209	400	267	264	-3	8	94.78	94.78	94.78
juego3	easy	0.0	0.008	1218	400	267	264	-3	8	94.75	94.75	94.75
juego3	easy	0.0	0.008	1227	400	267	264	-3	8	94.74	94.74	94.74
juego3	easy	0.0	0.008	1236	400	267	264	-3	8	94.74	94.74	94.74
juego3	easy	0.0	0.008	1243	400	267	264	-3	8	94.77	94.77	94.77
juego3	easy	0.0	0.008	1252	400	267	264	-3	8	94.79	94.79	94.79
juego3	easy	0.0	0.008	1261	400	267	264	-3	8	94.81	94.81	94.81
juego3	easy	0.0	0.008	1271	400	267	264	-3	8	94.83	94.83	94.83
juego3	easy	0.0	0.008	1280	400	267	264	-3	8	94.83	94.83	94.83
juego3	easy	0.0	0.008	1288	400	267	264	-3	8	94.8	94.8	94.8
juego3	easy	0.0	0.008	1297	400	267	264	-3	8	94.77	94.77	94.77
juego3	easy	0.0	0.008	1306	400	267	264	-3	8	94.69	94.69	94.69
juego3	easy	0.0	0.008	1315	400	267	265	-2	8	94.62	94.62	94.62
juego3	easy	0.0	0.008	1324	400	267	264	-3	8	94.64	94.64	94.64
juego3	easy	0.0	0.008	1333	400	267	264	-3	8	94.7	94.7	94.7
juego3	easy	0.0	0.008	1342	400	267	264	-3	8	94.73	94.73	94.73
juego3	easy	0.0	0.008	1350	400	267	264	-3	8	94.78	94.78	94.78
juego3	easy	0.0	0.008	1358	400	267	264	-3	8	94.79	94.79	94.79
juego3	easy	0.0	0.008	1368	400	267	264	-3	8	94.82	94.82	94.82
juego3	easy	0.0	0.008	1376	400	267	264	-3	8	94.84	94.84	94.84
juego3	easy	0.0	0.008	1384	400	267	264	-3	8	94.87	94.87	94.87
juego3	easy	0.0	0.008	1392	400	267	264	-3	8	94.88	94.88	94.88
juego3	easy	0.0	0.008	1401	400	267	264	-3	8	94.92	94.92	94.92
juego3	easy	0.0	0.008	1410	400	267	263	-4	8	94.98	94.98	94.98
juego3	easy	0.0	0.008	1419	400	267	263	-4	8	95.04	95.04	95.04
juego3	easy	0.0	0.008	1429	400	267	263	-4	8	95.1	95.1	95.1
juego3	easy	0.0	0.008	1437	400	267	263	-4	8	95.14	95.14	95.14
juego3	easy	0.0	0.008	1446	400	267	263	-4	8	95.23	95.23	95.23
juego3	easy	0.0	0.008	1455	400	267	262	-5	8	95.26	95.26	95.26
juego3	easy	0.0	0.008	1464	400	267	263	-4	8	95.25	95.25	95.25
juego3	easy	0.0	0.008	1473	400	267	263	-4	8	95.25	95.25	95.25
juego3	easy	0.0	0.008	1480	400	267	262	-5	8	95.27	95.27	95.27
juego3	easy	0.0	0.008	1489	400	267	262	-5	8	95.32	95.32	95.32
juego3	easy	0.0	0.008	1497	400	267	262	-5	8	95.38	95.38	95.38
juego3	easy	0.0	0.008	1507	400	267	262	-5	8	95.47	95.47	95.47
juego3	easy	0.0	0.008	1515	400	267	262	-5	8	95.49	95.49	95.49
juego3	easy	0.0	0.008	1524	400	267	262	-5	8	95.52	95.52	95.52
juego3	easy	0.0	0.008	1534	400	267	262	-5	8	95.57	95.57	95.57
juego3	easy	0.0	0.008	1543	400	267	261	-6	8	95.6	95.6	95.6
juego3	easy	0.0	0.008	1551	400	267	261	-6	8	95.67	95.67	95.67
juego3	easy	0.0	0.008	1560	400	267	261	-6	8	95.71	95.71	95.71
juego3	easy	0.0	0.008	1568	400	267	261	-6	8	95.72	95.72	95.72
juego3	easy	0.0	0.008	1577	400	267	261	-6	8	95.73	95.73	95.73
juego3	easy	0.0	0.008	1585	400	267	261	-6	8	95.75	95.75	95.75
juego3	easy	0.0	0.008	1594	400	267	261	-6	8	95.8	95.8	95.8
juego3	easy	0.0	0.008	1602	400	267	261	-6	8	95.83	95.83	95.83
juego3	easy	0.0	0.008	1611	400	267	261	-6	8	95.87	95.87	95.87
juego3	easy	0.0	0.008	1619	400	267	261	-6	8	95.89	95.89	95.89
juego3	easy	0.0	0.008	1628	400	267	260	-7	8	95.9	95.9	95.9
juego3	easy	0.0	0.008	1637	400	267	260	-7	8	95.93	95.93	95.93
juego3	easy	0.0	0.008	1647	400	267	260	-7	8	96.0	96.0	96.0
juego3	easy	0.0	0.008	1654	400	267	260	-7	8	96.08	96.08	96.08
juego3	easy	0.0	0.008	1663	400	267	260	-7	8	96.11	96.11	96.11
juego3	easy	0.0	0.008	1672	400	267	260	-7	8	96.13	96.13	96.13
juego3	easy	0.0	0.008	1681	400	267	260	-7	8	96.13	96.13	96.13
juego3	easy	0.0	0.008	1690	400	267	260	-7	8	96.14	96.14	96.14
juego3	easy	0.0	0.008	1700	400	267	260	-7	8	96.16	96.16	96.16
juego3	easy	0.0	0.008	1708	400	267	260	-7	8	96.18	96.18	96.18
juego3	easy	0.0	0.008	1717	400	267	259	-8	8	96.23	96.23	96.23
juego3	easy	0.0	0.008	1725	400	267	259	-8	8	96.26	96.26	96.26
juego3	easy	0.0	0.008	1736	400	267	259	-8	8	96.32	96.32	96.32
juego3	easy	0.0	0.008	1743	400	267	259	-8	8	96.35	96.35	96.35
juego3	easy	0.0	0.008	1752	400	267	259	-8	8	96.45	96.45	96.45
juego3	easy	0.0	0.008	1761	400	267	259	-8	8	96.5	96.5	96.5
juego3	easy	0.0	0.008	1770	400	267	259	-8	8	96.5	96.5	96.5
juego3	easy	0.0	0.008	1778	400	267	259	-8	8	96.49	96.49	96.49
juego3	easy	0.0	0.008	1786	400	267	259	-8	8	96.48	96.48	96.48
juego3	easy	0.0	0.008	1795	400	267	259	-8	8	96.51	96.51	96.51
juego3	easy	0.0	0.008	1803	400	267	258	-9	8	96.54	96.54	96.54
juego3	easy	0.0	0.008	1812	400	267	258	-9	8	96.62	96.62	96.62
juego3	easy	0.0	0.008	1821	400	267	258	-9	8	96.66	96.66	96.66
juego3	easy	0.0	0.008	1830	400	267	258	-9	8	96.68	96.68	96.68
juego3	easy	0.0	0.008	1838	400	267	258	-9	8	96.69	96.69	96.69
juego3	easy	0.0	0.008	1846	400	267	258	-9	8	96.71	96.71	96.71
juego3	easy	0.0	0.008	1855	400	267	258	-9	8	96.74	96.74	96.74
juego3	easy	0.0	0.008	1865	400	267	258	-9	8	96.76	96.76	96.76
juego3	easy	0.0	0.008	1873	400	267	258	-9	8	96.78	96.78	96.78
juego3	easy	0.0	0.008	1882	400	267	258	-9	8	96.81	96.81	96.81
juego3	easy	0.0	0.008	1891	400	267	257	-10	8	96.85	96.85	96.85
juego3	easy	0.0	0.008	1900	400	267	257	-10	8	96.91	96.91	96.91
juego3	easy	0.0	0.008	1909	400	267	257	-10	8	96.96	96.96	96.96
juego3	easy	0.0	0.008	1919	400	267	257	-10	8	97.05	97.05	97.05
juego3	easy	0.0	0.008	1928	400	267	257	-10	8	97.1	97.1	97.1
juego3	easy	0.0	0.008	1937	400	267	257	-10	8	97.13	97.13	97.13
juego3	easy	0.0	0.008	1945	400	267	257	-10	8	97.16	97.16	97.16
juego3	easy	0.0	0.008	1954	400	267	256	-11	8	97.18	97.18	97.18
juego3	easy	0.0	0.008	1964	400	267	256	-11	8	97.23	97.23	97.23
juego3	easy	0.0	0.008	1972	400	267	256	-11	8	97.28	97.28	97.28
juego3	easy	0.0	0.008	1982	400	267	256	-11	8	97.32	97.32	97.32
juego3	easy	0.0	0.008	1990	400	267	256	-11	8	97.35	97.35	97.35
juego3	easy	0.0	0.008	1999	400	267	256	-11	8	97.37	97.37	97.37
juego3	easy	0.0	0.008	0	400	267	256	-11	9	97.41	97.41	97.41
juego3	easy	90.0	0.008	8	400	162	256	94	9	97.46	97.46	97.46
juego3	easy	90.0	0.008	17	400	162	255	93	9	97.52	97.52	97.52
juego3	easy	90.0	0.008	25	400	162	255	93	9	97.54	97.54	97.54
juego3	easy	90.0	0.008	34	400	162	255	93	9	97.58	97.58	97.58
juego3	easy	90.0	0.008	44	400	162	255	93	9	97.62	97.62	97.62
juego3	easy	90.0	0.008	51	400	162	255	93	9	97.63	97.63	97.63
juego3	easy	90.0	0.008	60	400	162	255	93	9	97.69	97.69	97.69
juego3	easy	90.0	0.008	68	400	162	255	93	9	97.71	97.71	97.71
juego3	easy	90.0	0.008	77	400	162	255	93	9	97.72	97.72	97.72
juego3	easy	90.0	0.008	87	400	162	255	93	9	97.77	97.77	97.77
juego3	easy	90.0	0.008	95	400	162	255	93	9	97.79	97.79	97.79
juego3	easy	90.0	0.008	104	400	162	254	92	9	97.83	97.83	97.83
juego3	easy	90.0	0.008	113	400	162	254	92	9	97.87	97.87	97.87
juego3	easy	90.0	0.008	121	400	162	254	92	9	97.88	97.88	97.88
juego3	easy	90.0	0.008	130	400	162	254	92	9	97.92	97.92	97.92
juego3	easy	90.0	0.008	139	400	162	254	92	9	97.97	97.97	97.97
juego3	easy	90.0	0.008	147	400	162	254	92	9	98.01	98.01	98.01
juego3	easy	90.0	0.008	156	400	162	254	92	9	98.05	98.05	98.05
juego3	easy	90.0	0.008	166	400	162	254	92	9	98.1	98.1	98.1
juego3	easy	90.0	0.008	174	400	162	253	91	9	98.17	98.17	98.17
juego3	easy	90.0	0.008	183	400	162	253	91	9	98.25	98.25	98.25
juego3	easy	90.0	0.008	191	400	162	253	91	9	98.31	98.31	98.31
juego3	easy	90.0	0.008	200	400	162	253	91	9	98.41	98.41	98.41
juego3	easy	90.0	0.008	209	400	162	252	90	9	98.57	98.57	98.57
juego3	easy	90.0	0.008	218	400	162	251	89	9	98.84	98.84	98.84
juego3	easy	90.0	0.008	226	400	162	251	89	9	99.02	99.02	99.02
juego3	easy	90.0	0.008	234	400	162	249	87	9	99.41	99.41	99.41
juego3	easy	90.0	0.008	242	400	162	249	87	9	99.61	99.61	99.61
juego3	easy	90.0	0.008	251	400	162	247	85	9	100.07	100.07	100.07
juego3	easy	90.0	0.008	260	400	162	246	84	9	100.65	100.65	100.65
juego3	easy	90.0	0.008	270	400	162	243	81	9	101.42	101.42	101.42
juego3	easy	90.0	0.008	278	400	162	240	78	9	102.46	102.46	102.46
juego3	easy	90.0	0.008	286	400	162	238	76	9	103.12	103.12	103.12
juego3	easy	90.0	0.008	294	400	162	235	73	9	103.85	103.85	103.85
juego3	easy	90.0	0.008	304	400	162	227	65	9	106.54	106.54	106.54
juego3	easy	90.0	0.008	313	400	162	222	60	9	108.25	108.25	108.25
juego3	easy	90.0	0.008	321	400	162	219	57	9	108.95	108.95	108.95
juego3	easy	90.0	0.008	331	400	162	215	53	9	110.22	110.22	110.22
juego3	easy	90.0	0.008	339	400	162	211	49	9	111.55	111.55	111.55
juego3	easy	90.0	0.008	348	400	162	207	45	9	112.99	112.99	112.99
juego3	easy	90.0	0.008	356	400	162	204	42	9	113.69	113.69	113.69
juego3	easy	90.0	0.008	365	400	162	200	38	9	115.05	115.05	115.05
juego3	easy	90.0	0.008	374	400	162	198	36	9	115.66	115.66	115.66
juego3	easy	90.0	0.008	383	400	162	195	33	9	116.7	116.7	116.7
juego3	easy	90.0	0.008	392	400	162	193	31	9	117.48	117.48	117.48
juego3	easy	90.0	0.008	400	400	162	190	28	9	118.19	118.19	118.19
juego3	easy	90.0	0.008	409	400	162	188	26	9	118.92	118.92	118.92
juego3	easy	90.0	0.008	419	400	162	186	24	9	119.57	119.57	119.57
juego3	easy	90.0	0.008	427	400	162	185	23	9	119.86	119.86	119.86
juego3	easy	90.0	0.008	435	400	162	183	21	9	120.41	120.41	120.41
juego3	easy	90.0	0.008	444	400	162	182	20	9	120.97	120.97	120.97
juego3	easy	90.0	0.008	453	400	162	180	18	9	121.53	121.53	121.53
juego3	easy	90.0	0.008	462	400	162	179	17	9	121.79	121.79	121.79
juego3	easy	90.0	0.008	471	400	162	177	15	9	122.26	122.26	122.26
juego3	easy	90.0	0.008	479	400	162	176	14	9	122.68	122.68	122.68
juego3	easy	90.0	0.008	487	400	162	175	13	9	122.9	122.9	122.9
juego3	easy	90.0	0.008	496	400	162	174	12	9	123.37	123.37	123.37
juego3	easy	90.0	0.008	504	400	162	172	10	9	123.91	123.91	123.91
juego3	easy	90.0	0.008	512	400	162	171	9	9	124.2	124.2	124.2
juego3	easy	90.0	0.008	520	400	162	170	8	9	124.7	124.7	124.7
juego3	easy	90.0	0.008	529	400	162	168	6	9	125.14	125.14	125.14
juego3	easy	90.0	0.008	537	400	162	168	6	9	125.36	125.36	125.36
juego3	easy	90.0	0.008	545	400	162	166	4	9	125.79	125.79	125.79
juego3	easy	90.0	0.008	554	400	162	165	3	9	126.24	126.24	126.24
juego3	easy	90.0	0.008	563	400	162	164	2	9	126.47	126.47	126.47
juego3	easy	90.0	0.008	572	400	162	163	1	9	127.0	127.0	127.0
juego3	easy	90.0	0.008	581	400	162	162	0	9	127.27	127.27	127.27
juego3	easy	90.0	0.008	589	400	162	159	-3	9	127.99	127.99	127.99
juego3	easy	90.0	0.008	598	400	162	159	-3	9	128.19	128.19	128.19
juego3	easy	90.0	0.008	607	400	162	158	-4	9	128.51	128.51	128.51
juego3	easy	90.0	0.008	616	400	162	157	-5	9	128.74	128.74	128.74
juego3	easy	90.0	0.008	625	400	162	157	-5	9	128.88	128.88	128.88
juego3	easy	90.0	0.008	634	400	162	156	-6	9	128.96	128.96	128.96
juego3	easy	90.0	0.008	642	400	162	156	-6	9	128.98	128.98	128.98
juego3	easy	90.0	0.008	652	400	162	156	-6	9	129.05	129.05	129.05
juego3	easy	90.0	0.008	660	400	162	156	-6	9	129.19	129.19	129.19
juego3	easy	90.0	0.008	669	400	162	155	-7	9	129.41	129.41	129.41
juego3	easy	90.0	0.008	677	400	162	154	-8	9	129.56	129.56	129.56
juego3	easy	90.0	0.008	686	400	162	154	-8	9	129.83	129.83	129.83
juego3	easy	90.0	0.008	695	400	162	153	-9	9	130.01	130.01	130.01
juego3	easy	90.0	0.008	704	400	162	153	-9	9	130.06	130.06	130.06
juego3	easy	90.0	0.008	712	400	162	153	-9	9	130.05	130.05	130.05
juego3	easy	90.0	0.008	721	400	162	153	-9	9	129.99	129.99	129.99
juego3	easy	90.0	0.008	730	400	162	153	-9	9	129.92	129.92	129.92
juego3	easy	90.0	0.008	738	400	162	153	-9	9	129.88	129.88	129.88
juego3	easy	90.0	0.008	746	400	162	154	-8	9	129.83	129.83	129.83
juego3	easy	90.0	0.008	755	400	162	154	-8	9	129.83	129.83	129.83
juego3	easy	90.0	0.008	764	400	162	154	-8	9	129.85	129.85	129.85
juego3	easy	90.0	0.008	772	400	162	154	-8	9	129.86	129.86	129.86
juego3	easy	90.0	0.008	780	400	162	153	-9	9	129.89	129.89	129.89
juego3	easy	90.0	0.008	789	400	162	154	-8	9	129.85	129.85	129.85
juego3	easy	90.0	0.008	798	400	162	154	-8	9	129.83	129.83	129.83
juego3	easy	90.0	0.008	807	400	162	154	-8	9	129.77	129.77	129.77
juego3	easy	90.0	0.008	816	400	162	154	-8	9	129.68	129.68	129.68
juego3	easy	90.0	0.008	825	400	162	154	-8	9	129.6	129.6	129.6
juego3	easy	90.0	0.008	833	400	162	154	-8	9	129.55	129.55	129.55
juego3	easy	90.0	0.008	842	400	162	155	-7	9	129.45	129.45	129.45
juego3	easy	90.0	0.008	851	400	162	155	-7	9	129.32	129.32	129.32
juego3	easy	90.0	0.008	860	400	162	156	-6	9	129.18	129.18	129.18
juego3	easy	90.0	0.008	868	400	162	156	-6	9	129.11	129.11	129.11
juego3	easy	90.0	0.008	876	400	162	156	-6	9	128.92	128.92	128.92
juego3	easy	90.0	0.008	885	400	162	157	-5	9	128.71	128.71	128.71
juego3	easy	90.0	0.008	894	400	162	158	-4	9	128.49	128.49	128.49
juego3	easy	90.0	0.008	903	400	162	158	-4	9	128.37	128.37	128.37
juego3	easy	90.0	0.008	913	400	162	159	-3	9	128.16	128.16	128.16
juego3	easy	90.0	0.008	921	400	162	159	-3	9	128.0	128.0	128.0
juego3	easy	90.0	0.008	930	400	162	160	-2	9	127.89	127.89	127.89
juego3	easy	90.0	0.008	938	400	162	160	-2	9	127.84	127.84	127.84
juego3	easy	90.0	0.008	947	400	162	160	-2	9	127.73	127.73	127.73
juego3	easy	90.0	0.008	956	400	162	161	-1	9	127.61	127.61	127.61
juego3	easy	90.0	0.008	964	400	162	161	-1	9	127.5	127.5	127.5
juego3	easy	90.0	0.008	973	400	162	161	-1	9	127.44	127.44	127.44
juego3	easy	90.0	0.008	982	400	162	161	-1	9	127.33	127.33	127.33
juego3	easy	90.0	0.008	991	400	162	162	0	9	127.22	127.22	127.22
juego3	easy	90.0	0.008	1001	400	162	162	0	9	127.11	127.11	127.11
juego3	easy	90.0	0.008	1008	400	162	162	0	9	127.06	127.06	127.06
juego3	easy	90.0	0.008	1017	400	162	163	1	9	126.97	126.97	126.97
juego3	easy	90.0	0.008	1026	400	162	163	1	9	126.91	126.91	126.91
juego3	easy	90.0	0.008	1035	400	162	163	1	9	126.87	126.87	126.87
juego3	easy	90.0	0.008	1043	400	162	163	1	9	126.85	126.85	126.85
juego3	easy	90.0	0.008	1051	400	162	163	1	9	126.8	126.8	126.8
juego3	easy	90.0	0.008	1059	400	162	163	1	9	126.78	126.78	126.78
juego3	easy	90.0	0.008	1068	400	162	163	1	9	126.74	126.74	126.74
juego3	easy	90.0	0.008	1076	400	162	163	1	9	126.7	126.7	126.7
juego3	easy	90.0	0.008	1085	400	162	164	2	9	126.66	126.66	126.66
juego3	easy	90.0	0.008	1092	400	162	164	2	9	126.65	126.65	126.65
juego3	easy	90.0	0.008	1101	400	162	164	2	9	126.64	126.64	126.64
juego3	easy	90.0	0.008	1110	400	162	164	2	9	126.63	126.63	126.63
juego3	easy	90.0	0.008	1118	400	162	164	2	9	126.62	126.62	126.62
juego3	easy	90.0	0.008	1127	400	162	164	2	9	126.6	126.6	126.6
juego3	easy	90.0	0.008	1136	400	162	164	2	9	126.57	126.57	126.57
juego3	easy	90.0	0.008	1145	400	162	164	2	9	126.56	126.56	126.56
juego3	easy	90.0	0.008	1153	400	162	164	2	9	126.57	126.57	126.57
juego3	easy	90.0	0.008	1162	400	162	164	2	9	126.57	126.57	126.57
juego3	easy	90.0	0.008	1170	400	162	164	2	9	126.54	126.54	126.54
juego3	easy	90.0	0.008	1180	400	162	164	2	9	126.47	126.47	126.47
juego3	easy	90.0	0.008	1188	400	162	164	2	9	126.44	126.44	126.44
juego3	easy	90.0	0.008	1196	400	162	164	2	9	126.4	126.4	126.4
juego3	easy	90.0	0.008	1204	400	162	164	2	9	126.4	126.4	126.4
juego3	easy	90.0	0.008	1213	400	162	164	2	9	126.41	126.41	126.41
juego3	easy	90.0	0.008	1222	400	162	164	2	9	126.42	126.42	126.42
juego3	easy	90.0	0.008	1229	400	162	164	2	9	126.42	126.42	126.42
juego3	easy	90.0	0.008	1238	400	162	164	2	9	126.4	126.4	126.4
juego3	easy	90.0	0.008	1247	400	162	164	2	9	126.39	126.39	126.39
juego3	easy	90.0	0.008	1255	400	162	164	2	9	126.39	126.39	126.39
juego3	easy	90.0	0.008	1263	400	162	164	2	9	126.38	126.38	126.38
juego3	easy	90.0	0.008	1272	400	162	165	3	9	126.37	126.37	126.37
juego3	easy	90.0	0.008	1281	400	162	165	3	9	126.34	126.34	126.34
juego3	easy	90.0	0.008	1290	400	162	165	3	9	126.29	126.29	126.29
juego3	easy	90.0	0.008	1299	400	162	165	3	9	126.27	126.27	126.27
juego3	easy	90.0	0.008	1307	400	162	165	3	9	126.24	126.24	126.24
juego3	easy	90.0	0.008	1316	400	162	165	3	9	126.25	126.25	126.25
juego3	easy	90.0	0.008	1325	400	162	165	3	9	126.25	126.25	126.25
juego3	easy	90.0	0.008	1333	400	162	165	3	9	126.28	126.28	126.28
juego3	easy	90.0	0.008	1341	400	162	165	3	9	126.28	126.28	126.28
juego3	easy	90.0	0.008	1350	400	162	165	3	9	126.25	126.25	126.25
juego3	easy	90.0	0.008	1359	400	162	165	3	9	126.24	126.24	126.24
juego3	easy	90.0	0.008	1368	400	162	165	3	9	126.22	126.22	126.22
juego3	easy	90.0	0.008	1377	400	162	165	3	9	126.2	126.2	126.2
juego3	easy	90.0	0.008	1385	400	162	165	3	9	126.18	126.18	126.18
juego3	easy	90.0	0.008	1394	400	162	165	3	9	126.15	126.15	126.15
juego3	easy	90.0	0.008	1402	400	162	165	3	9	126.09	126.09	126.09
juego3	easy	90.0	0.008	1411	400	162	165	3	9	126.08	126.08	126.08
juego3	easy	90.0	0.008	1420	400	162	165	3	9	126.08	126.08	126.08
juego3	easy	90.0	0.008	1429	400	162	165	3	9	126.11	126.11	126.11
juego3	easy	90.0	0.008	1438	400	162	165	3	9	126.13	126.13	126.13
juego3	easy	90.0	0.008	1446	400	162	165	3	9	126.09	126.09	126.09
juego3	easy	90.0	0.008	1455	400	162	165	3	9	126.08	126.08	126.08
juego3	easy	90.0	0.008	1464	400	162	165	3	9	126.06	126.06	126.06
juego3	easy	90.0	0.008	1472	400	162	166	4	9	126.04	126.04	126.04
juego3	easy	90.0	0.008	1481	400	162	166	4	9	126.04	126.04	126.04
juego3	easy	90.0	0.008	1491	400	162	166	4	9	126.04	126.04	126.04
juego3	easy	90.0	0.008	1499	400	162	166	4	9	126.04	126.04	126.04
juego3	easy	90.0	0.008	1507	400	162	166	4	9	126.04	126.04	126.04
juego3	easy	90.0	0.008	1516	400	162	166	4	9	126.04	126.04	126.04
juego3	easy	90.0	0.008	1526	400	162	166	4	9	126.01	126.01	126.01
juego3	easy	90.0	0.008	1534	400	162	166	4	9	126.0	126.0	126.0
juego3	easy	90.0	0.008	1543	400	162	166	4	9	125.95	125.95	125.95
juego3	easy	90.0	0.008	1551	400	162	166	4	9	125.93	125.93	125.93
juego3	easy	90.0	0.008	1561	400	162	166	4	9	125.93	125.93	125.93
juego3	easy	90.0	0.008	1569	400	162	166	4	9	125.94	125.94	125.94
juego3	easy	90.0	0.008	1579	400	162	166	4	9	125.96	125.96	125.96
juego3	easy	90.0	0.008	1587	400	162	166	4	9	125.98	125.98	125.98
juego3	easy	90.0	0.008	1596	400	162	166	4	9	125.98	125.98	125.98
juego3	easy	90.0	0.008	1603	400	162	166	4	9	125.98	125.98	125.98
juego3	easy	90.0	0.008	1612	400	162	166	4	9	125.96	125.96	125.96
juego3	easy	90.0	0.008	1621	400	162	166	4	9	125.95	125.95	125.95
juego3	easy	90.0	0.008	1630	400	162	166	4	9	125.93	125.93	125.93
juego3	easy	90.0	0.008	1639	400	162	166	4	9	125.9	125.9	125.9
juego3	easy	90.0	0.008	1648	400	162	166	4	9	125.9	125.9	125.9
juego3	easy	90.0	0.008	1657	400	162	166	4	9	125.91	125.91	125.91
juego3	easy	90.0	0.008	1666	400	162	166	4	9	125.92	125.92	125.92
juego3	easy	90.0	0.008	1674	400	162	166	4	9	125.91	125.91	125.91
juego3	easy	90.0	0.008	1683	400	162	166	4	9	125.89	125.89	125.89
juego3	easy	90.0	0.008	1693	400	162	166	4	9	125.86	125.86	125.86
juego3	easy	90.0	0.008	1701	400	162	166	4	9	125.86	125.86	125.86
juego3	easy	90.0	0.008	1710	400	162	166	4	9	125.84	125.84	125.84
juego3	easy	90.0	0.008	1718	400	162	166	4	9	125.82	125.82	125.82
juego3	easy	90.0	0.008	1727	400	162	166	4	9	125.79	125.79	125.79
juego3	easy	90.0	0.008	1736	400	162	166	4	9	125.77	125.77	125.77
juego3	easy	90.0	0.008	1745	400	162	166	4	9	125.77	125.77	125.77
juego3	easy	90.0	0.008	1754	400	162	166	4	9	125.79	125.79	125.79
juego3	easy	90.0	0.008	1763	400	162	166	4	9	125.79	125.79	125.79
juego3	easy	90.0	0.008	1771	400	162	166	4	9	125.78	125.78	125.78
juego3	easy	90.0	0.008	1779	400	162	166	4	9	125.76	125.76	125.76
juego3	easy	90.0	0.008	1787	400	162	167	5	9	125.72	125.72	125.72
juego3	easy	90.0	0.008	1796	400	162	167	5	9	125.7	125.7	125.7
juego3	easy	90.0	0.008	1805	400	162	167	5	9	125.67	125.67	125.67
juego3	easy	90.0	0.008	1813	400	162	167	5	9	125.64	125.64	125.64
juego3	easy	90.0	0.008	1821	400	162	167	5	9	125.59	125.59	125.59
juego3	easy	90.0	0.008	1830	400	162	167	5	9	125.57	125.57	125.57
juego3	easy	90.0	0.008	1839	400	162	167	5	9	125.53	125.53	125.53
juego3	easy	90.0	0.008	1848	400	162	167	5	9	125.51	125.51	125.51
juego3	easy	90.0	0.008	1858	400	162	167	5	9	125.49	125.49	125.49
juego3	easy	90.0	0.008	1866	400	162	167	5	9	125.46	125.46	125.46
juego3	easy	90.0	0.008	1875	400	162	168	6	9	125.42	125.42	125.42
juego3	easy	90.0	0.008	1884	400	162	168	6	9	125.36	125.36	125.36
juego3	easy	90.0	0.008	1893	400	162	168	6	9	125.33	125.33	125.33
juego3	easy	90.0	0.008	1902	400	162	168	6	9	125.27	125.27	125.27
juego3	easy	90.0	0.008	1911	400	162	168	6	9	125.24	125.24	125.24
juego3	easy	90.0	0.008	1919	400	162	168	6	9	125.15	125.15	125.15
juego3	easy	90.0	0.008	1928	400	162	169	7	9	125.04	125.04	125.04
juego3	easy	90.0	0.008	1937	400	162	169	7	9	124.87	124.87	124.87
juego3	easy	90.0	0.008	1947	400	162	170	8	9	124.66	124.66	124.66
juego3	easy	90.0	0.008	1955	400	162	170	8	9	124.55	124.55	124.55
juego3	easy	90.0	0.008	1964	400	162	171	9	9	124.33	124.33	124.33
juego3	easy	90.0	0.008	1973	400	162	172	10	9	124.04	124.04	124.04
juego3	easy	90.0	0.008	1982	400	162	173	11	9	123.7	123.7	123.7
juego3	easy	90.0	0.008	1993	400	162	174	12	9	123.2	123.2	123.2
juego3	easy	90.0	0.008	1999	400	162	175	13	9	122.89	122.89	122.89
juego3	easy	90.0	0.008	0	400	162	178	16	10	122.09	122.09	122.09
juego3	easy	0.0	0.008	8	400	267	180	-87	10	121.61	121.61	121.61
juego3	easy	0.0	0.008	16	400	267	183	-84	10	120.46	120.46	120.46
juego3	easy	0.0	0.008	25	400	267	188	-79	10	118.96	118.96	118.96
juego3	easy	0.0	0.008	34	400	267	194	-73	10	117.12	117.12	117.12
juego3	easy	0.0	0.008	42	400	267	197	-70	10	116.11	116.11	116.11
juego3	easy	0.0	0.008	51	400	267	203	-64	10	114.22	114.22	114.22
juego3	easy	0.0	0.008	59	400	267	206	-61	10	113.26	113.26	113.26
juego3	easy	0.0	0.008	67	400	267	212	-55	10	111.43	111.43	111.43
juego3	easy	0.0	0.008	76	400	267	216	-51	10	109.9	109.9	109.9
juego3	easy	0.0	0.008	85	400	267	220	-47	10	108.66	108.66	108.66
juego3	easy	0.0	0.008	93	400	267	222	-45	10	108.14	108.14	108.14
juego3	easy	0.0	0.008	100	400	267	225	-42	10	107.19	107.19	107.19
juego3	easy	0.0	0.008	109	400	267	226	-41	10	106.8	106.8	106.8
juego3	easy	0.0	0.008	118	400	267	228	-39	10	106.17	106.17	106.17
juego3	easy	0.0	0.008	127	400	267	230	-37	10	105.65	105.65	105.65
juego3	easy	0.0	0.008	136	400	267	231	-36	10	105.17	105.17	105.17
juego3	easy	0.0	0.008	146	400	267	233	-34	10	104.75	104.75	104.75
juego3	easy	0.0	0.008	154	400	267	234	-33	10	104.29	104.29	104.29
juego3	easy	0.0	0.008	164	400	267	235	-32	10	103.85	103.85	103.85
juego3	easy	0.0	0.008	172	400	267	236	-31	10	103.67	103.67	103.67
juego3	easy	0.0	0.008	181	400	267	237	-30	10	103.42	103.42	103.42
juego3	easy	0.0	0.008	189	400	267	237	-30	10	103.21	103.21	103.21
juego3	easy	0.0	0.008	198	400	267	238	-29	10	103.04	103.04	103.04
juego3	easy	0.0	0.008	207	400	267	238	-29	10	102.97	102.97	102.97
juego3	easy	0.0	0.008	215	400	267	239	-28	10	102.81	102.81	102.81
juego3	easy	0.0	0.008	224	400	267	239	-28	10	102.65	102.65	102.65
juego3	easy	0.0	0.008	234	400	267	240	-27	10	102.41	102.41	102.41
juego3	easy	0.0	0.008	242	400	267	240	-27	10	102.28	102.28	102.28
juego3	easy	0.0	0.008	251	400	267	241	-26	10	101.97	101.97	101.97
juego3	easy	0.0	0.008	260	400	267	243	-24	10	101.58	101.58	101.58
juego3	easy	0.0	0.008	269	400	267	244	-23	10	101.12	101.12	101.12
juego3	easy	0.0	0.008	279	400	267	246	-21	10	100.61	100.61	100.61
juego3	easy	0.0	0.008	287	400	267	246	-21	10	100.34	100.34	100.34
juego3	easy	0.0	0.008	295	400	267	248	-19	10	99.76	99.76	99.76
juego3	easy	0.0	0.008	304	400	267	250	-17	10	99.13	99.13	99.13
juego3	easy	0.0	0.008	311	400	267	251	-16	10	98.75	98.75	98.75
juego3	easy	0.0	0.008	320	400	267	254	-13	10	97.95	97.95	97.95
juego3	easy	0.0	0.008	328	400	267	255	-12	10	97.52	97.52	97.52
juego3	easy	0.0	0.008	337	400	267	258	-9	10	96.58	96.58	96.58
juego3	easy	0.0	0.008	346	400	267	262	-5	10	95.56	95.56	95.56
juego3	easy	0.0	0.008	355	400	267	263	-4	10	95.03	95.03	95.03
juego3	easy	0.0	0.008	364	400	267	268	1	10	93.47	93.47	93.47
juego3	easy	0.0	0.008	373	400	267	270	3	10	92.94	92.94	92.94
juego3	easy	0.0	0.008	381	400	267	273	6	10	91.85	91.85	91.85
juego3	easy	0.0	0.008	389	400	267	277	10	10	90.81	90.81	90.81
juego3	easy	0.0	0.008	397	400	267	278	11	10	90.35	90.35	90.35
juego3	easy	0.0	0.008	406	400	267	281	14	10	89.53	89.53	89.53
juego3	easy	0.0	0.008	415	400	267	282	15	10	88.94	88.94	88.94
juego3	easy	0.0	0.008	424	400	267	284	17	10	88.54	88.54	88.54
juego3	easy	0.0	0.008	432	400	267	284	17	10	88.38	88.38	88.38
juego3	easy	0.0	0.008	441	400	267	285	18	10	88.14	88.14	88.14
juego3	easy	0.0	0.008	451	400	267	286	19	10	87.92	87.92	87.92
juego3	easy	0.0	0.008	459	400	267	286	19	10	87.82	87.82	87.82
juego3	easy	0.0	0.008	468	400	267	286	19	10	87.74	87.74	87.74
juego3	easy	0.0	0.008	476	400	267	286	19	10	87.75	87.75	87.75
juego3	easy	0.0	0.008	484	400	267	286	19	10	87.79	87.79	87.79
juego3	easy	0.0	0.008	493	400	267	286	19	10	87.81	87.81	87.81
juego3	easy	0.0	0.008	503	400	267	286	19	10	87.86	87.86	87.86
juego3	easy	0.0	0.008	511	400	267	286	19	10	87.93	87.93	87.93
juego3	easy	0.0	0.008	520	400	267	285	18	10	88.02	88.02	88.02
juego3	easy	0.0	0.008	530	400	267	285	18	10	88.14	88.14	88.14
juego3	easy	0.0	0.008	538	400	267	285	18	10	88.21	88.21	88.21
juego3	easy	0.0	0.008	547	400	267	284	17	10	88.3	88.3	88.3
juego3	easy	0.0	0.008	556	400	267	284	17	10	88.31	88.31	88.31
juego3	easy	0.0	0.008	565	400	267	284	17	10	88.4	88.4	88.4
juego3	easy	0.0	0.008	572	400	267	284	17	10	88.51	88.51	88.51
juego3	easy	0.0	0.008	581	400	267	283	16	10	88.84	88.84	88.84
juego3	easy	0.0	0.008	590	400	267	282	15	10	89.22	89.22	89.22
juego3	easy	0.0	0.008	599	400	267	280	13	10	89.58	89.58	89.58
juego3	easy	0.0	0.008	607	400	267	280	13	10	89.77	89.77	89.77
juego3	easy	0.0	0.008	617	400	267	278	11	10	90.18	90.18	90.18
juego3	easy	0.0	0.008	626	400	267	277	10	10	90.63	90.63	90.63
juego3	easy	0.0	0.008	634	400	267	276	9	10	90.87	90.87	90.87
juego3	easy	0.0	0.008	642	400	267	275	8	10	91.43	91.43	91.43
juego3	easy	0.0	0.008	651	400	267	272	5	10	92.17	92.17	92.17
juego3	easy	0.0	0.008	660	400	267	270	3	10	93.03	93.03	93.03
juego3	easy	0.0	0.008	669	400	267	268	1	10	93.48	93.48	93.48
juego3	easy	0.0	0.008	678	400	267	265	-2	10	94.42	94.42	94.42
juego3	easy	0.0	0.008	686	400	267	262	-5	10	95.4	95.4	95.4
juego3	easy	0.0	0.008	695	400	267	259	-8	10	96.26	96.26	96.26
juego3	easy	0.0	0.008	704	400	267	258	-9	10	96.63	96.63	96.63
juego3	easy	0.0	0.008	713	400	267	256	-11	10	97.22	97.22	97.22
juego3	easy	0.0	0.008	721	400	267	255	-12	10	97.7	97.7	97.7
juego3	easy	0.0	0.008	730	400	267	253	-14	10	98.12	98.12	98.12
juego3	easy	0.0	0.008	739	400	267	253	-14	10	98.29	98.29	98.29
juego3	easy	0.0	0.008	748	400	267	252	-15	10	98.54	98.54	98.54
juego3	easy	0.0	0.008	757	400	267	252	-15	10	98.67	98.67	98.67
juego3	easy	0.0	0.008	765	400	267	252	-15	10	98.7	98.7	98.7
juego3	easy	0.0	0.008	774	400	267	252	-15	10	98.7	98.7	98.7
juego3	easy	0.0	0.008	783	400	267	252	-15	10	98.67	98.67	98.67
juego3	easy	0.0	0.008	792	400	267	252	-15	10	98.58	98.58	98.58
juego3	easy	0.0	0.008	801	400	267	252	-15	10	98.46	98.46	98.46
juego3	easy	0.0	0.008	809	400	267	253	-14	10	98.39	98.39	98.39
juego3	easy	0.0	0.008	817	400	267	253	-14	10	98.24	98.24	98.24
juego3	easy	0.0	0.008	825	400	267	254	-13	10	98.05	98.05	98.05
juego3	easy	0.0	0.008	833	400	267	254	-13	10	97.93	97.93	97.93
juego3	easy	0.0	0.008	843	400	267	255	-12	10	97.66	97.66	97.66
juego3	easy	0.0	0.008	851	400	267	256	-11	10	97.35	97.35	97.35
juego3	easy	0.0	0.008	859	400	267	256	-11	10	97.21	97.21	97.21
juego3	easy	0.0	0.008	868	400	267	257	-10	10	96.95	96.95	96.95
juego3	easy	0.0	0.008	876	400	267	258	-9	10	96.65	96.65	96.65
juego3	easy	0.0	0.008	885	400	267	259	-8	10	96.27	96.27	96.27
juego3	easy	0.0	0.008	893	400	267	260	-7	10	96.07	96.07	96.07
juego3	easy	0.0	0.008	901	400	267	261	-6	10	95.59	95.59	95.59
juego3	easy	0.0	0.008	910	400	267	263	-4	10	95.07	95.07	95.07
juego3	easy	0.0	0.008	918	400	267	264	-3	10	94.78	94.78	94.78
juego3	easy	0.0	0.008	928	400	267	266	-1	10	94.18	94.18	94.18
juego3	easy	0.0	0.008	937	400	267	268	1	10	93.58	93.58	93.58
juego3	easy	0.0	0.008	945	400	267	269	2	10	93.27	93.27	93.27
juego3	easy	0.0	0.008	954	400	267	271	4	10	92.69	92.69	92.69
juego3	easy	0.0	0.008	963	400	267	272	5	10	92.13	92.13	92.13
juego3	easy	0.0	0.008	970	400	267	274	7	10	91.54	91.54	91.54
juego3	easy	0.0	0.008	979	400	267	275	8	10	91.24	91.24	91.24
juego3	easy	0.0	0.008	988	400	267	277	10	10	90.6	90.6	90.6
juego3	easy	0.0	0.008	997	400	267	279	12	10	89.97	89.97	89.97
juego3	easy	0.0	0.008	1006	400	267	281	14	10	89.39	89.39	89.39
juego3	easy	0.0	0.008	1015	400	267	282	15	10	88.91	88.91	88.91
juego3	easy	0.0	0.008	1024	400	267	283	16	10	88.69	88.69	88.69
juego3	easy	0.0	0.008	1033	400	267	284	17	10	88.34	88.34	88.34
juego3	easy	0.0	0.008	1042	400	267	285	18	10	88.01	88.01	88.01
juego3	easy	0.0	0.008	1051	400	267	286	19	10	87.69	87.69	87.69
juego3	easy	0.0	0.008	1060	400	267	287	20	10	87.54	87.54	87.54
juego3	easy	0.0	0.008	1068	400	267	287	20	10	87.35	87.35	87.35
juego3	easy	0.0	0.008	1077	400	267	288	21	10	87.27	87.27	87.27
juego3	easy	0.0	0.008	1085	400	267	288	21	10	87.24	87.24	87.24
juego3	easy	0.0	0.008	1094	400	267	288	21	10	87.22	87.22	87.22
juego3	easy	0.0	0.008	1102	400	267	288	21	10	87.22	87.22	87.22
juego3	easy	0.0	0.008	1112	400	267	288	21	10	87.27	87.27	87.27
juego3	easy	0.0	0.008	1120	400	267	287	20	10	87.32	87.32	87.32
juego3	easy	0.0	0.008	1128	400	267	287	20	10	87.43	87.43	87.43
juego3	easy	0.0	0.008	1137	400	267	287	20	10	87.51	87.51	87.51
juego3	easy	0.0	0.008	1146	400	267	287	20	10	87.5	87.5	87.5
juego3	easy	0.0	0.008	1154	400	267	287	20	10	87.5	87.5	87.5
juego3	easy	0.0	0.008	1162	400	267	287	20	10	87.5	87.5	87.5
juego3	easy	0.0	0.008	1170	400	267	287	20	10	87.53	87.53	87.53
juego3	easy	0.0	0.008	1179	400	267	287	20	10	87.62	87.62	87.62
juego3	easy	0.0	0.008	1188	400	267	286	19	10	87.73	87.73	87.73
juego3	easy	0.0	0.008	1197	400	267	286	19	10	87.8	87.8	87.8
juego3	easy	0.0	0.008	1206	400	267	286	19	10	87.84	87.84	87.84
juego3	easy	0.0	0.008	1213	400	267	286	19	10	87.86	87.86	87.86
juego3	easy	0.0	0.008	1222	400	267	286	19	10	87.9	87.9	87.9
juego3	easy	0.0	0.008	1231	400	267	286	19	10	87.9	87.9	87.9
juego3	easy	0.0	0.008	1239	400	267	286	19	10	87.9	87.9	87.9
juego3	easy	0.0	0.008	1248	400	267	286	19	10	87.87	87.87	87.87
juego3	easy	0.0	0.008	1257	400	267	286	19	10	87.83	87.83	87.83
juego3	easy	0.0	0.008	1266	400	267	286	19	10	87.81	87.81	87.81
juego3	easy	0.0	0.008	1276	400	267	286	19	10	87.79	87.79	87.79
juego3	easy	0.0	0.008	1284	400	267	286	19	10	87.83	87.83	87.83
juego3	easy	0.0	0.008	1292	400	267	286	19	10	87.93	87.93	87.93
juego3	easy	0.0	0.008	1301	400	267	285	18	10	88.12	88.12	88.12
juego3	easy	0.0	0.008	1309	400	267	285	18	10	88.25	88.25	88.25
juego3	easy	0.0	0.008	1318	400	267	284	17	10	88.53	88.53	88.53
juego3	easy	0.0	0.008	1328	400	267	283	16	10	88.79	88.79	88.79
juego3	easy	0.0	0.008	1336	400	267	282	15	10	89.04	89.04	89.04
juego3	easy	0.0	0.008	1345	400	267	282	15	10	89.16	89.16	89.16
juego3	easy	0.0	0.008	1355	400	267	281	14	10	89.43	89.43	89.43
juego3	easy	0.0	0.008	1363	400	267	280	13	10	89.75	89.75	89.75
juego3	easy	0.0	0.008	1372	400	267	278	11	10	90.2	90.2	90.2
juego3	easy	0.0	0.008	1381	400	267	277	10	10	90.68	90.68	90.68
juego3	easy	0.0	0.008	1390	400	267	276	9	10	90.9	90.9	90.9
juego3	easy	0.0	0.008	1399	400	267	275	8	10	91.24	91.24	91.24
juego3	easy	0.0	0.008	1408	400	267	275	8	10	91.44	91.44	91.44
juego3	easy	0.0	0.008	1417	400	267	274	7	10	91.52	91.52	91.52
juego3	easy	0.0	0.008	1426	400	267	274	7	10	91.57	91.57	91.57
juego3	easy	0.0	0.008	1436	400	267	274	7	10	91.67	91.67	91.67
juego3	easy	0.0	0.008	1444	400	267	274	7	10	91.74	91.74	91.74
juego3	easy	0.0	0.008	1453	400	267	273	6	10	91.96	91.96	91.96
juego3	easy	0.0	0.008	1462	400	267	272	5	10	92.26	92.26	92.26
juego3	easy	0.0	0.008	1472	400	267	271	4	10	92.57	92.57	92.57
juego3	easy	0.0	0.008	1480	400	267	270	3	10	92.73	92.73	92.73
juego3	easy	0.0	0.008	1489	400	267	270	3	10	93.01	93.01	93.01
juego3	easy	0.0	0.008	1498	400	267	269	2	10	93.25	93.25	93.25
juego3	easy	0.0	0.008	1507	400	267	268	1	10	93.47	93.47	93.47
juego3	easy	0.0	0.008	1516	400	267	268	1	10	93.57	93.57	93.57
juego3	easy	0.0	0.008	1524	400	267	267	0	10	93.76	93.76	93.76
juego3	easy	0.0	0.008	1533	400	267	267	0	10	93.96	93.96	93.96
juego3	easy	0.0	0.008	1542	400	267	266	-1	10	94.19	94.19	94.19
juego3	easy	0.0	0.008	1552	400	267	265	-2	10	94.4	94.4	94.4
juego3	easy	0.0	0.008	1560	400	267	265	-2	10	94.49	94.49	94.49
juego3	easy	0.0	0.008	1570	400	267	265	-2	10	94.61	94.61	94.61
juego3	easy	0.0	0.008	1578	400	267	264	-3	10	94.66	94.66	94.66
juego3	easy	0.0	0.008	1587	400	267	264	-3	10	94.68	94.68	94.68
juego3	easy	0.0	0.008	1596	400	267	264	-3	10	94.77	94.77	94.77
juego3	easy	0.0	0.008	1605	400	267	263	-4	10	94.97	94.97	94.97
juego3	easy	0.0	0.008	1614	400	267	262	-5	10	95.26	95.26	95.26
juego3	easy	0.0	0.008	1623	400	267	262	-5	10	95.57	95.57	95.57
juego3	easy	0.0	0.008	1632	400	267	261	-6	10	95.83	95.83	95.83
juego3	easy	0.0	0.008	1642	400	267	260	-7	10	96.02	96.02	96.02
juego3	easy	0.0	0.008	1650	400	267	260	-7	10	96.09	96.09	96.09
juego3	easy	0.0	0.008	1659	400	267	260	-7	10	96.19	96.19	96.19
juego3	easy	0.0	0.008	1668	400	267	259	-8	10	96.24	96.24	96.24
juego3	easy	0.0	0.008	1677	400	267	259	-8	10	96.39	96.39	96.39
juego3	easy	0.0	0.008	1686	400	267	259	-8	10	96.5	96.5	96.5
juego3	easy	0.0	0.008	1695	400	267	258	-9	10	96.71	96.71	96.71
juego3	easy	0.0	0.008	1704	400	267	257	-10	10	96.85	96.85	96.85
juego3	easy	0.0	0.008	1714	400	267	257	-10	10	96.94	96.94	96.94
juego3	easy	0.0	0.008	1723	400	267	257	-10	10	97.0	97.0	97.0
juego3	easy	0.0	0.008	1731	400	267	257	-10	10	97.01	97.01	97.01
juego3	easy	0.0	0.008	1739	400	267	257	-10	10	97.0	97.0	97.0
juego3	easy	0.0	0.008	1747	400	267	257	-10	10	96.97	96.97	96.97
juego3	easy	0.0	0.008	1757	400	267	257	-10	10	96.97	96.97	96.97
juego3	easy	0.0	0.008	1765	400	267	257	-10	10	96.99	96.99	96.99
juego3	easy	0.0	0.008	1774	400	267	257	-10	10	97.06	97.06	97.06
juego3	easy	0.0	0.008	1783	400	267	257	-10	10	97.13	97.13	97.13
juego3	easy	0.0	0.008	1791	400	267	256	-11	10	97.18	97.18	97.18
juego3	easy	0.0	0.008	1800	400	267	256	-11	10	97.31	97.31	97.31
juego3	easy	0.0	0.008	1809	400	267	255	-12	10	97.48	97.48	97.48
juego3	easy	0.0	0.008	1818	400	267	255	-12	10	97.66	97.66	97.66
juego3	easy	0.0	0.008	1827	400	267	255	-12	10	97.78	97.78	97.78
juego3	easy	0.0	0.008	1836	400	267	254	-13	10	97.8	97.8	97.8
juego3	easy	0.0	0.008	1845	400	267	254	-13	10	97.81	97.81	97.81
juego3	easy	0.0	0.008	1854	400	267	254	-13	10	97.81	97.81	97.81
juego3	easy	0.0	0.008	1862	400	267	254	-13	10	97.87	97.87	97.87
juego3	easy	0.0	0.008	1871	400	267	254	-13	10	97.91	97.91	97.91
juego3	easy	0.0	0.008	1880	400	267	254	-13	10	98.01	98.01	98.01
juego3	easy	0.0	0.008	1889	400	267	254	-13	10	98.11	98.11	98.11
juego3	easy	0.0	0.008	1898	400	267	253	-14	10	98.27	98.27	98.27
juego3	easy	0.0	0.008	1907	400	267	253	-14	10	98.37	98.37	98.37
juego3	easy	0.0	0.008	1916	400	267	252	-15	10	98.61	98.61	98.61
juego3	easy	0.0	0.008	1925	400	267	251	-16	10	98.85	98.85	98.85
juego3	easy	0.0	0.008	1935	400	267	251	-16	10	99.02	99.02	99.02
juego3	easy	0.0	0.008	1943	400	267	250	-17	10	99.12	99.12	99.12
juego3	easy	0.0	0.008	1951	400	267	250	-17	10	99.13	99.13	99.13
juego3	easy	0.0	0.008	1959	400	267	250	-17	10	99.13	99.13	99.13
juego3	easy	0.0	0.008	1968	400	267	250	-17	10	99.09	99.09	99.09
juego3	easy	0.0	0.008	1977	400	267	250	-17	10	99.07	99.07	99.07
juego3	easy	0.0	0.008	1986	400	267	251	-16	10	99.03	99.03	99.03
juego3	easy	0.0	0.008	1994	400	267	251	-16	10	99.02	99.02	99.02
juego3	easy	0.0	0.008	0	400	267	251	-16	11	99.02	99.02	99.02
juego3	easy	90.0	0.008	11	400	162	251	89	11	99.02	99.02	99.02
juego3	easy	90.0	0.008	18	400	162	251	89	11	99.0	99.0	99.0
juego3	easy	90.0	0.008	27	400	162	251	89	11	98.97	98.97	98.97
juego3	easy	90.0	0.008	36	400	162	251	89	11	98.92	98.92	98.92
juego3	easy	90.0	0.008	44	400	162	251	89	11	98.88	98.88	98.88
juego3	easy	90.0	0.008	53	400	162	251	89	11	98.82	98.82	98.82
juego3	easy	90.0	0.008	62	400	162	251	89	11	98.76	98.76	98.76
juego3	easy	90.0	0.008	71	400	162	252	90	11	98.68	98.68	98.68
juego3	easy	90.0	0.008	80	400	162	252	90	11	98.61	98.61	98.61
juego3	easy	90.0	0.008	89	400	162	252	90	11	98.58	98.58	98.58
juego3	easy	90.0	0.008	97	400	162	252	90	11	98.55	98.55	98.55
juego3	easy	90.0	0.008	106	400	162	252	90	11	98.53	98.53	98.53
juego3	easy	90.0	0.008	115	400	162	252	90	11	98.52	98.52	98.52
juego3	easy	90.0	0.008	124	400	162	252	90	11	98.5	98.5	98.5
juego3	easy	90.0	0.008	134	400	162	252	90	11	98.44	98.44	98.44
juego3	easy	90.0	0.008	142	400	162	253	91	11	98.37	98.37	98.37
juego3	easy	90.0	0.008	151	400	162	253	91	11	98.31	98.31	98.31
juego3	easy	90.0	0.008	159	400	162	253	91	11	98.27	98.27	98.27
juego3	easy	90.0	0.008	168	400	162	253	91	11	98.23	98.23	98.23
juego3	easy	90.0	0.008	177	400	162	253	91	11	98.2	98.2	98.2
juego3	easy	90.0	0.008	186	400	162	253	91	11	98.19	98.19	98.19
juego3	easy	90.0	0.008	196	400	162	253	91	11	98.19	98.19	98.19
juego3	easy	90.0	0.008	203	400	162	253	91	11	98.18	98.18	98.18
juego3	easy	90.0	0.008	212	400	162	253	91	11	98.17	98.17	98.17
juego3	easy	90.0	0.008	221	400	162	253	91	11	98.14	98.14	98.14
juego3	easy	90.0	0.008	230	400	162	253	91	11	98.12	98.12	98.12
juego3	easy	90.0	0.008	239	400	162	254	92	11	98.11	98.11	98.11
juego3	easy	90.0	0.008	248	400	162	254	92	11	98.11	98.11	98.11
juego3	easy	90.0	0.008	256	400	162	253	91	11	98.12	98.12	98.12
juego3	easy	90.0	0.008	265	400	162	253	91	11	98.13	98.13	98.13
juego3	easy	90.0	0.008	273	400	162	253	91	11	98.15	98.15	98.15
juego3	easy	90.0	0.008	292	400	162	253	91	11	98.17	98.17	98.17
